ISO-10303-21;
HEADER;
FILE_DESCRIPTION (( 'STEP AP214' ),
    '1' );
FILE_NAME ('OV9734-H16A.STEP',
    '2021-05-01T19:30:06',
    ( '' ),
    ( '' ),
    'SwSTEP 2.0',
    'SolidWorks 2017',
    '' );
FILE_SCHEMA (( 'AUTOMOTIVE_DESIGN' ));
ENDSEC;

DATA;
#1 =( LENGTH_UNIT ( ) NAMED_UNIT ( * ) SI_UNIT ( .MICRO., .METRE. ) );
#2 = VECTOR ( 'NONE', #702, 1000000.000000000000 ) ;
#3 = VERTEX_POINT ( 'NONE', #1427 ) ;
#4 = DIRECTION ( 'NONE',  ( 0.0000000000000000000, 1.000000000000000000, -0.0000000000000000000 ) ) ;
#5 = VECTOR ( 'NONE', #807, 1000000.000000000000 ) ;
#6 = PRODUCT_CONTEXT ( 'NONE', #618, 'mechanical' ) ;
#7 = STYLED_ITEM ( 'NONE', ( #187 ), #1632 ) ;
#8 = DIRECTION ( 'NONE',  ( 0.0000000000000000000, 1.000000000000000000, 0.0000000000000000000 ) ) ;
#9 = DIRECTION ( 'NONE',  ( 0.0000000000000000000, 1.000000000000000000, 0.0000000000000000000 ) ) ;
#10 = AXIS2_PLACEMENT_3D ( 'NONE', #1629, #604, #2284 ) ;
#11 = DIRECTION ( 'NONE',  ( 0.0000000000000000000, 0.0000000000000000000, -1.000000000000000000 ) ) ;
#12 = CLOSED_SHELL ( 'NONE', ( #497, #1080, #25 ) ) ;
#13 = CARTESIAN_POINT ( 'NONE',  ( 962.4999999999930700, 110.0000000000000000, 262.4999999999998300 ) ) ;
#14 = STYLED_ITEM ( 'NONE', ( #1348 ), #424 ) ;
#15 = CARTESIAN_POINT ( 'NONE',  ( 966.0000000000002300, 800.0000000000000000, -611.0000000000001100 ) ) ;
#16 = VERTEX_POINT ( 'NONE', #2038 ) ;
#17 = EDGE_LOOP ( 'NONE', ( #1936, #1679, #918, #1403 ) ) ;
#18 = ORIENTED_EDGE ( 'NONE', *, *, #2260, .F. ) ;
#19 = FILL_AREA_STYLE_COLOUR ( '', #1978 ) ;
#20 = CIRCLE ( 'NONE', #1751, 109.9999999999999600 ) ;
#21 = EDGE_CURVE ( 'NONE', #2448, #1839, #968, .T. ) ;
#22 = LINE ( 'NONE', #773, #2201 ) ;
#23 = FACE_BOUND ( 'NONE', #149, .T. ) ;
#24 = CARTESIAN_POINT ( 'NONE',  ( 687.4999999999940900, 110.0000000000000000, 567.4999999999998900 ) ) ;
#25 = ADVANCED_FACE ( 'NONE', ( #1957 ), #1614, .F. ) ;
#26 = LINE ( 'NONE', #1297, #2173 ) ;
#27 = MECHANICAL_DESIGN_GEOMETRIC_PRESENTATION_REPRESENTATION (  '', ( #2119 ), #1559 ) ;
#28 = CARTESIAN_POINT ( 'NONE',  ( -1265.999999999999800, 800.0000000000000000, 860.9999999999998900 ) ) ;
#29 = AXIS2_PLACEMENT_3D ( 'NONE', #2100, #1480, #1647 ) ;
#30 = DIRECTION ( 'NONE',  ( -1.224646799147353200E-016, -1.000000000000000000, -0.0000000000000000000 ) ) ;
#31 = LINE ( 'NONE', #277, #287 ) ;
#32 = CIRCLE ( 'NONE', #401, 97.97958971132706600 ) ;
#33 = FILL_AREA_STYLE ('',( #1883 ) ) ;
#34 = ADVANCED_FACE ( 'NONE', ( #2179 ), #775, .F. ) ;
#35 = DIRECTION ( 'NONE',  ( -0.0000000000000000000, -0.0000000000000000000, -1.000000000000000000 ) ) ;
#36 = CARTESIAN_POINT ( 'NONE',  ( -137.5000000000028400, 160.0000000000000000, 152.4999999999998600 ) ) ;
#37 = CARTESIAN_POINT ( 'NONE',  ( -1115.999999999999800, 750.0000000000002300, 710.9999999999998900 ) ) ;
#38 = ADVANCED_FACE ( 'NONE', ( #678 ), #2653, .F. ) ;
#39 = ORIENTED_EDGE ( 'NONE', *, *, #987, .F. ) ;
#40 = FACE_OUTER_BOUND ( 'NONE', #921, .T. ) ;
#41 = ORIENTED_EDGE ( 'NONE', *, *, #1096, .T. ) ;
#42 = STYLED_ITEM ( 'NONE', ( #859 ), #1996 ) ;
#43 = DIRECTION ( 'NONE',  ( 0.0000000000000000000, 1.000000000000000000, 0.0000000000000000000 ) ) ;
#44 = LINE ( 'NONE', #1819, #1598 ) ;
#45 = EDGE_LOOP ( 'NONE', ( #536, #1740 ) ) ;
#46 = DIRECTION ( 'NONE',  ( -1.000000000000000000, 0.0000000000000000000, 0.0000000000000000000 ) ) ;
#47 = VERTEX_POINT ( 'NONE', #576 ) ;
#48 =( NAMED_UNIT ( * ) PLANE_ANGLE_UNIT ( ) SI_UNIT ( $, .RADIAN. ) );
#49 = ORIENTED_EDGE ( 'NONE', *, *, #2162, .F. ) ;
#50 = ORIENTED_EDGE ( 'NONE', *, *, #56, .F. ) ;
#51 = DIRECTION ( 'NONE',  ( -1.000000000000000000, 0.0000000000000000000, -0.0000000000000000000 ) ) ;
#52 = EDGE_LOOP ( 'NONE', ( #1844, #208 ) ) ;
#53 = ADVANCED_FACE ( 'NONE', ( #1631, #2091 ), #2319, .T. ) ;
#54 = DIRECTION ( 'NONE',  ( -4.045530494348897600E-016, 0.0000000000000000000, -1.000000000000000000 ) ) ;
#55 = ORIENTED_EDGE ( 'NONE', *, *, #404, .F. ) ;
#56 = EDGE_CURVE ( 'NONE', #1998, #407, #2021, .T. ) ;
#57 = VECTOR ( 'NONE', #1326, 1000000.000000000000 ) ;
#58 = SPHERICAL_SURFACE ( 'NONE', #1081, 109.9999999999999600 ) ;
#59 = ADVANCED_FACE ( 'NONE', ( #2688 ), #2677, .T. ) ;
#60 = SPHERICAL_SURFACE ( 'NONE', #1036, 109.9999999999999600 ) ;
#61 = ORIENTED_EDGE ( 'NONE', *, *, #1302, .T. ) ;
#62 = COLOUR_RGB ( '',0.0000000000000000000, 0.5019607843137254800, 0.0000000000000000000 ) ;
#63 = FACE_OUTER_BOUND ( 'NONE', #1571, .T. ) ;
#64 = AXIS2_PLACEMENT_3D ( 'NONE', #272, #1084, #1287 ) ;
#65 = DIRECTION ( 'NONE',  ( 0.0000000000000000000, 1.000000000000000000, 0.0000000000000000000 ) ) ;
#66 = MANIFOLD_SOLID_BREP ( 'Frame', #2453 ) ;
#67 = DIRECTION ( 'NONE',  ( 0.0000000000000000000, 0.0000000000000000000, 1.000000000000000000 ) ) ;
#68 = EDGE_CURVE ( 'NONE', #2458, #498, #839, .T. ) ;
#69 = STYLED_ITEM ( 'NONE', ( #1132 ), #1231 ) ;
#70 = ADVANCED_FACE ( 'NONE', ( #134 ), #2017, .F. ) ;
#71 = PRESENTATION_LAYER_ASSIGNMENT (  '', '', ( #2388 ) ) ;
#72 = DIRECTION ( 'NONE',  ( 0.0000000000000000000, 1.000000000000000000, 0.0000000000000000000 ) ) ;
#73 = ADVANCED_FACE ( 'NONE', ( #1669, #1041 ), #2444, .T. ) ;
#74 = CARTESIAN_POINT ( 'NONE',  ( 687.4999999999940900, 110.0000000000000000, -152.5000000000002800 ) ) ;
#75 = LINE ( 'NONE', #1652, #2214 ) ;
#76 = ORIENTED_EDGE ( 'NONE', *, *, #1560, .F. ) ;
#77 = CIRCLE ( 'NONE', #235, 109.9999999999999600 ) ;
#78 = PLANE ( 'NONE',  #286 ) ;
#79 = ORIENTED_EDGE ( 'NONE', *, *, #1211, .T. ) ;
#80 = EDGE_CURVE ( 'NONE', #1542, #436, #1501, .T. ) ;
#81 = FILL_AREA_STYLE ('',( #1951 ) ) ;
#82 = EDGE_CURVE ( 'NONE', #498, #2494, #262, .T. ) ;
#83 = VERTEX_POINT ( 'NONE', #2492 ) ;
#84 = CARTESIAN_POINT ( 'NONE',  ( 1266.000000000000200, 308.9999999999998300, 860.9999999999998900 ) ) ;
#85 = DIRECTION ( 'NONE',  ( 2.022765247174448800E-016, 0.0000000000000000000, 1.000000000000000000 ) ) ;
#86 = VERTEX_POINT ( 'NONE', #2481 ) ;
#87 = ADVANCED_FACE ( 'NONE', ( #2056 ), #1046, .F. ) ;
#88 = ORIENTED_EDGE ( 'NONE', *, *, #2206, .F. ) ;
#89 = ORIENTED_EDGE ( 'NONE', *, *, #1523, .F. ) ;
#90 = ORIENTED_EDGE ( 'NONE', *, *, #2082, .T. ) ;
#91 = CARTESIAN_POINT ( 'NONE',  ( 687.4999999999940900, 110.0000000000000000, 457.4999999999998900 ) ) ;
#92 = FACE_OUTER_BOUND ( 'NONE', #329, .T. ) ;
#93 = CIRCLE ( 'NONE', #612, 109.9999999999999600 ) ;
#94 = DIRECTION ( 'NONE',  ( 0.0000000000000000000, 0.0000000000000000000, -1.000000000000000000 ) ) ;
#95 = CARTESIAN_POINT ( 'NONE',  ( -687.5000000000008000, 160.0000000000000000, -359.5204102886732500 ) ) ;
#96 = PRESENTATION_STYLE_ASSIGNMENT (( #1089 ) ) ;
#97 = SURFACE_STYLE_USAGE ( .BOTH. , #1387 ) ;
#98 = DIRECTION ( 'NONE',  ( 0.0000000000000000000, 0.0000000000000000000, 1.000000000000000000 ) ) ;
#99 = DIRECTION ( 'NONE',  ( -0.0000000000000000000, -1.000000000000000000, 0.0000000000000000000 ) ) ;
#100 =( NAMED_UNIT ( * ) SI_UNIT ( $, .STERADIAN. ) SOLID_ANGLE_UNIT ( ) );
#101 = CARTESIAN_POINT ( 'NONE',  ( -1015.999999999999800, 750.0000000000000000, -461.0000000000001700 ) ) ;
#102 = ORIENTED_EDGE ( 'NONE', *, *, #1328, .F. ) ;
#103 = AXIS2_PLACEMENT_3D ( 'NONE', #1344, #915, #94 ) ;
#104 = LINE ( 'NONE', #1212, #2022 ) ;
#105 = EDGE_CURVE ( 'NONE', #2626, #1694, #1986, .T. ) ;
#106 = ORIENTED_EDGE ( 'NONE', *, *, #350, .T. ) ;
#107 = VERTEX_POINT ( 'NONE', #1017 ) ;
#108 = EDGE_CURVE ( 'NONE', #2027, #498, #1923, .T. ) ;
#109 = CARTESIAN_POINT ( 'NONE',  ( 966.0000000000002300, 800.0000000000000000, 710.9999999999998900 ) ) ;
#110 = DIRECTION ( 'NONE',  ( 0.0000000000000000000, 1.000000000000000000, 0.0000000000000000000 ) ) ;
#111 = EDGE_CURVE ( 'NONE', #2461, #2147, #872, .T. ) ;
#112 = ORIENTED_EDGE ( 'NONE', *, *, #1832, .F. ) ;
#113 = VERTEX_POINT ( 'NONE', #1887 ) ;
#114 = ORIENTED_EDGE ( 'NONE', *, *, #162, .F. ) ;
#115 = EDGE_CURVE ( 'NONE', #301, #107, #2477, .T. ) ;
#116 = DIRECTION ( 'NONE',  ( -0.0000000000000000000, 1.000000000000000000, -0.0000000000000000000 ) ) ;
#117 = ORIENTED_EDGE ( 'NONE', *, *, #2116, .F. ) ;
#118 = SPHERICAL_SURFACE ( 'NONE', #2502, 109.9999999999999600 ) ;
#119 = CARTESIAN_POINT ( 'NONE',  ( 687.4999999999940900, 110.0000000000000000, -262.5000000000002300 ) ) ;
#120 = LINE ( 'NONE', #695, #1653 ) ;
#121 = CARTESIAN_POINT ( 'NONE',  ( 966.0000000000002300, 750.0000000000000000, -611.0000000000001100 ) ) ;
#122 = VECTOR ( 'NONE', #1985, 1000000.000000000000 ) ;
#123 = VECTOR ( 'NONE', #1217, 1000000.000000000000 ) ;
#124 = FACE_OUTER_BOUND ( 'NONE', #308, .T. ) ;
#125 = DIRECTION ( 'NONE',  ( -0.0000000000000000000, 1.000000000000000000, -0.0000000000000000000 ) ) ;
#126 = DIRECTION ( 'NONE',  ( -0.8191520442889885800, -0.5735764363510507100, -1.343610326798886000E-016 ) ) ;
#127 = DIRECTION ( 'NONE',  ( 0.0000000000000000000, 0.0000000000000000000, -1.000000000000000000 ) ) ;
#128 = AXIS2_PLACEMENT_3D ( 'NONE', #1079, #2136, #2368 ) ;
#129 = EDGE_CURVE ( 'NONE', #1256, #1677, #2551, .T. ) ;
#130 = CARTESIAN_POINT ( 'NONE',  ( -1115.999999999999800, 750.0000000000000000, -611.0000000000001100 ) ) ;
#131 = DIRECTION ( 'NONE',  ( 0.0000000000000000000, 0.0000000000000000000, -1.000000000000000000 ) ) ;
#132 = DIRECTION ( 'NONE',  ( -1.000000000000000000, 0.0000000000000000000, 0.0000000000000000000 ) ) ;
#133 = VECTOR ( 'NONE', #433, 1000000.000000000000 ) ;
#134 = FACE_OUTER_BOUND ( 'NONE', #1072, .T. ) ;
#135 = AXIS2_PLACEMENT_3D ( 'NONE', #1438, #577, #1020 ) ;
#136 = VERTEX_POINT ( 'NONE', #13 ) ;
#137 = CARTESIAN_POINT ( 'NONE',  ( -412.5000000000018200, 110.0000000000000000, -152.5000000000002800 ) ) ;
#138 = CARTESIAN_POINT ( 'NONE',  ( 816.0000000000001100, 750.0000000000002300, -461.0000000000001700 ) ) ;
#139 = ORIENTED_EDGE ( 'NONE', *, *, #2079, .F. ) ;
#140 = CARTESIAN_POINT ( 'NONE',  ( -1015.999999999999500, 800.0000000000000000, 610.9999999999998900 ) ) ;
#141 = UNCERTAINTY_MEASURE_WITH_UNIT (LENGTH_MEASURE( 1.000000000000000100E-005 ), #759, 'distance_accuracy_value', 'NONE');
#142 = CARTESIAN_POINT ( 'NONE',  ( -1015.999999999999800, 750.0000000000002300, -461.0000000000001700 ) ) ;
#143 = CARTESIAN_POINT ( 'NONE',  ( -1265.999999999999800, 800.0000000000000000, 860.9999999999998900 ) ) ;
#144 = VERTEX_POINT ( 'NONE', #2503 ) ;
#145 = CARTESIAN_POINT ( 'NONE',  ( 966.0000000000002300, 750.0000000000000000, -611.0000000000001100 ) ) ;
#146 = MECHANICAL_DESIGN_GEOMETRIC_PRESENTATION_REPRESENTATION (  '', ( #7 ), #1354 ) ;
#147 = EDGE_LOOP ( 'NONE', ( #2137, #2413, #2134, #1933 ) ) ;
#148 = ORIENTED_EDGE ( 'NONE', *, *, #1523, .T. ) ;
#149 = EDGE_LOOP ( 'NONE', ( #180, #1831, #1110, #643 ) ) ;
#150 = AXIS2_PLACEMENT_3D ( 'NONE', #1642, #818, #388 ) ;
#151 = CARTESIAN_POINT ( 'NONE',  ( -1265.999999999999800, 308.9999999999998300, 860.9999999999998900 ) ) ;
#152 = LINE ( 'NONE', #2612, #922 ) ;
#153 = DIRECTION ( 'NONE',  ( 0.0000000000000000000, 0.0000000000000000000, -1.000000000000000000 ) ) ;
#154 = MECHANICAL_DESIGN_GEOMETRIC_PRESENTATION_REPRESENTATION (  '', ( #1881 ), #480 ) ;
#155 = DIRECTION ( 'NONE',  ( 0.0000000000000000000, 1.000000000000000000, 0.0000000000000000000 ) ) ;
#156 = DIRECTION ( 'NONE',  ( -0.0000000000000000000, -1.000000000000000000, 0.0000000000000000000 ) ) ;
#157 = LINE ( 'NONE', #1188, #313 ) ;
#158 = PLANE ( 'NONE',  #315 ) ;
#159 = EDGE_CURVE ( 'NONE', #1364, #268, #806, .T. ) ;
#160 = DIRECTION ( 'NONE',  ( 1.000000000000000000, 0.0000000000000000000, -0.0000000000000000000 ) ) ;
#161 = DIRECTION ( 'NONE',  ( 0.0000000000000000000, 0.0000000000000000000, -1.000000000000000000 ) ) ;
#162 = EDGE_CURVE ( 'NONE', #1797, #1410, #1596, .T. ) ;
#163 = CARTESIAN_POINT ( 'NONE',  ( 1136.020753820971300, 260.0000000000000000, -731.0207538209712100 ) ) ;
#164 = ORIENTED_EDGE ( 'NONE', *, *, #894, .T. ) ;
#165 = LINE ( 'NONE', #573, #1471 ) ;
#166 = CARTESIAN_POINT ( 'NONE',  ( -137.5000000000028400, 160.0000000000000000, -457.5000000000003400 ) ) ;
#167 = ORIENTED_EDGE ( 'NONE', *, *, #816, .F. ) ;
#168 = FILL_AREA_STYLE_COLOUR ( '', #1068 ) ;
#169 = CARTESIAN_POINT ( 'NONE',  ( 962.4999999999930700, 110.0000000000000000, -347.5000000000003400 ) ) ;
#170 = LINE ( 'NONE', #779, #2183 ) ;
#171 = VERTEX_POINT ( 'NONE', #221 ) ;
#172 = DIRECTION ( 'NONE',  ( -4.045530494348897100E-016, -0.0000000000000000000, -1.000000000000000000 ) ) ;
#173 = DIRECTION ( 'NONE',  ( 1.000000000000000000, 0.0000000000000000000, -0.0000000000000000000 ) ) ;
#174 = ORIENTED_EDGE ( 'NONE', *, *, #1701, .T. ) ;
#175 = DIRECTION ( 'NONE',  ( -0.0000000000000000000, 0.0000000000000000000, 1.000000000000000000 ) ) ;
#176 = DIRECTION ( 'NONE',  ( 1.000000000000000000, 0.0000000000000000000, -0.0000000000000000000 ) ) ;
#177 = ORIENTED_EDGE ( 'NONE', *, *, #2260, .T. ) ;
#178 = ORIENTED_EDGE ( 'NONE', *, *, #2263, .F. ) ;
#179 = AXIS2_PLACEMENT_3D ( 'NONE', #1173, #2242, #2648 ) ;
#180 = ORIENTED_EDGE ( 'NONE', *, *, #704, .F. ) ;
#181 = CARTESIAN_POINT ( 'NONE',  ( 962.4999999999930700, 160.0000000000000000, 152.4999999999998600 ) ) ;
#182 = ORIENTED_EDGE ( 'NONE', *, *, #385, .T. ) ;
#183 = DIRECTION ( 'NONE',  ( 4.045530494348897600E-016, 0.0000000000000000000, 1.000000000000000000 ) ) ;
#184 = LINE ( 'NONE', #376, #2005 ) ;
#185 = FACE_OUTER_BOUND ( 'NONE', #1140, .T. ) ;
#186 = DIRECTION ( 'NONE',  ( -0.0000000000000000000, -1.000000000000000000, 0.0000000000000000000 ) ) ;
#187 = PRESENTATION_STYLE_ASSIGNMENT (( #2175 ) ) ;
#188 = CIRCLE ( 'NONE', #2493, 97.97958971132708000 ) ;
#189 = CARTESIAN_POINT ( 'NONE',  ( 1924.999999999993000, 160.0000000000000000, -915.0000000000002300 ) ) ;
#190 = DIRECTION ( 'NONE',  ( 0.0000000000000000000, 0.0000000000000000000, -1.000000000000000000 ) ) ;
#191 = CARTESIAN_POINT ( 'NONE',  ( 1266.000000000000200, -2753.075766534852400, 860.9999999999998900 ) ) ;
#192 = ORIENTED_EDGE ( 'NONE', *, *, #2696, .T. ) ;
#193 = EDGE_CURVE ( 'NONE', #586, #407, #2153, .T. ) ;
#194 = CARTESIAN_POINT ( 'NONE',  ( 137.4999999999961300, 160.0000000000000000, -250.4795897113273500 ) ) ;
#195 = DIRECTION ( 'NONE',  ( -1.224646799147353200E-016, -1.000000000000000000, -0.0000000000000000000 ) ) ;
#196 = DIRECTION ( 'NONE',  ( 0.0000000000000000000, 1.000000000000000000, 0.0000000000000000000 ) ) ;
#197 = CARTESIAN_POINT ( 'NONE',  ( 0.0000000000000000000, 0.0000000000000000000, 0.0000000000000000000 ) ) ;
#198 = AXIS2_PLACEMENT_3D ( 'NONE', #189, #2083, #1852 ) ;
#199 = PLANE ( 'NONE',  #423 ) ;
#200 = ORIENTED_EDGE ( 'NONE', *, *, #491, .T. ) ;
#201 = VERTEX_POINT ( 'NONE', #1867 ) ;
#202 = DIRECTION ( 'NONE',  ( -1.000000000000000000, 0.0000000000000000000, 0.0000000000000000000 ) ) ;
#203 = ORIENTED_EDGE ( 'NONE', *, *, #2263, .T. ) ;
#204 = FILL_AREA_STYLE_COLOUR ( '', #1029 ) ;
#205 = ORIENTED_EDGE ( 'NONE', *, *, #987, .T. ) ;
#206 = EDGE_CURVE ( 'NONE', #2450, #950, #2500, .T. ) ;
#207 = VERTEX_POINT ( 'NONE', #2517 ) ;
#208 = ORIENTED_EDGE ( 'NONE', *, *, #1837, .T. ) ;
#209 = DIRECTION ( 'NONE',  ( -1.224646799147353200E-016, -1.000000000000000000, -0.0000000000000000000 ) ) ;
#210 = EDGE_LOOP ( 'NONE', ( #1870, #1181, #1275, #2363 ) ) ;
#211 = PRESENTATION_LAYER_ASSIGNMENT (  '', '', ( #2464 ) ) ;
#212 = DIRECTION ( 'NONE',  ( 0.0000000000000000000, 0.0000000000000000000, -1.000000000000000000 ) ) ;
#213 = EDGE_CURVE ( 'NONE', #1538, #2563, #993, .T. ) ;
#214 = FACE_OUTER_BOUND ( 'NONE', #2033, .T. ) ;
#215 = APPLICATION_CONTEXT ( 'automotive_design' ) ;
#216 = DIRECTION ( 'NONE',  ( 0.0000000000000000000, -0.0000000000000000000, 1.000000000000000000 ) ) ;
#217 = CARTESIAN_POINT ( 'NONE',  ( 966.0000000000002300, 750.0000000000000000, 710.9999999999998900 ) ) ;
#218 = PRESENTATION_STYLE_ASSIGNMENT (( #2299 ) ) ;
#219 =( NAMED_UNIT ( * ) PLANE_ANGLE_UNIT ( ) SI_UNIT ( $, .RADIAN. ) );
#220 = PRODUCT_RELATED_PRODUCT_CATEGORY ( 'part', '', ( #450 ) ) ;
#221 = CARTESIAN_POINT ( 'NONE',  ( 816.0000000000001100, 800.0000000000000000, -461.0000000000001700 ) ) ;
#222 = DIRECTION ( 'NONE',  ( 0.0000000000000000000, -1.000000000000000000, -0.0000000000000000000 ) ) ;
#223 =( LENGTH_UNIT ( ) NAMED_UNIT ( * ) SI_UNIT ( .MICRO., .METRE. ) );
#224 = SURFACE_SIDE_STYLE ('',( #1117 ) ) ;
#225 = ADVANCED_FACE ( 'NONE', ( #602 ), #2063, .T. ) ;
#226 = MANIFOLD_SOLID_BREP ( 'Pin C6', #522 ) ;
#227 =( NAMED_UNIT ( * ) PLANE_ANGLE_UNIT ( ) SI_UNIT ( $, .RADIAN. ) );
#228 = VECTOR ( 'NONE', #1437, 1000000.000000000000 ) ;
#229 = CARTESIAN_POINT ( 'NONE',  ( -1245.999999999999800, -2802.075766534852400, 840.9999999999998900 ) ) ;
#230 = FACE_OUTER_BOUND ( 'NONE', #1830, .T. ) ;
#231 = DIRECTION ( 'NONE',  ( 0.0000000000000000000, -1.000000000000000000, -0.0000000000000000000 ) ) ;
#232 = EDGE_LOOP ( 'NONE', ( #2372, #1314, #2300, #982 ) ) ;
#233 = SURFACE_STYLE_FILL_AREA ( #582 ) ;
#234 = ORIENTED_EDGE ( 'NONE', *, *, #927, .T. ) ;
#235 = AXIS2_PLACEMENT_3D ( 'NONE', #2410, #1599, #1570 ) ;
#236 = CLOSED_SHELL ( 'NONE', ( #2327, #1703, #871 ) ) ;
#237 = DIRECTION ( 'NONE',  ( -1.000000000000000000, 0.0000000000000000000, 0.0000000000000000000 ) ) ;
#238 = ADVANCED_FACE ( 'NONE', ( #2346 ), #1898, .F. ) ;
#239 = EDGE_CURVE ( 'NONE', #2622, #2159, #188, .T. ) ;
#240 = ORIENTED_EDGE ( 'NONE', *, *, #1930, .F. ) ;
#241 = EDGE_LOOP ( 'NONE', ( #819, #1931, #1284, #983 ) ) ;
#242 = CARTESIAN_POINT ( 'NONE',  ( 1066.000000000000000, 260.0000000000000000, 731.0207538209710900 ) ) ;
#243 = ORIENTED_EDGE ( 'NONE', *, *, #2681, .T. ) ;
#244 = CARTESIAN_POINT ( 'NONE',  ( 412.4999999999951100, 160.0000000000000000, 152.4999999999998600 ) ) ;
#245 = ADVANCED_FACE ( 'NONE', ( #1780 ), #60, .T. ) ;
#246 = ORIENTED_EDGE ( 'NONE', *, *, #2122, .T. ) ;
#247 = EDGE_CURVE ( 'NONE', #645, #943, #382, .T. ) ;
#248 = FACE_BOUND ( 'NONE', #1083, .T. ) ;
#249 = VECTOR ( 'NONE', #2287, 1000000.000000000000 ) ;
#250 = CARTESIAN_POINT ( 'NONE',  ( -1115.999999999999500, 750.0000000000000000, 710.9999999999998900 ) ) ;
#251 = SPHERICAL_SURFACE ( 'NONE', #2297, 109.9999999999999600 ) ;
#252 = AXIS2_PLACEMENT_3D ( 'NONE', #2651, #974, #1189 ) ;
#253 = VECTOR ( 'NONE', #966, 1000000.000000000000 ) ;
#254 = EDGE_CURVE ( 'NONE', #1698, #2131, #1092, .T. ) ;
#255 = LINE ( 'NONE', #1160, #833 ) ;
#256 = DIRECTION ( 'NONE',  ( 0.0000000000000000000, 1.000000000000000000, 0.0000000000000000000 ) ) ;
#257 = EDGE_CURVE ( 'NONE', #1406, #1766, #1581, .T. ) ;
#258 = ADVANCED_FACE ( 'NONE', ( #1525 ), #662, .T. ) ;
#259 = DIRECTION ( 'NONE',  ( 0.0000000000000000000, 0.0000000000000000000, -1.000000000000000000 ) ) ;
#260 = CARTESIAN_POINT ( 'NONE',  ( -1245.999999999999800, -2753.075766534852400, 840.9999999999998900 ) ) ;
#261 = MANIFOLD_SOLID_BREP ( 'Pin C8', #2326 ) ;
#262 = LINE ( 'NONE', #2092, #1003 ) ;
#263 = LINE ( 'NONE', #2290, #2181 ) ;
#264 = ORIENTED_EDGE ( 'NONE', *, *, #2701, .F. ) ;
#265 =( LENGTH_UNIT ( ) NAMED_UNIT ( * ) SI_UNIT ( .MICRO., .METRE. ) );
#266 = LINE ( 'NONE', #1579, #2482 ) ;
#267 = EDGE_CURVE ( 'NONE', #1942, #2140, #1352, .T. ) ;
#268 = VERTEX_POINT ( 'NONE', #1688 ) ;
#269 = ADVANCED_FACE ( 'NONE', ( #1848 ), #2544, .T. ) ;
#270 = DIRECTION ( 'NONE',  ( 0.0000000000000000000, 0.0000000000000000000, -1.000000000000000000 ) ) ;
#271 = ORIENTED_EDGE ( 'NONE', *, *, #795, .F. ) ;
#272 = CARTESIAN_POINT ( 'NONE',  ( -962.4999999999997700, 110.0000000000000000, -152.5000000000002800 ) ) ;
#273 = ADVANCED_FACE ( 'NONE', ( #1323 ), #2552, .F. ) ;
#274 = VERTEX_POINT ( 'NONE', #2130 ) ;
#275 = ORIENTED_EDGE ( 'NONE', *, *, #2701, .T. ) ;
#276 =( GEOMETRIC_REPRESENTATION_CONTEXT ( 3 ) GLOBAL_UNCERTAINTY_ASSIGNED_CONTEXT ( ( #1686 ) ) GLOBAL_UNIT_ASSIGNED_CONTEXT ( ( #1063, #2533, #1448 ) ) REPRESENTATION_CONTEXT ( 'NONE', 'WORKASPACE' ) );
#277 = CARTESIAN_POINT ( 'NONE',  ( 738.7404203838343600, -307.3751163160819100, 333.7404203838339600 ) ) ;
#278 = ORIENTED_EDGE ( 'NONE', *, *, #2686, .T. ) ;
#279 = ORIENTED_EDGE ( 'NONE', *, *, #1693, .F. ) ;
#280 = SURFACE_STYLE_FILL_AREA ( #426 ) ;
#281 = DIRECTION ( 'NONE',  ( 0.0000000000000000000, -1.000000000000000000, 0.0000000000000000000 ) ) ;
#282 = FACE_BOUND ( 'NONE', #720, .T. ) ;
#283 = CARTESIAN_POINT ( 'NONE',  ( -1015.999999999999800, 750.0000000000000000, -461.0000000000001700 ) ) ;
#284 = CARTESIAN_POINT ( 'NONE',  ( -1245.999999999999800, 800.0000000000000000, 840.9999999999998900 ) ) ;
#285 = ADVANCED_FACE ( 'NONE', ( #2605 ), #1739, .F. ) ;
#286 = AXIS2_PLACEMENT_3D ( 'NONE', #477, #458, #85 ) ;
#287 = VECTOR ( 'NONE', #1515, 1000000.000000000000 ) ;
#288 = DIRECTION ( 'NONE',  ( 0.0000000000000000000, 0.0000000000000000000, 1.000000000000000000 ) ) ;
#289 = AXIS2_PLACEMENT_3D ( 'NONE', #2149, #686, #895 ) ;
#290 = CARTESIAN_POINT ( 'NONE',  ( 687.4999999999940900, 110.0000000000000000, -152.5000000000002800 ) ) ;
#291 = MECHANICAL_DESIGN_GEOMETRIC_PRESENTATION_REPRESENTATION (  '', ( #14 ), #510 ) ;
#292 = VECTOR ( 'NONE', #1815, 1000000.000000000000 ) ;
#293 = CARTESIAN_POINT ( 'NONE',  ( 962.4999999999930700, 160.0000000000000000, 250.4795897113269200 ) ) ;
#294 = DIRECTION ( 'NONE',  ( 1.000000000000000000, 0.0000000000000000000, 0.0000000000000000000 ) ) ;
#295 = EDGE_CURVE ( 'NONE', #1255, #2303, #2203, .T. ) ;
#296 = ORIENTED_EDGE ( 'NONE', *, *, #2364, .F. ) ;
#297 = ORIENTED_EDGE ( 'NONE', *, *, #1124, .F. ) ;
#298 = AXIS2_PLACEMENT_3D ( 'NONE', #549, #1821, #1601 ) ;
#299 = EDGE_CURVE ( 'NONE', #1765, #1903, #760, .T. ) ;
#300 = ORIENTED_EDGE ( 'NONE', *, *, #350, .F. ) ;
#301 = VERTEX_POINT ( 'NONE', #2654 ) ;
#302 = PLANE ( 'NONE',  #2016 ) ;
#303 = CARTESIAN_POINT ( 'NONE',  ( -687.5000000000008000, 160.0000000000000000, 250.4795897113269200 ) ) ;
#304 = ORIENTED_EDGE ( 'NONE', *, *, #491, .F. ) ;
#305 = VERTEX_POINT ( 'NONE', #1909 ) ;
#306 = EDGE_LOOP ( 'NONE', ( #370, #1967 ) ) ;
#307 = FACE_OUTER_BOUND ( 'NONE', #2383, .T. ) ;
#308 = EDGE_LOOP ( 'NONE', ( #1374, #1708 ) ) ;
#309 = VECTOR ( 'NONE', #1894, 1000000.000000000000 ) ;
#310 = LINE ( 'NONE', #906, #2710 ) ;
#311 = VECTOR ( 'NONE', #1882, 1000000.000000000000 ) ;
#312 =( NAMED_UNIT ( * ) PLANE_ANGLE_UNIT ( ) SI_UNIT ( $, .RADIAN. ) );
#313 = VECTOR ( 'NONE', #2671, 1000000.000000000000 ) ;
#314 = PLANE ( 'NONE',  #579 ) ;
#315 = AXIS2_PLACEMENT_3D ( 'NONE', #2412, #2627, #2006 ) ;
#316 = PRESENTATION_STYLE_ASSIGNMENT (( #1360 ) ) ;
#317 = DIRECTION ( 'NONE',  ( -1.224646799147353200E-016, -1.000000000000000000, -0.0000000000000000000 ) ) ;
#318 = EDGE_LOOP ( 'NONE', ( #1176, #1907, #1509, #1178 ) ) ;
#319 = CARTESIAN_POINT ( 'NONE',  ( -1136.020753820970600, 260.0000000000000000, 731.0207538209706400 ) ) ;
#320 = SURFACE_STYLE_FILL_AREA ( #2012 ) ;
#321 = EDGE_CURVE ( 'NONE', #1230, #2304, #1655, .T. ) ;
#322 = ORIENTED_EDGE ( 'NONE', *, *, #675, .F. ) ;
#323 = FACE_OUTER_BOUND ( 'NONE', #617, .T. ) ;
#324 = PLANE ( 'NONE',  #298 ) ;
#325 = ORIENTED_EDGE ( 'NONE', *, *, #2071, .F. ) ;
#326 =( LENGTH_UNIT ( ) NAMED_UNIT ( * ) SI_UNIT ( .MICRO., .METRE. ) );
#327 = ORIENTED_EDGE ( 'NONE', *, *, #2369, .T. ) ;
#328 = CARTESIAN_POINT ( 'NONE',  ( -412.5000000000018200, 160.0000000000000000, 457.4999999999998900 ) ) ;
#329 = EDGE_LOOP ( 'NONE', ( #278, #1142, #470, #1904 ) ) ;
#330 = EDGE_LOOP ( 'NONE', ( #1941, #1971, #1676, #2525 ) ) ;
#331 = VERTEX_POINT ( 'NONE', #1395 ) ;
#332 = DIRECTION ( 'NONE',  ( 0.0000000000000000000, 0.0000000000000000000, -1.000000000000000000 ) ) ;
#333 = CARTESIAN_POINT ( 'NONE',  ( -962.4999999999997700, 110.0000000000000000, 457.4999999999998900 ) ) ;
#334 = VERTEX_POINT ( 'NONE', #1615 ) ;
#335 = EDGE_LOOP ( 'NONE', ( #631, #1959 ) ) ;
#336 = CARTESIAN_POINT ( 'NONE',  ( -1265.999999999999800, 308.9999999999998300, 861.0000000000001100 ) ) ;
#337 = VECTOR ( 'NONE', #812, 1000000.000000000000 ) ;
#338 = DIRECTION ( 'NONE',  ( 0.0000000000000000000, 0.0000000000000000000, -1.000000000000000000 ) ) ;
#339 = AXIS2_PLACEMENT_3D ( 'NONE', #333, #1358, #132 ) ;
#340 = LINE ( 'NONE', #2716, #2554 ) ;
#341 = LINE ( 'NONE', #1107, #1383 ) ;
#342 = VECTOR ( 'NONE', #196, 1000000.000000000000 ) ;
#343 = FILL_AREA_STYLE ('',( #965 ) ) ;
#344 = EDGE_CURVE ( 'NONE', #360, #1086, #2633, .T. ) ;
#345 = CARTESIAN_POINT ( 'NONE',  ( -1065.999999999999800, 160.0000000000010200, 660.9999999999994300 ) ) ;
#346 = DIRECTION ( 'NONE',  ( -0.0000000000000000000, -1.000000000000000000, 0.0000000000000000000 ) ) ;
#347 = DIRECTION ( 'NONE',  ( 0.0000000000000000000, 0.0000000000000000000, -1.000000000000000000 ) ) ;
#348 = FILL_AREA_STYLE ('',( #1989 ) ) ;
#349 = AXIS2_PLACEMENT_3D ( 'NONE', #1787, #489, #1716 ) ;
#350 = EDGE_CURVE ( 'NONE', #1170, #375, #1026, .T. ) ;
#351 = DIRECTION ( 'NONE',  ( 0.0000000000000000000, -1.000000000000000000, 0.0000000000000000000 ) ) ;
#352 = DIRECTION ( 'NONE',  ( 0.0000000000000000000, -1.000000000000000000, -0.0000000000000000000 ) ) ;
#353 = CARTESIAN_POINT ( 'NONE',  ( 137.4999999999961300, 160.0000000000000000, 457.4999999999998900 ) ) ;
#354 = DIRECTION ( 'NONE',  ( -1.000000000000000000, 0.0000000000000000000, 0.0000000000000000000 ) ) ;
#355 = PRODUCT_DEFINITION_CONTEXT ( 'detailed design', #215, 'design' ) ;
#356 = DIRECTION ( 'NONE',  ( -1.000000000000000000, 0.0000000000000000000, 0.0000000000000000000 ) ) ;
#357 = AXIS2_PLACEMENT_3D ( 'NONE', #181, #1604, #1199 ) ;
#358 = LINE ( 'NONE', #2485, #490 ) ;
#359 = DIRECTION ( 'NONE',  ( -1.000000000000000000, 0.0000000000000000000, 0.0000000000000000000 ) ) ;
#360 = VERTEX_POINT ( 'NONE', #1587 ) ;
#361 = DIRECTION ( 'NONE',  ( 2.022765247174449000E-016, 0.0000000000000000000, 1.000000000000000000 ) ) ;
#362 = ORIENTED_EDGE ( 'NONE', *, *, #2206, .T. ) ;
#363 = UNCERTAINTY_MEASURE_WITH_UNIT (LENGTH_MEASURE( 1.000000000000000100E-005 ), #1265, 'distance_accuracy_value', 'NONE');
#364 = CARTESIAN_POINT ( 'NONE',  ( 687.4999999999940900, 160.0000000000000000, -250.4795897113273500 ) ) ;
#365 = ORIENTED_EDGE ( 'NONE', *, *, #848, .T. ) ;
#366 = DIRECTION ( 'NONE',  ( 0.0000000000000000000, 0.0000000000000000000, -1.000000000000000000 ) ) ;
#367 = CLOSED_SHELL ( 'NONE', ( #2585, #73, #87 ) ) ;
#368 = DIRECTION ( 'NONE',  ( -1.666278472821882600E-016, -0.5735764363510513800, 0.8191520442889882500 ) ) ;
#369 = CARTESIAN_POINT ( 'NONE',  ( -1065.999999999999500, 160.0000000000010200, -661.0000000000002300 ) ) ;
#370 = ORIENTED_EDGE ( 'NONE', *, *, #254, .F. ) ;
#371 = VERTEX_POINT ( 'NONE', #1416 ) ;
#372 = PRESENTATION_STYLE_ASSIGNMENT (( #658 ) ) ;
#373 = CARTESIAN_POINT ( 'NONE',  ( 412.4999999999951100, 110.0000000000000000, -457.5000000000003400 ) ) ;
#374 = ORIENTED_EDGE ( 'NONE', *, *, #937, .F. ) ;
#375 = VERTEX_POINT ( 'NONE', #1180 ) ;
#376 = CARTESIAN_POINT ( 'NONE',  ( -1065.999999999999500, 260.0000000000000000, -731.0207538209713200 ) ) ;
#377 = CIRCLE ( 'NONE', #1126, 109.9999999999999600 ) ;
#378 =( NAMED_UNIT ( * ) SI_UNIT ( $, .STERADIAN. ) SOLID_ANGLE_UNIT ( ) );
#379 = SURFACE_STYLE_FILL_AREA ( #33 ) ;
#380 = DIRECTION ( 'NONE',  ( 2.022765247174448500E-016, 0.0000000000000000000, 1.000000000000000000 ) ) ;
#381 = EDGE_CURVE ( 'NONE', #2072, #912, #1290, .T. ) ;
#382 = LINE ( 'NONE', #1695, #1877 ) ;
#383 = DIRECTION ( 'NONE',  ( -1.000000000000000000, 0.0000000000000000000, 0.0000000000000000000 ) ) ;
#384 = VECTOR ( 'NONE', #575, 1000000.000000000000 ) ;
#385 = EDGE_CURVE ( 'NONE', #881, #1086, #1426, .T. ) ;
#386 = AXIS2_PLACEMENT_3D ( 'NONE', #1241, #2720, #2479 ) ;
#387 = EDGE_CURVE ( 'NONE', #407, #305, #2673, .T. ) ;
#388 = DIRECTION ( 'NONE',  ( 1.000000000000000000, -1.232047923278982700E-016, 0.0000000000000000000 ) ) ;
#389 = EDGE_CURVE ( 'NONE', #144, #268, #1980, .T. ) ;
#390 = VECTOR ( 'NONE', #2509, 1000000.000000000000 ) ;
#391 = FACE_OUTER_BOUND ( 'NONE', #147, .T. ) ;
#392 = DIRECTION ( 'NONE',  ( -0.0000000000000000000, -1.000000000000000000, 0.0000000000000000000 ) ) ;
#393 = ORIENTED_EDGE ( 'NONE', *, *, #512, .T. ) ;
#394 = COLOUR_RGB ( '',0.7921568627450980000, 0.8196078431372548800, 0.9333333333333333500 ) ;
#395 = CLOSED_SHELL ( 'NONE', ( #473, #867, #1914 ) ) ;
#396 = DIRECTION ( 'NONE',  ( 0.0000000000000000000, 0.0000000000000000000, 1.000000000000000000 ) ) ;
#397 = EDGE_LOOP ( 'NONE', ( #1311, #2323, #2593, #200 ) ) ;
#398 = CARTESIAN_POINT ( 'NONE',  ( 1246.000000000000200, -2753.075766534852400, -841.0000000000001100 ) ) ;
#399 = ORIENTED_EDGE ( 'NONE', *, *, #105, .T. ) ;
#400 = ORIENTED_EDGE ( 'NONE', *, *, #381, .T. ) ;
#401 = AXIS2_PLACEMENT_3D ( 'NONE', #1576, #2614, #1783 ) ;
#402 = DIRECTION ( 'NONE',  ( 0.0000000000000000000, 1.000000000000000000, 0.0000000000000000000 ) ) ;
#403 = EDGE_LOOP ( 'NONE', ( #362, #1076, #1414, #919 ) ) ;
#404 = EDGE_CURVE ( 'NONE', #2556, #879, #2602, .T. ) ;
#405 = DIRECTION ( 'NONE',  ( -1.224646799147353200E-016, -1.000000000000000000, -0.0000000000000000000 ) ) ;
#406 = ORIENTED_EDGE ( 'NONE', *, *, #1511, .F. ) ;
#407 = VERTEX_POINT ( 'NONE', #336 ) ;
#408 = CIRCLE ( 'NONE', #518, 109.9999999999999600 ) ;
#409 = CIRCLE ( 'NONE', #1826, 109.9999999999999600 ) ;
#410 = FACE_BOUND ( 'NONE', #45, .T. ) ;
#411 = SURFACE_STYLE_FILL_AREA ( #1498 ) ;
#412 = CARTESIAN_POINT ( 'NONE',  ( 412.4999999999951100, 110.0000000000000000, 152.4999999999998600 ) ) ;
#413 = LINE ( 'NONE', #1460, #2536 ) ;
#414 = DIRECTION ( 'NONE',  ( -1.000000000000000000, 0.0000000000000000000, 0.0000000000000000000 ) ) ;
#415 = PLANE ( 'NONE',  #1070 ) ;
#416 = DIRECTION ( 'NONE',  ( -1.000000000000000000, -0.0000000000000000000, -0.0000000000000000000 ) ) ;
#417 = PLANE ( 'NONE',  #2177 ) ;
#418 = APPLICATION_PROTOCOL_DEFINITION ( 'draft international standard', 'automotive_design', 1998, #215 ) ;
#419 = AXIS2_PLACEMENT_3D ( 'NONE', #2157, #1756, #1977 ) ;
#420 = CARTESIAN_POINT ( 'NONE',  ( -1115.999999999999500, 800.0000000000000000, 710.9999999999998900 ) ) ;
#421 = VECTOR ( 'NONE', #767, 1000000.000000000000 ) ;
#422 = VECTOR ( 'NONE', #1202, 1000000.000000000000 ) ;
#423 = AXIS2_PLACEMENT_3D ( 'NONE', #1433, #857, #1248 ) ;
#424 = MANIFOLD_SOLID_BREP ( 'Pin D1', #1835 ) ;
#425 = VERTEX_POINT ( 'NONE', #169 ) ;
#426 = FILL_AREA_STYLE ('',( #1496 ) ) ;
#427 = CARTESIAN_POINT ( 'NONE',  ( -1265.999999999999800, 160.0000000000000000, 860.9999999999998900 ) ) ;
#428 = PRESENTATION_LAYER_ASSIGNMENT (  '', '', ( #1658 ) ) ;
#429 =( NAMED_UNIT ( * ) SI_UNIT ( $, .STERADIAN. ) SOLID_ANGLE_UNIT ( ) );
#430 = ORIENTED_EDGE ( 'NONE', *, *, #1085, .F. ) ;
#431 = CARTESIAN_POINT ( 'NONE',  ( -962.4999999999997700, 110.0000000000000000, -42.50000000000032700 ) ) ;
#432 = EDGE_LOOP ( 'NONE', ( #844, #1468, #1315, #1704 ) ) ;
#433 = DIRECTION ( 'NONE',  ( 1.000000000000000000, 0.0000000000000000000, 0.0000000000000000000 ) ) ;
#434 = EDGE_CURVE ( 'NONE', #436, #1542, #791, .T. ) ;
#435 = VERTEX_POINT ( 'NONE', #1824 ) ;
#436 = VERTEX_POINT ( 'NONE', #2215 ) ;
#437 = CARTESIAN_POINT ( 'NONE',  ( -1245.999999999999800, 308.9999999999998300, -841.0000000000001100 ) ) ;
#438 = ORIENTED_EDGE ( 'NONE', *, *, #321, .T. ) ;
#439 = AXIS2_PLACEMENT_3D ( 'NONE', #1401, #2640, #1382 ) ;
#440 = ORIENTED_EDGE ( 'NONE', *, *, #441, .F. ) ;
#441 = EDGE_CURVE ( 'NONE', #466, #586, #2199, .T. ) ;
#442 = FACE_OUTER_BOUND ( 'NONE', #2232, .T. ) ;
#443 = CARTESIAN_POINT ( 'NONE',  ( -1115.999999999999800, 750.0000000000000000, -611.0000000000001100 ) ) ;
#444 = DIRECTION ( 'NONE',  ( 4.045530494348898100E-016, 0.0000000000000000000, 1.000000000000000000 ) ) ;
#445 = VECTOR ( 'NONE', #652, 1000000.000000000000 ) ;
#446 = SPHERICAL_SURFACE ( 'NONE', #534, 109.9999999999999600 ) ;
#447 = FILL_AREA_STYLE ('',( #1261 ) ) ;
#448 = AXIS2_PLACEMENT_3D ( 'NONE', #1836, #1210, #356 ) ;
#449 = DIRECTION ( 'NONE',  ( 0.0000000000000000000, 1.000000000000000000, 0.0000000000000000000 ) ) ;
#450 = PRODUCT ( 'OV9734-H16A', 'OV9734-H16A', '', ( #6 ) ) ;
#451 = CARTESIAN_POINT ( 'NONE',  ( -1015.999999999999500, -1716.253839327979900, 610.9999999999998900 ) ) ;
#452 = AXIS2_PLACEMENT_3D ( 'NONE', #2250, #1804, #537 ) ;
#453 = ADVANCED_FACE ( 'NONE', ( #567, #23 ), #2246, .F. ) ;
#454 = DIRECTION ( 'NONE',  ( 0.0000000000000000000, 0.0000000000000000000, 1.000000000000000000 ) ) ;
#455 = LINE ( 'NONE', #1039, #1696 ) ;
#456 = ORIENTED_EDGE ( 'NONE', *, *, #254, .T. ) ;
#457 = FACE_BOUND ( 'NONE', #1610, .T. ) ;
#458 = DIRECTION ( 'NONE',  ( -1.000000000000000000, 0.0000000000000000000, 2.022765247174448800E-016 ) ) ;
#459 = VERTEX_POINT ( 'NONE', #570 ) ;
#460 = ADVANCED_FACE ( 'NONE', ( #1146, #1976 ), #2534, .T. ) ;
#461 = PLANE ( 'NONE',  #2315 ) ;
#462 =( NAMED_UNIT ( * ) PLANE_ANGLE_UNIT ( ) SI_UNIT ( $, .RADIAN. ) );
#463 = EDGE_CURVE ( 'NONE', #1378, #2448, #2276, .T. ) ;
#464 = UNCERTAINTY_MEASURE_WITH_UNIT (LENGTH_MEASURE( 1.000000000000000100E-005 ), #1192, 'distance_accuracy_value', 'NONE');
#465 = EDGE_LOOP ( 'NONE', ( #1474, #1709 ) ) ;
#466 = VERTEX_POINT ( 'NONE', #2474 ) ;
#467 = EDGE_LOOP ( 'NONE', ( #2553, #1019, #2099, #1372 ) ) ;
#468 = PLANE ( 'NONE',  #2577 ) ;
#469 = ADVANCED_FACE ( 'NONE', ( #185 ), #415, .T. ) ;
#470 = ORIENTED_EDGE ( 'NONE', *, *, #2645, .T. ) ;
#471 = VERTEX_POINT ( 'NONE', #1846 ) ;
#472 = FACE_BOUND ( 'NONE', #1307, .T. ) ;
#473 = ADVANCED_FACE ( 'NONE', ( #1286 ), #727, .T. ) ;
#474 = AXIS2_PLACEMENT_3D ( 'NONE', #2053, #596, #1633 ) ;
#475 = DIRECTION ( 'NONE',  ( 0.0000000000000000000, 0.0000000000000000000, -1.000000000000000000 ) ) ;
#476 = CIRCLE ( 'NONE', #801, 97.97958971132706600 ) ;
#477 = CARTESIAN_POINT ( 'NONE',  ( -1015.999999999999800, -1716.253839327979900, -461.0000000000001700 ) ) ;
#478 = AXIS2_PLACEMENT_3D ( 'NONE', #2104, #1485, #444 ) ;
#479 = ORIENTED_EDGE ( 'NONE', *, *, #1560, .T. ) ;
#480 =( GEOMETRIC_REPRESENTATION_CONTEXT ( 3 ) GLOBAL_UNCERTAINTY_ASSIGNED_CONTEXT ( ( #1591 ) ) GLOBAL_UNIT_ASSIGNED_CONTEXT ( ( #2572, #863, #1310 ) ) REPRESENTATION_CONTEXT ( 'NONE', 'WORKASPACE' ) );
#481 = CARTESIAN_POINT ( 'NONE',  ( -137.5000000000028400, 160.0000000000000000, 250.4795897113269200 ) ) ;
#482 = EDGE_CURVE ( 'NONE', #268, #2140, #2172, .T. ) ;
#483 = CARTESIAN_POINT ( 'NONE',  ( 966.0000000000002300, 800.0000000000000000, -611.0000000000001100 ) ) ;
#484 = DIRECTION ( 'NONE',  ( 1.000000000000000000, 0.0000000000000000000, -0.0000000000000000000 ) ) ;
#485 = EDGE_CURVE ( 'NONE', #943, #1280, #1187, .T. ) ;
#486 = ADVANCED_FACE ( 'NONE', ( #1578, #1715 ), #2086, .F. ) ;
#487 =( NAMED_UNIT ( * ) PLANE_ANGLE_UNIT ( ) SI_UNIT ( $, .RADIAN. ) );
#488 = ORIENTED_EDGE ( 'NONE', *, *, #2696, .F. ) ;
#489 = DIRECTION ( 'NONE',  ( 0.0000000000000000000, -1.000000000000000000, 0.0000000000000000000 ) ) ;
#490 = VECTOR ( 'NONE', #2497, 1000000.000000000000 ) ;
#491 = EDGE_CURVE ( 'NONE', #1419, #2424, #860, .T. ) ;
#492 = EDGE_LOOP ( 'NONE', ( #1111, #1866 ) ) ;
#493 =( NAMED_UNIT ( * ) SI_UNIT ( $, .STERADIAN. ) SOLID_ANGLE_UNIT ( ) );
#494 = ORIENTED_EDGE ( 'NONE', *, *, #1229, .T. ) ;
#495 = AXIS2_PLACEMENT_3D ( 'NONE', #2281, #2687, #2475 ) ;
#496 = ORIENTED_EDGE ( 'NONE', *, *, #115, .T. ) ;
#497 = ADVANCED_FACE ( 'NONE', ( #1025 ), #1777, .T. ) ;
#498 = VERTEX_POINT ( 'NONE', #651 ) ;
#499 = EDGE_LOOP ( 'NONE', ( #1541, #2103 ) ) ;
#500 = VERTEX_POINT ( 'NONE', #2333 ) ;
#501 = PLANE ( 'NONE',  #1402 ) ;
#502 = SURFACE_SIDE_STYLE ('',( #1749 ) ) ;
#503 = PLANE ( 'NONE',  #2066 ) ;
#504 = LINE ( 'NONE', #250, #1776 ) ;
#505 = CARTESIAN_POINT ( 'NONE',  ( -412.5000000000018200, 110.0000000000000000, -152.5000000000002800 ) ) ;
#506 = LINE ( 'NONE', #2382, #1492 ) ;
#507 = FACE_OUTER_BOUND ( 'NONE', #687, .T. ) ;
#508 = CARTESIAN_POINT ( 'NONE',  ( -1265.999999999999800, 260.0000000000000000, 860.9999999999998900 ) ) ;
#509 = STYLED_ITEM ( 'NONE', ( #2584 ), #903 ) ;
#510 =( GEOMETRIC_REPRESENTATION_CONTEXT ( 3 ) GLOBAL_UNCERTAINTY_ASSIGNED_CONTEXT ( ( #141 ) ) GLOBAL_UNIT_ASSIGNED_CONTEXT ( ( #759, #1191, #540 ) ) REPRESENTATION_CONTEXT ( 'NONE', 'WORKASPACE' ) );
#511 = EDGE_CURVE ( 'NONE', #1086, #1476, #599, .T. ) ;
#512 = EDGE_CURVE ( 'NONE', #715, #113, #120, .T. ) ;
#513 = CARTESIAN_POINT ( 'NONE',  ( 1246.000000000000200, 308.9999999999998300, -841.0000000000001100 ) ) ;
#514 = ORIENTED_EDGE ( 'NONE', *, *, #2082, .F. ) ;
#515 = LINE ( 'NONE', #121, #1042 ) ;
#516 = VERTEX_POINT ( 'NONE', #2384 ) ;
#517 = DIRECTION ( 'NONE',  ( 0.0000000000000000000, 1.000000000000000000, 0.0000000000000000000 ) ) ;
#518 = AXIS2_PLACEMENT_3D ( 'NONE', #412, #195, #2489 ) ;
#519 = EDGE_CURVE ( 'NONE', #1645, #1797, #1616, .T. ) ;
#520 = VERTEX_POINT ( 'NONE', #483 ) ;
#521 = EDGE_CURVE ( 'NONE', #1694, #645, #1260, .T. ) ;
#522 = CLOSED_SHELL ( 'NONE', ( #1687, #1717, #682 ) ) ;
#523 = DIRECTION ( 'NONE',  ( -1.000000000000000000, 0.0000000000000000000, -0.0000000000000000000 ) ) ;
#524 = CLOSED_SHELL ( 'NONE', ( #1278, #2115, #1288 ) ) ;
#525 = EDGE_LOOP ( 'NONE', ( #1048, #557, #1965, #787 ) ) ;
#526 = ORIENTED_EDGE ( 'NONE', *, *, #1919, .F. ) ;
#527 = FACE_OUTER_BOUND ( 'NONE', #1960, .T. ) ;
#528 = CARTESIAN_POINT ( 'NONE',  ( 0.0000000000000000000, 750.0000000000000000, 0.0000000000000000000 ) ) ;
#529 = VECTOR ( 'NONE', #2077, 1000000.000000000000 ) ;
#530 = CARTESIAN_POINT ( 'NONE',  ( 1924.999999999993000, 160.0000000000000000, -305.0000000000000600 ) ) ;
#531 = VECTOR ( 'NONE', #449, 1000000.000000000000 ) ;
#532 = EDGE_LOOP ( 'NONE', ( #2182, #1200 ) ) ;
#533 = VECTOR ( 'NONE', #939, 1000000.000000000000 ) ;
#534 = AXIS2_PLACEMENT_3D ( 'NONE', #373, #2034, #984 ) ;
#535 = AXIS2_PLACEMENT_3D ( 'NONE', #1008, #2255, #2699 ) ;
#536 = ORIENTED_EDGE ( 'NONE', *, *, #1355, .T. ) ;
#537 = DIRECTION ( 'NONE',  ( -1.000000000000000000, 0.0000000000000000000, 0.0000000000000000000 ) ) ;
#538 = DIRECTION ( 'NONE',  ( 0.0000000000000000000, 0.0000000000000000000, 1.000000000000000000 ) ) ;
#539 = DIRECTION ( 'NONE',  ( -1.224646799147353200E-016, -1.000000000000000000, -0.0000000000000000000 ) ) ;
#540 =( NAMED_UNIT ( * ) SI_UNIT ( $, .STERADIAN. ) SOLID_ANGLE_UNIT ( ) );
#541 = CARTESIAN_POINT ( 'NONE',  ( -412.5000000000018200, 160.0000000000000000, -54.52041028867320400 ) ) ;
#542 = DIRECTION ( 'NONE',  ( 0.0000000000000000000, 1.000000000000000000, 0.0000000000000000000 ) ) ;
#543 = STYLED_ITEM ( 'NONE', ( #2433 ), #2610 ) ;
#544 = CARTESIAN_POINT ( 'NONE',  ( -962.4999999999997700, 110.0000000000000000, 457.4999999999998900 ) ) ;
#545 = VECTOR ( 'NONE', #35, 1000000.000000000000 ) ;
#546 =( LENGTH_UNIT ( ) NAMED_UNIT ( * ) SI_UNIT ( .MICRO., .METRE. ) );
#547 = ORIENTED_EDGE ( 'NONE', *, *, #267, .T. ) ;
#548 = LINE ( 'NONE', #1953, #5 ) ;
#549 = CARTESIAN_POINT ( 'NONE',  ( 1099.999999999995900, 160.0000000000000000, 0.0000000000000000000 ) ) ;
#550 = DIRECTION ( 'NONE',  ( 0.0000000000000000000, 0.0000000000000000000, 1.000000000000000000 ) ) ;
#551 = PLANE ( 'NONE',  #837 ) ;
#552 = DIRECTION ( 'NONE',  ( 0.0000000000000000000, 0.0000000000000000000, -1.000000000000000000 ) ) ;
#553 = ORIENTED_EDGE ( 'NONE', *, *, #1500, .F. ) ;
#554 = UNCERTAINTY_MEASURE_WITH_UNIT (LENGTH_MEASURE( 1.000000000000000100E-005 ), #766, 'distance_accuracy_value', 'NONE');
#555 =( NAMED_UNIT ( * ) PLANE_ANGLE_UNIT ( ) SI_UNIT ( $, .RADIAN. ) );
#556 = AXIS2_PLACEMENT_3D ( 'NONE', #1011, #1226, #1441 ) ;
#557 = ORIENTED_EDGE ( 'NONE', *, *, #299, .F. ) ;
#558 = ORIENTED_EDGE ( 'NONE', *, *, #788, .T. ) ;
#559 = CARTESIAN_POINT ( 'NONE',  ( -1265.999999999999800, 308.9999999999998300, -861.0000000000001100 ) ) ;
#560 = DIRECTION ( 'NONE',  ( 0.0000000000000000000, 0.0000000000000000000, -1.000000000000000000 ) ) ;
#561 = VERTEX_POINT ( 'NONE', #1537 ) ;
#562 = FACE_OUTER_BOUND ( 'NONE', #330, .T. ) ;
#563 = FILL_AREA_STYLE ('',( #978 ) ) ;
#564 = AXIS2_PLACEMENT_3D ( 'NONE', #2209, #1156, #1252 ) ;
#565 = DIRECTION ( 'NONE',  ( 2.022765247174448800E-016, 0.0000000000000000000, 1.000000000000000000 ) ) ;
#566 = FACE_OUTER_BOUND ( 'NONE', #1871, .T. ) ;
#567 = FACE_OUTER_BOUND ( 'NONE', #1566, .T. ) ;
#568 = DIRECTION ( 'NONE',  ( 0.0000000000000000000, 1.000000000000000000, 0.0000000000000000000 ) ) ;
#569 = EDGE_CURVE ( 'NONE', #2586, #360, #310, .T. ) ;
#570 = CARTESIAN_POINT ( 'NONE',  ( -962.4999999999997700, 110.0000000000000000, -262.5000000000002300 ) ) ;
#571 = AXIS2_PLACEMENT_3D ( 'NONE', #2178, #517, #1966 ) ;
#572 = AXIS2_PLACEMENT_3D ( 'NONE', #1636, #346, #1415 ) ;
#573 = CARTESIAN_POINT ( 'NONE',  ( -1245.999999999999800, 800.0000000000000000, 840.9999999999998900 ) ) ;
#574 =( LENGTH_UNIT ( ) NAMED_UNIT ( * ) SI_UNIT ( .MICRO., .METRE. ) );
#575 = DIRECTION ( 'NONE',  ( 1.000000000000000000, -0.0000000000000000000, 0.0000000000000000000 ) ) ;
#576 = CARTESIAN_POINT ( 'NONE',  ( 962.4999999999930700, 160.0000000000000000, -555.4795897113274300 ) ) ;
#577 = DIRECTION ( 'NONE',  ( -0.0000000000000000000, -1.000000000000000000, 0.0000000000000000000 ) ) ;
#578 = ORIENTED_EDGE ( 'NONE', *, *, #2645, .F. ) ;
#579 = AXIS2_PLACEMENT_3D ( 'NONE', #1568, #1158, #338 ) ;
#580 = SPHERICAL_SURFACE ( 'NONE', #2155, 109.9999999999999600 ) ;
#581 = CARTESIAN_POINT ( 'NONE',  ( 137.4999999999961300, 160.0000000000000000, 359.5204102886728500 ) ) ;
#582 = FILL_AREA_STYLE ('',( #1661 ) ) ;
#583 = ORIENTED_EDGE ( 'NONE', *, *, #2369, .F. ) ;
#584 = FACE_OUTER_BOUND ( 'NONE', #1112, .T. ) ;
#585 = CARTESIAN_POINT ( 'NONE',  ( 962.4999999999930700, 160.0000000000000000, 152.4999999999998600 ) ) ;
#586 = VERTEX_POINT ( 'NONE', #508 ) ;
#587 = STYLED_ITEM ( 'NONE', ( #372 ), #2120 ) ;
#588 = CARTESIAN_POINT ( 'NONE',  ( -1115.999999999999800, 750.0000000000000000, -611.0000000000001100 ) ) ;
#589 = EDGE_LOOP ( 'NONE', ( #393, #2390, #1006, #1574 ) ) ;
#590 = DIRECTION ( 'NONE',  ( -0.0000000000000000000, -1.000000000000000000, 0.0000000000000000000 ) ) ;
#591 = CARTESIAN_POINT ( 'NONE',  ( -137.5000000000028400, 160.0000000000000000, -555.4795897113274300 ) ) ;
#592 = ORIENTED_EDGE ( 'NONE', *, *, #519, .T. ) ;
#593 = EDGE_LOOP ( 'NONE', ( #49, #663, #297, #1151 ) ) ;
#594 = CLOSED_SHELL ( 'NONE', ( #1952, #269, #225, #2548, #34, #273, #38, #1940, #1692, #640 ) ) ;
#595 = VERTEX_POINT ( 'NONE', #1332 ) ;
#596 = DIRECTION ( 'NONE',  ( 0.0000000000000000000, -1.000000000000000000, 0.0000000000000000000 ) ) ;
#597 = VECTOR ( 'NONE', #1478, 1000000.000000000000 ) ;
#598 = DIRECTION ( 'NONE',  ( 0.0000000000000000000, -1.000000000000000000, 0.0000000000000000000 ) ) ;
#599 = LINE ( 'NONE', #242, #57 ) ;
#600 = SHAPE_DEFINITION_REPRESENTATION ( #1886, #2610 ) ;
#601 = EDGE_CURVE ( 'NONE', #1744, #1101, #1490, .T. ) ;
#602 = FACE_OUTER_BOUND ( 'NONE', #1108, .T. ) ;
#603 = DIRECTION ( 'NONE',  ( 0.0000000000000000000, 0.0000000000000000000, -1.000000000000000000 ) ) ;
#604 = DIRECTION ( 'NONE',  ( 0.0000000000000000000, -1.000000000000000000, -0.0000000000000000000 ) ) ;
#605 = SURFACE_STYLE_FILL_AREA ( #343 ) ;
#606 = FACE_BOUND ( 'NONE', #620, .T. ) ;
#607 = VERTEX_POINT ( 'NONE', #2373 ) ;
#608 = DIRECTION ( 'NONE',  ( 0.0000000000000000000, 0.0000000000000000000, -1.000000000000000000 ) ) ;
#609 = DIRECTION ( 'NONE',  ( 0.0000000000000000000, 0.0000000000000000000, -1.000000000000000000 ) ) ;
#610 = CARTESIAN_POINT ( 'NONE',  ( -1245.999999999999800, 800.0000000000000000, -841.0000000000001100 ) ) ;
#611 = FILL_AREA_STYLE ('',( #204 ) ) ;
#612 = AXIS2_PLACEMENT_3D ( 'NONE', #619, #1691, #1257 ) ;
#613 = CIRCLE ( 'NONE', #2186, 97.97958971132708000 ) ;
#614 = PLANE ( 'NONE',  #1031 ) ;
#615 = VERTEX_POINT ( 'NONE', #1543 ) ;
#616 =( GEOMETRIC_REPRESENTATION_CONTEXT ( 3 ) GLOBAL_UNCERTAINTY_ASSIGNED_CONTEXT ( ( #2285 ) ) GLOBAL_UNIT_ASSIGNED_CONTEXT ( ( #1925, #462, #869 ) ) REPRESENTATION_CONTEXT ( 'NONE', 'WORKASPACE' ) );
#617 = EDGE_LOOP ( 'NONE', ( #2061, #1246 ) ) ;
#618 = APPLICATION_CONTEXT ( 'automotive_design' ) ;
#619 = CARTESIAN_POINT ( 'NONE',  ( 962.4999999999930700, 110.0000000000000000, -457.5000000000003400 ) ) ;
#620 = EDGE_LOOP ( 'NONE', ( #2512, #2041 ) ) ;
#621 = EDGE_CURVE ( 'NONE', #113, #1364, #152, .T. ) ;
#622 = MANIFOLD_SOLID_BREP ( 'Pin A8', #2666 ) ;
#623 = DIRECTION ( 'NONE',  ( -1.224646799147353200E-016, -1.000000000000000000, -0.0000000000000000000 ) ) ;
#624 = VERTEX_POINT ( 'NONE', #1962 ) ;
#625 =( GEOMETRIC_REPRESENTATION_CONTEXT ( 3 ) GLOBAL_UNCERTAINTY_ASSIGNED_CONTEXT ( ( #363 ) ) GLOBAL_UNIT_ASSIGNED_CONTEXT ( ( #1265, #227, #1678 ) ) REPRESENTATION_CONTEXT ( 'NONE', 'WORKASPACE' ) );
#626 = DIRECTION ( 'NONE',  ( 0.0000000000000000000, -1.000000000000000000, -0.0000000000000000000 ) ) ;
#627 = EDGE_CURVE ( 'NONE', #207, #1841, #889, .T. ) ;
#628 = DIRECTION ( 'NONE',  ( 0.0000000000000000000, 0.0000000000000000000, -1.000000000000000000 ) ) ;
#629 = VERTEX_POINT ( 'NONE', #1746 ) ;
#630 = ORIENTED_EDGE ( 'NONE', *, *, #1662, .F. ) ;
#631 = ORIENTED_EDGE ( 'NONE', *, *, #2629, .F. ) ;
#632 = ORIENTED_EDGE ( 'NONE', *, *, #2121, .T. ) ;
#633 = DIRECTION ( 'NONE',  ( -0.0000000000000000000, 1.000000000000000000, -0.0000000000000000000 ) ) ;
#634 = COLOUR_RGB ( '',0.7921568627450980000, 0.8196078431372548800, 0.9333333333333333500 ) ;
#635 = FACE_OUTER_BOUND ( 'NONE', #1203, .T. ) ;
#636 = CARTESIAN_POINT ( 'NONE',  ( 966.0000000000002300, -1716.253839327979900, -611.0000000000001100 ) ) ;
#637 = DIRECTION ( 'NONE',  ( 0.0000000000000000000, 0.0000000000000000000, -1.000000000000000000 ) ) ;
#638 = CARTESIAN_POINT ( 'NONE',  ( -687.5000000000008000, 110.0000000000000000, -457.5000000000003400 ) ) ;
#639 = FACE_BOUND ( 'NONE', #986, .T. ) ;
#640 = ADVANCED_FACE ( 'NONE', ( #1521, #282 ), #2160, .T. ) ;
#641 = DIRECTION ( 'NONE',  ( -0.0000000000000000000, -1.000000000000000000, 0.0000000000000000000 ) ) ;
#642 = DIRECTION ( 'NONE',  ( 1.000000000000000000, 0.0000000000000000000, 0.0000000000000000000 ) ) ;
#643 = ORIENTED_EDGE ( 'NONE', *, *, #1152, .F. ) ;
#644 = ADVANCED_FACE ( 'NONE', ( #1813 ), #1384, .F. ) ;
#645 = VERTEX_POINT ( 'NONE', #2403 ) ;
#646 = DIRECTION ( 'NONE',  ( 1.000000000000000000, -1.232047923278982700E-016, 0.0000000000000000000 ) ) ;
#647 = VECTOR ( 'NONE', #2228, 1000000.000000000000 ) ;
#648 = CLOSED_SHELL ( 'NONE', ( #1069, #2529, #70 ) ) ;
#649 = DIRECTION ( 'NONE',  ( 0.0000000000000000000, -1.000000000000000000, -0.0000000000000000000 ) ) ;
#650 = EDGE_CURVE ( 'NONE', #2450, #950, #409, .T. ) ;
#651 = CARTESIAN_POINT ( 'NONE',  ( -1245.999999999999800, 800.0000000000000000, -841.0000000000001100 ) ) ;
#652 = DIRECTION ( 'NONE',  ( 0.0000000000000000000, 1.000000000000000000, 0.0000000000000000000 ) ) ;
#653 = ADVANCED_FACE ( 'NONE', ( #2498, #2427 ), #827, .T. ) ;
#654 = MANIFOLD_SOLID_BREP ( 'Pin A4', #12 ) ;
#655 = EDGE_CURVE ( 'NONE', #629, #334, #2613, .T. ) ;
#656 = EDGE_LOOP ( 'NONE', ( #300, #1282, #88, #167 ) ) ;
#657 = ORIENTED_EDGE ( 'NONE', *, *, #735, .F. ) ;
#658 = SURFACE_STYLE_USAGE ( .BOTH. , #1467 ) ;
#659 = ORIENTED_EDGE ( 'NONE', *, *, #2641, .F. ) ;
#660 = ADVANCED_FACE ( 'NONE', ( #2124 ), #2009, .T. ) ;
#661 = PRESENTATION_LAYER_ASSIGNMENT (  '', '', ( #7 ) ) ;
#662 = PLANE ( 'NONE',  #2582 ) ;
#663 = ORIENTED_EDGE ( 'NONE', *, *, #1662, .T. ) ;
#664 = COLOUR_RGB ( '',0.7529411764705882200, 0.7529411764705882200, 0.7529411764705882200 ) ;
#665 = VECTOR ( 'NONE', #2269, 1000000.000000000000 ) ;
#666 = EDGE_CURVE ( 'NONE', #500, #2491, #2093, .T. ) ;
#667 = LINE ( 'NONE', #2609, #828 ) ;
#668 = FACE_OUTER_BOUND ( 'NONE', #719, .T. ) ;
#669 = VECTOR ( 'NONE', #1682, 1000000.000000000000 ) ;
#670 = ADVANCED_FACE ( 'NONE', ( #772 ), #1423, .F. ) ;
#671 = CARTESIAN_POINT ( 'NONE',  ( 412.4999999999951100, 110.0000000000000000, 152.4999999999998600 ) ) ;
#672 = PLANE ( 'NONE',  #2152 ) ;
#673 = ADVANCED_FACE ( 'NONE', ( #2650 ), #2692, .T. ) ;
#674 =( GEOMETRIC_REPRESENTATION_CONTEXT ( 3 ) GLOBAL_UNCERTAINTY_ASSIGNED_CONTEXT ( ( #2180 ) ) GLOBAL_UNIT_ASSIGNED_CONTEXT ( ( #546, #1380, #2439 ) ) REPRESENTATION_CONTEXT ( 'NONE', 'WORKASPACE' ) );
#675 = EDGE_CURVE ( 'NONE', #1340, #2423, #1004, .T. ) ;
#676 = SURFACE_SIDE_STYLE ('',( #1459 ) ) ;
#677 = LINE ( 'NONE', #2523, #133 ) ;
#678 = FACE_OUTER_BOUND ( 'NONE', #1422, .T. ) ;
#679 = CARTESIAN_POINT ( 'NONE',  ( -412.5000000000018200, 160.0000000000000000, -152.5000000000002800 ) ) ;
#680 = VECTOR ( 'NONE', #1185, 1000000.000000000000 ) ;
#681 = EDGE_LOOP ( 'NONE', ( #913, #139, #659, #304 ) ) ;
#682 = ADVANCED_FACE ( 'NONE', ( #2411 ), #1002, .F. ) ;
#683 = ORIENTED_EDGE ( 'NONE', *, *, #1693, .T. ) ;
#684 =( NAMED_UNIT ( * ) PLANE_ANGLE_UNIT ( ) SI_UNIT ( $, .RADIAN. ) );
#685 = ORIENTED_EDGE ( 'NONE', *, *, #897, .T. ) ;
#686 = DIRECTION ( 'NONE',  ( 4.165696182054707700E-017, -0.5735764363510511600, -0.8191520442889883600 ) ) ;
#687 = EDGE_LOOP ( 'NONE', ( #2719, #741 ) ) ;
#688 = ORIENTED_EDGE ( 'NONE', *, *, #2356, .F. ) ;
#689 = VERTEX_POINT ( 'NONE', #769 ) ;
#690 = DIRECTION ( 'NONE',  ( 0.0000000000000000000, 1.000000000000000000, 0.0000000000000000000 ) ) ;
#691 = FILL_AREA_STYLE ('',( #1945 ) ) ;
#692 = VECTOR ( 'NONE', #2185, 1000000.000000000000 ) ;
#693 = CARTESIAN_POINT ( 'NONE',  ( 1374.999999999995000, 160.0000000000000000, -915.0000000000002300 ) ) ;
#694 = SURFACE_STYLE_FILL_AREA ( #1253 ) ;
#695 = CARTESIAN_POINT ( 'NONE',  ( 1246.000000000000200, 308.9999999999998300, 840.9999999999998900 ) ) ;
#696 = DIRECTION ( 'NONE',  ( 0.0000000000000000000, 1.000000000000000000, 0.0000000000000000000 ) ) ;
#697 = AXIS2_PLACEMENT_3D ( 'NONE', #749, #2200, #1785 ) ;
#698 = ADVANCED_FACE ( 'NONE', ( #1301 ), #969, .T. ) ;
#699 = CIRCLE ( 'NONE', #899, 97.97958971132706600 ) ;
#700 = CARTESIAN_POINT ( 'NONE',  ( 412.4999999999951100, 110.0000000000000000, 152.4999999999998600 ) ) ;
#701 = DIRECTION ( 'NONE',  ( 0.0000000000000000000, 0.0000000000000000000, -1.000000000000000000 ) ) ;
#702 = DIRECTION ( 'NONE',  ( 0.0000000000000000000, 0.0000000000000000000, -1.000000000000000000 ) ) ;
#703 = CARTESIAN_POINT ( 'NONE',  ( -1265.999999999999800, 308.9999999999998300, -861.0000000000001100 ) ) ;
#704 = EDGE_CURVE ( 'NONE', #884, #1858, #2252, .T. ) ;
#705 = CARTESIAN_POINT ( 'NONE',  ( -1015.999999999999500, 750.0000000000000000, 610.9999999999998900 ) ) ;
#706 = EDGE_LOOP ( 'NONE', ( #89, #479, #41, #2559 ) ) ;
#707 = AXIS2_PLACEMENT_3D ( 'NONE', #530, #2660, #332 ) ;
#708 = VECTOR ( 'NONE', #721, 1000000.000000000000 ) ;
#709 = EDGE_CURVE ( 'NONE', #849, #2494, #2478, .T. ) ;
#710 = EDGE_LOOP ( 'NONE', ( #1303, #39 ) ) ;
#711 = ORIENTED_EDGE ( 'NONE', *, *, #193, .T. ) ;
#712 = CARTESIAN_POINT ( 'NONE',  ( -1245.999999999999800, 308.9999999999998300, 840.9999999999998900 ) ) ;
#713 = DIRECTION ( 'NONE',  ( 0.0000000000000000000, 0.0000000000000000000, -1.000000000000000000 ) ) ;
#714 = CARTESIAN_POINT ( 'NONE',  ( -137.5000000000028400, 160.0000000000000000, 152.4999999999998600 ) ) ;
#715 = VERTEX_POINT ( 'NONE', #764 ) ;
#716 = FILL_AREA_STYLE_COLOUR ( '', #1812 ) ;
#717 = MECHANICAL_DESIGN_GEOMETRIC_PRESENTATION_REPRESENTATION (  '', ( #543 ), #276 ) ;
#718 = ORIENTED_EDGE ( 'NONE', *, *, #1983, .T. ) ;
#719 = EDGE_LOOP ( 'NONE', ( #1131, #1133, #2415, #754 ) ) ;
#720 = EDGE_LOOP ( 'NONE', ( #327, #876, #2455, #164 ) ) ;
#721 = DIRECTION ( 'NONE',  ( 0.0000000000000000000, 0.0000000000000000000, 1.000000000000000000 ) ) ;
#722 = CARTESIAN_POINT ( 'NONE',  ( -1015.999999999999800, 800.0000000000000000, 2.055129491129239500E-013 ) ) ;
#723 = ORIENTED_EDGE ( 'NONE', *, *, #2487, .T. ) ;
#724 = FACE_OUTER_BOUND ( 'NONE', #1729, .T. ) ;
#725 = DIRECTION ( 'NONE',  ( 0.0000000000000000000, 1.000000000000000000, 0.0000000000000000000 ) ) ;
#726 = AXIS2_PLACEMENT_3D ( 'NONE', #1399, #2639, #1153 ) ;
#727 = SPHERICAL_SURFACE ( 'NONE', #2306, 109.9999999999999600 ) ;
#728 = DIRECTION ( 'NONE',  ( 0.0000000000000000000, 0.0000000000000000000, 1.000000000000000000 ) ) ;
#729 = COLOUR_RGB ( '',0.7921568627450980000, 0.8196078431372548800, 0.9333333333333333500 ) ;
#730 = COLOUR_RGB ( '',0.7921568627450980000, 0.8196078431372548800, 0.9333333333333333500 ) ;
#731 = FACE_OUTER_BOUND ( 'NONE', #2661, .T. ) ;
#732 = DIRECTION ( 'NONE',  ( 0.0000000000000000000, 1.000000000000000000, 0.0000000000000000000 ) ) ;
#733 = CARTESIAN_POINT ( 'NONE',  ( -1115.999999999999500, 750.0000000000000000, 710.9999999999998900 ) ) ;
#734 = DIRECTION ( 'NONE',  ( -1.000000000000000000, 0.0000000000000000000, 0.0000000000000000000 ) ) ;
#735 = EDGE_CURVE ( 'NONE', #305, #1903, #1563, .T. ) ;
#736 =( NAMED_UNIT ( * ) SI_UNIT ( $, .STERADIAN. ) SOLID_ANGLE_UNIT ( ) );
#737 = VECTOR ( 'NONE', #155, 1000000.000000000000 ) ;
#738 = DIRECTION ( 'NONE',  ( 1.000000000000000000, 0.0000000000000000000, 0.0000000000000000000 ) ) ;
#739 = DIRECTION ( 'NONE',  ( 0.0000000000000000000, 0.0000000000000000000, -1.000000000000000000 ) ) ;
#740 = FACE_OUTER_BOUND ( 'NONE', #981, .T. ) ;
#741 = ORIENTED_EDGE ( 'NONE', *, *, #1449, .T. ) ;
#742 = DIRECTION ( 'NONE',  ( -1.000000000000000000, 0.0000000000000000000, 0.0000000000000000000 ) ) ;
#743 = EDGE_LOOP ( 'NONE', ( #1927, #820 ) ) ;
#744 = CARTESIAN_POINT ( 'NONE',  ( 412.4999999999951100, 160.0000000000000000, -457.5000000000003400 ) ) ;
#745 = AXIS2_PLACEMENT_3D ( 'NONE', #244, #2114, #1047 ) ;
#746 = CARTESIAN_POINT ( 'NONE',  ( -962.4999999999997700, 160.0000000000000000, 555.4795897113269800 ) ) ;
#747 = EDGE_LOOP ( 'NONE', ( #2166, #76, #1483, #2270 ) ) ;
#748 = AXIS2_PLACEMENT_3D ( 'NONE', #1166, #2642, #161 ) ;
#749 = CARTESIAN_POINT ( 'NONE',  ( -962.4999999999997700, 160.0000000000000000, -152.5000000000002800 ) ) ;
#750 = VERTEX_POINT ( 'NONE', #591 ) ;
#751 = VERTEX_POINT ( 'NONE', #2457 ) ;
#752 = VECTOR ( 'NONE', #1067, 1000000.000000000000 ) ;
#753 = CARTESIAN_POINT ( 'NONE',  ( -962.4999999999997700, 160.0000000000000000, -250.4795897113273500 ) ) ;
#754 = ORIENTED_EDGE ( 'NONE', *, *, #1607, .T. ) ;
#755 = CARTESIAN_POINT ( 'NONE',  ( 687.4999999999940900, 160.0000000000000000, 555.4795897113269800 ) ) ;
#756 = EDGE_CURVE ( 'NONE', #884, #2424, #1827, .T. ) ;
#757 = CIRCLE ( 'NONE', #1590, 109.9999999999999600 ) ;
#758 = CARTESIAN_POINT ( 'NONE',  ( -1115.999999999999500, 750.0000000000000000, 710.9999999999998900 ) ) ;
#759 =( LENGTH_UNIT ( ) NAMED_UNIT ( * ) SI_UNIT ( .MICRO., .METRE. ) );
#760 = LINE ( 'NONE', #1888, #531 ) ;
#761 = FACE_OUTER_BOUND ( 'NONE', #1482, .T. ) ;
#762 = CARTESIAN_POINT ( 'NONE',  ( 1246.000000000000200, 800.0000000000000000, -841.0000000000001100 ) ) ;
#763 = EDGE_CURVE ( 'NONE', #751, #624, #104, .T. ) ;
#764 = CARTESIAN_POINT ( 'NONE',  ( 1246.000000000000200, 308.9999999999998300, 840.9999999999998900 ) ) ;
#765 = DIRECTION ( 'NONE',  ( 0.0000000000000000000, 1.000000000000000000, 0.0000000000000000000 ) ) ;
#766 =( LENGTH_UNIT ( ) NAMED_UNIT ( * ) SI_UNIT ( .MICRO., .METRE. ) );
#767 = DIRECTION ( 'NONE',  ( 0.0000000000000000000, 0.0000000000000000000, 1.000000000000000000 ) ) ;
#768 = SURFACE_STYLE_USAGE ( .BOTH. , #2468 ) ;
#769 = CARTESIAN_POINT ( 'NONE',  ( 412.4999999999951100, 160.0000000000000000, 54.52041028867277100 ) ) ;
#770 = DIRECTION ( 'NONE',  ( 1.640245344153562000E-016, 0.0000000000000000000, 1.000000000000000000 ) ) ;
#771 = CARTESIAN_POINT ( 'NONE',  ( -412.5000000000018200, 110.0000000000000000, 347.4999999999999400 ) ) ;
#772 = FACE_OUTER_BOUND ( 'NONE', #2638, .T. ) ;
#773 = CARTESIAN_POINT ( 'NONE',  ( -1115.999999999999800, 800.0000000000000000, -611.0000000000001100 ) ) ;
#774 = ORIENTED_EDGE ( 'NONE', *, *, #1043, .F. ) ;
#775 = PLANE ( 'NONE',  #1245 ) ;
#776 = DIRECTION ( 'NONE',  ( -1.000000000000000000, 0.0000000000000000000, 0.0000000000000000000 ) ) ;
#777 = VECTOR ( 'NONE', #1398, 1000000.000000000000 ) ;
#778 = EDGE_LOOP ( 'NONE', ( #2095, #1104, #1937, #374 ) ) ;
#779 = CARTESIAN_POINT ( 'NONE',  ( 816.0000000000003400, 800.0000000000000000, -3.301152883388702100E-013 ) ) ;
#780 = ORIENTED_EDGE ( 'NONE', *, *, #1353, .T. ) ;
#781 = VERTEX_POINT ( 'NONE', #581 ) ;
#782 = AXIS2_PLACEMENT_3D ( 'NONE', #1365, #156, #734 ) ;
#783 = ORIENTED_EDGE ( 'NONE', *, *, #2162, .T. ) ;
#784 = EDGE_LOOP ( 'NONE', ( #526, #90 ) ) ;
#785 = ORIENTED_EDGE ( 'NONE', *, *, #2391, .T. ) ;
#786 = AXIS2_PLACEMENT_3D ( 'NONE', #145, #173, #2031 ) ;
#787 = ORIENTED_EDGE ( 'NONE', *, *, #1654, .T. ) ;
#788 = EDGE_CURVE ( 'NONE', #2494, #2227, #165, .T. ) ;
#789 = DIRECTION ( 'NONE',  ( 0.0000000000000000000, 0.0000000000000000000, -1.000000000000000000 ) ) ;
#790 = VECTOR ( 'NONE', #1685, 1000000.000000000000 ) ;
#791 = CIRCLE ( 'NONE', #748, 97.97958971132706600 ) ;
#792 = DIRECTION ( 'NONE',  ( -1.000000000000000000, 0.0000000000000000000, 0.0000000000000000000 ) ) ;
#793 = FACE_BOUND ( 'NONE', #1051, .T. ) ;
#794 = CARTESIAN_POINT ( 'NONE',  ( -1265.999999999999800, -2753.075766534852400, 860.9999999999998900 ) ) ;
#795 = EDGE_CURVE ( 'NONE', #2295, #2332, #1760, .T. ) ;
#796 = FACE_OUTER_BOUND ( 'NONE', #1010, .T. ) ;
#797 = CARTESIAN_POINT ( 'NONE',  ( 274.9999999999989800, 160.0000000000000000, -305.0000000000000600 ) ) ;
#798 = CIRCLE ( 'NONE', #1664, 97.97958971132706600 ) ;
#799 = CARTESIAN_POINT ( 'NONE',  ( 1266.000000000000200, 800.0000000000000000, -861.0000000000001100 ) ) ;
#800 = CARTESIAN_POINT ( 'NONE',  ( -1015.999999999999800, 800.0000000000000000, -461.0000000000001700 ) ) ;
#801 = AXIS2_PLACEMENT_3D ( 'NONE', #1099, #1711, #1532 ) ;
#802 = EDGE_CURVE ( 'NONE', #1174, #811, #2057, .T. ) ;
#803 = CARTESIAN_POINT ( 'NONE',  ( -687.5000000000008000, 160.0000000000000000, 152.4999999999998600 ) ) ;
#804 = DIRECTION ( 'NONE',  ( -1.000000000000000000, 0.0000000000000000000, 0.0000000000000000000 ) ) ;
#805 = PLANE ( 'NONE',  #495 ) ;
#806 = LINE ( 'NONE', #1665, #2611 ) ;
#807 = DIRECTION ( 'NONE',  ( 0.0000000000000000000, 1.000000000000000000, 0.0000000000000000000 ) ) ;
#808 = PLANE ( 'NONE',  #2472 ) ;
#809 = VERTEX_POINT ( 'NONE', #2668 ) ;
#810 = FACE_OUTER_BOUND ( 'NONE', #318, .T. ) ;
#811 = VERTEX_POINT ( 'NONE', #194 ) ;
#812 = DIRECTION ( 'NONE',  ( -1.000000000000000000, 0.0000000000000000000, 0.0000000000000000000 ) ) ;
#813 = AXIS2_PLACEMENT_3D ( 'NONE', #1843, #186, #792 ) ;
#814 = DIRECTION ( 'NONE',  ( 0.0000000000000000000, 0.0000000000000000000, 1.000000000000000000 ) ) ;
#815 = DIRECTION ( 'NONE',  ( 0.0000000000000000000, -1.000000000000000000, 0.0000000000000000000 ) ) ;
#816 = EDGE_CURVE ( 'NONE', #375, #2586, #873, .T. ) ;
#817 = DIRECTION ( 'NONE',  ( 1.000000000000000000, -1.232047923278982700E-016, 0.0000000000000000000 ) ) ;
#818 = DIRECTION ( 'NONE',  ( -1.224646799147353200E-016, -1.000000000000000000, -0.0000000000000000000 ) ) ;
#819 = ORIENTED_EDGE ( 'NONE', *, *, #2400, .T. ) ;
#820 = ORIENTED_EDGE ( 'NONE', *, *, #2590, .T. ) ;
#821 = EDGE_LOOP ( 'NONE', ( #2516, #780 ) ) ;
#822 = EDGE_LOOP ( 'NONE', ( #1518, #1164, #1605, #1990 ) ) ;
#823 = CARTESIAN_POINT ( 'NONE',  ( 1266.000000000000200, 308.9999999999999400, -861.0000000000001100 ) ) ;
#824 = CIRCLE ( 'NONE', #1801, 109.9999999999999600 ) ;
#825 = AXIS2_PLACEMENT_3D ( 'NONE', #191, #2065, #2051 ) ;
#826 = CARTESIAN_POINT ( 'NONE',  ( 1649.999999999993900, 160.0000000000000000, 0.0000000000000000000 ) ) ;
#827 = SPHERICAL_SURFACE ( 'NONE', #339, 109.9999999999999600 ) ;
#828 = VECTOR ( 'NONE', #1539, 1000000.000000000000 ) ;
#829 = SURFACE_STYLE_USAGE ( .BOTH. , #2288 ) ;
#830 = CARTESIAN_POINT ( 'NONE',  ( 412.4999999999951100, 160.0000000000000000, -555.4795897113274300 ) ) ;
#831 = PLANE ( 'NONE',  #478 ) ;
#832 = LINE ( 'NONE', #1276, #445 ) ;
#833 = VECTOR ( 'NONE', #1820, 1000000.000000000000 ) ;
#834 = DIRECTION ( 'NONE',  ( -0.0000000000000000000, 1.000000000000000000, -0.0000000000000000000 ) ) ;
#835 = DIRECTION ( 'NONE',  ( 0.0000000000000000000, 1.000000000000000000, 0.0000000000000000000 ) ) ;
#836 = DIRECTION ( 'NONE',  ( 0.0000000000000000000, 0.0000000000000000000, 1.000000000000000000 ) ) ;
#837 = AXIS2_PLACEMENT_3D ( 'NONE', #130, #2637, #770 ) ;
#838 = CARTESIAN_POINT ( 'NONE',  ( -1265.999999999999800, 308.9999999999998300, -861.0000000000001100 ) ) ;
#839 = LINE ( 'NONE', #1823, #292 ) ;
#840 = DIRECTION ( 'NONE',  ( 0.0000000000000000000, -1.000000000000000000, 0.0000000000000000000 ) ) ;
#841 = PRESENTATION_LAYER_ASSIGNMENT (  '', '', ( #1169 ) ) ;
#842 = SPHERICAL_SURFACE ( 'NONE', #1545, 109.9999999999999600 ) ;
#843 = CARTESIAN_POINT ( 'NONE',  ( -1115.999999999999800, 800.0000000000000000, -611.0000000000001100 ) ) ;
#844 = ORIENTED_EDGE ( 'NONE', *, *, #2213, .T. ) ;
#845 = DIRECTION ( 'NONE',  ( 0.0000000000000000000, -1.000000000000000000, -0.0000000000000000000 ) ) ;
#846 = ORIENTED_EDGE ( 'NONE', *, *, #257, .T. ) ;
#847 = CARTESIAN_POINT ( 'NONE',  ( -687.5000000000008000, 110.0000000000000000, 262.4999999999998300 ) ) ;
#848 = EDGE_CURVE ( 'NONE', #912, #2072, #907, .T. ) ;
#849 = VERTEX_POINT ( 'NONE', #712 ) ;
#850 = CARTESIAN_POINT ( 'NONE',  ( -962.4999999999997700, 110.0000000000000000, 457.4999999999998900 ) ) ;
#851 = ORIENTED_EDGE ( 'NONE', *, *, #441, .T. ) ;
#852 = ADVANCED_FACE ( 'NONE', ( #2446 ), #1972, .T. ) ;
#853 = PRESENTATION_LAYER_ASSIGNMENT (  '', '', ( #2119 ) ) ;
#854 = AXIS2_PLACEMENT_3D ( 'NONE', #826, #598, #2722 ) ;
#855 = VERTEX_POINT ( 'NONE', #2381 ) ;
#856 = ORIENTED_EDGE ( 'NONE', *, *, #2191, .F. ) ;
#857 = DIRECTION ( 'NONE',  ( 0.0000000000000000000, 0.0000000000000000000, 1.000000000000000000 ) ) ;
#858 = ORIENTED_EDGE ( 'NONE', *, *, #1175, .F. ) ;
#859 = PRESENTATION_STYLE_ASSIGNMENT (( #2117 ) ) ;
#860 = LINE ( 'NONE', #1868, #529 ) ;
#861 = CARTESIAN_POINT ( 'NONE',  ( 1246.000000000000200, 308.9999999999998300, -841.0000000000001100 ) ) ;
#862 = ADVANCED_FACE ( 'NONE', ( #230 ), #302, .T. ) ;
#863 =( NAMED_UNIT ( * ) PLANE_ANGLE_UNIT ( ) SI_UNIT ( $, .RADIAN. ) );
#864 = LINE ( 'NONE', #1690, #2344 ) ;
#865 = SURFACE_STYLE_FILL_AREA ( #611 ) ;
#866 = SURFACE_STYLE_USAGE ( .BOTH. , #224 ) ;
#867 = ADVANCED_FACE ( 'NONE', ( #1268, #1988 ), #580, .T. ) ;
#868 =( LENGTH_UNIT ( ) NAMED_UNIT ( * ) SI_UNIT ( .MICRO., .METRE. ) );
#869 =( NAMED_UNIT ( * ) SI_UNIT ( $, .STERADIAN. ) SOLID_ANGLE_UNIT ( ) );
#870 = CARTESIAN_POINT ( 'NONE',  ( 962.4999999999930700, 110.0000000000000000, -457.5000000000003400 ) ) ;
#871 = ADVANCED_FACE ( 'NONE', ( #40 ), #1759, .F. ) ;
#872 = LINE ( 'NONE', #28, #390 ) ;
#873 = LINE ( 'NONE', #1137, #708 ) ;
#874 = DIRECTION ( 'NONE',  ( 0.0000000000000000000, 1.000000000000000000, 0.0000000000000000000 ) ) ;
#875 = VERTEX_POINT ( 'NONE', #293 ) ;
#876 = ORIENTED_EDGE ( 'NONE', *, *, #2539, .T. ) ;
#877 = ADVANCED_FACE ( 'NONE', ( #1926 ), #501, .T. ) ;
#878 = EDGE_CURVE ( 'NONE', #2147, #943, #358, .T. ) ;
#879 = VERTEX_POINT ( 'NONE', #830 ) ;
#880 = DIRECTION ( 'NONE',  ( -1.224646799147353200E-016, -1.000000000000000000, -0.0000000000000000000 ) ) ;
#881 = VERTEX_POINT ( 'NONE', #1666 ) ;
#882 = ORIENTED_EDGE ( 'NONE', *, *, #21, .F. ) ;
#883 =( NAMED_UNIT ( * ) SI_UNIT ( $, .STERADIAN. ) SOLID_ANGLE_UNIT ( ) );
#884 = VERTEX_POINT ( 'NONE', #2723 ) ;
#885 = AXIS2_PLACEMENT_3D ( 'NONE', #166, #2265, #608 ) ;
#886 = ORIENTED_EDGE ( 'NONE', *, *, #1466, .T. ) ;
#887 = ORIENTED_EDGE ( 'NONE', *, *, #512, .F. ) ;
#888 = CIRCLE ( 'NONE', #1421, 109.9999999999999600 ) ;
#889 = LINE ( 'NONE', #722, #1874 ) ;
#890 = STYLED_ITEM ( 'NONE', ( #2573 ), #1434 ) ;
#891 = ADVANCED_FACE ( 'NONE', ( #391 ), #1238, .T. ) ;
#892 = AXIS2_PLACEMENT_3D ( 'NONE', #928, #281, #924 ) ;
#893 = SURFACE_STYLE_FILL_AREA ( #348 ) ;
#894 = EDGE_CURVE ( 'NONE', #2027, #849, #455, .T. ) ;
#895 = DIRECTION ( 'NONE',  ( -1.000000000000000000, 0.0000000000000000000, -5.085376043553024500E-017 ) ) ;
#896 = DIRECTION ( 'NONE',  ( -1.000000000000000000, 0.0000000000000000000, -2.034150417421209300E-016 ) ) ;
#897 = EDGE_CURVE ( 'NONE', #1694, #2147, #263, .T. ) ;
#898 = DIRECTION ( 'NONE',  ( -0.0000000000000000000, -1.000000000000000000, 0.0000000000000000000 ) ) ;
#899 = AXIS2_PLACEMENT_3D ( 'NONE', #328, #2234, #552 ) ;
#900 = DIRECTION ( 'NONE',  ( 1.000000000000000000, -0.0000000000000000000, 0.0000000000000000000 ) ) ;
#901 = EDGE_CURVE ( 'NONE', #1476, #1170, #2513, .T. ) ;
#902 = ADVANCED_FACE ( 'NONE', ( #1130, #2690 ), #842, .T. ) ;
#903 = MANIFOLD_SOLID_BREP ( 'Pin A6', #236 ) ;
#904 = PRESENTATION_STYLE_ASSIGNMENT (( #2025 ) ) ;
#905 = DIRECTION ( 'NONE',  ( 0.0000000000000000000, -1.000000000000000000, 0.0000000000000000000 ) ) ;
#906 = CARTESIAN_POINT ( 'NONE',  ( 1066.000000000000000, 160.0000000000000000, 660.9999999999998900 ) ) ;
#907 = CIRCLE ( 'NONE', #1495, 97.97958971132706600 ) ;
#908 = DIRECTION ( 'NONE',  ( 0.0000000000000000000, 0.0000000000000000000, -1.000000000000000000 ) ) ;
#909 = ORIENTED_EDGE ( 'NONE', *, *, #162, .T. ) ;
#910 = ORIENTED_EDGE ( 'NONE', *, *, #1023, .T. ) ;
#911 = DIRECTION ( 'NONE',  ( -1.000000000000000000, 0.0000000000000000000, 0.0000000000000000000 ) ) ;
#912 = VERTEX_POINT ( 'NONE', #541 ) ;
#913 = ORIENTED_EDGE ( 'NONE', *, *, #2547, .F. ) ;
#914 = DIRECTION ( 'NONE',  ( -1.000000000000000000, 0.0000000000000000000, -0.0000000000000000000 ) ) ;
#915 = DIRECTION ( 'NONE',  ( 0.0000000000000000000, -1.000000000000000000, -0.0000000000000000000 ) ) ;
#916 = CARTESIAN_POINT ( 'NONE',  ( 966.0000000000002300, 750.0000000000002300, -611.0000000000001100 ) ) ;
#917 = CARTESIAN_POINT ( 'NONE',  ( -137.5000000000028400, 160.0000000000000000, -359.5204102886732500 ) ) ;
#918 = ORIENTED_EDGE ( 'NONE', *, *, #1077, .F. ) ;
#919 = ORIENTED_EDGE ( 'NONE', *, *, #569, .F. ) ;
#920 = CARTESIAN_POINT ( 'NONE',  ( -1115.999999999999800, -1716.253839327979900, -611.0000000000001100 ) ) ;
#921 = EDGE_LOOP ( 'NONE', ( #112, #55 ) ) ;
#922 = VECTOR ( 'NONE', #116, 1000000.000000000000 ) ;
#923 = VECTOR ( 'NONE', #642, 1000000.000000000000 ) ;
#924 = DIRECTION ( 'NONE',  ( 0.0000000000000000000, -0.0000000000000000000, -1.000000000000000000 ) ) ;
#925 = CARTESIAN_POINT ( 'NONE',  ( 412.4999999999951100, 110.0000000000000000, 152.4999999999998600 ) ) ;
#926 = AXIS2_PLACEMENT_3D ( 'NONE', #1296, #1062, #54 ) ;
#927 = EDGE_CURVE ( 'NONE', #809, #1138, #1400, .T. ) ;
#928 = CARTESIAN_POINT ( 'NONE',  ( 0.0000000000000000000, 309.0000000000000000, 0.0000000000000000000 ) ) ;
#929 = EDGE_CURVE ( 'NONE', #471, #1410, #677, .T. ) ;
#930 = DIRECTION ( 'NONE',  ( 0.0000000000000000000, -1.000000000000000000, -0.0000000000000000000 ) ) ;
#931 = DIRECTION ( 'NONE',  ( 0.0000000000000000000, 0.0000000000000000000, -1.000000000000000000 ) ) ;
#932 = VECTOR ( 'NONE', #835, 1000000.000000000000 ) ;
#933 = AXIS2_PLACEMENT_3D ( 'NONE', #1219, #1014, #2462 ) ;
#934 = VECTOR ( 'NONE', #383, 1000000.000000000000 ) ;
#935 = ORIENTED_EDGE ( 'NONE', *, *, #193, .F. ) ;
#936 = FACE_OUTER_BOUND ( 'NONE', #532, .T. ) ;
#937 = EDGE_CURVE ( 'NONE', #2514, #624, #1100, .T. ) ;
#938 = CLOSED_SHELL ( 'NONE', ( #1921, #1896, #1730 ) ) ;
#939 = DIRECTION ( 'NONE',  ( -1.000000000000000000, 0.0000000000000000000, 0.0000000000000000000 ) ) ;
#940 = VERTEX_POINT ( 'NONE', #917 ) ;
#941 = DIRECTION ( 'NONE',  ( 0.0000000000000000000, -1.000000000000000000, 0.0000000000000000000 ) ) ;
#942 = CARTESIAN_POINT ( 'NONE',  ( 1266.000000000000200, 800.0000000000000000, 860.9999999999998900 ) ) ;
#943 = VERTEX_POINT ( 'NONE', #1157 ) ;
#944 = EDGE_LOOP ( 'NONE', ( #1417, #192 ) ) ;
#945 = VERTEX_POINT ( 'NONE', #985 ) ;
#946 = SURFACE_STYLE_USAGE ( .BOTH. , #1059 ) ;
#947 = EDGE_CURVE ( 'NONE', #1251, #1364, #1667, .T. ) ;
#948 = FILL_AREA_STYLE ('',( #1370 ) ) ;
#949 = ORIENTED_EDGE ( 'NONE', *, *, #247, .T. ) ;
#950 = VERTEX_POINT ( 'NONE', #847 ) ;
#951 = LINE ( 'NONE', #861, #1713 ) ;
#952 = MECHANICAL_DESIGN_GEOMETRIC_PRESENTATION_REPRESENTATION (  '', ( #2644 ), #1292 ) ;
#953 = PRESENTATION_STYLE_ASSIGNMENT (( #1997 ) ) ;
#954 = STYLED_ITEM ( 'NONE', ( #904 ), #66 ) ;
#955 = DIRECTION ( 'NONE',  ( -0.0000000000000000000, -1.000000000000000000, 0.0000000000000000000 ) ) ;
#956 = LINE ( 'NONE', #920, #1718 ) ;
#957 = PRESENTATION_STYLE_ASSIGNMENT (( #2148 ) ) ;
#958 = LINE ( 'NONE', #800, #1623 ) ;
#959 = DIRECTION ( 'NONE',  ( 1.000000000000000000, -1.232047923278982700E-016, 0.0000000000000000000 ) ) ;
#960 = CARTESIAN_POINT ( 'NONE',  ( 1066.000000000000000, 160.0000000000010200, -661.0000000000001100 ) ) ;
#961 = DIRECTION ( 'NONE',  ( -0.0000000000000000000, -1.000000000000000000, 0.0000000000000000000 ) ) ;
#962 = CARTESIAN_POINT ( 'NONE',  ( -687.5000000000008000, 110.0000000000000000, 152.4999999999998600 ) ) ;
#963 = STYLED_ITEM ( 'NONE', ( #1094 ), #2607 ) ;
#964 = DIRECTION ( 'NONE',  ( -1.000000000000000000, -0.0000000000000000000, -0.0000000000000000000 ) ) ;
#965 = FILL_AREA_STYLE_COLOUR ( '', #2048 ) ;
#966 = DIRECTION ( 'NONE',  ( -0.4975428121645258900, 0.7105647754616252200, 0.4975428121645266700 ) ) ;
#967 = CARTESIAN_POINT ( 'NONE',  ( -1265.999999999999800, 160.0000000000000000, -861.0000000000001100 ) ) ;
#968 = LINE ( 'NONE', #758, #228 ) ;
#969 = SPHERICAL_SURFACE ( 'NONE', #1346, 109.9999999999999600 ) ;
#970 = CARTESIAN_POINT ( 'NONE',  ( 962.4999999999930700, 110.0000000000000000, -457.5000000000003400 ) ) ;
#971 = CARTESIAN_POINT ( 'NONE',  ( -1265.999999999999800, -2753.075766534852400, 860.9999999999998900 ) ) ;
#972 = ORIENTED_EDGE ( 'NONE', *, *, #2618, .F. ) ;
#973 = CARTESIAN_POINT ( 'NONE',  ( -1015.999999999999800, 750.0000000000000000, 2.055129491129239500E-013 ) ) ;
#974 = DIRECTION ( 'NONE',  ( 0.0000000000000000000, -1.000000000000000000, 0.0000000000000000000 ) ) ;
#975 = AXIS2_PLACEMENT_3D ( 'NONE', #2292, #1442, #1450 ) ;
#976 = DIRECTION ( 'NONE',  ( -1.640245344153562200E-016, 0.0000000000000000000, 1.000000000000000000 ) ) ;
#977 = EDGE_LOOP ( 'NONE', ( #583, #2231, #558, #774 ) ) ;
#978 = FILL_AREA_STYLE_COLOUR ( '', #2205 ) ;
#979 = ORIENTED_EDGE ( 'NONE', *, *, #213, .F. ) ;
#980 = DIRECTION ( 'NONE',  ( -1.000000000000000000, 0.0000000000000000000, 0.0000000000000000000 ) ) ;
#981 = EDGE_LOOP ( 'NONE', ( #2192, #2272 ) ) ;
#982 = ORIENTED_EDGE ( 'NONE', *, *, #2213, .F. ) ;
#983 = ORIENTED_EDGE ( 'NONE', *, *, #621, .F. ) ;
#984 = DIRECTION ( 'NONE',  ( -1.000000000000000000, 0.0000000000000000000, 0.0000000000000000000 ) ) ;
#985 = CARTESIAN_POINT ( 'NONE',  ( 962.4999999999930700, 160.0000000000000000, -359.5204102886732500 ) ) ;
#986 = EDGE_LOOP ( 'NONE', ( #1055, #1807 ) ) ;
#987 = EDGE_CURVE ( 'NONE', #2159, #2622, #613, .T. ) ;
#988 = FACE_OUTER_BOUND ( 'NONE', #710, .T. ) ;
#989 = PRESENTATION_STYLE_ASSIGNMENT (( #1553 ) ) ;
#990 = LINE ( 'NONE', #2325, #923 ) ;
#991 = CARTESIAN_POINT ( 'NONE',  ( 412.4999999999951100, 160.0000000000000000, -359.5204102886732500 ) ) ;
#992 = AXIS2_PLACEMENT_3D ( 'NONE', #353, #1154, #2630 ) ;
#993 = CIRCLE ( 'NONE', #1697, 97.97958971132708000 ) ;
#994 = EDGE_CURVE ( 'NONE', #2304, #884, #75, .T. ) ;
#995 = CARTESIAN_POINT ( 'NONE',  ( 1374.999999999995000, 160.0000000000000000, -305.0000000000000600 ) ) ;
#996 = CARTESIAN_POINT ( 'NONE',  ( -962.4999999999997700, 110.0000000000000000, 347.4999999999999400 ) ) ;
#997 = PLANE ( 'NONE',  #474 ) ;
#998 = CARTESIAN_POINT ( 'NONE',  ( 1246.000000000000200, -2753.075766534852400, 840.9999999999998900 ) ) ;
#999 = DIRECTION ( 'NONE',  ( -0.0000000000000000000, -1.000000000000000000, 0.0000000000000000000 ) ) ;
#1000 = CARTESIAN_POINT ( 'NONE',  ( 962.4999999999930700, 160.0000000000000000, -457.5000000000003400 ) ) ;
#1001 = AXIS2_PLACEMENT_3D ( 'NONE', #2271, #1618, #366 ) ;
#1002 = PLANE ( 'NONE',  #1767 ) ;
#1003 = VECTOR ( 'NONE', #1243, 1000000.000000000000 ) ;
#1004 = LINE ( 'NONE', #2248, #1334 ) ;
#1005 = DIRECTION ( 'NONE',  ( -0.0000000000000000000, 0.0000000000000000000, -1.000000000000000000 ) ) ;
#1006 = ORIENTED_EDGE ( 'NONE', *, *, #947, .F. ) ;
#1007 = AXIS2_PLACEMENT_3D ( 'NONE', #973, #1612, #361 ) ;
#1008 = CARTESIAN_POINT ( 'NONE',  ( 824.9999999999969300, 160.0000000000000000, -915.0000000000002300 ) ) ;
#1009 = VECTOR ( 'NONE', #1121, 1000000.000000000000 ) ;
#1010 = EDGE_LOOP ( 'NONE', ( #50, #1726, #406, #711 ) ) ;
#1011 = CARTESIAN_POINT ( 'NONE',  ( -412.5000000000018200, 110.0000000000000000, 457.4999999999998900 ) ) ;
#1012 = DIRECTION ( 'NONE',  ( 0.0000000000000000000, 1.000000000000000000, 0.0000000000000000000 ) ) ;
#1013 = VERTEX_POINT ( 'NONE', #2402 ) ;
#1014 = DIRECTION ( 'NONE',  ( 0.0000000000000000000, 1.000000000000000000, 0.0000000000000000000 ) ) ;
#1015 = ORIENTED_EDGE ( 'NONE', *, *, #894, .F. ) ;
#1016 = ORIENTED_EDGE ( 'NONE', *, *, #1424, .F. ) ;
#1017 = CARTESIAN_POINT ( 'NONE',  ( 137.4999999999961300, 110.0000000000000000, 567.4999999999998900 ) ) ;
#1018 = DIRECTION ( 'NONE',  ( -0.0000000000000000000, -1.000000000000000000, 0.0000000000000000000 ) ) ;
#1019 = ORIENTED_EDGE ( 'NONE', *, *, #1983, .F. ) ;
#1020 = DIRECTION ( 'NONE',  ( -1.000000000000000000, 0.0000000000000000000, 0.0000000000000000000 ) ) ;
#1021 = ORIENTED_EDGE ( 'NONE', *, *, #1095, .T. ) ;
#1022 = EDGE_LOOP ( 'NONE', ( #2359, #2267, #578, #114 ) ) ;
#1023 = EDGE_CURVE ( 'NONE', #2491, #2514, #1992, .T. ) ;
#1024 = CARTESIAN_POINT ( 'NONE',  ( 549.9999999999979500, 160.0000000000000000, 0.0000000000000000000 ) ) ;
#1025 = FACE_OUTER_BOUND ( 'NONE', #2194, .T. ) ;
#1026 = LINE ( 'NONE', #960, #2011 ) ;
#1027 = FACE_BOUND ( 'NONE', #2591, .T. ) ;
#1028 = CARTESIAN_POINT ( 'NONE',  ( 1266.000000000000200, -2753.075766534852400, -861.0000000000001100 ) ) ;
#1029 = COLOUR_RGB ( '',0.7921568627450980000, 0.8196078431372548800, 0.9333333333333333500 ) ;
#1030 = SURFACE_SIDE_STYLE ('',( #694 ) ) ;
#1031 = AXIS2_PLACEMENT_3D ( 'NONE', #398, #1857, #2074 ) ;
#1032 = DIRECTION ( 'NONE',  ( -1.000000000000000000, 0.0000000000000000000, 0.0000000000000000000 ) ) ;
#1033 =( GEOMETRIC_REPRESENTATION_CONTEXT ( 3 ) GLOBAL_UNCERTAINTY_ASSIGNED_CONTEXT ( ( #2245 ) ) GLOBAL_UNIT_ASSIGNED_CONTEXT ( ( #1, #1064, #1075 ) ) REPRESENTATION_CONTEXT ( 'NONE', 'WORKASPACE' ) );
#1034 = DIRECTION ( 'NONE',  ( -1.000000000000000000, 0.0000000000000000000, -5.085376043553024500E-017 ) ) ;
#1035 = DIRECTION ( 'NONE',  ( 0.0000000000000000000, 1.000000000000000000, 0.0000000000000000000 ) ) ;
#1036 = AXIS2_PLACEMENT_3D ( 'NONE', #74, #641, #1274 ) ;
#1037 = CARTESIAN_POINT ( 'NONE',  ( -137.5000000000028400, 110.0000000000000000, -457.5000000000003400 ) ) ;
#1038 = DIRECTION ( 'NONE',  ( -1.224646799147353200E-016, -1.000000000000000000, -0.0000000000000000000 ) ) ;
#1039 = CARTESIAN_POINT ( 'NONE',  ( -1245.999999999999800, 308.9999999999998300, -841.0000000000001100 ) ) ;
#1040 = CARTESIAN_POINT ( 'NONE',  ( 966.0000000000002300, 800.0000000000000000, 710.9999999999998900 ) ) ;
#1041 = FACE_BOUND ( 'NONE', #492, .T. ) ;
#1042 = VECTOR ( 'NONE', #2221, 1000000.000000000000 ) ;
#1043 = EDGE_CURVE ( 'NONE', #16, #2227, #548, .T. ) ;
#1044 = EDGE_LOOP ( 'NONE', ( #1161, #2102 ) ) ;
#1045 = AXIS2_PLACEMENT_3D ( 'NONE', #962, #2426, #2634 ) ;
#1046 = PLANE ( 'NONE',  #854 ) ;
#1047 = DIRECTION ( 'NONE',  ( 0.0000000000000000000, 0.0000000000000000000, -1.000000000000000000 ) ) ;
#1048 = ORIENTED_EDGE ( 'NONE', *, *, #1946, .F. ) ;
#1049 = CARTESIAN_POINT ( 'NONE',  ( -137.5000000000028400, 110.0000000000000000, 152.4999999999998600 ) ) ;
#1050 = ORIENTED_EDGE ( 'NONE', *, *, #947, .T. ) ;
#1051 = EDGE_LOOP ( 'NONE', ( #2704, #2599, #2097, #2302 ) ) ;
#1052 = EDGE_LOOP ( 'NONE', ( #2460, #935, #440, #1851 ) ) ;
#1053 = LINE ( 'NONE', #513, #533 ) ;
#1054 = ADVANCED_FACE ( 'NONE', ( #810, #1861 ), #2212, .F. ) ;
#1055 = ORIENTED_EDGE ( 'NONE', *, *, #1071, .T. ) ;
#1056 = LINE ( 'NONE', #2592, #2277 ) ;
#1057 = FACE_OUTER_BOUND ( 'NONE', #1052, .T. ) ;
#1058 = ADVANCED_FACE ( 'NONE', ( #1565 ), #2647, .F. ) ;
#1059 = SURFACE_SIDE_STYLE ('',( #1847 ) ) ;
#1060 = SPHERICAL_SURFACE ( 'NONE', #1242, 109.9999999999999600 ) ;
#1061 = FACE_OUTER_BOUND ( 'NONE', #2471, .T. ) ;
#1062 = DIRECTION ( 'NONE',  ( 1.000000000000000000, 0.0000000000000000000, -4.045530494348897600E-016 ) ) ;
#1063 =( LENGTH_UNIT ( ) NAMED_UNIT ( * ) SI_UNIT ( .MICRO., .METRE. ) );
#1064 =( NAMED_UNIT ( * ) PLANE_ANGLE_UNIT ( ) SI_UNIT ( $, .RADIAN. ) );
#1065 = ADVANCED_FACE ( 'NONE', ( #1304 ), #2616, .T. ) ;
#1066 =( GEOMETRIC_REPRESENTATION_CONTEXT ( 3 ) GLOBAL_UNCERTAINTY_ASSIGNED_CONTEXT ( ( #1625 ) ) GLOBAL_UNIT_ASSIGNED_CONTEXT ( ( #574, #1849, #1838 ) ) REPRESENTATION_CONTEXT ( 'NONE', 'WORKASPACE' ) );
#1067 = DIRECTION ( 'NONE',  ( 4.045530494348897600E-016, 0.0000000000000000000, 1.000000000000000000 ) ) ;
#1068 = COLOUR_RGB ( '',0.0000000000000000000, 0.0000000000000000000, 0.0000000000000000000 ) ;
#1069 = ADVANCED_FACE ( 'NONE', ( #1103 ), #1928, .T. ) ;
#1070 = AXIS2_PLACEMENT_3D ( 'NONE', #1854, #4, #1235 ) ;
#1071 = EDGE_CURVE ( 'NONE', #2303, #1255, #2154, .T. ) ;
#1072 = EDGE_LOOP ( 'NONE', ( #1519, #979 ) ) ;
#1073 = CARTESIAN_POINT ( 'NONE',  ( 966.0000000000002300, 750.0000000000002300, -611.0000000000001100 ) ) ;
#1074 = FACE_OUTER_BOUND ( 'NONE', #467, .T. ) ;
#1075 =( NAMED_UNIT ( * ) SI_UNIT ( $, .STERADIAN. ) SOLID_ANGLE_UNIT ( ) );
#1076 = ORIENTED_EDGE ( 'NONE', *, *, #511, .F. ) ;
#1077 = EDGE_CURVE ( 'NONE', #1646, #435, #44, .T. ) ;
#1078 = ORIENTED_EDGE ( 'NONE', *, *, #802, .F. ) ;
#1079 = CARTESIAN_POINT ( 'NONE',  ( -412.5000000000018200, 110.0000000000000000, 457.4999999999998900 ) ) ;
#1080 = ADVANCED_FACE ( 'NONE', ( #740, #457 ), #2695, .T. ) ;
#1081 = AXIS2_PLACEMENT_3D ( 'NONE', #2589, #1554, #2600 ) ;
#1082 = ORIENTED_EDGE ( 'NONE', *, *, #848, .F. ) ;
#1083 = EDGE_LOOP ( 'NONE', ( #2037, #2293 ) ) ;
#1084 = DIRECTION ( 'NONE',  ( -1.224646799147353200E-016, -1.000000000000000000, -0.0000000000000000000 ) ) ;
#1085 = EDGE_CURVE ( 'NONE', #629, #334, #77, .T. ) ;
#1086 = VERTEX_POINT ( 'NONE', #319 ) ;
#1087 = DIRECTION ( 'NONE',  ( 0.0000000000000000000, 0.0000000000000000000, 1.000000000000000000 ) ) ;
#1088 = COLOUR_RGB ( '',0.7921568627450980000, 0.8196078431372548800, 0.9333333333333333500 ) ;
#1089 = SURFACE_STYLE_USAGE ( .BOTH. , #2351 ) ;
#1090 = EDGE_CURVE ( 'NONE', #201, #1765, #2127, .T. ) ;
#1091 = CARTESIAN_POINT ( 'NONE',  ( -1265.999999999999800, -2753.075766534852400, -861.0000000000001100 ) ) ;
#1092 = CIRCLE ( 'NONE', #2437, 109.9999999999999600 ) ;
#1093 = CIRCLE ( 'NONE', #64, 109.9999999999999600 ) ;
#1094 = PRESENTATION_STYLE_ASSIGNMENT (( #768 ) ) ;
#1095 = EDGE_CURVE ( 'NONE', #2563, #1538, #1795, .T. ) ;
#1096 = EDGE_CURVE ( 'NONE', #2626, #2461, #1162, .T. ) ;
#1097 = ADVANCED_FACE ( 'NONE', ( #936 ), #1637, .T. ) ;
#1098 = FILL_AREA_STYLE_COLOUR ( '', #2538 ) ;
#1099 = CARTESIAN_POINT ( 'NONE',  ( 137.4999999999961300, 160.0000000000000000, 457.4999999999998900 ) ) ;
#1100 = LINE ( 'NONE', #2105, #545 ) ;
#1101 = VERTEX_POINT ( 'NONE', #2428 ) ;
#1102 = CARTESIAN_POINT ( 'NONE',  ( 962.4999999999930700, 110.0000000000000000, -457.5000000000003400 ) ) ;
#1103 = FACE_OUTER_BOUND ( 'NONE', #1742, .T. ) ;
#1104 = ORIENTED_EDGE ( 'NONE', *, *, #666, .F. ) ;
#1105 = DIRECTION ( 'NONE',  ( 0.0000000000000000000, 0.0000000000000000000, -1.000000000000000000 ) ) ;
#1106 = ADVANCED_FACE ( 'NONE', ( #1074 ), #551, .F. ) ;
#1107 = CARTESIAN_POINT ( 'NONE',  ( -1265.999999999999800, 308.9999999999998300, -861.0000000000001100 ) ) ;
#1108 = EDGE_LOOP ( 'NONE', ( #2366, #494, #148, #2387 ) ) ;
#1109 = ORIENTED_EDGE ( 'NONE', *, *, #1511, .T. ) ;
#1110 = ORIENTED_EDGE ( 'NONE', *, *, #321, .F. ) ;
#1111 = ORIENTED_EDGE ( 'NONE', *, *, #1369, .T. ) ;
#1112 = EDGE_LOOP ( 'NONE', ( #1802, #909, #2565, #18 ) ) ;
#1113 = DIRECTION ( 'NONE',  ( 1.000000000000000000, 0.0000000000000000000, 0.0000000000000000000 ) ) ;
#1114 = CARTESIAN_POINT ( 'NONE',  ( 0.0000000000000000000, 750.0000000000000000, -461.0000000000001700 ) ) ;
#1115 = VECTOR ( 'NONE', #776, 1000000.000000000000 ) ;
#1116 = DIRECTION ( 'NONE',  ( 1.000000000000000000, -1.232047923278982700E-016, 0.0000000000000000000 ) ) ;
#1117 = SURFACE_STYLE_FILL_AREA ( #1267 ) ;
#1118 = AXIS2_PLACEMENT_3D ( 'NONE', #345, #126, #1789 ) ;
#1119 = FACE_OUTER_BOUND ( 'NONE', #944, .T. ) ;
#1120 = COLOUR_RGB ( '',0.7921568627450980000, 0.8196078431372548800, 0.9333333333333333500 ) ;
#1121 = DIRECTION ( 'NONE',  ( 1.000000000000000000, 0.0000000000000000000, 0.0000000000000000000 ) ) ;
#1122 = FILL_AREA_STYLE_COLOUR ( '', #2310 ) ;
#1123 = CARTESIAN_POINT ( 'NONE',  ( -1245.999999999999800, 308.9999999999998300, 840.9999999999998900 ) ) ;
#1124 = EDGE_CURVE ( 'NONE', #520, #2392, #266, .T. ) ;
#1125 = CARTESIAN_POINT ( 'NONE',  ( 412.4999999999951100, 110.0000000000000000, 42.49999999999989300 ) ) ;
#1126 = AXIS2_PLACEMENT_3D ( 'NONE', #1585, #1796, #538 ) ;
#1127 = EDGE_CURVE ( 'NONE', #1839, #751, #515, .T. ) ;
#1128 = ORIENTED_EDGE ( 'NONE', *, *, #108, .F. ) ;
#1129 = DIRECTION ( 'NONE',  ( 4.045530494348897600E-016, -0.0000000000000000000, 1.000000000000000000 ) ) ;
#1130 = FACE_OUTER_BOUND ( 'NONE', #2337, .T. ) ;
#1131 = ORIENTED_EDGE ( 'NONE', *, *, #627, .F. ) ;
#1132 = PRESENTATION_STYLE_ASSIGNMENT (( #2067 ) ) ;
#1133 = ORIENTED_EDGE ( 'NONE', *, *, #1472, .F. ) ;
#1134 = CARTESIAN_POINT ( 'NONE',  ( -962.4999999999997700, 110.0000000000000000, 567.4999999999998900 ) ) ;
#1135 = STYLED_ITEM ( 'NONE', ( #1389 ), #2658 ) ;
#1136 = VERTEX_POINT ( 'NONE', #1376 ) ;
#1137 = CARTESIAN_POINT ( 'NONE',  ( 1066.000000000000000, 160.0000000000000000, -661.0000000000001100 ) ) ;
#1138 = VERTEX_POINT ( 'NONE', #1792 ) ;
#1139 = CARTESIAN_POINT ( 'NONE',  ( -1245.999999999999800, 308.9999999999998300, -841.0000000000001100 ) ) ;
#1140 = EDGE_LOOP ( 'NONE', ( #2188, #178, #2623, #1209 ) ) ;
#1141 = AXIS2_PLACEMENT_3D ( 'NONE', #585, #2470, #1205 ) ;
#1142 = ORIENTED_EDGE ( 'NONE', *, *, #929, .T. ) ;
#1143 = DIRECTION ( 'NONE',  ( 0.0000000000000000000, 0.0000000000000000000, 1.000000000000000000 ) ) ;
#1144 = ORIENTED_EDGE ( 'NONE', *, *, #2618, .T. ) ;
#1145 = LINE ( 'NONE', #2541, #597 ) ;
#1146 = FACE_OUTER_BOUND ( 'NONE', #2334, .T. ) ;
#1147 = PRESENTATION_STYLE_ASSIGNMENT (( #2320 ) ) ;
#1148 = LINE ( 'NONE', #2360, #1684 ) ;
#1149 = CARTESIAN_POINT ( 'NONE',  ( 137.4999999999961300, 160.0000000000000000, -152.5000000000002800 ) ) ;
#1150 = FACE_BOUND ( 'NONE', #1218, .T. ) ;
#1151 = ORIENTED_EDGE ( 'NONE', *, *, #1375, .F. ) ;
#1152 = EDGE_CURVE ( 'NONE', #1858, #1230, #1244, .T. ) ;
#1153 = DIRECTION ( 'NONE',  ( 0.0000000000000000000, 0.0000000000000000000, -1.000000000000000000 ) ) ;
#1154 = DIRECTION ( 'NONE',  ( 0.0000000000000000000, -1.000000000000000000, -0.0000000000000000000 ) ) ;
#1155 = CARTESIAN_POINT ( 'NONE',  ( -1115.999999999999800, 800.0000000000000000, -611.0000000000001100 ) ) ;
#1156 = DIRECTION ( 'NONE',  ( 0.0000000000000000000, 1.000000000000000000, 0.0000000000000000000 ) ) ;
#1157 = CARTESIAN_POINT ( 'NONE',  ( 1266.000000000000200, 800.0000000000000000, -861.0000000000001100 ) ) ;
#1158 = DIRECTION ( 'NONE',  ( 1.000000000000000000, -0.0000000000000000000, 0.0000000000000000000 ) ) ;
#1159 = VECTOR ( 'NONE', #633, 1000000.000000000000 ) ;
#1160 = CARTESIAN_POINT ( 'NONE',  ( 1246.000000000000200, -2802.075766534852400, 840.9999999999998900 ) ) ;
#1161 = ORIENTED_EDGE ( 'NONE', *, *, #2345, .T. ) ;
#1162 = LINE ( 'NONE', #971, #777 ) ;
#1163 = CARTESIAN_POINT ( 'NONE',  ( -1115.999999999999800, 750.0000000000000000, -611.0000000000001100 ) ) ;
#1164 = ORIENTED_EDGE ( 'NONE', *, *, #2313, .T. ) ;
#1165 = PRESENTATION_LAYER_ASSIGNMENT (  '', '', ( #890 ) ) ;
#1166 = CARTESIAN_POINT ( 'NONE',  ( -687.5000000000008000, 160.0000000000000000, -457.5000000000003400 ) ) ;
#1167 = DIRECTION ( 'NONE',  ( -1.000000000000000000, 0.0000000000000000000, 0.0000000000000000000 ) ) ;
#1168 = DIRECTION ( 'NONE',  ( 0.0000000000000000000, 0.0000000000000000000, 1.000000000000000000 ) ) ;
#1169 = STYLED_ITEM ( 'NONE', ( #953 ), #654 ) ;
#1170 = VERTEX_POINT ( 'NONE', #163 ) ;
#1171 = CARTESIAN_POINT ( 'NONE',  ( -1245.999999999999800, -2753.075766534852400, 840.9999999999998900 ) ) ;
#1172 = CARTESIAN_POINT ( 'NONE',  ( -1015.999999999999800, 750.0000000000002300, -461.0000000000001700 ) ) ;
#1173 = CARTESIAN_POINT ( 'NONE',  ( 412.4999999999951100, 160.0000000000000000, 152.4999999999998600 ) ) ;
#1174 = VERTEX_POINT ( 'NONE', #2657 ) ;
#1175 = EDGE_CURVE ( 'NONE', #881, #615, #2361, .T. ) ;
#1176 = ORIENTED_EDGE ( 'NONE', *, *, #387, .T. ) ;
#1177 = CLOSED_SHELL ( 'NONE', ( #1065, #53, #1531 ) ) ;
#1178 = ORIENTED_EDGE ( 'NONE', *, *, #56, .T. ) ;
#1179 = CARTESIAN_POINT ( 'NONE',  ( -1245.999999999999800, -2753.075766534852400, -841.0000000000001100 ) ) ;
#1180 = CARTESIAN_POINT ( 'NONE',  ( 1066.000000000000000, 160.0000000000000000, -661.0000000000001100 ) ) ;
#1181 = ORIENTED_EDGE ( 'NONE', *, *, #2487, .F. ) ;
#1182 = CARTESIAN_POINT ( 'NONE',  ( -1115.999999999999500, 800.0000000000000000, 710.9999999999998900 ) ) ;
#1183 = AXIS2_PLACEMENT_3D ( 'NONE', #2126, #209, #1491 ) ;
#1184 = AXIS2_PLACEMENT_3D ( 'NONE', #2236, #1197, #2465 ) ;
#1185 = DIRECTION ( 'NONE',  ( -2.022765247174448800E-016, 0.0000000000000000000, -1.000000000000000000 ) ) ;
#1186 = FACE_OUTER_BOUND ( 'NONE', #306, .T. ) ;
#1187 = LINE ( 'NONE', #799, #665 ) ;
#1188 = CARTESIAN_POINT ( 'NONE',  ( 0.0000000000000000000, 750.0000000000000000, -461.0000000000001700 ) ) ;
#1189 = DIRECTION ( 'NONE',  ( 0.0000000000000000000, 0.0000000000000000000, -1.000000000000000000 ) ) ;
#1190 = CIRCLE ( 'NONE', #1714, 109.9999999999999600 ) ;
#1191 =( NAMED_UNIT ( * ) PLANE_ANGLE_UNIT ( ) SI_UNIT ( $, .RADIAN. ) );
#1192 =( LENGTH_UNIT ( ) NAMED_UNIT ( * ) SI_UNIT ( .MICRO., .METRE. ) );
#1193 = AXIS2_PLACEMENT_3D ( 'NONE', #2247, #1430, #2454 ) ;
#1194 = DIRECTION ( 'NONE',  ( 0.0000000000000000000, 0.0000000000000000000, -1.000000000000000000 ) ) ;
#1195 = DIRECTION ( 'NONE',  ( 0.0000000000000000000, 0.0000000000000000000, -1.000000000000000000 ) ) ;
#1196 = UNCERTAINTY_MEASURE_WITH_UNIT (LENGTH_MEASURE( 1.000000000000000100E-005 ), #223, 'distance_accuracy_value', 'NONE');
#1197 = DIRECTION ( 'NONE',  ( 0.0000000000000000000, -1.000000000000000000, 0.0000000000000000000 ) ) ;
#1198 = FILL_AREA_STYLE_COLOUR ( '', #2375 ) ;
#1199 = DIRECTION ( 'NONE',  ( 0.0000000000000000000, 0.0000000000000000000, -1.000000000000000000 ) ) ;
#1200 = ORIENTED_EDGE ( 'NONE', *, *, #1981, .T. ) ;
#1201 = COLOUR_RGB ( '',0.7921568627450980000, 0.8196078431372548800, 0.9333333333333333500 ) ;
#1202 = DIRECTION ( 'NONE',  ( 0.0000000000000000000, 1.000000000000000000, 0.0000000000000000000 ) ) ;
#1203 = EDGE_LOOP ( 'NONE', ( #2421, #1214 ) ) ;
#1204 = LINE ( 'NONE', #2042, #1728 ) ;
#1205 = DIRECTION ( 'NONE',  ( 0.0000000000000000000, 0.0000000000000000000, -1.000000000000000000 ) ) ;
#1206 = ORIENTED_EDGE ( 'NONE', *, *, #2400, .F. ) ;
#1207 = PLANE ( 'NONE',  #2049 ) ;
#1208 = AXIS2_PLACEMENT_3D ( 'NONE', #2283, #2715, #603 ) ;
#1209 = ORIENTED_EDGE ( 'NONE', *, *, #1530, .T. ) ;
#1210 = DIRECTION ( 'NONE',  ( -0.0000000000000000000, -1.000000000000000000, 0.0000000000000000000 ) ) ;
#1211 = EDGE_CURVE ( 'NONE', #301, #107, #2294, .T. ) ;
#1212 = CARTESIAN_POINT ( 'NONE',  ( 966.0000000000002300, 750.0000000000000000, -611.0000000000001100 ) ) ;
#1213 = DIRECTION ( 'NONE',  ( -0.0000000000000000000, -1.000000000000000000, 0.0000000000000000000 ) ) ;
#1214 = ORIENTED_EDGE ( 'NONE', *, *, #80, .F. ) ;
#1215 = ORIENTED_EDGE ( 'NONE', *, *, #1152, .T. ) ;
#1216 = ORIENTED_EDGE ( 'NONE', *, *, #927, .F. ) ;
#1217 = DIRECTION ( 'NONE',  ( 1.000000000000000000, 0.0000000000000000000, -0.0000000000000000000 ) ) ;
#1218 = EDGE_LOOP ( 'NONE', ( #1021, #1338 ) ) ;
#1219 = CARTESIAN_POINT ( 'NONE',  ( 137.4999999999961300, 110.0000000000000000, -152.5000000000002800 ) ) ;
#1220 = EDGE_CURVE ( 'NONE', #809, #1138, #1444, .T. ) ;
#1221 = CIRCLE ( 'NONE', #992, 97.97958971132706600 ) ;
#1222 = CARTESIAN_POINT ( 'NONE',  ( 0.0000000000000000000, 800.0000000000000000, 0.0000000000000000000 ) ) ;
#1223 = VECTOR ( 'NONE', #294, 1000000.000000000000 ) ;
#1224 = PLANE ( 'NONE',  #825 ) ;
#1225 = AXIS2_PLACEMENT_3D ( 'NONE', #925, #1950, #2395 ) ;
#1226 = DIRECTION ( 'NONE',  ( 0.0000000000000000000, 1.000000000000000000, 0.0000000000000000000 ) ) ;
#1227 = CARTESIAN_POINT ( 'NONE',  ( -1265.999999999999800, 800.0000000000000000, -861.0000000000001100 ) ) ;
#1228 = SURFACE_STYLE_FILL_AREA ( #81 ) ;
#1229 = EDGE_CURVE ( 'NONE', #645, #1548, #1204, .T. ) ;
#1230 = VERTEX_POINT ( 'NONE', #2693 ) ;
#1231 = MANIFOLD_SOLID_BREP ( 'Pin D5', #938 ) ;
#1232 = DIRECTION ( 'NONE',  ( -1.000000000000000000, 0.0000000000000000000, 0.0000000000000000000 ) ) ;
#1233 = CARTESIAN_POINT ( 'NONE',  ( 966.0000000000002300, -1716.253839327979900, 710.9999999999998900 ) ) ;
#1234 =( GEOMETRIC_REPRESENTATION_CONTEXT ( 3 ) GLOBAL_UNCERTAINTY_ASSIGNED_CONTEXT ( ( #2029 ) ) GLOBAL_UNIT_ASSIGNED_CONTEXT ( ( #1337, #312, #100 ) ) REPRESENTATION_CONTEXT ( 'NONE', 'WORKASPACE' ) );
#1235 = DIRECTION ( 'NONE',  ( 0.0000000000000000000, 0.0000000000000000000, 1.000000000000000000 ) ) ;
#1236 = EDGE_CURVE ( 'NONE', #2495, #2496, #2256, .T. ) ;
#1237 = CARTESIAN_POINT ( 'NONE',  ( -137.5000000000028400, 160.0000000000000000, 54.52041028867277100 ) ) ;
#1238 = PLANE ( 'NONE',  #1634 ) ;
#1239 = DIRECTION ( 'NONE',  ( -1.000000000000000000, 0.0000000000000000000, 0.0000000000000000000 ) ) ;
#1240 = EDGE_CURVE ( 'NONE', #1013, #2163, #170, .T. ) ;
#1241 = CARTESIAN_POINT ( 'NONE',  ( -1015.999999999999800, -1716.253839327979900, -461.0000000000001700 ) ) ;
#1242 = AXIS2_PLACEMENT_3D ( 'NONE', #1582, #1592, #2419 ) ;
#1243 = DIRECTION ( 'NONE',  ( 0.0000000000000000000, 0.0000000000000000000, 1.000000000000000000 ) ) ;
#1244 = LINE ( 'NONE', #1172, #680 ) ;
#1245 = AXIS2_PLACEMENT_3D ( 'NONE', #998, #2224, #190 ) ;
#1246 = ORIENTED_EDGE ( 'NONE', *, *, #2505, .F. ) ;
#1247 = DIRECTION ( 'NONE',  ( 0.0000000000000000000, 1.000000000000000000, 0.0000000000000000000 ) ) ;
#1248 = DIRECTION ( 'NONE',  ( 1.000000000000000000, 0.0000000000000000000, -0.0000000000000000000 ) ) ;
#1249 = ORIENTED_EDGE ( 'NONE', *, *, #878, .T. ) ;
#1250 = CARTESIAN_POINT ( 'NONE',  ( -412.5000000000018200, 160.0000000000000000, -250.4795897113273500 ) ) ;
#1251 = VERTEX_POINT ( 'NONE', #2080 ) ;
#1252 = DIRECTION ( 'NONE',  ( 0.0000000000000000000, -0.0000000000000000000, 1.000000000000000000 ) ) ;
#1253 = FILL_AREA_STYLE ('',( #2506 ) ) ;
#1254 = ORIENTED_EDGE ( 'NONE', *, *, #2253, .F. ) ;
#1255 = VERTEX_POINT ( 'NONE', #2249 ) ;
#1256 = VERTEX_POINT ( 'NONE', #996 ) ;
#1257 = DIRECTION ( 'NONE',  ( 0.0000000000000000000, 0.0000000000000000000, 1.000000000000000000 ) ) ;
#1258 = VECTOR ( 'NONE', #900, 1000000.000000000000 ) ;
#1259 = CIRCLE ( 'NONE', #439, 97.97958971132706600 ) ;
#1260 = LINE ( 'NONE', #84, #2628 ) ;
#1261 = FILL_AREA_STYLE_COLOUR ( '', #1088 ) ;
#1262 = FACE_OUTER_BOUND ( 'NONE', #656, .T. ) ;
#1263 = CARTESIAN_POINT ( 'NONE',  ( -412.5000000000018200, 160.0000000000000000, 359.5204102886728500 ) ) ;
#1264 = AXIS2_PLACEMENT_3D ( 'NONE', #2624, #352, #1195 ) ;
#1265 =( LENGTH_UNIT ( ) NAMED_UNIT ( * ) SI_UNIT ( .MICRO., .METRE. ) );
#1266 = CARTESIAN_POINT ( 'NONE',  ( 962.4999999999930700, 110.0000000000000000, 152.4999999999998600 ) ) ;
#1267 = FILL_AREA_STYLE ('',( #19 ) ) ;
#1268 = FACE_OUTER_BOUND ( 'NONE', #1505, .T. ) ;
#1269 = EDGE_CURVE ( 'NONE', #561, #1454, #2219, .T. ) ;
#1270 = ORIENTED_EDGE ( 'NONE', *, *, #709, .F. ) ;
#1271 = CARTESIAN_POINT ( 'NONE',  ( 962.4999999999930700, 110.0000000000000000, 42.49999999999989300 ) ) ;
#1272 = ORIENTED_EDGE ( 'NONE', *, *, #1351, .T. ) ;
#1273 = AXIS2_PLACEMENT_3D ( 'NONE', #744, #1368, #131 ) ;
#1274 = DIRECTION ( 'NONE',  ( -1.000000000000000000, 0.0000000000000000000, 0.0000000000000000000 ) ) ;
#1275 = ORIENTED_EDGE ( 'NONE', *, *, #2058, .F. ) ;
#1276 = CARTESIAN_POINT ( 'NONE',  ( 816.0000000000001100, 750.0000000000000000, -461.0000000000001700 ) ) ;
#1277 = EDGE_CURVE ( 'NONE', #1280, #2461, #2324, .T. ) ;
#1278 = ADVANCED_FACE ( 'NONE', ( #1670 ), #1764, .T. ) ;
#1279 = ORIENTED_EDGE ( 'NONE', *, *, #1071, .F. ) ;
#1280 = VERTEX_POINT ( 'NONE', #1227 ) ;
#1281 = CARTESIAN_POINT ( 'NONE',  ( -1015.999999999999800, -1716.253839327979900, -461.0000000000001700 ) ) ;
#1282 = ORIENTED_EDGE ( 'NONE', *, *, #901, .F. ) ;
#1283 = PRESENTATION_LAYER_ASSIGNMENT (  '', '', ( #543 ) ) ;
#1284 = ORIENTED_EDGE ( 'NONE', *, *, #159, .F. ) ;
#1285 = SPHERICAL_SURFACE ( 'NONE', #2543, 109.9999999999999600 ) ;
#1286 = FACE_OUTER_BOUND ( 'NONE', #1336, .T. ) ;
#1287 = DIRECTION ( 'NONE',  ( 1.000000000000000000, -1.232047923278982700E-016, 0.0000000000000000000 ) ) ;
#1288 = ADVANCED_FACE ( 'NONE', ( #323 ), #808, .F. ) ;
#1289 = PRESENTATION_STYLE_ASSIGNMENT (( #946 ) ) ;
#1290 = CIRCLE ( 'NONE', #2110, 97.97958971132706600 ) ;
#1291 = LINE ( 'NONE', #1624, #1753 ) ;
#1292 =( GEOMETRIC_REPRESENTATION_CONTEXT ( 3 ) GLOBAL_UNCERTAINTY_ASSIGNED_CONTEXT ( ( #2389 ) ) GLOBAL_UNIT_ASSIGNED_CONTEXT ( ( #2146, #684, #736 ) ) REPRESENTATION_CONTEXT ( 'NONE', 'WORKASPACE' ) );
#1293 = FACE_OUTER_BOUND ( 'NONE', #525, .T. ) ;
#1294 = DIRECTION ( 'NONE',  ( 0.0000000000000000000, 0.0000000000000000000, -1.000000000000000000 ) ) ;
#1295 = ADVANCED_FACE ( 'NONE', ( #1363 ), #1958, .T. ) ;
#1296 = CARTESIAN_POINT ( 'NONE',  ( 816.0000000000001100, -1716.253839327979900, -461.0000000000001700 ) ) ;
#1297 = CARTESIAN_POINT ( 'NONE',  ( -1065.999999999999500, 160.0000000000000000, -661.0000000000002300 ) ) ;
#1298 = DIRECTION ( 'NONE',  ( 0.0000000000000000000, 0.0000000000000000000, 1.000000000000000000 ) ) ;
#1299 = ADVANCED_FACE ( 'NONE', ( #584 ), #199, .T. ) ;
#1300 = DIRECTION ( 'NONE',  ( 0.0000000000000000000, 0.0000000000000000000, 1.000000000000000000 ) ) ;
#1301 = FACE_OUTER_BOUND ( 'NONE', #1771, .T. ) ;
#1302 = EDGE_CURVE ( 'NONE', #1839, #2514, #1503, .T. ) ;
#1303 = ORIENTED_EDGE ( 'NONE', *, *, #239, .F. ) ;
#1304 = FACE_OUTER_BOUND ( 'NONE', #2197, .T. ) ;
#1305 = CARTESIAN_POINT ( 'NONE',  ( 549.9999999999979500, 160.0000000000000000, -610.0000000000002300 ) ) ;
#1306 = ORIENTED_EDGE ( 'NONE', *, *, #482, .T. ) ;
#1307 = EDGE_LOOP ( 'NONE', ( #2069, #1974 ) ) ;
#1308 = CARTESIAN_POINT ( 'NONE',  ( 1649.999999999993900, 160.0000000000000000, -610.0000000000002300 ) ) ;
#1309 = AXIS2_PLACEMENT_3D ( 'NONE', #700, #898, #1772 ) ;
#1310 =( NAMED_UNIT ( * ) SI_UNIT ( $, .STERADIAN. ) SOLID_ANGLE_UNIT ( ) );
#1311 = ORIENTED_EDGE ( 'NONE', *, *, #756, .F. ) ;
#1312 = DIRECTION ( 'NONE',  ( 0.0000000000000000000, -1.000000000000000000, 0.0000000000000000000 ) ) ;
#1313 = MECHANICAL_DESIGN_GEOMETRIC_PRESENTATION_REPRESENTATION (  '', ( #890 ), #1461 ) ;
#1314 = ORIENTED_EDGE ( 'NONE', *, *, #385, .F. ) ;
#1315 = ORIENTED_EDGE ( 'NONE', *, *, #816, .T. ) ;
#1316 = FACE_OUTER_BOUND ( 'NONE', #2519, .T. ) ;
#1317 = MECHANICAL_DESIGN_GEOMETRIC_PRESENTATION_REPRESENTATION (  '', ( #1169 ), #1463 ) ;
#1318 = COLOUR_RGB ( '',0.7921568627450980000, 0.8196078431372548800, 0.9333333333333333500 ) ;
#1319 = DIRECTION ( 'NONE',  ( 0.0000000000000000000, -1.000000000000000000, -0.0000000000000000000 ) ) ;
#1320 = EDGE_CURVE ( 'NONE', #435, #2596, #340, .T. ) ;
#1321 = CIRCLE ( 'NONE', #2202, 109.9999999999999600 ) ;
#1322 = ADVANCED_FACE ( 'NONE', ( #1381 ), #831, .F. ) ;
#1323 = FACE_OUTER_BOUND ( 'NONE', #977, .T. ) ;
#1324 = LINE ( 'NONE', #283, #2467 ) ;
#1325 = CARTESIAN_POINT ( 'NONE',  ( 0.0000000000000000000, 750.0000000000000000, 610.9999999999998900 ) ) ;
#1326 = DIRECTION ( 'NONE',  ( 1.000000000000000000, 0.0000000000000000000, 2.034150417421209600E-016 ) ) ;
#1327 = DIRECTION ( 'NONE',  ( 0.0000000000000000000, -0.0000000000000000000, -1.000000000000000000 ) ) ;
#1328 = EDGE_CURVE ( 'NONE', #1858, #1419, #1386, .T. ) ;
#1329 = DIRECTION ( 'NONE',  ( -0.0000000000000000000, -1.000000000000000000, 0.0000000000000000000 ) ) ;
#1330 = SURFACE_STYLE_USAGE ( .BOTH. , #2576 ) ;
#1331 =( GEOMETRIC_REPRESENTATION_CONTEXT ( 3 ) GLOBAL_UNCERTAINTY_ASSIGNED_CONTEXT ( ( #1627 ) ) GLOBAL_UNIT_ASSIGNED_CONTEXT ( ( #2442, #2663, #378 ) ) REPRESENTATION_CONTEXT ( 'NONE', 'WORKASPACE' ) );
#1332 = CARTESIAN_POINT ( 'NONE',  ( 687.4999999999940900, 110.0000000000000000, -42.50000000000032700 ) ) ;
#1333 = DIRECTION ( 'NONE',  ( 1.000000000000000000, 0.0000000000000000000, 0.0000000000000000000 ) ) ;
#1334 = VECTOR ( 'NONE', #1628, 1000000.000000000000 ) ;
#1335 = ORIENTED_EDGE ( 'NONE', *, *, #601, .F. ) ;
#1336 = EDGE_LOOP ( 'NONE', ( #1216, #1513 ) ) ;
#1337 =( LENGTH_UNIT ( ) NAMED_UNIT ( * ) SI_UNIT ( .MICRO., .METRE. ) );
#1338 = ORIENTED_EDGE ( 'NONE', *, *, #213, .T. ) ;
#1339 = SURFACE_SIDE_STYLE ('',( #1681 ) ) ;
#1340 = VERTEX_POINT ( 'NONE', #37 ) ;
#1341 = ORIENTED_EDGE ( 'NONE', *, *, #299, .T. ) ;
#1342 = VERTEX_POINT ( 'NONE', #431 ) ;
#1343 = ORIENTED_EDGE ( 'NONE', *, *, #2550, .T. ) ;
#1344 = CARTESIAN_POINT ( 'NONE',  ( 687.4999999999940900, 160.0000000000000000, 457.4999999999998900 ) ) ;
#1345 = ORIENTED_EDGE ( 'NONE', *, *, #1320, .T. ) ;
#1346 = AXIS2_PLACEMENT_3D ( 'NONE', #970, #2239, #1818 ) ;
#1347 = LINE ( 'NONE', #2515, #790 ) ;
#1348 = PRESENTATION_STYLE_ASSIGNMENT (( #2443 ) ) ;
#1349 = FILL_AREA_STYLE ('',( #2190 ) ) ;
#1350 = AXIS2_PLACEMENT_3D ( 'NONE', #1028, #212, #2279 ) ;
#1351 = EDGE_CURVE ( 'NONE', #2140, #1251, #990, .T. ) ;
#1352 = LINE ( 'NONE', #229, #1916 ) ;
#1353 = EDGE_CURVE ( 'NONE', #2567, #425, #93, .T. ) ;
#1354 =( GEOMETRIC_REPRESENTATION_CONTEXT ( 3 ) GLOBAL_UNCERTAINTY_ASSIGNED_CONTEXT ( ( #1786 ) ) GLOBAL_UNIT_ASSIGNED_CONTEXT ( ( #2406, #487, #493 ) ) REPRESENTATION_CONTEXT ( 'NONE', 'WORKASPACE' ) );
#1355 = EDGE_CURVE ( 'NONE', #689, #1443, #2081, .T. ) ;
#1356 = DIRECTION ( 'NONE',  ( -1.000000000000000000, -0.0000000000000000000, -0.0000000000000000000 ) ) ;
#1357 = VECTOR ( 'NONE', #402, 1000000.000000000000 ) ;
#1358 = DIRECTION ( 'NONE',  ( -0.0000000000000000000, -1.000000000000000000, 0.0000000000000000000 ) ) ;
#1359 =( LENGTH_UNIT ( ) NAMED_UNIT ( * ) SI_UNIT ( .MICRO., .METRE. ) );
#1360 = SURFACE_STYLE_USAGE ( .BOTH. , #2655 ) ;
#1361 = CLOSED_SHELL ( 'NONE', ( #2352, #1533, #2575 ) ) ;
#1362 = AXIS2_PLACEMENT_3D ( 'NONE', #1037, #1018, #1900 ) ;
#1363 = FACE_OUTER_BOUND ( 'NONE', #1569, .T. ) ;
#1364 = VERTEX_POINT ( 'NONE', #2089 ) ;
#1365 = CARTESIAN_POINT ( 'NONE',  ( -687.5000000000008000, 110.0000000000000000, 152.4999999999998600 ) ) ;
#1366 = CARTESIAN_POINT ( 'NONE',  ( -1115.999999999999800, -1716.253839327979900, 710.9999999999998900 ) ) ;
#1367 = ORIENTED_EDGE ( 'NONE', *, *, #763, .F. ) ;
#1368 = DIRECTION ( 'NONE',  ( 0.0000000000000000000, -1.000000000000000000, -0.0000000000000000000 ) ) ;
#1369 = EDGE_CURVE ( 'NONE', #1101, #1744, #2312, .T. ) ;
#1370 = FILL_AREA_STYLE_COLOUR ( '', #1318 ) ;
#1371 = CARTESIAN_POINT ( 'NONE',  ( -1245.999999999999800, -2802.075766534852400, -841.0000000000001100 ) ) ;
#1372 = ORIENTED_EDGE ( 'NONE', *, *, #1788, .T. ) ;
#1373 = DIRECTION ( 'NONE',  ( 0.0000000000000000000, -1.000000000000000000, -0.0000000000000000000 ) ) ;
#1374 = ORIENTED_EDGE ( 'NONE', *, *, #2122, .F. ) ;
#1375 = EDGE_CURVE ( 'NONE', #1645, #520, #2108, .T. ) ;
#1376 = CARTESIAN_POINT ( 'NONE',  ( 137.4999999999961300, 110.0000000000000000, -42.50000000000032700 ) ) ;
#1377 = ORIENTED_EDGE ( 'NONE', *, *, #1930, .T. ) ;
#1378 = VERTEX_POINT ( 'NONE', #2311 ) ;
#1379 = FACE_OUTER_BOUND ( 'NONE', #1770, .T. ) ;
#1380 =( NAMED_UNIT ( * ) PLANE_ANGLE_UNIT ( ) SI_UNIT ( $, .RADIAN. ) );
#1381 = FACE_OUTER_BOUND ( 'NONE', #210, .T. ) ;
#1382 = DIRECTION ( 'NONE',  ( 0.0000000000000000000, 0.0000000000000000000, -1.000000000000000000 ) ) ;
#1383 = VECTOR ( 'NONE', #728, 1000000.000000000000 ) ;
#1384 = PLANE ( 'NONE',  #1737 ) ;
#1385 = FILL_AREA_STYLE ('',( #716 ) ) ;
#1386 = LINE ( 'NONE', #451, #2672 ) ;
#1387 = SURFACE_SIDE_STYLE ('',( #320 ) ) ;
#1388 =( NAMED_UNIT ( * ) PLANE_ANGLE_UNIT ( ) SI_UNIT ( $, .RADIAN. ) );
#1389 = PRESENTATION_STYLE_ASSIGNMENT (( #829 ) ) ;
#1390 = CARTESIAN_POINT ( 'NONE',  ( -137.5000000000028400, 110.0000000000000000, -457.5000000000003400 ) ) ;
#1391 = FACE_OUTER_BOUND ( 'NONE', #1413, .T. ) ;
#1392 = CARTESIAN_POINT ( 'NONE',  ( 687.4999999999940900, 110.0000000000000000, -152.5000000000002800 ) ) ;
#1393 = DIRECTION ( 'NONE',  ( 1.000000000000000000, -1.232047923278982700E-016, 0.0000000000000000000 ) ) ;
#1394 = MANIFOLD_SOLID_BREP ( 'Pin C4', #395 ) ;
#1395 = CARTESIAN_POINT ( 'NONE',  ( -687.5000000000008000, 110.0000000000000000, -567.5000000000003400 ) ) ;
#1396 = DIRECTION ( 'NONE',  ( 0.0000000000000000000, -1.000000000000000000, -0.0000000000000000000 ) ) ;
#1397 = DIRECTION ( 'NONE',  ( -0.0000000000000000000, 1.000000000000000000, -0.0000000000000000000 ) ) ;
#1398 = DIRECTION ( 'NONE',  ( 0.0000000000000000000, 1.000000000000000000, 0.0000000000000000000 ) ) ;
#1399 = CARTESIAN_POINT ( 'NONE',  ( 1246.000000000000200, -2802.075766534852400, 840.9999999999998900 ) ) ;
#1400 = CIRCLE ( 'NONE', #2524, 109.9999999999999600 ) ;
#1401 = CARTESIAN_POINT ( 'NONE',  ( -962.4999999999997700, 160.0000000000000000, 457.4999999999998900 ) ) ;
#1402 = AXIS2_PLACEMENT_3D ( 'NONE', #1961, #701, #914 ) ;
#1403 = ORIENTED_EDGE ( 'NONE', *, *, #2253, .T. ) ;
#1404 = DIRECTION ( 'NONE',  ( 0.0000000000000000000, 0.0000000000000000000, -1.000000000000000000 ) ) ;
#1405 = DIRECTION ( 'NONE',  ( 0.0000000000000000000, -1.000000000000000000, -0.0000000000000000000 ) ) ;
#1406 = VERTEX_POINT ( 'NONE', #2535 ) ;
#1407 =( NAMED_UNIT ( * ) SI_UNIT ( $, .STERADIAN. ) SOLID_ANGLE_UNIT ( ) );
#1408 = DIRECTION ( 'NONE',  ( 0.0000000000000000000, 0.0000000000000000000, -1.000000000000000000 ) ) ;
#1409 = DIRECTION ( 'NONE',  ( -1.000000000000000000, 0.0000000000000000000, 0.0000000000000000000 ) ) ;
#1410 = VERTEX_POINT ( 'NONE', #1040 ) ;
#1411 = ORIENTED_EDGE ( 'NONE', *, *, #2641, .T. ) ;
#1412 = EDGE_CURVE ( 'NONE', #1733, #1013, #832, .T. ) ;
#1413 = EDGE_LOOP ( 'NONE', ( #1862, #1702 ) ) ;
#1414 = ORIENTED_EDGE ( 'NONE', *, *, #344, .F. ) ;
#1415 = DIRECTION ( 'NONE',  ( -1.000000000000000000, 0.0000000000000000000, 0.0000000000000000000 ) ) ;
#1416 = CARTESIAN_POINT ( 'NONE',  ( 687.4999999999940900, 110.0000000000000000, 347.4999999999999400 ) ) ;
#1417 = ORIENTED_EDGE ( 'NONE', *, *, #1701, .F. ) ;
#1418 = FACE_OUTER_BOUND ( 'NONE', #2128, .T. ) ;
#1419 = VERTEX_POINT ( 'NONE', #2511 ) ;
#1420 = PLANE ( 'NONE',  #1193 ) ;
#1421 = AXIS2_PLACEMENT_3D ( 'NONE', #2223, #2434, #1393 ) ;
#1422 = EDGE_LOOP ( 'NONE', ( #1015, #2706, #2522, #1270 ) ) ;
#1423 = PLANE ( 'NONE',  #786 ) ;
#1424 = EDGE_CURVE ( 'NONE', #1765, #466, #413, .T. ) ;
#1425 = CARTESIAN_POINT ( 'NONE',  ( -1245.999999999999800, -2802.075766534852400, 840.9999999999998900 ) ) ;
#1426 = LINE ( 'NONE', #2026, #2714 ) ;
#1427 = CARTESIAN_POINT ( 'NONE',  ( -1015.999999999999800, 800.0000000000000000, -461.0000000000001700 ) ) ;
#1428 = VECTOR ( 'NONE', #172, 1000000.000000000000 ) ;
#1429 = CARTESIAN_POINT ( 'NONE',  ( -137.5000000000028400, 110.0000000000000000, 152.4999999999998600 ) ) ;
#1430 = DIRECTION ( 'NONE',  ( 0.0000000000000000000, -1.000000000000000000, 0.0000000000000000000 ) ) ;
#1431 = AXIS2_PLACEMENT_3D ( 'NONE', #197, #1889, #1863 ) ;
#1432 = CARTESIAN_POINT ( 'NONE',  ( -1015.999999999999500, 750.0000000000002300, 610.9999999999998900 ) ) ;
#1433 = CARTESIAN_POINT ( 'NONE',  ( -1115.999999999999800, -1716.253839327979900, 710.9999999999998900 ) ) ;
#1434 = MANIFOLD_SOLID_BREP ( 'Pin B5', #1361 ) ;
#1435 = DIRECTION ( 'NONE',  ( -0.0000000000000000000, -1.000000000000000000, 0.0000000000000000000 ) ) ;
#1436 = PRESENTATION_LAYER_ASSIGNMENT (  '', '', ( #2644 ) ) ;
#1437 = DIRECTION ( 'NONE',  ( 1.000000000000000000, 0.0000000000000000000, 0.0000000000000000000 ) ) ;
#1438 = CARTESIAN_POINT ( 'NONE',  ( 687.4999999999940900, 110.0000000000000000, 457.4999999999998900 ) ) ;
#1439 = VECTOR ( 'NONE', #160, 1000000.000000000000 ) ;
#1440 = VECTOR ( 'NONE', #2713, 1000000.000000000000 ) ;
#1441 = DIRECTION ( 'NONE',  ( 0.0000000000000000000, 0.0000000000000000000, 1.000000000000000000 ) ) ;
#1442 = DIRECTION ( 'NONE',  ( -1.224646799147353200E-016, -1.000000000000000000, -0.0000000000000000000 ) ) ;
#1443 = VERTEX_POINT ( 'NONE', #2096 ) ;
#1444 = CIRCLE ( 'NONE', #975, 109.9999999999999600 ) ;
#1445 = ORIENTED_EDGE ( 'NONE', *, *, #1747, .T. ) ;
#1446 = DIRECTION ( 'NONE',  ( 0.0000000000000000000, -0.0000000000000000000, -1.000000000000000000 ) ) ;
#1447 = CLOSED_SHELL ( 'NONE', ( #1295, #2557, #1723 ) ) ;
#1448 =( NAMED_UNIT ( * ) SI_UNIT ( $, .STERADIAN. ) SOLID_ANGLE_UNIT ( ) );
#1449 = EDGE_CURVE ( 'NONE', #459, #1342, #1093, .T. ) ;
#1450 = DIRECTION ( 'NONE',  ( 1.000000000000000000, -1.232047923278982700E-016, 0.0000000000000000000 ) ) ;
#1451 = VERTEX_POINT ( 'NONE', #2574 ) ;
#1452 = EDGE_LOOP ( 'NONE', ( #2697, #2003 ) ) ;
#1453 = ORIENTED_EDGE ( 'NONE', *, *, #1884, .F. ) ;
#1454 = VERTEX_POINT ( 'NONE', #1475 ) ;
#1455 = ORIENTED_EDGE ( 'NONE', *, *, #1602, .F. ) ;
#1456 = PLANE ( 'NONE',  #198 ) ;
#1457 = CIRCLE ( 'NONE', #1183, 109.9999999999999600 ) ;
#1458 = CARTESIAN_POINT ( 'NONE',  ( -962.4999999999997700, 110.0000000000000000, 457.4999999999998900 ) ) ;
#1459 = SURFACE_STYLE_FILL_AREA ( #1935 ) ;
#1460 = CARTESIAN_POINT ( 'NONE',  ( 1266.000000000000200, 260.0000000000000000, -861.0000000000001100 ) ) ;
#1461 =( GEOMETRIC_REPRESENTATION_CONTEXT ( 3 ) GLOBAL_UNCERTAINTY_ASSIGNED_CONTEXT ( ( #1757 ) ) GLOBAL_UNIT_ASSIGNED_CONTEXT ( ( #2520, #48, #1725 ) ) REPRESENTATION_CONTEXT ( 'NONE', 'WORKASPACE' ) );
#1462 = DIRECTION ( 'NONE',  ( 0.0000000000000000000, 0.0000000000000000000, 1.000000000000000000 ) ) ;
#1463 =( GEOMETRIC_REPRESENTATION_CONTEXT ( 3 ) GLOBAL_UNCERTAINTY_ASSIGNED_CONTEXT ( ( #1876 ) ) GLOBAL_UNIT_ASSIGNED_CONTEXT ( ( #326, #1586, #1799 ) ) REPRESENTATION_CONTEXT ( 'NONE', 'WORKASPACE' ) );
#1464 = DIRECTION ( 'NONE',  ( 0.0000000000000000000, 0.0000000000000000000, 1.000000000000000000 ) ) ;
#1465 = CARTESIAN_POINT ( 'NONE',  ( 0.0000000000000000000, 309.0000000000000000, 0.0000000000000000000 ) ) ;
#1466 = EDGE_CURVE ( 'NONE', #2567, #425, #1583, .T. ) ;
#1467 = SURFACE_SIDE_STYLE ('',( #2275 ) ) ;
#1468 = ORIENTED_EDGE ( 'NONE', *, *, #1500, .T. ) ;
#1469 = STYLED_ITEM ( 'NONE', ( #96 ), #2195 ) ;
#1470 = CARTESIAN_POINT ( 'NONE',  ( 137.4999999999961300, 110.0000000000000000, 457.4999999999998900 ) ) ;
#1471 = VECTOR ( 'NONE', #2646, 1000000.000000000000 ) ;
#1472 = EDGE_CURVE ( 'NONE', #1646, #207, #1324, .T. ) ;
#1473 = SURFACE_STYLE_USAGE ( .BOTH. , #1030 ) ;
#1474 = ORIENTED_EDGE ( 'NONE', *, *, #1981, .F. ) ;
#1475 = CARTESIAN_POINT ( 'NONE',  ( 412.4999999999951100, 110.0000000000000000, -347.5000000000003400 ) ) ;
#1476 = VERTEX_POINT ( 'NONE', #1920 ) ;
#1477 = ORIENTED_EDGE ( 'NONE', *, *, #675, .T. ) ;
#1478 = DIRECTION ( 'NONE',  ( 0.0000000000000000000, 1.000000000000000000, 0.0000000000000000000 ) ) ;
#1479 = ORIENTED_EDGE ( 'NONE', *, *, #1607, .F. ) ;
#1480 = DIRECTION ( 'NONE',  ( -1.224646799147353200E-016, -1.000000000000000000, -0.0000000000000000000 ) ) ;
#1481 =( NAMED_UNIT ( * ) PLANE_ANGLE_UNIT ( ) SI_UNIT ( $, .RADIAN. ) );
#1482 = EDGE_LOOP ( 'NONE', ( #2073, #1546, #851, #1109 ) ) ;
#1483 = ORIENTED_EDGE ( 'NONE', *, *, #1229, .F. ) ;
#1484 = ORIENTED_EDGE ( 'NONE', *, *, #2539, .F. ) ;
#1485 = DIRECTION ( 'NONE',  ( -1.000000000000000000, 0.0000000000000000000, 4.045530494348898100E-016 ) ) ;
#1486 = PRESENTATION_STYLE_ASSIGNMENT (( #1330 ) ) ;
#1487 = ADVANCED_FACE ( 'NONE', ( #2501 ), #78, .F. ) ;
#1488 = ORIENTED_EDGE ( 'NONE', *, *, #2316, .F. ) ;
#1489 = LINE ( 'NONE', #2674, #337 ) ;
#1490 = CIRCLE ( 'NONE', #103, 97.97958971132706600 ) ;
#1491 = DIRECTION ( 'NONE',  ( 1.000000000000000000, -1.232047923278982700E-016, 0.0000000000000000000 ) ) ;
#1492 = VECTOR ( 'NONE', #2355, 1000000.000000000000 ) ;
#1493 = ADVANCED_FACE ( 'NONE', ( #2432 ), #1510, .F. ) ;
#1494 = SPHERICAL_SURFACE ( 'NONE', #452, 109.9999999999999600 ) ;
#1495 = AXIS2_PLACEMENT_3D ( 'NONE', #679, #1732, #1948 ) ;
#1496 = FILL_AREA_STYLE_COLOUR ( '', #664 ) ;
#1497 = ADVANCED_FACE ( 'NONE', ( #1057 ), #468, .T. ) ;
#1498 = FILL_AREA_STYLE ('',( #1657 ) ) ;
#1499 = AXIS2_PLACEMENT_3D ( 'NONE', #260, #1719, #2138 ) ;
#1500 = EDGE_CURVE ( 'NONE', #615, #375, #26, .T. ) ;
#1501 = CIRCLE ( 'NONE', #1803, 97.97958971132706600 ) ;
#1502 = ADVANCED_FACE ( 'NONE', ( #1027, #761 ), #1938, .T. ) ;
#1503 = LINE ( 'NONE', #217, #1159 ) ;
#1504 = EDGE_CURVE ( 'NONE', #1547, #781, #476, .T. ) ;
#1505 = EDGE_LOOP ( 'NONE', ( #1768, #234 ) ) ;
#1506 = CARTESIAN_POINT ( 'NONE',  ( 687.4999999999940900, 160.0000000000000000, -152.5000000000002800 ) ) ;
#1507 = VECTOR ( 'NONE', #1829, 1000000.000000000100 ) ;
#1508 = ORIENTED_EDGE ( 'NONE', *, *, #1355, .F. ) ;
#1509 = ORIENTED_EDGE ( 'NONE', *, *, #1946, .T. ) ;
#1510 = PLANE ( 'NONE',  #1731 ) ;
#1511 = EDGE_CURVE ( 'NONE', #586, #201, #1617, .T. ) ;
#1512 = ADVANCED_FACE ( 'NONE', ( #1262 ), #1955, .T. ) ;
#1513 = ORIENTED_EDGE ( 'NONE', *, *, #1220, .T. ) ;
#1514 = AXIS2_PLACEMENT_3D ( 'NONE', #528, #2007, #1994 ) ;
#1515 = DIRECTION ( 'NONE',  ( 0.4975428121645263900, 0.7105647754616250000, 0.4975428121645265000 ) ) ;
#1516 = ORIENTED_EDGE ( 'NONE', *, *, #901, .T. ) ;
#1517 = DIRECTION ( 'NONE',  ( 0.0000000000000000000, 1.000000000000000000, 0.0000000000000000000 ) ) ;
#1518 = ORIENTED_EDGE ( 'NONE', *, *, #1555, .T. ) ;
#1519 = ORIENTED_EDGE ( 'NONE', *, *, #1095, .F. ) ;
#1520 = VECTOR ( 'NONE', #43, 1000000.000000000000 ) ;
#1521 = FACE_OUTER_BOUND ( 'NONE', #747, .T. ) ;
#1522 = DIRECTION ( 'NONE',  ( 1.000000000000000000, 0.0000000000000000000, 5.085376043553024500E-017 ) ) ;
#1523 = EDGE_CURVE ( 'NONE', #1548, #1280, #1913, .T. ) ;
#1524 = FACE_OUTER_BOUND ( 'NONE', #2000, .T. ) ;
#1525 = FACE_OUTER_BOUND ( 'NONE', #2490, .T. ) ;
#1526 = UNCERTAINTY_MEASURE_WITH_UNIT (LENGTH_MEASURE( 1.000000000000000100E-005 ), #2308, 'distance_accuracy_value', 'NONE');
#1527 = VECTOR ( 'NONE', #1890, 1000000.000000000000 ) ;
#1528 = AXIS2_PLACEMENT_3D ( 'NONE', #967, #2217, #523 ) ;
#1529 = PLANE ( 'NONE',  #2084 ) ;
#1530 = EDGE_CURVE ( 'NONE', #1841, #2163, #506, .T. ) ;
#1531 = ADVANCED_FACE ( 'NONE', ( #2717 ), #672, .F. ) ;
#1532 = DIRECTION ( 'NONE',  ( 0.0000000000000000000, 0.0000000000000000000, -1.000000000000000000 ) ) ;
#1533 = ADVANCED_FACE ( 'NONE', ( #1814, #472 ), #58, .T. ) ;
#1534 = DIRECTION ( 'NONE',  ( 0.0000000000000000000, -1.000000000000000000, 0.0000000000000000000 ) ) ;
#1535 = ORIENTED_EDGE ( 'NONE', *, *, #389, .F. ) ;
#1536 = DIRECTION ( 'NONE',  ( -0.0000000000000000000, 0.0000000000000000000, 1.000000000000000000 ) ) ;
#1537 = CARTESIAN_POINT ( 'NONE',  ( 412.4999999999951100, 110.0000000000000000, -567.5000000000003400 ) ) ;
#1538 = VERTEX_POINT ( 'NONE', #303 ) ;
#1539 = DIRECTION ( 'NONE',  ( 0.0000000000000000000, 1.000000000000000000, 0.0000000000000000000 ) ) ;
#1540 = ADVANCED_FACE ( 'NONE', ( #2307 ), #503, .F. ) ;
#1541 = ORIENTED_EDGE ( 'NONE', *, *, #2391, .F. ) ;
#1542 = VERTEX_POINT ( 'NONE', #95 ) ;
#1543 = CARTESIAN_POINT ( 'NONE',  ( -1065.999999999999500, 160.0000000000000000, -661.0000000000002300 ) ) ;
#1544 = CARTESIAN_POINT ( 'NONE',  ( 137.4999999999961300, 160.0000000000000000, 555.4795897113269800 ) ) ;
#1545 = AXIS2_PLACEMENT_3D ( 'NONE', #2216, #961, #1167 ) ;
#1546 = ORIENTED_EDGE ( 'NONE', *, *, #1424, .T. ) ;
#1547 = VERTEX_POINT ( 'NONE', #1544 ) ;
#1548 = VERTEX_POINT ( 'NONE', #703 ) ;
#1549 = CARTESIAN_POINT ( 'NONE',  ( 1266.000000000000200, 308.9999999999998300, 860.9999999999998900 ) ) ;
#1550 = PRESENTATION_LAYER_ASSIGNMENT (  '', '', ( #14 ) ) ;
#1551 = CIRCLE ( 'NONE', #1273, 97.97958971132706600 ) ;
#1552 = DIRECTION ( 'NONE',  ( -1.000000000000000000, 0.0000000000000000000, 0.0000000000000000000 ) ) ;
#1553 = SURFACE_STYLE_USAGE ( .BOTH. , #502 ) ;
#1554 = DIRECTION ( 'NONE',  ( -0.0000000000000000000, -1.000000000000000000, 0.0000000000000000000 ) ) ;
#1555 = EDGE_CURVE ( 'NONE', #1942, #715, #2143, .T. ) ;
#1556 = PRESENTATION_STYLE_ASSIGNMENT (( #2044 ) ) ;
#1557 = CIRCLE ( 'NONE', #2456, 97.97958971132706600 ) ;
#1558 = DIRECTION ( 'NONE',  ( 0.0000000000000000000, 0.0000000000000000000, 1.000000000000000000 ) ) ;
#1559 =( GEOMETRIC_REPRESENTATION_CONTEXT ( 3 ) GLOBAL_UNCERTAINTY_ASSIGNED_CONTEXT ( ( #554 ) ) GLOBAL_UNIT_ASSIGNED_CONTEXT ( ( #766, #555, #2243 ) ) REPRESENTATION_CONTEXT ( 'NONE', 'WORKASPACE' ) );
#1560 = EDGE_CURVE ( 'NONE', #1548, #2626, #341, .T. ) ;
#1561 = PLANE ( 'NONE',  #571 ) ;
#1562 = EDGE_LOOP ( 'NONE', ( #296, #1893 ) ) ;
#1563 = LINE ( 'NONE', #2438, #2321 ) ;
#1564 = ORIENTED_EDGE ( 'NONE', *, *, #1837, .F. ) ;
#1565 = FACE_OUTER_BOUND ( 'NONE', #2528, .T. ) ;
#1566 = EDGE_LOOP ( 'NONE', ( #1477, #783, #592, #1638 ) ) ;
#1567 = SURFACE_SIDE_STYLE ('',( #2569 ) ) ;
#1568 = CARTESIAN_POINT ( 'NONE',  ( 1266.000000000000200, 160.0000000000000000, 860.9999999999998900 ) ) ;
#1569 = EDGE_LOOP ( 'NONE', ( #1564, #2620 ) ) ;
#1570 = DIRECTION ( 'NONE',  ( 0.0000000000000000000, 0.0000000000000000000, 1.000000000000000000 ) ) ;
#1571 = EDGE_LOOP ( 'NONE', ( #2262, #1078 ) ) ;
#1572 = ORIENTED_EDGE ( 'NONE', *, *, #756, .T. ) ;
#1573 = DIRECTION ( 'NONE',  ( 1.640245344153562000E-016, 0.0000000000000000000, 1.000000000000000000 ) ) ;
#1574 = ORIENTED_EDGE ( 'NONE', *, *, #2313, .F. ) ;
#1575 = ORIENTED_EDGE ( 'NONE', *, *, #1842, .F. ) ;
#1576 = CARTESIAN_POINT ( 'NONE',  ( -412.5000000000018200, 160.0000000000000000, 457.4999999999998900 ) ) ;
#1577 = PRESENTATION_LAYER_ASSIGNMENT (  '', '', ( #963 ) ) ;
#1578 = FACE_BOUND ( 'NONE', #778, .T. ) ;
#1579 = CARTESIAN_POINT ( 'NONE',  ( -1115.999999999999800, 800.0000000000000000, -611.0000000000001100 ) ) ;
#1580 = CIRCLE ( 'NONE', #2353, 109.9999999999999600 ) ;
#1581 = CIRCLE ( 'NONE', #2635, 97.97958971132706600 ) ;
#1582 = CARTESIAN_POINT ( 'NONE',  ( 137.4999999999961300, 110.0000000000000000, -152.5000000000002800 ) ) ;
#1583 = CIRCLE ( 'NONE', #2014, 110.0000000000000700 ) ;
#1584 = LINE ( 'NONE', #2680, #1428 ) ;
#1585 = CARTESIAN_POINT ( 'NONE',  ( -687.5000000000008000, 110.0000000000000000, -457.5000000000003400 ) ) ;
#1586 =( NAMED_UNIT ( * ) PLANE_ANGLE_UNIT ( ) SI_UNIT ( $, .RADIAN. ) );
#1587 = CARTESIAN_POINT ( 'NONE',  ( -1065.999999999999800, 160.0000000000000000, 660.9999999999994300 ) ) ;
#1588 = CARTESIAN_POINT ( 'NONE',  ( 1246.000000000000200, 308.9999999999998300, 840.9999999999998900 ) ) ;
#1589 = CARTESIAN_POINT ( 'NONE',  ( -1265.999999999999800, 260.0000000000000000, -861.0000000000001100 ) ) ;
#1590 = AXIS2_PLACEMENT_3D ( 'NONE', #290, #317, #1116 ) ;
#1591 = UNCERTAINTY_MEASURE_WITH_UNIT (LENGTH_MEASURE( 1.000000000000000100E-005 ), #2572, 'distance_accuracy_value', 'NONE');
#1592 = DIRECTION ( 'NONE',  ( -0.0000000000000000000, -1.000000000000000000, 0.0000000000000000000 ) ) ;
#1593 = MECHANICAL_DESIGN_GEOMETRIC_PRESENTATION_REPRESENTATION (  '', ( #509 ), #2054 ) ;
#1594 = CARTESIAN_POINT ( 'NONE',  ( 412.4999999999951100, 160.0000000000000000, -457.5000000000003400 ) ) ;
#1595 = FILL_AREA_STYLE_COLOUR ( '', #1201 ) ;
#1596 = LINE ( 'NONE', #1233, #1357 ) ;
#1597 = AXIS2_PLACEMENT_3D ( 'NONE', #2208, #539, #959 ) ;
#1598 = VECTOR ( 'NONE', #565, 1000000.000000000000 ) ;
#1599 = DIRECTION ( 'NONE',  ( 0.0000000000000000000, 1.000000000000000000, 0.0000000000000000000 ) ) ;
#1600 = EDGE_LOOP ( 'NONE', ( #1455, #2396, #1572, #1411 ) ) ;
#1601 = DIRECTION ( 'NONE',  ( 0.0000000000000000000, 0.0000000000000000000, -1.000000000000000000 ) ) ;
#1602 = EDGE_CURVE ( 'NONE', #2304, #171, #667, .T. ) ;
#1603 = CARTESIAN_POINT ( 'NONE',  ( 687.4999999999940900, 110.0000000000000000, 457.4999999999998900 ) ) ;
#1604 = DIRECTION ( 'NONE',  ( 0.0000000000000000000, -1.000000000000000000, -0.0000000000000000000 ) ) ;
#1605 = ORIENTED_EDGE ( 'NONE', *, *, #1351, .F. ) ;
#1606 = AXIS2_PLACEMENT_3D ( 'NONE', #850, #623, #2317 ) ;
#1607 = EDGE_CURVE ( 'NONE', #435, #1841, #2341, .T. ) ;
#1608 = ORIENTED_EDGE ( 'NONE', *, *, #521, .T. ) ;
#1609 = ORIENTED_EDGE ( 'NONE', *, *, #68, .T. ) ;
#1610 = EDGE_LOOP ( 'NONE', ( #1144, #2597 ) ) ;
#1611 = LINE ( 'NONE', #2379, #1258 ) ;
#1612 = DIRECTION ( 'NONE',  ( -1.000000000000000000, 0.0000000000000000000, 2.022765247174449000E-016 ) ) ;
#1613 = PLANE ( 'NONE',  #707 ) ;
#1614 = PLANE ( 'NONE',  #535 ) ;
#1615 = CARTESIAN_POINT ( 'NONE',  ( -137.5000000000028400, 110.0000000000000000, -347.5000000000003400 ) ) ;
#1616 = LINE ( 'NONE', #1073, #692 ) ;
#1617 = LINE ( 'NONE', #2150, #2376 ) ;
#1618 = DIRECTION ( 'NONE',  ( 0.0000000000000000000, -1.000000000000000000, -0.0000000000000000000 ) ) ;
#1619 = CIRCLE ( 'NONE', #2176, 109.9999999999999600 ) ;
#1620 = UNCERTAINTY_MEASURE_WITH_UNIT (LENGTH_MEASURE( 1.000000000000000100E-005 ), #868, 'distance_accuracy_value', 'NONE');
#1621 = ORIENTED_EDGE ( 'NONE', *, *, #1211, .F. ) ;
#1622 = FACE_OUTER_BOUND ( 'NONE', #2418, .T. ) ;
#1623 = VECTOR ( 'NONE', #380, 1000000.000000000000 ) ;
#1624 = CARTESIAN_POINT ( 'NONE',  ( 1246.000000000000200, -2753.075766534852400, -841.0000000000001100 ) ) ;
#1625 = UNCERTAINTY_MEASURE_WITH_UNIT (LENGTH_MEASURE( 1.000000000000000100E-005 ), #574, 'distance_accuracy_value', 'NONE');
#1626 = DIRECTION ( 'NONE',  ( 1.000000000000000000, -0.0000000000000000000, 0.0000000000000000000 ) ) ;
#1627 = UNCERTAINTY_MEASURE_WITH_UNIT (LENGTH_MEASURE( 1.000000000000000100E-005 ), #2442, 'distance_accuracy_value', 'NONE');
#1628 = DIRECTION ( 'NONE',  ( 0.0000000000000000000, 0.0000000000000000000, -1.000000000000000000 ) ) ;
#1629 = CARTESIAN_POINT ( 'NONE',  ( -962.4999999999997700, 160.0000000000000000, 457.4999999999998900 ) ) ;
#1630 = DIRECTION ( 'NONE',  ( 1.000000000000000000, 0.0000000000000000000, 0.0000000000000000000 ) ) ;
#1631 = FACE_OUTER_BOUND ( 'NONE', #2004, .T. ) ;
#1632 = MANIFOLD_SOLID_BREP ( 'Pin A2', #1447 ) ;
#1633 = DIRECTION ( 'NONE',  ( 0.0000000000000000000, 0.0000000000000000000, -1.000000000000000000 ) ) ;
#1634 = AXIS2_PLACEMENT_3D ( 'NONE', #2298, #1247, #216 ) ;
#1635 = EDGE_LOOP ( 'NONE', ( #102, #1215, #2230, #2705 ) ) ;
#1636 = CARTESIAN_POINT ( 'NONE',  ( -412.5000000000018200, 110.0000000000000000, -152.5000000000002800 ) ) ;
#1637 = SPHERICAL_SURFACE ( 'NONE', #2385, 109.9999999999999600 ) ;
#1638 = ORIENTED_EDGE ( 'NONE', *, *, #2087, .T. ) ;
#1639 = CARTESIAN_POINT ( 'NONE',  ( 816.0000000000005700, 750.0000000000000000, 610.9999999999998900 ) ) ;
#1640 = AXIS2_PLACEMENT_3D ( 'NONE', #1899, #222, #2518 ) ;
#1641 = EDGE_CURVE ( 'NONE', #2483, #595, #757, .T. ) ;
#1642 = CARTESIAN_POINT ( 'NONE',  ( 137.4999999999961300, 110.0000000000000000, 457.4999999999998900 ) ) ;
#1643 = ORIENTED_EDGE ( 'NONE', *, *, #937, .T. ) ;
#1644 = CARTESIAN_POINT ( 'NONE',  ( 137.4999999999961300, 110.0000000000000000, 457.4999999999998900 ) ) ;
#1645 = VERTEX_POINT ( 'NONE', #916 ) ;
#1646 = VERTEX_POINT ( 'NONE', #101 ) ;
#1647 = DIRECTION ( 'NONE',  ( 1.000000000000000000, -1.232047923278982700E-016, 0.0000000000000000000 ) ) ;
#1648 = ORIENTED_EDGE ( 'NONE', *, *, #159, .T. ) ;
#1649 = DIRECTION ( 'NONE',  ( -1.000000000000000000, 0.0000000000000000000, 0.0000000000000000000 ) ) ;
#1650 = AXIS2_PLACEMENT_3D ( 'NONE', #2161, #1312, #1327 ) ;
#1651 = ORIENTED_EDGE ( 'NONE', *, *, #2079, .T. ) ;
#1652 = CARTESIAN_POINT ( 'NONE',  ( 816.0000000000001100, 750.0000000000002300, -461.0000000000001700 ) ) ;
#1653 = VECTOR ( 'NONE', #1954, 1000000.000000000000 ) ;
#1654 = EDGE_CURVE ( 'NONE', #201, #1998, #1056, .T. ) ;
#1655 = LINE ( 'NONE', #142, #2144 ) ;
#1656 = CARTESIAN_POINT ( 'NONE',  ( 1246.000000000000200, -2802.075766534852400, -841.0000000000001100 ) ) ;
#1657 = FILL_AREA_STYLE_COLOUR ( '', #730 ) ;
#1658 = STYLED_ITEM ( 'NONE', ( #989 ), #622 ) ;
#1659 = SPHERICAL_SURFACE ( 'NONE', #448, 109.9999999999999600 ) ;
#1660 = CARTESIAN_POINT ( 'NONE',  ( 412.4999999999951100, 110.0000000000000000, -457.5000000000003400 ) ) ;
#1661 = FILL_AREA_STYLE_COLOUR ( '', #394 ) ;
#1662 = EDGE_CURVE ( 'NONE', #2423, #2392, #956, .T. ) ;
#1663 = PLANE ( 'NONE',  #2689 ) ;
#1664 = AXIS2_PLACEMENT_3D ( 'NONE', #1149, #1373, #127 ) ;
#1665 = CARTESIAN_POINT ( 'NONE',  ( 1246.000000000000200, 800.0000000000000000, -841.0000000000001100 ) ) ;
#1666 = CARTESIAN_POINT ( 'NONE',  ( -1136.020753820970400, 260.0000000000000000, -731.0207538209713200 ) ) ;
#1667 = LINE ( 'NONE', #2578, #2 ) ;
#1668 = DIRECTION ( 'NONE',  ( 1.000000000000000000, -0.0000000000000000000, 0.0000000000000000000 ) ) ;
#1669 = FACE_OUTER_BOUND ( 'NONE', #1671, .T. ) ;
#1670 = FACE_OUTER_BOUND ( 'NONE', #2165, .T. ) ;
#1671 = EDGE_LOOP ( 'NONE', ( #1575, #246 ) ) ;
#1672 = CARTESIAN_POINT ( 'NONE',  ( -1115.999999999999800, 750.0000000000002300, 710.9999999999998900 ) ) ;
#1673 = PRESENTATION_LAYER_ASSIGNMENT (  '', '', ( #1135 ) ) ;
#1674 = DIRECTION ( 'NONE',  ( 1.000000000000000000, -1.232047923278982700E-016, 0.0000000000000000000 ) ) ;
#1675 = ORIENTED_EDGE ( 'NONE', *, *, #257, .F. ) ;
#1676 = ORIENTED_EDGE ( 'NONE', *, *, #2691, .F. ) ;
#1677 = VERTEX_POINT ( 'NONE', #1134 ) ;
#1678 =( NAMED_UNIT ( * ) SI_UNIT ( $, .STERADIAN. ) SOLID_ANGLE_UNIT ( ) );
#1679 = ORIENTED_EDGE ( 'NONE', *, *, #1320, .F. ) ;
#1680 = DIRECTION ( 'NONE',  ( 0.0000000000000000000, 1.000000000000000000, 0.0000000000000000000 ) ) ;
#1681 = SURFACE_STYLE_FILL_AREA ( #1349 ) ;
#1682 = DIRECTION ( 'NONE',  ( -0.0000000000000000000, -0.0000000000000000000, -1.000000000000000000 ) ) ;
#1683 = STYLED_ITEM ( 'NONE', ( #218 ), #1394 ) ;
#1684 = VECTOR ( 'NONE', #2151, 1000000.000000000000 ) ;
#1685 = DIRECTION ( 'NONE',  ( -1.000000000000000000, -0.0000000000000000000, -0.0000000000000000000 ) ) ;
#1686 = UNCERTAINTY_MEASURE_WITH_UNIT (LENGTH_MEASURE( 1.000000000000000100E-005 ), #1063, 'distance_accuracy_value', 'NONE');
#1687 = ADVANCED_FACE ( 'NONE', ( #1186 ), #2429, .T. ) ;
#1688 = CARTESIAN_POINT ( 'NONE',  ( -1245.999999999999800, 800.0000000000000000, -841.0000000000001100 ) ) ;
#1689 = AXIS2_PLACEMENT_3D ( 'NONE', #2050, #999, #2466 ) ;
#1690 = CARTESIAN_POINT ( 'NONE',  ( 1246.000000000000200, 800.0000000000000000, 840.9999999999998900 ) ) ;
#1691 = DIRECTION ( 'NONE',  ( 0.0000000000000000000, 1.000000000000000000, 0.0000000000000000000 ) ) ;
#1692 = ADVANCED_FACE ( 'NONE', ( #793, #214 ), #2168, .T. ) ;
#1693 = EDGE_CURVE ( 'NONE', #1451, #83, #1321, .T. ) ;
#1694 = VERTEX_POINT ( 'NONE', #1549 ) ;
#1695 = CARTESIAN_POINT ( 'NONE',  ( 1266.000000000000200, -2753.075766534852400, -861.0000000000001100 ) ) ;
#1696 = VECTOR ( 'NONE', #2507, 1000000.000000000000 ) ;
#1697 = AXIS2_PLACEMENT_3D ( 'NONE', #803, #1860, #609 ) ;
#1698 = VERTEX_POINT ( 'NONE', #1125 ) ;
#1699 = VECTOR ( 'NONE', #2052, 1000000.000000000000 ) ;
#1700 = CARTESIAN_POINT ( 'NONE',  ( 966.0000000000002300, -1716.253839327979900, -611.0000000000001100 ) ) ;
#1701 = EDGE_CURVE ( 'NONE', #2035, #136, #1580, .T. ) ;
#1702 = ORIENTED_EDGE ( 'NONE', *, *, #2476, .T. ) ;
#1703 = ADVANCED_FACE ( 'NONE', ( #1524, #2374 ), #251, .T. ) ;
#1704 = ORIENTED_EDGE ( 'NONE', *, *, #569, .T. ) ;
#1705 = ADVANCED_FACE ( 'NONE', ( #2401, #92 ), #1561, .T. ) ;
#1706 = AXIS2_PLACEMENT_3D ( 'NONE', #2258, #590, #1649 ) ;
#1707 = DIRECTION ( 'NONE',  ( -1.000000000000000000, 0.0000000000000000000, 0.0000000000000000000 ) ) ;
#1708 = ORIENTED_EDGE ( 'NONE', *, *, #1842, .T. ) ;
#1709 = ORIENTED_EDGE ( 'NONE', *, *, #129, .T. ) ;
#1710 = ORIENTED_EDGE ( 'NONE', *, *, #1277, .T. ) ;
#1711 = DIRECTION ( 'NONE',  ( 0.0000000000000000000, -1.000000000000000000, -0.0000000000000000000 ) ) ;
#1712 = ORIENTED_EDGE ( 'NONE', *, *, #1412, .F. ) ;
#1713 = VECTOR ( 'NONE', #2330, 1000000.000000000000 ) ;
#1714 = AXIS2_PLACEMENT_3D ( 'NONE', #1392, #2142, #1558 ) ;
#1715 = FACE_OUTER_BOUND ( 'NONE', #1774, .T. ) ;
#1716 = DIRECTION ( 'NONE',  ( 0.0000000000000000000, 0.0000000000000000000, -1.000000000000000000 ) ) ;
#1717 = ADVANCED_FACE ( 'NONE', ( #566, #410 ), #1947, .T. ) ;
#1718 = VECTOR ( 'NONE', #110, 1000000.000000000000 ) ;
#1719 = DIRECTION ( 'NONE',  ( 0.0000000000000000000, 0.0000000000000000000, 1.000000000000000000 ) ) ;
#1720 = MANIFOLD_SOLID_BREP ( 'Pin D3', #524 ) ;
#1721 = LINE ( 'NONE', #443, #1915 ) ;
#1722 = FACE_OUTER_BOUND ( 'NONE', #784, .T. ) ;
#1723 = ADVANCED_FACE ( 'NONE', ( #635 ), #2440, .F. ) ;
#1724 = PRODUCT_DEFINITION_FORMATION_WITH_SPECIFIED_SOURCE ( 'ANY', '', #450, .NOT_KNOWN. ) ;
#1725 =( NAMED_UNIT ( * ) SI_UNIT ( $, .STERADIAN. ) SOLID_ANGLE_UNIT ( ) );
#1726 = ORIENTED_EDGE ( 'NONE', *, *, #1654, .F. ) ;
#1727 = DIRECTION ( 'NONE',  ( 0.0000000000000000000, 0.0000000000000000000, -1.000000000000000000 ) ) ;
#1728 = VECTOR ( 'NONE', #1032, 1000000.000000000000 ) ;
#1729 = EDGE_LOOP ( 'NONE', ( #325, #438, #2024, #1651 ) ) ;
#1730 = ADVANCED_FACE ( 'NONE', ( #2571 ), #324, .F. ) ;
#1731 = AXIS2_PLACEMENT_3D ( 'NONE', #2349, #288, #484 ) ;
#1732 = DIRECTION ( 'NONE',  ( 0.0000000000000000000, -1.000000000000000000, -0.0000000000000000000 ) ) ;
#1733 = VERTEX_POINT ( 'NONE', #2422 ) ;
#1734 = DIRECTION ( 'NONE',  ( 1.000000000000000000, 0.0000000000000000000, -0.0000000000000000000 ) ) ;
#1735 = CARTESIAN_POINT ( 'NONE',  ( 412.4999999999951100, 110.0000000000000000, -457.5000000000003400 ) ) ;
#1736 = EDGE_LOOP ( 'NONE', ( #106, #553, #858, #240 ) ) ;
#1737 = AXIS2_PLACEMENT_3D ( 'NONE', #1987, #2632, #2407 ) ;
#1738 = CARTESIAN_POINT ( 'NONE',  ( 1246.000000000000200, 800.0000000000000000, 840.9999999999998900 ) ) ;
#1739 = PLANE ( 'NONE',  #1514 ) ;
#1740 = ORIENTED_EDGE ( 'NONE', *, *, #2316, .T. ) ;
#1741 = ORIENTED_EDGE ( 'NONE', *, *, #1472, .T. ) ;
#1742 = EDGE_LOOP ( 'NONE', ( #1864, #2001 ) ) ;
#1743 = FACE_BOUND ( 'NONE', #743, .T. ) ;
#1744 = VERTEX_POINT ( 'NONE', #755 ) ;
#1745 = CARTESIAN_POINT ( 'NONE',  ( -137.5000000000028400, 110.0000000000000000, 152.4999999999998600 ) ) ;
#1746 = CARTESIAN_POINT ( 'NONE',  ( -137.5000000000028400, 110.0000000000000000, -567.5000000000003400 ) ) ;
#1747 = EDGE_CURVE ( 'NONE', #2496, #2495, #1259, .T. ) ;
#1748 = ADVANCED_FACE ( 'NONE', ( #2235 ), #1613, .F. ) ;
#1749 = SURFACE_STYLE_FILL_AREA ( #1754 ) ;
#1750 = COLOUR_RGB ( '',0.7921568627450980000, 0.8196078431372548800, 0.9333333333333333500 ) ;
#1751 = AXIS2_PLACEMENT_3D ( 'NONE', #91, #72, #1298 ) ;
#1752 = PRESENTATION_LAYER_ASSIGNMENT (  '', '', ( #954 ) ) ;
#1753 = VECTOR ( 'NONE', #765, 1000000.000000000000 ) ;
#1754 = FILL_AREA_STYLE ('',( #1122 ) ) ;
#1755 =( NAMED_UNIT ( * ) SI_UNIT ( $, .STERADIAN. ) SOLID_ANGLE_UNIT ( ) );
#1756 = DIRECTION ( 'NONE',  ( -0.0000000000000000000, 1.000000000000000000, 0.0000000000000000000 ) ) ;
#1757 = UNCERTAINTY_MEASURE_WITH_UNIT (LENGTH_MEASURE( 1.000000000000000100E-005 ), #2520, 'distance_accuracy_value', 'NONE');
#1758 = EDGE_LOOP ( 'NONE', ( #2266, #205 ) ) ;
#1759 = PLANE ( 'NONE',  #2488 ) ;
#1760 = CIRCLE ( 'NONE', #556, 109.9999999999999600 ) ;
#1761 = DIRECTION ( 'NONE',  ( 0.0000000000000000000, 0.0000000000000000000, -1.000000000000000000 ) ) ;
#1762 = EDGE_LOOP ( 'NONE', ( #1484, #2526, #243, #688 ) ) ;
#1763 =( GEOMETRIC_REPRESENTATION_CONTEXT ( 3 ) GLOBAL_UNCERTAINTY_ASSIGNED_CONTEXT ( ( #2684 ) ) GLOBAL_UNIT_ASSIGNED_CONTEXT ( ( #265, #1934, #883 ) ) REPRESENTATION_CONTEXT ( 'NONE', 'WORKASPACE' ) );
#1764 = SPHERICAL_SURFACE ( 'NONE', #2338, 109.9999999999999600 ) ;
#1765 = VERTEX_POINT ( 'NONE', #2451 ) ;
#1766 = VERTEX_POINT ( 'NONE', #364 ) ;
#1767 = AXIS2_PLACEMENT_3D ( 'NONE', #995, #351, #1194 ) ;
#1768 = ORIENTED_EDGE ( 'NONE', *, *, #1220, .F. ) ;
#1769 = CARTESIAN_POINT ( 'NONE',  ( -962.4999999999997700, 160.0000000000000000, 359.5204102886728500 ) ) ;
#1770 = EDGE_LOOP ( 'NONE', ( #1969, #399, #685, #2615 ) ) ;
#1771 = EDGE_LOOP ( 'NONE', ( #2394, #886 ) ) ;
#1772 = DIRECTION ( 'NONE',  ( -1.000000000000000000, 0.0000000000000000000, 0.0000000000000000000 ) ) ;
#1773 = AXIS2_PLACEMENT_3D ( 'NONE', #1594, #1405, #347 ) ;
#1774 = EDGE_LOOP ( 'NONE', ( #1050, #1648, #1306, #1272 ) ) ;
#1775 = EDGE_CURVE ( 'NONE', #624, #500, #22, .T. ) ;
#1776 = VECTOR ( 'NONE', #834, 1000000.000000000000 ) ;
#1777 = SPHERICAL_SURFACE ( 'NONE', #1362, 109.9999999999999600 ) ;
#1778 = COLOUR_RGB ( '',0.7921568627450980000, 0.8196078431372548800, 0.9333333333333333500 ) ;
#1779 = DIRECTION ( 'NONE',  ( 0.0000000000000000000, 0.0000000000000000000, 1.000000000000000000 ) ) ;
#1780 = FACE_OUTER_BOUND ( 'NONE', #499, .T. ) ;
#1781 = LINE ( 'NONE', #2264, #123 ) ;
#1782 =( NAMED_UNIT ( * ) PLANE_ANGLE_UNIT ( ) SI_UNIT ( $, .RADIAN. ) );
#1783 = DIRECTION ( 'NONE',  ( 0.0000000000000000000, 0.0000000000000000000, -1.000000000000000000 ) ) ;
#1784 = FACE_OUTER_BOUND ( 'NONE', #52, .T. ) ;
#1785 = DIRECTION ( 'NONE',  ( 0.0000000000000000000, 0.0000000000000000000, -1.000000000000000000 ) ) ;
#1786 = UNCERTAINTY_MEASURE_WITH_UNIT (LENGTH_MEASURE( 1.000000000000000100E-005 ), #2406, 'distance_accuracy_value', 'NONE');
#1787 = CARTESIAN_POINT ( 'NONE',  ( 0.0000000000000000000, 160.0000000000000000, -610.0000000000002300 ) ) ;
#1788 = EDGE_CURVE ( 'NONE', #1378, #500, #1911, .T. ) ;
#1789 = DIRECTION ( 'NONE',  ( -1.640245344153562200E-016, 0.0000000000000000000, 1.000000000000000000 ) ) ;
#1790 =( NAMED_UNIT ( * ) SI_UNIT ( $, .STERADIAN. ) SOLID_ANGLE_UNIT ( ) );
#1791 = PRESENTATION_LAYER_ASSIGNMENT (  '', '', ( #1881 ) ) ;
#1792 = CARTESIAN_POINT ( 'NONE',  ( -137.5000000000028400, 110.0000000000000000, 262.4999999999998300 ) ) ;
#1793 = SURFACE_SIDE_STYLE ('',( #605 ) ) ;
#1794 = SURFACE_STYLE_FILL_AREA ( #1808 ) ;
#1795 = CIRCLE ( 'NONE', #1264, 97.97958971132708000 ) ;
#1796 = DIRECTION ( 'NONE',  ( 0.0000000000000000000, 1.000000000000000000, 0.0000000000000000000 ) ) ;
#1797 = VERTEX_POINT ( 'NONE', #1995 ) ;
#1798 = EDGE_CURVE ( 'NONE', #781, #1547, #1221, .T. ) ;
#1799 =( NAMED_UNIT ( * ) SI_UNIT ( $, .STERADIAN. ) SOLID_ANGLE_UNIT ( ) );
#1800 = SURFACE_SIDE_STYLE ('',( #2399 ) ) ;
#1801 = AXIS2_PLACEMENT_3D ( 'NONE', #1906, #1878, #646 ) ;
#1802 = ORIENTED_EDGE ( 'NONE', *, *, #2087, .F. ) ;
#1803 = AXIS2_PLACEMENT_3D ( 'NONE', #2085, #626, #637 ) ;
#1804 = DIRECTION ( 'NONE',  ( -0.0000000000000000000, -1.000000000000000000, 0.0000000000000000000 ) ) ;
#1805 = ORIENTED_EDGE ( 'NONE', *, *, #1975, .F. ) ;
#1806 = EDGE_LOOP ( 'NONE', ( #203, #1712, #1254, #1741 ) ) ;
#1807 = ORIENTED_EDGE ( 'NONE', *, *, #295, .T. ) ;
#1808 = FILL_AREA_STYLE ('',( #168 ) ) ;
#1809 = ORIENTED_EDGE ( 'NONE', *, *, #295, .F. ) ;
#1810 =( LENGTH_UNIT ( ) NAMED_UNIT ( * ) SI_UNIT ( .MICRO., .METRE. ) );
#1811 = DIRECTION ( 'NONE',  ( -0.0000000000000000000, -1.000000000000000000, 0.0000000000000000000 ) ) ;
#1812 = COLOUR_RGB ( '',0.7921568627450980000, 0.8196078431372548800, 0.9333333333333333500 ) ;
#1813 = FACE_OUTER_BOUND ( 'NONE', #2123, .T. ) ;
#1814 = FACE_OUTER_BOUND ( 'NONE', #2659, .T. ) ;
#1815 = DIRECTION ( 'NONE',  ( -1.000000000000000000, 0.0000000000000000000, 0.0000000000000000000 ) ) ;
#1816 = FILL_AREA_STYLE ('',( #1198 ) ) ;
#1817 = CARTESIAN_POINT ( 'NONE',  ( 1066.000000000000000, 160.0000000000000000, 660.9999999999998900 ) ) ;
#1818 = DIRECTION ( 'NONE',  ( -1.000000000000000000, 0.0000000000000000000, 0.0000000000000000000 ) ) ;
#1819 = CARTESIAN_POINT ( 'NONE',  ( -1015.999999999999800, 750.0000000000000000, 2.055129491129239500E-013 ) ) ;
#1820 = DIRECTION ( 'NONE',  ( -0.0000000000000000000, 1.000000000000000000, -0.0000000000000000000 ) ) ;
#1821 = DIRECTION ( 'NONE',  ( 0.0000000000000000000, -1.000000000000000000, 0.0000000000000000000 ) ) ;
#1822 = AXIS2_PLACEMENT_3D ( 'NONE', #2682, #1012, #396 ) ;
#1823 = CARTESIAN_POINT ( 'NONE',  ( 1246.000000000000200, 800.0000000000000000, -841.0000000000001100 ) ) ;
#1824 = CARTESIAN_POINT ( 'NONE',  ( -1015.999999999999500, 750.0000000000000000, 610.9999999999998900 ) ) ;
#1825 = CARTESIAN_POINT ( 'NONE',  ( -1265.999999999999800, 308.9999999999998300, 861.0000000000001100 ) ) ;
#1826 = AXIS2_PLACEMENT_3D ( 'NONE', #2416, #732, #1779 ) ;
#1827 = LINE ( 'NONE', #1828, #737 ) ;
#1828 = CARTESIAN_POINT ( 'NONE',  ( 816.0000000000005700, -1716.253839327979900, 610.9999999999998900 ) ) ;
#1829 = DIRECTION ( 'NONE',  ( 0.4975428121645258900, -0.7105647754616254400, 0.4975428121645263400 ) ) ;
#1830 = EDGE_LOOP ( 'NONE', ( #2305, #1479, #1345, #723 ) ) ;
#1831 = ORIENTED_EDGE ( 'NONE', *, *, #994, .F. ) ;
#1832 = EDGE_CURVE ( 'NONE', #879, #2556, #1551, .T. ) ;
#1833 = DIRECTION ( 'NONE',  ( -1.000000000000000000, 0.0000000000000000000, 0.0000000000000000000 ) ) ;
#1834 = CARTESIAN_POINT ( 'NONE',  ( -1265.999999999999800, 308.9999999999998300, 860.9999999999998900 ) ) ;
#1835 = CLOSED_SHELL ( 'NONE', ( #1097, #653, #1058 ) ) ;
#1836 = CARTESIAN_POINT ( 'NONE',  ( -687.5000000000008000, 110.0000000000000000, -457.5000000000003400 ) ) ;
#1837 = EDGE_CURVE ( 'NONE', #331, #607, #377, .T. ) ;
#1838 =( NAMED_UNIT ( * ) SI_UNIT ( $, .STERADIAN. ) SOLID_ANGLE_UNIT ( ) );
#1839 = VERTEX_POINT ( 'NONE', #2414 ) ;
#1840 = ORIENTED_EDGE ( 'NONE', *, *, #1269, .F. ) ;
#1841 = VERTEX_POINT ( 'NONE', #140 ) ;
#1842 = EDGE_CURVE ( 'NONE', #371, #2036, #888, .T. ) ;
#1843 = CARTESIAN_POINT ( 'NONE',  ( 962.4999999999930700, 110.0000000000000000, 152.4999999999998600 ) ) ;
#1844 = ORIENTED_EDGE ( 'NONE', *, *, #2711, .F. ) ;
#1845 = FACE_OUTER_BOUND ( 'NONE', #1022, .T. ) ;
#1846 = CARTESIAN_POINT ( 'NONE',  ( -1115.999999999999800, 800.0000000000000000, 710.9999999999998900 ) ) ;
#1847 = SURFACE_STYLE_FILL_AREA ( #1385 ) ;
#1848 = FACE_OUTER_BOUND ( 'NONE', #706, .T. ) ;
#1849 =( NAMED_UNIT ( * ) PLANE_ANGLE_UNIT ( ) SI_UNIT ( $, .RADIAN. ) );
#1850 = CIRCLE ( 'NONE', #2286, 97.97958971132706600 ) ;
#1851 = ORIENTED_EDGE ( 'NONE', *, *, #2116, .T. ) ;
#1852 = DIRECTION ( 'NONE',  ( 0.0000000000000000000, 0.0000000000000000000, -1.000000000000000000 ) ) ;
#1853 = STYLED_ITEM ( 'NONE', ( #316 ), #2484 ) ;
#1854 = CARTESIAN_POINT ( 'NONE',  ( 0.0000000000000000000, 800.0000000000000000, 0.0000000000000000000 ) ) ;
#1855 = CARTESIAN_POINT ( 'NONE',  ( -1265.999999999999800, 800.0000000000000000, -861.0000000000001100 ) ) ;
#1856 = VECTOR ( 'NONE', #1573, 1000000.000000000000 ) ;
#1857 = DIRECTION ( 'NONE',  ( 0.0000000000000000000, 0.0000000000000000000, -1.000000000000000000 ) ) ;
#1858 = VERTEX_POINT ( 'NONE', #2008 ) ;
#1859 = MECHANICAL_DESIGN_GEOMETRIC_PRESENTATION_REPRESENTATION (  '', ( #963 ), #2417 ) ;
#1860 = DIRECTION ( 'NONE',  ( 0.0000000000000000000, -1.000000000000000000, -0.0000000000000000000 ) ) ;
#1861 = FACE_BOUND ( 'NONE', #1902, .T. ) ;
#1862 = ORIENTED_EDGE ( 'NONE', *, *, #1449, .F. ) ;
#1863 = DIRECTION ( 'NONE',  ( 1.000000000000000000, 0.0000000000000000000, 0.0000000000000000000 ) ) ;
#1864 = ORIENTED_EDGE ( 'NONE', *, *, #650, .F. ) ;
#1865 = DIRECTION ( 'NONE',  ( -1.000000000000000000, 0.0000000000000000000, 0.0000000000000000000 ) ) ;
#1866 = ORIENTED_EDGE ( 'NONE', *, *, #601, .T. ) ;
#1867 = CARTESIAN_POINT ( 'NONE',  ( -1265.999999999999800, 259.9999999999999400, -861.0000000000001100 ) ) ;
#1868 = CARTESIAN_POINT ( 'NONE',  ( -1015.999999999999500, 800.0000000000000000, 610.9999999999998900 ) ) ;
#1869 =( NAMED_UNIT ( * ) SI_UNIT ( $, .STERADIAN. ) SOLID_ANGLE_UNIT ( ) );
#1870 = ORIENTED_EDGE ( 'NONE', *, *, #1240, .T. ) ;
#1871 = EDGE_LOOP ( 'NONE', ( #1453, #456 ) ) ;
#1872 = DIRECTION ( 'NONE',  ( 0.0000000000000000000, 0.0000000000000000000, -1.000000000000000000 ) ) ;
#1873 = FACE_OUTER_BOUND ( 'NONE', #335, .T. ) ;
#1874 = VECTOR ( 'NONE', #1973, 1000000.000000000000 ) ;
#1875 = AXIS2_PLACEMENT_3D ( 'NONE', #2335, #845, #1872 ) ;
#1876 = UNCERTAINTY_MEASURE_WITH_UNIT (LENGTH_MEASURE( 1.000000000000000100E-005 ), #326, 'distance_accuracy_value', 'NONE');
#1877 = VECTOR ( 'NONE', #65, 1000000.000000000000 ) ;
#1878 = DIRECTION ( 'NONE',  ( -1.224646799147353200E-016, -1.000000000000000000, -0.0000000000000000000 ) ) ;
#1879 = VECTOR ( 'NONE', #696, 1000000.000000000000 ) ;
#1880 = CARTESIAN_POINT ( 'NONE',  ( -1245.999999999999800, -2753.075766534852400, -841.0000000000001100 ) ) ;
#1881 = STYLED_ITEM ( 'NONE', ( #957 ), #261 ) ;
#1882 = DIRECTION ( 'NONE',  ( 0.0000000000000000000, 0.0000000000000000000, 1.000000000000000000 ) ) ;
#1883 = FILL_AREA_STYLE_COLOUR ( '', #1750 ) ;
#1884 = EDGE_CURVE ( 'NONE', #1698, #2131, #408, .T. ) ;
#1885 =( NAMED_UNIT ( * ) SI_UNIT ( $, .STERADIAN. ) SOLID_ANGLE_UNIT ( ) );
#1886 = PRODUCT_DEFINITION_SHAPE ( 'NONE', 'NONE',  #2040 ) ;
#1887 = CARTESIAN_POINT ( 'NONE',  ( 1246.000000000000200, 308.9999999999998300, -841.0000000000001100 ) ) ;
#1888 = CARTESIAN_POINT ( 'NONE',  ( 1266.000000000000200, 160.0000000000000000, -861.0000000000001100 ) ) ;
#1889 = DIRECTION ( 'NONE',  ( 0.0000000000000000000, 0.0000000000000000000, 1.000000000000000000 ) ) ;
#1890 = DIRECTION ( 'NONE',  ( 0.0000000000000000000, 1.000000000000000000, 0.0000000000000000000 ) ) ;
#1891 = ADVANCED_FACE ( 'NONE', ( #724 ), #2015, .F. ) ;
#1892 = CLOSED_SHELL ( 'NONE', ( #245, #460, #2129 ) ) ;
#1893 = ORIENTED_EDGE ( 'NONE', *, *, #2550, .F. ) ;
#1894 = DIRECTION ( 'NONE',  ( -1.000000000000000000, 0.0000000000000000000, 0.0000000000000000000 ) ) ;
#1895 = EDGE_LOOP ( 'NONE', ( #972, #2480 ) ) ;
#1896 = ADVANCED_FACE ( 'NONE', ( #1316, #248 ), #2425, .T. ) ;
#1897 =( GEOMETRIC_REPRESENTATION_CONTEXT ( 3 ) GLOBAL_UNCERTAINTY_ASSIGNED_CONTEXT ( ( #1526 ) ) GLOBAL_UNIT_ASSIGNED_CONTEXT ( ( #2308, #1481, #1869 ) ) REPRESENTATION_CONTEXT ( 'NONE', 'WORKASPACE' ) );
#1898 = PLANE ( 'NONE',  #926 ) ;
#1899 = CARTESIAN_POINT ( 'NONE',  ( -962.4999999999997700, 160.0000000000000000, -152.5000000000002800 ) ) ;
#1901 = CLOSED_SHELL ( 'NONE', ( #2542, #1497, #2342, #2521, #1502, #59, #1512, #673, #852, #660, #2336, #2370, #2561, #1924, #1054, #891, #670, #2156, #1106, #644, #486 ) ) ;
#1900 = DIRECTION ( 'NONE',  ( -1.000000000000000000, 0.0000000000000000000, 0.0000000000000000000 ) ) ;
#1902 = EDGE_LOOP ( 'NONE', ( #2568, #2652, #1206, #887 ) ) ;
#1903 = VERTEX_POINT ( 'NONE', #823 ) ;
#1904 = ORIENTED_EDGE ( 'NONE', *, *, #1124, .T. ) ;
#1905 = PRESENTATION_LAYER_ASSIGNMENT (  '', '', ( #42 ) ) ;
#1906 = CARTESIAN_POINT ( 'NONE',  ( -412.5000000000018200, 110.0000000000000000, -152.5000000000002800 ) ) ;
#1907 = ORIENTED_EDGE ( 'NONE', *, *, #735, .T. ) ;
#1908 = ADVANCED_FACE ( 'NONE', ( #1873 ), #1456, .F. ) ;
#1909 = CARTESIAN_POINT ( 'NONE',  ( 1266.000000000000200, 308.9999999999998300, 860.9999999999998900 ) ) ;
#1910 = EDGE_LOOP ( 'NONE', ( #2619, #1335 ) ) ;
#1911 = LINE ( 'NONE', #1163, #2198 ) ;
#1912 = SURFACE_SIDE_STYLE ('',( #379 ) ) ;
#1913 = LINE ( 'NONE', #2546, #1879 ) ;
#1914 = ADVANCED_FACE ( 'NONE', ( #988 ), #997, .F. ) ;
#1915 = VECTOR ( 'NONE', #416, 1000000.000000000000 ) ;
#1916 = VECTOR ( 'NONE', #2343, 1000000.000000000000 ) ;
#1917 = AXIS2_PLACEMENT_3D ( 'NONE', #2032, #941, #2240 ) ;
#1918 = DIRECTION ( 'NONE',  ( 0.0000000000000000000, 0.0000000000000000000, 1.000000000000000000 ) ) ;
#1919 = EDGE_CURVE ( 'NONE', #86, #1136, #2141, .T. ) ;
#1920 = CARTESIAN_POINT ( 'NONE',  ( 1136.020753820971300, 260.0000000000000000, 731.0207538209710900 ) ) ;
#1921 = ADVANCED_FACE ( 'NONE', ( #2670 ), #1285, .T. ) ;
#1922 = CARTESIAN_POINT ( 'NONE',  ( 816.0000000000005700, 800.0000000000000000, 610.9999999999998900 ) ) ;
#1923 = LINE ( 'NONE', #1880, #932 ) ;
#1924 = ADVANCED_FACE ( 'NONE', ( #2043 ), #1663, .T. ) ;
#1925 =( LENGTH_UNIT ( ) NAMED_UNIT ( * ) SI_UNIT ( .MICRO., .METRE. ) );
#1926 = FACE_OUTER_BOUND ( 'NONE', #593, .T. ) ;
#1927 = ORIENTED_EDGE ( 'NONE', *, *, #2629, .T. ) ;
#1928 = SPHERICAL_SURFACE ( 'NONE', #782, 109.9999999999999600 ) ;
#1929 = DIRECTION ( 'NONE',  ( 1.000000000000000000, -1.232047923278981500E-016, 0.0000000000000000000 ) ) ;
#1930 = EDGE_CURVE ( 'NONE', #1170, #881, #184, .T. ) ;
#1931 = ORIENTED_EDGE ( 'NONE', *, *, #389, .T. ) ;
#1932 = AXIS2_PLACEMENT_3D ( 'NONE', #2261, #1213, #1239 ) ;
#1933 = ORIENTED_EDGE ( 'NONE', *, *, #2691, .T. ) ;
#1934 =( NAMED_UNIT ( * ) PLANE_ANGLE_UNIT ( ) SI_UNIT ( $, .RADIAN. ) );
#1935 = FILL_AREA_STYLE ('',( #1098 ) ) ;
#1936 = ORIENTED_EDGE ( 'NONE', *, *, #2058, .T. ) ;
#1937 = ORIENTED_EDGE ( 'NONE', *, *, #1775, .F. ) ;
#1938 = PLANE ( 'NONE',  #1650 ) ;
#1939 = EDGE_CURVE ( 'NONE', #940, #750, #2106, .T. ) ;
#1940 = ADVANCED_FACE ( 'NONE', ( #442 ), #614, .F. ) ;
#1941 = ORIENTED_EDGE ( 'NONE', *, *, #1775, .T. ) ;
#1942 = VERTEX_POINT ( 'NONE', #2047 ) ;
#1943 = LINE ( 'NONE', #1672, #309 ) ;
#1944 = PRESENTATION_LAYER_ASSIGNMENT (  '', '', ( #1469 ) ) ;
#1945 = FILL_AREA_STYLE_COLOUR ( '', #634 ) ;
#1946 = EDGE_CURVE ( 'NONE', #1903, #1998, #1489, .T. ) ;
#1947 = SPHERICAL_SURFACE ( 'NONE', #1225, 109.9999999999999600 ) ;
#1948 = DIRECTION ( 'NONE',  ( 0.0000000000000000000, 0.0000000000000000000, -1.000000000000000000 ) ) ;
#1949 = CIRCLE ( 'NONE', #2558, 109.9999999999999600 ) ;
#1950 = DIRECTION ( 'NONE',  ( -0.0000000000000000000, -1.000000000000000000, 0.0000000000000000000 ) ) ;
#1951 = FILL_AREA_STYLE_COLOUR ( '', #62 ) ;
#1952 = ADVANCED_FACE ( 'NONE', ( #1379 ), #1207, .T. ) ;
#1953 = CARTESIAN_POINT ( 'NONE',  ( 1246.000000000000200, -2753.075766534852400, 840.9999999999998900 ) ) ;
#1954 = DIRECTION ( 'NONE',  ( 0.0000000000000000000, 0.0000000000000000000, -1.000000000000000000 ) ) ;
#1955 = PLANE ( 'NONE',  #2430 ) ;
#1956 = DIRECTION ( 'NONE',  ( 0.0000000000000000000, 1.000000000000000000, 0.0000000000000000000 ) ) ;
#1957 = FACE_OUTER_BOUND ( 'NONE', #1895, .T. ) ;
#1958 = SPHERICAL_SURFACE ( 'NONE', #1932, 109.9999999999999600 ) ;
#1959 = ORIENTED_EDGE ( 'NONE', *, *, #2590, .F. ) ;
#1960 = EDGE_LOOP ( 'NONE', ( #856, #2220 ) ) ;
#1961 = CARTESIAN_POINT ( 'NONE',  ( -1115.999999999999800, -1716.253839327979900, -611.0000000000001100 ) ) ;
#1962 = CARTESIAN_POINT ( 'NONE',  ( 966.0000000000002300, 800.0000000000000000, -611.0000000000001100 ) ) ;
#1963 = DIRECTION ( 'NONE',  ( -0.0000000000000000000, 0.0000000000000000000, 1.000000000000000000 ) ) ;
#1964 = PRESENTATION_LAYER_ASSIGNMENT (  '', '', ( #1683 ) ) ;
#1965 = ORIENTED_EDGE ( 'NONE', *, *, #1090, .F. ) ;
#1966 = DIRECTION ( 'NONE',  ( 0.0000000000000000000, -0.0000000000000000000, 1.000000000000000000 ) ) ;
#1967 = ORIENTED_EDGE ( 'NONE', *, *, #1884, .T. ) ;
#1968 = AXIS2_PLACEMENT_3D ( 'NONE', #2273, #368, #2020 ) ;
#1969 = ORIENTED_EDGE ( 'NONE', *, *, #1096, .F. ) ;
#1970 = ORIENTED_EDGE ( 'NONE', *, *, #1747, .F. ) ;
#1971 = ORIENTED_EDGE ( 'NONE', *, *, #1788, .F. ) ;
#1972 = PLANE ( 'NONE',  #289 ) ;
#1973 = DIRECTION ( 'NONE',  ( 2.022765247174448800E-016, 0.0000000000000000000, 1.000000000000000000 ) ) ;
#1974 = ORIENTED_EDGE ( 'NONE', *, *, #802, .T. ) ;
#1975 = EDGE_CURVE ( 'NONE', #1451, #83, #824, .T. ) ;
#1976 = FACE_BOUND ( 'NONE', #2296, .T. ) ;
#1977 = DIRECTION ( 'NONE',  ( 0.0000000000000000000, -0.0000000000000000000, 1.000000000000000000 ) ) ;
#1978 = COLOUR_RGB ( '',0.7921568627450980000, 0.8196078431372548800, 0.9333333333333333500 ) ;
#1979 = CIRCLE ( 'NONE', #2656, 109.9999999999999600 ) ;
#1980 = LINE ( 'NONE', #1371, #2046 ) ;
#1981 = EDGE_CURVE ( 'NONE', #1256, #1677, #2601, .T. ) ;
#1982 = CIRCLE ( 'NONE', #1001, 97.97958971132706600 ) ;
#1983 = EDGE_CURVE ( 'NONE', #2448, #2491, #504, .T. ) ;
#1984 = CARTESIAN_POINT ( 'NONE',  ( -1245.999999999999800, 800.0000000000000000, 840.9999999999998900 ) ) ;
#1985 = DIRECTION ( 'NONE',  ( 0.0000000000000000000, 1.000000000000000000, 0.0000000000000000000 ) ) ;
#1986 = LINE ( 'NONE', #151, #1439 ) ;
#1987 = CARTESIAN_POINT ( 'NONE',  ( -1115.999999999999500, 750.0000000000000000, 710.9999999999998900 ) ) ;
#1988 = FACE_BOUND ( 'NONE', #1758, .T. ) ;
#1989 = FILL_AREA_STYLE_COLOUR ( '', #1120 ) ;
#1990 = ORIENTED_EDGE ( 'NONE', *, *, #267, .F. ) ;
#1991 = PRESENTATION_LAYER_ASSIGNMENT (  '', '', ( #1853 ) ) ;
#1992 = LINE ( 'NONE', #420, #1009 ) ;
#1993 = ORIENTED_EDGE ( 'NONE', *, *, #2121, .F. ) ;
#1994 = DIRECTION ( 'NONE',  ( 0.0000000000000000000, 0.0000000000000000000, 1.000000000000000000 ) ) ;
#1995 = CARTESIAN_POINT ( 'NONE',  ( 966.0000000000002300, 749.9999999999993200, 710.9999999999998900 ) ) ;
#1996 = MANIFOLD_SOLID_BREP ( 'Screen', #2707 ) ;
#1997 = SURFACE_STYLE_USAGE ( .BOTH. , #1567 ) ;
#1998 = VERTEX_POINT ( 'NONE', #838 ) ;
#1999 = CARTESIAN_POINT ( 'NONE',  ( -1115.999999999999800, 750.0000000000002300, -611.0000000000001100 ) ) ;
#2000 = EDGE_LOOP ( 'NONE', ( #264, #2064 ) ) ;
#2001 = ORIENTED_EDGE ( 'NONE', *, *, #206, .T. ) ;
#2002 = DIRECTION ( 'NONE',  ( -0.0000000000000000000, -1.000000000000000000, 0.0000000000000000000 ) ) ;
#2003 = ORIENTED_EDGE ( 'NONE', *, *, #404, .T. ) ;
#2004 = EDGE_LOOP ( 'NONE', ( #1805, #683 ) ) ;
#2005 = VECTOR ( 'NONE', #1034, 1000000.000000000000 ) ;
#2006 = DIRECTION ( 'NONE',  ( 0.0000000000000000000, 0.0000000000000000000, 1.000000000000000000 ) ) ;
#2007 = DIRECTION ( 'NONE',  ( 0.0000000000000000000, 1.000000000000000000, -0.0000000000000000000 ) ) ;
#2008 = CARTESIAN_POINT ( 'NONE',  ( -1015.999999999999500, 749.9999999999993200, 610.9999999999998900 ) ) ;
#2009 = PLANE ( 'NONE',  #1118 ) ;
#2010 = DIRECTION ( 'NONE',  ( -0.0000000000000000000, 1.000000000000000000, -0.0000000000000000000 ) ) ;
#2011 = VECTOR ( 'NONE', #2018, 1000000.000000000100 ) ;
#2012 = FILL_AREA_STYLE ('',( #1595 ) ) ;
#2013 = SPHERICAL_SURFACE ( 'NONE', #1045, 109.9999999999999600 ) ;
#2014 = AXIS2_PLACEMENT_3D ( 'NONE', #870, #880, #1929 ) ;
#2015 = PLANE ( 'NONE',  #386 ) ;
#2016 = AXIS2_PLACEMENT_3D ( 'NONE', #1325, #1536, #1113 ) ;
#2017 = PLANE ( 'NONE',  #2030 ) ;
#2018 = DIRECTION ( 'NONE',  ( -0.4975428121645265000, -0.7105647754616251100, 0.4975428121645260600 ) ) ;
#2019 = PLANE ( 'NONE',  #1528 ) ;
#2020 = DIRECTION ( 'NONE',  ( 1.000000000000000000, 0.0000000000000000000, 2.034150417421209600E-016 ) ) ;
#2021 = LINE ( 'NONE', #559, #421 ) ;
#2022 = VECTOR ( 'NONE', #1397, 1000000.000000000000 ) ;
#2023 = EDGE_CURVE ( 'NONE', #516, #2027, #951, .T. ) ;
#2024 = ORIENTED_EDGE ( 'NONE', *, *, #1602, .T. ) ;
#2025 = SURFACE_STYLE_USAGE ( .BOTH. , #2473 ) ;
#2026 = CARTESIAN_POINT ( 'NONE',  ( -1136.020753820970600, 260.0000000000000000, 660.9999999999994300 ) ) ;
#2027 = VERTEX_POINT ( 'NONE', #437 ) ;
#2028 = AXIS2_PLACEMENT_3D ( 'NONE', #1102, #2560, #2549 ) ;
#2029 = UNCERTAINTY_MEASURE_WITH_UNIT (LENGTH_MEASURE( 1.000000000000000100E-005 ), #1337, 'distance_accuracy_value', 'NONE');
#2030 = AXIS2_PLACEMENT_3D ( 'NONE', #797, #2436, #1404 ) ;
#2031 = DIRECTION ( 'NONE',  ( -0.0000000000000000000, 0.0000000000000000000, -1.000000000000000000 ) ) ;
#2032 = CARTESIAN_POINT ( 'NONE',  ( 0.0000000000000000000, 160.0000000000000000, 0.0000000000000000000 ) ) ;
#2033 = EDGE_LOOP ( 'NONE', ( #2662, #1249, #2350, #1710 ) ) ;
#2034 = DIRECTION ( 'NONE',  ( -0.0000000000000000000, -1.000000000000000000, 0.0000000000000000000 ) ) ;
#2035 = VERTEX_POINT ( 'NONE', #1271 ) ;
#2036 = VERTEX_POINT ( 'NONE', #24 ) ;
#2037 = ORIENTED_EDGE ( 'NONE', *, *, #1798, .T. ) ;
#2038 = CARTESIAN_POINT ( 'NONE',  ( 1246.000000000000200, 308.9999999999998300, 840.9999999999998900 ) ) ;
#2039 = ORIENTED_EDGE ( 'NONE', *, *, #1975, .T. ) ;
#2040 = PRODUCT_DEFINITION ( 'UNKNOWN', '', #1724, #355 ) ;
#2041 = ORIENTED_EDGE ( 'NONE', *, *, #80, .T. ) ;
#2042 = CARTESIAN_POINT ( 'NONE',  ( 1266.000000000000200, 308.9999999999998300, -861.0000000000001100 ) ) ;
#2043 = FACE_OUTER_BOUND ( 'NONE', #241, .T. ) ;
#2044 = SURFACE_STYLE_USAGE ( .BOTH. , #1793 ) ;
#2045 = FACE_OUTER_BOUND ( 'NONE', #822, .T. ) ;
#2046 = VECTOR ( 'NONE', #2010, 1000000.000000000000 ) ;
#2047 = CARTESIAN_POINT ( 'NONE',  ( -1245.999999999999800, 308.9999999999998300, 840.9999999999998900 ) ) ;
#2048 = COLOUR_RGB ( '',0.7921568627450980000, 0.8196078431372548800, 0.9333333333333333500 ) ;
#2049 = AXIS2_PLACEMENT_3D ( 'NONE', #794, #2685, #176 ) ;
#2050 = CARTESIAN_POINT ( 'NONE',  ( 687.4999999999940900, 110.0000000000000000, -152.5000000000002800 ) ) ;
#2051 = DIRECTION ( 'NONE',  ( 0.0000000000000000000, 0.0000000000000000000, -1.000000000000000000 ) ) ;
#2052 = DIRECTION ( 'NONE',  ( 0.0000000000000000000, 0.0000000000000000000, 1.000000000000000000 ) ) ;
#2053 = CARTESIAN_POINT ( 'NONE',  ( 824.9999999999969300, 160.0000000000000000, -305.0000000000000600 ) ) ;
#2054 =( GEOMETRIC_REPRESENTATION_CONTEXT ( 3 ) GLOBAL_UNCERTAINTY_ASSIGNED_CONTEXT ( ( #2112 ) ) GLOBAL_UNIT_ASSIGNED_CONTEXT ( ( #1359, #1782, #1755 ) ) REPRESENTATION_CONTEXT ( 'NONE', 'WORKASPACE' ) );
#2055 = DIRECTION ( 'NONE',  ( -0.0000000000000000000, -1.000000000000000000, 0.0000000000000000000 ) ) ;
#2056 = FACE_OUTER_BOUND ( 'NONE', #1910, .T. ) ;
#2057 = CIRCLE ( 'NONE', #1208, 97.97958971132706600 ) ;
#2058 = EDGE_CURVE ( 'NONE', #1733, #2596, #2463, .T. ) ;
#2059 = DIRECTION ( 'NONE',  ( -0.0000000000000000000, -1.000000000000000000, 0.0000000000000000000 ) ) ;
#2060 = ORIENTED_EDGE ( 'NONE', *, *, #1798, .F. ) ;
#2061 = ORIENTED_EDGE ( 'NONE', *, *, #2345, .F. ) ;
#2062 = CARTESIAN_POINT ( 'NONE',  ( 137.4999999999961300, 110.0000000000000000, 457.4999999999998900 ) ) ;
#2063 = PLANE ( 'NONE',  #1350 ) ;
#2064 = ORIENTED_EDGE ( 'NONE', *, *, #1269, .T. ) ;
#2065 = DIRECTION ( 'NONE',  ( 1.000000000000000000, -0.0000000000000000000, 0.0000000000000000000 ) ) ;
#2066 = AXIS2_PLACEMENT_3D ( 'NONE', #1114, #1963, #1333 ) ;
#2067 = SURFACE_STYLE_USAGE ( .BOTH. , #2703 ) ;
#2068 = ORIENTED_EDGE ( 'NONE', *, *, #650, .T. ) ;
#2069 = ORIENTED_EDGE ( 'NONE', *, *, #2499, .T. ) ;
#2070 = ORIENTED_EDGE ( 'NONE', *, *, #482, .F. ) ;
#2071 = EDGE_CURVE ( 'NONE', #1230, #3, #2075, .T. ) ;
#2072 = VERTEX_POINT ( 'NONE', #1250 ) ;
#2073 = ORIENTED_EDGE ( 'NONE', *, *, #1090, .T. ) ;
#2074 = DIRECTION ( 'NONE',  ( -1.000000000000000000, 0.0000000000000000000, -0.0000000000000000000 ) ) ;
#2075 = LINE ( 'NONE', #1281, #1520 ) ;
#2076 = MECHANICAL_DESIGN_GEOMETRIC_PRESENTATION_REPRESENTATION (  '', ( #1658 ), #1234 ) ;
#2077 = DIRECTION ( 'NONE',  ( 1.000000000000000000, 0.0000000000000000000, 0.0000000000000000000 ) ) ;
#2078 = LINE ( 'NONE', #1139, #2291 ) ;
#2079 = EDGE_CURVE ( 'NONE', #171, #3, #1347, .T. ) ;
#2080 = CARTESIAN_POINT ( 'NONE',  ( 1246.000000000000200, 800.0000000000000000, 840.9999999999998900 ) ) ;
#2081 = CIRCLE ( 'NONE', #745, 97.97958971132708000 ) ;
#2082 = EDGE_CURVE ( 'NONE', #86, #1136, #1457, .T. ) ;
#2083 = DIRECTION ( 'NONE',  ( 0.0000000000000000000, -1.000000000000000000, 0.0000000000000000000 ) ) ;
#2084 = AXIS2_PLACEMENT_3D ( 'NONE', #2204, #1294, #51 ) ;
#2085 = CARTESIAN_POINT ( 'NONE',  ( -687.5000000000008000, 160.0000000000000000, -457.5000000000003400 ) ) ;
#2086 = PLANE ( 'NONE',  #2158 ) ;
#2087 = EDGE_CURVE ( 'NONE', #1797, #1340, #1943, .T. ) ;
#2088 = APPLICATION_PROTOCOL_DEFINITION ( 'draft international standard', 'automotive_design', 1998, #618 ) ;
#2089 = CARTESIAN_POINT ( 'NONE',  ( 1246.000000000000200, 800.0000000000000000, -841.0000000000001100 ) ) ;
#2090 = CARTESIAN_POINT ( 'NONE',  ( 816.0000000000003400, 750.0000000000000000, -3.301152883388702100E-013 ) ) ;
#2091 = FACE_BOUND ( 'NONE', #2101, .T. ) ;
#2092 = CARTESIAN_POINT ( 'NONE',  ( -1245.999999999999800, 800.0000000000000000, -841.0000000000001100 ) ) ;
#2093 = LINE ( 'NONE', #1155, #1856 ) ;
#2094 =( NAMED_UNIT ( * ) PLANE_ANGLE_UNIT ( ) SI_UNIT ( $, .RADIAN. ) );
#2095 = ORIENTED_EDGE ( 'NONE', *, *, #1023, .F. ) ;
#2096 = CARTESIAN_POINT ( 'NONE',  ( 412.4999999999951100, 160.0000000000000000, 250.4795897113269200 ) ) ;
#2097 = ORIENTED_EDGE ( 'NONE', *, *, #82, .F. ) ;
#2098 = CARTESIAN_POINT ( 'NONE',  ( 412.4999999999951100, 110.0000000000000000, 262.4999999999998300 ) ) ;
#2099 = ORIENTED_EDGE ( 'NONE', *, *, #463, .F. ) ;
#2100 = CARTESIAN_POINT ( 'NONE',  ( -687.5000000000008000, 110.0000000000000000, 152.4999999999998600 ) ) ;
#2101 = EDGE_LOOP ( 'NONE', ( #400, #365 ) ) ;
#2102 = ORIENTED_EDGE ( 'NONE', *, *, #2505, .T. ) ;
#2103 = ORIENTED_EDGE ( 'NONE', *, *, #1641, .T. ) ;
#2104 = CARTESIAN_POINT ( 'NONE',  ( 816.0000000000003400, 750.0000000000000000, -3.301152883388702100E-013 ) ) ;
#2105 = CARTESIAN_POINT ( 'NONE',  ( 966.0000000000002300, 800.0000000000000000, -611.0000000000001100 ) ) ;
#2106 = CIRCLE ( 'NONE', #885, 97.97958971132706600 ) ;
#2107 = CARTESIAN_POINT ( 'NONE',  ( -412.5000000000018200, 110.0000000000000000, 457.4999999999998900 ) ) ;
#2108 = LINE ( 'NONE', #1700, #1527 ) ;
#2109 = DIRECTION ( 'NONE',  ( 0.0000000000000000000, -1.000000000000000000, -0.0000000000000000000 ) ) ;
#2110 = AXIS2_PLACEMENT_3D ( 'NONE', #2679, #2237, #560 ) ;
#2111 = VECTOR ( 'NONE', #738, 1000000.000000000000 ) ;
#2112 = UNCERTAINTY_MEASURE_WITH_UNIT (LENGTH_MEASURE( 1.000000000000000100E-005 ), #1359, 'distance_accuracy_value', 'NONE');
#2113 = CIRCLE ( 'NONE', #357, 97.97958971132708000 ) ;
#2114 = DIRECTION ( 'NONE',  ( 0.0000000000000000000, -1.000000000000000000, -0.0000000000000000000 ) ) ;
#2115 = ADVANCED_FACE ( 'NONE', ( #527, #2398 ), #118, .T. ) ;
#2116 = EDGE_CURVE ( 'NONE', #466, #305, #1145, .T. ) ;
#2117 = SURFACE_STYLE_USAGE ( .BOTH. , #2527 ) ;
#2118 = ADVANCED_FACE ( 'NONE', ( #1845 ), #417, .T. ) ;
#2119 = STYLED_ITEM ( 'NONE', ( #1289 ), #1720 ) ;
#2120 = MANIFOLD_SOLID_BREP ( 'Pin B3', #1177 ) ;
#2121 = EDGE_CURVE ( 'NONE', #1766, #1406, #2708, .T. ) ;
#2122 = EDGE_CURVE ( 'NONE', #371, #2036, #20, .T. ) ;
#2123 = EDGE_LOOP ( 'NONE', ( #910, #2393, #882, #718 ) ) ;
#2124 = FACE_OUTER_BOUND ( 'NONE', #232, .T. ) ;
#2125 = ORIENTED_EDGE ( 'NONE', *, *, #1236, .T. ) ;
#2126 = CARTESIAN_POINT ( 'NONE',  ( 137.4999999999961300, 110.0000000000000000, -152.5000000000002800 ) ) ;
#2127 = LINE ( 'NONE', #1589, #647 ) ;
#2128 = EDGE_LOOP ( 'NONE', ( #1993, #1675 ) ) ;
#2129 = ADVANCED_FACE ( 'NONE', ( #1418 ), #461, .F. ) ;
#2130 = CARTESIAN_POINT ( 'NONE',  ( -412.5000000000018200, 160.0000000000000000, 555.4795897113269800 ) ) ;
#2131 = VERTEX_POINT ( 'NONE', #2098 ) ;
#2132 = ADVANCED_FACE ( 'NONE', ( #2167, #1743 ), #2233, .T. ) ;
#2133 = ORIENTED_EDGE ( 'NONE', *, *, #2023, .F. ) ;
#2134 = ORIENTED_EDGE ( 'NONE', *, *, #1127, .T. ) ;
#2135 = MECHANICAL_DESIGN_GEOMETRIC_PRESENTATION_REPRESENTATION (  '', ( #1853 ), #2709 ) ;
#2136 = DIRECTION ( 'NONE',  ( -1.224646799147353200E-016, -1.000000000000000000, -0.0000000000000000000 ) ) ;
#2137 = ORIENTED_EDGE ( 'NONE', *, *, #463, .T. ) ;
#2138 = DIRECTION ( 'NONE',  ( 1.000000000000000000, 0.0000000000000000000, -0.0000000000000000000 ) ) ;
#2139 = ORIENTED_EDGE ( 'NONE', *, *, #2686, .F. ) ;
#2140 = VERTEX_POINT ( 'NONE', #284 ) ;
#2141 = CIRCLE ( 'NONE', #933, 109.9999999999999600 ) ;
#2142 = DIRECTION ( 'NONE',  ( 0.0000000000000000000, 1.000000000000000000, 0.0000000000000000000 ) ) ;
#2143 = LINE ( 'NONE', #1123, #1223 ) ;
#2144 = VECTOR ( 'NONE', #1626, 1000000.000000000000 ) ;
#2145 = SPHERICAL_SURFACE ( 'NONE', #135, 109.9999999999999600 ) ;
#2146 =( LENGTH_UNIT ( ) NAMED_UNIT ( * ) SI_UNIT ( .MICRO., .METRE. ) );
#2147 = VERTEX_POINT ( 'NONE', #942 ) ;
#2148 = SURFACE_STYLE_USAGE ( .BOTH. , #676 ) ;
#2149 = CARTESIAN_POINT ( 'NONE',  ( -1065.999999999999500, 160.0000000000010200, -661.0000000000002300 ) ) ;
#2150 = CARTESIAN_POINT ( 'NONE',  ( -1265.999999999999800, 260.0000000000000000, 860.9999999999998900 ) ) ;
#2151 = DIRECTION ( 'NONE',  ( 1.640245344153562200E-016, 0.0000000000000000000, -1.000000000000000000 ) ) ;
#2152 = AXIS2_PLACEMENT_3D ( 'NONE', #1305, #2174, #1761 ) ;
#2153 = LINE ( 'NONE', #427, #342 ) ;
#2154 = CIRCLE ( 'NONE', #697, 97.97958971132706600 ) ;
#2155 = AXIS2_PLACEMENT_3D ( 'NONE', #1745, #99, #1552 ) ;
#2156 = ADVANCED_FACE ( 'NONE', ( #562 ), #1529, .F. ) ;
#2157 = CARTESIAN_POINT ( 'NONE',  ( 0.0000000000000000000, 800.0000000000000000, 0.0000000000000000000 ) ) ;
#2158 = AXIS2_PLACEMENT_3D ( 'NONE', #1222, #815, #1446 ) ;
#2159 = VERTEX_POINT ( 'NONE', #481 ) ;
#2160 = PLANE ( 'NONE',  #892 ) ;
#2161 = CARTESIAN_POINT ( 'NONE',  ( 0.0000000000000000000, 260.0000000000000000, 0.0000000000000000000 ) ) ;
#2162 = EDGE_CURVE ( 'NONE', #2423, #1645, #1611, .T. ) ;
#2163 = VERTEX_POINT ( 'NONE', #1922 ) ;
#2164 = MANIFOLD_SOLID_BREP ( 'Pin D7', #367 ) ;
#2165 = EDGE_LOOP ( 'NONE', ( #271, #2486 ) ) ;
#2166 = ORIENTED_EDGE ( 'NONE', *, *, #105, .F. ) ;
#2167 = FACE_OUTER_BOUND ( 'NONE', #821, .T. ) ;
#2168 = PLANE ( 'NONE',  #419 ) ;
#2169 = MECHANICAL_DESIGN_GEOMETRIC_PRESENTATION_REPRESENTATION (  '', ( #587 ), #2328 ) ;
#2170 = AXIS2_PLACEMENT_3D ( 'NONE', #1603, #2268, #354 ) ;
#2171 = ADVANCED_FACE ( 'NONE', ( #307 ), #2583, .F. ) ;
#2172 = LINE ( 'NONE', #610, #2339 ) ;
#2173 = VECTOR ( 'NONE', #1522, 1000000.000000000000 ) ;
#2174 = DIRECTION ( 'NONE',  ( 0.0000000000000000000, -1.000000000000000000, 0.0000000000000000000 ) ) ;
#2175 = SURFACE_STYLE_USAGE ( .BOTH. , #1339 ) ;
#2176 = AXIS2_PLACEMENT_3D ( 'NONE', #1660, #1038, #817 ) ;
#2177 = AXIS2_PLACEMENT_3D ( 'NONE', #636, #2508, #11 ) ;
#2178 = CARTESIAN_POINT ( 'NONE',  ( 0.0000000000000000000, 800.0000000000000000, 0.0000000000000000000 ) ) ;
#2179 = FACE_OUTER_BOUND ( 'NONE', #1762, .T. ) ;
#2180 = UNCERTAINTY_MEASURE_WITH_UNIT (LENGTH_MEASURE( 1.000000000000000100E-005 ), #546, 'distance_accuracy_value', 'NONE');
#2181 = VECTOR ( 'NONE', #8, 1000000.000000000000 ) ;
#2182 = ORIENTED_EDGE ( 'NONE', *, *, #129, .F. ) ;
#2183 = VECTOR ( 'NONE', #183, 1000000.000000000000 ) ;
#2184 = ORIENTED_EDGE ( 'NONE', *, *, #2364, .T. ) ;
#2185 = DIRECTION ( 'NONE',  ( 0.0000000000000000000, 0.0000000000000000000, 1.000000000000000000 ) ) ;
#2186 = AXIS2_PLACEMENT_3D ( 'NONE', #714, #930, #739 ) ;
#2187 = CARTESIAN_POINT ( 'NONE',  ( -687.5000000000008000, 110.0000000000000000, 42.49999999999989300 ) ) ;
#2188 = ORIENTED_EDGE ( 'NONE', *, *, #1240, .F. ) ;
#2189 = ORIENTED_EDGE ( 'NONE', *, *, #2441, .T. ) ;
#2190 = FILL_AREA_STYLE_COLOUR ( '', #729 ) ;
#2191 = EDGE_CURVE ( 'NONE', #2295, #2332, #2380, .T. ) ;
#2192 = ORIENTED_EDGE ( 'NONE', *, *, #655, .F. ) ;
#2193 = ORIENTED_EDGE ( 'NONE', *, *, #1641, .F. ) ;
#2194 = EDGE_LOOP ( 'NONE', ( #430, #2700 ) ) ;
#2195 = MANIFOLD_SOLID_BREP ( 'Housing ', #1901 ) ;
#2196 = DIRECTION ( 'NONE',  ( 0.0000000000000000000, -0.0000000000000000000, -1.000000000000000000 ) ) ;
#2197 = EDGE_LOOP ( 'NONE', ( #279, #2039 ) ) ;
#2198 = VECTOR ( 'NONE', #125, 1000000.000000000000 ) ;
#2199 = LINE ( 'NONE', #2225, #1115 ) ;
#2200 = DIRECTION ( 'NONE',  ( 0.0000000000000000000, -1.000000000000000000, -0.0000000000000000000 ) ) ;
#2201 = VECTOR ( 'NONE', #1356, 1000000.000000000000 ) ;
#2202 = AXIS2_PLACEMENT_3D ( 'NONE', #505, #2581, #98 ) ;
#2203 = CIRCLE ( 'NONE', #1640, 97.97958971132706600 ) ;
#2204 = CARTESIAN_POINT ( 'NONE',  ( -1115.999999999999800, 750.0000000000000000, -611.0000000000001100 ) ) ;
#2205 = COLOUR_RGB ( '',0.7921568627450980000, 0.8196078431372548800, 0.9333333333333333500 ) ;
#2206 = EDGE_CURVE ( 'NONE', #2586, #1476, #31, .T. ) ;
#2207 = PRESENTATION_LAYER_ASSIGNMENT (  '', '', ( #69 ) ) ;
#2208 = CARTESIAN_POINT ( 'NONE',  ( -137.5000000000028400, 110.0000000000000000, -457.5000000000003400 ) ) ;
#2209 = CARTESIAN_POINT ( 'NONE',  ( 0.0000000000000000000, 750.0000000000000000, 0.0000000000000000000 ) ) ;
#2210 = MECHANICAL_DESIGN_GEOMETRIC_PRESENTATION_REPRESENTATION (  '', ( #2388 ), #616 ) ;
#2211 = CARTESIAN_POINT ( 'NONE',  ( -412.5000000000018200, 110.0000000000000000, 567.4999999999998900 ) ) ;
#2212 = PLANE ( 'NONE',  #2301 ) ;
#2213 = EDGE_CURVE ( 'NONE', #360, #615, #1148, .T. ) ;
#2214 = VECTOR ( 'NONE', #1129, 1000000.000000000000 ) ;
#2215 = CARTESIAN_POINT ( 'NONE',  ( -687.5000000000008000, 160.0000000000000000, -555.4795897113274300 ) ) ;
#2216 = CARTESIAN_POINT ( 'NONE',  ( 962.4999999999930700, 110.0000000000000000, 152.4999999999998600 ) ) ;
#2217 = DIRECTION ( 'NONE',  ( 0.0000000000000000000, 0.0000000000000000000, -1.000000000000000000 ) ) ;
#2218 = AXIS2_PLACEMENT_3D ( 'NONE', #1425, #175, #1630 ) ;
#2219 = CIRCLE ( 'NONE', #1822, 109.9999999999999600 ) ;
#2220 = ORIENTED_EDGE ( 'NONE', *, *, #795, .T. ) ;
#2221 = DIRECTION ( 'NONE',  ( -0.0000000000000000000, -0.0000000000000000000, -1.000000000000000000 ) ) ;
#2222 = CARTESIAN_POINT ( 'NONE',  ( 0.0000000000000000000, 800.0000000000000000, -461.0000000000001700 ) ) ;
#2223 = CARTESIAN_POINT ( 'NONE',  ( 687.4999999999940900, 110.0000000000000000, 457.4999999999998900 ) ) ;
#2224 = DIRECTION ( 'NONE',  ( 1.000000000000000000, -0.0000000000000000000, 0.0000000000000000000 ) ) ;
#2225 = CARTESIAN_POINT ( 'NONE',  ( 1266.000000000000200, 260.0000000000000000, 860.9999999999998900 ) ) ;
#2226 = CARTESIAN_POINT ( 'NONE',  ( 816.0000000000005700, 750.0000000000000000, 610.9999999999998900 ) ) ;
#2227 = VERTEX_POINT ( 'NONE', #1738 ) ;
#2228 = DIRECTION ( 'NONE',  ( 1.000000000000000000, 0.0000000000000000000, 0.0000000000000000000 ) ) ;
#2229 = EDGE_LOOP ( 'NONE', ( #2665, #2068 ) ) ;
#2230 = ORIENTED_EDGE ( 'NONE', *, *, #2071, .T. ) ;
#2231 = ORIENTED_EDGE ( 'NONE', *, *, #709, .T. ) ;
#2232 = EDGE_LOOP ( 'NONE', ( #2133, #2362, #1609, #1128 ) ) ;
#2233 = SPHERICAL_SURFACE ( 'NONE', #2028, 109.9999999999999600 ) ;
#2234 = DIRECTION ( 'NONE',  ( 0.0000000000000000000, -1.000000000000000000, -0.0000000000000000000 ) ) ;
#2235 = FACE_OUTER_BOUND ( 'NONE', #1562, .T. ) ;
#2236 = CARTESIAN_POINT ( 'NONE',  ( 0.0000000000000000000, 160.0000000000000000, 0.0000000000000000000 ) ) ;
#2237 = DIRECTION ( 'NONE',  ( 0.0000000000000000000, -1.000000000000000000, -0.0000000000000000000 ) ) ;
#2238 = CARTESIAN_POINT ( 'NONE',  ( 962.4999999999930700, 110.0000000000000000, -567.5000000000003400 ) ) ;
#2239 = DIRECTION ( 'NONE',  ( -0.0000000000000000000, -1.000000000000000000, 0.0000000000000000000 ) ) ;
#2240 = DIRECTION ( 'NONE',  ( 0.0000000000000000000, 0.0000000000000000000, -1.000000000000000000 ) ) ;
#2241 = LINE ( 'NONE', #2222, #384 ) ;
#2242 = DIRECTION ( 'NONE',  ( 0.0000000000000000000, -1.000000000000000000, -0.0000000000000000000 ) ) ;
#2243 =( NAMED_UNIT ( * ) SI_UNIT ( $, .STERADIAN. ) SOLID_ANGLE_UNIT ( ) );
#2244 = MECHANICAL_DESIGN_GEOMETRIC_PRESENTATION_REPRESENTATION (  '', ( #1683 ), #1033 ) ;
#2245 = UNCERTAINTY_MEASURE_WITH_UNIT (LENGTH_MEASURE( 1.000000000000000100E-005 ), #1, 'distance_accuracy_value', 'NONE');
#2246 = PLANE ( 'NONE',  #564 ) ;
#2247 = CARTESIAN_POINT ( 'NONE',  ( 1099.999999999995900, 160.0000000000000000, -610.0000000000002300 ) ) ;
#2248 = CARTESIAN_POINT ( 'NONE',  ( -1115.999999999999800, 750.0000000000002300, -611.0000000000001100 ) ) ;
#2249 = CARTESIAN_POINT ( 'NONE',  ( -962.4999999999997700, 160.0000000000000000, -54.52041028867320400 ) ) ;
#2250 = CARTESIAN_POINT ( 'NONE',  ( -962.4999999999997700, 110.0000000000000000, -152.5000000000002800 ) ) ;
#2251 = EDGE_LOOP ( 'NONE', ( #2282, #1082 ) ) ;
#2252 = LINE ( 'NONE', #1432, #934 ) ;
#2253 = EDGE_CURVE ( 'NONE', #1646, #1733, #157, .T. ) ;
#2254 = EDGE_LOOP ( 'NONE', ( #2125, #1445 ) ) ;
#2255 = DIRECTION ( 'NONE',  ( 0.0000000000000000000, -1.000000000000000000, 0.0000000000000000000 ) ) ;
#2256 = CIRCLE ( 'NONE', #10, 97.97958971132706600 ) ;
#2257 = EDGE_LOOP ( 'NONE', ( #2184, #1343 ) ) ;
#2258 = CARTESIAN_POINT ( 'NONE',  ( -962.4999999999997700, 110.0000000000000000, -152.5000000000002800 ) ) ;
#2259 = AXIS2_PLACEMENT_3D ( 'NONE', #1644, #392, #1865 ) ;
#2260 = EDGE_CURVE ( 'NONE', #1340, #471, #2347, .T. ) ;
#2261 = CARTESIAN_POINT ( 'NONE',  ( -687.5000000000008000, 110.0000000000000000, -457.5000000000003400 ) ) ;
#2262 = ORIENTED_EDGE ( 'NONE', *, *, #2499, .F. ) ;
#2263 = EDGE_CURVE ( 'NONE', #207, #1013, #2241, .T. ) ;
#2264 = CARTESIAN_POINT ( 'NONE',  ( -1245.999999999999800, 308.9999999999998300, 840.9999999999998900 ) ) ;
#2265 = DIRECTION ( 'NONE',  ( 0.0000000000000000000, -1.000000000000000000, -0.0000000000000000000 ) ) ;
#2266 = ORIENTED_EDGE ( 'NONE', *, *, #239, .T. ) ;
#2267 = ORIENTED_EDGE ( 'NONE', *, *, #1375, .T. ) ;
#2268 = DIRECTION ( 'NONE',  ( -0.0000000000000000000, -1.000000000000000000, 0.0000000000000000000 ) ) ;
#2269 = DIRECTION ( 'NONE',  ( -1.000000000000000000, 0.0000000000000000000, 0.0000000000000000000 ) ) ;
#2270 = ORIENTED_EDGE ( 'NONE', *, *, #521, .F. ) ;
#2271 = CARTESIAN_POINT ( 'NONE',  ( -137.5000000000028400, 160.0000000000000000, -457.5000000000003400 ) ) ;
#2272 = ORIENTED_EDGE ( 'NONE', *, *, #1085, .T. ) ;
#2273 = CARTESIAN_POINT ( 'NONE',  ( 1066.000000000000000, 160.0000000000010200, 660.9999999999998900 ) ) ;
#2274 = DIRECTION ( 'NONE',  ( 0.0000000000000000000, -1.000000000000000000, 0.0000000000000000000 ) ) ;
#2275 = SURFACE_STYLE_FILL_AREA ( #447 ) ;
#2276 = LINE ( 'NONE', #588, #249 ) ;
#2277 = VECTOR ( 'NONE', #690, 1000000.000000000000 ) ;
#2278 = PRESENTATION_LAYER_ASSIGNMENT (  '', '', ( #587 ) ) ;
#2279 = DIRECTION ( 'NONE',  ( -1.000000000000000000, 0.0000000000000000000, -0.0000000000000000000 ) ) ;
#2280 = FACE_OUTER_BOUND ( 'NONE', #2229, .T. ) ;
#2281 = CARTESIAN_POINT ( 'NONE',  ( -1245.999999999999800, -2802.075766534852400, -841.0000000000001100 ) ) ;
#2282 = ORIENTED_EDGE ( 'NONE', *, *, #381, .F. ) ;
#2283 = CARTESIAN_POINT ( 'NONE',  ( 137.4999999999961300, 160.0000000000000000, -152.5000000000002800 ) ) ;
#2284 = DIRECTION ( 'NONE',  ( 0.0000000000000000000, 0.0000000000000000000, -1.000000000000000000 ) ) ;
#2285 = UNCERTAINTY_MEASURE_WITH_UNIT (LENGTH_MEASURE( 1.000000000000000100E-005 ), #1925, 'distance_accuracy_value', 'NONE');
#2286 = AXIS2_PLACEMENT_3D ( 'NONE', #2322, #231, #628 ) ;
#2287 = DIRECTION ( 'NONE',  ( 1.640245344153562000E-016, 0.0000000000000000000, 1.000000000000000000 ) ) ;
#2288 = SURFACE_SIDE_STYLE ('',( #865 ) ) ;
#2289 = MANIFOLD_SOLID_BREP ( 'Pin B7', #1892 ) ;
#2290 = CARTESIAN_POINT ( 'NONE',  ( 1266.000000000000200, -2753.075766534852400, 860.9999999999998900 ) ) ;
#2291 = VECTOR ( 'NONE', #1168, 1000000.000000000000 ) ;
#2292 = CARTESIAN_POINT ( 'NONE',  ( -137.5000000000028400, 110.0000000000000000, 152.4999999999998600 ) ) ;
#2293 = ORIENTED_EDGE ( 'NONE', *, *, #1504, .T. ) ;
#2294 = CIRCLE ( 'NONE', #150, 109.9999999999999600 ) ;
#2295 = VERTEX_POINT ( 'NONE', #771 ) ;
#2296 = EDGE_LOOP ( 'NONE', ( #632, #846 ) ) ;
#2297 = AXIS2_PLACEMENT_3D ( 'NONE', #1735, #1329, #911 ) ;
#2298 = CARTESIAN_POINT ( 'NONE',  ( 0.0000000000000000000, 750.0000000000000000, 0.0000000000000000000 ) ) ;
#2299 = SURFACE_STYLE_USAGE ( .BOTH. , #1912 ) ;
#2300 = ORIENTED_EDGE ( 'NONE', *, *, #1175, .T. ) ;
#2301 = AXIS2_PLACEMENT_3D ( 'NONE', #1465, #840, #2196 ) ;
#2302 = ORIENTED_EDGE ( 'NONE', *, *, #68, .F. ) ;
#2303 = VERTEX_POINT ( 'NONE', #753 ) ;
#2304 = VERTEX_POINT ( 'NONE', #138 ) ;
#2305 = ORIENTED_EDGE ( 'NONE', *, *, #1530, .F. ) ;
#2306 = AXIS2_PLACEMENT_3D ( 'NONE', #1429, #2055, #804 ) ;
#2307 = FACE_OUTER_BOUND ( 'NONE', #1806, .T. ) ;
#2308 =( LENGTH_UNIT ( ) NAMED_UNIT ( * ) SI_UNIT ( .MICRO., .METRE. ) );
#2309 = CARTESIAN_POINT ( 'NONE',  ( 1136.020753820971300, 260.0000000000000000, -661.0000000000001100 ) ) ;
#2310 = COLOUR_RGB ( '',0.7921568627450980000, 0.8196078431372548800, 0.9333333333333333500 ) ;
#2311 = CARTESIAN_POINT ( 'NONE',  ( -1115.999999999999800, 750.0000000000000000, -611.0000000000001100 ) ) ;
#2312 = CIRCLE ( 'NONE', #1875, 97.97958971132706600 ) ;
#2313 = EDGE_CURVE ( 'NONE', #715, #1251, #255, .T. ) ;
#2314 = CIRCLE ( 'NONE', #179, 97.97958971132708000 ) ;
#2315 = AXIS2_PLACEMENT_3D ( 'NONE', #1308, #1534, #259 ) ;
#2316 = EDGE_CURVE ( 'NONE', #1443, #689, #2314, .T. ) ;
#2317 = DIRECTION ( 'NONE',  ( 1.000000000000000000, -1.232047923278982700E-016, 0.0000000000000000000 ) ) ;
#2318 = ADVANCED_FACE ( 'NONE', ( #1391, #639 ), #1494, .T. ) ;
#2319 = SPHERICAL_SURFACE ( 'NONE', #572, 109.9999999999999600 ) ;
#2320 = SURFACE_STYLE_USAGE ( .BOTH. , #2562 ) ;
#2321 = VECTOR ( 'NONE', #1408, 1000000.000000000000 ) ;
#2322 = CARTESIAN_POINT ( 'NONE',  ( 962.4999999999930700, 160.0000000000000000, -457.5000000000003400 ) ) ;
#2323 = ORIENTED_EDGE ( 'NONE', *, *, #704, .T. ) ;
#2324 = LINE ( 'NONE', #1855, #1699 ) ;
#2325 = CARTESIAN_POINT ( 'NONE',  ( -1245.999999999999800, 800.0000000000000000, 840.9999999999998900 ) ) ;
#2326 = CLOSED_SHELL ( 'NONE', ( #2365, #902, #1748 ) ) ;
#2327 = ADVANCED_FACE ( 'NONE', ( #1622 ), #446, .T. ) ;
#2328 =( GEOMETRIC_REPRESENTATION_CONTEXT ( 3 ) GLOBAL_UNCERTAINTY_ASSIGNED_CONTEXT ( ( #1620 ) ) GLOBAL_UNIT_ASSIGNED_CONTEXT ( ( #868, #219, #1885 ) ) REPRESENTATION_CONTEXT ( 'NONE', 'WORKASPACE' ) );
#2329 = ORIENTED_EDGE ( 'NONE', *, *, #115, .F. ) ;
#2330 = DIRECTION ( 'NONE',  ( -1.000000000000000000, 0.0000000000000000000, 0.0000000000000000000 ) ) ;
#2331 = ORIENTED_EDGE ( 'NONE', *, *, #878, .F. ) ;
#2332 = VERTEX_POINT ( 'NONE', #2211 ) ;
#2333 = CARTESIAN_POINT ( 'NONE',  ( -1115.999999999999800, 800.0000000000000000, -611.0000000000001100 ) ) ;
#2334 = EDGE_LOOP ( 'NONE', ( #2193, #785 ) ) ;
#2335 = CARTESIAN_POINT ( 'NONE',  ( 687.4999999999940900, 160.0000000000000000, 457.4999999999998900 ) ) ;
#2336 = ADVANCED_FACE ( 'NONE', ( #2404 ), #2431, .T. ) ;
#2337 = EDGE_LOOP ( 'NONE', ( #488, #174 ) ) ;
#2338 = AXIS2_PLACEMENT_3D ( 'NONE', #2669, #2059, #1409 ) ;
#2339 = VECTOR ( 'NONE', #1464, 1000000.000000000000 ) ;
#2340 = DIRECTION ( 'NONE',  ( -0.0000000000000000000, -1.000000000000000000, 0.0000000000000000000 ) ) ;
#2341 = LINE ( 'NONE', #705, #122 ) ;
#2342 = ADVANCED_FACE ( 'NONE', ( #796 ), #158, .T. ) ;
#2343 = DIRECTION ( 'NONE',  ( -0.0000000000000000000, 1.000000000000000000, -0.0000000000000000000 ) ) ;
#2344 = VECTOR ( 'NONE', #2712, 1000000.000000000000 ) ;
#2345 = EDGE_CURVE ( 'NONE', #2694, #274, #699, .T. ) ;
#2346 = FACE_OUTER_BOUND ( 'NONE', #1600, .T. ) ;
#2347 = LINE ( 'NONE', #1366, #2540 ) ;
#2348 = VECTOR ( 'NONE', #542, 1000000.000000000000 ) ;
#2349 = CARTESIAN_POINT ( 'NONE',  ( -1015.999999999999500, -1716.253839327979900, 610.9999999999998900 ) ) ;
#2350 = ORIENTED_EDGE ( 'NONE', *, *, #485, .T. ) ;
#2351 = SURFACE_SIDE_STYLE ('',( #1228 ) ) ;
#2352 = ADVANCED_FACE ( 'NONE', ( #1722 ), #1060, .T. ) ;
#2353 = AXIS2_PLACEMENT_3D ( 'NONE', #2603, #1956, #1143 ) ;
#2354 = CARTESIAN_POINT ( 'NONE',  ( 687.4999999999940900, 160.0000000000000000, -152.5000000000002800 ) ) ;
#2355 = DIRECTION ( 'NONE',  ( 1.000000000000000000, -0.0000000000000000000, 0.0000000000000000000 ) ) ;
#2356 = EDGE_CURVE ( 'NONE', #516, #2458, #1291, .T. ) ;
#2357 = AXIS2_PLACEMENT_3D ( 'NONE', #1390, #955, #980 ) ;
#2358 = ADVANCED_FACE ( 'NONE', ( #668 ), #2449, .T. ) ;
#2359 = ORIENTED_EDGE ( 'NONE', *, *, #519, .F. ) ;
#2360 = CARTESIAN_POINT ( 'NONE',  ( -1065.999999999999800, 160.0000000000000000, 660.9999999999994300 ) ) ;
#2361 = LINE ( 'NONE', #369, #1507 ) ;
#2362 = ORIENTED_EDGE ( 'NONE', *, *, #2356, .T. ) ;
#2363 = ORIENTED_EDGE ( 'NONE', *, *, #1412, .T. ) ;
#2364 = EDGE_CURVE ( 'NONE', #855, #875, #2676, .T. ) ;
#2365 = ADVANCED_FACE ( 'NONE', ( #1119 ), #2435, .T. ) ;
#2366 = ORIENTED_EDGE ( 'NONE', *, *, #247, .F. ) ;
#2367 = MECHANICAL_DESIGN_GEOMETRIC_PRESENTATION_REPRESENTATION (  '', ( #42 ), #625 ) ;
#2368 = DIRECTION ( 'NONE',  ( 1.000000000000000000, -1.232047923278982700E-016, 0.0000000000000000000 ) ) ;
#2369 = EDGE_CURVE ( 'NONE', #849, #16, #1781, .T. ) ;
#2370 = ADVANCED_FACE ( 'NONE', ( #2045 ), #2683, .T. ) ;
#2371 = ORIENTED_EDGE ( 'NONE', *, *, #897, .F. ) ;
#2372 = ORIENTED_EDGE ( 'NONE', *, *, #344, .T. ) ;
#2373 = CARTESIAN_POINT ( 'NONE',  ( -687.5000000000008000, 110.0000000000000000, -347.5000000000003400 ) ) ;
#2374 = FACE_BOUND ( 'NONE', #1452, .T. ) ;
#2375 = COLOUR_RGB ( '',0.7921568627450980000, 0.8196078431372548800, 0.9333333333333333500 ) ;
#2376 = VECTOR ( 'NONE', #1105, 1000000.000000000000 ) ;
#2377 = AXIS2_PLACEMENT_3D ( 'NONE', #1266, #405, #2510 ) ;
#2378 = CIRCLE ( 'NONE', #2377, 110.0000000000000700 ) ;
#2379 = CARTESIAN_POINT ( 'NONE',  ( -1115.999999999999800, 750.0000000000002300, -611.0000000000001100 ) ) ;
#2380 = CIRCLE ( 'NONE', #128, 109.9999999999999600 ) ;
#2381 = CARTESIAN_POINT ( 'NONE',  ( 962.4999999999930700, 160.0000000000000000, 54.52041028867277100 ) ) ;
#2382 = CARTESIAN_POINT ( 'NONE',  ( 0.0000000000000000000, 800.0000000000000000, 610.9999999999998900 ) ) ;
#2383 = EDGE_LOOP ( 'NONE', ( #1279, #1809 ) ) ;
#2384 = CARTESIAN_POINT ( 'NONE',  ( 1246.000000000000200, 308.9999999999998300, -841.0000000000001100 ) ) ;
#2385 = AXIS2_PLACEMENT_3D ( 'NONE', #544, #1811, #359 ) ;
#2386 = ORIENTED_EDGE ( 'NONE', *, *, #1919, .T. ) ;
#2387 = ORIENTED_EDGE ( 'NONE', *, *, #485, .F. ) ;
#2388 = STYLED_ITEM ( 'NONE', ( #1147 ), #226 ) ;
#2389 = UNCERTAINTY_MEASURE_WITH_UNIT (LENGTH_MEASURE( 1.000000000000000100E-005 ), #2146, 'distance_accuracy_value', 'NONE');
#2390 = ORIENTED_EDGE ( 'NONE', *, *, #621, .T. ) ;
#2391 = EDGE_CURVE ( 'NONE', #2483, #595, #1190, .T. ) ;
#2392 = VERTEX_POINT ( 'NONE', #2698 ) ;
#2393 = ORIENTED_EDGE ( 'NONE', *, *, #1302, .F. ) ;
#2394 = ORIENTED_EDGE ( 'NONE', *, *, #1353, .F. ) ;
#2395 = DIRECTION ( 'NONE',  ( -1.000000000000000000, 0.0000000000000000000, 0.0000000000000000000 ) ) ;
#2396 = ORIENTED_EDGE ( 'NONE', *, *, #994, .T. ) ;
#2397 = AXIS2_PLACEMENT_3D ( 'NONE', #1179, #1833, #550 ) ;
#2398 = FACE_BOUND ( 'NONE', #1044, .T. ) ;
#2399 = SURFACE_STYLE_FILL_AREA ( #1816 ) ;
#2400 = EDGE_CURVE ( 'NONE', #113, #144, #1053, .T. ) ;
#2401 = FACE_BOUND ( 'NONE', #681, .T. ) ;
#2402 = CARTESIAN_POINT ( 'NONE',  ( 816.0000000000001100, 800.0000000000000000, -461.0000000000001700 ) ) ;
#2403 = CARTESIAN_POINT ( 'NONE',  ( 1266.000000000000200, 308.9999999999998300, -861.0000000000001100 ) ) ;
#2404 = FACE_OUTER_BOUND ( 'NONE', #589, .T. ) ;
#2405 = SPHERICAL_SURFACE ( 'NONE', #1706, 109.9999999999999600 ) ;
#2406 =( LENGTH_UNIT ( ) NAMED_UNIT ( * ) SI_UNIT ( .MICRO., .METRE. ) );
#2407 = DIRECTION ( 'NONE',  ( 1.000000000000000000, 0.0000000000000000000, 0.0000000000000000000 ) ) ;
#2408 = CARTESIAN_POINT ( 'NONE',  ( -962.4999999999997700, 110.0000000000000000, -152.5000000000002800 ) ) ;
#2409 = AXIS2_PLACEMENT_3D ( 'NONE', #1506, #1319, #1727 ) ;
#2410 = CARTESIAN_POINT ( 'NONE',  ( -137.5000000000028400, 110.0000000000000000, -457.5000000000003400 ) ) ;
#2411 = FACE_OUTER_BOUND ( 'NONE', #2625, .T. ) ;
#2412 = CARTESIAN_POINT ( 'NONE',  ( -1265.999999999999800, 160.0000000000000000, 860.9999999999998900 ) ) ;
#2413 = ORIENTED_EDGE ( 'NONE', *, *, #21, .T. ) ;
#2414 = CARTESIAN_POINT ( 'NONE',  ( 966.0000000000002300, 750.0000000000000000, 710.9999999999998900 ) ) ;
#2415 = ORIENTED_EDGE ( 'NONE', *, *, #1077, .T. ) ;
#2416 = CARTESIAN_POINT ( 'NONE',  ( -687.5000000000008000, 110.0000000000000000, 152.4999999999998600 ) ) ;
#2417 =( GEOMETRIC_REPRESENTATION_CONTEXT ( 3 ) GLOBAL_UNCERTAINTY_ASSIGNED_CONTEXT ( ( #464 ) ) GLOBAL_UNIT_ASSIGNED_CONTEXT ( ( #1192, #2667, #1407 ) ) REPRESENTATION_CONTEXT ( 'NONE', 'WORKASPACE' ) );
#2418 = EDGE_LOOP ( 'NONE', ( #1840, #275 ) ) ;
#2419 = DIRECTION ( 'NONE',  ( -1.000000000000000000, 0.0000000000000000000, 0.0000000000000000000 ) ) ;
#2420 = ORIENTED_EDGE ( 'NONE', *, *, #1236, .F. ) ;
#2421 = ORIENTED_EDGE ( 'NONE', *, *, #434, .F. ) ;
#2422 = CARTESIAN_POINT ( 'NONE',  ( 816.0000000000001100, 750.0000000000000000, -461.0000000000001700 ) ) ;
#2423 = VERTEX_POINT ( 'NONE', #1999 ) ;
#2424 = VERTEX_POINT ( 'NONE', #2621 ) ;
#2425 = SPHERICAL_SURFACE ( 'NONE', #2259, 109.9999999999999600 ) ;
#2426 = DIRECTION ( 'NONE',  ( -0.0000000000000000000, -1.000000000000000000, 0.0000000000000000000 ) ) ;
#2427 = FACE_BOUND ( 'NONE', #2254, .T. ) ;
#2428 = CARTESIAN_POINT ( 'NONE',  ( 687.4999999999940900, 160.0000000000000000, 359.5204102886728500 ) ) ;
#2429 = SPHERICAL_SURFACE ( 'NONE', #1309, 109.9999999999999600 ) ;
#2430 = AXIS2_PLACEMENT_3D ( 'NONE', #2579, #2566, #908 ) ;
#2431 = PLANE ( 'NONE',  #726 ) ;
#2432 = FACE_OUTER_BOUND ( 'NONE', #397, .T. ) ;
#2433 = PRESENTATION_STYLE_ASSIGNMENT (( #1473 ) ) ;
#2434 = DIRECTION ( 'NONE',  ( -1.224646799147353200E-016, -1.000000000000000000, -0.0000000000000000000 ) ) ;
#2435 = SPHERICAL_SURFACE ( 'NONE', #813, 109.9999999999999600 ) ;
#2436 = DIRECTION ( 'NONE',  ( 0.0000000000000000000, -1.000000000000000000, 0.0000000000000000000 ) ) ;
#2437 = AXIS2_PLACEMENT_3D ( 'NONE', #671, #1517, #1918 ) ;
#2438 = CARTESIAN_POINT ( 'NONE',  ( 1266.000000000000200, 308.9999999999998300, 860.9999999999998900 ) ) ;
#2439 =( NAMED_UNIT ( * ) SI_UNIT ( $, .STERADIAN. ) SOLID_ANGLE_UNIT ( ) );
#2440 = PLANE ( 'NONE',  #252 ) ;
#2441 = EDGE_CURVE ( 'NONE', #144, #1942, #2078, .T. ) ;
#2442 =( LENGTH_UNIT ( ) NAMED_UNIT ( * ) SI_UNIT ( .MICRO., .METRE. ) );
#2443 = SURFACE_STYLE_USAGE ( .BOTH. , #1800 ) ;
#2444 = SPHERICAL_SURFACE ( 'NONE', #2170, 109.9999999999999600 ) ;
#2445 = MECHANICAL_DESIGN_GEOMETRIC_PRESENTATION_REPRESENTATION (  '', ( #1469 ), #1763 ) ;
#2446 = FACE_OUTER_BOUND ( 'NONE', #1736, .T. ) ;
#2447 = AXIS2_PLACEMENT_3D ( 'NONE', #1470, #1680, #1462 ) ;
#2448 = VERTEX_POINT ( 'NONE', #733 ) ;
#2449 = PLANE ( 'NONE',  #1007 ) ;
#2450 = VERTEX_POINT ( 'NONE', #2187 ) ;
#2451 = CARTESIAN_POINT ( 'NONE',  ( 1266.000000000000200, 260.0000000000000000, -861.0000000000001100 ) ) ;
#2452 = CARTESIAN_POINT ( 'NONE',  ( -538.2258519352014900, -593.7395975687495600, 133.2258519352002700 ) ) ;
#2453 = CLOSED_SHELL ( 'NONE', ( #1299, #2118, #877, #258, #1705, #1493, #238, #1891, #1487, #453 ) ) ;
#2454 = DIRECTION ( 'NONE',  ( 0.0000000000000000000, 0.0000000000000000000, -1.000000000000000000 ) ) ;
#2455 = ORIENTED_EDGE ( 'NONE', *, *, #2023, .T. ) ;
#2456 = AXIS2_PLACEMENT_3D ( 'NONE', #1000, #1396, #153 ) ;
#2457 = CARTESIAN_POINT ( 'NONE',  ( 966.0000000000002300, 750.0000000000000000, -611.0000000000001100 ) ) ;
#2458 = VERTEX_POINT ( 'NONE', #762 ) ;
#2459 = EDGE_LOOP ( 'NONE', ( #2060, #2532 ) ) ;
#2460 = ORIENTED_EDGE ( 'NONE', *, *, #387, .F. ) ;
#2461 = VERTEX_POINT ( 'NONE', #143 ) ;
#2462 = DIRECTION ( 'NONE',  ( 0.0000000000000000000, 0.0000000000000000000, 1.000000000000000000 ) ) ;
#2463 = LINE ( 'NONE', #2090, #752 ) ;
#2464 = STYLED_ITEM ( 'NONE', ( #1556 ), #2289 ) ;
#2465 = DIRECTION ( 'NONE',  ( 0.0000000000000000000, -0.0000000000000000000, -1.000000000000000000 ) ) ;
#2466 = DIRECTION ( 'NONE',  ( -1.000000000000000000, 0.0000000000000000000, 0.0000000000000000000 ) ) ;
#2467 = VECTOR ( 'NONE', #256, 1000000.000000000000 ) ;
#2468 = SURFACE_SIDE_STYLE ('',( #2636 ) ) ;
#2469 = LINE ( 'NONE', #15, #669 ) ;
#2470 = DIRECTION ( 'NONE',  ( 0.0000000000000000000, -1.000000000000000000, -0.0000000000000000000 ) ) ;
#2471 = EDGE_LOOP ( 'NONE', ( #2189, #547, #2070, #1535 ) ) ;
#2472 = AXIS2_PLACEMENT_3D ( 'NONE', #1024, #2274, #789 ) ;
#2473 = SURFACE_SIDE_STYLE ('',( #1794 ) ) ;
#2474 = CARTESIAN_POINT ( 'NONE',  ( 1266.000000000000200, 260.0000000000000000, 860.9999999999998900 ) ) ;
#2475 = DIRECTION ( 'NONE',  ( 0.0000000000000000000, 0.0000000000000000000, 1.000000000000000000 ) ) ;
#2476 = EDGE_CURVE ( 'NONE', #459, #1342, #1949, .T. ) ;
#2477 = CIRCLE ( 'NONE', #2447, 109.9999999999999600 ) ;
#2478 = LINE ( 'NONE', #1171, #422 ) ;
#2479 = DIRECTION ( 'NONE',  ( -1.000000000000000000, 0.0000000000000000000, -0.0000000000000000000 ) ) ;
#2480 = ORIENTED_EDGE ( 'NONE', *, *, #1939, .F. ) ;
#2481 = CARTESIAN_POINT ( 'NONE',  ( 137.4999999999961300, 110.0000000000000000, -262.5000000000002300 ) ) ;
#2482 = VECTOR ( 'NONE', #964, 1000000.000000000000 ) ;
#2483 = VERTEX_POINT ( 'NONE', #119 ) ;
#2484 = MANIFOLD_SOLID_BREP ( 'Pin C2', #648 ) ;
#2485 = CARTESIAN_POINT ( 'NONE',  ( 1266.000000000000200, 800.0000000000000000, 860.9999999999998900 ) ) ;
#2486 = ORIENTED_EDGE ( 'NONE', *, *, #2191, .T. ) ;
#2487 = EDGE_CURVE ( 'NONE', #2596, #2163, #2678, .T. ) ;
#2488 = AXIS2_PLACEMENT_3D ( 'NONE', #693, #905, #2588 ) ;
#2489 = DIRECTION ( 'NONE',  ( 1.000000000000000000, -1.232047923278982700E-016, 0.0000000000000000000 ) ) ;
#2490 = EDGE_LOOP ( 'NONE', ( #322, #177, #2139, #630 ) ) ;
#2491 = VERTEX_POINT ( 'NONE', #1182 ) ;
#2492 = CARTESIAN_POINT ( 'NONE',  ( -412.5000000000018200, 110.0000000000000000, -42.50000000000032700 ) ) ;
#2493 = AXIS2_PLACEMENT_3D ( 'NONE', #36, #2109, #270 ) ;
#2494 = VERTEX_POINT ( 'NONE', #1984 ) ;
#2495 = VERTEX_POINT ( 'NONE', #1769 ) ;
#2496 = VERTEX_POINT ( 'NONE', #746 ) ;
#2497 = DIRECTION ( 'NONE',  ( 0.0000000000000000000, 0.0000000000000000000, -1.000000000000000000 ) ) ;
#2498 = FACE_OUTER_BOUND ( 'NONE', #465, .T. ) ;
#2499 = EDGE_CURVE ( 'NONE', #811, #1174, #798, .T. ) ;
#2500 = CIRCLE ( 'NONE', #29, 109.9999999999999600 ) ;
#2501 = FACE_OUTER_BOUND ( 'NONE', #1635, .T. ) ;
#2502 = AXIS2_PLACEMENT_3D ( 'NONE', #2107, #2340, #237 ) ;
#2503 = CARTESIAN_POINT ( 'NONE',  ( -1245.999999999999800, 308.9999999999998300, -841.0000000000001100 ) ) ;
#2504 = LINE ( 'NONE', #1588, #2606 ) ;
#2505 = EDGE_CURVE ( 'NONE', #274, #2694, #32, .T. ) ;
#2506 = FILL_AREA_STYLE_COLOUR ( '', #1778 ) ;
#2507 = DIRECTION ( 'NONE',  ( 0.0000000000000000000, 0.0000000000000000000, 1.000000000000000000 ) ) ;
#2508 = DIRECTION ( 'NONE',  ( 1.000000000000000000, 0.0000000000000000000, 0.0000000000000000000 ) ) ;
#2509 = DIRECTION ( 'NONE',  ( 1.000000000000000000, 0.0000000000000000000, 0.0000000000000000000 ) ) ;
#2510 = DIRECTION ( 'NONE',  ( 1.000000000000000000, -1.232047923278981500E-016, 0.0000000000000000000 ) ) ;
#2511 = CARTESIAN_POINT ( 'NONE',  ( -1015.999999999999500, 800.0000000000000000, 610.9999999999998900 ) ) ;
#2512 = ORIENTED_EDGE ( 'NONE', *, *, #434, .T. ) ;
#2513 = LINE ( 'NONE', #2309, #1440 ) ;
#2514 = VERTEX_POINT ( 'NONE', #109 ) ;
#2515 = CARTESIAN_POINT ( 'NONE',  ( -1015.999999999999800, 800.0000000000000000, -461.0000000000001700 ) ) ;
#2516 = ORIENTED_EDGE ( 'NONE', *, *, #1466, .F. ) ;
#2517 = CARTESIAN_POINT ( 'NONE',  ( -1015.999999999999800, 800.0000000000000000, -461.0000000000001700 ) ) ;
#2518 = DIRECTION ( 'NONE',  ( 0.0000000000000000000, 0.0000000000000000000, -1.000000000000000000 ) ) ;
#2519 = EDGE_LOOP ( 'NONE', ( #1621, #496 ) ) ;
#2520 =( LENGTH_UNIT ( ) NAMED_UNIT ( * ) SI_UNIT ( .MICRO., .METRE. ) );
#2521 = ADVANCED_FACE ( 'NONE', ( #1293 ), #2019, .T. ) ;
#2522 = ORIENTED_EDGE ( 'NONE', *, *, #82, .T. ) ;
#2523 = CARTESIAN_POINT ( 'NONE',  ( -1115.999999999999800, 800.0000000000000000, 710.9999999999998900 ) ) ;
#2524 = AXIS2_PLACEMENT_3D ( 'NONE', #1049, #874, #1087 ) ;
#2525 = ORIENTED_EDGE ( 'NONE', *, *, #763, .T. ) ;
#2526 = ORIENTED_EDGE ( 'NONE', *, *, #1043, .T. ) ;
#2527 = SURFACE_SIDE_STYLE ('',( #280 ) ) ;
#2528 = EDGE_LOOP ( 'NONE', ( #2420, #1970 ) ) ;
#2529 = ADVANCED_FACE ( 'NONE', ( #2280, #1150 ), #2013, .T. ) ;
#2530 = CARTESIAN_POINT ( 'NONE',  ( -1115.999999999999800, -1716.253839327979900, -611.0000000000001100 ) ) ;
#2531 = AXIS2_PLACEMENT_3D ( 'NONE', #1091, #1707, #454 ) ;
#2532 = ORIENTED_EDGE ( 'NONE', *, *, #1504, .F. ) ;
#2533 =( NAMED_UNIT ( * ) PLANE_ANGLE_UNIT ( ) SI_UNIT ( $, .RADIAN. ) );
#2534 = SPHERICAL_SURFACE ( 'NONE', #1689, 109.9999999999999600 ) ;
#2535 = CARTESIAN_POINT ( 'NONE',  ( 687.4999999999940900, 160.0000000000000000, -54.52041028867320400 ) ) ;
#2536 = VECTOR ( 'NONE', #836, 1000000.000000000000 ) ;
#2537 = LINE ( 'NONE', #843, #311 ) ;
#2538 = COLOUR_RGB ( '',0.7921568627450980000, 0.8196078431372548800, 0.9333333333333333500 ) ;
#2539 = EDGE_CURVE ( 'NONE', #16, #516, #2504, .T. ) ;
#2540 = VECTOR ( 'NONE', #568, 1000000.000000000000 ) ;
#2541 = CARTESIAN_POINT ( 'NONE',  ( 1266.000000000000200, 160.0000000000000000, 860.9999999999998900 ) ) ;
#2542 = ADVANCED_FACE ( 'NONE', ( #2718 ), #314, .T. ) ;
#2543 = AXIS2_PLACEMENT_3D ( 'NONE', #2062, #1435, #202 ) ;
#2544 = PLANE ( 'NONE',  #2531 ) ;
#2545 = MECHANICAL_DESIGN_GEOMETRIC_PRESENTATION_REPRESENTATION (  '', ( #954 ), #1331 ) ;
#2546 = CARTESIAN_POINT ( 'NONE',  ( -1265.999999999999800, -2753.075766534852400, -861.0000000000001100 ) ) ;
#2547 = EDGE_CURVE ( 'NONE', #3, #1419, #958, .T. ) ;
#2548 = ADVANCED_FACE ( 'NONE', ( #731 ), #1224, .T. ) ;
#2549 = DIRECTION ( 'NONE',  ( -1.000000000000000000, 0.0000000000000000000, 0.0000000000000000000 ) ) ;
#2550 = EDGE_CURVE ( 'NONE', #875, #855, #2113, .T. ) ;
#2551 = CIRCLE ( 'NONE', #2594, 109.9999999999999600 ) ;
#2552 = PLANE ( 'NONE',  #1499 ) ;
#2553 = ORIENTED_EDGE ( 'NONE', *, *, #666, .T. ) ;
#2554 = VECTOR ( 'NONE', #1668, 1000000.000000000000 ) ;
#2555 = CARTESIAN_POINT ( 'NONE',  ( -1265.999999999999800, 160.0000000000000000, 860.9999999999998900 ) ) ;
#2556 = VERTEX_POINT ( 'NONE', #991 ) ;
#2557 = ADVANCED_FACE ( 'NONE', ( #1784, #606 ), #1659, .T. ) ;
#2558 = AXIS2_PLACEMENT_3D ( 'NONE', #2408, #725, #2643 ) ;
#2559 = ORIENTED_EDGE ( 'NONE', *, *, #1277, .F. ) ;
#2560 = DIRECTION ( 'NONE',  ( -0.0000000000000000000, -1.000000000000000000, 0.0000000000000000000 ) ) ;
#2561 = ADVANCED_FACE ( 'NONE', ( #1061 ), #805, .T. ) ;
#2562 = SURFACE_SIDE_STYLE ('',( #411 ) ) ;
#2563 = VERTEX_POINT ( 'NONE', #2702 ) ;
#2564 = ORIENTED_EDGE ( 'NONE', *, *, #511, .T. ) ;
#2565 = ORIENTED_EDGE ( 'NONE', *, *, #929, .F. ) ;
#2566 = DIRECTION ( 'NONE',  ( 0.8191520442889882500, -0.5735764363510513800, 0.0000000000000000000 ) ) ;
#2567 = VERTEX_POINT ( 'NONE', #2238 ) ;
#2568 = ORIENTED_EDGE ( 'NONE', *, *, #1555, .F. ) ;
#2569 = SURFACE_STYLE_FILL_AREA ( #948 ) ;
#2570 = ADVANCED_FACE ( 'NONE', ( #507 ), #2405, .T. ) ;
#2571 = FACE_OUTER_BOUND ( 'NONE', #2459, .T. ) ;
#2572 =( LENGTH_UNIT ( ) NAMED_UNIT ( * ) SI_UNIT ( .MICRO., .METRE. ) );
#2573 = PRESENTATION_STYLE_ASSIGNMENT (( #866 ) ) ;
#2574 = CARTESIAN_POINT ( 'NONE',  ( -412.5000000000018200, 110.0000000000000000, -262.5000000000002300 ) ) ;
#2575 = ADVANCED_FACE ( 'NONE', ( #63 ), #1420, .F. ) ;
#2576 = SURFACE_SIDE_STYLE ('',( #2598 ) ) ;
#2577 = AXIS2_PLACEMENT_3D ( 'NONE', #2555, #67, #1734 ) ;
#2578 = CARTESIAN_POINT ( 'NONE',  ( 1246.000000000000200, 800.0000000000000000, 840.9999999999998900 ) ) ;
#2579 = CARTESIAN_POINT ( 'NONE',  ( 1066.000000000000000, 160.0000000000010200, -661.0000000000001100 ) ) ;
#2580 = AXIS2_PLACEMENT_3D ( 'NONE', #137, #2002, #742 ) ;
#2581 = DIRECTION ( 'NONE',  ( 0.0000000000000000000, 1.000000000000000000, 0.0000000000000000000 ) ) ;
#2582 = AXIS2_PLACEMENT_3D ( 'NONE', #2530, #46, #1300 ) ;
#2583 = PLANE ( 'NONE',  #349 ) ;
#2584 = PRESENTATION_STYLE_ASSIGNMENT (( #97 ) ) ;
#2585 = ADVANCED_FACE ( 'NONE', ( #124 ), #2145, .T. ) ;
#2586 = VERTEX_POINT ( 'NONE', #1817 ) ;
#2587 = CLOSED_SHELL ( 'NONE', ( #2570, #2318, #2171 ) ) ;
#2588 = DIRECTION ( 'NONE',  ( 0.0000000000000000000, 0.0000000000000000000, -1.000000000000000000 ) ) ;
#2589 = CARTESIAN_POINT ( 'NONE',  ( 137.4999999999961300, 110.0000000000000000, -152.5000000000002800 ) ) ;
#2590 = EDGE_CURVE ( 'NONE', #945, #47, #1557, .T. ) ;
#2591 = EDGE_LOOP ( 'NONE', ( #1377, #182, #2564, #1516 ) ) ;
#2592 = CARTESIAN_POINT ( 'NONE',  ( -1265.999999999999800, 160.0000000000000000, -861.0000000000001100 ) ) ;
#2593 = ORIENTED_EDGE ( 'NONE', *, *, #1328, .T. ) ;
#2594 = AXIS2_PLACEMENT_3D ( 'NONE', #1458, #1035, #814 ) ;
#2595 = EDGE_LOOP ( 'NONE', ( #2329, #79 ) ) ;
#2596 = VERTEX_POINT ( 'NONE', #1639 ) ;
#2597 = ORIENTED_EDGE ( 'NONE', *, *, #1939, .T. ) ;
#2598 = SURFACE_STYLE_FILL_AREA ( #691 ) ;
#2599 = ORIENTED_EDGE ( 'NONE', *, *, #788, .F. ) ;
#2600 = DIRECTION ( 'NONE',  ( -1.000000000000000000, 0.0000000000000000000, 0.0000000000000000000 ) ) ;
#2601 = CIRCLE ( 'NONE', #1606, 109.9999999999999600 ) ;
#2602 = CIRCLE ( 'NONE', #1773, 97.97958971132706600 ) ;
#2603 = CARTESIAN_POINT ( 'NONE',  ( 962.4999999999930700, 110.0000000000000000, 152.4999999999998600 ) ) ;
#2604 = MECHANICAL_DESIGN_GEOMETRIC_PRESENTATION_REPRESENTATION (  '', ( #1135 ), #2721 ) ;
#2605 = FACE_OUTER_BOUND ( 'NONE', #17, .T. ) ;
#2606 = VECTOR ( 'NONE', #931, 1000000.000000000000 ) ;
#2607 = MANIFOLD_SOLID_BREP ( 'Shield', #594 ) ;
#2608 = MECHANICAL_DESIGN_GEOMETRIC_PRESENTATION_REPRESENTATION (  '', ( #2464 ), #674 ) ;
#2609 = CARTESIAN_POINT ( 'NONE',  ( 816.0000000000001100, -1716.253839327979900, -461.0000000000001700 ) ) ;
#2610 = ADVANCED_BREP_SHAPE_REPRESENTATION ( 'OV9734-H16A', ( #66, #1996, #424, #1720, #1231, #2164, #2484, #1394, #226, #261, #2120, #1434, #2289, #1632, #654, #903, #622, #2658, #2607, #2195, #1431 ), #1897 ) ;
#2611 = VECTOR ( 'NONE', #414, 1000000.000000000000 ) ;
#2612 = CARTESIAN_POINT ( 'NONE',  ( 1246.000000000000200, -2802.075766534852400, -841.0000000000001100 ) ) ;
#2613 = CIRCLE ( 'NONE', #1597, 109.9999999999999600 ) ;
#2614 = DIRECTION ( 'NONE',  ( 0.0000000000000000000, -1.000000000000000000, -0.0000000000000000000 ) ) ;
#2615 = ORIENTED_EDGE ( 'NONE', *, *, #111, .F. ) ;
#2616 = SPHERICAL_SURFACE ( 'NONE', #2580, 109.9999999999999600 ) ;
#2617 = ORIENTED_EDGE ( 'NONE', *, *, #1127, .F. ) ;
#2618 = EDGE_CURVE ( 'NONE', #750, #940, #1982, .T. ) ;
#2619 = ORIENTED_EDGE ( 'NONE', *, *, #1369, .F. ) ;
#2620 = ORIENTED_EDGE ( 'NONE', *, *, #2711, .T. ) ;
#2621 = CARTESIAN_POINT ( 'NONE',  ( 816.0000000000005700, 800.0000000000000000, 610.9999999999998900 ) ) ;
#2622 = VERTEX_POINT ( 'NONE', #1237 ) ;
#2623 = ORIENTED_EDGE ( 'NONE', *, *, #627, .T. ) ;
#2624 = CARTESIAN_POINT ( 'NONE',  ( -687.5000000000008000, 160.0000000000000000, 152.4999999999998600 ) ) ;
#2625 = EDGE_LOOP ( 'NONE', ( #1508, #1488 ) ) ;
#2626 = VERTEX_POINT ( 'NONE', #1825 ) ;
#2627 = DIRECTION ( 'NONE',  ( -1.000000000000000000, 0.0000000000000000000, 0.0000000000000000000 ) ) ;
#2628 = VECTOR ( 'NONE', #713, 1000000.000000000000 ) ;
#2629 = EDGE_CURVE ( 'NONE', #47, #945, #1850, .T. ) ;
#2630 = DIRECTION ( 'NONE',  ( 0.0000000000000000000, 0.0000000000000000000, -1.000000000000000000 ) ) ;
#2631 = PRESENTATION_LAYER_ASSIGNMENT (  '', '', ( #509 ) ) ;
#2632 = DIRECTION ( 'NONE',  ( -0.0000000000000000000, 0.0000000000000000000, 1.000000000000000000 ) ) ;
#2633 = LINE ( 'NONE', #2452, #253 ) ;
#2634 = DIRECTION ( 'NONE',  ( -1.000000000000000000, 0.0000000000000000000, 0.0000000000000000000 ) ) ;
#2635 = AXIS2_PLACEMENT_3D ( 'NONE', #2354, #649, #475 ) ;
#2636 = SURFACE_STYLE_FILL_AREA ( #563 ) ;
#2637 = DIRECTION ( 'NONE',  ( -1.000000000000000000, 0.0000000000000000000, 1.640245344153562000E-016 ) ) ;
#2638 = EDGE_LOOP ( 'NONE', ( #1643, #1367, #2617, #61 ) ) ;
#2639 = DIRECTION ( 'NONE',  ( 1.000000000000000000, 0.0000000000000000000, 0.0000000000000000000 ) ) ;
#2640 = DIRECTION ( 'NONE',  ( 0.0000000000000000000, -1.000000000000000000, -0.0000000000000000000 ) ) ;
#2641 = EDGE_CURVE ( 'NONE', #2424, #171, #1584, .T. ) ;
#2642 = DIRECTION ( 'NONE',  ( 0.0000000000000000000, -1.000000000000000000, -0.0000000000000000000 ) ) ;
#2643 = DIRECTION ( 'NONE',  ( 0.0000000000000000000, 0.0000000000000000000, 1.000000000000000000 ) ) ;
#2644 = STYLED_ITEM ( 'NONE', ( #1486 ), #2164 ) ;
#2645 = EDGE_CURVE ( 'NONE', #1410, #520, #2469, .T. ) ;
#2646 = DIRECTION ( 'NONE',  ( 1.000000000000000000, 0.0000000000000000000, 0.0000000000000000000 ) ) ;
#2647 = PLANE ( 'NONE',  #1917 ) ;
#2648 = DIRECTION ( 'NONE',  ( 0.0000000000000000000, 0.0000000000000000000, -1.000000000000000000 ) ) ;
#2649 = EDGE_LOOP ( 'NONE', ( #657, #117, #1016, #1341 ) ) ;
#2650 = FACE_OUTER_BOUND ( 'NONE', #403, .T. ) ;
#2651 = CARTESIAN_POINT ( 'NONE',  ( 274.9999999999989800, 160.0000000000000000, -915.0000000000002300 ) ) ;
#2652 = ORIENTED_EDGE ( 'NONE', *, *, #2441, .F. ) ;
#2653 = PLANE ( 'NONE',  #2397 ) ;
#2654 = CARTESIAN_POINT ( 'NONE',  ( 137.4999999999961300, 110.0000000000000000, 347.4999999999999400 ) ) ;
#2655 = SURFACE_SIDE_STYLE ('',( #893 ) ) ;
#2656 = AXIS2_PLACEMENT_3D ( 'NONE', #638, #30, #1674 ) ;
#2657 = CARTESIAN_POINT ( 'NONE',  ( 137.4999999999961300, 160.0000000000000000, -54.52041028867320400 ) ) ;
#2658 = MANIFOLD_SOLID_BREP ( 'Pin B1', #2587 ) ;
#2659 = EDGE_LOOP ( 'NONE', ( #514, #2386 ) ) ;
#2660 = DIRECTION ( 'NONE',  ( 0.0000000000000000000, -1.000000000000000000, 0.0000000000000000000 ) ) ;
#2661 = EDGE_LOOP ( 'NONE', ( #2371, #1608, #949, #2331 ) ) ;
#2662 = ORIENTED_EDGE ( 'NONE', *, *, #111, .T. ) ;
#2663 =( NAMED_UNIT ( * ) PLANE_ANGLE_UNIT ( ) SI_UNIT ( $, .RADIAN. ) );
#2664 = UNCERTAINTY_MEASURE_WITH_UNIT (LENGTH_MEASURE( 1.000000000000000100E-005 ), #1810, 'distance_accuracy_value', 'NONE');
#2665 = ORIENTED_EDGE ( 'NONE', *, *, #206, .F. ) ;
#2666 = CLOSED_SHELL ( 'NONE', ( #698, #2132, #1908 ) ) ;
#2667 =( NAMED_UNIT ( * ) PLANE_ANGLE_UNIT ( ) SI_UNIT ( $, .RADIAN. ) );
#2668 = CARTESIAN_POINT ( 'NONE',  ( -137.5000000000028400, 110.0000000000000000, 42.49999999999989300 ) ) ;
#2669 = CARTESIAN_POINT ( 'NONE',  ( -412.5000000000018200, 110.0000000000000000, 457.4999999999998900 ) ) ;
#2670 = FACE_OUTER_BOUND ( 'NONE', #2595, .T. ) ;
#2671 = DIRECTION ( 'NONE',  ( 1.000000000000000000, -0.0000000000000000000, 0.0000000000000000000 ) ) ;
#2672 = VECTOR ( 'NONE', #9, 1000000.000000000000 ) ;
#2673 = LINE ( 'NONE', #1834, #2111 ) ;
#2674 = CARTESIAN_POINT ( 'NONE',  ( 1266.000000000000200, 308.9999999999998300, -861.0000000000001100 ) ) ;
#2675 = MECHANICAL_DESIGN_GEOMETRIC_PRESENTATION_REPRESENTATION (  '', ( #69 ), #1066 ) ;
#2676 = CIRCLE ( 'NONE', #1141, 97.97958971132708000 ) ;
#2677 = PLANE ( 'NONE',  #1184 ) ;
#2678 = LINE ( 'NONE', #2226, #2348 ) ;
#2679 = CARTESIAN_POINT ( 'NONE',  ( -412.5000000000018200, 160.0000000000000000, -152.5000000000002800 ) ) ;
#2680 = CARTESIAN_POINT ( 'NONE',  ( 816.0000000000001100, 800.0000000000000000, -461.0000000000001700 ) ) ;
#2681 = EDGE_CURVE ( 'NONE', #2227, #2458, #864, .T. ) ;
#2682 = CARTESIAN_POINT ( 'NONE',  ( 412.4999999999951100, 110.0000000000000000, -457.5000000000003400 ) ) ;
#2683 = PLANE ( 'NONE',  #2218 ) ;
#2684 = UNCERTAINTY_MEASURE_WITH_UNIT (LENGTH_MEASURE( 1.000000000000000100E-005 ), #265, 'distance_accuracy_value', 'NONE');
#2685 = DIRECTION ( 'NONE',  ( 0.0000000000000000000, 0.0000000000000000000, 1.000000000000000000 ) ) ;
#2686 = EDGE_CURVE ( 'NONE', #2392, #471, #2537, .T. ) ;
#2687 = DIRECTION ( 'NONE',  ( -1.000000000000000000, 0.0000000000000000000, 0.0000000000000000000 ) ) ;
#2688 = FACE_OUTER_BOUND ( 'NONE', #432, .T. ) ;
#2689 = AXIS2_PLACEMENT_3D ( 'NONE', #1656, #1005, #1232 ) ;
#2690 = FACE_BOUND ( 'NONE', #2257, .T. ) ;
#2691 = EDGE_CURVE ( 'NONE', #751, #1378, #1721, .T. ) ;
#2692 = PLANE ( 'NONE',  #1968 ) ;
#2693 = CARTESIAN_POINT ( 'NONE',  ( -1015.999999999999800, 750.0000000000002300, -461.0000000000001700 ) ) ;
#2694 = VERTEX_POINT ( 'NONE', #1263 ) ;
#2695 = SPHERICAL_SURFACE ( 'NONE', #2357, 109.9999999999999600 ) ;
#2696 = EDGE_CURVE ( 'NONE', #2035, #136, #2378, .T. ) ;
#2697 = ORIENTED_EDGE ( 'NONE', *, *, #1832, .T. ) ;
#2698 = CARTESIAN_POINT ( 'NONE',  ( -1115.999999999999800, 800.0000000000000000, -611.0000000000001100 ) ) ;
#2699 = DIRECTION ( 'NONE',  ( 0.0000000000000000000, 0.0000000000000000000, -1.000000000000000000 ) ) ;
#2700 = ORIENTED_EDGE ( 'NONE', *, *, #655, .T. ) ;
#2701 = EDGE_CURVE ( 'NONE', #561, #1454, #1619, .T. ) ;
#2702 = CARTESIAN_POINT ( 'NONE',  ( -687.5000000000008000, 160.0000000000000000, 54.52041028867277100 ) ) ;
#2703 = SURFACE_SIDE_STYLE ('',( #233 ) ) ;
#2704 = ORIENTED_EDGE ( 'NONE', *, *, #2681, .F. ) ;
#2705 = ORIENTED_EDGE ( 'NONE', *, *, #2547, .T. ) ;
#2706 = ORIENTED_EDGE ( 'NONE', *, *, #108, .T. ) ;
#2707 = CLOSED_SHELL ( 'NONE', ( #1322, #862, #2358, #1540, #285, #469 ) ) ;
#2708 = CIRCLE ( 'NONE', #2409, 97.97958971132706600 ) ;
#2709 =( GEOMETRIC_REPRESENTATION_CONTEXT ( 3 ) GLOBAL_UNCERTAINTY_ASSIGNED_CONTEXT ( ( #2664 ) ) GLOBAL_UNIT_ASSIGNED_CONTEXT ( ( #1810, #1388, #1790 ) ) REPRESENTATION_CONTEXT ( 'NONE', 'WORKASPACE' ) );
#2710 = VECTOR ( 'NONE', #896, 1000000.000000000000 ) ;
#2711 = EDGE_CURVE ( 'NONE', #331, #607, #1979, .T. ) ;
#2712 = DIRECTION ( 'NONE',  ( 0.0000000000000000000, 0.0000000000000000000, -1.000000000000000000 ) ) ;
#2713 = DIRECTION ( 'NONE',  ( 0.0000000000000000000, 0.0000000000000000000, -1.000000000000000000 ) ) ;
#2714 = VECTOR ( 'NONE', #976, 1000000.000000000000 ) ;
#2715 = DIRECTION ( 'NONE',  ( 0.0000000000000000000, -1.000000000000000000, -0.0000000000000000000 ) ) ;
#2716 = CARTESIAN_POINT ( 'NONE',  ( 0.0000000000000000000, 750.0000000000000000, 610.9999999999998900 ) ) ;
#2717 = FACE_OUTER_BOUND ( 'NONE', #2251, .T. ) ;
#2718 = FACE_OUTER_BOUND ( 'NONE', #2649, .T. ) ;
#2719 = ORIENTED_EDGE ( 'NONE', *, *, #2476, .F. ) ;
#2720 = DIRECTION ( 'NONE',  ( 0.0000000000000000000, 0.0000000000000000000, -1.000000000000000000 ) ) ;
#2721 =( GEOMETRIC_REPRESENTATION_CONTEXT ( 3 ) GLOBAL_UNCERTAINTY_ASSIGNED_CONTEXT ( ( #1196 ) ) GLOBAL_UNIT_ASSIGNED_CONTEXT ( ( #223, #2094, #429 ) ) REPRESENTATION_CONTEXT ( 'NONE', 'WORKASPACE' ) );
#2722 = DIRECTION ( 'NONE',  ( 0.0000000000000000000, 0.0000000000000000000, -1.000000000000000000 ) ) ;
#2723 = CARTESIAN_POINT ( 'NONE',  ( 816.0000000000005700, 750.0000000000002300, 610.9999999999998900 ) ) ;
ENDSEC;
END-ISO-10303-21;
