ISO-10303-21;
HEADER;
FILE_DESCRIPTION(('FreeCAD Model'),'2;1');
FILE_NAME('Open CASCADE Shape Model','2025-10-31T13:09:23',(''),(''),
  'Open CASCADE STEP processor 7.8','FreeCAD','Unknown');
FILE_SCHEMA(('AUTOMOTIVE_DESIGN { 1 0 10303 214 1 1 1 1 }'));
ENDSEC;
DATA;
#1 = APPLICATION_PROTOCOL_DEFINITION('international standard',
  'automotive_design',2000,#2);
#2 = APPLICATION_CONTEXT(
  'core data for automotive mechanical design processes');
#3 = SHAPE_DEFINITION_REPRESENTATION(#4,#10);
#4 = PRODUCT_DEFINITION_SHAPE('','',#5);
#5 = PRODUCT_DEFINITION('design','',#6,#9);
#6 = PRODUCT_DEFINITION_FORMATION('','',#7);
#7 = PRODUCT('DFN_4973638_PI3DPX1207Q3ZHEX_Diodes_Incorporated_4486828',
  'DFN_4973638_PI3DPX1207Q3ZHEX_Diodes_Incorporated_4486828','',(#8));
#8 = PRODUCT_CONTEXT('',#2,'mechanical');
#9 = PRODUCT_DEFINITION_CONTEXT('part definition',#2,'design');
#10 = SHAPE_REPRESENTATION('',(#11,#15,#19,#23,#27,#31,#35,#39,#43,#47,
    #51,#55,#59,#63,#67,#71,#75,#79,#83,#87,#91,#95,#99,#103,#107,#111,
    #115,#119,#123,#127,#131,#135,#139,#143,#147,#151,#155,#159,#163,
    #167,#171,#175,#179,#183,#187,#191),#195);
#11 = AXIS2_PLACEMENT_3D('',#12,#13,#14);
#12 = CARTESIAN_POINT('',(0.,0.,0.));
#13 = DIRECTION('',(0.,0.,1.));
#14 = DIRECTION('',(1.,0.,-0.));
#15 = AXIS2_PLACEMENT_3D('',#16,#17,#18);
#16 = CARTESIAN_POINT('',(0.,0.,0.));
#17 = DIRECTION('',(0.,0.,1.));
#18 = DIRECTION('',(1.,0.,0.));
#19 = AXIS2_PLACEMENT_3D('',#20,#21,#22);
#20 = CARTESIAN_POINT('',(0.,0.,0.));
#21 = DIRECTION('',(0.,0.,1.));
#22 = DIRECTION('',(1.,0.,0.));
#23 = AXIS2_PLACEMENT_3D('',#24,#25,#26);
#24 = CARTESIAN_POINT('',(0.,0.,0.));
#25 = DIRECTION('',(0.,0.,1.));
#26 = DIRECTION('',(1.,0.,0.));
#27 = AXIS2_PLACEMENT_3D('',#28,#29,#30);
#28 = CARTESIAN_POINT('',(0.,0.,0.));
#29 = DIRECTION('',(0.,0.,1.));
#30 = DIRECTION('',(1.,0.,0.));
#31 = AXIS2_PLACEMENT_3D('',#32,#33,#34);
#32 = CARTESIAN_POINT('',(0.,0.,0.));
#33 = DIRECTION('',(0.,0.,1.));
#34 = DIRECTION('',(1.,0.,0.));
#35 = AXIS2_PLACEMENT_3D('',#36,#37,#38);
#36 = CARTESIAN_POINT('',(0.,0.,0.));
#37 = DIRECTION('',(0.,0.,1.));
#38 = DIRECTION('',(1.,0.,0.));
#39 = AXIS2_PLACEMENT_3D('',#40,#41,#42);
#40 = CARTESIAN_POINT('',(0.,0.,0.));
#41 = DIRECTION('',(0.,0.,1.));
#42 = DIRECTION('',(1.,0.,0.));
#43 = AXIS2_PLACEMENT_3D('',#44,#45,#46);
#44 = CARTESIAN_POINT('',(0.,0.,0.));
#45 = DIRECTION('',(0.,0.,1.));
#46 = DIRECTION('',(1.,0.,0.));
#47 = AXIS2_PLACEMENT_3D('',#48,#49,#50);
#48 = CARTESIAN_POINT('',(0.,0.,0.));
#49 = DIRECTION('',(0.,0.,1.));
#50 = DIRECTION('',(1.,0.,0.));
#51 = AXIS2_PLACEMENT_3D('',#52,#53,#54);
#52 = CARTESIAN_POINT('',(0.,0.,0.));
#53 = DIRECTION('',(0.,0.,1.));
#54 = DIRECTION('',(1.,0.,0.));
#55 = AXIS2_PLACEMENT_3D('',#56,#57,#58);
#56 = CARTESIAN_POINT('',(0.,0.,0.));
#57 = DIRECTION('',(0.,0.,1.));
#58 = DIRECTION('',(1.,0.,0.));
#59 = AXIS2_PLACEMENT_3D('',#60,#61,#62);
#60 = CARTESIAN_POINT('',(0.,0.,0.));
#61 = DIRECTION('',(0.,0.,1.));
#62 = DIRECTION('',(1.,0.,0.));
#63 = AXIS2_PLACEMENT_3D('',#64,#65,#66);
#64 = CARTESIAN_POINT('',(0.,0.,0.));
#65 = DIRECTION('',(0.,0.,1.));
#66 = DIRECTION('',(1.,0.,0.));
#67 = AXIS2_PLACEMENT_3D('',#68,#69,#70);
#68 = CARTESIAN_POINT('',(0.,0.,0.));
#69 = DIRECTION('',(0.,0.,1.));
#70 = DIRECTION('',(1.,0.,0.));
#71 = AXIS2_PLACEMENT_3D('',#72,#73,#74);
#72 = CARTESIAN_POINT('',(0.,0.,0.));
#73 = DIRECTION('',(0.,0.,1.));
#74 = DIRECTION('',(1.,0.,0.));
#75 = AXIS2_PLACEMENT_3D('',#76,#77,#78);
#76 = CARTESIAN_POINT('',(0.,0.,0.));
#77 = DIRECTION('',(0.,0.,1.));
#78 = DIRECTION('',(1.,0.,0.));
#79 = AXIS2_PLACEMENT_3D('',#80,#81,#82);
#80 = CARTESIAN_POINT('',(0.,0.,0.));
#81 = DIRECTION('',(0.,0.,1.));
#82 = DIRECTION('',(1.,0.,0.));
#83 = AXIS2_PLACEMENT_3D('',#84,#85,#86);
#84 = CARTESIAN_POINT('',(0.,0.,0.));
#85 = DIRECTION('',(0.,0.,1.));
#86 = DIRECTION('',(1.,0.,0.));
#87 = AXIS2_PLACEMENT_3D('',#88,#89,#90);
#88 = CARTESIAN_POINT('',(0.,0.,0.));
#89 = DIRECTION('',(0.,0.,1.));
#90 = DIRECTION('',(1.,0.,0.));
#91 = AXIS2_PLACEMENT_3D('',#92,#93,#94);
#92 = CARTESIAN_POINT('',(0.,0.,0.));
#93 = DIRECTION('',(0.,0.,1.));
#94 = DIRECTION('',(1.,0.,0.));
#95 = AXIS2_PLACEMENT_3D('',#96,#97,#98);
#96 = CARTESIAN_POINT('',(0.,0.,0.));
#97 = DIRECTION('',(0.,0.,1.));
#98 = DIRECTION('',(1.,0.,0.));
#99 = AXIS2_PLACEMENT_3D('',#100,#101,#102);
#100 = CARTESIAN_POINT('',(0.,0.,0.));
#101 = DIRECTION('',(0.,0.,1.));
#102 = DIRECTION('',(1.,0.,0.));
#103 = AXIS2_PLACEMENT_3D('',#104,#105,#106);
#104 = CARTESIAN_POINT('',(0.,0.,0.));
#105 = DIRECTION('',(0.,0.,1.));
#106 = DIRECTION('',(1.,0.,0.));
#107 = AXIS2_PLACEMENT_3D('',#108,#109,#110);
#108 = CARTESIAN_POINT('',(0.,0.,0.));
#109 = DIRECTION('',(0.,0.,1.));
#110 = DIRECTION('',(1.,0.,0.));
#111 = AXIS2_PLACEMENT_3D('',#112,#113,#114);
#112 = CARTESIAN_POINT('',(0.,0.,0.));
#113 = DIRECTION('',(0.,0.,1.));
#114 = DIRECTION('',(1.,0.,0.));
#115 = AXIS2_PLACEMENT_3D('',#116,#117,#118);
#116 = CARTESIAN_POINT('',(0.,0.,0.));
#117 = DIRECTION('',(0.,0.,1.));
#118 = DIRECTION('',(1.,0.,0.));
#119 = AXIS2_PLACEMENT_3D('',#120,#121,#122);
#120 = CARTESIAN_POINT('',(0.,0.,0.));
#121 = DIRECTION('',(0.,0.,1.));
#122 = DIRECTION('',(1.,0.,0.));
#123 = AXIS2_PLACEMENT_3D('',#124,#125,#126);
#124 = CARTESIAN_POINT('',(0.,0.,0.));
#125 = DIRECTION('',(0.,0.,1.));
#126 = DIRECTION('',(1.,0.,0.));
#127 = AXIS2_PLACEMENT_3D('',#128,#129,#130);
#128 = CARTESIAN_POINT('',(0.,0.,0.));
#129 = DIRECTION('',(0.,0.,1.));
#130 = DIRECTION('',(1.,0.,0.));
#131 = AXIS2_PLACEMENT_3D('',#132,#133,#134);
#132 = CARTESIAN_POINT('',(0.,0.,0.));
#133 = DIRECTION('',(0.,0.,1.));
#134 = DIRECTION('',(1.,0.,0.));
#135 = AXIS2_PLACEMENT_3D('',#136,#137,#138);
#136 = CARTESIAN_POINT('',(0.,0.,0.));
#137 = DIRECTION('',(0.,0.,1.));
#138 = DIRECTION('',(1.,0.,0.));
#139 = AXIS2_PLACEMENT_3D('',#140,#141,#142);
#140 = CARTESIAN_POINT('',(0.,0.,0.));
#141 = DIRECTION('',(0.,0.,1.));
#142 = DIRECTION('',(1.,0.,0.));
#143 = AXIS2_PLACEMENT_3D('',#144,#145,#146);
#144 = CARTESIAN_POINT('',(0.,0.,0.));
#145 = DIRECTION('',(0.,0.,1.));
#146 = DIRECTION('',(1.,0.,0.));
#147 = AXIS2_PLACEMENT_3D('',#148,#149,#150);
#148 = CARTESIAN_POINT('',(0.,0.,0.));
#149 = DIRECTION('',(0.,0.,1.));
#150 = DIRECTION('',(1.,0.,0.));
#151 = AXIS2_PLACEMENT_3D('',#152,#153,#154);
#152 = CARTESIAN_POINT('',(0.,0.,0.));
#153 = DIRECTION('',(0.,0.,1.));
#154 = DIRECTION('',(1.,0.,0.));
#155 = AXIS2_PLACEMENT_3D('',#156,#157,#158);
#156 = CARTESIAN_POINT('',(0.,0.,0.));
#157 = DIRECTION('',(0.,0.,1.));
#158 = DIRECTION('',(1.,0.,0.));
#159 = AXIS2_PLACEMENT_3D('',#160,#161,#162);
#160 = CARTESIAN_POINT('',(0.,0.,0.));
#161 = DIRECTION('',(0.,0.,1.));
#162 = DIRECTION('',(1.,0.,0.));
#163 = AXIS2_PLACEMENT_3D('',#164,#165,#166);
#164 = CARTESIAN_POINT('',(0.,0.,0.));
#165 = DIRECTION('',(0.,0.,1.));
#166 = DIRECTION('',(1.,0.,0.));
#167 = AXIS2_PLACEMENT_3D('',#168,#169,#170);
#168 = CARTESIAN_POINT('',(0.,0.,0.));
#169 = DIRECTION('',(0.,0.,1.));
#170 = DIRECTION('',(1.,0.,0.));
#171 = AXIS2_PLACEMENT_3D('',#172,#173,#174);
#172 = CARTESIAN_POINT('',(0.,0.,0.));
#173 = DIRECTION('',(0.,0.,1.));
#174 = DIRECTION('',(1.,0.,0.));
#175 = AXIS2_PLACEMENT_3D('',#176,#177,#178);
#176 = CARTESIAN_POINT('',(0.,0.,0.));
#177 = DIRECTION('',(0.,0.,1.));
#178 = DIRECTION('',(1.,0.,0.));
#179 = AXIS2_PLACEMENT_3D('',#180,#181,#182);
#180 = CARTESIAN_POINT('',(0.,0.,0.));
#181 = DIRECTION('',(0.,0.,1.));
#182 = DIRECTION('',(1.,0.,0.));
#183 = AXIS2_PLACEMENT_3D('',#184,#185,#186);
#184 = CARTESIAN_POINT('',(0.,0.,0.));
#185 = DIRECTION('',(0.,0.,1.));
#186 = DIRECTION('',(1.,0.,0.));
#187 = AXIS2_PLACEMENT_3D('',#188,#189,#190);
#188 = CARTESIAN_POINT('',(0.,0.,0.));
#189 = DIRECTION('',(0.,0.,1.));
#190 = DIRECTION('',(1.,0.,0.));
#191 = AXIS2_PLACEMENT_3D('',#192,#193,#194);
#192 = CARTESIAN_POINT('',(0.,0.,0.));
#193 = DIRECTION('',(0.,0.,1.));
#194 = DIRECTION('',(1.,0.,0.));
#195 = ( GEOMETRIC_REPRESENTATION_CONTEXT(3) 
GLOBAL_UNCERTAINTY_ASSIGNED_CONTEXT((#199)) GLOBAL_UNIT_ASSIGNED_CONTEXT
((#196,#197,#198)) REPRESENTATION_CONTEXT('Context #1',
  '3D Context with UNIT and UNCERTAINTY') );
#196 = ( LENGTH_UNIT() NAMED_UNIT(*) SI_UNIT(.MILLI.,.METRE.) );
#197 = ( NAMED_UNIT(*) PLANE_ANGLE_UNIT() SI_UNIT($,.RADIAN.) );
#198 = ( NAMED_UNIT(*) SI_UNIT($,.STERADIAN.) SOLID_ANGLE_UNIT() );
#199 = UNCERTAINTY_MEASURE_WITH_UNIT(LENGTH_MEASURE(1.E-07),#196,
  'distance_accuracy_value','confusion accuracy');
#200 = PRODUCT_RELATED_PRODUCT_CATEGORY('part',$,(#7));
#201 = SHAPE_DEFINITION_REPRESENTATION(#202,#208);
#202 = PRODUCT_DEFINITION_SHAPE('','',#203);
#203 = PRODUCT_DEFINITION('design','',#204,#207);
#204 = PRODUCT_DEFINITION_FORMATION('','',#205);
#205 = PRODUCT('BaseWithTopCut','BaseWithTopCut','',(#206));
#206 = PRODUCT_CONTEXT('',#2,'mechanical');
#207 = PRODUCT_DEFINITION_CONTEXT('part definition',#2,'design');
#208 = ADVANCED_BREP_SHAPE_REPRESENTATION('',(#11,#209),#404);
#209 = MANIFOLD_SOLID_BREP('',#210);
#210 = CLOSED_SHELL('',(#211,#251,#282,#306,#341,#358,#370,#395));
#211 = ADVANCED_FACE('',(#212),#246,.F.);
#212 = FACE_BOUND('',#213,.F.);
#213 = EDGE_LOOP('',(#214,#224,#232,#240));
#214 = ORIENTED_EDGE('',*,*,#215,.F.);
#215 = EDGE_CURVE('',#216,#218,#220,.T.);
#216 = VERTEX_POINT('',#217);
#217 = CARTESIAN_POINT('',(-1.75,5.E-02,4.5));
#218 = VERTEX_POINT('',#219);
#219 = CARTESIAN_POINT('',(1.75,5.E-02,4.5));
#220 = LINE('',#221,#222);
#221 = CARTESIAN_POINT('',(-1.75,5.E-02,4.5));
#222 = VECTOR('',#223,1.);
#223 = DIRECTION('',(1.,0.,0.));
#224 = ORIENTED_EDGE('',*,*,#225,.T.);
#225 = EDGE_CURVE('',#216,#226,#228,.T.);
#226 = VERTEX_POINT('',#227);
#227 = CARTESIAN_POINT('',(-1.75,0.84,4.5));
#228 = LINE('',#229,#230);
#229 = CARTESIAN_POINT('',(-1.75,0.,4.5));
#230 = VECTOR('',#231,1.);
#231 = DIRECTION('',(0.,1.,0.));
#232 = ORIENTED_EDGE('',*,*,#233,.T.);
#233 = EDGE_CURVE('',#226,#234,#236,.T.);
#234 = VERTEX_POINT('',#235);
#235 = CARTESIAN_POINT('',(1.75,0.84,4.5));
#236 = LINE('',#237,#238);
#237 = CARTESIAN_POINT('',(-1.75,0.84,4.5));
#238 = VECTOR('',#239,1.);
#239 = DIRECTION('',(1.,0.,0.));
#240 = ORIENTED_EDGE('',*,*,#241,.F.);
#241 = EDGE_CURVE('',#218,#234,#242,.T.);
#242 = LINE('',#243,#244);
#243 = CARTESIAN_POINT('',(1.75,0.,4.5));
#244 = VECTOR('',#245,1.);
#245 = DIRECTION('',(0.,1.,0.));
#246 = PLANE('',#247);
#247 = AXIS2_PLACEMENT_3D('',#248,#249,#250);
#248 = CARTESIAN_POINT('',(-1.75,0.,4.5));
#249 = DIRECTION('',(0.,0.,-1.));
#250 = DIRECTION('',(1.,0.,0.));
#251 = ADVANCED_FACE('',(#252),#277,.F.);
#252 = FACE_BOUND('',#253,.F.);
#253 = EDGE_LOOP('',(#254,#255,#263,#271));
#254 = ORIENTED_EDGE('',*,*,#215,.T.);
#255 = ORIENTED_EDGE('',*,*,#256,.T.);
#256 = EDGE_CURVE('',#218,#257,#259,.T.);
#257 = VERTEX_POINT('',#258);
#258 = CARTESIAN_POINT('',(1.75,5.E-02,-4.5));
#259 = LINE('',#260,#261);
#260 = CARTESIAN_POINT('',(1.75,5.E-02,4.5));
#261 = VECTOR('',#262,1.);
#262 = DIRECTION('',(0.,0.,-1.));
#263 = ORIENTED_EDGE('',*,*,#264,.T.);
#264 = EDGE_CURVE('',#257,#265,#267,.T.);
#265 = VERTEX_POINT('',#266);
#266 = CARTESIAN_POINT('',(-1.75,5.E-02,-4.5));
#267 = LINE('',#268,#269);
#268 = CARTESIAN_POINT('',(1.75,5.E-02,-4.5));
#269 = VECTOR('',#270,1.);
#270 = DIRECTION('',(-1.,0.,0.));
#271 = ORIENTED_EDGE('',*,*,#272,.T.);
#272 = EDGE_CURVE('',#265,#216,#273,.T.);
#273 = LINE('',#274,#275);
#274 = CARTESIAN_POINT('',(-1.75,5.E-02,-4.5));
#275 = VECTOR('',#276,1.);
#276 = DIRECTION('',(0.,0.,1.));
#277 = PLANE('',#278);
#278 = AXIS2_PLACEMENT_3D('',#279,#280,#281);
#279 = CARTESIAN_POINT('',(0.,5.E-02,0.));
#280 = DIRECTION('',(0.,1.,0.));
#281 = DIRECTION('',(0.,0.,1.));
#282 = ADVANCED_FACE('',(#283),#301,.F.);
#283 = FACE_BOUND('',#284,.F.);
#284 = EDGE_LOOP('',(#285,#286,#287,#295));
#285 = ORIENTED_EDGE('',*,*,#256,.F.);
#286 = ORIENTED_EDGE('',*,*,#241,.T.);
#287 = ORIENTED_EDGE('',*,*,#288,.T.);
#288 = EDGE_CURVE('',#234,#289,#291,.T.);
#289 = VERTEX_POINT('',#290);
#290 = CARTESIAN_POINT('',(1.75,0.84,-4.5));
#291 = LINE('',#292,#293);
#292 = CARTESIAN_POINT('',(1.75,0.84,4.5));
#293 = VECTOR('',#294,1.);
#294 = DIRECTION('',(0.,0.,-1.));
#295 = ORIENTED_EDGE('',*,*,#296,.F.);
#296 = EDGE_CURVE('',#257,#289,#297,.T.);
#297 = LINE('',#298,#299);
#298 = CARTESIAN_POINT('',(1.75,0.,-4.5));
#299 = VECTOR('',#300,1.);
#300 = DIRECTION('',(0.,1.,0.));
#301 = PLANE('',#302);
#302 = AXIS2_PLACEMENT_3D('',#303,#304,#305);
#303 = CARTESIAN_POINT('',(1.75,0.,4.5));
#304 = DIRECTION('',(-1.,0.,0.));
#305 = DIRECTION('',(0.,0.,-1.));
#306 = ADVANCED_FACE('',(#307,#325),#336,.T.);
#307 = FACE_BOUND('',#308,.T.);
#308 = EDGE_LOOP('',(#309,#310,#311,#319));
#309 = ORIENTED_EDGE('',*,*,#233,.T.);
#310 = ORIENTED_EDGE('',*,*,#288,.T.);
#311 = ORIENTED_EDGE('',*,*,#312,.T.);
#312 = EDGE_CURVE('',#289,#313,#315,.T.);
#313 = VERTEX_POINT('',#314);
#314 = CARTESIAN_POINT('',(-1.75,0.84,-4.5));
#315 = LINE('',#316,#317);
#316 = CARTESIAN_POINT('',(1.75,0.84,-4.5));
#317 = VECTOR('',#318,1.);
#318 = DIRECTION('',(-1.,0.,0.));
#319 = ORIENTED_EDGE('',*,*,#320,.T.);
#320 = EDGE_CURVE('',#313,#226,#321,.T.);
#321 = LINE('',#322,#323);
#322 = CARTESIAN_POINT('',(-1.75,0.84,-4.5));
#323 = VECTOR('',#324,1.);
#324 = DIRECTION('',(0.,0.,1.));
#325 = FACE_BOUND('',#326,.T.);
#326 = EDGE_LOOP('',(#327));
#327 = ORIENTED_EDGE('',*,*,#328,.F.);
#328 = EDGE_CURVE('',#329,#329,#331,.T.);
#329 = VERTEX_POINT('',#330);
#330 = CARTESIAN_POINT('',(-1.3055,0.84,-3.8805));
#331 = CIRCLE('',#332,0.175);
#332 = AXIS2_PLACEMENT_3D('',#333,#334,#335);
#333 = CARTESIAN_POINT('',(-1.3055,0.84,-4.0555));
#334 = DIRECTION('',(0.,1.,0.));
#335 = DIRECTION('',(0.,0.,1.));
#336 = PLANE('',#337);
#337 = AXIS2_PLACEMENT_3D('',#338,#339,#340);
#338 = CARTESIAN_POINT('',(0.,0.84,0.));
#339 = DIRECTION('',(0.,1.,0.));
#340 = DIRECTION('',(0.,0.,1.));
#341 = ADVANCED_FACE('',(#342),#353,.F.);
#342 = FACE_BOUND('',#343,.F.);
#343 = EDGE_LOOP('',(#344,#345,#351,#352));
#344 = ORIENTED_EDGE('',*,*,#272,.F.);
#345 = ORIENTED_EDGE('',*,*,#346,.T.);
#346 = EDGE_CURVE('',#265,#313,#347,.T.);
#347 = LINE('',#348,#349);
#348 = CARTESIAN_POINT('',(-1.75,0.,-4.5));
#349 = VECTOR('',#350,1.);
#350 = DIRECTION('',(0.,1.,0.));
#351 = ORIENTED_EDGE('',*,*,#320,.T.);
#352 = ORIENTED_EDGE('',*,*,#225,.F.);
#353 = PLANE('',#354);
#354 = AXIS2_PLACEMENT_3D('',#355,#356,#357);
#355 = CARTESIAN_POINT('',(-1.75,0.,-4.5));
#356 = DIRECTION('',(1.,0.,0.));
#357 = DIRECTION('',(0.,0.,1.));
#358 = ADVANCED_FACE('',(#359),#365,.F.);
#359 = FACE_BOUND('',#360,.F.);
#360 = EDGE_LOOP('',(#361,#362,#363,#364));
#361 = ORIENTED_EDGE('',*,*,#264,.F.);
#362 = ORIENTED_EDGE('',*,*,#296,.T.);
#363 = ORIENTED_EDGE('',*,*,#312,.T.);
#364 = ORIENTED_EDGE('',*,*,#346,.F.);
#365 = PLANE('',#366);
#366 = AXIS2_PLACEMENT_3D('',#367,#368,#369);
#367 = CARTESIAN_POINT('',(1.75,0.,-4.5));
#368 = DIRECTION('',(0.,0.,1.));
#369 = DIRECTION('',(-1.,0.,0.));
#370 = ADVANCED_FACE('',(#371),#390,.F.);
#371 = FACE_BOUND('',#372,.F.);
#372 = EDGE_LOOP('',(#373,#381,#388,#389));
#373 = ORIENTED_EDGE('',*,*,#374,.T.);
#374 = EDGE_CURVE('',#329,#375,#377,.T.);
#375 = VERTEX_POINT('',#376);
#376 = CARTESIAN_POINT('',(-1.3055,0.756,-3.8805));
#377 = LINE('',#378,#379);
#378 = CARTESIAN_POINT('',(-1.3055,0.84,-3.8805));
#379 = VECTOR('',#380,1.);
#380 = DIRECTION('',(0.,-1.,0.));
#381 = ORIENTED_EDGE('',*,*,#382,.T.);
#382 = EDGE_CURVE('',#375,#375,#383,.T.);
#383 = CIRCLE('',#384,0.175);
#384 = AXIS2_PLACEMENT_3D('',#385,#386,#387);
#385 = CARTESIAN_POINT('',(-1.3055,0.756,-4.0555));
#386 = DIRECTION('',(0.,1.,0.));
#387 = DIRECTION('',(0.,0.,1.));
#388 = ORIENTED_EDGE('',*,*,#374,.F.);
#389 = ORIENTED_EDGE('',*,*,#328,.F.);
#390 = CYLINDRICAL_SURFACE('',#391,0.175);
#391 = AXIS2_PLACEMENT_3D('',#392,#393,#394);
#392 = CARTESIAN_POINT('',(-1.3055,0.84,-4.0555));
#393 = DIRECTION('',(0.,1.,0.));
#394 = DIRECTION('',(0.,0.,1.));
#395 = ADVANCED_FACE('',(#396),#399,.T.);
#396 = FACE_BOUND('',#397,.T.);
#397 = EDGE_LOOP('',(#398));
#398 = ORIENTED_EDGE('',*,*,#382,.T.);
#399 = PLANE('',#400);
#400 = AXIS2_PLACEMENT_3D('',#401,#402,#403);
#401 = CARTESIAN_POINT('',(-1.3055,0.756,-4.0555));
#402 = DIRECTION('',(0.,1.,0.));
#403 = DIRECTION('',(0.,0.,1.));
#404 = ( GEOMETRIC_REPRESENTATION_CONTEXT(3) 
GLOBAL_UNCERTAINTY_ASSIGNED_CONTEXT((#408)) GLOBAL_UNIT_ASSIGNED_CONTEXT
((#405,#406,#407)) REPRESENTATION_CONTEXT('Context #1',
  '3D Context with UNIT and UNCERTAINTY') );
#405 = ( LENGTH_UNIT() NAMED_UNIT(*) SI_UNIT(.MILLI.,.METRE.) );
#406 = ( NAMED_UNIT(*) PLANE_ANGLE_UNIT() SI_UNIT($,.RADIAN.) );
#407 = ( NAMED_UNIT(*) SI_UNIT($,.STERADIAN.) SOLID_ANGLE_UNIT() );
#408 = UNCERTAINTY_MEASURE_WITH_UNIT(LENGTH_MEASURE(1.E-07),#405,
  'distance_accuracy_value','confusion accuracy');
#409 = CONTEXT_DEPENDENT_SHAPE_REPRESENTATION(#410,#412);
#410 = ( REPRESENTATION_RELATIONSHIP('','',#208,#10) 
REPRESENTATION_RELATIONSHIP_WITH_TRANSFORMATION(#411) 
SHAPE_REPRESENTATION_RELATIONSHIP() );
#411 = ITEM_DEFINED_TRANSFORMATION('','',#11,#15);
#412 = PRODUCT_DEFINITION_SHAPE('Placement','Placement of an item',#413
  );
#413 = NEXT_ASSEMBLY_USAGE_OCCURRENCE('4055','BaseWithTopCut','',#5,#203
  ,$);
#414 = PRODUCT_RELATED_PRODUCT_CATEGORY('part',$,(#205));
#415 = SHAPE_DEFINITION_REPRESENTATION(#416,#422);
#416 = PRODUCT_DEFINITION_SHAPE('','',#417);
#417 = PRODUCT_DEFINITION('design','',#418,#421);
#418 = PRODUCT_DEFINITION_FORMATION('','',#419);
#419 = PRODUCT('TopCircle_NewBody','TopCircle_NewBody','',(#420));
#420 = PRODUCT_CONTEXT('',#2,'mechanical');
#421 = PRODUCT_DEFINITION_CONTEXT('part definition',#2,'design');
#422 = ADVANCED_BREP_SHAPE_REPRESENTATION('',(#11,#423),#476);
#423 = MANIFOLD_SOLID_BREP('',#424);
#424 = CLOSED_SHELL('',(#425,#458,#467));
#425 = ADVANCED_FACE('',(#426),#453,.T.);
#426 = FACE_BOUND('',#427,.T.);
#427 = EDGE_LOOP('',(#428,#438,#445,#446));
#428 = ORIENTED_EDGE('',*,*,#429,.T.);
#429 = EDGE_CURVE('',#430,#432,#434,.T.);
#430 = VERTEX_POINT('',#431);
#431 = CARTESIAN_POINT('',(-1.3055,0.84,-3.8805));
#432 = VERTEX_POINT('',#433);
#433 = CARTESIAN_POINT('',(-1.3055,0.756,-3.8805));
#434 = LINE('',#435,#436);
#435 = CARTESIAN_POINT('',(-1.3055,0.84,-3.8805));
#436 = VECTOR('',#437,1.);
#437 = DIRECTION('',(0.,-1.,0.));
#438 = ORIENTED_EDGE('',*,*,#439,.T.);
#439 = EDGE_CURVE('',#432,#432,#440,.T.);
#440 = CIRCLE('',#441,0.175);
#441 = AXIS2_PLACEMENT_3D('',#442,#443,#444);
#442 = CARTESIAN_POINT('',(-1.3055,0.756,-4.0555));
#443 = DIRECTION('',(0.,1.,0.));
#444 = DIRECTION('',(0.,-0.,1.));
#445 = ORIENTED_EDGE('',*,*,#429,.F.);
#446 = ORIENTED_EDGE('',*,*,#447,.F.);
#447 = EDGE_CURVE('',#430,#430,#448,.T.);
#448 = CIRCLE('',#449,0.175);
#449 = AXIS2_PLACEMENT_3D('',#450,#451,#452);
#450 = CARTESIAN_POINT('',(-1.3055,0.84,-4.0555));
#451 = DIRECTION('',(0.,1.,0.));
#452 = DIRECTION('',(0.,-0.,1.));
#453 = CYLINDRICAL_SURFACE('',#454,0.175);
#454 = AXIS2_PLACEMENT_3D('',#455,#456,#457);
#455 = CARTESIAN_POINT('',(-1.3055,0.84,-4.0555));
#456 = DIRECTION('',(0.,1.,0.));
#457 = DIRECTION('',(0.,-0.,1.));
#458 = ADVANCED_FACE('',(#459),#462,.T.);
#459 = FACE_BOUND('',#460,.T.);
#460 = EDGE_LOOP('',(#461));
#461 = ORIENTED_EDGE('',*,*,#447,.T.);
#462 = PLANE('',#463);
#463 = AXIS2_PLACEMENT_3D('',#464,#465,#466);
#464 = CARTESIAN_POINT('',(-1.3055,0.84,-4.0555));
#465 = DIRECTION('',(0.,1.,0.));
#466 = DIRECTION('',(0.,-0.,1.));
#467 = ADVANCED_FACE('',(#468),#471,.F.);
#468 = FACE_BOUND('',#469,.F.);
#469 = EDGE_LOOP('',(#470));
#470 = ORIENTED_EDGE('',*,*,#439,.T.);
#471 = PLANE('',#472);
#472 = AXIS2_PLACEMENT_3D('',#473,#474,#475);
#473 = CARTESIAN_POINT('',(-1.3055,0.756,-4.0555));
#474 = DIRECTION('',(0.,1.,0.));
#475 = DIRECTION('',(0.,-0.,1.));
#476 = ( GEOMETRIC_REPRESENTATION_CONTEXT(3) 
GLOBAL_UNCERTAINTY_ASSIGNED_CONTEXT((#480)) GLOBAL_UNIT_ASSIGNED_CONTEXT
((#477,#478,#479)) REPRESENTATION_CONTEXT('Context #1',
  '3D Context with UNIT and UNCERTAINTY') );
#477 = ( LENGTH_UNIT() NAMED_UNIT(*) SI_UNIT(.MILLI.,.METRE.) );
#478 = ( NAMED_UNIT(*) PLANE_ANGLE_UNIT() SI_UNIT($,.RADIAN.) );
#479 = ( NAMED_UNIT(*) SI_UNIT($,.STERADIAN.) SOLID_ANGLE_UNIT() );
#480 = UNCERTAINTY_MEASURE_WITH_UNIT(LENGTH_MEASURE(1.E-07),#477,
  'distance_accuracy_value','confusion accuracy');
#481 = CONTEXT_DEPENDENT_SHAPE_REPRESENTATION(#482,#484);
#482 = ( REPRESENTATION_RELATIONSHIP('','',#422,#10) 
REPRESENTATION_RELATIONSHIP_WITH_TRANSFORMATION(#483) 
SHAPE_REPRESENTATION_RELATIONSHIP() );
#483 = ITEM_DEFINED_TRANSFORMATION('','',#11,#19);
#484 = PRODUCT_DEFINITION_SHAPE('Placement','Placement of an item',#485
  );
#485 = NEXT_ASSEMBLY_USAGE_OCCURRENCE('4056','TopCircle_NewBody','',#5,
  #417,$);
#486 = PRODUCT_RELATED_PRODUCT_CATEGORY('part',$,(#419));
#487 = SHAPE_DEFINITION_REPRESENTATION(#488,#494);
#488 = PRODUCT_DEFINITION_SHAPE('','',#489);
#489 = PRODUCT_DEFINITION('design','',#490,#493);
#490 = PRODUCT_DEFINITION_FORMATION('','',#491);
#491 = PRODUCT('Pad_18_1','Pad_18_1','',(#492));
#492 = PRODUCT_CONTEXT('',#2,'mechanical');
#493 = PRODUCT_DEFINITION_CONTEXT('part definition',#2,'design');
#494 = ADVANCED_BREP_SHAPE_REPRESENTATION('',(#11,#495),#715);
#495 = MANIFOLD_SOLID_BREP('',#496);
#496 = CLOSED_SHELL('',(#497,#537,#586,#611,#635,#669,#686,#703));
#497 = ADVANCED_FACE('',(#498),#532,.T.);
#498 = FACE_BOUND('',#499,.T.);
#499 = EDGE_LOOP('',(#500,#510,#518,#526));
#500 = ORIENTED_EDGE('',*,*,#501,.F.);
#501 = EDGE_CURVE('',#502,#504,#506,.T.);
#502 = VERTEX_POINT('',#503);
#503 = CARTESIAN_POINT('',(-0.885,5.E-02,4.1371677));
#504 = VERTEX_POINT('',#505);
#505 = CARTESIAN_POINT('',(-0.885,5.E-02,4.5));
#506 = LINE('',#507,#508);
#507 = CARTESIAN_POINT('',(-0.885,5.E-02,4.005));
#508 = VECTOR('',#509,1.);
#509 = DIRECTION('',(0.,0.,1.));
#510 = ORIENTED_EDGE('',*,*,#511,.T.);
#511 = EDGE_CURVE('',#502,#512,#514,.T.);
#512 = VERTEX_POINT('',#513);
#513 = CARTESIAN_POINT('',(-0.885,0.,4.1371677));
#514 = LINE('',#515,#516);
#515 = CARTESIAN_POINT('',(-0.885,5.E-02,4.1371677));
#516 = VECTOR('',#517,1.);
#517 = DIRECTION('',(0.,-1.,0.));
#518 = ORIENTED_EDGE('',*,*,#519,.T.);
#519 = EDGE_CURVE('',#512,#520,#522,.T.);
#520 = VERTEX_POINT('',#521);
#521 = CARTESIAN_POINT('',(-0.885,0.,4.5));
#522 = LINE('',#523,#524);
#523 = CARTESIAN_POINT('',(-0.885,0.,4.005));
#524 = VECTOR('',#525,1.);
#525 = DIRECTION('',(0.,0.,1.));
#526 = ORIENTED_EDGE('',*,*,#527,.F.);
#527 = EDGE_CURVE('',#504,#520,#528,.T.);
#528 = LINE('',#529,#530);
#529 = CARTESIAN_POINT('',(-0.885,5.E-02,4.5));
#530 = VECTOR('',#531,1.);
#531 = DIRECTION('',(0.,-1.,0.));
#532 = PLANE('',#533);
#533 = AXIS2_PLACEMENT_3D('',#534,#535,#536);
#534 = CARTESIAN_POINT('',(-0.885,5.E-02,4.005));
#535 = DIRECTION('',(-1.,0.,0.));
#536 = DIRECTION('',(0.,0.,1.));
#537 = ADVANCED_FACE('',(#538),#581,.T.);
#538 = FACE_BOUND('',#539,.T.);
#539 = EDGE_LOOP('',(#540,#541,#549,#557,#566,#574));
#540 = ORIENTED_EDGE('',*,*,#501,.T.);
#541 = ORIENTED_EDGE('',*,*,#542,.T.);
#542 = EDGE_CURVE('',#504,#543,#545,.T.);
#543 = VERTEX_POINT('',#544);
#544 = CARTESIAN_POINT('',(-0.615,5.E-02,4.5));
#545 = LINE('',#546,#547);
#546 = CARTESIAN_POINT('',(-1.75,5.E-02,4.5));
#547 = VECTOR('',#548,1.);
#548 = DIRECTION('',(1.,0.,0.));
#549 = ORIENTED_EDGE('',*,*,#550,.T.);
#550 = EDGE_CURVE('',#543,#551,#553,.T.);
#551 = VERTEX_POINT('',#552);
#552 = CARTESIAN_POINT('',(-0.615,5.E-02,4.1371677));
#553 = LINE('',#554,#555);
#554 = CARTESIAN_POINT('',(-0.615,5.E-02,4.865));
#555 = VECTOR('',#556,1.);
#556 = DIRECTION('',(0.,0.,-1.));
#557 = ORIENTED_EDGE('',*,*,#558,.F.);
#558 = EDGE_CURVE('',#559,#551,#561,.T.);
#559 = VERTEX_POINT('',#560);
#560 = CARTESIAN_POINT('',(-0.7471677,5.E-02,4.005));
#561 = CIRCLE('',#562,0.1321677);
#562 = AXIS2_PLACEMENT_3D('',#563,#564,#565);
#563 = CARTESIAN_POINT('',(-0.7471677,5.E-02,4.1371677));
#564 = DIRECTION('',(0.,-1.,0.));
#565 = DIRECTION('',(0.,-0.,-1.));
#566 = ORIENTED_EDGE('',*,*,#567,.T.);
#567 = EDGE_CURVE('',#559,#568,#570,.T.);
#568 = VERTEX_POINT('',#569);
#569 = CARTESIAN_POINT('',(-0.7528323,5.E-02,4.005));
#570 = LINE('',#571,#572);
#571 = CARTESIAN_POINT('',(-0.615,5.E-02,4.005));
#572 = VECTOR('',#573,1.);
#573 = DIRECTION('',(-1.,0.,0.));
#574 = ORIENTED_EDGE('',*,*,#575,.F.);
#575 = EDGE_CURVE('',#502,#568,#576,.T.);
#576 = CIRCLE('',#577,0.1321677);
#577 = AXIS2_PLACEMENT_3D('',#578,#579,#580);
#578 = CARTESIAN_POINT('',(-0.7528323,5.E-02,4.1371677));
#579 = DIRECTION('',(0.,-1.,0.));
#580 = DIRECTION('',(0.,-0.,-1.));
#581 = PLANE('',#582);
#582 = AXIS2_PLACEMENT_3D('',#583,#584,#585);
#583 = CARTESIAN_POINT('',(-0.75,5.E-02,4.435));
#584 = DIRECTION('',(0.,1.,0.));
#585 = DIRECTION('',(0.,0.,1.));
#586 = ADVANCED_FACE('',(#587),#606,.T.);
#587 = FACE_BOUND('',#588,.T.);
#588 = EDGE_LOOP('',(#589,#590,#598,#605));
#589 = ORIENTED_EDGE('',*,*,#575,.T.);
#590 = ORIENTED_EDGE('',*,*,#591,.T.);
#591 = EDGE_CURVE('',#568,#592,#594,.T.);
#592 = VERTEX_POINT('',#593);
#593 = CARTESIAN_POINT('',(-0.7528323,0.,4.005));
#594 = LINE('',#595,#596);
#595 = CARTESIAN_POINT('',(-0.7528323,5.E-02,4.005));
#596 = VECTOR('',#597,1.);
#597 = DIRECTION('',(0.,-1.,0.));
#598 = ORIENTED_EDGE('',*,*,#599,.F.);
#599 = EDGE_CURVE('',#512,#592,#600,.T.);
#600 = CIRCLE('',#601,0.1321677);
#601 = AXIS2_PLACEMENT_3D('',#602,#603,#604);
#602 = CARTESIAN_POINT('',(-0.7528323,1.387778780781E-17,4.1371677));
#603 = DIRECTION('',(0.,-1.,0.));
#604 = DIRECTION('',(0.,-0.,-1.));
#605 = ORIENTED_EDGE('',*,*,#511,.F.);
#606 = CYLINDRICAL_SURFACE('',#607,0.1321677);
#607 = AXIS2_PLACEMENT_3D('',#608,#609,#610);
#608 = CARTESIAN_POINT('',(-0.7528323,5.E-02,4.1371677));
#609 = DIRECTION('',(0.,-1.,0.));
#610 = DIRECTION('',(-1.,0.,0.));
#611 = ADVANCED_FACE('',(#612),#630,.T.);
#612 = FACE_BOUND('',#613,.T.);
#613 = EDGE_LOOP('',(#614,#615,#623,#629));
#614 = ORIENTED_EDGE('',*,*,#527,.T.);
#615 = ORIENTED_EDGE('',*,*,#616,.T.);
#616 = EDGE_CURVE('',#520,#617,#619,.T.);
#617 = VERTEX_POINT('',#618);
#618 = CARTESIAN_POINT('',(-0.615,0.,4.5));
#619 = LINE('',#620,#621);
#620 = CARTESIAN_POINT('',(-1.75,0.,4.5));
#621 = VECTOR('',#622,1.);
#622 = DIRECTION('',(1.,0.,0.));
#623 = ORIENTED_EDGE('',*,*,#624,.F.);
#624 = EDGE_CURVE('',#543,#617,#625,.T.);
#625 = LINE('',#626,#627);
#626 = CARTESIAN_POINT('',(-0.615,5.E-02,4.5));
#627 = VECTOR('',#628,1.);
#628 = DIRECTION('',(0.,-1.,0.));
#629 = ORIENTED_EDGE('',*,*,#542,.F.);
#630 = PLANE('',#631);
#631 = AXIS2_PLACEMENT_3D('',#632,#633,#634);
#632 = CARTESIAN_POINT('',(-0.885,5.E-02,4.5));
#633 = DIRECTION('',(0.,0.,1.));
#634 = DIRECTION('',(1.,0.,0.));
#635 = ADVANCED_FACE('',(#636),#664,.F.);
#636 = FACE_BOUND('',#637,.F.);
#637 = EDGE_LOOP('',(#638,#639,#640,#648,#657,#663));
#638 = ORIENTED_EDGE('',*,*,#519,.T.);
#639 = ORIENTED_EDGE('',*,*,#616,.T.);
#640 = ORIENTED_EDGE('',*,*,#641,.T.);
#641 = EDGE_CURVE('',#617,#642,#644,.T.);
#642 = VERTEX_POINT('',#643);
#643 = CARTESIAN_POINT('',(-0.615,0.,4.1371677));
#644 = LINE('',#645,#646);
#645 = CARTESIAN_POINT('',(-0.615,0.,4.865));
#646 = VECTOR('',#647,1.);
#647 = DIRECTION('',(0.,0.,-1.));
#648 = ORIENTED_EDGE('',*,*,#649,.F.);
#649 = EDGE_CURVE('',#650,#642,#652,.T.);
#650 = VERTEX_POINT('',#651);
#651 = CARTESIAN_POINT('',(-0.7471677,0.,4.005));
#652 = CIRCLE('',#653,0.1321677);
#653 = AXIS2_PLACEMENT_3D('',#654,#655,#656);
#654 = CARTESIAN_POINT('',(-0.7471677,1.387778780781E-17,4.1371677));
#655 = DIRECTION('',(0.,-1.,0.));
#656 = DIRECTION('',(0.,-0.,-1.));
#657 = ORIENTED_EDGE('',*,*,#658,.T.);
#658 = EDGE_CURVE('',#650,#592,#659,.T.);
#659 = LINE('',#660,#661);
#660 = CARTESIAN_POINT('',(-0.615,0.,4.005));
#661 = VECTOR('',#662,1.);
#662 = DIRECTION('',(-1.,0.,0.));
#663 = ORIENTED_EDGE('',*,*,#599,.F.);
#664 = PLANE('',#665);
#665 = AXIS2_PLACEMENT_3D('',#666,#667,#668);
#666 = CARTESIAN_POINT('',(-0.75,1.387778780781E-17,4.435));
#667 = DIRECTION('',(0.,1.,0.));
#668 = DIRECTION('',(0.,0.,1.));
#669 = ADVANCED_FACE('',(#670),#681,.T.);
#670 = FACE_BOUND('',#671,.T.);
#671 = EDGE_LOOP('',(#672,#673,#679,#680));
#672 = ORIENTED_EDGE('',*,*,#567,.F.);
#673 = ORIENTED_EDGE('',*,*,#674,.T.);
#674 = EDGE_CURVE('',#559,#650,#675,.T.);
#675 = LINE('',#676,#677);
#676 = CARTESIAN_POINT('',(-0.7471677,5.E-02,4.005));
#677 = VECTOR('',#678,1.);
#678 = DIRECTION('',(0.,-1.,0.));
#679 = ORIENTED_EDGE('',*,*,#658,.T.);
#680 = ORIENTED_EDGE('',*,*,#591,.F.);
#681 = PLANE('',#682);
#682 = AXIS2_PLACEMENT_3D('',#683,#684,#685);
#683 = CARTESIAN_POINT('',(-0.615,5.E-02,4.005));
#684 = DIRECTION('',(-0.,-0.,-1.));
#685 = DIRECTION('',(-1.,0.,0.));
#686 = ADVANCED_FACE('',(#687),#698,.T.);
#687 = FACE_BOUND('',#688,.T.);
#688 = EDGE_LOOP('',(#689,#690,#691,#692));
#689 = ORIENTED_EDGE('',*,*,#550,.F.);
#690 = ORIENTED_EDGE('',*,*,#624,.T.);
#691 = ORIENTED_EDGE('',*,*,#641,.T.);
#692 = ORIENTED_EDGE('',*,*,#693,.F.);
#693 = EDGE_CURVE('',#551,#642,#694,.T.);
#694 = LINE('',#695,#696);
#695 = CARTESIAN_POINT('',(-0.615,5.E-02,4.1371677));
#696 = VECTOR('',#697,1.);
#697 = DIRECTION('',(0.,-1.,0.));
#698 = PLANE('',#699);
#699 = AXIS2_PLACEMENT_3D('',#700,#701,#702);
#700 = CARTESIAN_POINT('',(-0.615,5.E-02,4.5));
#701 = DIRECTION('',(1.,0.,0.));
#702 = DIRECTION('',(0.,0.,-1.));
#703 = ADVANCED_FACE('',(#704),#710,.T.);
#704 = FACE_BOUND('',#705,.T.);
#705 = EDGE_LOOP('',(#706,#707,#708,#709));
#706 = ORIENTED_EDGE('',*,*,#558,.T.);
#707 = ORIENTED_EDGE('',*,*,#693,.T.);
#708 = ORIENTED_EDGE('',*,*,#649,.F.);
#709 = ORIENTED_EDGE('',*,*,#674,.F.);
#710 = CYLINDRICAL_SURFACE('',#711,0.1321677);
#711 = AXIS2_PLACEMENT_3D('',#712,#713,#714);
#712 = CARTESIAN_POINT('',(-0.7471677,5.E-02,4.1371677));
#713 = DIRECTION('',(0.,-1.,0.));
#714 = DIRECTION('',(0.,0.,-1.));
#715 = ( GEOMETRIC_REPRESENTATION_CONTEXT(3) 
GLOBAL_UNCERTAINTY_ASSIGNED_CONTEXT((#719)) GLOBAL_UNIT_ASSIGNED_CONTEXT
((#716,#717,#718)) REPRESENTATION_CONTEXT('Context #1',
  '3D Context with UNIT and UNCERTAINTY') );
#716 = ( LENGTH_UNIT() NAMED_UNIT(*) SI_UNIT(.MILLI.,.METRE.) );
#717 = ( NAMED_UNIT(*) PLANE_ANGLE_UNIT() SI_UNIT($,.RADIAN.) );
#718 = ( NAMED_UNIT(*) SI_UNIT($,.STERADIAN.) SOLID_ANGLE_UNIT() );
#719 = UNCERTAINTY_MEASURE_WITH_UNIT(LENGTH_MEASURE(1.E-07),#716,
  'distance_accuracy_value','confusion accuracy');
#720 = CONTEXT_DEPENDENT_SHAPE_REPRESENTATION(#721,#723);
#721 = ( REPRESENTATION_RELATIONSHIP('','',#494,#10) 
REPRESENTATION_RELATIONSHIP_WITH_TRANSFORMATION(#722) 
SHAPE_REPRESENTATION_RELATIONSHIP() );
#722 = ITEM_DEFINED_TRANSFORMATION('','',#11,#23);
#723 = PRODUCT_DEFINITION_SHAPE('Placement','Placement of an item',#724
  );
#724 = NEXT_ASSEMBLY_USAGE_OCCURRENCE('4057','Pad_18_1','',#5,#489,$);
#725 = PRODUCT_RELATED_PRODUCT_CATEGORY('part',$,(#491));
#726 = SHAPE_DEFINITION_REPRESENTATION(#727,#733);
#727 = PRODUCT_DEFINITION_SHAPE('','',#728);
#728 = PRODUCT_DEFINITION('design','',#729,#732);
#729 = PRODUCT_DEFINITION_FORMATION('','',#730);
#730 = PRODUCT('Pad_19_1','Pad_19_1','',(#731));
#731 = PRODUCT_CONTEXT('',#2,'mechanical');
#732 = PRODUCT_DEFINITION_CONTEXT('part definition',#2,'design');
#733 = ADVANCED_BREP_SHAPE_REPRESENTATION('',(#11,#734),#954);
#734 = MANIFOLD_SOLID_BREP('',#735);
#735 = CLOSED_SHELL('',(#736,#776,#825,#850,#874,#908,#925,#942));
#736 = ADVANCED_FACE('',(#737),#771,.T.);
#737 = FACE_BOUND('',#738,.T.);
#738 = EDGE_LOOP('',(#739,#749,#757,#765));
#739 = ORIENTED_EDGE('',*,*,#740,.F.);
#740 = EDGE_CURVE('',#741,#743,#745,.T.);
#741 = VERTEX_POINT('',#742);
#742 = CARTESIAN_POINT('',(-0.385,5.E-02,4.1371677));
#743 = VERTEX_POINT('',#744);
#744 = CARTESIAN_POINT('',(-0.385,5.E-02,4.5));
#745 = LINE('',#746,#747);
#746 = CARTESIAN_POINT('',(-0.385,5.E-02,4.005));
#747 = VECTOR('',#748,1.);
#748 = DIRECTION('',(0.,0.,1.));
#749 = ORIENTED_EDGE('',*,*,#750,.T.);
#750 = EDGE_CURVE('',#741,#751,#753,.T.);
#751 = VERTEX_POINT('',#752);
#752 = CARTESIAN_POINT('',(-0.385,0.,4.1371677));
#753 = LINE('',#754,#755);
#754 = CARTESIAN_POINT('',(-0.385,5.E-02,4.1371677));
#755 = VECTOR('',#756,1.);
#756 = DIRECTION('',(0.,-1.,0.));
#757 = ORIENTED_EDGE('',*,*,#758,.T.);
#758 = EDGE_CURVE('',#751,#759,#761,.T.);
#759 = VERTEX_POINT('',#760);
#760 = CARTESIAN_POINT('',(-0.385,0.,4.5));
#761 = LINE('',#762,#763);
#762 = CARTESIAN_POINT('',(-0.385,0.,4.005));
#763 = VECTOR('',#764,1.);
#764 = DIRECTION('',(0.,0.,1.));
#765 = ORIENTED_EDGE('',*,*,#766,.F.);
#766 = EDGE_CURVE('',#743,#759,#767,.T.);
#767 = LINE('',#768,#769);
#768 = CARTESIAN_POINT('',(-0.385,5.E-02,4.5));
#769 = VECTOR('',#770,1.);
#770 = DIRECTION('',(0.,-1.,0.));
#771 = PLANE('',#772);
#772 = AXIS2_PLACEMENT_3D('',#773,#774,#775);
#773 = CARTESIAN_POINT('',(-0.385,5.E-02,4.005));
#774 = DIRECTION('',(-1.,0.,0.));
#775 = DIRECTION('',(0.,0.,1.));
#776 = ADVANCED_FACE('',(#777),#820,.T.);
#777 = FACE_BOUND('',#778,.T.);
#778 = EDGE_LOOP('',(#779,#780,#788,#796,#805,#813));
#779 = ORIENTED_EDGE('',*,*,#740,.T.);
#780 = ORIENTED_EDGE('',*,*,#781,.T.);
#781 = EDGE_CURVE('',#743,#782,#784,.T.);
#782 = VERTEX_POINT('',#783);
#783 = CARTESIAN_POINT('',(-0.115,5.E-02,4.5));
#784 = LINE('',#785,#786);
#785 = CARTESIAN_POINT('',(-1.75,5.E-02,4.5));
#786 = VECTOR('',#787,1.);
#787 = DIRECTION('',(1.,0.,0.));
#788 = ORIENTED_EDGE('',*,*,#789,.T.);
#789 = EDGE_CURVE('',#782,#790,#792,.T.);
#790 = VERTEX_POINT('',#791);
#791 = CARTESIAN_POINT('',(-0.115,5.E-02,4.1371677));
#792 = LINE('',#793,#794);
#793 = CARTESIAN_POINT('',(-0.115,5.E-02,4.865));
#794 = VECTOR('',#795,1.);
#795 = DIRECTION('',(0.,0.,-1.));
#796 = ORIENTED_EDGE('',*,*,#797,.F.);
#797 = EDGE_CURVE('',#798,#790,#800,.T.);
#798 = VERTEX_POINT('',#799);
#799 = CARTESIAN_POINT('',(-0.2471677,5.E-02,4.005));
#800 = CIRCLE('',#801,0.1321677);
#801 = AXIS2_PLACEMENT_3D('',#802,#803,#804);
#802 = CARTESIAN_POINT('',(-0.2471677,5.E-02,4.1371677));
#803 = DIRECTION('',(0.,-1.,0.));
#804 = DIRECTION('',(0.,-0.,-1.));
#805 = ORIENTED_EDGE('',*,*,#806,.T.);
#806 = EDGE_CURVE('',#798,#807,#809,.T.);
#807 = VERTEX_POINT('',#808);
#808 = CARTESIAN_POINT('',(-0.2528323,5.E-02,4.005));
#809 = LINE('',#810,#811);
#810 = CARTESIAN_POINT('',(-0.115,5.E-02,4.005));
#811 = VECTOR('',#812,1.);
#812 = DIRECTION('',(-1.,0.,0.));
#813 = ORIENTED_EDGE('',*,*,#814,.F.);
#814 = EDGE_CURVE('',#741,#807,#815,.T.);
#815 = CIRCLE('',#816,0.1321677);
#816 = AXIS2_PLACEMENT_3D('',#817,#818,#819);
#817 = CARTESIAN_POINT('',(-0.2528323,5.E-02,4.1371677));
#818 = DIRECTION('',(0.,-1.,0.));
#819 = DIRECTION('',(0.,-0.,-1.));
#820 = PLANE('',#821);
#821 = AXIS2_PLACEMENT_3D('',#822,#823,#824);
#822 = CARTESIAN_POINT('',(-0.25,5.E-02,4.435));
#823 = DIRECTION('',(0.,1.,0.));
#824 = DIRECTION('',(0.,0.,1.));
#825 = ADVANCED_FACE('',(#826),#845,.T.);
#826 = FACE_BOUND('',#827,.T.);
#827 = EDGE_LOOP('',(#828,#829,#837,#844));
#828 = ORIENTED_EDGE('',*,*,#814,.T.);
#829 = ORIENTED_EDGE('',*,*,#830,.T.);
#830 = EDGE_CURVE('',#807,#831,#833,.T.);
#831 = VERTEX_POINT('',#832);
#832 = CARTESIAN_POINT('',(-0.2528323,0.,4.005));
#833 = LINE('',#834,#835);
#834 = CARTESIAN_POINT('',(-0.2528323,5.E-02,4.005));
#835 = VECTOR('',#836,1.);
#836 = DIRECTION('',(0.,-1.,0.));
#837 = ORIENTED_EDGE('',*,*,#838,.F.);
#838 = EDGE_CURVE('',#751,#831,#839,.T.);
#839 = CIRCLE('',#840,0.1321677);
#840 = AXIS2_PLACEMENT_3D('',#841,#842,#843);
#841 = CARTESIAN_POINT('',(-0.2528323,1.387778780781E-17,4.1371677));
#842 = DIRECTION('',(0.,-1.,0.));
#843 = DIRECTION('',(0.,-0.,-1.));
#844 = ORIENTED_EDGE('',*,*,#750,.F.);
#845 = CYLINDRICAL_SURFACE('',#846,0.1321677);
#846 = AXIS2_PLACEMENT_3D('',#847,#848,#849);
#847 = CARTESIAN_POINT('',(-0.2528323,5.E-02,4.1371677));
#848 = DIRECTION('',(0.,-1.,0.));
#849 = DIRECTION('',(-1.,0.,0.));
#850 = ADVANCED_FACE('',(#851),#869,.T.);
#851 = FACE_BOUND('',#852,.T.);
#852 = EDGE_LOOP('',(#853,#854,#862,#868));
#853 = ORIENTED_EDGE('',*,*,#766,.T.);
#854 = ORIENTED_EDGE('',*,*,#855,.T.);
#855 = EDGE_CURVE('',#759,#856,#858,.T.);
#856 = VERTEX_POINT('',#857);
#857 = CARTESIAN_POINT('',(-0.115,0.,4.5));
#858 = LINE('',#859,#860);
#859 = CARTESIAN_POINT('',(-1.75,0.,4.5));
#860 = VECTOR('',#861,1.);
#861 = DIRECTION('',(1.,0.,0.));
#862 = ORIENTED_EDGE('',*,*,#863,.F.);
#863 = EDGE_CURVE('',#782,#856,#864,.T.);
#864 = LINE('',#865,#866);
#865 = CARTESIAN_POINT('',(-0.115,5.E-02,4.5));
#866 = VECTOR('',#867,1.);
#867 = DIRECTION('',(0.,-1.,0.));
#868 = ORIENTED_EDGE('',*,*,#781,.F.);
#869 = PLANE('',#870);
#870 = AXIS2_PLACEMENT_3D('',#871,#872,#873);
#871 = CARTESIAN_POINT('',(-0.385,5.E-02,4.5));
#872 = DIRECTION('',(0.,0.,1.));
#873 = DIRECTION('',(1.,0.,0.));
#874 = ADVANCED_FACE('',(#875),#903,.F.);
#875 = FACE_BOUND('',#876,.F.);
#876 = EDGE_LOOP('',(#877,#878,#879,#887,#896,#902));
#877 = ORIENTED_EDGE('',*,*,#758,.T.);
#878 = ORIENTED_EDGE('',*,*,#855,.T.);
#879 = ORIENTED_EDGE('',*,*,#880,.T.);
#880 = EDGE_CURVE('',#856,#881,#883,.T.);
#881 = VERTEX_POINT('',#882);
#882 = CARTESIAN_POINT('',(-0.115,0.,4.1371677));
#883 = LINE('',#884,#885);
#884 = CARTESIAN_POINT('',(-0.115,0.,4.865));
#885 = VECTOR('',#886,1.);
#886 = DIRECTION('',(0.,0.,-1.));
#887 = ORIENTED_EDGE('',*,*,#888,.F.);
#888 = EDGE_CURVE('',#889,#881,#891,.T.);
#889 = VERTEX_POINT('',#890);
#890 = CARTESIAN_POINT('',(-0.2471677,0.,4.005));
#891 = CIRCLE('',#892,0.1321677);
#892 = AXIS2_PLACEMENT_3D('',#893,#894,#895);
#893 = CARTESIAN_POINT('',(-0.2471677,1.387778780781E-17,4.1371677));
#894 = DIRECTION('',(0.,-1.,0.));
#895 = DIRECTION('',(0.,-0.,-1.));
#896 = ORIENTED_EDGE('',*,*,#897,.T.);
#897 = EDGE_CURVE('',#889,#831,#898,.T.);
#898 = LINE('',#899,#900);
#899 = CARTESIAN_POINT('',(-0.115,0.,4.005));
#900 = VECTOR('',#901,1.);
#901 = DIRECTION('',(-1.,0.,0.));
#902 = ORIENTED_EDGE('',*,*,#838,.F.);
#903 = PLANE('',#904);
#904 = AXIS2_PLACEMENT_3D('',#905,#906,#907);
#905 = CARTESIAN_POINT('',(-0.25,1.387778780781E-17,4.435));
#906 = DIRECTION('',(0.,1.,0.));
#907 = DIRECTION('',(0.,0.,1.));
#908 = ADVANCED_FACE('',(#909),#920,.T.);
#909 = FACE_BOUND('',#910,.T.);
#910 = EDGE_LOOP('',(#911,#912,#918,#919));
#911 = ORIENTED_EDGE('',*,*,#806,.F.);
#912 = ORIENTED_EDGE('',*,*,#913,.T.);
#913 = EDGE_CURVE('',#798,#889,#914,.T.);
#914 = LINE('',#915,#916);
#915 = CARTESIAN_POINT('',(-0.2471677,5.E-02,4.005));
#916 = VECTOR('',#917,1.);
#917 = DIRECTION('',(0.,-1.,0.));
#918 = ORIENTED_EDGE('',*,*,#897,.T.);
#919 = ORIENTED_EDGE('',*,*,#830,.F.);
#920 = PLANE('',#921);
#921 = AXIS2_PLACEMENT_3D('',#922,#923,#924);
#922 = CARTESIAN_POINT('',(-0.115,5.E-02,4.005));
#923 = DIRECTION('',(-0.,-0.,-1.));
#924 = DIRECTION('',(-1.,0.,0.));
#925 = ADVANCED_FACE('',(#926),#937,.T.);
#926 = FACE_BOUND('',#927,.T.);
#927 = EDGE_LOOP('',(#928,#929,#930,#931));
#928 = ORIENTED_EDGE('',*,*,#789,.F.);
#929 = ORIENTED_EDGE('',*,*,#863,.T.);
#930 = ORIENTED_EDGE('',*,*,#880,.T.);
#931 = ORIENTED_EDGE('',*,*,#932,.F.);
#932 = EDGE_CURVE('',#790,#881,#933,.T.);
#933 = LINE('',#934,#935);
#934 = CARTESIAN_POINT('',(-0.115,5.E-02,4.1371677));
#935 = VECTOR('',#936,1.);
#936 = DIRECTION('',(0.,-1.,0.));
#937 = PLANE('',#938);
#938 = AXIS2_PLACEMENT_3D('',#939,#940,#941);
#939 = CARTESIAN_POINT('',(-0.115,5.E-02,4.5));
#940 = DIRECTION('',(1.,0.,0.));
#941 = DIRECTION('',(0.,0.,-1.));
#942 = ADVANCED_FACE('',(#943),#949,.T.);
#943 = FACE_BOUND('',#944,.T.);
#944 = EDGE_LOOP('',(#945,#946,#947,#948));
#945 = ORIENTED_EDGE('',*,*,#797,.T.);
#946 = ORIENTED_EDGE('',*,*,#932,.T.);
#947 = ORIENTED_EDGE('',*,*,#888,.F.);
#948 = ORIENTED_EDGE('',*,*,#913,.F.);
#949 = CYLINDRICAL_SURFACE('',#950,0.1321677);
#950 = AXIS2_PLACEMENT_3D('',#951,#952,#953);
#951 = CARTESIAN_POINT('',(-0.2471677,5.E-02,4.1371677));
#952 = DIRECTION('',(0.,-1.,0.));
#953 = DIRECTION('',(0.,0.,-1.));
#954 = ( GEOMETRIC_REPRESENTATION_CONTEXT(3) 
GLOBAL_UNCERTAINTY_ASSIGNED_CONTEXT((#958)) GLOBAL_UNIT_ASSIGNED_CONTEXT
((#955,#956,#957)) REPRESENTATION_CONTEXT('Context #1',
  '3D Context with UNIT and UNCERTAINTY') );
#955 = ( LENGTH_UNIT() NAMED_UNIT(*) SI_UNIT(.MILLI.,.METRE.) );
#956 = ( NAMED_UNIT(*) PLANE_ANGLE_UNIT() SI_UNIT($,.RADIAN.) );
#957 = ( NAMED_UNIT(*) SI_UNIT($,.STERADIAN.) SOLID_ANGLE_UNIT() );
#958 = UNCERTAINTY_MEASURE_WITH_UNIT(LENGTH_MEASURE(1.E-07),#955,
  'distance_accuracy_value','confusion accuracy');
#959 = CONTEXT_DEPENDENT_SHAPE_REPRESENTATION(#960,#962);
#960 = ( REPRESENTATION_RELATIONSHIP('','',#733,#10) 
REPRESENTATION_RELATIONSHIP_WITH_TRANSFORMATION(#961) 
SHAPE_REPRESENTATION_RELATIONSHIP() );
#961 = ITEM_DEFINED_TRANSFORMATION('','',#11,#27);
#962 = PRODUCT_DEFINITION_SHAPE('Placement','Placement of an item',#963
  );
#963 = NEXT_ASSEMBLY_USAGE_OCCURRENCE('4058','Pad_19_1','',#5,#728,$);
#964 = PRODUCT_RELATED_PRODUCT_CATEGORY('part',$,(#730));
#965 = SHAPE_DEFINITION_REPRESENTATION(#966,#972);
#966 = PRODUCT_DEFINITION_SHAPE('','',#967);
#967 = PRODUCT_DEFINITION('design','',#968,#971);
#968 = PRODUCT_DEFINITION_FORMATION('','',#969);
#969 = PRODUCT('Pad_20_1','Pad_20_1','',(#970));
#970 = PRODUCT_CONTEXT('',#2,'mechanical');
#971 = PRODUCT_DEFINITION_CONTEXT('part definition',#2,'design');
#972 = ADVANCED_BREP_SHAPE_REPRESENTATION('',(#11,#973),#1193);
#973 = MANIFOLD_SOLID_BREP('',#974);
#974 = CLOSED_SHELL('',(#975,#1015,#1064,#1089,#1113,#1147,#1164,#1181)
  );
#975 = ADVANCED_FACE('',(#976),#1010,.T.);
#976 = FACE_BOUND('',#977,.T.);
#977 = EDGE_LOOP('',(#978,#988,#996,#1004));
#978 = ORIENTED_EDGE('',*,*,#979,.F.);
#979 = EDGE_CURVE('',#980,#982,#984,.T.);
#980 = VERTEX_POINT('',#981);
#981 = CARTESIAN_POINT('',(0.115,5.E-02,4.1371677));
#982 = VERTEX_POINT('',#983);
#983 = CARTESIAN_POINT('',(0.115,5.E-02,4.5));
#984 = LINE('',#985,#986);
#985 = CARTESIAN_POINT('',(0.115,5.E-02,4.005));
#986 = VECTOR('',#987,1.);
#987 = DIRECTION('',(0.,0.,1.));
#988 = ORIENTED_EDGE('',*,*,#989,.T.);
#989 = EDGE_CURVE('',#980,#990,#992,.T.);
#990 = VERTEX_POINT('',#991);
#991 = CARTESIAN_POINT('',(0.115,0.,4.1371677));
#992 = LINE('',#993,#994);
#993 = CARTESIAN_POINT('',(0.115,5.E-02,4.1371677));
#994 = VECTOR('',#995,1.);
#995 = DIRECTION('',(0.,-1.,0.));
#996 = ORIENTED_EDGE('',*,*,#997,.T.);
#997 = EDGE_CURVE('',#990,#998,#1000,.T.);
#998 = VERTEX_POINT('',#999);
#999 = CARTESIAN_POINT('',(0.115,0.,4.5));
#1000 = LINE('',#1001,#1002);
#1001 = CARTESIAN_POINT('',(0.115,0.,4.005));
#1002 = VECTOR('',#1003,1.);
#1003 = DIRECTION('',(0.,0.,1.));
#1004 = ORIENTED_EDGE('',*,*,#1005,.F.);
#1005 = EDGE_CURVE('',#982,#998,#1006,.T.);
#1006 = LINE('',#1007,#1008);
#1007 = CARTESIAN_POINT('',(0.115,5.E-02,4.5));
#1008 = VECTOR('',#1009,1.);
#1009 = DIRECTION('',(0.,-1.,0.));
#1010 = PLANE('',#1011);
#1011 = AXIS2_PLACEMENT_3D('',#1012,#1013,#1014);
#1012 = CARTESIAN_POINT('',(0.115,5.E-02,4.005));
#1013 = DIRECTION('',(-1.,0.,0.));
#1014 = DIRECTION('',(0.,0.,1.));
#1015 = ADVANCED_FACE('',(#1016),#1059,.T.);
#1016 = FACE_BOUND('',#1017,.T.);
#1017 = EDGE_LOOP('',(#1018,#1019,#1027,#1035,#1044,#1052));
#1018 = ORIENTED_EDGE('',*,*,#979,.T.);
#1019 = ORIENTED_EDGE('',*,*,#1020,.T.);
#1020 = EDGE_CURVE('',#982,#1021,#1023,.T.);
#1021 = VERTEX_POINT('',#1022);
#1022 = CARTESIAN_POINT('',(0.385,5.E-02,4.5));
#1023 = LINE('',#1024,#1025);
#1024 = CARTESIAN_POINT('',(-1.75,5.E-02,4.5));
#1025 = VECTOR('',#1026,1.);
#1026 = DIRECTION('',(1.,0.,0.));
#1027 = ORIENTED_EDGE('',*,*,#1028,.T.);
#1028 = EDGE_CURVE('',#1021,#1029,#1031,.T.);
#1029 = VERTEX_POINT('',#1030);
#1030 = CARTESIAN_POINT('',(0.385,5.E-02,4.1371677));
#1031 = LINE('',#1032,#1033);
#1032 = CARTESIAN_POINT('',(0.385,5.E-02,4.865));
#1033 = VECTOR('',#1034,1.);
#1034 = DIRECTION('',(0.,0.,-1.));
#1035 = ORIENTED_EDGE('',*,*,#1036,.F.);
#1036 = EDGE_CURVE('',#1037,#1029,#1039,.T.);
#1037 = VERTEX_POINT('',#1038);
#1038 = CARTESIAN_POINT('',(0.2528323,5.E-02,4.005));
#1039 = CIRCLE('',#1040,0.1321677);
#1040 = AXIS2_PLACEMENT_3D('',#1041,#1042,#1043);
#1041 = CARTESIAN_POINT('',(0.2528323,5.E-02,4.1371677));
#1042 = DIRECTION('',(0.,-1.,0.));
#1043 = DIRECTION('',(0.,-0.,-1.));
#1044 = ORIENTED_EDGE('',*,*,#1045,.T.);
#1045 = EDGE_CURVE('',#1037,#1046,#1048,.T.);
#1046 = VERTEX_POINT('',#1047);
#1047 = CARTESIAN_POINT('',(0.2471677,5.E-02,4.005));
#1048 = LINE('',#1049,#1050);
#1049 = CARTESIAN_POINT('',(0.385,5.E-02,4.005));
#1050 = VECTOR('',#1051,1.);
#1051 = DIRECTION('',(-1.,0.,0.));
#1052 = ORIENTED_EDGE('',*,*,#1053,.F.);
#1053 = EDGE_CURVE('',#980,#1046,#1054,.T.);
#1054 = CIRCLE('',#1055,0.1321677);
#1055 = AXIS2_PLACEMENT_3D('',#1056,#1057,#1058);
#1056 = CARTESIAN_POINT('',(0.2471677,5.E-02,4.1371677));
#1057 = DIRECTION('',(0.,-1.,0.));
#1058 = DIRECTION('',(0.,-0.,-1.));
#1059 = PLANE('',#1060);
#1060 = AXIS2_PLACEMENT_3D('',#1061,#1062,#1063);
#1061 = CARTESIAN_POINT('',(0.25,5.E-02,4.435));
#1062 = DIRECTION('',(0.,1.,0.));
#1063 = DIRECTION('',(0.,0.,1.));
#1064 = ADVANCED_FACE('',(#1065),#1084,.T.);
#1065 = FACE_BOUND('',#1066,.T.);
#1066 = EDGE_LOOP('',(#1067,#1068,#1076,#1083));
#1067 = ORIENTED_EDGE('',*,*,#1053,.T.);
#1068 = ORIENTED_EDGE('',*,*,#1069,.T.);
#1069 = EDGE_CURVE('',#1046,#1070,#1072,.T.);
#1070 = VERTEX_POINT('',#1071);
#1071 = CARTESIAN_POINT('',(0.2471677,0.,4.005));
#1072 = LINE('',#1073,#1074);
#1073 = CARTESIAN_POINT('',(0.2471677,5.E-02,4.005));
#1074 = VECTOR('',#1075,1.);
#1075 = DIRECTION('',(0.,-1.,0.));
#1076 = ORIENTED_EDGE('',*,*,#1077,.F.);
#1077 = EDGE_CURVE('',#990,#1070,#1078,.T.);
#1078 = CIRCLE('',#1079,0.1321677);
#1079 = AXIS2_PLACEMENT_3D('',#1080,#1081,#1082);
#1080 = CARTESIAN_POINT('',(0.2471677,1.387778780781E-17,4.1371677));
#1081 = DIRECTION('',(0.,-1.,0.));
#1082 = DIRECTION('',(0.,-0.,-1.));
#1083 = ORIENTED_EDGE('',*,*,#989,.F.);
#1084 = CYLINDRICAL_SURFACE('',#1085,0.1321677);
#1085 = AXIS2_PLACEMENT_3D('',#1086,#1087,#1088);
#1086 = CARTESIAN_POINT('',(0.2471677,5.E-02,4.1371677));
#1087 = DIRECTION('',(0.,-1.,0.));
#1088 = DIRECTION('',(-1.,0.,0.));
#1089 = ADVANCED_FACE('',(#1090),#1108,.T.);
#1090 = FACE_BOUND('',#1091,.T.);
#1091 = EDGE_LOOP('',(#1092,#1093,#1101,#1107));
#1092 = ORIENTED_EDGE('',*,*,#1005,.T.);
#1093 = ORIENTED_EDGE('',*,*,#1094,.T.);
#1094 = EDGE_CURVE('',#998,#1095,#1097,.T.);
#1095 = VERTEX_POINT('',#1096);
#1096 = CARTESIAN_POINT('',(0.385,0.,4.5));
#1097 = LINE('',#1098,#1099);
#1098 = CARTESIAN_POINT('',(-1.75,0.,4.5));
#1099 = VECTOR('',#1100,1.);
#1100 = DIRECTION('',(1.,0.,0.));
#1101 = ORIENTED_EDGE('',*,*,#1102,.F.);
#1102 = EDGE_CURVE('',#1021,#1095,#1103,.T.);
#1103 = LINE('',#1104,#1105);
#1104 = CARTESIAN_POINT('',(0.385,5.E-02,4.5));
#1105 = VECTOR('',#1106,1.);
#1106 = DIRECTION('',(0.,-1.,0.));
#1107 = ORIENTED_EDGE('',*,*,#1020,.F.);
#1108 = PLANE('',#1109);
#1109 = AXIS2_PLACEMENT_3D('',#1110,#1111,#1112);
#1110 = CARTESIAN_POINT('',(0.115,5.E-02,4.5));
#1111 = DIRECTION('',(0.,0.,1.));
#1112 = DIRECTION('',(1.,0.,0.));
#1113 = ADVANCED_FACE('',(#1114),#1142,.F.);
#1114 = FACE_BOUND('',#1115,.F.);
#1115 = EDGE_LOOP('',(#1116,#1117,#1118,#1126,#1135,#1141));
#1116 = ORIENTED_EDGE('',*,*,#997,.T.);
#1117 = ORIENTED_EDGE('',*,*,#1094,.T.);
#1118 = ORIENTED_EDGE('',*,*,#1119,.T.);
#1119 = EDGE_CURVE('',#1095,#1120,#1122,.T.);
#1120 = VERTEX_POINT('',#1121);
#1121 = CARTESIAN_POINT('',(0.385,0.,4.1371677));
#1122 = LINE('',#1123,#1124);
#1123 = CARTESIAN_POINT('',(0.385,0.,4.865));
#1124 = VECTOR('',#1125,1.);
#1125 = DIRECTION('',(0.,0.,-1.));
#1126 = ORIENTED_EDGE('',*,*,#1127,.F.);
#1127 = EDGE_CURVE('',#1128,#1120,#1130,.T.);
#1128 = VERTEX_POINT('',#1129);
#1129 = CARTESIAN_POINT('',(0.2528323,0.,4.005));
#1130 = CIRCLE('',#1131,0.1321677);
#1131 = AXIS2_PLACEMENT_3D('',#1132,#1133,#1134);
#1132 = CARTESIAN_POINT('',(0.2528323,1.387778780781E-17,4.1371677));
#1133 = DIRECTION('',(0.,-1.,0.));
#1134 = DIRECTION('',(0.,-0.,-1.));
#1135 = ORIENTED_EDGE('',*,*,#1136,.T.);
#1136 = EDGE_CURVE('',#1128,#1070,#1137,.T.);
#1137 = LINE('',#1138,#1139);
#1138 = CARTESIAN_POINT('',(0.385,0.,4.005));
#1139 = VECTOR('',#1140,1.);
#1140 = DIRECTION('',(-1.,0.,0.));
#1141 = ORIENTED_EDGE('',*,*,#1077,.F.);
#1142 = PLANE('',#1143);
#1143 = AXIS2_PLACEMENT_3D('',#1144,#1145,#1146);
#1144 = CARTESIAN_POINT('',(0.25,1.387778780781E-17,4.435));
#1145 = DIRECTION('',(0.,1.,0.));
#1146 = DIRECTION('',(0.,0.,1.));
#1147 = ADVANCED_FACE('',(#1148),#1159,.T.);
#1148 = FACE_BOUND('',#1149,.T.);
#1149 = EDGE_LOOP('',(#1150,#1151,#1157,#1158));
#1150 = ORIENTED_EDGE('',*,*,#1045,.F.);
#1151 = ORIENTED_EDGE('',*,*,#1152,.T.);
#1152 = EDGE_CURVE('',#1037,#1128,#1153,.T.);
#1153 = LINE('',#1154,#1155);
#1154 = CARTESIAN_POINT('',(0.2528323,5.E-02,4.005));
#1155 = VECTOR('',#1156,1.);
#1156 = DIRECTION('',(0.,-1.,0.));
#1157 = ORIENTED_EDGE('',*,*,#1136,.T.);
#1158 = ORIENTED_EDGE('',*,*,#1069,.F.);
#1159 = PLANE('',#1160);
#1160 = AXIS2_PLACEMENT_3D('',#1161,#1162,#1163);
#1161 = CARTESIAN_POINT('',(0.385,5.E-02,4.005));
#1162 = DIRECTION('',(-0.,-0.,-1.));
#1163 = DIRECTION('',(-1.,0.,0.));
#1164 = ADVANCED_FACE('',(#1165),#1176,.T.);
#1165 = FACE_BOUND('',#1166,.T.);
#1166 = EDGE_LOOP('',(#1167,#1168,#1169,#1170));
#1167 = ORIENTED_EDGE('',*,*,#1028,.F.);
#1168 = ORIENTED_EDGE('',*,*,#1102,.T.);
#1169 = ORIENTED_EDGE('',*,*,#1119,.T.);
#1170 = ORIENTED_EDGE('',*,*,#1171,.F.);
#1171 = EDGE_CURVE('',#1029,#1120,#1172,.T.);
#1172 = LINE('',#1173,#1174);
#1173 = CARTESIAN_POINT('',(0.385,5.E-02,4.1371677));
#1174 = VECTOR('',#1175,1.);
#1175 = DIRECTION('',(0.,-1.,0.));
#1176 = PLANE('',#1177);
#1177 = AXIS2_PLACEMENT_3D('',#1178,#1179,#1180);
#1178 = CARTESIAN_POINT('',(0.385,5.E-02,4.5));
#1179 = DIRECTION('',(1.,0.,0.));
#1180 = DIRECTION('',(0.,0.,-1.));
#1181 = ADVANCED_FACE('',(#1182),#1188,.T.);
#1182 = FACE_BOUND('',#1183,.T.);
#1183 = EDGE_LOOP('',(#1184,#1185,#1186,#1187));
#1184 = ORIENTED_EDGE('',*,*,#1036,.T.);
#1185 = ORIENTED_EDGE('',*,*,#1171,.T.);
#1186 = ORIENTED_EDGE('',*,*,#1127,.F.);
#1187 = ORIENTED_EDGE('',*,*,#1152,.F.);
#1188 = CYLINDRICAL_SURFACE('',#1189,0.1321677);
#1189 = AXIS2_PLACEMENT_3D('',#1190,#1191,#1192);
#1190 = CARTESIAN_POINT('',(0.2528323,5.E-02,4.1371677));
#1191 = DIRECTION('',(0.,-1.,0.));
#1192 = DIRECTION('',(0.,0.,-1.));
#1193 = ( GEOMETRIC_REPRESENTATION_CONTEXT(3) 
GLOBAL_UNCERTAINTY_ASSIGNED_CONTEXT((#1197)) 
GLOBAL_UNIT_ASSIGNED_CONTEXT((#1194,#1195,#1196)) REPRESENTATION_CONTEXT
('Context #1','3D Context with UNIT and UNCERTAINTY') );
#1194 = ( LENGTH_UNIT() NAMED_UNIT(*) SI_UNIT(.MILLI.,.METRE.) );
#1195 = ( NAMED_UNIT(*) PLANE_ANGLE_UNIT() SI_UNIT($,.RADIAN.) );
#1196 = ( NAMED_UNIT(*) SI_UNIT($,.STERADIAN.) SOLID_ANGLE_UNIT() );
#1197 = UNCERTAINTY_MEASURE_WITH_UNIT(LENGTH_MEASURE(1.E-07),#1194,
  'distance_accuracy_value','confusion accuracy');
#1198 = CONTEXT_DEPENDENT_SHAPE_REPRESENTATION(#1199,#1201);
#1199 = ( REPRESENTATION_RELATIONSHIP('','',#972,#10) 
REPRESENTATION_RELATIONSHIP_WITH_TRANSFORMATION(#1200) 
SHAPE_REPRESENTATION_RELATIONSHIP() );
#1200 = ITEM_DEFINED_TRANSFORMATION('','',#11,#31);
#1201 = PRODUCT_DEFINITION_SHAPE('Placement','Placement of an item',
  #1202);
#1202 = NEXT_ASSEMBLY_USAGE_OCCURRENCE('4059','Pad_20_1','',#5,#967,$);
#1203 = PRODUCT_RELATED_PRODUCT_CATEGORY('part',$,(#969));
#1204 = SHAPE_DEFINITION_REPRESENTATION(#1205,#1211);
#1205 = PRODUCT_DEFINITION_SHAPE('','',#1206);
#1206 = PRODUCT_DEFINITION('design','',#1207,#1210);
#1207 = PRODUCT_DEFINITION_FORMATION('','',#1208);
#1208 = PRODUCT('Pad_21_1','Pad_21_1','',(#1209));
#1209 = PRODUCT_CONTEXT('',#2,'mechanical');
#1210 = PRODUCT_DEFINITION_CONTEXT('part definition',#2,'design');
#1211 = ADVANCED_BREP_SHAPE_REPRESENTATION('',(#11,#1212),#1432);
#1212 = MANIFOLD_SOLID_BREP('',#1213);
#1213 = CLOSED_SHELL('',(#1214,#1254,#1303,#1328,#1352,#1386,#1403,#1420
    ));
#1214 = ADVANCED_FACE('',(#1215),#1249,.T.);
#1215 = FACE_BOUND('',#1216,.T.);
#1216 = EDGE_LOOP('',(#1217,#1227,#1235,#1243));
#1217 = ORIENTED_EDGE('',*,*,#1218,.F.);
#1218 = EDGE_CURVE('',#1219,#1221,#1223,.T.);
#1219 = VERTEX_POINT('',#1220);
#1220 = CARTESIAN_POINT('',(0.615,5.E-02,4.1371677));
#1221 = VERTEX_POINT('',#1222);
#1222 = CARTESIAN_POINT('',(0.615,5.E-02,4.5));
#1223 = LINE('',#1224,#1225);
#1224 = CARTESIAN_POINT('',(0.615,5.E-02,4.005));
#1225 = VECTOR('',#1226,1.);
#1226 = DIRECTION('',(0.,0.,1.));
#1227 = ORIENTED_EDGE('',*,*,#1228,.T.);
#1228 = EDGE_CURVE('',#1219,#1229,#1231,.T.);
#1229 = VERTEX_POINT('',#1230);
#1230 = CARTESIAN_POINT('',(0.615,0.,4.1371677));
#1231 = LINE('',#1232,#1233);
#1232 = CARTESIAN_POINT('',(0.615,5.E-02,4.1371677));
#1233 = VECTOR('',#1234,1.);
#1234 = DIRECTION('',(0.,-1.,0.));
#1235 = ORIENTED_EDGE('',*,*,#1236,.T.);
#1236 = EDGE_CURVE('',#1229,#1237,#1239,.T.);
#1237 = VERTEX_POINT('',#1238);
#1238 = CARTESIAN_POINT('',(0.615,0.,4.5));
#1239 = LINE('',#1240,#1241);
#1240 = CARTESIAN_POINT('',(0.615,0.,4.005));
#1241 = VECTOR('',#1242,1.);
#1242 = DIRECTION('',(0.,0.,1.));
#1243 = ORIENTED_EDGE('',*,*,#1244,.F.);
#1244 = EDGE_CURVE('',#1221,#1237,#1245,.T.);
#1245 = LINE('',#1246,#1247);
#1246 = CARTESIAN_POINT('',(0.615,5.E-02,4.5));
#1247 = VECTOR('',#1248,1.);
#1248 = DIRECTION('',(0.,-1.,0.));
#1249 = PLANE('',#1250);
#1250 = AXIS2_PLACEMENT_3D('',#1251,#1252,#1253);
#1251 = CARTESIAN_POINT('',(0.615,5.E-02,4.005));
#1252 = DIRECTION('',(-1.,0.,0.));
#1253 = DIRECTION('',(0.,0.,1.));
#1254 = ADVANCED_FACE('',(#1255),#1298,.T.);
#1255 = FACE_BOUND('',#1256,.T.);
#1256 = EDGE_LOOP('',(#1257,#1258,#1266,#1274,#1283,#1291));
#1257 = ORIENTED_EDGE('',*,*,#1218,.T.);
#1258 = ORIENTED_EDGE('',*,*,#1259,.T.);
#1259 = EDGE_CURVE('',#1221,#1260,#1262,.T.);
#1260 = VERTEX_POINT('',#1261);
#1261 = CARTESIAN_POINT('',(0.885,5.E-02,4.5));
#1262 = LINE('',#1263,#1264);
#1263 = CARTESIAN_POINT('',(-1.75,5.E-02,4.5));
#1264 = VECTOR('',#1265,1.);
#1265 = DIRECTION('',(1.,0.,0.));
#1266 = ORIENTED_EDGE('',*,*,#1267,.T.);
#1267 = EDGE_CURVE('',#1260,#1268,#1270,.T.);
#1268 = VERTEX_POINT('',#1269);
#1269 = CARTESIAN_POINT('',(0.885,5.E-02,4.1371677));
#1270 = LINE('',#1271,#1272);
#1271 = CARTESIAN_POINT('',(0.885,5.E-02,4.865));
#1272 = VECTOR('',#1273,1.);
#1273 = DIRECTION('',(0.,0.,-1.));
#1274 = ORIENTED_EDGE('',*,*,#1275,.F.);
#1275 = EDGE_CURVE('',#1276,#1268,#1278,.T.);
#1276 = VERTEX_POINT('',#1277);
#1277 = CARTESIAN_POINT('',(0.7528323,5.E-02,4.005));
#1278 = CIRCLE('',#1279,0.1321677);
#1279 = AXIS2_PLACEMENT_3D('',#1280,#1281,#1282);
#1280 = CARTESIAN_POINT('',(0.7528323,5.E-02,4.1371677));
#1281 = DIRECTION('',(0.,-1.,0.));
#1282 = DIRECTION('',(0.,-0.,-1.));
#1283 = ORIENTED_EDGE('',*,*,#1284,.T.);
#1284 = EDGE_CURVE('',#1276,#1285,#1287,.T.);
#1285 = VERTEX_POINT('',#1286);
#1286 = CARTESIAN_POINT('',(0.7471677,5.E-02,4.005));
#1287 = LINE('',#1288,#1289);
#1288 = CARTESIAN_POINT('',(0.885,5.E-02,4.005));
#1289 = VECTOR('',#1290,1.);
#1290 = DIRECTION('',(-1.,0.,0.));
#1291 = ORIENTED_EDGE('',*,*,#1292,.F.);
#1292 = EDGE_CURVE('',#1219,#1285,#1293,.T.);
#1293 = CIRCLE('',#1294,0.1321677);
#1294 = AXIS2_PLACEMENT_3D('',#1295,#1296,#1297);
#1295 = CARTESIAN_POINT('',(0.7471677,5.E-02,4.1371677));
#1296 = DIRECTION('',(0.,-1.,0.));
#1297 = DIRECTION('',(0.,-0.,-1.));
#1298 = PLANE('',#1299);
#1299 = AXIS2_PLACEMENT_3D('',#1300,#1301,#1302);
#1300 = CARTESIAN_POINT('',(0.75,5.E-02,4.435));
#1301 = DIRECTION('',(0.,1.,0.));
#1302 = DIRECTION('',(0.,0.,1.));
#1303 = ADVANCED_FACE('',(#1304),#1323,.T.);
#1304 = FACE_BOUND('',#1305,.T.);
#1305 = EDGE_LOOP('',(#1306,#1307,#1315,#1322));
#1306 = ORIENTED_EDGE('',*,*,#1292,.T.);
#1307 = ORIENTED_EDGE('',*,*,#1308,.T.);
#1308 = EDGE_CURVE('',#1285,#1309,#1311,.T.);
#1309 = VERTEX_POINT('',#1310);
#1310 = CARTESIAN_POINT('',(0.7471677,0.,4.005));
#1311 = LINE('',#1312,#1313);
#1312 = CARTESIAN_POINT('',(0.7471677,5.E-02,4.005));
#1313 = VECTOR('',#1314,1.);
#1314 = DIRECTION('',(0.,-1.,0.));
#1315 = ORIENTED_EDGE('',*,*,#1316,.F.);
#1316 = EDGE_CURVE('',#1229,#1309,#1317,.T.);
#1317 = CIRCLE('',#1318,0.1321677);
#1318 = AXIS2_PLACEMENT_3D('',#1319,#1320,#1321);
#1319 = CARTESIAN_POINT('',(0.7471677,1.387778780781E-17,4.1371677));
#1320 = DIRECTION('',(0.,-1.,0.));
#1321 = DIRECTION('',(0.,-0.,-1.));
#1322 = ORIENTED_EDGE('',*,*,#1228,.F.);
#1323 = CYLINDRICAL_SURFACE('',#1324,0.1321677);
#1324 = AXIS2_PLACEMENT_3D('',#1325,#1326,#1327);
#1325 = CARTESIAN_POINT('',(0.7471677,5.E-02,4.1371677));
#1326 = DIRECTION('',(0.,-1.,0.));
#1327 = DIRECTION('',(-1.,0.,0.));
#1328 = ADVANCED_FACE('',(#1329),#1347,.T.);
#1329 = FACE_BOUND('',#1330,.T.);
#1330 = EDGE_LOOP('',(#1331,#1332,#1340,#1346));
#1331 = ORIENTED_EDGE('',*,*,#1244,.T.);
#1332 = ORIENTED_EDGE('',*,*,#1333,.T.);
#1333 = EDGE_CURVE('',#1237,#1334,#1336,.T.);
#1334 = VERTEX_POINT('',#1335);
#1335 = CARTESIAN_POINT('',(0.885,0.,4.5));
#1336 = LINE('',#1337,#1338);
#1337 = CARTESIAN_POINT('',(-1.75,0.,4.5));
#1338 = VECTOR('',#1339,1.);
#1339 = DIRECTION('',(1.,0.,0.));
#1340 = ORIENTED_EDGE('',*,*,#1341,.F.);
#1341 = EDGE_CURVE('',#1260,#1334,#1342,.T.);
#1342 = LINE('',#1343,#1344);
#1343 = CARTESIAN_POINT('',(0.885,5.E-02,4.5));
#1344 = VECTOR('',#1345,1.);
#1345 = DIRECTION('',(0.,-1.,0.));
#1346 = ORIENTED_EDGE('',*,*,#1259,.F.);
#1347 = PLANE('',#1348);
#1348 = AXIS2_PLACEMENT_3D('',#1349,#1350,#1351);
#1349 = CARTESIAN_POINT('',(0.615,5.E-02,4.5));
#1350 = DIRECTION('',(0.,0.,1.));
#1351 = DIRECTION('',(1.,0.,0.));
#1352 = ADVANCED_FACE('',(#1353),#1381,.F.);
#1353 = FACE_BOUND('',#1354,.F.);
#1354 = EDGE_LOOP('',(#1355,#1356,#1357,#1365,#1374,#1380));
#1355 = ORIENTED_EDGE('',*,*,#1236,.T.);
#1356 = ORIENTED_EDGE('',*,*,#1333,.T.);
#1357 = ORIENTED_EDGE('',*,*,#1358,.T.);
#1358 = EDGE_CURVE('',#1334,#1359,#1361,.T.);
#1359 = VERTEX_POINT('',#1360);
#1360 = CARTESIAN_POINT('',(0.885,0.,4.1371677));
#1361 = LINE('',#1362,#1363);
#1362 = CARTESIAN_POINT('',(0.885,0.,4.865));
#1363 = VECTOR('',#1364,1.);
#1364 = DIRECTION('',(0.,0.,-1.));
#1365 = ORIENTED_EDGE('',*,*,#1366,.F.);
#1366 = EDGE_CURVE('',#1367,#1359,#1369,.T.);
#1367 = VERTEX_POINT('',#1368);
#1368 = CARTESIAN_POINT('',(0.7528323,0.,4.005));
#1369 = CIRCLE('',#1370,0.1321677);
#1370 = AXIS2_PLACEMENT_3D('',#1371,#1372,#1373);
#1371 = CARTESIAN_POINT('',(0.7528323,1.387778780781E-17,4.1371677));
#1372 = DIRECTION('',(0.,-1.,0.));
#1373 = DIRECTION('',(0.,-0.,-1.));
#1374 = ORIENTED_EDGE('',*,*,#1375,.T.);
#1375 = EDGE_CURVE('',#1367,#1309,#1376,.T.);
#1376 = LINE('',#1377,#1378);
#1377 = CARTESIAN_POINT('',(0.885,0.,4.005));
#1378 = VECTOR('',#1379,1.);
#1379 = DIRECTION('',(-1.,0.,0.));
#1380 = ORIENTED_EDGE('',*,*,#1316,.F.);
#1381 = PLANE('',#1382);
#1382 = AXIS2_PLACEMENT_3D('',#1383,#1384,#1385);
#1383 = CARTESIAN_POINT('',(0.75,1.387778780781E-17,4.435));
#1384 = DIRECTION('',(0.,1.,0.));
#1385 = DIRECTION('',(0.,0.,1.));
#1386 = ADVANCED_FACE('',(#1387),#1398,.T.);
#1387 = FACE_BOUND('',#1388,.T.);
#1388 = EDGE_LOOP('',(#1389,#1390,#1396,#1397));
#1389 = ORIENTED_EDGE('',*,*,#1284,.F.);
#1390 = ORIENTED_EDGE('',*,*,#1391,.T.);
#1391 = EDGE_CURVE('',#1276,#1367,#1392,.T.);
#1392 = LINE('',#1393,#1394);
#1393 = CARTESIAN_POINT('',(0.7528323,5.E-02,4.005));
#1394 = VECTOR('',#1395,1.);
#1395 = DIRECTION('',(0.,-1.,0.));
#1396 = ORIENTED_EDGE('',*,*,#1375,.T.);
#1397 = ORIENTED_EDGE('',*,*,#1308,.F.);
#1398 = PLANE('',#1399);
#1399 = AXIS2_PLACEMENT_3D('',#1400,#1401,#1402);
#1400 = CARTESIAN_POINT('',(0.885,5.E-02,4.005));
#1401 = DIRECTION('',(-0.,-0.,-1.));
#1402 = DIRECTION('',(-1.,0.,0.));
#1403 = ADVANCED_FACE('',(#1404),#1415,.T.);
#1404 = FACE_BOUND('',#1405,.T.);
#1405 = EDGE_LOOP('',(#1406,#1407,#1408,#1409));
#1406 = ORIENTED_EDGE('',*,*,#1267,.F.);
#1407 = ORIENTED_EDGE('',*,*,#1341,.T.);
#1408 = ORIENTED_EDGE('',*,*,#1358,.T.);
#1409 = ORIENTED_EDGE('',*,*,#1410,.F.);
#1410 = EDGE_CURVE('',#1268,#1359,#1411,.T.);
#1411 = LINE('',#1412,#1413);
#1412 = CARTESIAN_POINT('',(0.885,5.E-02,4.1371677));
#1413 = VECTOR('',#1414,1.);
#1414 = DIRECTION('',(0.,-1.,0.));
#1415 = PLANE('',#1416);
#1416 = AXIS2_PLACEMENT_3D('',#1417,#1418,#1419);
#1417 = CARTESIAN_POINT('',(0.885,5.E-02,4.5));
#1418 = DIRECTION('',(1.,0.,0.));
#1419 = DIRECTION('',(0.,0.,-1.));
#1420 = ADVANCED_FACE('',(#1421),#1427,.T.);
#1421 = FACE_BOUND('',#1422,.T.);
#1422 = EDGE_LOOP('',(#1423,#1424,#1425,#1426));
#1423 = ORIENTED_EDGE('',*,*,#1275,.T.);
#1424 = ORIENTED_EDGE('',*,*,#1410,.T.);
#1425 = ORIENTED_EDGE('',*,*,#1366,.F.);
#1426 = ORIENTED_EDGE('',*,*,#1391,.F.);
#1427 = CYLINDRICAL_SURFACE('',#1428,0.1321677);
#1428 = AXIS2_PLACEMENT_3D('',#1429,#1430,#1431);
#1429 = CARTESIAN_POINT('',(0.7528323,5.E-02,4.1371677));
#1430 = DIRECTION('',(0.,-1.,0.));
#1431 = DIRECTION('',(0.,0.,-1.));
#1432 = ( GEOMETRIC_REPRESENTATION_CONTEXT(3) 
GLOBAL_UNCERTAINTY_ASSIGNED_CONTEXT((#1436)) 
GLOBAL_UNIT_ASSIGNED_CONTEXT((#1433,#1434,#1435)) REPRESENTATION_CONTEXT
('Context #1','3D Context with UNIT and UNCERTAINTY') );
#1433 = ( LENGTH_UNIT() NAMED_UNIT(*) SI_UNIT(.MILLI.,.METRE.) );
#1434 = ( NAMED_UNIT(*) PLANE_ANGLE_UNIT() SI_UNIT($,.RADIAN.) );
#1435 = ( NAMED_UNIT(*) SI_UNIT($,.STERADIAN.) SOLID_ANGLE_UNIT() );
#1436 = UNCERTAINTY_MEASURE_WITH_UNIT(LENGTH_MEASURE(1.E-07),#1433,
  'distance_accuracy_value','confusion accuracy');
#1437 = CONTEXT_DEPENDENT_SHAPE_REPRESENTATION(#1438,#1440);
#1438 = ( REPRESENTATION_RELATIONSHIP('','',#1211,#10) 
REPRESENTATION_RELATIONSHIP_WITH_TRANSFORMATION(#1439) 
SHAPE_REPRESENTATION_RELATIONSHIP() );
#1439 = ITEM_DEFINED_TRANSFORMATION('','',#11,#35);
#1440 = PRODUCT_DEFINITION_SHAPE('Placement','Placement of an item',
  #1441);
#1441 = NEXT_ASSEMBLY_USAGE_OCCURRENCE('4060','Pad_21_1','',#5,#1206,$);
#1442 = PRODUCT_RELATED_PRODUCT_CATEGORY('part',$,(#1208));
#1443 = SHAPE_DEFINITION_REPRESENTATION(#1444,#1450);
#1444 = PRODUCT_DEFINITION_SHAPE('','',#1445);
#1445 = PRODUCT_DEFINITION('design','',#1446,#1449);
#1446 = PRODUCT_DEFINITION_FORMATION('','',#1447);
#1447 = PRODUCT('Pad_39_1','Pad_39_1','',(#1448));
#1448 = PRODUCT_CONTEXT('',#2,'mechanical');
#1449 = PRODUCT_DEFINITION_CONTEXT('part definition',#2,'design');
#1450 = ADVANCED_BREP_SHAPE_REPRESENTATION('',(#11,#1451),#1671);
#1451 = MANIFOLD_SOLID_BREP('',#1452);
#1452 = CLOSED_SHELL('',(#1453,#1493,#1542,#1567,#1591,#1625,#1642,#1659
    ));
#1453 = ADVANCED_FACE('',(#1454),#1488,.T.);
#1454 = FACE_BOUND('',#1455,.T.);
#1455 = EDGE_LOOP('',(#1456,#1466,#1474,#1482));
#1456 = ORIENTED_EDGE('',*,*,#1457,.F.);
#1457 = EDGE_CURVE('',#1458,#1460,#1462,.T.);
#1458 = VERTEX_POINT('',#1459);
#1459 = CARTESIAN_POINT('',(0.615,5.E-02,-4.5));
#1460 = VERTEX_POINT('',#1461);
#1461 = CARTESIAN_POINT('',(0.615,5.E-02,-4.1371677));
#1462 = LINE('',#1463,#1464);
#1463 = CARTESIAN_POINT('',(0.615,5.E-02,-4.865));
#1464 = VECTOR('',#1465,1.);
#1465 = DIRECTION('',(0.,0.,1.));
#1466 = ORIENTED_EDGE('',*,*,#1467,.T.);
#1467 = EDGE_CURVE('',#1458,#1468,#1470,.T.);
#1468 = VERTEX_POINT('',#1469);
#1469 = CARTESIAN_POINT('',(0.615,0.,-4.5));
#1470 = LINE('',#1471,#1472);
#1471 = CARTESIAN_POINT('',(0.615,5.E-02,-4.5));
#1472 = VECTOR('',#1473,1.);
#1473 = DIRECTION('',(0.,-1.,0.));
#1474 = ORIENTED_EDGE('',*,*,#1475,.T.);
#1475 = EDGE_CURVE('',#1468,#1476,#1478,.T.);
#1476 = VERTEX_POINT('',#1477);
#1477 = CARTESIAN_POINT('',(0.615,0.,-4.1371677));
#1478 = LINE('',#1479,#1480);
#1479 = CARTESIAN_POINT('',(0.615,0.,-4.865));
#1480 = VECTOR('',#1481,1.);
#1481 = DIRECTION('',(0.,0.,1.));
#1482 = ORIENTED_EDGE('',*,*,#1483,.F.);
#1483 = EDGE_CURVE('',#1460,#1476,#1484,.T.);
#1484 = LINE('',#1485,#1486);
#1485 = CARTESIAN_POINT('',(0.615,5.E-02,-4.1371677));
#1486 = VECTOR('',#1487,1.);
#1487 = DIRECTION('',(0.,-1.,0.));
#1488 = PLANE('',#1489);
#1489 = AXIS2_PLACEMENT_3D('',#1490,#1491,#1492);
#1490 = CARTESIAN_POINT('',(0.615,5.E-02,-4.5));
#1491 = DIRECTION('',(-1.,0.,0.));
#1492 = DIRECTION('',(0.,0.,1.));
#1493 = ADVANCED_FACE('',(#1494),#1537,.T.);
#1494 = FACE_BOUND('',#1495,.T.);
#1495 = EDGE_LOOP('',(#1496,#1497,#1506,#1514,#1523,#1531));
#1496 = ORIENTED_EDGE('',*,*,#1457,.T.);
#1497 = ORIENTED_EDGE('',*,*,#1498,.T.);
#1498 = EDGE_CURVE('',#1460,#1499,#1501,.T.);
#1499 = VERTEX_POINT('',#1500);
#1500 = CARTESIAN_POINT('',(0.7471677,5.E-02,-4.005));
#1501 = CIRCLE('',#1502,0.1321677);
#1502 = AXIS2_PLACEMENT_3D('',#1503,#1504,#1505);
#1503 = CARTESIAN_POINT('',(0.7471677,5.E-02,-4.1371677));
#1504 = DIRECTION('',(-0.,1.,0.));
#1505 = DIRECTION('',(0.,0.,-1.));
#1506 = ORIENTED_EDGE('',*,*,#1507,.T.);
#1507 = EDGE_CURVE('',#1499,#1508,#1510,.T.);
#1508 = VERTEX_POINT('',#1509);
#1509 = CARTESIAN_POINT('',(0.7528323,5.E-02,-4.005));
#1510 = LINE('',#1511,#1512);
#1511 = CARTESIAN_POINT('',(0.615,5.E-02,-4.005));
#1512 = VECTOR('',#1513,1.);
#1513 = DIRECTION('',(1.,0.,0.));
#1514 = ORIENTED_EDGE('',*,*,#1515,.F.);
#1515 = EDGE_CURVE('',#1516,#1508,#1518,.T.);
#1516 = VERTEX_POINT('',#1517);
#1517 = CARTESIAN_POINT('',(0.885,5.E-02,-4.1371677));
#1518 = CIRCLE('',#1519,0.1321677);
#1519 = AXIS2_PLACEMENT_3D('',#1520,#1521,#1522);
#1520 = CARTESIAN_POINT('',(0.7528323,5.E-02,-4.1371677));
#1521 = DIRECTION('',(0.,-1.,0.));
#1522 = DIRECTION('',(0.,-0.,-1.));
#1523 = ORIENTED_EDGE('',*,*,#1524,.T.);
#1524 = EDGE_CURVE('',#1516,#1525,#1527,.T.);
#1525 = VERTEX_POINT('',#1526);
#1526 = CARTESIAN_POINT('',(0.885,5.E-02,-4.5));
#1527 = LINE('',#1528,#1529);
#1528 = CARTESIAN_POINT('',(0.885,5.E-02,-4.005));
#1529 = VECTOR('',#1530,1.);
#1530 = DIRECTION('',(0.,0.,-1.));
#1531 = ORIENTED_EDGE('',*,*,#1532,.T.);
#1532 = EDGE_CURVE('',#1525,#1458,#1533,.T.);
#1533 = LINE('',#1534,#1535);
#1534 = CARTESIAN_POINT('',(1.75,5.E-02,-4.5));
#1535 = VECTOR('',#1536,1.);
#1536 = DIRECTION('',(-1.,0.,0.));
#1537 = PLANE('',#1538);
#1538 = AXIS2_PLACEMENT_3D('',#1539,#1540,#1541);
#1539 = CARTESIAN_POINT('',(0.75,5.E-02,-4.435));
#1540 = DIRECTION('',(0.,1.,0.));
#1541 = DIRECTION('',(0.,0.,1.));
#1542 = ADVANCED_FACE('',(#1543),#1562,.T.);
#1543 = FACE_BOUND('',#1544,.F.);
#1544 = EDGE_LOOP('',(#1545,#1546,#1554,#1561));
#1545 = ORIENTED_EDGE('',*,*,#1498,.T.);
#1546 = ORIENTED_EDGE('',*,*,#1547,.T.);
#1547 = EDGE_CURVE('',#1499,#1548,#1550,.T.);
#1548 = VERTEX_POINT('',#1549);
#1549 = CARTESIAN_POINT('',(0.7471677,0.,-4.005));
#1550 = LINE('',#1551,#1552);
#1551 = CARTESIAN_POINT('',(0.7471677,5.E-02,-4.005));
#1552 = VECTOR('',#1553,1.);
#1553 = DIRECTION('',(0.,-1.,0.));
#1554 = ORIENTED_EDGE('',*,*,#1555,.F.);
#1555 = EDGE_CURVE('',#1476,#1548,#1556,.T.);
#1556 = CIRCLE('',#1557,0.1321677);
#1557 = AXIS2_PLACEMENT_3D('',#1558,#1559,#1560);
#1558 = CARTESIAN_POINT('',(0.7471677,1.387778780781E-17,-4.1371677));
#1559 = DIRECTION('',(-0.,1.,0.));
#1560 = DIRECTION('',(0.,0.,-1.));
#1561 = ORIENTED_EDGE('',*,*,#1483,.F.);
#1562 = CYLINDRICAL_SURFACE('',#1563,0.1321677);
#1563 = AXIS2_PLACEMENT_3D('',#1564,#1565,#1566);
#1564 = CARTESIAN_POINT('',(0.7471677,5.E-02,-4.1371677));
#1565 = DIRECTION('',(0.,-1.,0.));
#1566 = DIRECTION('',(-1.,0.,0.));
#1567 = ADVANCED_FACE('',(#1568),#1586,.T.);
#1568 = FACE_BOUND('',#1569,.T.);
#1569 = EDGE_LOOP('',(#1570,#1578,#1584,#1585));
#1570 = ORIENTED_EDGE('',*,*,#1571,.T.);
#1571 = EDGE_CURVE('',#1525,#1572,#1574,.T.);
#1572 = VERTEX_POINT('',#1573);
#1573 = CARTESIAN_POINT('',(0.885,0.,-4.5));
#1574 = LINE('',#1575,#1576);
#1575 = CARTESIAN_POINT('',(0.885,5.E-02,-4.5));
#1576 = VECTOR('',#1577,1.);
#1577 = DIRECTION('',(0.,-1.,0.));
#1578 = ORIENTED_EDGE('',*,*,#1579,.T.);
#1579 = EDGE_CURVE('',#1572,#1468,#1580,.T.);
#1580 = LINE('',#1581,#1582);
#1581 = CARTESIAN_POINT('',(1.75,0.,-4.5));
#1582 = VECTOR('',#1583,1.);
#1583 = DIRECTION('',(-1.,0.,0.));
#1584 = ORIENTED_EDGE('',*,*,#1467,.F.);
#1585 = ORIENTED_EDGE('',*,*,#1532,.F.);
#1586 = PLANE('',#1587);
#1587 = AXIS2_PLACEMENT_3D('',#1588,#1589,#1590);
#1588 = CARTESIAN_POINT('',(0.885,5.E-02,-4.5));
#1589 = DIRECTION('',(-0.,-0.,-1.));
#1590 = DIRECTION('',(-1.,0.,0.));
#1591 = ADVANCED_FACE('',(#1592),#1620,.F.);
#1592 = FACE_BOUND('',#1593,.F.);
#1593 = EDGE_LOOP('',(#1594,#1595,#1596,#1604,#1613,#1619));
#1594 = ORIENTED_EDGE('',*,*,#1475,.T.);
#1595 = ORIENTED_EDGE('',*,*,#1555,.T.);
#1596 = ORIENTED_EDGE('',*,*,#1597,.T.);
#1597 = EDGE_CURVE('',#1548,#1598,#1600,.T.);
#1598 = VERTEX_POINT('',#1599);
#1599 = CARTESIAN_POINT('',(0.7528323,0.,-4.005));
#1600 = LINE('',#1601,#1602);
#1601 = CARTESIAN_POINT('',(0.615,0.,-4.005));
#1602 = VECTOR('',#1603,1.);
#1603 = DIRECTION('',(1.,0.,0.));
#1604 = ORIENTED_EDGE('',*,*,#1605,.F.);
#1605 = EDGE_CURVE('',#1606,#1598,#1608,.T.);
#1606 = VERTEX_POINT('',#1607);
#1607 = CARTESIAN_POINT('',(0.885,0.,-4.1371677));
#1608 = CIRCLE('',#1609,0.1321677);
#1609 = AXIS2_PLACEMENT_3D('',#1610,#1611,#1612);
#1610 = CARTESIAN_POINT('',(0.7528323,1.387778780781E-17,-4.1371677));
#1611 = DIRECTION('',(0.,-1.,0.));
#1612 = DIRECTION('',(0.,-0.,-1.));
#1613 = ORIENTED_EDGE('',*,*,#1614,.T.);
#1614 = EDGE_CURVE('',#1606,#1572,#1615,.T.);
#1615 = LINE('',#1616,#1617);
#1616 = CARTESIAN_POINT('',(0.885,0.,-4.005));
#1617 = VECTOR('',#1618,1.);
#1618 = DIRECTION('',(0.,0.,-1.));
#1619 = ORIENTED_EDGE('',*,*,#1579,.T.);
#1620 = PLANE('',#1621);
#1621 = AXIS2_PLACEMENT_3D('',#1622,#1623,#1624);
#1622 = CARTESIAN_POINT('',(0.75,1.387778780781E-17,-4.435));
#1623 = DIRECTION('',(0.,1.,0.));
#1624 = DIRECTION('',(0.,0.,1.));
#1625 = ADVANCED_FACE('',(#1626),#1637,.T.);
#1626 = FACE_BOUND('',#1627,.T.);
#1627 = EDGE_LOOP('',(#1628,#1629,#1630,#1631));
#1628 = ORIENTED_EDGE('',*,*,#1507,.F.);
#1629 = ORIENTED_EDGE('',*,*,#1547,.T.);
#1630 = ORIENTED_EDGE('',*,*,#1597,.T.);
#1631 = ORIENTED_EDGE('',*,*,#1632,.F.);
#1632 = EDGE_CURVE('',#1508,#1598,#1633,.T.);
#1633 = LINE('',#1634,#1635);
#1634 = CARTESIAN_POINT('',(0.7528323,5.E-02,-4.005));
#1635 = VECTOR('',#1636,1.);
#1636 = DIRECTION('',(0.,-1.,0.));
#1637 = PLANE('',#1638);
#1638 = AXIS2_PLACEMENT_3D('',#1639,#1640,#1641);
#1639 = CARTESIAN_POINT('',(0.615,5.E-02,-4.005));
#1640 = DIRECTION('',(0.,0.,1.));
#1641 = DIRECTION('',(1.,0.,0.));
#1642 = ADVANCED_FACE('',(#1643),#1654,.T.);
#1643 = FACE_BOUND('',#1644,.T.);
#1644 = EDGE_LOOP('',(#1645,#1646,#1652,#1653));
#1645 = ORIENTED_EDGE('',*,*,#1524,.F.);
#1646 = ORIENTED_EDGE('',*,*,#1647,.T.);
#1647 = EDGE_CURVE('',#1516,#1606,#1648,.T.);
#1648 = LINE('',#1649,#1650);
#1649 = CARTESIAN_POINT('',(0.885,5.E-02,-4.1371677));
#1650 = VECTOR('',#1651,1.);
#1651 = DIRECTION('',(0.,-1.,0.));
#1652 = ORIENTED_EDGE('',*,*,#1614,.T.);
#1653 = ORIENTED_EDGE('',*,*,#1571,.F.);
#1654 = PLANE('',#1655);
#1655 = AXIS2_PLACEMENT_3D('',#1656,#1657,#1658);
#1656 = CARTESIAN_POINT('',(0.885,5.E-02,-4.005));
#1657 = DIRECTION('',(1.,0.,0.));
#1658 = DIRECTION('',(0.,0.,-1.));
#1659 = ADVANCED_FACE('',(#1660),#1666,.T.);
#1660 = FACE_BOUND('',#1661,.T.);
#1661 = EDGE_LOOP('',(#1662,#1663,#1664,#1665));
#1662 = ORIENTED_EDGE('',*,*,#1515,.T.);
#1663 = ORIENTED_EDGE('',*,*,#1632,.T.);
#1664 = ORIENTED_EDGE('',*,*,#1605,.F.);
#1665 = ORIENTED_EDGE('',*,*,#1647,.F.);
#1666 = CYLINDRICAL_SURFACE('',#1667,0.1321677);
#1667 = AXIS2_PLACEMENT_3D('',#1668,#1669,#1670);
#1668 = CARTESIAN_POINT('',(0.7528323,5.E-02,-4.1371677));
#1669 = DIRECTION('',(0.,-1.,0.));
#1670 = DIRECTION('',(1.,0.,0.));
#1671 = ( GEOMETRIC_REPRESENTATION_CONTEXT(3) 
GLOBAL_UNCERTAINTY_ASSIGNED_CONTEXT((#1675)) 
GLOBAL_UNIT_ASSIGNED_CONTEXT((#1672,#1673,#1674)) REPRESENTATION_CONTEXT
('Context #1','3D Context with UNIT and UNCERTAINTY') );
#1672 = ( LENGTH_UNIT() NAMED_UNIT(*) SI_UNIT(.MILLI.,.METRE.) );
#1673 = ( NAMED_UNIT(*) PLANE_ANGLE_UNIT() SI_UNIT($,.RADIAN.) );
#1674 = ( NAMED_UNIT(*) SI_UNIT($,.STERADIAN.) SOLID_ANGLE_UNIT() );
#1675 = UNCERTAINTY_MEASURE_WITH_UNIT(LENGTH_MEASURE(1.E-07),#1672,
  'distance_accuracy_value','confusion accuracy');
#1676 = CONTEXT_DEPENDENT_SHAPE_REPRESENTATION(#1677,#1679);
#1677 = ( REPRESENTATION_RELATIONSHIP('','',#1450,#10) 
REPRESENTATION_RELATIONSHIP_WITH_TRANSFORMATION(#1678) 
SHAPE_REPRESENTATION_RELATIONSHIP() );
#1678 = ITEM_DEFINED_TRANSFORMATION('','',#11,#39);
#1679 = PRODUCT_DEFINITION_SHAPE('Placement','Placement of an item',
  #1680);
#1680 = NEXT_ASSEMBLY_USAGE_OCCURRENCE('4061','Pad_39_1','',#5,#1445,$);
#1681 = PRODUCT_RELATED_PRODUCT_CATEGORY('part',$,(#1447));
#1682 = SHAPE_DEFINITION_REPRESENTATION(#1683,#1689);
#1683 = PRODUCT_DEFINITION_SHAPE('','',#1684);
#1684 = PRODUCT_DEFINITION('design','',#1685,#1688);
#1685 = PRODUCT_DEFINITION_FORMATION('','',#1686);
#1686 = PRODUCT('Pad_40_1','Pad_40_1','',(#1687));
#1687 = PRODUCT_CONTEXT('',#2,'mechanical');
#1688 = PRODUCT_DEFINITION_CONTEXT('part definition',#2,'design');
#1689 = ADVANCED_BREP_SHAPE_REPRESENTATION('',(#11,#1690),#1910);
#1690 = MANIFOLD_SOLID_BREP('',#1691);
#1691 = CLOSED_SHELL('',(#1692,#1732,#1781,#1806,#1830,#1864,#1881,#1898
    ));
#1692 = ADVANCED_FACE('',(#1693),#1727,.T.);
#1693 = FACE_BOUND('',#1694,.T.);
#1694 = EDGE_LOOP('',(#1695,#1705,#1713,#1721));
#1695 = ORIENTED_EDGE('',*,*,#1696,.F.);
#1696 = EDGE_CURVE('',#1697,#1699,#1701,.T.);
#1697 = VERTEX_POINT('',#1698);
#1698 = CARTESIAN_POINT('',(0.115,5.E-02,-4.5));
#1699 = VERTEX_POINT('',#1700);
#1700 = CARTESIAN_POINT('',(0.115,5.E-02,-4.1371677));
#1701 = LINE('',#1702,#1703);
#1702 = CARTESIAN_POINT('',(0.115,5.E-02,-4.865));
#1703 = VECTOR('',#1704,1.);
#1704 = DIRECTION('',(0.,0.,1.));
#1705 = ORIENTED_EDGE('',*,*,#1706,.T.);
#1706 = EDGE_CURVE('',#1697,#1707,#1709,.T.);
#1707 = VERTEX_POINT('',#1708);
#1708 = CARTESIAN_POINT('',(0.115,0.,-4.5));
#1709 = LINE('',#1710,#1711);
#1710 = CARTESIAN_POINT('',(0.115,5.E-02,-4.5));
#1711 = VECTOR('',#1712,1.);
#1712 = DIRECTION('',(0.,-1.,0.));
#1713 = ORIENTED_EDGE('',*,*,#1714,.T.);
#1714 = EDGE_CURVE('',#1707,#1715,#1717,.T.);
#1715 = VERTEX_POINT('',#1716);
#1716 = CARTESIAN_POINT('',(0.115,0.,-4.1371677));
#1717 = LINE('',#1718,#1719);
#1718 = CARTESIAN_POINT('',(0.115,0.,-4.865));
#1719 = VECTOR('',#1720,1.);
#1720 = DIRECTION('',(0.,0.,1.));
#1721 = ORIENTED_EDGE('',*,*,#1722,.F.);
#1722 = EDGE_CURVE('',#1699,#1715,#1723,.T.);
#1723 = LINE('',#1724,#1725);
#1724 = CARTESIAN_POINT('',(0.115,5.E-02,-4.1371677));
#1725 = VECTOR('',#1726,1.);
#1726 = DIRECTION('',(0.,-1.,0.));
#1727 = PLANE('',#1728);
#1728 = AXIS2_PLACEMENT_3D('',#1729,#1730,#1731);
#1729 = CARTESIAN_POINT('',(0.115,5.E-02,-4.5));
#1730 = DIRECTION('',(-1.,0.,0.));
#1731 = DIRECTION('',(0.,0.,1.));
#1732 = ADVANCED_FACE('',(#1733),#1776,.T.);
#1733 = FACE_BOUND('',#1734,.T.);
#1734 = EDGE_LOOP('',(#1735,#1736,#1745,#1753,#1762,#1770));
#1735 = ORIENTED_EDGE('',*,*,#1696,.T.);
#1736 = ORIENTED_EDGE('',*,*,#1737,.T.);
#1737 = EDGE_CURVE('',#1699,#1738,#1740,.T.);
#1738 = VERTEX_POINT('',#1739);
#1739 = CARTESIAN_POINT('',(0.2471677,5.E-02,-4.005));
#1740 = CIRCLE('',#1741,0.1321677);
#1741 = AXIS2_PLACEMENT_3D('',#1742,#1743,#1744);
#1742 = CARTESIAN_POINT('',(0.2471677,5.E-02,-4.1371677));
#1743 = DIRECTION('',(-0.,1.,0.));
#1744 = DIRECTION('',(0.,0.,-1.));
#1745 = ORIENTED_EDGE('',*,*,#1746,.T.);
#1746 = EDGE_CURVE('',#1738,#1747,#1749,.T.);
#1747 = VERTEX_POINT('',#1748);
#1748 = CARTESIAN_POINT('',(0.2528323,5.E-02,-4.005));
#1749 = LINE('',#1750,#1751);
#1750 = CARTESIAN_POINT('',(0.115,5.E-02,-4.005));
#1751 = VECTOR('',#1752,1.);
#1752 = DIRECTION('',(1.,0.,0.));
#1753 = ORIENTED_EDGE('',*,*,#1754,.F.);
#1754 = EDGE_CURVE('',#1755,#1747,#1757,.T.);
#1755 = VERTEX_POINT('',#1756);
#1756 = CARTESIAN_POINT('',(0.385,5.E-02,-4.1371677));
#1757 = CIRCLE('',#1758,0.1321677);
#1758 = AXIS2_PLACEMENT_3D('',#1759,#1760,#1761);
#1759 = CARTESIAN_POINT('',(0.2528323,5.E-02,-4.1371677));
#1760 = DIRECTION('',(0.,-1.,0.));
#1761 = DIRECTION('',(0.,-0.,-1.));
#1762 = ORIENTED_EDGE('',*,*,#1763,.T.);
#1763 = EDGE_CURVE('',#1755,#1764,#1766,.T.);
#1764 = VERTEX_POINT('',#1765);
#1765 = CARTESIAN_POINT('',(0.385,5.E-02,-4.5));
#1766 = LINE('',#1767,#1768);
#1767 = CARTESIAN_POINT('',(0.385,5.E-02,-4.005));
#1768 = VECTOR('',#1769,1.);
#1769 = DIRECTION('',(0.,0.,-1.));
#1770 = ORIENTED_EDGE('',*,*,#1771,.T.);
#1771 = EDGE_CURVE('',#1764,#1697,#1772,.T.);
#1772 = LINE('',#1773,#1774);
#1773 = CARTESIAN_POINT('',(1.75,5.E-02,-4.5));
#1774 = VECTOR('',#1775,1.);
#1775 = DIRECTION('',(-1.,0.,0.));
#1776 = PLANE('',#1777);
#1777 = AXIS2_PLACEMENT_3D('',#1778,#1779,#1780);
#1778 = CARTESIAN_POINT('',(0.25,5.E-02,-4.435));
#1779 = DIRECTION('',(0.,1.,0.));
#1780 = DIRECTION('',(0.,0.,1.));
#1781 = ADVANCED_FACE('',(#1782),#1801,.T.);
#1782 = FACE_BOUND('',#1783,.F.);
#1783 = EDGE_LOOP('',(#1784,#1785,#1793,#1800));
#1784 = ORIENTED_EDGE('',*,*,#1737,.T.);
#1785 = ORIENTED_EDGE('',*,*,#1786,.T.);
#1786 = EDGE_CURVE('',#1738,#1787,#1789,.T.);
#1787 = VERTEX_POINT('',#1788);
#1788 = CARTESIAN_POINT('',(0.2471677,0.,-4.005));
#1789 = LINE('',#1790,#1791);
#1790 = CARTESIAN_POINT('',(0.2471677,5.E-02,-4.005));
#1791 = VECTOR('',#1792,1.);
#1792 = DIRECTION('',(0.,-1.,0.));
#1793 = ORIENTED_EDGE('',*,*,#1794,.F.);
#1794 = EDGE_CURVE('',#1715,#1787,#1795,.T.);
#1795 = CIRCLE('',#1796,0.1321677);
#1796 = AXIS2_PLACEMENT_3D('',#1797,#1798,#1799);
#1797 = CARTESIAN_POINT('',(0.2471677,1.387778780781E-17,-4.1371677));
#1798 = DIRECTION('',(-0.,1.,0.));
#1799 = DIRECTION('',(0.,0.,-1.));
#1800 = ORIENTED_EDGE('',*,*,#1722,.F.);
#1801 = CYLINDRICAL_SURFACE('',#1802,0.1321677);
#1802 = AXIS2_PLACEMENT_3D('',#1803,#1804,#1805);
#1803 = CARTESIAN_POINT('',(0.2471677,5.E-02,-4.1371677));
#1804 = DIRECTION('',(0.,-1.,0.));
#1805 = DIRECTION('',(-1.,0.,0.));
#1806 = ADVANCED_FACE('',(#1807),#1825,.T.);
#1807 = FACE_BOUND('',#1808,.T.);
#1808 = EDGE_LOOP('',(#1809,#1817,#1823,#1824));
#1809 = ORIENTED_EDGE('',*,*,#1810,.T.);
#1810 = EDGE_CURVE('',#1764,#1811,#1813,.T.);
#1811 = VERTEX_POINT('',#1812);
#1812 = CARTESIAN_POINT('',(0.385,0.,-4.5));
#1813 = LINE('',#1814,#1815);
#1814 = CARTESIAN_POINT('',(0.385,5.E-02,-4.5));
#1815 = VECTOR('',#1816,1.);
#1816 = DIRECTION('',(0.,-1.,0.));
#1817 = ORIENTED_EDGE('',*,*,#1818,.T.);
#1818 = EDGE_CURVE('',#1811,#1707,#1819,.T.);
#1819 = LINE('',#1820,#1821);
#1820 = CARTESIAN_POINT('',(1.75,0.,-4.5));
#1821 = VECTOR('',#1822,1.);
#1822 = DIRECTION('',(-1.,0.,0.));
#1823 = ORIENTED_EDGE('',*,*,#1706,.F.);
#1824 = ORIENTED_EDGE('',*,*,#1771,.F.);
#1825 = PLANE('',#1826);
#1826 = AXIS2_PLACEMENT_3D('',#1827,#1828,#1829);
#1827 = CARTESIAN_POINT('',(0.385,5.E-02,-4.5));
#1828 = DIRECTION('',(-0.,-0.,-1.));
#1829 = DIRECTION('',(-1.,0.,0.));
#1830 = ADVANCED_FACE('',(#1831),#1859,.F.);
#1831 = FACE_BOUND('',#1832,.F.);
#1832 = EDGE_LOOP('',(#1833,#1834,#1835,#1843,#1852,#1858));
#1833 = ORIENTED_EDGE('',*,*,#1714,.T.);
#1834 = ORIENTED_EDGE('',*,*,#1794,.T.);
#1835 = ORIENTED_EDGE('',*,*,#1836,.T.);
#1836 = EDGE_CURVE('',#1787,#1837,#1839,.T.);
#1837 = VERTEX_POINT('',#1838);
#1838 = CARTESIAN_POINT('',(0.2528323,0.,-4.005));
#1839 = LINE('',#1840,#1841);
#1840 = CARTESIAN_POINT('',(0.115,0.,-4.005));
#1841 = VECTOR('',#1842,1.);
#1842 = DIRECTION('',(1.,0.,0.));
#1843 = ORIENTED_EDGE('',*,*,#1844,.F.);
#1844 = EDGE_CURVE('',#1845,#1837,#1847,.T.);
#1845 = VERTEX_POINT('',#1846);
#1846 = CARTESIAN_POINT('',(0.385,0.,-4.1371677));
#1847 = CIRCLE('',#1848,0.1321677);
#1848 = AXIS2_PLACEMENT_3D('',#1849,#1850,#1851);
#1849 = CARTESIAN_POINT('',(0.2528323,1.387778780781E-17,-4.1371677));
#1850 = DIRECTION('',(0.,-1.,0.));
#1851 = DIRECTION('',(0.,-0.,-1.));
#1852 = ORIENTED_EDGE('',*,*,#1853,.T.);
#1853 = EDGE_CURVE('',#1845,#1811,#1854,.T.);
#1854 = LINE('',#1855,#1856);
#1855 = CARTESIAN_POINT('',(0.385,0.,-4.005));
#1856 = VECTOR('',#1857,1.);
#1857 = DIRECTION('',(0.,0.,-1.));
#1858 = ORIENTED_EDGE('',*,*,#1818,.T.);
#1859 = PLANE('',#1860);
#1860 = AXIS2_PLACEMENT_3D('',#1861,#1862,#1863);
#1861 = CARTESIAN_POINT('',(0.25,1.387778780781E-17,-4.435));
#1862 = DIRECTION('',(0.,1.,0.));
#1863 = DIRECTION('',(0.,0.,1.));
#1864 = ADVANCED_FACE('',(#1865),#1876,.T.);
#1865 = FACE_BOUND('',#1866,.T.);
#1866 = EDGE_LOOP('',(#1867,#1868,#1869,#1870));
#1867 = ORIENTED_EDGE('',*,*,#1746,.F.);
#1868 = ORIENTED_EDGE('',*,*,#1786,.T.);
#1869 = ORIENTED_EDGE('',*,*,#1836,.T.);
#1870 = ORIENTED_EDGE('',*,*,#1871,.F.);
#1871 = EDGE_CURVE('',#1747,#1837,#1872,.T.);
#1872 = LINE('',#1873,#1874);
#1873 = CARTESIAN_POINT('',(0.2528323,5.E-02,-4.005));
#1874 = VECTOR('',#1875,1.);
#1875 = DIRECTION('',(0.,-1.,0.));
#1876 = PLANE('',#1877);
#1877 = AXIS2_PLACEMENT_3D('',#1878,#1879,#1880);
#1878 = CARTESIAN_POINT('',(0.115,5.E-02,-4.005));
#1879 = DIRECTION('',(0.,0.,1.));
#1880 = DIRECTION('',(1.,0.,0.));
#1881 = ADVANCED_FACE('',(#1882),#1893,.T.);
#1882 = FACE_BOUND('',#1883,.T.);
#1883 = EDGE_LOOP('',(#1884,#1885,#1891,#1892));
#1884 = ORIENTED_EDGE('',*,*,#1763,.F.);
#1885 = ORIENTED_EDGE('',*,*,#1886,.T.);
#1886 = EDGE_CURVE('',#1755,#1845,#1887,.T.);
#1887 = LINE('',#1888,#1889);
#1888 = CARTESIAN_POINT('',(0.385,5.E-02,-4.1371677));
#1889 = VECTOR('',#1890,1.);
#1890 = DIRECTION('',(0.,-1.,0.));
#1891 = ORIENTED_EDGE('',*,*,#1853,.T.);
#1892 = ORIENTED_EDGE('',*,*,#1810,.F.);
#1893 = PLANE('',#1894);
#1894 = AXIS2_PLACEMENT_3D('',#1895,#1896,#1897);
#1895 = CARTESIAN_POINT('',(0.385,5.E-02,-4.005));
#1896 = DIRECTION('',(1.,0.,0.));
#1897 = DIRECTION('',(0.,0.,-1.));
#1898 = ADVANCED_FACE('',(#1899),#1905,.T.);
#1899 = FACE_BOUND('',#1900,.T.);
#1900 = EDGE_LOOP('',(#1901,#1902,#1903,#1904));
#1901 = ORIENTED_EDGE('',*,*,#1754,.T.);
#1902 = ORIENTED_EDGE('',*,*,#1871,.T.);
#1903 = ORIENTED_EDGE('',*,*,#1844,.F.);
#1904 = ORIENTED_EDGE('',*,*,#1886,.F.);
#1905 = CYLINDRICAL_SURFACE('',#1906,0.1321677);
#1906 = AXIS2_PLACEMENT_3D('',#1907,#1908,#1909);
#1907 = CARTESIAN_POINT('',(0.2528323,5.E-02,-4.1371677));
#1908 = DIRECTION('',(0.,-1.,0.));
#1909 = DIRECTION('',(1.,0.,0.));
#1910 = ( GEOMETRIC_REPRESENTATION_CONTEXT(3) 
GLOBAL_UNCERTAINTY_ASSIGNED_CONTEXT((#1914)) 
GLOBAL_UNIT_ASSIGNED_CONTEXT((#1911,#1912,#1913)) REPRESENTATION_CONTEXT
('Context #1','3D Context with UNIT and UNCERTAINTY') );
#1911 = ( LENGTH_UNIT() NAMED_UNIT(*) SI_UNIT(.MILLI.,.METRE.) );
#1912 = ( NAMED_UNIT(*) PLANE_ANGLE_UNIT() SI_UNIT($,.RADIAN.) );
#1913 = ( NAMED_UNIT(*) SI_UNIT($,.STERADIAN.) SOLID_ANGLE_UNIT() );
#1914 = UNCERTAINTY_MEASURE_WITH_UNIT(LENGTH_MEASURE(1.E-07),#1911,
  'distance_accuracy_value','confusion accuracy');
#1915 = CONTEXT_DEPENDENT_SHAPE_REPRESENTATION(#1916,#1918);
#1916 = ( REPRESENTATION_RELATIONSHIP('','',#1689,#10) 
REPRESENTATION_RELATIONSHIP_WITH_TRANSFORMATION(#1917) 
SHAPE_REPRESENTATION_RELATIONSHIP() );
#1917 = ITEM_DEFINED_TRANSFORMATION('','',#11,#43);
#1918 = PRODUCT_DEFINITION_SHAPE('Placement','Placement of an item',
  #1919);
#1919 = NEXT_ASSEMBLY_USAGE_OCCURRENCE('4062','Pad_40_1','',#5,#1684,$);
#1920 = PRODUCT_RELATED_PRODUCT_CATEGORY('part',$,(#1686));
#1921 = SHAPE_DEFINITION_REPRESENTATION(#1922,#1928);
#1922 = PRODUCT_DEFINITION_SHAPE('','',#1923);
#1923 = PRODUCT_DEFINITION('design','',#1924,#1927);
#1924 = PRODUCT_DEFINITION_FORMATION('','',#1925);
#1925 = PRODUCT('Pad_41_1','Pad_41_1','',(#1926));
#1926 = PRODUCT_CONTEXT('',#2,'mechanical');
#1927 = PRODUCT_DEFINITION_CONTEXT('part definition',#2,'design');
#1928 = ADVANCED_BREP_SHAPE_REPRESENTATION('',(#11,#1929),#2149);
#1929 = MANIFOLD_SOLID_BREP('',#1930);
#1930 = CLOSED_SHELL('',(#1931,#1971,#2020,#2045,#2069,#2103,#2120,#2137
    ));
#1931 = ADVANCED_FACE('',(#1932),#1966,.T.);
#1932 = FACE_BOUND('',#1933,.T.);
#1933 = EDGE_LOOP('',(#1934,#1944,#1952,#1960));
#1934 = ORIENTED_EDGE('',*,*,#1935,.F.);
#1935 = EDGE_CURVE('',#1936,#1938,#1940,.T.);
#1936 = VERTEX_POINT('',#1937);
#1937 = CARTESIAN_POINT('',(-0.385,5.E-02,-4.5));
#1938 = VERTEX_POINT('',#1939);
#1939 = CARTESIAN_POINT('',(-0.385,5.E-02,-4.1371677));
#1940 = LINE('',#1941,#1942);
#1941 = CARTESIAN_POINT('',(-0.385,5.E-02,-4.865));
#1942 = VECTOR('',#1943,1.);
#1943 = DIRECTION('',(0.,0.,1.));
#1944 = ORIENTED_EDGE('',*,*,#1945,.T.);
#1945 = EDGE_CURVE('',#1936,#1946,#1948,.T.);
#1946 = VERTEX_POINT('',#1947);
#1947 = CARTESIAN_POINT('',(-0.385,0.,-4.5));
#1948 = LINE('',#1949,#1950);
#1949 = CARTESIAN_POINT('',(-0.385,5.E-02,-4.5));
#1950 = VECTOR('',#1951,1.);
#1951 = DIRECTION('',(0.,-1.,0.));
#1952 = ORIENTED_EDGE('',*,*,#1953,.T.);
#1953 = EDGE_CURVE('',#1946,#1954,#1956,.T.);
#1954 = VERTEX_POINT('',#1955);
#1955 = CARTESIAN_POINT('',(-0.385,0.,-4.1371677));
#1956 = LINE('',#1957,#1958);
#1957 = CARTESIAN_POINT('',(-0.385,0.,-4.865));
#1958 = VECTOR('',#1959,1.);
#1959 = DIRECTION('',(0.,0.,1.));
#1960 = ORIENTED_EDGE('',*,*,#1961,.F.);
#1961 = EDGE_CURVE('',#1938,#1954,#1962,.T.);
#1962 = LINE('',#1963,#1964);
#1963 = CARTESIAN_POINT('',(-0.385,5.E-02,-4.1371677));
#1964 = VECTOR('',#1965,1.);
#1965 = DIRECTION('',(0.,-1.,0.));
#1966 = PLANE('',#1967);
#1967 = AXIS2_PLACEMENT_3D('',#1968,#1969,#1970);
#1968 = CARTESIAN_POINT('',(-0.385,5.E-02,-4.5));
#1969 = DIRECTION('',(-1.,0.,0.));
#1970 = DIRECTION('',(0.,0.,1.));
#1971 = ADVANCED_FACE('',(#1972),#2015,.T.);
#1972 = FACE_BOUND('',#1973,.T.);
#1973 = EDGE_LOOP('',(#1974,#1975,#1984,#1992,#2001,#2009));
#1974 = ORIENTED_EDGE('',*,*,#1935,.T.);
#1975 = ORIENTED_EDGE('',*,*,#1976,.T.);
#1976 = EDGE_CURVE('',#1938,#1977,#1979,.T.);
#1977 = VERTEX_POINT('',#1978);
#1978 = CARTESIAN_POINT('',(-0.2528323,5.E-02,-4.005));
#1979 = CIRCLE('',#1980,0.1321677);
#1980 = AXIS2_PLACEMENT_3D('',#1981,#1982,#1983);
#1981 = CARTESIAN_POINT('',(-0.2528323,5.E-02,-4.1371677));
#1982 = DIRECTION('',(-0.,1.,0.));
#1983 = DIRECTION('',(0.,0.,-1.));
#1984 = ORIENTED_EDGE('',*,*,#1985,.T.);
#1985 = EDGE_CURVE('',#1977,#1986,#1988,.T.);
#1986 = VERTEX_POINT('',#1987);
#1987 = CARTESIAN_POINT('',(-0.2471677,5.E-02,-4.005));
#1988 = LINE('',#1989,#1990);
#1989 = CARTESIAN_POINT('',(-0.385,5.E-02,-4.005));
#1990 = VECTOR('',#1991,1.);
#1991 = DIRECTION('',(1.,0.,0.));
#1992 = ORIENTED_EDGE('',*,*,#1993,.F.);
#1993 = EDGE_CURVE('',#1994,#1986,#1996,.T.);
#1994 = VERTEX_POINT('',#1995);
#1995 = CARTESIAN_POINT('',(-0.115,5.E-02,-4.1371677));
#1996 = CIRCLE('',#1997,0.1321677);
#1997 = AXIS2_PLACEMENT_3D('',#1998,#1999,#2000);
#1998 = CARTESIAN_POINT('',(-0.2471677,5.E-02,-4.1371677));
#1999 = DIRECTION('',(0.,-1.,0.));
#2000 = DIRECTION('',(0.,-0.,-1.));
#2001 = ORIENTED_EDGE('',*,*,#2002,.T.);
#2002 = EDGE_CURVE('',#1994,#2003,#2005,.T.);
#2003 = VERTEX_POINT('',#2004);
#2004 = CARTESIAN_POINT('',(-0.115,5.E-02,-4.5));
#2005 = LINE('',#2006,#2007);
#2006 = CARTESIAN_POINT('',(-0.115,5.E-02,-4.005));
#2007 = VECTOR('',#2008,1.);
#2008 = DIRECTION('',(0.,0.,-1.));
#2009 = ORIENTED_EDGE('',*,*,#2010,.T.);
#2010 = EDGE_CURVE('',#2003,#1936,#2011,.T.);
#2011 = LINE('',#2012,#2013);
#2012 = CARTESIAN_POINT('',(1.75,5.E-02,-4.5));
#2013 = VECTOR('',#2014,1.);
#2014 = DIRECTION('',(-1.,0.,0.));
#2015 = PLANE('',#2016);
#2016 = AXIS2_PLACEMENT_3D('',#2017,#2018,#2019);
#2017 = CARTESIAN_POINT('',(-0.25,5.E-02,-4.435));
#2018 = DIRECTION('',(0.,1.,0.));
#2019 = DIRECTION('',(0.,0.,1.));
#2020 = ADVANCED_FACE('',(#2021),#2040,.T.);
#2021 = FACE_BOUND('',#2022,.F.);
#2022 = EDGE_LOOP('',(#2023,#2024,#2032,#2039));
#2023 = ORIENTED_EDGE('',*,*,#1976,.T.);
#2024 = ORIENTED_EDGE('',*,*,#2025,.T.);
#2025 = EDGE_CURVE('',#1977,#2026,#2028,.T.);
#2026 = VERTEX_POINT('',#2027);
#2027 = CARTESIAN_POINT('',(-0.2528323,0.,-4.005));
#2028 = LINE('',#2029,#2030);
#2029 = CARTESIAN_POINT('',(-0.2528323,5.E-02,-4.005));
#2030 = VECTOR('',#2031,1.);
#2031 = DIRECTION('',(0.,-1.,0.));
#2032 = ORIENTED_EDGE('',*,*,#2033,.F.);
#2033 = EDGE_CURVE('',#1954,#2026,#2034,.T.);
#2034 = CIRCLE('',#2035,0.1321677);
#2035 = AXIS2_PLACEMENT_3D('',#2036,#2037,#2038);
#2036 = CARTESIAN_POINT('',(-0.2528323,1.387778780781E-17,-4.1371677));
#2037 = DIRECTION('',(-0.,1.,0.));
#2038 = DIRECTION('',(0.,0.,-1.));
#2039 = ORIENTED_EDGE('',*,*,#1961,.F.);
#2040 = CYLINDRICAL_SURFACE('',#2041,0.1321677);
#2041 = AXIS2_PLACEMENT_3D('',#2042,#2043,#2044);
#2042 = CARTESIAN_POINT('',(-0.2528323,5.E-02,-4.1371677));
#2043 = DIRECTION('',(0.,-1.,0.));
#2044 = DIRECTION('',(-1.,0.,0.));
#2045 = ADVANCED_FACE('',(#2046),#2064,.T.);
#2046 = FACE_BOUND('',#2047,.T.);
#2047 = EDGE_LOOP('',(#2048,#2056,#2062,#2063));
#2048 = ORIENTED_EDGE('',*,*,#2049,.T.);
#2049 = EDGE_CURVE('',#2003,#2050,#2052,.T.);
#2050 = VERTEX_POINT('',#2051);
#2051 = CARTESIAN_POINT('',(-0.115,0.,-4.5));
#2052 = LINE('',#2053,#2054);
#2053 = CARTESIAN_POINT('',(-0.115,5.E-02,-4.5));
#2054 = VECTOR('',#2055,1.);
#2055 = DIRECTION('',(0.,-1.,0.));
#2056 = ORIENTED_EDGE('',*,*,#2057,.T.);
#2057 = EDGE_CURVE('',#2050,#1946,#2058,.T.);
#2058 = LINE('',#2059,#2060);
#2059 = CARTESIAN_POINT('',(1.75,0.,-4.5));
#2060 = VECTOR('',#2061,1.);
#2061 = DIRECTION('',(-1.,0.,0.));
#2062 = ORIENTED_EDGE('',*,*,#1945,.F.);
#2063 = ORIENTED_EDGE('',*,*,#2010,.F.);
#2064 = PLANE('',#2065);
#2065 = AXIS2_PLACEMENT_3D('',#2066,#2067,#2068);
#2066 = CARTESIAN_POINT('',(-0.115,5.E-02,-4.5));
#2067 = DIRECTION('',(-0.,-0.,-1.));
#2068 = DIRECTION('',(-1.,0.,0.));
#2069 = ADVANCED_FACE('',(#2070),#2098,.F.);
#2070 = FACE_BOUND('',#2071,.F.);
#2071 = EDGE_LOOP('',(#2072,#2073,#2074,#2082,#2091,#2097));
#2072 = ORIENTED_EDGE('',*,*,#1953,.T.);
#2073 = ORIENTED_EDGE('',*,*,#2033,.T.);
#2074 = ORIENTED_EDGE('',*,*,#2075,.T.);
#2075 = EDGE_CURVE('',#2026,#2076,#2078,.T.);
#2076 = VERTEX_POINT('',#2077);
#2077 = CARTESIAN_POINT('',(-0.2471677,0.,-4.005));
#2078 = LINE('',#2079,#2080);
#2079 = CARTESIAN_POINT('',(-0.385,0.,-4.005));
#2080 = VECTOR('',#2081,1.);
#2081 = DIRECTION('',(1.,0.,0.));
#2082 = ORIENTED_EDGE('',*,*,#2083,.F.);
#2083 = EDGE_CURVE('',#2084,#2076,#2086,.T.);
#2084 = VERTEX_POINT('',#2085);
#2085 = CARTESIAN_POINT('',(-0.115,0.,-4.1371677));
#2086 = CIRCLE('',#2087,0.1321677);
#2087 = AXIS2_PLACEMENT_3D('',#2088,#2089,#2090);
#2088 = CARTESIAN_POINT('',(-0.2471677,1.387778780781E-17,-4.1371677));
#2089 = DIRECTION('',(0.,-1.,0.));
#2090 = DIRECTION('',(0.,-0.,-1.));
#2091 = ORIENTED_EDGE('',*,*,#2092,.T.);
#2092 = EDGE_CURVE('',#2084,#2050,#2093,.T.);
#2093 = LINE('',#2094,#2095);
#2094 = CARTESIAN_POINT('',(-0.115,0.,-4.005));
#2095 = VECTOR('',#2096,1.);
#2096 = DIRECTION('',(0.,0.,-1.));
#2097 = ORIENTED_EDGE('',*,*,#2057,.T.);
#2098 = PLANE('',#2099);
#2099 = AXIS2_PLACEMENT_3D('',#2100,#2101,#2102);
#2100 = CARTESIAN_POINT('',(-0.25,1.387778780781E-17,-4.435));
#2101 = DIRECTION('',(0.,1.,0.));
#2102 = DIRECTION('',(0.,0.,1.));
#2103 = ADVANCED_FACE('',(#2104),#2115,.T.);
#2104 = FACE_BOUND('',#2105,.T.);
#2105 = EDGE_LOOP('',(#2106,#2107,#2108,#2109));
#2106 = ORIENTED_EDGE('',*,*,#1985,.F.);
#2107 = ORIENTED_EDGE('',*,*,#2025,.T.);
#2108 = ORIENTED_EDGE('',*,*,#2075,.T.);
#2109 = ORIENTED_EDGE('',*,*,#2110,.F.);
#2110 = EDGE_CURVE('',#1986,#2076,#2111,.T.);
#2111 = LINE('',#2112,#2113);
#2112 = CARTESIAN_POINT('',(-0.2471677,5.E-02,-4.005));
#2113 = VECTOR('',#2114,1.);
#2114 = DIRECTION('',(0.,-1.,0.));
#2115 = PLANE('',#2116);
#2116 = AXIS2_PLACEMENT_3D('',#2117,#2118,#2119);
#2117 = CARTESIAN_POINT('',(-0.385,5.E-02,-4.005));
#2118 = DIRECTION('',(0.,0.,1.));
#2119 = DIRECTION('',(1.,0.,0.));
#2120 = ADVANCED_FACE('',(#2121),#2132,.T.);
#2121 = FACE_BOUND('',#2122,.T.);
#2122 = EDGE_LOOP('',(#2123,#2124,#2130,#2131));
#2123 = ORIENTED_EDGE('',*,*,#2002,.F.);
#2124 = ORIENTED_EDGE('',*,*,#2125,.T.);
#2125 = EDGE_CURVE('',#1994,#2084,#2126,.T.);
#2126 = LINE('',#2127,#2128);
#2127 = CARTESIAN_POINT('',(-0.115,5.E-02,-4.1371677));
#2128 = VECTOR('',#2129,1.);
#2129 = DIRECTION('',(0.,-1.,0.));
#2130 = ORIENTED_EDGE('',*,*,#2092,.T.);
#2131 = ORIENTED_EDGE('',*,*,#2049,.F.);
#2132 = PLANE('',#2133);
#2133 = AXIS2_PLACEMENT_3D('',#2134,#2135,#2136);
#2134 = CARTESIAN_POINT('',(-0.115,5.E-02,-4.005));
#2135 = DIRECTION('',(1.,0.,0.));
#2136 = DIRECTION('',(0.,0.,-1.));
#2137 = ADVANCED_FACE('',(#2138),#2144,.T.);
#2138 = FACE_BOUND('',#2139,.T.);
#2139 = EDGE_LOOP('',(#2140,#2141,#2142,#2143));
#2140 = ORIENTED_EDGE('',*,*,#1993,.T.);
#2141 = ORIENTED_EDGE('',*,*,#2110,.T.);
#2142 = ORIENTED_EDGE('',*,*,#2083,.F.);
#2143 = ORIENTED_EDGE('',*,*,#2125,.F.);
#2144 = CYLINDRICAL_SURFACE('',#2145,0.1321677);
#2145 = AXIS2_PLACEMENT_3D('',#2146,#2147,#2148);
#2146 = CARTESIAN_POINT('',(-0.2471677,5.E-02,-4.1371677));
#2147 = DIRECTION('',(0.,-1.,0.));
#2148 = DIRECTION('',(1.,0.,0.));
#2149 = ( GEOMETRIC_REPRESENTATION_CONTEXT(3) 
GLOBAL_UNCERTAINTY_ASSIGNED_CONTEXT((#2153)) 
GLOBAL_UNIT_ASSIGNED_CONTEXT((#2150,#2151,#2152)) REPRESENTATION_CONTEXT
('Context #1','3D Context with UNIT and UNCERTAINTY') );
#2150 = ( LENGTH_UNIT() NAMED_UNIT(*) SI_UNIT(.MILLI.,.METRE.) );
#2151 = ( NAMED_UNIT(*) PLANE_ANGLE_UNIT() SI_UNIT($,.RADIAN.) );
#2152 = ( NAMED_UNIT(*) SI_UNIT($,.STERADIAN.) SOLID_ANGLE_UNIT() );
#2153 = UNCERTAINTY_MEASURE_WITH_UNIT(LENGTH_MEASURE(1.E-07),#2150,
  'distance_accuracy_value','confusion accuracy');
#2154 = CONTEXT_DEPENDENT_SHAPE_REPRESENTATION(#2155,#2157);
#2155 = ( REPRESENTATION_RELATIONSHIP('','',#1928,#10) 
REPRESENTATION_RELATIONSHIP_WITH_TRANSFORMATION(#2156) 
SHAPE_REPRESENTATION_RELATIONSHIP() );
#2156 = ITEM_DEFINED_TRANSFORMATION('','',#11,#47);
#2157 = PRODUCT_DEFINITION_SHAPE('Placement','Placement of an item',
  #2158);
#2158 = NEXT_ASSEMBLY_USAGE_OCCURRENCE('4063','Pad_41_1','',#5,#1923,$);
#2159 = PRODUCT_RELATED_PRODUCT_CATEGORY('part',$,(#1925));
#2160 = SHAPE_DEFINITION_REPRESENTATION(#2161,#2167);
#2161 = PRODUCT_DEFINITION_SHAPE('','',#2162);
#2162 = PRODUCT_DEFINITION('design','',#2163,#2166);
#2163 = PRODUCT_DEFINITION_FORMATION('','',#2164);
#2164 = PRODUCT('Pad_42_1','Pad_42_1','',(#2165));
#2165 = PRODUCT_CONTEXT('',#2,'mechanical');
#2166 = PRODUCT_DEFINITION_CONTEXT('part definition',#2,'design');
#2167 = ADVANCED_BREP_SHAPE_REPRESENTATION('',(#11,#2168),#2388);
#2168 = MANIFOLD_SOLID_BREP('',#2169);
#2169 = CLOSED_SHELL('',(#2170,#2210,#2259,#2284,#2308,#2342,#2359,#2376
    ));
#2170 = ADVANCED_FACE('',(#2171),#2205,.T.);
#2171 = FACE_BOUND('',#2172,.T.);
#2172 = EDGE_LOOP('',(#2173,#2183,#2191,#2199));
#2173 = ORIENTED_EDGE('',*,*,#2174,.F.);
#2174 = EDGE_CURVE('',#2175,#2177,#2179,.T.);
#2175 = VERTEX_POINT('',#2176);
#2176 = CARTESIAN_POINT('',(-0.885,5.E-02,-4.5));
#2177 = VERTEX_POINT('',#2178);
#2178 = CARTESIAN_POINT('',(-0.885,5.E-02,-4.1371677));
#2179 = LINE('',#2180,#2181);
#2180 = CARTESIAN_POINT('',(-0.885,5.E-02,-4.865));
#2181 = VECTOR('',#2182,1.);
#2182 = DIRECTION('',(0.,0.,1.));
#2183 = ORIENTED_EDGE('',*,*,#2184,.T.);
#2184 = EDGE_CURVE('',#2175,#2185,#2187,.T.);
#2185 = VERTEX_POINT('',#2186);
#2186 = CARTESIAN_POINT('',(-0.885,0.,-4.5));
#2187 = LINE('',#2188,#2189);
#2188 = CARTESIAN_POINT('',(-0.885,5.E-02,-4.5));
#2189 = VECTOR('',#2190,1.);
#2190 = DIRECTION('',(0.,-1.,0.));
#2191 = ORIENTED_EDGE('',*,*,#2192,.T.);
#2192 = EDGE_CURVE('',#2185,#2193,#2195,.T.);
#2193 = VERTEX_POINT('',#2194);
#2194 = CARTESIAN_POINT('',(-0.885,0.,-4.1371677));
#2195 = LINE('',#2196,#2197);
#2196 = CARTESIAN_POINT('',(-0.885,0.,-4.865));
#2197 = VECTOR('',#2198,1.);
#2198 = DIRECTION('',(0.,0.,1.));
#2199 = ORIENTED_EDGE('',*,*,#2200,.F.);
#2200 = EDGE_CURVE('',#2177,#2193,#2201,.T.);
#2201 = LINE('',#2202,#2203);
#2202 = CARTESIAN_POINT('',(-0.885,5.E-02,-4.1371677));
#2203 = VECTOR('',#2204,1.);
#2204 = DIRECTION('',(0.,-1.,0.));
#2205 = PLANE('',#2206);
#2206 = AXIS2_PLACEMENT_3D('',#2207,#2208,#2209);
#2207 = CARTESIAN_POINT('',(-0.885,5.E-02,-4.5));
#2208 = DIRECTION('',(-1.,0.,0.));
#2209 = DIRECTION('',(0.,0.,1.));
#2210 = ADVANCED_FACE('',(#2211),#2254,.T.);
#2211 = FACE_BOUND('',#2212,.T.);
#2212 = EDGE_LOOP('',(#2213,#2214,#2223,#2231,#2240,#2248));
#2213 = ORIENTED_EDGE('',*,*,#2174,.T.);
#2214 = ORIENTED_EDGE('',*,*,#2215,.T.);
#2215 = EDGE_CURVE('',#2177,#2216,#2218,.T.);
#2216 = VERTEX_POINT('',#2217);
#2217 = CARTESIAN_POINT('',(-0.7528323,5.E-02,-4.005));
#2218 = CIRCLE('',#2219,0.1321677);
#2219 = AXIS2_PLACEMENT_3D('',#2220,#2221,#2222);
#2220 = CARTESIAN_POINT('',(-0.7528323,5.E-02,-4.1371677));
#2221 = DIRECTION('',(-0.,1.,0.));
#2222 = DIRECTION('',(0.,0.,-1.));
#2223 = ORIENTED_EDGE('',*,*,#2224,.T.);
#2224 = EDGE_CURVE('',#2216,#2225,#2227,.T.);
#2225 = VERTEX_POINT('',#2226);
#2226 = CARTESIAN_POINT('',(-0.7471677,5.E-02,-4.005));
#2227 = LINE('',#2228,#2229);
#2228 = CARTESIAN_POINT('',(-0.885,5.E-02,-4.005));
#2229 = VECTOR('',#2230,1.);
#2230 = DIRECTION('',(1.,0.,0.));
#2231 = ORIENTED_EDGE('',*,*,#2232,.F.);
#2232 = EDGE_CURVE('',#2233,#2225,#2235,.T.);
#2233 = VERTEX_POINT('',#2234);
#2234 = CARTESIAN_POINT('',(-0.615,5.E-02,-4.1371677));
#2235 = CIRCLE('',#2236,0.1321677);
#2236 = AXIS2_PLACEMENT_3D('',#2237,#2238,#2239);
#2237 = CARTESIAN_POINT('',(-0.7471677,5.E-02,-4.1371677));
#2238 = DIRECTION('',(0.,-1.,0.));
#2239 = DIRECTION('',(0.,-0.,-1.));
#2240 = ORIENTED_EDGE('',*,*,#2241,.T.);
#2241 = EDGE_CURVE('',#2233,#2242,#2244,.T.);
#2242 = VERTEX_POINT('',#2243);
#2243 = CARTESIAN_POINT('',(-0.615,5.E-02,-4.5));
#2244 = LINE('',#2245,#2246);
#2245 = CARTESIAN_POINT('',(-0.615,5.E-02,-4.005));
#2246 = VECTOR('',#2247,1.);
#2247 = DIRECTION('',(0.,0.,-1.));
#2248 = ORIENTED_EDGE('',*,*,#2249,.T.);
#2249 = EDGE_CURVE('',#2242,#2175,#2250,.T.);
#2250 = LINE('',#2251,#2252);
#2251 = CARTESIAN_POINT('',(1.75,5.E-02,-4.5));
#2252 = VECTOR('',#2253,1.);
#2253 = DIRECTION('',(-1.,0.,0.));
#2254 = PLANE('',#2255);
#2255 = AXIS2_PLACEMENT_3D('',#2256,#2257,#2258);
#2256 = CARTESIAN_POINT('',(-0.75,5.E-02,-4.435));
#2257 = DIRECTION('',(0.,1.,0.));
#2258 = DIRECTION('',(0.,0.,1.));
#2259 = ADVANCED_FACE('',(#2260),#2279,.T.);
#2260 = FACE_BOUND('',#2261,.F.);
#2261 = EDGE_LOOP('',(#2262,#2263,#2271,#2278));
#2262 = ORIENTED_EDGE('',*,*,#2215,.T.);
#2263 = ORIENTED_EDGE('',*,*,#2264,.T.);
#2264 = EDGE_CURVE('',#2216,#2265,#2267,.T.);
#2265 = VERTEX_POINT('',#2266);
#2266 = CARTESIAN_POINT('',(-0.7528323,0.,-4.005));
#2267 = LINE('',#2268,#2269);
#2268 = CARTESIAN_POINT('',(-0.7528323,5.E-02,-4.005));
#2269 = VECTOR('',#2270,1.);
#2270 = DIRECTION('',(0.,-1.,0.));
#2271 = ORIENTED_EDGE('',*,*,#2272,.F.);
#2272 = EDGE_CURVE('',#2193,#2265,#2273,.T.);
#2273 = CIRCLE('',#2274,0.1321677);
#2274 = AXIS2_PLACEMENT_3D('',#2275,#2276,#2277);
#2275 = CARTESIAN_POINT('',(-0.7528323,1.387778780781E-17,-4.1371677));
#2276 = DIRECTION('',(-0.,1.,0.));
#2277 = DIRECTION('',(0.,0.,-1.));
#2278 = ORIENTED_EDGE('',*,*,#2200,.F.);
#2279 = CYLINDRICAL_SURFACE('',#2280,0.1321677);
#2280 = AXIS2_PLACEMENT_3D('',#2281,#2282,#2283);
#2281 = CARTESIAN_POINT('',(-0.7528323,5.E-02,-4.1371677));
#2282 = DIRECTION('',(0.,-1.,0.));
#2283 = DIRECTION('',(-1.,0.,0.));
#2284 = ADVANCED_FACE('',(#2285),#2303,.T.);
#2285 = FACE_BOUND('',#2286,.T.);
#2286 = EDGE_LOOP('',(#2287,#2295,#2301,#2302));
#2287 = ORIENTED_EDGE('',*,*,#2288,.T.);
#2288 = EDGE_CURVE('',#2242,#2289,#2291,.T.);
#2289 = VERTEX_POINT('',#2290);
#2290 = CARTESIAN_POINT('',(-0.615,0.,-4.5));
#2291 = LINE('',#2292,#2293);
#2292 = CARTESIAN_POINT('',(-0.615,5.E-02,-4.5));
#2293 = VECTOR('',#2294,1.);
#2294 = DIRECTION('',(0.,-1.,0.));
#2295 = ORIENTED_EDGE('',*,*,#2296,.T.);
#2296 = EDGE_CURVE('',#2289,#2185,#2297,.T.);
#2297 = LINE('',#2298,#2299);
#2298 = CARTESIAN_POINT('',(1.75,0.,-4.5));
#2299 = VECTOR('',#2300,1.);
#2300 = DIRECTION('',(-1.,0.,0.));
#2301 = ORIENTED_EDGE('',*,*,#2184,.F.);
#2302 = ORIENTED_EDGE('',*,*,#2249,.F.);
#2303 = PLANE('',#2304);
#2304 = AXIS2_PLACEMENT_3D('',#2305,#2306,#2307);
#2305 = CARTESIAN_POINT('',(-0.615,5.E-02,-4.5));
#2306 = DIRECTION('',(-0.,-0.,-1.));
#2307 = DIRECTION('',(-1.,0.,0.));
#2308 = ADVANCED_FACE('',(#2309),#2337,.F.);
#2309 = FACE_BOUND('',#2310,.F.);
#2310 = EDGE_LOOP('',(#2311,#2312,#2313,#2321,#2330,#2336));
#2311 = ORIENTED_EDGE('',*,*,#2192,.T.);
#2312 = ORIENTED_EDGE('',*,*,#2272,.T.);
#2313 = ORIENTED_EDGE('',*,*,#2314,.T.);
#2314 = EDGE_CURVE('',#2265,#2315,#2317,.T.);
#2315 = VERTEX_POINT('',#2316);
#2316 = CARTESIAN_POINT('',(-0.7471677,0.,-4.005));
#2317 = LINE('',#2318,#2319);
#2318 = CARTESIAN_POINT('',(-0.885,0.,-4.005));
#2319 = VECTOR('',#2320,1.);
#2320 = DIRECTION('',(1.,0.,0.));
#2321 = ORIENTED_EDGE('',*,*,#2322,.F.);
#2322 = EDGE_CURVE('',#2323,#2315,#2325,.T.);
#2323 = VERTEX_POINT('',#2324);
#2324 = CARTESIAN_POINT('',(-0.615,0.,-4.1371677));
#2325 = CIRCLE('',#2326,0.1321677);
#2326 = AXIS2_PLACEMENT_3D('',#2327,#2328,#2329);
#2327 = CARTESIAN_POINT('',(-0.7471677,1.387778780781E-17,-4.1371677));
#2328 = DIRECTION('',(0.,-1.,0.));
#2329 = DIRECTION('',(0.,-0.,-1.));
#2330 = ORIENTED_EDGE('',*,*,#2331,.T.);
#2331 = EDGE_CURVE('',#2323,#2289,#2332,.T.);
#2332 = LINE('',#2333,#2334);
#2333 = CARTESIAN_POINT('',(-0.615,0.,-4.005));
#2334 = VECTOR('',#2335,1.);
#2335 = DIRECTION('',(0.,0.,-1.));
#2336 = ORIENTED_EDGE('',*,*,#2296,.T.);
#2337 = PLANE('',#2338);
#2338 = AXIS2_PLACEMENT_3D('',#2339,#2340,#2341);
#2339 = CARTESIAN_POINT('',(-0.75,1.387778780781E-17,-4.435));
#2340 = DIRECTION('',(0.,1.,0.));
#2341 = DIRECTION('',(0.,0.,1.));
#2342 = ADVANCED_FACE('',(#2343),#2354,.T.);
#2343 = FACE_BOUND('',#2344,.T.);
#2344 = EDGE_LOOP('',(#2345,#2346,#2347,#2348));
#2345 = ORIENTED_EDGE('',*,*,#2224,.F.);
#2346 = ORIENTED_EDGE('',*,*,#2264,.T.);
#2347 = ORIENTED_EDGE('',*,*,#2314,.T.);
#2348 = ORIENTED_EDGE('',*,*,#2349,.F.);
#2349 = EDGE_CURVE('',#2225,#2315,#2350,.T.);
#2350 = LINE('',#2351,#2352);
#2351 = CARTESIAN_POINT('',(-0.7471677,5.E-02,-4.005));
#2352 = VECTOR('',#2353,1.);
#2353 = DIRECTION('',(0.,-1.,0.));
#2354 = PLANE('',#2355);
#2355 = AXIS2_PLACEMENT_3D('',#2356,#2357,#2358);
#2356 = CARTESIAN_POINT('',(-0.885,5.E-02,-4.005));
#2357 = DIRECTION('',(0.,0.,1.));
#2358 = DIRECTION('',(1.,0.,0.));
#2359 = ADVANCED_FACE('',(#2360),#2371,.T.);
#2360 = FACE_BOUND('',#2361,.T.);
#2361 = EDGE_LOOP('',(#2362,#2363,#2369,#2370));
#2362 = ORIENTED_EDGE('',*,*,#2241,.F.);
#2363 = ORIENTED_EDGE('',*,*,#2364,.T.);
#2364 = EDGE_CURVE('',#2233,#2323,#2365,.T.);
#2365 = LINE('',#2366,#2367);
#2366 = CARTESIAN_POINT('',(-0.615,5.E-02,-4.1371677));
#2367 = VECTOR('',#2368,1.);
#2368 = DIRECTION('',(0.,-1.,0.));
#2369 = ORIENTED_EDGE('',*,*,#2331,.T.);
#2370 = ORIENTED_EDGE('',*,*,#2288,.F.);
#2371 = PLANE('',#2372);
#2372 = AXIS2_PLACEMENT_3D('',#2373,#2374,#2375);
#2373 = CARTESIAN_POINT('',(-0.615,5.E-02,-4.005));
#2374 = DIRECTION('',(1.,0.,0.));
#2375 = DIRECTION('',(0.,0.,-1.));
#2376 = ADVANCED_FACE('',(#2377),#2383,.T.);
#2377 = FACE_BOUND('',#2378,.T.);
#2378 = EDGE_LOOP('',(#2379,#2380,#2381,#2382));
#2379 = ORIENTED_EDGE('',*,*,#2232,.T.);
#2380 = ORIENTED_EDGE('',*,*,#2349,.T.);
#2381 = ORIENTED_EDGE('',*,*,#2322,.F.);
#2382 = ORIENTED_EDGE('',*,*,#2364,.F.);
#2383 = CYLINDRICAL_SURFACE('',#2384,0.1321677);
#2384 = AXIS2_PLACEMENT_3D('',#2385,#2386,#2387);
#2385 = CARTESIAN_POINT('',(-0.7471677,5.E-02,-4.1371677));
#2386 = DIRECTION('',(0.,-1.,0.));
#2387 = DIRECTION('',(1.,0.,0.));
#2388 = ( GEOMETRIC_REPRESENTATION_CONTEXT(3) 
GLOBAL_UNCERTAINTY_ASSIGNED_CONTEXT((#2392)) 
GLOBAL_UNIT_ASSIGNED_CONTEXT((#2389,#2390,#2391)) REPRESENTATION_CONTEXT
('Context #1','3D Context with UNIT and UNCERTAINTY') );
#2389 = ( LENGTH_UNIT() NAMED_UNIT(*) SI_UNIT(.MILLI.,.METRE.) );
#2390 = ( NAMED_UNIT(*) PLANE_ANGLE_UNIT() SI_UNIT($,.RADIAN.) );
#2391 = ( NAMED_UNIT(*) SI_UNIT($,.STERADIAN.) SOLID_ANGLE_UNIT() );
#2392 = UNCERTAINTY_MEASURE_WITH_UNIT(LENGTH_MEASURE(1.E-07),#2389,
  'distance_accuracy_value','confusion accuracy');
#2393 = CONTEXT_DEPENDENT_SHAPE_REPRESENTATION(#2394,#2396);
#2394 = ( REPRESENTATION_RELATIONSHIP('','',#2167,#10) 
REPRESENTATION_RELATIONSHIP_WITH_TRANSFORMATION(#2395) 
SHAPE_REPRESENTATION_RELATIONSHIP() );
#2395 = ITEM_DEFINED_TRANSFORMATION('','',#11,#51);
#2396 = PRODUCT_DEFINITION_SHAPE('Placement','Placement of an item',
  #2397);
#2397 = NEXT_ASSEMBLY_USAGE_OCCURRENCE('4064','Pad_42_1','',#5,#2162,$);
#2398 = PRODUCT_RELATED_PRODUCT_CATEGORY('part',$,(#2164));
#2399 = SHAPE_DEFINITION_REPRESENTATION(#2400,#2406);
#2400 = PRODUCT_DEFINITION_SHAPE('','',#2401);
#2401 = PRODUCT_DEFINITION('design','',#2402,#2405);
#2402 = PRODUCT_DEFINITION_FORMATION('','',#2403);
#2403 = PRODUCT('Pad_1_1','Pad_1_1','',(#2404));
#2404 = PRODUCT_CONTEXT('',#2,'mechanical');
#2405 = PRODUCT_DEFINITION_CONTEXT('part definition',#2,'design');
#2406 = ADVANCED_BREP_SHAPE_REPRESENTATION('',(#11,#2407),#2627);
#2407 = MANIFOLD_SOLID_BREP('',#2408);
#2408 = CLOSED_SHELL('',(#2409,#2449,#2498,#2523,#2547,#2581,#2598,#2615
    ));
#2409 = ADVANCED_FACE('',(#2410),#2444,.T.);
#2410 = FACE_BOUND('',#2411,.T.);
#2411 = EDGE_LOOP('',(#2412,#2422,#2430,#2438));
#2412 = ORIENTED_EDGE('',*,*,#2413,.F.);
#2413 = EDGE_CURVE('',#2414,#2416,#2418,.T.);
#2414 = VERTEX_POINT('',#2415);
#2415 = CARTESIAN_POINT('',(-1.3871677,5.E-02,-4.135));
#2416 = VERTEX_POINT('',#2417);
#2417 = CARTESIAN_POINT('',(-1.75,5.E-02,-4.135));
#2418 = LINE('',#2419,#2420);
#2419 = CARTESIAN_POINT('',(-1.255,5.E-02,-4.135));
#2420 = VECTOR('',#2421,1.);
#2421 = DIRECTION('',(-1.,0.,0.));
#2422 = ORIENTED_EDGE('',*,*,#2423,.T.);
#2423 = EDGE_CURVE('',#2414,#2424,#2426,.T.);
#2424 = VERTEX_POINT('',#2425);
#2425 = CARTESIAN_POINT('',(-1.3871677,0.,-4.135));
#2426 = LINE('',#2427,#2428);
#2427 = CARTESIAN_POINT('',(-1.3871677,5.E-02,-4.135));
#2428 = VECTOR('',#2429,1.);
#2429 = DIRECTION('',(0.,-1.,0.));
#2430 = ORIENTED_EDGE('',*,*,#2431,.T.);
#2431 = EDGE_CURVE('',#2424,#2432,#2434,.T.);
#2432 = VERTEX_POINT('',#2433);
#2433 = CARTESIAN_POINT('',(-1.75,0.,-4.135));
#2434 = LINE('',#2435,#2436);
#2435 = CARTESIAN_POINT('',(-1.255,0.,-4.135));
#2436 = VECTOR('',#2437,1.);
#2437 = DIRECTION('',(-1.,0.,0.));
#2438 = ORIENTED_EDGE('',*,*,#2439,.F.);
#2439 = EDGE_CURVE('',#2416,#2432,#2440,.T.);
#2440 = LINE('',#2441,#2442);
#2441 = CARTESIAN_POINT('',(-1.75,5.E-02,-4.135));
#2442 = VECTOR('',#2443,1.);
#2443 = DIRECTION('',(0.,-1.,0.));
#2444 = PLANE('',#2445);
#2445 = AXIS2_PLACEMENT_3D('',#2446,#2447,#2448);
#2446 = CARTESIAN_POINT('',(-1.255,5.E-02,-4.135));
#2447 = DIRECTION('',(-0.,-0.,-1.));
#2448 = DIRECTION('',(-1.,0.,0.));
#2449 = ADVANCED_FACE('',(#2450),#2493,.T.);
#2450 = FACE_BOUND('',#2451,.T.);
#2451 = EDGE_LOOP('',(#2452,#2453,#2461,#2469,#2478,#2486));
#2452 = ORIENTED_EDGE('',*,*,#2413,.T.);
#2453 = ORIENTED_EDGE('',*,*,#2454,.T.);
#2454 = EDGE_CURVE('',#2416,#2455,#2457,.T.);
#2455 = VERTEX_POINT('',#2456);
#2456 = CARTESIAN_POINT('',(-1.75,5.E-02,-3.865));
#2457 = LINE('',#2458,#2459);
#2458 = CARTESIAN_POINT('',(-1.75,5.E-02,-4.5));
#2459 = VECTOR('',#2460,1.);
#2460 = DIRECTION('',(0.,0.,1.));
#2461 = ORIENTED_EDGE('',*,*,#2462,.T.);
#2462 = EDGE_CURVE('',#2455,#2463,#2465,.T.);
#2463 = VERTEX_POINT('',#2464);
#2464 = CARTESIAN_POINT('',(-1.3871677,5.E-02,-3.865));
#2465 = LINE('',#2466,#2467);
#2466 = CARTESIAN_POINT('',(-2.115,5.E-02,-3.865));
#2467 = VECTOR('',#2468,1.);
#2468 = DIRECTION('',(1.,0.,0.));
#2469 = ORIENTED_EDGE('',*,*,#2470,.F.);
#2470 = EDGE_CURVE('',#2471,#2463,#2473,.T.);
#2471 = VERTEX_POINT('',#2472);
#2472 = CARTESIAN_POINT('',(-1.255,5.E-02,-3.9971677));
#2473 = CIRCLE('',#2474,0.1321677);
#2474 = AXIS2_PLACEMENT_3D('',#2475,#2476,#2477);
#2475 = CARTESIAN_POINT('',(-1.3871677,5.E-02,-3.9971677));
#2476 = DIRECTION('',(0.,-1.,0.));
#2477 = DIRECTION('',(0.,-0.,-1.));
#2478 = ORIENTED_EDGE('',*,*,#2479,.T.);
#2479 = EDGE_CURVE('',#2471,#2480,#2482,.T.);
#2480 = VERTEX_POINT('',#2481);
#2481 = CARTESIAN_POINT('',(-1.255,5.E-02,-4.0028323));
#2482 = LINE('',#2483,#2484);
#2483 = CARTESIAN_POINT('',(-1.255,5.E-02,-3.865));
#2484 = VECTOR('',#2485,1.);
#2485 = DIRECTION('',(0.,0.,-1.));
#2486 = ORIENTED_EDGE('',*,*,#2487,.F.);
#2487 = EDGE_CURVE('',#2414,#2480,#2488,.T.);
#2488 = CIRCLE('',#2489,0.1321677);
#2489 = AXIS2_PLACEMENT_3D('',#2490,#2491,#2492);
#2490 = CARTESIAN_POINT('',(-1.3871677,5.E-02,-4.0028323));
#2491 = DIRECTION('',(0.,-1.,0.));
#2492 = DIRECTION('',(0.,-0.,-1.));
#2493 = PLANE('',#2494);
#2494 = AXIS2_PLACEMENT_3D('',#2495,#2496,#2497);
#2495 = CARTESIAN_POINT('',(-1.685,5.E-02,-4.));
#2496 = DIRECTION('',(0.,1.,0.));
#2497 = DIRECTION('',(0.,0.,1.));
#2498 = ADVANCED_FACE('',(#2499),#2518,.T.);
#2499 = FACE_BOUND('',#2500,.T.);
#2500 = EDGE_LOOP('',(#2501,#2502,#2510,#2517));
#2501 = ORIENTED_EDGE('',*,*,#2487,.T.);
#2502 = ORIENTED_EDGE('',*,*,#2503,.T.);
#2503 = EDGE_CURVE('',#2480,#2504,#2506,.T.);
#2504 = VERTEX_POINT('',#2505);
#2505 = CARTESIAN_POINT('',(-1.255,0.,-4.0028323));
#2506 = LINE('',#2507,#2508);
#2507 = CARTESIAN_POINT('',(-1.255,5.E-02,-4.0028323));
#2508 = VECTOR('',#2509,1.);
#2509 = DIRECTION('',(0.,-1.,0.));
#2510 = ORIENTED_EDGE('',*,*,#2511,.F.);
#2511 = EDGE_CURVE('',#2424,#2504,#2512,.T.);
#2512 = CIRCLE('',#2513,0.1321677);
#2513 = AXIS2_PLACEMENT_3D('',#2514,#2515,#2516);
#2514 = CARTESIAN_POINT('',(-1.3871677,6.938893903907E-18,-4.0028323));
#2515 = DIRECTION('',(0.,-1.,0.));
#2516 = DIRECTION('',(0.,-0.,-1.));
#2517 = ORIENTED_EDGE('',*,*,#2423,.F.);
#2518 = CYLINDRICAL_SURFACE('',#2519,0.1321677);
#2519 = AXIS2_PLACEMENT_3D('',#2520,#2521,#2522);
#2520 = CARTESIAN_POINT('',(-1.3871677,5.E-02,-4.0028323));
#2521 = DIRECTION('',(0.,-1.,0.));
#2522 = DIRECTION('',(0.,0.,-1.));
#2523 = ADVANCED_FACE('',(#2524),#2542,.T.);
#2524 = FACE_BOUND('',#2525,.T.);
#2525 = EDGE_LOOP('',(#2526,#2527,#2535,#2541));
#2526 = ORIENTED_EDGE('',*,*,#2439,.T.);
#2527 = ORIENTED_EDGE('',*,*,#2528,.T.);
#2528 = EDGE_CURVE('',#2432,#2529,#2531,.T.);
#2529 = VERTEX_POINT('',#2530);
#2530 = CARTESIAN_POINT('',(-1.75,0.,-3.865));
#2531 = LINE('',#2532,#2533);
#2532 = CARTESIAN_POINT('',(-1.75,0.,-4.5));
#2533 = VECTOR('',#2534,1.);
#2534 = DIRECTION('',(0.,0.,1.));
#2535 = ORIENTED_EDGE('',*,*,#2536,.F.);
#2536 = EDGE_CURVE('',#2455,#2529,#2537,.T.);
#2537 = LINE('',#2538,#2539);
#2538 = CARTESIAN_POINT('',(-1.75,5.E-02,-3.865));
#2539 = VECTOR('',#2540,1.);
#2540 = DIRECTION('',(0.,-1.,0.));
#2541 = ORIENTED_EDGE('',*,*,#2454,.F.);
#2542 = PLANE('',#2543);
#2543 = AXIS2_PLACEMENT_3D('',#2544,#2545,#2546);
#2544 = CARTESIAN_POINT('',(-1.75,5.E-02,-4.135));
#2545 = DIRECTION('',(-1.,0.,0.));
#2546 = DIRECTION('',(0.,0.,1.));
#2547 = ADVANCED_FACE('',(#2548),#2576,.F.);
#2548 = FACE_BOUND('',#2549,.F.);
#2549 = EDGE_LOOP('',(#2550,#2551,#2552,#2560,#2569,#2575));
#2550 = ORIENTED_EDGE('',*,*,#2431,.T.);
#2551 = ORIENTED_EDGE('',*,*,#2528,.T.);
#2552 = ORIENTED_EDGE('',*,*,#2553,.T.);
#2553 = EDGE_CURVE('',#2529,#2554,#2556,.T.);
#2554 = VERTEX_POINT('',#2555);
#2555 = CARTESIAN_POINT('',(-1.3871677,0.,-3.865));
#2556 = LINE('',#2557,#2558);
#2557 = CARTESIAN_POINT('',(-2.115,0.,-3.865));
#2558 = VECTOR('',#2559,1.);
#2559 = DIRECTION('',(1.,0.,0.));
#2560 = ORIENTED_EDGE('',*,*,#2561,.F.);
#2561 = EDGE_CURVE('',#2562,#2554,#2564,.T.);
#2562 = VERTEX_POINT('',#2563);
#2563 = CARTESIAN_POINT('',(-1.255,0.,-3.9971677));
#2564 = CIRCLE('',#2565,0.1321677);
#2565 = AXIS2_PLACEMENT_3D('',#2566,#2567,#2568);
#2566 = CARTESIAN_POINT('',(-1.3871677,6.938893903907E-18,-3.9971677));
#2567 = DIRECTION('',(0.,-1.,0.));
#2568 = DIRECTION('',(0.,-0.,-1.));
#2569 = ORIENTED_EDGE('',*,*,#2570,.T.);
#2570 = EDGE_CURVE('',#2562,#2504,#2571,.T.);
#2571 = LINE('',#2572,#2573);
#2572 = CARTESIAN_POINT('',(-1.255,0.,-3.865));
#2573 = VECTOR('',#2574,1.);
#2574 = DIRECTION('',(0.,0.,-1.));
#2575 = ORIENTED_EDGE('',*,*,#2511,.F.);
#2576 = PLANE('',#2577);
#2577 = AXIS2_PLACEMENT_3D('',#2578,#2579,#2580);
#2578 = CARTESIAN_POINT('',(-1.685,6.938893903907E-18,-4.));
#2579 = DIRECTION('',(0.,1.,0.));
#2580 = DIRECTION('',(0.,0.,1.));
#2581 = ADVANCED_FACE('',(#2582),#2593,.T.);
#2582 = FACE_BOUND('',#2583,.T.);
#2583 = EDGE_LOOP('',(#2584,#2585,#2591,#2592));
#2584 = ORIENTED_EDGE('',*,*,#2479,.F.);
#2585 = ORIENTED_EDGE('',*,*,#2586,.T.);
#2586 = EDGE_CURVE('',#2471,#2562,#2587,.T.);
#2587 = LINE('',#2588,#2589);
#2588 = CARTESIAN_POINT('',(-1.255,5.E-02,-3.9971677));
#2589 = VECTOR('',#2590,1.);
#2590 = DIRECTION('',(0.,-1.,0.));
#2591 = ORIENTED_EDGE('',*,*,#2570,.T.);
#2592 = ORIENTED_EDGE('',*,*,#2503,.F.);
#2593 = PLANE('',#2594);
#2594 = AXIS2_PLACEMENT_3D('',#2595,#2596,#2597);
#2595 = CARTESIAN_POINT('',(-1.255,5.E-02,-3.865));
#2596 = DIRECTION('',(1.,0.,0.));
#2597 = DIRECTION('',(0.,0.,-1.));
#2598 = ADVANCED_FACE('',(#2599),#2610,.T.);
#2599 = FACE_BOUND('',#2600,.T.);
#2600 = EDGE_LOOP('',(#2601,#2602,#2603,#2604));
#2601 = ORIENTED_EDGE('',*,*,#2462,.F.);
#2602 = ORIENTED_EDGE('',*,*,#2536,.T.);
#2603 = ORIENTED_EDGE('',*,*,#2553,.T.);
#2604 = ORIENTED_EDGE('',*,*,#2605,.F.);
#2605 = EDGE_CURVE('',#2463,#2554,#2606,.T.);
#2606 = LINE('',#2607,#2608);
#2607 = CARTESIAN_POINT('',(-1.3871677,5.E-02,-3.865));
#2608 = VECTOR('',#2609,1.);
#2609 = DIRECTION('',(0.,-1.,0.));
#2610 = PLANE('',#2611);
#2611 = AXIS2_PLACEMENT_3D('',#2612,#2613,#2614);
#2612 = CARTESIAN_POINT('',(-1.75,5.E-02,-3.865));
#2613 = DIRECTION('',(0.,0.,1.));
#2614 = DIRECTION('',(1.,0.,0.));
#2615 = ADVANCED_FACE('',(#2616),#2622,.T.);
#2616 = FACE_BOUND('',#2617,.T.);
#2617 = EDGE_LOOP('',(#2618,#2619,#2620,#2621));
#2618 = ORIENTED_EDGE('',*,*,#2470,.T.);
#2619 = ORIENTED_EDGE('',*,*,#2605,.T.);
#2620 = ORIENTED_EDGE('',*,*,#2561,.F.);
#2621 = ORIENTED_EDGE('',*,*,#2586,.F.);
#2622 = CYLINDRICAL_SURFACE('',#2623,0.1321677);
#2623 = AXIS2_PLACEMENT_3D('',#2624,#2625,#2626);
#2624 = CARTESIAN_POINT('',(-1.3871677,5.E-02,-3.9971677));
#2625 = DIRECTION('',(0.,-1.,0.));
#2626 = DIRECTION('',(1.,0.,0.));
#2627 = ( GEOMETRIC_REPRESENTATION_CONTEXT(3) 
GLOBAL_UNCERTAINTY_ASSIGNED_CONTEXT((#2631)) 
GLOBAL_UNIT_ASSIGNED_CONTEXT((#2628,#2629,#2630)) REPRESENTATION_CONTEXT
('Context #1','3D Context with UNIT and UNCERTAINTY') );
#2628 = ( LENGTH_UNIT() NAMED_UNIT(*) SI_UNIT(.MILLI.,.METRE.) );
#2629 = ( NAMED_UNIT(*) PLANE_ANGLE_UNIT() SI_UNIT($,.RADIAN.) );
#2630 = ( NAMED_UNIT(*) SI_UNIT($,.STERADIAN.) SOLID_ANGLE_UNIT() );
#2631 = UNCERTAINTY_MEASURE_WITH_UNIT(LENGTH_MEASURE(1.E-07),#2628,
  'distance_accuracy_value','confusion accuracy');
#2632 = CONTEXT_DEPENDENT_SHAPE_REPRESENTATION(#2633,#2635);
#2633 = ( REPRESENTATION_RELATIONSHIP('','',#2406,#10) 
REPRESENTATION_RELATIONSHIP_WITH_TRANSFORMATION(#2634) 
SHAPE_REPRESENTATION_RELATIONSHIP() );
#2634 = ITEM_DEFINED_TRANSFORMATION('','',#11,#55);
#2635 = PRODUCT_DEFINITION_SHAPE('Placement','Placement of an item',
  #2636);
#2636 = NEXT_ASSEMBLY_USAGE_OCCURRENCE('4065','Pad_1_1','',#5,#2401,$);
#2637 = PRODUCT_RELATED_PRODUCT_CATEGORY('part',$,(#2403));
#2638 = SHAPE_DEFINITION_REPRESENTATION(#2639,#2645);
#2639 = PRODUCT_DEFINITION_SHAPE('','',#2640);
#2640 = PRODUCT_DEFINITION('design','',#2641,#2644);
#2641 = PRODUCT_DEFINITION_FORMATION('','',#2642);
#2642 = PRODUCT('Pad_2_1','Pad_2_1','',(#2643));
#2643 = PRODUCT_CONTEXT('',#2,'mechanical');
#2644 = PRODUCT_DEFINITION_CONTEXT('part definition',#2,'design');
#2645 = ADVANCED_BREP_SHAPE_REPRESENTATION('',(#11,#2646),#2866);
#2646 = MANIFOLD_SOLID_BREP('',#2647);
#2647 = CLOSED_SHELL('',(#2648,#2688,#2737,#2762,#2786,#2820,#2837,#2854
    ));
#2648 = ADVANCED_FACE('',(#2649),#2683,.T.);
#2649 = FACE_BOUND('',#2650,.T.);
#2650 = EDGE_LOOP('',(#2651,#2661,#2669,#2677));
#2651 = ORIENTED_EDGE('',*,*,#2652,.F.);
#2652 = EDGE_CURVE('',#2653,#2655,#2657,.T.);
#2653 = VERTEX_POINT('',#2654);
#2654 = CARTESIAN_POINT('',(-1.3871677,5.E-02,-3.635));
#2655 = VERTEX_POINT('',#2656);
#2656 = CARTESIAN_POINT('',(-1.75,5.E-02,-3.635));
#2657 = LINE('',#2658,#2659);
#2658 = CARTESIAN_POINT('',(-1.255,5.E-02,-3.635));
#2659 = VECTOR('',#2660,1.);
#2660 = DIRECTION('',(-1.,0.,0.));
#2661 = ORIENTED_EDGE('',*,*,#2662,.T.);
#2662 = EDGE_CURVE('',#2653,#2663,#2665,.T.);
#2663 = VERTEX_POINT('',#2664);
#2664 = CARTESIAN_POINT('',(-1.3871677,0.,-3.635));
#2665 = LINE('',#2666,#2667);
#2666 = CARTESIAN_POINT('',(-1.3871677,5.E-02,-3.635));
#2667 = VECTOR('',#2668,1.);
#2668 = DIRECTION('',(0.,-1.,0.));
#2669 = ORIENTED_EDGE('',*,*,#2670,.T.);
#2670 = EDGE_CURVE('',#2663,#2671,#2673,.T.);
#2671 = VERTEX_POINT('',#2672);
#2672 = CARTESIAN_POINT('',(-1.75,0.,-3.635));
#2673 = LINE('',#2674,#2675);
#2674 = CARTESIAN_POINT('',(-1.255,0.,-3.635));
#2675 = VECTOR('',#2676,1.);
#2676 = DIRECTION('',(-1.,0.,0.));
#2677 = ORIENTED_EDGE('',*,*,#2678,.F.);
#2678 = EDGE_CURVE('',#2655,#2671,#2679,.T.);
#2679 = LINE('',#2680,#2681);
#2680 = CARTESIAN_POINT('',(-1.75,5.E-02,-3.635));
#2681 = VECTOR('',#2682,1.);
#2682 = DIRECTION('',(0.,-1.,0.));
#2683 = PLANE('',#2684);
#2684 = AXIS2_PLACEMENT_3D('',#2685,#2686,#2687);
#2685 = CARTESIAN_POINT('',(-1.255,5.E-02,-3.635));
#2686 = DIRECTION('',(-0.,-0.,-1.));
#2687 = DIRECTION('',(-1.,0.,0.));
#2688 = ADVANCED_FACE('',(#2689),#2732,.T.);
#2689 = FACE_BOUND('',#2690,.T.);
#2690 = EDGE_LOOP('',(#2691,#2692,#2700,#2708,#2717,#2725));
#2691 = ORIENTED_EDGE('',*,*,#2652,.T.);
#2692 = ORIENTED_EDGE('',*,*,#2693,.T.);
#2693 = EDGE_CURVE('',#2655,#2694,#2696,.T.);
#2694 = VERTEX_POINT('',#2695);
#2695 = CARTESIAN_POINT('',(-1.75,5.E-02,-3.365));
#2696 = LINE('',#2697,#2698);
#2697 = CARTESIAN_POINT('',(-1.75,5.E-02,-4.5));
#2698 = VECTOR('',#2699,1.);
#2699 = DIRECTION('',(0.,0.,1.));
#2700 = ORIENTED_EDGE('',*,*,#2701,.T.);
#2701 = EDGE_CURVE('',#2694,#2702,#2704,.T.);
#2702 = VERTEX_POINT('',#2703);
#2703 = CARTESIAN_POINT('',(-1.3871677,5.E-02,-3.365));
#2704 = LINE('',#2705,#2706);
#2705 = CARTESIAN_POINT('',(-2.115,5.E-02,-3.365));
#2706 = VECTOR('',#2707,1.);
#2707 = DIRECTION('',(1.,0.,0.));
#2708 = ORIENTED_EDGE('',*,*,#2709,.F.);
#2709 = EDGE_CURVE('',#2710,#2702,#2712,.T.);
#2710 = VERTEX_POINT('',#2711);
#2711 = CARTESIAN_POINT('',(-1.255,5.E-02,-3.4971677));
#2712 = CIRCLE('',#2713,0.1321677);
#2713 = AXIS2_PLACEMENT_3D('',#2714,#2715,#2716);
#2714 = CARTESIAN_POINT('',(-1.3871677,5.E-02,-3.4971677));
#2715 = DIRECTION('',(0.,-1.,0.));
#2716 = DIRECTION('',(0.,-0.,-1.));
#2717 = ORIENTED_EDGE('',*,*,#2718,.T.);
#2718 = EDGE_CURVE('',#2710,#2719,#2721,.T.);
#2719 = VERTEX_POINT('',#2720);
#2720 = CARTESIAN_POINT('',(-1.255,5.E-02,-3.5028323));
#2721 = LINE('',#2722,#2723);
#2722 = CARTESIAN_POINT('',(-1.255,5.E-02,-3.365));
#2723 = VECTOR('',#2724,1.);
#2724 = DIRECTION('',(0.,0.,-1.));
#2725 = ORIENTED_EDGE('',*,*,#2726,.F.);
#2726 = EDGE_CURVE('',#2653,#2719,#2727,.T.);
#2727 = CIRCLE('',#2728,0.1321677);
#2728 = AXIS2_PLACEMENT_3D('',#2729,#2730,#2731);
#2729 = CARTESIAN_POINT('',(-1.3871677,5.E-02,-3.5028323));
#2730 = DIRECTION('',(0.,-1.,0.));
#2731 = DIRECTION('',(0.,-0.,-1.));
#2732 = PLANE('',#2733);
#2733 = AXIS2_PLACEMENT_3D('',#2734,#2735,#2736);
#2734 = CARTESIAN_POINT('',(-1.685,5.E-02,-3.5));
#2735 = DIRECTION('',(0.,1.,0.));
#2736 = DIRECTION('',(0.,0.,1.));
#2737 = ADVANCED_FACE('',(#2738),#2757,.T.);
#2738 = FACE_BOUND('',#2739,.T.);
#2739 = EDGE_LOOP('',(#2740,#2741,#2749,#2756));
#2740 = ORIENTED_EDGE('',*,*,#2726,.T.);
#2741 = ORIENTED_EDGE('',*,*,#2742,.T.);
#2742 = EDGE_CURVE('',#2719,#2743,#2745,.T.);
#2743 = VERTEX_POINT('',#2744);
#2744 = CARTESIAN_POINT('',(-1.255,0.,-3.5028323));
#2745 = LINE('',#2746,#2747);
#2746 = CARTESIAN_POINT('',(-1.255,5.E-02,-3.5028323));
#2747 = VECTOR('',#2748,1.);
#2748 = DIRECTION('',(0.,-1.,0.));
#2749 = ORIENTED_EDGE('',*,*,#2750,.F.);
#2750 = EDGE_CURVE('',#2663,#2743,#2751,.T.);
#2751 = CIRCLE('',#2752,0.1321677);
#2752 = AXIS2_PLACEMENT_3D('',#2753,#2754,#2755);
#2753 = CARTESIAN_POINT('',(-1.3871677,6.938893903907E-18,-3.5028323));
#2754 = DIRECTION('',(0.,-1.,0.));
#2755 = DIRECTION('',(0.,-0.,-1.));
#2756 = ORIENTED_EDGE('',*,*,#2662,.F.);
#2757 = CYLINDRICAL_SURFACE('',#2758,0.1321677);
#2758 = AXIS2_PLACEMENT_3D('',#2759,#2760,#2761);
#2759 = CARTESIAN_POINT('',(-1.3871677,5.E-02,-3.5028323));
#2760 = DIRECTION('',(0.,-1.,0.));
#2761 = DIRECTION('',(0.,0.,-1.));
#2762 = ADVANCED_FACE('',(#2763),#2781,.T.);
#2763 = FACE_BOUND('',#2764,.T.);
#2764 = EDGE_LOOP('',(#2765,#2766,#2774,#2780));
#2765 = ORIENTED_EDGE('',*,*,#2678,.T.);
#2766 = ORIENTED_EDGE('',*,*,#2767,.T.);
#2767 = EDGE_CURVE('',#2671,#2768,#2770,.T.);
#2768 = VERTEX_POINT('',#2769);
#2769 = CARTESIAN_POINT('',(-1.75,0.,-3.365));
#2770 = LINE('',#2771,#2772);
#2771 = CARTESIAN_POINT('',(-1.75,0.,-4.5));
#2772 = VECTOR('',#2773,1.);
#2773 = DIRECTION('',(0.,0.,1.));
#2774 = ORIENTED_EDGE('',*,*,#2775,.F.);
#2775 = EDGE_CURVE('',#2694,#2768,#2776,.T.);
#2776 = LINE('',#2777,#2778);
#2777 = CARTESIAN_POINT('',(-1.75,5.E-02,-3.365));
#2778 = VECTOR('',#2779,1.);
#2779 = DIRECTION('',(0.,-1.,0.));
#2780 = ORIENTED_EDGE('',*,*,#2693,.F.);
#2781 = PLANE('',#2782);
#2782 = AXIS2_PLACEMENT_3D('',#2783,#2784,#2785);
#2783 = CARTESIAN_POINT('',(-1.75,5.E-02,-3.635));
#2784 = DIRECTION('',(-1.,0.,0.));
#2785 = DIRECTION('',(0.,0.,1.));
#2786 = ADVANCED_FACE('',(#2787),#2815,.F.);
#2787 = FACE_BOUND('',#2788,.F.);
#2788 = EDGE_LOOP('',(#2789,#2790,#2791,#2799,#2808,#2814));
#2789 = ORIENTED_EDGE('',*,*,#2670,.T.);
#2790 = ORIENTED_EDGE('',*,*,#2767,.T.);
#2791 = ORIENTED_EDGE('',*,*,#2792,.T.);
#2792 = EDGE_CURVE('',#2768,#2793,#2795,.T.);
#2793 = VERTEX_POINT('',#2794);
#2794 = CARTESIAN_POINT('',(-1.3871677,0.,-3.365));
#2795 = LINE('',#2796,#2797);
#2796 = CARTESIAN_POINT('',(-2.115,0.,-3.365));
#2797 = VECTOR('',#2798,1.);
#2798 = DIRECTION('',(1.,0.,0.));
#2799 = ORIENTED_EDGE('',*,*,#2800,.F.);
#2800 = EDGE_CURVE('',#2801,#2793,#2803,.T.);
#2801 = VERTEX_POINT('',#2802);
#2802 = CARTESIAN_POINT('',(-1.255,0.,-3.4971677));
#2803 = CIRCLE('',#2804,0.1321677);
#2804 = AXIS2_PLACEMENT_3D('',#2805,#2806,#2807);
#2805 = CARTESIAN_POINT('',(-1.3871677,6.938893903907E-18,-3.4971677));
#2806 = DIRECTION('',(0.,-1.,0.));
#2807 = DIRECTION('',(0.,-0.,-1.));
#2808 = ORIENTED_EDGE('',*,*,#2809,.T.);
#2809 = EDGE_CURVE('',#2801,#2743,#2810,.T.);
#2810 = LINE('',#2811,#2812);
#2811 = CARTESIAN_POINT('',(-1.255,0.,-3.365));
#2812 = VECTOR('',#2813,1.);
#2813 = DIRECTION('',(0.,0.,-1.));
#2814 = ORIENTED_EDGE('',*,*,#2750,.F.);
#2815 = PLANE('',#2816);
#2816 = AXIS2_PLACEMENT_3D('',#2817,#2818,#2819);
#2817 = CARTESIAN_POINT('',(-1.685,6.938893903907E-18,-3.5));
#2818 = DIRECTION('',(0.,1.,0.));
#2819 = DIRECTION('',(0.,0.,1.));
#2820 = ADVANCED_FACE('',(#2821),#2832,.T.);
#2821 = FACE_BOUND('',#2822,.T.);
#2822 = EDGE_LOOP('',(#2823,#2824,#2830,#2831));
#2823 = ORIENTED_EDGE('',*,*,#2718,.F.);
#2824 = ORIENTED_EDGE('',*,*,#2825,.T.);
#2825 = EDGE_CURVE('',#2710,#2801,#2826,.T.);
#2826 = LINE('',#2827,#2828);
#2827 = CARTESIAN_POINT('',(-1.255,5.E-02,-3.4971677));
#2828 = VECTOR('',#2829,1.);
#2829 = DIRECTION('',(0.,-1.,0.));
#2830 = ORIENTED_EDGE('',*,*,#2809,.T.);
#2831 = ORIENTED_EDGE('',*,*,#2742,.F.);
#2832 = PLANE('',#2833);
#2833 = AXIS2_PLACEMENT_3D('',#2834,#2835,#2836);
#2834 = CARTESIAN_POINT('',(-1.255,5.E-02,-3.365));
#2835 = DIRECTION('',(1.,0.,0.));
#2836 = DIRECTION('',(0.,0.,-1.));
#2837 = ADVANCED_FACE('',(#2838),#2849,.T.);
#2838 = FACE_BOUND('',#2839,.T.);
#2839 = EDGE_LOOP('',(#2840,#2841,#2842,#2843));
#2840 = ORIENTED_EDGE('',*,*,#2701,.F.);
#2841 = ORIENTED_EDGE('',*,*,#2775,.T.);
#2842 = ORIENTED_EDGE('',*,*,#2792,.T.);
#2843 = ORIENTED_EDGE('',*,*,#2844,.F.);
#2844 = EDGE_CURVE('',#2702,#2793,#2845,.T.);
#2845 = LINE('',#2846,#2847);
#2846 = CARTESIAN_POINT('',(-1.3871677,5.E-02,-3.365));
#2847 = VECTOR('',#2848,1.);
#2848 = DIRECTION('',(0.,-1.,0.));
#2849 = PLANE('',#2850);
#2850 = AXIS2_PLACEMENT_3D('',#2851,#2852,#2853);
#2851 = CARTESIAN_POINT('',(-1.75,5.E-02,-3.365));
#2852 = DIRECTION('',(0.,0.,1.));
#2853 = DIRECTION('',(1.,0.,0.));
#2854 = ADVANCED_FACE('',(#2855),#2861,.T.);
#2855 = FACE_BOUND('',#2856,.T.);
#2856 = EDGE_LOOP('',(#2857,#2858,#2859,#2860));
#2857 = ORIENTED_EDGE('',*,*,#2709,.T.);
#2858 = ORIENTED_EDGE('',*,*,#2844,.T.);
#2859 = ORIENTED_EDGE('',*,*,#2800,.F.);
#2860 = ORIENTED_EDGE('',*,*,#2825,.F.);
#2861 = CYLINDRICAL_SURFACE('',#2862,0.1321677);
#2862 = AXIS2_PLACEMENT_3D('',#2863,#2864,#2865);
#2863 = CARTESIAN_POINT('',(-1.3871677,5.E-02,-3.4971677));
#2864 = DIRECTION('',(0.,-1.,0.));
#2865 = DIRECTION('',(1.,0.,0.));
#2866 = ( GEOMETRIC_REPRESENTATION_CONTEXT(3) 
GLOBAL_UNCERTAINTY_ASSIGNED_CONTEXT((#2870)) 
GLOBAL_UNIT_ASSIGNED_CONTEXT((#2867,#2868,#2869)) REPRESENTATION_CONTEXT
('Context #1','3D Context with UNIT and UNCERTAINTY') );
#2867 = ( LENGTH_UNIT() NAMED_UNIT(*) SI_UNIT(.MILLI.,.METRE.) );
#2868 = ( NAMED_UNIT(*) PLANE_ANGLE_UNIT() SI_UNIT($,.RADIAN.) );
#2869 = ( NAMED_UNIT(*) SI_UNIT($,.STERADIAN.) SOLID_ANGLE_UNIT() );
#2870 = UNCERTAINTY_MEASURE_WITH_UNIT(LENGTH_MEASURE(1.E-07),#2867,
  'distance_accuracy_value','confusion accuracy');
#2871 = CONTEXT_DEPENDENT_SHAPE_REPRESENTATION(#2872,#2874);
#2872 = ( REPRESENTATION_RELATIONSHIP('','',#2645,#10) 
REPRESENTATION_RELATIONSHIP_WITH_TRANSFORMATION(#2873) 
SHAPE_REPRESENTATION_RELATIONSHIP() );
#2873 = ITEM_DEFINED_TRANSFORMATION('','',#11,#59);
#2874 = PRODUCT_DEFINITION_SHAPE('Placement','Placement of an item',
  #2875);
#2875 = NEXT_ASSEMBLY_USAGE_OCCURRENCE('4066','Pad_2_1','',#5,#2640,$);
#2876 = PRODUCT_RELATED_PRODUCT_CATEGORY('part',$,(#2642));
#2877 = SHAPE_DEFINITION_REPRESENTATION(#2878,#2884);
#2878 = PRODUCT_DEFINITION_SHAPE('','',#2879);
#2879 = PRODUCT_DEFINITION('design','',#2880,#2883);
#2880 = PRODUCT_DEFINITION_FORMATION('','',#2881);
#2881 = PRODUCT('Pad_3_1','Pad_3_1','',(#2882));
#2882 = PRODUCT_CONTEXT('',#2,'mechanical');
#2883 = PRODUCT_DEFINITION_CONTEXT('part definition',#2,'design');
#2884 = ADVANCED_BREP_SHAPE_REPRESENTATION('',(#11,#2885),#3105);
#2885 = MANIFOLD_SOLID_BREP('',#2886);
#2886 = CLOSED_SHELL('',(#2887,#2927,#2976,#3001,#3025,#3059,#3076,#3093
    ));
#2887 = ADVANCED_FACE('',(#2888),#2922,.T.);
#2888 = FACE_BOUND('',#2889,.T.);
#2889 = EDGE_LOOP('',(#2890,#2900,#2908,#2916));
#2890 = ORIENTED_EDGE('',*,*,#2891,.F.);
#2891 = EDGE_CURVE('',#2892,#2894,#2896,.T.);
#2892 = VERTEX_POINT('',#2893);
#2893 = CARTESIAN_POINT('',(-1.3871677,5.E-02,-3.135));
#2894 = VERTEX_POINT('',#2895);
#2895 = CARTESIAN_POINT('',(-1.75,5.E-02,-3.135));
#2896 = LINE('',#2897,#2898);
#2897 = CARTESIAN_POINT('',(-1.255,5.E-02,-3.135));
#2898 = VECTOR('',#2899,1.);
#2899 = DIRECTION('',(-1.,0.,0.));
#2900 = ORIENTED_EDGE('',*,*,#2901,.T.);
#2901 = EDGE_CURVE('',#2892,#2902,#2904,.T.);
#2902 = VERTEX_POINT('',#2903);
#2903 = CARTESIAN_POINT('',(-1.3871677,0.,-3.135));
#2904 = LINE('',#2905,#2906);
#2905 = CARTESIAN_POINT('',(-1.3871677,5.E-02,-3.135));
#2906 = VECTOR('',#2907,1.);
#2907 = DIRECTION('',(0.,-1.,0.));
#2908 = ORIENTED_EDGE('',*,*,#2909,.T.);
#2909 = EDGE_CURVE('',#2902,#2910,#2912,.T.);
#2910 = VERTEX_POINT('',#2911);
#2911 = CARTESIAN_POINT('',(-1.75,0.,-3.135));
#2912 = LINE('',#2913,#2914);
#2913 = CARTESIAN_POINT('',(-1.255,0.,-3.135));
#2914 = VECTOR('',#2915,1.);
#2915 = DIRECTION('',(-1.,0.,0.));
#2916 = ORIENTED_EDGE('',*,*,#2917,.F.);
#2917 = EDGE_CURVE('',#2894,#2910,#2918,.T.);
#2918 = LINE('',#2919,#2920);
#2919 = CARTESIAN_POINT('',(-1.75,5.E-02,-3.135));
#2920 = VECTOR('',#2921,1.);
#2921 = DIRECTION('',(0.,-1.,0.));
#2922 = PLANE('',#2923);
#2923 = AXIS2_PLACEMENT_3D('',#2924,#2925,#2926);
#2924 = CARTESIAN_POINT('',(-1.255,5.E-02,-3.135));
#2925 = DIRECTION('',(-0.,-0.,-1.));
#2926 = DIRECTION('',(-1.,0.,0.));
#2927 = ADVANCED_FACE('',(#2928),#2971,.T.);
#2928 = FACE_BOUND('',#2929,.T.);
#2929 = EDGE_LOOP('',(#2930,#2931,#2939,#2947,#2956,#2964));
#2930 = ORIENTED_EDGE('',*,*,#2891,.T.);
#2931 = ORIENTED_EDGE('',*,*,#2932,.T.);
#2932 = EDGE_CURVE('',#2894,#2933,#2935,.T.);
#2933 = VERTEX_POINT('',#2934);
#2934 = CARTESIAN_POINT('',(-1.75,5.E-02,-2.865));
#2935 = LINE('',#2936,#2937);
#2936 = CARTESIAN_POINT('',(-1.75,5.E-02,-4.5));
#2937 = VECTOR('',#2938,1.);
#2938 = DIRECTION('',(0.,0.,1.));
#2939 = ORIENTED_EDGE('',*,*,#2940,.T.);
#2940 = EDGE_CURVE('',#2933,#2941,#2943,.T.);
#2941 = VERTEX_POINT('',#2942);
#2942 = CARTESIAN_POINT('',(-1.3871677,5.E-02,-2.865));
#2943 = LINE('',#2944,#2945);
#2944 = CARTESIAN_POINT('',(-2.115,5.E-02,-2.865));
#2945 = VECTOR('',#2946,1.);
#2946 = DIRECTION('',(1.,0.,0.));
#2947 = ORIENTED_EDGE('',*,*,#2948,.F.);
#2948 = EDGE_CURVE('',#2949,#2941,#2951,.T.);
#2949 = VERTEX_POINT('',#2950);
#2950 = CARTESIAN_POINT('',(-1.255,5.E-02,-2.9971677));
#2951 = CIRCLE('',#2952,0.1321677);
#2952 = AXIS2_PLACEMENT_3D('',#2953,#2954,#2955);
#2953 = CARTESIAN_POINT('',(-1.3871677,5.E-02,-2.9971677));
#2954 = DIRECTION('',(0.,-1.,0.));
#2955 = DIRECTION('',(0.,-0.,-1.));
#2956 = ORIENTED_EDGE('',*,*,#2957,.T.);
#2957 = EDGE_CURVE('',#2949,#2958,#2960,.T.);
#2958 = VERTEX_POINT('',#2959);
#2959 = CARTESIAN_POINT('',(-1.255,5.E-02,-3.0028323));
#2960 = LINE('',#2961,#2962);
#2961 = CARTESIAN_POINT('',(-1.255,5.E-02,-2.865));
#2962 = VECTOR('',#2963,1.);
#2963 = DIRECTION('',(0.,0.,-1.));
#2964 = ORIENTED_EDGE('',*,*,#2965,.F.);
#2965 = EDGE_CURVE('',#2892,#2958,#2966,.T.);
#2966 = CIRCLE('',#2967,0.1321677);
#2967 = AXIS2_PLACEMENT_3D('',#2968,#2969,#2970);
#2968 = CARTESIAN_POINT('',(-1.3871677,5.E-02,-3.0028323));
#2969 = DIRECTION('',(0.,-1.,0.));
#2970 = DIRECTION('',(0.,-0.,-1.));
#2971 = PLANE('',#2972);
#2972 = AXIS2_PLACEMENT_3D('',#2973,#2974,#2975);
#2973 = CARTESIAN_POINT('',(-1.685,5.E-02,-3.));
#2974 = DIRECTION('',(0.,1.,0.));
#2975 = DIRECTION('',(0.,0.,1.));
#2976 = ADVANCED_FACE('',(#2977),#2996,.T.);
#2977 = FACE_BOUND('',#2978,.T.);
#2978 = EDGE_LOOP('',(#2979,#2980,#2988,#2995));
#2979 = ORIENTED_EDGE('',*,*,#2965,.T.);
#2980 = ORIENTED_EDGE('',*,*,#2981,.T.);
#2981 = EDGE_CURVE('',#2958,#2982,#2984,.T.);
#2982 = VERTEX_POINT('',#2983);
#2983 = CARTESIAN_POINT('',(-1.255,0.,-3.0028323));
#2984 = LINE('',#2985,#2986);
#2985 = CARTESIAN_POINT('',(-1.255,5.E-02,-3.0028323));
#2986 = VECTOR('',#2987,1.);
#2987 = DIRECTION('',(0.,-1.,0.));
#2988 = ORIENTED_EDGE('',*,*,#2989,.F.);
#2989 = EDGE_CURVE('',#2902,#2982,#2990,.T.);
#2990 = CIRCLE('',#2991,0.1321677);
#2991 = AXIS2_PLACEMENT_3D('',#2992,#2993,#2994);
#2992 = CARTESIAN_POINT('',(-1.3871677,6.938893903907E-18,-3.0028323));
#2993 = DIRECTION('',(0.,-1.,0.));
#2994 = DIRECTION('',(0.,-0.,-1.));
#2995 = ORIENTED_EDGE('',*,*,#2901,.F.);
#2996 = CYLINDRICAL_SURFACE('',#2997,0.1321677);
#2997 = AXIS2_PLACEMENT_3D('',#2998,#2999,#3000);
#2998 = CARTESIAN_POINT('',(-1.3871677,5.E-02,-3.0028323));
#2999 = DIRECTION('',(0.,-1.,0.));
#3000 = DIRECTION('',(0.,0.,-1.));
#3001 = ADVANCED_FACE('',(#3002),#3020,.T.);
#3002 = FACE_BOUND('',#3003,.T.);
#3003 = EDGE_LOOP('',(#3004,#3005,#3013,#3019));
#3004 = ORIENTED_EDGE('',*,*,#2917,.T.);
#3005 = ORIENTED_EDGE('',*,*,#3006,.T.);
#3006 = EDGE_CURVE('',#2910,#3007,#3009,.T.);
#3007 = VERTEX_POINT('',#3008);
#3008 = CARTESIAN_POINT('',(-1.75,0.,-2.865));
#3009 = LINE('',#3010,#3011);
#3010 = CARTESIAN_POINT('',(-1.75,0.,-4.5));
#3011 = VECTOR('',#3012,1.);
#3012 = DIRECTION('',(0.,0.,1.));
#3013 = ORIENTED_EDGE('',*,*,#3014,.F.);
#3014 = EDGE_CURVE('',#2933,#3007,#3015,.T.);
#3015 = LINE('',#3016,#3017);
#3016 = CARTESIAN_POINT('',(-1.75,5.E-02,-2.865));
#3017 = VECTOR('',#3018,1.);
#3018 = DIRECTION('',(0.,-1.,0.));
#3019 = ORIENTED_EDGE('',*,*,#2932,.F.);
#3020 = PLANE('',#3021);
#3021 = AXIS2_PLACEMENT_3D('',#3022,#3023,#3024);
#3022 = CARTESIAN_POINT('',(-1.75,5.E-02,-3.135));
#3023 = DIRECTION('',(-1.,0.,0.));
#3024 = DIRECTION('',(0.,0.,1.));
#3025 = ADVANCED_FACE('',(#3026),#3054,.F.);
#3026 = FACE_BOUND('',#3027,.F.);
#3027 = EDGE_LOOP('',(#3028,#3029,#3030,#3038,#3047,#3053));
#3028 = ORIENTED_EDGE('',*,*,#2909,.T.);
#3029 = ORIENTED_EDGE('',*,*,#3006,.T.);
#3030 = ORIENTED_EDGE('',*,*,#3031,.T.);
#3031 = EDGE_CURVE('',#3007,#3032,#3034,.T.);
#3032 = VERTEX_POINT('',#3033);
#3033 = CARTESIAN_POINT('',(-1.3871677,0.,-2.865));
#3034 = LINE('',#3035,#3036);
#3035 = CARTESIAN_POINT('',(-2.115,0.,-2.865));
#3036 = VECTOR('',#3037,1.);
#3037 = DIRECTION('',(1.,0.,0.));
#3038 = ORIENTED_EDGE('',*,*,#3039,.F.);
#3039 = EDGE_CURVE('',#3040,#3032,#3042,.T.);
#3040 = VERTEX_POINT('',#3041);
#3041 = CARTESIAN_POINT('',(-1.255,0.,-2.9971677));
#3042 = CIRCLE('',#3043,0.1321677);
#3043 = AXIS2_PLACEMENT_3D('',#3044,#3045,#3046);
#3044 = CARTESIAN_POINT('',(-1.3871677,6.938893903907E-18,-2.9971677));
#3045 = DIRECTION('',(0.,-1.,0.));
#3046 = DIRECTION('',(0.,-0.,-1.));
#3047 = ORIENTED_EDGE('',*,*,#3048,.T.);
#3048 = EDGE_CURVE('',#3040,#2982,#3049,.T.);
#3049 = LINE('',#3050,#3051);
#3050 = CARTESIAN_POINT('',(-1.255,0.,-2.865));
#3051 = VECTOR('',#3052,1.);
#3052 = DIRECTION('',(0.,0.,-1.));
#3053 = ORIENTED_EDGE('',*,*,#2989,.F.);
#3054 = PLANE('',#3055);
#3055 = AXIS2_PLACEMENT_3D('',#3056,#3057,#3058);
#3056 = CARTESIAN_POINT('',(-1.685,6.938893903907E-18,-3.));
#3057 = DIRECTION('',(0.,1.,0.));
#3058 = DIRECTION('',(0.,0.,1.));
#3059 = ADVANCED_FACE('',(#3060),#3071,.T.);
#3060 = FACE_BOUND('',#3061,.T.);
#3061 = EDGE_LOOP('',(#3062,#3063,#3069,#3070));
#3062 = ORIENTED_EDGE('',*,*,#2957,.F.);
#3063 = ORIENTED_EDGE('',*,*,#3064,.T.);
#3064 = EDGE_CURVE('',#2949,#3040,#3065,.T.);
#3065 = LINE('',#3066,#3067);
#3066 = CARTESIAN_POINT('',(-1.255,5.E-02,-2.9971677));
#3067 = VECTOR('',#3068,1.);
#3068 = DIRECTION('',(0.,-1.,0.));
#3069 = ORIENTED_EDGE('',*,*,#3048,.T.);
#3070 = ORIENTED_EDGE('',*,*,#2981,.F.);
#3071 = PLANE('',#3072);
#3072 = AXIS2_PLACEMENT_3D('',#3073,#3074,#3075);
#3073 = CARTESIAN_POINT('',(-1.255,5.E-02,-2.865));
#3074 = DIRECTION('',(1.,0.,0.));
#3075 = DIRECTION('',(0.,0.,-1.));
#3076 = ADVANCED_FACE('',(#3077),#3088,.T.);
#3077 = FACE_BOUND('',#3078,.T.);
#3078 = EDGE_LOOP('',(#3079,#3080,#3081,#3082));
#3079 = ORIENTED_EDGE('',*,*,#2940,.F.);
#3080 = ORIENTED_EDGE('',*,*,#3014,.T.);
#3081 = ORIENTED_EDGE('',*,*,#3031,.T.);
#3082 = ORIENTED_EDGE('',*,*,#3083,.F.);
#3083 = EDGE_CURVE('',#2941,#3032,#3084,.T.);
#3084 = LINE('',#3085,#3086);
#3085 = CARTESIAN_POINT('',(-1.3871677,5.E-02,-2.865));
#3086 = VECTOR('',#3087,1.);
#3087 = DIRECTION('',(0.,-1.,0.));
#3088 = PLANE('',#3089);
#3089 = AXIS2_PLACEMENT_3D('',#3090,#3091,#3092);
#3090 = CARTESIAN_POINT('',(-1.75,5.E-02,-2.865));
#3091 = DIRECTION('',(0.,0.,1.));
#3092 = DIRECTION('',(1.,0.,0.));
#3093 = ADVANCED_FACE('',(#3094),#3100,.T.);
#3094 = FACE_BOUND('',#3095,.T.);
#3095 = EDGE_LOOP('',(#3096,#3097,#3098,#3099));
#3096 = ORIENTED_EDGE('',*,*,#2948,.T.);
#3097 = ORIENTED_EDGE('',*,*,#3083,.T.);
#3098 = ORIENTED_EDGE('',*,*,#3039,.F.);
#3099 = ORIENTED_EDGE('',*,*,#3064,.F.);
#3100 = CYLINDRICAL_SURFACE('',#3101,0.1321677);
#3101 = AXIS2_PLACEMENT_3D('',#3102,#3103,#3104);
#3102 = CARTESIAN_POINT('',(-1.3871677,5.E-02,-2.9971677));
#3103 = DIRECTION('',(0.,-1.,0.));
#3104 = DIRECTION('',(1.,0.,0.));
#3105 = ( GEOMETRIC_REPRESENTATION_CONTEXT(3) 
GLOBAL_UNCERTAINTY_ASSIGNED_CONTEXT((#3109)) 
GLOBAL_UNIT_ASSIGNED_CONTEXT((#3106,#3107,#3108)) REPRESENTATION_CONTEXT
('Context #1','3D Context with UNIT and UNCERTAINTY') );
#3106 = ( LENGTH_UNIT() NAMED_UNIT(*) SI_UNIT(.MILLI.,.METRE.) );
#3107 = ( NAMED_UNIT(*) PLANE_ANGLE_UNIT() SI_UNIT($,.RADIAN.) );
#3108 = ( NAMED_UNIT(*) SI_UNIT($,.STERADIAN.) SOLID_ANGLE_UNIT() );
#3109 = UNCERTAINTY_MEASURE_WITH_UNIT(LENGTH_MEASURE(1.E-07),#3106,
  'distance_accuracy_value','confusion accuracy');
#3110 = CONTEXT_DEPENDENT_SHAPE_REPRESENTATION(#3111,#3113);
#3111 = ( REPRESENTATION_RELATIONSHIP('','',#2884,#10) 
REPRESENTATION_RELATIONSHIP_WITH_TRANSFORMATION(#3112) 
SHAPE_REPRESENTATION_RELATIONSHIP() );
#3112 = ITEM_DEFINED_TRANSFORMATION('','',#11,#63);
#3113 = PRODUCT_DEFINITION_SHAPE('Placement','Placement of an item',
  #3114);
#3114 = NEXT_ASSEMBLY_USAGE_OCCURRENCE('4067','Pad_3_1','',#5,#2879,$);
#3115 = PRODUCT_RELATED_PRODUCT_CATEGORY('part',$,(#2881));
#3116 = SHAPE_DEFINITION_REPRESENTATION(#3117,#3123);
#3117 = PRODUCT_DEFINITION_SHAPE('','',#3118);
#3118 = PRODUCT_DEFINITION('design','',#3119,#3122);
#3119 = PRODUCT_DEFINITION_FORMATION('','',#3120);
#3120 = PRODUCT('Pad_4_1','Pad_4_1','',(#3121));
#3121 = PRODUCT_CONTEXT('',#2,'mechanical');
#3122 = PRODUCT_DEFINITION_CONTEXT('part definition',#2,'design');
#3123 = ADVANCED_BREP_SHAPE_REPRESENTATION('',(#11,#3124),#3344);
#3124 = MANIFOLD_SOLID_BREP('',#3125);
#3125 = CLOSED_SHELL('',(#3126,#3166,#3215,#3240,#3264,#3298,#3315,#3332
    ));
#3126 = ADVANCED_FACE('',(#3127),#3161,.T.);
#3127 = FACE_BOUND('',#3128,.T.);
#3128 = EDGE_LOOP('',(#3129,#3139,#3147,#3155));
#3129 = ORIENTED_EDGE('',*,*,#3130,.F.);
#3130 = EDGE_CURVE('',#3131,#3133,#3135,.T.);
#3131 = VERTEX_POINT('',#3132);
#3132 = CARTESIAN_POINT('',(-1.3871677,5.E-02,-2.635));
#3133 = VERTEX_POINT('',#3134);
#3134 = CARTESIAN_POINT('',(-1.75,5.E-02,-2.635));
#3135 = LINE('',#3136,#3137);
#3136 = CARTESIAN_POINT('',(-1.255,5.E-02,-2.635));
#3137 = VECTOR('',#3138,1.);
#3138 = DIRECTION('',(-1.,0.,0.));
#3139 = ORIENTED_EDGE('',*,*,#3140,.T.);
#3140 = EDGE_CURVE('',#3131,#3141,#3143,.T.);
#3141 = VERTEX_POINT('',#3142);
#3142 = CARTESIAN_POINT('',(-1.3871677,0.,-2.635));
#3143 = LINE('',#3144,#3145);
#3144 = CARTESIAN_POINT('',(-1.3871677,5.E-02,-2.635));
#3145 = VECTOR('',#3146,1.);
#3146 = DIRECTION('',(0.,-1.,0.));
#3147 = ORIENTED_EDGE('',*,*,#3148,.T.);
#3148 = EDGE_CURVE('',#3141,#3149,#3151,.T.);
#3149 = VERTEX_POINT('',#3150);
#3150 = CARTESIAN_POINT('',(-1.75,0.,-2.635));
#3151 = LINE('',#3152,#3153);
#3152 = CARTESIAN_POINT('',(-1.255,0.,-2.635));
#3153 = VECTOR('',#3154,1.);
#3154 = DIRECTION('',(-1.,0.,0.));
#3155 = ORIENTED_EDGE('',*,*,#3156,.F.);
#3156 = EDGE_CURVE('',#3133,#3149,#3157,.T.);
#3157 = LINE('',#3158,#3159);
#3158 = CARTESIAN_POINT('',(-1.75,5.E-02,-2.635));
#3159 = VECTOR('',#3160,1.);
#3160 = DIRECTION('',(0.,-1.,0.));
#3161 = PLANE('',#3162);
#3162 = AXIS2_PLACEMENT_3D('',#3163,#3164,#3165);
#3163 = CARTESIAN_POINT('',(-1.255,5.E-02,-2.635));
#3164 = DIRECTION('',(-0.,-0.,-1.));
#3165 = DIRECTION('',(-1.,0.,0.));
#3166 = ADVANCED_FACE('',(#3167),#3210,.T.);
#3167 = FACE_BOUND('',#3168,.T.);
#3168 = EDGE_LOOP('',(#3169,#3170,#3178,#3186,#3195,#3203));
#3169 = ORIENTED_EDGE('',*,*,#3130,.T.);
#3170 = ORIENTED_EDGE('',*,*,#3171,.T.);
#3171 = EDGE_CURVE('',#3133,#3172,#3174,.T.);
#3172 = VERTEX_POINT('',#3173);
#3173 = CARTESIAN_POINT('',(-1.75,5.E-02,-2.365));
#3174 = LINE('',#3175,#3176);
#3175 = CARTESIAN_POINT('',(-1.75,5.E-02,-4.5));
#3176 = VECTOR('',#3177,1.);
#3177 = DIRECTION('',(0.,0.,1.));
#3178 = ORIENTED_EDGE('',*,*,#3179,.T.);
#3179 = EDGE_CURVE('',#3172,#3180,#3182,.T.);
#3180 = VERTEX_POINT('',#3181);
#3181 = CARTESIAN_POINT('',(-1.3871677,5.E-02,-2.365));
#3182 = LINE('',#3183,#3184);
#3183 = CARTESIAN_POINT('',(-2.115,5.E-02,-2.365));
#3184 = VECTOR('',#3185,1.);
#3185 = DIRECTION('',(1.,0.,0.));
#3186 = ORIENTED_EDGE('',*,*,#3187,.F.);
#3187 = EDGE_CURVE('',#3188,#3180,#3190,.T.);
#3188 = VERTEX_POINT('',#3189);
#3189 = CARTESIAN_POINT('',(-1.255,5.E-02,-2.4971677));
#3190 = CIRCLE('',#3191,0.1321677);
#3191 = AXIS2_PLACEMENT_3D('',#3192,#3193,#3194);
#3192 = CARTESIAN_POINT('',(-1.3871677,5.E-02,-2.4971677));
#3193 = DIRECTION('',(0.,-1.,0.));
#3194 = DIRECTION('',(0.,-0.,-1.));
#3195 = ORIENTED_EDGE('',*,*,#3196,.T.);
#3196 = EDGE_CURVE('',#3188,#3197,#3199,.T.);
#3197 = VERTEX_POINT('',#3198);
#3198 = CARTESIAN_POINT('',(-1.255,5.E-02,-2.5028323));
#3199 = LINE('',#3200,#3201);
#3200 = CARTESIAN_POINT('',(-1.255,5.E-02,-2.365));
#3201 = VECTOR('',#3202,1.);
#3202 = DIRECTION('',(0.,0.,-1.));
#3203 = ORIENTED_EDGE('',*,*,#3204,.F.);
#3204 = EDGE_CURVE('',#3131,#3197,#3205,.T.);
#3205 = CIRCLE('',#3206,0.1321677);
#3206 = AXIS2_PLACEMENT_3D('',#3207,#3208,#3209);
#3207 = CARTESIAN_POINT('',(-1.3871677,5.E-02,-2.5028323));
#3208 = DIRECTION('',(0.,-1.,0.));
#3209 = DIRECTION('',(0.,-0.,-1.));
#3210 = PLANE('',#3211);
#3211 = AXIS2_PLACEMENT_3D('',#3212,#3213,#3214);
#3212 = CARTESIAN_POINT('',(-1.685,5.E-02,-2.5));
#3213 = DIRECTION('',(0.,1.,0.));
#3214 = DIRECTION('',(0.,0.,1.));
#3215 = ADVANCED_FACE('',(#3216),#3235,.T.);
#3216 = FACE_BOUND('',#3217,.T.);
#3217 = EDGE_LOOP('',(#3218,#3219,#3227,#3234));
#3218 = ORIENTED_EDGE('',*,*,#3204,.T.);
#3219 = ORIENTED_EDGE('',*,*,#3220,.T.);
#3220 = EDGE_CURVE('',#3197,#3221,#3223,.T.);
#3221 = VERTEX_POINT('',#3222);
#3222 = CARTESIAN_POINT('',(-1.255,0.,-2.5028323));
#3223 = LINE('',#3224,#3225);
#3224 = CARTESIAN_POINT('',(-1.255,5.E-02,-2.5028323));
#3225 = VECTOR('',#3226,1.);
#3226 = DIRECTION('',(0.,-1.,0.));
#3227 = ORIENTED_EDGE('',*,*,#3228,.F.);
#3228 = EDGE_CURVE('',#3141,#3221,#3229,.T.);
#3229 = CIRCLE('',#3230,0.1321677);
#3230 = AXIS2_PLACEMENT_3D('',#3231,#3232,#3233);
#3231 = CARTESIAN_POINT('',(-1.3871677,6.938893903907E-18,-2.5028323));
#3232 = DIRECTION('',(0.,-1.,0.));
#3233 = DIRECTION('',(0.,-0.,-1.));
#3234 = ORIENTED_EDGE('',*,*,#3140,.F.);
#3235 = CYLINDRICAL_SURFACE('',#3236,0.1321677);
#3236 = AXIS2_PLACEMENT_3D('',#3237,#3238,#3239);
#3237 = CARTESIAN_POINT('',(-1.3871677,5.E-02,-2.5028323));
#3238 = DIRECTION('',(0.,-1.,0.));
#3239 = DIRECTION('',(0.,0.,-1.));
#3240 = ADVANCED_FACE('',(#3241),#3259,.T.);
#3241 = FACE_BOUND('',#3242,.T.);
#3242 = EDGE_LOOP('',(#3243,#3244,#3252,#3258));
#3243 = ORIENTED_EDGE('',*,*,#3156,.T.);
#3244 = ORIENTED_EDGE('',*,*,#3245,.T.);
#3245 = EDGE_CURVE('',#3149,#3246,#3248,.T.);
#3246 = VERTEX_POINT('',#3247);
#3247 = CARTESIAN_POINT('',(-1.75,0.,-2.365));
#3248 = LINE('',#3249,#3250);
#3249 = CARTESIAN_POINT('',(-1.75,0.,-4.5));
#3250 = VECTOR('',#3251,1.);
#3251 = DIRECTION('',(0.,0.,1.));
#3252 = ORIENTED_EDGE('',*,*,#3253,.F.);
#3253 = EDGE_CURVE('',#3172,#3246,#3254,.T.);
#3254 = LINE('',#3255,#3256);
#3255 = CARTESIAN_POINT('',(-1.75,5.E-02,-2.365));
#3256 = VECTOR('',#3257,1.);
#3257 = DIRECTION('',(0.,-1.,0.));
#3258 = ORIENTED_EDGE('',*,*,#3171,.F.);
#3259 = PLANE('',#3260);
#3260 = AXIS2_PLACEMENT_3D('',#3261,#3262,#3263);
#3261 = CARTESIAN_POINT('',(-1.75,5.E-02,-2.635));
#3262 = DIRECTION('',(-1.,0.,0.));
#3263 = DIRECTION('',(0.,0.,1.));
#3264 = ADVANCED_FACE('',(#3265),#3293,.F.);
#3265 = FACE_BOUND('',#3266,.F.);
#3266 = EDGE_LOOP('',(#3267,#3268,#3269,#3277,#3286,#3292));
#3267 = ORIENTED_EDGE('',*,*,#3148,.T.);
#3268 = ORIENTED_EDGE('',*,*,#3245,.T.);
#3269 = ORIENTED_EDGE('',*,*,#3270,.T.);
#3270 = EDGE_CURVE('',#3246,#3271,#3273,.T.);
#3271 = VERTEX_POINT('',#3272);
#3272 = CARTESIAN_POINT('',(-1.3871677,0.,-2.365));
#3273 = LINE('',#3274,#3275);
#3274 = CARTESIAN_POINT('',(-2.115,0.,-2.365));
#3275 = VECTOR('',#3276,1.);
#3276 = DIRECTION('',(1.,0.,0.));
#3277 = ORIENTED_EDGE('',*,*,#3278,.F.);
#3278 = EDGE_CURVE('',#3279,#3271,#3281,.T.);
#3279 = VERTEX_POINT('',#3280);
#3280 = CARTESIAN_POINT('',(-1.255,0.,-2.4971677));
#3281 = CIRCLE('',#3282,0.1321677);
#3282 = AXIS2_PLACEMENT_3D('',#3283,#3284,#3285);
#3283 = CARTESIAN_POINT('',(-1.3871677,6.938893903907E-18,-2.4971677));
#3284 = DIRECTION('',(0.,-1.,0.));
#3285 = DIRECTION('',(0.,-0.,-1.));
#3286 = ORIENTED_EDGE('',*,*,#3287,.T.);
#3287 = EDGE_CURVE('',#3279,#3221,#3288,.T.);
#3288 = LINE('',#3289,#3290);
#3289 = CARTESIAN_POINT('',(-1.255,0.,-2.365));
#3290 = VECTOR('',#3291,1.);
#3291 = DIRECTION('',(0.,0.,-1.));
#3292 = ORIENTED_EDGE('',*,*,#3228,.F.);
#3293 = PLANE('',#3294);
#3294 = AXIS2_PLACEMENT_3D('',#3295,#3296,#3297);
#3295 = CARTESIAN_POINT('',(-1.685,6.938893903907E-18,-2.5));
#3296 = DIRECTION('',(0.,1.,0.));
#3297 = DIRECTION('',(0.,0.,1.));
#3298 = ADVANCED_FACE('',(#3299),#3310,.T.);
#3299 = FACE_BOUND('',#3300,.T.);
#3300 = EDGE_LOOP('',(#3301,#3302,#3308,#3309));
#3301 = ORIENTED_EDGE('',*,*,#3196,.F.);
#3302 = ORIENTED_EDGE('',*,*,#3303,.T.);
#3303 = EDGE_CURVE('',#3188,#3279,#3304,.T.);
#3304 = LINE('',#3305,#3306);
#3305 = CARTESIAN_POINT('',(-1.255,5.E-02,-2.4971677));
#3306 = VECTOR('',#3307,1.);
#3307 = DIRECTION('',(0.,-1.,0.));
#3308 = ORIENTED_EDGE('',*,*,#3287,.T.);
#3309 = ORIENTED_EDGE('',*,*,#3220,.F.);
#3310 = PLANE('',#3311);
#3311 = AXIS2_PLACEMENT_3D('',#3312,#3313,#3314);
#3312 = CARTESIAN_POINT('',(-1.255,5.E-02,-2.365));
#3313 = DIRECTION('',(1.,0.,0.));
#3314 = DIRECTION('',(0.,0.,-1.));
#3315 = ADVANCED_FACE('',(#3316),#3327,.T.);
#3316 = FACE_BOUND('',#3317,.T.);
#3317 = EDGE_LOOP('',(#3318,#3319,#3320,#3321));
#3318 = ORIENTED_EDGE('',*,*,#3179,.F.);
#3319 = ORIENTED_EDGE('',*,*,#3253,.T.);
#3320 = ORIENTED_EDGE('',*,*,#3270,.T.);
#3321 = ORIENTED_EDGE('',*,*,#3322,.F.);
#3322 = EDGE_CURVE('',#3180,#3271,#3323,.T.);
#3323 = LINE('',#3324,#3325);
#3324 = CARTESIAN_POINT('',(-1.3871677,5.E-02,-2.365));
#3325 = VECTOR('',#3326,1.);
#3326 = DIRECTION('',(0.,-1.,0.));
#3327 = PLANE('',#3328);
#3328 = AXIS2_PLACEMENT_3D('',#3329,#3330,#3331);
#3329 = CARTESIAN_POINT('',(-1.75,5.E-02,-2.365));
#3330 = DIRECTION('',(0.,0.,1.));
#3331 = DIRECTION('',(1.,0.,0.));
#3332 = ADVANCED_FACE('',(#3333),#3339,.T.);
#3333 = FACE_BOUND('',#3334,.T.);
#3334 = EDGE_LOOP('',(#3335,#3336,#3337,#3338));
#3335 = ORIENTED_EDGE('',*,*,#3187,.T.);
#3336 = ORIENTED_EDGE('',*,*,#3322,.T.);
#3337 = ORIENTED_EDGE('',*,*,#3278,.F.);
#3338 = ORIENTED_EDGE('',*,*,#3303,.F.);
#3339 = CYLINDRICAL_SURFACE('',#3340,0.1321677);
#3340 = AXIS2_PLACEMENT_3D('',#3341,#3342,#3343);
#3341 = CARTESIAN_POINT('',(-1.3871677,5.E-02,-2.4971677));
#3342 = DIRECTION('',(0.,-1.,0.));
#3343 = DIRECTION('',(1.,0.,0.));
#3344 = ( GEOMETRIC_REPRESENTATION_CONTEXT(3) 
GLOBAL_UNCERTAINTY_ASSIGNED_CONTEXT((#3348)) 
GLOBAL_UNIT_ASSIGNED_CONTEXT((#3345,#3346,#3347)) REPRESENTATION_CONTEXT
('Context #1','3D Context with UNIT and UNCERTAINTY') );
#3345 = ( LENGTH_UNIT() NAMED_UNIT(*) SI_UNIT(.MILLI.,.METRE.) );
#3346 = ( NAMED_UNIT(*) PLANE_ANGLE_UNIT() SI_UNIT($,.RADIAN.) );
#3347 = ( NAMED_UNIT(*) SI_UNIT($,.STERADIAN.) SOLID_ANGLE_UNIT() );
#3348 = UNCERTAINTY_MEASURE_WITH_UNIT(LENGTH_MEASURE(1.E-07),#3345,
  'distance_accuracy_value','confusion accuracy');
#3349 = CONTEXT_DEPENDENT_SHAPE_REPRESENTATION(#3350,#3352);
#3350 = ( REPRESENTATION_RELATIONSHIP('','',#3123,#10) 
REPRESENTATION_RELATIONSHIP_WITH_TRANSFORMATION(#3351) 
SHAPE_REPRESENTATION_RELATIONSHIP() );
#3351 = ITEM_DEFINED_TRANSFORMATION('','',#11,#67);
#3352 = PRODUCT_DEFINITION_SHAPE('Placement','Placement of an item',
  #3353);
#3353 = NEXT_ASSEMBLY_USAGE_OCCURRENCE('4068','Pad_4_1','',#5,#3118,$);
#3354 = PRODUCT_RELATED_PRODUCT_CATEGORY('part',$,(#3120));
#3355 = SHAPE_DEFINITION_REPRESENTATION(#3356,#3362);
#3356 = PRODUCT_DEFINITION_SHAPE('','',#3357);
#3357 = PRODUCT_DEFINITION('design','',#3358,#3361);
#3358 = PRODUCT_DEFINITION_FORMATION('','',#3359);
#3359 = PRODUCT('Pad_5_1','Pad_5_1','',(#3360));
#3360 = PRODUCT_CONTEXT('',#2,'mechanical');
#3361 = PRODUCT_DEFINITION_CONTEXT('part definition',#2,'design');
#3362 = ADVANCED_BREP_SHAPE_REPRESENTATION('',(#11,#3363),#3583);
#3363 = MANIFOLD_SOLID_BREP('',#3364);
#3364 = CLOSED_SHELL('',(#3365,#3405,#3454,#3479,#3503,#3537,#3554,#3571
    ));
#3365 = ADVANCED_FACE('',(#3366),#3400,.T.);
#3366 = FACE_BOUND('',#3367,.T.);
#3367 = EDGE_LOOP('',(#3368,#3378,#3386,#3394));
#3368 = ORIENTED_EDGE('',*,*,#3369,.F.);
#3369 = EDGE_CURVE('',#3370,#3372,#3374,.T.);
#3370 = VERTEX_POINT('',#3371);
#3371 = CARTESIAN_POINT('',(-1.3871677,5.E-02,-2.135));
#3372 = VERTEX_POINT('',#3373);
#3373 = CARTESIAN_POINT('',(-1.75,5.E-02,-2.135));
#3374 = LINE('',#3375,#3376);
#3375 = CARTESIAN_POINT('',(-1.255,5.E-02,-2.135));
#3376 = VECTOR('',#3377,1.);
#3377 = DIRECTION('',(-1.,0.,0.));
#3378 = ORIENTED_EDGE('',*,*,#3379,.T.);
#3379 = EDGE_CURVE('',#3370,#3380,#3382,.T.);
#3380 = VERTEX_POINT('',#3381);
#3381 = CARTESIAN_POINT('',(-1.3871677,0.,-2.135));
#3382 = LINE('',#3383,#3384);
#3383 = CARTESIAN_POINT('',(-1.3871677,5.E-02,-2.135));
#3384 = VECTOR('',#3385,1.);
#3385 = DIRECTION('',(0.,-1.,0.));
#3386 = ORIENTED_EDGE('',*,*,#3387,.T.);
#3387 = EDGE_CURVE('',#3380,#3388,#3390,.T.);
#3388 = VERTEX_POINT('',#3389);
#3389 = CARTESIAN_POINT('',(-1.75,0.,-2.135));
#3390 = LINE('',#3391,#3392);
#3391 = CARTESIAN_POINT('',(-1.255,0.,-2.135));
#3392 = VECTOR('',#3393,1.);
#3393 = DIRECTION('',(-1.,0.,0.));
#3394 = ORIENTED_EDGE('',*,*,#3395,.F.);
#3395 = EDGE_CURVE('',#3372,#3388,#3396,.T.);
#3396 = LINE('',#3397,#3398);
#3397 = CARTESIAN_POINT('',(-1.75,5.E-02,-2.135));
#3398 = VECTOR('',#3399,1.);
#3399 = DIRECTION('',(0.,-1.,0.));
#3400 = PLANE('',#3401);
#3401 = AXIS2_PLACEMENT_3D('',#3402,#3403,#3404);
#3402 = CARTESIAN_POINT('',(-1.255,5.E-02,-2.135));
#3403 = DIRECTION('',(-0.,-0.,-1.));
#3404 = DIRECTION('',(-1.,0.,0.));
#3405 = ADVANCED_FACE('',(#3406),#3449,.T.);
#3406 = FACE_BOUND('',#3407,.T.);
#3407 = EDGE_LOOP('',(#3408,#3409,#3417,#3425,#3434,#3442));
#3408 = ORIENTED_EDGE('',*,*,#3369,.T.);
#3409 = ORIENTED_EDGE('',*,*,#3410,.T.);
#3410 = EDGE_CURVE('',#3372,#3411,#3413,.T.);
#3411 = VERTEX_POINT('',#3412);
#3412 = CARTESIAN_POINT('',(-1.75,5.E-02,-1.865));
#3413 = LINE('',#3414,#3415);
#3414 = CARTESIAN_POINT('',(-1.75,5.E-02,-4.5));
#3415 = VECTOR('',#3416,1.);
#3416 = DIRECTION('',(0.,0.,1.));
#3417 = ORIENTED_EDGE('',*,*,#3418,.T.);
#3418 = EDGE_CURVE('',#3411,#3419,#3421,.T.);
#3419 = VERTEX_POINT('',#3420);
#3420 = CARTESIAN_POINT('',(-1.3871677,5.E-02,-1.865));
#3421 = LINE('',#3422,#3423);
#3422 = CARTESIAN_POINT('',(-2.115,5.E-02,-1.865));
#3423 = VECTOR('',#3424,1.);
#3424 = DIRECTION('',(1.,0.,0.));
#3425 = ORIENTED_EDGE('',*,*,#3426,.F.);
#3426 = EDGE_CURVE('',#3427,#3419,#3429,.T.);
#3427 = VERTEX_POINT('',#3428);
#3428 = CARTESIAN_POINT('',(-1.255,5.E-02,-1.9971677));
#3429 = CIRCLE('',#3430,0.1321677);
#3430 = AXIS2_PLACEMENT_3D('',#3431,#3432,#3433);
#3431 = CARTESIAN_POINT('',(-1.3871677,5.E-02,-1.9971677));
#3432 = DIRECTION('',(0.,-1.,0.));
#3433 = DIRECTION('',(0.,-0.,-1.));
#3434 = ORIENTED_EDGE('',*,*,#3435,.T.);
#3435 = EDGE_CURVE('',#3427,#3436,#3438,.T.);
#3436 = VERTEX_POINT('',#3437);
#3437 = CARTESIAN_POINT('',(-1.255,5.E-02,-2.0028323));
#3438 = LINE('',#3439,#3440);
#3439 = CARTESIAN_POINT('',(-1.255,5.E-02,-1.865));
#3440 = VECTOR('',#3441,1.);
#3441 = DIRECTION('',(0.,0.,-1.));
#3442 = ORIENTED_EDGE('',*,*,#3443,.F.);
#3443 = EDGE_CURVE('',#3370,#3436,#3444,.T.);
#3444 = CIRCLE('',#3445,0.1321677);
#3445 = AXIS2_PLACEMENT_3D('',#3446,#3447,#3448);
#3446 = CARTESIAN_POINT('',(-1.3871677,5.E-02,-2.0028323));
#3447 = DIRECTION('',(0.,-1.,0.));
#3448 = DIRECTION('',(0.,-0.,-1.));
#3449 = PLANE('',#3450);
#3450 = AXIS2_PLACEMENT_3D('',#3451,#3452,#3453);
#3451 = CARTESIAN_POINT('',(-1.685,5.E-02,-2.));
#3452 = DIRECTION('',(0.,1.,0.));
#3453 = DIRECTION('',(0.,0.,1.));
#3454 = ADVANCED_FACE('',(#3455),#3474,.T.);
#3455 = FACE_BOUND('',#3456,.T.);
#3456 = EDGE_LOOP('',(#3457,#3458,#3466,#3473));
#3457 = ORIENTED_EDGE('',*,*,#3443,.T.);
#3458 = ORIENTED_EDGE('',*,*,#3459,.T.);
#3459 = EDGE_CURVE('',#3436,#3460,#3462,.T.);
#3460 = VERTEX_POINT('',#3461);
#3461 = CARTESIAN_POINT('',(-1.255,0.,-2.0028323));
#3462 = LINE('',#3463,#3464);
#3463 = CARTESIAN_POINT('',(-1.255,5.E-02,-2.0028323));
#3464 = VECTOR('',#3465,1.);
#3465 = DIRECTION('',(0.,-1.,0.));
#3466 = ORIENTED_EDGE('',*,*,#3467,.F.);
#3467 = EDGE_CURVE('',#3380,#3460,#3468,.T.);
#3468 = CIRCLE('',#3469,0.1321677);
#3469 = AXIS2_PLACEMENT_3D('',#3470,#3471,#3472);
#3470 = CARTESIAN_POINT('',(-1.3871677,0.,-2.0028323));
#3471 = DIRECTION('',(0.,-1.,0.));
#3472 = DIRECTION('',(0.,-0.,-1.));
#3473 = ORIENTED_EDGE('',*,*,#3379,.F.);
#3474 = CYLINDRICAL_SURFACE('',#3475,0.1321677);
#3475 = AXIS2_PLACEMENT_3D('',#3476,#3477,#3478);
#3476 = CARTESIAN_POINT('',(-1.3871677,5.E-02,-2.0028323));
#3477 = DIRECTION('',(0.,-1.,0.));
#3478 = DIRECTION('',(0.,0.,-1.));
#3479 = ADVANCED_FACE('',(#3480),#3498,.T.);
#3480 = FACE_BOUND('',#3481,.T.);
#3481 = EDGE_LOOP('',(#3482,#3483,#3491,#3497));
#3482 = ORIENTED_EDGE('',*,*,#3395,.T.);
#3483 = ORIENTED_EDGE('',*,*,#3484,.T.);
#3484 = EDGE_CURVE('',#3388,#3485,#3487,.T.);
#3485 = VERTEX_POINT('',#3486);
#3486 = CARTESIAN_POINT('',(-1.75,0.,-1.865));
#3487 = LINE('',#3488,#3489);
#3488 = CARTESIAN_POINT('',(-1.75,0.,-4.5));
#3489 = VECTOR('',#3490,1.);
#3490 = DIRECTION('',(0.,0.,1.));
#3491 = ORIENTED_EDGE('',*,*,#3492,.F.);
#3492 = EDGE_CURVE('',#3411,#3485,#3493,.T.);
#3493 = LINE('',#3494,#3495);
#3494 = CARTESIAN_POINT('',(-1.75,5.E-02,-1.865));
#3495 = VECTOR('',#3496,1.);
#3496 = DIRECTION('',(0.,-1.,0.));
#3497 = ORIENTED_EDGE('',*,*,#3410,.F.);
#3498 = PLANE('',#3499);
#3499 = AXIS2_PLACEMENT_3D('',#3500,#3501,#3502);
#3500 = CARTESIAN_POINT('',(-1.75,5.E-02,-2.135));
#3501 = DIRECTION('',(-1.,0.,0.));
#3502 = DIRECTION('',(0.,0.,1.));
#3503 = ADVANCED_FACE('',(#3504),#3532,.F.);
#3504 = FACE_BOUND('',#3505,.F.);
#3505 = EDGE_LOOP('',(#3506,#3507,#3508,#3516,#3525,#3531));
#3506 = ORIENTED_EDGE('',*,*,#3387,.T.);
#3507 = ORIENTED_EDGE('',*,*,#3484,.T.);
#3508 = ORIENTED_EDGE('',*,*,#3509,.T.);
#3509 = EDGE_CURVE('',#3485,#3510,#3512,.T.);
#3510 = VERTEX_POINT('',#3511);
#3511 = CARTESIAN_POINT('',(-1.3871677,0.,-1.865));
#3512 = LINE('',#3513,#3514);
#3513 = CARTESIAN_POINT('',(-2.115,0.,-1.865));
#3514 = VECTOR('',#3515,1.);
#3515 = DIRECTION('',(1.,0.,0.));
#3516 = ORIENTED_EDGE('',*,*,#3517,.F.);
#3517 = EDGE_CURVE('',#3518,#3510,#3520,.T.);
#3518 = VERTEX_POINT('',#3519);
#3519 = CARTESIAN_POINT('',(-1.255,0.,-1.9971677));
#3520 = CIRCLE('',#3521,0.1321677);
#3521 = AXIS2_PLACEMENT_3D('',#3522,#3523,#3524);
#3522 = CARTESIAN_POINT('',(-1.3871677,0.,-1.9971677));
#3523 = DIRECTION('',(0.,-1.,0.));
#3524 = DIRECTION('',(0.,-0.,-1.));
#3525 = ORIENTED_EDGE('',*,*,#3526,.T.);
#3526 = EDGE_CURVE('',#3518,#3460,#3527,.T.);
#3527 = LINE('',#3528,#3529);
#3528 = CARTESIAN_POINT('',(-1.255,0.,-1.865));
#3529 = VECTOR('',#3530,1.);
#3530 = DIRECTION('',(0.,0.,-1.));
#3531 = ORIENTED_EDGE('',*,*,#3467,.F.);
#3532 = PLANE('',#3533);
#3533 = AXIS2_PLACEMENT_3D('',#3534,#3535,#3536);
#3534 = CARTESIAN_POINT('',(-1.685,0.,-2.));
#3535 = DIRECTION('',(0.,1.,0.));
#3536 = DIRECTION('',(0.,0.,1.));
#3537 = ADVANCED_FACE('',(#3538),#3549,.T.);
#3538 = FACE_BOUND('',#3539,.T.);
#3539 = EDGE_LOOP('',(#3540,#3541,#3547,#3548));
#3540 = ORIENTED_EDGE('',*,*,#3435,.F.);
#3541 = ORIENTED_EDGE('',*,*,#3542,.T.);
#3542 = EDGE_CURVE('',#3427,#3518,#3543,.T.);
#3543 = LINE('',#3544,#3545);
#3544 = CARTESIAN_POINT('',(-1.255,5.E-02,-1.9971677));
#3545 = VECTOR('',#3546,1.);
#3546 = DIRECTION('',(0.,-1.,0.));
#3547 = ORIENTED_EDGE('',*,*,#3526,.T.);
#3548 = ORIENTED_EDGE('',*,*,#3459,.F.);
#3549 = PLANE('',#3550);
#3550 = AXIS2_PLACEMENT_3D('',#3551,#3552,#3553);
#3551 = CARTESIAN_POINT('',(-1.255,5.E-02,-1.865));
#3552 = DIRECTION('',(1.,0.,0.));
#3553 = DIRECTION('',(0.,0.,-1.));
#3554 = ADVANCED_FACE('',(#3555),#3566,.T.);
#3555 = FACE_BOUND('',#3556,.T.);
#3556 = EDGE_LOOP('',(#3557,#3558,#3559,#3560));
#3557 = ORIENTED_EDGE('',*,*,#3418,.F.);
#3558 = ORIENTED_EDGE('',*,*,#3492,.T.);
#3559 = ORIENTED_EDGE('',*,*,#3509,.T.);
#3560 = ORIENTED_EDGE('',*,*,#3561,.F.);
#3561 = EDGE_CURVE('',#3419,#3510,#3562,.T.);
#3562 = LINE('',#3563,#3564);
#3563 = CARTESIAN_POINT('',(-1.3871677,5.E-02,-1.865));
#3564 = VECTOR('',#3565,1.);
#3565 = DIRECTION('',(0.,-1.,0.));
#3566 = PLANE('',#3567);
#3567 = AXIS2_PLACEMENT_3D('',#3568,#3569,#3570);
#3568 = CARTESIAN_POINT('',(-1.75,5.E-02,-1.865));
#3569 = DIRECTION('',(0.,0.,1.));
#3570 = DIRECTION('',(1.,0.,0.));
#3571 = ADVANCED_FACE('',(#3572),#3578,.T.);
#3572 = FACE_BOUND('',#3573,.T.);
#3573 = EDGE_LOOP('',(#3574,#3575,#3576,#3577));
#3574 = ORIENTED_EDGE('',*,*,#3426,.T.);
#3575 = ORIENTED_EDGE('',*,*,#3561,.T.);
#3576 = ORIENTED_EDGE('',*,*,#3517,.F.);
#3577 = ORIENTED_EDGE('',*,*,#3542,.F.);
#3578 = CYLINDRICAL_SURFACE('',#3579,0.1321677);
#3579 = AXIS2_PLACEMENT_3D('',#3580,#3581,#3582);
#3580 = CARTESIAN_POINT('',(-1.3871677,5.E-02,-1.9971677));
#3581 = DIRECTION('',(0.,-1.,0.));
#3582 = DIRECTION('',(1.,0.,0.));
#3583 = ( GEOMETRIC_REPRESENTATION_CONTEXT(3) 
GLOBAL_UNCERTAINTY_ASSIGNED_CONTEXT((#3587)) 
GLOBAL_UNIT_ASSIGNED_CONTEXT((#3584,#3585,#3586)) REPRESENTATION_CONTEXT
('Context #1','3D Context with UNIT and UNCERTAINTY') );
#3584 = ( LENGTH_UNIT() NAMED_UNIT(*) SI_UNIT(.MILLI.,.METRE.) );
#3585 = ( NAMED_UNIT(*) PLANE_ANGLE_UNIT() SI_UNIT($,.RADIAN.) );
#3586 = ( NAMED_UNIT(*) SI_UNIT($,.STERADIAN.) SOLID_ANGLE_UNIT() );
#3587 = UNCERTAINTY_MEASURE_WITH_UNIT(LENGTH_MEASURE(1.E-07),#3584,
  'distance_accuracy_value','confusion accuracy');
#3588 = CONTEXT_DEPENDENT_SHAPE_REPRESENTATION(#3589,#3591);
#3589 = ( REPRESENTATION_RELATIONSHIP('','',#3362,#10) 
REPRESENTATION_RELATIONSHIP_WITH_TRANSFORMATION(#3590) 
SHAPE_REPRESENTATION_RELATIONSHIP() );
#3590 = ITEM_DEFINED_TRANSFORMATION('','',#11,#71);
#3591 = PRODUCT_DEFINITION_SHAPE('Placement','Placement of an item',
  #3592);
#3592 = NEXT_ASSEMBLY_USAGE_OCCURRENCE('4069','Pad_5_1','',#5,#3357,$);
#3593 = PRODUCT_RELATED_PRODUCT_CATEGORY('part',$,(#3359));
#3594 = SHAPE_DEFINITION_REPRESENTATION(#3595,#3601);
#3595 = PRODUCT_DEFINITION_SHAPE('','',#3596);
#3596 = PRODUCT_DEFINITION('design','',#3597,#3600);
#3597 = PRODUCT_DEFINITION_FORMATION('','',#3598);
#3598 = PRODUCT('Pad_6_1','Pad_6_1','',(#3599));
#3599 = PRODUCT_CONTEXT('',#2,'mechanical');
#3600 = PRODUCT_DEFINITION_CONTEXT('part definition',#2,'design');
#3601 = ADVANCED_BREP_SHAPE_REPRESENTATION('',(#11,#3602),#3822);
#3602 = MANIFOLD_SOLID_BREP('',#3603);
#3603 = CLOSED_SHELL('',(#3604,#3644,#3693,#3718,#3742,#3776,#3793,#3810
    ));
#3604 = ADVANCED_FACE('',(#3605),#3639,.T.);
#3605 = FACE_BOUND('',#3606,.T.);
#3606 = EDGE_LOOP('',(#3607,#3617,#3625,#3633));
#3607 = ORIENTED_EDGE('',*,*,#3608,.F.);
#3608 = EDGE_CURVE('',#3609,#3611,#3613,.T.);
#3609 = VERTEX_POINT('',#3610);
#3610 = CARTESIAN_POINT('',(-1.3871677,5.E-02,-1.635));
#3611 = VERTEX_POINT('',#3612);
#3612 = CARTESIAN_POINT('',(-1.75,5.E-02,-1.635));
#3613 = LINE('',#3614,#3615);
#3614 = CARTESIAN_POINT('',(-1.255,5.E-02,-1.635));
#3615 = VECTOR('',#3616,1.);
#3616 = DIRECTION('',(-1.,0.,0.));
#3617 = ORIENTED_EDGE('',*,*,#3618,.T.);
#3618 = EDGE_CURVE('',#3609,#3619,#3621,.T.);
#3619 = VERTEX_POINT('',#3620);
#3620 = CARTESIAN_POINT('',(-1.3871677,0.,-1.635));
#3621 = LINE('',#3622,#3623);
#3622 = CARTESIAN_POINT('',(-1.3871677,5.E-02,-1.635));
#3623 = VECTOR('',#3624,1.);
#3624 = DIRECTION('',(0.,-1.,0.));
#3625 = ORIENTED_EDGE('',*,*,#3626,.T.);
#3626 = EDGE_CURVE('',#3619,#3627,#3629,.T.);
#3627 = VERTEX_POINT('',#3628);
#3628 = CARTESIAN_POINT('',(-1.75,0.,-1.635));
#3629 = LINE('',#3630,#3631);
#3630 = CARTESIAN_POINT('',(-1.255,0.,-1.635));
#3631 = VECTOR('',#3632,1.);
#3632 = DIRECTION('',(-1.,0.,0.));
#3633 = ORIENTED_EDGE('',*,*,#3634,.F.);
#3634 = EDGE_CURVE('',#3611,#3627,#3635,.T.);
#3635 = LINE('',#3636,#3637);
#3636 = CARTESIAN_POINT('',(-1.75,5.E-02,-1.635));
#3637 = VECTOR('',#3638,1.);
#3638 = DIRECTION('',(0.,-1.,0.));
#3639 = PLANE('',#3640);
#3640 = AXIS2_PLACEMENT_3D('',#3641,#3642,#3643);
#3641 = CARTESIAN_POINT('',(-1.255,5.E-02,-1.635));
#3642 = DIRECTION('',(-0.,-0.,-1.));
#3643 = DIRECTION('',(-1.,0.,0.));
#3644 = ADVANCED_FACE('',(#3645),#3688,.T.);
#3645 = FACE_BOUND('',#3646,.T.);
#3646 = EDGE_LOOP('',(#3647,#3648,#3656,#3664,#3673,#3681));
#3647 = ORIENTED_EDGE('',*,*,#3608,.T.);
#3648 = ORIENTED_EDGE('',*,*,#3649,.T.);
#3649 = EDGE_CURVE('',#3611,#3650,#3652,.T.);
#3650 = VERTEX_POINT('',#3651);
#3651 = CARTESIAN_POINT('',(-1.75,5.E-02,-1.365));
#3652 = LINE('',#3653,#3654);
#3653 = CARTESIAN_POINT('',(-1.75,5.E-02,-4.5));
#3654 = VECTOR('',#3655,1.);
#3655 = DIRECTION('',(0.,0.,1.));
#3656 = ORIENTED_EDGE('',*,*,#3657,.T.);
#3657 = EDGE_CURVE('',#3650,#3658,#3660,.T.);
#3658 = VERTEX_POINT('',#3659);
#3659 = CARTESIAN_POINT('',(-1.3871677,5.E-02,-1.365));
#3660 = LINE('',#3661,#3662);
#3661 = CARTESIAN_POINT('',(-2.115,5.E-02,-1.365));
#3662 = VECTOR('',#3663,1.);
#3663 = DIRECTION('',(1.,0.,0.));
#3664 = ORIENTED_EDGE('',*,*,#3665,.F.);
#3665 = EDGE_CURVE('',#3666,#3658,#3668,.T.);
#3666 = VERTEX_POINT('',#3667);
#3667 = CARTESIAN_POINT('',(-1.255,5.E-02,-1.4971677));
#3668 = CIRCLE('',#3669,0.1321677);
#3669 = AXIS2_PLACEMENT_3D('',#3670,#3671,#3672);
#3670 = CARTESIAN_POINT('',(-1.3871677,5.E-02,-1.4971677));
#3671 = DIRECTION('',(0.,-1.,0.));
#3672 = DIRECTION('',(0.,-0.,-1.));
#3673 = ORIENTED_EDGE('',*,*,#3674,.T.);
#3674 = EDGE_CURVE('',#3666,#3675,#3677,.T.);
#3675 = VERTEX_POINT('',#3676);
#3676 = CARTESIAN_POINT('',(-1.255,5.E-02,-1.5028323));
#3677 = LINE('',#3678,#3679);
#3678 = CARTESIAN_POINT('',(-1.255,5.E-02,-1.365));
#3679 = VECTOR('',#3680,1.);
#3680 = DIRECTION('',(0.,0.,-1.));
#3681 = ORIENTED_EDGE('',*,*,#3682,.F.);
#3682 = EDGE_CURVE('',#3609,#3675,#3683,.T.);
#3683 = CIRCLE('',#3684,0.1321677);
#3684 = AXIS2_PLACEMENT_3D('',#3685,#3686,#3687);
#3685 = CARTESIAN_POINT('',(-1.3871677,5.E-02,-1.5028323));
#3686 = DIRECTION('',(0.,-1.,0.));
#3687 = DIRECTION('',(0.,-0.,-1.));
#3688 = PLANE('',#3689);
#3689 = AXIS2_PLACEMENT_3D('',#3690,#3691,#3692);
#3690 = CARTESIAN_POINT('',(-1.685,5.E-02,-1.5));
#3691 = DIRECTION('',(0.,1.,0.));
#3692 = DIRECTION('',(0.,0.,1.));
#3693 = ADVANCED_FACE('',(#3694),#3713,.T.);
#3694 = FACE_BOUND('',#3695,.T.);
#3695 = EDGE_LOOP('',(#3696,#3697,#3705,#3712));
#3696 = ORIENTED_EDGE('',*,*,#3682,.T.);
#3697 = ORIENTED_EDGE('',*,*,#3698,.T.);
#3698 = EDGE_CURVE('',#3675,#3699,#3701,.T.);
#3699 = VERTEX_POINT('',#3700);
#3700 = CARTESIAN_POINT('',(-1.255,0.,-1.5028323));
#3701 = LINE('',#3702,#3703);
#3702 = CARTESIAN_POINT('',(-1.255,5.E-02,-1.5028323));
#3703 = VECTOR('',#3704,1.);
#3704 = DIRECTION('',(0.,-1.,0.));
#3705 = ORIENTED_EDGE('',*,*,#3706,.F.);
#3706 = EDGE_CURVE('',#3619,#3699,#3707,.T.);
#3707 = CIRCLE('',#3708,0.1321677);
#3708 = AXIS2_PLACEMENT_3D('',#3709,#3710,#3711);
#3709 = CARTESIAN_POINT('',(-1.3871677,1.387778780781E-17,-1.5028323));
#3710 = DIRECTION('',(0.,-1.,0.));
#3711 = DIRECTION('',(0.,-0.,-1.));
#3712 = ORIENTED_EDGE('',*,*,#3618,.F.);
#3713 = CYLINDRICAL_SURFACE('',#3714,0.1321677);
#3714 = AXIS2_PLACEMENT_3D('',#3715,#3716,#3717);
#3715 = CARTESIAN_POINT('',(-1.3871677,5.E-02,-1.5028323));
#3716 = DIRECTION('',(0.,-1.,0.));
#3717 = DIRECTION('',(0.,0.,-1.));
#3718 = ADVANCED_FACE('',(#3719),#3737,.T.);
#3719 = FACE_BOUND('',#3720,.T.);
#3720 = EDGE_LOOP('',(#3721,#3722,#3730,#3736));
#3721 = ORIENTED_EDGE('',*,*,#3634,.T.);
#3722 = ORIENTED_EDGE('',*,*,#3723,.T.);
#3723 = EDGE_CURVE('',#3627,#3724,#3726,.T.);
#3724 = VERTEX_POINT('',#3725);
#3725 = CARTESIAN_POINT('',(-1.75,0.,-1.365));
#3726 = LINE('',#3727,#3728);
#3727 = CARTESIAN_POINT('',(-1.75,0.,-4.5));
#3728 = VECTOR('',#3729,1.);
#3729 = DIRECTION('',(0.,0.,1.));
#3730 = ORIENTED_EDGE('',*,*,#3731,.F.);
#3731 = EDGE_CURVE('',#3650,#3724,#3732,.T.);
#3732 = LINE('',#3733,#3734);
#3733 = CARTESIAN_POINT('',(-1.75,5.E-02,-1.365));
#3734 = VECTOR('',#3735,1.);
#3735 = DIRECTION('',(0.,-1.,0.));
#3736 = ORIENTED_EDGE('',*,*,#3649,.F.);
#3737 = PLANE('',#3738);
#3738 = AXIS2_PLACEMENT_3D('',#3739,#3740,#3741);
#3739 = CARTESIAN_POINT('',(-1.75,5.E-02,-1.635));
#3740 = DIRECTION('',(-1.,0.,0.));
#3741 = DIRECTION('',(0.,0.,1.));
#3742 = ADVANCED_FACE('',(#3743),#3771,.F.);
#3743 = FACE_BOUND('',#3744,.F.);
#3744 = EDGE_LOOP('',(#3745,#3746,#3747,#3755,#3764,#3770));
#3745 = ORIENTED_EDGE('',*,*,#3626,.T.);
#3746 = ORIENTED_EDGE('',*,*,#3723,.T.);
#3747 = ORIENTED_EDGE('',*,*,#3748,.T.);
#3748 = EDGE_CURVE('',#3724,#3749,#3751,.T.);
#3749 = VERTEX_POINT('',#3750);
#3750 = CARTESIAN_POINT('',(-1.3871677,0.,-1.365));
#3751 = LINE('',#3752,#3753);
#3752 = CARTESIAN_POINT('',(-2.115,0.,-1.365));
#3753 = VECTOR('',#3754,1.);
#3754 = DIRECTION('',(1.,0.,0.));
#3755 = ORIENTED_EDGE('',*,*,#3756,.F.);
#3756 = EDGE_CURVE('',#3757,#3749,#3759,.T.);
#3757 = VERTEX_POINT('',#3758);
#3758 = CARTESIAN_POINT('',(-1.255,0.,-1.4971677));
#3759 = CIRCLE('',#3760,0.1321677);
#3760 = AXIS2_PLACEMENT_3D('',#3761,#3762,#3763);
#3761 = CARTESIAN_POINT('',(-1.3871677,1.387778780781E-17,-1.4971677));
#3762 = DIRECTION('',(0.,-1.,0.));
#3763 = DIRECTION('',(0.,-0.,-1.));
#3764 = ORIENTED_EDGE('',*,*,#3765,.T.);
#3765 = EDGE_CURVE('',#3757,#3699,#3766,.T.);
#3766 = LINE('',#3767,#3768);
#3767 = CARTESIAN_POINT('',(-1.255,0.,-1.365));
#3768 = VECTOR('',#3769,1.);
#3769 = DIRECTION('',(0.,0.,-1.));
#3770 = ORIENTED_EDGE('',*,*,#3706,.F.);
#3771 = PLANE('',#3772);
#3772 = AXIS2_PLACEMENT_3D('',#3773,#3774,#3775);
#3773 = CARTESIAN_POINT('',(-1.685,1.387778780781E-17,-1.5));
#3774 = DIRECTION('',(0.,1.,0.));
#3775 = DIRECTION('',(0.,0.,1.));
#3776 = ADVANCED_FACE('',(#3777),#3788,.T.);
#3777 = FACE_BOUND('',#3778,.T.);
#3778 = EDGE_LOOP('',(#3779,#3780,#3786,#3787));
#3779 = ORIENTED_EDGE('',*,*,#3674,.F.);
#3780 = ORIENTED_EDGE('',*,*,#3781,.T.);
#3781 = EDGE_CURVE('',#3666,#3757,#3782,.T.);
#3782 = LINE('',#3783,#3784);
#3783 = CARTESIAN_POINT('',(-1.255,5.E-02,-1.4971677));
#3784 = VECTOR('',#3785,1.);
#3785 = DIRECTION('',(0.,-1.,0.));
#3786 = ORIENTED_EDGE('',*,*,#3765,.T.);
#3787 = ORIENTED_EDGE('',*,*,#3698,.F.);
#3788 = PLANE('',#3789);
#3789 = AXIS2_PLACEMENT_3D('',#3790,#3791,#3792);
#3790 = CARTESIAN_POINT('',(-1.255,5.E-02,-1.365));
#3791 = DIRECTION('',(1.,0.,0.));
#3792 = DIRECTION('',(0.,0.,-1.));
#3793 = ADVANCED_FACE('',(#3794),#3805,.T.);
#3794 = FACE_BOUND('',#3795,.T.);
#3795 = EDGE_LOOP('',(#3796,#3797,#3798,#3799));
#3796 = ORIENTED_EDGE('',*,*,#3657,.F.);
#3797 = ORIENTED_EDGE('',*,*,#3731,.T.);
#3798 = ORIENTED_EDGE('',*,*,#3748,.T.);
#3799 = ORIENTED_EDGE('',*,*,#3800,.F.);
#3800 = EDGE_CURVE('',#3658,#3749,#3801,.T.);
#3801 = LINE('',#3802,#3803);
#3802 = CARTESIAN_POINT('',(-1.3871677,5.E-02,-1.365));
#3803 = VECTOR('',#3804,1.);
#3804 = DIRECTION('',(0.,-1.,0.));
#3805 = PLANE('',#3806);
#3806 = AXIS2_PLACEMENT_3D('',#3807,#3808,#3809);
#3807 = CARTESIAN_POINT('',(-1.75,5.E-02,-1.365));
#3808 = DIRECTION('',(0.,0.,1.));
#3809 = DIRECTION('',(1.,0.,0.));
#3810 = ADVANCED_FACE('',(#3811),#3817,.T.);
#3811 = FACE_BOUND('',#3812,.T.);
#3812 = EDGE_LOOP('',(#3813,#3814,#3815,#3816));
#3813 = ORIENTED_EDGE('',*,*,#3665,.T.);
#3814 = ORIENTED_EDGE('',*,*,#3800,.T.);
#3815 = ORIENTED_EDGE('',*,*,#3756,.F.);
#3816 = ORIENTED_EDGE('',*,*,#3781,.F.);
#3817 = CYLINDRICAL_SURFACE('',#3818,0.1321677);
#3818 = AXIS2_PLACEMENT_3D('',#3819,#3820,#3821);
#3819 = CARTESIAN_POINT('',(-1.3871677,5.E-02,-1.4971677));
#3820 = DIRECTION('',(0.,-1.,0.));
#3821 = DIRECTION('',(1.,0.,0.));
#3822 = ( GEOMETRIC_REPRESENTATION_CONTEXT(3) 
GLOBAL_UNCERTAINTY_ASSIGNED_CONTEXT((#3826)) 
GLOBAL_UNIT_ASSIGNED_CONTEXT((#3823,#3824,#3825)) REPRESENTATION_CONTEXT
('Context #1','3D Context with UNIT and UNCERTAINTY') );
#3823 = ( LENGTH_UNIT() NAMED_UNIT(*) SI_UNIT(.MILLI.,.METRE.) );
#3824 = ( NAMED_UNIT(*) PLANE_ANGLE_UNIT() SI_UNIT($,.RADIAN.) );
#3825 = ( NAMED_UNIT(*) SI_UNIT($,.STERADIAN.) SOLID_ANGLE_UNIT() );
#3826 = UNCERTAINTY_MEASURE_WITH_UNIT(LENGTH_MEASURE(1.E-07),#3823,
  'distance_accuracy_value','confusion accuracy');
#3827 = CONTEXT_DEPENDENT_SHAPE_REPRESENTATION(#3828,#3830);
#3828 = ( REPRESENTATION_RELATIONSHIP('','',#3601,#10) 
REPRESENTATION_RELATIONSHIP_WITH_TRANSFORMATION(#3829) 
SHAPE_REPRESENTATION_RELATIONSHIP() );
#3829 = ITEM_DEFINED_TRANSFORMATION('','',#11,#75);
#3830 = PRODUCT_DEFINITION_SHAPE('Placement','Placement of an item',
  #3831);
#3831 = NEXT_ASSEMBLY_USAGE_OCCURRENCE('4070','Pad_6_1','',#5,#3596,$);
#3832 = PRODUCT_RELATED_PRODUCT_CATEGORY('part',$,(#3598));
#3833 = SHAPE_DEFINITION_REPRESENTATION(#3834,#3840);
#3834 = PRODUCT_DEFINITION_SHAPE('','',#3835);
#3835 = PRODUCT_DEFINITION('design','',#3836,#3839);
#3836 = PRODUCT_DEFINITION_FORMATION('','',#3837);
#3837 = PRODUCT('Pad_7_1','Pad_7_1','',(#3838));
#3838 = PRODUCT_CONTEXT('',#2,'mechanical');
#3839 = PRODUCT_DEFINITION_CONTEXT('part definition',#2,'design');
#3840 = ADVANCED_BREP_SHAPE_REPRESENTATION('',(#11,#3841),#4061);
#3841 = MANIFOLD_SOLID_BREP('',#3842);
#3842 = CLOSED_SHELL('',(#3843,#3883,#3932,#3957,#3981,#4015,#4032,#4049
    ));
#3843 = ADVANCED_FACE('',(#3844),#3878,.T.);
#3844 = FACE_BOUND('',#3845,.T.);
#3845 = EDGE_LOOP('',(#3846,#3856,#3864,#3872));
#3846 = ORIENTED_EDGE('',*,*,#3847,.F.);
#3847 = EDGE_CURVE('',#3848,#3850,#3852,.T.);
#3848 = VERTEX_POINT('',#3849);
#3849 = CARTESIAN_POINT('',(-1.3871677,5.E-02,-1.135));
#3850 = VERTEX_POINT('',#3851);
#3851 = CARTESIAN_POINT('',(-1.75,5.E-02,-1.135));
#3852 = LINE('',#3853,#3854);
#3853 = CARTESIAN_POINT('',(-1.255,5.E-02,-1.135));
#3854 = VECTOR('',#3855,1.);
#3855 = DIRECTION('',(-1.,0.,0.));
#3856 = ORIENTED_EDGE('',*,*,#3857,.T.);
#3857 = EDGE_CURVE('',#3848,#3858,#3860,.T.);
#3858 = VERTEX_POINT('',#3859);
#3859 = CARTESIAN_POINT('',(-1.3871677,0.,-1.135));
#3860 = LINE('',#3861,#3862);
#3861 = CARTESIAN_POINT('',(-1.3871677,5.E-02,-1.135));
#3862 = VECTOR('',#3863,1.);
#3863 = DIRECTION('',(0.,-1.,0.));
#3864 = ORIENTED_EDGE('',*,*,#3865,.T.);
#3865 = EDGE_CURVE('',#3858,#3866,#3868,.T.);
#3866 = VERTEX_POINT('',#3867);
#3867 = CARTESIAN_POINT('',(-1.75,0.,-1.135));
#3868 = LINE('',#3869,#3870);
#3869 = CARTESIAN_POINT('',(-1.255,0.,-1.135));
#3870 = VECTOR('',#3871,1.);
#3871 = DIRECTION('',(-1.,0.,0.));
#3872 = ORIENTED_EDGE('',*,*,#3873,.F.);
#3873 = EDGE_CURVE('',#3850,#3866,#3874,.T.);
#3874 = LINE('',#3875,#3876);
#3875 = CARTESIAN_POINT('',(-1.75,5.E-02,-1.135));
#3876 = VECTOR('',#3877,1.);
#3877 = DIRECTION('',(0.,-1.,0.));
#3878 = PLANE('',#3879);
#3879 = AXIS2_PLACEMENT_3D('',#3880,#3881,#3882);
#3880 = CARTESIAN_POINT('',(-1.255,5.E-02,-1.135));
#3881 = DIRECTION('',(-0.,-0.,-1.));
#3882 = DIRECTION('',(-1.,0.,0.));
#3883 = ADVANCED_FACE('',(#3884),#3927,.T.);
#3884 = FACE_BOUND('',#3885,.T.);
#3885 = EDGE_LOOP('',(#3886,#3887,#3895,#3903,#3912,#3920));
#3886 = ORIENTED_EDGE('',*,*,#3847,.T.);
#3887 = ORIENTED_EDGE('',*,*,#3888,.T.);
#3888 = EDGE_CURVE('',#3850,#3889,#3891,.T.);
#3889 = VERTEX_POINT('',#3890);
#3890 = CARTESIAN_POINT('',(-1.75,5.E-02,-0.865));
#3891 = LINE('',#3892,#3893);
#3892 = CARTESIAN_POINT('',(-1.75,5.E-02,-4.5));
#3893 = VECTOR('',#3894,1.);
#3894 = DIRECTION('',(0.,0.,1.));
#3895 = ORIENTED_EDGE('',*,*,#3896,.T.);
#3896 = EDGE_CURVE('',#3889,#3897,#3899,.T.);
#3897 = VERTEX_POINT('',#3898);
#3898 = CARTESIAN_POINT('',(-1.3871677,5.E-02,-0.865));
#3899 = LINE('',#3900,#3901);
#3900 = CARTESIAN_POINT('',(-2.115,5.E-02,-0.865));
#3901 = VECTOR('',#3902,1.);
#3902 = DIRECTION('',(1.,0.,0.));
#3903 = ORIENTED_EDGE('',*,*,#3904,.F.);
#3904 = EDGE_CURVE('',#3905,#3897,#3907,.T.);
#3905 = VERTEX_POINT('',#3906);
#3906 = CARTESIAN_POINT('',(-1.255,5.E-02,-0.9971677));
#3907 = CIRCLE('',#3908,0.1321677);
#3908 = AXIS2_PLACEMENT_3D('',#3909,#3910,#3911);
#3909 = CARTESIAN_POINT('',(-1.3871677,5.E-02,-0.9971677));
#3910 = DIRECTION('',(0.,-1.,0.));
#3911 = DIRECTION('',(0.,-0.,-1.));
#3912 = ORIENTED_EDGE('',*,*,#3913,.T.);
#3913 = EDGE_CURVE('',#3905,#3914,#3916,.T.);
#3914 = VERTEX_POINT('',#3915);
#3915 = CARTESIAN_POINT('',(-1.255,5.E-02,-1.0028323));
#3916 = LINE('',#3917,#3918);
#3917 = CARTESIAN_POINT('',(-1.255,5.E-02,-0.865));
#3918 = VECTOR('',#3919,1.);
#3919 = DIRECTION('',(0.,0.,-1.));
#3920 = ORIENTED_EDGE('',*,*,#3921,.F.);
#3921 = EDGE_CURVE('',#3848,#3914,#3922,.T.);
#3922 = CIRCLE('',#3923,0.1321677);
#3923 = AXIS2_PLACEMENT_3D('',#3924,#3925,#3926);
#3924 = CARTESIAN_POINT('',(-1.3871677,5.E-02,-1.0028323));
#3925 = DIRECTION('',(0.,-1.,0.));
#3926 = DIRECTION('',(0.,-0.,-1.));
#3927 = PLANE('',#3928);
#3928 = AXIS2_PLACEMENT_3D('',#3929,#3930,#3931);
#3929 = CARTESIAN_POINT('',(-1.685,5.E-02,-1.));
#3930 = DIRECTION('',(0.,1.,0.));
#3931 = DIRECTION('',(0.,0.,1.));
#3932 = ADVANCED_FACE('',(#3933),#3952,.T.);
#3933 = FACE_BOUND('',#3934,.T.);
#3934 = EDGE_LOOP('',(#3935,#3936,#3944,#3951));
#3935 = ORIENTED_EDGE('',*,*,#3921,.T.);
#3936 = ORIENTED_EDGE('',*,*,#3937,.T.);
#3937 = EDGE_CURVE('',#3914,#3938,#3940,.T.);
#3938 = VERTEX_POINT('',#3939);
#3939 = CARTESIAN_POINT('',(-1.255,0.,-1.0028323));
#3940 = LINE('',#3941,#3942);
#3941 = CARTESIAN_POINT('',(-1.255,5.E-02,-1.0028323));
#3942 = VECTOR('',#3943,1.);
#3943 = DIRECTION('',(0.,-1.,0.));
#3944 = ORIENTED_EDGE('',*,*,#3945,.F.);
#3945 = EDGE_CURVE('',#3858,#3938,#3946,.T.);
#3946 = CIRCLE('',#3947,0.1321677);
#3947 = AXIS2_PLACEMENT_3D('',#3948,#3949,#3950);
#3948 = CARTESIAN_POINT('',(-1.3871677,1.387778780781E-17,-1.0028323));
#3949 = DIRECTION('',(0.,-1.,0.));
#3950 = DIRECTION('',(0.,-0.,-1.));
#3951 = ORIENTED_EDGE('',*,*,#3857,.F.);
#3952 = CYLINDRICAL_SURFACE('',#3953,0.1321677);
#3953 = AXIS2_PLACEMENT_3D('',#3954,#3955,#3956);
#3954 = CARTESIAN_POINT('',(-1.3871677,5.E-02,-1.0028323));
#3955 = DIRECTION('',(0.,-1.,0.));
#3956 = DIRECTION('',(0.,0.,-1.));
#3957 = ADVANCED_FACE('',(#3958),#3976,.T.);
#3958 = FACE_BOUND('',#3959,.T.);
#3959 = EDGE_LOOP('',(#3960,#3961,#3969,#3975));
#3960 = ORIENTED_EDGE('',*,*,#3873,.T.);
#3961 = ORIENTED_EDGE('',*,*,#3962,.T.);
#3962 = EDGE_CURVE('',#3866,#3963,#3965,.T.);
#3963 = VERTEX_POINT('',#3964);
#3964 = CARTESIAN_POINT('',(-1.75,0.,-0.865));
#3965 = LINE('',#3966,#3967);
#3966 = CARTESIAN_POINT('',(-1.75,0.,-4.5));
#3967 = VECTOR('',#3968,1.);
#3968 = DIRECTION('',(0.,0.,1.));
#3969 = ORIENTED_EDGE('',*,*,#3970,.F.);
#3970 = EDGE_CURVE('',#3889,#3963,#3971,.T.);
#3971 = LINE('',#3972,#3973);
#3972 = CARTESIAN_POINT('',(-1.75,5.E-02,-0.865));
#3973 = VECTOR('',#3974,1.);
#3974 = DIRECTION('',(0.,-1.,0.));
#3975 = ORIENTED_EDGE('',*,*,#3888,.F.);
#3976 = PLANE('',#3977);
#3977 = AXIS2_PLACEMENT_3D('',#3978,#3979,#3980);
#3978 = CARTESIAN_POINT('',(-1.75,5.E-02,-1.135));
#3979 = DIRECTION('',(-1.,0.,0.));
#3980 = DIRECTION('',(0.,0.,1.));
#3981 = ADVANCED_FACE('',(#3982),#4010,.F.);
#3982 = FACE_BOUND('',#3983,.F.);
#3983 = EDGE_LOOP('',(#3984,#3985,#3986,#3994,#4003,#4009));
#3984 = ORIENTED_EDGE('',*,*,#3865,.T.);
#3985 = ORIENTED_EDGE('',*,*,#3962,.T.);
#3986 = ORIENTED_EDGE('',*,*,#3987,.T.);
#3987 = EDGE_CURVE('',#3963,#3988,#3990,.T.);
#3988 = VERTEX_POINT('',#3989);
#3989 = CARTESIAN_POINT('',(-1.3871677,0.,-0.865));
#3990 = LINE('',#3991,#3992);
#3991 = CARTESIAN_POINT('',(-2.115,0.,-0.865));
#3992 = VECTOR('',#3993,1.);
#3993 = DIRECTION('',(1.,0.,0.));
#3994 = ORIENTED_EDGE('',*,*,#3995,.F.);
#3995 = EDGE_CURVE('',#3996,#3988,#3998,.T.);
#3996 = VERTEX_POINT('',#3997);
#3997 = CARTESIAN_POINT('',(-1.255,0.,-0.9971677));
#3998 = CIRCLE('',#3999,0.1321677);
#3999 = AXIS2_PLACEMENT_3D('',#4000,#4001,#4002);
#4000 = CARTESIAN_POINT('',(-1.3871677,1.387778780781E-17,-0.9971677));
#4001 = DIRECTION('',(0.,-1.,0.));
#4002 = DIRECTION('',(0.,-0.,-1.));
#4003 = ORIENTED_EDGE('',*,*,#4004,.T.);
#4004 = EDGE_CURVE('',#3996,#3938,#4005,.T.);
#4005 = LINE('',#4006,#4007);
#4006 = CARTESIAN_POINT('',(-1.255,0.,-0.865));
#4007 = VECTOR('',#4008,1.);
#4008 = DIRECTION('',(0.,0.,-1.));
#4009 = ORIENTED_EDGE('',*,*,#3945,.F.);
#4010 = PLANE('',#4011);
#4011 = AXIS2_PLACEMENT_3D('',#4012,#4013,#4014);
#4012 = CARTESIAN_POINT('',(-1.685,1.387778780781E-17,-1.));
#4013 = DIRECTION('',(0.,1.,0.));
#4014 = DIRECTION('',(0.,0.,1.));
#4015 = ADVANCED_FACE('',(#4016),#4027,.T.);
#4016 = FACE_BOUND('',#4017,.T.);
#4017 = EDGE_LOOP('',(#4018,#4019,#4025,#4026));
#4018 = ORIENTED_EDGE('',*,*,#3913,.F.);
#4019 = ORIENTED_EDGE('',*,*,#4020,.T.);
#4020 = EDGE_CURVE('',#3905,#3996,#4021,.T.);
#4021 = LINE('',#4022,#4023);
#4022 = CARTESIAN_POINT('',(-1.255,5.E-02,-0.9971677));
#4023 = VECTOR('',#4024,1.);
#4024 = DIRECTION('',(0.,-1.,0.));
#4025 = ORIENTED_EDGE('',*,*,#4004,.T.);
#4026 = ORIENTED_EDGE('',*,*,#3937,.F.);
#4027 = PLANE('',#4028);
#4028 = AXIS2_PLACEMENT_3D('',#4029,#4030,#4031);
#4029 = CARTESIAN_POINT('',(-1.255,5.E-02,-0.865));
#4030 = DIRECTION('',(1.,0.,0.));
#4031 = DIRECTION('',(0.,0.,-1.));
#4032 = ADVANCED_FACE('',(#4033),#4044,.T.);
#4033 = FACE_BOUND('',#4034,.T.);
#4034 = EDGE_LOOP('',(#4035,#4036,#4037,#4038));
#4035 = ORIENTED_EDGE('',*,*,#3896,.F.);
#4036 = ORIENTED_EDGE('',*,*,#3970,.T.);
#4037 = ORIENTED_EDGE('',*,*,#3987,.T.);
#4038 = ORIENTED_EDGE('',*,*,#4039,.F.);
#4039 = EDGE_CURVE('',#3897,#3988,#4040,.T.);
#4040 = LINE('',#4041,#4042);
#4041 = CARTESIAN_POINT('',(-1.3871677,5.E-02,-0.865));
#4042 = VECTOR('',#4043,1.);
#4043 = DIRECTION('',(0.,-1.,0.));
#4044 = PLANE('',#4045);
#4045 = AXIS2_PLACEMENT_3D('',#4046,#4047,#4048);
#4046 = CARTESIAN_POINT('',(-1.75,5.E-02,-0.865));
#4047 = DIRECTION('',(0.,0.,1.));
#4048 = DIRECTION('',(1.,0.,0.));
#4049 = ADVANCED_FACE('',(#4050),#4056,.T.);
#4050 = FACE_BOUND('',#4051,.T.);
#4051 = EDGE_LOOP('',(#4052,#4053,#4054,#4055));
#4052 = ORIENTED_EDGE('',*,*,#3904,.T.);
#4053 = ORIENTED_EDGE('',*,*,#4039,.T.);
#4054 = ORIENTED_EDGE('',*,*,#3995,.F.);
#4055 = ORIENTED_EDGE('',*,*,#4020,.F.);
#4056 = CYLINDRICAL_SURFACE('',#4057,0.1321677);
#4057 = AXIS2_PLACEMENT_3D('',#4058,#4059,#4060);
#4058 = CARTESIAN_POINT('',(-1.3871677,5.E-02,-0.9971677));
#4059 = DIRECTION('',(0.,-1.,0.));
#4060 = DIRECTION('',(1.,0.,0.));
#4061 = ( GEOMETRIC_REPRESENTATION_CONTEXT(3) 
GLOBAL_UNCERTAINTY_ASSIGNED_CONTEXT((#4065)) 
GLOBAL_UNIT_ASSIGNED_CONTEXT((#4062,#4063,#4064)) REPRESENTATION_CONTEXT
('Context #1','3D Context with UNIT and UNCERTAINTY') );
#4062 = ( LENGTH_UNIT() NAMED_UNIT(*) SI_UNIT(.MILLI.,.METRE.) );
#4063 = ( NAMED_UNIT(*) PLANE_ANGLE_UNIT() SI_UNIT($,.RADIAN.) );
#4064 = ( NAMED_UNIT(*) SI_UNIT($,.STERADIAN.) SOLID_ANGLE_UNIT() );
#4065 = UNCERTAINTY_MEASURE_WITH_UNIT(LENGTH_MEASURE(1.E-07),#4062,
  'distance_accuracy_value','confusion accuracy');
#4066 = CONTEXT_DEPENDENT_SHAPE_REPRESENTATION(#4067,#4069);
#4067 = ( REPRESENTATION_RELATIONSHIP('','',#3840,#10) 
REPRESENTATION_RELATIONSHIP_WITH_TRANSFORMATION(#4068) 
SHAPE_REPRESENTATION_RELATIONSHIP() );
#4068 = ITEM_DEFINED_TRANSFORMATION('','',#11,#79);
#4069 = PRODUCT_DEFINITION_SHAPE('Placement','Placement of an item',
  #4070);
#4070 = NEXT_ASSEMBLY_USAGE_OCCURRENCE('4071','Pad_7_1','',#5,#3835,$);
#4071 = PRODUCT_RELATED_PRODUCT_CATEGORY('part',$,(#3837));
#4072 = SHAPE_DEFINITION_REPRESENTATION(#4073,#4079);
#4073 = PRODUCT_DEFINITION_SHAPE('','',#4074);
#4074 = PRODUCT_DEFINITION('design','',#4075,#4078);
#4075 = PRODUCT_DEFINITION_FORMATION('','',#4076);
#4076 = PRODUCT('Pad_8_1','Pad_8_1','',(#4077));
#4077 = PRODUCT_CONTEXT('',#2,'mechanical');
#4078 = PRODUCT_DEFINITION_CONTEXT('part definition',#2,'design');
#4079 = ADVANCED_BREP_SHAPE_REPRESENTATION('',(#11,#4080),#4300);
#4080 = MANIFOLD_SOLID_BREP('',#4081);
#4081 = CLOSED_SHELL('',(#4082,#4122,#4171,#4196,#4220,#4254,#4271,#4288
    ));
#4082 = ADVANCED_FACE('',(#4083),#4117,.T.);
#4083 = FACE_BOUND('',#4084,.T.);
#4084 = EDGE_LOOP('',(#4085,#4095,#4103,#4111));
#4085 = ORIENTED_EDGE('',*,*,#4086,.F.);
#4086 = EDGE_CURVE('',#4087,#4089,#4091,.T.);
#4087 = VERTEX_POINT('',#4088);
#4088 = CARTESIAN_POINT('',(-1.3871677,5.E-02,-0.635));
#4089 = VERTEX_POINT('',#4090);
#4090 = CARTESIAN_POINT('',(-1.75,5.E-02,-0.635));
#4091 = LINE('',#4092,#4093);
#4092 = CARTESIAN_POINT('',(-1.255,5.E-02,-0.635));
#4093 = VECTOR('',#4094,1.);
#4094 = DIRECTION('',(-1.,0.,0.));
#4095 = ORIENTED_EDGE('',*,*,#4096,.T.);
#4096 = EDGE_CURVE('',#4087,#4097,#4099,.T.);
#4097 = VERTEX_POINT('',#4098);
#4098 = CARTESIAN_POINT('',(-1.3871677,0.,-0.635));
#4099 = LINE('',#4100,#4101);
#4100 = CARTESIAN_POINT('',(-1.3871677,5.E-02,-0.635));
#4101 = VECTOR('',#4102,1.);
#4102 = DIRECTION('',(0.,-1.,0.));
#4103 = ORIENTED_EDGE('',*,*,#4104,.T.);
#4104 = EDGE_CURVE('',#4097,#4105,#4107,.T.);
#4105 = VERTEX_POINT('',#4106);
#4106 = CARTESIAN_POINT('',(-1.75,0.,-0.635));
#4107 = LINE('',#4108,#4109);
#4108 = CARTESIAN_POINT('',(-1.255,0.,-0.635));
#4109 = VECTOR('',#4110,1.);
#4110 = DIRECTION('',(-1.,0.,0.));
#4111 = ORIENTED_EDGE('',*,*,#4112,.F.);
#4112 = EDGE_CURVE('',#4089,#4105,#4113,.T.);
#4113 = LINE('',#4114,#4115);
#4114 = CARTESIAN_POINT('',(-1.75,5.E-02,-0.635));
#4115 = VECTOR('',#4116,1.);
#4116 = DIRECTION('',(0.,-1.,0.));
#4117 = PLANE('',#4118);
#4118 = AXIS2_PLACEMENT_3D('',#4119,#4120,#4121);
#4119 = CARTESIAN_POINT('',(-1.255,5.E-02,-0.635));
#4120 = DIRECTION('',(-0.,-0.,-1.));
#4121 = DIRECTION('',(-1.,0.,0.));
#4122 = ADVANCED_FACE('',(#4123),#4166,.T.);
#4123 = FACE_BOUND('',#4124,.T.);
#4124 = EDGE_LOOP('',(#4125,#4126,#4134,#4142,#4151,#4159));
#4125 = ORIENTED_EDGE('',*,*,#4086,.T.);
#4126 = ORIENTED_EDGE('',*,*,#4127,.T.);
#4127 = EDGE_CURVE('',#4089,#4128,#4130,.T.);
#4128 = VERTEX_POINT('',#4129);
#4129 = CARTESIAN_POINT('',(-1.75,5.E-02,-0.365));
#4130 = LINE('',#4131,#4132);
#4131 = CARTESIAN_POINT('',(-1.75,5.E-02,-4.5));
#4132 = VECTOR('',#4133,1.);
#4133 = DIRECTION('',(0.,0.,1.));
#4134 = ORIENTED_EDGE('',*,*,#4135,.T.);
#4135 = EDGE_CURVE('',#4128,#4136,#4138,.T.);
#4136 = VERTEX_POINT('',#4137);
#4137 = CARTESIAN_POINT('',(-1.3871677,5.E-02,-0.365));
#4138 = LINE('',#4139,#4140);
#4139 = CARTESIAN_POINT('',(-2.115,5.E-02,-0.365));
#4140 = VECTOR('',#4141,1.);
#4141 = DIRECTION('',(1.,0.,0.));
#4142 = ORIENTED_EDGE('',*,*,#4143,.F.);
#4143 = EDGE_CURVE('',#4144,#4136,#4146,.T.);
#4144 = VERTEX_POINT('',#4145);
#4145 = CARTESIAN_POINT('',(-1.255,5.E-02,-0.4971677));
#4146 = CIRCLE('',#4147,0.1321677);
#4147 = AXIS2_PLACEMENT_3D('',#4148,#4149,#4150);
#4148 = CARTESIAN_POINT('',(-1.3871677,5.E-02,-0.4971677));
#4149 = DIRECTION('',(0.,-1.,0.));
#4150 = DIRECTION('',(0.,-0.,-1.));
#4151 = ORIENTED_EDGE('',*,*,#4152,.T.);
#4152 = EDGE_CURVE('',#4144,#4153,#4155,.T.);
#4153 = VERTEX_POINT('',#4154);
#4154 = CARTESIAN_POINT('',(-1.255,5.E-02,-0.5028323));
#4155 = LINE('',#4156,#4157);
#4156 = CARTESIAN_POINT('',(-1.255,5.E-02,-0.365));
#4157 = VECTOR('',#4158,1.);
#4158 = DIRECTION('',(0.,0.,-1.));
#4159 = ORIENTED_EDGE('',*,*,#4160,.F.);
#4160 = EDGE_CURVE('',#4087,#4153,#4161,.T.);
#4161 = CIRCLE('',#4162,0.1321677);
#4162 = AXIS2_PLACEMENT_3D('',#4163,#4164,#4165);
#4163 = CARTESIAN_POINT('',(-1.3871677,5.E-02,-0.5028323));
#4164 = DIRECTION('',(0.,-1.,0.));
#4165 = DIRECTION('',(0.,-0.,-1.));
#4166 = PLANE('',#4167);
#4167 = AXIS2_PLACEMENT_3D('',#4168,#4169,#4170);
#4168 = CARTESIAN_POINT('',(-1.685,5.E-02,-0.5));
#4169 = DIRECTION('',(0.,1.,0.));
#4170 = DIRECTION('',(0.,0.,1.));
#4171 = ADVANCED_FACE('',(#4172),#4191,.T.);
#4172 = FACE_BOUND('',#4173,.T.);
#4173 = EDGE_LOOP('',(#4174,#4175,#4183,#4190));
#4174 = ORIENTED_EDGE('',*,*,#4160,.T.);
#4175 = ORIENTED_EDGE('',*,*,#4176,.T.);
#4176 = EDGE_CURVE('',#4153,#4177,#4179,.T.);
#4177 = VERTEX_POINT('',#4178);
#4178 = CARTESIAN_POINT('',(-1.255,0.,-0.5028323));
#4179 = LINE('',#4180,#4181);
#4180 = CARTESIAN_POINT('',(-1.255,5.E-02,-0.5028323));
#4181 = VECTOR('',#4182,1.);
#4182 = DIRECTION('',(0.,-1.,0.));
#4183 = ORIENTED_EDGE('',*,*,#4184,.F.);
#4184 = EDGE_CURVE('',#4097,#4177,#4185,.T.);
#4185 = CIRCLE('',#4186,0.1321677);
#4186 = AXIS2_PLACEMENT_3D('',#4187,#4188,#4189);
#4187 = CARTESIAN_POINT('',(-1.3871677,1.387778780781E-17,-0.5028323));
#4188 = DIRECTION('',(0.,-1.,0.));
#4189 = DIRECTION('',(0.,-0.,-1.));
#4190 = ORIENTED_EDGE('',*,*,#4096,.F.);
#4191 = CYLINDRICAL_SURFACE('',#4192,0.1321677);
#4192 = AXIS2_PLACEMENT_3D('',#4193,#4194,#4195);
#4193 = CARTESIAN_POINT('',(-1.3871677,5.E-02,-0.5028323));
#4194 = DIRECTION('',(0.,-1.,0.));
#4195 = DIRECTION('',(0.,0.,-1.));
#4196 = ADVANCED_FACE('',(#4197),#4215,.T.);
#4197 = FACE_BOUND('',#4198,.T.);
#4198 = EDGE_LOOP('',(#4199,#4200,#4208,#4214));
#4199 = ORIENTED_EDGE('',*,*,#4112,.T.);
#4200 = ORIENTED_EDGE('',*,*,#4201,.T.);
#4201 = EDGE_CURVE('',#4105,#4202,#4204,.T.);
#4202 = VERTEX_POINT('',#4203);
#4203 = CARTESIAN_POINT('',(-1.75,0.,-0.365));
#4204 = LINE('',#4205,#4206);
#4205 = CARTESIAN_POINT('',(-1.75,0.,-4.5));
#4206 = VECTOR('',#4207,1.);
#4207 = DIRECTION('',(0.,0.,1.));
#4208 = ORIENTED_EDGE('',*,*,#4209,.F.);
#4209 = EDGE_CURVE('',#4128,#4202,#4210,.T.);
#4210 = LINE('',#4211,#4212);
#4211 = CARTESIAN_POINT('',(-1.75,5.E-02,-0.365));
#4212 = VECTOR('',#4213,1.);
#4213 = DIRECTION('',(0.,-1.,0.));
#4214 = ORIENTED_EDGE('',*,*,#4127,.F.);
#4215 = PLANE('',#4216);
#4216 = AXIS2_PLACEMENT_3D('',#4217,#4218,#4219);
#4217 = CARTESIAN_POINT('',(-1.75,5.E-02,-0.635));
#4218 = DIRECTION('',(-1.,0.,0.));
#4219 = DIRECTION('',(0.,0.,1.));
#4220 = ADVANCED_FACE('',(#4221),#4249,.F.);
#4221 = FACE_BOUND('',#4222,.F.);
#4222 = EDGE_LOOP('',(#4223,#4224,#4225,#4233,#4242,#4248));
#4223 = ORIENTED_EDGE('',*,*,#4104,.T.);
#4224 = ORIENTED_EDGE('',*,*,#4201,.T.);
#4225 = ORIENTED_EDGE('',*,*,#4226,.T.);
#4226 = EDGE_CURVE('',#4202,#4227,#4229,.T.);
#4227 = VERTEX_POINT('',#4228);
#4228 = CARTESIAN_POINT('',(-1.3871677,0.,-0.365));
#4229 = LINE('',#4230,#4231);
#4230 = CARTESIAN_POINT('',(-2.115,0.,-0.365));
#4231 = VECTOR('',#4232,1.);
#4232 = DIRECTION('',(1.,0.,0.));
#4233 = ORIENTED_EDGE('',*,*,#4234,.F.);
#4234 = EDGE_CURVE('',#4235,#4227,#4237,.T.);
#4235 = VERTEX_POINT('',#4236);
#4236 = CARTESIAN_POINT('',(-1.255,0.,-0.4971677));
#4237 = CIRCLE('',#4238,0.1321677);
#4238 = AXIS2_PLACEMENT_3D('',#4239,#4240,#4241);
#4239 = CARTESIAN_POINT('',(-1.3871677,1.387778780781E-17,-0.4971677));
#4240 = DIRECTION('',(0.,-1.,0.));
#4241 = DIRECTION('',(0.,-0.,-1.));
#4242 = ORIENTED_EDGE('',*,*,#4243,.T.);
#4243 = EDGE_CURVE('',#4235,#4177,#4244,.T.);
#4244 = LINE('',#4245,#4246);
#4245 = CARTESIAN_POINT('',(-1.255,0.,-0.365));
#4246 = VECTOR('',#4247,1.);
#4247 = DIRECTION('',(0.,0.,-1.));
#4248 = ORIENTED_EDGE('',*,*,#4184,.F.);
#4249 = PLANE('',#4250);
#4250 = AXIS2_PLACEMENT_3D('',#4251,#4252,#4253);
#4251 = CARTESIAN_POINT('',(-1.685,1.387778780781E-17,-0.5));
#4252 = DIRECTION('',(0.,1.,0.));
#4253 = DIRECTION('',(0.,0.,1.));
#4254 = ADVANCED_FACE('',(#4255),#4266,.T.);
#4255 = FACE_BOUND('',#4256,.T.);
#4256 = EDGE_LOOP('',(#4257,#4258,#4264,#4265));
#4257 = ORIENTED_EDGE('',*,*,#4152,.F.);
#4258 = ORIENTED_EDGE('',*,*,#4259,.T.);
#4259 = EDGE_CURVE('',#4144,#4235,#4260,.T.);
#4260 = LINE('',#4261,#4262);
#4261 = CARTESIAN_POINT('',(-1.255,5.E-02,-0.4971677));
#4262 = VECTOR('',#4263,1.);
#4263 = DIRECTION('',(0.,-1.,0.));
#4264 = ORIENTED_EDGE('',*,*,#4243,.T.);
#4265 = ORIENTED_EDGE('',*,*,#4176,.F.);
#4266 = PLANE('',#4267);
#4267 = AXIS2_PLACEMENT_3D('',#4268,#4269,#4270);
#4268 = CARTESIAN_POINT('',(-1.255,5.E-02,-0.365));
#4269 = DIRECTION('',(1.,0.,0.));
#4270 = DIRECTION('',(0.,0.,-1.));
#4271 = ADVANCED_FACE('',(#4272),#4283,.T.);
#4272 = FACE_BOUND('',#4273,.T.);
#4273 = EDGE_LOOP('',(#4274,#4275,#4276,#4277));
#4274 = ORIENTED_EDGE('',*,*,#4135,.F.);
#4275 = ORIENTED_EDGE('',*,*,#4209,.T.);
#4276 = ORIENTED_EDGE('',*,*,#4226,.T.);
#4277 = ORIENTED_EDGE('',*,*,#4278,.F.);
#4278 = EDGE_CURVE('',#4136,#4227,#4279,.T.);
#4279 = LINE('',#4280,#4281);
#4280 = CARTESIAN_POINT('',(-1.3871677,5.E-02,-0.365));
#4281 = VECTOR('',#4282,1.);
#4282 = DIRECTION('',(0.,-1.,0.));
#4283 = PLANE('',#4284);
#4284 = AXIS2_PLACEMENT_3D('',#4285,#4286,#4287);
#4285 = CARTESIAN_POINT('',(-1.75,5.E-02,-0.365));
#4286 = DIRECTION('',(0.,0.,1.));
#4287 = DIRECTION('',(1.,0.,0.));
#4288 = ADVANCED_FACE('',(#4289),#4295,.T.);
#4289 = FACE_BOUND('',#4290,.T.);
#4290 = EDGE_LOOP('',(#4291,#4292,#4293,#4294));
#4291 = ORIENTED_EDGE('',*,*,#4143,.T.);
#4292 = ORIENTED_EDGE('',*,*,#4278,.T.);
#4293 = ORIENTED_EDGE('',*,*,#4234,.F.);
#4294 = ORIENTED_EDGE('',*,*,#4259,.F.);
#4295 = CYLINDRICAL_SURFACE('',#4296,0.1321677);
#4296 = AXIS2_PLACEMENT_3D('',#4297,#4298,#4299);
#4297 = CARTESIAN_POINT('',(-1.3871677,5.E-02,-0.4971677));
#4298 = DIRECTION('',(0.,-1.,0.));
#4299 = DIRECTION('',(1.,0.,0.));
#4300 = ( GEOMETRIC_REPRESENTATION_CONTEXT(3) 
GLOBAL_UNCERTAINTY_ASSIGNED_CONTEXT((#4304)) 
GLOBAL_UNIT_ASSIGNED_CONTEXT((#4301,#4302,#4303)) REPRESENTATION_CONTEXT
('Context #1','3D Context with UNIT and UNCERTAINTY') );
#4301 = ( LENGTH_UNIT() NAMED_UNIT(*) SI_UNIT(.MILLI.,.METRE.) );
#4302 = ( NAMED_UNIT(*) PLANE_ANGLE_UNIT() SI_UNIT($,.RADIAN.) );
#4303 = ( NAMED_UNIT(*) SI_UNIT($,.STERADIAN.) SOLID_ANGLE_UNIT() );
#4304 = UNCERTAINTY_MEASURE_WITH_UNIT(LENGTH_MEASURE(1.E-07),#4301,
  'distance_accuracy_value','confusion accuracy');
#4305 = CONTEXT_DEPENDENT_SHAPE_REPRESENTATION(#4306,#4308);
#4306 = ( REPRESENTATION_RELATIONSHIP('','',#4079,#10) 
REPRESENTATION_RELATIONSHIP_WITH_TRANSFORMATION(#4307) 
SHAPE_REPRESENTATION_RELATIONSHIP() );
#4307 = ITEM_DEFINED_TRANSFORMATION('','',#11,#83);
#4308 = PRODUCT_DEFINITION_SHAPE('Placement','Placement of an item',
  #4309);
#4309 = NEXT_ASSEMBLY_USAGE_OCCURRENCE('4072','Pad_8_1','',#5,#4074,$);
#4310 = PRODUCT_RELATED_PRODUCT_CATEGORY('part',$,(#4076));
#4311 = SHAPE_DEFINITION_REPRESENTATION(#4312,#4318);
#4312 = PRODUCT_DEFINITION_SHAPE('','',#4313);
#4313 = PRODUCT_DEFINITION('design','',#4314,#4317);
#4314 = PRODUCT_DEFINITION_FORMATION('','',#4315);
#4315 = PRODUCT('Pad_9_1','Pad_9_1','',(#4316));
#4316 = PRODUCT_CONTEXT('',#2,'mechanical');
#4317 = PRODUCT_DEFINITION_CONTEXT('part definition',#2,'design');
#4318 = ADVANCED_BREP_SHAPE_REPRESENTATION('',(#11,#4319),#4539);
#4319 = MANIFOLD_SOLID_BREP('',#4320);
#4320 = CLOSED_SHELL('',(#4321,#4361,#4410,#4435,#4459,#4493,#4510,#4527
    ));
#4321 = ADVANCED_FACE('',(#4322),#4356,.T.);
#4322 = FACE_BOUND('',#4323,.T.);
#4323 = EDGE_LOOP('',(#4324,#4334,#4342,#4350));
#4324 = ORIENTED_EDGE('',*,*,#4325,.F.);
#4325 = EDGE_CURVE('',#4326,#4328,#4330,.T.);
#4326 = VERTEX_POINT('',#4327);
#4327 = CARTESIAN_POINT('',(-1.3871677,5.E-02,-0.135));
#4328 = VERTEX_POINT('',#4329);
#4329 = CARTESIAN_POINT('',(-1.75,5.E-02,-0.135));
#4330 = LINE('',#4331,#4332);
#4331 = CARTESIAN_POINT('',(-1.255,5.E-02,-0.135));
#4332 = VECTOR('',#4333,1.);
#4333 = DIRECTION('',(-1.,0.,0.));
#4334 = ORIENTED_EDGE('',*,*,#4335,.T.);
#4335 = EDGE_CURVE('',#4326,#4336,#4338,.T.);
#4336 = VERTEX_POINT('',#4337);
#4337 = CARTESIAN_POINT('',(-1.3871677,0.,-0.135));
#4338 = LINE('',#4339,#4340);
#4339 = CARTESIAN_POINT('',(-1.3871677,5.E-02,-0.135));
#4340 = VECTOR('',#4341,1.);
#4341 = DIRECTION('',(0.,-1.,0.));
#4342 = ORIENTED_EDGE('',*,*,#4343,.T.);
#4343 = EDGE_CURVE('',#4336,#4344,#4346,.T.);
#4344 = VERTEX_POINT('',#4345);
#4345 = CARTESIAN_POINT('',(-1.75,0.,-0.135));
#4346 = LINE('',#4347,#4348);
#4347 = CARTESIAN_POINT('',(-1.255,0.,-0.135));
#4348 = VECTOR('',#4349,1.);
#4349 = DIRECTION('',(-1.,0.,0.));
#4350 = ORIENTED_EDGE('',*,*,#4351,.F.);
#4351 = EDGE_CURVE('',#4328,#4344,#4352,.T.);
#4352 = LINE('',#4353,#4354);
#4353 = CARTESIAN_POINT('',(-1.75,5.E-02,-0.135));
#4354 = VECTOR('',#4355,1.);
#4355 = DIRECTION('',(0.,-1.,0.));
#4356 = PLANE('',#4357);
#4357 = AXIS2_PLACEMENT_3D('',#4358,#4359,#4360);
#4358 = CARTESIAN_POINT('',(-1.255,5.E-02,-0.135));
#4359 = DIRECTION('',(-0.,-0.,-1.));
#4360 = DIRECTION('',(-1.,0.,0.));
#4361 = ADVANCED_FACE('',(#4362),#4405,.T.);
#4362 = FACE_BOUND('',#4363,.T.);
#4363 = EDGE_LOOP('',(#4364,#4365,#4373,#4381,#4390,#4398));
#4364 = ORIENTED_EDGE('',*,*,#4325,.T.);
#4365 = ORIENTED_EDGE('',*,*,#4366,.T.);
#4366 = EDGE_CURVE('',#4328,#4367,#4369,.T.);
#4367 = VERTEX_POINT('',#4368);
#4368 = CARTESIAN_POINT('',(-1.75,5.E-02,0.135));
#4369 = LINE('',#4370,#4371);
#4370 = CARTESIAN_POINT('',(-1.75,5.E-02,-4.5));
#4371 = VECTOR('',#4372,1.);
#4372 = DIRECTION('',(0.,0.,1.));
#4373 = ORIENTED_EDGE('',*,*,#4374,.T.);
#4374 = EDGE_CURVE('',#4367,#4375,#4377,.T.);
#4375 = VERTEX_POINT('',#4376);
#4376 = CARTESIAN_POINT('',(-1.3871677,5.E-02,0.135));
#4377 = LINE('',#4378,#4379);
#4378 = CARTESIAN_POINT('',(-2.115,5.E-02,0.135));
#4379 = VECTOR('',#4380,1.);
#4380 = DIRECTION('',(1.,0.,0.));
#4381 = ORIENTED_EDGE('',*,*,#4382,.F.);
#4382 = EDGE_CURVE('',#4383,#4375,#4385,.T.);
#4383 = VERTEX_POINT('',#4384);
#4384 = CARTESIAN_POINT('',(-1.255,5.E-02,2.8323E-03));
#4385 = CIRCLE('',#4386,0.1321677);
#4386 = AXIS2_PLACEMENT_3D('',#4387,#4388,#4389);
#4387 = CARTESIAN_POINT('',(-1.3871677,5.E-02,2.8323E-03));
#4388 = DIRECTION('',(0.,-1.,0.));
#4389 = DIRECTION('',(0.,-0.,-1.));
#4390 = ORIENTED_EDGE('',*,*,#4391,.T.);
#4391 = EDGE_CURVE('',#4383,#4392,#4394,.T.);
#4392 = VERTEX_POINT('',#4393);
#4393 = CARTESIAN_POINT('',(-1.255,5.E-02,-2.8323E-03));
#4394 = LINE('',#4395,#4396);
#4395 = CARTESIAN_POINT('',(-1.255,5.E-02,0.135));
#4396 = VECTOR('',#4397,1.);
#4397 = DIRECTION('',(0.,0.,-1.));
#4398 = ORIENTED_EDGE('',*,*,#4399,.F.);
#4399 = EDGE_CURVE('',#4326,#4392,#4400,.T.);
#4400 = CIRCLE('',#4401,0.1321677);
#4401 = AXIS2_PLACEMENT_3D('',#4402,#4403,#4404);
#4402 = CARTESIAN_POINT('',(-1.3871677,5.E-02,-2.8323E-03));
#4403 = DIRECTION('',(0.,-1.,0.));
#4404 = DIRECTION('',(0.,-0.,-1.));
#4405 = PLANE('',#4406);
#4406 = AXIS2_PLACEMENT_3D('',#4407,#4408,#4409);
#4407 = CARTESIAN_POINT('',(-1.685,5.E-02,0.));
#4408 = DIRECTION('',(0.,1.,0.));
#4409 = DIRECTION('',(0.,0.,1.));
#4410 = ADVANCED_FACE('',(#4411),#4430,.T.);
#4411 = FACE_BOUND('',#4412,.T.);
#4412 = EDGE_LOOP('',(#4413,#4414,#4422,#4429));
#4413 = ORIENTED_EDGE('',*,*,#4399,.T.);
#4414 = ORIENTED_EDGE('',*,*,#4415,.T.);
#4415 = EDGE_CURVE('',#4392,#4416,#4418,.T.);
#4416 = VERTEX_POINT('',#4417);
#4417 = CARTESIAN_POINT('',(-1.255,0.,-2.8323E-03));
#4418 = LINE('',#4419,#4420);
#4419 = CARTESIAN_POINT('',(-1.255,5.E-02,-2.8323E-03));
#4420 = VECTOR('',#4421,1.);
#4421 = DIRECTION('',(0.,-1.,0.));
#4422 = ORIENTED_EDGE('',*,*,#4423,.F.);
#4423 = EDGE_CURVE('',#4336,#4416,#4424,.T.);
#4424 = CIRCLE('',#4425,0.1321677);
#4425 = AXIS2_PLACEMENT_3D('',#4426,#4427,#4428);
#4426 = CARTESIAN_POINT('',(-1.3871677,1.387778780781E-17,-2.8323E-03));
#4427 = DIRECTION('',(0.,-1.,0.));
#4428 = DIRECTION('',(0.,-0.,-1.));
#4429 = ORIENTED_EDGE('',*,*,#4335,.F.);
#4430 = CYLINDRICAL_SURFACE('',#4431,0.1321677);
#4431 = AXIS2_PLACEMENT_3D('',#4432,#4433,#4434);
#4432 = CARTESIAN_POINT('',(-1.3871677,5.E-02,-2.8323E-03));
#4433 = DIRECTION('',(0.,-1.,0.));
#4434 = DIRECTION('',(0.,0.,-1.));
#4435 = ADVANCED_FACE('',(#4436),#4454,.T.);
#4436 = FACE_BOUND('',#4437,.T.);
#4437 = EDGE_LOOP('',(#4438,#4439,#4447,#4453));
#4438 = ORIENTED_EDGE('',*,*,#4351,.T.);
#4439 = ORIENTED_EDGE('',*,*,#4440,.T.);
#4440 = EDGE_CURVE('',#4344,#4441,#4443,.T.);
#4441 = VERTEX_POINT('',#4442);
#4442 = CARTESIAN_POINT('',(-1.75,0.,0.135));
#4443 = LINE('',#4444,#4445);
#4444 = CARTESIAN_POINT('',(-1.75,0.,-4.5));
#4445 = VECTOR('',#4446,1.);
#4446 = DIRECTION('',(0.,0.,1.));
#4447 = ORIENTED_EDGE('',*,*,#4448,.F.);
#4448 = EDGE_CURVE('',#4367,#4441,#4449,.T.);
#4449 = LINE('',#4450,#4451);
#4450 = CARTESIAN_POINT('',(-1.75,5.E-02,0.135));
#4451 = VECTOR('',#4452,1.);
#4452 = DIRECTION('',(0.,-1.,0.));
#4453 = ORIENTED_EDGE('',*,*,#4366,.F.);
#4454 = PLANE('',#4455);
#4455 = AXIS2_PLACEMENT_3D('',#4456,#4457,#4458);
#4456 = CARTESIAN_POINT('',(-1.75,5.E-02,-0.135));
#4457 = DIRECTION('',(-1.,0.,0.));
#4458 = DIRECTION('',(0.,0.,1.));
#4459 = ADVANCED_FACE('',(#4460),#4488,.F.);
#4460 = FACE_BOUND('',#4461,.F.);
#4461 = EDGE_LOOP('',(#4462,#4463,#4464,#4472,#4481,#4487));
#4462 = ORIENTED_EDGE('',*,*,#4343,.T.);
#4463 = ORIENTED_EDGE('',*,*,#4440,.T.);
#4464 = ORIENTED_EDGE('',*,*,#4465,.T.);
#4465 = EDGE_CURVE('',#4441,#4466,#4468,.T.);
#4466 = VERTEX_POINT('',#4467);
#4467 = CARTESIAN_POINT('',(-1.3871677,0.,0.135));
#4468 = LINE('',#4469,#4470);
#4469 = CARTESIAN_POINT('',(-2.115,0.,0.135));
#4470 = VECTOR('',#4471,1.);
#4471 = DIRECTION('',(1.,0.,0.));
#4472 = ORIENTED_EDGE('',*,*,#4473,.F.);
#4473 = EDGE_CURVE('',#4474,#4466,#4476,.T.);
#4474 = VERTEX_POINT('',#4475);
#4475 = CARTESIAN_POINT('',(-1.255,0.,2.8323E-03));
#4476 = CIRCLE('',#4477,0.1321677);
#4477 = AXIS2_PLACEMENT_3D('',#4478,#4479,#4480);
#4478 = CARTESIAN_POINT('',(-1.3871677,1.387778780781E-17,2.8323E-03));
#4479 = DIRECTION('',(0.,-1.,0.));
#4480 = DIRECTION('',(0.,-0.,-1.));
#4481 = ORIENTED_EDGE('',*,*,#4482,.T.);
#4482 = EDGE_CURVE('',#4474,#4416,#4483,.T.);
#4483 = LINE('',#4484,#4485);
#4484 = CARTESIAN_POINT('',(-1.255,0.,0.135));
#4485 = VECTOR('',#4486,1.);
#4486 = DIRECTION('',(0.,0.,-1.));
#4487 = ORIENTED_EDGE('',*,*,#4423,.F.);
#4488 = PLANE('',#4489);
#4489 = AXIS2_PLACEMENT_3D('',#4490,#4491,#4492);
#4490 = CARTESIAN_POINT('',(-1.685,1.387778780781E-17,0.));
#4491 = DIRECTION('',(0.,1.,0.));
#4492 = DIRECTION('',(0.,0.,1.));
#4493 = ADVANCED_FACE('',(#4494),#4505,.T.);
#4494 = FACE_BOUND('',#4495,.T.);
#4495 = EDGE_LOOP('',(#4496,#4497,#4503,#4504));
#4496 = ORIENTED_EDGE('',*,*,#4391,.F.);
#4497 = ORIENTED_EDGE('',*,*,#4498,.T.);
#4498 = EDGE_CURVE('',#4383,#4474,#4499,.T.);
#4499 = LINE('',#4500,#4501);
#4500 = CARTESIAN_POINT('',(-1.255,5.E-02,2.8323E-03));
#4501 = VECTOR('',#4502,1.);
#4502 = DIRECTION('',(0.,-1.,0.));
#4503 = ORIENTED_EDGE('',*,*,#4482,.T.);
#4504 = ORIENTED_EDGE('',*,*,#4415,.F.);
#4505 = PLANE('',#4506);
#4506 = AXIS2_PLACEMENT_3D('',#4507,#4508,#4509);
#4507 = CARTESIAN_POINT('',(-1.255,5.E-02,0.135));
#4508 = DIRECTION('',(1.,0.,0.));
#4509 = DIRECTION('',(0.,0.,-1.));
#4510 = ADVANCED_FACE('',(#4511),#4522,.T.);
#4511 = FACE_BOUND('',#4512,.T.);
#4512 = EDGE_LOOP('',(#4513,#4514,#4515,#4516));
#4513 = ORIENTED_EDGE('',*,*,#4374,.F.);
#4514 = ORIENTED_EDGE('',*,*,#4448,.T.);
#4515 = ORIENTED_EDGE('',*,*,#4465,.T.);
#4516 = ORIENTED_EDGE('',*,*,#4517,.F.);
#4517 = EDGE_CURVE('',#4375,#4466,#4518,.T.);
#4518 = LINE('',#4519,#4520);
#4519 = CARTESIAN_POINT('',(-1.3871677,5.E-02,0.135));
#4520 = VECTOR('',#4521,1.);
#4521 = DIRECTION('',(0.,-1.,0.));
#4522 = PLANE('',#4523);
#4523 = AXIS2_PLACEMENT_3D('',#4524,#4525,#4526);
#4524 = CARTESIAN_POINT('',(-1.75,5.E-02,0.135));
#4525 = DIRECTION('',(0.,0.,1.));
#4526 = DIRECTION('',(1.,0.,0.));
#4527 = ADVANCED_FACE('',(#4528),#4534,.T.);
#4528 = FACE_BOUND('',#4529,.T.);
#4529 = EDGE_LOOP('',(#4530,#4531,#4532,#4533));
#4530 = ORIENTED_EDGE('',*,*,#4382,.T.);
#4531 = ORIENTED_EDGE('',*,*,#4517,.T.);
#4532 = ORIENTED_EDGE('',*,*,#4473,.F.);
#4533 = ORIENTED_EDGE('',*,*,#4498,.F.);
#4534 = CYLINDRICAL_SURFACE('',#4535,0.1321677);
#4535 = AXIS2_PLACEMENT_3D('',#4536,#4537,#4538);
#4536 = CARTESIAN_POINT('',(-1.3871677,5.E-02,2.8323E-03));
#4537 = DIRECTION('',(0.,-1.,0.));
#4538 = DIRECTION('',(1.,0.,0.));
#4539 = ( GEOMETRIC_REPRESENTATION_CONTEXT(3) 
GLOBAL_UNCERTAINTY_ASSIGNED_CONTEXT((#4543)) 
GLOBAL_UNIT_ASSIGNED_CONTEXT((#4540,#4541,#4542)) REPRESENTATION_CONTEXT
('Context #1','3D Context with UNIT and UNCERTAINTY') );
#4540 = ( LENGTH_UNIT() NAMED_UNIT(*) SI_UNIT(.MILLI.,.METRE.) );
#4541 = ( NAMED_UNIT(*) PLANE_ANGLE_UNIT() SI_UNIT($,.RADIAN.) );
#4542 = ( NAMED_UNIT(*) SI_UNIT($,.STERADIAN.) SOLID_ANGLE_UNIT() );
#4543 = UNCERTAINTY_MEASURE_WITH_UNIT(LENGTH_MEASURE(1.E-07),#4540,
  'distance_accuracy_value','confusion accuracy');
#4544 = CONTEXT_DEPENDENT_SHAPE_REPRESENTATION(#4545,#4547);
#4545 = ( REPRESENTATION_RELATIONSHIP('','',#4318,#10) 
REPRESENTATION_RELATIONSHIP_WITH_TRANSFORMATION(#4546) 
SHAPE_REPRESENTATION_RELATIONSHIP() );
#4546 = ITEM_DEFINED_TRANSFORMATION('','',#11,#87);
#4547 = PRODUCT_DEFINITION_SHAPE('Placement','Placement of an item',
  #4548);
#4548 = NEXT_ASSEMBLY_USAGE_OCCURRENCE('4073','Pad_9_1','',#5,#4313,$);
#4549 = PRODUCT_RELATED_PRODUCT_CATEGORY('part',$,(#4315));
#4550 = SHAPE_DEFINITION_REPRESENTATION(#4551,#4557);
#4551 = PRODUCT_DEFINITION_SHAPE('','',#4552);
#4552 = PRODUCT_DEFINITION('design','',#4553,#4556);
#4553 = PRODUCT_DEFINITION_FORMATION('','',#4554);
#4554 = PRODUCT('Pad_10_1','Pad_10_1','',(#4555));
#4555 = PRODUCT_CONTEXT('',#2,'mechanical');
#4556 = PRODUCT_DEFINITION_CONTEXT('part definition',#2,'design');
#4557 = ADVANCED_BREP_SHAPE_REPRESENTATION('',(#11,#4558),#4778);
#4558 = MANIFOLD_SOLID_BREP('',#4559);
#4559 = CLOSED_SHELL('',(#4560,#4600,#4649,#4674,#4698,#4732,#4749,#4766
    ));
#4560 = ADVANCED_FACE('',(#4561),#4595,.T.);
#4561 = FACE_BOUND('',#4562,.T.);
#4562 = EDGE_LOOP('',(#4563,#4573,#4581,#4589));
#4563 = ORIENTED_EDGE('',*,*,#4564,.F.);
#4564 = EDGE_CURVE('',#4565,#4567,#4569,.T.);
#4565 = VERTEX_POINT('',#4566);
#4566 = CARTESIAN_POINT('',(-1.3871677,5.E-02,0.365));
#4567 = VERTEX_POINT('',#4568);
#4568 = CARTESIAN_POINT('',(-1.75,5.E-02,0.365));
#4569 = LINE('',#4570,#4571);
#4570 = CARTESIAN_POINT('',(-1.255,5.E-02,0.365));
#4571 = VECTOR('',#4572,1.);
#4572 = DIRECTION('',(-1.,0.,0.));
#4573 = ORIENTED_EDGE('',*,*,#4574,.T.);
#4574 = EDGE_CURVE('',#4565,#4575,#4577,.T.);
#4575 = VERTEX_POINT('',#4576);
#4576 = CARTESIAN_POINT('',(-1.3871677,0.,0.365));
#4577 = LINE('',#4578,#4579);
#4578 = CARTESIAN_POINT('',(-1.3871677,5.E-02,0.365));
#4579 = VECTOR('',#4580,1.);
#4580 = DIRECTION('',(0.,-1.,0.));
#4581 = ORIENTED_EDGE('',*,*,#4582,.T.);
#4582 = EDGE_CURVE('',#4575,#4583,#4585,.T.);
#4583 = VERTEX_POINT('',#4584);
#4584 = CARTESIAN_POINT('',(-1.75,0.,0.365));
#4585 = LINE('',#4586,#4587);
#4586 = CARTESIAN_POINT('',(-1.255,0.,0.365));
#4587 = VECTOR('',#4588,1.);
#4588 = DIRECTION('',(-1.,0.,0.));
#4589 = ORIENTED_EDGE('',*,*,#4590,.F.);
#4590 = EDGE_CURVE('',#4567,#4583,#4591,.T.);
#4591 = LINE('',#4592,#4593);
#4592 = CARTESIAN_POINT('',(-1.75,5.E-02,0.365));
#4593 = VECTOR('',#4594,1.);
#4594 = DIRECTION('',(0.,-1.,0.));
#4595 = PLANE('',#4596);
#4596 = AXIS2_PLACEMENT_3D('',#4597,#4598,#4599);
#4597 = CARTESIAN_POINT('',(-1.255,5.E-02,0.365));
#4598 = DIRECTION('',(-0.,-0.,-1.));
#4599 = DIRECTION('',(-1.,0.,0.));
#4600 = ADVANCED_FACE('',(#4601),#4644,.T.);
#4601 = FACE_BOUND('',#4602,.T.);
#4602 = EDGE_LOOP('',(#4603,#4604,#4612,#4620,#4629,#4637));
#4603 = ORIENTED_EDGE('',*,*,#4564,.T.);
#4604 = ORIENTED_EDGE('',*,*,#4605,.T.);
#4605 = EDGE_CURVE('',#4567,#4606,#4608,.T.);
#4606 = VERTEX_POINT('',#4607);
#4607 = CARTESIAN_POINT('',(-1.75,5.E-02,0.635));
#4608 = LINE('',#4609,#4610);
#4609 = CARTESIAN_POINT('',(-1.75,5.E-02,-4.5));
#4610 = VECTOR('',#4611,1.);
#4611 = DIRECTION('',(0.,0.,1.));
#4612 = ORIENTED_EDGE('',*,*,#4613,.T.);
#4613 = EDGE_CURVE('',#4606,#4614,#4616,.T.);
#4614 = VERTEX_POINT('',#4615);
#4615 = CARTESIAN_POINT('',(-1.3871677,5.E-02,0.635));
#4616 = LINE('',#4617,#4618);
#4617 = CARTESIAN_POINT('',(-2.115,5.E-02,0.635));
#4618 = VECTOR('',#4619,1.);
#4619 = DIRECTION('',(1.,0.,0.));
#4620 = ORIENTED_EDGE('',*,*,#4621,.F.);
#4621 = EDGE_CURVE('',#4622,#4614,#4624,.T.);
#4622 = VERTEX_POINT('',#4623);
#4623 = CARTESIAN_POINT('',(-1.255,5.E-02,0.5028323));
#4624 = CIRCLE('',#4625,0.1321677);
#4625 = AXIS2_PLACEMENT_3D('',#4626,#4627,#4628);
#4626 = CARTESIAN_POINT('',(-1.3871677,5.E-02,0.5028323));
#4627 = DIRECTION('',(0.,-1.,0.));
#4628 = DIRECTION('',(0.,-0.,-1.));
#4629 = ORIENTED_EDGE('',*,*,#4630,.T.);
#4630 = EDGE_CURVE('',#4622,#4631,#4633,.T.);
#4631 = VERTEX_POINT('',#4632);
#4632 = CARTESIAN_POINT('',(-1.255,5.E-02,0.4971677));
#4633 = LINE('',#4634,#4635);
#4634 = CARTESIAN_POINT('',(-1.255,5.E-02,0.635));
#4635 = VECTOR('',#4636,1.);
#4636 = DIRECTION('',(0.,0.,-1.));
#4637 = ORIENTED_EDGE('',*,*,#4638,.F.);
#4638 = EDGE_CURVE('',#4565,#4631,#4639,.T.);
#4639 = CIRCLE('',#4640,0.1321677);
#4640 = AXIS2_PLACEMENT_3D('',#4641,#4642,#4643);
#4641 = CARTESIAN_POINT('',(-1.3871677,5.E-02,0.4971677));
#4642 = DIRECTION('',(0.,-1.,0.));
#4643 = DIRECTION('',(0.,-0.,-1.));
#4644 = PLANE('',#4645);
#4645 = AXIS2_PLACEMENT_3D('',#4646,#4647,#4648);
#4646 = CARTESIAN_POINT('',(-1.685,5.E-02,0.5));
#4647 = DIRECTION('',(0.,1.,0.));
#4648 = DIRECTION('',(0.,0.,1.));
#4649 = ADVANCED_FACE('',(#4650),#4669,.T.);
#4650 = FACE_BOUND('',#4651,.T.);
#4651 = EDGE_LOOP('',(#4652,#4653,#4661,#4668));
#4652 = ORIENTED_EDGE('',*,*,#4638,.T.);
#4653 = ORIENTED_EDGE('',*,*,#4654,.T.);
#4654 = EDGE_CURVE('',#4631,#4655,#4657,.T.);
#4655 = VERTEX_POINT('',#4656);
#4656 = CARTESIAN_POINT('',(-1.255,0.,0.4971677));
#4657 = LINE('',#4658,#4659);
#4658 = CARTESIAN_POINT('',(-1.255,5.E-02,0.4971677));
#4659 = VECTOR('',#4660,1.);
#4660 = DIRECTION('',(0.,-1.,0.));
#4661 = ORIENTED_EDGE('',*,*,#4662,.F.);
#4662 = EDGE_CURVE('',#4575,#4655,#4663,.T.);
#4663 = CIRCLE('',#4664,0.1321677);
#4664 = AXIS2_PLACEMENT_3D('',#4665,#4666,#4667);
#4665 = CARTESIAN_POINT('',(-1.3871677,1.387778780781E-17,0.4971677));
#4666 = DIRECTION('',(0.,-1.,0.));
#4667 = DIRECTION('',(0.,-0.,-1.));
#4668 = ORIENTED_EDGE('',*,*,#4574,.F.);
#4669 = CYLINDRICAL_SURFACE('',#4670,0.1321677);
#4670 = AXIS2_PLACEMENT_3D('',#4671,#4672,#4673);
#4671 = CARTESIAN_POINT('',(-1.3871677,5.E-02,0.4971677));
#4672 = DIRECTION('',(0.,-1.,0.));
#4673 = DIRECTION('',(0.,0.,-1.));
#4674 = ADVANCED_FACE('',(#4675),#4693,.T.);
#4675 = FACE_BOUND('',#4676,.T.);
#4676 = EDGE_LOOP('',(#4677,#4678,#4686,#4692));
#4677 = ORIENTED_EDGE('',*,*,#4590,.T.);
#4678 = ORIENTED_EDGE('',*,*,#4679,.T.);
#4679 = EDGE_CURVE('',#4583,#4680,#4682,.T.);
#4680 = VERTEX_POINT('',#4681);
#4681 = CARTESIAN_POINT('',(-1.75,0.,0.635));
#4682 = LINE('',#4683,#4684);
#4683 = CARTESIAN_POINT('',(-1.75,0.,-4.5));
#4684 = VECTOR('',#4685,1.);
#4685 = DIRECTION('',(0.,0.,1.));
#4686 = ORIENTED_EDGE('',*,*,#4687,.F.);
#4687 = EDGE_CURVE('',#4606,#4680,#4688,.T.);
#4688 = LINE('',#4689,#4690);
#4689 = CARTESIAN_POINT('',(-1.75,5.E-02,0.635));
#4690 = VECTOR('',#4691,1.);
#4691 = DIRECTION('',(0.,-1.,0.));
#4692 = ORIENTED_EDGE('',*,*,#4605,.F.);
#4693 = PLANE('',#4694);
#4694 = AXIS2_PLACEMENT_3D('',#4695,#4696,#4697);
#4695 = CARTESIAN_POINT('',(-1.75,5.E-02,0.365));
#4696 = DIRECTION('',(-1.,0.,0.));
#4697 = DIRECTION('',(0.,0.,1.));
#4698 = ADVANCED_FACE('',(#4699),#4727,.F.);
#4699 = FACE_BOUND('',#4700,.F.);
#4700 = EDGE_LOOP('',(#4701,#4702,#4703,#4711,#4720,#4726));
#4701 = ORIENTED_EDGE('',*,*,#4582,.T.);
#4702 = ORIENTED_EDGE('',*,*,#4679,.T.);
#4703 = ORIENTED_EDGE('',*,*,#4704,.T.);
#4704 = EDGE_CURVE('',#4680,#4705,#4707,.T.);
#4705 = VERTEX_POINT('',#4706);
#4706 = CARTESIAN_POINT('',(-1.3871677,0.,0.635));
#4707 = LINE('',#4708,#4709);
#4708 = CARTESIAN_POINT('',(-2.115,0.,0.635));
#4709 = VECTOR('',#4710,1.);
#4710 = DIRECTION('',(1.,0.,0.));
#4711 = ORIENTED_EDGE('',*,*,#4712,.F.);
#4712 = EDGE_CURVE('',#4713,#4705,#4715,.T.);
#4713 = VERTEX_POINT('',#4714);
#4714 = CARTESIAN_POINT('',(-1.255,0.,0.5028323));
#4715 = CIRCLE('',#4716,0.1321677);
#4716 = AXIS2_PLACEMENT_3D('',#4717,#4718,#4719);
#4717 = CARTESIAN_POINT('',(-1.3871677,1.387778780781E-17,0.5028323));
#4718 = DIRECTION('',(0.,-1.,0.));
#4719 = DIRECTION('',(0.,-0.,-1.));
#4720 = ORIENTED_EDGE('',*,*,#4721,.T.);
#4721 = EDGE_CURVE('',#4713,#4655,#4722,.T.);
#4722 = LINE('',#4723,#4724);
#4723 = CARTESIAN_POINT('',(-1.255,0.,0.635));
#4724 = VECTOR('',#4725,1.);
#4725 = DIRECTION('',(0.,0.,-1.));
#4726 = ORIENTED_EDGE('',*,*,#4662,.F.);
#4727 = PLANE('',#4728);
#4728 = AXIS2_PLACEMENT_3D('',#4729,#4730,#4731);
#4729 = CARTESIAN_POINT('',(-1.685,1.387778780781E-17,0.5));
#4730 = DIRECTION('',(0.,1.,0.));
#4731 = DIRECTION('',(0.,0.,1.));
#4732 = ADVANCED_FACE('',(#4733),#4744,.T.);
#4733 = FACE_BOUND('',#4734,.T.);
#4734 = EDGE_LOOP('',(#4735,#4736,#4742,#4743));
#4735 = ORIENTED_EDGE('',*,*,#4630,.F.);
#4736 = ORIENTED_EDGE('',*,*,#4737,.T.);
#4737 = EDGE_CURVE('',#4622,#4713,#4738,.T.);
#4738 = LINE('',#4739,#4740);
#4739 = CARTESIAN_POINT('',(-1.255,5.E-02,0.5028323));
#4740 = VECTOR('',#4741,1.);
#4741 = DIRECTION('',(0.,-1.,0.));
#4742 = ORIENTED_EDGE('',*,*,#4721,.T.);
#4743 = ORIENTED_EDGE('',*,*,#4654,.F.);
#4744 = PLANE('',#4745);
#4745 = AXIS2_PLACEMENT_3D('',#4746,#4747,#4748);
#4746 = CARTESIAN_POINT('',(-1.255,5.E-02,0.635));
#4747 = DIRECTION('',(1.,0.,0.));
#4748 = DIRECTION('',(0.,0.,-1.));
#4749 = ADVANCED_FACE('',(#4750),#4761,.T.);
#4750 = FACE_BOUND('',#4751,.T.);
#4751 = EDGE_LOOP('',(#4752,#4753,#4754,#4755));
#4752 = ORIENTED_EDGE('',*,*,#4613,.F.);
#4753 = ORIENTED_EDGE('',*,*,#4687,.T.);
#4754 = ORIENTED_EDGE('',*,*,#4704,.T.);
#4755 = ORIENTED_EDGE('',*,*,#4756,.F.);
#4756 = EDGE_CURVE('',#4614,#4705,#4757,.T.);
#4757 = LINE('',#4758,#4759);
#4758 = CARTESIAN_POINT('',(-1.3871677,5.E-02,0.635));
#4759 = VECTOR('',#4760,1.);
#4760 = DIRECTION('',(0.,-1.,0.));
#4761 = PLANE('',#4762);
#4762 = AXIS2_PLACEMENT_3D('',#4763,#4764,#4765);
#4763 = CARTESIAN_POINT('',(-1.75,5.E-02,0.635));
#4764 = DIRECTION('',(0.,0.,1.));
#4765 = DIRECTION('',(1.,0.,0.));
#4766 = ADVANCED_FACE('',(#4767),#4773,.T.);
#4767 = FACE_BOUND('',#4768,.T.);
#4768 = EDGE_LOOP('',(#4769,#4770,#4771,#4772));
#4769 = ORIENTED_EDGE('',*,*,#4621,.T.);
#4770 = ORIENTED_EDGE('',*,*,#4756,.T.);
#4771 = ORIENTED_EDGE('',*,*,#4712,.F.);
#4772 = ORIENTED_EDGE('',*,*,#4737,.F.);
#4773 = CYLINDRICAL_SURFACE('',#4774,0.1321677);
#4774 = AXIS2_PLACEMENT_3D('',#4775,#4776,#4777);
#4775 = CARTESIAN_POINT('',(-1.3871677,5.E-02,0.5028323));
#4776 = DIRECTION('',(0.,-1.,0.));
#4777 = DIRECTION('',(1.,0.,0.));
#4778 = ( GEOMETRIC_REPRESENTATION_CONTEXT(3) 
GLOBAL_UNCERTAINTY_ASSIGNED_CONTEXT((#4782)) 
GLOBAL_UNIT_ASSIGNED_CONTEXT((#4779,#4780,#4781)) REPRESENTATION_CONTEXT
('Context #1','3D Context with UNIT and UNCERTAINTY') );
#4779 = ( LENGTH_UNIT() NAMED_UNIT(*) SI_UNIT(.MILLI.,.METRE.) );
#4780 = ( NAMED_UNIT(*) PLANE_ANGLE_UNIT() SI_UNIT($,.RADIAN.) );
#4781 = ( NAMED_UNIT(*) SI_UNIT($,.STERADIAN.) SOLID_ANGLE_UNIT() );
#4782 = UNCERTAINTY_MEASURE_WITH_UNIT(LENGTH_MEASURE(1.E-07),#4779,
  'distance_accuracy_value','confusion accuracy');
#4783 = CONTEXT_DEPENDENT_SHAPE_REPRESENTATION(#4784,#4786);
#4784 = ( REPRESENTATION_RELATIONSHIP('','',#4557,#10) 
REPRESENTATION_RELATIONSHIP_WITH_TRANSFORMATION(#4785) 
SHAPE_REPRESENTATION_RELATIONSHIP() );
#4785 = ITEM_DEFINED_TRANSFORMATION('','',#11,#91);
#4786 = PRODUCT_DEFINITION_SHAPE('Placement','Placement of an item',
  #4787);
#4787 = NEXT_ASSEMBLY_USAGE_OCCURRENCE('4074','Pad_10_1','',#5,#4552,$);
#4788 = PRODUCT_RELATED_PRODUCT_CATEGORY('part',$,(#4554));
#4789 = SHAPE_DEFINITION_REPRESENTATION(#4790,#4796);
#4790 = PRODUCT_DEFINITION_SHAPE('','',#4791);
#4791 = PRODUCT_DEFINITION('design','',#4792,#4795);
#4792 = PRODUCT_DEFINITION_FORMATION('','',#4793);
#4793 = PRODUCT('Pad_11_1','Pad_11_1','',(#4794));
#4794 = PRODUCT_CONTEXT('',#2,'mechanical');
#4795 = PRODUCT_DEFINITION_CONTEXT('part definition',#2,'design');
#4796 = ADVANCED_BREP_SHAPE_REPRESENTATION('',(#11,#4797),#5017);
#4797 = MANIFOLD_SOLID_BREP('',#4798);
#4798 = CLOSED_SHELL('',(#4799,#4839,#4888,#4913,#4937,#4971,#4988,#5005
    ));
#4799 = ADVANCED_FACE('',(#4800),#4834,.T.);
#4800 = FACE_BOUND('',#4801,.T.);
#4801 = EDGE_LOOP('',(#4802,#4812,#4820,#4828));
#4802 = ORIENTED_EDGE('',*,*,#4803,.F.);
#4803 = EDGE_CURVE('',#4804,#4806,#4808,.T.);
#4804 = VERTEX_POINT('',#4805);
#4805 = CARTESIAN_POINT('',(-1.3871677,5.E-02,0.865));
#4806 = VERTEX_POINT('',#4807);
#4807 = CARTESIAN_POINT('',(-1.75,5.E-02,0.865));
#4808 = LINE('',#4809,#4810);
#4809 = CARTESIAN_POINT('',(-1.255,5.E-02,0.865));
#4810 = VECTOR('',#4811,1.);
#4811 = DIRECTION('',(-1.,0.,0.));
#4812 = ORIENTED_EDGE('',*,*,#4813,.T.);
#4813 = EDGE_CURVE('',#4804,#4814,#4816,.T.);
#4814 = VERTEX_POINT('',#4815);
#4815 = CARTESIAN_POINT('',(-1.3871677,0.,0.865));
#4816 = LINE('',#4817,#4818);
#4817 = CARTESIAN_POINT('',(-1.3871677,5.E-02,0.865));
#4818 = VECTOR('',#4819,1.);
#4819 = DIRECTION('',(0.,-1.,0.));
#4820 = ORIENTED_EDGE('',*,*,#4821,.T.);
#4821 = EDGE_CURVE('',#4814,#4822,#4824,.T.);
#4822 = VERTEX_POINT('',#4823);
#4823 = CARTESIAN_POINT('',(-1.75,0.,0.865));
#4824 = LINE('',#4825,#4826);
#4825 = CARTESIAN_POINT('',(-1.255,0.,0.865));
#4826 = VECTOR('',#4827,1.);
#4827 = DIRECTION('',(-1.,0.,0.));
#4828 = ORIENTED_EDGE('',*,*,#4829,.F.);
#4829 = EDGE_CURVE('',#4806,#4822,#4830,.T.);
#4830 = LINE('',#4831,#4832);
#4831 = CARTESIAN_POINT('',(-1.75,5.E-02,0.865));
#4832 = VECTOR('',#4833,1.);
#4833 = DIRECTION('',(0.,-1.,0.));
#4834 = PLANE('',#4835);
#4835 = AXIS2_PLACEMENT_3D('',#4836,#4837,#4838);
#4836 = CARTESIAN_POINT('',(-1.255,5.E-02,0.865));
#4837 = DIRECTION('',(-0.,-0.,-1.));
#4838 = DIRECTION('',(-1.,0.,0.));
#4839 = ADVANCED_FACE('',(#4840),#4883,.T.);
#4840 = FACE_BOUND('',#4841,.T.);
#4841 = EDGE_LOOP('',(#4842,#4843,#4851,#4859,#4868,#4876));
#4842 = ORIENTED_EDGE('',*,*,#4803,.T.);
#4843 = ORIENTED_EDGE('',*,*,#4844,.T.);
#4844 = EDGE_CURVE('',#4806,#4845,#4847,.T.);
#4845 = VERTEX_POINT('',#4846);
#4846 = CARTESIAN_POINT('',(-1.75,5.E-02,1.135));
#4847 = LINE('',#4848,#4849);
#4848 = CARTESIAN_POINT('',(-1.75,5.E-02,-4.5));
#4849 = VECTOR('',#4850,1.);
#4850 = DIRECTION('',(0.,0.,1.));
#4851 = ORIENTED_EDGE('',*,*,#4852,.T.);
#4852 = EDGE_CURVE('',#4845,#4853,#4855,.T.);
#4853 = VERTEX_POINT('',#4854);
#4854 = CARTESIAN_POINT('',(-1.3871677,5.E-02,1.135));
#4855 = LINE('',#4856,#4857);
#4856 = CARTESIAN_POINT('',(-2.115,5.E-02,1.135));
#4857 = VECTOR('',#4858,1.);
#4858 = DIRECTION('',(1.,0.,0.));
#4859 = ORIENTED_EDGE('',*,*,#4860,.F.);
#4860 = EDGE_CURVE('',#4861,#4853,#4863,.T.);
#4861 = VERTEX_POINT('',#4862);
#4862 = CARTESIAN_POINT('',(-1.255,5.E-02,1.0028323));
#4863 = CIRCLE('',#4864,0.1321677);
#4864 = AXIS2_PLACEMENT_3D('',#4865,#4866,#4867);
#4865 = CARTESIAN_POINT('',(-1.3871677,5.E-02,1.0028323));
#4866 = DIRECTION('',(0.,-1.,0.));
#4867 = DIRECTION('',(0.,-0.,-1.));
#4868 = ORIENTED_EDGE('',*,*,#4869,.T.);
#4869 = EDGE_CURVE('',#4861,#4870,#4872,.T.);
#4870 = VERTEX_POINT('',#4871);
#4871 = CARTESIAN_POINT('',(-1.255,5.E-02,0.9971677));
#4872 = LINE('',#4873,#4874);
#4873 = CARTESIAN_POINT('',(-1.255,5.E-02,1.135));
#4874 = VECTOR('',#4875,1.);
#4875 = DIRECTION('',(0.,0.,-1.));
#4876 = ORIENTED_EDGE('',*,*,#4877,.F.);
#4877 = EDGE_CURVE('',#4804,#4870,#4878,.T.);
#4878 = CIRCLE('',#4879,0.1321677);
#4879 = AXIS2_PLACEMENT_3D('',#4880,#4881,#4882);
#4880 = CARTESIAN_POINT('',(-1.3871677,5.E-02,0.9971677));
#4881 = DIRECTION('',(0.,-1.,0.));
#4882 = DIRECTION('',(0.,-0.,-1.));
#4883 = PLANE('',#4884);
#4884 = AXIS2_PLACEMENT_3D('',#4885,#4886,#4887);
#4885 = CARTESIAN_POINT('',(-1.685,5.E-02,1.));
#4886 = DIRECTION('',(0.,1.,0.));
#4887 = DIRECTION('',(0.,0.,1.));
#4888 = ADVANCED_FACE('',(#4889),#4908,.T.);
#4889 = FACE_BOUND('',#4890,.T.);
#4890 = EDGE_LOOP('',(#4891,#4892,#4900,#4907));
#4891 = ORIENTED_EDGE('',*,*,#4877,.T.);
#4892 = ORIENTED_EDGE('',*,*,#4893,.T.);
#4893 = EDGE_CURVE('',#4870,#4894,#4896,.T.);
#4894 = VERTEX_POINT('',#4895);
#4895 = CARTESIAN_POINT('',(-1.255,0.,0.9971677));
#4896 = LINE('',#4897,#4898);
#4897 = CARTESIAN_POINT('',(-1.255,5.E-02,0.9971677));
#4898 = VECTOR('',#4899,1.);
#4899 = DIRECTION('',(0.,-1.,0.));
#4900 = ORIENTED_EDGE('',*,*,#4901,.F.);
#4901 = EDGE_CURVE('',#4814,#4894,#4902,.T.);
#4902 = CIRCLE('',#4903,0.1321677);
#4903 = AXIS2_PLACEMENT_3D('',#4904,#4905,#4906);
#4904 = CARTESIAN_POINT('',(-1.3871677,1.387778780781E-17,0.9971677));
#4905 = DIRECTION('',(0.,-1.,0.));
#4906 = DIRECTION('',(0.,-0.,-1.));
#4907 = ORIENTED_EDGE('',*,*,#4813,.F.);
#4908 = CYLINDRICAL_SURFACE('',#4909,0.1321677);
#4909 = AXIS2_PLACEMENT_3D('',#4910,#4911,#4912);
#4910 = CARTESIAN_POINT('',(-1.3871677,5.E-02,0.9971677));
#4911 = DIRECTION('',(0.,-1.,0.));
#4912 = DIRECTION('',(0.,0.,-1.));
#4913 = ADVANCED_FACE('',(#4914),#4932,.T.);
#4914 = FACE_BOUND('',#4915,.T.);
#4915 = EDGE_LOOP('',(#4916,#4917,#4925,#4931));
#4916 = ORIENTED_EDGE('',*,*,#4829,.T.);
#4917 = ORIENTED_EDGE('',*,*,#4918,.T.);
#4918 = EDGE_CURVE('',#4822,#4919,#4921,.T.);
#4919 = VERTEX_POINT('',#4920);
#4920 = CARTESIAN_POINT('',(-1.75,0.,1.135));
#4921 = LINE('',#4922,#4923);
#4922 = CARTESIAN_POINT('',(-1.75,0.,-4.5));
#4923 = VECTOR('',#4924,1.);
#4924 = DIRECTION('',(0.,0.,1.));
#4925 = ORIENTED_EDGE('',*,*,#4926,.F.);
#4926 = EDGE_CURVE('',#4845,#4919,#4927,.T.);
#4927 = LINE('',#4928,#4929);
#4928 = CARTESIAN_POINT('',(-1.75,5.E-02,1.135));
#4929 = VECTOR('',#4930,1.);
#4930 = DIRECTION('',(0.,-1.,0.));
#4931 = ORIENTED_EDGE('',*,*,#4844,.F.);
#4932 = PLANE('',#4933);
#4933 = AXIS2_PLACEMENT_3D('',#4934,#4935,#4936);
#4934 = CARTESIAN_POINT('',(-1.75,5.E-02,0.865));
#4935 = DIRECTION('',(-1.,0.,0.));
#4936 = DIRECTION('',(0.,0.,1.));
#4937 = ADVANCED_FACE('',(#4938),#4966,.F.);
#4938 = FACE_BOUND('',#4939,.F.);
#4939 = EDGE_LOOP('',(#4940,#4941,#4942,#4950,#4959,#4965));
#4940 = ORIENTED_EDGE('',*,*,#4821,.T.);
#4941 = ORIENTED_EDGE('',*,*,#4918,.T.);
#4942 = ORIENTED_EDGE('',*,*,#4943,.T.);
#4943 = EDGE_CURVE('',#4919,#4944,#4946,.T.);
#4944 = VERTEX_POINT('',#4945);
#4945 = CARTESIAN_POINT('',(-1.3871677,0.,1.135));
#4946 = LINE('',#4947,#4948);
#4947 = CARTESIAN_POINT('',(-2.115,0.,1.135));
#4948 = VECTOR('',#4949,1.);
#4949 = DIRECTION('',(1.,0.,0.));
#4950 = ORIENTED_EDGE('',*,*,#4951,.F.);
#4951 = EDGE_CURVE('',#4952,#4944,#4954,.T.);
#4952 = VERTEX_POINT('',#4953);
#4953 = CARTESIAN_POINT('',(-1.255,0.,1.0028323));
#4954 = CIRCLE('',#4955,0.1321677);
#4955 = AXIS2_PLACEMENT_3D('',#4956,#4957,#4958);
#4956 = CARTESIAN_POINT('',(-1.3871677,1.387778780781E-17,1.0028323));
#4957 = DIRECTION('',(0.,-1.,0.));
#4958 = DIRECTION('',(0.,-0.,-1.));
#4959 = ORIENTED_EDGE('',*,*,#4960,.T.);
#4960 = EDGE_CURVE('',#4952,#4894,#4961,.T.);
#4961 = LINE('',#4962,#4963);
#4962 = CARTESIAN_POINT('',(-1.255,0.,1.135));
#4963 = VECTOR('',#4964,1.);
#4964 = DIRECTION('',(0.,0.,-1.));
#4965 = ORIENTED_EDGE('',*,*,#4901,.F.);
#4966 = PLANE('',#4967);
#4967 = AXIS2_PLACEMENT_3D('',#4968,#4969,#4970);
#4968 = CARTESIAN_POINT('',(-1.685,1.387778780781E-17,1.));
#4969 = DIRECTION('',(0.,1.,0.));
#4970 = DIRECTION('',(0.,0.,1.));
#4971 = ADVANCED_FACE('',(#4972),#4983,.T.);
#4972 = FACE_BOUND('',#4973,.T.);
#4973 = EDGE_LOOP('',(#4974,#4975,#4981,#4982));
#4974 = ORIENTED_EDGE('',*,*,#4869,.F.);
#4975 = ORIENTED_EDGE('',*,*,#4976,.T.);
#4976 = EDGE_CURVE('',#4861,#4952,#4977,.T.);
#4977 = LINE('',#4978,#4979);
#4978 = CARTESIAN_POINT('',(-1.255,5.E-02,1.0028323));
#4979 = VECTOR('',#4980,1.);
#4980 = DIRECTION('',(0.,-1.,0.));
#4981 = ORIENTED_EDGE('',*,*,#4960,.T.);
#4982 = ORIENTED_EDGE('',*,*,#4893,.F.);
#4983 = PLANE('',#4984);
#4984 = AXIS2_PLACEMENT_3D('',#4985,#4986,#4987);
#4985 = CARTESIAN_POINT('',(-1.255,5.E-02,1.135));
#4986 = DIRECTION('',(1.,0.,0.));
#4987 = DIRECTION('',(0.,0.,-1.));
#4988 = ADVANCED_FACE('',(#4989),#5000,.T.);
#4989 = FACE_BOUND('',#4990,.T.);
#4990 = EDGE_LOOP('',(#4991,#4992,#4993,#4994));
#4991 = ORIENTED_EDGE('',*,*,#4852,.F.);
#4992 = ORIENTED_EDGE('',*,*,#4926,.T.);
#4993 = ORIENTED_EDGE('',*,*,#4943,.T.);
#4994 = ORIENTED_EDGE('',*,*,#4995,.F.);
#4995 = EDGE_CURVE('',#4853,#4944,#4996,.T.);
#4996 = LINE('',#4997,#4998);
#4997 = CARTESIAN_POINT('',(-1.3871677,5.E-02,1.135));
#4998 = VECTOR('',#4999,1.);
#4999 = DIRECTION('',(0.,-1.,0.));
#5000 = PLANE('',#5001);
#5001 = AXIS2_PLACEMENT_3D('',#5002,#5003,#5004);
#5002 = CARTESIAN_POINT('',(-1.75,5.E-02,1.135));
#5003 = DIRECTION('',(0.,0.,1.));
#5004 = DIRECTION('',(1.,0.,0.));
#5005 = ADVANCED_FACE('',(#5006),#5012,.T.);
#5006 = FACE_BOUND('',#5007,.T.);
#5007 = EDGE_LOOP('',(#5008,#5009,#5010,#5011));
#5008 = ORIENTED_EDGE('',*,*,#4860,.T.);
#5009 = ORIENTED_EDGE('',*,*,#4995,.T.);
#5010 = ORIENTED_EDGE('',*,*,#4951,.F.);
#5011 = ORIENTED_EDGE('',*,*,#4976,.F.);
#5012 = CYLINDRICAL_SURFACE('',#5013,0.1321677);
#5013 = AXIS2_PLACEMENT_3D('',#5014,#5015,#5016);
#5014 = CARTESIAN_POINT('',(-1.3871677,5.E-02,1.0028323));
#5015 = DIRECTION('',(0.,-1.,0.));
#5016 = DIRECTION('',(1.,0.,0.));
#5017 = ( GEOMETRIC_REPRESENTATION_CONTEXT(3) 
GLOBAL_UNCERTAINTY_ASSIGNED_CONTEXT((#5021)) 
GLOBAL_UNIT_ASSIGNED_CONTEXT((#5018,#5019,#5020)) REPRESENTATION_CONTEXT
('Context #1','3D Context with UNIT and UNCERTAINTY') );
#5018 = ( LENGTH_UNIT() NAMED_UNIT(*) SI_UNIT(.MILLI.,.METRE.) );
#5019 = ( NAMED_UNIT(*) PLANE_ANGLE_UNIT() SI_UNIT($,.RADIAN.) );
#5020 = ( NAMED_UNIT(*) SI_UNIT($,.STERADIAN.) SOLID_ANGLE_UNIT() );
#5021 = UNCERTAINTY_MEASURE_WITH_UNIT(LENGTH_MEASURE(1.E-07),#5018,
  'distance_accuracy_value','confusion accuracy');
#5022 = CONTEXT_DEPENDENT_SHAPE_REPRESENTATION(#5023,#5025);
#5023 = ( REPRESENTATION_RELATIONSHIP('','',#4796,#10) 
REPRESENTATION_RELATIONSHIP_WITH_TRANSFORMATION(#5024) 
SHAPE_REPRESENTATION_RELATIONSHIP() );
#5024 = ITEM_DEFINED_TRANSFORMATION('','',#11,#95);
#5025 = PRODUCT_DEFINITION_SHAPE('Placement','Placement of an item',
  #5026);
#5026 = NEXT_ASSEMBLY_USAGE_OCCURRENCE('4075','Pad_11_1','',#5,#4791,$);
#5027 = PRODUCT_RELATED_PRODUCT_CATEGORY('part',$,(#4793));
#5028 = SHAPE_DEFINITION_REPRESENTATION(#5029,#5035);
#5029 = PRODUCT_DEFINITION_SHAPE('','',#5030);
#5030 = PRODUCT_DEFINITION('design','',#5031,#5034);
#5031 = PRODUCT_DEFINITION_FORMATION('','',#5032);
#5032 = PRODUCT('Pad_12_1','Pad_12_1','',(#5033));
#5033 = PRODUCT_CONTEXT('',#2,'mechanical');
#5034 = PRODUCT_DEFINITION_CONTEXT('part definition',#2,'design');
#5035 = ADVANCED_BREP_SHAPE_REPRESENTATION('',(#11,#5036),#5256);
#5036 = MANIFOLD_SOLID_BREP('',#5037);
#5037 = CLOSED_SHELL('',(#5038,#5078,#5127,#5152,#5176,#5210,#5227,#5244
    ));
#5038 = ADVANCED_FACE('',(#5039),#5073,.T.);
#5039 = FACE_BOUND('',#5040,.T.);
#5040 = EDGE_LOOP('',(#5041,#5051,#5059,#5067));
#5041 = ORIENTED_EDGE('',*,*,#5042,.F.);
#5042 = EDGE_CURVE('',#5043,#5045,#5047,.T.);
#5043 = VERTEX_POINT('',#5044);
#5044 = CARTESIAN_POINT('',(-1.3871677,5.E-02,1.365));
#5045 = VERTEX_POINT('',#5046);
#5046 = CARTESIAN_POINT('',(-1.75,5.E-02,1.365));
#5047 = LINE('',#5048,#5049);
#5048 = CARTESIAN_POINT('',(-1.255,5.E-02,1.365));
#5049 = VECTOR('',#5050,1.);
#5050 = DIRECTION('',(-1.,0.,0.));
#5051 = ORIENTED_EDGE('',*,*,#5052,.T.);
#5052 = EDGE_CURVE('',#5043,#5053,#5055,.T.);
#5053 = VERTEX_POINT('',#5054);
#5054 = CARTESIAN_POINT('',(-1.3871677,0.,1.365));
#5055 = LINE('',#5056,#5057);
#5056 = CARTESIAN_POINT('',(-1.3871677,5.E-02,1.365));
#5057 = VECTOR('',#5058,1.);
#5058 = DIRECTION('',(0.,-1.,0.));
#5059 = ORIENTED_EDGE('',*,*,#5060,.T.);
#5060 = EDGE_CURVE('',#5053,#5061,#5063,.T.);
#5061 = VERTEX_POINT('',#5062);
#5062 = CARTESIAN_POINT('',(-1.75,0.,1.365));
#5063 = LINE('',#5064,#5065);
#5064 = CARTESIAN_POINT('',(-1.255,0.,1.365));
#5065 = VECTOR('',#5066,1.);
#5066 = DIRECTION('',(-1.,0.,0.));
#5067 = ORIENTED_EDGE('',*,*,#5068,.F.);
#5068 = EDGE_CURVE('',#5045,#5061,#5069,.T.);
#5069 = LINE('',#5070,#5071);
#5070 = CARTESIAN_POINT('',(-1.75,5.E-02,1.365));
#5071 = VECTOR('',#5072,1.);
#5072 = DIRECTION('',(0.,-1.,0.));
#5073 = PLANE('',#5074);
#5074 = AXIS2_PLACEMENT_3D('',#5075,#5076,#5077);
#5075 = CARTESIAN_POINT('',(-1.255,5.E-02,1.365));
#5076 = DIRECTION('',(-0.,-0.,-1.));
#5077 = DIRECTION('',(-1.,0.,0.));
#5078 = ADVANCED_FACE('',(#5079),#5122,.T.);
#5079 = FACE_BOUND('',#5080,.T.);
#5080 = EDGE_LOOP('',(#5081,#5082,#5090,#5098,#5107,#5115));
#5081 = ORIENTED_EDGE('',*,*,#5042,.T.);
#5082 = ORIENTED_EDGE('',*,*,#5083,.T.);
#5083 = EDGE_CURVE('',#5045,#5084,#5086,.T.);
#5084 = VERTEX_POINT('',#5085);
#5085 = CARTESIAN_POINT('',(-1.75,5.E-02,1.635));
#5086 = LINE('',#5087,#5088);
#5087 = CARTESIAN_POINT('',(-1.75,5.E-02,-4.5));
#5088 = VECTOR('',#5089,1.);
#5089 = DIRECTION('',(0.,0.,1.));
#5090 = ORIENTED_EDGE('',*,*,#5091,.T.);
#5091 = EDGE_CURVE('',#5084,#5092,#5094,.T.);
#5092 = VERTEX_POINT('',#5093);
#5093 = CARTESIAN_POINT('',(-1.3871677,5.E-02,1.635));
#5094 = LINE('',#5095,#5096);
#5095 = CARTESIAN_POINT('',(-2.115,5.E-02,1.635));
#5096 = VECTOR('',#5097,1.);
#5097 = DIRECTION('',(1.,0.,0.));
#5098 = ORIENTED_EDGE('',*,*,#5099,.F.);
#5099 = EDGE_CURVE('',#5100,#5092,#5102,.T.);
#5100 = VERTEX_POINT('',#5101);
#5101 = CARTESIAN_POINT('',(-1.255,5.E-02,1.5028323));
#5102 = CIRCLE('',#5103,0.1321677);
#5103 = AXIS2_PLACEMENT_3D('',#5104,#5105,#5106);
#5104 = CARTESIAN_POINT('',(-1.3871677,5.E-02,1.5028323));
#5105 = DIRECTION('',(0.,-1.,0.));
#5106 = DIRECTION('',(0.,-0.,-1.));
#5107 = ORIENTED_EDGE('',*,*,#5108,.T.);
#5108 = EDGE_CURVE('',#5100,#5109,#5111,.T.);
#5109 = VERTEX_POINT('',#5110);
#5110 = CARTESIAN_POINT('',(-1.255,5.E-02,1.4971677));
#5111 = LINE('',#5112,#5113);
#5112 = CARTESIAN_POINT('',(-1.255,5.E-02,1.635));
#5113 = VECTOR('',#5114,1.);
#5114 = DIRECTION('',(0.,0.,-1.));
#5115 = ORIENTED_EDGE('',*,*,#5116,.F.);
#5116 = EDGE_CURVE('',#5043,#5109,#5117,.T.);
#5117 = CIRCLE('',#5118,0.1321677);
#5118 = AXIS2_PLACEMENT_3D('',#5119,#5120,#5121);
#5119 = CARTESIAN_POINT('',(-1.3871677,5.E-02,1.4971677));
#5120 = DIRECTION('',(0.,-1.,0.));
#5121 = DIRECTION('',(0.,-0.,-1.));
#5122 = PLANE('',#5123);
#5123 = AXIS2_PLACEMENT_3D('',#5124,#5125,#5126);
#5124 = CARTESIAN_POINT('',(-1.685,5.E-02,1.5));
#5125 = DIRECTION('',(0.,1.,0.));
#5126 = DIRECTION('',(0.,0.,1.));
#5127 = ADVANCED_FACE('',(#5128),#5147,.T.);
#5128 = FACE_BOUND('',#5129,.T.);
#5129 = EDGE_LOOP('',(#5130,#5131,#5139,#5146));
#5130 = ORIENTED_EDGE('',*,*,#5116,.T.);
#5131 = ORIENTED_EDGE('',*,*,#5132,.T.);
#5132 = EDGE_CURVE('',#5109,#5133,#5135,.T.);
#5133 = VERTEX_POINT('',#5134);
#5134 = CARTESIAN_POINT('',(-1.255,0.,1.4971677));
#5135 = LINE('',#5136,#5137);
#5136 = CARTESIAN_POINT('',(-1.255,5.E-02,1.4971677));
#5137 = VECTOR('',#5138,1.);
#5138 = DIRECTION('',(0.,-1.,0.));
#5139 = ORIENTED_EDGE('',*,*,#5140,.F.);
#5140 = EDGE_CURVE('',#5053,#5133,#5141,.T.);
#5141 = CIRCLE('',#5142,0.1321677);
#5142 = AXIS2_PLACEMENT_3D('',#5143,#5144,#5145);
#5143 = CARTESIAN_POINT('',(-1.3871677,1.387778780781E-17,1.4971677));
#5144 = DIRECTION('',(0.,-1.,0.));
#5145 = DIRECTION('',(0.,-0.,-1.));
#5146 = ORIENTED_EDGE('',*,*,#5052,.F.);
#5147 = CYLINDRICAL_SURFACE('',#5148,0.1321677);
#5148 = AXIS2_PLACEMENT_3D('',#5149,#5150,#5151);
#5149 = CARTESIAN_POINT('',(-1.3871677,5.E-02,1.4971677));
#5150 = DIRECTION('',(0.,-1.,0.));
#5151 = DIRECTION('',(0.,0.,-1.));
#5152 = ADVANCED_FACE('',(#5153),#5171,.T.);
#5153 = FACE_BOUND('',#5154,.T.);
#5154 = EDGE_LOOP('',(#5155,#5156,#5164,#5170));
#5155 = ORIENTED_EDGE('',*,*,#5068,.T.);
#5156 = ORIENTED_EDGE('',*,*,#5157,.T.);
#5157 = EDGE_CURVE('',#5061,#5158,#5160,.T.);
#5158 = VERTEX_POINT('',#5159);
#5159 = CARTESIAN_POINT('',(-1.75,0.,1.635));
#5160 = LINE('',#5161,#5162);
#5161 = CARTESIAN_POINT('',(-1.75,0.,-4.5));
#5162 = VECTOR('',#5163,1.);
#5163 = DIRECTION('',(0.,0.,1.));
#5164 = ORIENTED_EDGE('',*,*,#5165,.F.);
#5165 = EDGE_CURVE('',#5084,#5158,#5166,.T.);
#5166 = LINE('',#5167,#5168);
#5167 = CARTESIAN_POINT('',(-1.75,5.E-02,1.635));
#5168 = VECTOR('',#5169,1.);
#5169 = DIRECTION('',(0.,-1.,0.));
#5170 = ORIENTED_EDGE('',*,*,#5083,.F.);
#5171 = PLANE('',#5172);
#5172 = AXIS2_PLACEMENT_3D('',#5173,#5174,#5175);
#5173 = CARTESIAN_POINT('',(-1.75,5.E-02,1.365));
#5174 = DIRECTION('',(-1.,0.,0.));
#5175 = DIRECTION('',(0.,0.,1.));
#5176 = ADVANCED_FACE('',(#5177),#5205,.F.);
#5177 = FACE_BOUND('',#5178,.F.);
#5178 = EDGE_LOOP('',(#5179,#5180,#5181,#5189,#5198,#5204));
#5179 = ORIENTED_EDGE('',*,*,#5060,.T.);
#5180 = ORIENTED_EDGE('',*,*,#5157,.T.);
#5181 = ORIENTED_EDGE('',*,*,#5182,.T.);
#5182 = EDGE_CURVE('',#5158,#5183,#5185,.T.);
#5183 = VERTEX_POINT('',#5184);
#5184 = CARTESIAN_POINT('',(-1.3871677,0.,1.635));
#5185 = LINE('',#5186,#5187);
#5186 = CARTESIAN_POINT('',(-2.115,0.,1.635));
#5187 = VECTOR('',#5188,1.);
#5188 = DIRECTION('',(1.,0.,0.));
#5189 = ORIENTED_EDGE('',*,*,#5190,.F.);
#5190 = EDGE_CURVE('',#5191,#5183,#5193,.T.);
#5191 = VERTEX_POINT('',#5192);
#5192 = CARTESIAN_POINT('',(-1.255,0.,1.5028323));
#5193 = CIRCLE('',#5194,0.1321677);
#5194 = AXIS2_PLACEMENT_3D('',#5195,#5196,#5197);
#5195 = CARTESIAN_POINT('',(-1.3871677,1.387778780781E-17,1.5028323));
#5196 = DIRECTION('',(0.,-1.,0.));
#5197 = DIRECTION('',(0.,-0.,-1.));
#5198 = ORIENTED_EDGE('',*,*,#5199,.T.);
#5199 = EDGE_CURVE('',#5191,#5133,#5200,.T.);
#5200 = LINE('',#5201,#5202);
#5201 = CARTESIAN_POINT('',(-1.255,0.,1.635));
#5202 = VECTOR('',#5203,1.);
#5203 = DIRECTION('',(0.,0.,-1.));
#5204 = ORIENTED_EDGE('',*,*,#5140,.F.);
#5205 = PLANE('',#5206);
#5206 = AXIS2_PLACEMENT_3D('',#5207,#5208,#5209);
#5207 = CARTESIAN_POINT('',(-1.685,1.387778780781E-17,1.5));
#5208 = DIRECTION('',(0.,1.,0.));
#5209 = DIRECTION('',(0.,0.,1.));
#5210 = ADVANCED_FACE('',(#5211),#5222,.T.);
#5211 = FACE_BOUND('',#5212,.T.);
#5212 = EDGE_LOOP('',(#5213,#5214,#5220,#5221));
#5213 = ORIENTED_EDGE('',*,*,#5108,.F.);
#5214 = ORIENTED_EDGE('',*,*,#5215,.T.);
#5215 = EDGE_CURVE('',#5100,#5191,#5216,.T.);
#5216 = LINE('',#5217,#5218);
#5217 = CARTESIAN_POINT('',(-1.255,5.E-02,1.5028323));
#5218 = VECTOR('',#5219,1.);
#5219 = DIRECTION('',(0.,-1.,0.));
#5220 = ORIENTED_EDGE('',*,*,#5199,.T.);
#5221 = ORIENTED_EDGE('',*,*,#5132,.F.);
#5222 = PLANE('',#5223);
#5223 = AXIS2_PLACEMENT_3D('',#5224,#5225,#5226);
#5224 = CARTESIAN_POINT('',(-1.255,5.E-02,1.635));
#5225 = DIRECTION('',(1.,0.,0.));
#5226 = DIRECTION('',(0.,0.,-1.));
#5227 = ADVANCED_FACE('',(#5228),#5239,.T.);
#5228 = FACE_BOUND('',#5229,.T.);
#5229 = EDGE_LOOP('',(#5230,#5231,#5232,#5233));
#5230 = ORIENTED_EDGE('',*,*,#5091,.F.);
#5231 = ORIENTED_EDGE('',*,*,#5165,.T.);
#5232 = ORIENTED_EDGE('',*,*,#5182,.T.);
#5233 = ORIENTED_EDGE('',*,*,#5234,.F.);
#5234 = EDGE_CURVE('',#5092,#5183,#5235,.T.);
#5235 = LINE('',#5236,#5237);
#5236 = CARTESIAN_POINT('',(-1.3871677,5.E-02,1.635));
#5237 = VECTOR('',#5238,1.);
#5238 = DIRECTION('',(0.,-1.,0.));
#5239 = PLANE('',#5240);
#5240 = AXIS2_PLACEMENT_3D('',#5241,#5242,#5243);
#5241 = CARTESIAN_POINT('',(-1.75,5.E-02,1.635));
#5242 = DIRECTION('',(0.,0.,1.));
#5243 = DIRECTION('',(1.,0.,0.));
#5244 = ADVANCED_FACE('',(#5245),#5251,.T.);
#5245 = FACE_BOUND('',#5246,.T.);
#5246 = EDGE_LOOP('',(#5247,#5248,#5249,#5250));
#5247 = ORIENTED_EDGE('',*,*,#5099,.T.);
#5248 = ORIENTED_EDGE('',*,*,#5234,.T.);
#5249 = ORIENTED_EDGE('',*,*,#5190,.F.);
#5250 = ORIENTED_EDGE('',*,*,#5215,.F.);
#5251 = CYLINDRICAL_SURFACE('',#5252,0.1321677);
#5252 = AXIS2_PLACEMENT_3D('',#5253,#5254,#5255);
#5253 = CARTESIAN_POINT('',(-1.3871677,5.E-02,1.5028323));
#5254 = DIRECTION('',(0.,-1.,0.));
#5255 = DIRECTION('',(1.,0.,0.));
#5256 = ( GEOMETRIC_REPRESENTATION_CONTEXT(3) 
GLOBAL_UNCERTAINTY_ASSIGNED_CONTEXT((#5260)) 
GLOBAL_UNIT_ASSIGNED_CONTEXT((#5257,#5258,#5259)) REPRESENTATION_CONTEXT
('Context #1','3D Context with UNIT and UNCERTAINTY') );
#5257 = ( LENGTH_UNIT() NAMED_UNIT(*) SI_UNIT(.MILLI.,.METRE.) );
#5258 = ( NAMED_UNIT(*) PLANE_ANGLE_UNIT() SI_UNIT($,.RADIAN.) );
#5259 = ( NAMED_UNIT(*) SI_UNIT($,.STERADIAN.) SOLID_ANGLE_UNIT() );
#5260 = UNCERTAINTY_MEASURE_WITH_UNIT(LENGTH_MEASURE(1.E-07),#5257,
  'distance_accuracy_value','confusion accuracy');
#5261 = CONTEXT_DEPENDENT_SHAPE_REPRESENTATION(#5262,#5264);
#5262 = ( REPRESENTATION_RELATIONSHIP('','',#5035,#10) 
REPRESENTATION_RELATIONSHIP_WITH_TRANSFORMATION(#5263) 
SHAPE_REPRESENTATION_RELATIONSHIP() );
#5263 = ITEM_DEFINED_TRANSFORMATION('','',#11,#99);
#5264 = PRODUCT_DEFINITION_SHAPE('Placement','Placement of an item',
  #5265);
#5265 = NEXT_ASSEMBLY_USAGE_OCCURRENCE('4076','Pad_12_1','',#5,#5030,$);
#5266 = PRODUCT_RELATED_PRODUCT_CATEGORY('part',$,(#5032));
#5267 = SHAPE_DEFINITION_REPRESENTATION(#5268,#5274);
#5268 = PRODUCT_DEFINITION_SHAPE('','',#5269);
#5269 = PRODUCT_DEFINITION('design','',#5270,#5273);
#5270 = PRODUCT_DEFINITION_FORMATION('','',#5271);
#5271 = PRODUCT('Pad_13_1','Pad_13_1','',(#5272));
#5272 = PRODUCT_CONTEXT('',#2,'mechanical');
#5273 = PRODUCT_DEFINITION_CONTEXT('part definition',#2,'design');
#5274 = ADVANCED_BREP_SHAPE_REPRESENTATION('',(#11,#5275),#5495);
#5275 = MANIFOLD_SOLID_BREP('',#5276);
#5276 = CLOSED_SHELL('',(#5277,#5317,#5366,#5391,#5415,#5449,#5466,#5483
    ));
#5277 = ADVANCED_FACE('',(#5278),#5312,.T.);
#5278 = FACE_BOUND('',#5279,.T.);
#5279 = EDGE_LOOP('',(#5280,#5290,#5298,#5306));
#5280 = ORIENTED_EDGE('',*,*,#5281,.F.);
#5281 = EDGE_CURVE('',#5282,#5284,#5286,.T.);
#5282 = VERTEX_POINT('',#5283);
#5283 = CARTESIAN_POINT('',(-1.3871677,5.E-02,1.865));
#5284 = VERTEX_POINT('',#5285);
#5285 = CARTESIAN_POINT('',(-1.75,5.E-02,1.865));
#5286 = LINE('',#5287,#5288);
#5287 = CARTESIAN_POINT('',(-1.255,5.E-02,1.865));
#5288 = VECTOR('',#5289,1.);
#5289 = DIRECTION('',(-1.,0.,0.));
#5290 = ORIENTED_EDGE('',*,*,#5291,.T.);
#5291 = EDGE_CURVE('',#5282,#5292,#5294,.T.);
#5292 = VERTEX_POINT('',#5293);
#5293 = CARTESIAN_POINT('',(-1.3871677,0.,1.865));
#5294 = LINE('',#5295,#5296);
#5295 = CARTESIAN_POINT('',(-1.3871677,5.E-02,1.865));
#5296 = VECTOR('',#5297,1.);
#5297 = DIRECTION('',(0.,-1.,0.));
#5298 = ORIENTED_EDGE('',*,*,#5299,.T.);
#5299 = EDGE_CURVE('',#5292,#5300,#5302,.T.);
#5300 = VERTEX_POINT('',#5301);
#5301 = CARTESIAN_POINT('',(-1.75,0.,1.865));
#5302 = LINE('',#5303,#5304);
#5303 = CARTESIAN_POINT('',(-1.255,0.,1.865));
#5304 = VECTOR('',#5305,1.);
#5305 = DIRECTION('',(-1.,0.,0.));
#5306 = ORIENTED_EDGE('',*,*,#5307,.F.);
#5307 = EDGE_CURVE('',#5284,#5300,#5308,.T.);
#5308 = LINE('',#5309,#5310);
#5309 = CARTESIAN_POINT('',(-1.75,5.E-02,1.865));
#5310 = VECTOR('',#5311,1.);
#5311 = DIRECTION('',(0.,-1.,0.));
#5312 = PLANE('',#5313);
#5313 = AXIS2_PLACEMENT_3D('',#5314,#5315,#5316);
#5314 = CARTESIAN_POINT('',(-1.255,5.E-02,1.865));
#5315 = DIRECTION('',(-0.,-0.,-1.));
#5316 = DIRECTION('',(-1.,0.,0.));
#5317 = ADVANCED_FACE('',(#5318),#5361,.T.);
#5318 = FACE_BOUND('',#5319,.T.);
#5319 = EDGE_LOOP('',(#5320,#5321,#5329,#5337,#5346,#5354));
#5320 = ORIENTED_EDGE('',*,*,#5281,.T.);
#5321 = ORIENTED_EDGE('',*,*,#5322,.T.);
#5322 = EDGE_CURVE('',#5284,#5323,#5325,.T.);
#5323 = VERTEX_POINT('',#5324);
#5324 = CARTESIAN_POINT('',(-1.75,5.E-02,2.135));
#5325 = LINE('',#5326,#5327);
#5326 = CARTESIAN_POINT('',(-1.75,5.E-02,-4.5));
#5327 = VECTOR('',#5328,1.);
#5328 = DIRECTION('',(0.,0.,1.));
#5329 = ORIENTED_EDGE('',*,*,#5330,.T.);
#5330 = EDGE_CURVE('',#5323,#5331,#5333,.T.);
#5331 = VERTEX_POINT('',#5332);
#5332 = CARTESIAN_POINT('',(-1.3871677,5.E-02,2.135));
#5333 = LINE('',#5334,#5335);
#5334 = CARTESIAN_POINT('',(-2.115,5.E-02,2.135));
#5335 = VECTOR('',#5336,1.);
#5336 = DIRECTION('',(1.,0.,0.));
#5337 = ORIENTED_EDGE('',*,*,#5338,.F.);
#5338 = EDGE_CURVE('',#5339,#5331,#5341,.T.);
#5339 = VERTEX_POINT('',#5340);
#5340 = CARTESIAN_POINT('',(-1.255,5.E-02,2.0028323));
#5341 = CIRCLE('',#5342,0.1321677);
#5342 = AXIS2_PLACEMENT_3D('',#5343,#5344,#5345);
#5343 = CARTESIAN_POINT('',(-1.3871677,5.E-02,2.0028323));
#5344 = DIRECTION('',(0.,-1.,0.));
#5345 = DIRECTION('',(0.,-0.,-1.));
#5346 = ORIENTED_EDGE('',*,*,#5347,.T.);
#5347 = EDGE_CURVE('',#5339,#5348,#5350,.T.);
#5348 = VERTEX_POINT('',#5349);
#5349 = CARTESIAN_POINT('',(-1.255,5.E-02,1.9971677));
#5350 = LINE('',#5351,#5352);
#5351 = CARTESIAN_POINT('',(-1.255,5.E-02,2.135));
#5352 = VECTOR('',#5353,1.);
#5353 = DIRECTION('',(0.,0.,-1.));
#5354 = ORIENTED_EDGE('',*,*,#5355,.F.);
#5355 = EDGE_CURVE('',#5282,#5348,#5356,.T.);
#5356 = CIRCLE('',#5357,0.1321677);
#5357 = AXIS2_PLACEMENT_3D('',#5358,#5359,#5360);
#5358 = CARTESIAN_POINT('',(-1.3871677,5.E-02,1.9971677));
#5359 = DIRECTION('',(0.,-1.,0.));
#5360 = DIRECTION('',(0.,-0.,-1.));
#5361 = PLANE('',#5362);
#5362 = AXIS2_PLACEMENT_3D('',#5363,#5364,#5365);
#5363 = CARTESIAN_POINT('',(-1.685,5.E-02,2.));
#5364 = DIRECTION('',(0.,1.,0.));
#5365 = DIRECTION('',(0.,0.,1.));
#5366 = ADVANCED_FACE('',(#5367),#5386,.T.);
#5367 = FACE_BOUND('',#5368,.T.);
#5368 = EDGE_LOOP('',(#5369,#5370,#5378,#5385));
#5369 = ORIENTED_EDGE('',*,*,#5355,.T.);
#5370 = ORIENTED_EDGE('',*,*,#5371,.T.);
#5371 = EDGE_CURVE('',#5348,#5372,#5374,.T.);
#5372 = VERTEX_POINT('',#5373);
#5373 = CARTESIAN_POINT('',(-1.255,0.,1.9971677));
#5374 = LINE('',#5375,#5376);
#5375 = CARTESIAN_POINT('',(-1.255,5.E-02,1.9971677));
#5376 = VECTOR('',#5377,1.);
#5377 = DIRECTION('',(0.,-1.,0.));
#5378 = ORIENTED_EDGE('',*,*,#5379,.F.);
#5379 = EDGE_CURVE('',#5292,#5372,#5380,.T.);
#5380 = CIRCLE('',#5381,0.1321677);
#5381 = AXIS2_PLACEMENT_3D('',#5382,#5383,#5384);
#5382 = CARTESIAN_POINT('',(-1.3871677,0.,1.9971677));
#5383 = DIRECTION('',(0.,-1.,0.));
#5384 = DIRECTION('',(0.,-0.,-1.));
#5385 = ORIENTED_EDGE('',*,*,#5291,.F.);
#5386 = CYLINDRICAL_SURFACE('',#5387,0.1321677);
#5387 = AXIS2_PLACEMENT_3D('',#5388,#5389,#5390);
#5388 = CARTESIAN_POINT('',(-1.3871677,5.E-02,1.9971677));
#5389 = DIRECTION('',(0.,-1.,0.));
#5390 = DIRECTION('',(0.,0.,-1.));
#5391 = ADVANCED_FACE('',(#5392),#5410,.T.);
#5392 = FACE_BOUND('',#5393,.T.);
#5393 = EDGE_LOOP('',(#5394,#5395,#5403,#5409));
#5394 = ORIENTED_EDGE('',*,*,#5307,.T.);
#5395 = ORIENTED_EDGE('',*,*,#5396,.T.);
#5396 = EDGE_CURVE('',#5300,#5397,#5399,.T.);
#5397 = VERTEX_POINT('',#5398);
#5398 = CARTESIAN_POINT('',(-1.75,0.,2.135));
#5399 = LINE('',#5400,#5401);
#5400 = CARTESIAN_POINT('',(-1.75,0.,-4.5));
#5401 = VECTOR('',#5402,1.);
#5402 = DIRECTION('',(0.,0.,1.));
#5403 = ORIENTED_EDGE('',*,*,#5404,.F.);
#5404 = EDGE_CURVE('',#5323,#5397,#5405,.T.);
#5405 = LINE('',#5406,#5407);
#5406 = CARTESIAN_POINT('',(-1.75,5.E-02,2.135));
#5407 = VECTOR('',#5408,1.);
#5408 = DIRECTION('',(0.,-1.,0.));
#5409 = ORIENTED_EDGE('',*,*,#5322,.F.);
#5410 = PLANE('',#5411);
#5411 = AXIS2_PLACEMENT_3D('',#5412,#5413,#5414);
#5412 = CARTESIAN_POINT('',(-1.75,5.E-02,1.865));
#5413 = DIRECTION('',(-1.,0.,0.));
#5414 = DIRECTION('',(0.,0.,1.));
#5415 = ADVANCED_FACE('',(#5416),#5444,.F.);
#5416 = FACE_BOUND('',#5417,.F.);
#5417 = EDGE_LOOP('',(#5418,#5419,#5420,#5428,#5437,#5443));
#5418 = ORIENTED_EDGE('',*,*,#5299,.T.);
#5419 = ORIENTED_EDGE('',*,*,#5396,.T.);
#5420 = ORIENTED_EDGE('',*,*,#5421,.T.);
#5421 = EDGE_CURVE('',#5397,#5422,#5424,.T.);
#5422 = VERTEX_POINT('',#5423);
#5423 = CARTESIAN_POINT('',(-1.3871677,0.,2.135));
#5424 = LINE('',#5425,#5426);
#5425 = CARTESIAN_POINT('',(-2.115,0.,2.135));
#5426 = VECTOR('',#5427,1.);
#5427 = DIRECTION('',(1.,0.,0.));
#5428 = ORIENTED_EDGE('',*,*,#5429,.F.);
#5429 = EDGE_CURVE('',#5430,#5422,#5432,.T.);
#5430 = VERTEX_POINT('',#5431);
#5431 = CARTESIAN_POINT('',(-1.255,0.,2.0028323));
#5432 = CIRCLE('',#5433,0.1321677);
#5433 = AXIS2_PLACEMENT_3D('',#5434,#5435,#5436);
#5434 = CARTESIAN_POINT('',(-1.3871677,0.,2.0028323));
#5435 = DIRECTION('',(0.,-1.,0.));
#5436 = DIRECTION('',(0.,-0.,-1.));
#5437 = ORIENTED_EDGE('',*,*,#5438,.T.);
#5438 = EDGE_CURVE('',#5430,#5372,#5439,.T.);
#5439 = LINE('',#5440,#5441);
#5440 = CARTESIAN_POINT('',(-1.255,0.,2.135));
#5441 = VECTOR('',#5442,1.);
#5442 = DIRECTION('',(0.,0.,-1.));
#5443 = ORIENTED_EDGE('',*,*,#5379,.F.);
#5444 = PLANE('',#5445);
#5445 = AXIS2_PLACEMENT_3D('',#5446,#5447,#5448);
#5446 = CARTESIAN_POINT('',(-1.685,0.,2.));
#5447 = DIRECTION('',(0.,1.,0.));
#5448 = DIRECTION('',(0.,0.,1.));
#5449 = ADVANCED_FACE('',(#5450),#5461,.T.);
#5450 = FACE_BOUND('',#5451,.T.);
#5451 = EDGE_LOOP('',(#5452,#5453,#5459,#5460));
#5452 = ORIENTED_EDGE('',*,*,#5347,.F.);
#5453 = ORIENTED_EDGE('',*,*,#5454,.T.);
#5454 = EDGE_CURVE('',#5339,#5430,#5455,.T.);
#5455 = LINE('',#5456,#5457);
#5456 = CARTESIAN_POINT('',(-1.255,5.E-02,2.0028323));
#5457 = VECTOR('',#5458,1.);
#5458 = DIRECTION('',(0.,-1.,0.));
#5459 = ORIENTED_EDGE('',*,*,#5438,.T.);
#5460 = ORIENTED_EDGE('',*,*,#5371,.F.);
#5461 = PLANE('',#5462);
#5462 = AXIS2_PLACEMENT_3D('',#5463,#5464,#5465);
#5463 = CARTESIAN_POINT('',(-1.255,5.E-02,2.135));
#5464 = DIRECTION('',(1.,0.,0.));
#5465 = DIRECTION('',(0.,0.,-1.));
#5466 = ADVANCED_FACE('',(#5467),#5478,.T.);
#5467 = FACE_BOUND('',#5468,.T.);
#5468 = EDGE_LOOP('',(#5469,#5470,#5471,#5472));
#5469 = ORIENTED_EDGE('',*,*,#5330,.F.);
#5470 = ORIENTED_EDGE('',*,*,#5404,.T.);
#5471 = ORIENTED_EDGE('',*,*,#5421,.T.);
#5472 = ORIENTED_EDGE('',*,*,#5473,.F.);
#5473 = EDGE_CURVE('',#5331,#5422,#5474,.T.);
#5474 = LINE('',#5475,#5476);
#5475 = CARTESIAN_POINT('',(-1.3871677,5.E-02,2.135));
#5476 = VECTOR('',#5477,1.);
#5477 = DIRECTION('',(0.,-1.,0.));
#5478 = PLANE('',#5479);
#5479 = AXIS2_PLACEMENT_3D('',#5480,#5481,#5482);
#5480 = CARTESIAN_POINT('',(-1.75,5.E-02,2.135));
#5481 = DIRECTION('',(0.,0.,1.));
#5482 = DIRECTION('',(1.,0.,0.));
#5483 = ADVANCED_FACE('',(#5484),#5490,.T.);
#5484 = FACE_BOUND('',#5485,.T.);
#5485 = EDGE_LOOP('',(#5486,#5487,#5488,#5489));
#5486 = ORIENTED_EDGE('',*,*,#5338,.T.);
#5487 = ORIENTED_EDGE('',*,*,#5473,.T.);
#5488 = ORIENTED_EDGE('',*,*,#5429,.F.);
#5489 = ORIENTED_EDGE('',*,*,#5454,.F.);
#5490 = CYLINDRICAL_SURFACE('',#5491,0.1321677);
#5491 = AXIS2_PLACEMENT_3D('',#5492,#5493,#5494);
#5492 = CARTESIAN_POINT('',(-1.3871677,5.E-02,2.0028323));
#5493 = DIRECTION('',(0.,-1.,0.));
#5494 = DIRECTION('',(1.,0.,0.));
#5495 = ( GEOMETRIC_REPRESENTATION_CONTEXT(3) 
GLOBAL_UNCERTAINTY_ASSIGNED_CONTEXT((#5499)) 
GLOBAL_UNIT_ASSIGNED_CONTEXT((#5496,#5497,#5498)) REPRESENTATION_CONTEXT
('Context #1','3D Context with UNIT and UNCERTAINTY') );
#5496 = ( LENGTH_UNIT() NAMED_UNIT(*) SI_UNIT(.MILLI.,.METRE.) );
#5497 = ( NAMED_UNIT(*) PLANE_ANGLE_UNIT() SI_UNIT($,.RADIAN.) );
#5498 = ( NAMED_UNIT(*) SI_UNIT($,.STERADIAN.) SOLID_ANGLE_UNIT() );
#5499 = UNCERTAINTY_MEASURE_WITH_UNIT(LENGTH_MEASURE(1.E-07),#5496,
  'distance_accuracy_value','confusion accuracy');
#5500 = CONTEXT_DEPENDENT_SHAPE_REPRESENTATION(#5501,#5503);
#5501 = ( REPRESENTATION_RELATIONSHIP('','',#5274,#10) 
REPRESENTATION_RELATIONSHIP_WITH_TRANSFORMATION(#5502) 
SHAPE_REPRESENTATION_RELATIONSHIP() );
#5502 = ITEM_DEFINED_TRANSFORMATION('','',#11,#103);
#5503 = PRODUCT_DEFINITION_SHAPE('Placement','Placement of an item',
  #5504);
#5504 = NEXT_ASSEMBLY_USAGE_OCCURRENCE('4077','Pad_13_1','',#5,#5269,$);
#5505 = PRODUCT_RELATED_PRODUCT_CATEGORY('part',$,(#5271));
#5506 = SHAPE_DEFINITION_REPRESENTATION(#5507,#5513);
#5507 = PRODUCT_DEFINITION_SHAPE('','',#5508);
#5508 = PRODUCT_DEFINITION('design','',#5509,#5512);
#5509 = PRODUCT_DEFINITION_FORMATION('','',#5510);
#5510 = PRODUCT('Pad_14_1','Pad_14_1','',(#5511));
#5511 = PRODUCT_CONTEXT('',#2,'mechanical');
#5512 = PRODUCT_DEFINITION_CONTEXT('part definition',#2,'design');
#5513 = ADVANCED_BREP_SHAPE_REPRESENTATION('',(#11,#5514),#5734);
#5514 = MANIFOLD_SOLID_BREP('',#5515);
#5515 = CLOSED_SHELL('',(#5516,#5556,#5605,#5630,#5654,#5688,#5705,#5722
    ));
#5516 = ADVANCED_FACE('',(#5517),#5551,.T.);
#5517 = FACE_BOUND('',#5518,.T.);
#5518 = EDGE_LOOP('',(#5519,#5529,#5537,#5545));
#5519 = ORIENTED_EDGE('',*,*,#5520,.F.);
#5520 = EDGE_CURVE('',#5521,#5523,#5525,.T.);
#5521 = VERTEX_POINT('',#5522);
#5522 = CARTESIAN_POINT('',(-1.3871677,5.E-02,2.365));
#5523 = VERTEX_POINT('',#5524);
#5524 = CARTESIAN_POINT('',(-1.75,5.E-02,2.365));
#5525 = LINE('',#5526,#5527);
#5526 = CARTESIAN_POINT('',(-1.255,5.E-02,2.365));
#5527 = VECTOR('',#5528,1.);
#5528 = DIRECTION('',(-1.,0.,0.));
#5529 = ORIENTED_EDGE('',*,*,#5530,.T.);
#5530 = EDGE_CURVE('',#5521,#5531,#5533,.T.);
#5531 = VERTEX_POINT('',#5532);
#5532 = CARTESIAN_POINT('',(-1.3871677,0.,2.365));
#5533 = LINE('',#5534,#5535);
#5534 = CARTESIAN_POINT('',(-1.3871677,5.E-02,2.365));
#5535 = VECTOR('',#5536,1.);
#5536 = DIRECTION('',(0.,-1.,0.));
#5537 = ORIENTED_EDGE('',*,*,#5538,.T.);
#5538 = EDGE_CURVE('',#5531,#5539,#5541,.T.);
#5539 = VERTEX_POINT('',#5540);
#5540 = CARTESIAN_POINT('',(-1.75,0.,2.365));
#5541 = LINE('',#5542,#5543);
#5542 = CARTESIAN_POINT('',(-1.255,0.,2.365));
#5543 = VECTOR('',#5544,1.);
#5544 = DIRECTION('',(-1.,0.,0.));
#5545 = ORIENTED_EDGE('',*,*,#5546,.F.);
#5546 = EDGE_CURVE('',#5523,#5539,#5547,.T.);
#5547 = LINE('',#5548,#5549);
#5548 = CARTESIAN_POINT('',(-1.75,5.E-02,2.365));
#5549 = VECTOR('',#5550,1.);
#5550 = DIRECTION('',(0.,-1.,0.));
#5551 = PLANE('',#5552);
#5552 = AXIS2_PLACEMENT_3D('',#5553,#5554,#5555);
#5553 = CARTESIAN_POINT('',(-1.255,5.E-02,2.365));
#5554 = DIRECTION('',(-0.,-0.,-1.));
#5555 = DIRECTION('',(-1.,0.,0.));
#5556 = ADVANCED_FACE('',(#5557),#5600,.T.);
#5557 = FACE_BOUND('',#5558,.T.);
#5558 = EDGE_LOOP('',(#5559,#5560,#5568,#5576,#5585,#5593));
#5559 = ORIENTED_EDGE('',*,*,#5520,.T.);
#5560 = ORIENTED_EDGE('',*,*,#5561,.T.);
#5561 = EDGE_CURVE('',#5523,#5562,#5564,.T.);
#5562 = VERTEX_POINT('',#5563);
#5563 = CARTESIAN_POINT('',(-1.75,5.E-02,2.635));
#5564 = LINE('',#5565,#5566);
#5565 = CARTESIAN_POINT('',(-1.75,5.E-02,-4.5));
#5566 = VECTOR('',#5567,1.);
#5567 = DIRECTION('',(0.,0.,1.));
#5568 = ORIENTED_EDGE('',*,*,#5569,.T.);
#5569 = EDGE_CURVE('',#5562,#5570,#5572,.T.);
#5570 = VERTEX_POINT('',#5571);
#5571 = CARTESIAN_POINT('',(-1.3871677,5.E-02,2.635));
#5572 = LINE('',#5573,#5574);
#5573 = CARTESIAN_POINT('',(-2.115,5.E-02,2.635));
#5574 = VECTOR('',#5575,1.);
#5575 = DIRECTION('',(1.,0.,0.));
#5576 = ORIENTED_EDGE('',*,*,#5577,.F.);
#5577 = EDGE_CURVE('',#5578,#5570,#5580,.T.);
#5578 = VERTEX_POINT('',#5579);
#5579 = CARTESIAN_POINT('',(-1.255,5.E-02,2.5028323));
#5580 = CIRCLE('',#5581,0.1321677);
#5581 = AXIS2_PLACEMENT_3D('',#5582,#5583,#5584);
#5582 = CARTESIAN_POINT('',(-1.3871677,5.E-02,2.5028323));
#5583 = DIRECTION('',(0.,-1.,0.));
#5584 = DIRECTION('',(0.,-0.,-1.));
#5585 = ORIENTED_EDGE('',*,*,#5586,.T.);
#5586 = EDGE_CURVE('',#5578,#5587,#5589,.T.);
#5587 = VERTEX_POINT('',#5588);
#5588 = CARTESIAN_POINT('',(-1.255,5.E-02,2.4971677));
#5589 = LINE('',#5590,#5591);
#5590 = CARTESIAN_POINT('',(-1.255,5.E-02,2.635));
#5591 = VECTOR('',#5592,1.);
#5592 = DIRECTION('',(0.,0.,-1.));
#5593 = ORIENTED_EDGE('',*,*,#5594,.F.);
#5594 = EDGE_CURVE('',#5521,#5587,#5595,.T.);
#5595 = CIRCLE('',#5596,0.1321677);
#5596 = AXIS2_PLACEMENT_3D('',#5597,#5598,#5599);
#5597 = CARTESIAN_POINT('',(-1.3871677,5.E-02,2.4971677));
#5598 = DIRECTION('',(0.,-1.,0.));
#5599 = DIRECTION('',(0.,-0.,-1.));
#5600 = PLANE('',#5601);
#5601 = AXIS2_PLACEMENT_3D('',#5602,#5603,#5604);
#5602 = CARTESIAN_POINT('',(-1.685,5.E-02,2.5));
#5603 = DIRECTION('',(0.,1.,0.));
#5604 = DIRECTION('',(0.,0.,1.));
#5605 = ADVANCED_FACE('',(#5606),#5625,.T.);
#5606 = FACE_BOUND('',#5607,.T.);
#5607 = EDGE_LOOP('',(#5608,#5609,#5617,#5624));
#5608 = ORIENTED_EDGE('',*,*,#5594,.T.);
#5609 = ORIENTED_EDGE('',*,*,#5610,.T.);
#5610 = EDGE_CURVE('',#5587,#5611,#5613,.T.);
#5611 = VERTEX_POINT('',#5612);
#5612 = CARTESIAN_POINT('',(-1.255,0.,2.4971677));
#5613 = LINE('',#5614,#5615);
#5614 = CARTESIAN_POINT('',(-1.255,5.E-02,2.4971677));
#5615 = VECTOR('',#5616,1.);
#5616 = DIRECTION('',(0.,-1.,0.));
#5617 = ORIENTED_EDGE('',*,*,#5618,.F.);
#5618 = EDGE_CURVE('',#5531,#5611,#5619,.T.);
#5619 = CIRCLE('',#5620,0.1321677);
#5620 = AXIS2_PLACEMENT_3D('',#5621,#5622,#5623);
#5621 = CARTESIAN_POINT('',(-1.3871677,6.938893903907E-18,2.4971677));
#5622 = DIRECTION('',(0.,-1.,0.));
#5623 = DIRECTION('',(0.,-0.,-1.));
#5624 = ORIENTED_EDGE('',*,*,#5530,.F.);
#5625 = CYLINDRICAL_SURFACE('',#5626,0.1321677);
#5626 = AXIS2_PLACEMENT_3D('',#5627,#5628,#5629);
#5627 = CARTESIAN_POINT('',(-1.3871677,5.E-02,2.4971677));
#5628 = DIRECTION('',(0.,-1.,0.));
#5629 = DIRECTION('',(0.,0.,-1.));
#5630 = ADVANCED_FACE('',(#5631),#5649,.T.);
#5631 = FACE_BOUND('',#5632,.T.);
#5632 = EDGE_LOOP('',(#5633,#5634,#5642,#5648));
#5633 = ORIENTED_EDGE('',*,*,#5546,.T.);
#5634 = ORIENTED_EDGE('',*,*,#5635,.T.);
#5635 = EDGE_CURVE('',#5539,#5636,#5638,.T.);
#5636 = VERTEX_POINT('',#5637);
#5637 = CARTESIAN_POINT('',(-1.75,0.,2.635));
#5638 = LINE('',#5639,#5640);
#5639 = CARTESIAN_POINT('',(-1.75,0.,-4.5));
#5640 = VECTOR('',#5641,1.);
#5641 = DIRECTION('',(0.,0.,1.));
#5642 = ORIENTED_EDGE('',*,*,#5643,.F.);
#5643 = EDGE_CURVE('',#5562,#5636,#5644,.T.);
#5644 = LINE('',#5645,#5646);
#5645 = CARTESIAN_POINT('',(-1.75,5.E-02,2.635));
#5646 = VECTOR('',#5647,1.);
#5647 = DIRECTION('',(0.,-1.,0.));
#5648 = ORIENTED_EDGE('',*,*,#5561,.F.);
#5649 = PLANE('',#5650);
#5650 = AXIS2_PLACEMENT_3D('',#5651,#5652,#5653);
#5651 = CARTESIAN_POINT('',(-1.75,5.E-02,2.365));
#5652 = DIRECTION('',(-1.,0.,0.));
#5653 = DIRECTION('',(0.,0.,1.));
#5654 = ADVANCED_FACE('',(#5655),#5683,.F.);
#5655 = FACE_BOUND('',#5656,.F.);
#5656 = EDGE_LOOP('',(#5657,#5658,#5659,#5667,#5676,#5682));
#5657 = ORIENTED_EDGE('',*,*,#5538,.T.);
#5658 = ORIENTED_EDGE('',*,*,#5635,.T.);
#5659 = ORIENTED_EDGE('',*,*,#5660,.T.);
#5660 = EDGE_CURVE('',#5636,#5661,#5663,.T.);
#5661 = VERTEX_POINT('',#5662);
#5662 = CARTESIAN_POINT('',(-1.3871677,0.,2.635));
#5663 = LINE('',#5664,#5665);
#5664 = CARTESIAN_POINT('',(-2.115,0.,2.635));
#5665 = VECTOR('',#5666,1.);
#5666 = DIRECTION('',(1.,0.,0.));
#5667 = ORIENTED_EDGE('',*,*,#5668,.F.);
#5668 = EDGE_CURVE('',#5669,#5661,#5671,.T.);
#5669 = VERTEX_POINT('',#5670);
#5670 = CARTESIAN_POINT('',(-1.255,0.,2.5028323));
#5671 = CIRCLE('',#5672,0.1321677);
#5672 = AXIS2_PLACEMENT_3D('',#5673,#5674,#5675);
#5673 = CARTESIAN_POINT('',(-1.3871677,6.938893903907E-18,2.5028323));
#5674 = DIRECTION('',(0.,-1.,0.));
#5675 = DIRECTION('',(0.,-0.,-1.));
#5676 = ORIENTED_EDGE('',*,*,#5677,.T.);
#5677 = EDGE_CURVE('',#5669,#5611,#5678,.T.);
#5678 = LINE('',#5679,#5680);
#5679 = CARTESIAN_POINT('',(-1.255,0.,2.635));
#5680 = VECTOR('',#5681,1.);
#5681 = DIRECTION('',(0.,0.,-1.));
#5682 = ORIENTED_EDGE('',*,*,#5618,.F.);
#5683 = PLANE('',#5684);
#5684 = AXIS2_PLACEMENT_3D('',#5685,#5686,#5687);
#5685 = CARTESIAN_POINT('',(-1.685,6.938893903907E-18,2.5));
#5686 = DIRECTION('',(0.,1.,0.));
#5687 = DIRECTION('',(0.,0.,1.));
#5688 = ADVANCED_FACE('',(#5689),#5700,.T.);
#5689 = FACE_BOUND('',#5690,.T.);
#5690 = EDGE_LOOP('',(#5691,#5692,#5698,#5699));
#5691 = ORIENTED_EDGE('',*,*,#5586,.F.);
#5692 = ORIENTED_EDGE('',*,*,#5693,.T.);
#5693 = EDGE_CURVE('',#5578,#5669,#5694,.T.);
#5694 = LINE('',#5695,#5696);
#5695 = CARTESIAN_POINT('',(-1.255,5.E-02,2.5028323));
#5696 = VECTOR('',#5697,1.);
#5697 = DIRECTION('',(0.,-1.,0.));
#5698 = ORIENTED_EDGE('',*,*,#5677,.T.);
#5699 = ORIENTED_EDGE('',*,*,#5610,.F.);
#5700 = PLANE('',#5701);
#5701 = AXIS2_PLACEMENT_3D('',#5702,#5703,#5704);
#5702 = CARTESIAN_POINT('',(-1.255,5.E-02,2.635));
#5703 = DIRECTION('',(1.,0.,0.));
#5704 = DIRECTION('',(0.,0.,-1.));
#5705 = ADVANCED_FACE('',(#5706),#5717,.T.);
#5706 = FACE_BOUND('',#5707,.T.);
#5707 = EDGE_LOOP('',(#5708,#5709,#5710,#5711));
#5708 = ORIENTED_EDGE('',*,*,#5569,.F.);
#5709 = ORIENTED_EDGE('',*,*,#5643,.T.);
#5710 = ORIENTED_EDGE('',*,*,#5660,.T.);
#5711 = ORIENTED_EDGE('',*,*,#5712,.F.);
#5712 = EDGE_CURVE('',#5570,#5661,#5713,.T.);
#5713 = LINE('',#5714,#5715);
#5714 = CARTESIAN_POINT('',(-1.3871677,5.E-02,2.635));
#5715 = VECTOR('',#5716,1.);
#5716 = DIRECTION('',(0.,-1.,0.));
#5717 = PLANE('',#5718);
#5718 = AXIS2_PLACEMENT_3D('',#5719,#5720,#5721);
#5719 = CARTESIAN_POINT('',(-1.75,5.E-02,2.635));
#5720 = DIRECTION('',(0.,0.,1.));
#5721 = DIRECTION('',(1.,0.,0.));
#5722 = ADVANCED_FACE('',(#5723),#5729,.T.);
#5723 = FACE_BOUND('',#5724,.T.);
#5724 = EDGE_LOOP('',(#5725,#5726,#5727,#5728));
#5725 = ORIENTED_EDGE('',*,*,#5577,.T.);
#5726 = ORIENTED_EDGE('',*,*,#5712,.T.);
#5727 = ORIENTED_EDGE('',*,*,#5668,.F.);
#5728 = ORIENTED_EDGE('',*,*,#5693,.F.);
#5729 = CYLINDRICAL_SURFACE('',#5730,0.1321677);
#5730 = AXIS2_PLACEMENT_3D('',#5731,#5732,#5733);
#5731 = CARTESIAN_POINT('',(-1.3871677,5.E-02,2.5028323));
#5732 = DIRECTION('',(0.,-1.,0.));
#5733 = DIRECTION('',(1.,0.,0.));
#5734 = ( GEOMETRIC_REPRESENTATION_CONTEXT(3) 
GLOBAL_UNCERTAINTY_ASSIGNED_CONTEXT((#5738)) 
GLOBAL_UNIT_ASSIGNED_CONTEXT((#5735,#5736,#5737)) REPRESENTATION_CONTEXT
('Context #1','3D Context with UNIT and UNCERTAINTY') );
#5735 = ( LENGTH_UNIT() NAMED_UNIT(*) SI_UNIT(.MILLI.,.METRE.) );
#5736 = ( NAMED_UNIT(*) PLANE_ANGLE_UNIT() SI_UNIT($,.RADIAN.) );
#5737 = ( NAMED_UNIT(*) SI_UNIT($,.STERADIAN.) SOLID_ANGLE_UNIT() );
#5738 = UNCERTAINTY_MEASURE_WITH_UNIT(LENGTH_MEASURE(1.E-07),#5735,
  'distance_accuracy_value','confusion accuracy');
#5739 = CONTEXT_DEPENDENT_SHAPE_REPRESENTATION(#5740,#5742);
#5740 = ( REPRESENTATION_RELATIONSHIP('','',#5513,#10) 
REPRESENTATION_RELATIONSHIP_WITH_TRANSFORMATION(#5741) 
SHAPE_REPRESENTATION_RELATIONSHIP() );
#5741 = ITEM_DEFINED_TRANSFORMATION('','',#11,#107);
#5742 = PRODUCT_DEFINITION_SHAPE('Placement','Placement of an item',
  #5743);
#5743 = NEXT_ASSEMBLY_USAGE_OCCURRENCE('4078','Pad_14_1','',#5,#5508,$);
#5744 = PRODUCT_RELATED_PRODUCT_CATEGORY('part',$,(#5510));
#5745 = SHAPE_DEFINITION_REPRESENTATION(#5746,#5752);
#5746 = PRODUCT_DEFINITION_SHAPE('','',#5747);
#5747 = PRODUCT_DEFINITION('design','',#5748,#5751);
#5748 = PRODUCT_DEFINITION_FORMATION('','',#5749);
#5749 = PRODUCT('Pad_15_1','Pad_15_1','',(#5750));
#5750 = PRODUCT_CONTEXT('',#2,'mechanical');
#5751 = PRODUCT_DEFINITION_CONTEXT('part definition',#2,'design');
#5752 = ADVANCED_BREP_SHAPE_REPRESENTATION('',(#11,#5753),#5973);
#5753 = MANIFOLD_SOLID_BREP('',#5754);
#5754 = CLOSED_SHELL('',(#5755,#5795,#5844,#5869,#5893,#5927,#5944,#5961
    ));
#5755 = ADVANCED_FACE('',(#5756),#5790,.T.);
#5756 = FACE_BOUND('',#5757,.T.);
#5757 = EDGE_LOOP('',(#5758,#5768,#5776,#5784));
#5758 = ORIENTED_EDGE('',*,*,#5759,.F.);
#5759 = EDGE_CURVE('',#5760,#5762,#5764,.T.);
#5760 = VERTEX_POINT('',#5761);
#5761 = CARTESIAN_POINT('',(-1.3871677,5.E-02,2.865));
#5762 = VERTEX_POINT('',#5763);
#5763 = CARTESIAN_POINT('',(-1.75,5.E-02,2.865));
#5764 = LINE('',#5765,#5766);
#5765 = CARTESIAN_POINT('',(-1.255,5.E-02,2.865));
#5766 = VECTOR('',#5767,1.);
#5767 = DIRECTION('',(-1.,0.,0.));
#5768 = ORIENTED_EDGE('',*,*,#5769,.T.);
#5769 = EDGE_CURVE('',#5760,#5770,#5772,.T.);
#5770 = VERTEX_POINT('',#5771);
#5771 = CARTESIAN_POINT('',(-1.3871677,0.,2.865));
#5772 = LINE('',#5773,#5774);
#5773 = CARTESIAN_POINT('',(-1.3871677,5.E-02,2.865));
#5774 = VECTOR('',#5775,1.);
#5775 = DIRECTION('',(0.,-1.,0.));
#5776 = ORIENTED_EDGE('',*,*,#5777,.T.);
#5777 = EDGE_CURVE('',#5770,#5778,#5780,.T.);
#5778 = VERTEX_POINT('',#5779);
#5779 = CARTESIAN_POINT('',(-1.75,0.,2.865));
#5780 = LINE('',#5781,#5782);
#5781 = CARTESIAN_POINT('',(-1.255,0.,2.865));
#5782 = VECTOR('',#5783,1.);
#5783 = DIRECTION('',(-1.,0.,0.));
#5784 = ORIENTED_EDGE('',*,*,#5785,.F.);
#5785 = EDGE_CURVE('',#5762,#5778,#5786,.T.);
#5786 = LINE('',#5787,#5788);
#5787 = CARTESIAN_POINT('',(-1.75,5.E-02,2.865));
#5788 = VECTOR('',#5789,1.);
#5789 = DIRECTION('',(0.,-1.,0.));
#5790 = PLANE('',#5791);
#5791 = AXIS2_PLACEMENT_3D('',#5792,#5793,#5794);
#5792 = CARTESIAN_POINT('',(-1.255,5.E-02,2.865));
#5793 = DIRECTION('',(-0.,-0.,-1.));
#5794 = DIRECTION('',(-1.,0.,0.));
#5795 = ADVANCED_FACE('',(#5796),#5839,.T.);
#5796 = FACE_BOUND('',#5797,.T.);
#5797 = EDGE_LOOP('',(#5798,#5799,#5807,#5815,#5824,#5832));
#5798 = ORIENTED_EDGE('',*,*,#5759,.T.);
#5799 = ORIENTED_EDGE('',*,*,#5800,.T.);
#5800 = EDGE_CURVE('',#5762,#5801,#5803,.T.);
#5801 = VERTEX_POINT('',#5802);
#5802 = CARTESIAN_POINT('',(-1.75,5.E-02,3.135));
#5803 = LINE('',#5804,#5805);
#5804 = CARTESIAN_POINT('',(-1.75,5.E-02,-4.5));
#5805 = VECTOR('',#5806,1.);
#5806 = DIRECTION('',(0.,0.,1.));
#5807 = ORIENTED_EDGE('',*,*,#5808,.T.);
#5808 = EDGE_CURVE('',#5801,#5809,#5811,.T.);
#5809 = VERTEX_POINT('',#5810);
#5810 = CARTESIAN_POINT('',(-1.3871677,5.E-02,3.135));
#5811 = LINE('',#5812,#5813);
#5812 = CARTESIAN_POINT('',(-2.115,5.E-02,3.135));
#5813 = VECTOR('',#5814,1.);
#5814 = DIRECTION('',(1.,0.,0.));
#5815 = ORIENTED_EDGE('',*,*,#5816,.F.);
#5816 = EDGE_CURVE('',#5817,#5809,#5819,.T.);
#5817 = VERTEX_POINT('',#5818);
#5818 = CARTESIAN_POINT('',(-1.255,5.E-02,3.0028323));
#5819 = CIRCLE('',#5820,0.1321677);
#5820 = AXIS2_PLACEMENT_3D('',#5821,#5822,#5823);
#5821 = CARTESIAN_POINT('',(-1.3871677,5.E-02,3.0028323));
#5822 = DIRECTION('',(0.,-1.,0.));
#5823 = DIRECTION('',(0.,-0.,-1.));
#5824 = ORIENTED_EDGE('',*,*,#5825,.T.);
#5825 = EDGE_CURVE('',#5817,#5826,#5828,.T.);
#5826 = VERTEX_POINT('',#5827);
#5827 = CARTESIAN_POINT('',(-1.255,5.E-02,2.9971677));
#5828 = LINE('',#5829,#5830);
#5829 = CARTESIAN_POINT('',(-1.255,5.E-02,3.135));
#5830 = VECTOR('',#5831,1.);
#5831 = DIRECTION('',(0.,0.,-1.));
#5832 = ORIENTED_EDGE('',*,*,#5833,.F.);
#5833 = EDGE_CURVE('',#5760,#5826,#5834,.T.);
#5834 = CIRCLE('',#5835,0.1321677);
#5835 = AXIS2_PLACEMENT_3D('',#5836,#5837,#5838);
#5836 = CARTESIAN_POINT('',(-1.3871677,5.E-02,2.9971677));
#5837 = DIRECTION('',(0.,-1.,0.));
#5838 = DIRECTION('',(0.,-0.,-1.));
#5839 = PLANE('',#5840);
#5840 = AXIS2_PLACEMENT_3D('',#5841,#5842,#5843);
#5841 = CARTESIAN_POINT('',(-1.685,5.E-02,3.));
#5842 = DIRECTION('',(0.,1.,0.));
#5843 = DIRECTION('',(0.,0.,1.));
#5844 = ADVANCED_FACE('',(#5845),#5864,.T.);
#5845 = FACE_BOUND('',#5846,.T.);
#5846 = EDGE_LOOP('',(#5847,#5848,#5856,#5863));
#5847 = ORIENTED_EDGE('',*,*,#5833,.T.);
#5848 = ORIENTED_EDGE('',*,*,#5849,.T.);
#5849 = EDGE_CURVE('',#5826,#5850,#5852,.T.);
#5850 = VERTEX_POINT('',#5851);
#5851 = CARTESIAN_POINT('',(-1.255,0.,2.9971677));
#5852 = LINE('',#5853,#5854);
#5853 = CARTESIAN_POINT('',(-1.255,5.E-02,2.9971677));
#5854 = VECTOR('',#5855,1.);
#5855 = DIRECTION('',(0.,-1.,0.));
#5856 = ORIENTED_EDGE('',*,*,#5857,.F.);
#5857 = EDGE_CURVE('',#5770,#5850,#5858,.T.);
#5858 = CIRCLE('',#5859,0.1321677);
#5859 = AXIS2_PLACEMENT_3D('',#5860,#5861,#5862);
#5860 = CARTESIAN_POINT('',(-1.3871677,6.938893903907E-18,2.9971677));
#5861 = DIRECTION('',(0.,-1.,0.));
#5862 = DIRECTION('',(0.,-0.,-1.));
#5863 = ORIENTED_EDGE('',*,*,#5769,.F.);
#5864 = CYLINDRICAL_SURFACE('',#5865,0.1321677);
#5865 = AXIS2_PLACEMENT_3D('',#5866,#5867,#5868);
#5866 = CARTESIAN_POINT('',(-1.3871677,5.E-02,2.9971677));
#5867 = DIRECTION('',(0.,-1.,0.));
#5868 = DIRECTION('',(0.,0.,-1.));
#5869 = ADVANCED_FACE('',(#5870),#5888,.T.);
#5870 = FACE_BOUND('',#5871,.T.);
#5871 = EDGE_LOOP('',(#5872,#5873,#5881,#5887));
#5872 = ORIENTED_EDGE('',*,*,#5785,.T.);
#5873 = ORIENTED_EDGE('',*,*,#5874,.T.);
#5874 = EDGE_CURVE('',#5778,#5875,#5877,.T.);
#5875 = VERTEX_POINT('',#5876);
#5876 = CARTESIAN_POINT('',(-1.75,0.,3.135));
#5877 = LINE('',#5878,#5879);
#5878 = CARTESIAN_POINT('',(-1.75,0.,-4.5));
#5879 = VECTOR('',#5880,1.);
#5880 = DIRECTION('',(0.,0.,1.));
#5881 = ORIENTED_EDGE('',*,*,#5882,.F.);
#5882 = EDGE_CURVE('',#5801,#5875,#5883,.T.);
#5883 = LINE('',#5884,#5885);
#5884 = CARTESIAN_POINT('',(-1.75,5.E-02,3.135));
#5885 = VECTOR('',#5886,1.);
#5886 = DIRECTION('',(0.,-1.,0.));
#5887 = ORIENTED_EDGE('',*,*,#5800,.F.);
#5888 = PLANE('',#5889);
#5889 = AXIS2_PLACEMENT_3D('',#5890,#5891,#5892);
#5890 = CARTESIAN_POINT('',(-1.75,5.E-02,2.865));
#5891 = DIRECTION('',(-1.,0.,0.));
#5892 = DIRECTION('',(0.,0.,1.));
#5893 = ADVANCED_FACE('',(#5894),#5922,.F.);
#5894 = FACE_BOUND('',#5895,.F.);
#5895 = EDGE_LOOP('',(#5896,#5897,#5898,#5906,#5915,#5921));
#5896 = ORIENTED_EDGE('',*,*,#5777,.T.);
#5897 = ORIENTED_EDGE('',*,*,#5874,.T.);
#5898 = ORIENTED_EDGE('',*,*,#5899,.T.);
#5899 = EDGE_CURVE('',#5875,#5900,#5902,.T.);
#5900 = VERTEX_POINT('',#5901);
#5901 = CARTESIAN_POINT('',(-1.3871677,0.,3.135));
#5902 = LINE('',#5903,#5904);
#5903 = CARTESIAN_POINT('',(-2.115,0.,3.135));
#5904 = VECTOR('',#5905,1.);
#5905 = DIRECTION('',(1.,0.,0.));
#5906 = ORIENTED_EDGE('',*,*,#5907,.F.);
#5907 = EDGE_CURVE('',#5908,#5900,#5910,.T.);
#5908 = VERTEX_POINT('',#5909);
#5909 = CARTESIAN_POINT('',(-1.255,0.,3.0028323));
#5910 = CIRCLE('',#5911,0.1321677);
#5911 = AXIS2_PLACEMENT_3D('',#5912,#5913,#5914);
#5912 = CARTESIAN_POINT('',(-1.3871677,6.938893903907E-18,3.0028323));
#5913 = DIRECTION('',(0.,-1.,0.));
#5914 = DIRECTION('',(0.,-0.,-1.));
#5915 = ORIENTED_EDGE('',*,*,#5916,.T.);
#5916 = EDGE_CURVE('',#5908,#5850,#5917,.T.);
#5917 = LINE('',#5918,#5919);
#5918 = CARTESIAN_POINT('',(-1.255,0.,3.135));
#5919 = VECTOR('',#5920,1.);
#5920 = DIRECTION('',(0.,0.,-1.));
#5921 = ORIENTED_EDGE('',*,*,#5857,.F.);
#5922 = PLANE('',#5923);
#5923 = AXIS2_PLACEMENT_3D('',#5924,#5925,#5926);
#5924 = CARTESIAN_POINT('',(-1.685,6.938893903907E-18,3.));
#5925 = DIRECTION('',(0.,1.,0.));
#5926 = DIRECTION('',(0.,0.,1.));
#5927 = ADVANCED_FACE('',(#5928),#5939,.T.);
#5928 = FACE_BOUND('',#5929,.T.);
#5929 = EDGE_LOOP('',(#5930,#5931,#5937,#5938));
#5930 = ORIENTED_EDGE('',*,*,#5825,.F.);
#5931 = ORIENTED_EDGE('',*,*,#5932,.T.);
#5932 = EDGE_CURVE('',#5817,#5908,#5933,.T.);
#5933 = LINE('',#5934,#5935);
#5934 = CARTESIAN_POINT('',(-1.255,5.E-02,3.0028323));
#5935 = VECTOR('',#5936,1.);
#5936 = DIRECTION('',(0.,-1.,0.));
#5937 = ORIENTED_EDGE('',*,*,#5916,.T.);
#5938 = ORIENTED_EDGE('',*,*,#5849,.F.);
#5939 = PLANE('',#5940);
#5940 = AXIS2_PLACEMENT_3D('',#5941,#5942,#5943);
#5941 = CARTESIAN_POINT('',(-1.255,5.E-02,3.135));
#5942 = DIRECTION('',(1.,0.,0.));
#5943 = DIRECTION('',(0.,0.,-1.));
#5944 = ADVANCED_FACE('',(#5945),#5956,.T.);
#5945 = FACE_BOUND('',#5946,.T.);
#5946 = EDGE_LOOP('',(#5947,#5948,#5949,#5950));
#5947 = ORIENTED_EDGE('',*,*,#5808,.F.);
#5948 = ORIENTED_EDGE('',*,*,#5882,.T.);
#5949 = ORIENTED_EDGE('',*,*,#5899,.T.);
#5950 = ORIENTED_EDGE('',*,*,#5951,.F.);
#5951 = EDGE_CURVE('',#5809,#5900,#5952,.T.);
#5952 = LINE('',#5953,#5954);
#5953 = CARTESIAN_POINT('',(-1.3871677,5.E-02,3.135));
#5954 = VECTOR('',#5955,1.);
#5955 = DIRECTION('',(0.,-1.,0.));
#5956 = PLANE('',#5957);
#5957 = AXIS2_PLACEMENT_3D('',#5958,#5959,#5960);
#5958 = CARTESIAN_POINT('',(-1.75,5.E-02,3.135));
#5959 = DIRECTION('',(0.,0.,1.));
#5960 = DIRECTION('',(1.,0.,0.));
#5961 = ADVANCED_FACE('',(#5962),#5968,.T.);
#5962 = FACE_BOUND('',#5963,.T.);
#5963 = EDGE_LOOP('',(#5964,#5965,#5966,#5967));
#5964 = ORIENTED_EDGE('',*,*,#5816,.T.);
#5965 = ORIENTED_EDGE('',*,*,#5951,.T.);
#5966 = ORIENTED_EDGE('',*,*,#5907,.F.);
#5967 = ORIENTED_EDGE('',*,*,#5932,.F.);
#5968 = CYLINDRICAL_SURFACE('',#5969,0.1321677);
#5969 = AXIS2_PLACEMENT_3D('',#5970,#5971,#5972);
#5970 = CARTESIAN_POINT('',(-1.3871677,5.E-02,3.0028323));
#5971 = DIRECTION('',(0.,-1.,0.));
#5972 = DIRECTION('',(1.,0.,0.));
#5973 = ( GEOMETRIC_REPRESENTATION_CONTEXT(3) 
GLOBAL_UNCERTAINTY_ASSIGNED_CONTEXT((#5977)) 
GLOBAL_UNIT_ASSIGNED_CONTEXT((#5974,#5975,#5976)) REPRESENTATION_CONTEXT
('Context #1','3D Context with UNIT and UNCERTAINTY') );
#5974 = ( LENGTH_UNIT() NAMED_UNIT(*) SI_UNIT(.MILLI.,.METRE.) );
#5975 = ( NAMED_UNIT(*) PLANE_ANGLE_UNIT() SI_UNIT($,.RADIAN.) );
#5976 = ( NAMED_UNIT(*) SI_UNIT($,.STERADIAN.) SOLID_ANGLE_UNIT() );
#5977 = UNCERTAINTY_MEASURE_WITH_UNIT(LENGTH_MEASURE(1.E-07),#5974,
  'distance_accuracy_value','confusion accuracy');
#5978 = CONTEXT_DEPENDENT_SHAPE_REPRESENTATION(#5979,#5981);
#5979 = ( REPRESENTATION_RELATIONSHIP('','',#5752,#10) 
REPRESENTATION_RELATIONSHIP_WITH_TRANSFORMATION(#5980) 
SHAPE_REPRESENTATION_RELATIONSHIP() );
#5980 = ITEM_DEFINED_TRANSFORMATION('','',#11,#111);
#5981 = PRODUCT_DEFINITION_SHAPE('Placement','Placement of an item',
  #5982);
#5982 = NEXT_ASSEMBLY_USAGE_OCCURRENCE('4079','Pad_15_1','',#5,#5747,$);
#5983 = PRODUCT_RELATED_PRODUCT_CATEGORY('part',$,(#5749));
#5984 = SHAPE_DEFINITION_REPRESENTATION(#5985,#5991);
#5985 = PRODUCT_DEFINITION_SHAPE('','',#5986);
#5986 = PRODUCT_DEFINITION('design','',#5987,#5990);
#5987 = PRODUCT_DEFINITION_FORMATION('','',#5988);
#5988 = PRODUCT('Pad_16_1','Pad_16_1','',(#5989));
#5989 = PRODUCT_CONTEXT('',#2,'mechanical');
#5990 = PRODUCT_DEFINITION_CONTEXT('part definition',#2,'design');
#5991 = ADVANCED_BREP_SHAPE_REPRESENTATION('',(#11,#5992),#6212);
#5992 = MANIFOLD_SOLID_BREP('',#5993);
#5993 = CLOSED_SHELL('',(#5994,#6034,#6083,#6108,#6132,#6166,#6183,#6200
    ));
#5994 = ADVANCED_FACE('',(#5995),#6029,.T.);
#5995 = FACE_BOUND('',#5996,.T.);
#5996 = EDGE_LOOP('',(#5997,#6007,#6015,#6023));
#5997 = ORIENTED_EDGE('',*,*,#5998,.F.);
#5998 = EDGE_CURVE('',#5999,#6001,#6003,.T.);
#5999 = VERTEX_POINT('',#6000);
#6000 = CARTESIAN_POINT('',(-1.3871677,5.E-02,3.365));
#6001 = VERTEX_POINT('',#6002);
#6002 = CARTESIAN_POINT('',(-1.75,5.E-02,3.365));
#6003 = LINE('',#6004,#6005);
#6004 = CARTESIAN_POINT('',(-1.255,5.E-02,3.365));
#6005 = VECTOR('',#6006,1.);
#6006 = DIRECTION('',(-1.,0.,0.));
#6007 = ORIENTED_EDGE('',*,*,#6008,.T.);
#6008 = EDGE_CURVE('',#5999,#6009,#6011,.T.);
#6009 = VERTEX_POINT('',#6010);
#6010 = CARTESIAN_POINT('',(-1.3871677,0.,3.365));
#6011 = LINE('',#6012,#6013);
#6012 = CARTESIAN_POINT('',(-1.3871677,5.E-02,3.365));
#6013 = VECTOR('',#6014,1.);
#6014 = DIRECTION('',(0.,-1.,0.));
#6015 = ORIENTED_EDGE('',*,*,#6016,.T.);
#6016 = EDGE_CURVE('',#6009,#6017,#6019,.T.);
#6017 = VERTEX_POINT('',#6018);
#6018 = CARTESIAN_POINT('',(-1.75,0.,3.365));
#6019 = LINE('',#6020,#6021);
#6020 = CARTESIAN_POINT('',(-1.255,0.,3.365));
#6021 = VECTOR('',#6022,1.);
#6022 = DIRECTION('',(-1.,0.,0.));
#6023 = ORIENTED_EDGE('',*,*,#6024,.F.);
#6024 = EDGE_CURVE('',#6001,#6017,#6025,.T.);
#6025 = LINE('',#6026,#6027);
#6026 = CARTESIAN_POINT('',(-1.75,5.E-02,3.365));
#6027 = VECTOR('',#6028,1.);
#6028 = DIRECTION('',(0.,-1.,0.));
#6029 = PLANE('',#6030);
#6030 = AXIS2_PLACEMENT_3D('',#6031,#6032,#6033);
#6031 = CARTESIAN_POINT('',(-1.255,5.E-02,3.365));
#6032 = DIRECTION('',(-0.,-0.,-1.));
#6033 = DIRECTION('',(-1.,0.,0.));
#6034 = ADVANCED_FACE('',(#6035),#6078,.T.);
#6035 = FACE_BOUND('',#6036,.T.);
#6036 = EDGE_LOOP('',(#6037,#6038,#6046,#6054,#6063,#6071));
#6037 = ORIENTED_EDGE('',*,*,#5998,.T.);
#6038 = ORIENTED_EDGE('',*,*,#6039,.T.);
#6039 = EDGE_CURVE('',#6001,#6040,#6042,.T.);
#6040 = VERTEX_POINT('',#6041);
#6041 = CARTESIAN_POINT('',(-1.75,5.E-02,3.635));
#6042 = LINE('',#6043,#6044);
#6043 = CARTESIAN_POINT('',(-1.75,5.E-02,-4.5));
#6044 = VECTOR('',#6045,1.);
#6045 = DIRECTION('',(0.,0.,1.));
#6046 = ORIENTED_EDGE('',*,*,#6047,.T.);
#6047 = EDGE_CURVE('',#6040,#6048,#6050,.T.);
#6048 = VERTEX_POINT('',#6049);
#6049 = CARTESIAN_POINT('',(-1.3871677,5.E-02,3.635));
#6050 = LINE('',#6051,#6052);
#6051 = CARTESIAN_POINT('',(-2.115,5.E-02,3.635));
#6052 = VECTOR('',#6053,1.);
#6053 = DIRECTION('',(1.,0.,0.));
#6054 = ORIENTED_EDGE('',*,*,#6055,.F.);
#6055 = EDGE_CURVE('',#6056,#6048,#6058,.T.);
#6056 = VERTEX_POINT('',#6057);
#6057 = CARTESIAN_POINT('',(-1.255,5.E-02,3.5028323));
#6058 = CIRCLE('',#6059,0.1321677);
#6059 = AXIS2_PLACEMENT_3D('',#6060,#6061,#6062);
#6060 = CARTESIAN_POINT('',(-1.3871677,5.E-02,3.5028323));
#6061 = DIRECTION('',(0.,-1.,0.));
#6062 = DIRECTION('',(0.,-0.,-1.));
#6063 = ORIENTED_EDGE('',*,*,#6064,.T.);
#6064 = EDGE_CURVE('',#6056,#6065,#6067,.T.);
#6065 = VERTEX_POINT('',#6066);
#6066 = CARTESIAN_POINT('',(-1.255,5.E-02,3.4971677));
#6067 = LINE('',#6068,#6069);
#6068 = CARTESIAN_POINT('',(-1.255,5.E-02,3.635));
#6069 = VECTOR('',#6070,1.);
#6070 = DIRECTION('',(0.,0.,-1.));
#6071 = ORIENTED_EDGE('',*,*,#6072,.F.);
#6072 = EDGE_CURVE('',#5999,#6065,#6073,.T.);
#6073 = CIRCLE('',#6074,0.1321677);
#6074 = AXIS2_PLACEMENT_3D('',#6075,#6076,#6077);
#6075 = CARTESIAN_POINT('',(-1.3871677,5.E-02,3.4971677));
#6076 = DIRECTION('',(0.,-1.,0.));
#6077 = DIRECTION('',(0.,-0.,-1.));
#6078 = PLANE('',#6079);
#6079 = AXIS2_PLACEMENT_3D('',#6080,#6081,#6082);
#6080 = CARTESIAN_POINT('',(-1.685,5.E-02,3.5));
#6081 = DIRECTION('',(0.,1.,0.));
#6082 = DIRECTION('',(0.,0.,1.));
#6083 = ADVANCED_FACE('',(#6084),#6103,.T.);
#6084 = FACE_BOUND('',#6085,.T.);
#6085 = EDGE_LOOP('',(#6086,#6087,#6095,#6102));
#6086 = ORIENTED_EDGE('',*,*,#6072,.T.);
#6087 = ORIENTED_EDGE('',*,*,#6088,.T.);
#6088 = EDGE_CURVE('',#6065,#6089,#6091,.T.);
#6089 = VERTEX_POINT('',#6090);
#6090 = CARTESIAN_POINT('',(-1.255,0.,3.4971677));
#6091 = LINE('',#6092,#6093);
#6092 = CARTESIAN_POINT('',(-1.255,5.E-02,3.4971677));
#6093 = VECTOR('',#6094,1.);
#6094 = DIRECTION('',(0.,-1.,0.));
#6095 = ORIENTED_EDGE('',*,*,#6096,.F.);
#6096 = EDGE_CURVE('',#6009,#6089,#6097,.T.);
#6097 = CIRCLE('',#6098,0.1321677);
#6098 = AXIS2_PLACEMENT_3D('',#6099,#6100,#6101);
#6099 = CARTESIAN_POINT('',(-1.3871677,6.938893903907E-18,3.4971677));
#6100 = DIRECTION('',(0.,-1.,0.));
#6101 = DIRECTION('',(0.,-0.,-1.));
#6102 = ORIENTED_EDGE('',*,*,#6008,.F.);
#6103 = CYLINDRICAL_SURFACE('',#6104,0.1321677);
#6104 = AXIS2_PLACEMENT_3D('',#6105,#6106,#6107);
#6105 = CARTESIAN_POINT('',(-1.3871677,5.E-02,3.4971677));
#6106 = DIRECTION('',(0.,-1.,0.));
#6107 = DIRECTION('',(0.,0.,-1.));
#6108 = ADVANCED_FACE('',(#6109),#6127,.T.);
#6109 = FACE_BOUND('',#6110,.T.);
#6110 = EDGE_LOOP('',(#6111,#6112,#6120,#6126));
#6111 = ORIENTED_EDGE('',*,*,#6024,.T.);
#6112 = ORIENTED_EDGE('',*,*,#6113,.T.);
#6113 = EDGE_CURVE('',#6017,#6114,#6116,.T.);
#6114 = VERTEX_POINT('',#6115);
#6115 = CARTESIAN_POINT('',(-1.75,0.,3.635));
#6116 = LINE('',#6117,#6118);
#6117 = CARTESIAN_POINT('',(-1.75,0.,-4.5));
#6118 = VECTOR('',#6119,1.);
#6119 = DIRECTION('',(0.,0.,1.));
#6120 = ORIENTED_EDGE('',*,*,#6121,.F.);
#6121 = EDGE_CURVE('',#6040,#6114,#6122,.T.);
#6122 = LINE('',#6123,#6124);
#6123 = CARTESIAN_POINT('',(-1.75,5.E-02,3.635));
#6124 = VECTOR('',#6125,1.);
#6125 = DIRECTION('',(0.,-1.,0.));
#6126 = ORIENTED_EDGE('',*,*,#6039,.F.);
#6127 = PLANE('',#6128);
#6128 = AXIS2_PLACEMENT_3D('',#6129,#6130,#6131);
#6129 = CARTESIAN_POINT('',(-1.75,5.E-02,3.365));
#6130 = DIRECTION('',(-1.,0.,0.));
#6131 = DIRECTION('',(0.,0.,1.));
#6132 = ADVANCED_FACE('',(#6133),#6161,.F.);
#6133 = FACE_BOUND('',#6134,.F.);
#6134 = EDGE_LOOP('',(#6135,#6136,#6137,#6145,#6154,#6160));
#6135 = ORIENTED_EDGE('',*,*,#6016,.T.);
#6136 = ORIENTED_EDGE('',*,*,#6113,.T.);
#6137 = ORIENTED_EDGE('',*,*,#6138,.T.);
#6138 = EDGE_CURVE('',#6114,#6139,#6141,.T.);
#6139 = VERTEX_POINT('',#6140);
#6140 = CARTESIAN_POINT('',(-1.3871677,0.,3.635));
#6141 = LINE('',#6142,#6143);
#6142 = CARTESIAN_POINT('',(-2.115,0.,3.635));
#6143 = VECTOR('',#6144,1.);
#6144 = DIRECTION('',(1.,0.,0.));
#6145 = ORIENTED_EDGE('',*,*,#6146,.F.);
#6146 = EDGE_CURVE('',#6147,#6139,#6149,.T.);
#6147 = VERTEX_POINT('',#6148);
#6148 = CARTESIAN_POINT('',(-1.255,0.,3.5028323));
#6149 = CIRCLE('',#6150,0.1321677);
#6150 = AXIS2_PLACEMENT_3D('',#6151,#6152,#6153);
#6151 = CARTESIAN_POINT('',(-1.3871677,6.938893903907E-18,3.5028323));
#6152 = DIRECTION('',(0.,-1.,0.));
#6153 = DIRECTION('',(0.,-0.,-1.));
#6154 = ORIENTED_EDGE('',*,*,#6155,.T.);
#6155 = EDGE_CURVE('',#6147,#6089,#6156,.T.);
#6156 = LINE('',#6157,#6158);
#6157 = CARTESIAN_POINT('',(-1.255,0.,3.635));
#6158 = VECTOR('',#6159,1.);
#6159 = DIRECTION('',(0.,0.,-1.));
#6160 = ORIENTED_EDGE('',*,*,#6096,.F.);
#6161 = PLANE('',#6162);
#6162 = AXIS2_PLACEMENT_3D('',#6163,#6164,#6165);
#6163 = CARTESIAN_POINT('',(-1.685,6.938893903907E-18,3.5));
#6164 = DIRECTION('',(0.,1.,0.));
#6165 = DIRECTION('',(0.,0.,1.));
#6166 = ADVANCED_FACE('',(#6167),#6178,.T.);
#6167 = FACE_BOUND('',#6168,.T.);
#6168 = EDGE_LOOP('',(#6169,#6170,#6176,#6177));
#6169 = ORIENTED_EDGE('',*,*,#6064,.F.);
#6170 = ORIENTED_EDGE('',*,*,#6171,.T.);
#6171 = EDGE_CURVE('',#6056,#6147,#6172,.T.);
#6172 = LINE('',#6173,#6174);
#6173 = CARTESIAN_POINT('',(-1.255,5.E-02,3.5028323));
#6174 = VECTOR('',#6175,1.);
#6175 = DIRECTION('',(0.,-1.,0.));
#6176 = ORIENTED_EDGE('',*,*,#6155,.T.);
#6177 = ORIENTED_EDGE('',*,*,#6088,.F.);
#6178 = PLANE('',#6179);
#6179 = AXIS2_PLACEMENT_3D('',#6180,#6181,#6182);
#6180 = CARTESIAN_POINT('',(-1.255,5.E-02,3.635));
#6181 = DIRECTION('',(1.,0.,0.));
#6182 = DIRECTION('',(0.,0.,-1.));
#6183 = ADVANCED_FACE('',(#6184),#6195,.T.);
#6184 = FACE_BOUND('',#6185,.T.);
#6185 = EDGE_LOOP('',(#6186,#6187,#6188,#6189));
#6186 = ORIENTED_EDGE('',*,*,#6047,.F.);
#6187 = ORIENTED_EDGE('',*,*,#6121,.T.);
#6188 = ORIENTED_EDGE('',*,*,#6138,.T.);
#6189 = ORIENTED_EDGE('',*,*,#6190,.F.);
#6190 = EDGE_CURVE('',#6048,#6139,#6191,.T.);
#6191 = LINE('',#6192,#6193);
#6192 = CARTESIAN_POINT('',(-1.3871677,5.E-02,3.635));
#6193 = VECTOR('',#6194,1.);
#6194 = DIRECTION('',(0.,-1.,0.));
#6195 = PLANE('',#6196);
#6196 = AXIS2_PLACEMENT_3D('',#6197,#6198,#6199);
#6197 = CARTESIAN_POINT('',(-1.75,5.E-02,3.635));
#6198 = DIRECTION('',(0.,0.,1.));
#6199 = DIRECTION('',(1.,0.,0.));
#6200 = ADVANCED_FACE('',(#6201),#6207,.T.);
#6201 = FACE_BOUND('',#6202,.T.);
#6202 = EDGE_LOOP('',(#6203,#6204,#6205,#6206));
#6203 = ORIENTED_EDGE('',*,*,#6055,.T.);
#6204 = ORIENTED_EDGE('',*,*,#6190,.T.);
#6205 = ORIENTED_EDGE('',*,*,#6146,.F.);
#6206 = ORIENTED_EDGE('',*,*,#6171,.F.);
#6207 = CYLINDRICAL_SURFACE('',#6208,0.1321677);
#6208 = AXIS2_PLACEMENT_3D('',#6209,#6210,#6211);
#6209 = CARTESIAN_POINT('',(-1.3871677,5.E-02,3.5028323));
#6210 = DIRECTION('',(0.,-1.,0.));
#6211 = DIRECTION('',(1.,0.,0.));
#6212 = ( GEOMETRIC_REPRESENTATION_CONTEXT(3) 
GLOBAL_UNCERTAINTY_ASSIGNED_CONTEXT((#6216)) 
GLOBAL_UNIT_ASSIGNED_CONTEXT((#6213,#6214,#6215)) REPRESENTATION_CONTEXT
('Context #1','3D Context with UNIT and UNCERTAINTY') );
#6213 = ( LENGTH_UNIT() NAMED_UNIT(*) SI_UNIT(.MILLI.,.METRE.) );
#6214 = ( NAMED_UNIT(*) PLANE_ANGLE_UNIT() SI_UNIT($,.RADIAN.) );
#6215 = ( NAMED_UNIT(*) SI_UNIT($,.STERADIAN.) SOLID_ANGLE_UNIT() );
#6216 = UNCERTAINTY_MEASURE_WITH_UNIT(LENGTH_MEASURE(1.E-07),#6213,
  'distance_accuracy_value','confusion accuracy');
#6217 = CONTEXT_DEPENDENT_SHAPE_REPRESENTATION(#6218,#6220);
#6218 = ( REPRESENTATION_RELATIONSHIP('','',#5991,#10) 
REPRESENTATION_RELATIONSHIP_WITH_TRANSFORMATION(#6219) 
SHAPE_REPRESENTATION_RELATIONSHIP() );
#6219 = ITEM_DEFINED_TRANSFORMATION('','',#11,#115);
#6220 = PRODUCT_DEFINITION_SHAPE('Placement','Placement of an item',
  #6221);
#6221 = NEXT_ASSEMBLY_USAGE_OCCURRENCE('4080','Pad_16_1','',#5,#5986,$);
#6222 = PRODUCT_RELATED_PRODUCT_CATEGORY('part',$,(#5988));
#6223 = SHAPE_DEFINITION_REPRESENTATION(#6224,#6230);
#6224 = PRODUCT_DEFINITION_SHAPE('','',#6225);
#6225 = PRODUCT_DEFINITION('design','',#6226,#6229);
#6226 = PRODUCT_DEFINITION_FORMATION('','',#6227);
#6227 = PRODUCT('Pad_17_1','Pad_17_1','',(#6228));
#6228 = PRODUCT_CONTEXT('',#2,'mechanical');
#6229 = PRODUCT_DEFINITION_CONTEXT('part definition',#2,'design');
#6230 = ADVANCED_BREP_SHAPE_REPRESENTATION('',(#11,#6231),#6451);
#6231 = MANIFOLD_SOLID_BREP('',#6232);
#6232 = CLOSED_SHELL('',(#6233,#6273,#6322,#6347,#6371,#6405,#6422,#6439
    ));
#6233 = ADVANCED_FACE('',(#6234),#6268,.T.);
#6234 = FACE_BOUND('',#6235,.T.);
#6235 = EDGE_LOOP('',(#6236,#6246,#6254,#6262));
#6236 = ORIENTED_EDGE('',*,*,#6237,.F.);
#6237 = EDGE_CURVE('',#6238,#6240,#6242,.T.);
#6238 = VERTEX_POINT('',#6239);
#6239 = CARTESIAN_POINT('',(-1.3871677,5.E-02,3.865));
#6240 = VERTEX_POINT('',#6241);
#6241 = CARTESIAN_POINT('',(-1.75,5.E-02,3.865));
#6242 = LINE('',#6243,#6244);
#6243 = CARTESIAN_POINT('',(-1.255,5.E-02,3.865));
#6244 = VECTOR('',#6245,1.);
#6245 = DIRECTION('',(-1.,0.,0.));
#6246 = ORIENTED_EDGE('',*,*,#6247,.T.);
#6247 = EDGE_CURVE('',#6238,#6248,#6250,.T.);
#6248 = VERTEX_POINT('',#6249);
#6249 = CARTESIAN_POINT('',(-1.3871677,0.,3.865));
#6250 = LINE('',#6251,#6252);
#6251 = CARTESIAN_POINT('',(-1.3871677,5.E-02,3.865));
#6252 = VECTOR('',#6253,1.);
#6253 = DIRECTION('',(0.,-1.,0.));
#6254 = ORIENTED_EDGE('',*,*,#6255,.T.);
#6255 = EDGE_CURVE('',#6248,#6256,#6258,.T.);
#6256 = VERTEX_POINT('',#6257);
#6257 = CARTESIAN_POINT('',(-1.75,0.,3.865));
#6258 = LINE('',#6259,#6260);
#6259 = CARTESIAN_POINT('',(-1.255,0.,3.865));
#6260 = VECTOR('',#6261,1.);
#6261 = DIRECTION('',(-1.,0.,0.));
#6262 = ORIENTED_EDGE('',*,*,#6263,.F.);
#6263 = EDGE_CURVE('',#6240,#6256,#6264,.T.);
#6264 = LINE('',#6265,#6266);
#6265 = CARTESIAN_POINT('',(-1.75,5.E-02,3.865));
#6266 = VECTOR('',#6267,1.);
#6267 = DIRECTION('',(0.,-1.,0.));
#6268 = PLANE('',#6269);
#6269 = AXIS2_PLACEMENT_3D('',#6270,#6271,#6272);
#6270 = CARTESIAN_POINT('',(-1.255,5.E-02,3.865));
#6271 = DIRECTION('',(-0.,-0.,-1.));
#6272 = DIRECTION('',(-1.,0.,0.));
#6273 = ADVANCED_FACE('',(#6274),#6317,.T.);
#6274 = FACE_BOUND('',#6275,.T.);
#6275 = EDGE_LOOP('',(#6276,#6277,#6285,#6293,#6302,#6310));
#6276 = ORIENTED_EDGE('',*,*,#6237,.T.);
#6277 = ORIENTED_EDGE('',*,*,#6278,.T.);
#6278 = EDGE_CURVE('',#6240,#6279,#6281,.T.);
#6279 = VERTEX_POINT('',#6280);
#6280 = CARTESIAN_POINT('',(-1.75,5.E-02,4.135));
#6281 = LINE('',#6282,#6283);
#6282 = CARTESIAN_POINT('',(-1.75,5.E-02,-4.5));
#6283 = VECTOR('',#6284,1.);
#6284 = DIRECTION('',(0.,0.,1.));
#6285 = ORIENTED_EDGE('',*,*,#6286,.T.);
#6286 = EDGE_CURVE('',#6279,#6287,#6289,.T.);
#6287 = VERTEX_POINT('',#6288);
#6288 = CARTESIAN_POINT('',(-1.3871677,5.E-02,4.135));
#6289 = LINE('',#6290,#6291);
#6290 = CARTESIAN_POINT('',(-2.115,5.E-02,4.135));
#6291 = VECTOR('',#6292,1.);
#6292 = DIRECTION('',(1.,0.,0.));
#6293 = ORIENTED_EDGE('',*,*,#6294,.F.);
#6294 = EDGE_CURVE('',#6295,#6287,#6297,.T.);
#6295 = VERTEX_POINT('',#6296);
#6296 = CARTESIAN_POINT('',(-1.255,5.E-02,4.0028323));
#6297 = CIRCLE('',#6298,0.1321677);
#6298 = AXIS2_PLACEMENT_3D('',#6299,#6300,#6301);
#6299 = CARTESIAN_POINT('',(-1.3871677,5.E-02,4.0028323));
#6300 = DIRECTION('',(0.,-1.,0.));
#6301 = DIRECTION('',(0.,-0.,-1.));
#6302 = ORIENTED_EDGE('',*,*,#6303,.T.);
#6303 = EDGE_CURVE('',#6295,#6304,#6306,.T.);
#6304 = VERTEX_POINT('',#6305);
#6305 = CARTESIAN_POINT('',(-1.255,5.E-02,3.9971677));
#6306 = LINE('',#6307,#6308);
#6307 = CARTESIAN_POINT('',(-1.255,5.E-02,4.135));
#6308 = VECTOR('',#6309,1.);
#6309 = DIRECTION('',(0.,0.,-1.));
#6310 = ORIENTED_EDGE('',*,*,#6311,.F.);
#6311 = EDGE_CURVE('',#6238,#6304,#6312,.T.);
#6312 = CIRCLE('',#6313,0.1321677);
#6313 = AXIS2_PLACEMENT_3D('',#6314,#6315,#6316);
#6314 = CARTESIAN_POINT('',(-1.3871677,5.E-02,3.9971677));
#6315 = DIRECTION('',(0.,-1.,0.));
#6316 = DIRECTION('',(0.,-0.,-1.));
#6317 = PLANE('',#6318);
#6318 = AXIS2_PLACEMENT_3D('',#6319,#6320,#6321);
#6319 = CARTESIAN_POINT('',(-1.685,5.E-02,4.));
#6320 = DIRECTION('',(0.,1.,0.));
#6321 = DIRECTION('',(0.,0.,1.));
#6322 = ADVANCED_FACE('',(#6323),#6342,.T.);
#6323 = FACE_BOUND('',#6324,.T.);
#6324 = EDGE_LOOP('',(#6325,#6326,#6334,#6341));
#6325 = ORIENTED_EDGE('',*,*,#6311,.T.);
#6326 = ORIENTED_EDGE('',*,*,#6327,.T.);
#6327 = EDGE_CURVE('',#6304,#6328,#6330,.T.);
#6328 = VERTEX_POINT('',#6329);
#6329 = CARTESIAN_POINT('',(-1.255,0.,3.9971677));
#6330 = LINE('',#6331,#6332);
#6331 = CARTESIAN_POINT('',(-1.255,5.E-02,3.9971677));
#6332 = VECTOR('',#6333,1.);
#6333 = DIRECTION('',(0.,-1.,0.));
#6334 = ORIENTED_EDGE('',*,*,#6335,.F.);
#6335 = EDGE_CURVE('',#6248,#6328,#6336,.T.);
#6336 = CIRCLE('',#6337,0.1321677);
#6337 = AXIS2_PLACEMENT_3D('',#6338,#6339,#6340);
#6338 = CARTESIAN_POINT('',(-1.3871677,6.938893903907E-18,3.9971677));
#6339 = DIRECTION('',(0.,-1.,0.));
#6340 = DIRECTION('',(0.,-0.,-1.));
#6341 = ORIENTED_EDGE('',*,*,#6247,.F.);
#6342 = CYLINDRICAL_SURFACE('',#6343,0.1321677);
#6343 = AXIS2_PLACEMENT_3D('',#6344,#6345,#6346);
#6344 = CARTESIAN_POINT('',(-1.3871677,5.E-02,3.9971677));
#6345 = DIRECTION('',(0.,-1.,0.));
#6346 = DIRECTION('',(0.,0.,-1.));
#6347 = ADVANCED_FACE('',(#6348),#6366,.T.);
#6348 = FACE_BOUND('',#6349,.T.);
#6349 = EDGE_LOOP('',(#6350,#6351,#6359,#6365));
#6350 = ORIENTED_EDGE('',*,*,#6263,.T.);
#6351 = ORIENTED_EDGE('',*,*,#6352,.T.);
#6352 = EDGE_CURVE('',#6256,#6353,#6355,.T.);
#6353 = VERTEX_POINT('',#6354);
#6354 = CARTESIAN_POINT('',(-1.75,0.,4.135));
#6355 = LINE('',#6356,#6357);
#6356 = CARTESIAN_POINT('',(-1.75,0.,-4.5));
#6357 = VECTOR('',#6358,1.);
#6358 = DIRECTION('',(0.,0.,1.));
#6359 = ORIENTED_EDGE('',*,*,#6360,.F.);
#6360 = EDGE_CURVE('',#6279,#6353,#6361,.T.);
#6361 = LINE('',#6362,#6363);
#6362 = CARTESIAN_POINT('',(-1.75,5.E-02,4.135));
#6363 = VECTOR('',#6364,1.);
#6364 = DIRECTION('',(0.,-1.,0.));
#6365 = ORIENTED_EDGE('',*,*,#6278,.F.);
#6366 = PLANE('',#6367);
#6367 = AXIS2_PLACEMENT_3D('',#6368,#6369,#6370);
#6368 = CARTESIAN_POINT('',(-1.75,5.E-02,3.865));
#6369 = DIRECTION('',(-1.,0.,0.));
#6370 = DIRECTION('',(0.,0.,1.));
#6371 = ADVANCED_FACE('',(#6372),#6400,.F.);
#6372 = FACE_BOUND('',#6373,.F.);
#6373 = EDGE_LOOP('',(#6374,#6375,#6376,#6384,#6393,#6399));
#6374 = ORIENTED_EDGE('',*,*,#6255,.T.);
#6375 = ORIENTED_EDGE('',*,*,#6352,.T.);
#6376 = ORIENTED_EDGE('',*,*,#6377,.T.);
#6377 = EDGE_CURVE('',#6353,#6378,#6380,.T.);
#6378 = VERTEX_POINT('',#6379);
#6379 = CARTESIAN_POINT('',(-1.3871677,0.,4.135));
#6380 = LINE('',#6381,#6382);
#6381 = CARTESIAN_POINT('',(-2.115,0.,4.135));
#6382 = VECTOR('',#6383,1.);
#6383 = DIRECTION('',(1.,0.,0.));
#6384 = ORIENTED_EDGE('',*,*,#6385,.F.);
#6385 = EDGE_CURVE('',#6386,#6378,#6388,.T.);
#6386 = VERTEX_POINT('',#6387);
#6387 = CARTESIAN_POINT('',(-1.255,0.,4.0028323));
#6388 = CIRCLE('',#6389,0.1321677);
#6389 = AXIS2_PLACEMENT_3D('',#6390,#6391,#6392);
#6390 = CARTESIAN_POINT('',(-1.3871677,6.938893903907E-18,4.0028323));
#6391 = DIRECTION('',(0.,-1.,0.));
#6392 = DIRECTION('',(0.,-0.,-1.));
#6393 = ORIENTED_EDGE('',*,*,#6394,.T.);
#6394 = EDGE_CURVE('',#6386,#6328,#6395,.T.);
#6395 = LINE('',#6396,#6397);
#6396 = CARTESIAN_POINT('',(-1.255,0.,4.135));
#6397 = VECTOR('',#6398,1.);
#6398 = DIRECTION('',(0.,0.,-1.));
#6399 = ORIENTED_EDGE('',*,*,#6335,.F.);
#6400 = PLANE('',#6401);
#6401 = AXIS2_PLACEMENT_3D('',#6402,#6403,#6404);
#6402 = CARTESIAN_POINT('',(-1.685,6.938893903907E-18,4.));
#6403 = DIRECTION('',(0.,1.,0.));
#6404 = DIRECTION('',(0.,0.,1.));
#6405 = ADVANCED_FACE('',(#6406),#6417,.T.);
#6406 = FACE_BOUND('',#6407,.T.);
#6407 = EDGE_LOOP('',(#6408,#6409,#6415,#6416));
#6408 = ORIENTED_EDGE('',*,*,#6303,.F.);
#6409 = ORIENTED_EDGE('',*,*,#6410,.T.);
#6410 = EDGE_CURVE('',#6295,#6386,#6411,.T.);
#6411 = LINE('',#6412,#6413);
#6412 = CARTESIAN_POINT('',(-1.255,5.E-02,4.0028323));
#6413 = VECTOR('',#6414,1.);
#6414 = DIRECTION('',(0.,-1.,0.));
#6415 = ORIENTED_EDGE('',*,*,#6394,.T.);
#6416 = ORIENTED_EDGE('',*,*,#6327,.F.);
#6417 = PLANE('',#6418);
#6418 = AXIS2_PLACEMENT_3D('',#6419,#6420,#6421);
#6419 = CARTESIAN_POINT('',(-1.255,5.E-02,4.135));
#6420 = DIRECTION('',(1.,0.,0.));
#6421 = DIRECTION('',(0.,0.,-1.));
#6422 = ADVANCED_FACE('',(#6423),#6434,.T.);
#6423 = FACE_BOUND('',#6424,.T.);
#6424 = EDGE_LOOP('',(#6425,#6426,#6427,#6428));
#6425 = ORIENTED_EDGE('',*,*,#6286,.F.);
#6426 = ORIENTED_EDGE('',*,*,#6360,.T.);
#6427 = ORIENTED_EDGE('',*,*,#6377,.T.);
#6428 = ORIENTED_EDGE('',*,*,#6429,.F.);
#6429 = EDGE_CURVE('',#6287,#6378,#6430,.T.);
#6430 = LINE('',#6431,#6432);
#6431 = CARTESIAN_POINT('',(-1.3871677,5.E-02,4.135));
#6432 = VECTOR('',#6433,1.);
#6433 = DIRECTION('',(0.,-1.,0.));
#6434 = PLANE('',#6435);
#6435 = AXIS2_PLACEMENT_3D('',#6436,#6437,#6438);
#6436 = CARTESIAN_POINT('',(-1.75,5.E-02,4.135));
#6437 = DIRECTION('',(0.,0.,1.));
#6438 = DIRECTION('',(1.,0.,0.));
#6439 = ADVANCED_FACE('',(#6440),#6446,.T.);
#6440 = FACE_BOUND('',#6441,.T.);
#6441 = EDGE_LOOP('',(#6442,#6443,#6444,#6445));
#6442 = ORIENTED_EDGE('',*,*,#6294,.T.);
#6443 = ORIENTED_EDGE('',*,*,#6429,.T.);
#6444 = ORIENTED_EDGE('',*,*,#6385,.F.);
#6445 = ORIENTED_EDGE('',*,*,#6410,.F.);
#6446 = CYLINDRICAL_SURFACE('',#6447,0.1321677);
#6447 = AXIS2_PLACEMENT_3D('',#6448,#6449,#6450);
#6448 = CARTESIAN_POINT('',(-1.3871677,5.E-02,4.0028323));
#6449 = DIRECTION('',(0.,-1.,0.));
#6450 = DIRECTION('',(1.,0.,0.));
#6451 = ( GEOMETRIC_REPRESENTATION_CONTEXT(3) 
GLOBAL_UNCERTAINTY_ASSIGNED_CONTEXT((#6455)) 
GLOBAL_UNIT_ASSIGNED_CONTEXT((#6452,#6453,#6454)) REPRESENTATION_CONTEXT
('Context #1','3D Context with UNIT and UNCERTAINTY') );
#6452 = ( LENGTH_UNIT() NAMED_UNIT(*) SI_UNIT(.MILLI.,.METRE.) );
#6453 = ( NAMED_UNIT(*) PLANE_ANGLE_UNIT() SI_UNIT($,.RADIAN.) );
#6454 = ( NAMED_UNIT(*) SI_UNIT($,.STERADIAN.) SOLID_ANGLE_UNIT() );
#6455 = UNCERTAINTY_MEASURE_WITH_UNIT(LENGTH_MEASURE(1.E-07),#6452,
  'distance_accuracy_value','confusion accuracy');
#6456 = CONTEXT_DEPENDENT_SHAPE_REPRESENTATION(#6457,#6459);
#6457 = ( REPRESENTATION_RELATIONSHIP('','',#6230,#10) 
REPRESENTATION_RELATIONSHIP_WITH_TRANSFORMATION(#6458) 
SHAPE_REPRESENTATION_RELATIONSHIP() );
#6458 = ITEM_DEFINED_TRANSFORMATION('','',#11,#119);
#6459 = PRODUCT_DEFINITION_SHAPE('Placement','Placement of an item',
  #6460);
#6460 = NEXT_ASSEMBLY_USAGE_OCCURRENCE('4081','Pad_17_1','',#5,#6225,$);
#6461 = PRODUCT_RELATED_PRODUCT_CATEGORY('part',$,(#6227));
#6462 = SHAPE_DEFINITION_REPRESENTATION(#6463,#6469);
#6463 = PRODUCT_DEFINITION_SHAPE('','',#6464);
#6464 = PRODUCT_DEFINITION('design','',#6465,#6468);
#6465 = PRODUCT_DEFINITION_FORMATION('','',#6466);
#6466 = PRODUCT('Pad_22_1','Pad_22_1','',(#6467));
#6467 = PRODUCT_CONTEXT('',#2,'mechanical');
#6468 = PRODUCT_DEFINITION_CONTEXT('part definition',#2,'design');
#6469 = ADVANCED_BREP_SHAPE_REPRESENTATION('',(#11,#6470),#6690);
#6470 = MANIFOLD_SOLID_BREP('',#6471);
#6471 = CLOSED_SHELL('',(#6472,#6512,#6561,#6586,#6611,#6644,#6661,#6678
    ));
#6472 = ADVANCED_FACE('',(#6473),#6507,.T.);
#6473 = FACE_BOUND('',#6474,.T.);
#6474 = EDGE_LOOP('',(#6475,#6485,#6493,#6501));
#6475 = ORIENTED_EDGE('',*,*,#6476,.F.);
#6476 = EDGE_CURVE('',#6477,#6479,#6481,.T.);
#6477 = VERTEX_POINT('',#6478);
#6478 = CARTESIAN_POINT('',(1.255,5.E-02,3.9971677));
#6479 = VERTEX_POINT('',#6480);
#6480 = CARTESIAN_POINT('',(1.255,5.E-02,4.0028323));
#6481 = LINE('',#6482,#6483);
#6482 = CARTESIAN_POINT('',(1.255,5.E-02,3.865));
#6483 = VECTOR('',#6484,1.);
#6484 = DIRECTION('',(0.,0.,1.));
#6485 = ORIENTED_EDGE('',*,*,#6486,.T.);
#6486 = EDGE_CURVE('',#6477,#6487,#6489,.T.);
#6487 = VERTEX_POINT('',#6488);
#6488 = CARTESIAN_POINT('',(1.255,0.,3.9971677));
#6489 = LINE('',#6490,#6491);
#6490 = CARTESIAN_POINT('',(1.255,5.E-02,3.9971677));
#6491 = VECTOR('',#6492,1.);
#6492 = DIRECTION('',(0.,-1.,0.));
#6493 = ORIENTED_EDGE('',*,*,#6494,.T.);
#6494 = EDGE_CURVE('',#6487,#6495,#6497,.T.);
#6495 = VERTEX_POINT('',#6496);
#6496 = CARTESIAN_POINT('',(1.255,0.,4.0028323));
#6497 = LINE('',#6498,#6499);
#6498 = CARTESIAN_POINT('',(1.255,0.,3.865));
#6499 = VECTOR('',#6500,1.);
#6500 = DIRECTION('',(0.,0.,1.));
#6501 = ORIENTED_EDGE('',*,*,#6502,.F.);
#6502 = EDGE_CURVE('',#6479,#6495,#6503,.T.);
#6503 = LINE('',#6504,#6505);
#6504 = CARTESIAN_POINT('',(1.255,5.E-02,4.0028323));
#6505 = VECTOR('',#6506,1.);
#6506 = DIRECTION('',(0.,-1.,0.));
#6507 = PLANE('',#6508);
#6508 = AXIS2_PLACEMENT_3D('',#6509,#6510,#6511);
#6509 = CARTESIAN_POINT('',(1.255,5.E-02,3.865));
#6510 = DIRECTION('',(-1.,0.,0.));
#6511 = DIRECTION('',(0.,0.,1.));
#6512 = ADVANCED_FACE('',(#6513),#6556,.T.);
#6513 = FACE_BOUND('',#6514,.T.);
#6514 = EDGE_LOOP('',(#6515,#6516,#6525,#6533,#6541,#6549));
#6515 = ORIENTED_EDGE('',*,*,#6476,.T.);
#6516 = ORIENTED_EDGE('',*,*,#6517,.T.);
#6517 = EDGE_CURVE('',#6479,#6518,#6520,.T.);
#6518 = VERTEX_POINT('',#6519);
#6519 = CARTESIAN_POINT('',(1.3871677,5.E-02,4.135));
#6520 = CIRCLE('',#6521,0.1321677);
#6521 = AXIS2_PLACEMENT_3D('',#6522,#6523,#6524);
#6522 = CARTESIAN_POINT('',(1.3871677,5.E-02,4.0028323));
#6523 = DIRECTION('',(-0.,1.,0.));
#6524 = DIRECTION('',(0.,0.,-1.));
#6525 = ORIENTED_EDGE('',*,*,#6526,.T.);
#6526 = EDGE_CURVE('',#6518,#6527,#6529,.T.);
#6527 = VERTEX_POINT('',#6528);
#6528 = CARTESIAN_POINT('',(1.75,5.E-02,4.135));
#6529 = LINE('',#6530,#6531);
#6530 = CARTESIAN_POINT('',(1.255,5.E-02,4.135));
#6531 = VECTOR('',#6532,1.);
#6532 = DIRECTION('',(1.,0.,0.));
#6533 = ORIENTED_EDGE('',*,*,#6534,.T.);
#6534 = EDGE_CURVE('',#6527,#6535,#6537,.T.);
#6535 = VERTEX_POINT('',#6536);
#6536 = CARTESIAN_POINT('',(1.75,5.E-02,3.865));
#6537 = LINE('',#6538,#6539);
#6538 = CARTESIAN_POINT('',(1.75,5.E-02,4.5));
#6539 = VECTOR('',#6540,1.);
#6540 = DIRECTION('',(0.,0.,-1.));
#6541 = ORIENTED_EDGE('',*,*,#6542,.T.);
#6542 = EDGE_CURVE('',#6535,#6543,#6545,.T.);
#6543 = VERTEX_POINT('',#6544);
#6544 = CARTESIAN_POINT('',(1.3871677,5.E-02,3.865));
#6545 = LINE('',#6546,#6547);
#6546 = CARTESIAN_POINT('',(2.115,5.E-02,3.865));
#6547 = VECTOR('',#6548,1.);
#6548 = DIRECTION('',(-1.,0.,0.));
#6549 = ORIENTED_EDGE('',*,*,#6550,.F.);
#6550 = EDGE_CURVE('',#6477,#6543,#6551,.T.);
#6551 = CIRCLE('',#6552,0.1321677);
#6552 = AXIS2_PLACEMENT_3D('',#6553,#6554,#6555);
#6553 = CARTESIAN_POINT('',(1.3871677,5.E-02,3.9971677));
#6554 = DIRECTION('',(0.,-1.,0.));
#6555 = DIRECTION('',(0.,-0.,-1.));
#6556 = PLANE('',#6557);
#6557 = AXIS2_PLACEMENT_3D('',#6558,#6559,#6560);
#6558 = CARTESIAN_POINT('',(1.685,5.E-02,4.));
#6559 = DIRECTION('',(0.,1.,0.));
#6560 = DIRECTION('',(0.,0.,1.));
#6561 = ADVANCED_FACE('',(#6562),#6581,.T.);
#6562 = FACE_BOUND('',#6563,.T.);
#6563 = EDGE_LOOP('',(#6564,#6565,#6573,#6580));
#6564 = ORIENTED_EDGE('',*,*,#6550,.T.);
#6565 = ORIENTED_EDGE('',*,*,#6566,.T.);
#6566 = EDGE_CURVE('',#6543,#6567,#6569,.T.);
#6567 = VERTEX_POINT('',#6568);
#6568 = CARTESIAN_POINT('',(1.3871677,0.,3.865));
#6569 = LINE('',#6570,#6571);
#6570 = CARTESIAN_POINT('',(1.3871677,5.E-02,3.865));
#6571 = VECTOR('',#6572,1.);
#6572 = DIRECTION('',(0.,-1.,0.));
#6573 = ORIENTED_EDGE('',*,*,#6574,.F.);
#6574 = EDGE_CURVE('',#6487,#6567,#6575,.T.);
#6575 = CIRCLE('',#6576,0.1321677);
#6576 = AXIS2_PLACEMENT_3D('',#6577,#6578,#6579);
#6577 = CARTESIAN_POINT('',(1.3871677,6.938893903907E-18,3.9971677));
#6578 = DIRECTION('',(0.,-1.,0.));
#6579 = DIRECTION('',(0.,-0.,-1.));
#6580 = ORIENTED_EDGE('',*,*,#6486,.F.);
#6581 = CYLINDRICAL_SURFACE('',#6582,0.1321677);
#6582 = AXIS2_PLACEMENT_3D('',#6583,#6584,#6585);
#6583 = CARTESIAN_POINT('',(1.3871677,5.E-02,3.9971677));
#6584 = DIRECTION('',(0.,-1.,0.));
#6585 = DIRECTION('',(-1.,0.,0.));
#6586 = ADVANCED_FACE('',(#6587),#6606,.T.);
#6587 = FACE_BOUND('',#6588,.F.);
#6588 = EDGE_LOOP('',(#6589,#6590,#6598,#6605));
#6589 = ORIENTED_EDGE('',*,*,#6517,.T.);
#6590 = ORIENTED_EDGE('',*,*,#6591,.T.);
#6591 = EDGE_CURVE('',#6518,#6592,#6594,.T.);
#6592 = VERTEX_POINT('',#6593);
#6593 = CARTESIAN_POINT('',(1.3871677,0.,4.135));
#6594 = LINE('',#6595,#6596);
#6595 = CARTESIAN_POINT('',(1.3871677,5.E-02,4.135));
#6596 = VECTOR('',#6597,1.);
#6597 = DIRECTION('',(0.,-1.,0.));
#6598 = ORIENTED_EDGE('',*,*,#6599,.F.);
#6599 = EDGE_CURVE('',#6495,#6592,#6600,.T.);
#6600 = CIRCLE('',#6601,0.1321677);
#6601 = AXIS2_PLACEMENT_3D('',#6602,#6603,#6604);
#6602 = CARTESIAN_POINT('',(1.3871677,6.938893903907E-18,4.0028323));
#6603 = DIRECTION('',(-0.,1.,0.));
#6604 = DIRECTION('',(0.,0.,-1.));
#6605 = ORIENTED_EDGE('',*,*,#6502,.F.);
#6606 = CYLINDRICAL_SURFACE('',#6607,0.1321677);
#6607 = AXIS2_PLACEMENT_3D('',#6608,#6609,#6610);
#6608 = CARTESIAN_POINT('',(1.3871677,5.E-02,4.0028323));
#6609 = DIRECTION('',(0.,-1.,0.));
#6610 = DIRECTION('',(-1.,0.,0.));
#6611 = ADVANCED_FACE('',(#6612),#6639,.F.);
#6612 = FACE_BOUND('',#6613,.F.);
#6613 = EDGE_LOOP('',(#6614,#6615,#6616,#6624,#6632,#6638));
#6614 = ORIENTED_EDGE('',*,*,#6494,.T.);
#6615 = ORIENTED_EDGE('',*,*,#6599,.T.);
#6616 = ORIENTED_EDGE('',*,*,#6617,.T.);
#6617 = EDGE_CURVE('',#6592,#6618,#6620,.T.);
#6618 = VERTEX_POINT('',#6619);
#6619 = CARTESIAN_POINT('',(1.75,0.,4.135));
#6620 = LINE('',#6621,#6622);
#6621 = CARTESIAN_POINT('',(1.255,0.,4.135));
#6622 = VECTOR('',#6623,1.);
#6623 = DIRECTION('',(1.,0.,0.));
#6624 = ORIENTED_EDGE('',*,*,#6625,.T.);
#6625 = EDGE_CURVE('',#6618,#6626,#6628,.T.);
#6626 = VERTEX_POINT('',#6627);
#6627 = CARTESIAN_POINT('',(1.75,0.,3.865));
#6628 = LINE('',#6629,#6630);
#6629 = CARTESIAN_POINT('',(1.75,0.,4.5));
#6630 = VECTOR('',#6631,1.);
#6631 = DIRECTION('',(0.,0.,-1.));
#6632 = ORIENTED_EDGE('',*,*,#6633,.T.);
#6633 = EDGE_CURVE('',#6626,#6567,#6634,.T.);
#6634 = LINE('',#6635,#6636);
#6635 = CARTESIAN_POINT('',(2.115,0.,3.865));
#6636 = VECTOR('',#6637,1.);
#6637 = DIRECTION('',(-1.,0.,0.));
#6638 = ORIENTED_EDGE('',*,*,#6574,.F.);
#6639 = PLANE('',#6640);
#6640 = AXIS2_PLACEMENT_3D('',#6641,#6642,#6643);
#6641 = CARTESIAN_POINT('',(1.685,6.938893903907E-18,4.));
#6642 = DIRECTION('',(0.,1.,0.));
#6643 = DIRECTION('',(0.,0.,1.));
#6644 = ADVANCED_FACE('',(#6645),#6656,.T.);
#6645 = FACE_BOUND('',#6646,.T.);
#6646 = EDGE_LOOP('',(#6647,#6648,#6654,#6655));
#6647 = ORIENTED_EDGE('',*,*,#6542,.F.);
#6648 = ORIENTED_EDGE('',*,*,#6649,.T.);
#6649 = EDGE_CURVE('',#6535,#6626,#6650,.T.);
#6650 = LINE('',#6651,#6652);
#6651 = CARTESIAN_POINT('',(1.75,5.E-02,3.865));
#6652 = VECTOR('',#6653,1.);
#6653 = DIRECTION('',(0.,-1.,0.));
#6654 = ORIENTED_EDGE('',*,*,#6633,.T.);
#6655 = ORIENTED_EDGE('',*,*,#6566,.F.);
#6656 = PLANE('',#6657);
#6657 = AXIS2_PLACEMENT_3D('',#6658,#6659,#6660);
#6658 = CARTESIAN_POINT('',(1.75,5.E-02,3.865));
#6659 = DIRECTION('',(-0.,-0.,-1.));
#6660 = DIRECTION('',(-1.,0.,0.));
#6661 = ADVANCED_FACE('',(#6662),#6673,.T.);
#6662 = FACE_BOUND('',#6663,.T.);
#6663 = EDGE_LOOP('',(#6664,#6665,#6666,#6667));
#6664 = ORIENTED_EDGE('',*,*,#6526,.F.);
#6665 = ORIENTED_EDGE('',*,*,#6591,.T.);
#6666 = ORIENTED_EDGE('',*,*,#6617,.T.);
#6667 = ORIENTED_EDGE('',*,*,#6668,.F.);
#6668 = EDGE_CURVE('',#6527,#6618,#6669,.T.);
#6669 = LINE('',#6670,#6671);
#6670 = CARTESIAN_POINT('',(1.75,5.E-02,4.135));
#6671 = VECTOR('',#6672,1.);
#6672 = DIRECTION('',(0.,-1.,0.));
#6673 = PLANE('',#6674);
#6674 = AXIS2_PLACEMENT_3D('',#6675,#6676,#6677);
#6675 = CARTESIAN_POINT('',(1.255,5.E-02,4.135));
#6676 = DIRECTION('',(0.,0.,1.));
#6677 = DIRECTION('',(1.,0.,0.));
#6678 = ADVANCED_FACE('',(#6679),#6685,.T.);
#6679 = FACE_BOUND('',#6680,.T.);
#6680 = EDGE_LOOP('',(#6681,#6682,#6683,#6684));
#6681 = ORIENTED_EDGE('',*,*,#6668,.T.);
#6682 = ORIENTED_EDGE('',*,*,#6625,.T.);
#6683 = ORIENTED_EDGE('',*,*,#6649,.F.);
#6684 = ORIENTED_EDGE('',*,*,#6534,.F.);
#6685 = PLANE('',#6686);
#6686 = AXIS2_PLACEMENT_3D('',#6687,#6688,#6689);
#6687 = CARTESIAN_POINT('',(1.75,5.E-02,4.135));
#6688 = DIRECTION('',(1.,0.,0.));
#6689 = DIRECTION('',(0.,0.,-1.));
#6690 = ( GEOMETRIC_REPRESENTATION_CONTEXT(3) 
GLOBAL_UNCERTAINTY_ASSIGNED_CONTEXT((#6694)) 
GLOBAL_UNIT_ASSIGNED_CONTEXT((#6691,#6692,#6693)) REPRESENTATION_CONTEXT
('Context #1','3D Context with UNIT and UNCERTAINTY') );
#6691 = ( LENGTH_UNIT() NAMED_UNIT(*) SI_UNIT(.MILLI.,.METRE.) );
#6692 = ( NAMED_UNIT(*) PLANE_ANGLE_UNIT() SI_UNIT($,.RADIAN.) );
#6693 = ( NAMED_UNIT(*) SI_UNIT($,.STERADIAN.) SOLID_ANGLE_UNIT() );
#6694 = UNCERTAINTY_MEASURE_WITH_UNIT(LENGTH_MEASURE(1.E-07),#6691,
  'distance_accuracy_value','confusion accuracy');
#6695 = CONTEXT_DEPENDENT_SHAPE_REPRESENTATION(#6696,#6698);
#6696 = ( REPRESENTATION_RELATIONSHIP('','',#6469,#10) 
REPRESENTATION_RELATIONSHIP_WITH_TRANSFORMATION(#6697) 
SHAPE_REPRESENTATION_RELATIONSHIP() );
#6697 = ITEM_DEFINED_TRANSFORMATION('','',#11,#123);
#6698 = PRODUCT_DEFINITION_SHAPE('Placement','Placement of an item',
  #6699);
#6699 = NEXT_ASSEMBLY_USAGE_OCCURRENCE('4082','Pad_22_1','',#5,#6464,$);
#6700 = PRODUCT_RELATED_PRODUCT_CATEGORY('part',$,(#6466));
#6701 = SHAPE_DEFINITION_REPRESENTATION(#6702,#6708);
#6702 = PRODUCT_DEFINITION_SHAPE('','',#6703);
#6703 = PRODUCT_DEFINITION('design','',#6704,#6707);
#6704 = PRODUCT_DEFINITION_FORMATION('','',#6705);
#6705 = PRODUCT('Pad_23_1','Pad_23_1','',(#6706));
#6706 = PRODUCT_CONTEXT('',#2,'mechanical');
#6707 = PRODUCT_DEFINITION_CONTEXT('part definition',#2,'design');
#6708 = ADVANCED_BREP_SHAPE_REPRESENTATION('',(#11,#6709),#6929);
#6709 = MANIFOLD_SOLID_BREP('',#6710);
#6710 = CLOSED_SHELL('',(#6711,#6751,#6800,#6825,#6850,#6883,#6900,#6917
    ));
#6711 = ADVANCED_FACE('',(#6712),#6746,.T.);
#6712 = FACE_BOUND('',#6713,.T.);
#6713 = EDGE_LOOP('',(#6714,#6724,#6732,#6740));
#6714 = ORIENTED_EDGE('',*,*,#6715,.F.);
#6715 = EDGE_CURVE('',#6716,#6718,#6720,.T.);
#6716 = VERTEX_POINT('',#6717);
#6717 = CARTESIAN_POINT('',(1.255,5.E-02,3.4971677));
#6718 = VERTEX_POINT('',#6719);
#6719 = CARTESIAN_POINT('',(1.255,5.E-02,3.5028323));
#6720 = LINE('',#6721,#6722);
#6721 = CARTESIAN_POINT('',(1.255,5.E-02,3.365));
#6722 = VECTOR('',#6723,1.);
#6723 = DIRECTION('',(0.,0.,1.));
#6724 = ORIENTED_EDGE('',*,*,#6725,.T.);
#6725 = EDGE_CURVE('',#6716,#6726,#6728,.T.);
#6726 = VERTEX_POINT('',#6727);
#6727 = CARTESIAN_POINT('',(1.255,0.,3.4971677));
#6728 = LINE('',#6729,#6730);
#6729 = CARTESIAN_POINT('',(1.255,5.E-02,3.4971677));
#6730 = VECTOR('',#6731,1.);
#6731 = DIRECTION('',(0.,-1.,0.));
#6732 = ORIENTED_EDGE('',*,*,#6733,.T.);
#6733 = EDGE_CURVE('',#6726,#6734,#6736,.T.);
#6734 = VERTEX_POINT('',#6735);
#6735 = CARTESIAN_POINT('',(1.255,0.,3.5028323));
#6736 = LINE('',#6737,#6738);
#6737 = CARTESIAN_POINT('',(1.255,0.,3.365));
#6738 = VECTOR('',#6739,1.);
#6739 = DIRECTION('',(0.,0.,1.));
#6740 = ORIENTED_EDGE('',*,*,#6741,.F.);
#6741 = EDGE_CURVE('',#6718,#6734,#6742,.T.);
#6742 = LINE('',#6743,#6744);
#6743 = CARTESIAN_POINT('',(1.255,5.E-02,3.5028323));
#6744 = VECTOR('',#6745,1.);
#6745 = DIRECTION('',(0.,-1.,0.));
#6746 = PLANE('',#6747);
#6747 = AXIS2_PLACEMENT_3D('',#6748,#6749,#6750);
#6748 = CARTESIAN_POINT('',(1.255,5.E-02,3.365));
#6749 = DIRECTION('',(-1.,0.,0.));
#6750 = DIRECTION('',(0.,0.,1.));
#6751 = ADVANCED_FACE('',(#6752),#6795,.T.);
#6752 = FACE_BOUND('',#6753,.T.);
#6753 = EDGE_LOOP('',(#6754,#6755,#6764,#6772,#6780,#6788));
#6754 = ORIENTED_EDGE('',*,*,#6715,.T.);
#6755 = ORIENTED_EDGE('',*,*,#6756,.T.);
#6756 = EDGE_CURVE('',#6718,#6757,#6759,.T.);
#6757 = VERTEX_POINT('',#6758);
#6758 = CARTESIAN_POINT('',(1.3871677,5.E-02,3.635));
#6759 = CIRCLE('',#6760,0.1321677);
#6760 = AXIS2_PLACEMENT_3D('',#6761,#6762,#6763);
#6761 = CARTESIAN_POINT('',(1.3871677,5.E-02,3.5028323));
#6762 = DIRECTION('',(-0.,1.,0.));
#6763 = DIRECTION('',(0.,0.,-1.));
#6764 = ORIENTED_EDGE('',*,*,#6765,.T.);
#6765 = EDGE_CURVE('',#6757,#6766,#6768,.T.);
#6766 = VERTEX_POINT('',#6767);
#6767 = CARTESIAN_POINT('',(1.75,5.E-02,3.635));
#6768 = LINE('',#6769,#6770);
#6769 = CARTESIAN_POINT('',(1.255,5.E-02,3.635));
#6770 = VECTOR('',#6771,1.);
#6771 = DIRECTION('',(1.,0.,0.));
#6772 = ORIENTED_EDGE('',*,*,#6773,.T.);
#6773 = EDGE_CURVE('',#6766,#6774,#6776,.T.);
#6774 = VERTEX_POINT('',#6775);
#6775 = CARTESIAN_POINT('',(1.75,5.E-02,3.365));
#6776 = LINE('',#6777,#6778);
#6777 = CARTESIAN_POINT('',(1.75,5.E-02,4.5));
#6778 = VECTOR('',#6779,1.);
#6779 = DIRECTION('',(0.,0.,-1.));
#6780 = ORIENTED_EDGE('',*,*,#6781,.T.);
#6781 = EDGE_CURVE('',#6774,#6782,#6784,.T.);
#6782 = VERTEX_POINT('',#6783);
#6783 = CARTESIAN_POINT('',(1.3871677,5.E-02,3.365));
#6784 = LINE('',#6785,#6786);
#6785 = CARTESIAN_POINT('',(2.115,5.E-02,3.365));
#6786 = VECTOR('',#6787,1.);
#6787 = DIRECTION('',(-1.,0.,0.));
#6788 = ORIENTED_EDGE('',*,*,#6789,.F.);
#6789 = EDGE_CURVE('',#6716,#6782,#6790,.T.);
#6790 = CIRCLE('',#6791,0.1321677);
#6791 = AXIS2_PLACEMENT_3D('',#6792,#6793,#6794);
#6792 = CARTESIAN_POINT('',(1.3871677,5.E-02,3.4971677));
#6793 = DIRECTION('',(0.,-1.,0.));
#6794 = DIRECTION('',(0.,-0.,-1.));
#6795 = PLANE('',#6796);
#6796 = AXIS2_PLACEMENT_3D('',#6797,#6798,#6799);
#6797 = CARTESIAN_POINT('',(1.685,5.E-02,3.5));
#6798 = DIRECTION('',(0.,1.,0.));
#6799 = DIRECTION('',(0.,0.,1.));
#6800 = ADVANCED_FACE('',(#6801),#6820,.T.);
#6801 = FACE_BOUND('',#6802,.T.);
#6802 = EDGE_LOOP('',(#6803,#6804,#6812,#6819));
#6803 = ORIENTED_EDGE('',*,*,#6789,.T.);
#6804 = ORIENTED_EDGE('',*,*,#6805,.T.);
#6805 = EDGE_CURVE('',#6782,#6806,#6808,.T.);
#6806 = VERTEX_POINT('',#6807);
#6807 = CARTESIAN_POINT('',(1.3871677,0.,3.365));
#6808 = LINE('',#6809,#6810);
#6809 = CARTESIAN_POINT('',(1.3871677,5.E-02,3.365));
#6810 = VECTOR('',#6811,1.);
#6811 = DIRECTION('',(0.,-1.,0.));
#6812 = ORIENTED_EDGE('',*,*,#6813,.F.);
#6813 = EDGE_CURVE('',#6726,#6806,#6814,.T.);
#6814 = CIRCLE('',#6815,0.1321677);
#6815 = AXIS2_PLACEMENT_3D('',#6816,#6817,#6818);
#6816 = CARTESIAN_POINT('',(1.3871677,6.938893903907E-18,3.4971677));
#6817 = DIRECTION('',(0.,-1.,0.));
#6818 = DIRECTION('',(0.,-0.,-1.));
#6819 = ORIENTED_EDGE('',*,*,#6725,.F.);
#6820 = CYLINDRICAL_SURFACE('',#6821,0.1321677);
#6821 = AXIS2_PLACEMENT_3D('',#6822,#6823,#6824);
#6822 = CARTESIAN_POINT('',(1.3871677,5.E-02,3.4971677));
#6823 = DIRECTION('',(0.,-1.,0.));
#6824 = DIRECTION('',(-1.,0.,0.));
#6825 = ADVANCED_FACE('',(#6826),#6845,.T.);
#6826 = FACE_BOUND('',#6827,.F.);
#6827 = EDGE_LOOP('',(#6828,#6829,#6837,#6844));
#6828 = ORIENTED_EDGE('',*,*,#6756,.T.);
#6829 = ORIENTED_EDGE('',*,*,#6830,.T.);
#6830 = EDGE_CURVE('',#6757,#6831,#6833,.T.);
#6831 = VERTEX_POINT('',#6832);
#6832 = CARTESIAN_POINT('',(1.3871677,0.,3.635));
#6833 = LINE('',#6834,#6835);
#6834 = CARTESIAN_POINT('',(1.3871677,5.E-02,3.635));
#6835 = VECTOR('',#6836,1.);
#6836 = DIRECTION('',(0.,-1.,0.));
#6837 = ORIENTED_EDGE('',*,*,#6838,.F.);
#6838 = EDGE_CURVE('',#6734,#6831,#6839,.T.);
#6839 = CIRCLE('',#6840,0.1321677);
#6840 = AXIS2_PLACEMENT_3D('',#6841,#6842,#6843);
#6841 = CARTESIAN_POINT('',(1.3871677,6.938893903907E-18,3.5028323));
#6842 = DIRECTION('',(-0.,1.,0.));
#6843 = DIRECTION('',(0.,0.,-1.));
#6844 = ORIENTED_EDGE('',*,*,#6741,.F.);
#6845 = CYLINDRICAL_SURFACE('',#6846,0.1321677);
#6846 = AXIS2_PLACEMENT_3D('',#6847,#6848,#6849);
#6847 = CARTESIAN_POINT('',(1.3871677,5.E-02,3.5028323));
#6848 = DIRECTION('',(0.,-1.,0.));
#6849 = DIRECTION('',(-1.,0.,0.));
#6850 = ADVANCED_FACE('',(#6851),#6878,.F.);
#6851 = FACE_BOUND('',#6852,.F.);
#6852 = EDGE_LOOP('',(#6853,#6854,#6855,#6863,#6871,#6877));
#6853 = ORIENTED_EDGE('',*,*,#6733,.T.);
#6854 = ORIENTED_EDGE('',*,*,#6838,.T.);
#6855 = ORIENTED_EDGE('',*,*,#6856,.T.);
#6856 = EDGE_CURVE('',#6831,#6857,#6859,.T.);
#6857 = VERTEX_POINT('',#6858);
#6858 = CARTESIAN_POINT('',(1.75,0.,3.635));
#6859 = LINE('',#6860,#6861);
#6860 = CARTESIAN_POINT('',(1.255,0.,3.635));
#6861 = VECTOR('',#6862,1.);
#6862 = DIRECTION('',(1.,0.,0.));
#6863 = ORIENTED_EDGE('',*,*,#6864,.T.);
#6864 = EDGE_CURVE('',#6857,#6865,#6867,.T.);
#6865 = VERTEX_POINT('',#6866);
#6866 = CARTESIAN_POINT('',(1.75,0.,3.365));
#6867 = LINE('',#6868,#6869);
#6868 = CARTESIAN_POINT('',(1.75,0.,4.5));
#6869 = VECTOR('',#6870,1.);
#6870 = DIRECTION('',(0.,0.,-1.));
#6871 = ORIENTED_EDGE('',*,*,#6872,.T.);
#6872 = EDGE_CURVE('',#6865,#6806,#6873,.T.);
#6873 = LINE('',#6874,#6875);
#6874 = CARTESIAN_POINT('',(2.115,0.,3.365));
#6875 = VECTOR('',#6876,1.);
#6876 = DIRECTION('',(-1.,0.,0.));
#6877 = ORIENTED_EDGE('',*,*,#6813,.F.);
#6878 = PLANE('',#6879);
#6879 = AXIS2_PLACEMENT_3D('',#6880,#6881,#6882);
#6880 = CARTESIAN_POINT('',(1.685,6.938893903907E-18,3.5));
#6881 = DIRECTION('',(0.,1.,0.));
#6882 = DIRECTION('',(0.,0.,1.));
#6883 = ADVANCED_FACE('',(#6884),#6895,.T.);
#6884 = FACE_BOUND('',#6885,.T.);
#6885 = EDGE_LOOP('',(#6886,#6887,#6893,#6894));
#6886 = ORIENTED_EDGE('',*,*,#6781,.F.);
#6887 = ORIENTED_EDGE('',*,*,#6888,.T.);
#6888 = EDGE_CURVE('',#6774,#6865,#6889,.T.);
#6889 = LINE('',#6890,#6891);
#6890 = CARTESIAN_POINT('',(1.75,5.E-02,3.365));
#6891 = VECTOR('',#6892,1.);
#6892 = DIRECTION('',(0.,-1.,0.));
#6893 = ORIENTED_EDGE('',*,*,#6872,.T.);
#6894 = ORIENTED_EDGE('',*,*,#6805,.F.);
#6895 = PLANE('',#6896);
#6896 = AXIS2_PLACEMENT_3D('',#6897,#6898,#6899);
#6897 = CARTESIAN_POINT('',(1.75,5.E-02,3.365));
#6898 = DIRECTION('',(-0.,-0.,-1.));
#6899 = DIRECTION('',(-1.,0.,0.));
#6900 = ADVANCED_FACE('',(#6901),#6912,.T.);
#6901 = FACE_BOUND('',#6902,.T.);
#6902 = EDGE_LOOP('',(#6903,#6904,#6905,#6906));
#6903 = ORIENTED_EDGE('',*,*,#6765,.F.);
#6904 = ORIENTED_EDGE('',*,*,#6830,.T.);
#6905 = ORIENTED_EDGE('',*,*,#6856,.T.);
#6906 = ORIENTED_EDGE('',*,*,#6907,.F.);
#6907 = EDGE_CURVE('',#6766,#6857,#6908,.T.);
#6908 = LINE('',#6909,#6910);
#6909 = CARTESIAN_POINT('',(1.75,5.E-02,3.635));
#6910 = VECTOR('',#6911,1.);
#6911 = DIRECTION('',(0.,-1.,0.));
#6912 = PLANE('',#6913);
#6913 = AXIS2_PLACEMENT_3D('',#6914,#6915,#6916);
#6914 = CARTESIAN_POINT('',(1.255,5.E-02,3.635));
#6915 = DIRECTION('',(0.,0.,1.));
#6916 = DIRECTION('',(1.,0.,0.));
#6917 = ADVANCED_FACE('',(#6918),#6924,.T.);
#6918 = FACE_BOUND('',#6919,.T.);
#6919 = EDGE_LOOP('',(#6920,#6921,#6922,#6923));
#6920 = ORIENTED_EDGE('',*,*,#6907,.T.);
#6921 = ORIENTED_EDGE('',*,*,#6864,.T.);
#6922 = ORIENTED_EDGE('',*,*,#6888,.F.);
#6923 = ORIENTED_EDGE('',*,*,#6773,.F.);
#6924 = PLANE('',#6925);
#6925 = AXIS2_PLACEMENT_3D('',#6926,#6927,#6928);
#6926 = CARTESIAN_POINT('',(1.75,5.E-02,3.635));
#6927 = DIRECTION('',(1.,0.,0.));
#6928 = DIRECTION('',(0.,0.,-1.));
#6929 = ( GEOMETRIC_REPRESENTATION_CONTEXT(3) 
GLOBAL_UNCERTAINTY_ASSIGNED_CONTEXT((#6933)) 
GLOBAL_UNIT_ASSIGNED_CONTEXT((#6930,#6931,#6932)) REPRESENTATION_CONTEXT
('Context #1','3D Context with UNIT and UNCERTAINTY') );
#6930 = ( LENGTH_UNIT() NAMED_UNIT(*) SI_UNIT(.MILLI.,.METRE.) );
#6931 = ( NAMED_UNIT(*) PLANE_ANGLE_UNIT() SI_UNIT($,.RADIAN.) );
#6932 = ( NAMED_UNIT(*) SI_UNIT($,.STERADIAN.) SOLID_ANGLE_UNIT() );
#6933 = UNCERTAINTY_MEASURE_WITH_UNIT(LENGTH_MEASURE(1.E-07),#6930,
  'distance_accuracy_value','confusion accuracy');
#6934 = CONTEXT_DEPENDENT_SHAPE_REPRESENTATION(#6935,#6937);
#6935 = ( REPRESENTATION_RELATIONSHIP('','',#6708,#10) 
REPRESENTATION_RELATIONSHIP_WITH_TRANSFORMATION(#6936) 
SHAPE_REPRESENTATION_RELATIONSHIP() );
#6936 = ITEM_DEFINED_TRANSFORMATION('','',#11,#127);
#6937 = PRODUCT_DEFINITION_SHAPE('Placement','Placement of an item',
  #6938);
#6938 = NEXT_ASSEMBLY_USAGE_OCCURRENCE('4083','Pad_23_1','',#5,#6703,$);
#6939 = PRODUCT_RELATED_PRODUCT_CATEGORY('part',$,(#6705));
#6940 = SHAPE_DEFINITION_REPRESENTATION(#6941,#6947);
#6941 = PRODUCT_DEFINITION_SHAPE('','',#6942);
#6942 = PRODUCT_DEFINITION('design','',#6943,#6946);
#6943 = PRODUCT_DEFINITION_FORMATION('','',#6944);
#6944 = PRODUCT('Pad_24_1','Pad_24_1','',(#6945));
#6945 = PRODUCT_CONTEXT('',#2,'mechanical');
#6946 = PRODUCT_DEFINITION_CONTEXT('part definition',#2,'design');
#6947 = ADVANCED_BREP_SHAPE_REPRESENTATION('',(#11,#6948),#7168);
#6948 = MANIFOLD_SOLID_BREP('',#6949);
#6949 = CLOSED_SHELL('',(#6950,#6990,#7039,#7064,#7089,#7122,#7139,#7156
    ));
#6950 = ADVANCED_FACE('',(#6951),#6985,.T.);
#6951 = FACE_BOUND('',#6952,.T.);
#6952 = EDGE_LOOP('',(#6953,#6963,#6971,#6979));
#6953 = ORIENTED_EDGE('',*,*,#6954,.F.);
#6954 = EDGE_CURVE('',#6955,#6957,#6959,.T.);
#6955 = VERTEX_POINT('',#6956);
#6956 = CARTESIAN_POINT('',(1.255,5.E-02,2.9971677));
#6957 = VERTEX_POINT('',#6958);
#6958 = CARTESIAN_POINT('',(1.255,5.E-02,3.0028323));
#6959 = LINE('',#6960,#6961);
#6960 = CARTESIAN_POINT('',(1.255,5.E-02,2.865));
#6961 = VECTOR('',#6962,1.);
#6962 = DIRECTION('',(0.,0.,1.));
#6963 = ORIENTED_EDGE('',*,*,#6964,.T.);
#6964 = EDGE_CURVE('',#6955,#6965,#6967,.T.);
#6965 = VERTEX_POINT('',#6966);
#6966 = CARTESIAN_POINT('',(1.255,0.,2.9971677));
#6967 = LINE('',#6968,#6969);
#6968 = CARTESIAN_POINT('',(1.255,5.E-02,2.9971677));
#6969 = VECTOR('',#6970,1.);
#6970 = DIRECTION('',(0.,-1.,0.));
#6971 = ORIENTED_EDGE('',*,*,#6972,.T.);
#6972 = EDGE_CURVE('',#6965,#6973,#6975,.T.);
#6973 = VERTEX_POINT('',#6974);
#6974 = CARTESIAN_POINT('',(1.255,0.,3.0028323));
#6975 = LINE('',#6976,#6977);
#6976 = CARTESIAN_POINT('',(1.255,0.,2.865));
#6977 = VECTOR('',#6978,1.);
#6978 = DIRECTION('',(0.,0.,1.));
#6979 = ORIENTED_EDGE('',*,*,#6980,.F.);
#6980 = EDGE_CURVE('',#6957,#6973,#6981,.T.);
#6981 = LINE('',#6982,#6983);
#6982 = CARTESIAN_POINT('',(1.255,5.E-02,3.0028323));
#6983 = VECTOR('',#6984,1.);
#6984 = DIRECTION('',(0.,-1.,0.));
#6985 = PLANE('',#6986);
#6986 = AXIS2_PLACEMENT_3D('',#6987,#6988,#6989);
#6987 = CARTESIAN_POINT('',(1.255,5.E-02,2.865));
#6988 = DIRECTION('',(-1.,0.,0.));
#6989 = DIRECTION('',(0.,0.,1.));
#6990 = ADVANCED_FACE('',(#6991),#7034,.T.);
#6991 = FACE_BOUND('',#6992,.T.);
#6992 = EDGE_LOOP('',(#6993,#6994,#7003,#7011,#7019,#7027));
#6993 = ORIENTED_EDGE('',*,*,#6954,.T.);
#6994 = ORIENTED_EDGE('',*,*,#6995,.T.);
#6995 = EDGE_CURVE('',#6957,#6996,#6998,.T.);
#6996 = VERTEX_POINT('',#6997);
#6997 = CARTESIAN_POINT('',(1.3871677,5.E-02,3.135));
#6998 = CIRCLE('',#6999,0.1321677);
#6999 = AXIS2_PLACEMENT_3D('',#7000,#7001,#7002);
#7000 = CARTESIAN_POINT('',(1.3871677,5.E-02,3.0028323));
#7001 = DIRECTION('',(-0.,1.,0.));
#7002 = DIRECTION('',(0.,0.,-1.));
#7003 = ORIENTED_EDGE('',*,*,#7004,.T.);
#7004 = EDGE_CURVE('',#6996,#7005,#7007,.T.);
#7005 = VERTEX_POINT('',#7006);
#7006 = CARTESIAN_POINT('',(1.75,5.E-02,3.135));
#7007 = LINE('',#7008,#7009);
#7008 = CARTESIAN_POINT('',(1.255,5.E-02,3.135));
#7009 = VECTOR('',#7010,1.);
#7010 = DIRECTION('',(1.,0.,0.));
#7011 = ORIENTED_EDGE('',*,*,#7012,.T.);
#7012 = EDGE_CURVE('',#7005,#7013,#7015,.T.);
#7013 = VERTEX_POINT('',#7014);
#7014 = CARTESIAN_POINT('',(1.75,5.E-02,2.865));
#7015 = LINE('',#7016,#7017);
#7016 = CARTESIAN_POINT('',(1.75,5.E-02,4.5));
#7017 = VECTOR('',#7018,1.);
#7018 = DIRECTION('',(0.,0.,-1.));
#7019 = ORIENTED_EDGE('',*,*,#7020,.T.);
#7020 = EDGE_CURVE('',#7013,#7021,#7023,.T.);
#7021 = VERTEX_POINT('',#7022);
#7022 = CARTESIAN_POINT('',(1.3871677,5.E-02,2.865));
#7023 = LINE('',#7024,#7025);
#7024 = CARTESIAN_POINT('',(2.115,5.E-02,2.865));
#7025 = VECTOR('',#7026,1.);
#7026 = DIRECTION('',(-1.,0.,0.));
#7027 = ORIENTED_EDGE('',*,*,#7028,.F.);
#7028 = EDGE_CURVE('',#6955,#7021,#7029,.T.);
#7029 = CIRCLE('',#7030,0.1321677);
#7030 = AXIS2_PLACEMENT_3D('',#7031,#7032,#7033);
#7031 = CARTESIAN_POINT('',(1.3871677,5.E-02,2.9971677));
#7032 = DIRECTION('',(0.,-1.,0.));
#7033 = DIRECTION('',(0.,-0.,-1.));
#7034 = PLANE('',#7035);
#7035 = AXIS2_PLACEMENT_3D('',#7036,#7037,#7038);
#7036 = CARTESIAN_POINT('',(1.685,5.E-02,3.));
#7037 = DIRECTION('',(0.,1.,0.));
#7038 = DIRECTION('',(0.,0.,1.));
#7039 = ADVANCED_FACE('',(#7040),#7059,.T.);
#7040 = FACE_BOUND('',#7041,.T.);
#7041 = EDGE_LOOP('',(#7042,#7043,#7051,#7058));
#7042 = ORIENTED_EDGE('',*,*,#7028,.T.);
#7043 = ORIENTED_EDGE('',*,*,#7044,.T.);
#7044 = EDGE_CURVE('',#7021,#7045,#7047,.T.);
#7045 = VERTEX_POINT('',#7046);
#7046 = CARTESIAN_POINT('',(1.3871677,0.,2.865));
#7047 = LINE('',#7048,#7049);
#7048 = CARTESIAN_POINT('',(1.3871677,5.E-02,2.865));
#7049 = VECTOR('',#7050,1.);
#7050 = DIRECTION('',(0.,-1.,0.));
#7051 = ORIENTED_EDGE('',*,*,#7052,.F.);
#7052 = EDGE_CURVE('',#6965,#7045,#7053,.T.);
#7053 = CIRCLE('',#7054,0.1321677);
#7054 = AXIS2_PLACEMENT_3D('',#7055,#7056,#7057);
#7055 = CARTESIAN_POINT('',(1.3871677,6.938893903907E-18,2.9971677));
#7056 = DIRECTION('',(0.,-1.,0.));
#7057 = DIRECTION('',(0.,-0.,-1.));
#7058 = ORIENTED_EDGE('',*,*,#6964,.F.);
#7059 = CYLINDRICAL_SURFACE('',#7060,0.1321677);
#7060 = AXIS2_PLACEMENT_3D('',#7061,#7062,#7063);
#7061 = CARTESIAN_POINT('',(1.3871677,5.E-02,2.9971677));
#7062 = DIRECTION('',(0.,-1.,0.));
#7063 = DIRECTION('',(-1.,0.,0.));
#7064 = ADVANCED_FACE('',(#7065),#7084,.T.);
#7065 = FACE_BOUND('',#7066,.F.);
#7066 = EDGE_LOOP('',(#7067,#7068,#7076,#7083));
#7067 = ORIENTED_EDGE('',*,*,#6995,.T.);
#7068 = ORIENTED_EDGE('',*,*,#7069,.T.);
#7069 = EDGE_CURVE('',#6996,#7070,#7072,.T.);
#7070 = VERTEX_POINT('',#7071);
#7071 = CARTESIAN_POINT('',(1.3871677,0.,3.135));
#7072 = LINE('',#7073,#7074);
#7073 = CARTESIAN_POINT('',(1.3871677,5.E-02,3.135));
#7074 = VECTOR('',#7075,1.);
#7075 = DIRECTION('',(0.,-1.,0.));
#7076 = ORIENTED_EDGE('',*,*,#7077,.F.);
#7077 = EDGE_CURVE('',#6973,#7070,#7078,.T.);
#7078 = CIRCLE('',#7079,0.1321677);
#7079 = AXIS2_PLACEMENT_3D('',#7080,#7081,#7082);
#7080 = CARTESIAN_POINT('',(1.3871677,6.938893903907E-18,3.0028323));
#7081 = DIRECTION('',(-0.,1.,0.));
#7082 = DIRECTION('',(0.,0.,-1.));
#7083 = ORIENTED_EDGE('',*,*,#6980,.F.);
#7084 = CYLINDRICAL_SURFACE('',#7085,0.1321677);
#7085 = AXIS2_PLACEMENT_3D('',#7086,#7087,#7088);
#7086 = CARTESIAN_POINT('',(1.3871677,5.E-02,3.0028323));
#7087 = DIRECTION('',(0.,-1.,0.));
#7088 = DIRECTION('',(-1.,0.,0.));
#7089 = ADVANCED_FACE('',(#7090),#7117,.F.);
#7090 = FACE_BOUND('',#7091,.F.);
#7091 = EDGE_LOOP('',(#7092,#7093,#7094,#7102,#7110,#7116));
#7092 = ORIENTED_EDGE('',*,*,#6972,.T.);
#7093 = ORIENTED_EDGE('',*,*,#7077,.T.);
#7094 = ORIENTED_EDGE('',*,*,#7095,.T.);
#7095 = EDGE_CURVE('',#7070,#7096,#7098,.T.);
#7096 = VERTEX_POINT('',#7097);
#7097 = CARTESIAN_POINT('',(1.75,0.,3.135));
#7098 = LINE('',#7099,#7100);
#7099 = CARTESIAN_POINT('',(1.255,0.,3.135));
#7100 = VECTOR('',#7101,1.);
#7101 = DIRECTION('',(1.,0.,0.));
#7102 = ORIENTED_EDGE('',*,*,#7103,.T.);
#7103 = EDGE_CURVE('',#7096,#7104,#7106,.T.);
#7104 = VERTEX_POINT('',#7105);
#7105 = CARTESIAN_POINT('',(1.75,0.,2.865));
#7106 = LINE('',#7107,#7108);
#7107 = CARTESIAN_POINT('',(1.75,0.,4.5));
#7108 = VECTOR('',#7109,1.);
#7109 = DIRECTION('',(0.,0.,-1.));
#7110 = ORIENTED_EDGE('',*,*,#7111,.T.);
#7111 = EDGE_CURVE('',#7104,#7045,#7112,.T.);
#7112 = LINE('',#7113,#7114);
#7113 = CARTESIAN_POINT('',(2.115,0.,2.865));
#7114 = VECTOR('',#7115,1.);
#7115 = DIRECTION('',(-1.,0.,0.));
#7116 = ORIENTED_EDGE('',*,*,#7052,.F.);
#7117 = PLANE('',#7118);
#7118 = AXIS2_PLACEMENT_3D('',#7119,#7120,#7121);
#7119 = CARTESIAN_POINT('',(1.685,6.938893903907E-18,3.));
#7120 = DIRECTION('',(0.,1.,0.));
#7121 = DIRECTION('',(0.,0.,1.));
#7122 = ADVANCED_FACE('',(#7123),#7134,.T.);
#7123 = FACE_BOUND('',#7124,.T.);
#7124 = EDGE_LOOP('',(#7125,#7126,#7132,#7133));
#7125 = ORIENTED_EDGE('',*,*,#7020,.F.);
#7126 = ORIENTED_EDGE('',*,*,#7127,.T.);
#7127 = EDGE_CURVE('',#7013,#7104,#7128,.T.);
#7128 = LINE('',#7129,#7130);
#7129 = CARTESIAN_POINT('',(1.75,5.E-02,2.865));
#7130 = VECTOR('',#7131,1.);
#7131 = DIRECTION('',(0.,-1.,0.));
#7132 = ORIENTED_EDGE('',*,*,#7111,.T.);
#7133 = ORIENTED_EDGE('',*,*,#7044,.F.);
#7134 = PLANE('',#7135);
#7135 = AXIS2_PLACEMENT_3D('',#7136,#7137,#7138);
#7136 = CARTESIAN_POINT('',(1.75,5.E-02,2.865));
#7137 = DIRECTION('',(-0.,-0.,-1.));
#7138 = DIRECTION('',(-1.,0.,0.));
#7139 = ADVANCED_FACE('',(#7140),#7151,.T.);
#7140 = FACE_BOUND('',#7141,.T.);
#7141 = EDGE_LOOP('',(#7142,#7143,#7144,#7145));
#7142 = ORIENTED_EDGE('',*,*,#7004,.F.);
#7143 = ORIENTED_EDGE('',*,*,#7069,.T.);
#7144 = ORIENTED_EDGE('',*,*,#7095,.T.);
#7145 = ORIENTED_EDGE('',*,*,#7146,.F.);
#7146 = EDGE_CURVE('',#7005,#7096,#7147,.T.);
#7147 = LINE('',#7148,#7149);
#7148 = CARTESIAN_POINT('',(1.75,5.E-02,3.135));
#7149 = VECTOR('',#7150,1.);
#7150 = DIRECTION('',(0.,-1.,0.));
#7151 = PLANE('',#7152);
#7152 = AXIS2_PLACEMENT_3D('',#7153,#7154,#7155);
#7153 = CARTESIAN_POINT('',(1.255,5.E-02,3.135));
#7154 = DIRECTION('',(0.,0.,1.));
#7155 = DIRECTION('',(1.,0.,0.));
#7156 = ADVANCED_FACE('',(#7157),#7163,.T.);
#7157 = FACE_BOUND('',#7158,.T.);
#7158 = EDGE_LOOP('',(#7159,#7160,#7161,#7162));
#7159 = ORIENTED_EDGE('',*,*,#7146,.T.);
#7160 = ORIENTED_EDGE('',*,*,#7103,.T.);
#7161 = ORIENTED_EDGE('',*,*,#7127,.F.);
#7162 = ORIENTED_EDGE('',*,*,#7012,.F.);
#7163 = PLANE('',#7164);
#7164 = AXIS2_PLACEMENT_3D('',#7165,#7166,#7167);
#7165 = CARTESIAN_POINT('',(1.75,5.E-02,3.135));
#7166 = DIRECTION('',(1.,0.,0.));
#7167 = DIRECTION('',(0.,0.,-1.));
#7168 = ( GEOMETRIC_REPRESENTATION_CONTEXT(3) 
GLOBAL_UNCERTAINTY_ASSIGNED_CONTEXT((#7172)) 
GLOBAL_UNIT_ASSIGNED_CONTEXT((#7169,#7170,#7171)) REPRESENTATION_CONTEXT
('Context #1','3D Context with UNIT and UNCERTAINTY') );
#7169 = ( LENGTH_UNIT() NAMED_UNIT(*) SI_UNIT(.MILLI.,.METRE.) );
#7170 = ( NAMED_UNIT(*) PLANE_ANGLE_UNIT() SI_UNIT($,.RADIAN.) );
#7171 = ( NAMED_UNIT(*) SI_UNIT($,.STERADIAN.) SOLID_ANGLE_UNIT() );
#7172 = UNCERTAINTY_MEASURE_WITH_UNIT(LENGTH_MEASURE(1.E-07),#7169,
  'distance_accuracy_value','confusion accuracy');
#7173 = CONTEXT_DEPENDENT_SHAPE_REPRESENTATION(#7174,#7176);
#7174 = ( REPRESENTATION_RELATIONSHIP('','',#6947,#10) 
REPRESENTATION_RELATIONSHIP_WITH_TRANSFORMATION(#7175) 
SHAPE_REPRESENTATION_RELATIONSHIP() );
#7175 = ITEM_DEFINED_TRANSFORMATION('','',#11,#131);
#7176 = PRODUCT_DEFINITION_SHAPE('Placement','Placement of an item',
  #7177);
#7177 = NEXT_ASSEMBLY_USAGE_OCCURRENCE('4084','Pad_24_1','',#5,#6942,$);
#7178 = PRODUCT_RELATED_PRODUCT_CATEGORY('part',$,(#6944));
#7179 = SHAPE_DEFINITION_REPRESENTATION(#7180,#7186);
#7180 = PRODUCT_DEFINITION_SHAPE('','',#7181);
#7181 = PRODUCT_DEFINITION('design','',#7182,#7185);
#7182 = PRODUCT_DEFINITION_FORMATION('','',#7183);
#7183 = PRODUCT('Pad_25_1','Pad_25_1','',(#7184));
#7184 = PRODUCT_CONTEXT('',#2,'mechanical');
#7185 = PRODUCT_DEFINITION_CONTEXT('part definition',#2,'design');
#7186 = ADVANCED_BREP_SHAPE_REPRESENTATION('',(#11,#7187),#7407);
#7187 = MANIFOLD_SOLID_BREP('',#7188);
#7188 = CLOSED_SHELL('',(#7189,#7229,#7278,#7303,#7328,#7361,#7378,#7395
    ));
#7189 = ADVANCED_FACE('',(#7190),#7224,.T.);
#7190 = FACE_BOUND('',#7191,.T.);
#7191 = EDGE_LOOP('',(#7192,#7202,#7210,#7218));
#7192 = ORIENTED_EDGE('',*,*,#7193,.F.);
#7193 = EDGE_CURVE('',#7194,#7196,#7198,.T.);
#7194 = VERTEX_POINT('',#7195);
#7195 = CARTESIAN_POINT('',(1.255,5.E-02,2.4971677));
#7196 = VERTEX_POINT('',#7197);
#7197 = CARTESIAN_POINT('',(1.255,5.E-02,2.5028323));
#7198 = LINE('',#7199,#7200);
#7199 = CARTESIAN_POINT('',(1.255,5.E-02,2.365));
#7200 = VECTOR('',#7201,1.);
#7201 = DIRECTION('',(0.,0.,1.));
#7202 = ORIENTED_EDGE('',*,*,#7203,.T.);
#7203 = EDGE_CURVE('',#7194,#7204,#7206,.T.);
#7204 = VERTEX_POINT('',#7205);
#7205 = CARTESIAN_POINT('',(1.255,0.,2.4971677));
#7206 = LINE('',#7207,#7208);
#7207 = CARTESIAN_POINT('',(1.255,5.E-02,2.4971677));
#7208 = VECTOR('',#7209,1.);
#7209 = DIRECTION('',(0.,-1.,0.));
#7210 = ORIENTED_EDGE('',*,*,#7211,.T.);
#7211 = EDGE_CURVE('',#7204,#7212,#7214,.T.);
#7212 = VERTEX_POINT('',#7213);
#7213 = CARTESIAN_POINT('',(1.255,0.,2.5028323));
#7214 = LINE('',#7215,#7216);
#7215 = CARTESIAN_POINT('',(1.255,0.,2.365));
#7216 = VECTOR('',#7217,1.);
#7217 = DIRECTION('',(0.,0.,1.));
#7218 = ORIENTED_EDGE('',*,*,#7219,.F.);
#7219 = EDGE_CURVE('',#7196,#7212,#7220,.T.);
#7220 = LINE('',#7221,#7222);
#7221 = CARTESIAN_POINT('',(1.255,5.E-02,2.5028323));
#7222 = VECTOR('',#7223,1.);
#7223 = DIRECTION('',(0.,-1.,0.));
#7224 = PLANE('',#7225);
#7225 = AXIS2_PLACEMENT_3D('',#7226,#7227,#7228);
#7226 = CARTESIAN_POINT('',(1.255,5.E-02,2.365));
#7227 = DIRECTION('',(-1.,0.,0.));
#7228 = DIRECTION('',(0.,0.,1.));
#7229 = ADVANCED_FACE('',(#7230),#7273,.T.);
#7230 = FACE_BOUND('',#7231,.T.);
#7231 = EDGE_LOOP('',(#7232,#7233,#7242,#7250,#7258,#7266));
#7232 = ORIENTED_EDGE('',*,*,#7193,.T.);
#7233 = ORIENTED_EDGE('',*,*,#7234,.T.);
#7234 = EDGE_CURVE('',#7196,#7235,#7237,.T.);
#7235 = VERTEX_POINT('',#7236);
#7236 = CARTESIAN_POINT('',(1.3871677,5.E-02,2.635));
#7237 = CIRCLE('',#7238,0.1321677);
#7238 = AXIS2_PLACEMENT_3D('',#7239,#7240,#7241);
#7239 = CARTESIAN_POINT('',(1.3871677,5.E-02,2.5028323));
#7240 = DIRECTION('',(-0.,1.,0.));
#7241 = DIRECTION('',(0.,0.,-1.));
#7242 = ORIENTED_EDGE('',*,*,#7243,.T.);
#7243 = EDGE_CURVE('',#7235,#7244,#7246,.T.);
#7244 = VERTEX_POINT('',#7245);
#7245 = CARTESIAN_POINT('',(1.75,5.E-02,2.635));
#7246 = LINE('',#7247,#7248);
#7247 = CARTESIAN_POINT('',(1.255,5.E-02,2.635));
#7248 = VECTOR('',#7249,1.);
#7249 = DIRECTION('',(1.,0.,0.));
#7250 = ORIENTED_EDGE('',*,*,#7251,.T.);
#7251 = EDGE_CURVE('',#7244,#7252,#7254,.T.);
#7252 = VERTEX_POINT('',#7253);
#7253 = CARTESIAN_POINT('',(1.75,5.E-02,2.365));
#7254 = LINE('',#7255,#7256);
#7255 = CARTESIAN_POINT('',(1.75,5.E-02,4.5));
#7256 = VECTOR('',#7257,1.);
#7257 = DIRECTION('',(0.,0.,-1.));
#7258 = ORIENTED_EDGE('',*,*,#7259,.T.);
#7259 = EDGE_CURVE('',#7252,#7260,#7262,.T.);
#7260 = VERTEX_POINT('',#7261);
#7261 = CARTESIAN_POINT('',(1.3871677,5.E-02,2.365));
#7262 = LINE('',#7263,#7264);
#7263 = CARTESIAN_POINT('',(2.115,5.E-02,2.365));
#7264 = VECTOR('',#7265,1.);
#7265 = DIRECTION('',(-1.,0.,0.));
#7266 = ORIENTED_EDGE('',*,*,#7267,.F.);
#7267 = EDGE_CURVE('',#7194,#7260,#7268,.T.);
#7268 = CIRCLE('',#7269,0.1321677);
#7269 = AXIS2_PLACEMENT_3D('',#7270,#7271,#7272);
#7270 = CARTESIAN_POINT('',(1.3871677,5.E-02,2.4971677));
#7271 = DIRECTION('',(0.,-1.,0.));
#7272 = DIRECTION('',(0.,-0.,-1.));
#7273 = PLANE('',#7274);
#7274 = AXIS2_PLACEMENT_3D('',#7275,#7276,#7277);
#7275 = CARTESIAN_POINT('',(1.685,5.E-02,2.5));
#7276 = DIRECTION('',(0.,1.,0.));
#7277 = DIRECTION('',(0.,0.,1.));
#7278 = ADVANCED_FACE('',(#7279),#7298,.T.);
#7279 = FACE_BOUND('',#7280,.T.);
#7280 = EDGE_LOOP('',(#7281,#7282,#7290,#7297));
#7281 = ORIENTED_EDGE('',*,*,#7267,.T.);
#7282 = ORIENTED_EDGE('',*,*,#7283,.T.);
#7283 = EDGE_CURVE('',#7260,#7284,#7286,.T.);
#7284 = VERTEX_POINT('',#7285);
#7285 = CARTESIAN_POINT('',(1.3871677,0.,2.365));
#7286 = LINE('',#7287,#7288);
#7287 = CARTESIAN_POINT('',(1.3871677,5.E-02,2.365));
#7288 = VECTOR('',#7289,1.);
#7289 = DIRECTION('',(0.,-1.,0.));
#7290 = ORIENTED_EDGE('',*,*,#7291,.F.);
#7291 = EDGE_CURVE('',#7204,#7284,#7292,.T.);
#7292 = CIRCLE('',#7293,0.1321677);
#7293 = AXIS2_PLACEMENT_3D('',#7294,#7295,#7296);
#7294 = CARTESIAN_POINT('',(1.3871677,6.938893903907E-18,2.4971677));
#7295 = DIRECTION('',(0.,-1.,0.));
#7296 = DIRECTION('',(0.,-0.,-1.));
#7297 = ORIENTED_EDGE('',*,*,#7203,.F.);
#7298 = CYLINDRICAL_SURFACE('',#7299,0.1321677);
#7299 = AXIS2_PLACEMENT_3D('',#7300,#7301,#7302);
#7300 = CARTESIAN_POINT('',(1.3871677,5.E-02,2.4971677));
#7301 = DIRECTION('',(0.,-1.,0.));
#7302 = DIRECTION('',(-1.,0.,0.));
#7303 = ADVANCED_FACE('',(#7304),#7323,.T.);
#7304 = FACE_BOUND('',#7305,.F.);
#7305 = EDGE_LOOP('',(#7306,#7307,#7315,#7322));
#7306 = ORIENTED_EDGE('',*,*,#7234,.T.);
#7307 = ORIENTED_EDGE('',*,*,#7308,.T.);
#7308 = EDGE_CURVE('',#7235,#7309,#7311,.T.);
#7309 = VERTEX_POINT('',#7310);
#7310 = CARTESIAN_POINT('',(1.3871677,0.,2.635));
#7311 = LINE('',#7312,#7313);
#7312 = CARTESIAN_POINT('',(1.3871677,5.E-02,2.635));
#7313 = VECTOR('',#7314,1.);
#7314 = DIRECTION('',(0.,-1.,0.));
#7315 = ORIENTED_EDGE('',*,*,#7316,.F.);
#7316 = EDGE_CURVE('',#7212,#7309,#7317,.T.);
#7317 = CIRCLE('',#7318,0.1321677);
#7318 = AXIS2_PLACEMENT_3D('',#7319,#7320,#7321);
#7319 = CARTESIAN_POINT('',(1.3871677,6.938893903907E-18,2.5028323));
#7320 = DIRECTION('',(-0.,1.,0.));
#7321 = DIRECTION('',(0.,0.,-1.));
#7322 = ORIENTED_EDGE('',*,*,#7219,.F.);
#7323 = CYLINDRICAL_SURFACE('',#7324,0.1321677);
#7324 = AXIS2_PLACEMENT_3D('',#7325,#7326,#7327);
#7325 = CARTESIAN_POINT('',(1.3871677,5.E-02,2.5028323));
#7326 = DIRECTION('',(0.,-1.,0.));
#7327 = DIRECTION('',(-1.,0.,0.));
#7328 = ADVANCED_FACE('',(#7329),#7356,.F.);
#7329 = FACE_BOUND('',#7330,.F.);
#7330 = EDGE_LOOP('',(#7331,#7332,#7333,#7341,#7349,#7355));
#7331 = ORIENTED_EDGE('',*,*,#7211,.T.);
#7332 = ORIENTED_EDGE('',*,*,#7316,.T.);
#7333 = ORIENTED_EDGE('',*,*,#7334,.T.);
#7334 = EDGE_CURVE('',#7309,#7335,#7337,.T.);
#7335 = VERTEX_POINT('',#7336);
#7336 = CARTESIAN_POINT('',(1.75,0.,2.635));
#7337 = LINE('',#7338,#7339);
#7338 = CARTESIAN_POINT('',(1.255,0.,2.635));
#7339 = VECTOR('',#7340,1.);
#7340 = DIRECTION('',(1.,0.,0.));
#7341 = ORIENTED_EDGE('',*,*,#7342,.T.);
#7342 = EDGE_CURVE('',#7335,#7343,#7345,.T.);
#7343 = VERTEX_POINT('',#7344);
#7344 = CARTESIAN_POINT('',(1.75,0.,2.365));
#7345 = LINE('',#7346,#7347);
#7346 = CARTESIAN_POINT('',(1.75,0.,4.5));
#7347 = VECTOR('',#7348,1.);
#7348 = DIRECTION('',(0.,0.,-1.));
#7349 = ORIENTED_EDGE('',*,*,#7350,.T.);
#7350 = EDGE_CURVE('',#7343,#7284,#7351,.T.);
#7351 = LINE('',#7352,#7353);
#7352 = CARTESIAN_POINT('',(2.115,0.,2.365));
#7353 = VECTOR('',#7354,1.);
#7354 = DIRECTION('',(-1.,0.,0.));
#7355 = ORIENTED_EDGE('',*,*,#7291,.F.);
#7356 = PLANE('',#7357);
#7357 = AXIS2_PLACEMENT_3D('',#7358,#7359,#7360);
#7358 = CARTESIAN_POINT('',(1.685,6.938893903907E-18,2.5));
#7359 = DIRECTION('',(0.,1.,0.));
#7360 = DIRECTION('',(0.,0.,1.));
#7361 = ADVANCED_FACE('',(#7362),#7373,.T.);
#7362 = FACE_BOUND('',#7363,.T.);
#7363 = EDGE_LOOP('',(#7364,#7365,#7371,#7372));
#7364 = ORIENTED_EDGE('',*,*,#7259,.F.);
#7365 = ORIENTED_EDGE('',*,*,#7366,.T.);
#7366 = EDGE_CURVE('',#7252,#7343,#7367,.T.);
#7367 = LINE('',#7368,#7369);
#7368 = CARTESIAN_POINT('',(1.75,5.E-02,2.365));
#7369 = VECTOR('',#7370,1.);
#7370 = DIRECTION('',(0.,-1.,0.));
#7371 = ORIENTED_EDGE('',*,*,#7350,.T.);
#7372 = ORIENTED_EDGE('',*,*,#7283,.F.);
#7373 = PLANE('',#7374);
#7374 = AXIS2_PLACEMENT_3D('',#7375,#7376,#7377);
#7375 = CARTESIAN_POINT('',(1.75,5.E-02,2.365));
#7376 = DIRECTION('',(-0.,-0.,-1.));
#7377 = DIRECTION('',(-1.,0.,0.));
#7378 = ADVANCED_FACE('',(#7379),#7390,.T.);
#7379 = FACE_BOUND('',#7380,.T.);
#7380 = EDGE_LOOP('',(#7381,#7382,#7383,#7384));
#7381 = ORIENTED_EDGE('',*,*,#7243,.F.);
#7382 = ORIENTED_EDGE('',*,*,#7308,.T.);
#7383 = ORIENTED_EDGE('',*,*,#7334,.T.);
#7384 = ORIENTED_EDGE('',*,*,#7385,.F.);
#7385 = EDGE_CURVE('',#7244,#7335,#7386,.T.);
#7386 = LINE('',#7387,#7388);
#7387 = CARTESIAN_POINT('',(1.75,5.E-02,2.635));
#7388 = VECTOR('',#7389,1.);
#7389 = DIRECTION('',(0.,-1.,0.));
#7390 = PLANE('',#7391);
#7391 = AXIS2_PLACEMENT_3D('',#7392,#7393,#7394);
#7392 = CARTESIAN_POINT('',(1.255,5.E-02,2.635));
#7393 = DIRECTION('',(0.,0.,1.));
#7394 = DIRECTION('',(1.,0.,0.));
#7395 = ADVANCED_FACE('',(#7396),#7402,.T.);
#7396 = FACE_BOUND('',#7397,.T.);
#7397 = EDGE_LOOP('',(#7398,#7399,#7400,#7401));
#7398 = ORIENTED_EDGE('',*,*,#7385,.T.);
#7399 = ORIENTED_EDGE('',*,*,#7342,.T.);
#7400 = ORIENTED_EDGE('',*,*,#7366,.F.);
#7401 = ORIENTED_EDGE('',*,*,#7251,.F.);
#7402 = PLANE('',#7403);
#7403 = AXIS2_PLACEMENT_3D('',#7404,#7405,#7406);
#7404 = CARTESIAN_POINT('',(1.75,5.E-02,2.635));
#7405 = DIRECTION('',(1.,0.,0.));
#7406 = DIRECTION('',(0.,0.,-1.));
#7407 = ( GEOMETRIC_REPRESENTATION_CONTEXT(3) 
GLOBAL_UNCERTAINTY_ASSIGNED_CONTEXT((#7411)) 
GLOBAL_UNIT_ASSIGNED_CONTEXT((#7408,#7409,#7410)) REPRESENTATION_CONTEXT
('Context #1','3D Context with UNIT and UNCERTAINTY') );
#7408 = ( LENGTH_UNIT() NAMED_UNIT(*) SI_UNIT(.MILLI.,.METRE.) );
#7409 = ( NAMED_UNIT(*) PLANE_ANGLE_UNIT() SI_UNIT($,.RADIAN.) );
#7410 = ( NAMED_UNIT(*) SI_UNIT($,.STERADIAN.) SOLID_ANGLE_UNIT() );
#7411 = UNCERTAINTY_MEASURE_WITH_UNIT(LENGTH_MEASURE(1.E-07),#7408,
  'distance_accuracy_value','confusion accuracy');
#7412 = CONTEXT_DEPENDENT_SHAPE_REPRESENTATION(#7413,#7415);
#7413 = ( REPRESENTATION_RELATIONSHIP('','',#7186,#10) 
REPRESENTATION_RELATIONSHIP_WITH_TRANSFORMATION(#7414) 
SHAPE_REPRESENTATION_RELATIONSHIP() );
#7414 = ITEM_DEFINED_TRANSFORMATION('','',#11,#135);
#7415 = PRODUCT_DEFINITION_SHAPE('Placement','Placement of an item',
  #7416);
#7416 = NEXT_ASSEMBLY_USAGE_OCCURRENCE('4085','Pad_25_1','',#5,#7181,$);
#7417 = PRODUCT_RELATED_PRODUCT_CATEGORY('part',$,(#7183));
#7418 = SHAPE_DEFINITION_REPRESENTATION(#7419,#7425);
#7419 = PRODUCT_DEFINITION_SHAPE('','',#7420);
#7420 = PRODUCT_DEFINITION('design','',#7421,#7424);
#7421 = PRODUCT_DEFINITION_FORMATION('','',#7422);
#7422 = PRODUCT('Pad_26_1','Pad_26_1','',(#7423));
#7423 = PRODUCT_CONTEXT('',#2,'mechanical');
#7424 = PRODUCT_DEFINITION_CONTEXT('part definition',#2,'design');
#7425 = ADVANCED_BREP_SHAPE_REPRESENTATION('',(#11,#7426),#7646);
#7426 = MANIFOLD_SOLID_BREP('',#7427);
#7427 = CLOSED_SHELL('',(#7428,#7468,#7517,#7542,#7567,#7600,#7617,#7634
    ));
#7428 = ADVANCED_FACE('',(#7429),#7463,.T.);
#7429 = FACE_BOUND('',#7430,.T.);
#7430 = EDGE_LOOP('',(#7431,#7441,#7449,#7457));
#7431 = ORIENTED_EDGE('',*,*,#7432,.F.);
#7432 = EDGE_CURVE('',#7433,#7435,#7437,.T.);
#7433 = VERTEX_POINT('',#7434);
#7434 = CARTESIAN_POINT('',(1.255,5.E-02,1.9971677));
#7435 = VERTEX_POINT('',#7436);
#7436 = CARTESIAN_POINT('',(1.255,5.E-02,2.0028323));
#7437 = LINE('',#7438,#7439);
#7438 = CARTESIAN_POINT('',(1.255,5.E-02,1.865));
#7439 = VECTOR('',#7440,1.);
#7440 = DIRECTION('',(0.,0.,1.));
#7441 = ORIENTED_EDGE('',*,*,#7442,.T.);
#7442 = EDGE_CURVE('',#7433,#7443,#7445,.T.);
#7443 = VERTEX_POINT('',#7444);
#7444 = CARTESIAN_POINT('',(1.255,0.,1.9971677));
#7445 = LINE('',#7446,#7447);
#7446 = CARTESIAN_POINT('',(1.255,5.E-02,1.9971677));
#7447 = VECTOR('',#7448,1.);
#7448 = DIRECTION('',(0.,-1.,0.));
#7449 = ORIENTED_EDGE('',*,*,#7450,.T.);
#7450 = EDGE_CURVE('',#7443,#7451,#7453,.T.);
#7451 = VERTEX_POINT('',#7452);
#7452 = CARTESIAN_POINT('',(1.255,0.,2.0028323));
#7453 = LINE('',#7454,#7455);
#7454 = CARTESIAN_POINT('',(1.255,0.,1.865));
#7455 = VECTOR('',#7456,1.);
#7456 = DIRECTION('',(0.,0.,1.));
#7457 = ORIENTED_EDGE('',*,*,#7458,.F.);
#7458 = EDGE_CURVE('',#7435,#7451,#7459,.T.);
#7459 = LINE('',#7460,#7461);
#7460 = CARTESIAN_POINT('',(1.255,5.E-02,2.0028323));
#7461 = VECTOR('',#7462,1.);
#7462 = DIRECTION('',(0.,-1.,0.));
#7463 = PLANE('',#7464);
#7464 = AXIS2_PLACEMENT_3D('',#7465,#7466,#7467);
#7465 = CARTESIAN_POINT('',(1.255,5.E-02,1.865));
#7466 = DIRECTION('',(-1.,0.,0.));
#7467 = DIRECTION('',(0.,0.,1.));
#7468 = ADVANCED_FACE('',(#7469),#7512,.T.);
#7469 = FACE_BOUND('',#7470,.T.);
#7470 = EDGE_LOOP('',(#7471,#7472,#7481,#7489,#7497,#7505));
#7471 = ORIENTED_EDGE('',*,*,#7432,.T.);
#7472 = ORIENTED_EDGE('',*,*,#7473,.T.);
#7473 = EDGE_CURVE('',#7435,#7474,#7476,.T.);
#7474 = VERTEX_POINT('',#7475);
#7475 = CARTESIAN_POINT('',(1.3871677,5.E-02,2.135));
#7476 = CIRCLE('',#7477,0.1321677);
#7477 = AXIS2_PLACEMENT_3D('',#7478,#7479,#7480);
#7478 = CARTESIAN_POINT('',(1.3871677,5.E-02,2.0028323));
#7479 = DIRECTION('',(-0.,1.,0.));
#7480 = DIRECTION('',(0.,0.,-1.));
#7481 = ORIENTED_EDGE('',*,*,#7482,.T.);
#7482 = EDGE_CURVE('',#7474,#7483,#7485,.T.);
#7483 = VERTEX_POINT('',#7484);
#7484 = CARTESIAN_POINT('',(1.75,5.E-02,2.135));
#7485 = LINE('',#7486,#7487);
#7486 = CARTESIAN_POINT('',(1.255,5.E-02,2.135));
#7487 = VECTOR('',#7488,1.);
#7488 = DIRECTION('',(1.,0.,0.));
#7489 = ORIENTED_EDGE('',*,*,#7490,.T.);
#7490 = EDGE_CURVE('',#7483,#7491,#7493,.T.);
#7491 = VERTEX_POINT('',#7492);
#7492 = CARTESIAN_POINT('',(1.75,5.E-02,1.865));
#7493 = LINE('',#7494,#7495);
#7494 = CARTESIAN_POINT('',(1.75,5.E-02,4.5));
#7495 = VECTOR('',#7496,1.);
#7496 = DIRECTION('',(0.,0.,-1.));
#7497 = ORIENTED_EDGE('',*,*,#7498,.T.);
#7498 = EDGE_CURVE('',#7491,#7499,#7501,.T.);
#7499 = VERTEX_POINT('',#7500);
#7500 = CARTESIAN_POINT('',(1.3871677,5.E-02,1.865));
#7501 = LINE('',#7502,#7503);
#7502 = CARTESIAN_POINT('',(2.115,5.E-02,1.865));
#7503 = VECTOR('',#7504,1.);
#7504 = DIRECTION('',(-1.,0.,0.));
#7505 = ORIENTED_EDGE('',*,*,#7506,.F.);
#7506 = EDGE_CURVE('',#7433,#7499,#7507,.T.);
#7507 = CIRCLE('',#7508,0.1321677);
#7508 = AXIS2_PLACEMENT_3D('',#7509,#7510,#7511);
#7509 = CARTESIAN_POINT('',(1.3871677,5.E-02,1.9971677));
#7510 = DIRECTION('',(0.,-1.,0.));
#7511 = DIRECTION('',(0.,-0.,-1.));
#7512 = PLANE('',#7513);
#7513 = AXIS2_PLACEMENT_3D('',#7514,#7515,#7516);
#7514 = CARTESIAN_POINT('',(1.685,5.E-02,2.));
#7515 = DIRECTION('',(0.,1.,0.));
#7516 = DIRECTION('',(0.,0.,1.));
#7517 = ADVANCED_FACE('',(#7518),#7537,.T.);
#7518 = FACE_BOUND('',#7519,.T.);
#7519 = EDGE_LOOP('',(#7520,#7521,#7529,#7536));
#7520 = ORIENTED_EDGE('',*,*,#7506,.T.);
#7521 = ORIENTED_EDGE('',*,*,#7522,.T.);
#7522 = EDGE_CURVE('',#7499,#7523,#7525,.T.);
#7523 = VERTEX_POINT('',#7524);
#7524 = CARTESIAN_POINT('',(1.3871677,0.,1.865));
#7525 = LINE('',#7526,#7527);
#7526 = CARTESIAN_POINT('',(1.3871677,5.E-02,1.865));
#7527 = VECTOR('',#7528,1.);
#7528 = DIRECTION('',(0.,-1.,0.));
#7529 = ORIENTED_EDGE('',*,*,#7530,.F.);
#7530 = EDGE_CURVE('',#7443,#7523,#7531,.T.);
#7531 = CIRCLE('',#7532,0.1321677);
#7532 = AXIS2_PLACEMENT_3D('',#7533,#7534,#7535);
#7533 = CARTESIAN_POINT('',(1.3871677,0.,1.9971677));
#7534 = DIRECTION('',(0.,-1.,0.));
#7535 = DIRECTION('',(0.,-0.,-1.));
#7536 = ORIENTED_EDGE('',*,*,#7442,.F.);
#7537 = CYLINDRICAL_SURFACE('',#7538,0.1321677);
#7538 = AXIS2_PLACEMENT_3D('',#7539,#7540,#7541);
#7539 = CARTESIAN_POINT('',(1.3871677,5.E-02,1.9971677));
#7540 = DIRECTION('',(0.,-1.,0.));
#7541 = DIRECTION('',(-1.,0.,0.));
#7542 = ADVANCED_FACE('',(#7543),#7562,.T.);
#7543 = FACE_BOUND('',#7544,.F.);
#7544 = EDGE_LOOP('',(#7545,#7546,#7554,#7561));
#7545 = ORIENTED_EDGE('',*,*,#7473,.T.);
#7546 = ORIENTED_EDGE('',*,*,#7547,.T.);
#7547 = EDGE_CURVE('',#7474,#7548,#7550,.T.);
#7548 = VERTEX_POINT('',#7549);
#7549 = CARTESIAN_POINT('',(1.3871677,0.,2.135));
#7550 = LINE('',#7551,#7552);
#7551 = CARTESIAN_POINT('',(1.3871677,5.E-02,2.135));
#7552 = VECTOR('',#7553,1.);
#7553 = DIRECTION('',(0.,-1.,0.));
#7554 = ORIENTED_EDGE('',*,*,#7555,.F.);
#7555 = EDGE_CURVE('',#7451,#7548,#7556,.T.);
#7556 = CIRCLE('',#7557,0.1321677);
#7557 = AXIS2_PLACEMENT_3D('',#7558,#7559,#7560);
#7558 = CARTESIAN_POINT('',(1.3871677,0.,2.0028323));
#7559 = DIRECTION('',(-0.,1.,0.));
#7560 = DIRECTION('',(0.,0.,-1.));
#7561 = ORIENTED_EDGE('',*,*,#7458,.F.);
#7562 = CYLINDRICAL_SURFACE('',#7563,0.1321677);
#7563 = AXIS2_PLACEMENT_3D('',#7564,#7565,#7566);
#7564 = CARTESIAN_POINT('',(1.3871677,5.E-02,2.0028323));
#7565 = DIRECTION('',(0.,-1.,0.));
#7566 = DIRECTION('',(-1.,0.,0.));
#7567 = ADVANCED_FACE('',(#7568),#7595,.F.);
#7568 = FACE_BOUND('',#7569,.F.);
#7569 = EDGE_LOOP('',(#7570,#7571,#7572,#7580,#7588,#7594));
#7570 = ORIENTED_EDGE('',*,*,#7450,.T.);
#7571 = ORIENTED_EDGE('',*,*,#7555,.T.);
#7572 = ORIENTED_EDGE('',*,*,#7573,.T.);
#7573 = EDGE_CURVE('',#7548,#7574,#7576,.T.);
#7574 = VERTEX_POINT('',#7575);
#7575 = CARTESIAN_POINT('',(1.75,0.,2.135));
#7576 = LINE('',#7577,#7578);
#7577 = CARTESIAN_POINT('',(1.255,0.,2.135));
#7578 = VECTOR('',#7579,1.);
#7579 = DIRECTION('',(1.,0.,0.));
#7580 = ORIENTED_EDGE('',*,*,#7581,.T.);
#7581 = EDGE_CURVE('',#7574,#7582,#7584,.T.);
#7582 = VERTEX_POINT('',#7583);
#7583 = CARTESIAN_POINT('',(1.75,0.,1.865));
#7584 = LINE('',#7585,#7586);
#7585 = CARTESIAN_POINT('',(1.75,0.,4.5));
#7586 = VECTOR('',#7587,1.);
#7587 = DIRECTION('',(0.,0.,-1.));
#7588 = ORIENTED_EDGE('',*,*,#7589,.T.);
#7589 = EDGE_CURVE('',#7582,#7523,#7590,.T.);
#7590 = LINE('',#7591,#7592);
#7591 = CARTESIAN_POINT('',(2.115,0.,1.865));
#7592 = VECTOR('',#7593,1.);
#7593 = DIRECTION('',(-1.,0.,0.));
#7594 = ORIENTED_EDGE('',*,*,#7530,.F.);
#7595 = PLANE('',#7596);
#7596 = AXIS2_PLACEMENT_3D('',#7597,#7598,#7599);
#7597 = CARTESIAN_POINT('',(1.685,0.,2.));
#7598 = DIRECTION('',(0.,1.,0.));
#7599 = DIRECTION('',(0.,0.,1.));
#7600 = ADVANCED_FACE('',(#7601),#7612,.T.);
#7601 = FACE_BOUND('',#7602,.T.);
#7602 = EDGE_LOOP('',(#7603,#7604,#7610,#7611));
#7603 = ORIENTED_EDGE('',*,*,#7498,.F.);
#7604 = ORIENTED_EDGE('',*,*,#7605,.T.);
#7605 = EDGE_CURVE('',#7491,#7582,#7606,.T.);
#7606 = LINE('',#7607,#7608);
#7607 = CARTESIAN_POINT('',(1.75,5.E-02,1.865));
#7608 = VECTOR('',#7609,1.);
#7609 = DIRECTION('',(0.,-1.,0.));
#7610 = ORIENTED_EDGE('',*,*,#7589,.T.);
#7611 = ORIENTED_EDGE('',*,*,#7522,.F.);
#7612 = PLANE('',#7613);
#7613 = AXIS2_PLACEMENT_3D('',#7614,#7615,#7616);
#7614 = CARTESIAN_POINT('',(1.75,5.E-02,1.865));
#7615 = DIRECTION('',(-0.,-0.,-1.));
#7616 = DIRECTION('',(-1.,0.,0.));
#7617 = ADVANCED_FACE('',(#7618),#7629,.T.);
#7618 = FACE_BOUND('',#7619,.T.);
#7619 = EDGE_LOOP('',(#7620,#7621,#7622,#7623));
#7620 = ORIENTED_EDGE('',*,*,#7482,.F.);
#7621 = ORIENTED_EDGE('',*,*,#7547,.T.);
#7622 = ORIENTED_EDGE('',*,*,#7573,.T.);
#7623 = ORIENTED_EDGE('',*,*,#7624,.F.);
#7624 = EDGE_CURVE('',#7483,#7574,#7625,.T.);
#7625 = LINE('',#7626,#7627);
#7626 = CARTESIAN_POINT('',(1.75,5.E-02,2.135));
#7627 = VECTOR('',#7628,1.);
#7628 = DIRECTION('',(0.,-1.,0.));
#7629 = PLANE('',#7630);
#7630 = AXIS2_PLACEMENT_3D('',#7631,#7632,#7633);
#7631 = CARTESIAN_POINT('',(1.255,5.E-02,2.135));
#7632 = DIRECTION('',(0.,0.,1.));
#7633 = DIRECTION('',(1.,0.,0.));
#7634 = ADVANCED_FACE('',(#7635),#7641,.T.);
#7635 = FACE_BOUND('',#7636,.T.);
#7636 = EDGE_LOOP('',(#7637,#7638,#7639,#7640));
#7637 = ORIENTED_EDGE('',*,*,#7624,.T.);
#7638 = ORIENTED_EDGE('',*,*,#7581,.T.);
#7639 = ORIENTED_EDGE('',*,*,#7605,.F.);
#7640 = ORIENTED_EDGE('',*,*,#7490,.F.);
#7641 = PLANE('',#7642);
#7642 = AXIS2_PLACEMENT_3D('',#7643,#7644,#7645);
#7643 = CARTESIAN_POINT('',(1.75,5.E-02,2.135));
#7644 = DIRECTION('',(1.,0.,0.));
#7645 = DIRECTION('',(0.,0.,-1.));
#7646 = ( GEOMETRIC_REPRESENTATION_CONTEXT(3) 
GLOBAL_UNCERTAINTY_ASSIGNED_CONTEXT((#7650)) 
GLOBAL_UNIT_ASSIGNED_CONTEXT((#7647,#7648,#7649)) REPRESENTATION_CONTEXT
('Context #1','3D Context with UNIT and UNCERTAINTY') );
#7647 = ( LENGTH_UNIT() NAMED_UNIT(*) SI_UNIT(.MILLI.,.METRE.) );
#7648 = ( NAMED_UNIT(*) PLANE_ANGLE_UNIT() SI_UNIT($,.RADIAN.) );
#7649 = ( NAMED_UNIT(*) SI_UNIT($,.STERADIAN.) SOLID_ANGLE_UNIT() );
#7650 = UNCERTAINTY_MEASURE_WITH_UNIT(LENGTH_MEASURE(1.E-07),#7647,
  'distance_accuracy_value','confusion accuracy');
#7651 = CONTEXT_DEPENDENT_SHAPE_REPRESENTATION(#7652,#7654);
#7652 = ( REPRESENTATION_RELATIONSHIP('','',#7425,#10) 
REPRESENTATION_RELATIONSHIP_WITH_TRANSFORMATION(#7653) 
SHAPE_REPRESENTATION_RELATIONSHIP() );
#7653 = ITEM_DEFINED_TRANSFORMATION('','',#11,#139);
#7654 = PRODUCT_DEFINITION_SHAPE('Placement','Placement of an item',
  #7655);
#7655 = NEXT_ASSEMBLY_USAGE_OCCURRENCE('4086','Pad_26_1','',#5,#7420,$);
#7656 = PRODUCT_RELATED_PRODUCT_CATEGORY('part',$,(#7422));
#7657 = SHAPE_DEFINITION_REPRESENTATION(#7658,#7664);
#7658 = PRODUCT_DEFINITION_SHAPE('','',#7659);
#7659 = PRODUCT_DEFINITION('design','',#7660,#7663);
#7660 = PRODUCT_DEFINITION_FORMATION('','',#7661);
#7661 = PRODUCT('Pad_27_1','Pad_27_1','',(#7662));
#7662 = PRODUCT_CONTEXT('',#2,'mechanical');
#7663 = PRODUCT_DEFINITION_CONTEXT('part definition',#2,'design');
#7664 = ADVANCED_BREP_SHAPE_REPRESENTATION('',(#11,#7665),#7885);
#7665 = MANIFOLD_SOLID_BREP('',#7666);
#7666 = CLOSED_SHELL('',(#7667,#7707,#7756,#7781,#7806,#7839,#7856,#7873
    ));
#7667 = ADVANCED_FACE('',(#7668),#7702,.T.);
#7668 = FACE_BOUND('',#7669,.T.);
#7669 = EDGE_LOOP('',(#7670,#7680,#7688,#7696));
#7670 = ORIENTED_EDGE('',*,*,#7671,.F.);
#7671 = EDGE_CURVE('',#7672,#7674,#7676,.T.);
#7672 = VERTEX_POINT('',#7673);
#7673 = CARTESIAN_POINT('',(1.255,5.E-02,1.4971677));
#7674 = VERTEX_POINT('',#7675);
#7675 = CARTESIAN_POINT('',(1.255,5.E-02,1.5028323));
#7676 = LINE('',#7677,#7678);
#7677 = CARTESIAN_POINT('',(1.255,5.E-02,1.365));
#7678 = VECTOR('',#7679,1.);
#7679 = DIRECTION('',(0.,0.,1.));
#7680 = ORIENTED_EDGE('',*,*,#7681,.T.);
#7681 = EDGE_CURVE('',#7672,#7682,#7684,.T.);
#7682 = VERTEX_POINT('',#7683);
#7683 = CARTESIAN_POINT('',(1.255,0.,1.4971677));
#7684 = LINE('',#7685,#7686);
#7685 = CARTESIAN_POINT('',(1.255,5.E-02,1.4971677));
#7686 = VECTOR('',#7687,1.);
#7687 = DIRECTION('',(0.,-1.,0.));
#7688 = ORIENTED_EDGE('',*,*,#7689,.T.);
#7689 = EDGE_CURVE('',#7682,#7690,#7692,.T.);
#7690 = VERTEX_POINT('',#7691);
#7691 = CARTESIAN_POINT('',(1.255,0.,1.5028323));
#7692 = LINE('',#7693,#7694);
#7693 = CARTESIAN_POINT('',(1.255,0.,1.365));
#7694 = VECTOR('',#7695,1.);
#7695 = DIRECTION('',(0.,0.,1.));
#7696 = ORIENTED_EDGE('',*,*,#7697,.F.);
#7697 = EDGE_CURVE('',#7674,#7690,#7698,.T.);
#7698 = LINE('',#7699,#7700);
#7699 = CARTESIAN_POINT('',(1.255,5.E-02,1.5028323));
#7700 = VECTOR('',#7701,1.);
#7701 = DIRECTION('',(0.,-1.,0.));
#7702 = PLANE('',#7703);
#7703 = AXIS2_PLACEMENT_3D('',#7704,#7705,#7706);
#7704 = CARTESIAN_POINT('',(1.255,5.E-02,1.365));
#7705 = DIRECTION('',(-1.,0.,0.));
#7706 = DIRECTION('',(0.,0.,1.));
#7707 = ADVANCED_FACE('',(#7708),#7751,.T.);
#7708 = FACE_BOUND('',#7709,.T.);
#7709 = EDGE_LOOP('',(#7710,#7711,#7720,#7728,#7736,#7744));
#7710 = ORIENTED_EDGE('',*,*,#7671,.T.);
#7711 = ORIENTED_EDGE('',*,*,#7712,.T.);
#7712 = EDGE_CURVE('',#7674,#7713,#7715,.T.);
#7713 = VERTEX_POINT('',#7714);
#7714 = CARTESIAN_POINT('',(1.3871677,5.E-02,1.635));
#7715 = CIRCLE('',#7716,0.1321677);
#7716 = AXIS2_PLACEMENT_3D('',#7717,#7718,#7719);
#7717 = CARTESIAN_POINT('',(1.3871677,5.E-02,1.5028323));
#7718 = DIRECTION('',(-0.,1.,0.));
#7719 = DIRECTION('',(0.,0.,-1.));
#7720 = ORIENTED_EDGE('',*,*,#7721,.T.);
#7721 = EDGE_CURVE('',#7713,#7722,#7724,.T.);
#7722 = VERTEX_POINT('',#7723);
#7723 = CARTESIAN_POINT('',(1.75,5.E-02,1.635));
#7724 = LINE('',#7725,#7726);
#7725 = CARTESIAN_POINT('',(1.255,5.E-02,1.635));
#7726 = VECTOR('',#7727,1.);
#7727 = DIRECTION('',(1.,0.,0.));
#7728 = ORIENTED_EDGE('',*,*,#7729,.T.);
#7729 = EDGE_CURVE('',#7722,#7730,#7732,.T.);
#7730 = VERTEX_POINT('',#7731);
#7731 = CARTESIAN_POINT('',(1.75,5.E-02,1.365));
#7732 = LINE('',#7733,#7734);
#7733 = CARTESIAN_POINT('',(1.75,5.E-02,4.5));
#7734 = VECTOR('',#7735,1.);
#7735 = DIRECTION('',(0.,0.,-1.));
#7736 = ORIENTED_EDGE('',*,*,#7737,.T.);
#7737 = EDGE_CURVE('',#7730,#7738,#7740,.T.);
#7738 = VERTEX_POINT('',#7739);
#7739 = CARTESIAN_POINT('',(1.3871677,5.E-02,1.365));
#7740 = LINE('',#7741,#7742);
#7741 = CARTESIAN_POINT('',(2.115,5.E-02,1.365));
#7742 = VECTOR('',#7743,1.);
#7743 = DIRECTION('',(-1.,0.,0.));
#7744 = ORIENTED_EDGE('',*,*,#7745,.F.);
#7745 = EDGE_CURVE('',#7672,#7738,#7746,.T.);
#7746 = CIRCLE('',#7747,0.1321677);
#7747 = AXIS2_PLACEMENT_3D('',#7748,#7749,#7750);
#7748 = CARTESIAN_POINT('',(1.3871677,5.E-02,1.4971677));
#7749 = DIRECTION('',(0.,-1.,0.));
#7750 = DIRECTION('',(0.,-0.,-1.));
#7751 = PLANE('',#7752);
#7752 = AXIS2_PLACEMENT_3D('',#7753,#7754,#7755);
#7753 = CARTESIAN_POINT('',(1.685,5.E-02,1.5));
#7754 = DIRECTION('',(0.,1.,0.));
#7755 = DIRECTION('',(0.,0.,1.));
#7756 = ADVANCED_FACE('',(#7757),#7776,.T.);
#7757 = FACE_BOUND('',#7758,.T.);
#7758 = EDGE_LOOP('',(#7759,#7760,#7768,#7775));
#7759 = ORIENTED_EDGE('',*,*,#7745,.T.);
#7760 = ORIENTED_EDGE('',*,*,#7761,.T.);
#7761 = EDGE_CURVE('',#7738,#7762,#7764,.T.);
#7762 = VERTEX_POINT('',#7763);
#7763 = CARTESIAN_POINT('',(1.3871677,0.,1.365));
#7764 = LINE('',#7765,#7766);
#7765 = CARTESIAN_POINT('',(1.3871677,5.E-02,1.365));
#7766 = VECTOR('',#7767,1.);
#7767 = DIRECTION('',(0.,-1.,0.));
#7768 = ORIENTED_EDGE('',*,*,#7769,.F.);
#7769 = EDGE_CURVE('',#7682,#7762,#7770,.T.);
#7770 = CIRCLE('',#7771,0.1321677);
#7771 = AXIS2_PLACEMENT_3D('',#7772,#7773,#7774);
#7772 = CARTESIAN_POINT('',(1.3871677,1.387778780781E-17,1.4971677));
#7773 = DIRECTION('',(0.,-1.,0.));
#7774 = DIRECTION('',(0.,-0.,-1.));
#7775 = ORIENTED_EDGE('',*,*,#7681,.F.);
#7776 = CYLINDRICAL_SURFACE('',#7777,0.1321677);
#7777 = AXIS2_PLACEMENT_3D('',#7778,#7779,#7780);
#7778 = CARTESIAN_POINT('',(1.3871677,5.E-02,1.4971677));
#7779 = DIRECTION('',(0.,-1.,0.));
#7780 = DIRECTION('',(-1.,0.,0.));
#7781 = ADVANCED_FACE('',(#7782),#7801,.T.);
#7782 = FACE_BOUND('',#7783,.F.);
#7783 = EDGE_LOOP('',(#7784,#7785,#7793,#7800));
#7784 = ORIENTED_EDGE('',*,*,#7712,.T.);
#7785 = ORIENTED_EDGE('',*,*,#7786,.T.);
#7786 = EDGE_CURVE('',#7713,#7787,#7789,.T.);
#7787 = VERTEX_POINT('',#7788);
#7788 = CARTESIAN_POINT('',(1.3871677,0.,1.635));
#7789 = LINE('',#7790,#7791);
#7790 = CARTESIAN_POINT('',(1.3871677,5.E-02,1.635));
#7791 = VECTOR('',#7792,1.);
#7792 = DIRECTION('',(0.,-1.,0.));
#7793 = ORIENTED_EDGE('',*,*,#7794,.F.);
#7794 = EDGE_CURVE('',#7690,#7787,#7795,.T.);
#7795 = CIRCLE('',#7796,0.1321677);
#7796 = AXIS2_PLACEMENT_3D('',#7797,#7798,#7799);
#7797 = CARTESIAN_POINT('',(1.3871677,1.387778780781E-17,1.5028323));
#7798 = DIRECTION('',(-0.,1.,0.));
#7799 = DIRECTION('',(0.,0.,-1.));
#7800 = ORIENTED_EDGE('',*,*,#7697,.F.);
#7801 = CYLINDRICAL_SURFACE('',#7802,0.1321677);
#7802 = AXIS2_PLACEMENT_3D('',#7803,#7804,#7805);
#7803 = CARTESIAN_POINT('',(1.3871677,5.E-02,1.5028323));
#7804 = DIRECTION('',(0.,-1.,0.));
#7805 = DIRECTION('',(-1.,0.,0.));
#7806 = ADVANCED_FACE('',(#7807),#7834,.F.);
#7807 = FACE_BOUND('',#7808,.F.);
#7808 = EDGE_LOOP('',(#7809,#7810,#7811,#7819,#7827,#7833));
#7809 = ORIENTED_EDGE('',*,*,#7689,.T.);
#7810 = ORIENTED_EDGE('',*,*,#7794,.T.);
#7811 = ORIENTED_EDGE('',*,*,#7812,.T.);
#7812 = EDGE_CURVE('',#7787,#7813,#7815,.T.);
#7813 = VERTEX_POINT('',#7814);
#7814 = CARTESIAN_POINT('',(1.75,0.,1.635));
#7815 = LINE('',#7816,#7817);
#7816 = CARTESIAN_POINT('',(1.255,0.,1.635));
#7817 = VECTOR('',#7818,1.);
#7818 = DIRECTION('',(1.,0.,0.));
#7819 = ORIENTED_EDGE('',*,*,#7820,.T.);
#7820 = EDGE_CURVE('',#7813,#7821,#7823,.T.);
#7821 = VERTEX_POINT('',#7822);
#7822 = CARTESIAN_POINT('',(1.75,0.,1.365));
#7823 = LINE('',#7824,#7825);
#7824 = CARTESIAN_POINT('',(1.75,0.,4.5));
#7825 = VECTOR('',#7826,1.);
#7826 = DIRECTION('',(0.,0.,-1.));
#7827 = ORIENTED_EDGE('',*,*,#7828,.T.);
#7828 = EDGE_CURVE('',#7821,#7762,#7829,.T.);
#7829 = LINE('',#7830,#7831);
#7830 = CARTESIAN_POINT('',(2.115,0.,1.365));
#7831 = VECTOR('',#7832,1.);
#7832 = DIRECTION('',(-1.,0.,0.));
#7833 = ORIENTED_EDGE('',*,*,#7769,.F.);
#7834 = PLANE('',#7835);
#7835 = AXIS2_PLACEMENT_3D('',#7836,#7837,#7838);
#7836 = CARTESIAN_POINT('',(1.685,1.387778780781E-17,1.5));
#7837 = DIRECTION('',(0.,1.,0.));
#7838 = DIRECTION('',(0.,0.,1.));
#7839 = ADVANCED_FACE('',(#7840),#7851,.T.);
#7840 = FACE_BOUND('',#7841,.T.);
#7841 = EDGE_LOOP('',(#7842,#7843,#7849,#7850));
#7842 = ORIENTED_EDGE('',*,*,#7737,.F.);
#7843 = ORIENTED_EDGE('',*,*,#7844,.T.);
#7844 = EDGE_CURVE('',#7730,#7821,#7845,.T.);
#7845 = LINE('',#7846,#7847);
#7846 = CARTESIAN_POINT('',(1.75,5.E-02,1.365));
#7847 = VECTOR('',#7848,1.);
#7848 = DIRECTION('',(0.,-1.,0.));
#7849 = ORIENTED_EDGE('',*,*,#7828,.T.);
#7850 = ORIENTED_EDGE('',*,*,#7761,.F.);
#7851 = PLANE('',#7852);
#7852 = AXIS2_PLACEMENT_3D('',#7853,#7854,#7855);
#7853 = CARTESIAN_POINT('',(1.75,5.E-02,1.365));
#7854 = DIRECTION('',(-0.,-0.,-1.));
#7855 = DIRECTION('',(-1.,0.,0.));
#7856 = ADVANCED_FACE('',(#7857),#7868,.T.);
#7857 = FACE_BOUND('',#7858,.T.);
#7858 = EDGE_LOOP('',(#7859,#7860,#7861,#7862));
#7859 = ORIENTED_EDGE('',*,*,#7721,.F.);
#7860 = ORIENTED_EDGE('',*,*,#7786,.T.);
#7861 = ORIENTED_EDGE('',*,*,#7812,.T.);
#7862 = ORIENTED_EDGE('',*,*,#7863,.F.);
#7863 = EDGE_CURVE('',#7722,#7813,#7864,.T.);
#7864 = LINE('',#7865,#7866);
#7865 = CARTESIAN_POINT('',(1.75,5.E-02,1.635));
#7866 = VECTOR('',#7867,1.);
#7867 = DIRECTION('',(0.,-1.,0.));
#7868 = PLANE('',#7869);
#7869 = AXIS2_PLACEMENT_3D('',#7870,#7871,#7872);
#7870 = CARTESIAN_POINT('',(1.255,5.E-02,1.635));
#7871 = DIRECTION('',(0.,0.,1.));
#7872 = DIRECTION('',(1.,0.,0.));
#7873 = ADVANCED_FACE('',(#7874),#7880,.T.);
#7874 = FACE_BOUND('',#7875,.T.);
#7875 = EDGE_LOOP('',(#7876,#7877,#7878,#7879));
#7876 = ORIENTED_EDGE('',*,*,#7863,.T.);
#7877 = ORIENTED_EDGE('',*,*,#7820,.T.);
#7878 = ORIENTED_EDGE('',*,*,#7844,.F.);
#7879 = ORIENTED_EDGE('',*,*,#7729,.F.);
#7880 = PLANE('',#7881);
#7881 = AXIS2_PLACEMENT_3D('',#7882,#7883,#7884);
#7882 = CARTESIAN_POINT('',(1.75,5.E-02,1.635));
#7883 = DIRECTION('',(1.,0.,0.));
#7884 = DIRECTION('',(0.,0.,-1.));
#7885 = ( GEOMETRIC_REPRESENTATION_CONTEXT(3) 
GLOBAL_UNCERTAINTY_ASSIGNED_CONTEXT((#7889)) 
GLOBAL_UNIT_ASSIGNED_CONTEXT((#7886,#7887,#7888)) REPRESENTATION_CONTEXT
('Context #1','3D Context with UNIT and UNCERTAINTY') );
#7886 = ( LENGTH_UNIT() NAMED_UNIT(*) SI_UNIT(.MILLI.,.METRE.) );
#7887 = ( NAMED_UNIT(*) PLANE_ANGLE_UNIT() SI_UNIT($,.RADIAN.) );
#7888 = ( NAMED_UNIT(*) SI_UNIT($,.STERADIAN.) SOLID_ANGLE_UNIT() );
#7889 = UNCERTAINTY_MEASURE_WITH_UNIT(LENGTH_MEASURE(1.E-07),#7886,
  'distance_accuracy_value','confusion accuracy');
#7890 = CONTEXT_DEPENDENT_SHAPE_REPRESENTATION(#7891,#7893);
#7891 = ( REPRESENTATION_RELATIONSHIP('','',#7664,#10) 
REPRESENTATION_RELATIONSHIP_WITH_TRANSFORMATION(#7892) 
SHAPE_REPRESENTATION_RELATIONSHIP() );
#7892 = ITEM_DEFINED_TRANSFORMATION('','',#11,#143);
#7893 = PRODUCT_DEFINITION_SHAPE('Placement','Placement of an item',
  #7894);
#7894 = NEXT_ASSEMBLY_USAGE_OCCURRENCE('4087','Pad_27_1','',#5,#7659,$);
#7895 = PRODUCT_RELATED_PRODUCT_CATEGORY('part',$,(#7661));
#7896 = SHAPE_DEFINITION_REPRESENTATION(#7897,#7903);
#7897 = PRODUCT_DEFINITION_SHAPE('','',#7898);
#7898 = PRODUCT_DEFINITION('design','',#7899,#7902);
#7899 = PRODUCT_DEFINITION_FORMATION('','',#7900);
#7900 = PRODUCT('Pad_28_1','Pad_28_1','',(#7901));
#7901 = PRODUCT_CONTEXT('',#2,'mechanical');
#7902 = PRODUCT_DEFINITION_CONTEXT('part definition',#2,'design');
#7903 = ADVANCED_BREP_SHAPE_REPRESENTATION('',(#11,#7904),#8124);
#7904 = MANIFOLD_SOLID_BREP('',#7905);
#7905 = CLOSED_SHELL('',(#7906,#7946,#7995,#8020,#8045,#8078,#8095,#8112
    ));
#7906 = ADVANCED_FACE('',(#7907),#7941,.T.);
#7907 = FACE_BOUND('',#7908,.T.);
#7908 = EDGE_LOOP('',(#7909,#7919,#7927,#7935));
#7909 = ORIENTED_EDGE('',*,*,#7910,.F.);
#7910 = EDGE_CURVE('',#7911,#7913,#7915,.T.);
#7911 = VERTEX_POINT('',#7912);
#7912 = CARTESIAN_POINT('',(1.255,5.E-02,0.9971677));
#7913 = VERTEX_POINT('',#7914);
#7914 = CARTESIAN_POINT('',(1.255,5.E-02,1.0028323));
#7915 = LINE('',#7916,#7917);
#7916 = CARTESIAN_POINT('',(1.255,5.E-02,0.865));
#7917 = VECTOR('',#7918,1.);
#7918 = DIRECTION('',(0.,0.,1.));
#7919 = ORIENTED_EDGE('',*,*,#7920,.T.);
#7920 = EDGE_CURVE('',#7911,#7921,#7923,.T.);
#7921 = VERTEX_POINT('',#7922);
#7922 = CARTESIAN_POINT('',(1.255,0.,0.9971677));
#7923 = LINE('',#7924,#7925);
#7924 = CARTESIAN_POINT('',(1.255,5.E-02,0.9971677));
#7925 = VECTOR('',#7926,1.);
#7926 = DIRECTION('',(0.,-1.,0.));
#7927 = ORIENTED_EDGE('',*,*,#7928,.T.);
#7928 = EDGE_CURVE('',#7921,#7929,#7931,.T.);
#7929 = VERTEX_POINT('',#7930);
#7930 = CARTESIAN_POINT('',(1.255,0.,1.0028323));
#7931 = LINE('',#7932,#7933);
#7932 = CARTESIAN_POINT('',(1.255,0.,0.865));
#7933 = VECTOR('',#7934,1.);
#7934 = DIRECTION('',(0.,0.,1.));
#7935 = ORIENTED_EDGE('',*,*,#7936,.F.);
#7936 = EDGE_CURVE('',#7913,#7929,#7937,.T.);
#7937 = LINE('',#7938,#7939);
#7938 = CARTESIAN_POINT('',(1.255,5.E-02,1.0028323));
#7939 = VECTOR('',#7940,1.);
#7940 = DIRECTION('',(0.,-1.,0.));
#7941 = PLANE('',#7942);
#7942 = AXIS2_PLACEMENT_3D('',#7943,#7944,#7945);
#7943 = CARTESIAN_POINT('',(1.255,5.E-02,0.865));
#7944 = DIRECTION('',(-1.,0.,0.));
#7945 = DIRECTION('',(0.,0.,1.));
#7946 = ADVANCED_FACE('',(#7947),#7990,.T.);
#7947 = FACE_BOUND('',#7948,.T.);
#7948 = EDGE_LOOP('',(#7949,#7950,#7959,#7967,#7975,#7983));
#7949 = ORIENTED_EDGE('',*,*,#7910,.T.);
#7950 = ORIENTED_EDGE('',*,*,#7951,.T.);
#7951 = EDGE_CURVE('',#7913,#7952,#7954,.T.);
#7952 = VERTEX_POINT('',#7953);
#7953 = CARTESIAN_POINT('',(1.3871677,5.E-02,1.135));
#7954 = CIRCLE('',#7955,0.1321677);
#7955 = AXIS2_PLACEMENT_3D('',#7956,#7957,#7958);
#7956 = CARTESIAN_POINT('',(1.3871677,5.E-02,1.0028323));
#7957 = DIRECTION('',(-0.,1.,0.));
#7958 = DIRECTION('',(0.,0.,-1.));
#7959 = ORIENTED_EDGE('',*,*,#7960,.T.);
#7960 = EDGE_CURVE('',#7952,#7961,#7963,.T.);
#7961 = VERTEX_POINT('',#7962);
#7962 = CARTESIAN_POINT('',(1.75,5.E-02,1.135));
#7963 = LINE('',#7964,#7965);
#7964 = CARTESIAN_POINT('',(1.255,5.E-02,1.135));
#7965 = VECTOR('',#7966,1.);
#7966 = DIRECTION('',(1.,0.,0.));
#7967 = ORIENTED_EDGE('',*,*,#7968,.T.);
#7968 = EDGE_CURVE('',#7961,#7969,#7971,.T.);
#7969 = VERTEX_POINT('',#7970);
#7970 = CARTESIAN_POINT('',(1.75,5.E-02,0.865));
#7971 = LINE('',#7972,#7973);
#7972 = CARTESIAN_POINT('',(1.75,5.E-02,4.5));
#7973 = VECTOR('',#7974,1.);
#7974 = DIRECTION('',(0.,0.,-1.));
#7975 = ORIENTED_EDGE('',*,*,#7976,.T.);
#7976 = EDGE_CURVE('',#7969,#7977,#7979,.T.);
#7977 = VERTEX_POINT('',#7978);
#7978 = CARTESIAN_POINT('',(1.3871677,5.E-02,0.865));
#7979 = LINE('',#7980,#7981);
#7980 = CARTESIAN_POINT('',(2.115,5.E-02,0.865));
#7981 = VECTOR('',#7982,1.);
#7982 = DIRECTION('',(-1.,0.,0.));
#7983 = ORIENTED_EDGE('',*,*,#7984,.F.);
#7984 = EDGE_CURVE('',#7911,#7977,#7985,.T.);
#7985 = CIRCLE('',#7986,0.1321677);
#7986 = AXIS2_PLACEMENT_3D('',#7987,#7988,#7989);
#7987 = CARTESIAN_POINT('',(1.3871677,5.E-02,0.9971677));
#7988 = DIRECTION('',(0.,-1.,0.));
#7989 = DIRECTION('',(0.,-0.,-1.));
#7990 = PLANE('',#7991);
#7991 = AXIS2_PLACEMENT_3D('',#7992,#7993,#7994);
#7992 = CARTESIAN_POINT('',(1.685,5.E-02,1.));
#7993 = DIRECTION('',(0.,1.,0.));
#7994 = DIRECTION('',(0.,0.,1.));
#7995 = ADVANCED_FACE('',(#7996),#8015,.T.);
#7996 = FACE_BOUND('',#7997,.T.);
#7997 = EDGE_LOOP('',(#7998,#7999,#8007,#8014));
#7998 = ORIENTED_EDGE('',*,*,#7984,.T.);
#7999 = ORIENTED_EDGE('',*,*,#8000,.T.);
#8000 = EDGE_CURVE('',#7977,#8001,#8003,.T.);
#8001 = VERTEX_POINT('',#8002);
#8002 = CARTESIAN_POINT('',(1.3871677,0.,0.865));
#8003 = LINE('',#8004,#8005);
#8004 = CARTESIAN_POINT('',(1.3871677,5.E-02,0.865));
#8005 = VECTOR('',#8006,1.);
#8006 = DIRECTION('',(0.,-1.,0.));
#8007 = ORIENTED_EDGE('',*,*,#8008,.F.);
#8008 = EDGE_CURVE('',#7921,#8001,#8009,.T.);
#8009 = CIRCLE('',#8010,0.1321677);
#8010 = AXIS2_PLACEMENT_3D('',#8011,#8012,#8013);
#8011 = CARTESIAN_POINT('',(1.3871677,1.387778780781E-17,0.9971677));
#8012 = DIRECTION('',(0.,-1.,0.));
#8013 = DIRECTION('',(0.,-0.,-1.));
#8014 = ORIENTED_EDGE('',*,*,#7920,.F.);
#8015 = CYLINDRICAL_SURFACE('',#8016,0.1321677);
#8016 = AXIS2_PLACEMENT_3D('',#8017,#8018,#8019);
#8017 = CARTESIAN_POINT('',(1.3871677,5.E-02,0.9971677));
#8018 = DIRECTION('',(0.,-1.,0.));
#8019 = DIRECTION('',(-1.,0.,0.));
#8020 = ADVANCED_FACE('',(#8021),#8040,.T.);
#8021 = FACE_BOUND('',#8022,.F.);
#8022 = EDGE_LOOP('',(#8023,#8024,#8032,#8039));
#8023 = ORIENTED_EDGE('',*,*,#7951,.T.);
#8024 = ORIENTED_EDGE('',*,*,#8025,.T.);
#8025 = EDGE_CURVE('',#7952,#8026,#8028,.T.);
#8026 = VERTEX_POINT('',#8027);
#8027 = CARTESIAN_POINT('',(1.3871677,0.,1.135));
#8028 = LINE('',#8029,#8030);
#8029 = CARTESIAN_POINT('',(1.3871677,5.E-02,1.135));
#8030 = VECTOR('',#8031,1.);
#8031 = DIRECTION('',(0.,-1.,0.));
#8032 = ORIENTED_EDGE('',*,*,#8033,.F.);
#8033 = EDGE_CURVE('',#7929,#8026,#8034,.T.);
#8034 = CIRCLE('',#8035,0.1321677);
#8035 = AXIS2_PLACEMENT_3D('',#8036,#8037,#8038);
#8036 = CARTESIAN_POINT('',(1.3871677,1.387778780781E-17,1.0028323));
#8037 = DIRECTION('',(-0.,1.,0.));
#8038 = DIRECTION('',(0.,0.,-1.));
#8039 = ORIENTED_EDGE('',*,*,#7936,.F.);
#8040 = CYLINDRICAL_SURFACE('',#8041,0.1321677);
#8041 = AXIS2_PLACEMENT_3D('',#8042,#8043,#8044);
#8042 = CARTESIAN_POINT('',(1.3871677,5.E-02,1.0028323));
#8043 = DIRECTION('',(0.,-1.,0.));
#8044 = DIRECTION('',(-1.,0.,0.));
#8045 = ADVANCED_FACE('',(#8046),#8073,.F.);
#8046 = FACE_BOUND('',#8047,.F.);
#8047 = EDGE_LOOP('',(#8048,#8049,#8050,#8058,#8066,#8072));
#8048 = ORIENTED_EDGE('',*,*,#7928,.T.);
#8049 = ORIENTED_EDGE('',*,*,#8033,.T.);
#8050 = ORIENTED_EDGE('',*,*,#8051,.T.);
#8051 = EDGE_CURVE('',#8026,#8052,#8054,.T.);
#8052 = VERTEX_POINT('',#8053);
#8053 = CARTESIAN_POINT('',(1.75,0.,1.135));
#8054 = LINE('',#8055,#8056);
#8055 = CARTESIAN_POINT('',(1.255,0.,1.135));
#8056 = VECTOR('',#8057,1.);
#8057 = DIRECTION('',(1.,0.,0.));
#8058 = ORIENTED_EDGE('',*,*,#8059,.T.);
#8059 = EDGE_CURVE('',#8052,#8060,#8062,.T.);
#8060 = VERTEX_POINT('',#8061);
#8061 = CARTESIAN_POINT('',(1.75,0.,0.865));
#8062 = LINE('',#8063,#8064);
#8063 = CARTESIAN_POINT('',(1.75,0.,4.5));
#8064 = VECTOR('',#8065,1.);
#8065 = DIRECTION('',(0.,0.,-1.));
#8066 = ORIENTED_EDGE('',*,*,#8067,.T.);
#8067 = EDGE_CURVE('',#8060,#8001,#8068,.T.);
#8068 = LINE('',#8069,#8070);
#8069 = CARTESIAN_POINT('',(2.115,0.,0.865));
#8070 = VECTOR('',#8071,1.);
#8071 = DIRECTION('',(-1.,0.,0.));
#8072 = ORIENTED_EDGE('',*,*,#8008,.F.);
#8073 = PLANE('',#8074);
#8074 = AXIS2_PLACEMENT_3D('',#8075,#8076,#8077);
#8075 = CARTESIAN_POINT('',(1.685,1.387778780781E-17,1.));
#8076 = DIRECTION('',(0.,1.,0.));
#8077 = DIRECTION('',(0.,0.,1.));
#8078 = ADVANCED_FACE('',(#8079),#8090,.T.);
#8079 = FACE_BOUND('',#8080,.T.);
#8080 = EDGE_LOOP('',(#8081,#8082,#8088,#8089));
#8081 = ORIENTED_EDGE('',*,*,#7976,.F.);
#8082 = ORIENTED_EDGE('',*,*,#8083,.T.);
#8083 = EDGE_CURVE('',#7969,#8060,#8084,.T.);
#8084 = LINE('',#8085,#8086);
#8085 = CARTESIAN_POINT('',(1.75,5.E-02,0.865));
#8086 = VECTOR('',#8087,1.);
#8087 = DIRECTION('',(0.,-1.,0.));
#8088 = ORIENTED_EDGE('',*,*,#8067,.T.);
#8089 = ORIENTED_EDGE('',*,*,#8000,.F.);
#8090 = PLANE('',#8091);
#8091 = AXIS2_PLACEMENT_3D('',#8092,#8093,#8094);
#8092 = CARTESIAN_POINT('',(1.75,5.E-02,0.865));
#8093 = DIRECTION('',(-0.,-0.,-1.));
#8094 = DIRECTION('',(-1.,0.,0.));
#8095 = ADVANCED_FACE('',(#8096),#8107,.T.);
#8096 = FACE_BOUND('',#8097,.T.);
#8097 = EDGE_LOOP('',(#8098,#8099,#8100,#8101));
#8098 = ORIENTED_EDGE('',*,*,#7960,.F.);
#8099 = ORIENTED_EDGE('',*,*,#8025,.T.);
#8100 = ORIENTED_EDGE('',*,*,#8051,.T.);
#8101 = ORIENTED_EDGE('',*,*,#8102,.F.);
#8102 = EDGE_CURVE('',#7961,#8052,#8103,.T.);
#8103 = LINE('',#8104,#8105);
#8104 = CARTESIAN_POINT('',(1.75,5.E-02,1.135));
#8105 = VECTOR('',#8106,1.);
#8106 = DIRECTION('',(0.,-1.,0.));
#8107 = PLANE('',#8108);
#8108 = AXIS2_PLACEMENT_3D('',#8109,#8110,#8111);
#8109 = CARTESIAN_POINT('',(1.255,5.E-02,1.135));
#8110 = DIRECTION('',(0.,0.,1.));
#8111 = DIRECTION('',(1.,0.,0.));
#8112 = ADVANCED_FACE('',(#8113),#8119,.T.);
#8113 = FACE_BOUND('',#8114,.T.);
#8114 = EDGE_LOOP('',(#8115,#8116,#8117,#8118));
#8115 = ORIENTED_EDGE('',*,*,#8102,.T.);
#8116 = ORIENTED_EDGE('',*,*,#8059,.T.);
#8117 = ORIENTED_EDGE('',*,*,#8083,.F.);
#8118 = ORIENTED_EDGE('',*,*,#7968,.F.);
#8119 = PLANE('',#8120);
#8120 = AXIS2_PLACEMENT_3D('',#8121,#8122,#8123);
#8121 = CARTESIAN_POINT('',(1.75,5.E-02,1.135));
#8122 = DIRECTION('',(1.,0.,0.));
#8123 = DIRECTION('',(0.,0.,-1.));
#8124 = ( GEOMETRIC_REPRESENTATION_CONTEXT(3) 
GLOBAL_UNCERTAINTY_ASSIGNED_CONTEXT((#8128)) 
GLOBAL_UNIT_ASSIGNED_CONTEXT((#8125,#8126,#8127)) REPRESENTATION_CONTEXT
('Context #1','3D Context with UNIT and UNCERTAINTY') );
#8125 = ( LENGTH_UNIT() NAMED_UNIT(*) SI_UNIT(.MILLI.,.METRE.) );
#8126 = ( NAMED_UNIT(*) PLANE_ANGLE_UNIT() SI_UNIT($,.RADIAN.) );
#8127 = ( NAMED_UNIT(*) SI_UNIT($,.STERADIAN.) SOLID_ANGLE_UNIT() );
#8128 = UNCERTAINTY_MEASURE_WITH_UNIT(LENGTH_MEASURE(1.E-07),#8125,
  'distance_accuracy_value','confusion accuracy');
#8129 = CONTEXT_DEPENDENT_SHAPE_REPRESENTATION(#8130,#8132);
#8130 = ( REPRESENTATION_RELATIONSHIP('','',#7903,#10) 
REPRESENTATION_RELATIONSHIP_WITH_TRANSFORMATION(#8131) 
SHAPE_REPRESENTATION_RELATIONSHIP() );
#8131 = ITEM_DEFINED_TRANSFORMATION('','',#11,#147);
#8132 = PRODUCT_DEFINITION_SHAPE('Placement','Placement of an item',
  #8133);
#8133 = NEXT_ASSEMBLY_USAGE_OCCURRENCE('4088','Pad_28_1','',#5,#7898,$);
#8134 = PRODUCT_RELATED_PRODUCT_CATEGORY('part',$,(#7900));
#8135 = SHAPE_DEFINITION_REPRESENTATION(#8136,#8142);
#8136 = PRODUCT_DEFINITION_SHAPE('','',#8137);
#8137 = PRODUCT_DEFINITION('design','',#8138,#8141);
#8138 = PRODUCT_DEFINITION_FORMATION('','',#8139);
#8139 = PRODUCT('Pad_29_1','Pad_29_1','',(#8140));
#8140 = PRODUCT_CONTEXT('',#2,'mechanical');
#8141 = PRODUCT_DEFINITION_CONTEXT('part definition',#2,'design');
#8142 = ADVANCED_BREP_SHAPE_REPRESENTATION('',(#11,#8143),#8363);
#8143 = MANIFOLD_SOLID_BREP('',#8144);
#8144 = CLOSED_SHELL('',(#8145,#8185,#8234,#8259,#8284,#8317,#8334,#8351
    ));
#8145 = ADVANCED_FACE('',(#8146),#8180,.T.);
#8146 = FACE_BOUND('',#8147,.T.);
#8147 = EDGE_LOOP('',(#8148,#8158,#8166,#8174));
#8148 = ORIENTED_EDGE('',*,*,#8149,.F.);
#8149 = EDGE_CURVE('',#8150,#8152,#8154,.T.);
#8150 = VERTEX_POINT('',#8151);
#8151 = CARTESIAN_POINT('',(1.255,5.E-02,0.4971677));
#8152 = VERTEX_POINT('',#8153);
#8153 = CARTESIAN_POINT('',(1.255,5.E-02,0.5028323));
#8154 = LINE('',#8155,#8156);
#8155 = CARTESIAN_POINT('',(1.255,5.E-02,0.365));
#8156 = VECTOR('',#8157,1.);
#8157 = DIRECTION('',(0.,0.,1.));
#8158 = ORIENTED_EDGE('',*,*,#8159,.T.);
#8159 = EDGE_CURVE('',#8150,#8160,#8162,.T.);
#8160 = VERTEX_POINT('',#8161);
#8161 = CARTESIAN_POINT('',(1.255,0.,0.4971677));
#8162 = LINE('',#8163,#8164);
#8163 = CARTESIAN_POINT('',(1.255,5.E-02,0.4971677));
#8164 = VECTOR('',#8165,1.);
#8165 = DIRECTION('',(0.,-1.,0.));
#8166 = ORIENTED_EDGE('',*,*,#8167,.T.);
#8167 = EDGE_CURVE('',#8160,#8168,#8170,.T.);
#8168 = VERTEX_POINT('',#8169);
#8169 = CARTESIAN_POINT('',(1.255,0.,0.5028323));
#8170 = LINE('',#8171,#8172);
#8171 = CARTESIAN_POINT('',(1.255,0.,0.365));
#8172 = VECTOR('',#8173,1.);
#8173 = DIRECTION('',(0.,0.,1.));
#8174 = ORIENTED_EDGE('',*,*,#8175,.F.);
#8175 = EDGE_CURVE('',#8152,#8168,#8176,.T.);
#8176 = LINE('',#8177,#8178);
#8177 = CARTESIAN_POINT('',(1.255,5.E-02,0.5028323));
#8178 = VECTOR('',#8179,1.);
#8179 = DIRECTION('',(0.,-1.,0.));
#8180 = PLANE('',#8181);
#8181 = AXIS2_PLACEMENT_3D('',#8182,#8183,#8184);
#8182 = CARTESIAN_POINT('',(1.255,5.E-02,0.365));
#8183 = DIRECTION('',(-1.,0.,0.));
#8184 = DIRECTION('',(0.,0.,1.));
#8185 = ADVANCED_FACE('',(#8186),#8229,.T.);
#8186 = FACE_BOUND('',#8187,.T.);
#8187 = EDGE_LOOP('',(#8188,#8189,#8198,#8206,#8214,#8222));
#8188 = ORIENTED_EDGE('',*,*,#8149,.T.);
#8189 = ORIENTED_EDGE('',*,*,#8190,.T.);
#8190 = EDGE_CURVE('',#8152,#8191,#8193,.T.);
#8191 = VERTEX_POINT('',#8192);
#8192 = CARTESIAN_POINT('',(1.3871677,5.E-02,0.635));
#8193 = CIRCLE('',#8194,0.1321677);
#8194 = AXIS2_PLACEMENT_3D('',#8195,#8196,#8197);
#8195 = CARTESIAN_POINT('',(1.3871677,5.E-02,0.5028323));
#8196 = DIRECTION('',(-0.,1.,0.));
#8197 = DIRECTION('',(0.,0.,-1.));
#8198 = ORIENTED_EDGE('',*,*,#8199,.T.);
#8199 = EDGE_CURVE('',#8191,#8200,#8202,.T.);
#8200 = VERTEX_POINT('',#8201);
#8201 = CARTESIAN_POINT('',(1.75,5.E-02,0.635));
#8202 = LINE('',#8203,#8204);
#8203 = CARTESIAN_POINT('',(1.255,5.E-02,0.635));
#8204 = VECTOR('',#8205,1.);
#8205 = DIRECTION('',(1.,0.,0.));
#8206 = ORIENTED_EDGE('',*,*,#8207,.T.);
#8207 = EDGE_CURVE('',#8200,#8208,#8210,.T.);
#8208 = VERTEX_POINT('',#8209);
#8209 = CARTESIAN_POINT('',(1.75,5.E-02,0.365));
#8210 = LINE('',#8211,#8212);
#8211 = CARTESIAN_POINT('',(1.75,5.E-02,4.5));
#8212 = VECTOR('',#8213,1.);
#8213 = DIRECTION('',(0.,0.,-1.));
#8214 = ORIENTED_EDGE('',*,*,#8215,.T.);
#8215 = EDGE_CURVE('',#8208,#8216,#8218,.T.);
#8216 = VERTEX_POINT('',#8217);
#8217 = CARTESIAN_POINT('',(1.3871677,5.E-02,0.365));
#8218 = LINE('',#8219,#8220);
#8219 = CARTESIAN_POINT('',(2.115,5.E-02,0.365));
#8220 = VECTOR('',#8221,1.);
#8221 = DIRECTION('',(-1.,0.,0.));
#8222 = ORIENTED_EDGE('',*,*,#8223,.F.);
#8223 = EDGE_CURVE('',#8150,#8216,#8224,.T.);
#8224 = CIRCLE('',#8225,0.1321677);
#8225 = AXIS2_PLACEMENT_3D('',#8226,#8227,#8228);
#8226 = CARTESIAN_POINT('',(1.3871677,5.E-02,0.4971677));
#8227 = DIRECTION('',(0.,-1.,0.));
#8228 = DIRECTION('',(0.,-0.,-1.));
#8229 = PLANE('',#8230);
#8230 = AXIS2_PLACEMENT_3D('',#8231,#8232,#8233);
#8231 = CARTESIAN_POINT('',(1.685,5.E-02,0.5));
#8232 = DIRECTION('',(0.,1.,0.));
#8233 = DIRECTION('',(0.,0.,1.));
#8234 = ADVANCED_FACE('',(#8235),#8254,.T.);
#8235 = FACE_BOUND('',#8236,.T.);
#8236 = EDGE_LOOP('',(#8237,#8238,#8246,#8253));
#8237 = ORIENTED_EDGE('',*,*,#8223,.T.);
#8238 = ORIENTED_EDGE('',*,*,#8239,.T.);
#8239 = EDGE_CURVE('',#8216,#8240,#8242,.T.);
#8240 = VERTEX_POINT('',#8241);
#8241 = CARTESIAN_POINT('',(1.3871677,0.,0.365));
#8242 = LINE('',#8243,#8244);
#8243 = CARTESIAN_POINT('',(1.3871677,5.E-02,0.365));
#8244 = VECTOR('',#8245,1.);
#8245 = DIRECTION('',(0.,-1.,0.));
#8246 = ORIENTED_EDGE('',*,*,#8247,.F.);
#8247 = EDGE_CURVE('',#8160,#8240,#8248,.T.);
#8248 = CIRCLE('',#8249,0.1321677);
#8249 = AXIS2_PLACEMENT_3D('',#8250,#8251,#8252);
#8250 = CARTESIAN_POINT('',(1.3871677,1.387778780781E-17,0.4971677));
#8251 = DIRECTION('',(0.,-1.,0.));
#8252 = DIRECTION('',(0.,-0.,-1.));
#8253 = ORIENTED_EDGE('',*,*,#8159,.F.);
#8254 = CYLINDRICAL_SURFACE('',#8255,0.1321677);
#8255 = AXIS2_PLACEMENT_3D('',#8256,#8257,#8258);
#8256 = CARTESIAN_POINT('',(1.3871677,5.E-02,0.4971677));
#8257 = DIRECTION('',(0.,-1.,0.));
#8258 = DIRECTION('',(-1.,0.,0.));
#8259 = ADVANCED_FACE('',(#8260),#8279,.T.);
#8260 = FACE_BOUND('',#8261,.F.);
#8261 = EDGE_LOOP('',(#8262,#8263,#8271,#8278));
#8262 = ORIENTED_EDGE('',*,*,#8190,.T.);
#8263 = ORIENTED_EDGE('',*,*,#8264,.T.);
#8264 = EDGE_CURVE('',#8191,#8265,#8267,.T.);
#8265 = VERTEX_POINT('',#8266);
#8266 = CARTESIAN_POINT('',(1.3871677,0.,0.635));
#8267 = LINE('',#8268,#8269);
#8268 = CARTESIAN_POINT('',(1.3871677,5.E-02,0.635));
#8269 = VECTOR('',#8270,1.);
#8270 = DIRECTION('',(0.,-1.,0.));
#8271 = ORIENTED_EDGE('',*,*,#8272,.F.);
#8272 = EDGE_CURVE('',#8168,#8265,#8273,.T.);
#8273 = CIRCLE('',#8274,0.1321677);
#8274 = AXIS2_PLACEMENT_3D('',#8275,#8276,#8277);
#8275 = CARTESIAN_POINT('',(1.3871677,1.387778780781E-17,0.5028323));
#8276 = DIRECTION('',(-0.,1.,0.));
#8277 = DIRECTION('',(0.,0.,-1.));
#8278 = ORIENTED_EDGE('',*,*,#8175,.F.);
#8279 = CYLINDRICAL_SURFACE('',#8280,0.1321677);
#8280 = AXIS2_PLACEMENT_3D('',#8281,#8282,#8283);
#8281 = CARTESIAN_POINT('',(1.3871677,5.E-02,0.5028323));
#8282 = DIRECTION('',(0.,-1.,0.));
#8283 = DIRECTION('',(-1.,0.,0.));
#8284 = ADVANCED_FACE('',(#8285),#8312,.F.);
#8285 = FACE_BOUND('',#8286,.F.);
#8286 = EDGE_LOOP('',(#8287,#8288,#8289,#8297,#8305,#8311));
#8287 = ORIENTED_EDGE('',*,*,#8167,.T.);
#8288 = ORIENTED_EDGE('',*,*,#8272,.T.);
#8289 = ORIENTED_EDGE('',*,*,#8290,.T.);
#8290 = EDGE_CURVE('',#8265,#8291,#8293,.T.);
#8291 = VERTEX_POINT('',#8292);
#8292 = CARTESIAN_POINT('',(1.75,0.,0.635));
#8293 = LINE('',#8294,#8295);
#8294 = CARTESIAN_POINT('',(1.255,0.,0.635));
#8295 = VECTOR('',#8296,1.);
#8296 = DIRECTION('',(1.,0.,0.));
#8297 = ORIENTED_EDGE('',*,*,#8298,.T.);
#8298 = EDGE_CURVE('',#8291,#8299,#8301,.T.);
#8299 = VERTEX_POINT('',#8300);
#8300 = CARTESIAN_POINT('',(1.75,0.,0.365));
#8301 = LINE('',#8302,#8303);
#8302 = CARTESIAN_POINT('',(1.75,0.,4.5));
#8303 = VECTOR('',#8304,1.);
#8304 = DIRECTION('',(0.,0.,-1.));
#8305 = ORIENTED_EDGE('',*,*,#8306,.T.);
#8306 = EDGE_CURVE('',#8299,#8240,#8307,.T.);
#8307 = LINE('',#8308,#8309);
#8308 = CARTESIAN_POINT('',(2.115,0.,0.365));
#8309 = VECTOR('',#8310,1.);
#8310 = DIRECTION('',(-1.,0.,0.));
#8311 = ORIENTED_EDGE('',*,*,#8247,.F.);
#8312 = PLANE('',#8313);
#8313 = AXIS2_PLACEMENT_3D('',#8314,#8315,#8316);
#8314 = CARTESIAN_POINT('',(1.685,1.387778780781E-17,0.5));
#8315 = DIRECTION('',(0.,1.,0.));
#8316 = DIRECTION('',(0.,0.,1.));
#8317 = ADVANCED_FACE('',(#8318),#8329,.T.);
#8318 = FACE_BOUND('',#8319,.T.);
#8319 = EDGE_LOOP('',(#8320,#8321,#8327,#8328));
#8320 = ORIENTED_EDGE('',*,*,#8215,.F.);
#8321 = ORIENTED_EDGE('',*,*,#8322,.T.);
#8322 = EDGE_CURVE('',#8208,#8299,#8323,.T.);
#8323 = LINE('',#8324,#8325);
#8324 = CARTESIAN_POINT('',(1.75,5.E-02,0.365));
#8325 = VECTOR('',#8326,1.);
#8326 = DIRECTION('',(0.,-1.,0.));
#8327 = ORIENTED_EDGE('',*,*,#8306,.T.);
#8328 = ORIENTED_EDGE('',*,*,#8239,.F.);
#8329 = PLANE('',#8330);
#8330 = AXIS2_PLACEMENT_3D('',#8331,#8332,#8333);
#8331 = CARTESIAN_POINT('',(1.75,5.E-02,0.365));
#8332 = DIRECTION('',(-0.,-0.,-1.));
#8333 = DIRECTION('',(-1.,0.,0.));
#8334 = ADVANCED_FACE('',(#8335),#8346,.T.);
#8335 = FACE_BOUND('',#8336,.T.);
#8336 = EDGE_LOOP('',(#8337,#8338,#8339,#8340));
#8337 = ORIENTED_EDGE('',*,*,#8199,.F.);
#8338 = ORIENTED_EDGE('',*,*,#8264,.T.);
#8339 = ORIENTED_EDGE('',*,*,#8290,.T.);
#8340 = ORIENTED_EDGE('',*,*,#8341,.F.);
#8341 = EDGE_CURVE('',#8200,#8291,#8342,.T.);
#8342 = LINE('',#8343,#8344);
#8343 = CARTESIAN_POINT('',(1.75,5.E-02,0.635));
#8344 = VECTOR('',#8345,1.);
#8345 = DIRECTION('',(0.,-1.,0.));
#8346 = PLANE('',#8347);
#8347 = AXIS2_PLACEMENT_3D('',#8348,#8349,#8350);
#8348 = CARTESIAN_POINT('',(1.255,5.E-02,0.635));
#8349 = DIRECTION('',(0.,0.,1.));
#8350 = DIRECTION('',(1.,0.,0.));
#8351 = ADVANCED_FACE('',(#8352),#8358,.T.);
#8352 = FACE_BOUND('',#8353,.T.);
#8353 = EDGE_LOOP('',(#8354,#8355,#8356,#8357));
#8354 = ORIENTED_EDGE('',*,*,#8341,.T.);
#8355 = ORIENTED_EDGE('',*,*,#8298,.T.);
#8356 = ORIENTED_EDGE('',*,*,#8322,.F.);
#8357 = ORIENTED_EDGE('',*,*,#8207,.F.);
#8358 = PLANE('',#8359);
#8359 = AXIS2_PLACEMENT_3D('',#8360,#8361,#8362);
#8360 = CARTESIAN_POINT('',(1.75,5.E-02,0.635));
#8361 = DIRECTION('',(1.,0.,0.));
#8362 = DIRECTION('',(0.,0.,-1.));
#8363 = ( GEOMETRIC_REPRESENTATION_CONTEXT(3) 
GLOBAL_UNCERTAINTY_ASSIGNED_CONTEXT((#8367)) 
GLOBAL_UNIT_ASSIGNED_CONTEXT((#8364,#8365,#8366)) REPRESENTATION_CONTEXT
('Context #1','3D Context with UNIT and UNCERTAINTY') );
#8364 = ( LENGTH_UNIT() NAMED_UNIT(*) SI_UNIT(.MILLI.,.METRE.) );
#8365 = ( NAMED_UNIT(*) PLANE_ANGLE_UNIT() SI_UNIT($,.RADIAN.) );
#8366 = ( NAMED_UNIT(*) SI_UNIT($,.STERADIAN.) SOLID_ANGLE_UNIT() );
#8367 = UNCERTAINTY_MEASURE_WITH_UNIT(LENGTH_MEASURE(1.E-07),#8364,
  'distance_accuracy_value','confusion accuracy');
#8368 = CONTEXT_DEPENDENT_SHAPE_REPRESENTATION(#8369,#8371);
#8369 = ( REPRESENTATION_RELATIONSHIP('','',#8142,#10) 
REPRESENTATION_RELATIONSHIP_WITH_TRANSFORMATION(#8370) 
SHAPE_REPRESENTATION_RELATIONSHIP() );
#8370 = ITEM_DEFINED_TRANSFORMATION('','',#11,#151);
#8371 = PRODUCT_DEFINITION_SHAPE('Placement','Placement of an item',
  #8372);
#8372 = NEXT_ASSEMBLY_USAGE_OCCURRENCE('4089','Pad_29_1','',#5,#8137,$);
#8373 = PRODUCT_RELATED_PRODUCT_CATEGORY('part',$,(#8139));
#8374 = SHAPE_DEFINITION_REPRESENTATION(#8375,#8381);
#8375 = PRODUCT_DEFINITION_SHAPE('','',#8376);
#8376 = PRODUCT_DEFINITION('design','',#8377,#8380);
#8377 = PRODUCT_DEFINITION_FORMATION('','',#8378);
#8378 = PRODUCT('Pad_30_1','Pad_30_1','',(#8379));
#8379 = PRODUCT_CONTEXT('',#2,'mechanical');
#8380 = PRODUCT_DEFINITION_CONTEXT('part definition',#2,'design');
#8381 = ADVANCED_BREP_SHAPE_REPRESENTATION('',(#11,#8382),#8602);
#8382 = MANIFOLD_SOLID_BREP('',#8383);
#8383 = CLOSED_SHELL('',(#8384,#8424,#8473,#8498,#8523,#8556,#8573,#8590
    ));
#8384 = ADVANCED_FACE('',(#8385),#8419,.T.);
#8385 = FACE_BOUND('',#8386,.T.);
#8386 = EDGE_LOOP('',(#8387,#8397,#8405,#8413));
#8387 = ORIENTED_EDGE('',*,*,#8388,.F.);
#8388 = EDGE_CURVE('',#8389,#8391,#8393,.T.);
#8389 = VERTEX_POINT('',#8390);
#8390 = CARTESIAN_POINT('',(1.255,5.E-02,-2.8323E-03));
#8391 = VERTEX_POINT('',#8392);
#8392 = CARTESIAN_POINT('',(1.255,5.E-02,2.8323E-03));
#8393 = LINE('',#8394,#8395);
#8394 = CARTESIAN_POINT('',(1.255,5.E-02,-0.135));
#8395 = VECTOR('',#8396,1.);
#8396 = DIRECTION('',(0.,0.,1.));
#8397 = ORIENTED_EDGE('',*,*,#8398,.T.);
#8398 = EDGE_CURVE('',#8389,#8399,#8401,.T.);
#8399 = VERTEX_POINT('',#8400);
#8400 = CARTESIAN_POINT('',(1.255,0.,-2.8323E-03));
#8401 = LINE('',#8402,#8403);
#8402 = CARTESIAN_POINT('',(1.255,5.E-02,-2.8323E-03));
#8403 = VECTOR('',#8404,1.);
#8404 = DIRECTION('',(0.,-1.,0.));
#8405 = ORIENTED_EDGE('',*,*,#8406,.T.);
#8406 = EDGE_CURVE('',#8399,#8407,#8409,.T.);
#8407 = VERTEX_POINT('',#8408);
#8408 = CARTESIAN_POINT('',(1.255,0.,2.8323E-03));
#8409 = LINE('',#8410,#8411);
#8410 = CARTESIAN_POINT('',(1.255,0.,-0.135));
#8411 = VECTOR('',#8412,1.);
#8412 = DIRECTION('',(0.,0.,1.));
#8413 = ORIENTED_EDGE('',*,*,#8414,.F.);
#8414 = EDGE_CURVE('',#8391,#8407,#8415,.T.);
#8415 = LINE('',#8416,#8417);
#8416 = CARTESIAN_POINT('',(1.255,5.E-02,2.8323E-03));
#8417 = VECTOR('',#8418,1.);
#8418 = DIRECTION('',(0.,-1.,0.));
#8419 = PLANE('',#8420);
#8420 = AXIS2_PLACEMENT_3D('',#8421,#8422,#8423);
#8421 = CARTESIAN_POINT('',(1.255,5.E-02,-0.135));
#8422 = DIRECTION('',(-1.,0.,0.));
#8423 = DIRECTION('',(0.,0.,1.));
#8424 = ADVANCED_FACE('',(#8425),#8468,.T.);
#8425 = FACE_BOUND('',#8426,.T.);
#8426 = EDGE_LOOP('',(#8427,#8428,#8437,#8445,#8453,#8461));
#8427 = ORIENTED_EDGE('',*,*,#8388,.T.);
#8428 = ORIENTED_EDGE('',*,*,#8429,.T.);
#8429 = EDGE_CURVE('',#8391,#8430,#8432,.T.);
#8430 = VERTEX_POINT('',#8431);
#8431 = CARTESIAN_POINT('',(1.3871677,5.E-02,0.135));
#8432 = CIRCLE('',#8433,0.1321677);
#8433 = AXIS2_PLACEMENT_3D('',#8434,#8435,#8436);
#8434 = CARTESIAN_POINT('',(1.3871677,5.E-02,2.8323E-03));
#8435 = DIRECTION('',(-0.,1.,0.));
#8436 = DIRECTION('',(0.,0.,-1.));
#8437 = ORIENTED_EDGE('',*,*,#8438,.T.);
#8438 = EDGE_CURVE('',#8430,#8439,#8441,.T.);
#8439 = VERTEX_POINT('',#8440);
#8440 = CARTESIAN_POINT('',(1.75,5.E-02,0.135));
#8441 = LINE('',#8442,#8443);
#8442 = CARTESIAN_POINT('',(1.255,5.E-02,0.135));
#8443 = VECTOR('',#8444,1.);
#8444 = DIRECTION('',(1.,0.,0.));
#8445 = ORIENTED_EDGE('',*,*,#8446,.T.);
#8446 = EDGE_CURVE('',#8439,#8447,#8449,.T.);
#8447 = VERTEX_POINT('',#8448);
#8448 = CARTESIAN_POINT('',(1.75,5.E-02,-0.135));
#8449 = LINE('',#8450,#8451);
#8450 = CARTESIAN_POINT('',(1.75,5.E-02,4.5));
#8451 = VECTOR('',#8452,1.);
#8452 = DIRECTION('',(0.,0.,-1.));
#8453 = ORIENTED_EDGE('',*,*,#8454,.T.);
#8454 = EDGE_CURVE('',#8447,#8455,#8457,.T.);
#8455 = VERTEX_POINT('',#8456);
#8456 = CARTESIAN_POINT('',(1.3871677,5.E-02,-0.135));
#8457 = LINE('',#8458,#8459);
#8458 = CARTESIAN_POINT('',(2.115,5.E-02,-0.135));
#8459 = VECTOR('',#8460,1.);
#8460 = DIRECTION('',(-1.,0.,0.));
#8461 = ORIENTED_EDGE('',*,*,#8462,.F.);
#8462 = EDGE_CURVE('',#8389,#8455,#8463,.T.);
#8463 = CIRCLE('',#8464,0.1321677);
#8464 = AXIS2_PLACEMENT_3D('',#8465,#8466,#8467);
#8465 = CARTESIAN_POINT('',(1.3871677,5.E-02,-2.8323E-03));
#8466 = DIRECTION('',(0.,-1.,0.));
#8467 = DIRECTION('',(0.,-0.,-1.));
#8468 = PLANE('',#8469);
#8469 = AXIS2_PLACEMENT_3D('',#8470,#8471,#8472);
#8470 = CARTESIAN_POINT('',(1.685,5.E-02,0.));
#8471 = DIRECTION('',(0.,1.,0.));
#8472 = DIRECTION('',(0.,0.,1.));
#8473 = ADVANCED_FACE('',(#8474),#8493,.T.);
#8474 = FACE_BOUND('',#8475,.T.);
#8475 = EDGE_LOOP('',(#8476,#8477,#8485,#8492));
#8476 = ORIENTED_EDGE('',*,*,#8462,.T.);
#8477 = ORIENTED_EDGE('',*,*,#8478,.T.);
#8478 = EDGE_CURVE('',#8455,#8479,#8481,.T.);
#8479 = VERTEX_POINT('',#8480);
#8480 = CARTESIAN_POINT('',(1.3871677,0.,-0.135));
#8481 = LINE('',#8482,#8483);
#8482 = CARTESIAN_POINT('',(1.3871677,5.E-02,-0.135));
#8483 = VECTOR('',#8484,1.);
#8484 = DIRECTION('',(0.,-1.,0.));
#8485 = ORIENTED_EDGE('',*,*,#8486,.F.);
#8486 = EDGE_CURVE('',#8399,#8479,#8487,.T.);
#8487 = CIRCLE('',#8488,0.1321677);
#8488 = AXIS2_PLACEMENT_3D('',#8489,#8490,#8491);
#8489 = CARTESIAN_POINT('',(1.3871677,1.387778780781E-17,-2.8323E-03));
#8490 = DIRECTION('',(0.,-1.,0.));
#8491 = DIRECTION('',(0.,-0.,-1.));
#8492 = ORIENTED_EDGE('',*,*,#8398,.F.);
#8493 = CYLINDRICAL_SURFACE('',#8494,0.1321677);
#8494 = AXIS2_PLACEMENT_3D('',#8495,#8496,#8497);
#8495 = CARTESIAN_POINT('',(1.3871677,5.E-02,-2.8323E-03));
#8496 = DIRECTION('',(0.,-1.,0.));
#8497 = DIRECTION('',(-1.,0.,0.));
#8498 = ADVANCED_FACE('',(#8499),#8518,.T.);
#8499 = FACE_BOUND('',#8500,.F.);
#8500 = EDGE_LOOP('',(#8501,#8502,#8510,#8517));
#8501 = ORIENTED_EDGE('',*,*,#8429,.T.);
#8502 = ORIENTED_EDGE('',*,*,#8503,.T.);
#8503 = EDGE_CURVE('',#8430,#8504,#8506,.T.);
#8504 = VERTEX_POINT('',#8505);
#8505 = CARTESIAN_POINT('',(1.3871677,0.,0.135));
#8506 = LINE('',#8507,#8508);
#8507 = CARTESIAN_POINT('',(1.3871677,5.E-02,0.135));
#8508 = VECTOR('',#8509,1.);
#8509 = DIRECTION('',(0.,-1.,0.));
#8510 = ORIENTED_EDGE('',*,*,#8511,.F.);
#8511 = EDGE_CURVE('',#8407,#8504,#8512,.T.);
#8512 = CIRCLE('',#8513,0.1321677);
#8513 = AXIS2_PLACEMENT_3D('',#8514,#8515,#8516);
#8514 = CARTESIAN_POINT('',(1.3871677,1.387778780781E-17,2.8323E-03));
#8515 = DIRECTION('',(-0.,1.,0.));
#8516 = DIRECTION('',(0.,0.,-1.));
#8517 = ORIENTED_EDGE('',*,*,#8414,.F.);
#8518 = CYLINDRICAL_SURFACE('',#8519,0.1321677);
#8519 = AXIS2_PLACEMENT_3D('',#8520,#8521,#8522);
#8520 = CARTESIAN_POINT('',(1.3871677,5.E-02,2.8323E-03));
#8521 = DIRECTION('',(0.,-1.,0.));
#8522 = DIRECTION('',(-1.,0.,0.));
#8523 = ADVANCED_FACE('',(#8524),#8551,.F.);
#8524 = FACE_BOUND('',#8525,.F.);
#8525 = EDGE_LOOP('',(#8526,#8527,#8528,#8536,#8544,#8550));
#8526 = ORIENTED_EDGE('',*,*,#8406,.T.);
#8527 = ORIENTED_EDGE('',*,*,#8511,.T.);
#8528 = ORIENTED_EDGE('',*,*,#8529,.T.);
#8529 = EDGE_CURVE('',#8504,#8530,#8532,.T.);
#8530 = VERTEX_POINT('',#8531);
#8531 = CARTESIAN_POINT('',(1.75,0.,0.135));
#8532 = LINE('',#8533,#8534);
#8533 = CARTESIAN_POINT('',(1.255,0.,0.135));
#8534 = VECTOR('',#8535,1.);
#8535 = DIRECTION('',(1.,0.,0.));
#8536 = ORIENTED_EDGE('',*,*,#8537,.T.);
#8537 = EDGE_CURVE('',#8530,#8538,#8540,.T.);
#8538 = VERTEX_POINT('',#8539);
#8539 = CARTESIAN_POINT('',(1.75,0.,-0.135));
#8540 = LINE('',#8541,#8542);
#8541 = CARTESIAN_POINT('',(1.75,0.,4.5));
#8542 = VECTOR('',#8543,1.);
#8543 = DIRECTION('',(0.,0.,-1.));
#8544 = ORIENTED_EDGE('',*,*,#8545,.T.);
#8545 = EDGE_CURVE('',#8538,#8479,#8546,.T.);
#8546 = LINE('',#8547,#8548);
#8547 = CARTESIAN_POINT('',(2.115,0.,-0.135));
#8548 = VECTOR('',#8549,1.);
#8549 = DIRECTION('',(-1.,0.,0.));
#8550 = ORIENTED_EDGE('',*,*,#8486,.F.);
#8551 = PLANE('',#8552);
#8552 = AXIS2_PLACEMENT_3D('',#8553,#8554,#8555);
#8553 = CARTESIAN_POINT('',(1.685,1.387778780781E-17,0.));
#8554 = DIRECTION('',(0.,1.,0.));
#8555 = DIRECTION('',(0.,0.,1.));
#8556 = ADVANCED_FACE('',(#8557),#8568,.T.);
#8557 = FACE_BOUND('',#8558,.T.);
#8558 = EDGE_LOOP('',(#8559,#8560,#8566,#8567));
#8559 = ORIENTED_EDGE('',*,*,#8454,.F.);
#8560 = ORIENTED_EDGE('',*,*,#8561,.T.);
#8561 = EDGE_CURVE('',#8447,#8538,#8562,.T.);
#8562 = LINE('',#8563,#8564);
#8563 = CARTESIAN_POINT('',(1.75,5.E-02,-0.135));
#8564 = VECTOR('',#8565,1.);
#8565 = DIRECTION('',(0.,-1.,0.));
#8566 = ORIENTED_EDGE('',*,*,#8545,.T.);
#8567 = ORIENTED_EDGE('',*,*,#8478,.F.);
#8568 = PLANE('',#8569);
#8569 = AXIS2_PLACEMENT_3D('',#8570,#8571,#8572);
#8570 = CARTESIAN_POINT('',(1.75,5.E-02,-0.135));
#8571 = DIRECTION('',(-0.,-0.,-1.));
#8572 = DIRECTION('',(-1.,0.,0.));
#8573 = ADVANCED_FACE('',(#8574),#8585,.T.);
#8574 = FACE_BOUND('',#8575,.T.);
#8575 = EDGE_LOOP('',(#8576,#8577,#8578,#8579));
#8576 = ORIENTED_EDGE('',*,*,#8438,.F.);
#8577 = ORIENTED_EDGE('',*,*,#8503,.T.);
#8578 = ORIENTED_EDGE('',*,*,#8529,.T.);
#8579 = ORIENTED_EDGE('',*,*,#8580,.F.);
#8580 = EDGE_CURVE('',#8439,#8530,#8581,.T.);
#8581 = LINE('',#8582,#8583);
#8582 = CARTESIAN_POINT('',(1.75,5.E-02,0.135));
#8583 = VECTOR('',#8584,1.);
#8584 = DIRECTION('',(0.,-1.,0.));
#8585 = PLANE('',#8586);
#8586 = AXIS2_PLACEMENT_3D('',#8587,#8588,#8589);
#8587 = CARTESIAN_POINT('',(1.255,5.E-02,0.135));
#8588 = DIRECTION('',(0.,0.,1.));
#8589 = DIRECTION('',(1.,0.,0.));
#8590 = ADVANCED_FACE('',(#8591),#8597,.T.);
#8591 = FACE_BOUND('',#8592,.T.);
#8592 = EDGE_LOOP('',(#8593,#8594,#8595,#8596));
#8593 = ORIENTED_EDGE('',*,*,#8580,.T.);
#8594 = ORIENTED_EDGE('',*,*,#8537,.T.);
#8595 = ORIENTED_EDGE('',*,*,#8561,.F.);
#8596 = ORIENTED_EDGE('',*,*,#8446,.F.);
#8597 = PLANE('',#8598);
#8598 = AXIS2_PLACEMENT_3D('',#8599,#8600,#8601);
#8599 = CARTESIAN_POINT('',(1.75,5.E-02,0.135));
#8600 = DIRECTION('',(1.,0.,0.));
#8601 = DIRECTION('',(0.,0.,-1.));
#8602 = ( GEOMETRIC_REPRESENTATION_CONTEXT(3) 
GLOBAL_UNCERTAINTY_ASSIGNED_CONTEXT((#8606)) 
GLOBAL_UNIT_ASSIGNED_CONTEXT((#8603,#8604,#8605)) REPRESENTATION_CONTEXT
('Context #1','3D Context with UNIT and UNCERTAINTY') );
#8603 = ( LENGTH_UNIT() NAMED_UNIT(*) SI_UNIT(.MILLI.,.METRE.) );
#8604 = ( NAMED_UNIT(*) PLANE_ANGLE_UNIT() SI_UNIT($,.RADIAN.) );
#8605 = ( NAMED_UNIT(*) SI_UNIT($,.STERADIAN.) SOLID_ANGLE_UNIT() );
#8606 = UNCERTAINTY_MEASURE_WITH_UNIT(LENGTH_MEASURE(1.E-07),#8603,
  'distance_accuracy_value','confusion accuracy');
#8607 = CONTEXT_DEPENDENT_SHAPE_REPRESENTATION(#8608,#8610);
#8608 = ( REPRESENTATION_RELATIONSHIP('','',#8381,#10) 
REPRESENTATION_RELATIONSHIP_WITH_TRANSFORMATION(#8609) 
SHAPE_REPRESENTATION_RELATIONSHIP() );
#8609 = ITEM_DEFINED_TRANSFORMATION('','',#11,#155);
#8610 = PRODUCT_DEFINITION_SHAPE('Placement','Placement of an item',
  #8611);
#8611 = NEXT_ASSEMBLY_USAGE_OCCURRENCE('4090','Pad_30_1','',#5,#8376,$);
#8612 = PRODUCT_RELATED_PRODUCT_CATEGORY('part',$,(#8378));
#8613 = SHAPE_DEFINITION_REPRESENTATION(#8614,#8620);
#8614 = PRODUCT_DEFINITION_SHAPE('','',#8615);
#8615 = PRODUCT_DEFINITION('design','',#8616,#8619);
#8616 = PRODUCT_DEFINITION_FORMATION('','',#8617);
#8617 = PRODUCT('Pad_31_1','Pad_31_1','',(#8618));
#8618 = PRODUCT_CONTEXT('',#2,'mechanical');
#8619 = PRODUCT_DEFINITION_CONTEXT('part definition',#2,'design');
#8620 = ADVANCED_BREP_SHAPE_REPRESENTATION('',(#11,#8621),#8841);
#8621 = MANIFOLD_SOLID_BREP('',#8622);
#8622 = CLOSED_SHELL('',(#8623,#8663,#8712,#8737,#8762,#8795,#8812,#8829
    ));
#8623 = ADVANCED_FACE('',(#8624),#8658,.T.);
#8624 = FACE_BOUND('',#8625,.T.);
#8625 = EDGE_LOOP('',(#8626,#8636,#8644,#8652));
#8626 = ORIENTED_EDGE('',*,*,#8627,.F.);
#8627 = EDGE_CURVE('',#8628,#8630,#8632,.T.);
#8628 = VERTEX_POINT('',#8629);
#8629 = CARTESIAN_POINT('',(1.255,5.E-02,-0.5028323));
#8630 = VERTEX_POINT('',#8631);
#8631 = CARTESIAN_POINT('',(1.255,5.E-02,-0.4971677));
#8632 = LINE('',#8633,#8634);
#8633 = CARTESIAN_POINT('',(1.255,5.E-02,-0.635));
#8634 = VECTOR('',#8635,1.);
#8635 = DIRECTION('',(0.,0.,1.));
#8636 = ORIENTED_EDGE('',*,*,#8637,.T.);
#8637 = EDGE_CURVE('',#8628,#8638,#8640,.T.);
#8638 = VERTEX_POINT('',#8639);
#8639 = CARTESIAN_POINT('',(1.255,0.,-0.5028323));
#8640 = LINE('',#8641,#8642);
#8641 = CARTESIAN_POINT('',(1.255,5.E-02,-0.5028323));
#8642 = VECTOR('',#8643,1.);
#8643 = DIRECTION('',(0.,-1.,0.));
#8644 = ORIENTED_EDGE('',*,*,#8645,.T.);
#8645 = EDGE_CURVE('',#8638,#8646,#8648,.T.);
#8646 = VERTEX_POINT('',#8647);
#8647 = CARTESIAN_POINT('',(1.255,0.,-0.4971677));
#8648 = LINE('',#8649,#8650);
#8649 = CARTESIAN_POINT('',(1.255,0.,-0.635));
#8650 = VECTOR('',#8651,1.);
#8651 = DIRECTION('',(0.,0.,1.));
#8652 = ORIENTED_EDGE('',*,*,#8653,.F.);
#8653 = EDGE_CURVE('',#8630,#8646,#8654,.T.);
#8654 = LINE('',#8655,#8656);
#8655 = CARTESIAN_POINT('',(1.255,5.E-02,-0.4971677));
#8656 = VECTOR('',#8657,1.);
#8657 = DIRECTION('',(0.,-1.,0.));
#8658 = PLANE('',#8659);
#8659 = AXIS2_PLACEMENT_3D('',#8660,#8661,#8662);
#8660 = CARTESIAN_POINT('',(1.255,5.E-02,-0.635));
#8661 = DIRECTION('',(-1.,0.,0.));
#8662 = DIRECTION('',(0.,0.,1.));
#8663 = ADVANCED_FACE('',(#8664),#8707,.T.);
#8664 = FACE_BOUND('',#8665,.T.);
#8665 = EDGE_LOOP('',(#8666,#8667,#8676,#8684,#8692,#8700));
#8666 = ORIENTED_EDGE('',*,*,#8627,.T.);
#8667 = ORIENTED_EDGE('',*,*,#8668,.T.);
#8668 = EDGE_CURVE('',#8630,#8669,#8671,.T.);
#8669 = VERTEX_POINT('',#8670);
#8670 = CARTESIAN_POINT('',(1.3871677,5.E-02,-0.365));
#8671 = CIRCLE('',#8672,0.1321677);
#8672 = AXIS2_PLACEMENT_3D('',#8673,#8674,#8675);
#8673 = CARTESIAN_POINT('',(1.3871677,5.E-02,-0.4971677));
#8674 = DIRECTION('',(-0.,1.,0.));
#8675 = DIRECTION('',(0.,0.,-1.));
#8676 = ORIENTED_EDGE('',*,*,#8677,.T.);
#8677 = EDGE_CURVE('',#8669,#8678,#8680,.T.);
#8678 = VERTEX_POINT('',#8679);
#8679 = CARTESIAN_POINT('',(1.75,5.E-02,-0.365));
#8680 = LINE('',#8681,#8682);
#8681 = CARTESIAN_POINT('',(1.255,5.E-02,-0.365));
#8682 = VECTOR('',#8683,1.);
#8683 = DIRECTION('',(1.,0.,0.));
#8684 = ORIENTED_EDGE('',*,*,#8685,.T.);
#8685 = EDGE_CURVE('',#8678,#8686,#8688,.T.);
#8686 = VERTEX_POINT('',#8687);
#8687 = CARTESIAN_POINT('',(1.75,5.E-02,-0.635));
#8688 = LINE('',#8689,#8690);
#8689 = CARTESIAN_POINT('',(1.75,5.E-02,4.5));
#8690 = VECTOR('',#8691,1.);
#8691 = DIRECTION('',(0.,0.,-1.));
#8692 = ORIENTED_EDGE('',*,*,#8693,.T.);
#8693 = EDGE_CURVE('',#8686,#8694,#8696,.T.);
#8694 = VERTEX_POINT('',#8695);
#8695 = CARTESIAN_POINT('',(1.3871677,5.E-02,-0.635));
#8696 = LINE('',#8697,#8698);
#8697 = CARTESIAN_POINT('',(2.115,5.E-02,-0.635));
#8698 = VECTOR('',#8699,1.);
#8699 = DIRECTION('',(-1.,0.,0.));
#8700 = ORIENTED_EDGE('',*,*,#8701,.F.);
#8701 = EDGE_CURVE('',#8628,#8694,#8702,.T.);
#8702 = CIRCLE('',#8703,0.1321677);
#8703 = AXIS2_PLACEMENT_3D('',#8704,#8705,#8706);
#8704 = CARTESIAN_POINT('',(1.3871677,5.E-02,-0.5028323));
#8705 = DIRECTION('',(0.,-1.,0.));
#8706 = DIRECTION('',(0.,-0.,-1.));
#8707 = PLANE('',#8708);
#8708 = AXIS2_PLACEMENT_3D('',#8709,#8710,#8711);
#8709 = CARTESIAN_POINT('',(1.685,5.E-02,-0.5));
#8710 = DIRECTION('',(0.,1.,0.));
#8711 = DIRECTION('',(0.,0.,1.));
#8712 = ADVANCED_FACE('',(#8713),#8732,.T.);
#8713 = FACE_BOUND('',#8714,.T.);
#8714 = EDGE_LOOP('',(#8715,#8716,#8724,#8731));
#8715 = ORIENTED_EDGE('',*,*,#8701,.T.);
#8716 = ORIENTED_EDGE('',*,*,#8717,.T.);
#8717 = EDGE_CURVE('',#8694,#8718,#8720,.T.);
#8718 = VERTEX_POINT('',#8719);
#8719 = CARTESIAN_POINT('',(1.3871677,0.,-0.635));
#8720 = LINE('',#8721,#8722);
#8721 = CARTESIAN_POINT('',(1.3871677,5.E-02,-0.635));
#8722 = VECTOR('',#8723,1.);
#8723 = DIRECTION('',(0.,-1.,0.));
#8724 = ORIENTED_EDGE('',*,*,#8725,.F.);
#8725 = EDGE_CURVE('',#8638,#8718,#8726,.T.);
#8726 = CIRCLE('',#8727,0.1321677);
#8727 = AXIS2_PLACEMENT_3D('',#8728,#8729,#8730);
#8728 = CARTESIAN_POINT('',(1.3871677,1.387778780781E-17,-0.5028323));
#8729 = DIRECTION('',(0.,-1.,0.));
#8730 = DIRECTION('',(0.,-0.,-1.));
#8731 = ORIENTED_EDGE('',*,*,#8637,.F.);
#8732 = CYLINDRICAL_SURFACE('',#8733,0.1321677);
#8733 = AXIS2_PLACEMENT_3D('',#8734,#8735,#8736);
#8734 = CARTESIAN_POINT('',(1.3871677,5.E-02,-0.5028323));
#8735 = DIRECTION('',(0.,-1.,0.));
#8736 = DIRECTION('',(-1.,0.,0.));
#8737 = ADVANCED_FACE('',(#8738),#8757,.T.);
#8738 = FACE_BOUND('',#8739,.F.);
#8739 = EDGE_LOOP('',(#8740,#8741,#8749,#8756));
#8740 = ORIENTED_EDGE('',*,*,#8668,.T.);
#8741 = ORIENTED_EDGE('',*,*,#8742,.T.);
#8742 = EDGE_CURVE('',#8669,#8743,#8745,.T.);
#8743 = VERTEX_POINT('',#8744);
#8744 = CARTESIAN_POINT('',(1.3871677,0.,-0.365));
#8745 = LINE('',#8746,#8747);
#8746 = CARTESIAN_POINT('',(1.3871677,5.E-02,-0.365));
#8747 = VECTOR('',#8748,1.);
#8748 = DIRECTION('',(0.,-1.,0.));
#8749 = ORIENTED_EDGE('',*,*,#8750,.F.);
#8750 = EDGE_CURVE('',#8646,#8743,#8751,.T.);
#8751 = CIRCLE('',#8752,0.1321677);
#8752 = AXIS2_PLACEMENT_3D('',#8753,#8754,#8755);
#8753 = CARTESIAN_POINT('',(1.3871677,1.387778780781E-17,-0.4971677));
#8754 = DIRECTION('',(-0.,1.,0.));
#8755 = DIRECTION('',(0.,0.,-1.));
#8756 = ORIENTED_EDGE('',*,*,#8653,.F.);
#8757 = CYLINDRICAL_SURFACE('',#8758,0.1321677);
#8758 = AXIS2_PLACEMENT_3D('',#8759,#8760,#8761);
#8759 = CARTESIAN_POINT('',(1.3871677,5.E-02,-0.4971677));
#8760 = DIRECTION('',(0.,-1.,0.));
#8761 = DIRECTION('',(-1.,0.,0.));
#8762 = ADVANCED_FACE('',(#8763),#8790,.F.);
#8763 = FACE_BOUND('',#8764,.F.);
#8764 = EDGE_LOOP('',(#8765,#8766,#8767,#8775,#8783,#8789));
#8765 = ORIENTED_EDGE('',*,*,#8645,.T.);
#8766 = ORIENTED_EDGE('',*,*,#8750,.T.);
#8767 = ORIENTED_EDGE('',*,*,#8768,.T.);
#8768 = EDGE_CURVE('',#8743,#8769,#8771,.T.);
#8769 = VERTEX_POINT('',#8770);
#8770 = CARTESIAN_POINT('',(1.75,0.,-0.365));
#8771 = LINE('',#8772,#8773);
#8772 = CARTESIAN_POINT('',(1.255,0.,-0.365));
#8773 = VECTOR('',#8774,1.);
#8774 = DIRECTION('',(1.,0.,0.));
#8775 = ORIENTED_EDGE('',*,*,#8776,.T.);
#8776 = EDGE_CURVE('',#8769,#8777,#8779,.T.);
#8777 = VERTEX_POINT('',#8778);
#8778 = CARTESIAN_POINT('',(1.75,0.,-0.635));
#8779 = LINE('',#8780,#8781);
#8780 = CARTESIAN_POINT('',(1.75,0.,4.5));
#8781 = VECTOR('',#8782,1.);
#8782 = DIRECTION('',(0.,0.,-1.));
#8783 = ORIENTED_EDGE('',*,*,#8784,.T.);
#8784 = EDGE_CURVE('',#8777,#8718,#8785,.T.);
#8785 = LINE('',#8786,#8787);
#8786 = CARTESIAN_POINT('',(2.115,0.,-0.635));
#8787 = VECTOR('',#8788,1.);
#8788 = DIRECTION('',(-1.,0.,0.));
#8789 = ORIENTED_EDGE('',*,*,#8725,.F.);
#8790 = PLANE('',#8791);
#8791 = AXIS2_PLACEMENT_3D('',#8792,#8793,#8794);
#8792 = CARTESIAN_POINT('',(1.685,1.387778780781E-17,-0.5));
#8793 = DIRECTION('',(0.,1.,0.));
#8794 = DIRECTION('',(0.,0.,1.));
#8795 = ADVANCED_FACE('',(#8796),#8807,.T.);
#8796 = FACE_BOUND('',#8797,.T.);
#8797 = EDGE_LOOP('',(#8798,#8799,#8805,#8806));
#8798 = ORIENTED_EDGE('',*,*,#8693,.F.);
#8799 = ORIENTED_EDGE('',*,*,#8800,.T.);
#8800 = EDGE_CURVE('',#8686,#8777,#8801,.T.);
#8801 = LINE('',#8802,#8803);
#8802 = CARTESIAN_POINT('',(1.75,5.E-02,-0.635));
#8803 = VECTOR('',#8804,1.);
#8804 = DIRECTION('',(0.,-1.,0.));
#8805 = ORIENTED_EDGE('',*,*,#8784,.T.);
#8806 = ORIENTED_EDGE('',*,*,#8717,.F.);
#8807 = PLANE('',#8808);
#8808 = AXIS2_PLACEMENT_3D('',#8809,#8810,#8811);
#8809 = CARTESIAN_POINT('',(1.75,5.E-02,-0.635));
#8810 = DIRECTION('',(-0.,-0.,-1.));
#8811 = DIRECTION('',(-1.,0.,0.));
#8812 = ADVANCED_FACE('',(#8813),#8824,.T.);
#8813 = FACE_BOUND('',#8814,.T.);
#8814 = EDGE_LOOP('',(#8815,#8816,#8817,#8818));
#8815 = ORIENTED_EDGE('',*,*,#8677,.F.);
#8816 = ORIENTED_EDGE('',*,*,#8742,.T.);
#8817 = ORIENTED_EDGE('',*,*,#8768,.T.);
#8818 = ORIENTED_EDGE('',*,*,#8819,.F.);
#8819 = EDGE_CURVE('',#8678,#8769,#8820,.T.);
#8820 = LINE('',#8821,#8822);
#8821 = CARTESIAN_POINT('',(1.75,5.E-02,-0.365));
#8822 = VECTOR('',#8823,1.);
#8823 = DIRECTION('',(0.,-1.,0.));
#8824 = PLANE('',#8825);
#8825 = AXIS2_PLACEMENT_3D('',#8826,#8827,#8828);
#8826 = CARTESIAN_POINT('',(1.255,5.E-02,-0.365));
#8827 = DIRECTION('',(0.,0.,1.));
#8828 = DIRECTION('',(1.,0.,0.));
#8829 = ADVANCED_FACE('',(#8830),#8836,.T.);
#8830 = FACE_BOUND('',#8831,.T.);
#8831 = EDGE_LOOP('',(#8832,#8833,#8834,#8835));
#8832 = ORIENTED_EDGE('',*,*,#8819,.T.);
#8833 = ORIENTED_EDGE('',*,*,#8776,.T.);
#8834 = ORIENTED_EDGE('',*,*,#8800,.F.);
#8835 = ORIENTED_EDGE('',*,*,#8685,.F.);
#8836 = PLANE('',#8837);
#8837 = AXIS2_PLACEMENT_3D('',#8838,#8839,#8840);
#8838 = CARTESIAN_POINT('',(1.75,5.E-02,-0.365));
#8839 = DIRECTION('',(1.,0.,0.));
#8840 = DIRECTION('',(0.,0.,-1.));
#8841 = ( GEOMETRIC_REPRESENTATION_CONTEXT(3) 
GLOBAL_UNCERTAINTY_ASSIGNED_CONTEXT((#8845)) 
GLOBAL_UNIT_ASSIGNED_CONTEXT((#8842,#8843,#8844)) REPRESENTATION_CONTEXT
('Context #1','3D Context with UNIT and UNCERTAINTY') );
#8842 = ( LENGTH_UNIT() NAMED_UNIT(*) SI_UNIT(.MILLI.,.METRE.) );
#8843 = ( NAMED_UNIT(*) PLANE_ANGLE_UNIT() SI_UNIT($,.RADIAN.) );
#8844 = ( NAMED_UNIT(*) SI_UNIT($,.STERADIAN.) SOLID_ANGLE_UNIT() );
#8845 = UNCERTAINTY_MEASURE_WITH_UNIT(LENGTH_MEASURE(1.E-07),#8842,
  'distance_accuracy_value','confusion accuracy');
#8846 = CONTEXT_DEPENDENT_SHAPE_REPRESENTATION(#8847,#8849);
#8847 = ( REPRESENTATION_RELATIONSHIP('','',#8620,#10) 
REPRESENTATION_RELATIONSHIP_WITH_TRANSFORMATION(#8848) 
SHAPE_REPRESENTATION_RELATIONSHIP() );
#8848 = ITEM_DEFINED_TRANSFORMATION('','',#11,#159);
#8849 = PRODUCT_DEFINITION_SHAPE('Placement','Placement of an item',
  #8850);
#8850 = NEXT_ASSEMBLY_USAGE_OCCURRENCE('4091','Pad_31_1','',#5,#8615,$);
#8851 = PRODUCT_RELATED_PRODUCT_CATEGORY('part',$,(#8617));
#8852 = SHAPE_DEFINITION_REPRESENTATION(#8853,#8859);
#8853 = PRODUCT_DEFINITION_SHAPE('','',#8854);
#8854 = PRODUCT_DEFINITION('design','',#8855,#8858);
#8855 = PRODUCT_DEFINITION_FORMATION('','',#8856);
#8856 = PRODUCT('Pad_32_1','Pad_32_1','',(#8857));
#8857 = PRODUCT_CONTEXT('',#2,'mechanical');
#8858 = PRODUCT_DEFINITION_CONTEXT('part definition',#2,'design');
#8859 = ADVANCED_BREP_SHAPE_REPRESENTATION('',(#11,#8860),#9080);
#8860 = MANIFOLD_SOLID_BREP('',#8861);
#8861 = CLOSED_SHELL('',(#8862,#8902,#8951,#8976,#9001,#9034,#9051,#9068
    ));
#8862 = ADVANCED_FACE('',(#8863),#8897,.T.);
#8863 = FACE_BOUND('',#8864,.T.);
#8864 = EDGE_LOOP('',(#8865,#8875,#8883,#8891));
#8865 = ORIENTED_EDGE('',*,*,#8866,.F.);
#8866 = EDGE_CURVE('',#8867,#8869,#8871,.T.);
#8867 = VERTEX_POINT('',#8868);
#8868 = CARTESIAN_POINT('',(1.255,5.E-02,-1.0028323));
#8869 = VERTEX_POINT('',#8870);
#8870 = CARTESIAN_POINT('',(1.255,5.E-02,-0.9971677));
#8871 = LINE('',#8872,#8873);
#8872 = CARTESIAN_POINT('',(1.255,5.E-02,-1.135));
#8873 = VECTOR('',#8874,1.);
#8874 = DIRECTION('',(0.,0.,1.));
#8875 = ORIENTED_EDGE('',*,*,#8876,.T.);
#8876 = EDGE_CURVE('',#8867,#8877,#8879,.T.);
#8877 = VERTEX_POINT('',#8878);
#8878 = CARTESIAN_POINT('',(1.255,0.,-1.0028323));
#8879 = LINE('',#8880,#8881);
#8880 = CARTESIAN_POINT('',(1.255,5.E-02,-1.0028323));
#8881 = VECTOR('',#8882,1.);
#8882 = DIRECTION('',(0.,-1.,0.));
#8883 = ORIENTED_EDGE('',*,*,#8884,.T.);
#8884 = EDGE_CURVE('',#8877,#8885,#8887,.T.);
#8885 = VERTEX_POINT('',#8886);
#8886 = CARTESIAN_POINT('',(1.255,0.,-0.9971677));
#8887 = LINE('',#8888,#8889);
#8888 = CARTESIAN_POINT('',(1.255,0.,-1.135));
#8889 = VECTOR('',#8890,1.);
#8890 = DIRECTION('',(0.,0.,1.));
#8891 = ORIENTED_EDGE('',*,*,#8892,.F.);
#8892 = EDGE_CURVE('',#8869,#8885,#8893,.T.);
#8893 = LINE('',#8894,#8895);
#8894 = CARTESIAN_POINT('',(1.255,5.E-02,-0.9971677));
#8895 = VECTOR('',#8896,1.);
#8896 = DIRECTION('',(0.,-1.,0.));
#8897 = PLANE('',#8898);
#8898 = AXIS2_PLACEMENT_3D('',#8899,#8900,#8901);
#8899 = CARTESIAN_POINT('',(1.255,5.E-02,-1.135));
#8900 = DIRECTION('',(-1.,0.,0.));
#8901 = DIRECTION('',(0.,0.,1.));
#8902 = ADVANCED_FACE('',(#8903),#8946,.T.);
#8903 = FACE_BOUND('',#8904,.T.);
#8904 = EDGE_LOOP('',(#8905,#8906,#8915,#8923,#8931,#8939));
#8905 = ORIENTED_EDGE('',*,*,#8866,.T.);
#8906 = ORIENTED_EDGE('',*,*,#8907,.T.);
#8907 = EDGE_CURVE('',#8869,#8908,#8910,.T.);
#8908 = VERTEX_POINT('',#8909);
#8909 = CARTESIAN_POINT('',(1.3871677,5.E-02,-0.865));
#8910 = CIRCLE('',#8911,0.1321677);
#8911 = AXIS2_PLACEMENT_3D('',#8912,#8913,#8914);
#8912 = CARTESIAN_POINT('',(1.3871677,5.E-02,-0.9971677));
#8913 = DIRECTION('',(-0.,1.,0.));
#8914 = DIRECTION('',(0.,0.,-1.));
#8915 = ORIENTED_EDGE('',*,*,#8916,.T.);
#8916 = EDGE_CURVE('',#8908,#8917,#8919,.T.);
#8917 = VERTEX_POINT('',#8918);
#8918 = CARTESIAN_POINT('',(1.75,5.E-02,-0.865));
#8919 = LINE('',#8920,#8921);
#8920 = CARTESIAN_POINT('',(1.255,5.E-02,-0.865));
#8921 = VECTOR('',#8922,1.);
#8922 = DIRECTION('',(1.,0.,0.));
#8923 = ORIENTED_EDGE('',*,*,#8924,.T.);
#8924 = EDGE_CURVE('',#8917,#8925,#8927,.T.);
#8925 = VERTEX_POINT('',#8926);
#8926 = CARTESIAN_POINT('',(1.75,5.E-02,-1.135));
#8927 = LINE('',#8928,#8929);
#8928 = CARTESIAN_POINT('',(1.75,5.E-02,4.5));
#8929 = VECTOR('',#8930,1.);
#8930 = DIRECTION('',(0.,0.,-1.));
#8931 = ORIENTED_EDGE('',*,*,#8932,.T.);
#8932 = EDGE_CURVE('',#8925,#8933,#8935,.T.);
#8933 = VERTEX_POINT('',#8934);
#8934 = CARTESIAN_POINT('',(1.3871677,5.E-02,-1.135));
#8935 = LINE('',#8936,#8937);
#8936 = CARTESIAN_POINT('',(2.115,5.E-02,-1.135));
#8937 = VECTOR('',#8938,1.);
#8938 = DIRECTION('',(-1.,0.,0.));
#8939 = ORIENTED_EDGE('',*,*,#8940,.F.);
#8940 = EDGE_CURVE('',#8867,#8933,#8941,.T.);
#8941 = CIRCLE('',#8942,0.1321677);
#8942 = AXIS2_PLACEMENT_3D('',#8943,#8944,#8945);
#8943 = CARTESIAN_POINT('',(1.3871677,5.E-02,-1.0028323));
#8944 = DIRECTION('',(0.,-1.,0.));
#8945 = DIRECTION('',(0.,-0.,-1.));
#8946 = PLANE('',#8947);
#8947 = AXIS2_PLACEMENT_3D('',#8948,#8949,#8950);
#8948 = CARTESIAN_POINT('',(1.685,5.E-02,-1.));
#8949 = DIRECTION('',(0.,1.,0.));
#8950 = DIRECTION('',(0.,0.,1.));
#8951 = ADVANCED_FACE('',(#8952),#8971,.T.);
#8952 = FACE_BOUND('',#8953,.T.);
#8953 = EDGE_LOOP('',(#8954,#8955,#8963,#8970));
#8954 = ORIENTED_EDGE('',*,*,#8940,.T.);
#8955 = ORIENTED_EDGE('',*,*,#8956,.T.);
#8956 = EDGE_CURVE('',#8933,#8957,#8959,.T.);
#8957 = VERTEX_POINT('',#8958);
#8958 = CARTESIAN_POINT('',(1.3871677,0.,-1.135));
#8959 = LINE('',#8960,#8961);
#8960 = CARTESIAN_POINT('',(1.3871677,5.E-02,-1.135));
#8961 = VECTOR('',#8962,1.);
#8962 = DIRECTION('',(0.,-1.,0.));
#8963 = ORIENTED_EDGE('',*,*,#8964,.F.);
#8964 = EDGE_CURVE('',#8877,#8957,#8965,.T.);
#8965 = CIRCLE('',#8966,0.1321677);
#8966 = AXIS2_PLACEMENT_3D('',#8967,#8968,#8969);
#8967 = CARTESIAN_POINT('',(1.3871677,1.387778780781E-17,-1.0028323));
#8968 = DIRECTION('',(0.,-1.,0.));
#8969 = DIRECTION('',(0.,-0.,-1.));
#8970 = ORIENTED_EDGE('',*,*,#8876,.F.);
#8971 = CYLINDRICAL_SURFACE('',#8972,0.1321677);
#8972 = AXIS2_PLACEMENT_3D('',#8973,#8974,#8975);
#8973 = CARTESIAN_POINT('',(1.3871677,5.E-02,-1.0028323));
#8974 = DIRECTION('',(0.,-1.,0.));
#8975 = DIRECTION('',(-1.,0.,0.));
#8976 = ADVANCED_FACE('',(#8977),#8996,.T.);
#8977 = FACE_BOUND('',#8978,.F.);
#8978 = EDGE_LOOP('',(#8979,#8980,#8988,#8995));
#8979 = ORIENTED_EDGE('',*,*,#8907,.T.);
#8980 = ORIENTED_EDGE('',*,*,#8981,.T.);
#8981 = EDGE_CURVE('',#8908,#8982,#8984,.T.);
#8982 = VERTEX_POINT('',#8983);
#8983 = CARTESIAN_POINT('',(1.3871677,0.,-0.865));
#8984 = LINE('',#8985,#8986);
#8985 = CARTESIAN_POINT('',(1.3871677,5.E-02,-0.865));
#8986 = VECTOR('',#8987,1.);
#8987 = DIRECTION('',(0.,-1.,0.));
#8988 = ORIENTED_EDGE('',*,*,#8989,.F.);
#8989 = EDGE_CURVE('',#8885,#8982,#8990,.T.);
#8990 = CIRCLE('',#8991,0.1321677);
#8991 = AXIS2_PLACEMENT_3D('',#8992,#8993,#8994);
#8992 = CARTESIAN_POINT('',(1.3871677,1.387778780781E-17,-0.9971677));
#8993 = DIRECTION('',(-0.,1.,0.));
#8994 = DIRECTION('',(0.,0.,-1.));
#8995 = ORIENTED_EDGE('',*,*,#8892,.F.);
#8996 = CYLINDRICAL_SURFACE('',#8997,0.1321677);
#8997 = AXIS2_PLACEMENT_3D('',#8998,#8999,#9000);
#8998 = CARTESIAN_POINT('',(1.3871677,5.E-02,-0.9971677));
#8999 = DIRECTION('',(0.,-1.,0.));
#9000 = DIRECTION('',(-1.,0.,0.));
#9001 = ADVANCED_FACE('',(#9002),#9029,.F.);
#9002 = FACE_BOUND('',#9003,.F.);
#9003 = EDGE_LOOP('',(#9004,#9005,#9006,#9014,#9022,#9028));
#9004 = ORIENTED_EDGE('',*,*,#8884,.T.);
#9005 = ORIENTED_EDGE('',*,*,#8989,.T.);
#9006 = ORIENTED_EDGE('',*,*,#9007,.T.);
#9007 = EDGE_CURVE('',#8982,#9008,#9010,.T.);
#9008 = VERTEX_POINT('',#9009);
#9009 = CARTESIAN_POINT('',(1.75,0.,-0.865));
#9010 = LINE('',#9011,#9012);
#9011 = CARTESIAN_POINT('',(1.255,0.,-0.865));
#9012 = VECTOR('',#9013,1.);
#9013 = DIRECTION('',(1.,0.,0.));
#9014 = ORIENTED_EDGE('',*,*,#9015,.T.);
#9015 = EDGE_CURVE('',#9008,#9016,#9018,.T.);
#9016 = VERTEX_POINT('',#9017);
#9017 = CARTESIAN_POINT('',(1.75,0.,-1.135));
#9018 = LINE('',#9019,#9020);
#9019 = CARTESIAN_POINT('',(1.75,0.,4.5));
#9020 = VECTOR('',#9021,1.);
#9021 = DIRECTION('',(0.,0.,-1.));
#9022 = ORIENTED_EDGE('',*,*,#9023,.T.);
#9023 = EDGE_CURVE('',#9016,#8957,#9024,.T.);
#9024 = LINE('',#9025,#9026);
#9025 = CARTESIAN_POINT('',(2.115,0.,-1.135));
#9026 = VECTOR('',#9027,1.);
#9027 = DIRECTION('',(-1.,0.,0.));
#9028 = ORIENTED_EDGE('',*,*,#8964,.F.);
#9029 = PLANE('',#9030);
#9030 = AXIS2_PLACEMENT_3D('',#9031,#9032,#9033);
#9031 = CARTESIAN_POINT('',(1.685,1.387778780781E-17,-1.));
#9032 = DIRECTION('',(0.,1.,0.));
#9033 = DIRECTION('',(0.,0.,1.));
#9034 = ADVANCED_FACE('',(#9035),#9046,.T.);
#9035 = FACE_BOUND('',#9036,.T.);
#9036 = EDGE_LOOP('',(#9037,#9038,#9044,#9045));
#9037 = ORIENTED_EDGE('',*,*,#8932,.F.);
#9038 = ORIENTED_EDGE('',*,*,#9039,.T.);
#9039 = EDGE_CURVE('',#8925,#9016,#9040,.T.);
#9040 = LINE('',#9041,#9042);
#9041 = CARTESIAN_POINT('',(1.75,5.E-02,-1.135));
#9042 = VECTOR('',#9043,1.);
#9043 = DIRECTION('',(0.,-1.,0.));
#9044 = ORIENTED_EDGE('',*,*,#9023,.T.);
#9045 = ORIENTED_EDGE('',*,*,#8956,.F.);
#9046 = PLANE('',#9047);
#9047 = AXIS2_PLACEMENT_3D('',#9048,#9049,#9050);
#9048 = CARTESIAN_POINT('',(1.75,5.E-02,-1.135));
#9049 = DIRECTION('',(-0.,-0.,-1.));
#9050 = DIRECTION('',(-1.,0.,0.));
#9051 = ADVANCED_FACE('',(#9052),#9063,.T.);
#9052 = FACE_BOUND('',#9053,.T.);
#9053 = EDGE_LOOP('',(#9054,#9055,#9056,#9057));
#9054 = ORIENTED_EDGE('',*,*,#8916,.F.);
#9055 = ORIENTED_EDGE('',*,*,#8981,.T.);
#9056 = ORIENTED_EDGE('',*,*,#9007,.T.);
#9057 = ORIENTED_EDGE('',*,*,#9058,.F.);
#9058 = EDGE_CURVE('',#8917,#9008,#9059,.T.);
#9059 = LINE('',#9060,#9061);
#9060 = CARTESIAN_POINT('',(1.75,5.E-02,-0.865));
#9061 = VECTOR('',#9062,1.);
#9062 = DIRECTION('',(0.,-1.,0.));
#9063 = PLANE('',#9064);
#9064 = AXIS2_PLACEMENT_3D('',#9065,#9066,#9067);
#9065 = CARTESIAN_POINT('',(1.255,5.E-02,-0.865));
#9066 = DIRECTION('',(0.,0.,1.));
#9067 = DIRECTION('',(1.,0.,0.));
#9068 = ADVANCED_FACE('',(#9069),#9075,.T.);
#9069 = FACE_BOUND('',#9070,.T.);
#9070 = EDGE_LOOP('',(#9071,#9072,#9073,#9074));
#9071 = ORIENTED_EDGE('',*,*,#9058,.T.);
#9072 = ORIENTED_EDGE('',*,*,#9015,.T.);
#9073 = ORIENTED_EDGE('',*,*,#9039,.F.);
#9074 = ORIENTED_EDGE('',*,*,#8924,.F.);
#9075 = PLANE('',#9076);
#9076 = AXIS2_PLACEMENT_3D('',#9077,#9078,#9079);
#9077 = CARTESIAN_POINT('',(1.75,5.E-02,-0.865));
#9078 = DIRECTION('',(1.,0.,0.));
#9079 = DIRECTION('',(0.,0.,-1.));
#9080 = ( GEOMETRIC_REPRESENTATION_CONTEXT(3) 
GLOBAL_UNCERTAINTY_ASSIGNED_CONTEXT((#9084)) 
GLOBAL_UNIT_ASSIGNED_CONTEXT((#9081,#9082,#9083)) REPRESENTATION_CONTEXT
('Context #1','3D Context with UNIT and UNCERTAINTY') );
#9081 = ( LENGTH_UNIT() NAMED_UNIT(*) SI_UNIT(.MILLI.,.METRE.) );
#9082 = ( NAMED_UNIT(*) PLANE_ANGLE_UNIT() SI_UNIT($,.RADIAN.) );
#9083 = ( NAMED_UNIT(*) SI_UNIT($,.STERADIAN.) SOLID_ANGLE_UNIT() );
#9084 = UNCERTAINTY_MEASURE_WITH_UNIT(LENGTH_MEASURE(1.E-07),#9081,
  'distance_accuracy_value','confusion accuracy');
#9085 = CONTEXT_DEPENDENT_SHAPE_REPRESENTATION(#9086,#9088);
#9086 = ( REPRESENTATION_RELATIONSHIP('','',#8859,#10) 
REPRESENTATION_RELATIONSHIP_WITH_TRANSFORMATION(#9087) 
SHAPE_REPRESENTATION_RELATIONSHIP() );
#9087 = ITEM_DEFINED_TRANSFORMATION('','',#11,#163);
#9088 = PRODUCT_DEFINITION_SHAPE('Placement','Placement of an item',
  #9089);
#9089 = NEXT_ASSEMBLY_USAGE_OCCURRENCE('4092','Pad_32_1','',#5,#8854,$);
#9090 = PRODUCT_RELATED_PRODUCT_CATEGORY('part',$,(#8856));
#9091 = SHAPE_DEFINITION_REPRESENTATION(#9092,#9098);
#9092 = PRODUCT_DEFINITION_SHAPE('','',#9093);
#9093 = PRODUCT_DEFINITION('design','',#9094,#9097);
#9094 = PRODUCT_DEFINITION_FORMATION('','',#9095);
#9095 = PRODUCT('Pad_33_1','Pad_33_1','',(#9096));
#9096 = PRODUCT_CONTEXT('',#2,'mechanical');
#9097 = PRODUCT_DEFINITION_CONTEXT('part definition',#2,'design');
#9098 = ADVANCED_BREP_SHAPE_REPRESENTATION('',(#11,#9099),#9319);
#9099 = MANIFOLD_SOLID_BREP('',#9100);
#9100 = CLOSED_SHELL('',(#9101,#9141,#9190,#9215,#9240,#9273,#9290,#9307
    ));
#9101 = ADVANCED_FACE('',(#9102),#9136,.T.);
#9102 = FACE_BOUND('',#9103,.T.);
#9103 = EDGE_LOOP('',(#9104,#9114,#9122,#9130));
#9104 = ORIENTED_EDGE('',*,*,#9105,.F.);
#9105 = EDGE_CURVE('',#9106,#9108,#9110,.T.);
#9106 = VERTEX_POINT('',#9107);
#9107 = CARTESIAN_POINT('',(1.255,5.E-02,-1.5028323));
#9108 = VERTEX_POINT('',#9109);
#9109 = CARTESIAN_POINT('',(1.255,5.E-02,-1.4971677));
#9110 = LINE('',#9111,#9112);
#9111 = CARTESIAN_POINT('',(1.255,5.E-02,-1.635));
#9112 = VECTOR('',#9113,1.);
#9113 = DIRECTION('',(0.,0.,1.));
#9114 = ORIENTED_EDGE('',*,*,#9115,.T.);
#9115 = EDGE_CURVE('',#9106,#9116,#9118,.T.);
#9116 = VERTEX_POINT('',#9117);
#9117 = CARTESIAN_POINT('',(1.255,0.,-1.5028323));
#9118 = LINE('',#9119,#9120);
#9119 = CARTESIAN_POINT('',(1.255,5.E-02,-1.5028323));
#9120 = VECTOR('',#9121,1.);
#9121 = DIRECTION('',(0.,-1.,0.));
#9122 = ORIENTED_EDGE('',*,*,#9123,.T.);
#9123 = EDGE_CURVE('',#9116,#9124,#9126,.T.);
#9124 = VERTEX_POINT('',#9125);
#9125 = CARTESIAN_POINT('',(1.255,0.,-1.4971677));
#9126 = LINE('',#9127,#9128);
#9127 = CARTESIAN_POINT('',(1.255,0.,-1.635));
#9128 = VECTOR('',#9129,1.);
#9129 = DIRECTION('',(0.,0.,1.));
#9130 = ORIENTED_EDGE('',*,*,#9131,.F.);
#9131 = EDGE_CURVE('',#9108,#9124,#9132,.T.);
#9132 = LINE('',#9133,#9134);
#9133 = CARTESIAN_POINT('',(1.255,5.E-02,-1.4971677));
#9134 = VECTOR('',#9135,1.);
#9135 = DIRECTION('',(0.,-1.,0.));
#9136 = PLANE('',#9137);
#9137 = AXIS2_PLACEMENT_3D('',#9138,#9139,#9140);
#9138 = CARTESIAN_POINT('',(1.255,5.E-02,-1.635));
#9139 = DIRECTION('',(-1.,0.,0.));
#9140 = DIRECTION('',(0.,0.,1.));
#9141 = ADVANCED_FACE('',(#9142),#9185,.T.);
#9142 = FACE_BOUND('',#9143,.T.);
#9143 = EDGE_LOOP('',(#9144,#9145,#9154,#9162,#9170,#9178));
#9144 = ORIENTED_EDGE('',*,*,#9105,.T.);
#9145 = ORIENTED_EDGE('',*,*,#9146,.T.);
#9146 = EDGE_CURVE('',#9108,#9147,#9149,.T.);
#9147 = VERTEX_POINT('',#9148);
#9148 = CARTESIAN_POINT('',(1.3871677,5.E-02,-1.365));
#9149 = CIRCLE('',#9150,0.1321677);
#9150 = AXIS2_PLACEMENT_3D('',#9151,#9152,#9153);
#9151 = CARTESIAN_POINT('',(1.3871677,5.E-02,-1.4971677));
#9152 = DIRECTION('',(-0.,1.,0.));
#9153 = DIRECTION('',(0.,0.,-1.));
#9154 = ORIENTED_EDGE('',*,*,#9155,.T.);
#9155 = EDGE_CURVE('',#9147,#9156,#9158,.T.);
#9156 = VERTEX_POINT('',#9157);
#9157 = CARTESIAN_POINT('',(1.75,5.E-02,-1.365));
#9158 = LINE('',#9159,#9160);
#9159 = CARTESIAN_POINT('',(1.255,5.E-02,-1.365));
#9160 = VECTOR('',#9161,1.);
#9161 = DIRECTION('',(1.,0.,0.));
#9162 = ORIENTED_EDGE('',*,*,#9163,.T.);
#9163 = EDGE_CURVE('',#9156,#9164,#9166,.T.);
#9164 = VERTEX_POINT('',#9165);
#9165 = CARTESIAN_POINT('',(1.75,5.E-02,-1.635));
#9166 = LINE('',#9167,#9168);
#9167 = CARTESIAN_POINT('',(1.75,5.E-02,4.5));
#9168 = VECTOR('',#9169,1.);
#9169 = DIRECTION('',(0.,0.,-1.));
#9170 = ORIENTED_EDGE('',*,*,#9171,.T.);
#9171 = EDGE_CURVE('',#9164,#9172,#9174,.T.);
#9172 = VERTEX_POINT('',#9173);
#9173 = CARTESIAN_POINT('',(1.3871677,5.E-02,-1.635));
#9174 = LINE('',#9175,#9176);
#9175 = CARTESIAN_POINT('',(2.115,5.E-02,-1.635));
#9176 = VECTOR('',#9177,1.);
#9177 = DIRECTION('',(-1.,0.,0.));
#9178 = ORIENTED_EDGE('',*,*,#9179,.F.);
#9179 = EDGE_CURVE('',#9106,#9172,#9180,.T.);
#9180 = CIRCLE('',#9181,0.1321677);
#9181 = AXIS2_PLACEMENT_3D('',#9182,#9183,#9184);
#9182 = CARTESIAN_POINT('',(1.3871677,5.E-02,-1.5028323));
#9183 = DIRECTION('',(0.,-1.,0.));
#9184 = DIRECTION('',(0.,-0.,-1.));
#9185 = PLANE('',#9186);
#9186 = AXIS2_PLACEMENT_3D('',#9187,#9188,#9189);
#9187 = CARTESIAN_POINT('',(1.685,5.E-02,-1.5));
#9188 = DIRECTION('',(0.,1.,0.));
#9189 = DIRECTION('',(0.,0.,1.));
#9190 = ADVANCED_FACE('',(#9191),#9210,.T.);
#9191 = FACE_BOUND('',#9192,.T.);
#9192 = EDGE_LOOP('',(#9193,#9194,#9202,#9209));
#9193 = ORIENTED_EDGE('',*,*,#9179,.T.);
#9194 = ORIENTED_EDGE('',*,*,#9195,.T.);
#9195 = EDGE_CURVE('',#9172,#9196,#9198,.T.);
#9196 = VERTEX_POINT('',#9197);
#9197 = CARTESIAN_POINT('',(1.3871677,0.,-1.635));
#9198 = LINE('',#9199,#9200);
#9199 = CARTESIAN_POINT('',(1.3871677,5.E-02,-1.635));
#9200 = VECTOR('',#9201,1.);
#9201 = DIRECTION('',(0.,-1.,0.));
#9202 = ORIENTED_EDGE('',*,*,#9203,.F.);
#9203 = EDGE_CURVE('',#9116,#9196,#9204,.T.);
#9204 = CIRCLE('',#9205,0.1321677);
#9205 = AXIS2_PLACEMENT_3D('',#9206,#9207,#9208);
#9206 = CARTESIAN_POINT('',(1.3871677,1.387778780781E-17,-1.5028323));
#9207 = DIRECTION('',(0.,-1.,0.));
#9208 = DIRECTION('',(0.,-0.,-1.));
#9209 = ORIENTED_EDGE('',*,*,#9115,.F.);
#9210 = CYLINDRICAL_SURFACE('',#9211,0.1321677);
#9211 = AXIS2_PLACEMENT_3D('',#9212,#9213,#9214);
#9212 = CARTESIAN_POINT('',(1.3871677,5.E-02,-1.5028323));
#9213 = DIRECTION('',(0.,-1.,0.));
#9214 = DIRECTION('',(-1.,0.,0.));
#9215 = ADVANCED_FACE('',(#9216),#9235,.T.);
#9216 = FACE_BOUND('',#9217,.F.);
#9217 = EDGE_LOOP('',(#9218,#9219,#9227,#9234));
#9218 = ORIENTED_EDGE('',*,*,#9146,.T.);
#9219 = ORIENTED_EDGE('',*,*,#9220,.T.);
#9220 = EDGE_CURVE('',#9147,#9221,#9223,.T.);
#9221 = VERTEX_POINT('',#9222);
#9222 = CARTESIAN_POINT('',(1.3871677,0.,-1.365));
#9223 = LINE('',#9224,#9225);
#9224 = CARTESIAN_POINT('',(1.3871677,5.E-02,-1.365));
#9225 = VECTOR('',#9226,1.);
#9226 = DIRECTION('',(0.,-1.,0.));
#9227 = ORIENTED_EDGE('',*,*,#9228,.F.);
#9228 = EDGE_CURVE('',#9124,#9221,#9229,.T.);
#9229 = CIRCLE('',#9230,0.1321677);
#9230 = AXIS2_PLACEMENT_3D('',#9231,#9232,#9233);
#9231 = CARTESIAN_POINT('',(1.3871677,1.387778780781E-17,-1.4971677));
#9232 = DIRECTION('',(-0.,1.,0.));
#9233 = DIRECTION('',(0.,0.,-1.));
#9234 = ORIENTED_EDGE('',*,*,#9131,.F.);
#9235 = CYLINDRICAL_SURFACE('',#9236,0.1321677);
#9236 = AXIS2_PLACEMENT_3D('',#9237,#9238,#9239);
#9237 = CARTESIAN_POINT('',(1.3871677,5.E-02,-1.4971677));
#9238 = DIRECTION('',(0.,-1.,0.));
#9239 = DIRECTION('',(-1.,0.,0.));
#9240 = ADVANCED_FACE('',(#9241),#9268,.F.);
#9241 = FACE_BOUND('',#9242,.F.);
#9242 = EDGE_LOOP('',(#9243,#9244,#9245,#9253,#9261,#9267));
#9243 = ORIENTED_EDGE('',*,*,#9123,.T.);
#9244 = ORIENTED_EDGE('',*,*,#9228,.T.);
#9245 = ORIENTED_EDGE('',*,*,#9246,.T.);
#9246 = EDGE_CURVE('',#9221,#9247,#9249,.T.);
#9247 = VERTEX_POINT('',#9248);
#9248 = CARTESIAN_POINT('',(1.75,0.,-1.365));
#9249 = LINE('',#9250,#9251);
#9250 = CARTESIAN_POINT('',(1.255,0.,-1.365));
#9251 = VECTOR('',#9252,1.);
#9252 = DIRECTION('',(1.,0.,0.));
#9253 = ORIENTED_EDGE('',*,*,#9254,.T.);
#9254 = EDGE_CURVE('',#9247,#9255,#9257,.T.);
#9255 = VERTEX_POINT('',#9256);
#9256 = CARTESIAN_POINT('',(1.75,0.,-1.635));
#9257 = LINE('',#9258,#9259);
#9258 = CARTESIAN_POINT('',(1.75,0.,4.5));
#9259 = VECTOR('',#9260,1.);
#9260 = DIRECTION('',(0.,0.,-1.));
#9261 = ORIENTED_EDGE('',*,*,#9262,.T.);
#9262 = EDGE_CURVE('',#9255,#9196,#9263,.T.);
#9263 = LINE('',#9264,#9265);
#9264 = CARTESIAN_POINT('',(2.115,0.,-1.635));
#9265 = VECTOR('',#9266,1.);
#9266 = DIRECTION('',(-1.,0.,0.));
#9267 = ORIENTED_EDGE('',*,*,#9203,.F.);
#9268 = PLANE('',#9269);
#9269 = AXIS2_PLACEMENT_3D('',#9270,#9271,#9272);
#9270 = CARTESIAN_POINT('',(1.685,1.387778780781E-17,-1.5));
#9271 = DIRECTION('',(0.,1.,0.));
#9272 = DIRECTION('',(0.,0.,1.));
#9273 = ADVANCED_FACE('',(#9274),#9285,.T.);
#9274 = FACE_BOUND('',#9275,.T.);
#9275 = EDGE_LOOP('',(#9276,#9277,#9283,#9284));
#9276 = ORIENTED_EDGE('',*,*,#9171,.F.);
#9277 = ORIENTED_EDGE('',*,*,#9278,.T.);
#9278 = EDGE_CURVE('',#9164,#9255,#9279,.T.);
#9279 = LINE('',#9280,#9281);
#9280 = CARTESIAN_POINT('',(1.75,5.E-02,-1.635));
#9281 = VECTOR('',#9282,1.);
#9282 = DIRECTION('',(0.,-1.,0.));
#9283 = ORIENTED_EDGE('',*,*,#9262,.T.);
#9284 = ORIENTED_EDGE('',*,*,#9195,.F.);
#9285 = PLANE('',#9286);
#9286 = AXIS2_PLACEMENT_3D('',#9287,#9288,#9289);
#9287 = CARTESIAN_POINT('',(1.75,5.E-02,-1.635));
#9288 = DIRECTION('',(-0.,-0.,-1.));
#9289 = DIRECTION('',(-1.,0.,0.));
#9290 = ADVANCED_FACE('',(#9291),#9302,.T.);
#9291 = FACE_BOUND('',#9292,.T.);
#9292 = EDGE_LOOP('',(#9293,#9294,#9295,#9296));
#9293 = ORIENTED_EDGE('',*,*,#9155,.F.);
#9294 = ORIENTED_EDGE('',*,*,#9220,.T.);
#9295 = ORIENTED_EDGE('',*,*,#9246,.T.);
#9296 = ORIENTED_EDGE('',*,*,#9297,.F.);
#9297 = EDGE_CURVE('',#9156,#9247,#9298,.T.);
#9298 = LINE('',#9299,#9300);
#9299 = CARTESIAN_POINT('',(1.75,5.E-02,-1.365));
#9300 = VECTOR('',#9301,1.);
#9301 = DIRECTION('',(0.,-1.,0.));
#9302 = PLANE('',#9303);
#9303 = AXIS2_PLACEMENT_3D('',#9304,#9305,#9306);
#9304 = CARTESIAN_POINT('',(1.255,5.E-02,-1.365));
#9305 = DIRECTION('',(0.,0.,1.));
#9306 = DIRECTION('',(1.,0.,0.));
#9307 = ADVANCED_FACE('',(#9308),#9314,.T.);
#9308 = FACE_BOUND('',#9309,.T.);
#9309 = EDGE_LOOP('',(#9310,#9311,#9312,#9313));
#9310 = ORIENTED_EDGE('',*,*,#9297,.T.);
#9311 = ORIENTED_EDGE('',*,*,#9254,.T.);
#9312 = ORIENTED_EDGE('',*,*,#9278,.F.);
#9313 = ORIENTED_EDGE('',*,*,#9163,.F.);
#9314 = PLANE('',#9315);
#9315 = AXIS2_PLACEMENT_3D('',#9316,#9317,#9318);
#9316 = CARTESIAN_POINT('',(1.75,5.E-02,-1.365));
#9317 = DIRECTION('',(1.,0.,0.));
#9318 = DIRECTION('',(0.,0.,-1.));
#9319 = ( GEOMETRIC_REPRESENTATION_CONTEXT(3) 
GLOBAL_UNCERTAINTY_ASSIGNED_CONTEXT((#9323)) 
GLOBAL_UNIT_ASSIGNED_CONTEXT((#9320,#9321,#9322)) REPRESENTATION_CONTEXT
('Context #1','3D Context with UNIT and UNCERTAINTY') );
#9320 = ( LENGTH_UNIT() NAMED_UNIT(*) SI_UNIT(.MILLI.,.METRE.) );
#9321 = ( NAMED_UNIT(*) PLANE_ANGLE_UNIT() SI_UNIT($,.RADIAN.) );
#9322 = ( NAMED_UNIT(*) SI_UNIT($,.STERADIAN.) SOLID_ANGLE_UNIT() );
#9323 = UNCERTAINTY_MEASURE_WITH_UNIT(LENGTH_MEASURE(1.E-07),#9320,
  'distance_accuracy_value','confusion accuracy');
#9324 = CONTEXT_DEPENDENT_SHAPE_REPRESENTATION(#9325,#9327);
#9325 = ( REPRESENTATION_RELATIONSHIP('','',#9098,#10) 
REPRESENTATION_RELATIONSHIP_WITH_TRANSFORMATION(#9326) 
SHAPE_REPRESENTATION_RELATIONSHIP() );
#9326 = ITEM_DEFINED_TRANSFORMATION('','',#11,#167);
#9327 = PRODUCT_DEFINITION_SHAPE('Placement','Placement of an item',
  #9328);
#9328 = NEXT_ASSEMBLY_USAGE_OCCURRENCE('4093','Pad_33_1','',#5,#9093,$);
#9329 = PRODUCT_RELATED_PRODUCT_CATEGORY('part',$,(#9095));
#9330 = SHAPE_DEFINITION_REPRESENTATION(#9331,#9337);
#9331 = PRODUCT_DEFINITION_SHAPE('','',#9332);
#9332 = PRODUCT_DEFINITION('design','',#9333,#9336);
#9333 = PRODUCT_DEFINITION_FORMATION('','',#9334);
#9334 = PRODUCT('Pad_34_1','Pad_34_1','',(#9335));
#9335 = PRODUCT_CONTEXT('',#2,'mechanical');
#9336 = PRODUCT_DEFINITION_CONTEXT('part definition',#2,'design');
#9337 = ADVANCED_BREP_SHAPE_REPRESENTATION('',(#11,#9338),#9558);
#9338 = MANIFOLD_SOLID_BREP('',#9339);
#9339 = CLOSED_SHELL('',(#9340,#9380,#9429,#9454,#9479,#9512,#9529,#9546
    ));
#9340 = ADVANCED_FACE('',(#9341),#9375,.T.);
#9341 = FACE_BOUND('',#9342,.T.);
#9342 = EDGE_LOOP('',(#9343,#9353,#9361,#9369));
#9343 = ORIENTED_EDGE('',*,*,#9344,.F.);
#9344 = EDGE_CURVE('',#9345,#9347,#9349,.T.);
#9345 = VERTEX_POINT('',#9346);
#9346 = CARTESIAN_POINT('',(1.255,5.E-02,-2.0028323));
#9347 = VERTEX_POINT('',#9348);
#9348 = CARTESIAN_POINT('',(1.255,5.E-02,-1.9971677));
#9349 = LINE('',#9350,#9351);
#9350 = CARTESIAN_POINT('',(1.255,5.E-02,-2.135));
#9351 = VECTOR('',#9352,1.);
#9352 = DIRECTION('',(0.,0.,1.));
#9353 = ORIENTED_EDGE('',*,*,#9354,.T.);
#9354 = EDGE_CURVE('',#9345,#9355,#9357,.T.);
#9355 = VERTEX_POINT('',#9356);
#9356 = CARTESIAN_POINT('',(1.255,0.,-2.0028323));
#9357 = LINE('',#9358,#9359);
#9358 = CARTESIAN_POINT('',(1.255,5.E-02,-2.0028323));
#9359 = VECTOR('',#9360,1.);
#9360 = DIRECTION('',(0.,-1.,0.));
#9361 = ORIENTED_EDGE('',*,*,#9362,.T.);
#9362 = EDGE_CURVE('',#9355,#9363,#9365,.T.);
#9363 = VERTEX_POINT('',#9364);
#9364 = CARTESIAN_POINT('',(1.255,0.,-1.9971677));
#9365 = LINE('',#9366,#9367);
#9366 = CARTESIAN_POINT('',(1.255,0.,-2.135));
#9367 = VECTOR('',#9368,1.);
#9368 = DIRECTION('',(0.,0.,1.));
#9369 = ORIENTED_EDGE('',*,*,#9370,.F.);
#9370 = EDGE_CURVE('',#9347,#9363,#9371,.T.);
#9371 = LINE('',#9372,#9373);
#9372 = CARTESIAN_POINT('',(1.255,5.E-02,-1.9971677));
#9373 = VECTOR('',#9374,1.);
#9374 = DIRECTION('',(0.,-1.,0.));
#9375 = PLANE('',#9376);
#9376 = AXIS2_PLACEMENT_3D('',#9377,#9378,#9379);
#9377 = CARTESIAN_POINT('',(1.255,5.E-02,-2.135));
#9378 = DIRECTION('',(-1.,0.,0.));
#9379 = DIRECTION('',(0.,0.,1.));
#9380 = ADVANCED_FACE('',(#9381),#9424,.T.);
#9381 = FACE_BOUND('',#9382,.T.);
#9382 = EDGE_LOOP('',(#9383,#9384,#9393,#9401,#9409,#9417));
#9383 = ORIENTED_EDGE('',*,*,#9344,.T.);
#9384 = ORIENTED_EDGE('',*,*,#9385,.T.);
#9385 = EDGE_CURVE('',#9347,#9386,#9388,.T.);
#9386 = VERTEX_POINT('',#9387);
#9387 = CARTESIAN_POINT('',(1.3871677,5.E-02,-1.865));
#9388 = CIRCLE('',#9389,0.1321677);
#9389 = AXIS2_PLACEMENT_3D('',#9390,#9391,#9392);
#9390 = CARTESIAN_POINT('',(1.3871677,5.E-02,-1.9971677));
#9391 = DIRECTION('',(-0.,1.,0.));
#9392 = DIRECTION('',(0.,0.,-1.));
#9393 = ORIENTED_EDGE('',*,*,#9394,.T.);
#9394 = EDGE_CURVE('',#9386,#9395,#9397,.T.);
#9395 = VERTEX_POINT('',#9396);
#9396 = CARTESIAN_POINT('',(1.75,5.E-02,-1.865));
#9397 = LINE('',#9398,#9399);
#9398 = CARTESIAN_POINT('',(1.255,5.E-02,-1.865));
#9399 = VECTOR('',#9400,1.);
#9400 = DIRECTION('',(1.,0.,0.));
#9401 = ORIENTED_EDGE('',*,*,#9402,.T.);
#9402 = EDGE_CURVE('',#9395,#9403,#9405,.T.);
#9403 = VERTEX_POINT('',#9404);
#9404 = CARTESIAN_POINT('',(1.75,5.E-02,-2.135));
#9405 = LINE('',#9406,#9407);
#9406 = CARTESIAN_POINT('',(1.75,5.E-02,4.5));
#9407 = VECTOR('',#9408,1.);
#9408 = DIRECTION('',(0.,0.,-1.));
#9409 = ORIENTED_EDGE('',*,*,#9410,.T.);
#9410 = EDGE_CURVE('',#9403,#9411,#9413,.T.);
#9411 = VERTEX_POINT('',#9412);
#9412 = CARTESIAN_POINT('',(1.3871677,5.E-02,-2.135));
#9413 = LINE('',#9414,#9415);
#9414 = CARTESIAN_POINT('',(2.115,5.E-02,-2.135));
#9415 = VECTOR('',#9416,1.);
#9416 = DIRECTION('',(-1.,0.,0.));
#9417 = ORIENTED_EDGE('',*,*,#9418,.F.);
#9418 = EDGE_CURVE('',#9345,#9411,#9419,.T.);
#9419 = CIRCLE('',#9420,0.1321677);
#9420 = AXIS2_PLACEMENT_3D('',#9421,#9422,#9423);
#9421 = CARTESIAN_POINT('',(1.3871677,5.E-02,-2.0028323));
#9422 = DIRECTION('',(0.,-1.,0.));
#9423 = DIRECTION('',(0.,-0.,-1.));
#9424 = PLANE('',#9425);
#9425 = AXIS2_PLACEMENT_3D('',#9426,#9427,#9428);
#9426 = CARTESIAN_POINT('',(1.685,5.E-02,-2.));
#9427 = DIRECTION('',(0.,1.,0.));
#9428 = DIRECTION('',(0.,0.,1.));
#9429 = ADVANCED_FACE('',(#9430),#9449,.T.);
#9430 = FACE_BOUND('',#9431,.T.);
#9431 = EDGE_LOOP('',(#9432,#9433,#9441,#9448));
#9432 = ORIENTED_EDGE('',*,*,#9418,.T.);
#9433 = ORIENTED_EDGE('',*,*,#9434,.T.);
#9434 = EDGE_CURVE('',#9411,#9435,#9437,.T.);
#9435 = VERTEX_POINT('',#9436);
#9436 = CARTESIAN_POINT('',(1.3871677,0.,-2.135));
#9437 = LINE('',#9438,#9439);
#9438 = CARTESIAN_POINT('',(1.3871677,5.E-02,-2.135));
#9439 = VECTOR('',#9440,1.);
#9440 = DIRECTION('',(0.,-1.,0.));
#9441 = ORIENTED_EDGE('',*,*,#9442,.F.);
#9442 = EDGE_CURVE('',#9355,#9435,#9443,.T.);
#9443 = CIRCLE('',#9444,0.1321677);
#9444 = AXIS2_PLACEMENT_3D('',#9445,#9446,#9447);
#9445 = CARTESIAN_POINT('',(1.3871677,0.,-2.0028323));
#9446 = DIRECTION('',(0.,-1.,0.));
#9447 = DIRECTION('',(0.,-0.,-1.));
#9448 = ORIENTED_EDGE('',*,*,#9354,.F.);
#9449 = CYLINDRICAL_SURFACE('',#9450,0.1321677);
#9450 = AXIS2_PLACEMENT_3D('',#9451,#9452,#9453);
#9451 = CARTESIAN_POINT('',(1.3871677,5.E-02,-2.0028323));
#9452 = DIRECTION('',(0.,-1.,0.));
#9453 = DIRECTION('',(-1.,0.,0.));
#9454 = ADVANCED_FACE('',(#9455),#9474,.T.);
#9455 = FACE_BOUND('',#9456,.F.);
#9456 = EDGE_LOOP('',(#9457,#9458,#9466,#9473));
#9457 = ORIENTED_EDGE('',*,*,#9385,.T.);
#9458 = ORIENTED_EDGE('',*,*,#9459,.T.);
#9459 = EDGE_CURVE('',#9386,#9460,#9462,.T.);
#9460 = VERTEX_POINT('',#9461);
#9461 = CARTESIAN_POINT('',(1.3871677,0.,-1.865));
#9462 = LINE('',#9463,#9464);
#9463 = CARTESIAN_POINT('',(1.3871677,5.E-02,-1.865));
#9464 = VECTOR('',#9465,1.);
#9465 = DIRECTION('',(0.,-1.,0.));
#9466 = ORIENTED_EDGE('',*,*,#9467,.F.);
#9467 = EDGE_CURVE('',#9363,#9460,#9468,.T.);
#9468 = CIRCLE('',#9469,0.1321677);
#9469 = AXIS2_PLACEMENT_3D('',#9470,#9471,#9472);
#9470 = CARTESIAN_POINT('',(1.3871677,0.,-1.9971677));
#9471 = DIRECTION('',(-0.,1.,0.));
#9472 = DIRECTION('',(0.,0.,-1.));
#9473 = ORIENTED_EDGE('',*,*,#9370,.F.);
#9474 = CYLINDRICAL_SURFACE('',#9475,0.1321677);
#9475 = AXIS2_PLACEMENT_3D('',#9476,#9477,#9478);
#9476 = CARTESIAN_POINT('',(1.3871677,5.E-02,-1.9971677));
#9477 = DIRECTION('',(0.,-1.,0.));
#9478 = DIRECTION('',(-1.,0.,0.));
#9479 = ADVANCED_FACE('',(#9480),#9507,.F.);
#9480 = FACE_BOUND('',#9481,.F.);
#9481 = EDGE_LOOP('',(#9482,#9483,#9484,#9492,#9500,#9506));
#9482 = ORIENTED_EDGE('',*,*,#9362,.T.);
#9483 = ORIENTED_EDGE('',*,*,#9467,.T.);
#9484 = ORIENTED_EDGE('',*,*,#9485,.T.);
#9485 = EDGE_CURVE('',#9460,#9486,#9488,.T.);
#9486 = VERTEX_POINT('',#9487);
#9487 = CARTESIAN_POINT('',(1.75,0.,-1.865));
#9488 = LINE('',#9489,#9490);
#9489 = CARTESIAN_POINT('',(1.255,0.,-1.865));
#9490 = VECTOR('',#9491,1.);
#9491 = DIRECTION('',(1.,0.,0.));
#9492 = ORIENTED_EDGE('',*,*,#9493,.T.);
#9493 = EDGE_CURVE('',#9486,#9494,#9496,.T.);
#9494 = VERTEX_POINT('',#9495);
#9495 = CARTESIAN_POINT('',(1.75,0.,-2.135));
#9496 = LINE('',#9497,#9498);
#9497 = CARTESIAN_POINT('',(1.75,0.,4.5));
#9498 = VECTOR('',#9499,1.);
#9499 = DIRECTION('',(0.,0.,-1.));
#9500 = ORIENTED_EDGE('',*,*,#9501,.T.);
#9501 = EDGE_CURVE('',#9494,#9435,#9502,.T.);
#9502 = LINE('',#9503,#9504);
#9503 = CARTESIAN_POINT('',(2.115,0.,-2.135));
#9504 = VECTOR('',#9505,1.);
#9505 = DIRECTION('',(-1.,0.,0.));
#9506 = ORIENTED_EDGE('',*,*,#9442,.F.);
#9507 = PLANE('',#9508);
#9508 = AXIS2_PLACEMENT_3D('',#9509,#9510,#9511);
#9509 = CARTESIAN_POINT('',(1.685,0.,-2.));
#9510 = DIRECTION('',(0.,1.,0.));
#9511 = DIRECTION('',(0.,0.,1.));
#9512 = ADVANCED_FACE('',(#9513),#9524,.T.);
#9513 = FACE_BOUND('',#9514,.T.);
#9514 = EDGE_LOOP('',(#9515,#9516,#9522,#9523));
#9515 = ORIENTED_EDGE('',*,*,#9410,.F.);
#9516 = ORIENTED_EDGE('',*,*,#9517,.T.);
#9517 = EDGE_CURVE('',#9403,#9494,#9518,.T.);
#9518 = LINE('',#9519,#9520);
#9519 = CARTESIAN_POINT('',(1.75,5.E-02,-2.135));
#9520 = VECTOR('',#9521,1.);
#9521 = DIRECTION('',(0.,-1.,0.));
#9522 = ORIENTED_EDGE('',*,*,#9501,.T.);
#9523 = ORIENTED_EDGE('',*,*,#9434,.F.);
#9524 = PLANE('',#9525);
#9525 = AXIS2_PLACEMENT_3D('',#9526,#9527,#9528);
#9526 = CARTESIAN_POINT('',(1.75,5.E-02,-2.135));
#9527 = DIRECTION('',(-0.,-0.,-1.));
#9528 = DIRECTION('',(-1.,0.,0.));
#9529 = ADVANCED_FACE('',(#9530),#9541,.T.);
#9530 = FACE_BOUND('',#9531,.T.);
#9531 = EDGE_LOOP('',(#9532,#9533,#9534,#9535));
#9532 = ORIENTED_EDGE('',*,*,#9394,.F.);
#9533 = ORIENTED_EDGE('',*,*,#9459,.T.);
#9534 = ORIENTED_EDGE('',*,*,#9485,.T.);
#9535 = ORIENTED_EDGE('',*,*,#9536,.F.);
#9536 = EDGE_CURVE('',#9395,#9486,#9537,.T.);
#9537 = LINE('',#9538,#9539);
#9538 = CARTESIAN_POINT('',(1.75,5.E-02,-1.865));
#9539 = VECTOR('',#9540,1.);
#9540 = DIRECTION('',(0.,-1.,0.));
#9541 = PLANE('',#9542);
#9542 = AXIS2_PLACEMENT_3D('',#9543,#9544,#9545);
#9543 = CARTESIAN_POINT('',(1.255,5.E-02,-1.865));
#9544 = DIRECTION('',(0.,0.,1.));
#9545 = DIRECTION('',(1.,0.,0.));
#9546 = ADVANCED_FACE('',(#9547),#9553,.T.);
#9547 = FACE_BOUND('',#9548,.T.);
#9548 = EDGE_LOOP('',(#9549,#9550,#9551,#9552));
#9549 = ORIENTED_EDGE('',*,*,#9536,.T.);
#9550 = ORIENTED_EDGE('',*,*,#9493,.T.);
#9551 = ORIENTED_EDGE('',*,*,#9517,.F.);
#9552 = ORIENTED_EDGE('',*,*,#9402,.F.);
#9553 = PLANE('',#9554);
#9554 = AXIS2_PLACEMENT_3D('',#9555,#9556,#9557);
#9555 = CARTESIAN_POINT('',(1.75,5.E-02,-1.865));
#9556 = DIRECTION('',(1.,0.,0.));
#9557 = DIRECTION('',(0.,0.,-1.));
#9558 = ( GEOMETRIC_REPRESENTATION_CONTEXT(3) 
GLOBAL_UNCERTAINTY_ASSIGNED_CONTEXT((#9562)) 
GLOBAL_UNIT_ASSIGNED_CONTEXT((#9559,#9560,#9561)) REPRESENTATION_CONTEXT
('Context #1','3D Context with UNIT and UNCERTAINTY') );
#9559 = ( LENGTH_UNIT() NAMED_UNIT(*) SI_UNIT(.MILLI.,.METRE.) );
#9560 = ( NAMED_UNIT(*) PLANE_ANGLE_UNIT() SI_UNIT($,.RADIAN.) );
#9561 = ( NAMED_UNIT(*) SI_UNIT($,.STERADIAN.) SOLID_ANGLE_UNIT() );
#9562 = UNCERTAINTY_MEASURE_WITH_UNIT(LENGTH_MEASURE(1.E-07),#9559,
  'distance_accuracy_value','confusion accuracy');
#9563 = CONTEXT_DEPENDENT_SHAPE_REPRESENTATION(#9564,#9566);
#9564 = ( REPRESENTATION_RELATIONSHIP('','',#9337,#10) 
REPRESENTATION_RELATIONSHIP_WITH_TRANSFORMATION(#9565) 
SHAPE_REPRESENTATION_RELATIONSHIP() );
#9565 = ITEM_DEFINED_TRANSFORMATION('','',#11,#171);
#9566 = PRODUCT_DEFINITION_SHAPE('Placement','Placement of an item',
  #9567);
#9567 = NEXT_ASSEMBLY_USAGE_OCCURRENCE('4094','Pad_34_1','',#5,#9332,$);
#9568 = PRODUCT_RELATED_PRODUCT_CATEGORY('part',$,(#9334));
#9569 = SHAPE_DEFINITION_REPRESENTATION(#9570,#9576);
#9570 = PRODUCT_DEFINITION_SHAPE('','',#9571);
#9571 = PRODUCT_DEFINITION('design','',#9572,#9575);
#9572 = PRODUCT_DEFINITION_FORMATION('','',#9573);
#9573 = PRODUCT('Pad_35_1','Pad_35_1','',(#9574));
#9574 = PRODUCT_CONTEXT('',#2,'mechanical');
#9575 = PRODUCT_DEFINITION_CONTEXT('part definition',#2,'design');
#9576 = ADVANCED_BREP_SHAPE_REPRESENTATION('',(#11,#9577),#9797);
#9577 = MANIFOLD_SOLID_BREP('',#9578);
#9578 = CLOSED_SHELL('',(#9579,#9619,#9668,#9693,#9718,#9751,#9768,#9785
    ));
#9579 = ADVANCED_FACE('',(#9580),#9614,.T.);
#9580 = FACE_BOUND('',#9581,.T.);
#9581 = EDGE_LOOP('',(#9582,#9592,#9600,#9608));
#9582 = ORIENTED_EDGE('',*,*,#9583,.F.);
#9583 = EDGE_CURVE('',#9584,#9586,#9588,.T.);
#9584 = VERTEX_POINT('',#9585);
#9585 = CARTESIAN_POINT('',(1.255,5.E-02,-2.5028323));
#9586 = VERTEX_POINT('',#9587);
#9587 = CARTESIAN_POINT('',(1.255,5.E-02,-2.4971677));
#9588 = LINE('',#9589,#9590);
#9589 = CARTESIAN_POINT('',(1.255,5.E-02,-2.635));
#9590 = VECTOR('',#9591,1.);
#9591 = DIRECTION('',(0.,0.,1.));
#9592 = ORIENTED_EDGE('',*,*,#9593,.T.);
#9593 = EDGE_CURVE('',#9584,#9594,#9596,.T.);
#9594 = VERTEX_POINT('',#9595);
#9595 = CARTESIAN_POINT('',(1.255,0.,-2.5028323));
#9596 = LINE('',#9597,#9598);
#9597 = CARTESIAN_POINT('',(1.255,5.E-02,-2.5028323));
#9598 = VECTOR('',#9599,1.);
#9599 = DIRECTION('',(0.,-1.,0.));
#9600 = ORIENTED_EDGE('',*,*,#9601,.T.);
#9601 = EDGE_CURVE('',#9594,#9602,#9604,.T.);
#9602 = VERTEX_POINT('',#9603);
#9603 = CARTESIAN_POINT('',(1.255,0.,-2.4971677));
#9604 = LINE('',#9605,#9606);
#9605 = CARTESIAN_POINT('',(1.255,0.,-2.635));
#9606 = VECTOR('',#9607,1.);
#9607 = DIRECTION('',(0.,0.,1.));
#9608 = ORIENTED_EDGE('',*,*,#9609,.F.);
#9609 = EDGE_CURVE('',#9586,#9602,#9610,.T.);
#9610 = LINE('',#9611,#9612);
#9611 = CARTESIAN_POINT('',(1.255,5.E-02,-2.4971677));
#9612 = VECTOR('',#9613,1.);
#9613 = DIRECTION('',(0.,-1.,0.));
#9614 = PLANE('',#9615);
#9615 = AXIS2_PLACEMENT_3D('',#9616,#9617,#9618);
#9616 = CARTESIAN_POINT('',(1.255,5.E-02,-2.635));
#9617 = DIRECTION('',(-1.,0.,0.));
#9618 = DIRECTION('',(0.,0.,1.));
#9619 = ADVANCED_FACE('',(#9620),#9663,.T.);
#9620 = FACE_BOUND('',#9621,.T.);
#9621 = EDGE_LOOP('',(#9622,#9623,#9632,#9640,#9648,#9656));
#9622 = ORIENTED_EDGE('',*,*,#9583,.T.);
#9623 = ORIENTED_EDGE('',*,*,#9624,.T.);
#9624 = EDGE_CURVE('',#9586,#9625,#9627,.T.);
#9625 = VERTEX_POINT('',#9626);
#9626 = CARTESIAN_POINT('',(1.3871677,5.E-02,-2.365));
#9627 = CIRCLE('',#9628,0.1321677);
#9628 = AXIS2_PLACEMENT_3D('',#9629,#9630,#9631);
#9629 = CARTESIAN_POINT('',(1.3871677,5.E-02,-2.4971677));
#9630 = DIRECTION('',(-0.,1.,0.));
#9631 = DIRECTION('',(0.,0.,-1.));
#9632 = ORIENTED_EDGE('',*,*,#9633,.T.);
#9633 = EDGE_CURVE('',#9625,#9634,#9636,.T.);
#9634 = VERTEX_POINT('',#9635);
#9635 = CARTESIAN_POINT('',(1.75,5.E-02,-2.365));
#9636 = LINE('',#9637,#9638);
#9637 = CARTESIAN_POINT('',(1.255,5.E-02,-2.365));
#9638 = VECTOR('',#9639,1.);
#9639 = DIRECTION('',(1.,0.,0.));
#9640 = ORIENTED_EDGE('',*,*,#9641,.T.);
#9641 = EDGE_CURVE('',#9634,#9642,#9644,.T.);
#9642 = VERTEX_POINT('',#9643);
#9643 = CARTESIAN_POINT('',(1.75,5.E-02,-2.635));
#9644 = LINE('',#9645,#9646);
#9645 = CARTESIAN_POINT('',(1.75,5.E-02,4.5));
#9646 = VECTOR('',#9647,1.);
#9647 = DIRECTION('',(0.,0.,-1.));
#9648 = ORIENTED_EDGE('',*,*,#9649,.T.);
#9649 = EDGE_CURVE('',#9642,#9650,#9652,.T.);
#9650 = VERTEX_POINT('',#9651);
#9651 = CARTESIAN_POINT('',(1.3871677,5.E-02,-2.635));
#9652 = LINE('',#9653,#9654);
#9653 = CARTESIAN_POINT('',(2.115,5.E-02,-2.635));
#9654 = VECTOR('',#9655,1.);
#9655 = DIRECTION('',(-1.,0.,0.));
#9656 = ORIENTED_EDGE('',*,*,#9657,.F.);
#9657 = EDGE_CURVE('',#9584,#9650,#9658,.T.);
#9658 = CIRCLE('',#9659,0.1321677);
#9659 = AXIS2_PLACEMENT_3D('',#9660,#9661,#9662);
#9660 = CARTESIAN_POINT('',(1.3871677,5.E-02,-2.5028323));
#9661 = DIRECTION('',(0.,-1.,0.));
#9662 = DIRECTION('',(0.,-0.,-1.));
#9663 = PLANE('',#9664);
#9664 = AXIS2_PLACEMENT_3D('',#9665,#9666,#9667);
#9665 = CARTESIAN_POINT('',(1.685,5.E-02,-2.5));
#9666 = DIRECTION('',(0.,1.,0.));
#9667 = DIRECTION('',(0.,0.,1.));
#9668 = ADVANCED_FACE('',(#9669),#9688,.T.);
#9669 = FACE_BOUND('',#9670,.T.);
#9670 = EDGE_LOOP('',(#9671,#9672,#9680,#9687));
#9671 = ORIENTED_EDGE('',*,*,#9657,.T.);
#9672 = ORIENTED_EDGE('',*,*,#9673,.T.);
#9673 = EDGE_CURVE('',#9650,#9674,#9676,.T.);
#9674 = VERTEX_POINT('',#9675);
#9675 = CARTESIAN_POINT('',(1.3871677,0.,-2.635));
#9676 = LINE('',#9677,#9678);
#9677 = CARTESIAN_POINT('',(1.3871677,5.E-02,-2.635));
#9678 = VECTOR('',#9679,1.);
#9679 = DIRECTION('',(0.,-1.,0.));
#9680 = ORIENTED_EDGE('',*,*,#9681,.F.);
#9681 = EDGE_CURVE('',#9594,#9674,#9682,.T.);
#9682 = CIRCLE('',#9683,0.1321677);
#9683 = AXIS2_PLACEMENT_3D('',#9684,#9685,#9686);
#9684 = CARTESIAN_POINT('',(1.3871677,6.938893903907E-18,-2.5028323));
#9685 = DIRECTION('',(0.,-1.,0.));
#9686 = DIRECTION('',(0.,-0.,-1.));
#9687 = ORIENTED_EDGE('',*,*,#9593,.F.);
#9688 = CYLINDRICAL_SURFACE('',#9689,0.1321677);
#9689 = AXIS2_PLACEMENT_3D('',#9690,#9691,#9692);
#9690 = CARTESIAN_POINT('',(1.3871677,5.E-02,-2.5028323));
#9691 = DIRECTION('',(0.,-1.,0.));
#9692 = DIRECTION('',(-1.,0.,0.));
#9693 = ADVANCED_FACE('',(#9694),#9713,.T.);
#9694 = FACE_BOUND('',#9695,.F.);
#9695 = EDGE_LOOP('',(#9696,#9697,#9705,#9712));
#9696 = ORIENTED_EDGE('',*,*,#9624,.T.);
#9697 = ORIENTED_EDGE('',*,*,#9698,.T.);
#9698 = EDGE_CURVE('',#9625,#9699,#9701,.T.);
#9699 = VERTEX_POINT('',#9700);
#9700 = CARTESIAN_POINT('',(1.3871677,0.,-2.365));
#9701 = LINE('',#9702,#9703);
#9702 = CARTESIAN_POINT('',(1.3871677,5.E-02,-2.365));
#9703 = VECTOR('',#9704,1.);
#9704 = DIRECTION('',(0.,-1.,0.));
#9705 = ORIENTED_EDGE('',*,*,#9706,.F.);
#9706 = EDGE_CURVE('',#9602,#9699,#9707,.T.);
#9707 = CIRCLE('',#9708,0.1321677);
#9708 = AXIS2_PLACEMENT_3D('',#9709,#9710,#9711);
#9709 = CARTESIAN_POINT('',(1.3871677,6.938893903907E-18,-2.4971677));
#9710 = DIRECTION('',(-0.,1.,0.));
#9711 = DIRECTION('',(0.,0.,-1.));
#9712 = ORIENTED_EDGE('',*,*,#9609,.F.);
#9713 = CYLINDRICAL_SURFACE('',#9714,0.1321677);
#9714 = AXIS2_PLACEMENT_3D('',#9715,#9716,#9717);
#9715 = CARTESIAN_POINT('',(1.3871677,5.E-02,-2.4971677));
#9716 = DIRECTION('',(0.,-1.,0.));
#9717 = DIRECTION('',(-1.,0.,0.));
#9718 = ADVANCED_FACE('',(#9719),#9746,.F.);
#9719 = FACE_BOUND('',#9720,.F.);
#9720 = EDGE_LOOP('',(#9721,#9722,#9723,#9731,#9739,#9745));
#9721 = ORIENTED_EDGE('',*,*,#9601,.T.);
#9722 = ORIENTED_EDGE('',*,*,#9706,.T.);
#9723 = ORIENTED_EDGE('',*,*,#9724,.T.);
#9724 = EDGE_CURVE('',#9699,#9725,#9727,.T.);
#9725 = VERTEX_POINT('',#9726);
#9726 = CARTESIAN_POINT('',(1.75,0.,-2.365));
#9727 = LINE('',#9728,#9729);
#9728 = CARTESIAN_POINT('',(1.255,0.,-2.365));
#9729 = VECTOR('',#9730,1.);
#9730 = DIRECTION('',(1.,0.,0.));
#9731 = ORIENTED_EDGE('',*,*,#9732,.T.);
#9732 = EDGE_CURVE('',#9725,#9733,#9735,.T.);
#9733 = VERTEX_POINT('',#9734);
#9734 = CARTESIAN_POINT('',(1.75,0.,-2.635));
#9735 = LINE('',#9736,#9737);
#9736 = CARTESIAN_POINT('',(1.75,0.,4.5));
#9737 = VECTOR('',#9738,1.);
#9738 = DIRECTION('',(0.,0.,-1.));
#9739 = ORIENTED_EDGE('',*,*,#9740,.T.);
#9740 = EDGE_CURVE('',#9733,#9674,#9741,.T.);
#9741 = LINE('',#9742,#9743);
#9742 = CARTESIAN_POINT('',(2.115,0.,-2.635));
#9743 = VECTOR('',#9744,1.);
#9744 = DIRECTION('',(-1.,0.,0.));
#9745 = ORIENTED_EDGE('',*,*,#9681,.F.);
#9746 = PLANE('',#9747);
#9747 = AXIS2_PLACEMENT_3D('',#9748,#9749,#9750);
#9748 = CARTESIAN_POINT('',(1.685,6.938893903907E-18,-2.5));
#9749 = DIRECTION('',(0.,1.,0.));
#9750 = DIRECTION('',(0.,0.,1.));
#9751 = ADVANCED_FACE('',(#9752),#9763,.T.);
#9752 = FACE_BOUND('',#9753,.T.);
#9753 = EDGE_LOOP('',(#9754,#9755,#9761,#9762));
#9754 = ORIENTED_EDGE('',*,*,#9649,.F.);
#9755 = ORIENTED_EDGE('',*,*,#9756,.T.);
#9756 = EDGE_CURVE('',#9642,#9733,#9757,.T.);
#9757 = LINE('',#9758,#9759);
#9758 = CARTESIAN_POINT('',(1.75,5.E-02,-2.635));
#9759 = VECTOR('',#9760,1.);
#9760 = DIRECTION('',(0.,-1.,0.));
#9761 = ORIENTED_EDGE('',*,*,#9740,.T.);
#9762 = ORIENTED_EDGE('',*,*,#9673,.F.);
#9763 = PLANE('',#9764);
#9764 = AXIS2_PLACEMENT_3D('',#9765,#9766,#9767);
#9765 = CARTESIAN_POINT('',(1.75,5.E-02,-2.635));
#9766 = DIRECTION('',(-0.,-0.,-1.));
#9767 = DIRECTION('',(-1.,0.,0.));
#9768 = ADVANCED_FACE('',(#9769),#9780,.T.);
#9769 = FACE_BOUND('',#9770,.T.);
#9770 = EDGE_LOOP('',(#9771,#9772,#9773,#9774));
#9771 = ORIENTED_EDGE('',*,*,#9633,.F.);
#9772 = ORIENTED_EDGE('',*,*,#9698,.T.);
#9773 = ORIENTED_EDGE('',*,*,#9724,.T.);
#9774 = ORIENTED_EDGE('',*,*,#9775,.F.);
#9775 = EDGE_CURVE('',#9634,#9725,#9776,.T.);
#9776 = LINE('',#9777,#9778);
#9777 = CARTESIAN_POINT('',(1.75,5.E-02,-2.365));
#9778 = VECTOR('',#9779,1.);
#9779 = DIRECTION('',(0.,-1.,0.));
#9780 = PLANE('',#9781);
#9781 = AXIS2_PLACEMENT_3D('',#9782,#9783,#9784);
#9782 = CARTESIAN_POINT('',(1.255,5.E-02,-2.365));
#9783 = DIRECTION('',(0.,0.,1.));
#9784 = DIRECTION('',(1.,0.,0.));
#9785 = ADVANCED_FACE('',(#9786),#9792,.T.);
#9786 = FACE_BOUND('',#9787,.T.);
#9787 = EDGE_LOOP('',(#9788,#9789,#9790,#9791));
#9788 = ORIENTED_EDGE('',*,*,#9775,.T.);
#9789 = ORIENTED_EDGE('',*,*,#9732,.T.);
#9790 = ORIENTED_EDGE('',*,*,#9756,.F.);
#9791 = ORIENTED_EDGE('',*,*,#9641,.F.);
#9792 = PLANE('',#9793);
#9793 = AXIS2_PLACEMENT_3D('',#9794,#9795,#9796);
#9794 = CARTESIAN_POINT('',(1.75,5.E-02,-2.365));
#9795 = DIRECTION('',(1.,0.,0.));
#9796 = DIRECTION('',(0.,0.,-1.));
#9797 = ( GEOMETRIC_REPRESENTATION_CONTEXT(3) 
GLOBAL_UNCERTAINTY_ASSIGNED_CONTEXT((#9801)) 
GLOBAL_UNIT_ASSIGNED_CONTEXT((#9798,#9799,#9800)) REPRESENTATION_CONTEXT
('Context #1','3D Context with UNIT and UNCERTAINTY') );
#9798 = ( LENGTH_UNIT() NAMED_UNIT(*) SI_UNIT(.MILLI.,.METRE.) );
#9799 = ( NAMED_UNIT(*) PLANE_ANGLE_UNIT() SI_UNIT($,.RADIAN.) );
#9800 = ( NAMED_UNIT(*) SI_UNIT($,.STERADIAN.) SOLID_ANGLE_UNIT() );
#9801 = UNCERTAINTY_MEASURE_WITH_UNIT(LENGTH_MEASURE(1.E-07),#9798,
  'distance_accuracy_value','confusion accuracy');
#9802 = CONTEXT_DEPENDENT_SHAPE_REPRESENTATION(#9803,#9805);
#9803 = ( REPRESENTATION_RELATIONSHIP('','',#9576,#10) 
REPRESENTATION_RELATIONSHIP_WITH_TRANSFORMATION(#9804) 
SHAPE_REPRESENTATION_RELATIONSHIP() );
#9804 = ITEM_DEFINED_TRANSFORMATION('','',#11,#175);
#9805 = PRODUCT_DEFINITION_SHAPE('Placement','Placement of an item',
  #9806);
#9806 = NEXT_ASSEMBLY_USAGE_OCCURRENCE('4095','Pad_35_1','',#5,#9571,$);
#9807 = PRODUCT_RELATED_PRODUCT_CATEGORY('part',$,(#9573));
#9808 = SHAPE_DEFINITION_REPRESENTATION(#9809,#9815);
#9809 = PRODUCT_DEFINITION_SHAPE('','',#9810);
#9810 = PRODUCT_DEFINITION('design','',#9811,#9814);
#9811 = PRODUCT_DEFINITION_FORMATION('','',#9812);
#9812 = PRODUCT('Pad_36_1','Pad_36_1','',(#9813));
#9813 = PRODUCT_CONTEXT('',#2,'mechanical');
#9814 = PRODUCT_DEFINITION_CONTEXT('part definition',#2,'design');
#9815 = ADVANCED_BREP_SHAPE_REPRESENTATION('',(#11,#9816),#10036);
#9816 = MANIFOLD_SOLID_BREP('',#9817);
#9817 = CLOSED_SHELL('',(#9818,#9858,#9907,#9932,#9957,#9990,#10007,
    #10024));
#9818 = ADVANCED_FACE('',(#9819),#9853,.T.);
#9819 = FACE_BOUND('',#9820,.T.);
#9820 = EDGE_LOOP('',(#9821,#9831,#9839,#9847));
#9821 = ORIENTED_EDGE('',*,*,#9822,.F.);
#9822 = EDGE_CURVE('',#9823,#9825,#9827,.T.);
#9823 = VERTEX_POINT('',#9824);
#9824 = CARTESIAN_POINT('',(1.255,5.E-02,-3.0028323));
#9825 = VERTEX_POINT('',#9826);
#9826 = CARTESIAN_POINT('',(1.255,5.E-02,-2.9971677));
#9827 = LINE('',#9828,#9829);
#9828 = CARTESIAN_POINT('',(1.255,5.E-02,-3.135));
#9829 = VECTOR('',#9830,1.);
#9830 = DIRECTION('',(0.,0.,1.));
#9831 = ORIENTED_EDGE('',*,*,#9832,.T.);
#9832 = EDGE_CURVE('',#9823,#9833,#9835,.T.);
#9833 = VERTEX_POINT('',#9834);
#9834 = CARTESIAN_POINT('',(1.255,0.,-3.0028323));
#9835 = LINE('',#9836,#9837);
#9836 = CARTESIAN_POINT('',(1.255,5.E-02,-3.0028323));
#9837 = VECTOR('',#9838,1.);
#9838 = DIRECTION('',(0.,-1.,0.));
#9839 = ORIENTED_EDGE('',*,*,#9840,.T.);
#9840 = EDGE_CURVE('',#9833,#9841,#9843,.T.);
#9841 = VERTEX_POINT('',#9842);
#9842 = CARTESIAN_POINT('',(1.255,0.,-2.9971677));
#9843 = LINE('',#9844,#9845);
#9844 = CARTESIAN_POINT('',(1.255,0.,-3.135));
#9845 = VECTOR('',#9846,1.);
#9846 = DIRECTION('',(0.,0.,1.));
#9847 = ORIENTED_EDGE('',*,*,#9848,.F.);
#9848 = EDGE_CURVE('',#9825,#9841,#9849,.T.);
#9849 = LINE('',#9850,#9851);
#9850 = CARTESIAN_POINT('',(1.255,5.E-02,-2.9971677));
#9851 = VECTOR('',#9852,1.);
#9852 = DIRECTION('',(0.,-1.,0.));
#9853 = PLANE('',#9854);
#9854 = AXIS2_PLACEMENT_3D('',#9855,#9856,#9857);
#9855 = CARTESIAN_POINT('',(1.255,5.E-02,-3.135));
#9856 = DIRECTION('',(-1.,0.,0.));
#9857 = DIRECTION('',(0.,0.,1.));
#9858 = ADVANCED_FACE('',(#9859),#9902,.T.);
#9859 = FACE_BOUND('',#9860,.T.);
#9860 = EDGE_LOOP('',(#9861,#9862,#9871,#9879,#9887,#9895));
#9861 = ORIENTED_EDGE('',*,*,#9822,.T.);
#9862 = ORIENTED_EDGE('',*,*,#9863,.T.);
#9863 = EDGE_CURVE('',#9825,#9864,#9866,.T.);
#9864 = VERTEX_POINT('',#9865);
#9865 = CARTESIAN_POINT('',(1.3871677,5.E-02,-2.865));
#9866 = CIRCLE('',#9867,0.1321677);
#9867 = AXIS2_PLACEMENT_3D('',#9868,#9869,#9870);
#9868 = CARTESIAN_POINT('',(1.3871677,5.E-02,-2.9971677));
#9869 = DIRECTION('',(-0.,1.,0.));
#9870 = DIRECTION('',(0.,0.,-1.));
#9871 = ORIENTED_EDGE('',*,*,#9872,.T.);
#9872 = EDGE_CURVE('',#9864,#9873,#9875,.T.);
#9873 = VERTEX_POINT('',#9874);
#9874 = CARTESIAN_POINT('',(1.75,5.E-02,-2.865));
#9875 = LINE('',#9876,#9877);
#9876 = CARTESIAN_POINT('',(1.255,5.E-02,-2.865));
#9877 = VECTOR('',#9878,1.);
#9878 = DIRECTION('',(1.,0.,0.));
#9879 = ORIENTED_EDGE('',*,*,#9880,.T.);
#9880 = EDGE_CURVE('',#9873,#9881,#9883,.T.);
#9881 = VERTEX_POINT('',#9882);
#9882 = CARTESIAN_POINT('',(1.75,5.E-02,-3.135));
#9883 = LINE('',#9884,#9885);
#9884 = CARTESIAN_POINT('',(1.75,5.E-02,4.5));
#9885 = VECTOR('',#9886,1.);
#9886 = DIRECTION('',(0.,0.,-1.));
#9887 = ORIENTED_EDGE('',*,*,#9888,.T.);
#9888 = EDGE_CURVE('',#9881,#9889,#9891,.T.);
#9889 = VERTEX_POINT('',#9890);
#9890 = CARTESIAN_POINT('',(1.3871677,5.E-02,-3.135));
#9891 = LINE('',#9892,#9893);
#9892 = CARTESIAN_POINT('',(2.115,5.E-02,-3.135));
#9893 = VECTOR('',#9894,1.);
#9894 = DIRECTION('',(-1.,0.,0.));
#9895 = ORIENTED_EDGE('',*,*,#9896,.F.);
#9896 = EDGE_CURVE('',#9823,#9889,#9897,.T.);
#9897 = CIRCLE('',#9898,0.1321677);
#9898 = AXIS2_PLACEMENT_3D('',#9899,#9900,#9901);
#9899 = CARTESIAN_POINT('',(1.3871677,5.E-02,-3.0028323));
#9900 = DIRECTION('',(0.,-1.,0.));
#9901 = DIRECTION('',(0.,-0.,-1.));
#9902 = PLANE('',#9903);
#9903 = AXIS2_PLACEMENT_3D('',#9904,#9905,#9906);
#9904 = CARTESIAN_POINT('',(1.685,5.E-02,-3.));
#9905 = DIRECTION('',(0.,1.,0.));
#9906 = DIRECTION('',(0.,0.,1.));
#9907 = ADVANCED_FACE('',(#9908),#9927,.T.);
#9908 = FACE_BOUND('',#9909,.T.);
#9909 = EDGE_LOOP('',(#9910,#9911,#9919,#9926));
#9910 = ORIENTED_EDGE('',*,*,#9896,.T.);
#9911 = ORIENTED_EDGE('',*,*,#9912,.T.);
#9912 = EDGE_CURVE('',#9889,#9913,#9915,.T.);
#9913 = VERTEX_POINT('',#9914);
#9914 = CARTESIAN_POINT('',(1.3871677,0.,-3.135));
#9915 = LINE('',#9916,#9917);
#9916 = CARTESIAN_POINT('',(1.3871677,5.E-02,-3.135));
#9917 = VECTOR('',#9918,1.);
#9918 = DIRECTION('',(0.,-1.,0.));
#9919 = ORIENTED_EDGE('',*,*,#9920,.F.);
#9920 = EDGE_CURVE('',#9833,#9913,#9921,.T.);
#9921 = CIRCLE('',#9922,0.1321677);
#9922 = AXIS2_PLACEMENT_3D('',#9923,#9924,#9925);
#9923 = CARTESIAN_POINT('',(1.3871677,6.938893903907E-18,-3.0028323));
#9924 = DIRECTION('',(0.,-1.,0.));
#9925 = DIRECTION('',(0.,-0.,-1.));
#9926 = ORIENTED_EDGE('',*,*,#9832,.F.);
#9927 = CYLINDRICAL_SURFACE('',#9928,0.1321677);
#9928 = AXIS2_PLACEMENT_3D('',#9929,#9930,#9931);
#9929 = CARTESIAN_POINT('',(1.3871677,5.E-02,-3.0028323));
#9930 = DIRECTION('',(0.,-1.,0.));
#9931 = DIRECTION('',(-1.,0.,0.));
#9932 = ADVANCED_FACE('',(#9933),#9952,.T.);
#9933 = FACE_BOUND('',#9934,.F.);
#9934 = EDGE_LOOP('',(#9935,#9936,#9944,#9951));
#9935 = ORIENTED_EDGE('',*,*,#9863,.T.);
#9936 = ORIENTED_EDGE('',*,*,#9937,.T.);
#9937 = EDGE_CURVE('',#9864,#9938,#9940,.T.);
#9938 = VERTEX_POINT('',#9939);
#9939 = CARTESIAN_POINT('',(1.3871677,0.,-2.865));
#9940 = LINE('',#9941,#9942);
#9941 = CARTESIAN_POINT('',(1.3871677,5.E-02,-2.865));
#9942 = VECTOR('',#9943,1.);
#9943 = DIRECTION('',(0.,-1.,0.));
#9944 = ORIENTED_EDGE('',*,*,#9945,.F.);
#9945 = EDGE_CURVE('',#9841,#9938,#9946,.T.);
#9946 = CIRCLE('',#9947,0.1321677);
#9947 = AXIS2_PLACEMENT_3D('',#9948,#9949,#9950);
#9948 = CARTESIAN_POINT('',(1.3871677,6.938893903907E-18,-2.9971677));
#9949 = DIRECTION('',(-0.,1.,0.));
#9950 = DIRECTION('',(0.,0.,-1.));
#9951 = ORIENTED_EDGE('',*,*,#9848,.F.);
#9952 = CYLINDRICAL_SURFACE('',#9953,0.1321677);
#9953 = AXIS2_PLACEMENT_3D('',#9954,#9955,#9956);
#9954 = CARTESIAN_POINT('',(1.3871677,5.E-02,-2.9971677));
#9955 = DIRECTION('',(0.,-1.,0.));
#9956 = DIRECTION('',(-1.,0.,0.));
#9957 = ADVANCED_FACE('',(#9958),#9985,.F.);
#9958 = FACE_BOUND('',#9959,.F.);
#9959 = EDGE_LOOP('',(#9960,#9961,#9962,#9970,#9978,#9984));
#9960 = ORIENTED_EDGE('',*,*,#9840,.T.);
#9961 = ORIENTED_EDGE('',*,*,#9945,.T.);
#9962 = ORIENTED_EDGE('',*,*,#9963,.T.);
#9963 = EDGE_CURVE('',#9938,#9964,#9966,.T.);
#9964 = VERTEX_POINT('',#9965);
#9965 = CARTESIAN_POINT('',(1.75,0.,-2.865));
#9966 = LINE('',#9967,#9968);
#9967 = CARTESIAN_POINT('',(1.255,0.,-2.865));
#9968 = VECTOR('',#9969,1.);
#9969 = DIRECTION('',(1.,0.,0.));
#9970 = ORIENTED_EDGE('',*,*,#9971,.T.);
#9971 = EDGE_CURVE('',#9964,#9972,#9974,.T.);
#9972 = VERTEX_POINT('',#9973);
#9973 = CARTESIAN_POINT('',(1.75,0.,-3.135));
#9974 = LINE('',#9975,#9976);
#9975 = CARTESIAN_POINT('',(1.75,0.,4.5));
#9976 = VECTOR('',#9977,1.);
#9977 = DIRECTION('',(0.,0.,-1.));
#9978 = ORIENTED_EDGE('',*,*,#9979,.T.);
#9979 = EDGE_CURVE('',#9972,#9913,#9980,.T.);
#9980 = LINE('',#9981,#9982);
#9981 = CARTESIAN_POINT('',(2.115,0.,-3.135));
#9982 = VECTOR('',#9983,1.);
#9983 = DIRECTION('',(-1.,0.,0.));
#9984 = ORIENTED_EDGE('',*,*,#9920,.F.);
#9985 = PLANE('',#9986);
#9986 = AXIS2_PLACEMENT_3D('',#9987,#9988,#9989);
#9987 = CARTESIAN_POINT('',(1.685,6.938893903907E-18,-3.));
#9988 = DIRECTION('',(0.,1.,0.));
#9989 = DIRECTION('',(0.,0.,1.));
#9990 = ADVANCED_FACE('',(#9991),#10002,.T.);
#9991 = FACE_BOUND('',#9992,.T.);
#9992 = EDGE_LOOP('',(#9993,#9994,#10000,#10001));
#9993 = ORIENTED_EDGE('',*,*,#9888,.F.);
#9994 = ORIENTED_EDGE('',*,*,#9995,.T.);
#9995 = EDGE_CURVE('',#9881,#9972,#9996,.T.);
#9996 = LINE('',#9997,#9998);
#9997 = CARTESIAN_POINT('',(1.75,5.E-02,-3.135));
#9998 = VECTOR('',#9999,1.);
#9999 = DIRECTION('',(0.,-1.,0.));
#10000 = ORIENTED_EDGE('',*,*,#9979,.T.);
#10001 = ORIENTED_EDGE('',*,*,#9912,.F.);
#10002 = PLANE('',#10003);
#10003 = AXIS2_PLACEMENT_3D('',#10004,#10005,#10006);
#10004 = CARTESIAN_POINT('',(1.75,5.E-02,-3.135));
#10005 = DIRECTION('',(-0.,-0.,-1.));
#10006 = DIRECTION('',(-1.,0.,0.));
#10007 = ADVANCED_FACE('',(#10008),#10019,.T.);
#10008 = FACE_BOUND('',#10009,.T.);
#10009 = EDGE_LOOP('',(#10010,#10011,#10012,#10013));
#10010 = ORIENTED_EDGE('',*,*,#9872,.F.);
#10011 = ORIENTED_EDGE('',*,*,#9937,.T.);
#10012 = ORIENTED_EDGE('',*,*,#9963,.T.);
#10013 = ORIENTED_EDGE('',*,*,#10014,.F.);
#10014 = EDGE_CURVE('',#9873,#9964,#10015,.T.);
#10015 = LINE('',#10016,#10017);
#10016 = CARTESIAN_POINT('',(1.75,5.E-02,-2.865));
#10017 = VECTOR('',#10018,1.);
#10018 = DIRECTION('',(0.,-1.,0.));
#10019 = PLANE('',#10020);
#10020 = AXIS2_PLACEMENT_3D('',#10021,#10022,#10023);
#10021 = CARTESIAN_POINT('',(1.255,5.E-02,-2.865));
#10022 = DIRECTION('',(0.,0.,1.));
#10023 = DIRECTION('',(1.,0.,0.));
#10024 = ADVANCED_FACE('',(#10025),#10031,.T.);
#10025 = FACE_BOUND('',#10026,.T.);
#10026 = EDGE_LOOP('',(#10027,#10028,#10029,#10030));
#10027 = ORIENTED_EDGE('',*,*,#10014,.T.);
#10028 = ORIENTED_EDGE('',*,*,#9971,.T.);
#10029 = ORIENTED_EDGE('',*,*,#9995,.F.);
#10030 = ORIENTED_EDGE('',*,*,#9880,.F.);
#10031 = PLANE('',#10032);
#10032 = AXIS2_PLACEMENT_3D('',#10033,#10034,#10035);
#10033 = CARTESIAN_POINT('',(1.75,5.E-02,-2.865));
#10034 = DIRECTION('',(1.,0.,0.));
#10035 = DIRECTION('',(0.,0.,-1.));
#10036 = ( GEOMETRIC_REPRESENTATION_CONTEXT(3) 
GLOBAL_UNCERTAINTY_ASSIGNED_CONTEXT((#10040)) 
GLOBAL_UNIT_ASSIGNED_CONTEXT((#10037,#10038,#10039)) 
REPRESENTATION_CONTEXT('Context #1',
  '3D Context with UNIT and UNCERTAINTY') );
#10037 = ( LENGTH_UNIT() NAMED_UNIT(*) SI_UNIT(.MILLI.,.METRE.) );
#10038 = ( NAMED_UNIT(*) PLANE_ANGLE_UNIT() SI_UNIT($,.RADIAN.) );
#10039 = ( NAMED_UNIT(*) SI_UNIT($,.STERADIAN.) SOLID_ANGLE_UNIT() );
#10040 = UNCERTAINTY_MEASURE_WITH_UNIT(LENGTH_MEASURE(1.E-07),#10037,
  'distance_accuracy_value','confusion accuracy');
#10041 = CONTEXT_DEPENDENT_SHAPE_REPRESENTATION(#10042,#10044);
#10042 = ( REPRESENTATION_RELATIONSHIP('','',#9815,#10) 
REPRESENTATION_RELATIONSHIP_WITH_TRANSFORMATION(#10043) 
SHAPE_REPRESENTATION_RELATIONSHIP() );
#10043 = ITEM_DEFINED_TRANSFORMATION('','',#11,#179);
#10044 = PRODUCT_DEFINITION_SHAPE('Placement','Placement of an item',
  #10045);
#10045 = NEXT_ASSEMBLY_USAGE_OCCURRENCE('4096','Pad_36_1','',#5,#9810,$
  );
#10046 = PRODUCT_RELATED_PRODUCT_CATEGORY('part',$,(#9812));
#10047 = SHAPE_DEFINITION_REPRESENTATION(#10048,#10054);
#10048 = PRODUCT_DEFINITION_SHAPE('','',#10049);
#10049 = PRODUCT_DEFINITION('design','',#10050,#10053);
#10050 = PRODUCT_DEFINITION_FORMATION('','',#10051);
#10051 = PRODUCT('Pad_37_1','Pad_37_1','',(#10052));
#10052 = PRODUCT_CONTEXT('',#2,'mechanical');
#10053 = PRODUCT_DEFINITION_CONTEXT('part definition',#2,'design');
#10054 = ADVANCED_BREP_SHAPE_REPRESENTATION('',(#11,#10055),#10275);
#10055 = MANIFOLD_SOLID_BREP('',#10056);
#10056 = CLOSED_SHELL('',(#10057,#10097,#10146,#10171,#10196,#10229,
    #10246,#10263));
#10057 = ADVANCED_FACE('',(#10058),#10092,.T.);
#10058 = FACE_BOUND('',#10059,.T.);
#10059 = EDGE_LOOP('',(#10060,#10070,#10078,#10086));
#10060 = ORIENTED_EDGE('',*,*,#10061,.F.);
#10061 = EDGE_CURVE('',#10062,#10064,#10066,.T.);
#10062 = VERTEX_POINT('',#10063);
#10063 = CARTESIAN_POINT('',(1.255,5.E-02,-3.5028323));
#10064 = VERTEX_POINT('',#10065);
#10065 = CARTESIAN_POINT('',(1.255,5.E-02,-3.4971677));
#10066 = LINE('',#10067,#10068);
#10067 = CARTESIAN_POINT('',(1.255,5.E-02,-3.635));
#10068 = VECTOR('',#10069,1.);
#10069 = DIRECTION('',(0.,0.,1.));
#10070 = ORIENTED_EDGE('',*,*,#10071,.T.);
#10071 = EDGE_CURVE('',#10062,#10072,#10074,.T.);
#10072 = VERTEX_POINT('',#10073);
#10073 = CARTESIAN_POINT('',(1.255,0.,-3.5028323));
#10074 = LINE('',#10075,#10076);
#10075 = CARTESIAN_POINT('',(1.255,5.E-02,-3.5028323));
#10076 = VECTOR('',#10077,1.);
#10077 = DIRECTION('',(0.,-1.,0.));
#10078 = ORIENTED_EDGE('',*,*,#10079,.T.);
#10079 = EDGE_CURVE('',#10072,#10080,#10082,.T.);
#10080 = VERTEX_POINT('',#10081);
#10081 = CARTESIAN_POINT('',(1.255,0.,-3.4971677));
#10082 = LINE('',#10083,#10084);
#10083 = CARTESIAN_POINT('',(1.255,0.,-3.635));
#10084 = VECTOR('',#10085,1.);
#10085 = DIRECTION('',(0.,0.,1.));
#10086 = ORIENTED_EDGE('',*,*,#10087,.F.);
#10087 = EDGE_CURVE('',#10064,#10080,#10088,.T.);
#10088 = LINE('',#10089,#10090);
#10089 = CARTESIAN_POINT('',(1.255,5.E-02,-3.4971677));
#10090 = VECTOR('',#10091,1.);
#10091 = DIRECTION('',(0.,-1.,0.));
#10092 = PLANE('',#10093);
#10093 = AXIS2_PLACEMENT_3D('',#10094,#10095,#10096);
#10094 = CARTESIAN_POINT('',(1.255,5.E-02,-3.635));
#10095 = DIRECTION('',(-1.,0.,0.));
#10096 = DIRECTION('',(0.,0.,1.));
#10097 = ADVANCED_FACE('',(#10098),#10141,.T.);
#10098 = FACE_BOUND('',#10099,.T.);
#10099 = EDGE_LOOP('',(#10100,#10101,#10110,#10118,#10126,#10134));
#10100 = ORIENTED_EDGE('',*,*,#10061,.T.);
#10101 = ORIENTED_EDGE('',*,*,#10102,.T.);
#10102 = EDGE_CURVE('',#10064,#10103,#10105,.T.);
#10103 = VERTEX_POINT('',#10104);
#10104 = CARTESIAN_POINT('',(1.3871677,5.E-02,-3.365));
#10105 = CIRCLE('',#10106,0.1321677);
#10106 = AXIS2_PLACEMENT_3D('',#10107,#10108,#10109);
#10107 = CARTESIAN_POINT('',(1.3871677,5.E-02,-3.4971677));
#10108 = DIRECTION('',(-0.,1.,0.));
#10109 = DIRECTION('',(0.,0.,-1.));
#10110 = ORIENTED_EDGE('',*,*,#10111,.T.);
#10111 = EDGE_CURVE('',#10103,#10112,#10114,.T.);
#10112 = VERTEX_POINT('',#10113);
#10113 = CARTESIAN_POINT('',(1.75,5.E-02,-3.365));
#10114 = LINE('',#10115,#10116);
#10115 = CARTESIAN_POINT('',(1.255,5.E-02,-3.365));
#10116 = VECTOR('',#10117,1.);
#10117 = DIRECTION('',(1.,0.,0.));
#10118 = ORIENTED_EDGE('',*,*,#10119,.T.);
#10119 = EDGE_CURVE('',#10112,#10120,#10122,.T.);
#10120 = VERTEX_POINT('',#10121);
#10121 = CARTESIAN_POINT('',(1.75,5.E-02,-3.635));
#10122 = LINE('',#10123,#10124);
#10123 = CARTESIAN_POINT('',(1.75,5.E-02,4.5));
#10124 = VECTOR('',#10125,1.);
#10125 = DIRECTION('',(0.,0.,-1.));
#10126 = ORIENTED_EDGE('',*,*,#10127,.T.);
#10127 = EDGE_CURVE('',#10120,#10128,#10130,.T.);
#10128 = VERTEX_POINT('',#10129);
#10129 = CARTESIAN_POINT('',(1.3871677,5.E-02,-3.635));
#10130 = LINE('',#10131,#10132);
#10131 = CARTESIAN_POINT('',(2.115,5.E-02,-3.635));
#10132 = VECTOR('',#10133,1.);
#10133 = DIRECTION('',(-1.,0.,0.));
#10134 = ORIENTED_EDGE('',*,*,#10135,.F.);
#10135 = EDGE_CURVE('',#10062,#10128,#10136,.T.);
#10136 = CIRCLE('',#10137,0.1321677);
#10137 = AXIS2_PLACEMENT_3D('',#10138,#10139,#10140);
#10138 = CARTESIAN_POINT('',(1.3871677,5.E-02,-3.5028323));
#10139 = DIRECTION('',(0.,-1.,0.));
#10140 = DIRECTION('',(0.,-0.,-1.));
#10141 = PLANE('',#10142);
#10142 = AXIS2_PLACEMENT_3D('',#10143,#10144,#10145);
#10143 = CARTESIAN_POINT('',(1.685,5.E-02,-3.5));
#10144 = DIRECTION('',(0.,1.,0.));
#10145 = DIRECTION('',(0.,0.,1.));
#10146 = ADVANCED_FACE('',(#10147),#10166,.T.);
#10147 = FACE_BOUND('',#10148,.T.);
#10148 = EDGE_LOOP('',(#10149,#10150,#10158,#10165));
#10149 = ORIENTED_EDGE('',*,*,#10135,.T.);
#10150 = ORIENTED_EDGE('',*,*,#10151,.T.);
#10151 = EDGE_CURVE('',#10128,#10152,#10154,.T.);
#10152 = VERTEX_POINT('',#10153);
#10153 = CARTESIAN_POINT('',(1.3871677,0.,-3.635));
#10154 = LINE('',#10155,#10156);
#10155 = CARTESIAN_POINT('',(1.3871677,5.E-02,-3.635));
#10156 = VECTOR('',#10157,1.);
#10157 = DIRECTION('',(0.,-1.,0.));
#10158 = ORIENTED_EDGE('',*,*,#10159,.F.);
#10159 = EDGE_CURVE('',#10072,#10152,#10160,.T.);
#10160 = CIRCLE('',#10161,0.1321677);
#10161 = AXIS2_PLACEMENT_3D('',#10162,#10163,#10164);
#10162 = CARTESIAN_POINT('',(1.3871677,6.938893903907E-18,-3.5028323));
#10163 = DIRECTION('',(0.,-1.,0.));
#10164 = DIRECTION('',(0.,-0.,-1.));
#10165 = ORIENTED_EDGE('',*,*,#10071,.F.);
#10166 = CYLINDRICAL_SURFACE('',#10167,0.1321677);
#10167 = AXIS2_PLACEMENT_3D('',#10168,#10169,#10170);
#10168 = CARTESIAN_POINT('',(1.3871677,5.E-02,-3.5028323));
#10169 = DIRECTION('',(0.,-1.,0.));
#10170 = DIRECTION('',(-1.,0.,0.));
#10171 = ADVANCED_FACE('',(#10172),#10191,.T.);
#10172 = FACE_BOUND('',#10173,.F.);
#10173 = EDGE_LOOP('',(#10174,#10175,#10183,#10190));
#10174 = ORIENTED_EDGE('',*,*,#10102,.T.);
#10175 = ORIENTED_EDGE('',*,*,#10176,.T.);
#10176 = EDGE_CURVE('',#10103,#10177,#10179,.T.);
#10177 = VERTEX_POINT('',#10178);
#10178 = CARTESIAN_POINT('',(1.3871677,0.,-3.365));
#10179 = LINE('',#10180,#10181);
#10180 = CARTESIAN_POINT('',(1.3871677,5.E-02,-3.365));
#10181 = VECTOR('',#10182,1.);
#10182 = DIRECTION('',(0.,-1.,0.));
#10183 = ORIENTED_EDGE('',*,*,#10184,.F.);
#10184 = EDGE_CURVE('',#10080,#10177,#10185,.T.);
#10185 = CIRCLE('',#10186,0.1321677);
#10186 = AXIS2_PLACEMENT_3D('',#10187,#10188,#10189);
#10187 = CARTESIAN_POINT('',(1.3871677,6.938893903907E-18,-3.4971677));
#10188 = DIRECTION('',(-0.,1.,0.));
#10189 = DIRECTION('',(0.,0.,-1.));
#10190 = ORIENTED_EDGE('',*,*,#10087,.F.);
#10191 = CYLINDRICAL_SURFACE('',#10192,0.1321677);
#10192 = AXIS2_PLACEMENT_3D('',#10193,#10194,#10195);
#10193 = CARTESIAN_POINT('',(1.3871677,5.E-02,-3.4971677));
#10194 = DIRECTION('',(0.,-1.,0.));
#10195 = DIRECTION('',(-1.,0.,0.));
#10196 = ADVANCED_FACE('',(#10197),#10224,.F.);
#10197 = FACE_BOUND('',#10198,.F.);
#10198 = EDGE_LOOP('',(#10199,#10200,#10201,#10209,#10217,#10223));
#10199 = ORIENTED_EDGE('',*,*,#10079,.T.);
#10200 = ORIENTED_EDGE('',*,*,#10184,.T.);
#10201 = ORIENTED_EDGE('',*,*,#10202,.T.);
#10202 = EDGE_CURVE('',#10177,#10203,#10205,.T.);
#10203 = VERTEX_POINT('',#10204);
#10204 = CARTESIAN_POINT('',(1.75,0.,-3.365));
#10205 = LINE('',#10206,#10207);
#10206 = CARTESIAN_POINT('',(1.255,0.,-3.365));
#10207 = VECTOR('',#10208,1.);
#10208 = DIRECTION('',(1.,0.,0.));
#10209 = ORIENTED_EDGE('',*,*,#10210,.T.);
#10210 = EDGE_CURVE('',#10203,#10211,#10213,.T.);
#10211 = VERTEX_POINT('',#10212);
#10212 = CARTESIAN_POINT('',(1.75,0.,-3.635));
#10213 = LINE('',#10214,#10215);
#10214 = CARTESIAN_POINT('',(1.75,0.,4.5));
#10215 = VECTOR('',#10216,1.);
#10216 = DIRECTION('',(0.,0.,-1.));
#10217 = ORIENTED_EDGE('',*,*,#10218,.T.);
#10218 = EDGE_CURVE('',#10211,#10152,#10219,.T.);
#10219 = LINE('',#10220,#10221);
#10220 = CARTESIAN_POINT('',(2.115,0.,-3.635));
#10221 = VECTOR('',#10222,1.);
#10222 = DIRECTION('',(-1.,0.,0.));
#10223 = ORIENTED_EDGE('',*,*,#10159,.F.);
#10224 = PLANE('',#10225);
#10225 = AXIS2_PLACEMENT_3D('',#10226,#10227,#10228);
#10226 = CARTESIAN_POINT('',(1.685,6.938893903907E-18,-3.5));
#10227 = DIRECTION('',(0.,1.,0.));
#10228 = DIRECTION('',(0.,0.,1.));
#10229 = ADVANCED_FACE('',(#10230),#10241,.T.);
#10230 = FACE_BOUND('',#10231,.T.);
#10231 = EDGE_LOOP('',(#10232,#10233,#10239,#10240));
#10232 = ORIENTED_EDGE('',*,*,#10127,.F.);
#10233 = ORIENTED_EDGE('',*,*,#10234,.T.);
#10234 = EDGE_CURVE('',#10120,#10211,#10235,.T.);
#10235 = LINE('',#10236,#10237);
#10236 = CARTESIAN_POINT('',(1.75,5.E-02,-3.635));
#10237 = VECTOR('',#10238,1.);
#10238 = DIRECTION('',(0.,-1.,0.));
#10239 = ORIENTED_EDGE('',*,*,#10218,.T.);
#10240 = ORIENTED_EDGE('',*,*,#10151,.F.);
#10241 = PLANE('',#10242);
#10242 = AXIS2_PLACEMENT_3D('',#10243,#10244,#10245);
#10243 = CARTESIAN_POINT('',(1.75,5.E-02,-3.635));
#10244 = DIRECTION('',(-0.,-0.,-1.));
#10245 = DIRECTION('',(-1.,0.,0.));
#10246 = ADVANCED_FACE('',(#10247),#10258,.T.);
#10247 = FACE_BOUND('',#10248,.T.);
#10248 = EDGE_LOOP('',(#10249,#10250,#10251,#10252));
#10249 = ORIENTED_EDGE('',*,*,#10111,.F.);
#10250 = ORIENTED_EDGE('',*,*,#10176,.T.);
#10251 = ORIENTED_EDGE('',*,*,#10202,.T.);
#10252 = ORIENTED_EDGE('',*,*,#10253,.F.);
#10253 = EDGE_CURVE('',#10112,#10203,#10254,.T.);
#10254 = LINE('',#10255,#10256);
#10255 = CARTESIAN_POINT('',(1.75,5.E-02,-3.365));
#10256 = VECTOR('',#10257,1.);
#10257 = DIRECTION('',(0.,-1.,0.));
#10258 = PLANE('',#10259);
#10259 = AXIS2_PLACEMENT_3D('',#10260,#10261,#10262);
#10260 = CARTESIAN_POINT('',(1.255,5.E-02,-3.365));
#10261 = DIRECTION('',(0.,0.,1.));
#10262 = DIRECTION('',(1.,0.,0.));
#10263 = ADVANCED_FACE('',(#10264),#10270,.T.);
#10264 = FACE_BOUND('',#10265,.T.);
#10265 = EDGE_LOOP('',(#10266,#10267,#10268,#10269));
#10266 = ORIENTED_EDGE('',*,*,#10253,.T.);
#10267 = ORIENTED_EDGE('',*,*,#10210,.T.);
#10268 = ORIENTED_EDGE('',*,*,#10234,.F.);
#10269 = ORIENTED_EDGE('',*,*,#10119,.F.);
#10270 = PLANE('',#10271);
#10271 = AXIS2_PLACEMENT_3D('',#10272,#10273,#10274);
#10272 = CARTESIAN_POINT('',(1.75,5.E-02,-3.365));
#10273 = DIRECTION('',(1.,0.,0.));
#10274 = DIRECTION('',(0.,0.,-1.));
#10275 = ( GEOMETRIC_REPRESENTATION_CONTEXT(3) 
GLOBAL_UNCERTAINTY_ASSIGNED_CONTEXT((#10279)) 
GLOBAL_UNIT_ASSIGNED_CONTEXT((#10276,#10277,#10278)) 
REPRESENTATION_CONTEXT('Context #1',
  '3D Context with UNIT and UNCERTAINTY') );
#10276 = ( LENGTH_UNIT() NAMED_UNIT(*) SI_UNIT(.MILLI.,.METRE.) );
#10277 = ( NAMED_UNIT(*) PLANE_ANGLE_UNIT() SI_UNIT($,.RADIAN.) );
#10278 = ( NAMED_UNIT(*) SI_UNIT($,.STERADIAN.) SOLID_ANGLE_UNIT() );
#10279 = UNCERTAINTY_MEASURE_WITH_UNIT(LENGTH_MEASURE(1.E-07),#10276,
  'distance_accuracy_value','confusion accuracy');
#10280 = CONTEXT_DEPENDENT_SHAPE_REPRESENTATION(#10281,#10283);
#10281 = ( REPRESENTATION_RELATIONSHIP('','',#10054,#10) 
REPRESENTATION_RELATIONSHIP_WITH_TRANSFORMATION(#10282) 
SHAPE_REPRESENTATION_RELATIONSHIP() );
#10282 = ITEM_DEFINED_TRANSFORMATION('','',#11,#183);
#10283 = PRODUCT_DEFINITION_SHAPE('Placement','Placement of an item',
  #10284);
#10284 = NEXT_ASSEMBLY_USAGE_OCCURRENCE('4097','Pad_37_1','',#5,#10049,$
  );
#10285 = PRODUCT_RELATED_PRODUCT_CATEGORY('part',$,(#10051));
#10286 = SHAPE_DEFINITION_REPRESENTATION(#10287,#10293);
#10287 = PRODUCT_DEFINITION_SHAPE('','',#10288);
#10288 = PRODUCT_DEFINITION('design','',#10289,#10292);
#10289 = PRODUCT_DEFINITION_FORMATION('','',#10290);
#10290 = PRODUCT('Pad_38_1','Pad_38_1','',(#10291));
#10291 = PRODUCT_CONTEXT('',#2,'mechanical');
#10292 = PRODUCT_DEFINITION_CONTEXT('part definition',#2,'design');
#10293 = ADVANCED_BREP_SHAPE_REPRESENTATION('',(#11,#10294),#10514);
#10294 = MANIFOLD_SOLID_BREP('',#10295);
#10295 = CLOSED_SHELL('',(#10296,#10336,#10385,#10410,#10435,#10468,
    #10485,#10502));
#10296 = ADVANCED_FACE('',(#10297),#10331,.T.);
#10297 = FACE_BOUND('',#10298,.T.);
#10298 = EDGE_LOOP('',(#10299,#10309,#10317,#10325));
#10299 = ORIENTED_EDGE('',*,*,#10300,.F.);
#10300 = EDGE_CURVE('',#10301,#10303,#10305,.T.);
#10301 = VERTEX_POINT('',#10302);
#10302 = CARTESIAN_POINT('',(1.255,5.E-02,-4.0028323));
#10303 = VERTEX_POINT('',#10304);
#10304 = CARTESIAN_POINT('',(1.255,5.E-02,-3.9971677));
#10305 = LINE('',#10306,#10307);
#10306 = CARTESIAN_POINT('',(1.255,5.E-02,-4.135));
#10307 = VECTOR('',#10308,1.);
#10308 = DIRECTION('',(0.,0.,1.));
#10309 = ORIENTED_EDGE('',*,*,#10310,.T.);
#10310 = EDGE_CURVE('',#10301,#10311,#10313,.T.);
#10311 = VERTEX_POINT('',#10312);
#10312 = CARTESIAN_POINT('',(1.255,0.,-4.0028323));
#10313 = LINE('',#10314,#10315);
#10314 = CARTESIAN_POINT('',(1.255,5.E-02,-4.0028323));
#10315 = VECTOR('',#10316,1.);
#10316 = DIRECTION('',(0.,-1.,0.));
#10317 = ORIENTED_EDGE('',*,*,#10318,.T.);
#10318 = EDGE_CURVE('',#10311,#10319,#10321,.T.);
#10319 = VERTEX_POINT('',#10320);
#10320 = CARTESIAN_POINT('',(1.255,0.,-3.9971677));
#10321 = LINE('',#10322,#10323);
#10322 = CARTESIAN_POINT('',(1.255,0.,-4.135));
#10323 = VECTOR('',#10324,1.);
#10324 = DIRECTION('',(0.,0.,1.));
#10325 = ORIENTED_EDGE('',*,*,#10326,.F.);
#10326 = EDGE_CURVE('',#10303,#10319,#10327,.T.);
#10327 = LINE('',#10328,#10329);
#10328 = CARTESIAN_POINT('',(1.255,5.E-02,-3.9971677));
#10329 = VECTOR('',#10330,1.);
#10330 = DIRECTION('',(0.,-1.,0.));
#10331 = PLANE('',#10332);
#10332 = AXIS2_PLACEMENT_3D('',#10333,#10334,#10335);
#10333 = CARTESIAN_POINT('',(1.255,5.E-02,-4.135));
#10334 = DIRECTION('',(-1.,0.,0.));
#10335 = DIRECTION('',(0.,0.,1.));
#10336 = ADVANCED_FACE('',(#10337),#10380,.T.);
#10337 = FACE_BOUND('',#10338,.T.);
#10338 = EDGE_LOOP('',(#10339,#10340,#10349,#10357,#10365,#10373));
#10339 = ORIENTED_EDGE('',*,*,#10300,.T.);
#10340 = ORIENTED_EDGE('',*,*,#10341,.T.);
#10341 = EDGE_CURVE('',#10303,#10342,#10344,.T.);
#10342 = VERTEX_POINT('',#10343);
#10343 = CARTESIAN_POINT('',(1.3871677,5.E-02,-3.865));
#10344 = CIRCLE('',#10345,0.1321677);
#10345 = AXIS2_PLACEMENT_3D('',#10346,#10347,#10348);
#10346 = CARTESIAN_POINT('',(1.3871677,5.E-02,-3.9971677));
#10347 = DIRECTION('',(-0.,1.,0.));
#10348 = DIRECTION('',(0.,0.,-1.));
#10349 = ORIENTED_EDGE('',*,*,#10350,.T.);
#10350 = EDGE_CURVE('',#10342,#10351,#10353,.T.);
#10351 = VERTEX_POINT('',#10352);
#10352 = CARTESIAN_POINT('',(1.75,5.E-02,-3.865));
#10353 = LINE('',#10354,#10355);
#10354 = CARTESIAN_POINT('',(1.255,5.E-02,-3.865));
#10355 = VECTOR('',#10356,1.);
#10356 = DIRECTION('',(1.,0.,0.));
#10357 = ORIENTED_EDGE('',*,*,#10358,.T.);
#10358 = EDGE_CURVE('',#10351,#10359,#10361,.T.);
#10359 = VERTEX_POINT('',#10360);
#10360 = CARTESIAN_POINT('',(1.75,5.E-02,-4.135));
#10361 = LINE('',#10362,#10363);
#10362 = CARTESIAN_POINT('',(1.75,5.E-02,4.5));
#10363 = VECTOR('',#10364,1.);
#10364 = DIRECTION('',(0.,0.,-1.));
#10365 = ORIENTED_EDGE('',*,*,#10366,.T.);
#10366 = EDGE_CURVE('',#10359,#10367,#10369,.T.);
#10367 = VERTEX_POINT('',#10368);
#10368 = CARTESIAN_POINT('',(1.3871677,5.E-02,-4.135));
#10369 = LINE('',#10370,#10371);
#10370 = CARTESIAN_POINT('',(2.115,5.E-02,-4.135));
#10371 = VECTOR('',#10372,1.);
#10372 = DIRECTION('',(-1.,0.,0.));
#10373 = ORIENTED_EDGE('',*,*,#10374,.F.);
#10374 = EDGE_CURVE('',#10301,#10367,#10375,.T.);
#10375 = CIRCLE('',#10376,0.1321677);
#10376 = AXIS2_PLACEMENT_3D('',#10377,#10378,#10379);
#10377 = CARTESIAN_POINT('',(1.3871677,5.E-02,-4.0028323));
#10378 = DIRECTION('',(0.,-1.,0.));
#10379 = DIRECTION('',(0.,-0.,-1.));
#10380 = PLANE('',#10381);
#10381 = AXIS2_PLACEMENT_3D('',#10382,#10383,#10384);
#10382 = CARTESIAN_POINT('',(1.685,5.E-02,-4.));
#10383 = DIRECTION('',(0.,1.,0.));
#10384 = DIRECTION('',(0.,0.,1.));
#10385 = ADVANCED_FACE('',(#10386),#10405,.T.);
#10386 = FACE_BOUND('',#10387,.T.);
#10387 = EDGE_LOOP('',(#10388,#10389,#10397,#10404));
#10388 = ORIENTED_EDGE('',*,*,#10374,.T.);
#10389 = ORIENTED_EDGE('',*,*,#10390,.T.);
#10390 = EDGE_CURVE('',#10367,#10391,#10393,.T.);
#10391 = VERTEX_POINT('',#10392);
#10392 = CARTESIAN_POINT('',(1.3871677,0.,-4.135));
#10393 = LINE('',#10394,#10395);
#10394 = CARTESIAN_POINT('',(1.3871677,5.E-02,-4.135));
#10395 = VECTOR('',#10396,1.);
#10396 = DIRECTION('',(0.,-1.,0.));
#10397 = ORIENTED_EDGE('',*,*,#10398,.F.);
#10398 = EDGE_CURVE('',#10311,#10391,#10399,.T.);
#10399 = CIRCLE('',#10400,0.1321677);
#10400 = AXIS2_PLACEMENT_3D('',#10401,#10402,#10403);
#10401 = CARTESIAN_POINT('',(1.3871677,6.938893903907E-18,-4.0028323));
#10402 = DIRECTION('',(0.,-1.,0.));
#10403 = DIRECTION('',(0.,-0.,-1.));
#10404 = ORIENTED_EDGE('',*,*,#10310,.F.);
#10405 = CYLINDRICAL_SURFACE('',#10406,0.1321677);
#10406 = AXIS2_PLACEMENT_3D('',#10407,#10408,#10409);
#10407 = CARTESIAN_POINT('',(1.3871677,5.E-02,-4.0028323));
#10408 = DIRECTION('',(0.,-1.,0.));
#10409 = DIRECTION('',(-1.,0.,0.));
#10410 = ADVANCED_FACE('',(#10411),#10430,.T.);
#10411 = FACE_BOUND('',#10412,.F.);
#10412 = EDGE_LOOP('',(#10413,#10414,#10422,#10429));
#10413 = ORIENTED_EDGE('',*,*,#10341,.T.);
#10414 = ORIENTED_EDGE('',*,*,#10415,.T.);
#10415 = EDGE_CURVE('',#10342,#10416,#10418,.T.);
#10416 = VERTEX_POINT('',#10417);
#10417 = CARTESIAN_POINT('',(1.3871677,0.,-3.865));
#10418 = LINE('',#10419,#10420);
#10419 = CARTESIAN_POINT('',(1.3871677,5.E-02,-3.865));
#10420 = VECTOR('',#10421,1.);
#10421 = DIRECTION('',(0.,-1.,0.));
#10422 = ORIENTED_EDGE('',*,*,#10423,.F.);
#10423 = EDGE_CURVE('',#10319,#10416,#10424,.T.);
#10424 = CIRCLE('',#10425,0.1321677);
#10425 = AXIS2_PLACEMENT_3D('',#10426,#10427,#10428);
#10426 = CARTESIAN_POINT('',(1.3871677,6.938893903907E-18,-3.9971677));
#10427 = DIRECTION('',(-0.,1.,0.));
#10428 = DIRECTION('',(0.,0.,-1.));
#10429 = ORIENTED_EDGE('',*,*,#10326,.F.);
#10430 = CYLINDRICAL_SURFACE('',#10431,0.1321677);
#10431 = AXIS2_PLACEMENT_3D('',#10432,#10433,#10434);
#10432 = CARTESIAN_POINT('',(1.3871677,5.E-02,-3.9971677));
#10433 = DIRECTION('',(0.,-1.,0.));
#10434 = DIRECTION('',(-1.,0.,0.));
#10435 = ADVANCED_FACE('',(#10436),#10463,.F.);
#10436 = FACE_BOUND('',#10437,.F.);
#10437 = EDGE_LOOP('',(#10438,#10439,#10440,#10448,#10456,#10462));
#10438 = ORIENTED_EDGE('',*,*,#10318,.T.);
#10439 = ORIENTED_EDGE('',*,*,#10423,.T.);
#10440 = ORIENTED_EDGE('',*,*,#10441,.T.);
#10441 = EDGE_CURVE('',#10416,#10442,#10444,.T.);
#10442 = VERTEX_POINT('',#10443);
#10443 = CARTESIAN_POINT('',(1.75,0.,-3.865));
#10444 = LINE('',#10445,#10446);
#10445 = CARTESIAN_POINT('',(1.255,0.,-3.865));
#10446 = VECTOR('',#10447,1.);
#10447 = DIRECTION('',(1.,0.,0.));
#10448 = ORIENTED_EDGE('',*,*,#10449,.T.);
#10449 = EDGE_CURVE('',#10442,#10450,#10452,.T.);
#10450 = VERTEX_POINT('',#10451);
#10451 = CARTESIAN_POINT('',(1.75,0.,-4.135));
#10452 = LINE('',#10453,#10454);
#10453 = CARTESIAN_POINT('',(1.75,0.,4.5));
#10454 = VECTOR('',#10455,1.);
#10455 = DIRECTION('',(0.,0.,-1.));
#10456 = ORIENTED_EDGE('',*,*,#10457,.T.);
#10457 = EDGE_CURVE('',#10450,#10391,#10458,.T.);
#10458 = LINE('',#10459,#10460);
#10459 = CARTESIAN_POINT('',(2.115,0.,-4.135));
#10460 = VECTOR('',#10461,1.);
#10461 = DIRECTION('',(-1.,0.,0.));
#10462 = ORIENTED_EDGE('',*,*,#10398,.F.);
#10463 = PLANE('',#10464);
#10464 = AXIS2_PLACEMENT_3D('',#10465,#10466,#10467);
#10465 = CARTESIAN_POINT('',(1.685,6.938893903907E-18,-4.));
#10466 = DIRECTION('',(0.,1.,0.));
#10467 = DIRECTION('',(0.,0.,1.));
#10468 = ADVANCED_FACE('',(#10469),#10480,.T.);
#10469 = FACE_BOUND('',#10470,.T.);
#10470 = EDGE_LOOP('',(#10471,#10472,#10478,#10479));
#10471 = ORIENTED_EDGE('',*,*,#10366,.F.);
#10472 = ORIENTED_EDGE('',*,*,#10473,.T.);
#10473 = EDGE_CURVE('',#10359,#10450,#10474,.T.);
#10474 = LINE('',#10475,#10476);
#10475 = CARTESIAN_POINT('',(1.75,5.E-02,-4.135));
#10476 = VECTOR('',#10477,1.);
#10477 = DIRECTION('',(0.,-1.,0.));
#10478 = ORIENTED_EDGE('',*,*,#10457,.T.);
#10479 = ORIENTED_EDGE('',*,*,#10390,.F.);
#10480 = PLANE('',#10481);
#10481 = AXIS2_PLACEMENT_3D('',#10482,#10483,#10484);
#10482 = CARTESIAN_POINT('',(1.75,5.E-02,-4.135));
#10483 = DIRECTION('',(-0.,-0.,-1.));
#10484 = DIRECTION('',(-1.,0.,0.));
#10485 = ADVANCED_FACE('',(#10486),#10497,.T.);
#10486 = FACE_BOUND('',#10487,.T.);
#10487 = EDGE_LOOP('',(#10488,#10489,#10490,#10491));
#10488 = ORIENTED_EDGE('',*,*,#10350,.F.);
#10489 = ORIENTED_EDGE('',*,*,#10415,.T.);
#10490 = ORIENTED_EDGE('',*,*,#10441,.T.);
#10491 = ORIENTED_EDGE('',*,*,#10492,.F.);
#10492 = EDGE_CURVE('',#10351,#10442,#10493,.T.);
#10493 = LINE('',#10494,#10495);
#10494 = CARTESIAN_POINT('',(1.75,5.E-02,-3.865));
#10495 = VECTOR('',#10496,1.);
#10496 = DIRECTION('',(0.,-1.,0.));
#10497 = PLANE('',#10498);
#10498 = AXIS2_PLACEMENT_3D('',#10499,#10500,#10501);
#10499 = CARTESIAN_POINT('',(1.255,5.E-02,-3.865));
#10500 = DIRECTION('',(0.,0.,1.));
#10501 = DIRECTION('',(1.,0.,0.));
#10502 = ADVANCED_FACE('',(#10503),#10509,.T.);
#10503 = FACE_BOUND('',#10504,.T.);
#10504 = EDGE_LOOP('',(#10505,#10506,#10507,#10508));
#10505 = ORIENTED_EDGE('',*,*,#10492,.T.);
#10506 = ORIENTED_EDGE('',*,*,#10449,.T.);
#10507 = ORIENTED_EDGE('',*,*,#10473,.F.);
#10508 = ORIENTED_EDGE('',*,*,#10358,.F.);
#10509 = PLANE('',#10510);
#10510 = AXIS2_PLACEMENT_3D('',#10511,#10512,#10513);
#10511 = CARTESIAN_POINT('',(1.75,5.E-02,-3.865));
#10512 = DIRECTION('',(1.,0.,0.));
#10513 = DIRECTION('',(0.,0.,-1.));
#10514 = ( GEOMETRIC_REPRESENTATION_CONTEXT(3) 
GLOBAL_UNCERTAINTY_ASSIGNED_CONTEXT((#10518)) 
GLOBAL_UNIT_ASSIGNED_CONTEXT((#10515,#10516,#10517)) 
REPRESENTATION_CONTEXT('Context #1',
  '3D Context with UNIT and UNCERTAINTY') );
#10515 = ( LENGTH_UNIT() NAMED_UNIT(*) SI_UNIT(.MILLI.,.METRE.) );
#10516 = ( NAMED_UNIT(*) PLANE_ANGLE_UNIT() SI_UNIT($,.RADIAN.) );
#10517 = ( NAMED_UNIT(*) SI_UNIT($,.STERADIAN.) SOLID_ANGLE_UNIT() );
#10518 = UNCERTAINTY_MEASURE_WITH_UNIT(LENGTH_MEASURE(1.E-07),#10515,
  'distance_accuracy_value','confusion accuracy');
#10519 = CONTEXT_DEPENDENT_SHAPE_REPRESENTATION(#10520,#10522);
#10520 = ( REPRESENTATION_RELATIONSHIP('','',#10293,#10) 
REPRESENTATION_RELATIONSHIP_WITH_TRANSFORMATION(#10521) 
SHAPE_REPRESENTATION_RELATIONSHIP() );
#10521 = ITEM_DEFINED_TRANSFORMATION('','',#11,#187);
#10522 = PRODUCT_DEFINITION_SHAPE('Placement','Placement of an item',
  #10523);
#10523 = NEXT_ASSEMBLY_USAGE_OCCURRENCE('4098','Pad_38_1','',#5,#10288,$
  );
#10524 = PRODUCT_RELATED_PRODUCT_CATEGORY('part',$,(#10290));
#10525 = SHAPE_DEFINITION_REPRESENTATION(#10526,#10532);
#10526 = PRODUCT_DEFINITION_SHAPE('','',#10527);
#10527 = PRODUCT_DEFINITION('design','',#10528,#10531);
#10528 = PRODUCT_DEFINITION_FORMATION('','',#10529);
#10529 = PRODUCT('Pad_43_1','Pad_43_1','',(#10530));
#10530 = PRODUCT_CONTEXT('',#2,'mechanical');
#10531 = PRODUCT_DEFINITION_CONTEXT('part definition',#2,'design');
#10532 = ADVANCED_BREP_SHAPE_REPRESENTATION('',(#11,#10533),#10683);
#10533 = MANIFOLD_SOLID_BREP('',#10534);
#10534 = CLOSED_SHELL('',(#10535,#10575,#10606,#10637,#10659,#10671));
#10535 = ADVANCED_FACE('',(#10536),#10570,.T.);
#10536 = FACE_BOUND('',#10537,.T.);
#10537 = EDGE_LOOP('',(#10538,#10548,#10556,#10564));
#10538 = ORIENTED_EDGE('',*,*,#10539,.T.);
#10539 = EDGE_CURVE('',#10540,#10542,#10544,.T.);
#10540 = VERTEX_POINT('',#10541);
#10541 = CARTESIAN_POINT('',(-1.025,5.E-02,3.775));
#10542 = VERTEX_POINT('',#10543);
#10543 = CARTESIAN_POINT('',(-1.025,0.,3.775));
#10544 = LINE('',#10545,#10546);
#10545 = CARTESIAN_POINT('',(-1.025,5.E-02,3.775));
#10546 = VECTOR('',#10547,1.);
#10547 = DIRECTION('',(0.,-1.,0.));
#10548 = ORIENTED_EDGE('',*,*,#10549,.T.);
#10549 = EDGE_CURVE('',#10542,#10550,#10552,.T.);
#10550 = VERTEX_POINT('',#10551);
#10551 = CARTESIAN_POINT('',(1.025,0.,3.775));
#10552 = LINE('',#10553,#10554);
#10553 = CARTESIAN_POINT('',(-1.025,0.,3.775));
#10554 = VECTOR('',#10555,1.);
#10555 = DIRECTION('',(1.,0.,0.));
#10556 = ORIENTED_EDGE('',*,*,#10557,.F.);
#10557 = EDGE_CURVE('',#10558,#10550,#10560,.T.);
#10558 = VERTEX_POINT('',#10559);
#10559 = CARTESIAN_POINT('',(1.025,5.E-02,3.775));
#10560 = LINE('',#10561,#10562);
#10561 = CARTESIAN_POINT('',(1.025,5.E-02,3.775));
#10562 = VECTOR('',#10563,1.);
#10563 = DIRECTION('',(0.,-1.,0.));
#10564 = ORIENTED_EDGE('',*,*,#10565,.F.);
#10565 = EDGE_CURVE('',#10540,#10558,#10566,.T.);
#10566 = LINE('',#10567,#10568);
#10567 = CARTESIAN_POINT('',(-1.025,5.E-02,3.775));
#10568 = VECTOR('',#10569,1.);
#10569 = DIRECTION('',(1.,0.,0.));
#10570 = PLANE('',#10571);
#10571 = AXIS2_PLACEMENT_3D('',#10572,#10573,#10574);
#10572 = CARTESIAN_POINT('',(-1.025,5.E-02,3.775));
#10573 = DIRECTION('',(-0.,0.,1.));
#10574 = DIRECTION('',(1.,0.,0.));
#10575 = ADVANCED_FACE('',(#10576),#10601,.T.);
#10576 = FACE_BOUND('',#10577,.T.);
#10577 = EDGE_LOOP('',(#10578,#10579,#10587,#10595));
#10578 = ORIENTED_EDGE('',*,*,#10557,.T.);
#10579 = ORIENTED_EDGE('',*,*,#10580,.T.);
#10580 = EDGE_CURVE('',#10550,#10581,#10583,.T.);
#10581 = VERTEX_POINT('',#10582);
#10582 = CARTESIAN_POINT('',(1.025,0.,-3.775));
#10583 = LINE('',#10584,#10585);
#10584 = CARTESIAN_POINT('',(1.025,0.,3.775));
#10585 = VECTOR('',#10586,1.);
#10586 = DIRECTION('',(0.,0.,-1.));
#10587 = ORIENTED_EDGE('',*,*,#10588,.F.);
#10588 = EDGE_CURVE('',#10589,#10581,#10591,.T.);
#10589 = VERTEX_POINT('',#10590);
#10590 = CARTESIAN_POINT('',(1.025,5.E-02,-3.775));
#10591 = LINE('',#10592,#10593);
#10592 = CARTESIAN_POINT('',(1.025,5.E-02,-3.775));
#10593 = VECTOR('',#10594,1.);
#10594 = DIRECTION('',(0.,-1.,0.));
#10595 = ORIENTED_EDGE('',*,*,#10596,.F.);
#10596 = EDGE_CURVE('',#10558,#10589,#10597,.T.);
#10597 = LINE('',#10598,#10599);
#10598 = CARTESIAN_POINT('',(1.025,5.E-02,3.775));
#10599 = VECTOR('',#10600,1.);
#10600 = DIRECTION('',(0.,0.,-1.));
#10601 = PLANE('',#10602);
#10602 = AXIS2_PLACEMENT_3D('',#10603,#10604,#10605);
#10603 = CARTESIAN_POINT('',(1.025,5.E-02,3.775));
#10604 = DIRECTION('',(1.,0.,0.));
#10605 = DIRECTION('',(0.,0.,-1.));
#10606 = ADVANCED_FACE('',(#10607),#10632,.T.);
#10607 = FACE_BOUND('',#10608,.T.);
#10608 = EDGE_LOOP('',(#10609,#10610,#10618,#10626));
#10609 = ORIENTED_EDGE('',*,*,#10588,.T.);
#10610 = ORIENTED_EDGE('',*,*,#10611,.T.);
#10611 = EDGE_CURVE('',#10581,#10612,#10614,.T.);
#10612 = VERTEX_POINT('',#10613);
#10613 = CARTESIAN_POINT('',(-1.025,0.,-3.775));
#10614 = LINE('',#10615,#10616);
#10615 = CARTESIAN_POINT('',(1.025,0.,-3.775));
#10616 = VECTOR('',#10617,1.);
#10617 = DIRECTION('',(-1.,0.,0.));
#10618 = ORIENTED_EDGE('',*,*,#10619,.F.);
#10619 = EDGE_CURVE('',#10620,#10612,#10622,.T.);
#10620 = VERTEX_POINT('',#10621);
#10621 = CARTESIAN_POINT('',(-1.025,5.E-02,-3.775));
#10622 = LINE('',#10623,#10624);
#10623 = CARTESIAN_POINT('',(-1.025,5.E-02,-3.775));
#10624 = VECTOR('',#10625,1.);
#10625 = DIRECTION('',(0.,-1.,0.));
#10626 = ORIENTED_EDGE('',*,*,#10627,.F.);
#10627 = EDGE_CURVE('',#10589,#10620,#10628,.T.);
#10628 = LINE('',#10629,#10630);
#10629 = CARTESIAN_POINT('',(1.025,5.E-02,-3.775));
#10630 = VECTOR('',#10631,1.);
#10631 = DIRECTION('',(-1.,0.,0.));
#10632 = PLANE('',#10633);
#10633 = AXIS2_PLACEMENT_3D('',#10634,#10635,#10636);
#10634 = CARTESIAN_POINT('',(1.025,5.E-02,-3.775));
#10635 = DIRECTION('',(-0.,-0.,-1.));
#10636 = DIRECTION('',(-1.,0.,0.));
#10637 = ADVANCED_FACE('',(#10638),#10654,.T.);
#10638 = FACE_BOUND('',#10639,.T.);
#10639 = EDGE_LOOP('',(#10640,#10641,#10647,#10648));
#10640 = ORIENTED_EDGE('',*,*,#10619,.T.);
#10641 = ORIENTED_EDGE('',*,*,#10642,.T.);
#10642 = EDGE_CURVE('',#10612,#10542,#10643,.T.);
#10643 = LINE('',#10644,#10645);
#10644 = CARTESIAN_POINT('',(-1.025,0.,-3.775));
#10645 = VECTOR('',#10646,1.);
#10646 = DIRECTION('',(0.,0.,1.));
#10647 = ORIENTED_EDGE('',*,*,#10539,.F.);
#10648 = ORIENTED_EDGE('',*,*,#10649,.F.);
#10649 = EDGE_CURVE('',#10620,#10540,#10650,.T.);
#10650 = LINE('',#10651,#10652);
#10651 = CARTESIAN_POINT('',(-1.025,5.E-02,-3.775));
#10652 = VECTOR('',#10653,1.);
#10653 = DIRECTION('',(0.,0.,1.));
#10654 = PLANE('',#10655);
#10655 = AXIS2_PLACEMENT_3D('',#10656,#10657,#10658);
#10656 = CARTESIAN_POINT('',(-1.025,5.E-02,-3.775));
#10657 = DIRECTION('',(-1.,0.,0.));
#10658 = DIRECTION('',(0.,0.,1.));
#10659 = ADVANCED_FACE('',(#10660),#10666,.T.);
#10660 = FACE_BOUND('',#10661,.T.);
#10661 = EDGE_LOOP('',(#10662,#10663,#10664,#10665));
#10662 = ORIENTED_EDGE('',*,*,#10565,.T.);
#10663 = ORIENTED_EDGE('',*,*,#10596,.T.);
#10664 = ORIENTED_EDGE('',*,*,#10627,.T.);
#10665 = ORIENTED_EDGE('',*,*,#10649,.T.);
#10666 = PLANE('',#10667);
#10667 = AXIS2_PLACEMENT_3D('',#10668,#10669,#10670);
#10668 = CARTESIAN_POINT('',(0.,5.E-02,0.));
#10669 = DIRECTION('',(0.,1.,0.));
#10670 = DIRECTION('',(0.,-0.,1.));
#10671 = ADVANCED_FACE('',(#10672),#10678,.F.);
#10672 = FACE_BOUND('',#10673,.F.);
#10673 = EDGE_LOOP('',(#10674,#10675,#10676,#10677));
#10674 = ORIENTED_EDGE('',*,*,#10549,.T.);
#10675 = ORIENTED_EDGE('',*,*,#10580,.T.);
#10676 = ORIENTED_EDGE('',*,*,#10611,.T.);
#10677 = ORIENTED_EDGE('',*,*,#10642,.T.);
#10678 = PLANE('',#10679);
#10679 = AXIS2_PLACEMENT_3D('',#10680,#10681,#10682);
#10680 = CARTESIAN_POINT('',(0.,0.,0.));
#10681 = DIRECTION('',(0.,1.,0.));
#10682 = DIRECTION('',(0.,-0.,1.));
#10683 = ( GEOMETRIC_REPRESENTATION_CONTEXT(3) 
GLOBAL_UNCERTAINTY_ASSIGNED_CONTEXT((#10687)) 
GLOBAL_UNIT_ASSIGNED_CONTEXT((#10684,#10685,#10686)) 
REPRESENTATION_CONTEXT('Context #1',
  '3D Context with UNIT and UNCERTAINTY') );
#10684 = ( LENGTH_UNIT() NAMED_UNIT(*) SI_UNIT(.MILLI.,.METRE.) );
#10685 = ( NAMED_UNIT(*) PLANE_ANGLE_UNIT() SI_UNIT($,.RADIAN.) );
#10686 = ( NAMED_UNIT(*) SI_UNIT($,.STERADIAN.) SOLID_ANGLE_UNIT() );
#10687 = UNCERTAINTY_MEASURE_WITH_UNIT(LENGTH_MEASURE(1.E-07),#10684,
  'distance_accuracy_value','confusion accuracy');
#10688 = CONTEXT_DEPENDENT_SHAPE_REPRESENTATION(#10689,#10691);
#10689 = ( REPRESENTATION_RELATIONSHIP('','',#10532,#10) 
REPRESENTATION_RELATIONSHIP_WITH_TRANSFORMATION(#10690) 
SHAPE_REPRESENTATION_RELATIONSHIP() );
#10690 = ITEM_DEFINED_TRANSFORMATION('','',#11,#191);
#10691 = PRODUCT_DEFINITION_SHAPE('Placement','Placement of an item',
  #10692);
#10692 = NEXT_ASSEMBLY_USAGE_OCCURRENCE('4099','Pad_43_1','',#5,#10527,$
  );
#10693 = PRODUCT_RELATED_PRODUCT_CATEGORY('part',$,(#10529));
#10694 = MECHANICAL_DESIGN_GEOMETRIC_PRESENTATION_REPRESENTATION('',(
    #10695),#10514);
#10695 = STYLED_ITEM('color',(#10696),#10294);
#10696 = PRESENTATION_STYLE_ASSIGNMENT((#10697,#10703));
#10697 = SURFACE_STYLE_USAGE(.BOTH.,#10698);
#10698 = SURFACE_SIDE_STYLE('',(#10699));
#10699 = SURFACE_STYLE_FILL_AREA(#10700);
#10700 = FILL_AREA_STYLE('',(#10701));
#10701 = FILL_AREA_STYLE_COLOUR('',#10702);
#10702 = COLOUR_RGB('',0.796078452645,0.823529417451,0.937254901616);
#10703 = CURVE_STYLE('',#10704,POSITIVE_LENGTH_MEASURE(0.1),#10705);
#10704 = DRAUGHTING_PRE_DEFINED_CURVE_FONT('continuous');
#10705 = COLOUR_RGB('',9.803921802644E-02,9.803921802644E-02,
  9.803921802644E-02);
#10706 = MECHANICAL_DESIGN_GEOMETRIC_PRESENTATION_REPRESENTATION('',(
    #10707),#8124);
#10707 = STYLED_ITEM('color',(#10708),#7904);
#10708 = PRESENTATION_STYLE_ASSIGNMENT((#10709,#10714));
#10709 = SURFACE_STYLE_USAGE(.BOTH.,#10710);
#10710 = SURFACE_SIDE_STYLE('',(#10711));
#10711 = SURFACE_STYLE_FILL_AREA(#10712);
#10712 = FILL_AREA_STYLE('',(#10713));
#10713 = FILL_AREA_STYLE_COLOUR('',#10702);
#10714 = CURVE_STYLE('',#10715,POSITIVE_LENGTH_MEASURE(0.1),#10705);
#10715 = DRAUGHTING_PRE_DEFINED_CURVE_FONT('continuous');
#10716 = MECHANICAL_DESIGN_GEOMETRIC_PRESENTATION_REPRESENTATION('',(
    #10717),#2388);
#10717 = STYLED_ITEM('color',(#10718),#2168);
#10718 = PRESENTATION_STYLE_ASSIGNMENT((#10719,#10724));
#10719 = SURFACE_STYLE_USAGE(.BOTH.,#10720);
#10720 = SURFACE_SIDE_STYLE('',(#10721));
#10721 = SURFACE_STYLE_FILL_AREA(#10722);
#10722 = FILL_AREA_STYLE('',(#10723));
#10723 = FILL_AREA_STYLE_COLOUR('',#10702);
#10724 = CURVE_STYLE('',#10725,POSITIVE_LENGTH_MEASURE(0.1),#10705);
#10725 = DRAUGHTING_PRE_DEFINED_CURVE_FONT('continuous');
#10726 = MECHANICAL_DESIGN_GEOMETRIC_PRESENTATION_REPRESENTATION('',(
    #10727),#10275);
#10727 = STYLED_ITEM('color',(#10728),#10055);
#10728 = PRESENTATION_STYLE_ASSIGNMENT((#10729,#10734));
#10729 = SURFACE_STYLE_USAGE(.BOTH.,#10730);
#10730 = SURFACE_SIDE_STYLE('',(#10731));
#10731 = SURFACE_STYLE_FILL_AREA(#10732);
#10732 = FILL_AREA_STYLE('',(#10733));
#10733 = FILL_AREA_STYLE_COLOUR('',#10702);
#10734 = CURVE_STYLE('',#10735,POSITIVE_LENGTH_MEASURE(0.1),#10705);
#10735 = DRAUGHTING_PRE_DEFINED_CURVE_FONT('continuous');
#10736 = MECHANICAL_DESIGN_GEOMETRIC_PRESENTATION_REPRESENTATION('',(
    #10737),#5973);
#10737 = STYLED_ITEM('color',(#10738),#5753);
#10738 = PRESENTATION_STYLE_ASSIGNMENT((#10739,#10744));
#10739 = SURFACE_STYLE_USAGE(.BOTH.,#10740);
#10740 = SURFACE_SIDE_STYLE('',(#10741));
#10741 = SURFACE_STYLE_FILL_AREA(#10742);
#10742 = FILL_AREA_STYLE('',(#10743));
#10743 = FILL_AREA_STYLE_COLOUR('',#10702);
#10744 = CURVE_STYLE('',#10745,POSITIVE_LENGTH_MEASURE(0.1),#10705);
#10745 = DRAUGHTING_PRE_DEFINED_CURVE_FONT('continuous');
#10746 = MECHANICAL_DESIGN_GEOMETRIC_PRESENTATION_REPRESENTATION('',(
    #10747),#6212);
#10747 = STYLED_ITEM('color',(#10748),#5992);
#10748 = PRESENTATION_STYLE_ASSIGNMENT((#10749,#10754));
#10749 = SURFACE_STYLE_USAGE(.BOTH.,#10750);
#10750 = SURFACE_SIDE_STYLE('',(#10751));
#10751 = SURFACE_STYLE_FILL_AREA(#10752);
#10752 = FILL_AREA_STYLE('',(#10753));
#10753 = FILL_AREA_STYLE_COLOUR('',#10702);
#10754 = CURVE_STYLE('',#10755,POSITIVE_LENGTH_MEASURE(0.1),#10705);
#10755 = DRAUGHTING_PRE_DEFINED_CURVE_FONT('continuous');
#10756 = MECHANICAL_DESIGN_GEOMETRIC_PRESENTATION_REPRESENTATION('',(
    #10757),#9558);
#10757 = STYLED_ITEM('color',(#10758),#9338);
#10758 = PRESENTATION_STYLE_ASSIGNMENT((#10759,#10764));
#10759 = SURFACE_STYLE_USAGE(.BOTH.,#10760);
#10760 = SURFACE_SIDE_STYLE('',(#10761));
#10761 = SURFACE_STYLE_FILL_AREA(#10762);
#10762 = FILL_AREA_STYLE('',(#10763));
#10763 = FILL_AREA_STYLE_COLOUR('',#10702);
#10764 = CURVE_STYLE('',#10765,POSITIVE_LENGTH_MEASURE(0.1),#10705);
#10765 = DRAUGHTING_PRE_DEFINED_CURVE_FONT('continuous');
#10766 = MECHANICAL_DESIGN_GEOMETRIC_PRESENTATION_REPRESENTATION('',(
    #10767),#5017);
#10767 = STYLED_ITEM('color',(#10768),#4797);
#10768 = PRESENTATION_STYLE_ASSIGNMENT((#10769,#10774));
#10769 = SURFACE_STYLE_USAGE(.BOTH.,#10770);
#10770 = SURFACE_SIDE_STYLE('',(#10771));
#10771 = SURFACE_STYLE_FILL_AREA(#10772);
#10772 = FILL_AREA_STYLE('',(#10773));
#10773 = FILL_AREA_STYLE_COLOUR('',#10702);
#10774 = CURVE_STYLE('',#10775,POSITIVE_LENGTH_MEASURE(0.1),#10705);
#10775 = DRAUGHTING_PRE_DEFINED_CURVE_FONT('continuous');
#10776 = MECHANICAL_DESIGN_GEOMETRIC_PRESENTATION_REPRESENTATION('',(
    #10777),#4300);
#10777 = STYLED_ITEM('color',(#10778),#4080);
#10778 = PRESENTATION_STYLE_ASSIGNMENT((#10779,#10784));
#10779 = SURFACE_STYLE_USAGE(.BOTH.,#10780);
#10780 = SURFACE_SIDE_STYLE('',(#10781));
#10781 = SURFACE_STYLE_FILL_AREA(#10782);
#10782 = FILL_AREA_STYLE('',(#10783));
#10783 = FILL_AREA_STYLE_COLOUR('',#10702);
#10784 = CURVE_STYLE('',#10785,POSITIVE_LENGTH_MEASURE(0.1),#10705);
#10785 = DRAUGHTING_PRE_DEFINED_CURVE_FONT('continuous');
#10786 = MECHANICAL_DESIGN_GEOMETRIC_PRESENTATION_REPRESENTATION('',(
    #10787),#7407);
#10787 = STYLED_ITEM('color',(#10788),#7187);
#10788 = PRESENTATION_STYLE_ASSIGNMENT((#10789,#10794));
#10789 = SURFACE_STYLE_USAGE(.BOTH.,#10790);
#10790 = SURFACE_SIDE_STYLE('',(#10791));
#10791 = SURFACE_STYLE_FILL_AREA(#10792);
#10792 = FILL_AREA_STYLE('',(#10793));
#10793 = FILL_AREA_STYLE_COLOUR('',#10702);
#10794 = CURVE_STYLE('',#10795,POSITIVE_LENGTH_MEASURE(0.1),#10705);
#10795 = DRAUGHTING_PRE_DEFINED_CURVE_FONT('continuous');
#10796 = MECHANICAL_DESIGN_GEOMETRIC_PRESENTATION_REPRESENTATION('',(
    #10797),#3105);
#10797 = STYLED_ITEM('color',(#10798),#2885);
#10798 = PRESENTATION_STYLE_ASSIGNMENT((#10799,#10804));
#10799 = SURFACE_STYLE_USAGE(.BOTH.,#10800);
#10800 = SURFACE_SIDE_STYLE('',(#10801));
#10801 = SURFACE_STYLE_FILL_AREA(#10802);
#10802 = FILL_AREA_STYLE('',(#10803));
#10803 = FILL_AREA_STYLE_COLOUR('',#10702);
#10804 = CURVE_STYLE('',#10805,POSITIVE_LENGTH_MEASURE(0.1),#10705);
#10805 = DRAUGHTING_PRE_DEFINED_CURVE_FONT('continuous');
#10806 = MECHANICAL_DESIGN_GEOMETRIC_PRESENTATION_REPRESENTATION('',(
    #10807),#8363);
#10807 = STYLED_ITEM('color',(#10808),#8143);
#10808 = PRESENTATION_STYLE_ASSIGNMENT((#10809,#10814));
#10809 = SURFACE_STYLE_USAGE(.BOTH.,#10810);
#10810 = SURFACE_SIDE_STYLE('',(#10811));
#10811 = SURFACE_STYLE_FILL_AREA(#10812);
#10812 = FILL_AREA_STYLE('',(#10813));
#10813 = FILL_AREA_STYLE_COLOUR('',#10702);
#10814 = CURVE_STYLE('',#10815,POSITIVE_LENGTH_MEASURE(0.1),#10705);
#10815 = DRAUGHTING_PRE_DEFINED_CURVE_FONT('continuous');
#10816 = MECHANICAL_DESIGN_GEOMETRIC_PRESENTATION_REPRESENTATION('',(
    #10817),#4539);
#10817 = STYLED_ITEM('color',(#10818),#4319);
#10818 = PRESENTATION_STYLE_ASSIGNMENT((#10819,#10824));
#10819 = SURFACE_STYLE_USAGE(.BOTH.,#10820);
#10820 = SURFACE_SIDE_STYLE('',(#10821));
#10821 = SURFACE_STYLE_FILL_AREA(#10822);
#10822 = FILL_AREA_STYLE('',(#10823));
#10823 = FILL_AREA_STYLE_COLOUR('',#10702);
#10824 = CURVE_STYLE('',#10825,POSITIVE_LENGTH_MEASURE(0.1),#10705);
#10825 = DRAUGHTING_PRE_DEFINED_CURVE_FONT('continuous');
#10826 = MECHANICAL_DESIGN_GEOMETRIC_PRESENTATION_REPRESENTATION('',(
    #10827),#9080);
#10827 = STYLED_ITEM('color',(#10828),#8860);
#10828 = PRESENTATION_STYLE_ASSIGNMENT((#10829,#10834));
#10829 = SURFACE_STYLE_USAGE(.BOTH.,#10830);
#10830 = SURFACE_SIDE_STYLE('',(#10831));
#10831 = SURFACE_STYLE_FILL_AREA(#10832);
#10832 = FILL_AREA_STYLE('',(#10833));
#10833 = FILL_AREA_STYLE_COLOUR('',#10702);
#10834 = CURVE_STYLE('',#10835,POSITIVE_LENGTH_MEASURE(0.1),#10705);
#10835 = DRAUGHTING_PRE_DEFINED_CURVE_FONT('continuous');
#10836 = MECHANICAL_DESIGN_GEOMETRIC_PRESENTATION_REPRESENTATION('',(
    #10837),#6929);
#10837 = STYLED_ITEM('color',(#10838),#6709);
#10838 = PRESENTATION_STYLE_ASSIGNMENT((#10839,#10844));
#10839 = SURFACE_STYLE_USAGE(.BOTH.,#10840);
#10840 = SURFACE_SIDE_STYLE('',(#10841));
#10841 = SURFACE_STYLE_FILL_AREA(#10842);
#10842 = FILL_AREA_STYLE('',(#10843));
#10843 = FILL_AREA_STYLE_COLOUR('',#10702);
#10844 = CURVE_STYLE('',#10845,POSITIVE_LENGTH_MEASURE(0.1),#10705);
#10845 = DRAUGHTING_PRE_DEFINED_CURVE_FONT('continuous');
#10846 = MECHANICAL_DESIGN_GEOMETRIC_PRESENTATION_REPRESENTATION('',(
    #10847),#9319);
#10847 = STYLED_ITEM('color',(#10848),#9099);
#10848 = PRESENTATION_STYLE_ASSIGNMENT((#10849,#10854));
#10849 = SURFACE_STYLE_USAGE(.BOTH.,#10850);
#10850 = SURFACE_SIDE_STYLE('',(#10851));
#10851 = SURFACE_STYLE_FILL_AREA(#10852);
#10852 = FILL_AREA_STYLE('',(#10853));
#10853 = FILL_AREA_STYLE_COLOUR('',#10702);
#10854 = CURVE_STYLE('',#10855,POSITIVE_LENGTH_MEASURE(0.1),#10705);
#10855 = DRAUGHTING_PRE_DEFINED_CURVE_FONT('continuous');
#10856 = MECHANICAL_DESIGN_GEOMETRIC_PRESENTATION_REPRESENTATION('',(
    #10857),#715);
#10857 = STYLED_ITEM('color',(#10858),#495);
#10858 = PRESENTATION_STYLE_ASSIGNMENT((#10859,#10864));
#10859 = SURFACE_STYLE_USAGE(.BOTH.,#10860);
#10860 = SURFACE_SIDE_STYLE('',(#10861));
#10861 = SURFACE_STYLE_FILL_AREA(#10862);
#10862 = FILL_AREA_STYLE('',(#10863));
#10863 = FILL_AREA_STYLE_COLOUR('',#10702);
#10864 = CURVE_STYLE('',#10865,POSITIVE_LENGTH_MEASURE(0.1),#10705);
#10865 = DRAUGHTING_PRE_DEFINED_CURVE_FONT('continuous');
#10866 = MECHANICAL_DESIGN_GEOMETRIC_PRESENTATION_REPRESENTATION('',(
    #10867),#3344);
#10867 = STYLED_ITEM('color',(#10868),#3124);
#10868 = PRESENTATION_STYLE_ASSIGNMENT((#10869,#10874));
#10869 = SURFACE_STYLE_USAGE(.BOTH.,#10870);
#10870 = SURFACE_SIDE_STYLE('',(#10871));
#10871 = SURFACE_STYLE_FILL_AREA(#10872);
#10872 = FILL_AREA_STYLE('',(#10873));
#10873 = FILL_AREA_STYLE_COLOUR('',#10702);
#10874 = CURVE_STYLE('',#10875,POSITIVE_LENGTH_MEASURE(0.1),#10705);
#10875 = DRAUGHTING_PRE_DEFINED_CURVE_FONT('continuous');
#10876 = MECHANICAL_DESIGN_GEOMETRIC_PRESENTATION_REPRESENTATION('',(
    #10877),#476);
#10877 = STYLED_ITEM('color',(#10878),#423);
#10878 = PRESENTATION_STYLE_ASSIGNMENT((#10879,#10885));
#10879 = SURFACE_STYLE_USAGE(.BOTH.,#10880);
#10880 = SURFACE_SIDE_STYLE('',(#10881));
#10881 = SURFACE_STYLE_FILL_AREA(#10882);
#10882 = FILL_AREA_STYLE('',(#10883));
#10883 = FILL_AREA_STYLE_COLOUR('',#10884);
#10884 = DRAUGHTING_PRE_DEFINED_COLOUR('white');
#10885 = CURVE_STYLE('',#10886,POSITIVE_LENGTH_MEASURE(0.1),#10705);
#10886 = DRAUGHTING_PRE_DEFINED_CURVE_FONT('continuous');
#10887 = MECHANICAL_DESIGN_GEOMETRIC_PRESENTATION_REPRESENTATION('',(
    #10888),#9797);
#10888 = STYLED_ITEM('color',(#10889),#9577);
#10889 = PRESENTATION_STYLE_ASSIGNMENT((#10890,#10895));
#10890 = SURFACE_STYLE_USAGE(.BOTH.,#10891);
#10891 = SURFACE_SIDE_STYLE('',(#10892));
#10892 = SURFACE_STYLE_FILL_AREA(#10893);
#10893 = FILL_AREA_STYLE('',(#10894));
#10894 = FILL_AREA_STYLE_COLOUR('',#10702);
#10895 = CURVE_STYLE('',#10896,POSITIVE_LENGTH_MEASURE(0.1),#10705);
#10896 = DRAUGHTING_PRE_DEFINED_CURVE_FONT('continuous');
#10897 = MECHANICAL_DESIGN_GEOMETRIC_PRESENTATION_REPRESENTATION('',(
    #10898),#4778);
#10898 = STYLED_ITEM('color',(#10899),#4558);
#10899 = PRESENTATION_STYLE_ASSIGNMENT((#10900,#10905));
#10900 = SURFACE_STYLE_USAGE(.BOTH.,#10901);
#10901 = SURFACE_SIDE_STYLE('',(#10902));
#10902 = SURFACE_STYLE_FILL_AREA(#10903);
#10903 = FILL_AREA_STYLE('',(#10904));
#10904 = FILL_AREA_STYLE_COLOUR('',#10702);
#10905 = CURVE_STYLE('',#10906,POSITIVE_LENGTH_MEASURE(0.1),#10705);
#10906 = DRAUGHTING_PRE_DEFINED_CURVE_FONT('continuous');
#10907 = MECHANICAL_DESIGN_GEOMETRIC_PRESENTATION_REPRESENTATION('',(
    #10908),#4061);
#10908 = STYLED_ITEM('color',(#10909),#3841);
#10909 = PRESENTATION_STYLE_ASSIGNMENT((#10910,#10915));
#10910 = SURFACE_STYLE_USAGE(.BOTH.,#10911);
#10911 = SURFACE_SIDE_STYLE('',(#10912));
#10912 = SURFACE_STYLE_FILL_AREA(#10913);
#10913 = FILL_AREA_STYLE('',(#10914));
#10914 = FILL_AREA_STYLE_COLOUR('',#10702);
#10915 = CURVE_STYLE('',#10916,POSITIVE_LENGTH_MEASURE(0.1),#10705);
#10916 = DRAUGHTING_PRE_DEFINED_CURVE_FONT('continuous');
#10917 = MECHANICAL_DESIGN_GEOMETRIC_PRESENTATION_REPRESENTATION('',(
    #10918),#3822);
#10918 = STYLED_ITEM('color',(#10919),#3602);
#10919 = PRESENTATION_STYLE_ASSIGNMENT((#10920,#10925));
#10920 = SURFACE_STYLE_USAGE(.BOTH.,#10921);
#10921 = SURFACE_SIDE_STYLE('',(#10922));
#10922 = SURFACE_STYLE_FILL_AREA(#10923);
#10923 = FILL_AREA_STYLE('',(#10924));
#10924 = FILL_AREA_STYLE_COLOUR('',#10702);
#10925 = CURVE_STYLE('',#10926,POSITIVE_LENGTH_MEASURE(0.1),#10705);
#10926 = DRAUGHTING_PRE_DEFINED_CURVE_FONT('continuous');
#10927 = MECHANICAL_DESIGN_GEOMETRIC_PRESENTATION_REPRESENTATION('',(
    #10928),#3583);
#10928 = STYLED_ITEM('color',(#10929),#3363);
#10929 = PRESENTATION_STYLE_ASSIGNMENT((#10930,#10935));
#10930 = SURFACE_STYLE_USAGE(.BOTH.,#10931);
#10931 = SURFACE_SIDE_STYLE('',(#10932));
#10932 = SURFACE_STYLE_FILL_AREA(#10933);
#10933 = FILL_AREA_STYLE('',(#10934));
#10934 = FILL_AREA_STYLE_COLOUR('',#10702);
#10935 = CURVE_STYLE('',#10936,POSITIVE_LENGTH_MEASURE(0.1),#10705);
#10936 = DRAUGHTING_PRE_DEFINED_CURVE_FONT('continuous');
#10937 = MECHANICAL_DESIGN_GEOMETRIC_PRESENTATION_REPRESENTATION('',(
    #10938),#404);
#10938 = STYLED_ITEM('color',(#10939),#209);
#10939 = PRESENTATION_STYLE_ASSIGNMENT((#10940,#10946));
#10940 = SURFACE_STYLE_USAGE(.BOTH.,#10941);
#10941 = SURFACE_SIDE_STYLE('',(#10942));
#10942 = SURFACE_STYLE_FILL_AREA(#10943);
#10943 = FILL_AREA_STYLE('',(#10944));
#10944 = FILL_AREA_STYLE_COLOUR('',#10945);
#10945 = COLOUR_RGB('',0.250980406631,0.250980406631,0.250980406631);
#10946 = CURVE_STYLE('',#10947,POSITIVE_LENGTH_MEASURE(0.1),#10705);
#10947 = DRAUGHTING_PRE_DEFINED_CURVE_FONT('continuous');
#10948 = MECHANICAL_DESIGN_GEOMETRIC_PRESENTATION_REPRESENTATION('',(
    #10949),#8602);
#10949 = STYLED_ITEM('color',(#10950),#8382);
#10950 = PRESENTATION_STYLE_ASSIGNMENT((#10951,#10956));
#10951 = SURFACE_STYLE_USAGE(.BOTH.,#10952);
#10952 = SURFACE_SIDE_STYLE('',(#10953));
#10953 = SURFACE_STYLE_FILL_AREA(#10954);
#10954 = FILL_AREA_STYLE('',(#10955));
#10955 = FILL_AREA_STYLE_COLOUR('',#10702);
#10956 = CURVE_STYLE('',#10957,POSITIVE_LENGTH_MEASURE(0.1),#10705);
#10957 = DRAUGHTING_PRE_DEFINED_CURVE_FONT('continuous');
#10958 = MECHANICAL_DESIGN_GEOMETRIC_PRESENTATION_REPRESENTATION('',(
    #10959),#5495);
#10959 = STYLED_ITEM('color',(#10960),#5275);
#10960 = PRESENTATION_STYLE_ASSIGNMENT((#10961,#10966));
#10961 = SURFACE_STYLE_USAGE(.BOTH.,#10962);
#10962 = SURFACE_SIDE_STYLE('',(#10963));
#10963 = SURFACE_STYLE_FILL_AREA(#10964);
#10964 = FILL_AREA_STYLE('',(#10965));
#10965 = FILL_AREA_STYLE_COLOUR('',#10702);
#10966 = CURVE_STYLE('',#10967,POSITIVE_LENGTH_MEASURE(0.1),#10705);
#10967 = DRAUGHTING_PRE_DEFINED_CURVE_FONT('continuous');
#10968 = MECHANICAL_DESIGN_GEOMETRIC_PRESENTATION_REPRESENTATION('',(
    #10969),#7168);
#10969 = STYLED_ITEM('color',(#10970),#6948);
#10970 = PRESENTATION_STYLE_ASSIGNMENT((#10971,#10976));
#10971 = SURFACE_STYLE_USAGE(.BOTH.,#10972);
#10972 = SURFACE_SIDE_STYLE('',(#10973));
#10973 = SURFACE_STYLE_FILL_AREA(#10974);
#10974 = FILL_AREA_STYLE('',(#10975));
#10975 = FILL_AREA_STYLE_COLOUR('',#10702);
#10976 = CURVE_STYLE('',#10977,POSITIVE_LENGTH_MEASURE(0.1),#10705);
#10977 = DRAUGHTING_PRE_DEFINED_CURVE_FONT('continuous');
#10978 = MECHANICAL_DESIGN_GEOMETRIC_PRESENTATION_REPRESENTATION('',(
    #10979),#1671);
#10979 = STYLED_ITEM('color',(#10980),#1451);
#10980 = PRESENTATION_STYLE_ASSIGNMENT((#10981,#10986));
#10981 = SURFACE_STYLE_USAGE(.BOTH.,#10982);
#10982 = SURFACE_SIDE_STYLE('',(#10983));
#10983 = SURFACE_STYLE_FILL_AREA(#10984);
#10984 = FILL_AREA_STYLE('',(#10985));
#10985 = FILL_AREA_STYLE_COLOUR('',#10702);
#10986 = CURVE_STYLE('',#10987,POSITIVE_LENGTH_MEASURE(0.1),#10705);
#10987 = DRAUGHTING_PRE_DEFINED_CURVE_FONT('continuous');
#10988 = MECHANICAL_DESIGN_GEOMETRIC_PRESENTATION_REPRESENTATION('',(
    #10989),#5734);
#10989 = STYLED_ITEM('color',(#10990),#5514);
#10990 = PRESENTATION_STYLE_ASSIGNMENT((#10991,#10996));
#10991 = SURFACE_STYLE_USAGE(.BOTH.,#10992);
#10992 = SURFACE_SIDE_STYLE('',(#10993));
#10993 = SURFACE_STYLE_FILL_AREA(#10994);
#10994 = FILL_AREA_STYLE('',(#10995));
#10995 = FILL_AREA_STYLE_COLOUR('',#10702);
#10996 = CURVE_STYLE('',#10997,POSITIVE_LENGTH_MEASURE(0.1),#10705);
#10997 = DRAUGHTING_PRE_DEFINED_CURVE_FONT('continuous');
#10998 = MECHANICAL_DESIGN_GEOMETRIC_PRESENTATION_REPRESENTATION('',(
    #10999),#1193);
#10999 = STYLED_ITEM('color',(#11000),#973);
#11000 = PRESENTATION_STYLE_ASSIGNMENT((#11001,#11006));
#11001 = SURFACE_STYLE_USAGE(.BOTH.,#11002);
#11002 = SURFACE_SIDE_STYLE('',(#11003));
#11003 = SURFACE_STYLE_FILL_AREA(#11004);
#11004 = FILL_AREA_STYLE('',(#11005));
#11005 = FILL_AREA_STYLE_COLOUR('',#10702);
#11006 = CURVE_STYLE('',#11007,POSITIVE_LENGTH_MEASURE(0.1),#10705);
#11007 = DRAUGHTING_PRE_DEFINED_CURVE_FONT('continuous');
#11008 = MECHANICAL_DESIGN_GEOMETRIC_PRESENTATION_REPRESENTATION('',(
    #11009),#7885);
#11009 = STYLED_ITEM('color',(#11010),#7665);
#11010 = PRESENTATION_STYLE_ASSIGNMENT((#11011,#11016));
#11011 = SURFACE_STYLE_USAGE(.BOTH.,#11012);
#11012 = SURFACE_SIDE_STYLE('',(#11013));
#11013 = SURFACE_STYLE_FILL_AREA(#11014);
#11014 = FILL_AREA_STYLE('',(#11015));
#11015 = FILL_AREA_STYLE_COLOUR('',#10702);
#11016 = CURVE_STYLE('',#11017,POSITIVE_LENGTH_MEASURE(0.1),#10705);
#11017 = DRAUGHTING_PRE_DEFINED_CURVE_FONT('continuous');
#11018 = MECHANICAL_DESIGN_GEOMETRIC_PRESENTATION_REPRESENTATION('',(
    #11019),#2866);
#11019 = STYLED_ITEM('color',(#11020),#2646);
#11020 = PRESENTATION_STYLE_ASSIGNMENT((#11021,#11026));
#11021 = SURFACE_STYLE_USAGE(.BOTH.,#11022);
#11022 = SURFACE_SIDE_STYLE('',(#11023));
#11023 = SURFACE_STYLE_FILL_AREA(#11024);
#11024 = FILL_AREA_STYLE('',(#11025));
#11025 = FILL_AREA_STYLE_COLOUR('',#10702);
#11026 = CURVE_STYLE('',#11027,POSITIVE_LENGTH_MEASURE(0.1),#10705);
#11027 = DRAUGHTING_PRE_DEFINED_CURVE_FONT('continuous');
#11028 = MECHANICAL_DESIGN_GEOMETRIC_PRESENTATION_REPRESENTATION('',(
    #11029),#2149);
#11029 = STYLED_ITEM('color',(#11030),#1929);
#11030 = PRESENTATION_STYLE_ASSIGNMENT((#11031,#11036));
#11031 = SURFACE_STYLE_USAGE(.BOTH.,#11032);
#11032 = SURFACE_SIDE_STYLE('',(#11033));
#11033 = SURFACE_STYLE_FILL_AREA(#11034);
#11034 = FILL_AREA_STYLE('',(#11035));
#11035 = FILL_AREA_STYLE_COLOUR('',#10702);
#11036 = CURVE_STYLE('',#11037,POSITIVE_LENGTH_MEASURE(0.1),#10705);
#11037 = DRAUGHTING_PRE_DEFINED_CURVE_FONT('continuous');
#11038 = MECHANICAL_DESIGN_GEOMETRIC_PRESENTATION_REPRESENTATION('',(
    #11039),#1910);
#11039 = STYLED_ITEM('color',(#11040),#1690);
#11040 = PRESENTATION_STYLE_ASSIGNMENT((#11041,#11046));
#11041 = SURFACE_STYLE_USAGE(.BOTH.,#11042);
#11042 = SURFACE_SIDE_STYLE('',(#11043));
#11043 = SURFACE_STYLE_FILL_AREA(#11044);
#11044 = FILL_AREA_STYLE('',(#11045));
#11045 = FILL_AREA_STYLE_COLOUR('',#10702);
#11046 = CURVE_STYLE('',#11047,POSITIVE_LENGTH_MEASURE(0.1),#10705);
#11047 = DRAUGHTING_PRE_DEFINED_CURVE_FONT('continuous');
#11048 = MECHANICAL_DESIGN_GEOMETRIC_PRESENTATION_REPRESENTATION('',(
    #11049),#5256);
#11049 = STYLED_ITEM('color',(#11050),#5036);
#11050 = PRESENTATION_STYLE_ASSIGNMENT((#11051,#11056));
#11051 = SURFACE_STYLE_USAGE(.BOTH.,#11052);
#11052 = SURFACE_SIDE_STYLE('',(#11053));
#11053 = SURFACE_STYLE_FILL_AREA(#11054);
#11054 = FILL_AREA_STYLE('',(#11055));
#11055 = FILL_AREA_STYLE_COLOUR('',#10702);
#11056 = CURVE_STYLE('',#11057,POSITIVE_LENGTH_MEASURE(0.1),#10705);
#11057 = DRAUGHTING_PRE_DEFINED_CURVE_FONT('continuous');
#11058 = MECHANICAL_DESIGN_GEOMETRIC_PRESENTATION_REPRESENTATION('',(
    #11059),#954);
#11059 = STYLED_ITEM('color',(#11060),#734);
#11060 = PRESENTATION_STYLE_ASSIGNMENT((#11061,#11066));
#11061 = SURFACE_STYLE_USAGE(.BOTH.,#11062);
#11062 = SURFACE_SIDE_STYLE('',(#11063));
#11063 = SURFACE_STYLE_FILL_AREA(#11064);
#11064 = FILL_AREA_STYLE('',(#11065));
#11065 = FILL_AREA_STYLE_COLOUR('',#10702);
#11066 = CURVE_STYLE('',#11067,POSITIVE_LENGTH_MEASURE(0.1),#10705);
#11067 = DRAUGHTING_PRE_DEFINED_CURVE_FONT('continuous');
#11068 = MECHANICAL_DESIGN_GEOMETRIC_PRESENTATION_REPRESENTATION('',(
    #11069),#10683);
#11069 = STYLED_ITEM('color',(#11070),#10533);
#11070 = PRESENTATION_STYLE_ASSIGNMENT((#11071,#11076));
#11071 = SURFACE_STYLE_USAGE(.BOTH.,#11072);
#11072 = SURFACE_SIDE_STYLE('',(#11073));
#11073 = SURFACE_STYLE_FILL_AREA(#11074);
#11074 = FILL_AREA_STYLE('',(#11075));
#11075 = FILL_AREA_STYLE_COLOUR('',#10702);
#11076 = CURVE_STYLE('',#11077,POSITIVE_LENGTH_MEASURE(0.1),#10705);
#11077 = DRAUGHTING_PRE_DEFINED_CURVE_FONT('continuous');
#11078 = MECHANICAL_DESIGN_GEOMETRIC_PRESENTATION_REPRESENTATION('',(
    #11079),#6451);
#11079 = STYLED_ITEM('color',(#11080),#6231);
#11080 = PRESENTATION_STYLE_ASSIGNMENT((#11081,#11086));
#11081 = SURFACE_STYLE_USAGE(.BOTH.,#11082);
#11082 = SURFACE_SIDE_STYLE('',(#11083));
#11083 = SURFACE_STYLE_FILL_AREA(#11084);
#11084 = FILL_AREA_STYLE('',(#11085));
#11085 = FILL_AREA_STYLE_COLOUR('',#10702);
#11086 = CURVE_STYLE('',#11087,POSITIVE_LENGTH_MEASURE(0.1),#10705);
#11087 = DRAUGHTING_PRE_DEFINED_CURVE_FONT('continuous');
#11088 = MECHANICAL_DESIGN_GEOMETRIC_PRESENTATION_REPRESENTATION('',(
    #11089),#8841);
#11089 = STYLED_ITEM('color',(#11090),#8621);
#11090 = PRESENTATION_STYLE_ASSIGNMENT((#11091,#11096));
#11091 = SURFACE_STYLE_USAGE(.BOTH.,#11092);
#11092 = SURFACE_SIDE_STYLE('',(#11093));
#11093 = SURFACE_STYLE_FILL_AREA(#11094);
#11094 = FILL_AREA_STYLE('',(#11095));
#11095 = FILL_AREA_STYLE_COLOUR('',#10702);
#11096 = CURVE_STYLE('',#11097,POSITIVE_LENGTH_MEASURE(0.1),#10705);
#11097 = DRAUGHTING_PRE_DEFINED_CURVE_FONT('continuous');
#11098 = MECHANICAL_DESIGN_GEOMETRIC_PRESENTATION_REPRESENTATION('',(
    #11099),#6690);
#11099 = STYLED_ITEM('color',(#11100),#6470);
#11100 = PRESENTATION_STYLE_ASSIGNMENT((#11101,#11106));
#11101 = SURFACE_STYLE_USAGE(.BOTH.,#11102);
#11102 = SURFACE_SIDE_STYLE('',(#11103));
#11103 = SURFACE_STYLE_FILL_AREA(#11104);
#11104 = FILL_AREA_STYLE('',(#11105));
#11105 = FILL_AREA_STYLE_COLOUR('',#10702);
#11106 = CURVE_STYLE('',#11107,POSITIVE_LENGTH_MEASURE(0.1),#10705);
#11107 = DRAUGHTING_PRE_DEFINED_CURVE_FONT('continuous');
#11108 = MECHANICAL_DESIGN_GEOMETRIC_PRESENTATION_REPRESENTATION('',(
    #11109),#10036);
#11109 = STYLED_ITEM('color',(#11110),#9816);
#11110 = PRESENTATION_STYLE_ASSIGNMENT((#11111,#11116));
#11111 = SURFACE_STYLE_USAGE(.BOTH.,#11112);
#11112 = SURFACE_SIDE_STYLE('',(#11113));
#11113 = SURFACE_STYLE_FILL_AREA(#11114);
#11114 = FILL_AREA_STYLE('',(#11115));
#11115 = FILL_AREA_STYLE_COLOUR('',#10702);
#11116 = CURVE_STYLE('',#11117,POSITIVE_LENGTH_MEASURE(0.1),#10705);
#11117 = DRAUGHTING_PRE_DEFINED_CURVE_FONT('continuous');
#11118 = MECHANICAL_DESIGN_GEOMETRIC_PRESENTATION_REPRESENTATION('',(
    #11119),#2627);
#11119 = STYLED_ITEM('color',(#11120),#2407);
#11120 = PRESENTATION_STYLE_ASSIGNMENT((#11121,#11126));
#11121 = SURFACE_STYLE_USAGE(.BOTH.,#11122);
#11122 = SURFACE_SIDE_STYLE('',(#11123));
#11123 = SURFACE_STYLE_FILL_AREA(#11124);
#11124 = FILL_AREA_STYLE('',(#11125));
#11125 = FILL_AREA_STYLE_COLOUR('',#10702);
#11126 = CURVE_STYLE('',#11127,POSITIVE_LENGTH_MEASURE(0.1),#10705);
#11127 = DRAUGHTING_PRE_DEFINED_CURVE_FONT('continuous');
#11128 = MECHANICAL_DESIGN_GEOMETRIC_PRESENTATION_REPRESENTATION('',(
    #11129),#7646);
#11129 = STYLED_ITEM('color',(#11130),#7426);
#11130 = PRESENTATION_STYLE_ASSIGNMENT((#11131,#11136));
#11131 = SURFACE_STYLE_USAGE(.BOTH.,#11132);
#11132 = SURFACE_SIDE_STYLE('',(#11133));
#11133 = SURFACE_STYLE_FILL_AREA(#11134);
#11134 = FILL_AREA_STYLE('',(#11135));
#11135 = FILL_AREA_STYLE_COLOUR('',#10702);
#11136 = CURVE_STYLE('',#11137,POSITIVE_LENGTH_MEASURE(0.1),#10705);
#11137 = DRAUGHTING_PRE_DEFINED_CURVE_FONT('continuous');
#11138 = MECHANICAL_DESIGN_GEOMETRIC_PRESENTATION_REPRESENTATION('',(
    #11139),#1432);
#11139 = STYLED_ITEM('color',(#11140),#1212);
#11140 = PRESENTATION_STYLE_ASSIGNMENT((#11141,#11146));
#11141 = SURFACE_STYLE_USAGE(.BOTH.,#11142);
#11142 = SURFACE_SIDE_STYLE('',(#11143));
#11143 = SURFACE_STYLE_FILL_AREA(#11144);
#11144 = FILL_AREA_STYLE('',(#11145));
#11145 = FILL_AREA_STYLE_COLOUR('',#10702);
#11146 = CURVE_STYLE('',#11147,POSITIVE_LENGTH_MEASURE(0.1),#10705);
#11147 = DRAUGHTING_PRE_DEFINED_CURVE_FONT('continuous');
ENDSEC;
END-ISO-10303-21;
