ISO-10303-21;
HEADER;
FILE_DESCRIPTION (( 'STEP AP214' ),
    '1' );
FILE_NAME ('PI6LC48H02LIE.STEP',
    '2022-09-08T11:05:20',
    ( '' ),
    ( '' ),
    'SwSTEP 2.0',
    'SolidWorks 2017',
    '' );
FILE_SCHEMA (( 'AUTOMOTIVE_DESIGN' ));
ENDSEC;

DATA;
#1 = PLANE ( 'NONE',  #3769 ) ;
#2 = LINE ( 'NONE', #4825, #6279 ) ;
#3 = ORIENTED_EDGE ( 'NONE', *, *, #6994, .T. ) ;
#4 = CYLINDRICAL_SURFACE ( 'NONE', #3225, 0.1296982034251575000 ) ;
#5 = FACE_OUTER_BOUND ( 'NONE', #6135, .T. ) ;
#6 = DIRECTION ( 'NONE',  ( -0.9975640502598247500, -0.06975647374411821100, 0.0000000000000000000 ) ) ;
#7 = DIRECTION ( 'NONE',  ( -1.000000000000000000, 0.0000000000000000000, 0.0000000000000000000 ) ) ;
#8 = DIRECTION ( 'NONE',  ( -0.1736481776669299100, 0.9848077530122081300, -0.0000000000000000000 ) ) ;
#9 = CARTESIAN_POINT ( 'NONE',  ( -2.870524920471619900, 0.2977008424331583100, -1.747499999999999200 ) ) ;
#10 = VECTOR ( 'NONE', #5305, 1000.000000000000000 ) ;
#11 = EDGE_CURVE ( 'NONE', #1492, #3755, #5761, .T. ) ;
#12 = VECTOR ( 'NONE', #90, 1000.000000000000000 ) ;
#13 = ORIENTED_EDGE ( 'NONE', *, *, #1877, .T. ) ;
#14 = CARTESIAN_POINT ( 'NONE',  ( 2.861477631149732300, 0.1683185773129356700, -1.502499999999999100 ) ) ;
#15 = FILL_AREA_STYLE ('',( #5842 ) ) ;
#16 = DIRECTION ( 'NONE',  ( -0.0000000000000000000, -0.0000000000000000000, -1.000000000000000000 ) ) ;
#17 = CARTESIAN_POINT ( 'NONE',  ( -2.199999999999998800, 0.6025000000000000400, 2.500000000000000000 ) ) ;
#18 = CYLINDRICAL_SURFACE ( 'NONE', #2885, 0.1296982034251575000 ) ;
#19 = VECTOR ( 'NONE', #6398, 1000.000000000000000 ) ;
#20 = CLOSED_SHELL ( 'NONE', ( #3693, #73, #7565, #5010, #2945, #3911, #7094, #5914, #335, #3873, #5484, #6945, #6137, #119 ) ) ;
#21 = ORIENTED_EDGE ( 'NONE', *, *, #5816, .F. ) ;
#22 = CARTESIAN_POINT ( 'NONE',  ( 3.199999999999999700, 0.1446467872876735000, 0.2025000000000008500 ) ) ;
#23 = EDGE_CURVE ( 'NONE', #2686, #6418, #1843, .T. ) ;
#24 = LINE ( 'NONE', #3847, #2379 ) ;
#25 = EDGE_CURVE ( 'NONE', #4115, #5072, #1309, .T. ) ;
#26 = DIRECTION ( 'NONE',  ( -1.000000000000000000, 0.0000000000000000000, 0.0000000000000000000 ) ) ;
#27 = ORIENTED_EDGE ( 'NONE', *, *, #358, .T. ) ;
#28 = DIRECTION ( 'NONE',  ( -1.000000000000000000, -3.787357355024234400E-015, 0.0000000000000000000 ) ) ;
#29 = VECTOR ( 'NONE', #617, 1000.000000000000100 ) ;
#30 = ORIENTED_EDGE ( 'NONE', *, *, #558, .T. ) ;
#31 = AXIS2_PLACEMENT_3D ( 'NONE', #2235, #5951, #1371 ) ;
#32 = ADVANCED_FACE ( 'NONE', ( #4578 ), #4710, .F. ) ;
#33 = CARTESIAN_POINT ( 'NONE',  ( 2.429015024641860700, 0.4728017965748428400, 0.4475000000000008400 ) ) ;
#34 = EDGE_CURVE ( 'NONE', #4781, #6177, #3406, .T. ) ;
#35 = EDGE_CURVE ( 'NONE', #7311, #5857, #2207, .T. ) ;
#36 = CIRCLE ( 'NONE', #3177, 0.1296982034251575000 ) ;
#37 = ORIENTED_EDGE ( 'NONE', *, *, #3176, .F. ) ;
#38 = CARTESIAN_POINT ( 'NONE',  ( 2.429015024641860700, 0.4728017965748428400, 1.097500000000000800 ) ) ;
#39 = VECTOR ( 'NONE', #2427, 1000.000000000000100 ) ;
#40 = DIRECTION ( 'NONE',  ( 1.000000000000000000, 4.734196693780292900E-016, -0.0000000000000000000 ) ) ;
#41 = DIRECTION ( 'NONE',  ( 0.9848077530122081300, 0.1736481776669299100, -0.0000000000000000000 ) ) ;
#42 =( LENGTH_UNIT ( ) NAMED_UNIT ( * ) SI_UNIT ( .MILLI., .METRE. ) );
#43 = ADVANCED_FACE ( 'NONE', ( #2293 ), #6415, .F. ) ;
#44 = DIRECTION ( 'NONE',  ( -0.0000000000000000000, -0.0000000000000000000, -1.000000000000000000 ) ) ;
#45 = ORIENTED_EDGE ( 'NONE', *, *, #6308, .F. ) ;
#46 = ORIENTED_EDGE ( 'NONE', *, *, #7486, .T. ) ;
#47 = DIRECTION ( 'NONE',  ( 0.0000000000000000000, 0.0000000000000000000, 1.000000000000000000 ) ) ;
#48 =( GEOMETRIC_REPRESENTATION_CONTEXT ( 3 ) GLOBAL_UNCERTAINTY_ASSIGNED_CONTEXT ( ( #5540 ) ) GLOBAL_UNIT_ASSIGNED_CONTEXT ( ( #2418, #7032, #6498 ) ) REPRESENTATION_CONTEXT ( 'NONE', 'WORKASPACE' ) );
#49 = CYLINDRICAL_SURFACE ( 'NONE', #1689, 0.2746982034251563800 ) ;
#50 = VERTEX_POINT ( 'NONE', #7127 ) ;
#51 = ORIENTED_EDGE ( 'NONE', *, *, #2655, .F. ) ;
#52 = ORIENTED_EDGE ( 'NONE', *, *, #5779, .T. ) ;
#53 = ORIENTED_EDGE ( 'NONE', *, *, #4117, .F. ) ;
#54 = EDGE_LOOP ( 'NONE', ( #7153, #7500, #752, #3213 ) ) ;
#55 = DIRECTION ( 'NONE',  ( 0.0000000000000000000, 0.0000000000000000000, 1.000000000000000000 ) ) ;
#56 =( NAMED_UNIT ( * ) SI_UNIT ( $, .STERADIAN. ) SOLID_ANGLE_UNIT ( ) );
#57 = AXIS2_PLACEMENT_3D ( 'NONE', #3937, #5017, #2234 ) ;
#58 = LINE ( 'NONE', #3517, #2594 ) ;
#59 = ORIENTED_EDGE ( 'NONE', *, *, #6054, .F. ) ;
#60 = ORIENTED_EDGE ( 'NONE', *, *, #1718, .F. ) ;
#61 = VERTEX_POINT ( 'NONE', #5280 ) ;
#62 = PLANE ( 'NONE',  #431 ) ;
#63 = DIRECTION ( 'NONE',  ( -0.9848077530122081300, -0.1736481776669299100, 0.0000000000000000000 ) ) ;
#64 = CARTESIAN_POINT ( 'NONE',  ( -2.556742820926711300, 0.4953236532462962400, -2.152499999999999400 ) ) ;
#65 = DIRECTION ( 'NONE',  ( -0.0000000000000000000, -0.0000000000000000000, -1.000000000000000000 ) ) ;
#66 = VECTOR ( 'NONE', #5910, 1000.000000000000000 ) ;
#67 = EDGE_LOOP ( 'NONE', ( #3228, #2880, #408, #6068, #1269, #5347, #4043, #3279, #4421, #3863, #6960, #4699 ) ) ;
#68 = VERTEX_POINT ( 'NONE', #6359 ) ;
#69 = CARTESIAN_POINT ( 'NONE',  ( 2.851362942456835200, 0.02367179002526185300, -0.2024999999999991300 ) ) ;
#70 = EDGE_CURVE ( 'NONE', #250, #1408, #5105, .T. ) ;
#71 = LINE ( 'NONE', #1246, #984 ) ;
#72 = ORIENTED_EDGE ( 'NONE', *, *, #4981, .T. ) ;
#73 = ADVANCED_FACE ( 'NONE', ( #5945 ), #4380, .F. ) ;
#74 = AXIS2_PLACEMENT_3D ( 'NONE', #635, #4741, #6453 ) ;
#75 = DIRECTION ( 'NONE',  ( 0.9975640502598247500, -0.06975647374411804400, 0.0000000000000000000 ) ) ;
#76 = VECTOR ( 'NONE', #7113, 1000.000000000000000 ) ;
#77 = SURFACE_SIDE_STYLE ('',( #5040 ) ) ;
#78 = EDGE_LOOP ( 'NONE', ( #6672, #3150, #6300, #1357 ) ) ;
#79 = CARTESIAN_POINT ( 'NONE',  ( -3.200000000000001100, 0.1446467872876738600, -0.8524999999999991500 ) ) ;
#80 = EDGE_CURVE ( 'NONE', #6715, #131, #6035, .T. ) ;
#81 = EDGE_CURVE ( 'NONE', #3849, #4520, #36, .T. ) ;
#82 = ADVANCED_FACE ( 'NONE', ( #6313 ), #122, .F. ) ;
#83 = CYLINDRICAL_SURFACE ( 'NONE', #2060, 0.2746982034251567700 ) ;
#84 = DIRECTION ( 'NONE',  ( 4.734196693780292900E-016, 1.000000000000000000, -0.0000000000000000000 ) ) ;
#85 = FACE_OUTER_BOUND ( 'NONE', #791, .T. ) ;
#86 = DIRECTION ( 'NONE',  ( -1.000000000000000000, 0.0000000000000000000, 0.0000000000000000000 ) ) ;
#87 = AXIS2_PLACEMENT_3D ( 'NONE', #3371, #3295, #6828 ) ;
#88 = VECTOR ( 'NONE', #2539, 1000.000000000000000 ) ;
#89 = PLANE ( 'NONE',  #6647 ) ;
#90 = DIRECTION ( 'NONE',  ( -0.0000000000000000000, -0.0000000000000000000, -1.000000000000000000 ) ) ;
#91 = VERTEX_POINT ( 'NONE', #1234 ) ;
#92 = CARTESIAN_POINT ( 'NONE',  ( -2.200000000000002000, 0.7475000000000001600, 0.8525000000000008100 ) ) ;
#93 = CIRCLE ( 'NONE', #5884, 0.1296982034251575000 ) ;
#94 = FACE_OUTER_BOUND ( 'NONE', #2807, .T. ) ;
#95 = AXIS2_PLACEMENT_3D ( 'NONE', #7046, #3548, #764 ) ;
#96 = FACE_OUTER_BOUND ( 'NONE', #322, .T. ) ;
#97 = PLANE ( 'NONE',  #6354 ) ;
#98 = DIRECTION ( 'NONE',  ( 0.06975647374411954300, -0.9975640502598246400, 0.0000000000000000000 ) ) ;
#99 = DIRECTION ( 'NONE',  ( 1.000000000000000000, 0.0000000000000000000, 0.0000000000000000000 ) ) ;
#100 = LINE ( 'NONE', #6226, #6652 ) ;
#101 = ORIENTED_EDGE ( 'NONE', *, *, #2968, .F. ) ;
#102 = DIRECTION ( 'NONE',  ( -0.0000000000000000000, -0.0000000000000000000, -1.000000000000000000 ) ) ;
#103 = VECTOR ( 'NONE', #98, 1000.000000000000000 ) ;
#104 = ADVANCED_FACE ( 'NONE', ( #4209 ), #2385, .F. ) ;
#105 = CARTESIAN_POINT ( 'NONE',  ( 3.199999999999999300, 0.1446467872876735000, -1.502499999999999100 ) ) ;
#106 = VECTOR ( 'NONE', #3601, 1000.000000000000100 ) ;
#107 = ORIENTED_EDGE ( 'NONE', *, *, #6958, .T. ) ;
#108 = EDGE_LOOP ( 'NONE', ( #2000, #3062, #271, #1616 ) ) ;
#109 = DIRECTION ( 'NONE',  ( -0.0000000000000000000, -0.0000000000000000000, -1.000000000000000000 ) ) ;
#110 = PLANE ( 'NONE',  #3559 ) ;
#111 = CARTESIAN_POINT ( 'NONE',  ( -2.429015024641861100, 0.4728017965748428400, 2.152500000000000700 ) ) ;
#112 = EDGE_CURVE ( 'NONE', #3539, #5205, #4486, .T. ) ;
#113 = VECTOR ( 'NONE', #2069, 1000.000000000000000 ) ;
#114 = EDGE_LOOP ( 'NONE', ( #6060, #5427, #5416, #1066 ) ) ;
#115 = LINE ( 'NONE', #5612, #4479 ) ;
#116 = VERTEX_POINT ( 'NONE', #6565 ) ;
#117 = DIRECTION ( 'NONE',  ( 0.06975647374411954300, -0.9975640502598246400, 0.0000000000000000000 ) ) ;
#118 = ORIENTED_EDGE ( 'NONE', *, *, #7355, .T. ) ;
#119 = ADVANCED_FACE ( 'NONE', ( #6500 ), #6465, .T. ) ;
#120 = AXIS2_PLACEMENT_3D ( 'NONE', #4180, #2396, #1270 ) ;
#121 = CYLINDRICAL_SURFACE ( 'NONE', #1640, 0.1296982034251570600 ) ;
#122 = CYLINDRICAL_SURFACE ( 'NONE', #4314, 0.1296982034251575000 ) ;
#123 = EDGE_CURVE ( 'NONE', #5027, #3362, #676, .T. ) ;
#124 = EDGE_LOOP ( 'NONE', ( #318, #307, #7057, #6675 ) ) ;
#125 = EDGE_CURVE ( 'NONE', #5254, #7154, #3743, .T. ) ;
#126 = DIRECTION ( 'NONE',  ( -1.000000000000000000, 0.0000000000000000000, 0.0000000000000000000 ) ) ;
#127 = CARTESIAN_POINT ( 'NONE',  ( -2.870524920471619400, 0.2977008424331583100, -0.8524999999999991500 ) ) ;
#128 = DIRECTION ( 'NONE',  ( -1.000000000000000000, 0.0000000000000000000, 0.0000000000000000000 ) ) ;
#129 = LINE ( 'NONE', #7192, #773 ) ;
#130 = DIRECTION ( 'NONE',  ( -0.0000000000000000000, -0.0000000000000000000, -1.000000000000000000 ) ) ;
#131 = VERTEX_POINT ( 'NONE', #3613 ) ;
#132 = VERTEX_POINT ( 'NONE', #6545 ) ;
#133 = ORIENTED_EDGE ( 'NONE', *, *, #316, .T. ) ;
#134 = VERTEX_POINT ( 'NONE', #7158 ) ;
#135 = AXIS2_PLACEMENT_3D ( 'NONE', #6563, #7156, #4823 ) ;
#136 = CARTESIAN_POINT ( 'NONE',  ( 2.599999999999999600, 0.2500000000000001100, -1.502499999999999100 ) ) ;
#137 = EDGE_CURVE ( 'NONE', #68, #3372, #300, .T. ) ;
#138 = FACE_OUTER_BOUND ( 'NONE', #4700, .T. ) ;
#139 = AXIS2_PLACEMENT_3D ( 'NONE', #6861, #4426, #5758 ) ;
#140 = CARTESIAN_POINT ( 'NONE',  ( 2.861477631149732700, 0.1683185773129356700, 1.097500000000000800 ) ) ;
#141 = CARTESIAN_POINT ( 'NONE',  ( -2.429015024641861600, 0.7474999999999992800, -0.8524999999999991500 ) ) ;
#142 = VERTEX_POINT ( 'NONE', #4141 ) ;
#143 = ORIENTED_EDGE ( 'NONE', *, *, #125, .F. ) ;
#144 = EDGE_LOOP ( 'NONE', ( #2222, #4055, #6810, #1880, #5380, #2535, #3497, #3959, #1136, #1253, #3953, #2577 ) ) ;
#145 = DIRECTION ( 'NONE',  ( -1.000000000000000000, 0.0000000000000000000, 0.0000000000000000000 ) ) ;
#146 = VECTOR ( 'NONE', #28, 1000.000000000000000 ) ;
#147 = CARTESIAN_POINT ( 'NONE',  ( -2.429015024641861600, 0.6024999999999999200, -0.2024999999999991300 ) ) ;
#148 = EDGE_LOOP ( 'NONE', ( #937, #2414, #6436, #7034 ) ) ;
#149 = SURFACE_STYLE_USAGE ( .BOTH. , #762 ) ;
#150 = DIRECTION ( 'NONE',  ( -0.0000000000000000000, -0.0000000000000000000, -1.000000000000000000 ) ) ;
#151 = ORIENTED_EDGE ( 'NONE', *, *, #4290, .F. ) ;
#152 = STYLED_ITEM ( 'NONE', ( #1909 ), #6065 ) ;
#153 = ORIENTED_EDGE ( 'NONE', *, *, #5452, .F. ) ;
#154 = VERTEX_POINT ( 'NONE', #3588 ) ;
#155 = ADVANCED_FACE ( 'NONE', ( #488 ), #7052, .T. ) ;
#156 = VECTOR ( 'NONE', #2128, 999.9999999999998900 ) ;
#157 = ORIENTED_EDGE ( 'NONE', *, *, #3535, .T. ) ;
#158 = EDGE_LOOP ( 'NONE', ( #3149, #6493, #2001, #7424 ) ) ;
#159 = FILL_AREA_STYLE_COLOUR ( '', #3034 ) ;
#160 = ADVANCED_FACE ( 'NONE', ( #5672 ), #5379, .F. ) ;
#161 = CIRCLE ( 'NONE', #7443, 0.2746982034251567700 ) ;
#162 = EDGE_CURVE ( 'NONE', #6424, #5326, #4932, .T. ) ;
#163 = ORIENTED_EDGE ( 'NONE', *, *, #223, .F. ) ;
#164 = EDGE_LOOP ( 'NONE', ( #4031, #2277, #1940, #2513 ) ) ;
#165 = DIRECTION ( 'NONE',  ( -1.000000000000000000, 0.0000000000000000000, 0.0000000000000000000 ) ) ;
#166 = DIRECTION ( 'NONE',  ( -0.1736481776669299100, 0.9848077530122081300, -0.0000000000000000000 ) ) ;
#167 = DIRECTION ( 'NONE',  ( 0.0000000000000000000, -1.000000000000000000, 0.0000000000000000000 ) ) ;
#168 = VECTOR ( 'NONE', #706, 1000.000000000000000 ) ;
#169 = AXIS2_PLACEMENT_3D ( 'NONE', #1805, #4784, #2471 ) ;
#170 = ORIENTED_EDGE ( 'NONE', *, *, #6253, .F. ) ;
#171 = CARTESIAN_POINT ( 'NONE',  ( 2.200000000000001100, 0.6025000000000000400, 0.4475000000000008400 ) ) ;
#172 = DIRECTION ( 'NONE',  ( -1.000000000000000000, 4.260777024402263800E-015, -0.0000000000000000000 ) ) ;
#173 = EDGE_CURVE ( 'NONE', #5901, #2682, #7416, .T. ) ;
#174 = EDGE_CURVE ( 'NONE', #7185, #3171, #5856, .T. ) ;
#175 = VECTOR ( 'NONE', #2749, 1000.000000000000000 ) ;
#176 = EDGE_LOOP ( 'NONE', ( #605, #4658, #3604, #5092 ) ) ;
#177 = AXIS2_PLACEMENT_3D ( 'NONE', #7374, #387, #2161 ) ;
#178 = DIRECTION ( 'NONE',  ( -0.0000000000000000000, -0.0000000000000000000, -1.000000000000000000 ) ) ;
#179 = DIRECTION ( 'NONE',  ( -0.0000000000000000000, 0.0000000000000000000, -1.000000000000000000 ) ) ;
#180 = CARTESIAN_POINT ( 'NONE',  ( 2.600000000000000100, 0.2500000000000001100, -0.2024999999999991300 ) ) ;
#181 = LINE ( 'NONE', #3136, #6719 ) ;
#182 = EDGE_CURVE ( 'NONE', #660, #464, #4761, .T. ) ;
#183 = LINE ( 'NONE', #1467, #2355 ) ;
#184 = EDGE_CURVE ( 'NONE', #5213, #4679, #3938, .T. ) ;
#185 = DIRECTION ( 'NONE',  ( -0.0000000000000000000, -0.0000000000000000000, -1.000000000000000000 ) ) ;
#186 = DIRECTION ( 'NONE',  ( 1.000000000000000000, 0.0000000000000000000, -1.734723475976807100E-016 ) ) ;
#187 = FACE_OUTER_BOUND ( 'NONE', #3076, .T. ) ;
#188 = DIRECTION ( 'NONE',  ( -0.0000000000000000000, -0.0000000000000000000, -1.000000000000000000 ) ) ;
#189 = ORIENTED_EDGE ( 'NONE', *, *, #1914, .F. ) ;
#190 = CARTESIAN_POINT ( 'NONE',  ( -2.200000000000002400, 0.6025000000000000400, -2.152499999999999400 ) ) ;
#191 = COLOUR_RGB ( '',0.7921568627450980000, 0.8196078431372548800, 0.9333333333333333500 ) ;
#192 = AXIS2_PLACEMENT_3D ( 'NONE', #4610, #3522, #3422 ) ;
#193 = LINE ( 'NONE', #7455, #7283 ) ;
#194 = PLANE ( 'NONE',  #7049 ) ;
#195 = ADVANCED_FACE ( 'NONE', ( #1657 ), #803, .F. ) ;
#196 = CARTESIAN_POINT ( 'NONE',  ( 2.200000000000001500, 0.7475000000000001600, 1.502500000000000800 ) ) ;
#197 = VECTOR ( 'NONE', #2939, 999.9999999999998900 ) ;
#198 = LINE ( 'NONE', #3220, #7285 ) ;
#199 = CARTESIAN_POINT ( 'NONE',  ( -2.429015024641861600, 0.6024999999999999200, 0.4475000000000008400 ) ) ;
#200 = EDGE_LOOP ( 'NONE', ( #7402, #4955, #6731, #3219 ) ) ;
#201 = FACE_OUTER_BOUND ( 'NONE', #1115, .T. ) ;
#202 = ORIENTED_EDGE ( 'NONE', *, *, #7005, .F. ) ;
#203 = AXIS2_PLACEMENT_3D ( 'NONE', #2593, #3728, #4950 ) ;
#204 = SURFACE_STYLE_FILL_AREA ( #1540 ) ;
#205 = CARTESIAN_POINT ( 'NONE',  ( -3.200000000000001100, 0.1446467872876738600, 1.097500000000000800 ) ) ;
#206 = CARTESIAN_POINT ( 'NONE',  ( -2.200000000000002000, 0.6025000000000000400, 0.2025000000000008500 ) ) ;
#207 = EDGE_LOOP ( 'NONE', ( #7465, #2948, #3397, #310 ) ) ;
#208 = ORIENTED_EDGE ( 'NONE', *, *, #23, .F. ) ;
#209 = CYLINDRICAL_SURFACE ( 'NONE', #686, 0.2746982034251563800 ) ;
#210 = CARTESIAN_POINT ( 'NONE',  ( -2.200000000000002000, 0.7475000000000001600, 0.4475000000000008400 ) ) ;
#211 = VECTOR ( 'NONE', #7437, 1000.000000000000100 ) ;
#212 = ORIENTED_EDGE ( 'NONE', *, *, #5320, .T. ) ;
#213 = DIRECTION ( 'NONE',  ( -1.000000000000000000, 0.0000000000000000000, 0.0000000000000000000 ) ) ;
#214 = EDGE_CURVE ( 'NONE', #2079, #5116, #3052, .T. ) ;
#215 = LINE ( 'NONE', #6420, #1655 ) ;
#216 = DIRECTION ( 'NONE',  ( 0.1736481776669299100, -0.9848077530122081300, 0.0000000000000000000 ) ) ;
#217 = VERTEX_POINT ( 'NONE', #4286 ) ;
#218 = ORIENTED_EDGE ( 'NONE', *, *, #805, .F. ) ;
#219 = DIRECTION ( 'NONE',  ( -0.0000000000000000000, -0.0000000000000000000, -1.000000000000000000 ) ) ;
#220 = AXIS2_PLACEMENT_3D ( 'NONE', #6676, #5502, #6090 ) ;
#221 = FILL_AREA_STYLE ('',( #6378 ) ) ;
#222 = VECTOR ( 'NONE', #2196, 1000.000000000000000 ) ;
#223 = EDGE_CURVE ( 'NONE', #688, #1137, #1130, .T. ) ;
#225 = EDGE_LOOP ( 'NONE', ( #6526, #3319, #5684, #5893 ) ) ;
#224 = EDGE_CURVE ( 'NONE', #4679, #3672, #2857, .T. ) ;
#226 = EDGE_LOOP ( 'NONE', ( #668, #143, #3407, #496 ) ) ;
#227 = ORIENTED_EDGE ( 'NONE', *, *, #3290, .T. ) ;
#228 = CARTESIAN_POINT ( 'NONE',  ( -2.200000000000002000, 0.7475000000000001600, 1.097500000000000800 ) ) ;
#229 = DIRECTION ( 'NONE',  ( 0.9975640502598247500, 0.06975647374411804400, -0.0000000000000000000 ) ) ;
#230 = CARTESIAN_POINT ( 'NONE',  ( -1.570720790471951100, 1.199999999999999300, -1.846785749842945600 ) ) ;
#231 = CARTESIAN_POINT ( 'NONE',  ( -2.200000000000002000, 0.6025000000000000400, -0.8524999999999991500 ) ) ;
#232 = FACE_OUTER_BOUND ( 'NONE', #2185, .T. ) ;
#233 = ADVANCED_FACE ( 'NONE', ( #2772 ), #298, .T. ) ;
#234 = AXIS2_PLACEMENT_3D ( 'NONE', #6461, #2991, #7000 ) ;
#235 = ORIENTED_EDGE ( 'NONE', *, *, #2468, .T. ) ;
#236 = VERTEX_POINT ( 'NONE', #5429 ) ;
#237 = ORIENTED_EDGE ( 'NONE', *, *, #2356, .T. ) ;
#238 = ORIENTED_EDGE ( 'NONE', *, *, #3535, .F. ) ;
#239 = AXIS2_PLACEMENT_3D ( 'NONE', #4576, #2154, #2856 ) ;
#240 = PLANE ( 'NONE',  #2204 ) ;
#241 = DIRECTION ( 'NONE',  ( 0.0000000000000000000, 0.0000000000000000000, 1.000000000000000000 ) ) ;
#242 = CIRCLE ( 'NONE', #529, 0.1296982034251575000 ) ;
#243 = ORIENTED_EDGE ( 'NONE', *, *, #7550, .T. ) ;
#244 = ORIENTED_EDGE ( 'NONE', *, *, #6021, .F. ) ;
#245 = ORIENTED_EDGE ( 'NONE', *, *, #3899, .T. ) ;
#246 = CARTESIAN_POINT ( 'NONE',  ( 2.851362942456834700, 0.02367179002526185300, -1.747499999999999200 ) ) ;
#247 = PRESENTATION_LAYER_ASSIGNMENT (  '', '', ( #7023 ) ) ;
#248 = LINE ( 'NONE', #5288, #1878 ) ;
#249 = VERTEX_POINT ( 'NONE', #4903 ) ;
#250 = VERTEX_POINT ( 'NONE', #6638 ) ;
#251 = DIRECTION ( 'NONE',  ( -0.0000000000000000000, -0.0000000000000000000, -1.000000000000000000 ) ) ;
#252 = DIRECTION ( 'NONE',  ( -4.260777024402263800E-015, -1.000000000000000000, 0.0000000000000000000 ) ) ;
#253 = DIRECTION ( 'NONE',  ( -1.000000000000000000, 0.0000000000000000000, 0.0000000000000000000 ) ) ;
#254 = FACE_OUTER_BOUND ( 'NONE', #3933, .T. ) ;
#255 = ORIENTED_EDGE ( 'NONE', *, *, #530, .F. ) ;
#256 = ORIENTED_EDGE ( 'NONE', *, *, #6264, .F. ) ;
#257 = EDGE_CURVE ( 'NONE', #4871, #1994, #4123, .T. ) ;
#258 = LINE ( 'NONE', #608, #4720 ) ;
#259 = ORIENTED_EDGE ( 'NONE', *, *, #2923, .T. ) ;
#260 = DIRECTION ( 'NONE',  ( -0.06975647374411954300, 0.9975640502598246400, 0.0000000000000000000 ) ) ;
#261 = DIRECTION ( 'NONE',  ( -0.0000000000000000000, -0.0000000000000000000, -1.000000000000000000 ) ) ;
#262 = AXIS2_PLACEMENT_3D ( 'NONE', #1358, #4291, #4831 ) ;
#263 = LINE ( 'NONE', #3554, #3708 ) ;
#264 = LINE ( 'NONE', #3980, #7566 ) ;
#265 = ADVANCED_FACE ( 'NONE', ( #2660 ), #6078, .F. ) ;
#266 = CARTESIAN_POINT ( 'NONE',  ( -2.556742820926710900, 0.4953236532462962400, -0.2024999999999991300 ) ) ;
#267 = EDGE_CURVE ( 'NONE', #2785, #1935, #1040, .T. ) ;
#268 = CARTESIAN_POINT ( 'NONE',  ( 2.861477631149733200, 0.1683185773129357300, 2.397500000000000900 ) ) ;
#269 = EDGE_CURVE ( 'NONE', #5857, #4880, #7134, .T. ) ;
#270 = DIRECTION ( 'NONE',  ( -0.0000000000000000000, 1.000000000000000000, -0.0000000000000000000 ) ) ;
#271 = ORIENTED_EDGE ( 'NONE', *, *, #4302, .F. ) ;
#272 = DIRECTION ( 'NONE',  ( -1.000000000000000000, -3.787357355024234400E-015, 0.0000000000000000000 ) ) ;
#273 = CARTESIAN_POINT ( 'NONE',  ( 2.429015024641860700, 0.4728017965748428400, 0.4475000000000008400 ) ) ;
#274 = DIRECTION ( 'NONE',  ( -1.000000000000000000, -3.787357355024234400E-015, 0.0000000000000000000 ) ) ;
#275 = EDGE_CURVE ( 'NONE', #2401, #4572, #5485, .T. ) ;
#276 = AXIS2_PLACEMENT_3D ( 'NONE', #1633, #7427, #6272 ) ;
#277 = FACE_OUTER_BOUND ( 'NONE', #5969, .T. ) ;
#278 = ORIENTED_EDGE ( 'NONE', *, *, #4541, .T. ) ;
#279 = VECTOR ( 'NONE', #392, 1000.000000000000000 ) ;
#280 = VECTOR ( 'NONE', #342, 1000.000000000000000 ) ;
#281 = VERTEX_POINT ( 'NONE', #3194 ) ;
#282 = CARTESIAN_POINT ( 'NONE',  ( -3.200000000000001500, 0.1446467872876738600, -2.397499999999999500 ) ) ;
#283 = CARTESIAN_POINT ( 'NONE',  ( -2.742797124186770100, 0.2751789857617048500, 0.8525000000000008100 ) ) ;
#284 = CARTESIAN_POINT ( 'NONE',  ( -2.200000000000001500, 0.6025000000000000400, 1.747500000000000700 ) ) ;
#285 = AXIS2_PLACEMENT_3D ( 'NONE', #940, #5163, #7466 ) ;
#286 = CIRCLE ( 'NONE', #1445, 0.2746982034251567700 ) ;
#287 = CYLINDRICAL_SURFACE ( 'NONE', #3583, 0.1296982034251570600 ) ;
#288 = ORIENTED_EDGE ( 'NONE', *, *, #823, .T. ) ;
#289 = LINE ( 'NONE', #3361, #211 ) ;
#290 = EDGE_LOOP ( 'NONE', ( #6616, #1074, #2579, #6802 ) ) ;
#291 = EDGE_LOOP ( 'NONE', ( #7216, #1242, #1942, #7112 ) ) ;
#292 = AXIS2_PLACEMENT_3D ( 'NONE', #5629, #6860, #6747 ) ;
#293 = CARTESIAN_POINT ( 'NONE',  ( 2.200000000000001100, 0.7475000000000001600, -1.097499999999999000 ) ) ;
#294 = PLANE ( 'NONE',  #1178 ) ;
#295 = DIRECTION ( 'NONE',  ( -1.000000000000000000, 0.0000000000000000000, 0.0000000000000000000 ) ) ;
#296 = CARTESIAN_POINT ( 'NONE',  ( 2.870524920471619400, 0.2977008424331583100, 2.152500000000000700 ) ) ;
#297 = LINE ( 'NONE', #2390, #6309 ) ;
#298 = PLANE ( 'NONE',  #2470 ) ;
#299 = ADVANCED_FACE ( 'NONE', ( #7231 ), #1973, .F. ) ;
#300 = LINE ( 'NONE', #692, #766 ) ;
#301 = ORIENTED_EDGE ( 'NONE', *, *, #1423, .T. ) ;
#302 = CARTESIAN_POINT ( 'NONE',  ( 2.851362942456835200, 0.02367179002526185300, 0.8525000000000008100 ) ) ;
#303 = FACE_OUTER_BOUND ( 'NONE', #144, .T. ) ;
#304 = PLANE ( 'NONE',  #4017 ) ;
#305 = ORIENTED_EDGE ( 'NONE', *, *, #3745, .T. ) ;
#306 = EDGE_CURVE ( 'NONE', #3491, #4522, #3488, .T. ) ;
#307 = ORIENTED_EDGE ( 'NONE', *, *, #3489, .F. ) ;
#308 = CIRCLE ( 'NONE', #7408, 0.2746982034251563800 ) ;
#309 = DIRECTION ( 'NONE',  ( -0.2505628070857321400, 0.9351131265310290700, -0.2505628070857320300 ) ) ;
#310 = ORIENTED_EDGE ( 'NONE', *, *, #1109, .T. ) ;
#311 = EDGE_LOOP ( 'NONE', ( #5787, #6990, #4874, #2038 ) ) ;
#312 = ORIENTED_EDGE ( 'NONE', *, *, #4352, .F. ) ;
#313 = PLANE ( 'NONE',  #2629 ) ;
#314 = EDGE_CURVE ( 'NONE', #3606, #3976, #5097, .T. ) ;
#315 = FACE_OUTER_BOUND ( 'NONE', #6617, .T. ) ;
#316 = EDGE_CURVE ( 'NONE', #5054, #2684, #5197, .T. ) ;
#317 = EDGE_LOOP ( 'NONE', ( #6427, #3657, #6395, #1056 ) ) ;
#318 = ORIENTED_EDGE ( 'NONE', *, *, #5568, .T. ) ;
#319 = DIRECTION ( 'NONE',  ( 1.000000000000000000, 0.0000000000000000000, 0.0000000000000000000 ) ) ;
#320 = DIRECTION ( 'NONE',  ( -0.0000000000000000000, -0.0000000000000000000, -1.000000000000000000 ) ) ;
#321 = ORIENTED_EDGE ( 'NONE', *, *, #7344, .T. ) ;
#322 = EDGE_LOOP ( 'NONE', ( #3670, #2508, #3851, #237 ) ) ;
#323 = CARTESIAN_POINT ( 'NONE',  ( 2.599999999999999600, 0.2500000000000001100, -1.502499999999999100 ) ) ;
#324 = DIRECTION ( 'NONE',  ( -0.0000000000000000000, -0.0000000000000000000, -1.000000000000000000 ) ) ;
#325 = PRESENTATION_STYLE_ASSIGNMENT (( #6685 ) ) ;
#326 = ORIENTED_EDGE ( 'NONE', *, *, #5825, .T. ) ;
#327 = ORIENTED_EDGE ( 'NONE', *, *, #5069, .F. ) ;
#328 = AXIS2_PLACEMENT_3D ( 'NONE', #7047, #5245, #6481 ) ;
#329 = CARTESIAN_POINT ( 'NONE',  ( -2.851362942456836100, 0.02367179002526185300, 1.097500000000000800 ) ) ;
#330 = FILL_AREA_STYLE ('',( #6103 ) ) ;
#331 = PLANE ( 'NONE',  #5651 ) ;
#332 = VECTOR ( 'NONE', #4635, 1000.000000000000000 ) ;
#333 = CARTESIAN_POINT ( 'NONE',  ( -2.200000000000001500, 0.6025000000000000400, 2.152500000000000700 ) ) ;
#334 = ORIENTED_EDGE ( 'NONE', *, *, #4885, .T. ) ;
#335 = ADVANCED_FACE ( 'NONE', ( #3664 ), #5039, .F. ) ;
#336 = DIRECTION ( 'NONE',  ( -1.000000000000000000, -3.787357355024234400E-015, 0.0000000000000000000 ) ) ;
#337 = AXIS2_PLACEMENT_3D ( 'NONE', #7508, #533, #1143 ) ;
#338 = CARTESIAN_POINT ( 'NONE',  ( -3.200000000000001500, 0.1446467872876738600, -1.747499999999999200 ) ) ;
#339 = CARTESIAN_POINT ( 'NONE',  ( 2.851362942456835200, 0.02367179002526185300, -0.2024999999999991300 ) ) ;
#340 = LINE ( 'NONE', #1741, #5252 ) ;
#341 = ORIENTED_EDGE ( 'NONE', *, *, #3072, .F. ) ;
#342 = DIRECTION ( 'NONE',  ( 1.000000000000000000, 4.734196693780292900E-016, -0.0000000000000000000 ) ) ;
#343 = DIRECTION ( 'NONE',  ( -0.2588190451025213500, -0.9659258262890680900, 0.0000000000000000000 ) ) ;
#344 = CARTESIAN_POINT ( 'NONE',  ( -2.861477631149733600, 0.1683185773129357300, 0.2025000000000008500 ) ) ;
#345 = VECTOR ( 'NONE', #6881, 1000.000000000000000 ) ;
#346 = ORIENTED_EDGE ( 'NONE', *, *, #70, .T. ) ;
#347 = EDGE_CURVE ( 'NONE', #3263, #5391, #3396, .T. ) ;
#348 = DIRECTION ( 'NONE',  ( 1.000000000000000000, 0.0000000000000000000, 0.0000000000000000000 ) ) ;
#349 = CYLINDRICAL_SURFACE ( 'NONE', #234, 0.1296982034251570600 ) ;
#350 = SURFACE_STYLE_FILL_AREA ( #788 ) ;
#351 = DIRECTION ( 'NONE',  ( -0.0000000000000000000, -0.0000000000000000000, -1.000000000000000000 ) ) ;
#352 = CARTESIAN_POINT ( 'NONE',  ( 2.200000000000001100, 0.6025000000000000400, 0.4475000000000008400 ) ) ;
#353 = DIRECTION ( 'NONE',  ( -0.0000000000000000000, -0.0000000000000000000, -1.000000000000000000 ) ) ;
#354 = VECTOR ( 'NONE', #5075, 1000.000000000000000 ) ;
#355 = CARTESIAN_POINT ( 'NONE',  ( 2.200000000000001100, 0.7475000000000001600, -1.097499999999999000 ) ) ;
#356 = EDGE_CURVE ( 'NONE', #5118, #4788, #2105, .T. ) ;
#357 = VERTEX_POINT ( 'NONE', #1483 ) ;
#358 = EDGE_CURVE ( 'NONE', #4947, #2044, #3141, .T. ) ;
#359 = DIRECTION ( 'NONE',  ( -0.0000000000000000000, -0.0000000000000000000, -1.000000000000000000 ) ) ;
#360 = DIRECTION ( 'NONE',  ( 0.1736481776669299100, 0.9848077530122081300, -0.0000000000000000000 ) ) ;
#361 = VERTEX_POINT ( 'NONE', #6176 ) ;
#362 = LINE ( 'NONE', #4644, #7201 ) ;
#363 = CARTESIAN_POINT ( 'NONE',  ( 2.556742820926710500, 0.4953236532462962400, 1.502500000000000800 ) ) ;
#364 = AXIS2_PLACEMENT_3D ( 'NONE', #6840, #5662, #1046 ) ;
#365 = CARTESIAN_POINT ( 'NONE',  ( 2.078752990424916500, 0.1500000000000002700, -2.500000000000000400 ) ) ;
#366 = DIRECTION ( 'NONE',  ( -0.0000000000000000000, -0.0000000000000000000, -1.000000000000000000 ) ) ;
#367 = PLANE ( 'NONE',  #6488 ) ;
#368 = CARTESIAN_POINT ( 'NONE',  ( 2.600000000000000500, 0.2500000000000001100, 2.397500000000000900 ) ) ;
#369 = VECTOR ( 'NONE', #1277, 1000.000000000000000 ) ;
#370 = DIRECTION ( 'NONE',  ( 0.1736481776669299100, -0.9848077530122081300, 0.0000000000000000000 ) ) ;
#371 = ORIENTED_EDGE ( 'NONE', *, *, #2897, .F. ) ;
#372 = AXIS2_PLACEMENT_3D ( 'NONE', #1957, #6030, #4296 ) ;
#373 = ADVANCED_FACE ( 'NONE', ( #6583 ), #3218, .T. ) ;
#374 = ORIENTED_EDGE ( 'NONE', *, *, #650, .F. ) ;
#375 = CYLINDRICAL_SURFACE ( 'NONE', #6586, 0.1296982034251570600 ) ;
#376 = SURFACE_STYLE_USAGE ( .BOTH. , #3876 ) ;
#377 = CARTESIAN_POINT ( 'NONE',  ( 2.429015024641861100, 0.6025000000000000400, 1.502500000000000800 ) ) ;
#378 = LINE ( 'NONE', #3476, #3300 ) ;
#379 = VERTEX_POINT ( 'NONE', #6705 ) ;
#380 = DIRECTION ( 'NONE',  ( -0.0000000000000000000, -0.0000000000000000000, -1.000000000000000000 ) ) ;
#381 = ORIENTED_EDGE ( 'NONE', *, *, #3661, .F. ) ;
#382 = CIRCLE ( 'NONE', #7226, 0.1296982034251570600 ) ;
#383 = VECTOR ( 'NONE', #1609, 1000.000000000000000 ) ;
#384 = DIRECTION ( 'NONE',  ( -3.469446951953614700E-016, -0.0000000000000000000, -1.000000000000000000 ) ) ;
#385 = VECTOR ( 'NONE', #992, 1000.000000000000000 ) ;
#386 = VERTEX_POINT ( 'NONE', #888 ) ;
#387 = DIRECTION ( 'NONE',  ( 0.06975647374411821100, -0.9975640502598247500, 0.0000000000000000000 ) ) ;
#388 = DIRECTION ( 'NONE',  ( -1.000000000000000000, -3.787357355024234400E-015, 0.0000000000000000000 ) ) ;
#389 = CYLINDRICAL_SURFACE ( 'NONE', #6476, 0.2746982034251567700 ) ;
#390 = ORIENTED_EDGE ( 'NONE', *, *, #7092, .F. ) ;
#391 = ORIENTED_EDGE ( 'NONE', *, *, #1571, .T. ) ;
#392 = DIRECTION ( 'NONE',  ( -0.0000000000000000000, -0.0000000000000000000, -1.000000000000000000 ) ) ;
#393 = EDGE_CURVE ( 'NONE', #927, #4607, #115, .T. ) ;
#394 = DIRECTION ( 'NONE',  ( 0.1736481776669299100, -0.9848077530122081300, 0.0000000000000000000 ) ) ;
#395 = VECTOR ( 'NONE', #2062, 1000.000000000000000 ) ;
#396 = VERTEX_POINT ( 'NONE', #2744 ) ;
#397 = ORIENTED_EDGE ( 'NONE', *, *, #2162, .T. ) ;
#398 = ORIENTED_EDGE ( 'NONE', *, *, #4433, .F. ) ;
#399 = AXIS2_PLACEMENT_3D ( 'NONE', #6190, #5437, #5600 ) ;
#400 = DIRECTION ( 'NONE',  ( -0.0000000000000000000, -0.0000000000000000000, -1.000000000000000000 ) ) ;
#401 = DIRECTION ( 'NONE',  ( 0.0000000000000000000, 0.0000000000000000000, 1.000000000000000000 ) ) ;
#402 = PRESENTATION_STYLE_ASSIGNMENT (( #4963 ) ) ;
#403 = EDGE_CURVE ( 'NONE', #2662, #7433, #4114, .T. ) ;
#404 = ORIENTED_EDGE ( 'NONE', *, *, #5333, .T. ) ;
#405 = EDGE_LOOP ( 'NONE', ( #404, #1176, #5318, #2652 ) ) ;
#407 = ORIENTED_EDGE ( 'NONE', *, *, #4256, .F. ) ;
#406 = EDGE_CURVE ( 'NONE', #7135, #5667, #1560, .T. ) ;
#408 = ORIENTED_EDGE ( 'NONE', *, *, #2217, .F. ) ;
#409 = ORIENTED_EDGE ( 'NONE', *, *, #4553, .F. ) ;
#410 = CARTESIAN_POINT ( 'NONE',  ( 2.851362942456835600, 0.02367179002526185300, 1.747500000000000700 ) ) ;
#411 = ADVANCED_FACE ( 'NONE', ( #1651 ), #2088, .F. ) ;
#412 = DIRECTION ( 'NONE',  ( -0.0000000000000000000, -0.0000000000000000000, -1.000000000000000000 ) ) ;
#413 = CIRCLE ( 'NONE', #2172, 0.2746982034251563800 ) ;
#414 = DIRECTION ( 'NONE',  ( 1.000000000000000000, -4.734196693780292900E-016, 0.0000000000000000000 ) ) ;
#415 = MECHANICAL_DESIGN_GEOMETRIC_PRESENTATION_REPRESENTATION (  '', ( #6806 ), #6013 ) ;
#416 = ORIENTED_EDGE ( 'NONE', *, *, #6466, .T. ) ;
#417 = EDGE_LOOP ( 'NONE', ( #3179, #3097, #3768, #893 ) ) ;
#418 = DIRECTION ( 'NONE',  ( -0.06975647374411675400, -0.9975640502598248600, 0.0000000000000000000 ) ) ;
#419 = ORIENTED_EDGE ( 'NONE', *, *, #5874, .T. ) ;
#420 = CARTESIAN_POINT ( 'NONE',  ( -2.429015024641861600, 0.6024999999999999200, 0.2025000000000008500 ) ) ;
#421 = EDGE_LOOP ( 'NONE', ( #7276, #7218, #3939, #1425 ) ) ;
#422 = EDGE_CURVE ( 'NONE', #5703, #386, #1220, .T. ) ;
#423 = EDGE_CURVE ( 'NONE', #1844, #3687, #3310, .T. ) ;
#424 = DIRECTION ( 'NONE',  ( -1.000000000000000000, 0.0000000000000000000, 0.0000000000000000000 ) ) ;
#425 = CARTESIAN_POINT ( 'NONE',  ( 2.851362942456835200, 0.02367179002526185300, -0.4474999999999991200 ) ) ;
#426 = FACE_OUTER_BOUND ( 'NONE', #4288, .T. ) ;
#427 = CARTESIAN_POINT ( 'NONE',  ( 2.200000000000001500, 0.6025000000000000400, 2.397500000000000900 ) ) ;
#428 = ORIENTED_EDGE ( 'NONE', *, *, #2496, .T. ) ;
#429 = ORIENTED_EDGE ( 'NONE', *, *, #1431, .T. ) ;
#430 = DIRECTION ( 'NONE',  ( 0.9975640502598246400, -0.06975647374411923800, 0.0000000000000000000 ) ) ;
#431 = AXIS2_PLACEMENT_3D ( 'NONE', #5258, #2465, #6471 ) ;
#432 = VECTOR ( 'NONE', #1907, 1000.000000000000000 ) ;
#433 = DIRECTION ( 'NONE',  ( 0.0000000000000000000, 0.0000000000000000000, 1.000000000000000000 ) ) ;
#434 = ORIENTED_EDGE ( 'NONE', *, *, #7446, .T. ) ;
#435 = DIRECTION ( 'NONE',  ( 0.1736481776669299100, 0.9848077530122081300, 0.0000000000000000000 ) ) ;
#436 = PLANE ( 'NONE',  #2516 ) ;
#437 = FILL_AREA_STYLE ('',( #7388 ) ) ;
#438 = LINE ( 'NONE', #5939, #890 ) ;
#439 = EDGE_LOOP ( 'NONE', ( #1124, #6444, #2237, #6792 ) ) ;
#440 = DIRECTION ( 'NONE',  ( -0.0000000000000000000, -0.0000000000000000000, -1.000000000000000000 ) ) ;
#441 = ORIENTED_EDGE ( 'NONE', *, *, #1468, .F. ) ;
#442 = DIRECTION ( 'NONE',  ( -0.9975640502598248600, 0.06975647374411675400, 0.0000000000000000000 ) ) ;
#443 = CARTESIAN_POINT ( 'NONE',  ( 2.199999999999999700, 0.7475000000000001600, -2.500000000000000400 ) ) ;
#444 = CARTESIAN_POINT ( 'NONE',  ( -2.851362942456836100, 0.02367179002526185300, -0.4474999999999991200 ) ) ;
#445 = VECTOR ( 'NONE', #2147, 1000.000000000000000 ) ;
#446 = LINE ( 'NONE', #5377, #3458 ) ;
#447 = DIRECTION ( 'NONE',  ( -0.1736481776669299100, 0.9848077530122081300, -0.0000000000000000000 ) ) ;
#448 = CARTESIAN_POINT ( 'NONE',  ( 2.699539945113479600, 0.5205026390080010900, 0.4475000000000008400 ) ) ;
#449 = CARTESIAN_POINT ( 'NONE',  ( 2.429015024641861100, 0.4728017965748428400, 2.152500000000000700 ) ) ;
#450 = CARTESIAN_POINT ( 'NONE',  ( -2.078752990424916000, 1.199999999999999300, 2.378752990424917200 ) ) ;
#451 = CARTESIAN_POINT ( 'NONE',  ( 2.429015024641860300, 0.7474999999999991700, -2.152499999999999400 ) ) ;
#452 = DIRECTION ( 'NONE',  ( -0.0000000000000000000, -0.0000000000000000000, -1.000000000000000000 ) ) ;
#453 = VECTOR ( 'NONE', #4977, 1000.000000000000000 ) ;
#454 = ADVANCED_FACE ( 'NONE', ( #4925 ), #6150, .F. ) ;
#455 = EDGE_LOOP ( 'NONE', ( #5110, #1829, #6408, #4847 ) ) ;
#456 = EDGE_CURVE ( 'NONE', #2667, #5894, #2006, .T. ) ;
#457 = LINE ( 'NONE', #2148, #7473 ) ;
#458 = CARTESIAN_POINT ( 'NONE',  ( 2.429015024641860700, 0.4728017965748428400, -0.4474999999999991200 ) ) ;
#459 = DIRECTION ( 'NONE',  ( 0.0000000000000000000, 0.0000000000000000000, 1.000000000000000000 ) ) ;
#460 = DIRECTION ( 'NONE',  ( -0.2505628070857320900, -0.9351131265310290700, 0.2505628070857321400 ) ) ;
#461 = FACE_OUTER_BOUND ( 'NONE', #5748, .T. ) ;
#462 = FACE_OUTER_BOUND ( 'NONE', #1960, .T. ) ;
#463 = LINE ( 'NONE', #5686, #2372 ) ;
#464 = VERTEX_POINT ( 'NONE', #5219 ) ;
#465 = CARTESIAN_POINT ( 'NONE',  ( -2.699539945113480100, 0.5205026390080010900, 2.397500000000000900 ) ) ;
#466 = EDGE_CURVE ( 'NONE', #6523, #217, #3044, .T. ) ;
#467 = CARTESIAN_POINT ( 'NONE',  ( 2.200000000000001100, 0.7475000000000001600, 1.097500000000000800 ) ) ;
#468 = EDGE_CURVE ( 'NONE', #4377, #6874, #848, .T. ) ;
#469 = DIRECTION ( 'NONE',  ( -0.0000000000000000000, 1.000000000000000000, -0.0000000000000000000 ) ) ;
#470 = DIRECTION ( 'NONE',  ( 0.0000000000000000000, -0.9659258262890680900, 0.2588190451025213500 ) ) ;
#471 = DIRECTION ( 'NONE',  ( -0.1736481776669299100, 0.9848077530122081300, 0.0000000000000000000 ) ) ;
#472 = VECTOR ( 'NONE', #4052, 1000.000000000000000 ) ;
#473 = EDGE_LOOP ( 'NONE', ( #1958, #5018, #238, #6780 ) ) ;
#474 = CARTESIAN_POINT ( 'NONE',  ( 3.189885311307103100, -3.382275553165428400E-020, 1.097500000000000800 ) ) ;
#475 = CARTESIAN_POINT ( 'NONE',  ( 2.699539945113480100, 0.5205026390080010900, 2.152500000000000700 ) ) ;
#476 = LINE ( 'NONE', #4417, #4289 ) ;
#477 = CARTESIAN_POINT ( 'NONE',  ( -2.556742820926710900, 0.4953236532462962400, 1.097500000000000800 ) ) ;
#478 = CARTESIAN_POINT ( 'NONE',  ( 3.199999999999999300, 0.1446467872876735000, -1.747499999999999200 ) ) ;
#479 = CARTESIAN_POINT ( 'NONE',  ( 2.200000000000001100, 0.6025000000000000400, 1.097500000000000800 ) ) ;
#480 = LINE ( 'NONE', #474, #3735 ) ;
#481 = VERTEX_POINT ( 'NONE', #3510 ) ;
#482 = VERTEX_POINT ( 'NONE', #1019 ) ;
#483 = LINE ( 'NONE', #6363, #7230 ) ;
#484 = DIRECTION ( 'NONE',  ( -0.9848077530122081300, 0.1736481776669299100, 0.0000000000000000000 ) ) ;
#485 = DIRECTION ( 'NONE',  ( 0.9659258262890680900, -0.2588190451025213500, -3.351228413831883600E-016 ) ) ;
#486 = FILL_AREA_STYLE ('',( #1600 ) ) ;
#487 = DIRECTION ( 'NONE',  ( -4.734196693780292900E-016, 1.000000000000000000, 0.0000000000000000000 ) ) ;
#488 = FACE_OUTER_BOUND ( 'NONE', #6703, .T. ) ;
#489 = ORIENTED_EDGE ( 'NONE', *, *, #1430, .T. ) ;
#490 = AXIS2_PLACEMENT_3D ( 'NONE', #3950, #6966, #3993 ) ;
#491 = VECTOR ( 'NONE', #4888, 1000.000000000000000 ) ;
#492 = ADVANCED_FACE ( 'NONE', ( #1464 ), #3570, .F. ) ;
#493 = CARTESIAN_POINT ( 'NONE',  ( 3.189885311307103500, -3.382275553165428400E-020, 2.397500000000000900 ) ) ;
#494 = ORIENTED_EDGE ( 'NONE', *, *, #3630, .F. ) ;
#495 = ORIENTED_EDGE ( 'NONE', *, *, #5111, .F. ) ;
#496 = ORIENTED_EDGE ( 'NONE', *, *, #4757, .T. ) ;
#497 = CARTESIAN_POINT ( 'NONE',  ( -2.851362942456836100, 0.02367179002526185300, -0.4474999999999991200 ) ) ;
#498 = ORIENTED_EDGE ( 'NONE', *, *, #6798, .F. ) ;
#499 = DIRECTION ( 'NONE',  ( -0.06975647374411954300, 0.9975640502598246400, 0.0000000000000000000 ) ) ;
#500 = LINE ( 'NONE', #1351, #2316 ) ;
#501 = DIRECTION ( 'NONE',  ( -0.1736481776669299100, 0.9848077530122081300, -0.0000000000000000000 ) ) ;
#502 = DIRECTION ( 'NONE',  ( 1.000000000000000000, 4.734196693780292900E-016, -0.0000000000000000000 ) ) ;
#503 = VERTEX_POINT ( 'NONE', #5794 ) ;
#504 = PLANE ( 'NONE',  #6628 ) ;
#505 = DIRECTION ( 'NONE',  ( -0.9975640502598247500, 0.06975647374411804400, 0.0000000000000000000 ) ) ;
#506 = ORIENTED_EDGE ( 'NONE', *, *, #3072, .T. ) ;
#507 = EDGE_CURVE ( 'NONE', #2225, #132, #6491, .T. ) ;
#508 = EDGE_LOOP ( 'NONE', ( #4803, #5221, #5498, #6783 ) ) ;
#509 = CARTESIAN_POINT ( 'NONE',  ( -3.200000000000001100, 0.1446467872876738600, 0.2025000000000008500 ) ) ;
#510 = VECTOR ( 'NONE', #6848, 1000.000000000000000 ) ;
#511 = ORIENTED_EDGE ( 'NONE', *, *, #3160, .T. ) ;
#512 = VERTEX_POINT ( 'NONE', #1177 ) ;
#513 = VERTEX_POINT ( 'NONE', #5192 ) ;
#514 = DIRECTION ( 'NONE',  ( -0.0000000000000000000, -0.0000000000000000000, -1.000000000000000000 ) ) ;
#515 = CARTESIAN_POINT ( 'NONE',  ( 2.699539945113479600, 0.5205026390080010900, 1.097500000000000800 ) ) ;
#516 = DIRECTION ( 'NONE',  ( -0.2505628070857321400, -0.9351131265310290700, -0.2505628070857320300 ) ) ;
#517 = EDGE_CURVE ( 'NONE', #6426, #1237, #6400, .T. ) ;
#518 = VECTOR ( 'NONE', #5559, 1000.000000000000000 ) ;
#519 = EDGE_CURVE ( 'NONE', #2244, #4651, #1928, .T. ) ;
#520 = VERTEX_POINT ( 'NONE', #22 ) ;
#521 = ORIENTED_EDGE ( 'NONE', *, *, #7248, .T. ) ;
#522 = DIRECTION ( 'NONE',  ( 0.0000000000000000000, -0.0000000000000000000, -1.000000000000000000 ) ) ;
#523 = DIRECTION ( 'NONE',  ( 4.734196693780292900E-016, 1.000000000000000000, -0.0000000000000000000 ) ) ;
#524 = AXIS2_PLACEMENT_3D ( 'NONE', #1796, #6457, #5301 ) ;
#525 = PLANE ( 'NONE',  #595 ) ;
#526 = LINE ( 'NONE', #64, #4518 ) ;
#527 = ORIENTED_EDGE ( 'NONE', *, *, #6405, .T. ) ;
#528 = ORIENTED_EDGE ( 'NONE', *, *, #4882, .T. ) ;
#529 = AXIS2_PLACEMENT_3D ( 'NONE', #4500, #3387, #6262 ) ;
#530 = EDGE_CURVE ( 'NONE', #7309, #3474, #289, .T. ) ;
#531 = AXIS2_PLACEMENT_3D ( 'NONE', #6369, #606, #7533 ) ;
#532 = DIRECTION ( 'NONE',  ( 0.9975640502598247500, -0.06975647374411804400, 0.0000000000000000000 ) ) ;
#533 = DIRECTION ( 'NONE',  ( 0.0000000000000000000, 1.000000000000000000, 0.0000000000000000000 ) ) ;
#534 = CARTESIAN_POINT ( 'NONE',  ( -2.429015024641861600, 0.4728017965748428400, 0.8525000000000008100 ) ) ;
#535 = VECTOR ( 'NONE', #40, 1000.000000000000000 ) ;
#536 = VERTEX_POINT ( 'NONE', #6973 ) ;
#537 = ADVANCED_FACE ( 'NONE', ( #2201 ), #7411, .F. ) ;
#538 = LINE ( 'NONE', #1953, #6175 ) ;
#539 = CARTESIAN_POINT ( 'NONE',  ( 2.429015024641860700, 0.6025000000000000400, -0.4474999999999991200 ) ) ;
#540 = ORIENTED_EDGE ( 'NONE', *, *, #3304, .T. ) ;
#541 = LINE ( 'NONE', #2740, #5996 ) ;
#542 = DIRECTION ( 'NONE',  ( -1.000000000000000000, 0.0000000000000000000, 0.0000000000000000000 ) ) ;
#543 = DIRECTION ( 'NONE',  ( 0.1736481776669299100, -0.9848077530122081300, 0.0000000000000000000 ) ) ;
#544 = COLOUR_RGB ( '',0.7921568627450980000, 0.8196078431372548800, 0.9333333333333333500 ) ;
#545 = CARTESIAN_POINT ( 'NONE',  ( -2.429015024641862000, 0.4728017965748428400, -1.502499999999999100 ) ) ;
#546 = CARTESIAN_POINT ( 'NONE',  ( -2.556742820926710900, 0.4953236532462962400, -0.8524999999999991500 ) ) ;
#547 = DIRECTION ( 'NONE',  ( -0.0000000000000000000, -0.0000000000000000000, -1.000000000000000000 ) ) ;
#548 = EDGE_CURVE ( 'NONE', #5382, #1145, #1753, .T. ) ;
#549 = DIRECTION ( 'NONE',  ( -1.000000000000000000, 0.0000000000000000000, 0.0000000000000000000 ) ) ;
#550 = LINE ( 'NONE', #443, #1447 ) ;
#551 = DIRECTION ( 'NONE',  ( -0.0000000000000000000, -0.0000000000000000000, -1.000000000000000000 ) ) ;
#552 = ORIENTED_EDGE ( 'NONE', *, *, #6649, .T. ) ;
#553 = VECTOR ( 'NONE', #3528, 1000.000000000000000 ) ;
#554 = DIRECTION ( 'NONE',  ( -0.0000000000000000000, -0.0000000000000000000, -1.000000000000000000 ) ) ;
#555 = ORIENTED_EDGE ( 'NONE', *, *, #6699, .F. ) ;
#556 = FACE_OUTER_BOUND ( 'NONE', #3173, .T. ) ;
#557 = AXIS2_PLACEMENT_3D ( 'NONE', #2500, #7186, #6082 ) ;
#558 = EDGE_CURVE ( 'NONE', #481, #3263, #5851, .T. ) ;
#559 = EDGE_CURVE ( 'NONE', #597, #5072, #6027, .T. ) ;
#560 = CIRCLE ( 'NONE', #2433, 0.2746982034251567700 ) ;
#561 = EDGE_CURVE ( 'NONE', #50, #7498, #2762, .T. ) ;
#562 = LINE ( 'NONE', #1793, #1368 ) ;
#563 = DIRECTION ( 'NONE',  ( 1.000000000000000000, 0.0000000000000000000, -0.0000000000000000000 ) ) ;
#564 = FILL_AREA_STYLE_COLOUR ( '', #6686 ) ;
#565 = FACE_OUTER_BOUND ( 'NONE', #6644, .T. ) ;
#566 = EDGE_LOOP ( 'NONE', ( #1840, #3030, #2130, #1486 ) ) ;
#567 = EDGE_LOOP ( 'NONE', ( #7251, #4729, #5308, #3343 ) ) ;
#568 = VECTOR ( 'NONE', #75, 1000.000000000000000 ) ;
#569 = ADVANCED_FACE ( 'NONE', ( #666 ), #3947, .F. ) ;
#570 = DIRECTION ( 'NONE',  ( -0.1736481776669299100, -0.9848077530122081300, 0.0000000000000000000 ) ) ;
#571 = ORIENTED_EDGE ( 'NONE', *, *, #5525, .T. ) ;
#572 = EDGE_CURVE ( 'NONE', #7245, #2667, #2569, .T. ) ;
#573 = ORIENTED_EDGE ( 'NONE', *, *, #572, .F. ) ;
#574 = EDGE_CURVE ( 'NONE', #5797, #7309, #6305, .T. ) ;
#575 = VECTOR ( 'NONE', #977, 1000.000000000000000 ) ;
#576 = CARTESIAN_POINT ( 'NONE',  ( 3.199999999999999700, 0.1446467872876735000, -0.8524999999999991500 ) ) ;
#577 = DIRECTION ( 'NONE',  ( -0.0000000000000000000, -0.0000000000000000000, -1.000000000000000000 ) ) ;
#578 = CARTESIAN_POINT ( 'NONE',  ( -1.570720790471951100, 1.099999999999999200, -1.846785749842945600 ) ) ;
#579 = VECTOR ( 'NONE', #3924, 1000.000000000000000 ) ;
#580 = VECTOR ( 'NONE', #3233, 1000.000000000000000 ) ;
#581 = VERTEX_POINT ( 'NONE', #2110 ) ;
#582 = PLANE ( 'NONE',  #4545 ) ;
#583 = DIRECTION ( 'NONE',  ( -0.0000000000000000000, -0.0000000000000000000, -1.000000000000000000 ) ) ;
#584 = ORIENTED_EDGE ( 'NONE', *, *, #5830, .T. ) ;
#585 = CARTESIAN_POINT ( 'NONE',  ( 2.200000000000001500, 0.7475000000000001600, 1.747500000000000700 ) ) ;
#586 = DIRECTION ( 'NONE',  ( 1.000000000000000000, 0.0000000000000000000, 0.0000000000000000000 ) ) ;
#587 = DIRECTION ( 'NONE',  ( -1.000000000000000000, 4.260777024402263800E-015, -0.0000000000000000000 ) ) ;
#588 = VECTOR ( 'NONE', #6213, 1000.000000000000000 ) ;
#589 = EDGE_LOOP ( 'NONE', ( #776, #6762, #441, #1244 ) ) ;
#590 = ORIENTED_EDGE ( 'NONE', *, *, #3281, .T. ) ;
#591 = ORIENTED_EDGE ( 'NONE', *, *, #1581, .F. ) ;
#592 = CARTESIAN_POINT ( 'NONE',  ( 2.699539945113479200, 0.5205026390080010900, -1.502499999999999100 ) ) ;
#593 = VECTOR ( 'NONE', #5325, 1000.000000000000000 ) ;
#594 = DIRECTION ( 'NONE',  ( -4.734196693780292900E-016, 1.000000000000000000, 0.0000000000000000000 ) ) ;
#595 = AXIS2_PLACEMENT_3D ( 'NONE', #546, #1707, #6396 ) ;
#596 = VERTEX_POINT ( 'NONE', #5103 ) ;
#597 = VERTEX_POINT ( 'NONE', #5029 ) ;
#598 = DIRECTION ( 'NONE',  ( -1.000000000000000000, 0.0000000000000000000, 0.0000000000000000000 ) ) ;
#599 = FACE_OUTER_BOUND ( 'NONE', #6968, .T. ) ;
#600 = CARTESIAN_POINT ( 'NONE',  ( -2.200000000000001500, 0.6025000000000000400, 1.747500000000000700 ) ) ;
#601 = EDGE_LOOP ( 'NONE', ( #980, #2231, #3665, #7382 ) ) ;
#602 = ORIENTED_EDGE ( 'NONE', *, *, #1107, .F. ) ;
#603 = PLANE ( 'NONE',  #6039 ) ;
#604 = PLANE ( 'NONE',  #5374 ) ;
#605 = ORIENTED_EDGE ( 'NONE', *, *, #4007, .T. ) ;
#606 = DIRECTION ( 'NONE',  ( -0.0000000000000000000, -1.000000000000000000, -0.0000000000000000000 ) ) ;
#607 = ORIENTED_EDGE ( 'NONE', *, *, #6409, .F. ) ;
#608 = CARTESIAN_POINT ( 'NONE',  ( 2.556742820926710000, 0.4953236532462962400, 0.2025000000000008500 ) ) ;
#609 = SURFACE_SIDE_STYLE ('',( #1904 ) ) ;
#610 = VECTOR ( 'NONE', #3818, 1000.000000000000000 ) ;
#611 = CARTESIAN_POINT ( 'NONE',  ( 2.600000000000000500, 0.2500000000000001100, 1.502500000000000800 ) ) ;
#612 = EDGE_CURVE ( 'NONE', #6061, #2386, #5472, .T. ) ;
#613 = ORIENTED_EDGE ( 'NONE', *, *, #7486, .F. ) ;
#614 = ORIENTED_EDGE ( 'NONE', *, *, #662, .F. ) ;
#615 = VERTEX_POINT ( 'NONE', #1528 ) ;
#616 = ADVANCED_FACE ( 'NONE', ( #1031 ), #1550, .F. ) ;
#617 = DIRECTION ( 'NONE',  ( -0.1736481776669299100, -0.9848077530122081300, 0.0000000000000000000 ) ) ;
#618 = CYLINDRICAL_SURFACE ( 'NONE', #2748, 0.2746982034251563800 ) ;
#619 = AXIS2_PLACEMENT_3D ( 'NONE', #654, #41, #2929 ) ;
#620 = ORIENTED_EDGE ( 'NONE', *, *, #1157, .T. ) ;
#621 = ORIENTED_EDGE ( 'NONE', *, *, #6845, .F. ) ;
#622 = CARTESIAN_POINT ( 'NONE',  ( 2.200000000000001100, 0.6025000000000000400, -0.8524999999999991500 ) ) ;
#623 = DIRECTION ( 'NONE',  ( 0.9975640502598246400, 0.06975647374411954300, -0.0000000000000000000 ) ) ;
#624 = DIRECTION ( 'NONE',  ( 0.0000000000000000000, 0.0000000000000000000, 1.000000000000000000 ) ) ;
#625 = UNCERTAINTY_MEASURE_WITH_UNIT (LENGTH_MEASURE( 1.000000000000000100E-005 ), #5420, 'distance_accuracy_value', 'NONE');
#626 = EDGE_CURVE ( 'NONE', #4218, #1424, #2384, .T. ) ;
#627 = FACE_OUTER_BOUND ( 'NONE', #164, .T. ) ;
#628 = ORIENTED_EDGE ( 'NONE', *, *, #5735, .T. ) ;
#629 = CARTESIAN_POINT ( 'NONE',  ( -2.861477631149733200, 0.1683185773129357900, 2.397500000000000900 ) ) ;
#630 = AXIS2_PLACEMENT_3D ( 'NONE', #2120, #7362, #3210 ) ;
#631 = DIRECTION ( 'NONE',  ( -0.06975647374411923800, -0.9975640502598246400, 0.0000000000000000000 ) ) ;
#632 = CARTESIAN_POINT ( 'NONE',  ( -2.429015024641861100, 0.7474999999999992800, 2.397500000000000900 ) ) ;
#633 = ORIENTED_EDGE ( 'NONE', *, *, #1629, .F. ) ;
#634 = CARTESIAN_POINT ( 'NONE',  ( -2.861477631149733200, 0.1683185773129357900, 2.152500000000000700 ) ) ;
#635 = CARTESIAN_POINT ( 'NONE',  ( 2.870524920471618600, 0.2977008424331583100, -2.397499999999999500 ) ) ;
#636 = DIRECTION ( 'NONE',  ( -1.904107053313570200E-016, -0.2588190451025213500, -0.9659258262890680900 ) ) ;
#637 = VECTOR ( 'NONE', #4682, 1000.000000000000100 ) ;
#638 = MECHANICAL_DESIGN_GEOMETRIC_PRESENTATION_REPRESENTATION (  '', ( #7023 ), #1027 ) ;
#639 = DIRECTION ( 'NONE',  ( -1.000000000000000000, 4.260777024402263800E-015, -0.0000000000000000000 ) ) ;
#640 = LINE ( 'NONE', #5598, #2628 ) ;
#641 = EDGE_LOOP ( 'NONE', ( #278, #6341, #381, #2698 ) ) ;
#642 = LINE ( 'NONE', #3480, #2733 ) ;
#643 = ADVANCED_FACE ( 'NONE', ( #3931 ), #5630, .F. ) ;
#644 = CARTESIAN_POINT ( 'NONE',  ( 2.200000000000001500, 0.7475000000000001600, 1.502500000000000800 ) ) ;
#645 = LINE ( 'NONE', #6987, #6095 ) ;
#646 = DIRECTION ( 'NONE',  ( -0.0000000000000000000, -0.0000000000000000000, -1.000000000000000000 ) ) ;
#647 = CARTESIAN_POINT ( 'NONE',  ( -2.429015024641862000, 0.4728017965748428400, -1.502499999999999100 ) ) ;
#648 = CARTESIAN_POINT ( 'NONE',  ( -2.200000000000002000, 0.6025000000000000400, 1.097500000000000800 ) ) ;
#649 = LINE ( 'NONE', #6042, #6728 ) ;
#650 = EDGE_CURVE ( 'NONE', #5286, #5966, #3736, .T. ) ;
#651 = LINE ( 'NONE', #293, #5170 ) ;
#652 = EDGE_LOOP ( 'NONE', ( #6666, #7088, #2963, #4771 ) ) ;
#653 = CARTESIAN_POINT ( 'NONE',  ( -2.200000000000002000, 0.7475000000000001600, -0.8524999999999991500 ) ) ;
#654 = CARTESIAN_POINT ( 'NONE',  ( 2.556742820926709600, 0.4953236532462962400, -1.502499999999999100 ) ) ;
#655 = DIRECTION ( 'NONE',  ( 0.1736481776669299100, 0.9848077530122081300, 0.0000000000000000000 ) ) ;
#656 = DIRECTION ( 'NONE',  ( -0.0000000000000000000, -0.0000000000000000000, -1.000000000000000000 ) ) ;
#657 = LINE ( 'NONE', #4164, #1825 ) ;
#658 = AXIS2_PLACEMENT_3D ( 'NONE', #6909, #523, #1110 ) ;
#659 = VECTOR ( 'NONE', #5786, 1000.000000000000000 ) ;
#660 = VERTEX_POINT ( 'NONE', #5077 ) ;
#661 = ORIENTED_EDGE ( 'NONE', *, *, #3014, .F. ) ;
#662 = EDGE_CURVE ( 'NONE', #2682, #7095, #6849, .T. ) ;
#663 = EDGE_CURVE ( 'NONE', #3571, #5887, #1123, .T. ) ;
#664 = CIRCLE ( 'NONE', #4818, 0.2746982034251563800 ) ;
#665 = PLANE ( 'NONE',  #6527 ) ;
#666 = FACE_OUTER_BOUND ( 'NONE', #4124, .T. ) ;
#667 = DIRECTION ( 'NONE',  ( -1.000000000000000000, 0.0000000000000000000, 0.0000000000000000000 ) ) ;
#668 = ORIENTED_EDGE ( 'NONE', *, *, #4842, .T. ) ;
#669 = VERTEX_POINT ( 'NONE', #363 ) ;
#670 = AXIS2_PLACEMENT_3D ( 'NONE', #1572, #3247, #3346 ) ;
#671 = LINE ( 'NONE', #6317, #4574 ) ;
#672 = DIRECTION ( 'NONE',  ( 0.9975640502598247500, -0.06975647374411804400, 0.0000000000000000000 ) ) ;
#673 = EDGE_CURVE ( 'NONE', #6236, #6878, #7400, .T. ) ;
#675 = ORIENTED_EDGE ( 'NONE', *, *, #2911, .T. ) ;
#674 = AXIS2_PLACEMENT_3D ( 'NONE', #4943, #933, #370 ) ;
#676 = CIRCLE ( 'NONE', #2068, 0.1296982034251570600 ) ;
#677 = ORIENTED_EDGE ( 'NONE', *, *, #4217, .T. ) ;
#678 = DIRECTION ( 'NONE',  ( 1.000000000000000000, 0.0000000000000000000, -0.0000000000000000000 ) ) ;
#679 = DIRECTION ( 'NONE',  ( 0.06975647374411954300, -0.9975640502598246400, 0.0000000000000000000 ) ) ;
#680 = VECTOR ( 'NONE', #309, 1000.000000000000200 ) ;
#681 = CARTESIAN_POINT ( 'NONE',  ( -2.870524920471619400, 0.2977008424331583100, 0.8525000000000008100 ) ) ;
#682 = DIRECTION ( 'NONE',  ( -0.0000000000000000000, -0.0000000000000000000, -1.000000000000000000 ) ) ;
#683 = EDGE_LOOP ( 'NONE', ( #5127, #6216, #7366, #4270 ) ) ;
#684 = ORIENTED_EDGE ( 'NONE', *, *, #1913, .T. ) ;
#685 = EDGE_LOOP ( 'NONE', ( #1652, #51, #4782, #5710 ) ) ;
#686 = AXIS2_PLACEMENT_3D ( 'NONE', #5685, #6275, #961 ) ;
#687 = ADVANCED_FACE ( 'NONE', ( #7126 ), #5683, .F. ) ;
#688 = VERTEX_POINT ( 'NONE', #420 ) ;
#689 = EDGE_LOOP ( 'NONE', ( #1381, #7029, #7323, #3628 ) ) ;
#690 = ORIENTED_EDGE ( 'NONE', *, *, #572, .T. ) ;
#691 = CARTESIAN_POINT ( 'NONE',  ( 2.870524920471619000, 0.2977008424331583100, -1.097499999999999000 ) ) ;
#692 = CARTESIAN_POINT ( 'NONE',  ( -2.851362942456836100, 0.02367179002526185300, -0.8524999999999991500 ) ) ;
#693 = LINE ( 'NONE', #5879, #146 ) ;
#694 = ADVANCED_FACE ( 'NONE', ( #6577 ), #1551, .T. ) ;
#695 = EDGE_LOOP ( 'NONE', ( #2970, #5563, #3864, #434 ) ) ;
#696 = ORIENTED_EDGE ( 'NONE', *, *, #5062, .T. ) ;
#697 = ORIENTED_EDGE ( 'NONE', *, *, #767, .T. ) ;
#698 = ORIENTED_EDGE ( 'NONE', *, *, #2968, .T. ) ;
#699 = CARTESIAN_POINT ( 'NONE',  ( -2.600000000000000500, 0.2500000000000001100, 0.8525000000000008100 ) ) ;
#700 = DIRECTION ( 'NONE',  ( -0.0000000000000000000, 0.0000000000000000000, -1.000000000000000000 ) ) ;
#701 = DIRECTION ( 'NONE',  ( -0.0000000000000000000, -0.0000000000000000000, -1.000000000000000000 ) ) ;
#702 =( NAMED_UNIT ( * ) PLANE_ANGLE_UNIT ( ) SI_UNIT ( $, .RADIAN. ) );
#703 = LINE ( 'NONE', #2048, #7166 ) ;
#704 = ORIENTED_EDGE ( 'NONE', *, *, #6098, .T. ) ;
#705 = ORIENTED_EDGE ( 'NONE', *, *, #5207, .F. ) ;
#706 = DIRECTION ( 'NONE',  ( -0.0000000000000000000, 1.000000000000000000, -0.0000000000000000000 ) ) ;
#707 = CARTESIAN_POINT ( 'NONE',  ( -2.200000000000001500, 0.6025000000000000400, 1.502500000000000800 ) ) ;
#708 = CARTESIAN_POINT ( 'NONE',  ( -3.189885311307104000, -3.382275553165428400E-020, -1.747499999999999200 ) ) ;
#709 = EDGE_CURVE ( 'NONE', #5586, #5382, #2851, .T. ) ;
#710 = FACE_OUTER_BOUND ( 'NONE', #683, .T. ) ;
#711 = ORIENTED_EDGE ( 'NONE', *, *, #4433, .T. ) ;
#712 = ORIENTED_EDGE ( 'NONE', *, *, #7446, .F. ) ;
#713 = AXIS2_PLACEMENT_3D ( 'NONE', #296, #1482, #4357 ) ;
#714 = CARTESIAN_POINT ( 'NONE',  ( -3.189885311307103500, -3.382275553165428400E-020, 1.502500000000000800 ) ) ;
#715 = CARTESIAN_POINT ( 'NONE',  ( 2.429015024641860700, 0.4728017965748428400, 1.097500000000000800 ) ) ;
#716 = VECTOR ( 'NONE', #7419, 1000.000000000000000 ) ;
#717 = PLANE ( 'NONE',  #7299 ) ;
#718 = ORIENTED_EDGE ( 'NONE', *, *, #2641, .T. ) ;
#719 = CARTESIAN_POINT ( 'NONE',  ( 2.870524920471619000, 0.2977008424331583100, 0.2025000000000008500 ) ) ;
#720 = EDGE_CURVE ( 'NONE', #4145, #946, #5002, .T. ) ;
#721 = ORIENTED_EDGE ( 'NONE', *, *, #4833, .F. ) ;
#722 = EDGE_CURVE ( 'NONE', #4607, #880, #925, .T. ) ;
#723 = ORIENTED_EDGE ( 'NONE', *, *, #7395, .F. ) ;
#724 = CYLINDRICAL_SURFACE ( 'NONE', #5175, 0.1296982034251575000 ) ;
#725 = ADVANCED_FACE ( 'NONE', ( #4010 ), #3729, .T. ) ;
#726 = DIRECTION ( 'NONE',  ( -1.971276677246371500E-016, 0.0000000000000000000, -1.000000000000000000 ) ) ;
#727 = ORIENTED_EDGE ( 'NONE', *, *, #6933, .F. ) ;
#728 = DIRECTION ( 'NONE',  ( -1.000000000000000000, 0.0000000000000000000, 0.0000000000000000000 ) ) ;
#729 = DIRECTION ( 'NONE',  ( 1.000000000000000000, 0.0000000000000000000, -0.0000000000000000000 ) ) ;
#730 = CARTESIAN_POINT ( 'NONE',  ( 2.200000000000001100, 0.7475000000000001600, 0.4475000000000008400 ) ) ;
#731 = AXIS2_PLACEMENT_3D ( 'NONE', #5349, #4865, #3090 ) ;
#732 = CYLINDRICAL_SURFACE ( 'NONE', #3020, 0.2746982034251567700 ) ;
#733 = CARTESIAN_POINT ( 'NONE',  ( 2.556742820926710500, 0.4953236532462962400, 2.397500000000000900 ) ) ;
#734 = CARTESIAN_POINT ( 'NONE',  ( 2.742797124186769200, 0.2751789857617048500, -1.097499999999999000 ) ) ;
#735 = CYLINDRICAL_SURFACE ( 'NONE', #6419, 0.1296982034251570600 ) ;
#736 = ADVANCED_FACE ( 'NONE', ( #7308 ), #1090, .F. ) ;
#737 = CARTESIAN_POINT ( 'NONE',  ( 2.742797124186769200, 0.2751789857617048500, -0.8524999999999991500 ) ) ;
#738 = PLANE ( 'NONE',  #6224 ) ;
#739 = FACE_OUTER_BOUND ( 'NONE', #7260, .T. ) ;
#740 = ORIENTED_EDGE ( 'NONE', *, *, #673, .T. ) ;
#741 = PRESENTATION_LAYER_ASSIGNMENT (  '', '', ( #3369 ) ) ;
#742 = LINE ( 'NONE', #1555, #4459 ) ;
#743 = CARTESIAN_POINT ( 'NONE',  ( 2.699539945113479600, 0.5205026390080010900, -0.2024999999999991300 ) ) ;
#744 = SURFACE_SIDE_STYLE ('',( #4994 ) ) ;
#745 = COLOUR_RGB ( '',0.7921568627450980000, 0.8196078431372548800, 0.9333333333333333500 ) ;
#746 = ORIENTED_EDGE ( 'NONE', *, *, #1731, .F. ) ;
#747 = PRESENTATION_STYLE_ASSIGNMENT (( #1194 ) ) ;
#748 = DIRECTION ( 'NONE',  ( -0.0000000000000000000, -0.0000000000000000000, -1.000000000000000000 ) ) ;
#749 = VECTOR ( 'NONE', #5922, 1000.000000000000000 ) ;
#750 = VERTEX_POINT ( 'NONE', #5147 ) ;
#751 = CARTESIAN_POINT ( 'NONE',  ( -2.200000000000002400, 0.6025000000000000400, -1.502499999999999100 ) ) ;
#752 = ORIENTED_EDGE ( 'NONE', *, *, #2756, .F. ) ;
#753 = DIRECTION ( 'NONE',  ( -0.0000000000000000000, 0.0000000000000000000, -1.000000000000000000 ) ) ;
#754 = CARTESIAN_POINT ( 'NONE',  ( -2.200000000000002000, 0.6025000000000000400, -1.097499999999999000 ) ) ;
#755 = CARTESIAN_POINT ( 'NONE',  ( 2.200000000000001100, 0.7475000000000001600, -1.097499999999999000 ) ) ;
#756 = EDGE_CURVE ( 'NONE', #5116, #4218, #2191, .T. ) ;
#757 = FACE_OUTER_BOUND ( 'NONE', #4502, .T. ) ;
#758 = ORIENTED_EDGE ( 'NONE', *, *, #6959, .F. ) ;
#759 = CARTESIAN_POINT ( 'NONE',  ( -2.199999999999999700, 0.7475000000000001600, -2.499999999999999600 ) ) ;
#760 = ORIENTED_EDGE ( 'NONE', *, *, #6069, .F. ) ;
#761 = DIRECTION ( 'NONE',  ( -1.000000000000000000, 0.0000000000000000000, 0.0000000000000000000 ) ) ;
#762 = SURFACE_SIDE_STYLE ('',( #6093 ) ) ;
#763 = FACE_OUTER_BOUND ( 'NONE', #5877, .T. ) ;
#764 = DIRECTION ( 'NONE',  ( -1.000000000000000000, 0.0000000000000000000, 0.0000000000000000000 ) ) ;
#765 = FACE_OUTER_BOUND ( 'NONE', #5321, .T. ) ;
#766 = VECTOR ( 'NONE', #4215, 1000.000000000000000 ) ;
#767 = EDGE_CURVE ( 'NONE', #5490, #1323, #1212, .T. ) ;
#768 = ORIENTED_EDGE ( 'NONE', *, *, #7040, .F. ) ;
#769 = EDGE_CURVE ( 'NONE', #6075, #1665, #5845, .T. ) ;
#770 = EDGE_CURVE ( 'NONE', #2024, #6401, #3482, .T. ) ;
#771 = CARTESIAN_POINT ( 'NONE',  ( -2.870524920471619900, 0.2977008424331583100, -2.397499999999999500 ) ) ;
#772 = CARTESIAN_POINT ( 'NONE',  ( -2.600000000000000500, 0.2500000000000001100, -0.8524999999999991500 ) ) ;
#773 = VECTOR ( 'NONE', #1384, 1000.000000000000000 ) ;
#774 = DIRECTION ( 'NONE',  ( 1.000000000000000000, 0.0000000000000000000, 0.0000000000000000000 ) ) ;
#775 = ADVANCED_FACE ( 'NONE', ( #6657 ), #4199, .F. ) ;
#776 = ORIENTED_EDGE ( 'NONE', *, *, #4344, .T. ) ;
#777 = ORIENTED_EDGE ( 'NONE', *, *, #4690, .F. ) ;
#778 = AXIS2_PLACEMENT_3D ( 'NONE', #3975, #1075, #6869 ) ;
#779 = AXIS2_PLACEMENT_3D ( 'NONE', #7516, #2359, #2916 ) ;
#780 = DIRECTION ( 'NONE',  ( 1.000000000000000000, 0.0000000000000000000, 0.0000000000000000000 ) ) ;
#781 = LINE ( 'NONE', #6868, #7518 ) ;
#782 = CARTESIAN_POINT ( 'NONE',  ( -1.570720790471951100, 1.099999999999999200, -1.846785749842945600 ) ) ;
#783 = ORIENTED_EDGE ( 'NONE', *, *, #4981, .F. ) ;
#784 = ORIENTED_EDGE ( 'NONE', *, *, #2210, .F. ) ;
#785 = VERTEX_POINT ( 'NONE', #3401 ) ;
#786 = DIRECTION ( 'NONE',  ( -0.9975640502598247500, -0.06975647374411821100, 0.0000000000000000000 ) ) ;
#787 = VERTEX_POINT ( 'NONE', #7474 ) ;
#788 = FILL_AREA_STYLE ('',( #6995 ) ) ;
#789 = ORIENTED_EDGE ( 'NONE', *, *, #3338, .T. ) ;
#790 = AXIS2_PLACEMENT_3D ( 'NONE', #6838, #1505, #6195 ) ;
#791 = EDGE_LOOP ( 'NONE', ( #7071, #5473, #6239, #944 ) ) ;
#792 = ORIENTED_EDGE ( 'NONE', *, *, #466, .F. ) ;
#793 = ORIENTED_EDGE ( 'NONE', *, *, #5581, .F. ) ;
#794 = PLANE ( 'NONE',  #6087 ) ;
#795 = LINE ( 'NONE', #1980, #1335 ) ;
#796 = DIRECTION ( 'NONE',  ( -0.0000000000000000000, -0.0000000000000000000, -1.000000000000000000 ) ) ;
#797 = VERTEX_POINT ( 'NONE', #6934 ) ;
#798 = ORIENTED_EDGE ( 'NONE', *, *, #6358, .T. ) ;
#799 = FILL_AREA_STYLE ('',( #159 ) ) ;
#800 = CARTESIAN_POINT ( 'NONE',  ( -2.200000000000002000, 0.7475000000000001600, 1.097500000000000800 ) ) ;
#801 = ORIENTED_EDGE ( 'NONE', *, *, #2967, .F. ) ;
#802 = CARTESIAN_POINT ( 'NONE',  ( -2.429015024641861600, 0.4728017965748428400, 1.097500000000000800 ) ) ;
#803 = PLANE ( 'NONE',  #4717 ) ;
#804 = FACE_OUTER_BOUND ( 'NONE', #1059, .T. ) ;
#805 = EDGE_CURVE ( 'NONE', #6020, #2938, #5937, .T. ) ;
#806 = VERTEX_POINT ( 'NONE', #2898 ) ;
#807 = ORIENTED_EDGE ( 'NONE', *, *, #2858, .T. ) ;
#808 = DIRECTION ( 'NONE',  ( 0.1736481776669299100, -0.9848077530122081300, 0.0000000000000000000 ) ) ;
#809 = DIRECTION ( 'NONE',  ( 0.06975647374411675400, 0.9975640502598248600, -0.0000000000000000000 ) ) ;
#810 = LINE ( 'NONE', #5679, #2608 ) ;
#811 = ORIENTED_EDGE ( 'NONE', *, *, #5525, .F. ) ;
#812 = DIRECTION ( 'NONE',  ( -0.9975640502598247500, -0.06975647374411821100, 0.0000000000000000000 ) ) ;
#813 = ADVANCED_FACE ( 'NONE', ( #4834 ), #4376, .F. ) ;
#814 = EDGE_CURVE ( 'NONE', #6187, #5372, #6946, .T. ) ;
#815 = DIRECTION ( 'NONE',  ( 0.1736481776669299100, 0.9848077530122081300, -0.0000000000000000000 ) ) ;
#816 = EDGE_CURVE ( 'NONE', #4088, #669, #2752, .T. ) ;
#817 = DIRECTION ( 'NONE',  ( -0.9975640502598247500, 0.06975647374411804400, 0.0000000000000000000 ) ) ;
#818 = VECTOR ( 'NONE', #4565, 1000.000000000000000 ) ;
#819 = ORIENTED_EDGE ( 'NONE', *, *, #1807, .F. ) ;
#820 = PRESENTATION_LAYER_ASSIGNMENT (  '', '', ( #4711 ) ) ;
#821 = DIRECTION ( 'NONE',  ( 1.000000000000000000, 4.734196693780292900E-016, -0.0000000000000000000 ) ) ;
#822 = LINE ( 'NONE', #2826, #3793 ) ;
#823 = EDGE_CURVE ( 'NONE', #503, #3183, #1920, .T. ) ;
#824 = LINE ( 'NONE', #1509, #4982 ) ;
#825 = EDGE_CURVE ( 'NONE', #1250, #3849, #1744, .T. ) ;
#826 = CIRCLE ( 'NONE', #3915, 0.2746982034251567700 ) ;
#827 = DIRECTION ( 'NONE',  ( -0.0000000000000000000, -0.0000000000000000000, -1.000000000000000000 ) ) ;
#828 = VERTEX_POINT ( 'NONE', #1168 ) ;
#829 = AXIS2_PLACEMENT_3D ( 'NONE', #2823, #7404, #5055 ) ;
#830 = FACE_OUTER_BOUND ( 'NONE', #1568, .T. ) ;
#831 = MANIFOLD_SOLID_BREP ( 'LPattern1[9]', #3763 ) ;
#832 = VECTOR ( 'NONE', #4453, 1000.000000000000000 ) ;
#833 = CARTESIAN_POINT ( 'NONE',  ( -2.200000000000002000, 0.7475000000000001600, -0.2024999999999991300 ) ) ;
#834 = DIRECTION ( 'NONE',  ( 1.000000000000000000, 0.0000000000000000000, 0.0000000000000000000 ) ) ;
#835 = LINE ( 'NONE', #2711, #6287 ) ;
#836 = ORIENTED_EDGE ( 'NONE', *, *, #5617, .F. ) ;
#837 =( GEOMETRIC_REPRESENTATION_CONTEXT ( 3 ) GLOBAL_UNCERTAINTY_ASSIGNED_CONTEXT ( ( #2764 ) ) GLOBAL_UNIT_ASSIGNED_CONTEXT ( ( #3878, #6851, #7368 ) ) REPRESENTATION_CONTEXT ( 'NONE', 'WORKASPACE' ) );
#838 = DIRECTION ( 'NONE',  ( -0.0000000000000000000, -0.0000000000000000000, -1.000000000000000000 ) ) ;
#839 = CIRCLE ( 'NONE', #2696, 0.1296982034251570600 ) ;
#840 = DIRECTION ( 'NONE',  ( 0.0000000000000000000, 0.0000000000000000000, 1.000000000000000000 ) ) ;
#841 = VERTEX_POINT ( 'NONE', #5210 ) ;
#842 = ORIENTED_EDGE ( 'NONE', *, *, #3899, .F. ) ;
#843 = ADVANCED_FACE ( 'NONE', ( #6018 ), #5737, .T. ) ;
#844 = VECTOR ( 'NONE', #2694, 1000.000000000000000 ) ;
#845 = LINE ( 'NONE', #365, #6582 ) ;
#846 = CARTESIAN_POINT ( 'NONE',  ( 2.200000000000000600, 0.7475000000000001600, -1.502499999999999100 ) ) ;
#847 = DIRECTION ( 'NONE',  ( -0.0000000000000000000, -0.0000000000000000000, -1.000000000000000000 ) ) ;
#848 = LINE ( 'NONE', #4673, #1835 ) ;
#849 = ORIENTED_EDGE ( 'NONE', *, *, #5678, .T. ) ;
#850 = CARTESIAN_POINT ( 'NONE',  ( -2.851362942456836100, 0.02367179002526185300, 1.097500000000000800 ) ) ;
#851 = ORIENTED_EDGE ( 'NONE', *, *, #1070, .T. ) ;
#852 = EDGE_CURVE ( 'NONE', #1076, #3952, #5560, .T. ) ;
#853 = CYLINDRICAL_SURFACE ( 'NONE', #3600, 0.1296982034251575000 ) ;
#854 = CARTESIAN_POINT ( 'NONE',  ( -2.429015024641861600, 0.4728017965748428400, 0.4475000000000008400 ) ) ;
#855 = ORIENTED_EDGE ( 'NONE', *, *, #2815, .F. ) ;
#856 = CIRCLE ( 'NONE', #3358, 0.2500000000000000000 ) ;
#857 = EDGE_CURVE ( 'NONE', #2503, #7520, #378, .T. ) ;
#858 = EDGE_CURVE ( 'NONE', #7457, #993, #3132, .T. ) ;
#859 = ORIENTED_EDGE ( 'NONE', *, *, #224, .T. ) ;
#860 = ORIENTED_EDGE ( 'NONE', *, *, #722, .T. ) ;
#861 = CARTESIAN_POINT ( 'NONE',  ( -2.200000000000001500, 0.6025000000000000400, 1.747500000000000700 ) ) ;
#862 = ORIENTED_EDGE ( 'NONE', *, *, #4755, .F. ) ;
#863 = DIRECTION ( 'NONE',  ( -1.000000000000000000, -4.734196693780292900E-016, 0.0000000000000000000 ) ) ;
#864 = CARTESIAN_POINT ( 'NONE',  ( -2.870524920471619400, 0.2977008424331583100, -0.8524999999999991500 ) ) ;
#865 = CARTESIAN_POINT ( 'NONE',  ( -2.200000000000002400, 0.7475000000000001600, -2.397499999999999500 ) ) ;
#866 = ORIENTED_EDGE ( 'NONE', *, *, #7549, .T. ) ;
#867 = ORIENTED_EDGE ( 'NONE', *, *, #6743, .F. ) ;
#868 = ORIENTED_EDGE ( 'NONE', *, *, #1354, .F. ) ;
#869 = VERTEX_POINT ( 'NONE', #3377 ) ;
#870 = CARTESIAN_POINT ( 'NONE',  ( -2.429015024641861100, 0.6024999999999999200, 1.502500000000000800 ) ) ;
#871 = LINE ( 'NONE', #6877, #1778 ) ;
#872 = VERTEX_POINT ( 'NONE', #475 ) ;
#873 = ORIENTED_EDGE ( 'NONE', *, *, #1951, .F. ) ;
#874 = ORIENTED_EDGE ( 'NONE', *, *, #6003, .T. ) ;
#875 = ORIENTED_EDGE ( 'NONE', *, *, #3893, .T. ) ;
#876 = ADVANCED_FACE ( 'NONE', ( #4285 ), #2220, .F. ) ;
#877 = PLANE ( 'NONE',  #3313 ) ;
#878 = LINE ( 'NONE', #7164, #1159 ) ;
#879 = ORIENTED_EDGE ( 'NONE', *, *, #3671, .T. ) ;
#880 = VERTEX_POINT ( 'NONE', #4566 ) ;
#881 = CARTESIAN_POINT ( 'NONE',  ( -2.870524920471619400, 0.2977008424331583100, -0.4474999999999991200 ) ) ;
#882 = CARTESIAN_POINT ( 'NONE',  ( -2.200000000000002000, 0.7475000000000001600, -0.4474999999999991200 ) ) ;
#883 = CARTESIAN_POINT ( 'NONE',  ( 2.600000000000000500, 0.2500000000000001100, 1.747500000000000700 ) ) ;
#884 = CIRCLE ( 'NONE', #3898, 0.1296982034251570600 ) ;
#885 = PLANE ( 'NONE',  #1925 ) ;
#886 = ORIENTED_EDGE ( 'NONE', *, *, #4553, .T. ) ;
#887 = CARTESIAN_POINT ( 'NONE',  ( 2.699539945113480100, 0.5205026390080010900, 2.397500000000000900 ) ) ;
#888 = CARTESIAN_POINT ( 'NONE',  ( 2.429015024641860700, 0.7474999999999991700, 0.2025000000000008500 ) ) ;
#889 = EDGE_CURVE ( 'NONE', #596, #1250, #5656, .T. ) ;
#890 = VECTOR ( 'NONE', #5861, 999.9999999999998900 ) ;
#891 = ORIENTED_EDGE ( 'NONE', *, *, #852, .T. ) ;
#892 = CARTESIAN_POINT ( 'NONE',  ( 2.861477631149732300, 0.1683185773129357300, -1.502499999999999100 ) ) ;
#893 = ORIENTED_EDGE ( 'NONE', *, *, #1914, .T. ) ;
#894 = AXIS2_PLACEMENT_3D ( 'NONE', #2443, #6531, #1240 ) ;
#895 = VECTOR ( 'NONE', #3824, 1000.000000000000100 ) ;
#896 = ORIENTED_EDGE ( 'NONE', *, *, #1962, .T. ) ;
#897 = CARTESIAN_POINT ( 'NONE',  ( 2.199999999999999700, 0.6025000000000000400, -2.500000000000000400 ) ) ;
#898 = EDGE_CURVE ( 'NONE', #4967, #7439, #4472, .T. ) ;
#899 = EDGE_CURVE ( 'NONE', #3563, #4527, #839, .T. ) ;
#900 = VECTOR ( 'NONE', #7481, 1000.000000000000100 ) ;
#901 = MECHANICAL_DESIGN_GEOMETRIC_PRESENTATION_REPRESENTATION (  '', ( #3635 ), #5835 ) ;
#902 = DIRECTION ( 'NONE',  ( -1.000000000000000000, 4.260777024402263800E-015, -0.0000000000000000000 ) ) ;
#903 = PLANE ( 'NONE',  #7171 ) ;
#904 = DIRECTION ( 'NONE',  ( 0.9975640502598247500, 0.06975647374411821100, 0.0000000000000000000 ) ) ;
#905 =( GEOMETRIC_REPRESENTATION_CONTEXT ( 3 ) GLOBAL_UNCERTAINTY_ASSIGNED_CONTEXT ( ( #4894 ) ) GLOBAL_UNIT_ASSIGNED_CONTEXT ( ( #5426, #4916, #1436 ) ) REPRESENTATION_CONTEXT ( 'NONE', 'WORKASPACE' ) );
#906 = EDGE_CURVE ( 'NONE', #1502, #3166, #4370, .T. ) ;
#907 = LINE ( 'NONE', #3568, #2266 ) ;
#908 = ADVANCED_FACE ( 'NONE', ( #6205 ), #4465, .T. ) ;
#909 = VECTOR ( 'NONE', #7296, 1000.000000000000000 ) ;
#910 = CIRCLE ( 'NONE', #5565, 0.1296982034251570600 ) ;
#911 = ORIENTED_EDGE ( 'NONE', *, *, #4612, .F. ) ;
#912 = DIRECTION ( 'NONE',  ( -0.0000000000000000000, -0.0000000000000000000, -1.000000000000000000 ) ) ;
#913 = CARTESIAN_POINT ( 'NONE',  ( -3.200000000000001100, 0.1446467872876738600, 0.2025000000000008500 ) ) ;
#914 = DIRECTION ( 'NONE',  ( -0.0000000000000000000, -0.0000000000000000000, -1.000000000000000000 ) ) ;
#915 = LINE ( 'NONE', #5994, #10 ) ;
#916 = LINE ( 'NONE', #4251, #5829 ) ;
#917 = VECTOR ( 'NONE', #4024, 1000.000000000000000 ) ;
#918 = ORIENTED_EDGE ( 'NONE', *, *, #3685, .T. ) ;
#919 = ORIENTED_EDGE ( 'NONE', *, *, #1057, .F. ) ;
#920 = PLANE ( 'NONE',  #973 ) ;
#921 = CARTESIAN_POINT ( 'NONE',  ( -2.429015024641861100, 0.6024999999999999200, 1.747500000000000700 ) ) ;
#922 = CARTESIAN_POINT ( 'NONE',  ( 2.200000000000001100, 0.6025000000000000400, -0.2024999999999991300 ) ) ;
#923 = DIRECTION ( 'NONE',  ( 1.000000000000000000, 0.0000000000000000000, -0.0000000000000000000 ) ) ;
#924 = LINE ( 'NONE', #6821, #1461 ) ;
#925 = LINE ( 'NONE', #5126, #2651 ) ;
#926 = VERTEX_POINT ( 'NONE', #1660 ) ;
#927 = VERTEX_POINT ( 'NONE', #5764 ) ;
#928 = DIRECTION ( 'NONE',  ( -0.0000000000000000000, -0.0000000000000000000, -1.000000000000000000 ) ) ;
#929 = CIRCLE ( 'NONE', #6442, 0.2746982034251567700 ) ;
#930 = DIRECTION ( 'NONE',  ( -0.0000000000000000000, -0.0000000000000000000, -1.000000000000000000 ) ) ;
#931 = EDGE_CURVE ( 'NONE', #6337, #4602, #1999, .T. ) ;
#932 = DIRECTION ( 'NONE',  ( -1.904107053313570200E-016, 0.2588190451025213500, -0.9659258262890680900 ) ) ;
#933 = DIRECTION ( 'NONE',  ( -0.9848077530122081300, -0.1736481776669299100, 0.0000000000000000000 ) ) ;
#934 = VERTEX_POINT ( 'NONE', #2877 ) ;
#935 = ORIENTED_EDGE ( 'NONE', *, *, #5281, .F. ) ;
#936 = UNCERTAINTY_MEASURE_WITH_UNIT (LENGTH_MEASURE( 1.000000000000000100E-005 ), #5044, 'distance_accuracy_value', 'NONE');
#937 = ORIENTED_EDGE ( 'NONE', *, *, #2557, .T. ) ;
#938 = DIRECTION ( 'NONE',  ( 1.000000000000000000, 0.0000000000000000000, -1.971276677246371500E-016 ) ) ;
#939 = LINE ( 'NONE', #4374, #4936 ) ;
#940 = CARTESIAN_POINT ( 'NONE',  ( 3.199999999999999700, 0.1446467872876735000, -0.2024999999999991300 ) ) ;
#941 = DIRECTION ( 'NONE',  ( 0.9975640502598247500, 0.06975647374411821100, 0.0000000000000000000 ) ) ;
#942 = CARTESIAN_POINT ( 'NONE',  ( 2.870524920471619000, 0.2977008424331583100, 0.4475000000000008400 ) ) ;
#943 = ORIENTED_EDGE ( 'NONE', *, *, #6904, .T. ) ;
#944 = ORIENTED_EDGE ( 'NONE', *, *, #1730, .T. ) ;
#945 = EDGE_CURVE ( 'NONE', #5231, #7433, #5371, .T. ) ;
#946 = VERTEX_POINT ( 'NONE', #1142 ) ;
#947 = EDGE_CURVE ( 'NONE', #1929, #2313, #3293, .T. ) ;
#948 = CARTESIAN_POINT ( 'NONE',  ( -2.429015024641862000, 0.4728017965748428400, -1.502499999999999100 ) ) ;
#949 = LINE ( 'NONE', #1481, #1669 ) ;
#950 = ADVANCED_FACE ( 'NONE', ( #4829 ), #287, .F. ) ;
#951 = CARTESIAN_POINT ( 'NONE',  ( -3.189885311307104000, -3.382275553165428400E-020, -1.502499999999999100 ) ) ;
#952 = CARTESIAN_POINT ( 'NONE',  ( 3.189885311307103100, -3.382275553165428400E-020, -0.2024999999999991300 ) ) ;
#953 = CARTESIAN_POINT ( 'NONE',  ( 2.861477631149733200, 0.1683185773129357300, 1.747500000000000700 ) ) ;
#954 = ORIENTED_EDGE ( 'NONE', *, *, #2299, .F. ) ;
#955 = ORIENTED_EDGE ( 'NONE', *, *, #3251, .T. ) ;
#956 = AXIS2_PLACEMENT_3D ( 'NONE', #9, #4125, #2421 ) ;
#957 = DIRECTION ( 'NONE',  ( 0.9848077530122081300, 0.1736481776669299100, -0.0000000000000000000 ) ) ;
#958 = EDGE_CURVE ( 'NONE', #5326, #3059, #1828, .T. ) ;
#959 = CIRCLE ( 'NONE', #6120, 0.2746982034251563800 ) ;
#960 = EDGE_CURVE ( 'NONE', #1321, #4436, #2941, .T. ) ;
#961 = DIRECTION ( 'NONE',  ( -1.000000000000000000, 0.0000000000000000000, 0.0000000000000000000 ) ) ;
#962 = CARTESIAN_POINT ( 'NONE',  ( 2.870524920471618600, 0.2977008424331583100, -2.152499999999999400 ) ) ;
#963 = ORIENTED_EDGE ( 'NONE', *, *, #5634, .F. ) ;
#964 = ORIENTED_EDGE ( 'NONE', *, *, #7205, .F. ) ;
#965 = CARTESIAN_POINT ( 'NONE',  ( -2.199999999999999700, 0.7475000000000001600, -2.499999999999999600 ) ) ;
#966 = ORIENTED_EDGE ( 'NONE', *, *, #2197, .F. ) ;
#967 = SURFACE_SIDE_STYLE ('',( #7239 ) ) ;
#968 = ORIENTED_EDGE ( 'NONE', *, *, #1731, .T. ) ;
#969 = ORIENTED_EDGE ( 'NONE', *, *, #1249, .F. ) ;
#970 = CARTESIAN_POINT ( 'NONE',  ( -3.200000000000001100, 0.1446467872876738600, -0.2024999999999991300 ) ) ;
#971 = LINE ( 'NONE', #1515, #156 ) ;
#972 = ORIENTED_EDGE ( 'NONE', *, *, #5830, .F. ) ;
#973 = AXIS2_PLACEMENT_3D ( 'NONE', #1497, #6162, #6742 ) ;
#974 = ORIENTED_EDGE ( 'NONE', *, *, #1569, .F. ) ;
#975 = DIRECTION ( 'NONE',  ( 0.06975647374411675400, 0.9975640502598248600, -0.0000000000000000000 ) ) ;
#976 = DIRECTION ( 'NONE',  ( -0.0000000000000000000, 0.0000000000000000000, -1.000000000000000000 ) ) ;
#977 = DIRECTION ( 'NONE',  ( 1.000000000000000000, -4.734196693780292900E-016, 0.0000000000000000000 ) ) ;
#978 = CARTESIAN_POINT ( 'NONE',  ( 2.699539945113479600, 0.5205026390080010900, 0.4475000000000008400 ) ) ;
#979 = VECTOR ( 'NONE', #6595, 1000.000000000000000 ) ;
#980 = ORIENTED_EDGE ( 'NONE', *, *, #6845, .T. ) ;
#981 = VERTEX_POINT ( 'NONE', #4668 ) ;
#982 = DIRECTION ( 'NONE',  ( -0.0000000000000000000, -0.0000000000000000000, -1.000000000000000000 ) ) ;
#983 = CARTESIAN_POINT ( 'NONE',  ( -2.200000000000001500, 0.7475000000000001600, 1.747500000000000700 ) ) ;
#984 = VECTOR ( 'NONE', #4790, 1000.000000000000000 ) ;
#985 = DIRECTION ( 'NONE',  ( -0.1736481776669299100, -0.9848077530122081300, 0.0000000000000000000 ) ) ;
#986 = ORIENTED_EDGE ( 'NONE', *, *, #6504, .F. ) ;
#987 = PLANE ( 'NONE',  #6460 ) ;
#988 = CARTESIAN_POINT ( 'NONE',  ( 2.600000000000000500, 0.2500000000000001100, 2.152500000000000700 ) ) ;
#989 = DIRECTION ( 'NONE',  ( -0.0000000000000000000, -0.0000000000000000000, -1.000000000000000000 ) ) ;
#990 =( NAMED_UNIT ( * ) PLANE_ANGLE_UNIT ( ) SI_UNIT ( $, .RADIAN. ) );
#991 = LINE ( 'NONE', #2276, #1437 ) ;
#992 = DIRECTION ( 'NONE',  ( -3.469446951953615700E-016, 0.0000000000000000000, -1.000000000000000000 ) ) ;
#993 = VERTEX_POINT ( 'NONE', #707 ) ;
#994 = ADVANCED_FACE ( 'NONE', ( #1735 ), #1271, .F. ) ;
#995 = EDGE_CURVE ( 'NONE', #4564, #6954, #4745, .T. ) ;
#996 = LINE ( 'NONE', #1135, #7007 ) ;
#997 = DIRECTION ( 'NONE',  ( -1.000000000000000000, 0.0000000000000000000, 0.0000000000000000000 ) ) ;
#998 = VECTOR ( 'NONE', #3720, 1000.000000000000000 ) ;
#999 =( LENGTH_UNIT ( ) NAMED_UNIT ( * ) SI_UNIT ( .MILLI., .METRE. ) );
#1000 = AXIS2_PLACEMENT_3D ( 'NONE', #5693, #5038, #430 ) ;
#1001 = LINE ( 'NONE', #2532, #4350 ) ;
#1002 = DIRECTION ( 'NONE',  ( -0.0000000000000000000, -0.0000000000000000000, -1.000000000000000000 ) ) ;
#1003 = DIRECTION ( 'NONE',  ( -0.0000000000000000000, -0.0000000000000000000, -1.000000000000000000 ) ) ;
#1004 = ORIENTED_EDGE ( 'NONE', *, *, #7278, .T. ) ;
#1005 = EDGE_CURVE ( 'NONE', #1642, #513, #3388, .T. ) ;
#1006 = CARTESIAN_POINT ( 'NONE',  ( -2.861477631149733600, 0.1683185773129357300, -0.4474999999999991200 ) ) ;
#1007 = VECTOR ( 'NONE', #547, 1000.000000000000000 ) ;
#1008 = DIRECTION ( 'NONE',  ( -0.0000000000000000000, 1.000000000000000000, -0.0000000000000000000 ) ) ;
#1009 = LINE ( 'NONE', #6191, #2451 ) ;
#1010 = DIRECTION ( 'NONE',  ( -1.000000000000000000, 0.0000000000000000000, 0.0000000000000000000 ) ) ;
#1011 = FACE_OUTER_BOUND ( 'NONE', #108, .T. ) ;
#1012 = CARTESIAN_POINT ( 'NONE',  ( 2.200000000000001100, 0.7475000000000001600, 0.4475000000000008400 ) ) ;
#1013 = CARTESIAN_POINT ( 'NONE',  ( -2.200000000000002400, 0.7475000000000001600, -1.502499999999999100 ) ) ;
#1014 = CARTESIAN_POINT ( 'NONE',  ( -2.200000000000002000, 0.7475000000000001600, -0.4474999999999991200 ) ) ;
#1015 = LINE ( 'NONE', #6629, #1374 ) ;
#1016 = AXIS2_PLACEMENT_3D ( 'NONE', #3042, #5403, #3656 ) ;
#1017 = DIRECTION ( 'NONE',  ( -1.000000000000000000, 0.0000000000000000000, 0.0000000000000000000 ) ) ;
#1018 = LINE ( 'NONE', #5547, #2082 ) ;
#1019 = CARTESIAN_POINT ( 'NONE',  ( 2.742797124186769700, 0.2751789857617048500, 1.747500000000000700 ) ) ;
#1020 = EDGE_LOOP ( 'NONE', ( #6572, #3772, #4595, #721, #621, #3246, #3311, #3335, #969, #7244, #2007, #6100 ) ) ;
#1021 = FACE_OUTER_BOUND ( 'NONE', #3807, .T. ) ;
#1022 = DIRECTION ( 'NONE',  ( 1.734723475976807300E-016, 0.0000000000000000000, 1.000000000000000000 ) ) ;
#1023 = LINE ( 'NONE', #4081, #1911 ) ;
#1024 = ORIENTED_EDGE ( 'NONE', *, *, #5515, .T. ) ;
#1025 = DIRECTION ( 'NONE',  ( -0.1736481776669299100, 0.9848077530122081300, 0.0000000000000000000 ) ) ;
#1026 = EDGE_LOOP ( 'NONE', ( #1252, #5561, #4253, #4013 ) ) ;
#1027 =( GEOMETRIC_REPRESENTATION_CONTEXT ( 3 ) GLOBAL_UNCERTAINTY_ASSIGNED_CONTEXT ( ( #3962 ) ) GLOBAL_UNIT_ASSIGNED_CONTEXT ( ( #42, #4641, #4693 ) ) REPRESENTATION_CONTEXT ( 'NONE', 'WORKASPACE' ) );
#1028 = CIRCLE ( 'NONE', #4954, 0.1296982034251575000 ) ;
#1029 = ADVANCED_FACE ( 'NONE', ( #7491 ), #2981, .F. ) ;
#1030 = CARTESIAN_POINT ( 'NONE',  ( -2.429015024641861600, 0.7474999999999992800, 1.097500000000000800 ) ) ;
#1031 = FACE_OUTER_BOUND ( 'NONE', #6750, .T. ) ;
#1032 = VERTEX_POINT ( 'NONE', #1839 ) ;
#1033 = DIRECTION ( 'NONE',  ( -0.0000000000000000000, -0.0000000000000000000, -1.000000000000000000 ) ) ;
#1034 = CARTESIAN_POINT ( 'NONE',  ( -2.742797124186770100, 0.2751789857617048500, 0.4475000000000008400 ) ) ;
#1035 = DIRECTION ( 'NONE',  ( 0.9975640502598247500, -0.06975647374411804400, 0.0000000000000000000 ) ) ;
#1036 = DIRECTION ( 'NONE',  ( 0.0000000000000000000, -1.000000000000000000, 0.0000000000000000000 ) ) ;
#1037 = DIRECTION ( 'NONE',  ( -0.0000000000000000000, -0.0000000000000000000, -1.000000000000000000 ) ) ;
#1038 = VECTOR ( 'NONE', #412, 1000.000000000000000 ) ;
#1039 = ORIENTED_EDGE ( 'NONE', *, *, #805, .T. ) ;
#1040 = LINE ( 'NONE', #5405, #5567 ) ;
#1041 = ORIENTED_EDGE ( 'NONE', *, *, #7150, .T. ) ;
#1042 = DIRECTION ( 'NONE',  ( -3.469446951953614700E-016, -0.0000000000000000000, -1.000000000000000000 ) ) ;
#1043 = DIRECTION ( 'NONE',  ( 1.000000000000000000, 0.0000000000000000000, 0.0000000000000000000 ) ) ;
#1044 = DIRECTION ( 'NONE',  ( 0.0000000000000000000, -1.000000000000000000, 0.0000000000000000000 ) ) ;
#1045 = EDGE_CURVE ( 'NONE', #2691, #1998, #2644, .T. ) ;
#1046 = DIRECTION ( 'NONE',  ( 1.000000000000000000, 0.0000000000000000000, -0.0000000000000000000 ) ) ;
#1047 = DIRECTION ( 'NONE',  ( -1.000000000000000000, 0.0000000000000000000, 0.0000000000000000000 ) ) ;
#1048 = LINE ( 'NONE', #7347, #491 ) ;
#1049 = VERTEX_POINT ( 'NONE', #5862 ) ;
#1050 = ORIENTED_EDGE ( 'NONE', *, *, #4058, .F. ) ;
#1051 = CLOSED_SHELL ( 'NONE', ( #3075, #43, #2624, #4646, #3659, #7030, #775, #4080, #4030, #736, #3984, #6640, #2551, #4449 ) ) ;
#1052 = CARTESIAN_POINT ( 'NONE',  ( 2.851362942456834700, 0.02367179002526185300, -2.152499999999999400 ) ) ;
#1053 = APPLICATION_PROTOCOL_DEFINITION ( 'draft international standard', 'automotive_design', 1998, #5067 ) ;
#1054 = EDGE_CURVE ( 'NONE', #6028, #5938, #6198, .T. ) ;
#1055 = ORIENTED_EDGE ( 'NONE', *, *, #7291, .F. ) ;
#1056 = ORIENTED_EDGE ( 'NONE', *, *, #612, .T. ) ;
#1057 = EDGE_CURVE ( 'NONE', #6894, #3165, #2087, .T. ) ;
#1058 = ORIENTED_EDGE ( 'NONE', *, *, #5770, .F. ) ;
#1059 = EDGE_LOOP ( 'NONE', ( #52, #2139, #5688, #571 ) ) ;
#1060 = CARTESIAN_POINT ( 'NONE',  ( 2.200000000000001500, 0.6025000000000000400, 1.747500000000000700 ) ) ;
#1061 = CARTESIAN_POINT ( 'NONE',  ( -3.200000000000001100, 0.1446467872876738600, 0.4475000000000008400 ) ) ;
#1062 = LINE ( 'NONE', #6979, #3602 ) ;
#1063 = AXIS2_PLACEMENT_3D ( 'NONE', #4521, #3954, #5714 ) ;
#1064 = ORIENTED_EDGE ( 'NONE', *, *, #7288, .F. ) ;
#1065 = CARTESIAN_POINT ( 'NONE',  ( -2.851362942456836100, 0.02367179002526185300, -0.2024999999999991300 ) ) ;
#1066 = ORIENTED_EDGE ( 'NONE', *, *, #468, .T. ) ;
#1067 = CARTESIAN_POINT ( 'NONE',  ( 2.556742820926710000, 0.4953236532462962400, -0.4474999999999991200 ) ) ;
#1068 = VERTEX_POINT ( 'NONE', #4098 ) ;
#1069 = AXIS2_PLACEMENT_3D ( 'NONE', #4003, #5164, #2206 ) ;
#1070 = EDGE_CURVE ( 'NONE', #7174, #2225, #3211, .T. ) ;
#1071 = AXIS2_PLACEMENT_3D ( 'NONE', #578, #2820, #2291 ) ;
#1072 = CARTESIAN_POINT ( 'NONE',  ( 3.189885311307103100, -3.382275553165428400E-020, -0.8524999999999991500 ) ) ;
#1073 = FACE_OUTER_BOUND ( 'NONE', #5474, .T. ) ;
#1074 = ORIENTED_EDGE ( 'NONE', *, *, #3291, .F. ) ;
#1075 = DIRECTION ( 'NONE',  ( 3.787357355024234400E-015, -1.000000000000000000, 0.0000000000000000000 ) ) ;
#1076 = VERTEX_POINT ( 'NONE', #2426 ) ;
#1077 = DIRECTION ( 'NONE',  ( -0.0000000000000000000, -0.0000000000000000000, -1.000000000000000000 ) ) ;
#1078 = ADVANCED_FACE ( 'NONE', ( #6738 ), #4129, .F. ) ;
#1079 = CYLINDRICAL_SURFACE ( 'NONE', #6793, 0.2746982034251563800 ) ;
#1080 = ORIENTED_EDGE ( 'NONE', *, *, #3448, .F. ) ;
#1081 = DIRECTION ( 'NONE',  ( -1.000000000000000000, 0.0000000000000000000, 0.0000000000000000000 ) ) ;
#1082 = ORIENTED_EDGE ( 'NONE', *, *, #269, .T. ) ;
#1083 = CARTESIAN_POINT ( 'NONE',  ( 2.200000000000001500, 0.7475000000000001600, 1.502500000000000800 ) ) ;
#1084 = ORIENTED_EDGE ( 'NONE', *, *, #6057, .T. ) ;
#1085 = DIRECTION ( 'NONE',  ( -1.000000000000000000, 4.260777024402263800E-015, -0.0000000000000000000 ) ) ;
#1086 = UNCERTAINTY_MEASURE_WITH_UNIT (LENGTH_MEASURE( 1.000000000000000100E-005 ), #6733, 'distance_accuracy_value', 'NONE');
#1087 = AXIS2_PLACEMENT_3D ( 'NONE', #647, #701, #2950 ) ;
#1088 = CARTESIAN_POINT ( 'NONE',  ( 3.200000000000000200, 0.1446467872876735000, 2.397500000000000900 ) ) ;
#1089 = CARTESIAN_POINT ( 'NONE',  ( -2.429015024641861600, 0.4728017965748428400, -0.2024999999999991300 ) ) ;
#1090 = PLANE ( 'NONE',  #4411 ) ;
#1091 = LINE ( 'NONE', #3321, #895 ) ;
#1092 = ORIENTED_EDGE ( 'NONE', *, *, #5929, .T. ) ;
#1093 = CARTESIAN_POINT ( 'NONE',  ( 2.600000000000000100, 0.2500000000000001100, -0.8524999999999991500 ) ) ;
#1094 = DIRECTION ( 'NONE',  ( -0.0000000000000000000, -0.0000000000000000000, -1.000000000000000000 ) ) ;
#1095 = LINE ( 'NONE', #7242, #4637 ) ;
#1096 = EDGE_CURVE ( 'NONE', #3606, #5901, #1645, .T. ) ;
#1097 = FACE_OUTER_BOUND ( 'NONE', #1947, .T. ) ;
#1098 = CARTESIAN_POINT ( 'NONE',  ( -2.556742820926710900, 0.4953236532462962400, 1.097500000000000800 ) ) ;
#1099 = DIRECTION ( 'NONE',  ( -1.000000000000000000, 0.0000000000000000000, 0.0000000000000000000 ) ) ;
#1100 = LINE ( 'NONE', #4687, #6926 ) ;
#1101 = CIRCLE ( 'NONE', #3607, 0.2746982034251563800 ) ;
#1102 = DIRECTION ( 'NONE',  ( 1.000000000000000000, 4.734196693780292900E-016, -0.0000000000000000000 ) ) ;
#1103 = FACE_OUTER_BOUND ( 'NONE', #1238, .T. ) ;
#1104 = EDGE_LOOP ( 'NONE', ( #321, #5298, #3565, #5462 ) ) ;
#1105 = ADVANCED_FACE ( 'NONE', ( #6108 ), #5265, .F. ) ;
#1106 = DIRECTION ( 'NONE',  ( -1.000000000000000000, 0.0000000000000000000, 0.0000000000000000000 ) ) ;
#1107 = EDGE_CURVE ( 'NONE', #361, #7259, #4650, .T. ) ;
#1108 = DIRECTION ( 'NONE',  ( -0.0000000000000000000, -0.0000000000000000000, -1.000000000000000000 ) ) ;
#1109 = EDGE_CURVE ( 'NONE', #3952, #926, #4997, .T. ) ;
#1110 = DIRECTION ( 'NONE',  ( -1.000000000000000000, 4.734196693780292900E-016, 0.0000000000000000000 ) ) ;
#1111 = FACE_OUTER_BOUND ( 'NONE', #2668, .T. ) ;
#1112 = VECTOR ( 'NONE', #7196, 1000.000000000000000 ) ;
#1113 = LINE ( 'NONE', #2537, #7118 ) ;
#1114 = EDGE_LOOP ( 'NONE', ( #2476, #4136, #6487, #5933, #5400, #6081, #7361, #3333, #3944, #3273, #1677, #6659 ) ) ;
#1115 = EDGE_LOOP ( 'NONE', ( #5098, #3599, #6059, #5775 ) ) ;
#1116 = DIRECTION ( 'NONE',  ( 0.06975647374411675400, 0.9975640502598248600, -0.0000000000000000000 ) ) ;
#1117 =( NAMED_UNIT ( * ) PLANE_ANGLE_UNIT ( ) SI_UNIT ( $, .RADIAN. ) );
#1118 = CARTESIAN_POINT ( 'NONE',  ( 2.200000000000001500, 0.7475000000000001600, 2.499999999999999100 ) ) ;
#1119 = PLANE ( 'NONE',  #364 ) ;
#1120 = AXIS2_PLACEMENT_3D ( 'NONE', #4347, #5520, #7240 ) ;
#1121 = DIRECTION ( 'NONE',  ( 0.06975647374411821100, -0.9975640502598247500, 0.0000000000000000000 ) ) ;
#1122 = LINE ( 'NONE', #6709, #6748 ) ;
#1123 = LINE ( 'NONE', #4515, #5285 ) ;
#1124 = ORIENTED_EDGE ( 'NONE', *, *, #4117, .T. ) ;
#1125 = VERTEX_POINT ( 'NONE', #734 ) ;
#1126 = VECTOR ( 'NONE', #261, 1000.000000000000000 ) ;
#1127 = SURFACE_STYLE_FILL_AREA ( #5345 ) ;
#1128 = CARTESIAN_POINT ( 'NONE',  ( 2.200000000000001100, 0.6025000000000000400, -0.8524999999999991500 ) ) ;
#1129 = CARTESIAN_POINT ( 'NONE',  ( -2.699539945113480500, 0.5205026390080010900, 0.4475000000000008400 ) ) ;
#1130 = LINE ( 'NONE', #206, #1229 ) ;
#1131 = ORIENTED_EDGE ( 'NONE', *, *, #6057, .F. ) ;
#1132 = AXIS2_PLACEMENT_3D ( 'NONE', #6782, #4460, #3926 ) ;
#1133 = LINE ( 'NONE', #355, #2664 ) ;
#1134 =( NAMED_UNIT ( * ) SI_UNIT ( $, .STERADIAN. ) SOLID_ANGLE_UNIT ( ) );
#1135 = CARTESIAN_POINT ( 'NONE',  ( -2.200000000000001500, 0.6025000000000000400, 2.397500000000000900 ) ) ;
#1136 = ORIENTED_EDGE ( 'NONE', *, *, #4944, .F. ) ;
#1137 = VERTEX_POINT ( 'NONE', #1810 ) ;
#1138 = EDGE_LOOP ( 'NONE', ( #1675, #6126, #4228, #4957 ) ) ;
#1139 = CARTESIAN_POINT ( 'NONE',  ( 2.699539945113480100, 0.5205026390080010900, 2.397500000000000900 ) ) ;
#1140 = DIRECTION ( 'NONE',  ( -1.000000000000000000, 4.260777024402263800E-015, -0.0000000000000000000 ) ) ;
#1141 = VECTOR ( 'NONE', #2932, 1000.000000000000000 ) ;
#1142 = CARTESIAN_POINT ( 'NONE',  ( -2.600000000000000500, 0.2500000000000001100, 1.097500000000000800 ) ) ;
#1143 = DIRECTION ( 'NONE',  ( 0.0000000000000000000, 0.0000000000000000000, 1.000000000000000000 ) ) ;
#1144 = DIRECTION ( 'NONE',  ( -1.000000000000000000, 0.0000000000000000000, 0.0000000000000000000 ) ) ;
#1145 = VERTEX_POINT ( 'NONE', #2397 ) ;
#1146 = EDGE_CURVE ( 'NONE', #993, #2280, #7300, .T. ) ;
#1147 = VERTEX_POINT ( 'NONE', #759 ) ;
#1148 = ADVANCED_FACE ( 'NONE', ( #4561 ), #3056, .F. ) ;
#1149 = LINE ( 'NONE', #2119, #5406 ) ;
#1150 = CARTESIAN_POINT ( 'NONE',  ( 3.189885311307103100, -3.382275553165428400E-020, -0.2024999999999991300 ) ) ;
#1151 = ORIENTED_EDGE ( 'NONE', *, *, #5058, .T. ) ;
#1152 = VERTEX_POINT ( 'NONE', #7139 ) ;
#1153 = ORIENTED_EDGE ( 'NONE', *, *, #6785, .T. ) ;
#1154 = ORIENTED_EDGE ( 'NONE', *, *, #7344, .F. ) ;
#1155 = AXIS2_PLACEMENT_3D ( 'NONE', #1987, #6071, #3190 ) ;
#1156 = CARTESIAN_POINT ( 'NONE',  ( -2.429015024641861600, 0.4728017965748428400, 0.4475000000000008400 ) ) ;
#1157 = EDGE_CURVE ( 'NONE', #1327, #5586, #3473, .T. ) ;
#1158 = EDGE_CURVE ( 'NONE', #2044, #3312, #6011, .T. ) ;
#1159 = VECTOR ( 'NONE', #3217, 1000.000000000000100 ) ;
#1160 = EDGE_CURVE ( 'NONE', #6184, #7545, #1375, .T. ) ;
#1161 = ORIENTED_EDGE ( 'NONE', *, *, #6994, .F. ) ;
#1162 = ORIENTED_EDGE ( 'NONE', *, *, #3968, .T. ) ;
#1163 = DIRECTION ( 'NONE',  ( 0.0000000000000000000, -1.000000000000000000, 0.0000000000000000000 ) ) ;
#1164 = CARTESIAN_POINT ( 'NONE',  ( 2.870524920471619000, 0.2977008424331583100, 0.8525000000000008100 ) ) ;
#1165 = DIRECTION ( 'NONE',  ( -0.0000000000000000000, -0.0000000000000000000, -1.000000000000000000 ) ) ;
#1166 = PLANE ( 'NONE',  #5001 ) ;
#1167 = LINE ( 'NONE', #3081, #7359 ) ;
#1168 = CARTESIAN_POINT ( 'NONE',  ( -2.861477631149734100, 0.1683185773129357300, -2.397499999999999500 ) ) ;
#1169 = EDGE_LOOP ( 'NONE', ( #5042, #7522, #6906, #2288 ) ) ;
#1170 = ORIENTED_EDGE ( 'NONE', *, *, #548, .F. ) ;
#1171 = AXIS2_PLACEMENT_3D ( 'NONE', #5580, #4466, #7409 ) ;
#1172 = CARTESIAN_POINT ( 'NONE',  ( 2.861477631149732300, 0.1683185773129357300, -1.747499999999999200 ) ) ;
#1173 = DIRECTION ( 'NONE',  ( 1.000000000000000000, 0.0000000000000000000, 0.0000000000000000000 ) ) ;
#1174 = CARTESIAN_POINT ( 'NONE',  ( 2.200000000000001500, 0.7475000000000001600, 2.397500000000000900 ) ) ;
#1175 = LINE ( 'NONE', #4978, #432 ) ;
#1176 = ORIENTED_EDGE ( 'NONE', *, *, #1286, .F. ) ;
#1177 = CARTESIAN_POINT ( 'NONE',  ( -2.200000000000002000, 0.7475000000000001600, -1.097499999999999000 ) ) ;
#1178 = AXIS2_PLACEMENT_3D ( 'NONE', #1454, #4353, #7253 ) ;
#1179 = CARTESIAN_POINT ( 'NONE',  ( -2.556742820926710900, 0.4953236532462962400, -0.2024999999999991300 ) ) ;
#1180 = VECTOR ( 'NONE', #6801, 1000.000000000000100 ) ;
#1181 = DIRECTION ( 'NONE',  ( 1.000000000000000000, 4.734196693780292900E-016, -0.0000000000000000000 ) ) ;
#1182 = ORIENTED_EDGE ( 'NONE', *, *, #2653, .T. ) ;
#1183 = UNCERTAINTY_MEASURE_WITH_UNIT (LENGTH_MEASURE( 1.000000000000000100E-005 ), #6957, 'distance_accuracy_value', 'NONE');
#1184 = PLANE ( 'NONE',  #3257 ) ;
#1185 = LINE ( 'NONE', #2913, #5818 ) ;
#1186 = ADVANCED_FACE ( 'NONE', ( #3035 ), #97, .F. ) ;
#1187 = LINE ( 'NONE', #1083, #6553 ) ;
#1188 = DIRECTION ( 'NONE',  ( 0.0000000000000000000, 0.0000000000000000000, 1.000000000000000000 ) ) ;
#1189 = EDGE_CURVE ( 'NONE', #787, #4473, #5180, .T. ) ;
#1190 = LINE ( 'NONE', #1370, #7197 ) ;
#1191 = DIRECTION ( 'NONE',  ( -1.000000000000000000, 0.0000000000000000000, 0.0000000000000000000 ) ) ;
#1192 = ORIENTED_EDGE ( 'NONE', *, *, #2010, .F. ) ;
#1193 = FACE_OUTER_BOUND ( 'NONE', #1026, .T. ) ;
#1194 = SURFACE_STYLE_USAGE ( .BOTH. , #609 ) ;
#1195 = ADVANCED_FACE ( 'NONE', ( #1457 ), #5354, .F. ) ;
#1196 = PLANE ( 'NONE',  #6270 ) ;
#1197 = FACE_OUTER_BOUND ( 'NONE', #2595, .T. ) ;
#1198 = AXIS2_PLACEMENT_3D ( 'NONE', #7526, #4613, #5807 ) ;
#1199 = EDGE_CURVE ( 'NONE', #3952, #596, #5746, .T. ) ;
#1200 = DIRECTION ( 'NONE',  ( 0.9975640502598247500, -0.06975647374411804400, 0.0000000000000000000 ) ) ;
#1201 = EDGE_CURVE ( 'NONE', #6558, #3166, #1113, .T. ) ;
#1202 = VECTOR ( 'NONE', #3765, 1000.000000000000000 ) ;
#1203 = EDGE_CURVE ( 'NONE', #3755, #386, #4004, .T. ) ;
#1204 = DIRECTION ( 'NONE',  ( -0.0000000000000000000, -0.0000000000000000000, -1.000000000000000000 ) ) ;
#1205 = VECTOR ( 'NONE', #7222, 1000.000000000000000 ) ;
#1206 = CARTESIAN_POINT ( 'NONE',  ( -2.556742820926710900, 0.4953236532462962400, -0.4474999999999991200 ) ) ;
#1207 = CARTESIAN_POINT ( 'NONE',  ( 2.429015024641860300, 0.7474999999999991700, -2.397499999999999500 ) ) ;
#1208 = FACE_OUTER_BOUND ( 'NONE', #67, .T. ) ;
#1209 = ORIENTED_EDGE ( 'NONE', *, *, #7005, .T. ) ;
#1210 =( GEOMETRIC_REPRESENTATION_CONTEXT ( 3 ) GLOBAL_UNCERTAINTY_ASSIGNED_CONTEXT ( ( #6494 ) ) GLOBAL_UNIT_ASSIGNED_CONTEXT ( ( #7072, #1364, #3577 ) ) REPRESENTATION_CONTEXT ( 'NONE', 'WORKASPACE' ) );
#1211 = LINE ( 'NONE', #4365, #113 ) ;
#1212 = LINE ( 'NONE', #5177, #659 ) ;
#1213 = EDGE_LOOP ( 'NONE', ( #3869, #5554, #633, #1478 ) ) ;
#1214 = EDGE_CURVE ( 'NONE', #4953, #4088, #6937, .T. ) ;
#1215 = VERTEX_POINT ( 'NONE', #3095 ) ;
#1216 = EDGE_CURVE ( 'NONE', #5060, #660, #5932, .T. ) ;
#1217 = DIRECTION ( 'NONE',  ( -0.0000000000000000000, -0.0000000000000000000, -1.000000000000000000 ) ) ;
#1218 = FACE_OUTER_BOUND ( 'NONE', #2192, .T. ) ;
#1219 = DIRECTION ( 'NONE',  ( -0.0000000000000000000, 0.0000000000000000000, -1.000000000000000000 ) ) ;
#1220 = CIRCLE ( 'NONE', #6916, 0.2746982034251563800 ) ;
#1221 = ORIENTED_EDGE ( 'NONE', *, *, #1477, .F. ) ;
#1222 = DIRECTION ( 'NONE',  ( -0.0000000000000000000, -0.0000000000000000000, -1.000000000000000000 ) ) ;
#1223 = CARTESIAN_POINT ( 'NONE',  ( 2.851362942456835200, 0.02367179002526185300, 1.097500000000000800 ) ) ;
#1224 = DIRECTION ( 'NONE',  ( -0.1736481776669299100, -0.9848077530122081300, 0.0000000000000000000 ) ) ;
#1225 = DIRECTION ( 'NONE',  ( -0.9975640502598247500, -0.06975647374411821100, 0.0000000000000000000 ) ) ;
#1226 = STYLED_ITEM ( 'NONE', ( #7398 ), #5836 ) ;
#1227 = LINE ( 'NONE', #6392, #2769 ) ;
#1228 = ADVANCED_FACE ( 'NONE', ( #3651 ), #4234, .F. ) ;
#1229 = VECTOR ( 'NONE', #4876, 1000.000000000000000 ) ;
#1230 = ORIENTED_EDGE ( 'NONE', *, *, #2413, .T. ) ;
#1231 = SURFACE_SIDE_STYLE ('',( #6106 ) ) ;
#1232 = CARTESIAN_POINT ( 'NONE',  ( 2.200000000000001500, 0.6025000000000000400, 2.397500000000000900 ) ) ;
#1233 = FACE_OUTER_BOUND ( 'NONE', #1783, .T. ) ;
#1234 = CARTESIAN_POINT ( 'NONE',  ( -2.429015024641861600, 0.7474999999999992800, -1.097499999999999000 ) ) ;
#1235 = ORIENTED_EDGE ( 'NONE', *, *, #2509, .T. ) ;
#1236 = ADVANCED_FACE ( 'NONE', ( #565 ), #5839, .F. ) ;
#1237 = VERTEX_POINT ( 'NONE', #714 ) ;
#1238 = EDGE_LOOP ( 'NONE', ( #798, #4866, #4280, #5658 ) ) ;
#1239 = CARTESIAN_POINT ( 'NONE',  ( 3.200000000000000200, 0.1446467872876735000, 1.747500000000000700 ) ) ;
#1240 = DIRECTION ( 'NONE',  ( 1.000000000000000000, 0.0000000000000000000, 0.0000000000000000000 ) ) ;
#1241 = ORIENTED_EDGE ( 'NONE', *, *, #1964, .T. ) ;
#1242 = ORIENTED_EDGE ( 'NONE', *, *, #2960, .F. ) ;
#1243 = DIRECTION ( 'NONE',  ( 1.000000000000000000, 0.0000000000000000000, -0.0000000000000000000 ) ) ;
#1244 = ORIENTED_EDGE ( 'NONE', *, *, #663, .T. ) ;
#1245 = ORIENTED_EDGE ( 'NONE', *, *, #4643, .F. ) ;
#1246 = CARTESIAN_POINT ( 'NONE',  ( 3.189885311307103500, -3.382275553165428400E-020, 1.747500000000000700 ) ) ;
#1247 = DIRECTION ( 'NONE',  ( -0.0000000000000000000, 0.0000000000000000000, -1.000000000000000000 ) ) ;
#1248 = CARTESIAN_POINT ( 'NONE',  ( 2.429015024641861100, 0.7474999999999991700, 2.152500000000000700 ) ) ;
#1249 = EDGE_CURVE ( 'NONE', #2303, #3695, #6388, .T. ) ;
#1250 = VERTEX_POINT ( 'NONE', #4213 ) ;
#1251 = DIRECTION ( 'NONE',  ( 0.0000000000000000000, 0.0000000000000000000, 1.000000000000000000 ) ) ;
#1252 = ORIENTED_EDGE ( 'NONE', *, *, #7302, .T. ) ;
#1253 = ORIENTED_EDGE ( 'NONE', *, *, #2112, .F. ) ;
#1254 = ORIENTED_EDGE ( 'NONE', *, *, #5972, .T. ) ;
#1255 = AXIS2_PLACEMENT_3D ( 'NONE', #6896, #2742, #2804 ) ;
#1256 = EDGE_LOOP ( 'NONE', ( #6512, #1865, #3922, #2997 ) ) ;
#1257 = EDGE_LOOP ( 'NONE', ( #613, #1170, #3515, #1402, #1161, #3063, #1154, #6998, #371, #2900, #602, #3598 ) ) ;
#1258 = CARTESIAN_POINT ( 'NONE',  ( 2.429015024641860700, 0.4728017965748428400, -0.8524999999999991500 ) ) ;
#1259 = DIRECTION ( 'NONE',  ( -1.000000000000000000, 0.0000000000000000000, 0.0000000000000000000 ) ) ;
#1260 = EDGE_CURVE ( 'NONE', #1398, #3332, #3126, .T. ) ;
#1261 = EDGE_CURVE ( 'NONE', #3979, #4688, #6928, .T. ) ;
#1262 = LINE ( 'NONE', #1576, #5249 ) ;
#1263 = ORIENTED_EDGE ( 'NONE', *, *, #1203, .F. ) ;
#1264 = ORIENTED_EDGE ( 'NONE', *, *, #1767, .T. ) ;
#1265 = ADVANCED_FACE ( 'NONE', ( #3644 ), #1870, .F. ) ;
#1266 = DIRECTION ( 'NONE',  ( -1.000000000000000000, 0.0000000000000000000, 0.0000000000000000000 ) ) ;
#1267 = CARTESIAN_POINT ( 'NONE',  ( 2.556742820926710500, 0.4953236532462962400, 2.397500000000000900 ) ) ;
#1268 = LINE ( 'NONE', #7506, #1614 ) ;
#1269 = ORIENTED_EDGE ( 'NONE', *, *, #3205, .F. ) ;
#1270 = DIRECTION ( 'NONE',  ( 1.000000000000000000, 0.0000000000000000000, -0.0000000000000000000 ) ) ;
#1271 = PLANE ( 'NONE',  #1775 ) ;
#1272 = ADVANCED_FACE ( 'NONE', ( #5365 ), #5278, .F. ) ;
#1273 = DIRECTION ( 'NONE',  ( 1.000000000000000000, 0.0000000000000000000, 0.0000000000000000000 ) ) ;
#1274 = LINE ( 'NONE', #302, #2534 ) ;
#1275 = ORIENTED_EDGE ( 'NONE', *, *, #6812, .F. ) ;
#1276 = AXIS2_PLACEMENT_3D ( 'NONE', #3167, #2605, #3782 ) ;
#1277 = DIRECTION ( 'NONE',  ( -0.0000000000000000000, 1.000000000000000000, -0.0000000000000000000 ) ) ;
#1278 = DIRECTION ( 'NONE',  ( 0.0000000000000000000, 0.0000000000000000000, 1.000000000000000000 ) ) ;
#1279 = DIRECTION ( 'NONE',  ( -1.000000000000000000, 0.0000000000000000000, 0.0000000000000000000 ) ) ;
#1280 = FACE_OUTER_BOUND ( 'NONE', #7345, .T. ) ;
#1281 = DIRECTION ( 'NONE',  ( -0.0000000000000000000, -0.0000000000000000000, -1.000000000000000000 ) ) ;
#1282 = FACE_OUTER_BOUND ( 'NONE', #4669, .T. ) ;
#1283 = LINE ( 'NONE', #4588, #3026 ) ;
#1284 = DIRECTION ( 'NONE',  ( 0.9975640502598246400, -0.06975647374411923800, 0.0000000000000000000 ) ) ;
#1285 = VECTOR ( 'NONE', #2631, 1000.000000000000000 ) ;
#1286 = EDGE_CURVE ( 'NONE', #4381, #7084, #4279, .T. ) ;
#1287 = CIRCLE ( 'NONE', #1519, 0.1296982034251575000 ) ;
#1288 = ORIENTED_EDGE ( 'NONE', *, *, #3754, .T. ) ;
#1289 = CARTESIAN_POINT ( 'NONE',  ( 2.429015024641860700, 0.4728017965748428400, -0.2024999999999991300 ) ) ;
#1290 = DIRECTION ( 'NONE',  ( 0.0000000000000000000, 0.0000000000000000000, 1.000000000000000000 ) ) ;
#1291 = AXIS2_PLACEMENT_3D ( 'NONE', #2568, #188, #3129 ) ;
#1292 = VECTOR ( 'NONE', #6375, 1000.000000000000000 ) ;
#1293 = VERTEX_POINT ( 'NONE', #3230 ) ;
#1294 = ORIENTED_EDGE ( 'NONE', *, *, #4393, .F. ) ;
#1295 = EDGE_CURVE ( 'NONE', #3958, #5309, #2743, .T. ) ;
#1296 = EDGE_CURVE ( 'NONE', #2386, #1831, #651, .T. ) ;
#1297 = FACE_OUTER_BOUND ( 'NONE', #2407, .T. ) ;
#1298 = DIRECTION ( 'NONE',  ( -0.0000000000000000000, -0.0000000000000000000, -1.000000000000000000 ) ) ;
#1299 = CARTESIAN_POINT ( 'NONE',  ( -3.189885311307104000, -3.382275553165428400E-020, -1.097499999999999000 ) ) ;
#1300 = VECTOR ( 'NONE', #1140, 1000.000000000000000 ) ;
#1301 = DIRECTION ( 'NONE',  ( -0.0000000000000000000, 0.0000000000000000000, -1.000000000000000000 ) ) ;
#1302 = ORIENTED_EDGE ( 'NONE', *, *, #6069, .T. ) ;
#1303 = ORIENTED_EDGE ( 'NONE', *, *, #5068, .T. ) ;
#1304 = ADVANCED_FACE ( 'NONE', ( #3556 ), #1434, .F. ) ;
#1305 = AXIS2_PLACEMENT_3D ( 'NONE', #2617, #1377, #5432 ) ;
#1306 = FACE_OUTER_BOUND ( 'NONE', #567, .T. ) ;
#1307 = EDGE_CURVE ( 'NONE', #946, #3430, #1018, .T. ) ;
#1308 = AXIS2_PLACEMENT_3D ( 'NONE', #5801, #5198, #2308 ) ;
#1309 = LINE ( 'NONE', #2859, #4301 ) ;
#1310 = ORIENTED_EDGE ( 'NONE', *, *, #663, .F. ) ;
#1311 = DIRECTION ( 'NONE',  ( 0.9975640502598247500, -0.06975647374411804400, 0.0000000000000000000 ) ) ;
#1312 = ORIENTED_EDGE ( 'NONE', *, *, #7354, .T. ) ;
#1313 = DIRECTION ( 'NONE',  ( 0.0000000000000000000, 0.0000000000000000000, 1.000000000000000000 ) ) ;
#1314 = FACE_OUTER_BOUND ( 'NONE', #1256, .T. ) ;
#1315 = CARTESIAN_POINT ( 'NONE',  ( 2.429015024641860700, 0.4728017965748428400, -0.2024999999999991300 ) ) ;
#1316 = PLANE ( 'NONE',  #6870 ) ;
#1317 = ORIENTED_EDGE ( 'NONE', *, *, #11, .T. ) ;
#1318 = ORIENTED_EDGE ( 'NONE', *, *, #814, .T. ) ;
#1319 = DIRECTION ( 'NONE',  ( -1.000000000000000000, -3.787357355024234400E-015, 0.0000000000000000000 ) ) ;
#1320 = FACE_OUTER_BOUND ( 'NONE', #5610, .T. ) ;
#1321 = VERTEX_POINT ( 'NONE', #3762 ) ;
#1322 = ORIENTED_EDGE ( 'NONE', *, *, #6253, .T. ) ;
#1323 = VERTEX_POINT ( 'NONE', #7227 ) ;
#1324 = DIRECTION ( 'NONE',  ( -1.000000000000000000, 0.0000000000000000000, 0.0000000000000000000 ) ) ;
#1325 = CARTESIAN_POINT ( 'NONE',  ( -2.200000000000001500, 0.7475000000000001600, 2.397500000000000900 ) ) ;
#1326 = PRESENTATION_STYLE_ASSIGNMENT (( #7003 ) ) ;
#1327 = VERTEX_POINT ( 'NONE', #3716 ) ;
#1328 = ORIENTED_EDGE ( 'NONE', *, *, #3618, .T. ) ;
#1329 = ORIENTED_EDGE ( 'NONE', *, *, #174, .T. ) ;
#1330 = EDGE_CURVE ( 'NONE', #2686, #5382, #6564, .T. ) ;
#1331 = ORIENTED_EDGE ( 'NONE', *, *, #5889, .F. ) ;
#1332 = ADVANCED_FACE ( 'NONE', ( #1103 ), #4915, .F. ) ;
#1333 = CARTESIAN_POINT ( 'NONE',  ( 2.200000000000001100, 0.6025000000000000400, -0.8524999999999991500 ) ) ;
#1334 = DIRECTION ( 'NONE',  ( 1.000000000000000000, -4.734196693780292900E-016, 0.0000000000000000000 ) ) ;
#1335 = VECTOR ( 'NONE', #1883, 1000.000000000000000 ) ;
#1336 = CLOSED_SHELL ( 'NONE', ( #2585, #6907, #3723, #4412, #2389, #5299, #82, #160, #2995, #1304, #1743, #5906, #3283, #4759 ) ) ;
#1337 = EDGE_LOOP ( 'NONE', ( #4068, #2124, #244, #5123 ) ) ;
#1338 = EDGE_CURVE ( 'NONE', #3731, #2341, #5925, .T. ) ;
#1339 = DIRECTION ( 'NONE',  ( -0.0000000000000000000, -0.0000000000000000000, -1.000000000000000000 ) ) ;
#1340 = ADVANCED_FACE ( 'NONE', ( #1208 ), #5476, .T. ) ;
#1341 = EDGE_CURVE ( 'NONE', #5124, #5955, #4554, .T. ) ;
#1342 = VECTOR ( 'NONE', #3424, 1000.000000000000000 ) ;
#1343 = EDGE_CURVE ( 'NONE', #3484, #5254, #5740, .T. ) ;
#1344 = ORIENTED_EDGE ( 'NONE', *, *, #825, .T. ) ;
#1345 = ORIENTED_EDGE ( 'NONE', *, *, #4612, .T. ) ;
#1346 = DIRECTION ( 'NONE',  ( 0.0000000000000000000, 0.0000000000000000000, 1.000000000000000000 ) ) ;
#1347 = AXIS2_PLACEMENT_3D ( 'NONE', #2819, #6295, #499 ) ;
#1348 = CARTESIAN_POINT ( 'NONE',  ( -2.429015024641861100, 0.4728017965748428400, 2.152500000000000700 ) ) ;
#1349 = PLANE ( 'NONE',  #4033 ) ;
#1350 = LINE ( 'NONE', #7190, #4067 ) ;
#1351 = CARTESIAN_POINT ( 'NONE',  ( -2.851362942456835600, 0.02367179002526185300, 2.397500000000000900 ) ) ;
#1352 = VERTEX_POINT ( 'NONE', #882 ) ;
#1353 = EDGE_CURVE ( 'NONE', #4527, #750, #5649, .T. ) ;
#1354 = EDGE_CURVE ( 'NONE', #6152, #4527, #7028, .T. ) ;
#1355 = CIRCLE ( 'NONE', #7554, 0.2746982034251563800 ) ;
#1356 = CARTESIAN_POINT ( 'NONE',  ( 2.429015024641860700, 0.7474999999999991700, 0.8525000000000008100 ) ) ;
#1357 = ORIENTED_EDGE ( 'NONE', *, *, #5334, .T. ) ;
#1358 = CARTESIAN_POINT ( 'NONE',  ( 2.429015024641861100, 0.4728017965748428400, 1.502500000000000800 ) ) ;
#1359 = AXIS2_PLACEMENT_3D ( 'NONE', #4040, #1163, #522 ) ;
#1360 = VECTOR ( 'NONE', #4649, 1000.000000000000000 ) ;
#1361 = CARTESIAN_POINT ( 'NONE',  ( -2.851362942456836100, 0.02367179002526185300, 0.4475000000000008400 ) ) ;
#1362 = FACE_OUTER_BOUND ( 'NONE', #2330, .T. ) ;
#1363 = CARTESIAN_POINT ( 'NONE',  ( 2.429015024641861100, 0.6025000000000000400, 2.397500000000000900 ) ) ;
#1364 =( NAMED_UNIT ( * ) PLANE_ANGLE_UNIT ( ) SI_UNIT ( $, .RADIAN. ) );
#1365 = CYLINDRICAL_SURFACE ( 'NONE', #1681, 0.1296982034251570600 ) ;
#1366 = VERTEX_POINT ( 'NONE', #6721 ) ;
#1367 = AXIS2_PLACEMENT_3D ( 'NONE', #3352, #1606, #7426 ) ;
#1368 = VECTOR ( 'NONE', #6009, 1000.000000000000000 ) ;
#1369 = LINE ( 'NONE', #648, #5831 ) ;
#1370 = CARTESIAN_POINT ( 'NONE',  ( 2.851362942456835200, 0.02367179002526185300, -0.8524999999999991500 ) ) ;
#1371 = DIRECTION ( 'NONE',  ( 0.1736481776669299100, 0.9848077530122081300, 0.0000000000000000000 ) ) ;
#1372 = ADVANCED_FACE ( 'NONE', ( #1993 ), #1641, .T. ) ;
#1373 = VECTOR ( 'NONE', #2901, 1000.000000000000000 ) ;
#1374 = VECTOR ( 'NONE', #6718, 1000.000000000000000 ) ;
#1375 = LINE ( 'NONE', #4202, #5552 ) ;
#1376 = ORIENTED_EDGE ( 'NONE', *, *, #6812, .T. ) ;
#1377 = DIRECTION ( 'NONE',  ( -0.0000000000000000000, -0.0000000000000000000, -1.000000000000000000 ) ) ;
#1378 = DIRECTION ( 'NONE',  ( -0.0000000000000000000, -1.000000000000000000, -0.0000000000000000000 ) ) ;
#1379 = EDGE_CURVE ( 'NONE', #2245, #3731, #2637, .T. ) ;
#1380 = CYLINDRICAL_SURFACE ( 'NONE', #5351, 0.2746982034251563800 ) ;
#1381 = ORIENTED_EDGE ( 'NONE', *, *, #816, .T. ) ;
#1382 = DIRECTION ( 'NONE',  ( -0.0000000000000000000, -0.0000000000000000000, -1.000000000000000000 ) ) ;
#1383 = ORIENTED_EDGE ( 'NONE', *, *, #5557, .T. ) ;
#1384 = DIRECTION ( 'NONE',  ( 1.000000000000000000, -4.734196693780292900E-016, 0.0000000000000000000 ) ) ;
#1385 = PLANE ( 'NONE',  #4606 ) ;
#1386 = CYLINDRICAL_SURFACE ( 'NONE', #203, 0.1296982034251575000 ) ;
#1387 = CARTESIAN_POINT ( 'NONE',  ( -2.600000000000000500, 0.2500000000000001100, 1.747500000000000700 ) ) ;
#1388 = VECTOR ( 'NONE', #1881, 1000.000000000000100 ) ;
#1389 = VECTOR ( 'NONE', #3839, 1000.000000000000100 ) ;
#1390 = ORIENTED_EDGE ( 'NONE', *, *, #3967, .T. ) ;
#1391 = ORIENTED_EDGE ( 'NONE', *, *, #5609, .T. ) ;
#1392 = EDGE_CURVE ( 'NONE', #5938, #4115, #4991, .T. ) ;
#1393 = CARTESIAN_POINT ( 'NONE',  ( 2.556742820926709600, 0.4953236532462962400, -1.747499999999999200 ) ) ;
#1394 = DIRECTION ( 'NONE',  ( -1.000000000000000000, 0.0000000000000000000, 0.0000000000000000000 ) ) ;
#1395 = COLOUR_RGB ( '',0.7921568627450980000, 0.8196078431372548800, 0.9333333333333333500 ) ;
#1396 = DIRECTION ( 'NONE',  ( -0.0000000000000000000, -0.0000000000000000000, -1.000000000000000000 ) ) ;
#1397 = VECTOR ( 'NONE', #6044, 1000.000000000000000 ) ;
#1398 = VERTEX_POINT ( 'NONE', #1584 ) ;
#1399 = AXIS2_PLACEMENT_3D ( 'NONE', #5306, #1752, #3538 ) ;
#1400 = FACE_OUTER_BOUND ( 'NONE', #3155, .T. ) ;
#1401 = DIRECTION ( 'NONE',  ( 1.000000000000000000, 0.0000000000000000000, 0.0000000000000000000 ) ) ;
#1402 = ORIENTED_EDGE ( 'NONE', *, *, #1157, .F. ) ;
#1403 = ORIENTED_EDGE ( 'NONE', *, *, #4445, .T. ) ;
#1404 = VECTOR ( 'NONE', #6615, 1000.000000000000000 ) ;
#1405 = ADVANCED_FACE ( 'NONE', ( #556 ), #3838, .F. ) ;
#1406 = DIRECTION ( 'NONE',  ( 0.9975640502598247500, -0.06975647374411804400, 0.0000000000000000000 ) ) ;
#1407 = ORIENTED_EDGE ( 'NONE', *, *, #7193, .T. ) ;
#1408 = VERTEX_POINT ( 'NONE', #1504 ) ;
#1409 = AXIS2_PLACEMENT_3D ( 'NONE', #7328, #4985, #6173 ) ;
#1410 = ORIENTED_EDGE ( 'NONE', *, *, #2547, .T. ) ;
#1411 = ORIENTED_EDGE ( 'NONE', *, *, #6902, .T. ) ;
#1412 = CIRCLE ( 'NONE', #6912, 0.1296982034251575000 ) ;
#1413 = DIRECTION ( 'NONE',  ( -0.0000000000000000000, 1.000000000000000000, -0.0000000000000000000 ) ) ;
#1414 = EDGE_LOOP ( 'NONE', ( #5975, #6206, #6739, #4934 ) ) ;
#1415 = ORIENTED_EDGE ( 'NONE', *, *, #3349, .T. ) ;
#1416 = DIRECTION ( 'NONE',  ( -0.0000000000000000000, -0.0000000000000000000, -1.000000000000000000 ) ) ;
#1417 = EDGE_LOOP ( 'NONE', ( #3999, #6280, #7173, #6534 ) ) ;
#1418 = VERTEX_POINT ( 'NONE', #7326 ) ;
#1419 = CARTESIAN_POINT ( 'NONE',  ( 2.861477631149733200, 0.1683185773129356700, 2.397500000000000900 ) ) ;
#1420 = CARTESIAN_POINT ( 'NONE',  ( 2.429015024641861100, 0.4728017965748428400, 2.152500000000000700 ) ) ;
#1421 = DIRECTION ( 'NONE',  ( -0.9975640502598247500, -0.06975647374411821100, 0.0000000000000000000 ) ) ;
#1422 = LINE ( 'NONE', #4760, #2334 ) ;
#1423 = EDGE_CURVE ( 'NONE', #3976, #2682, #7208, .T. ) ;
#1424 = VERTEX_POINT ( 'NONE', #4430 ) ;
#1425 = ORIENTED_EDGE ( 'NONE', *, *, #3404, .T. ) ;
#1426 = CARTESIAN_POINT ( 'NONE',  ( -3.189885311307104000, -3.382275553165428400E-020, 1.097500000000000800 ) ) ;
#1427 = FACE_OUTER_BOUND ( 'NONE', #5616, .T. ) ;
#1428 = AXIS2_PLACEMENT_3D ( 'NONE', #3663, #1927, #1954 ) ;
#1429 = ORIENTED_EDGE ( 'NONE', *, *, #3025, .T. ) ;
#1430 = EDGE_CURVE ( 'NONE', #3835, #6558, #463, .T. ) ;
#1431 = EDGE_CURVE ( 'NONE', #142, #5667, #5454, .T. ) ;
#1432 = CARTESIAN_POINT ( 'NONE',  ( -2.200000000000002000, 0.7475000000000001600, 0.4475000000000008400 ) ) ;
#1433 = VERTEX_POINT ( 'NONE', #3258 ) ;
#1434 = PLANE ( 'NONE',  #220 ) ;
#1435 = CARTESIAN_POINT ( 'NONE',  ( -2.851362942456836100, 0.02367179002526185300, 0.8525000000000008100 ) ) ;
#1436 =( NAMED_UNIT ( * ) SI_UNIT ( $, .STERADIAN. ) SOLID_ANGLE_UNIT ( ) );
#1437 = VECTOR ( 'NONE', #656, 1000.000000000000000 ) ;
#1438 = EDGE_CURVE ( 'NONE', #249, #4691, #6842, .T. ) ;
#1439 = ORIENTED_EDGE ( 'NONE', *, *, #4983, .T. ) ;
#1440 = AXIS2_PLACEMENT_3D ( 'NONE', #719, #5357, #3098 ) ;
#1441 = ADVANCED_FACE ( 'NONE', ( #3909 ), #6477, .F. ) ;
#1442 = CIRCLE ( 'NONE', #5521, 0.1296982034251570600 ) ;
#1443 = CARTESIAN_POINT ( 'NONE',  ( -3.200000000000000600, 0.1446467872876738600, 2.397500000000000900 ) ) ;
#1444 =( LENGTH_UNIT ( ) NAMED_UNIT ( * ) SI_UNIT ( .MILLI., .METRE. ) );
#1445 = AXIS2_PLACEMENT_3D ( 'NONE', #5850, #2382, #5822 ) ;
#1446 = FACE_OUTER_BOUND ( 'NONE', #7507, .T. ) ;
#1447 = VECTOR ( 'NONE', #5653, 1000.000000000000000 ) ;
#1448 = CARTESIAN_POINT ( 'NONE',  ( -2.429015024641861600, 0.4728017965748428400, -0.8524999999999991500 ) ) ;
#1449 = FACE_OUTER_BOUND ( 'NONE', #4315, .T. ) ;
#1450 = CYLINDRICAL_SURFACE ( 'NONE', #4250, 0.1296982034251575000 ) ;
#1451 = ORIENTED_EDGE ( 'NONE', *, *, #7064, .T. ) ;
#1452 = DIRECTION ( 'NONE',  ( -1.000000000000000000, 0.0000000000000000000, 0.0000000000000000000 ) ) ;
#1453 = PRESENTATION_STYLE_ASSIGNMENT (( #5923 ) ) ;
#1454 = CARTESIAN_POINT ( 'NONE',  ( 2.429015024641860300, 0.4728017965748428400, -2.397499999999999500 ) ) ;
#1455 = DIRECTION ( 'NONE',  ( 1.971276677246371800E-016, -0.0000000000000000000, 1.000000000000000000 ) ) ;
#1456 = PLANE ( 'NONE',  #3540 ) ;
#1457 = FACE_OUTER_BOUND ( 'NONE', #4346, .T. ) ;
#1458 = DIRECTION ( 'NONE',  ( -0.1736481776669299100, 0.9848077530122081300, -0.0000000000000000000 ) ) ;
#1459 = ORIENTED_EDGE ( 'NONE', *, *, #5779, .F. ) ;
#1460 = ORIENTED_EDGE ( 'NONE', *, *, #4563, .F. ) ;
#1461 = VECTOR ( 'NONE', #1022, 1000.000000000000000 ) ;
#1462 = DIRECTION ( 'NONE',  ( -0.9975640502598247500, 0.06975647374411804400, 0.0000000000000000000 ) ) ;
#1463 = CARTESIAN_POINT ( 'NONE',  ( 2.599999999999999600, 0.2500000000000001100, -2.152499999999999400 ) ) ;
#1464 = FACE_OUTER_BOUND ( 'NONE', #2459, .T. ) ;
#1465 = ORIENTED_EDGE ( 'NONE', *, *, #7501, .T. ) ;
#1466 = VERTEX_POINT ( 'NONE', #2735 ) ;
#1467 = CARTESIAN_POINT ( 'NONE',  ( -3.200000000000000600, 0.1446467872876738600, 2.397500000000000900 ) ) ;
#1468 = EDGE_CURVE ( 'NONE', #3571, #4947, #1287, .T. ) ;
#1469 = LINE ( 'NONE', #7373, #4485 ) ;
#1470 = ORIENTED_EDGE ( 'NONE', *, *, #3543, .T. ) ;
#1471 = ADVANCED_FACE ( 'NONE', ( #2184 ), #1450, .F. ) ;
#1472 = VECTOR ( 'NONE', #274, 1000.000000000000000 ) ;
#1473 = VERTEX_POINT ( 'NONE', #5605 ) ;
#1474 = LINE ( 'NONE', #4791, #3667 ) ;
#1475 = ORIENTED_EDGE ( 'NONE', *, *, #2149, .F. ) ;
#1476 = EDGE_CURVE ( 'NONE', #615, #2730, #835, .T. ) ;
#1477 = EDGE_CURVE ( 'NONE', #5410, #3943, #1821, .T. ) ;
#1478 = ORIENTED_EDGE ( 'NONE', *, *, #3526, .T. ) ;
#1479 = ORIENTED_EDGE ( 'NONE', *, *, #5622, .F. ) ;
#1480 = DIRECTION ( 'NONE',  ( -0.0000000000000000000, -0.0000000000000000000, -1.000000000000000000 ) ) ;
#1481 = CARTESIAN_POINT ( 'NONE',  ( -2.556742820926710900, 0.4953236532462962400, 0.4475000000000008400 ) ) ;
#1482 = DIRECTION ( 'NONE',  ( -0.0000000000000000000, -0.0000000000000000000, -1.000000000000000000 ) ) ;
#1483 = CARTESIAN_POINT ( 'NONE',  ( 2.429015024641860700, 0.6025000000000000400, 0.2025000000000008500 ) ) ;
#1484 = VECTOR ( 'NONE', #6303, 1000.000000000000000 ) ;
#1485 = ORIENTED_EDGE ( 'NONE', *, *, #1718, .T. ) ;
#1486 = ORIENTED_EDGE ( 'NONE', *, *, #2655, .T. ) ;
#1487 = CARTESIAN_POINT ( 'NONE',  ( 2.429015024641860300, 0.4728017965748428400, -1.502499999999999100 ) ) ;
#1488 = ORIENTED_EDGE ( 'NONE', *, *, #6785, .F. ) ;
#1489 = DIRECTION ( 'NONE',  ( 1.734723475976807300E-016, 0.0000000000000000000, 1.000000000000000000 ) ) ;
#1490 = PLANE ( 'NONE',  #6315 ) ;
#1491 = FACE_OUTER_BOUND ( 'NONE', #200, .T. ) ;
#1492 = VERTEX_POINT ( 'NONE', #448 ) ;
#1493 = ORIENTED_EDGE ( 'NONE', *, *, #2307, .T. ) ;
#1494 = VERTEX_POINT ( 'NONE', #425 ) ;
#1495 = EDGE_LOOP ( 'NONE', ( #1513, #5585, #2023, #72 ) ) ;
#1496 = CARTESIAN_POINT ( 'NONE',  ( 2.742797124186768800, 0.2751789857617048500, -2.397499999999999500 ) ) ;
#1497 = CARTESIAN_POINT ( 'NONE',  ( -2.429015024641861100, 0.4728017965748428400, 1.502500000000000800 ) ) ;
#1498 = MECHANICAL_DESIGN_GEOMETRIC_PRESENTATION_REPRESENTATION (  '', ( #3369 ), #3734 ) ;
#1499 = LINE ( 'NONE', #5619, #3433 ) ;
#1500 = DIRECTION ( 'NONE',  ( -0.9848077530122081300, -0.1736481776669299100, 0.0000000000000000000 ) ) ;
#1501 = ORIENTED_EDGE ( 'NONE', *, *, #2758, .F. ) ;
#1502 = VERTEX_POINT ( 'NONE', #4984 ) ;
#1503 = CARTESIAN_POINT ( 'NONE',  ( -2.699539945113480500, 0.5205026390080010900, -0.4474999999999991200 ) ) ;
#1504 = CARTESIAN_POINT ( 'NONE',  ( 2.851362942456835200, 0.02367179002526185300, 0.2025000000000008500 ) ) ;
#1505 = DIRECTION ( 'NONE',  ( 0.0000000000000000000, 0.0000000000000000000, 1.000000000000000000 ) ) ;
#1506 = VECTOR ( 'NONE', #5834, 1000.000000000000000 ) ;
#1507 = ORIENTED_EDGE ( 'NONE', *, *, #6265, .T. ) ;
#1508 = VERTEX_POINT ( 'NONE', #3866 ) ;
#1509 = CARTESIAN_POINT ( 'NONE',  ( 2.200000000000001100, 0.7475000000000001600, -0.8524999999999991500 ) ) ;
#1510 = ADVANCED_FACE ( 'NONE', ( #4738 ), #987, .F. ) ;
#1511 = EDGE_CURVE ( 'NONE', #7054, #1466, #100, .T. ) ;
#1512 = VECTOR ( 'NONE', #1737, 999.9999999999998900 ) ;
#1513 = ORIENTED_EDGE ( 'NONE', *, *, #519, .T. ) ;
#1514 = DIRECTION ( 'NONE',  ( 0.9975640502598246400, -0.06975647374411923800, 0.0000000000000000000 ) ) ;
#1515 = CARTESIAN_POINT ( 'NONE',  ( 2.199999999999999700, 0.7475000000000001600, -2.500000000000000400 ) ) ;
#1516 = CARTESIAN_POINT ( 'NONE',  ( 2.200000000000000600, 0.7475000000000001600, -1.502499999999999100 ) ) ;
#1517 = PLANE ( 'NONE',  #2108 ) ;
#1518 = DIRECTION ( 'NONE',  ( -0.0000000000000000000, -0.0000000000000000000, -1.000000000000000000 ) ) ;
#1519 = AXIS2_PLACEMENT_3D ( 'NONE', #2117, #6193, #1043 ) ;
#1520 = LINE ( 'NONE', #1060, #345 ) ;
#1521 = EDGE_LOOP ( 'NONE', ( #6858, #7152, #7431, #2782 ) ) ;
#1522 = DIRECTION ( 'NONE',  ( 0.9848077530122081300, -0.1736481776669299100, 0.0000000000000000000 ) ) ;
#1523 = EDGE_CURVE ( 'NONE', #1215, #4487, #7293, .T. ) ;
#1524 = EDGE_CURVE ( 'NONE', #841, #5124, #5086, .T. ) ;
#1525 = EDGE_CURVE ( 'NONE', #3642, #5205, #3203, .T. ) ;
#1526 = DIRECTION ( 'NONE',  ( -0.06975647374411804400, 0.9975640502598247500, 0.0000000000000000000 ) ) ;
#1527 = CARTESIAN_POINT ( 'NONE',  ( -2.600000000000000500, 0.2500000000000001100, -1.097499999999999000 ) ) ;
#1528 = CARTESIAN_POINT ( 'NONE',  ( -2.699539945113480900, 0.5205026390080010900, -1.747499999999999200 ) ) ;
#1529 = LINE ( 'NONE', #5156, #2070 ) ;
#1530 = VECTOR ( 'NONE', #2724, 1000.000000000000000 ) ;
#1531 = AXIS2_PLACEMENT_3D ( 'NONE', #2802, #2777, #6920 ) ;
#1532 = DIRECTION ( 'NONE',  ( -0.0000000000000000000, -0.0000000000000000000, -1.000000000000000000 ) ) ;
#1533 = CARTESIAN_POINT ( 'NONE',  ( -3.200000000000001100, 0.1446467872876738600, 0.4475000000000008400 ) ) ;
#1534 = AXIS2_PLACEMENT_3D ( 'NONE', #1156, #1724, #2305 ) ;
#1535 = AXIS2_PLACEMENT_3D ( 'NONE', #4776, #1875, #1259 ) ;
#1536 = FACE_OUTER_BOUND ( 'NONE', #6887, .T. ) ;
#1537 = VERTEX_POINT ( 'NONE', #451 ) ;
#1538 = LINE ( 'NONE', #2982, #4271 ) ;
#1539 = LINE ( 'NONE', #3499, #6470 ) ;
#1540 = FILL_AREA_STYLE ('',( #7307 ) ) ;
#1541 = SURFACE_SIDE_STYLE ('',( #5468 ) ) ;
#1542 = AXIS2_PLACEMENT_3D ( 'NONE', #6890, #5129, #2271 ) ;
#1543 = LINE ( 'NONE', #1819, #4192 ) ;
#1544 = DIRECTION ( 'NONE',  ( 4.734196693780292900E-016, 1.000000000000000000, -0.0000000000000000000 ) ) ;
#1545 = VECTOR ( 'NONE', #5323, 1000.000000000000000 ) ;
#1546 = ORIENTED_EDGE ( 'NONE', *, *, #3629, .F. ) ;
#1547 = ADVANCED_FACE ( 'NONE', ( #2458 ), #4183, .T. ) ;
#1548 = DIRECTION ( 'NONE',  ( 0.9975640502598246400, -0.06975647374411923800, 0.0000000000000000000 ) ) ;
#1549 = VECTOR ( 'NONE', #3792, 1000.000000000000000 ) ;
#1550 = PLANE ( 'NONE',  #4811 ) ;
#1551 = CYLINDRICAL_SURFACE ( 'NONE', #531, 0.2499999999999997800 ) ;
#1552 = VERTEX_POINT ( 'NONE', #7482 ) ;
#1553 = ORIENTED_EDGE ( 'NONE', *, *, #5998, .F. ) ;
#1554 = DIRECTION ( 'NONE',  ( 1.000000000000000000, 0.0000000000000000000, -0.0000000000000000000 ) ) ;
#1555 = CARTESIAN_POINT ( 'NONE',  ( -2.556742820926710900, 0.4953236532462962400, -0.4474999999999991200 ) ) ;
#1556 = EDGE_CURVE ( 'NONE', #797, #6152, #910, .T. ) ;
#1557 = CARTESIAN_POINT ( 'NONE',  ( -2.699539945113480100, 0.5205026390080010900, 1.747500000000000700 ) ) ;
#1558 = LINE ( 'NONE', #2144, #579 ) ;
#1559 = CARTESIAN_POINT ( 'NONE',  ( 2.699539945113479600, 0.5205026390080010900, -0.8524999999999991500 ) ) ;
#1560 = LINE ( 'NONE', #4965, #6761 ) ;
#1561 = ORIENTED_EDGE ( 'NONE', *, *, #1816, .T. ) ;
#1562 = AXIS2_PLACEMENT_3D ( 'NONE', #2447, #6535, #5367 ) ;
#1563 = EDGE_CURVE ( 'NONE', #4247, #7135, #6730, .T. ) ;
#1564 = FACE_OUTER_BOUND ( 'NONE', #4211, .T. ) ;
#1565 = CARTESIAN_POINT ( 'NONE',  ( -2.200000000000002400, 0.7475000000000001600, -1.502499999999999100 ) ) ;
#1566 = CARTESIAN_POINT ( 'NONE',  ( -2.870524920471619400, 0.2977008424331583100, 0.4475000000000008400 ) ) ;
#1567 = DIRECTION ( 'NONE',  ( 1.000000000000000000, 0.0000000000000000000, 0.0000000000000000000 ) ) ;
#1568 = EDGE_LOOP ( 'NONE', ( #4334, #3284, #3437, #301 ) ) ;
#1569 = EDGE_CURVE ( 'NONE', #1886, #2519, #457, .T. ) ;
#1570 = EDGE_LOOP ( 'NONE', ( #5492, #7324, #867, #511 ) ) ;
#1571 = EDGE_CURVE ( 'NONE', #6322, #1293, #4355, .T. ) ;
#1572 = CARTESIAN_POINT ( 'NONE',  ( 2.429015024641860300, 0.4728017965748428400, -2.152499999999999400 ) ) ;
#1573 = VECTOR ( 'NONE', #3130, 1000.000000000000000 ) ;
#1574 = CARTESIAN_POINT ( 'NONE',  ( 2.742797124186769700, 0.2751789857617048500, 1.502500000000000800 ) ) ;
#1575 = ORIENTED_EDGE ( 'NONE', *, *, #2101, .T. ) ;
#1576 = CARTESIAN_POINT ( 'NONE',  ( 2.429015024641860700, 0.7474999999999991700, -0.2024999999999991300 ) ) ;
#1577 = ORIENTED_EDGE ( 'NONE', *, *, #4983, .F. ) ;
#1578 = ORIENTED_EDGE ( 'NONE', *, *, #6318, .F. ) ;
#1579 = MECHANICAL_DESIGN_GEOMETRIC_PRESENTATION_REPRESENTATION (  '', ( #7096 ), #2766 ) ;
#1580 = DIRECTION ( 'NONE',  ( -1.000000000000000000, 0.0000000000000000000, 0.0000000000000000000 ) ) ;
#1581 = EDGE_CURVE ( 'NONE', #3474, #2134, #1906, .T. ) ;
#1582 = EDGE_CURVE ( 'NONE', #4688, #4473, #2363, .T. ) ;
#1583 = CARTESIAN_POINT ( 'NONE',  ( 2.699539945113479600, 0.5205026390080010900, 0.2025000000000008500 ) ) ;
#1584 = CARTESIAN_POINT ( 'NONE',  ( 2.699539945113479600, 0.5205026390080010900, -0.2024999999999991300 ) ) ;
#1585 = ORIENTED_EDGE ( 'NONE', *, *, #2367, .F. ) ;
#1586 = EDGE_LOOP ( 'NONE', ( #4106, #919, #2209, #697 ) ) ;
#1587 = CARTESIAN_POINT ( 'NONE',  ( 2.200000000000001100, 0.6025000000000000400, 1.097500000000000800 ) ) ;
#1588 = EDGE_LOOP ( 'NONE', ( #1887, #4616, #5012, #107 ) ) ;
#1589 = DIRECTION ( 'NONE',  ( -0.9848077530122081300, -0.1736481776669299100, 0.0000000000000000000 ) ) ;
#1590 = ORIENTED_EDGE ( 'NONE', *, *, #6308, .T. ) ;
#1591 = ORIENTED_EDGE ( 'NONE', *, *, #2756, .T. ) ;
#1592 = CARTESIAN_POINT ( 'NONE',  ( 2.556742820926710500, 0.4953236532462962400, 2.397500000000000900 ) ) ;
#1593 = CARTESIAN_POINT ( 'NONE',  ( -2.699539945113480500, 0.5205026390080010900, -0.8524999999999991500 ) ) ;
#1594 = ADVANCED_FACE ( 'NONE', ( #1728 ), #2249, .F. ) ;
#1595 = ORIENTED_EDGE ( 'NONE', *, *, #3707, .T. ) ;
#1596 = EDGE_LOOP ( 'NONE', ( #6000, #6696, #1318, #7301 ) ) ;
#1597 = ORIENTED_EDGE ( 'NONE', *, *, #574, .T. ) ;
#1598 = VERTEX_POINT ( 'NONE', #1716 ) ;
#1599 = CARTESIAN_POINT ( 'NONE',  ( 2.699539945113479200, 0.5205026390080010900, -2.397499999999999500 ) ) ;
#1600 = FILL_AREA_STYLE_COLOUR ( '', #4476 ) ;
#1601 = LINE ( 'NONE', #4924, #6066 ) ;
#1602 = CARTESIAN_POINT ( 'NONE',  ( 2.200000000000000600, 0.7475000000000001600, -2.152499999999999400 ) ) ;
#1603 = ORIENTED_EDGE ( 'NONE', *, *, #4895, .T. ) ;
#1604 = ORIENTED_EDGE ( 'NONE', *, *, #2921, .F. ) ;
#1605 = DIRECTION ( 'NONE',  ( 1.000000000000000000, 0.0000000000000000000, 0.0000000000000000000 ) ) ;
#1606 = DIRECTION ( 'NONE',  ( -0.0000000000000000000, -0.0000000000000000000, -1.000000000000000000 ) ) ;
#1607 = FACE_OUTER_BOUND ( 'NONE', #5865, .T. ) ;
#1608 = VERTEX_POINT ( 'NONE', #2300 ) ;
#1609 = DIRECTION ( 'NONE',  ( -0.0000000000000000000, -0.0000000000000000000, -1.000000000000000000 ) ) ;
#1610 = DIRECTION ( 'NONE',  ( 0.06975647374411675400, 0.9975640502598248600, -0.0000000000000000000 ) ) ;
#1611 = PLANE ( 'NONE',  #4676 ) ;
#1612 = DIRECTION ( 'NONE',  ( 0.0000000000000000000, 0.0000000000000000000, 1.000000000000000000 ) ) ;
#1613 = DIRECTION ( 'NONE',  ( 0.1736481776669299100, 0.9848077530122081300, -0.0000000000000000000 ) ) ;
#1614 = VECTOR ( 'NONE', #5763, 1000.000000000000000 ) ;
#1615 = ORIENTED_EDGE ( 'NONE', *, *, #6857, .F. ) ;
#1616 = ORIENTED_EDGE ( 'NONE', *, *, #406, .T. ) ;
#1617 = EDGE_CURVE ( 'NONE', #2979, #3244, #2548, .T. ) ;
#1618 = ORIENTED_EDGE ( 'NONE', *, *, #3439, .F. ) ;
#1619 = CYLINDRICAL_SURFACE ( 'NONE', #1305, 0.2746982034251567700 ) ;
#1620 = VECTOR ( 'NONE', #4605, 1000.000000000000000 ) ;
#1621 = PRODUCT_CONTEXT ( 'NONE', #5067, 'mechanical' ) ;
#1622 = ORIENTED_EDGE ( 'NONE', *, *, #2452, .F. ) ;
#1623 = CARTESIAN_POINT ( 'NONE',  ( -2.200000000000002400, 0.7475000000000001600, -2.397499999999999500 ) ) ;
#1624 = ADVANCED_FACE ( 'NONE', ( #1282 ), #5248, .F. ) ;
#1625 = DIRECTION ( 'NONE',  ( -0.0000000000000000000, -0.0000000000000000000, -1.000000000000000000 ) ) ;
#1626 = EDGE_CURVE ( 'NONE', #6426, #5241, #642, .T. ) ;
#1627 = CARTESIAN_POINT ( 'NONE',  ( -2.699539945113480500, 0.5205026390080010900, 1.097500000000000800 ) ) ;
#1628 = EDGE_LOOP ( 'NONE', ( #4231, #5343, #789, #2157, #3224, #1451, #7265, #1235, #1264, #6603, #6306, #6593 ) ) ;
#1629 = EDGE_CURVE ( 'NONE', #7143, #5003, #2831, .T. ) ;
#1630 = CARTESIAN_POINT ( 'NONE',  ( 2.200000000000001100, 0.7475000000000001600, -0.8524999999999991500 ) ) ;
#1631 = CARTESIAN_POINT ( 'NONE',  ( 2.600000000000000100, 0.2500000000000001100, 1.097500000000000800 ) ) ;
#1632 = CIRCLE ( 'NONE', #4848, 0.1296982034251570600 ) ;
#1633 = CARTESIAN_POINT ( 'NONE',  ( -2.429015024641862000, 0.4728017965748428400, -1.502499999999999100 ) ) ;
#1634 = FACE_OUTER_BOUND ( 'NONE', #1104, .T. ) ;
#1635 = DIRECTION ( 'NONE',  ( 0.2505628070857322500, -0.9351131265310291800, 0.2505628070857320900 ) ) ;
#1636 = CARTESIAN_POINT ( 'NONE',  ( -2.429015024641861600, 0.4728017965748428400, 0.4475000000000008400 ) ) ;
#1637 = FACE_OUTER_BOUND ( 'NONE', #2228, .T. ) ;
#1638 = DIRECTION ( 'NONE',  ( -0.0000000000000000000, -0.0000000000000000000, -1.000000000000000000 ) ) ;
#1639 = DIRECTION ( 'NONE',  ( -0.0000000000000000000, -0.0000000000000000000, -1.000000000000000000 ) ) ;
#1640 = AXIS2_PLACEMENT_3D ( 'NONE', #4633, #5202, #1106 ) ;
#1641 = CYLINDRICAL_SURFACE ( 'NONE', #3626, 0.2746982034251563800 ) ;
#1642 = VERTEX_POINT ( 'NONE', #4671 ) ;
#1643 = LINE ( 'NONE', #5355, #4000 ) ;
#1644 = DIRECTION ( 'NONE',  ( 0.9975640502598247500, 0.06975647374411804400, -0.0000000000000000000 ) ) ;
#1645 = LINE ( 'NONE', #6991, #7391 ) ;
#1646 = ORIENTED_EDGE ( 'NONE', *, *, #173, .F. ) ;
#1647 = CARTESIAN_POINT ( 'NONE',  ( 2.200000000000001100, 0.6025000000000000400, 0.8525000000000008100 ) ) ;
#1648 = ORIENTED_EDGE ( 'NONE', *, *, #3906, .T. ) ;
#1649 = VECTOR ( 'NONE', #6889, 1000.000000000000000 ) ;
#1650 = CARTESIAN_POINT ( 'NONE',  ( -2.870524920471619400, 0.2977008424331583100, -0.2024999999999991300 ) ) ;
#1651 = FACE_OUTER_BOUND ( 'NONE', #3428, .T. ) ;
#1652 = ORIENTED_EDGE ( 'NONE', *, *, #769, .T. ) ;
#1653 = CARTESIAN_POINT ( 'NONE',  ( 2.742797124186769700, 0.2751789857617048500, 2.397500000000000900 ) ) ;
#1654 = ORIENTED_EDGE ( 'NONE', *, *, #6411, .F. ) ;
#1655 = VECTOR ( 'NONE', #1085, 1000.000000000000000 ) ;
#1656 = ORIENTED_EDGE ( 'NONE', *, *, #4508, .T. ) ;
#1657 = FACE_OUTER_BOUND ( 'NONE', #5853, .T. ) ;
#1658 = ORIENTED_EDGE ( 'NONE', *, *, #5023, .T. ) ;
#1659 = CARTESIAN_POINT ( 'NONE',  ( 2.556742820926709600, 0.4953236532462962400, -2.152499999999999400 ) ) ;
#1660 = CARTESIAN_POINT ( 'NONE',  ( 2.851362942456835200, 0.02367179002526185300, 0.8525000000000008100 ) ) ;
#1661 = DIRECTION ( 'NONE',  ( -1.000000000000000000, 0.0000000000000000000, 0.0000000000000000000 ) ) ;
#1662 = EDGE_CURVE ( 'NONE', #217, #3244, #362, .T. ) ;
#1663 = FACE_OUTER_BOUND ( 'NONE', #2347, .T. ) ;
#1664 = ADVANCED_FACE ( 'NONE', ( #830 ), #4589, .F. ) ;
#1665 = VERTEX_POINT ( 'NONE', #7563 ) ;
#1666 = VERTEX_POINT ( 'NONE', #5766 ) ;
#1667 = VERTEX_POINT ( 'NONE', #2320 ) ;
#1668 = DIRECTION ( 'NONE',  ( -0.0000000000000000000, -0.0000000000000000000, -1.000000000000000000 ) ) ;
#1669 = VECTOR ( 'NONE', #3334, 1000.000000000000000 ) ;
#1670 = EDGE_CURVE ( 'NONE', #4522, #2511, #6382, .T. ) ;
#1671 = DIRECTION ( 'NONE',  ( 1.000000000000000000, 3.787357355024234400E-015, 0.0000000000000000000 ) ) ;
#1673 = ORIENTED_EDGE ( 'NONE', *, *, #1468, .T. ) ;
#1672 = EDGE_CURVE ( 'NONE', #6874, #3828, #193, .T. ) ;
#1674 = ORIENTED_EDGE ( 'NONE', *, *, #1286, .T. ) ;
#1675 = ORIENTED_EDGE ( 'NONE', *, *, #6411, .T. ) ;
#1676 = PLANE ( 'NONE',  #7074 ) ;
#1677 = ORIENTED_EDGE ( 'NONE', *, *, #6218, .T. ) ;
#1678 = DIRECTION ( 'NONE',  ( 0.06975647374411954300, -0.9975640502598246400, 0.0000000000000000000 ) ) ;
#1679 = LINE ( 'NONE', #1232, #6143 ) ;
#1680 = CARTESIAN_POINT ( 'NONE',  ( -2.861477631149733200, 0.1683185773129357300, 2.397500000000000900 ) ) ;
#1681 = AXIS2_PLACEMENT_3D ( 'NONE', #4260, #4335, #3145 ) ;
#1682 = ORIENTED_EDGE ( 'NONE', *, *, #1353, .F. ) ;
#1683 = ORIENTED_EDGE ( 'NONE', *, *, #1524, .F. ) ;
#1684 = CARTESIAN_POINT ( 'NONE',  ( 2.742797124186769200, 0.2751789857617048500, 0.2025000000000008500 ) ) ;
#1685 = ORIENTED_EDGE ( 'NONE', *, *, #4048, .T. ) ;
#1686 = ORIENTED_EDGE ( 'NONE', *, *, #3745, .F. ) ;
#1687 = DIRECTION ( 'NONE',  ( -0.06975647374411804400, 0.9975640502598247500, 0.0000000000000000000 ) ) ;
#1688 = ORIENTED_EDGE ( 'NONE', *, *, #517, .T. ) ;
#1689 = AXIS2_PLACEMENT_3D ( 'NONE', #6017, #320, #6635 ) ;
#1690 = EDGE_CURVE ( 'NONE', #1076, #7259, #3466, .T. ) ;
#1691 = AXIS2_PLACEMENT_3D ( 'NONE', #79, #7102, #3558 ) ;
#1692 = CARTESIAN_POINT ( 'NONE',  ( 2.861477631149732300, 0.1683185773129356700, -1.747499999999999200 ) ) ;
#1693 = DIRECTION ( 'NONE',  ( -0.0000000000000000000, -0.0000000000000000000, -1.000000000000000000 ) ) ;
#1694 = DIRECTION ( 'NONE',  ( -0.0000000000000000000, -0.0000000000000000000, -1.000000000000000000 ) ) ;
#1695 = ORIENTED_EDGE ( 'NONE', *, *, #81, .F. ) ;
#1696 = CARTESIAN_POINT ( 'NONE',  ( -2.699539945113480500, 0.5205026390080010900, 0.4475000000000008400 ) ) ;
#1697 = ORIENTED_EDGE ( 'NONE', *, *, #4097, .T. ) ;
#1698 = AXIS2_PLACEMENT_3D ( 'NONE', #5558, #6155, #2665 ) ;
#1699 = VECTOR ( 'NONE', #109, 1000.000000000000000 ) ;
#1700 = ORIENTED_EDGE ( 'NONE', *, *, #34, .F. ) ;
#1701 = CARTESIAN_POINT ( 'NONE',  ( 2.742797124186769200, 0.2751789857617048500, -0.4474999999999991200 ) ) ;
#1702 = ORIENTED_EDGE ( 'NONE', *, *, #4410, .F. ) ;
#1703 = ADVANCED_FACE ( 'NONE', ( #1446 ), #6368, .F. ) ;
#1704 = CARTESIAN_POINT ( 'NONE',  ( -2.200000000000002000, 0.7475000000000001600, 0.4475000000000008400 ) ) ;
#1705 = CARTESIAN_POINT ( 'NONE',  ( -3.200000000000001100, 0.1446467872876738600, 0.8525000000000008100 ) ) ;
#1706 = CARTESIAN_POINT ( 'NONE',  ( 2.078752990424916500, 1.199999999999999300, -2.378752990424917600 ) ) ;
#1707 = DIRECTION ( 'NONE',  ( -0.9848077530122081300, 0.1736481776669299100, 0.0000000000000000000 ) ) ;
#1708 = EDGE_CURVE ( 'NONE', #4571, #4144, #5076, .T. ) ;
#1709 = CARTESIAN_POINT ( 'NONE',  ( 2.600000000000000500, 0.2500000000000001100, 2.397500000000000900 ) ) ;
#1710 = LINE ( 'NONE', #4364, #175 ) ;
#1711 = VERTEX_POINT ( 'NONE', #3946 ) ;
#1712 = DIRECTION ( 'NONE',  ( 0.06975647374411821100, -0.9975640502598247500, 0.0000000000000000000 ) ) ;
#1713 = ORIENTED_EDGE ( 'NONE', *, *, #1690, .F. ) ;
#1714 = CARTESIAN_POINT ( 'NONE',  ( -2.429015024641862000, 0.7474999999999992800, -1.747499999999999200 ) ) ;
#1715 = PLANE ( 'NONE',  #5692 ) ;
#1716 = CARTESIAN_POINT ( 'NONE',  ( -1.570720790471951100, 1.099999999999999200, -2.096785749842945600 ) ) ;
#1717 = AXIS2_PLACEMENT_3D ( 'NONE', #1833, #700, #728 ) ;
#1718 = EDGE_CURVE ( 'NONE', #6152, #2401, #6834, .T. ) ;
#1719 = VECTOR ( 'NONE', #2171, 1000.000000000000000 ) ;
#1720 = CARTESIAN_POINT ( 'NONE',  ( 2.429015024641860300, 0.4728017965748428400, -1.502499999999999100 ) ) ;
#1721 = EDGE_CURVE ( 'NONE', #4914, #7552, #3719, .T. ) ;
#1722 = EDGE_CURVE ( 'NONE', #2938, #1994, #6192, .T. ) ;
#1723 = CARTESIAN_POINT ( 'NONE',  ( -2.556742820926711300, 0.4953236532462962400, -1.502499999999999100 ) ) ;
#1724 = DIRECTION ( 'NONE',  ( -0.0000000000000000000, -0.0000000000000000000, -1.000000000000000000 ) ) ;
#1725 = CYLINDRICAL_SURFACE ( 'NONE', #6618, 0.2499999999999997800 ) ;
#1726 = EDGE_LOOP ( 'NONE', ( #1768, #7068 ) ) ;
#1727 = COLOUR_RGB ( '',0.7921568627450980000, 0.8196078431372548800, 0.9333333333333333500 ) ;
#1728 = FACE_OUTER_BOUND ( 'NONE', #3505, .T. ) ;
#1729 = CARTESIAN_POINT ( 'NONE',  ( 2.200000000000001100, 0.7475000000000001600, 0.8525000000000008100 ) ) ;
#1730 = EDGE_CURVE ( 'NONE', #7128, #6975, #3120, .T. ) ;
#1731 = EDGE_CURVE ( 'NONE', #6048, #3347, #1632, .T. ) ;
#1732 = CARTESIAN_POINT ( 'NONE',  ( 2.429015024641861100, 0.4728017965748428400, 1.747500000000000700 ) ) ;
#1733 = CARTESIAN_POINT ( 'NONE',  ( -2.699539945113480500, 0.5205026390080010900, 1.097500000000000800 ) ) ;
#1734 = VECTOR ( 'NONE', #3186, 1000.000000000000100 ) ;
#1735 = FACE_OUTER_BOUND ( 'NONE', #4721, .T. ) ;
#1736 = ORIENTED_EDGE ( 'NONE', *, *, #2701, .T. ) ;
#1737 = DIRECTION ( 'NONE',  ( -0.9975640502598247500, 0.06975647374411925200, -0.0000000000000000000 ) ) ;
#1738 = DIRECTION ( 'NONE',  ( -0.0000000000000000000, -0.0000000000000000000, -1.000000000000000000 ) ) ;
#1739 = MECHANICAL_DESIGN_GEOMETRIC_PRESENTATION_REPRESENTATION (  '', ( #2018 ), #3551 ) ;
#1740 = CARTESIAN_POINT ( 'NONE',  ( 3.200000000000000200, 0.1446467872876735000, 1.747500000000000700 ) ) ;
#1741 = CARTESIAN_POINT ( 'NONE',  ( -2.200000000000002000, 0.7475000000000001600, -0.8524999999999991500 ) ) ;
#1742 = VECTOR ( 'NONE', #3555, 1000.000000000000000 ) ;
#1743 = ADVANCED_FACE ( 'NONE', ( #5 ), #4454, .T. ) ;
#1744 = LINE ( 'NONE', #4446, #2286 ) ;
#1745 = ORIENTED_EDGE ( 'NONE', *, *, #1203, .T. ) ;
#1746 = ORIENTED_EDGE ( 'NONE', *, *, #123, .T. ) ;
#1747 = DIRECTION ( 'NONE',  ( -0.0000000000000000000, -0.0000000000000000000, -1.000000000000000000 ) ) ;
#1748 = SHAPE_DEFINITION_REPRESENTATION ( #3046, #5109 ) ;
#1749 = DIRECTION ( 'NONE',  ( 1.000000000000000000, 0.0000000000000000000, -0.0000000000000000000 ) ) ;
#1750 = FACE_OUTER_BOUND ( 'NONE', #6938, .T. ) ;
#1751 = DIRECTION ( 'NONE',  ( -0.0000000000000000000, -0.0000000000000000000, -1.000000000000000000 ) ) ;
#1752 = DIRECTION ( 'NONE',  ( 0.9848077530122081300, 0.1736481776669299100, -0.0000000000000000000 ) ) ;
#1753 = LINE ( 'NONE', #4525, #4664 ) ;
#1754 = DIRECTION ( 'NONE',  ( 0.1736481776669299100, 0.9848077530122081300, -0.0000000000000000000 ) ) ;
#1755 = ORIENTED_EDGE ( 'NONE', *, *, #3492, .T. ) ;
#1756 = CIRCLE ( 'NONE', #6575, 0.2746982034251567700 ) ;
#1757 = DIRECTION ( 'NONE',  ( -0.0000000000000000000, 0.0000000000000000000, -1.000000000000000000 ) ) ;
#1758 = ORIENTED_EDGE ( 'NONE', *, *, #5961, .F. ) ;
#1759 = ORIENTED_EDGE ( 'NONE', *, *, #7329, .F. ) ;
#1760 = DIRECTION ( 'NONE',  ( -0.0000000000000000000, -0.0000000000000000000, -1.000000000000000000 ) ) ;
#1761 = CARTESIAN_POINT ( 'NONE',  ( -2.851362942456836500, 0.02367179002526185300, -1.502499999999999100 ) ) ;
#1762 = FACE_OUTER_BOUND ( 'NONE', #78, .T. ) ;
#1763 = DIRECTION ( 'NONE',  ( -0.0000000000000000000, -0.0000000000000000000, -1.000000000000000000 ) ) ;
#1764 = DIRECTION ( 'NONE',  ( 0.1736481776669299100, 0.9848077530122081300, -0.0000000000000000000 ) ) ;
#1765 = DIRECTION ( 'NONE',  ( 0.0000000000000000000, 0.0000000000000000000, 1.000000000000000000 ) ) ;
#1766 = ORIENTED_EDGE ( 'NONE', *, *, #6171, .F. ) ;
#1767 = EDGE_CURVE ( 'NONE', #4398, #3960, #1539, .T. ) ;
#1768 = ORIENTED_EDGE ( 'NONE', *, *, #4896, .F. ) ;
#1769 = ORIENTED_EDGE ( 'NONE', *, *, #2445, .F. ) ;
#1770 = ORIENTED_EDGE ( 'NONE', *, *, #5713, .T. ) ;
#1771 = ORIENTED_EDGE ( 'NONE', *, *, #5381, .F. ) ;
#1772 = VERTEX_POINT ( 'NONE', #632 ) ;
#1773 = ORIENTED_EDGE ( 'NONE', *, *, #5573, .F. ) ;
#1774 = ORIENTED_EDGE ( 'NONE', *, *, #2468, .F. ) ;
#1775 = AXIS2_PLACEMENT_3D ( 'NONE', #3502, #6480, #4766 ) ;
#1776 = CARTESIAN_POINT ( 'NONE',  ( 3.200000000000000200, 0.1446467872876735000, 2.397500000000000900 ) ) ;
#1777 = EDGE_CURVE ( 'NONE', #2730, #2565, #7385, .T. ) ;
#1778 = VECTOR ( 'NONE', #5138, 1000.000000000000000 ) ;
#1779 = EDGE_CURVE ( 'NONE', #4587, #5286, #1369, .T. ) ;
#1780 = ORIENTED_EDGE ( 'NONE', *, *, #1201, .F. ) ;
#1781 = ORIENTED_EDGE ( 'NONE', *, *, #1054, .T. ) ;
#1782 = EDGE_LOOP ( 'NONE', ( #2224, #6149, #5974, #2623 ) ) ;
#1783 = EDGE_LOOP ( 'NONE', ( #3391, #3850, #5455, #45, #1501, #1872, #1479, #2868, #53, #5033, #374, #3133 ) ) ;
#1784 = ADVANCED_FACE ( 'NONE', ( #1197 ), #604, .T. ) ;
#1785 = SURFACE_STYLE_USAGE ( .BOTH. , #1854 ) ;
#1786 = CARTESIAN_POINT ( 'NONE',  ( 2.429015024641860700, 0.6025000000000000400, 0.4475000000000008400 ) ) ;
#1787 = CARTESIAN_POINT ( 'NONE',  ( 2.851362942456835200, 0.02367179002526185300, -0.2024999999999991300 ) ) ;
#1788 = VECTOR ( 'NONE', #4196, 1000.000000000000000 ) ;
#1789 = ORIENTED_EDGE ( 'NONE', *, *, #4048, .F. ) ;
#1790 = AXIS2_PLACEMENT_3D ( 'NONE', #273, #4354, #7254 ) ;
#1791 = MANIFOLD_SOLID_BREP ( 'Boss-Extrude5', #4464 ) ;
#1792 = DIRECTION ( 'NONE',  ( 1.000000000000000000, 0.0000000000000000000, -0.0000000000000000000 ) ) ;
#1793 = CARTESIAN_POINT ( 'NONE',  ( -2.200000000000002400, 0.7475000000000001600, -1.502499999999999100 ) ) ;
#1794 = ADVANCED_FACE ( 'NONE', ( #4272 ), #6425, .F. ) ;
#1795 = CARTESIAN_POINT ( 'NONE',  ( -3.189885311307103500, -3.382275553165428400E-020, 2.397500000000000900 ) ) ;
#1796 = CARTESIAN_POINT ( 'NONE',  ( -2.200000000000002400, 0.7475000000000001600, -1.502499999999999100 ) ) ;
#1797 = FACE_OUTER_BOUND ( 'NONE', #6605, .T. ) ;
#1798 = EDGE_LOOP ( 'NONE', ( #628, #5363, #819, #4768 ) ) ;
#1799 =( GEOMETRIC_REPRESENTATION_CONTEXT ( 3 ) GLOBAL_UNCERTAINTY_ASSIGNED_CONTEXT ( ( #7149 ) ) GLOBAL_UNIT_ASSIGNED_CONTEXT ( ( #5976, #4800, #2607 ) ) REPRESENTATION_CONTEXT ( 'NONE', 'WORKASPACE' ) );
#1800 =( NAMED_UNIT ( * ) SI_UNIT ( $, .STERADIAN. ) SOLID_ANGLE_UNIT ( ) );
#1801 = LINE ( 'NONE', #6825, #716 ) ;
#1802 = ORIENTED_EDGE ( 'NONE', *, *, #3543, .F. ) ;
#1803 = FACE_OUTER_BOUND ( 'NONE', #4504, .T. ) ;
#1804 = DIRECTION ( 'NONE',  ( -1.000000000000000000, 4.260777024402263800E-015, -0.0000000000000000000 ) ) ;
#1805 = CARTESIAN_POINT ( 'NONE',  ( 2.429015024641860700, 0.4728017965748428400, 1.097500000000000800 ) ) ;
#1806 = CARTESIAN_POINT ( 'NONE',  ( 2.870524920471619000, 0.2977008424331583100, 0.2025000000000008500 ) ) ;
#1807 = EDGE_CURVE ( 'NONE', #6894, #281, #93, .T. ) ;
#1808 = LINE ( 'NONE', #1419, #6185 ) ;
#1809 = DIRECTION ( 'NONE',  ( -0.0000000000000000000, -0.0000000000000000000, -1.000000000000000000 ) ) ;
#1810 = CARTESIAN_POINT ( 'NONE',  ( -2.200000000000002000, 0.6025000000000000400, 0.2025000000000008500 ) ) ;
#1811 = VERTEX_POINT ( 'NONE', #3569 ) ;
#1812 = CARTESIAN_POINT ( 'NONE',  ( 2.429015024641860700, 0.6025000000000000400, 1.097500000000000800 ) ) ;
#1813 = STYLED_ITEM ( 'NONE', ( #5228 ), #4056 ) ;
#1814 = ADVANCED_FACE ( 'NONE', ( #4544 ), #4295, .F. ) ;
#1815 = LINE ( 'NONE', #1733, #6726 ) ;
#1816 = EDGE_CURVE ( 'NONE', #7128, #1433, #4090, .T. ) ;
#1817 = VECTOR ( 'NONE', #6614, 1000.000000000000000 ) ;
#1818 = EDGE_CURVE ( 'NONE', #2837, #4855, #2633, .T. ) ;
#1819 = CARTESIAN_POINT ( 'NONE',  ( 2.200000000000001500, 0.7475000000000001600, 1.747500000000000700 ) ) ;
#1820 = ORIENTED_EDGE ( 'NONE', *, *, #4655, .T. ) ;
#1821 = LINE ( 'NONE', #3810, #280 ) ;
#1822 = EDGE_LOOP ( 'NONE', ( #590, #4926, #6790, #3134 ) ) ;
#1823 = ADVANCED_FACE ( 'NONE', ( #3021 ), #3198, .F. ) ;
#1824 = AXIS2_PLACEMENT_3D ( 'NONE', #1258, #5902, #4752 ) ;
#1825 = VECTOR ( 'NONE', #2489, 1000.000000000000100 ) ;
#1826 = AXIS2_PLACEMENT_3D ( 'NONE', #691, #5924, #99 ) ;
#1827 = DIRECTION ( 'NONE',  ( -0.0000000000000000000, -1.000000000000000000, -0.0000000000000000000 ) ) ;
#1828 = CIRCLE ( 'NONE', #74, 0.1296982034251575000 ) ;
#1829 = ORIENTED_EDGE ( 'NONE', *, *, #3771, .F. ) ;
#1830 = EDGE_CURVE ( 'NONE', #1502, #1321, #3797, .T. ) ;
#1831 = VERTEX_POINT ( 'NONE', #755 ) ;
#1832 = AXIS2_PLACEMENT_3D ( 'NONE', #1990, #3894, #6229 ) ;
#1833 = CARTESIAN_POINT ( 'NONE',  ( 2.429015024641861100, 0.4728017965748428400, 1.502500000000000800 ) ) ;
#1834 = LINE ( 'NONE', #1333, #2760 ) ;
#1835 = VECTOR ( 'NONE', #452, 1000.000000000000000 ) ;
#1836 = ORIENTED_EDGE ( 'NONE', *, *, #4254, .T. ) ;
#1837 = MANIFOLD_SOLID_BREP ( 'Cut-Extrude1', #5694 ) ;
#1838 = CARTESIAN_POINT ( 'NONE',  ( -2.861477631149733200, 0.1683185773129357900, 2.397500000000000900 ) ) ;
#1839 = CARTESIAN_POINT ( 'NONE',  ( 2.851362942456835200, 0.02367179002526185300, -1.097499999999999000 ) ) ;
#1840 = ORIENTED_EDGE ( 'NONE', *, *, #2758, .T. ) ;
#1841 = PLANE ( 'NONE',  #328 ) ;
#1842 = AXIS2_PLACEMENT_3D ( 'NONE', #4120, #2971, #7133 ) ;
#1843 = LINE ( 'NONE', #4630, #6952 ) ;
#1844 = VERTEX_POINT ( 'NONE', #7339 ) ;
#1845 = CARTESIAN_POINT ( 'NONE',  ( 2.429015024641860700, 0.7474999999999991700, 0.4475000000000008400 ) ) ;
#1846 = CARTESIAN_POINT ( 'NONE',  ( -2.742797124186769700, 0.2751789857617048500, 2.397500000000000900 ) ) ;
#1847 = DIRECTION ( 'NONE',  ( -1.000000000000000000, 0.0000000000000000000, 0.0000000000000000000 ) ) ;
#1848 = VECTOR ( 'NONE', #1406, 1000.000000000000000 ) ;
#1849 = CARTESIAN_POINT ( 'NONE',  ( 2.870524920471619000, 0.2977008424331583100, 1.097500000000000800 ) ) ;
#1850 = AXIS2_PLACEMENT_3D ( 'NONE', #576, #2840, #5102 ) ;
#1851 = ORIENTED_EDGE ( 'NONE', *, *, #3350, .T. ) ;
#1852 = ORIENTED_EDGE ( 'NONE', *, *, #3860, .F. ) ;
#1853 = ADVANCED_FACE ( 'NONE', ( #1097 ), #1517, .F. ) ;
#1854 = SURFACE_SIDE_STYLE ('',( #1127 ) ) ;
#1855 = PLANE ( 'NONE',  #5031 ) ;
#1856 = CYLINDRICAL_SURFACE ( 'NONE', #2566, 0.1296982034251570600 ) ;
#1857 = DIRECTION ( 'NONE',  ( -0.0000000000000000000, -0.0000000000000000000, -1.000000000000000000 ) ) ;
#1858 = EDGE_LOOP ( 'NONE', ( #3389, #801, #6330, #6299 ) ) ;
#1859 = ORIENTED_EDGE ( 'NONE', *, *, #6371, .T. ) ;
#1860 = DIRECTION ( 'NONE',  ( -1.734723475976807800E-016, -0.0000000000000000000, -1.000000000000000000 ) ) ;
#1861 = VECTOR ( 'NONE', #3460, 1000.000000000000000 ) ;
#1862 = ADVANCED_FACE ( 'NONE', ( #2450 ), #1490, .F. ) ;
#1863 = PLANE ( 'NONE',  #2529 ) ;
#1864 = EDGE_CURVE ( 'NONE', #1492, #5703, #3278, .T. ) ;
#1865 = ORIENTED_EDGE ( 'NONE', *, *, #6846, .F. ) ;
#1866 = ORIENTED_EDGE ( 'NONE', *, *, #3704, .T. ) ;
#1867 = ORIENTED_EDGE ( 'NONE', *, *, #1160, .F. ) ;
#1868 = ORIENTED_EDGE ( 'NONE', *, *, #5929, .F. ) ;
#1869 = SURFACE_STYLE_FILL_AREA ( #330 ) ;
#1870 = PLANE ( 'NONE',  #3854 ) ;
#1871 = ORIENTED_EDGE ( 'NONE', *, *, #4395, .T. ) ;
#1872 = ORIENTED_EDGE ( 'NONE', *, *, #769, .F. ) ;
#1873 = CARTESIAN_POINT ( 'NONE',  ( 2.200000000000000600, 0.7475000000000001600, -1.502499999999999100 ) ) ;
#1874 = CARTESIAN_POINT ( 'NONE',  ( 2.556742820926710000, 0.4953236532462962400, 1.097500000000000800 ) ) ;
#1875 = DIRECTION ( 'NONE',  ( -0.0000000000000000000, -0.0000000000000000000, -1.000000000000000000 ) ) ;
#1876 = EDGE_CURVE ( 'NONE', #5507, #5840, #183, .T. ) ;
#1877 = EDGE_CURVE ( 'NONE', #3077, #2079, #3887, .T. ) ;
#1878 = VECTOR ( 'NONE', #6499, 999.9999999999998900 ) ;
#1879 = VERTEX_POINT ( 'NONE', #6237 ) ;
#1880 = ORIENTED_EDGE ( 'NONE', *, *, #7193, .F. ) ;
#1881 = DIRECTION ( 'NONE',  ( 0.1736481776669299100, -0.9848077530122081300, 0.0000000000000000000 ) ) ;
#1882 = CARTESIAN_POINT ( 'NONE',  ( 2.429015024641861100, 0.7474999999999991700, 1.747500000000000700 ) ) ;
#1883 = DIRECTION ( 'NONE',  ( -0.0000000000000000000, -0.0000000000000000000, -1.000000000000000000 ) ) ;
#1884 = AXIS2_PLACEMENT_3D ( 'NONE', #1013, #4432, #3892 ) ;
#1885 = COLOUR_RGB ( '',0.7921568627450980000, 0.8196078431372548800, 0.9333333333333333500 ) ;
#1886 = VERTEX_POINT ( 'NONE', #4444 ) ;
#1887 = ORIENTED_EDGE ( 'NONE', *, *, #5120, .T. ) ;
#1888 = CARTESIAN_POINT ( 'NONE',  ( 2.699539945113479600, 0.5205026390080010900, -0.8524999999999991500 ) ) ;
#1889 = LINE ( 'NONE', #410, #7184 ) ;
#1890 = ADVANCED_FACE ( 'NONE', ( #85 ), #436, .F. ) ;
#1891 = VERTEX_POINT ( 'NONE', #2098 ) ;
#1892 = AXIS2_PLACEMENT_3D ( 'NONE', #3082, #7165, #4859 ) ;
#1893 = DIRECTION ( 'NONE',  ( -0.1736481776669299100, 0.9848077530122081300, 0.0000000000000000000 ) ) ;
#1894 = DIRECTION ( 'NONE',  ( -0.0000000000000000000, -0.0000000000000000000, -1.000000000000000000 ) ) ;
#1895 = DIRECTION ( 'NONE',  ( -0.0000000000000000000, -0.0000000000000000000, -1.000000000000000000 ) ) ;
#1896 = VECTOR ( 'NONE', #4542, 1000.000000000000000 ) ;
#1897 = CARTESIAN_POINT ( 'NONE',  ( -2.861477631149733600, 0.1683185773129357900, 1.097500000000000800 ) ) ;
#1898 = LINE ( 'NONE', #5723, #1620 ) ;
#1899 = CARTESIAN_POINT ( 'NONE',  ( 2.699539945113479600, 0.5205026390080010900, -1.097499999999999000 ) ) ;
#1900 = FACE_OUTER_BOUND ( 'NONE', #5224, .T. ) ;
#1901 = DIRECTION ( 'NONE',  ( 1.000000000000000000, 0.0000000000000000000, -0.0000000000000000000 ) ) ;
#1902 = CARTESIAN_POINT ( 'NONE',  ( -2.699539945113480900, 0.5205026390080010900, -1.502499999999999100 ) ) ;
#1903 = ORIENTED_EDGE ( 'NONE', *, *, #1260, .T. ) ;
#1904 = SURFACE_STYLE_FILL_AREA ( #15 ) ;
#1905 = EDGE_CURVE ( 'NONE', #5511, #2972, #1187, .T. ) ;
#1906 = CIRCLE ( 'NONE', #2004, 0.1296982034251570600 ) ;
#1907 = DIRECTION ( 'NONE',  ( -0.0000000000000000000, -0.0000000000000000000, -1.000000000000000000 ) ) ;
#1908 = CARTESIAN_POINT ( 'NONE',  ( -2.600000000000000500, 0.2500000000000001100, -0.2024999999999991300 ) ) ;
#1909 = PRESENTATION_STYLE_ASSIGNMENT (( #4626 ) ) ;
#1910 = AXIS2_PLACEMENT_3D ( 'NONE', #6172, #2083, #7357 ) ;
#1911 = VECTOR ( 'NONE', #3109, 1000.000000000000000 ) ;
#1912 = ORIENTED_EDGE ( 'NONE', *, *, #6759, .T. ) ;
#1913 = EDGE_CURVE ( 'NONE', #2225, #5956, #5633, .T. ) ;
#1914 = EDGE_CURVE ( 'NONE', #6231, #1147, #264, .T. ) ;
#1915 = EDGE_CURVE ( 'NONE', #6231, #2436, #1898, .T. ) ;
#1916 = VECTOR ( 'NONE', #1644, 1000.000000000000000 ) ;
#1917 = CARTESIAN_POINT ( 'NONE',  ( -3.200000000000001100, 0.1446467872876738600, 0.4475000000000008400 ) ) ;
#1918 = DIRECTION ( 'NONE',  ( -1.000000000000000000, 0.0000000000000000000, 0.0000000000000000000 ) ) ;
#1919 = DIRECTION ( 'NONE',  ( 0.9975640502598247500, -0.06975647374411804400, 0.0000000000000000000 ) ) ;
#1920 = LINE ( 'NONE', #730, #4105 ) ;
#1921 = ORIENTED_EDGE ( 'NONE', *, *, #4703, .F. ) ;
#1922 = ORIENTED_EDGE ( 'NONE', *, *, #1662, .T. ) ;
#1923 = AXIS2_PLACEMENT_3D ( 'NONE', #5304, #6386, #1749 ) ;
#1924 = VECTOR ( 'NONE', #351, 1000.000000000000000 ) ;
#1925 = AXIS2_PLACEMENT_3D ( 'NONE', #5446, #3699, #904 ) ;
#1926 = LINE ( 'NONE', #1899, #3215 ) ;
#1927 = DIRECTION ( 'NONE',  ( -0.0000000000000000000, -0.0000000000000000000, -1.000000000000000000 ) ) ;
#1928 = LINE ( 'NONE', #6999, #7224 ) ;
#1929 = VERTEX_POINT ( 'NONE', #7517 ) ;
#1930 = ORIENTED_EDGE ( 'NONE', *, *, #4070, .F. ) ;
#1931 = VECTOR ( 'NONE', #786, 1000.000000000000000 ) ;
#1932 = PLANE ( 'NONE',  #5216 ) ;
#1933 = ADVANCED_FACE ( 'NONE', ( #4904 ), #4577, .F. ) ;
#1934 = ORIENTED_EDGE ( 'NONE', *, *, #906, .F. ) ;
#1935 = VERTEX_POINT ( 'NONE', #7100 ) ;
#1936 = DIRECTION ( 'NONE',  ( 1.000000000000000000, 0.0000000000000000000, 0.0000000000000000000 ) ) ;
#1937 = AXIS2_PLACEMENT_3D ( 'NONE', #4282, #3786, #253 ) ;
#1938 = CARTESIAN_POINT ( 'NONE',  ( 3.199999999999999700, 0.1446467872876735000, 0.4475000000000008400 ) ) ;
#1939 = VECTOR ( 'NONE', #4054, 1000.000000000000100 ) ;
#1940 = ORIENTED_EDGE ( 'NONE', *, *, #4798, .F. ) ;
#1941 = ORIENTED_EDGE ( 'NONE', *, *, #1581, .T. ) ;
#1942 = ORIENTED_EDGE ( 'NONE', *, *, #4787, .F. ) ;
#1943 = CARTESIAN_POINT ( 'NONE',  ( 2.699539945113479600, 0.5205026390080010900, 0.4475000000000008400 ) ) ;
#1944 = CARTESIAN_POINT ( 'NONE',  ( 3.189885311307102600, -3.382275553165428400E-020, -2.152499999999999400 ) ) ;
#1945 = SURFACE_SIDE_STYLE ('',( #5590 ) ) ;
#1946 = CARTESIAN_POINT ( 'NONE',  ( -2.600000000000000500, 0.2500000000000001100, 2.397500000000000900 ) ) ;
#1947 = EDGE_LOOP ( 'NONE', ( #3414, #4203, #1080, #4242 ) ) ;
#1948 = ORIENTED_EDGE ( 'NONE', *, *, #2367, .T. ) ;
#1949 = ORIENTED_EDGE ( 'NONE', *, *, #3015, .T. ) ;
#1950 = ORIENTED_EDGE ( 'NONE', *, *, #5482, .T. ) ;
#1951 = EDGE_CURVE ( 'NONE', #5894, #6977, #2722, .T. ) ;
#1952 = ORIENTED_EDGE ( 'NONE', *, *, #3683, .T. ) ;
#1953 = CARTESIAN_POINT ( 'NONE',  ( -3.200000000000001500, 0.1446467872876738600, -1.502499999999999100 ) ) ;
#1954 = DIRECTION ( 'NONE',  ( -1.000000000000000000, 0.0000000000000000000, 0.0000000000000000000 ) ) ;
#1955 = DIRECTION ( 'NONE',  ( -0.9848077530122081300, 0.1736481776669299100, 0.0000000000000000000 ) ) ;
#1956 = CIRCLE ( 'NONE', #6370, 0.1296982034251575000 ) ;
#1957 = CARTESIAN_POINT ( 'NONE',  ( 2.429015024641861100, 0.4728017965748428400, 1.502500000000000800 ) ) ;
#1958 = ORIENTED_EDGE ( 'NONE', *, *, #2112, .T. ) ;
#1959 = ORIENTED_EDGE ( 'NONE', *, *, #6567, .F. ) ;
#1960 = EDGE_LOOP ( 'NONE', ( #7340, #2596, #6141, #1903 ) ) ;
#1961 = DIRECTION ( 'NONE',  ( 0.1736481776669299100, 0.9848077530122081300, -0.0000000000000000000 ) ) ;
#1962 = EDGE_CURVE ( 'NONE', #3171, #4600, #4538, .T. ) ;
#1963 = LINE ( 'NONE', #2949, #4793 ) ;
#1964 = EDGE_CURVE ( 'NONE', #5798, #3563, #3013, .T. ) ;
#1965 = ORIENTED_EDGE ( 'NONE', *, *, #4922, .F. ) ;
#1966 = DIRECTION ( 'NONE',  ( 0.0000000000000000000, 1.000000000000000000, 0.0000000000000000000 ) ) ;
#1967 = CARTESIAN_POINT ( 'NONE',  ( 2.861477631149732700, 0.1683185773129356700, 0.4475000000000008400 ) ) ;
#1968 = CARTESIAN_POINT ( 'NONE',  ( -2.200000000000002400, 0.6025000000000000400, -2.152499999999999400 ) ) ;
#1969 = LINE ( 'NONE', #2704, #7178 ) ;
#1970 = CARTESIAN_POINT ( 'NONE',  ( 3.199999999999999700, 0.1446467872876735000, -0.8524999999999991500 ) ) ;
#1971 = ORIENTED_EDGE ( 'NONE', *, *, #5013, .F. ) ;
#1972 = DIRECTION ( 'NONE',  ( 0.0000000000000000000, 0.0000000000000000000, -1.000000000000000000 ) ) ;
#1973 = PLANE ( 'NONE',  #1832 ) ;
#1974 = EDGE_CURVE ( 'NONE', #4340, #116, #2261, .T. ) ;
#1975 = EDGE_CURVE ( 'NONE', #4377, #2114, #446, .T. ) ;
#1976 = ADVANCED_FACE ( 'NONE', ( #5160 ), #735, .F. ) ;
#1977 = CIRCLE ( 'NONE', #7284, 0.2746982034251567700 ) ;
#1978 = DIRECTION ( 'NONE',  ( -0.0000000000000000000, -0.0000000000000000000, -1.000000000000000000 ) ) ;
#1979 = ORIENTED_EDGE ( 'NONE', *, *, #3796, .T. ) ;
#1980 = CARTESIAN_POINT ( 'NONE',  ( -2.600000000000001000, 0.2500000000000001100, -1.502499999999999100 ) ) ;
#1981 = DIRECTION ( 'NONE',  ( 4.734196693780292900E-016, 1.000000000000000000, -0.0000000000000000000 ) ) ;
#1982 = CIRCLE ( 'NONE', #3400, 0.2746982034251563800 ) ;
#1983 = DIRECTION ( 'NONE',  ( 0.0000000000000000000, -1.000000000000000000, 0.0000000000000000000 ) ) ;
#1984 = VECTOR ( 'NONE', #4424, 1000.000000000000000 ) ;
#1985 = ORIENTED_EDGE ( 'NONE', *, *, #2523, .F. ) ;
#1986 = AXIS2_PLACEMENT_3D ( 'NONE', #3450, #2818, #470 ) ;
#1987 = CARTESIAN_POINT ( 'NONE',  ( 2.429015024641861100, 0.4728017965748428400, 2.152500000000000700 ) ) ;
#1988 = CARTESIAN_POINT ( 'NONE',  ( 2.851362942456835600, 0.02367179002526185300, 2.152500000000000700 ) ) ;
#1989 = DIRECTION ( 'NONE',  ( 0.1736481776669299100, 0.9848077530122081300, -0.0000000000000000000 ) ) ;
#1990 = CARTESIAN_POINT ( 'NONE',  ( -2.556742820926710500, 0.4953236532462962400, 1.747500000000000700 ) ) ;
#1991 = VECTOR ( 'NONE', #8, 1000.000000000000100 ) ;
#1992 = FACE_OUTER_BOUND ( 'NONE', #148, .T. ) ;
#1993 = FACE_OUTER_BOUND ( 'NONE', #4952, .T. ) ;
#1994 = VERTEX_POINT ( 'NONE', #3264 ) ;
#1995 = CARTESIAN_POINT ( 'NONE',  ( 2.851362942456835200, 0.02367179002526185300, -0.8524999999999991500 ) ) ;
#1996 = EDGE_CURVE ( 'NONE', #6830, #1879, #7191, .T. ) ;
#1997 = LINE ( 'NONE', #4064, #197 ) ;
#1998 = VERTEX_POINT ( 'NONE', #7257 ) ;
#1999 = LINE ( 'NONE', #6940, #1292 ) ;
#2000 = ORIENTED_EDGE ( 'NONE', *, *, #6811, .T. ) ;
#2001 = ORIENTED_EDGE ( 'NONE', *, *, #1379, .F. ) ;
#2002 = ADVANCED_FACE ( 'NONE', ( #5259 ), #6678, .T. ) ;
#2003 = CARTESIAN_POINT ( 'NONE',  ( 2.200000000000001500, 0.7475000000000001600, 2.152500000000000700 ) ) ;
#2004 = AXIS2_PLACEMENT_3D ( 'NONE', #6841, #3359, #1047 ) ;
#2005 = CIRCLE ( 'NONE', #829, 0.1296982034251570600 ) ;
#2006 = LINE ( 'NONE', #1593, #29 ) ;
#2007 = ORIENTED_EDGE ( 'NONE', *, *, #5973, .F. ) ;
#2008 = EDGE_CURVE ( 'NONE', #6061, #3511, #824, .T. ) ;
#2009 = VERTEX_POINT ( 'NONE', #6656 ) ;
#2010 = EDGE_CURVE ( 'NONE', #2684, #7311, #6639, .T. ) ;
#2011 = DIRECTION ( 'NONE',  ( 1.000000000000000000, -4.260777024402263800E-015, 0.0000000000000000000 ) ) ;
#2012 = CARTESIAN_POINT ( 'NONE',  ( -2.861477631149733600, 0.1683185773129357300, -0.2024999999999991300 ) ) ;
#2013 = FACE_OUTER_BOUND ( 'NONE', #421, .T. ) ;
#2014 = ORIENTED_EDGE ( 'NONE', *, *, #2411, .F. ) ;
#2015 = DIRECTION ( 'NONE',  ( -0.06975647374411923800, -0.9975640502598246400, 0.0000000000000000000 ) ) ;
#2016 = VECTOR ( 'NONE', #2460, 1000.000000000000000 ) ;
#2017 = EDGE_LOOP ( 'NONE', ( #3426, #5419, #5526, #7243 ) ) ;
#2018 = STYLED_ITEM ( 'NONE', ( #4119 ), #5428 ) ;
#2019 = FACE_OUTER_BOUND ( 'NONE', #5409, .T. ) ;
#2020 = DIRECTION ( 'NONE',  ( 0.0000000000000000000, 1.000000000000000000, 0.0000000000000000000 ) ) ;
#2021 = DIRECTION ( 'NONE',  ( 0.0000000000000000000, 0.0000000000000000000, 1.000000000000000000 ) ) ;
#2022 = ORIENTED_EDGE ( 'NONE', *, *, #4497, .F. ) ;
#2023 = ORIENTED_EDGE ( 'NONE', *, *, #4971, .F. ) ;
#2024 = VERTEX_POINT ( 'NONE', #368 ) ;
#2025 = VECTOR ( 'NONE', #1044, 1000.000000000000000 ) ;
#2026 = CARTESIAN_POINT ( 'NONE',  ( 2.851362942456834700, 0.02367179002526185300, -2.152499999999999400 ) ) ;
#2027 = CARTESIAN_POINT ( 'NONE',  ( -2.699539945113480500, 0.5205026390080010900, 0.8525000000000008100 ) ) ;
#2028 = ORIENTED_EDGE ( 'NONE', *, *, #6451, .F. ) ;
#2029 = AXIS2_PLACEMENT_3D ( 'NONE', #881, #251, #5470 ) ;
#2030 = ORIENTED_EDGE ( 'NONE', *, *, #1392, .T. ) ;
#2031 = ORIENTED_EDGE ( 'NONE', *, *, #7384, .F. ) ;
#2032 = DIRECTION ( 'NONE',  ( -0.0000000000000000000, -0.0000000000000000000, -1.000000000000000000 ) ) ;
#2033 = VECTOR ( 'NONE', #7414, 1000.000000000000000 ) ;
#2034 = DIRECTION ( 'NONE',  ( -0.0000000000000000000, -0.0000000000000000000, -1.000000000000000000 ) ) ;
#2035 = VERTEX_POINT ( 'NONE', #4942 ) ;
#2036 = ORIENTED_EDGE ( 'NONE', *, *, #5120, .F. ) ;
#2037 = CARTESIAN_POINT ( 'NONE',  ( -2.556742820926710900, 0.4953236532462962400, 0.8525000000000008100 ) ) ;
#2038 = ORIENTED_EDGE ( 'NONE', *, *, #5111, .T. ) ;
#2039 = CARTESIAN_POINT ( 'NONE',  ( -2.200000000000002000, 0.6025000000000000400, 1.097500000000000800 ) ) ;
#2040 = ORIENTED_EDGE ( 'NONE', *, *, #5413, .T. ) ;
#2041 = ORIENTED_EDGE ( 'NONE', *, *, #6846, .T. ) ;
#2042 = ADVANCED_FACE ( 'NONE', ( #4085 ), #1456, .F. ) ;
#2043 = EDGE_CURVE ( 'NONE', #5254, #3245, #7009, .T. ) ;
#2044 = VERTEX_POINT ( 'NONE', #7048 ) ;
#2045 = ORIENTED_EDGE ( 'NONE', *, *, #3206, .T. ) ;
#2046 = DIRECTION ( 'NONE',  ( 1.000000000000000000, -0.0000000000000000000, -1.971276677246372000E-016 ) ) ;
#2047 =( NAMED_UNIT ( * ) SI_UNIT ( $, .STERADIAN. ) SOLID_ANGLE_UNIT ( ) );
#2048 = CARTESIAN_POINT ( 'NONE',  ( -2.861477631149733600, 0.1683185773129357300, 1.097500000000000800 ) ) ;
#2049 = DIRECTION ( 'NONE',  ( -0.0000000000000000000, -0.0000000000000000000, -1.000000000000000000 ) ) ;
#2050 = VECTOR ( 'NONE', #4042, 1000.000000000000000 ) ;
#2051 = AXIS2_PLACEMENT_3D ( 'NONE', #1065, #7530, #5809 ) ;
#2052 = ORIENTED_EDGE ( 'NONE', *, *, #1975, .T. ) ;
#2053 = ORIENTED_EDGE ( 'NONE', *, *, #4655, .F. ) ;
#2054 = DIRECTION ( 'NONE',  ( -0.1736481776669299100, -0.9848077530122081300, 0.0000000000000000000 ) ) ;
#2055 = EDGE_CURVE ( 'NONE', #3506, #6376, #5438, .T. ) ;
#2056 = DIRECTION ( 'NONE',  ( -1.000000000000000000, 0.0000000000000000000, 0.0000000000000000000 ) ) ;
#2057 = EDGE_CURVE ( 'NONE', #5490, #6894, #5066, .T. ) ;
#2058 = CIRCLE ( 'NONE', #6752, 0.2746982034251567700 ) ;
#2059 = ORIENTED_EDGE ( 'NONE', *, *, #314, .T. ) ;
#2060 = AXIS2_PLACEMENT_3D ( 'NONE', #4071, #2947, #7008 ) ;
#2061 = DIRECTION ( 'NONE',  ( -0.0000000000000000000, -0.0000000000000000000, -1.000000000000000000 ) ) ;
#2062 = DIRECTION ( 'NONE',  ( 0.06975647374411954300, -0.9975640502598246400, 0.0000000000000000000 ) ) ;
#2063 = AXIS2_PLACEMENT_3D ( 'NONE', #5065, #1099, #3901 ) ;
#2064 = DIRECTION ( 'NONE',  ( -1.000000000000000000, 4.260777024402263800E-015, -0.0000000000000000000 ) ) ;
#2065 = VECTOR ( 'NONE', #3289, 999.9999999999998900 ) ;
#2066 = EDGE_CURVE ( 'NONE', #4371, #1076, #6365, .T. ) ;
#2067 = EDGE_LOOP ( 'NONE', ( #7073, #6244, #3094, #1403 ) ) ;
#2068 = AXIS2_PLACEMENT_3D ( 'NONE', #5927, #5903, #667 ) ;
#2069 = DIRECTION ( 'NONE',  ( -0.0000000000000000000, -0.0000000000000000000, -1.000000000000000000 ) ) ;
#2070 = VECTOR ( 'NONE', #1094, 1000.000000000000000 ) ;
#2071 = VECTOR ( 'NONE', #4336, 1000.000000000000100 ) ;
#2072 = DIRECTION ( 'NONE',  ( 0.0000000000000000000, 0.0000000000000000000, 1.000000000000000000 ) ) ;
#2073 = CARTESIAN_POINT ( 'NONE',  ( -2.200000000000002000, 0.7475000000000001600, -0.8524999999999991500 ) ) ;
#2074 = DIRECTION ( 'NONE',  ( -0.0000000000000000000, -0.0000000000000000000, -1.000000000000000000 ) ) ;
#2075 = FACE_OUTER_BOUND ( 'NONE', #6134, .T. ) ;
#2076 = ADVANCED_FACE ( 'NONE', ( #1362 ), #1196, .T. ) ;
#2077 = DIRECTION ( 'NONE',  ( 1.000000000000000000, 0.0000000000000000000, 0.0000000000000000000 ) ) ;
#2078 = CARTESIAN_POINT ( 'NONE',  ( -2.699539945113480500, 0.5205026390080010900, -0.8524999999999991500 ) ) ;
#2079 = VERTEX_POINT ( 'NONE', #6970 ) ;
#2080 = LINE ( 'NONE', #1432, #7390 ) ;
#2081 = DIRECTION ( 'NONE',  ( -0.9975640502598247500, 0.06975647374411804400, 0.0000000000000000000 ) ) ;
#2082 = VECTOR ( 'NONE', #3170, 1000.000000000000100 ) ;
#2083 = DIRECTION ( 'NONE',  ( -0.0000000000000000000, -0.0000000000000000000, -1.000000000000000000 ) ) ;
#2084 = CARTESIAN_POINT ( 'NONE',  ( -3.200000000000001500, 0.1446467872876738600, -1.502499999999999100 ) ) ;
#2085 = EDGE_CURVE ( 'NONE', #6627, #2503, #6720, .T. ) ;
#2086 = LINE ( 'NONE', #199, #4989 ) ;
#2087 = LINE ( 'NONE', #14, #1545 ) ;
#2088 = PLANE ( 'NONE',  #2875 ) ;
#2089 = VERTEX_POINT ( 'NONE', #2350 ) ;
#2090 = EDGE_LOOP ( 'NONE', ( #6961, #3303, #3852, #1209 ) ) ;
#2091 = CIRCLE ( 'NONE', #4418, 0.2746982034251563800 ) ;
#2092 = EDGE_CURVE ( 'NONE', #386, #2281, #3634, .T. ) ;
#2093 =( NAMED_UNIT ( * ) PLANE_ANGLE_UNIT ( ) SI_UNIT ( $, .RADIAN. ) );
#2094 = DIRECTION ( 'NONE',  ( -0.0000000000000000000, -0.0000000000000000000, -1.000000000000000000 ) ) ;
#2095 = EDGE_LOOP ( 'NONE', ( #1658, #1766, #5968, #1648 ) ) ;
#2096 = DIRECTION ( 'NONE',  ( -0.0000000000000000000, -0.0000000000000000000, -1.000000000000000000 ) ) ;
#2097 = EDGE_LOOP ( 'NONE', ( #711, #3229, #256, #3320 ) ) ;
#2098 = CARTESIAN_POINT ( 'NONE',  ( 2.699539945113480100, 0.5205026390080010900, 1.747500000000000700 ) ) ;
#2099 = EDGE_CURVE ( 'NONE', #7259, #926, #6823, .T. ) ;
#2100 = PRESENTATION_STYLE_ASSIGNMENT (( #5671 ) ) ;
#2101 = EDGE_CURVE ( 'NONE', #6977, #597, #3709, .T. ) ;
#2102 = PLANE ( 'NONE',  #5980 ) ;
#2103 = VECTOR ( 'NONE', #2998, 1000.000000000000000 ) ;
#2104 = MANIFOLD_SOLID_BREP ( 'LPattern1[13]', #6533 ) ;
#2105 = LINE ( 'NONE', #7380, #6115 ) ;
#2106 = ORIENTED_EDGE ( 'NONE', *, *, #5422, .F. ) ;
#2107 = DIRECTION ( 'NONE',  ( -0.9975640502598247500, -0.06975647374411804400, 0.0000000000000000000 ) ) ;
#2108 = AXIS2_PLACEMENT_3D ( 'NONE', #352, #6712, #7312 ) ;
#2109 = CARTESIAN_POINT ( 'NONE',  ( -2.861477631149734100, 0.1683185773129357900, -1.502499999999999100 ) ) ;
#2110 = CARTESIAN_POINT ( 'NONE',  ( -2.429015024641861600, 0.6024999999999999200, -1.097499999999999000 ) ) ;
#2111 = LINE ( 'NONE', #6138, #1848 ) ;
#2112 = EDGE_CURVE ( 'NONE', #2280, #4397, #6214, .T. ) ;
#2113 = EDGE_CURVE ( 'NONE', #6268, #6130, #1023, .T. ) ;
#2114 = VERTEX_POINT ( 'NONE', #4743 ) ;
#2115 = ORIENTED_EDGE ( 'NONE', *, *, #2816, .T. ) ;
#2116 = CARTESIAN_POINT ( 'NONE',  ( 2.429015024641860300, 0.4728017965748428400, -1.747499999999999200 ) ) ;
#2117 = CARTESIAN_POINT ( 'NONE',  ( 2.870524920471619000, 0.2977008424331583100, -0.8524999999999991500 ) ) ;
#2118 = DIRECTION ( 'NONE',  ( -0.0000000000000000000, 1.000000000000000000, -0.0000000000000000000 ) ) ;
#2119 = CARTESIAN_POINT ( 'NONE',  ( -2.200000000000001500, 0.7475000000000001600, 1.747500000000000700 ) ) ;
#2120 = CARTESIAN_POINT ( 'NONE',  ( -2.429015024641862000, 0.4728017965748428400, -2.152499999999999400 ) ) ;
#2121 = CARTESIAN_POINT ( 'NONE',  ( -2.699539945113480500, 0.5205026390080010900, 0.8525000000000008100 ) ) ;
#2122 = LINE ( 'NONE', #92, #7420 ) ;
#2123 = ADVANCED_FACE ( 'NONE', ( #201 ), #7144, .F. ) ;
#2124 = ORIENTED_EDGE ( 'NONE', *, *, #4797, .F. ) ;
#2125 = ORIENTED_EDGE ( 'NONE', *, *, #1629, .T. ) ;
#2126 = AXIS2_PLACEMENT_3D ( 'NONE', #5626, #1522, #6186 ) ;
#2127 = PLANE ( 'NONE',  #6537 ) ;
#2128 = DIRECTION ( 'NONE',  ( 0.2505628070857320300, -0.9351131265310291800, -0.2505628070857322000 ) ) ;
#2129 = CARTESIAN_POINT ( 'NONE',  ( -2.200000000000002000, 0.7475000000000001600, -0.2024999999999991300 ) ) ;
#2130 = ORIENTED_EDGE ( 'NONE', *, *, #1767, .F. ) ;
#2131 = VERTEX_POINT ( 'NONE', #7116 ) ;
#2132 = ORIENTED_EDGE ( 'NONE', *, *, #945, .T. ) ;
#2133 = ORIENTED_EDGE ( 'NONE', *, *, #5634, .T. ) ;
#2134 = VERTEX_POINT ( 'NONE', #3010 ) ;
#2135 = DIRECTION ( 'NONE',  ( -1.000000000000000000, 0.0000000000000000000, 0.0000000000000000000 ) ) ;
#2136 = MANIFOLD_SOLID_BREP ( 'LPattern1[12]', #1051 ) ;
#2137 = CARTESIAN_POINT ( 'NONE',  ( -1.570720790471951100, 1.099999999999999200, -1.596785749842945600 ) ) ;
#2138 = AXIS2_PLACEMENT_3D ( 'NONE', #1089, #4636, #3498 ) ;
#2139 = ORIENTED_EDGE ( 'NONE', *, *, #4217, .F. ) ;
#2140 = EDGE_LOOP ( 'NONE', ( #2230, #5866, #2422, #6584 ) ) ;
#2141 = CARTESIAN_POINT ( 'NONE',  ( 2.200000000000000600, 0.7475000000000001600, -1.747499999999999200 ) ) ;
#2142 = ORIENTED_EDGE ( 'NONE', *, *, #7104, .T. ) ;
#2143 = DIRECTION ( 'NONE',  ( -0.9848077530122081300, 0.1736481776669299100, 0.0000000000000000000 ) ) ;
#2144 = CARTESIAN_POINT ( 'NONE',  ( 2.200000000000001500, 0.7475000000000001600, 2.397500000000000900 ) ) ;
#2145 = VECTOR ( 'NONE', #1165, 1000.000000000000000 ) ;
#2146 = ORIENTED_EDGE ( 'NONE', *, *, #507, .F. ) ;
#2147 = DIRECTION ( 'NONE',  ( -0.0000000000000000000, -0.0000000000000000000, -1.000000000000000000 ) ) ;
#2148 = CARTESIAN_POINT ( 'NONE',  ( -2.200000000000002000, 0.7475000000000001600, 0.4475000000000008400 ) ) ;
#2149 = EDGE_CURVE ( 'NONE', #660, #1772, #4728, .T. ) ;
#2150 = VECTOR ( 'NONE', #7471, 1000.000000000000000 ) ;
#2151 = CARTESIAN_POINT ( 'NONE',  ( -2.199999999999998800, 0.6025000000000000400, 2.500000000000000000 ) ) ;
#2152 = ORIENTED_EDGE ( 'NONE', *, *, #5928, .F. ) ;
#2153 = DIRECTION ( 'NONE',  ( 0.06975647374411675400, 0.9975640502598248600, -0.0000000000000000000 ) ) ;
#2154 = DIRECTION ( 'NONE',  ( 4.734196693780292900E-016, 1.000000000000000000, -0.0000000000000000000 ) ) ;
#2155 = DIRECTION ( 'NONE',  ( 0.06975647374411675400, 0.9975640502598248600, -0.0000000000000000000 ) ) ;
#2156 = VECTOR ( 'NONE', #4356, 1000.000000000000000 ) ;
#2157 = ORIENTED_EDGE ( 'NONE', *, *, #1343, .T. ) ;
#2158 = ADVANCED_FACE ( 'NONE', ( #1280 ), #6482, .F. ) ;
#2159 = CARTESIAN_POINT ( 'NONE',  ( -2.742797124186770100, 0.2751789857617048500, 1.097500000000000800 ) ) ;
#2160 = EDGE_CURVE ( 'NONE', #2114, #5410, #6464, .T. ) ;
#2161 = DIRECTION ( 'NONE',  ( 0.9975640502598247500, 0.06975647374411821100, 0.0000000000000000000 ) ) ;
#2162 = EDGE_CURVE ( 'NONE', #7498, #1494, #826, .T. ) ;
#2163 = CARTESIAN_POINT ( 'NONE',  ( -2.861477631149733600, 0.1683185773129357900, -0.4474999999999991200 ) ) ;
#2164 = ORIENTED_EDGE ( 'NONE', *, *, #2523, .T. ) ;
#2165 = DIRECTION ( 'NONE',  ( -0.9975640502598247500, -0.06975647374411804400, 0.0000000000000000000 ) ) ;
#2166 = DIRECTION ( 'NONE',  ( -0.0000000000000000000, -0.0000000000000000000, -1.000000000000000000 ) ) ;
#2167 = LINE ( 'NONE', #5235, #637 ) ;
#2168 = PRESENTATION_STYLE_ASSIGNMENT (( #149 ) ) ;
#2169 = CARTESIAN_POINT ( 'NONE',  ( 3.200000000000000200, 0.1446467872876735000, 2.152500000000000700 ) ) ;
#2170 = CARTESIAN_POINT ( 'NONE',  ( 3.199999999999999700, 0.1446467872876735000, 0.2025000000000008500 ) ) ;
#2171 = DIRECTION ( 'NONE',  ( -1.000000000000000000, -3.787357355024234400E-015, 0.0000000000000000000 ) ) ;
#2172 = AXIS2_PLACEMENT_3D ( 'NONE', #2457, #6543, #3018 ) ;
#2173 = CARTESIAN_POINT ( 'NONE',  ( -2.429015024641861600, 0.4728017965748428400, 0.8525000000000008100 ) ) ;
#2174 = DIRECTION ( 'NONE',  ( 0.1736481776669299100, 0.9848077530122081300, 0.0000000000000000000 ) ) ;
#2175 = FACE_OUTER_BOUND ( 'NONE', #4778, .T. ) ;
#2176 = EDGE_LOOP ( 'NONE', ( #5136, #2976, #218, #3758 ) ) ;
#2177 = VECTOR ( 'NONE', #2881, 1000.000000000000000 ) ;
#2178 = DIRECTION ( 'NONE',  ( 0.9975640502598247500, -0.06975647374411804400, 0.0000000000000000000 ) ) ;
#2179 = DIRECTION ( 'NONE',  ( -0.0000000000000000000, -0.0000000000000000000, -1.000000000000000000 ) ) ;
#2180 =( NAMED_UNIT ( * ) PLANE_ANGLE_UNIT ( ) SI_UNIT ( $, .RADIAN. ) );
#2181 = FACE_OUTER_BOUND ( 'NONE', #6357, .T. ) ;
#2182 = AXIS2_PLACEMENT_3D ( 'NONE', #7228, #5477, #319 ) ;
#2183 = LINE ( 'NONE', #883, #1285 ) ;
#2184 = FACE_OUTER_BOUND ( 'NONE', #6704, .T. ) ;
#2185 = EDGE_LOOP ( 'NONE', ( #6335, #1700, #1769, #4528, #1488, #1771, #3079, #5546, #1459, #6880, #6969, #1275 ) ) ;
#2186 = DIRECTION ( 'NONE',  ( -4.734196693780292900E-016, 1.000000000000000000, 0.0000000000000000000 ) ) ;
#2187 = CARTESIAN_POINT ( 'NONE',  ( -3.189885311307104000, -3.382275553165428400E-020, -0.4474999999999991200 ) ) ;
#2188 = DIRECTION ( 'NONE',  ( -0.9975640502598247500, 0.06975647374411925200, -0.0000000000000000000 ) ) ;
#2189 = LINE ( 'NONE', #622, #5743 ) ;
#2190 = CARTESIAN_POINT ( 'NONE',  ( 2.556742820926710000, 0.4953236532462962400, 0.4475000000000008400 ) ) ;
#2191 = CIRCLE ( 'NONE', #2325, 0.2746982034251563800 ) ;
#2192 = EDGE_LOOP ( 'NONE', ( #4974, #7352, #3778, #1949 ) ) ;
#2193 = DIRECTION ( 'NONE',  ( -0.0000000000000000000, 0.0000000000000000000, -1.000000000000000000 ) ) ;
#2194 = CARTESIAN_POINT ( 'NONE',  ( -2.870524920471619400, 0.2977008424331583100, -1.097499999999999000 ) ) ;
#2195 = CARTESIAN_POINT ( 'NONE',  ( 2.200000000000001100, 0.6025000000000000400, -0.4474999999999991200 ) ) ;
#2196 = DIRECTION ( 'NONE',  ( -0.0000000000000000000, -0.0000000000000000000, -1.000000000000000000 ) ) ;
#2197 = EDGE_CURVE ( 'NONE', #7504, #6426, #1001, .T. ) ;
#2198 = CARTESIAN_POINT ( 'NONE',  ( -2.600000000000001000, 0.2500000000000001100, -2.152499999999999400 ) ) ;
#2199 = LINE ( 'NONE', #1583, #4923 ) ;
#2200 = ADVANCED_FACE ( 'NONE', ( #2175 ), #1385, .F. ) ;
#2201 = FACE_OUTER_BOUND ( 'NONE', #3435, .T. ) ;
#2202 = VERTEX_POINT ( 'NONE', #5327 ) ;
#2203 = ORIENTED_EDGE ( 'NONE', *, *, #423, .F. ) ;
#2204 = AXIS2_PLACEMENT_3D ( 'NONE', #6642, #4881, #5456 ) ;
#2205 = CARTESIAN_POINT ( 'NONE',  ( 3.199999999999999700, 0.1446467872876735000, -0.2024999999999991300 ) ) ;
#2206 = DIRECTION ( 'NONE',  ( 1.000000000000000000, -4.260777024402263800E-015, 0.0000000000000000000 ) ) ;
#2207 = CIRCLE ( 'NONE', #1308, 0.2746982034251563800 ) ;
#2208 = EDGE_CURVE ( 'NONE', #6627, #2780, #1095, .T. ) ;
#2209 = ORIENTED_EDGE ( 'NONE', *, *, #2057, .F. ) ;
#2210 = EDGE_CURVE ( 'NONE', #7333, #512, #5824, .T. ) ;
#2211 = LINE ( 'NONE', #897, #3940 ) ;
#2212 = VERTEX_POINT ( 'NONE', #5541 ) ;
#2213 = VERTEX_POINT ( 'NONE', #5571 ) ;
#2214 = DIRECTION ( 'NONE',  ( -0.0000000000000000000, -0.0000000000000000000, -1.000000000000000000 ) ) ;
#2215 = CARTESIAN_POINT ( 'NONE',  ( 2.429015024641860300, 0.7474999999999991700, -1.502499999999999100 ) ) ;
#2216 = CARTESIAN_POINT ( 'NONE',  ( -2.870524920471619900, 0.2977008424331583100, -1.502499999999999100 ) ) ;
#2217 = EDGE_CURVE ( 'NONE', #4880, #6501, #2543, .T. ) ;
#2218 = FACE_OUTER_BOUND ( 'NONE', #6384, .T. ) ;
#2219 = CARTESIAN_POINT ( 'NONE',  ( 2.429015024641860700, 0.4728017965748428400, 1.097500000000000800 ) ) ;
#2220 = PLANE ( 'NONE',  #6852 ) ;
#2221 = ORIENTED_EDGE ( 'NONE', *, *, #6504, .T. ) ;
#2222 = ORIENTED_EDGE ( 'NONE', *, *, #2557, .F. ) ;
#2223 = CARTESIAN_POINT ( 'NONE',  ( -2.200000000000002000, 0.7475000000000001600, 1.097500000000000800 ) ) ;
#2224 = ORIENTED_EDGE ( 'NONE', *, *, #650, .T. ) ;
#2225 = VERTEX_POINT ( 'NONE', #952 ) ;
#2226 = CIRCLE ( 'NONE', #1826, 0.1296982034251575000 ) ;
#2227 = VERTEX_POINT ( 'NONE', #2728 ) ;
#2228 = EDGE_LOOP ( 'NONE', ( #6248, #3490, #6125, #1162 ) ) ;
#2229 = PRESENTATION_LAYER_ASSIGNMENT (  '', '', ( #6434 ) ) ;
#2230 = ORIENTED_EDGE ( 'NONE', *, *, #2210, .T. ) ;
#2231 = ORIENTED_EDGE ( 'NONE', *, *, #4895, .F. ) ;
#2232 = CARTESIAN_POINT ( 'NONE',  ( -3.200000000000001100, 0.1446467872876738600, -0.4474999999999991200 ) ) ;
#2233 = CARTESIAN_POINT ( 'NONE',  ( -2.429015024641861600, 0.7474999999999992800, -0.8524999999999991500 ) ) ;
#2234 = DIRECTION ( 'NONE',  ( 1.000000000000000000, 0.0000000000000000000, 0.0000000000000000000 ) ) ;
#2235 = CARTESIAN_POINT ( 'NONE',  ( -2.699539945113480100, 0.5205026390080010900, 1.747500000000000700 ) ) ;
#2236 = LINE ( 'NONE', #6765, #610 ) ;
#2237 = ORIENTED_EDGE ( 'NONE', *, *, #2043, .F. ) ;
#2238 = EDGE_LOOP ( 'NONE', ( #4142, #7076, #1131, #2404 ) ) ;
#2239 = ADVANCED_FACE ( 'NONE', ( #1536 ), #3895, .T. ) ;
#2240 = DIRECTION ( 'NONE',  ( -0.9975640502598247500, 0.06975647374411925200, -0.0000000000000000000 ) ) ;
#2241 = CARTESIAN_POINT ( 'NONE',  ( -2.600000000000001000, 0.2500000000000001100, -1.502499999999999100 ) ) ;
#2242 = VECTOR ( 'NONE', #1382, 1000.000000000000000 ) ;
#2243 = DIRECTION ( 'NONE',  ( 0.0000000000000000000, 0.0000000000000000000, 1.000000000000000000 ) ) ;
#2244 = VERTEX_POINT ( 'NONE', #4394 ) ;
#2245 = VERTEX_POINT ( 'NONE', #921 ) ;
#2246 = PLANE ( 'NONE',  #3386 ) ;
#2247 = CARTESIAN_POINT ( 'NONE',  ( 2.200000000000000600, 0.6025000000000000400, -1.502499999999999100 ) ) ;
#2248 = DIRECTION ( 'NONE',  ( -0.0000000000000000000, -0.0000000000000000000, -1.000000000000000000 ) ) ;
#2249 = PLANE ( 'NONE',  #1000 ) ;
#2250 = VECTOR ( 'NONE', #6816, 1000.000000000000000 ) ;
#2251 = EDGE_LOOP ( 'NONE', ( #5026, #1965, #4154, #7063 ) ) ;
#2252 = EDGE_CURVE ( 'NONE', #5955, #2785, #1442, .T. ) ;
#2253 = CARTESIAN_POINT ( 'NONE',  ( 3.200000000000000200, 0.1446467872876735000, 1.747500000000000700 ) ) ;
#2254 = VECTOR ( 'NONE', #6713, 1000.000000000000000 ) ;
#2255 = DIRECTION ( 'NONE',  ( -0.0000000000000000000, -0.0000000000000000000, -1.000000000000000000 ) ) ;
#2256 = VERTEX_POINT ( 'NONE', #3252 ) ;
#2257 = AXIS2_PLACEMENT_3D ( 'NONE', #4074, #6448, #2344 ) ;
#2258 = LINE ( 'NONE', #7509, #445 ) ;
#2259 = FILL_AREA_STYLE_COLOUR ( '', #1395 ) ;
#2260 = EDGE_CURVE ( 'NONE', #2202, #934, #5263, .T. ) ;
#2261 = CIRCLE ( 'NONE', #5777, 0.1296982034251570600 ) ;
#2262 = EDGE_CURVE ( 'NONE', #6184, #50, #640, .T. ) ;
#2263 = CARTESIAN_POINT ( 'NONE',  ( 2.429015024641860300, 0.4728017965748428400, -2.152499999999999400 ) ) ;
#2264 = CARTESIAN_POINT ( 'NONE',  ( 3.199999999999999700, 0.1446467872876735000, -0.8524999999999991500 ) ) ;
#2265 = PRESENTATION_STYLE_ASSIGNMENT (( #4368 ) ) ;
#2266 = VECTOR ( 'NONE', #6474, 1000.000000000000000 ) ;
#2267 = CARTESIAN_POINT ( 'NONE',  ( 2.556742820926709600, 0.4953236532462962400, -2.397499999999999500 ) ) ;
#2268 = CARTESIAN_POINT ( 'NONE',  ( -2.429015024641861600, 0.4728017965748428400, -0.2024999999999991300 ) ) ;
#2269 = ORIENTED_EDGE ( 'NONE', *, *, #1721, .F. ) ;
#2270 = CYLINDRICAL_SURFACE ( 'NONE', #5046, 0.2746982034251563800 ) ;
#2271 = DIRECTION ( 'NONE',  ( -0.0000000000000000000, 0.0000000000000000000, -1.000000000000000000 ) ) ;
#2272 = CARTESIAN_POINT ( 'NONE',  ( 2.861477631149732700, 0.1683185773129356700, -0.2024999999999991300 ) ) ;
#2273 = AXIS2_PLACEMENT_3D ( 'NONE', #2800, #3994, #5085 ) ;
#2274 = ORIENTED_EDGE ( 'NONE', *, *, #34, .T. ) ;
#2275 = ADVANCED_FACE ( 'NONE', ( #3195 ), #6139, .F. ) ;
#2276 = CARTESIAN_POINT ( 'NONE',  ( 2.429015024641860700, 0.7474999999999991700, 1.097500000000000800 ) ) ;
#2277 = ORIENTED_EDGE ( 'NONE', *, *, #2613, .F. ) ;
#2278 = DIRECTION ( 'NONE',  ( 0.06975647374411804400, 0.9975640502598247500, -0.0000000000000000000 ) ) ;
#2279 = VECTOR ( 'NONE', #2488, 1000.000000000000000 ) ;
#2280 = VERTEX_POINT ( 'NONE', #6829 ) ;
#2281 = VERTEX_POINT ( 'NONE', #7422 ) ;
#2282 = UNCERTAINTY_MEASURE_WITH_UNIT (LENGTH_MEASURE( 1.000000000000000100E-005 ), #1444, 'distance_accuracy_value', 'NONE');
#2283 = AXIS2_PLACEMENT_3D ( 'NONE', #4073, #1219, #3597 ) ;
#2284 = VECTOR ( 'NONE', #3239, 1000.000000000000000 ) ;
#2285 = DIRECTION ( 'NONE',  ( 0.0000000000000000000, 0.0000000000000000000, 1.000000000000000000 ) ) ;
#2286 = VECTOR ( 'NONE', #5725, 999.9999999999998900 ) ;
#2287 = ORIENTED_EDGE ( 'NONE', *, *, #1005, .T. ) ;
#2288 = ORIENTED_EDGE ( 'NONE', *, *, #4705, .T. ) ;
#2289 = LINE ( 'NONE', #2832, #575 ) ;
#2290 = PLANE ( 'NONE',  #1986 ) ;
#2291 = DIRECTION ( 'NONE',  ( 0.0000000000000000000, 0.0000000000000000000, 1.000000000000000000 ) ) ;
#2292 = CIRCLE ( 'NONE', #5896, 0.2746982034251563800 ) ;
#2293 = FACE_OUTER_BOUND ( 'NONE', #7492, .T. ) ;
#2294 = ORIENTED_EDGE ( 'NONE', *, *, #4839, .F. ) ;
#2295 = DIRECTION ( 'NONE',  ( -0.0000000000000000000, -0.0000000000000000000, -1.000000000000000000 ) ) ;
#2296 = CARTESIAN_POINT ( 'NONE',  ( 2.870524920471619000, 0.2977008424331583100, 1.097500000000000800 ) ) ;
#2297 = CARTESIAN_POINT ( 'NONE',  ( -2.742797124186769700, 0.2751789857617048500, 2.397500000000000900 ) ) ;
#2298 = CARTESIAN_POINT ( 'NONE',  ( 2.600000000000000500, 0.2500000000000001100, 1.747500000000000700 ) ) ;
#2299 = EDGE_CURVE ( 'NONE', #2780, #7520, #4905, .T. ) ;
#2300 = CARTESIAN_POINT ( 'NONE',  ( -2.861477631149734100, 0.1683185773129357300, -2.152499999999999400 ) ) ;
#2301 = VECTOR ( 'NONE', #172, 1000.000000000000000 ) ;
#2302 = CARTESIAN_POINT ( 'NONE',  ( -3.189885311307103500, -3.382275553165428400E-020, 1.747500000000000700 ) ) ;
#2303 = VERTEX_POINT ( 'NONE', #6163 ) ;
#2304 = ORIENTED_EDGE ( 'NONE', *, *, #6649, .F. ) ;
#2305 = DIRECTION ( 'NONE',  ( -1.000000000000000000, 0.0000000000000000000, 0.0000000000000000000 ) ) ;
#2306 = LINE ( 'NONE', #7091, #4307 ) ;
#2307 = EDGE_CURVE ( 'NONE', #4520, #5329, #4448, .T. ) ;
#2308 = DIRECTION ( 'NONE',  ( -1.000000000000000000, 0.0000000000000000000, 0.0000000000000000000 ) ) ;
#2309 = EDGE_CURVE ( 'NONE', #4953, #5118, #3370, .T. ) ;
#2311 = ORIENTED_EDGE ( 'NONE', *, *, #6514, .F. ) ;
#2310 = EDGE_CURVE ( 'NONE', #3263, #7185, #7101, .T. ) ;
#2312 = EDGE_LOOP ( 'NONE', ( #397, #4220, #5214, #2718 ) ) ;
#2313 = VERTEX_POINT ( 'NONE', #6744 ) ;
#2314 = ADVANCED_FACE ( 'NONE', ( #2927 ), #5173, .F. ) ;
#2315 = PLANE ( 'NONE',  #1359 ) ;
#2316 = VECTOR ( 'NONE', #3119, 1000.000000000000000 ) ;
#2317 = ORIENTED_EDGE ( 'NONE', *, *, #5068, .F. ) ;
#2318 = AXIS2_PLACEMENT_3D ( 'NONE', #5644, #5014, #5615 ) ;
#2319 = ORIENTED_EDGE ( 'NONE', *, *, #960, .F. ) ;
#2320 = CARTESIAN_POINT ( 'NONE',  ( 2.429015024641860700, 0.7474999999999991700, -0.4474999999999991200 ) ) ;
#2321 = ORIENTED_EDGE ( 'NONE', *, *, #1392, .F. ) ;
#2322 = CARTESIAN_POINT ( 'NONE',  ( 2.870524920471619400, 0.2977008424331583100, 2.397500000000000900 ) ) ;
#2323 = ORIENTED_EDGE ( 'NONE', *, *, #517, .F. ) ;
#2324 = STYLED_ITEM ( 'NONE', ( #4133 ), #4573 ) ;
#2325 = AXIS2_PLACEMENT_3D ( 'NONE', #6911, #2243, #6324 ) ;
#2326 = CARTESIAN_POINT ( 'NONE',  ( 3.200000000000000200, 0.1446467872876735000, 1.502500000000000800 ) ) ;
#2327 = FACE_OUTER_BOUND ( 'NONE', #6549, .T. ) ;
#2328 = DIRECTION ( 'NONE',  ( 0.0000000000000000000, 1.000000000000000000, 0.0000000000000000000 ) ) ;
#2329 = EDGE_LOOP ( 'NONE', ( #5132, #2676, #4856, #1745 ) ) ;
#2330 = EDGE_LOOP ( 'NONE', ( #6366, #2956, #2319, #7425 ) ) ;
#2331 = ORIENTED_EDGE ( 'NONE', *, *, #4702, .T. ) ;
#2332 = DIRECTION ( 'NONE',  ( 0.0000000000000000000, -1.000000000000000000, 0.0000000000000000000 ) ) ;
#2333 = AXIS2_PLACEMENT_3D ( 'NONE', #3307, #3259, #7406 ) ;
#2334 = VECTOR ( 'NONE', #1334, 1000.000000000000000 ) ;
#2335 = CARTESIAN_POINT ( 'NONE',  ( -2.429015024641861100, 0.4728017965748428400, 1.502500000000000800 ) ) ;
#2336 = ORIENTED_EDGE ( 'NONE', *, *, #559, .T. ) ;
#2337 = ORIENTED_EDGE ( 'NONE', *, *, #2400, .F. ) ;
#2338 = CARTESIAN_POINT ( 'NONE',  ( -3.189885311307104000, -3.382275553165428400E-020, -1.502499999999999100 ) ) ;
#2339 = CARTESIAN_POINT ( 'NONE',  ( -3.200000000000001500, 0.1446467872876738600, -2.152499999999999400 ) ) ;
#2340 = LINE ( 'NONE', #3106, #4526 ) ;
#2341 = VERTEX_POINT ( 'NONE', #7202 ) ;
#2342 = FILL_AREA_STYLE ('',( #2259 ) ) ;
#2343 = DIRECTION ( 'NONE',  ( -1.000000000000000000, 0.0000000000000000000, 0.0000000000000000000 ) ) ;
#2344 = DIRECTION ( 'NONE',  ( -1.000000000000000000, 0.0000000000000000000, 0.0000000000000000000 ) ) ;
#2345 = EDGE_CURVE ( 'NONE', #4998, #6048, #3983, .T. ) ;
#2346 = LINE ( 'NONE', #2999, #2915 ) ;
#2347 = EDGE_LOOP ( 'NONE', ( #2801, #6850, #5199, #6247 ) ) ;
#2348 = CARTESIAN_POINT ( 'NONE',  ( -2.699539945113480500, 0.5205026390080010900, 1.097500000000000800 ) ) ;
#2349 = DIRECTION ( 'NONE',  ( -0.0000000000000000000, -0.0000000000000000000, -1.000000000000000000 ) ) ;
#2350 = CARTESIAN_POINT ( 'NONE',  ( 3.189885311307103500, -3.382275553165428400E-020, 1.747500000000000700 ) ) ;
#2351 = AXIS2_PLACEMENT_3D ( 'NONE', #1630, #3373, #4535 ) ;
#2352 = EDGE_CURVE ( 'NONE', #4956, #4218, #3282, .T. ) ;
#2353 = CIRCLE ( 'NONE', #4939, 0.1296982034251570600 ) ;
#2354 = ADVANCED_FACE ( 'NONE', ( #5912 ), #1725, .T. ) ;
#2355 = VECTOR ( 'NONE', #6736, 1000.000000000000000 ) ;
#2356 = EDGE_CURVE ( 'NONE', #5054, #6830, #1808, .T. ) ;
#2357 = EDGE_CURVE ( 'NONE', #2979, #2378, #2, .T. ) ;
#2358 = CARTESIAN_POINT ( 'NONE',  ( 2.851362942456835200, 0.02367179002526185300, -1.097499999999999000 ) ) ;
#2359 = DIRECTION ( 'NONE',  ( -0.06975647374411923800, -0.9975640502598246400, 0.0000000000000000000 ) ) ;
#2360 = ORIENTED_EDGE ( 'NONE', *, *, #2162, .F. ) ;
#2361 = ADVANCED_FACE ( 'NONE', ( #187 ), #1365, .F. ) ;
#2362 = PRESENTATION_LAYER_ASSIGNMENT (  '', '', ( #7096 ) ) ;
#2363 = LINE ( 'NONE', #2198, #4645 ) ;
#2364 = DIRECTION ( 'NONE',  ( 0.0000000000000000000, 0.0000000000000000000, 1.000000000000000000 ) ) ;
#2365 = EDGE_CURVE ( 'NONE', #6048, #6040, #6088, .T. ) ;
#2366 = DIRECTION ( 'NONE',  ( 1.000000000000000000, 0.0000000000000000000, 0.0000000000000000000 ) ) ;
#2367 = EDGE_CURVE ( 'NONE', #2469, #5433, #1190, .T. ) ;
#2368 = CIRCLE ( 'NONE', #2536, 0.2746982034251567700 ) ;
#2369 = DIRECTION ( 'NONE',  ( 0.9848077530122081300, -0.1736481776669299100, 0.0000000000000000000 ) ) ;
#2370 = DIRECTION ( 'NONE',  ( 1.000000000000000000, 0.0000000000000000000, 0.0000000000000000000 ) ) ;
#2371 = VECTOR ( 'NONE', #5107, 1000.000000000000000 ) ;
#2372 = VECTOR ( 'NONE', #2798, 1000.000000000000000 ) ;
#2373 = ORIENTED_EDGE ( 'NONE', *, *, #1511, .F. ) ;
#2374 = CARTESIAN_POINT ( 'NONE',  ( 2.851362942456835600, 0.02367179002526185300, 1.747500000000000700 ) ) ;
#2375 = CARTESIAN_POINT ( 'NONE',  ( -2.861477631149733600, 0.1683185773129357900, -0.2024999999999991300 ) ) ;
#2376 = MECHANICAL_DESIGN_GEOMETRIC_PRESENTATION_REPRESENTATION (  '', ( #152 ), #6281 ) ;
#2377 = ORIENTED_EDGE ( 'NONE', *, *, #3104, .F. ) ;
#2378 = VERTEX_POINT ( 'NONE', #6043 ) ;
#2379 = VECTOR ( 'NONE', #7415, 1000.000000000000000 ) ;
#2380 = CARTESIAN_POINT ( 'NONE',  ( -1.570720790471951100, 1.199999999999999300, -1.846785749842945600 ) ) ;
#2381 = VECTOR ( 'NONE', #5005, 1000.000000000000000 ) ;
#2382 = DIRECTION ( 'NONE',  ( 0.0000000000000000000, 0.0000000000000000000, 1.000000000000000000 ) ) ;
#2383 = CARTESIAN_POINT ( 'NONE',  ( 2.429015024641860700, 0.6025000000000000400, -0.2024999999999991300 ) ) ;
#2384 = LINE ( 'NONE', #5708, #6855 ) ;
#2385 = PLANE ( 'NONE',  #1691 ) ;
#2386 = VERTEX_POINT ( 'NONE', #5995 ) ;
#2387 = ORIENTED_EDGE ( 'NONE', *, *, #224, .F. ) ;
#2388 = CARTESIAN_POINT ( 'NONE',  ( 3.200000000000000200, 0.1446467872876735000, 2.397500000000000900 ) ) ;
#2389 = ADVANCED_FACE ( 'NONE', ( #7280 ), #3019, .T. ) ;
#2390 = CARTESIAN_POINT ( 'NONE',  ( 2.851362942456835200, 0.02367179002526185300, 0.2025000000000008500 ) ) ;
#2391 = CARTESIAN_POINT ( 'NONE',  ( -2.556742820926711300, 0.4953236532462962400, -1.502499999999999100 ) ) ;
#2392 = VECTOR ( 'NONE', #5481, 1000.000000000000000 ) ;
#2393 = EDGE_LOOP ( 'NONE', ( #391, #1553, #2571, #4160 ) ) ;
#2394 = DIRECTION ( 'NONE',  ( 0.1736481776669299100, 0.9848077530122081300, 0.0000000000000000000 ) ) ;
#2395 = LINE ( 'NONE', #7141, #2863 ) ;
#2396 = DIRECTION ( 'NONE',  ( 0.0000000000000000000, 0.0000000000000000000, 1.000000000000000000 ) ) ;
#2397 = CARTESIAN_POINT ( 'NONE',  ( 2.200000000000001100, 0.6025000000000000400, 0.8525000000000008100 ) ) ;
#2398 = ADVANCED_FACE ( 'NONE', ( #7381 ), #4179, .F. ) ;
#2399 = ORIENTED_EDGE ( 'NONE', *, *, #5413, .F. ) ;
#2400 = EDGE_CURVE ( 'NONE', #236, #3059, #5727, .T. ) ;
#2401 = VERTEX_POINT ( 'NONE', #323 ) ;
#2402 = DIRECTION ( 'NONE',  ( -0.06975647374411675400, -0.9975640502598248600, 0.0000000000000000000 ) ) ;
#2403 = FACE_OUTER_BOUND ( 'NONE', #3949, .T. ) ;
#2404 = ORIENTED_EDGE ( 'NONE', *, *, #5422, .T. ) ;
#2405 = ORIENTED_EDGE ( 'NONE', *, *, #3809, .F. ) ;
#2406 = ORIENTED_EDGE ( 'NONE', *, *, #4896, .T. ) ;
#2407 = EDGE_LOOP ( 'NONE', ( #4937, #2373, #793, #4893 ) ) ;
#2408 = CARTESIAN_POINT ( 'NONE',  ( -2.861477631149734100, 0.1683185773129357300, -1.747499999999999200 ) ) ;
#2409 = DIRECTION ( 'NONE',  ( -0.1736481776669299100, 0.9848077530122081300, 0.0000000000000000000 ) ) ;
#2410 = CARTESIAN_POINT ( 'NONE',  ( -3.189885311307104000, -3.382275553165428400E-020, 0.4475000000000008400 ) ) ;
#2411 = EDGE_CURVE ( 'NONE', #4520, #806, #4087, .T. ) ;
#2412 = LINE ( 'NONE', #515, #6521 ) ;
#2413 = EDGE_CURVE ( 'NONE', #6715, #2213, #541, .T. ) ;
#2414 = ORIENTED_EDGE ( 'NONE', *, *, #4255, .F. ) ;
#2415 = ORIENTED_EDGE ( 'NONE', *, *, #6859, .F. ) ;
#2416 = ORIENTED_EDGE ( 'NONE', *, *, #4551, .F. ) ;
#2417 = ORIENTED_EDGE ( 'NONE', *, *, #5678, .F. ) ;
#2418 =( LENGTH_UNIT ( ) NAMED_UNIT ( * ) SI_UNIT ( .MILLI., .METRE. ) );
#2419 = DIRECTION ( 'NONE',  ( -0.0000000000000000000, -0.0000000000000000000, -1.000000000000000000 ) ) ;
#2420 = DIRECTION ( 'NONE',  ( -0.0000000000000000000, -0.0000000000000000000, -1.000000000000000000 ) ) ;
#2421 = DIRECTION ( 'NONE',  ( -1.000000000000000000, 0.0000000000000000000, 0.0000000000000000000 ) ) ;
#2422 = ORIENTED_EDGE ( 'NONE', *, *, #3116, .F. ) ;
#2423 = VERTEX_POINT ( 'NONE', #5531 ) ;
#2424 = PRESENTATION_LAYER_ASSIGNMENT (  '', '', ( #2018 ) ) ;
#2425 = UNCERTAINTY_MEASURE_WITH_UNIT (LENGTH_MEASURE( 1.000000000000000100E-005 ), #4385, 'distance_accuracy_value', 'NONE');
#2426 = CARTESIAN_POINT ( 'NONE',  ( 2.600000000000000100, 0.2500000000000001100, 1.097500000000000800 ) ) ;
#2427 = DIRECTION ( 'NONE',  ( 0.06975647374411675400, 0.9975640502598248600, -0.0000000000000000000 ) ) ;
#2428 = DIRECTION ( 'NONE',  ( -0.9975640502598248600, 0.06975647374411675400, 0.0000000000000000000 ) ) ;
#2429 = DIRECTION ( 'NONE',  ( -0.0000000000000000000, 1.000000000000000000, -0.0000000000000000000 ) ) ;
#2430 = FACE_OUTER_BOUND ( 'NONE', #4769, .T. ) ;
#2431 = ORIENTED_EDGE ( 'NONE', *, *, #2912, .T. ) ;
#2432 = ADVANCED_FACE ( 'NONE', ( #1803 ), #6921, .T. ) ;
#2433 = AXIS2_PLACEMENT_3D ( 'NONE', #3017, #1278, #7177 ) ;
#2434 = CARTESIAN_POINT ( 'NONE',  ( 2.851362942456835200, 0.02367179002526185300, 0.4475000000000008400 ) ) ;
#2435 = CARTESIAN_POINT ( 'NONE',  ( -2.870524920471619400, 0.2977008424331583100, 0.2025000000000008500 ) ) ;
#2436 = VERTEX_POINT ( 'NONE', #450 ) ;
#2437 = DIRECTION ( 'NONE',  ( -0.0000000000000000000, -0.0000000000000000000, -1.000000000000000000 ) ) ;
#2438 = EDGE_LOOP ( 'NONE', ( #4503, #3235, #2304, #4107 ) ) ;
#2439 = ADVANCED_FACE ( 'NONE', ( #4980 ), #3411, .T. ) ;
#2440 = VECTOR ( 'NONE', #2074, 1000.000000000000000 ) ;
#2441 = CARTESIAN_POINT ( 'NONE',  ( 2.200000000000001100, 0.7475000000000001600, -0.4474999999999991200 ) ) ;
#2442 = ORIENTED_EDGE ( 'NONE', *, *, #958, .F. ) ;
#2443 = CARTESIAN_POINT ( 'NONE',  ( 2.870524920471619400, 0.2977008424331583100, 2.397500000000000900 ) ) ;
#2444 = DIRECTION ( 'NONE',  ( -1.000000000000000000, -3.787357355024234400E-015, 0.0000000000000000000 ) ) ;
#2445 = EDGE_CURVE ( 'NONE', #1994, #4781, #3886, .T. ) ;
#2446 = FACE_OUTER_BOUND ( 'NONE', #3441, .T. ) ;
#2447 = CARTESIAN_POINT ( 'NONE',  ( -2.870524920471619400, 0.2977008424331583100, 1.747500000000000700 ) ) ;
#2448 = CARTESIAN_POINT ( 'NONE',  ( 2.199999999999999700, 0.7475000000000001600, -2.500000000000000400 ) ) ;
#2449 = SURFACE_SIDE_STYLE ('',( #350 ) ) ;
#2450 = FACE_OUTER_BOUND ( 'NONE', #1169, .T. ) ;
#2451 = VECTOR ( 'NONE', #3374, 1000.000000000000000 ) ;
#2452 = EDGE_CURVE ( 'NONE', #5894, #5938, #1529, .T. ) ;
#2453 = FACE_OUTER_BOUND ( 'NONE', #291, .T. ) ;
#2454 = EDGE_CURVE ( 'NONE', #1352, #6236, #3457, .T. ) ;
#2455 = DIRECTION ( 'NONE',  ( 0.9975640502598247500, -0.06975647374411804400, 0.0000000000000000000 ) ) ;
#2456 = CARTESIAN_POINT ( 'NONE',  ( 2.429015024641860700, 0.4728017965748428400, -0.2024999999999991300 ) ) ;
#2457 = CARTESIAN_POINT ( 'NONE',  ( -2.429015024641861100, 0.4728017965748428400, 1.747500000000000700 ) ) ;
#2458 = FACE_OUTER_BOUND ( 'NONE', #3425, .T. ) ;
#2459 = EDGE_LOOP ( 'NONE', ( #5242, #868, #4230, #886 ) ) ;
#2460 = DIRECTION ( 'NONE',  ( -0.0000000000000000000, -0.0000000000000000000, -1.000000000000000000 ) ) ;
#2461 = LINE ( 'NONE', #1917, #103 ) ;
#2462 = AXIS2_PLACEMENT_3D ( 'NONE', #3978, #2255, #5114 ) ;
#2463 = ORIENTED_EDGE ( 'NONE', *, *, #3590, .F. ) ;
#2464 = ADVANCED_FACE ( 'NONE', ( #2721 ), #6332, .F. ) ;
#2465 = DIRECTION ( 'NONE',  ( 0.9848077530122081300, -0.1736481776669299100, 0.0000000000000000000 ) ) ;
#2466 = VECTOR ( 'NONE', #4078, 1000.000000000000000 ) ;
#2467 = ORIENTED_EDGE ( 'NONE', *, *, #2010, .T. ) ;
#2468 = EDGE_CURVE ( 'NONE', #6418, #1145, #3366, .T. ) ;
#2469 = VERTEX_POINT ( 'NONE', #2849 ) ;
#2470 = AXIS2_PLACEMENT_3D ( 'NONE', #3721, #7275, #6019 ) ;
#2471 = DIRECTION ( 'NONE',  ( -1.000000000000000000, 0.0000000000000000000, 0.0000000000000000000 ) ) ;
#2472 = DIRECTION ( 'NONE',  ( -1.000000000000000000, 0.0000000000000000000, 0.0000000000000000000 ) ) ;
#2473 = DIRECTION ( 'NONE',  ( -1.000000000000000000, 4.734196693780292900E-016, 0.0000000000000000000 ) ) ;
#2474 = VECTOR ( 'NONE', #5113, 1000.000000000000000 ) ;
#2475 = VECTOR ( 'NONE', #502, 1000.000000000000000 ) ;
#2476 = ORIENTED_EDGE ( 'NONE', *, *, #5078, .T. ) ;
#2477 = CARTESIAN_POINT ( 'NONE',  ( -2.851362942456836100, 0.02367179002526185300, -1.097499999999999000 ) ) ;
#2478 = CARTESIAN_POINT ( 'NONE',  ( 2.429015024641861100, 0.4728017965748428400, 2.397500000000000900 ) ) ;
#2479 = ORIENTED_EDGE ( 'NONE', *, *, #80, .F. ) ;
#2480 = ADVANCED_FACE ( 'NONE', ( #2446 ), #1119, .T. ) ;
#2481 = DIRECTION ( 'NONE',  ( 0.1736481776669299100, -0.9848077530122081300, 0.0000000000000000000 ) ) ;
#2482 = FILL_AREA_STYLE_COLOUR ( '', #745 ) ;
#2483 = LINE ( 'NONE', #850, #5095 ) ;
#2484 = PRESENTATION_LAYER_ASSIGNMENT (  '', '', ( #152 ) ) ;
#2485 = LINE ( 'NONE', #951, #1038 ) ;
#2486 = ORIENTED_EDGE ( 'NONE', *, *, #3671, .F. ) ;
#2487 = ORIENTED_EDGE ( 'NONE', *, *, #3904, .F. ) ;
#2488 = DIRECTION ( 'NONE',  ( -0.0000000000000000000, -0.0000000000000000000, -1.000000000000000000 ) ) ;
#2489 = DIRECTION ( 'NONE',  ( 0.1736481776669299100, -0.9848077530122081300, 0.0000000000000000000 ) ) ;
#2490 = CARTESIAN_POINT ( 'NONE',  ( -2.870524920471619400, 0.2977008424331583100, -0.2024999999999991300 ) ) ;
#2491 = DIRECTION ( 'NONE',  ( 0.1736481776669299100, 0.9848077530122081300, -0.0000000000000000000 ) ) ;
#2492 = VECTOR ( 'NONE', #2054, 1000.000000000000100 ) ;
#2493 = CARTESIAN_POINT ( 'NONE',  ( -2.870524920471619400, 0.2977008424331583100, 2.152500000000000700 ) ) ;
#2494 = EDGE_LOOP ( 'NONE', ( #2045, #2377, #2645, #7525 ) ) ;
#2495 = ORIENTED_EDGE ( 'NONE', *, *, #4313, .T. ) ;
#2496 = EDGE_CURVE ( 'NONE', #3362, #2024, #3541, .T. ) ;
#2497 = DIRECTION ( 'NONE',  ( -0.1736481776669299100, 0.9848077530122081300, -0.0000000000000000000 ) ) ;
#2498 = CARTESIAN_POINT ( 'NONE',  ( 2.699539945113480100, 0.5205026390080010900, 1.502500000000000800 ) ) ;
#2499 = LINE ( 'NONE', #4519, #3234 ) ;
#2500 = CARTESIAN_POINT ( 'NONE',  ( 3.199999999999999700, 0.1446467872876735000, 1.097500000000000800 ) ) ;
#2501 = DIRECTION ( 'NONE',  ( -0.9975640502598247500, 0.06975647374411925200, -0.0000000000000000000 ) ) ;
#2502 = ORIENTED_EDGE ( 'NONE', *, *, #1807, .T. ) ;
#2503 = VERTEX_POINT ( 'NONE', #1696 ) ;
#2504 = AXIS2_PLACEMENT_3D ( 'NONE', #2839, #7, #4684 ) ;
#2505 = EDGE_CURVE ( 'NONE', #3511, #1831, #2258, .T. ) ;
#2506 = VECTOR ( 'NONE', #821, 1000.000000000000000 ) ;
#2507 = CARTESIAN_POINT ( 'NONE',  ( -2.429015024641861100, 0.4728017965748428400, 1.502500000000000800 ) ) ;
#2508 = ORIENTED_EDGE ( 'NONE', *, *, #7396, .F. ) ;
#2509 = EDGE_CURVE ( 'NONE', #1473, #4398, #822, .T. ) ;
#2510 = ORIENTED_EDGE ( 'NONE', *, *, #6319, .T. ) ;
#2511 = VERTEX_POINT ( 'NONE', #3337 ) ;
#2512 = EDGE_CURVE ( 'NONE', #5847, #379, #3633, .T. ) ;
#2513 = ORIENTED_EDGE ( 'NONE', *, *, #3478, .T. ) ;
#2514 = ORIENTED_EDGE ( 'NONE', *, *, #2299, .T. ) ;
#2515 = DIRECTION ( 'NONE',  ( -1.000000000000000000, 0.0000000000000000000, 0.0000000000000000000 ) ) ;
#2516 = AXIS2_PLACEMENT_3D ( 'NONE', #2811, #487, #4549 ) ;
#2517 = CARTESIAN_POINT ( 'NONE',  ( -2.200000000000001500, 0.7475000000000001600, 2.397500000000000900 ) ) ;
#2518 = VERTEX_POINT ( 'NONE', #3486 ) ;
#2519 = VERTEX_POINT ( 'NONE', #3536 ) ;
#2520 = ORIENTED_EDGE ( 'NONE', *, *, #2960, .T. ) ;
#2521 = CARTESIAN_POINT ( 'NONE',  ( 2.870524920471618600, 0.2977008424331583100, -1.502499999999999100 ) ) ;
#2522 = EDGE_CURVE ( 'NONE', #6187, #869, #7376, .T. ) ;
#2523 = EDGE_CURVE ( 'NONE', #6580, #2079, #1185, .T. ) ;
#2524 = ADVANCED_FACE ( 'NONE', ( #5158 ), #732, .T. ) ;
#2525 = LINE ( 'NONE', #3544, #1788 ) ;
#2526 = ORIENTED_EDGE ( 'NONE', *, *, #4563, .T. ) ;
#2527 = CARTESIAN_POINT ( 'NONE',  ( -2.851362942456836500, 0.02367179002526185300, -2.152499999999999400 ) ) ;
#2528 = CARTESIAN_POINT ( 'NONE',  ( 2.851362942456835200, 0.02367179002526185300, -0.4474999999999991200 ) ) ;
#2529 = AXIS2_PLACEMENT_3D ( 'NONE', #5990, #4249, #2481 ) ;
#2530 = LINE ( 'NONE', #983, #5613 ) ;
#2531 = ORIENTED_EDGE ( 'NONE', *, *, #5166, .F. ) ;
#2532 = CARTESIAN_POINT ( 'NONE',  ( -3.200000000000000600, 0.1446467872876738600, 1.747500000000000700 ) ) ;
#2533 = CARTESIAN_POINT ( 'NONE',  ( -2.429015024641861600, 0.6024999999999999200, 1.097500000000000800 ) ) ;
#2534 = VECTOR ( 'NONE', #6732, 1000.000000000000000 ) ;
#2535 = ORIENTED_EDGE ( 'NONE', *, *, #267, .F. ) ;
#2536 = AXIS2_PLACEMENT_3D ( 'NONE', #5705, #2870, #6886 ) ;
#2537 = CARTESIAN_POINT ( 'NONE',  ( 2.200000000000001500, 0.7475000000000001600, 2.499999999999999100 ) ) ;
#2538 = CARTESIAN_POINT ( 'NONE',  ( -2.429015024641861600, 0.6024999999999999200, -0.8524999999999991500 ) ) ;
#2539 = DIRECTION ( 'NONE',  ( -0.0000000000000000000, -0.0000000000000000000, -1.000000000000000000 ) ) ;
#2540 = DIRECTION ( 'NONE',  ( -0.0000000000000000000, -0.0000000000000000000, -1.000000000000000000 ) ) ;
#2541 = LINE ( 'NONE', #4660, #6458 ) ;
#2542 = VECTOR ( 'NONE', #5270, 1000.000000000000000 ) ;
#2543 = LINE ( 'NONE', #2003, #2829 ) ;
#2544 = DIRECTION ( 'NONE',  ( 0.9975640502598246400, 0.06975647374411954300, -0.0000000000000000000 ) ) ;
#2545 = DIRECTION ( 'NONE',  ( -0.1736481776669299100, -0.9848077530122081300, 0.0000000000000000000 ) ) ;
#2546 = ORIENTED_EDGE ( 'NONE', *, *, #2411, .T. ) ;
#2547 = EDGE_CURVE ( 'NONE', #6058, #6177, #2919, .T. ) ;
#2548 = LINE ( 'NONE', #1740, #2177 ) ;
#2549 = CARTESIAN_POINT ( 'NONE',  ( -2.742797124186770600, 0.2751789857617048500, -1.502499999999999100 ) ) ;
#2550 = LINE ( 'NONE', #2732, #3200 ) ;
#2551 = ADVANCED_FACE ( 'NONE', ( #6552 ), #5275, .T. ) ;
#2552 = LINE ( 'NONE', #477, #1373 ) ;
#2553 = AXIS2_PLACEMENT_3D ( 'NONE', #4524, #2828, #4597 ) ;
#2554 = CIRCLE ( 'NONE', #2029, 0.1296982034251575000 ) ;
#2555 = VECTOR ( 'NONE', #7295, 1000.000000000000000 ) ;
#2556 = ORIENTED_EDGE ( 'NONE', *, *, #4716, .F. ) ;
#2557 = EDGE_CURVE ( 'NONE', #5167, #7457, #2353, .T. ) ;
#2558 = VECTOR ( 'NONE', #4529, 1000.000000000000000 ) ;
#2559 = CARTESIAN_POINT ( 'NONE',  ( -2.861477631149733600, 0.1683185773129357300, 0.4475000000000008400 ) ) ;
#2560 = CARTESIAN_POINT ( 'NONE',  ( 2.200000000000001100, 0.7475000000000001600, -0.8524999999999991500 ) ) ;
#2561 = CARTESIAN_POINT ( 'NONE',  ( 2.200000000000000600, 0.6025000000000000400, -1.747499999999999200 ) ) ;
#2562 = VECTOR ( 'NONE', #4618, 1000.000000000000100 ) ;
#2563 = DIRECTION ( 'NONE',  ( -0.0000000000000000000, -0.0000000000000000000, -1.000000000000000000 ) ) ;
#2564 = EDGE_LOOP ( 'NONE', ( #1507, #189, #1686, #3005 ) ) ;
#2565 = VERTEX_POINT ( 'NONE', #2408 ) ;
#2566 = AXIS2_PLACEMENT_3D ( 'NONE', #5608, #989, #5637 ) ;
#2567 = LINE ( 'NONE', #136, #2103 ) ;
#2568 = CARTESIAN_POINT ( 'NONE',  ( 2.429015024641860700, 0.4728017965748428400, 0.8525000000000008100 ) ) ;
#2569 = CIRCLE ( 'NONE', #7304, 0.2746982034251563800 ) ;
#2570 = ORIENTED_EDGE ( 'NONE', *, *, #7341, .T. ) ;
#2571 = ORIENTED_EDGE ( 'NONE', *, *, #4173, .F. ) ;
#2572 = CARTESIAN_POINT ( 'NONE',  ( -2.556742820926710500, 0.4953236532462962400, 1.502500000000000800 ) ) ;
#2573 = VECTOR ( 'NONE', #3701, 1000.000000000000000 ) ;
#2574 = ORIENTED_EDGE ( 'NONE', *, *, #2602, .T. ) ;
#2575 = DIRECTION ( 'NONE',  ( 0.0000000000000000000, -1.000000000000000000, 0.0000000000000000000 ) ) ;
#2576 = VECTOR ( 'NONE', #3780, 1000.000000000000000 ) ;
#2577 = ORIENTED_EDGE ( 'NONE', *, *, #858, .F. ) ;
#2578 = ORIENTED_EDGE ( 'NONE', *, *, #6800, .F. ) ;
#2579 = ORIENTED_EDGE ( 'NONE', *, *, #4072, .F. ) ;
#2580 = DIRECTION ( 'NONE',  ( -4.734196693780292900E-016, 1.000000000000000000, 0.0000000000000000000 ) ) ;
#2581 = DIRECTION ( 'NONE',  ( -0.0000000000000000000, -0.0000000000000000000, -1.000000000000000000 ) ) ;
#2582 = DIRECTION ( 'NONE',  ( -1.000000000000000000, 0.0000000000000000000, 0.0000000000000000000 ) ) ;
#2583 = CARTESIAN_POINT ( 'NONE',  ( 2.429015024641861100, 0.7474999999999991700, 2.397500000000000900 ) ) ;
#2584 = VECTOR ( 'NONE', #2632, 1000.000000000000100 ) ;
#2585 = ADVANCED_FACE ( 'NONE', ( #6822 ), #349, .F. ) ;
#2586 = EDGE_LOOP ( 'NONE', ( #1182, #2311, #4011, #2040 ) ) ;
#2587 = EDGE_LOOP ( 'NONE', ( #7417, #2604, #552, #2822, #1597, #5657, #1941, #4006, #7320, #1039, #4475, #875 ) ) ;
#2588 = ORIENTED_EDGE ( 'NONE', *, *, #1524, .T. ) ;
#2589 = EDGE_LOOP ( 'NONE', ( #6168, #3156 ) ) ;
#2590 = ORIENTED_EDGE ( 'NONE', *, *, #2923, .F. ) ;
#2591 = EDGE_CURVE ( 'NONE', #4875, #6523, #1982, .T. ) ;
#2592 = ORIENTED_EDGE ( 'NONE', *, *, #4060, .F. ) ;
#2593 = CARTESIAN_POINT ( 'NONE',  ( 2.870524920471619000, 0.2977008424331583100, -0.2024999999999991300 ) ) ;
#2594 = VECTOR ( 'NONE', #6441, 1000.000000000000000 ) ;
#2595 = EDGE_LOOP ( 'NONE', ( #4714, #2917, #4601, #540, #690, #6613, #6288, #1575, #7343, #3688, #1952, #2052 ) ) ;
#2596 = ORIENTED_EDGE ( 'NONE', *, *, #3526, .F. ) ;
#2597 = ORIENTED_EDGE ( 'NONE', *, *, #4495, .F. ) ;
#2598 = AXIS2_PLACEMENT_3D ( 'NONE', #6805, #3326, #5101 ) ;
#2599 = CARTESIAN_POINT ( 'NONE',  ( 2.870524920471619400, 0.2977008424331583100, 1.502500000000000800 ) ) ;
#2600 = EDGE_CURVE ( 'NONE', #4406, #3372, #4724, .T. ) ;
#2601 = CARTESIAN_POINT ( 'NONE',  ( -2.200000000000002000, 0.7475000000000001600, -1.097499999999999000 ) ) ;
#2602 = EDGE_CURVE ( 'NONE', #3849, #536, #263, .T. ) ;
#2603 = ORIENTED_EDGE ( 'NONE', *, *, #4116, .F. ) ;
#2604 = ORIENTED_EDGE ( 'NONE', *, *, #1523, .T. ) ;
#2605 = DIRECTION ( 'NONE',  ( 0.0000000000000000000, 1.000000000000000000, 0.0000000000000000000 ) ) ;
#2606 = DIRECTION ( 'NONE',  ( -1.000000000000000000, 0.0000000000000000000, 0.0000000000000000000 ) ) ;
#2607 =( NAMED_UNIT ( * ) SI_UNIT ( $, .STERADIAN. ) SOLID_ANGLE_UNIT ( ) );
#2608 = VECTOR ( 'NONE', #2188, 999.9999999999998900 ) ;
#2609 = CARTESIAN_POINT ( 'NONE',  ( -2.600000000000001000, 0.2500000000000001100, -2.397499999999999500 ) ) ;
#2610 = ORIENTED_EDGE ( 'NONE', *, *, #6857, .T. ) ;
#2611 = ORIENTED_EDGE ( 'NONE', *, *, #6158, .F. ) ;
#2612 = DIRECTION ( 'NONE',  ( 0.0000000000000000000, 0.0000000000000000000, 1.000000000000000000 ) ) ;
#2613 = EDGE_CURVE ( 'NONE', #1891, #2793, #4813, .T. ) ;
#2614 = AXIS2_PLACEMENT_3D ( 'NONE', #2521, #2612, #6679 ) ;
#2615 = UNCERTAINTY_MEASURE_WITH_UNIT (LENGTH_MEASURE( 1.000000000000000100E-005 ), #5053, 'distance_accuracy_value', 'NONE');
#2616 = FACE_OUTER_BOUND ( 'NONE', #3574, .T. ) ;
#2617 = CARTESIAN_POINT ( 'NONE',  ( 2.870524920471619000, 0.2977008424331583100, 0.4475000000000008400 ) ) ;
#2618 = ORIENTED_EDGE ( 'NONE', *, *, #3205, .T. ) ;
#2619 = DIRECTION ( 'NONE',  ( -0.06975647374411923800, -0.9975640502598246400, 0.0000000000000000000 ) ) ;
#2620 = DIRECTION ( 'NONE',  ( 0.06975647374411821100, -0.9975640502598247500, 0.0000000000000000000 ) ) ;
#2621 = AXIS2_PLACEMENT_3D ( 'NONE', #1128, #5645, #5698 ) ;
#2622 = LINE ( 'NONE', #4583, #5624 ) ;
#2623 = ORIENTED_EDGE ( 'NONE', *, *, #1779, .T. ) ;
#2624 = ADVANCED_FACE ( 'NONE', ( #6361 ), #3530, .F. ) ;
#2625 = DIRECTION ( 'NONE',  ( -1.000000000000000000, 0.0000000000000000000, 0.0000000000000000000 ) ) ;
#2626 = ORIENTED_EDGE ( 'NONE', *, *, #857, .T. ) ;
#2627 = DIRECTION ( 'NONE',  ( 1.000000000000000000, 4.734196693780292900E-016, -0.0000000000000000000 ) ) ;
#2628 = VECTOR ( 'NONE', #1033, 1000.000000000000000 ) ;
#2629 = AXIS2_PLACEMENT_3D ( 'NONE', #5544, #6142, #418 ) ;
#2630 = CARTESIAN_POINT ( 'NONE',  ( 2.200000000000000600, 0.7475000000000001600, -2.152499999999999400 ) ) ;
#2631 = DIRECTION ( 'NONE',  ( -0.0000000000000000000, -0.0000000000000000000, -1.000000000000000000 ) ) ;
#2632 = DIRECTION ( 'NONE',  ( -0.1736481776669299100, -0.9848077530122081300, 0.0000000000000000000 ) ) ;
#2633 = LINE ( 'NONE', #3706, #6923 ) ;
#2634 = DIRECTION ( 'NONE',  ( -0.0000000000000000000, -0.0000000000000000000, -1.000000000000000000 ) ) ;
#2635 = CIRCLE ( 'NONE', #4089, 0.1296982034251570600 ) ;
#2636 = CIRCLE ( 'NONE', #2182, 0.2746982034251563800 ) ;
#2637 = LINE ( 'NONE', #861, #2555 ) ;
#2638 = VERTEX_POINT ( 'NONE', #6483 ) ;
#2639 = CARTESIAN_POINT ( 'NONE',  ( -2.851362942456836500, 0.02367179002526185300, -2.152499999999999400 ) ) ;
#2640 = CARTESIAN_POINT ( 'NONE',  ( -2.199999999999999700, 0.6025000000000000400, -2.499999999999999600 ) ) ;
#2641 = EDGE_CURVE ( 'NONE', #3442, #6342, #7564, .T. ) ;
#2642 = COLOUR_RGB ( '',0.7921568627450980000, 0.8196078431372548800, 0.9333333333333333500 ) ;
#2643 = SURFACE_STYLE_FILL_AREA ( #221 ) ;
#2644 = LINE ( 'NONE', #6507, #6571 ) ;
#2645 = ORIENTED_EDGE ( 'NONE', *, *, #5346, .F. ) ;
#2646 = ORIENTED_EDGE ( 'NONE', *, *, #2703, .T. ) ;
#2647 = CARTESIAN_POINT ( 'NONE',  ( -3.200000000000001100, 0.1446467872876738600, -1.097499999999999000 ) ) ;
#2648 = CARTESIAN_POINT ( 'NONE',  ( -2.429015024641861600, 0.4728017965748428400, 0.2025000000000008500 ) ) ;
#2649 = CARTESIAN_POINT ( 'NONE',  ( -2.699539945113480100, 0.5205026390080010900, 2.397500000000000900 ) ) ;
#2650 = FACE_OUTER_BOUND ( 'NONE', #1586, .T. ) ;
#2651 = VECTOR ( 'NONE', #5240, 1000.000000000000000 ) ;
#2652 = ORIENTED_EDGE ( 'NONE', *, *, #5816, .T. ) ;
#2653 = EDGE_CURVE ( 'NONE', #5486, #6322, #3277, .T. ) ;
#2654 = ORIENTED_EDGE ( 'NONE', *, *, #823, .F. ) ;
#2655 = EDGE_CURVE ( 'NONE', #4398, #1665, #181, .T. ) ;
#2656 = DIRECTION ( 'NONE',  ( -0.0000000000000000000, -0.0000000000000000000, -1.000000000000000000 ) ) ;
#2657 = LINE ( 'NONE', #6104, #7130 ) ;
#2658 =( NAMED_UNIT ( * ) SI_UNIT ( $, .STERADIAN. ) SOLID_ANGLE_UNIT ( ) );
#2659 = ADVANCED_FACE ( 'NONE', ( #4440 ), #4084, .F. ) ;
#2660 = FACE_OUTER_BOUND ( 'NONE', #1337, .T. ) ;
#2661 = ORIENTED_EDGE ( 'NONE', *, *, #6466, .F. ) ;
#2662 = VERTEX_POINT ( 'NONE', #2027 ) ;
#2663 = AXIS2_PLACEMENT_3D ( 'NONE', #5154, #4620, #1144 ) ;
#2664 = VECTOR ( 'NONE', #4392, 1000.000000000000000 ) ;
#2665 = DIRECTION ( 'NONE',  ( -1.000000000000000000, 0.0000000000000000000, 0.0000000000000000000 ) ) ;
#2666 = DIRECTION ( 'NONE',  ( -0.0000000000000000000, -0.0000000000000000000, -1.000000000000000000 ) ) ;
#2667 = VERTEX_POINT ( 'NONE', #2078 ) ;
#2668 = EDGE_LOOP ( 'NONE', ( #5898, #4401, #2795, #3065 ) ) ;
#2669 = ORIENTED_EDGE ( 'NONE', *, *, #5568, .F. ) ;
#2670 = VERTEX_POINT ( 'NONE', #7220 ) ;
#2671 = CARTESIAN_POINT ( 'NONE',  ( 2.200000000000000600, 0.6025000000000000400, -2.152499999999999400 ) ) ;
#2672 = LINE ( 'NONE', #1812, #1141 ) ;
#2673 = DIRECTION ( 'NONE',  ( -0.0000000000000000000, -0.0000000000000000000, -1.000000000000000000 ) ) ;
#2674 = AXIS2_PLACEMENT_3D ( 'NONE', #2705, #5028, #2165 ) ;
#2675 = DIRECTION ( 'NONE',  ( -0.0000000000000000000, -0.0000000000000000000, -1.000000000000000000 ) ) ;
#2676 = ORIENTED_EDGE ( 'NONE', *, *, #5874, .F. ) ;
#2677 = VERTEX_POINT ( 'NONE', #3648 ) ;
#2678 = CARTESIAN_POINT ( 'NONE',  ( -2.851362942456836100, 0.02367179002526185300, 0.2025000000000008500 ) ) ;
#2679 = VECTOR ( 'NONE', #4775, 1000.000000000000000 ) ;
#2680 = DIRECTION ( 'NONE',  ( -4.260777024402263800E-015, -1.000000000000000000, 0.0000000000000000000 ) ) ;
#2681 = VERTEX_POINT ( 'NONE', #5467 ) ;
#2682 = VERTEX_POINT ( 'NONE', #2187 ) ;
#2683 = PLANE ( 'NONE',  #7418 ) ;
#2684 = VERTEX_POINT ( 'NONE', #1653 ) ;
#2685 = DIRECTION ( 'NONE',  ( 0.0000000000000000000, 0.0000000000000000000, 1.000000000000000000 ) ) ;
#2686 = VERTEX_POINT ( 'NONE', #467 ) ;
#2687 = EDGE_LOOP ( 'NONE', ( #4830, #3686, #1615, #859 ) ) ;
#2688 = LINE ( 'NONE', #210, #3963 ) ;
#2689 = EDGE_CURVE ( 'NONE', #3254, #3532, #5436, .T. ) ;
#2690 = ORIENTED_EDGE ( 'NONE', *, *, #214, .F. ) ;
#2691 = VERTEX_POINT ( 'NONE', #4012 ) ;
#2692 = CARTESIAN_POINT ( 'NONE',  ( -2.429015024641862000, 0.4728017965748428400, -1.747499999999999200 ) ) ;
#2693 = CARTESIAN_POINT ( 'NONE',  ( 2.200000000000001500, 0.6025000000000000400, 2.152500000000000700 ) ) ;
#2694 = DIRECTION ( 'NONE',  ( 0.0000000000000000000, -1.000000000000000000, 0.0000000000000000000 ) ) ;
#2695 = LINE ( 'NONE', #3727, #4704 ) ;
#2696 = AXIS2_PLACEMENT_3D ( 'NONE', #7477, #1693, #5814 ) ;
#2697 = ORIENTED_EDGE ( 'NONE', *, *, #5632, .F. ) ;
#2698 = ORIENTED_EDGE ( 'NONE', *, *, #5998, .T. ) ;
#2699 = ADVANCED_FACE ( 'NONE', ( #7189 ), #2729, .F. ) ;
#2700 = DIRECTION ( 'NONE',  ( -0.0000000000000000000, -0.0000000000000000000, -1.000000000000000000 ) ) ;
#2701 = EDGE_CURVE ( 'NONE', #131, #5167, #2167, .T. ) ;
#2702 = EDGE_CURVE ( 'NONE', #3245, #2662, #3105, .T. ) ;
#2703 = EDGE_CURVE ( 'NONE', #536, #5329, #6637, .T. ) ;
#2704 = CARTESIAN_POINT ( 'NONE',  ( -2.861477631149733600, 0.1683185773129357300, -0.8524999999999991500 ) ) ;
#2705 = CARTESIAN_POINT ( 'NONE',  ( -2.851362942456836500, 0.02367179002526185300, -2.152499999999999400 ) ) ;
#2706 = FACE_OUTER_BOUND ( 'NONE', #3557, .T. ) ;
#2707 = DIRECTION ( 'NONE',  ( 1.000000000000000000, 0.0000000000000000000, 0.0000000000000000000 ) ) ;
#2708 = ORIENTED_EDGE ( 'NONE', *, *, #4853, .T. ) ;
#2709 = AXIS2_PLACEMENT_3D ( 'NONE', #3853, #353, #3907 ) ;
#2710 = CARTESIAN_POINT ( 'NONE',  ( -2.742797124186770600, 0.2751789857617048500, -1.502499999999999100 ) ) ;
#2711 = CARTESIAN_POINT ( 'NONE',  ( -2.699539945113480900, 0.5205026390080010900, -1.747499999999999200 ) ) ;
#2712 = DIRECTION ( 'NONE',  ( -1.000000000000000000, 0.0000000000000000000, 0.0000000000000000000 ) ) ;
#2713 = CARTESIAN_POINT ( 'NONE',  ( 2.556742820926709600, 0.4953236532462962400, -2.152499999999999400 ) ) ;
#2714 = AXIS2_PLACEMENT_3D ( 'NONE', #6074, #1455, #5530 ) ;
#2715 = DIRECTION ( 'NONE',  ( 3.787357355024234400E-015, -1.000000000000000000, 0.0000000000000000000 ) ) ;
#2716 = VECTOR ( 'NONE', #5311, 1000.000000000000000 ) ;
#2717 = DIRECTION ( 'NONE',  ( 0.0000000000000000000, 0.0000000000000000000, 1.000000000000000000 ) ) ;
#2718 = ORIENTED_EDGE ( 'NONE', *, *, #4447, .T. ) ;
#2719 = STYLED_ITEM ( 'NONE', ( #3819 ), #831 ) ;
#2720 = CARTESIAN_POINT ( 'NONE',  ( -2.870524920471619400, 0.2977008424331583100, 1.747500000000000700 ) ) ;
#2721 = FACE_OUTER_BOUND ( 'NONE', #2251, .T. ) ;
#2722 = CIRCLE ( 'NONE', #3297, 0.1296982034251575000 ) ;
#2723 = CARTESIAN_POINT ( 'NONE',  ( -2.429015024641861600, 0.4728017965748428400, 0.2025000000000008500 ) ) ;
#2724 = DIRECTION ( 'NONE',  ( -0.0000000000000000000, -0.0000000000000000000, -1.000000000000000000 ) ) ;
#2725 = PRESENTATION_LAYER_ASSIGNMENT (  '', '', ( #5139 ) ) ;
#2726 = CIRCLE ( 'NONE', #3696, 0.2746982034251563800 ) ;
#2727 = DIRECTION ( 'NONE',  ( -0.9975640502598247500, 0.06975647374411925200, -0.0000000000000000000 ) ) ;
#2728 = CARTESIAN_POINT ( 'NONE',  ( -2.200000000000002400, 0.7475000000000001600, -1.747499999999999200 ) ) ;
#2729 = PLANE ( 'NONE',  #7453 ) ;
#2730 = VERTEX_POINT ( 'NONE', #3494 ) ;
#2731 = CARTESIAN_POINT ( 'NONE',  ( 2.200000000000000600, 0.6025000000000000400, -1.502499999999999100 ) ) ;
#2732 = CARTESIAN_POINT ( 'NONE',  ( -2.556742820926711300, 0.4953236532462962400, -2.152499999999999400 ) ) ;
#2733 = VECTOR ( 'NONE', #6381, 1000.000000000000000 ) ;
#2734 = CARTESIAN_POINT ( 'NONE',  ( 2.199999999999999700, 0.6025000000000000400, -2.500000000000000400 ) ) ;
#2735 = CARTESIAN_POINT ( 'NONE',  ( 2.429015024641860700, 0.6025000000000000400, -1.097499999999999000 ) ) ;
#2736 = FACE_OUTER_BOUND ( 'NONE', #2017, .T. ) ;
#2737 = CARTESIAN_POINT ( 'NONE',  ( -2.200000000000001500, 0.6025000000000000400, 1.747500000000000700 ) ) ;
#2738 = CARTESIAN_POINT ( 'NONE',  ( 3.199999999999999300, 0.1446467872876735000, -2.152499999999999400 ) ) ;
#2739 = EDGE_CURVE ( 'NONE', #5060, #3050, #996, .T. ) ;
#2740 = CARTESIAN_POINT ( 'NONE',  ( -2.556742820926710500, 0.4953236532462962400, 1.747500000000000700 ) ) ;
#2741 = LINE ( 'NONE', #4329, #1205 ) ;
#2742 = DIRECTION ( 'NONE',  ( -0.0000000000000000000, -0.0000000000000000000, -1.000000000000000000 ) ) ;
#2743 = LINE ( 'NONE', #7250, #7483 ) ;
#2744 = CARTESIAN_POINT ( 'NONE',  ( 2.200000000000001100, 0.6025000000000000400, -0.2024999999999991300 ) ) ;
#2745 = ORIENTED_EDGE ( 'NONE', *, *, #2689, .F. ) ;
#2746 = ADVANCED_FACE ( 'NONE', ( #5631 ), #83, .T. ) ;
#2747 = VECTOR ( 'NONE', #639, 1000.000000000000000 ) ;
#2748 = AXIS2_PLACEMENT_3D ( 'NONE', #7109, #2419, #3051 ) ;
#2749 = DIRECTION ( 'NONE',  ( -0.0000000000000000000, -0.0000000000000000000, -1.000000000000000000 ) ) ;
#2750 = DIRECTION ( 'NONE',  ( -1.000000000000000000, 0.0000000000000000000, 0.0000000000000000000 ) ) ;
#2751 = CARTESIAN_POINT ( 'NONE',  ( -2.851362942456836100, 0.02367179002526185300, 1.097500000000000800 ) ) ;
#2752 = CIRCLE ( 'NONE', #372, 0.1296982034251570600 ) ;
#2753 = ORIENTED_EDGE ( 'NONE', *, *, #6794, .F. ) ;
#2754 = CARTESIAN_POINT ( 'NONE',  ( 2.600000000000000100, 0.2500000000000001100, -0.4474999999999991200 ) ) ;
#2755 = ORIENTED_EDGE ( 'NONE', *, *, #3534, .F. ) ;
#2756 = EDGE_CURVE ( 'NONE', #236, #1929, #6273, .T. ) ;
#2757 = FACE_OUTER_BOUND ( 'NONE', #3101, .T. ) ;
#2758 = EDGE_CURVE ( 'NONE', #1665, #3078, #3099, .T. ) ;
#2759 = DIRECTION ( 'NONE',  ( 0.9659258262890680900, 0.2588190451025213500, -3.351228413831883600E-016 ) ) ;
#2760 = VECTOR ( 'NONE', #5984, 1000.000000000000000 ) ;
#2761 = DIRECTION ( 'NONE',  ( -1.000000000000000000, 0.0000000000000000000, 0.0000000000000000000 ) ) ;
#2762 = LINE ( 'NONE', #1067, #5665 ) ;
#2763 = ORIENTED_EDGE ( 'NONE', *, *, #3266, .T. ) ;
#2764 = UNCERTAINTY_MEASURE_WITH_UNIT (LENGTH_MEASURE( 1.000000000000000100E-005 ), #3878, 'distance_accuracy_value', 'NONE');
#2765 = CARTESIAN_POINT ( 'NONE',  ( 2.429015024641860700, 0.4728017965748428400, -0.4474999999999991200 ) ) ;
#2766 =( GEOMETRIC_REPRESENTATION_CONTEXT ( 3 ) GLOBAL_UNCERTAINTY_ASSIGNED_CONTEXT ( ( #5209 ) ) GLOBAL_UNIT_ASSIGNED_CONTEXT ( ( #4150, #702, #6532 ) ) REPRESENTATION_CONTEXT ( 'NONE', 'WORKASPACE' ) );
#2767 = CARTESIAN_POINT ( 'NONE',  ( 2.861477631149732300, 0.1683185773129356700, -1.502499999999999100 ) ) ;
#2768 = DIRECTION ( 'NONE',  ( -0.0000000000000000000, -0.0000000000000000000, -1.000000000000000000 ) ) ;
#2769 = VECTOR ( 'NONE', #7496, 1000.000000000000000 ) ;
#2770 = EDGE_CURVE ( 'NONE', #5118, #669, #2622, .T. ) ;
#2771 = AXIS2_PLACEMENT_3D ( 'NONE', #4066, #624, #5749 ) ;
#2772 = FACE_OUTER_BOUND ( 'NONE', #455, .T. ) ;
#2773 = ORIENTED_EDGE ( 'NONE', *, *, #6893, .F. ) ;
#2774 = DIRECTION ( 'NONE',  ( -0.1736481776669299100, -0.9848077530122081300, 0.0000000000000000000 ) ) ;
#2775 = CARTESIAN_POINT ( 'NONE',  ( 2.556742820926710000, 0.4953236532462962400, -1.097499999999999000 ) ) ;
#2776 = DIRECTION ( 'NONE',  ( 0.1736481776669299100, -0.9848077530122081300, 0.0000000000000000000 ) ) ;
#2777 = DIRECTION ( 'NONE',  ( 0.0000000000000000000, 0.0000000000000000000, 1.000000000000000000 ) ) ;
#2778 = DIRECTION ( 'NONE',  ( 1.000000000000000000, 0.0000000000000000000, 0.0000000000000000000 ) ) ;
#2779 = LINE ( 'NONE', #2375, #2966 ) ;
#2780 = VERTEX_POINT ( 'NONE', #7107 ) ;
#2781 = EDGE_LOOP ( 'NONE', ( #4131, #6089, #3045, #5909 ) ) ;
#2782 = ORIENTED_EDGE ( 'NONE', *, *, #6641, .T. ) ;
#2783 = CARTESIAN_POINT ( 'NONE',  ( 3.199999999999999700, 0.1446467872876735000, -1.097499999999999000 ) ) ;
#2784 = ORIENTED_EDGE ( 'NONE', *, *, #7394, .F. ) ;
#2785 = VERTEX_POINT ( 'NONE', #7035 ) ;
#2786 = VERTEX_POINT ( 'NONE', #5144 ) ;
#2787 = ORIENTED_EDGE ( 'NONE', *, *, #3921, .F. ) ;
#2788 = ADVANCED_FACE ( 'NONE', ( #3627 ), #1855, .F. ) ;
#2789 = DIRECTION ( 'NONE',  ( -1.000000000000000000, -4.734196693780292900E-016, 0.0000000000000000000 ) ) ;
#2790 = FACE_OUTER_BOUND ( 'NONE', #226, .T. ) ;
#2791 = DIRECTION ( 'NONE',  ( -0.0000000000000000000, -0.0000000000000000000, -1.000000000000000000 ) ) ;
#2792 = ORIENTED_EDGE ( 'NONE', *, *, #2092, .F. ) ;
#2793 = VERTEX_POINT ( 'NONE', #2498 ) ;
#2794 = DIRECTION ( 'NONE',  ( -0.0000000000000000000, -0.0000000000000000000, -1.000000000000000000 ) ) ;
#2795 = ORIENTED_EDGE ( 'NONE', *, *, #2496, .F. ) ;
#2796 = DIRECTION ( 'NONE',  ( 1.000000000000000000, -4.734196693780292900E-016, 0.0000000000000000000 ) ) ;
#2797 = ORIENTED_EDGE ( 'NONE', *, *, #406, .F. ) ;
#2798 = DIRECTION ( 'NONE',  ( 1.000000000000000000, 0.0000000000000000000, -1.971276677246371500E-016 ) ) ;
#2799 = CARTESIAN_POINT ( 'NONE',  ( 2.870524920471618600, 0.2977008424331583100, -1.747499999999999200 ) ) ;
#2800 = CARTESIAN_POINT ( 'NONE',  ( 2.851362942456835200, 0.02367179002526185300, 0.4475000000000008400 ) ) ;
#2801 = ORIENTED_EDGE ( 'NONE', *, *, #2099, .T. ) ;
#2802 = CARTESIAN_POINT ( 'NONE',  ( -2.870524920471619900, 0.2977008424331583100, -1.747499999999999200 ) ) ;
#2803 = ORIENTED_EDGE ( 'NONE', *, *, #5264, .F. ) ;
#2804 = DIRECTION ( 'NONE',  ( 1.000000000000000000, 0.0000000000000000000, 0.0000000000000000000 ) ) ;
#2805 = EDGE_CURVE ( 'NONE', #1811, #4697, #6913, .T. ) ;
#2806 = VECTOR ( 'NONE', #812, 1000.000000000000000 ) ;
#2807 = EDGE_LOOP ( 'NONE', ( #2984, #2578, #2792, #7016, #3582, #4039, #5721, #911, #153, #3773, #37, #1577 ) ) ;
#2808 = CARTESIAN_POINT ( 'NONE',  ( -2.200000000000002000, 0.7475000000000001600, 0.8525000000000008100 ) ) ;
#2809 = DIRECTION ( 'NONE',  ( -0.1736481776669299100, 0.9848077530122081300, -0.0000000000000000000 ) ) ;
#2810 = DIRECTION ( 'NONE',  ( 0.9848077530122081300, 0.1736481776669299100, -0.0000000000000000000 ) ) ;
#2811 = CARTESIAN_POINT ( 'NONE',  ( -2.200000000000002400, 0.6025000000000000400, -2.152499999999999400 ) ) ;
#2812 = MECHANICAL_DESIGN_GEOMETRIC_PRESENTATION_REPRESENTATION (  '', ( #2719 ), #4794 ) ;
#2813 = LINE ( 'NONE', #5963, #535 ) ;
#2814 = ORIENTED_EDGE ( 'NONE', *, *, #2260, .F. ) ;
#2815 = EDGE_CURVE ( 'NONE', #669, #4875, #2346, .T. ) ;
#2816 = EDGE_CURVE ( 'NONE', #2044, #6061, #4171, .T. ) ;
#2817 = CARTESIAN_POINT ( 'NONE',  ( 2.870524920471618600, 0.2977008424331583100, -1.747499999999999200 ) ) ;
#2818 = DIRECTION ( 'NONE',  ( 1.904107053313569700E-016, 0.2588190451025213500, 0.9659258262890680900 ) ) ;
#2819 = CARTESIAN_POINT ( 'NONE',  ( -3.200000000000000600, 0.1446467872876738600, 1.747500000000000700 ) ) ;
#2820 = DIRECTION ( 'NONE',  ( -0.0000000000000000000, 1.000000000000000000, -0.0000000000000000000 ) ) ;
#2821 = LINE ( 'NONE', #3465, #7002 ) ;
#2822 = ORIENTED_EDGE ( 'NONE', *, *, #6687, .T. ) ;
#2823 = CARTESIAN_POINT ( 'NONE',  ( -2.429015024641862000, 0.4728017965748428400, -2.397499999999999500 ) ) ;
#2824 = CARTESIAN_POINT ( 'NONE',  ( 2.429015024641860300, 0.4728017965748428400, -1.502499999999999100 ) ) ;
#2825 = DIRECTION ( 'NONE',  ( -0.0000000000000000000, 0.0000000000000000000, -1.000000000000000000 ) ) ;
#2826 = CARTESIAN_POINT ( 'NONE',  ( -2.861477631149733600, 0.1683185773129357900, 1.097500000000000800 ) ) ;
#2827 = AXIS2_PLACEMENT_3D ( 'NONE', #2507, #1290, #3669 ) ;
#2828 = DIRECTION ( 'NONE',  ( -0.0000000000000000000, -0.0000000000000000000, -1.000000000000000000 ) ) ;
#2829 = VECTOR ( 'NONE', #7289, 1000.000000000000000 ) ;
#2830 = ADVANCED_FACE ( 'NONE', ( #5811 ), #1619, .T. ) ;
#2831 = LINE ( 'NONE', #2903, #5732 ) ;
#2832 = CARTESIAN_POINT ( 'NONE',  ( 2.200000000000001500, 0.6025000000000000400, 1.747500000000000700 ) ) ;
#2833 = CYLINDRICAL_SURFACE ( 'NONE', #4233, 0.2746982034251563800 ) ;
#2834 = AXIS2_PLACEMENT_3D ( 'NONE', #5442, #4306, #4961 ) ;
#2835 = VECTOR ( 'NONE', #4872, 1000.000000000000000 ) ;
#2836 = VECTOR ( 'NONE', #1610, 1000.000000000000100 ) ;
#2837 = VERTEX_POINT ( 'NONE', #846 ) ;
#2838 = CARTESIAN_POINT ( 'NONE',  ( -1.570720790471951100, 1.099999999999999200, -2.096785749842945600 ) ) ;
#2839 = CARTESIAN_POINT ( 'NONE',  ( -2.200000000000001500, 0.7475000000000001600, 2.397500000000000900 ) ) ;
#2840 = DIRECTION ( 'NONE',  ( -0.9975640502598248600, 0.06975647374411675400, 0.0000000000000000000 ) ) ;
#2841 = VECTOR ( 'NONE', #7155, 1000.000000000000000 ) ;
#2842 = VECTOR ( 'NONE', #5964, 1000.000000000000000 ) ;
#2843 = ORIENTED_EDGE ( 'NONE', *, *, #3266, .F. ) ;
#2844 = ORIENTED_EDGE ( 'NONE', *, *, #4456, .F. ) ;
#2845 = CARTESIAN_POINT ( 'NONE',  ( 3.199999999999999700, 0.1446467872876735000, 0.4475000000000008400 ) ) ;
#2846 = DIRECTION ( 'NONE',  ( 0.2505628070857322500, 0.9351131265310291800, 0.2505628070857320900 ) ) ;
#2847 = CARTESIAN_POINT ( 'NONE',  ( -2.870524920471619900, 0.2977008424331583100, -1.502499999999999100 ) ) ;
#2848 = EDGE_CURVE ( 'NONE', #4680, #3419, #538, .T. ) ;
#2849 = CARTESIAN_POINT ( 'NONE',  ( 2.851362942456835200, 0.02367179002526185300, -0.8524999999999991500 ) ) ;
#2850 = VECTOR ( 'NONE', #2153, 1000.000000000000100 ) ;
#2851 = LINE ( 'NONE', #4661, #1300 ) ;
#2852 = ORIENTED_EDGE ( 'NONE', *, *, #4643, .T. ) ;
#2853 = ORIENTED_EDGE ( 'NONE', *, *, #7458, .T. ) ;
#2854 = AXIS2_PLACEMENT_3D ( 'NONE', #1289, #1247, #5297 ) ;
#2855 = VECTOR ( 'NONE', #1827, 1000.000000000000000 ) ;
#2856 = DIRECTION ( 'NONE',  ( -1.000000000000000000, 4.734196693780292900E-016, 0.0000000000000000000 ) ) ;
#2857 = LINE ( 'NONE', #1946, #2392 ) ;
#2858 = EDGE_CURVE ( 'NONE', #7504, #1935, #5532, .T. ) ;
#2859 = CARTESIAN_POINT ( 'NONE',  ( -2.861477631149733600, 0.1683185773129357900, -1.097499999999999000 ) ) ;
#2860 = ORIENTED_EDGE ( 'NONE', *, *, #6007, .T. ) ;
#2861 = ORIENTED_EDGE ( 'NONE', *, *, #3439, .T. ) ;
#2862 = EDGE_CURVE ( 'NONE', #4436, #2786, #4627, .T. ) ;
#2863 = VECTOR ( 'NONE', #7170, 1000.000000000000100 ) ;
#2864 = ADVANCED_FACE ( 'NONE', ( #4252 ), #4437, .T. ) ;
#2865 = SURFACE_STYLE_USAGE ( .BOTH. , #6343 ) ;
#2866 = ORIENTED_EDGE ( 'NONE', *, *, #898, .T. ) ;
#2867 = EDGE_LOOP ( 'NONE', ( #5776, #4657, #255, #677 ) ) ;
#2868 = ORIENTED_EDGE ( 'NONE', *, *, #403, .F. ) ;
#2869 = AXIS2_PLACEMENT_3D ( 'NONE', #802, #4284, #6636 ) ;
#2870 = DIRECTION ( 'NONE',  ( 0.0000000000000000000, 0.0000000000000000000, 1.000000000000000000 ) ) ;
#2871 = DIRECTION ( 'NONE',  ( -0.0000000000000000000, -0.0000000000000000000, -1.000000000000000000 ) ) ;
#2872 = DIRECTION ( 'NONE',  ( 0.9975640502598247500, 0.06975647374411804400, -0.0000000000000000000 ) ) ;
#2873 = EDGE_CURVE ( 'NONE', #3183, #7559, #1710, .T. ) ;
#2874 = LINE ( 'NONE', #6892, #7331 ) ;
#2875 = AXIS2_PLACEMENT_3D ( 'NONE', #1559, #5009, #3789 ) ;
#2876 = CARTESIAN_POINT ( 'NONE',  ( -2.861477631149733600, 0.1683185773129357900, -0.2024999999999991300 ) ) ;
#2877 = CARTESIAN_POINT ( 'NONE',  ( -3.189885311307104000, -3.382275553165428400E-020, -2.152499999999999400 ) ) ;
#2878 = DIRECTION ( 'NONE',  ( -0.9975640502598247500, 0.06975647374411925200, -0.0000000000000000000 ) ) ;
#2879 = ORIENTED_EDGE ( 'NONE', *, *, #4162, .F. ) ;
#2880 = ORIENTED_EDGE ( 'NONE', *, *, #7341, .F. ) ;
#2881 = DIRECTION ( 'NONE',  ( -0.0000000000000000000, -0.0000000000000000000, -1.000000000000000000 ) ) ;
#2882 = CIRCLE ( 'NONE', #2462, 0.1296982034251570600 ) ;
#2883 = ORIENTED_EDGE ( 'NONE', *, *, #1160, .T. ) ;
#2884 = ORIENTED_EDGE ( 'NONE', *, *, #1962, .F. ) ;
#2885 = AXIS2_PLACEMENT_3D ( 'NONE', #6339, #514, #1081 ) ;
#2886 = ORIENTED_EDGE ( 'NONE', *, *, #1511, .T. ) ;
#2887 = ORIENTED_EDGE ( 'NONE', *, *, #4216, .T. ) ;
#2888 = CARTESIAN_POINT ( 'NONE',  ( 2.870524920471619400, 0.2977008424331583100, 1.747500000000000700 ) ) ;
#2889 = FILL_AREA_STYLE_COLOUR ( '', #2642 ) ;
#2890 = DIRECTION ( 'NONE',  ( 0.9975640502598247500, 0.06975647374411804400, -0.0000000000000000000 ) ) ;
#2891 = CARTESIAN_POINT ( 'NONE',  ( -2.200000000000001500, 0.7475000000000001600, 1.747500000000000700 ) ) ;
#2892 = FACE_OUTER_BOUND ( 'NONE', #3453, .T. ) ;
#2893 = ORIENTED_EDGE ( 'NONE', *, *, #931, .T. ) ;
#2894 = ORIENTED_EDGE ( 'NONE', *, *, #673, .F. ) ;
#2895 = DIRECTION ( 'NONE',  ( -1.000000000000000000, 0.0000000000000000000, 0.0000000000000000000 ) ) ;
#2896 = LINE ( 'NONE', #5237, #2050 ) ;
#2897 = EDGE_CURVE ( 'NONE', #926, #3180, #1274, .T. ) ;
#2898 = CARTESIAN_POINT ( 'NONE',  ( 2.699539945113479600, 0.5205026390080010900, 1.097500000000000800 ) ) ;
#2899 = ORIENTED_EDGE ( 'NONE', *, *, #3290, .F. ) ;
#2900 = ORIENTED_EDGE ( 'NONE', *, *, #2099, .F. ) ;
#2901 = DIRECTION ( 'NONE',  ( -0.0000000000000000000, -0.0000000000000000000, -1.000000000000000000 ) ) ;
#2902 = CARTESIAN_POINT ( 'NONE',  ( 2.851362942456834700, 0.02367179002526185300, -2.152499999999999400 ) ) ;
#2903 = CARTESIAN_POINT ( 'NONE',  ( 2.200000000000001100, 0.7475000000000001600, -0.2024999999999991300 ) ) ;
#2904 = VECTOR ( 'NONE', #2675, 1000.000000000000000 ) ;
#2905 = AXIS2_PLACEMENT_3D ( 'NONE', #1361, #1526, #2107 ) ;
#2906 = EDGE_LOOP ( 'NONE', ( #1041, #7059, #6249, #3790 ) ) ;
#2907 = ORIENTED_EDGE ( 'NONE', *, *, #1379, .T. ) ;
#2908 = EDGE_CURVE ( 'NONE', #6268, #1049, #5992, .T. ) ;
#2909 = ADVANCED_FACE ( 'NONE', ( #5352 ), #6084, .F. ) ;
#2910 = DIRECTION ( 'NONE',  ( 0.9848077530122081300, -0.1736481776669299100, 0.0000000000000000000 ) ) ;
#2911 = EDGE_CURVE ( 'NONE', #154, #3166, #3012, .T. ) ;
#2912 = EDGE_CURVE ( 'NONE', #5433, #4571, #7274, .T. ) ;
#2913 = CARTESIAN_POINT ( 'NONE',  ( -2.200000000000002400, 0.7475000000000001600, -2.152499999999999400 ) ) ;
#2914 = DIRECTION ( 'NONE',  ( -0.0000000000000000000, -0.0000000000000000000, -1.000000000000000000 ) ) ;
#2915 = VECTOR ( 'NONE', #5908, 1000.000000000000100 ) ;
#2916 = DIRECTION ( 'NONE',  ( 0.9975640502598246400, -0.06975647374411923800, 0.0000000000000000000 ) ) ;
#2917 = ORIENTED_EDGE ( 'NONE', *, *, #1477, .T. ) ;
#2918 = AXIS2_PLACEMENT_3D ( 'NONE', #5791, #5246, #586 ) ;
#2919 = LINE ( 'NONE', #1723, #1360 ) ;
#2920 = CARTESIAN_POINT ( 'NONE',  ( -2.699539945113480500, 0.5205026390080010900, -0.2024999999999991300 ) ) ;
#2921 = EDGE_CURVE ( 'NONE', #4788, #6681, #1355, .T. ) ;
#2922 = PRODUCT_DEFINITION_CONTEXT ( 'detailed design', #5699, 'design' ) ;
#2923 = EDGE_CURVE ( 'NONE', #2131, #5586, #991, .T. ) ;
#2924 = CARTESIAN_POINT ( 'NONE',  ( -2.600000000000000500, 0.2500000000000001100, 2.152500000000000700 ) ) ;
#2925 = DIRECTION ( 'NONE',  ( 0.1736481776669299100, 0.9848077530122081300, 0.0000000000000000000 ) ) ;
#2926 = CARTESIAN_POINT ( 'NONE',  ( -1.570720790471951100, 1.199999999999999300, -2.096785749842945600 ) ) ;
#2927 = FACE_OUTER_BOUND ( 'NONE', #5594, .T. ) ;
#2928 = CARTESIAN_POINT ( 'NONE',  ( -3.189885311307103500, -3.382275553165428400E-020, 2.152500000000000700 ) ) ;
#2929 = DIRECTION ( 'NONE',  ( -0.1736481776669299100, 0.9848077530122081300, 0.0000000000000000000 ) ) ;
#2930 = ORIENTED_EDGE ( 'NONE', *, *, #2454, .F. ) ;
#2931 = PRESENTATION_STYLE_ASSIGNMENT (( #7175 ) ) ;
#2932 = DIRECTION ( 'NONE',  ( -0.0000000000000000000, -0.0000000000000000000, -1.000000000000000000 ) ) ;
#2933 = AXIS2_PLACEMENT_3D ( 'NONE', #4100, #3009, #655 ) ;
#2934 = VECTOR ( 'NONE', #4736, 1000.000000000000000 ) ;
#2935 = SURFACE_STYLE_USAGE ( .BOTH. , #6658 ) ;
#2936 = LINE ( 'NONE', #6329, #6837 ) ;
#2937 = VECTOR ( 'NONE', #7292, 1000.000000000000000 ) ;
#2938 = VERTEX_POINT ( 'NONE', #4902 ) ;
#2939 = DIRECTION ( 'NONE',  ( -0.9975640502598247500, 0.06975647374411925200, -0.0000000000000000000 ) ) ;
#2940 = DIRECTION ( 'NONE',  ( -0.0000000000000000000, -0.0000000000000000000, -1.000000000000000000 ) ) ;
#2941 = LINE ( 'NONE', #2957, #4917 ) ;
#2942 = ORIENTED_EDGE ( 'NONE', *, *, #5383, .T. ) ;
#2943 = CARTESIAN_POINT ( 'NONE',  ( 3.199999999999999700, 0.1446467872876735000, -0.2024999999999991300 ) ) ;
#2944 = LINE ( 'NONE', #5719, #2747 ) ;
#2945 = ADVANCED_FACE ( 'NONE', ( #4973 ), #3364, .F. ) ;
#2946 = ORIENTED_EDGE ( 'NONE', *, *, #3157, .F. ) ;
#2947 = DIRECTION ( 'NONE',  ( -0.0000000000000000000, -0.0000000000000000000, -1.000000000000000000 ) ) ;
#2948 = ORIENTED_EDGE ( 'NONE', *, *, #5621, .F. ) ;
#2949 = CARTESIAN_POINT ( 'NONE',  ( 2.199999999999999700, 1.199999999999999300, -2.378752990424917600 ) ) ;
#2950 = DIRECTION ( 'NONE',  ( 1.000000000000000000, 0.0000000000000000000, 0.0000000000000000000 ) ) ;
#2951 = FILL_AREA_STYLE_COLOUR ( '', #7020 ) ;
#2952 = LINE ( 'NONE', #4783, #1388 ) ;
#2953 = ORIENTED_EDGE ( 'NONE', *, *, #25, .F. ) ;
#2954 = VECTOR ( 'NONE', #1200, 1000.000000000000000 ) ;
#2955 = EDGE_CURVE ( 'NONE', #4144, #5887, #2821, .T. ) ;
#2956 = ORIENTED_EDGE ( 'NONE', *, *, #5062, .F. ) ;
#2957 = CARTESIAN_POINT ( 'NONE',  ( -2.078752990424915600, 0.1500000000000002700, 2.500000000000000000 ) ) ;
#2958 = CARTESIAN_POINT ( 'NONE',  ( 2.429015024641861100, 0.7474999999999991700, 1.502500000000000800 ) ) ;
#2959 = DIRECTION ( 'NONE',  ( 0.2588190451025213500, 0.9659258262890680900, 0.0000000000000000000 ) ) ;
#2960 = EDGE_CURVE ( 'NONE', #5771, #2972, #1520, .T. ) ;
#2961 = VECTOR ( 'NONE', #4556, 1000.000000000000000 ) ;
#2962 = VECTOR ( 'NONE', #6492, 1000.000000000000000 ) ;
#2963 = ORIENTED_EDGE ( 'NONE', *, *, #2310, .F. ) ;
#2964 = CARTESIAN_POINT ( 'NONE',  ( 2.200000000000001100, 0.6025000000000000400, -1.097499999999999000 ) ) ;
#2965 = DIRECTION ( 'NONE',  ( 1.000000000000000000, 0.0000000000000000000, 0.0000000000000000000 ) ) ;
#2966 = VECTOR ( 'NONE', #1225, 1000.000000000000000 ) ;
#2967 = EDGE_CURVE ( 'NONE', #4739, #1424, #6356, .T. ) ;
#2968 = EDGE_CURVE ( 'NONE', #581, #7333, #3788, .T. ) ;
#2969 = ORIENTED_EDGE ( 'NONE', *, *, #3392, .T. ) ;
#2970 = ORIENTED_EDGE ( 'NONE', *, *, #267, .T. ) ;
#2971 = DIRECTION ( 'NONE',  ( -4.260777024402263800E-015, -1.000000000000000000, 0.0000000000000000000 ) ) ;
#2972 = VERTEX_POINT ( 'NONE', #4758 ) ;
#2973 = DIRECTION ( 'NONE',  ( -0.1736481776669299100, 0.9848077530122081300, -0.0000000000000000000 ) ) ;
#2974 = CARTESIAN_POINT ( 'NONE',  ( -2.851362942456836500, 0.02367179002526185300, -2.152499999999999400 ) ) ;
#2975 = ORIENTED_EDGE ( 'NONE', *, *, #6555, .T. ) ;
#2976 = ORIENTED_EDGE ( 'NONE', *, *, #1722, .F. ) ;
#2977 = CARTESIAN_POINT ( 'NONE',  ( -2.429015024641861600, 0.4728017965748428400, -0.2024999999999991300 ) ) ;
#2978 = ORIENTED_EDGE ( 'NONE', *, *, #7237, .T. ) ;
#2979 = VERTEX_POINT ( 'NONE', #1239 ) ;
#2980 = DIRECTION ( 'NONE',  ( -1.000000000000000000, 0.0000000000000000000, 0.0000000000000000000 ) ) ;
#2981 = PLANE ( 'NONE',  #3964 ) ;
#2982 = CARTESIAN_POINT ( 'NONE',  ( 2.599999999999999600, 0.2500000000000001100, -2.152499999999999400 ) ) ;
#2983 = VECTOR ( 'NONE', #809, 1000.000000000000100 ) ;
#2984 = ORIENTED_EDGE ( 'NONE', *, *, #3756, .F. ) ;
#2985 = ORIENTED_EDGE ( 'NONE', *, *, #6914, .T. ) ;
#2986 = EDGE_LOOP ( 'NONE', ( #3, #3221, #2014, #1493 ) ) ;
#2987 = ORIENTED_EDGE ( 'NONE', *, *, #1423, .F. ) ;
#2988 = ADVANCED_FACE ( 'NONE', ( #4808 ), #1184, .F. ) ;
#2989 = AXIS2_PLACEMENT_3D ( 'NONE', #5863, #636, #4099 ) ;
#2990 = VECTOR ( 'NONE', #3102, 1000.000000000000000 ) ;
#2991 = DIRECTION ( 'NONE',  ( -0.0000000000000000000, -0.0000000000000000000, -1.000000000000000000 ) ) ;
#2992 = ORIENTED_EDGE ( 'NONE', *, *, #3404, .F. ) ;
#2993 = ORIENTED_EDGE ( 'NONE', *, *, #6451, .T. ) ;
#2994 = DIRECTION ( 'NONE',  ( -1.000000000000000000, 0.0000000000000000000, 0.0000000000000000000 ) ) ;
#2995 = ADVANCED_FACE ( 'NONE', ( #7558 ), #2102, .F. ) ;
#2996 = FACE_OUTER_BOUND ( 'NONE', #317, .T. ) ;
#2997 = ORIENTED_EDGE ( 'NONE', *, *, #1201, .T. ) ;
#2998 = DIRECTION ( 'NONE',  ( -0.0000000000000000000, -0.0000000000000000000, -1.000000000000000000 ) ) ;
#2999 = CARTESIAN_POINT ( 'NONE',  ( 2.556742820926710500, 0.4953236532462962400, 1.502500000000000800 ) ) ;
#3000 = DIRECTION ( 'NONE',  ( -0.9975640502598247500, -0.06975647374411821100, 0.0000000000000000000 ) ) ;
#3001 = DIRECTION ( 'NONE',  ( 1.000000000000000000, 0.0000000000000000000, 0.0000000000000000000 ) ) ;
#3002 = DIRECTION ( 'NONE',  ( 1.000000000000000000, 0.0000000000000000000, 0.0000000000000000000 ) ) ;
#3003 = EDGE_CURVE ( 'NONE', #4713, #134, #7370, .T. ) ;
#3004 = CIRCLE ( 'NONE', #6522, 0.2500000000000000000 ) ;
#3005 = ORIENTED_EDGE ( 'NONE', *, *, #4101, .T. ) ;
#3006 = UNCERTAINTY_MEASURE_WITH_UNIT (LENGTH_MEASURE( 1.000000000000000100E-005 ), #3673, 'distance_accuracy_value', 'NONE');
#3007 = CARTESIAN_POINT ( 'NONE',  ( 2.429015024641860700, 0.4728017965748428400, -0.4474999999999991200 ) ) ;
#3008 = CARTESIAN_POINT ( 'NONE',  ( 2.556742820926710000, 0.4953236532462962400, 0.8525000000000008100 ) ) ;
#3009 = DIRECTION ( 'NONE',  ( 0.9848077530122081300, -0.1736481776669299100, 0.0000000000000000000 ) ) ;
#3010 = CARTESIAN_POINT ( 'NONE',  ( -2.861477631149734100, 0.1683185773129357300, -1.502499999999999100 ) ) ;
#3011 = PRESENTATION_LAYER_ASSIGNMENT (  '', '', ( #1813 ) ) ;
#3012 = LINE ( 'NONE', #2151, #4345 ) ;
#3013 = LINE ( 'NONE', #2561, #998 ) ;
#3014 = EDGE_CURVE ( 'NONE', #5295, #2793, #4075, .T. ) ;
#3015 = EDGE_CURVE ( 'NONE', #2837, #6864, #3452, .T. ) ;
#3016 = DIRECTION ( 'NONE',  ( 0.9975640502598247500, 0.06975647374411804400, -0.0000000000000000000 ) ) ;
#3017 = CARTESIAN_POINT ( 'NONE',  ( -2.870524920471619400, 0.2977008424331583100, 0.4475000000000008400 ) ) ;
#3018 = DIRECTION ( 'NONE',  ( 1.000000000000000000, 0.0000000000000000000, 0.0000000000000000000 ) ) ;
#3019 = CYLINDRICAL_SURFACE ( 'NONE', #2869, 0.2746982034251563800 ) ;
#3020 = AXIS2_PLACEMENT_3D ( 'NONE', #5796, #1204, #26 ) ;
#3021 = FACE_OUTER_BOUND ( 'NONE', #158, .T. ) ;
#3022 = MECHANICAL_DESIGN_GEOMETRIC_PRESENTATION_REPRESENTATION (  '', ( #5344 ), #7557 ) ;
#3023 = ADVANCED_FACE ( 'NONE', ( #4434 ), #5020, .F. ) ;
#3024 = CARTESIAN_POINT ( 'NONE',  ( -3.200000000000000600, 0.1446467872876738600, 2.397500000000000900 ) ) ;
#3025 = EDGE_CURVE ( 'NONE', #6681, #2089, #1889, .T. ) ;
#3026 = VECTOR ( 'NONE', #3470, 1000.000000000000000 ) ;
#3027 = CARTESIAN_POINT ( 'NONE',  ( 2.429015024641860700, 0.7474999999999991700, -0.2024999999999991300 ) ) ;
#3028 = FACE_OUTER_BOUND ( 'NONE', #417, .T. ) ;
#3029 = VECTOR ( 'NONE', #272, 1000.000000000000000 ) ;
#3030 = ORIENTED_EDGE ( 'NONE', *, *, #5282, .F. ) ;
#3031 = ADVANCED_FACE ( 'NONE', ( #7467 ), #724, .F. ) ;
#3032 = CARTESIAN_POINT ( 'NONE',  ( -2.429015024641861600, 0.7474999999999992800, -0.2024999999999991300 ) ) ;
#3033 = AXIS2_PLACEMENT_3D ( 'NONE', #3537, #55, #563 ) ;
#3034 = COLOUR_RGB ( '',0.7921568627450980000, 0.8196078431372548800, 0.9333333333333333500 ) ;
#3035 = FACE_OUTER_BOUND ( 'NONE', #1521, .T. ) ;
#3036 = ORIENTED_EDGE ( 'NONE', *, *, #3906, .F. ) ;
#3037 = ORIENTED_EDGE ( 'NONE', *, *, #889, .F. ) ;
#3039 = CARTESIAN_POINT ( 'NONE',  ( 2.429015024641860700, 0.4728017965748428400, 0.4475000000000008400 ) ) ;
#3038 = DIRECTION ( 'NONE',  ( 1.000000000000000000, 0.0000000000000000000, 0.0000000000000000000 ) ) ;
#3040 = LINE ( 'NONE', #2639, #2284 ) ;
#3041 = CARTESIAN_POINT ( 'NONE',  ( -1.570720790471951100, 1.199999999999999300, -2.096785749842945600 ) ) ;
#3042 = CARTESIAN_POINT ( 'NONE',  ( 2.870524920471619400, 0.2977008424331583100, 2.152500000000000700 ) ) ;
#3043 = ORIENTED_EDGE ( 'NONE', *, *, #1189, .T. ) ;
#3044 = LINE ( 'NONE', #4647, #2954 ) ;
#3045 = ORIENTED_EDGE ( 'NONE', *, *, #356, .F. ) ;
#3046 = PRODUCT_DEFINITION_SHAPE ( 'NONE', 'NONE',  #3888 ) ;
#3047 = EDGE_LOOP ( 'NONE', ( #2274, #3677, #6153, #3744 ) ) ;
#3048 = COLOUR_RGB ( '',0.7921568627450980000, 0.8196078431372548800, 0.9333333333333333500 ) ;
#3049 = CARTESIAN_POINT ( 'NONE',  ( -2.200000000000002000, 0.6025000000000000400, 0.4475000000000008400 ) ) ;
#3050 = VERTEX_POINT ( 'NONE', #333 ) ;
#3051 = DIRECTION ( 'NONE',  ( -1.000000000000000000, 0.0000000000000000000, 0.0000000000000000000 ) ) ;
#3052 = LINE ( 'NONE', #865, #1472 ) ;
#3053 = ORIENTED_EDGE ( 'NONE', *, *, #356, .T. ) ;
#3054 = PLANE ( 'NONE',  #3941 ) ;
#3055 = LINE ( 'NONE', #7316, #7322 ) ;
#3056 = PLANE ( 'NONE',  #5274 ) ;
#3057 = ORIENTED_EDGE ( 'NONE', *, *, #6111, .F. ) ;
#3058 = EDGE_CURVE ( 'NONE', #5124, #4514, #5720, .T. ) ;
#3059 = VERTEX_POINT ( 'NONE', #1496 ) ;
#3060 = ADVANCED_FACE ( 'NONE', ( #6714 ), #4477, .F. ) ;
#3061 = LINE ( 'NONE', #3434, #222 ) ;
#3062 = ORIENTED_EDGE ( 'NONE', *, *, #2739, .F. ) ;
#3063 = ORIENTED_EDGE ( 'NONE', *, *, #2703, .F. ) ;
#3064 = ORIENTED_EDGE ( 'NONE', *, *, #2641, .F. ) ;
#3065 = ORIENTED_EDGE ( 'NONE', *, *, #7195, .T. ) ;
#3066 = AXIS2_PLACEMENT_3D ( 'NONE', #7019, #47, #4102 ) ;
#3067 = DIRECTION ( 'NONE',  ( 1.000000000000000000, 0.0000000000000000000, 0.0000000000000000000 ) ) ;
#3068 = CARTESIAN_POINT ( 'NONE',  ( -2.556742820926711300, 0.4953236532462962400, -1.747499999999999200 ) ) ;
#3069 = CARTESIAN_POINT ( 'NONE',  ( 2.870524920471618600, 0.2977008424331583100, -2.397499999999999500 ) ) ;
#3070 = CARTESIAN_POINT ( 'NONE',  ( 2.429015024641860700, 0.4728017965748428400, 0.8525000000000008100 ) ) ;
#3071 = ORIENTED_EDGE ( 'NONE', *, *, #1005, .F. ) ;
#3072 = EDGE_CURVE ( 'NONE', #4473, #7428, #1091, .T. ) ;
#3073 = LINE ( 'NONE', #2233, #510 ) ;
#3074 = EDGE_CURVE ( 'NONE', #6130, #6223, #5905, .T. ) ;
#3075 = ADVANCED_FACE ( 'NONE', ( #6905 ), #4165, .F. ) ;
#3076 = EDGE_LOOP ( 'NONE', ( #227, #4005, #2843, #943 ) ) ;
#3077 = VERTEX_POINT ( 'NONE', #3879 ) ;
#3078 = VERTEX_POINT ( 'NONE', #6245 ) ;
#3079 = ORIENTED_EDGE ( 'NONE', *, *, #1777, .F. ) ;
#3080 = ORIENTED_EDGE ( 'NONE', *, *, #1199, .T. ) ;
#3081 = CARTESIAN_POINT ( 'NONE',  ( 2.699539945113479600, 0.5205026390080010900, 0.4475000000000008400 ) ) ;
#3082 = CARTESIAN_POINT ( 'NONE',  ( -2.556742820926711300, 0.4953236532462962400, -2.152499999999999400 ) ) ;
#3083 = CIRCLE ( 'NONE', #6622, 0.2746982034251563800 ) ;
#3084 = ORIENTED_EDGE ( 'NONE', *, *, #3957, .T. ) ;
#3085 = ORIENTED_EDGE ( 'NONE', *, *, #5527, .F. ) ;
#3086 = AXIS2_PLACEMENT_3D ( 'NONE', #6993, #5843, #3504 ) ;
#3087 = MANIFOLD_SOLID_BREP ( 'Boss-Extrude4[1]', #4403 ) ;
#3088 = DIRECTION ( 'NONE',  ( -1.000000000000000000, -3.787357355024234400E-015, 0.0000000000000000000 ) ) ;
#3089 = CARTESIAN_POINT ( 'NONE',  ( 2.429015024641860700, 0.4728017965748428400, 0.8525000000000008100 ) ) ;
#3090 = DIRECTION ( 'NONE',  ( -0.9975640502598247500, -0.06975647374411804400, 0.0000000000000000000 ) ) ;
#3091 =( NAMED_UNIT ( * ) SI_UNIT ( $, .STERADIAN. ) SOLID_ANGLE_UNIT ( ) );
#3092 = CARTESIAN_POINT ( 'NONE',  ( 2.429015024641861100, 0.4728017965748428400, 1.747500000000000700 ) ) ;
#3093 = VECTOR ( 'NONE', #6550, 1000.000000000000100 ) ;
#3094 = ORIENTED_EDGE ( 'NONE', *, *, #6555, .F. ) ;
#3095 = CARTESIAN_POINT ( 'NONE',  ( -2.429015024641862000, 0.6024999999999999200, -1.502499999999999100 ) ) ;
#3096 = CARTESIAN_POINT ( 'NONE',  ( -2.556742820926710900, 0.4953236532462962400, -0.8524999999999991500 ) ) ;
#3097 = ORIENTED_EDGE ( 'NONE', *, *, #7550, .F. ) ;
#3098 = DIRECTION ( 'NONE',  ( 1.000000000000000000, 0.0000000000000000000, 0.0000000000000000000 ) ) ;
#3099 = LINE ( 'NONE', #1705, #3880 ) ;
#3100 = CARTESIAN_POINT ( 'NONE',  ( 2.870524920471619000, 0.2977008424331583100, 0.4475000000000008400 ) ) ;
#3101 = EDGE_LOOP ( 'NONE', ( #1254, #2028, #2269, #3415 ) ) ;
#3102 = DIRECTION ( 'NONE',  ( -0.0000000000000000000, -0.0000000000000000000, -1.000000000000000000 ) ) ;
#3103 = CARTESIAN_POINT ( 'NONE',  ( -2.556742820926710900, 0.4953236532462962400, 0.4475000000000008400 ) ) ;
#3104 = EDGE_CURVE ( 'NONE', #4998, #4047, #1801, .T. ) ;
#3105 = LINE ( 'NONE', #1627, #5064 ) ;
#3106 = CARTESIAN_POINT ( 'NONE',  ( -2.742797124186770100, 0.2751789857617048500, -0.2024999999999991300 ) ) ;
#3107 = ADVANCED_FACE ( 'NONE', ( #2616 ), #738, .T. ) ;
#3108 = CARTESIAN_POINT ( 'NONE',  ( -2.200000000000002000, 0.6025000000000000400, -0.2024999999999991300 ) ) ;
#3109 = DIRECTION ( 'NONE',  ( -0.0000000000000000000, -0.0000000000000000000, -1.000000000000000000 ) ) ;
#3110 = AXIS2_PLACEMENT_3D ( 'NONE', #3039, #178, #7097 ) ;
#3111 = CARTESIAN_POINT ( 'NONE',  ( -2.200000000000002000, 0.7475000000000001600, -1.097499999999999000 ) ) ;
#3112 = VECTOR ( 'NONE', #2491, 1000.000000000000100 ) ;
#3113 = EDGE_CURVE ( 'NONE', #4487, #7514, #4622, .T. ) ;
#3114 = EDGE_CURVE ( 'NONE', #7514, #2227, #6267, .T. ) ;
#3115 = VERTEX_POINT ( 'NONE', #6779 ) ;
#3116 = EDGE_CURVE ( 'NONE', #3943, #3174, #340, .T. ) ;
#3117 = DIRECTION ( 'NONE',  ( -0.0000000000000000000, -0.0000000000000000000, -1.000000000000000000 ) ) ;
#3118 = CARTESIAN_POINT ( 'NONE',  ( 2.556742820926710000, 0.4953236532462962400, -0.2024999999999991300 ) ) ;
#3119 = DIRECTION ( 'NONE',  ( 0.9975640502598247500, 0.06975647374411804400, -0.0000000000000000000 ) ) ;
#3120 = LINE ( 'NONE', #3471, #2934 ) ;
#3121 = DIRECTION ( 'NONE',  ( -0.0000000000000000000, -1.000000000000000000, -0.0000000000000000000 ) ) ;
#3122 = DIRECTION ( 'NONE',  ( -0.0000000000000000000, -0.0000000000000000000, -1.000000000000000000 ) ) ;
#3123 = LINE ( 'NONE', #6462, #7117 ) ;
#3124 =( GEOMETRIC_REPRESENTATION_CONTEXT ( 3 ) GLOBAL_UNCERTAINTY_ASSIGNED_CONTEXT ( ( #3857 ) ) GLOBAL_UNIT_ASSIGNED_CONTEXT ( ( #5800, #4727, #56 ) ) REPRESENTATION_CONTEXT ( 'NONE', 'WORKASPACE' ) );
#3125 = VERTEX_POINT ( 'NONE', #2928 ) ;
#3126 = LINE ( 'NONE', #743, #4188 ) ;
#3127 = ORIENTED_EDGE ( 'NONE', *, *, #1045, .F. ) ;
#3128 = AXIS2_PLACEMENT_3D ( 'NONE', #2493, #130, #2994 ) ;
#3129 = DIRECTION ( 'NONE',  ( -1.000000000000000000, 0.0000000000000000000, 0.0000000000000000000 ) ) ;
#3130 = DIRECTION ( 'NONE',  ( 1.000000000000000000, -4.734196693780292900E-016, 0.0000000000000000000 ) ) ;
#3131 = VECTOR ( 'NONE', #975, 1000.000000000000100 ) ;
#3132 = LINE ( 'NONE', #5151, #2475 ) ;
#3133 = ORIENTED_EDGE ( 'NONE', *, *, #4541, .F. ) ;
#3134 = ORIENTED_EDGE ( 'NONE', *, *, #5971, .T. ) ;
#3135 = CARTESIAN_POINT ( 'NONE',  ( 2.429015024641861100, 0.6025000000000000400, 1.747500000000000700 ) ) ;
#3136 = CARTESIAN_POINT ( 'NONE',  ( -3.200000000000001100, 0.1446467872876738600, 1.097500000000000800 ) ) ;
#3137 = LINE ( 'NONE', #4969, #7221 ) ;
#3138 = AXIS2_PLACEMENT_3D ( 'NONE', #449, #5006, #2712 ) ;
#3139 = DIRECTION ( 'NONE',  ( -0.0000000000000000000, -0.0000000000000000000, -1.000000000000000000 ) ) ;
#3140 = LINE ( 'NONE', #3889, #5471 ) ;
#3141 = LINE ( 'NONE', #6818, #5011 ) ;
#3142 = ORIENTED_EDGE ( 'NONE', *, *, #5234, .F. ) ;
#3143 = CARTESIAN_POINT ( 'NONE',  ( -2.851362942456835600, 0.02367179002526185300, 1.747500000000000700 ) ) ;
#3144 = DIRECTION ( 'NONE',  ( -1.000000000000000000, 0.0000000000000000000, 0.0000000000000000000 ) ) ;
#3145 = DIRECTION ( 'NONE',  ( -1.000000000000000000, 0.0000000000000000000, 0.0000000000000000000 ) ) ;
#3146 = VECTOR ( 'NONE', #384, 1000.000000000000000 ) ;
#3147 = DIRECTION ( 'NONE',  ( 0.9975640502598247500, 0.06975647374411821100, 0.0000000000000000000 ) ) ;
#3148 = ADVANCED_FACE ( 'NONE', ( #5141 ), #5813, .F. ) ;
#3149 = ORIENTED_EDGE ( 'NONE', *, *, #858, .T. ) ;
#3150 = ORIENTED_EDGE ( 'NONE', *, *, #3447, .F. ) ;
#3151 = EDGE_CURVE ( 'NONE', #5330, #5372, #3004, .T. ) ;
#3152 = LINE ( 'NONE', #3603, #39 ) ;
#3153 = ORIENTED_EDGE ( 'NONE', *, *, #1830, .T. ) ;
#3154 = ORIENTED_EDGE ( 'NONE', *, *, #6949, .F. ) ;
#3155 = EDGE_LOOP ( 'NONE', ( #5212, #4046, #4076, #6510 ) ) ;
#3156 = ORIENTED_EDGE ( 'NONE', *, *, #3151, .F. ) ;
#3157 = EDGE_CURVE ( 'NONE', #4607, #6620, #3702, .T. ) ;
#3158 = VECTOR ( 'NONE', #1895, 1000.000000000000000 ) ;
#3159 = CARTESIAN_POINT ( 'NONE',  ( 2.200000000000001100, 0.7475000000000001600, -0.2024999999999991300 ) ) ;
#3160 = EDGE_CURVE ( 'NONE', #5287, #3695, #3360, .T. ) ;
#3161 = ORIENTED_EDGE ( 'NONE', *, *, #3350, .F. ) ;
#3162 = ORIENTED_EDGE ( 'NONE', *, *, #3713, .T. ) ;
#3164 = ORIENTED_EDGE ( 'NONE', *, *, #1338, .T. ) ;
#3163 = EDGE_CURVE ( 'NONE', #3254, #6337, #6707, .T. ) ;
#3165 = VERTEX_POINT ( 'NONE', #1692 ) ;
#3166 = VERTEX_POINT ( 'NONE', #4638 ) ;
#3167 = CARTESIAN_POINT ( 'NONE',  ( -1.570720790471951100, 1.099999999999999200, -1.846785749842945600 ) ) ;
#3168 = FACE_OUTER_BOUND ( 'NONE', #1213, .T. ) ;
#3169 = AXIS2_PLACEMENT_3D ( 'NONE', #284, #4970, #6105 ) ;
#3170 = DIRECTION ( 'NONE',  ( 0.1736481776669299100, 0.9848077530122081300, -0.0000000000000000000 ) ) ;
#3171 = VERTEX_POINT ( 'NONE', #2267 ) ;
#3172 = ORIENTED_EDGE ( 'NONE', *, *, #5269, .T. ) ;
#3173 = EDGE_LOOP ( 'NONE', ( #4309, #6321, #5524, #1082 ) ) ;
#3174 = VERTEX_POINT ( 'NONE', #4077 ) ;
#3175 = CARTESIAN_POINT ( 'NONE',  ( -2.200000000000002400, 0.7475000000000001600, -1.747499999999999200 ) ) ;
#3176 = EDGE_CURVE ( 'NONE', #1508, #250, #258, .T. ) ;
#3177 = AXIS2_PLACEMENT_3D ( 'NONE', #1849, #1281, #774 ) ;
#3178 = FACE_OUTER_BOUND ( 'NONE', #3483, .T. ) ;
#3179 = ORIENTED_EDGE ( 'NONE', *, *, #7384, .T. ) ;
#3180 = VERTEX_POINT ( 'NONE', #7476 ) ;
#3181 = PLANE ( 'NONE',  #3463 ) ;
#3182 = VECTOR ( 'NONE', #4785, 1000.000000000000000 ) ;
#3183 = VERTEX_POINT ( 'NONE', #4667 ) ;
#3184 = ADVANCED_FACE ( 'NONE', ( #4339 ), #2246, .F. ) ;
#3185 = DIRECTION ( 'NONE',  ( 0.0000000000000000000, 0.0000000000000000000, 1.000000000000000000 ) ) ;
#3186 = DIRECTION ( 'NONE',  ( -0.1736481776669299100, -0.9848077530122081300, 0.0000000000000000000 ) ) ;
#3187 = LINE ( 'NONE', #6348, #3619 ) ;
#3188 = EDGE_LOOP ( 'NONE', ( #6495, #6124, #3932, #6478 ) ) ;
#3189 = AXIS2_PLACEMENT_3D ( 'NONE', #4548, #2810, #4443 ) ;
#3190 = DIRECTION ( 'NONE',  ( -1.000000000000000000, 0.0000000000000000000, 0.0000000000000000000 ) ) ;
#3191 = DIRECTION ( 'NONE',  ( 1.000000000000000000, 0.0000000000000000000, 0.0000000000000000000 ) ) ;
#3192 = CARTESIAN_POINT ( 'NONE',  ( 2.429015024641860300, 0.7474999999999991700, -1.502499999999999100 ) ) ;
#3193 = VECTOR ( 'NONE', #150, 1000.000000000000000 ) ;
#3194 = CARTESIAN_POINT ( 'NONE',  ( 2.742797124186768800, 0.2751789857617048500, -1.502499999999999100 ) ) ;
#3195 = FACE_OUTER_BOUND ( 'NONE', #6674, .T. ) ;
#3196 = CARTESIAN_POINT ( 'NONE',  ( -2.429015024641862000, 0.7474999999999992800, -2.152499999999999400 ) ) ;
#3197 = EDGE_LOOP ( 'NONE', ( #2514, #5183, #6708, #7083 ) ) ;
#3198 = PLANE ( 'NONE',  #3169 ) ;
#3199 = EDGE_CURVE ( 'NONE', #2519, #2780, #1268, .T. ) ;
#3200 = VECTOR ( 'NONE', #6807, 1000.000000000000000 ) ;
#3201 = FACE_BOUND ( 'NONE', #1726, .T. ) ;
#3202 = AXIS2_PLACEMENT_3D ( 'NONE', #1636, #6403, #6918 ) ;
#3203 = LINE ( 'NONE', #5059, #3806 ) ;
#3204 = ORIENTED_EDGE ( 'NONE', *, *, #722, .F. ) ;
#3205 = EDGE_CURVE ( 'NONE', #1879, #872, #3187, .T. ) ;
#3206 = EDGE_CURVE ( 'NONE', #7095, #4047, #2058, .T. ) ;
#3207 = FACE_OUTER_BOUND ( 'NONE', #6691, .T. ) ;
#3208 = CARTESIAN_POINT ( 'NONE',  ( 2.200000000000000600, 0.6025000000000000400, -2.397499999999999500 ) ) ;
#3209 = CARTESIAN_POINT ( 'NONE',  ( 2.429015024641860300, 0.6025000000000000400, -1.502499999999999100 ) ) ;
#3210 = DIRECTION ( 'NONE',  ( -1.000000000000000000, 0.0000000000000000000, 0.0000000000000000000 ) ) ;
#3211 = LINE ( 'NONE', #69, #2466 ) ;
#3212 = ORIENTED_EDGE ( 'NONE', *, *, #7205, .T. ) ;
#3213 = ORIENTED_EDGE ( 'NONE', *, *, #2400, .T. ) ;
#3214 = ADVANCED_FACE ( 'NONE', ( #3783 ), #6631, .F. ) ;
#3215 = VECTOR ( 'NONE', #2497, 1000.000000000000100 ) ;
#3216 = DIRECTION ( 'NONE',  ( 0.0000000000000000000, 0.0000000000000000000, 1.000000000000000000 ) ) ;
#3217 = DIRECTION ( 'NONE',  ( -0.1736481776669299100, 0.9848077530122081300, -0.0000000000000000000 ) ) ;
#3218 = CYLINDRICAL_SURFACE ( 'NONE', #5891, 0.2746982034251563800 ) ;
#3219 = ORIENTED_EDGE ( 'NONE', *, *, #137, .T. ) ;
#3220 = CARTESIAN_POINT ( 'NONE',  ( 2.200000000000001500, 0.7475000000000001600, 2.152500000000000700 ) ) ;
#3221 = ORIENTED_EDGE ( 'NONE', *, *, #4216, .F. ) ;
#3222 = CIRCLE ( 'NONE', #5742, 0.2746982034251563800 ) ;
#3223 = VECTOR ( 'NONE', #3122, 1000.000000000000000 ) ;
#3224 = ORIENTED_EDGE ( 'NONE', *, *, #2043, .T. ) ;
#3225 = AXIS2_PLACEMENT_3D ( 'NONE', #4026, #554, #1661 ) ;
#3226 = PLANE ( 'NONE',  #2834 ) ;
#3227 = FACE_OUTER_BOUND ( 'NONE', #4608, .T. ) ;
#3228 = ORIENTED_EDGE ( 'NONE', *, *, #4097, .F. ) ;
#3229 = ORIENTED_EDGE ( 'NONE', *, *, #7006, .F. ) ;
#3230 = CARTESIAN_POINT ( 'NONE',  ( -2.429015024641861600, 0.6024999999999999200, 0.8525000000000008100 ) ) ;
#3231 = PLANE ( 'NONE',  #4910 ) ;
#3232 = FILL_AREA_STYLE_COLOUR ( '', #5030 ) ;
#3233 = DIRECTION ( 'NONE',  ( 0.06975647374411954300, -0.9975640502598246400, 0.0000000000000000000 ) ) ;
#3234 = VECTOR ( 'NONE', #7379, 1000.000000000000000 ) ;
#3235 = ORIENTED_EDGE ( 'NONE', *, *, #4254, .F. ) ;
#3236 = ORIENTED_EDGE ( 'NONE', *, *, #5972, .F. ) ;
#3237 = EDGE_CURVE ( 'NONE', #1323, #3165, #7087, .T. ) ;
#3238 = ORIENTED_EDGE ( 'NONE', *, *, #1722, .T. ) ;
#3239 = DIRECTION ( 'NONE',  ( -0.0000000000000000000, -0.0000000000000000000, -1.000000000000000000 ) ) ;
#3240 = CARTESIAN_POINT ( 'NONE',  ( -2.861477631149734100, 0.1683185773129357900, -1.502499999999999100 ) ) ;
#3241 = FILL_AREA_STYLE_COLOUR ( '', #5161 ) ;
#3242 = CYLINDRICAL_SURFACE ( 'NONE', #5179, 0.2746982034251563800 ) ;
#3243 = EDGE_LOOP ( 'NONE', ( #2570, #6389, #4964, #3611 ) ) ;
#3244 = VERTEX_POINT ( 'NONE', #2326 ) ;
#3245 = VERTEX_POINT ( 'NONE', #2348 ) ;
#3246 = ORIENTED_EDGE ( 'NONE', *, *, #3381, .F. ) ;
#3247 = DIRECTION ( 'NONE',  ( -0.0000000000000000000, 0.0000000000000000000, -1.000000000000000000 ) ) ;
#3248 = AXIS2_PLACEMENT_3D ( 'NONE', #3143, #4749, #3654 ) ;
#3249 = ADVANCED_FACE ( 'NONE', ( #5715 ), #582, .F. ) ;
#3250 = DIRECTION ( 'NONE',  ( -0.9848077530122081300, 0.1736481776669299100, 0.0000000000000000000 ) ) ;
#3251 = EDGE_CURVE ( 'NONE', #5463, #5486, #1977, .T. ) ;
#3252 = CARTESIAN_POINT ( 'NONE',  ( 3.189885311307102600, -3.382275553165428400E-020, -1.502499999999999100 ) ) ;
#3253 = EDGE_CURVE ( 'NONE', #6975, #3077, #2813, .T. ) ;
#3254 = VERTEX_POINT ( 'NONE', #5348 ) ;
#3255 = ORIENTED_EDGE ( 'NONE', *, *, #4787, .T. ) ;
#3256 = DIRECTION ( 'NONE',  ( 0.0000000000000000000, 0.0000000000000000000, 1.000000000000000000 ) ) ;
#3257 = AXIS2_PLACEMENT_3D ( 'NONE', #2388, #4389, #6266 ) ;
#3258 = CARTESIAN_POINT ( 'NONE',  ( -2.200000000000002400, 0.6025000000000000400, -2.152499999999999400 ) ) ;
#3259 = DIRECTION ( 'NONE',  ( -0.0000000000000000000, -0.0000000000000000000, -1.000000000000000000 ) ) ;
#3260 = LINE ( 'NONE', #629, #1506 ) ;
#3261 =( NAMED_UNIT ( * ) PLANE_ANGLE_UNIT ( ) SI_UNIT ( $, .RADIAN. ) );
#3262 = ORIENTED_EDGE ( 'NONE', *, *, #6959, .T. ) ;
#3263 = VERTEX_POINT ( 'NONE', #5322 ) ;
#3264 = CARTESIAN_POINT ( 'NONE',  ( -2.851362942456836500, 0.02367179002526185300, -1.747499999999999200 ) ) ;
#3265 = DIRECTION ( 'NONE',  ( 0.0000000000000000000, 0.0000000000000000000, 1.000000000000000000 ) ) ;
#3266 = EDGE_CURVE ( 'NONE', #4328, #6184, #6449, .T. ) ;
#3267 = LINE ( 'NONE', #653, #76 ) ;
#3268 = ORIENTED_EDGE ( 'NONE', *, *, #889, .T. ) ;
#3269 = PLANE ( 'NONE',  #285 ) ;
#3270 =( NAMED_UNIT ( * ) PLANE_ANGLE_UNIT ( ) SI_UNIT ( $, .RADIAN. ) );
#3271 = AXIS2_PLACEMENT_3D ( 'NONE', #7546, #4035, #5195 ) ;
#3272 = VECTOR ( 'NONE', #2046, 1000.000000000000000 ) ;
#3273 = ORIENTED_EDGE ( 'NONE', *, *, #1045, .T. ) ;
#3274 = CARTESIAN_POINT ( 'NONE',  ( 2.200000000000001100, 0.7475000000000001600, -0.2024999999999991300 ) ) ;
#3275 = CARTESIAN_POINT ( 'NONE',  ( -2.429015024641862000, 0.4728017965748428400, -2.152499999999999400 ) ) ;
#3276 = DIRECTION ( 'NONE',  ( -0.0000000000000000000, -0.0000000000000000000, -1.000000000000000000 ) ) ;
#3277 = LINE ( 'NONE', #7194, #4261 ) ;
#3278 = LINE ( 'NONE', #978, #1530 ) ;
#3279 = ORIENTED_EDGE ( 'NONE', *, *, #1438, .F. ) ;
#3280 = DIRECTION ( 'NONE',  ( 1.000000000000000000, 0.0000000000000000000, 0.0000000000000000000 ) ) ;
#3281 = EDGE_CURVE ( 'NONE', #6223, #5326, #438, .T. ) ;
#3282 = LINE ( 'NONE', #5880, #88 ) ;
#3283 = ADVANCED_FACE ( 'NONE', ( #6079 ), #6479, .T. ) ;
#3284 = ORIENTED_EDGE ( 'NONE', *, *, #4510, .F. ) ;
#3285 = LINE ( 'NONE', #1174, #4001 ) ;
#3286 = VECTOR ( 'NONE', #2871, 1000.000000000000000 ) ;
#3287 = AXIS2_PLACEMENT_3D ( 'NONE', #4617, #2295, #6374 ) ;
#3288 = CARTESIAN_POINT ( 'NONE',  ( 2.199999999999999700, 0.6025000000000000400, -2.500000000000000400 ) ) ;
#3289 = DIRECTION ( 'NONE',  ( -0.9975640502598247500, 0.06975647374411925200, -0.0000000000000000000 ) ) ;
#3290 = EDGE_CURVE ( 'NONE', #4210, #50, #5900, .T. ) ;
#3291 = EDGE_CURVE ( 'NONE', #1537, #4321, #6542, .T. ) ;
#3292 = FACE_OUTER_BOUND ( 'NONE', #5625, .T. ) ;
#3293 = LINE ( 'NONE', #7535, #472 ) ;
#3294 = ORIENTED_EDGE ( 'NONE', *, *, #4833, .T. ) ;
#3295 = DIRECTION ( 'NONE',  ( 0.0000000000000000000, 0.0000000000000000000, 1.000000000000000000 ) ) ;
#3296 = DIRECTION ( 'NONE',  ( -0.0000000000000000000, -0.0000000000000000000, -1.000000000000000000 ) ) ;
#3297 = AXIS2_PLACEMENT_3D ( 'NONE', #864, #2540, #1394 ) ;
#3298 = FACE_OUTER_BOUND ( 'NONE', #1798, .T. ) ;
#3299 = CARTESIAN_POINT ( 'NONE',  ( 2.429015024641860700, 0.7474999999999991700, -0.8524999999999991500 ) ) ;
#3300 = VECTOR ( 'NONE', #6866, 1000.000000000000000 ) ;
#3301 = EDGE_LOOP ( 'NONE', ( #1151, #2763, #2883, #7168, #851, #684, #4532, #4907, #1685, #6784, #2125, #1303 ) ) ;
#3302 = EDGE_CURVE ( 'NONE', #5027, #4340, #5523, .T. ) ;
#3303 = ORIENTED_EDGE ( 'NONE', *, *, #347, .F. ) ;
#3304 = EDGE_CURVE ( 'NONE', #3174, #7245, #3267, .T. ) ;
#3305 = DIRECTION ( 'NONE',  ( -0.0000000000000000000, -0.0000000000000000000, -1.000000000000000000 ) ) ;
#3306 = VECTOR ( 'NONE', #1489, 1000.000000000000000 ) ;
#3307 = CARTESIAN_POINT ( 'NONE',  ( 2.870524920471619000, 0.2977008424331583100, 0.4475000000000008400 ) ) ;
#3308 = LINE ( 'NONE', #7460, #2381 ) ;
#3309 = DIRECTION ( 'NONE',  ( -1.000000000000000000, 0.0000000000000000000, 0.0000000000000000000 ) ) ;
#3310 = LINE ( 'NONE', #7330, #385 ) ;
#3311 = ORIENTED_EDGE ( 'NONE', *, *, #112, .F. ) ;
#3312 = VERTEX_POINT ( 'NONE', #4740 ) ;
#3313 = AXIS2_PLACEMENT_3D ( 'NONE', #6692, #2625, #3185 ) ;
#3314 = CARTESIAN_POINT ( 'NONE',  ( 3.199999999999999300, 0.1446467872876735000, -2.152499999999999400 ) ) ;
#3315 = LINE ( 'NONE', #196, #2301 ) ;
#3316 = DIRECTION ( 'NONE',  ( 0.0000000000000000000, 0.0000000000000000000, 1.000000000000000000 ) ) ;
#3317 = CARTESIAN_POINT ( 'NONE',  ( -2.861477631149733600, 0.1683185773129357300, -1.097499999999999000 ) ) ;
#3318 = CARTESIAN_POINT ( 'NONE',  ( -2.200000000000002400, 0.6025000000000000400, -1.747499999999999200 ) ) ;
#3319 = ORIENTED_EDGE ( 'NONE', *, *, #6958, .F. ) ;
#3320 = ORIENTED_EDGE ( 'NONE', *, *, #6651, .T. ) ;
#3321 = CARTESIAN_POINT ( 'NONE',  ( -2.556742820926711300, 0.4953236532462962400, -2.397499999999999500 ) ) ;
#3322 = LINE ( 'NONE', #2170, #4037 ) ;
#3323 = ADVANCED_FACE ( 'NONE', ( #3444 ), #89, .F. ) ;
#3324 = PLANE ( 'NONE',  #5292 ) ;
#3325 = UNCERTAINTY_MEASURE_WITH_UNIT (LENGTH_MEASURE( 1.000000000000000100E-005 ), #4463, 'distance_accuracy_value', 'NONE');
#3326 = DIRECTION ( 'NONE',  ( 0.0000000000000000000, 1.000000000000000000, 0.0000000000000000000 ) ) ;
#3327 = ORIENTED_EDGE ( 'NONE', *, *, #1353, .T. ) ;
#3328 = EDGE_LOOP ( 'NONE', ( #5650, #3384, #5117, #4388 ) ) ;
#3329 = DIRECTION ( 'NONE',  ( -0.9975640502598247500, -0.06975647374411821100, 0.0000000000000000000 ) ) ;
#3330 = CIRCLE ( 'NONE', #1790, 0.1296982034251570600 ) ;
#3331 = ORIENTED_EDGE ( 'NONE', *, *, #6421, .T. ) ;
#3332 = VERTEX_POINT ( 'NONE', #6452 ) ;
#3333 = ORIENTED_EDGE ( 'NONE', *, *, #5369, .T. ) ;
#3334 = DIRECTION ( 'NONE',  ( -0.0000000000000000000, -0.0000000000000000000, -1.000000000000000000 ) ) ;
#3335 = ORIENTED_EDGE ( 'NONE', *, *, #4935, .F. ) ;
#3336 = ORIENTED_EDGE ( 'NONE', *, *, #3176, .T. ) ;
#3337 = CARTESIAN_POINT ( 'NONE',  ( 2.429015024641860300, 0.7474999999999991700, -1.747499999999999200 ) ) ;
#3338 = EDGE_CURVE ( 'NONE', #4587, #3484, #4801, .T. ) ;
#3339 = VECTOR ( 'NONE', #1181, 1000.000000000000000 ) ;
#3340 = EDGE_CURVE ( 'NONE', #1935, #1237, #3874, .T. ) ;
#3341 = ORIENTED_EDGE ( 'NONE', *, *, #5916, .T. ) ;
#3342 = ORIENTED_EDGE ( 'NONE', *, *, #4351, .T. ) ;
#3343 = ORIENTED_EDGE ( 'NONE', *, *, #3447, .T. ) ;
#3344 = PLANE ( 'NONE',  #4560 ) ;
#3345 = FACE_OUTER_BOUND ( 'NONE', #6661, .T. ) ;
#3346 = DIRECTION ( 'NONE',  ( -1.000000000000000000, 0.0000000000000000000, 0.0000000000000000000 ) ) ;
#3347 = VERTEX_POINT ( 'NONE', #7015 ) ;
#3348 = ORIENTED_EDGE ( 'NONE', *, *, #1430, .F. ) ;
#3349 = EDGE_CURVE ( 'NONE', #4956, #4739, #3970, .T. ) ;
#3350 = EDGE_CURVE ( 'NONE', #2089, #217, #71, .T. ) ;
#3351 = PLANE ( 'NONE',  #6260 ) ;
#3352 = CARTESIAN_POINT ( 'NONE',  ( -2.429015024641862000, 0.4728017965748428400, -2.152499999999999400 ) ) ;
#3353 = LINE ( 'NONE', #6772, #6259 ) ;
#3354 = ORIENTED_EDGE ( 'NONE', *, *, #4716, .T. ) ;
#3355 = PLANE ( 'NONE',  #6668 ) ;
#3356 = DIRECTION ( 'NONE',  ( -0.2588190451025213500, 0.9659258262890680900, 0.0000000000000000000 ) ) ;
#3357 = SURFACE_STYLE_USAGE ( .BOTH. , #967 ) ;
#3358 = AXIS2_PLACEMENT_3D ( 'NONE', #5815, #2328, #1765 ) ;
#3359 = DIRECTION ( 'NONE',  ( -0.0000000000000000000, -0.0000000000000000000, -1.000000000000000000 ) ) ;
#3360 = LINE ( 'NONE', #5128, #818 ) ;
#3361 = CARTESIAN_POINT ( 'NONE',  ( -2.699539945113480900, 0.5205026390080010900, -1.502499999999999100 ) ) ;
#3362 = VERTEX_POINT ( 'NONE', #733 ) ;
#3363 = ADVANCED_FACE ( 'NONE', ( #4425 ), #3531, .T. ) ;
#3364 = PLANE ( 'NONE',  #4806 ) ;
#3365 = CARTESIAN_POINT ( 'NONE',  ( -2.200000000000001500, 0.7475000000000001600, 2.152500000000000700 ) ) ;
#3366 = LINE ( 'NONE', #479, #1896 ) ;
#3367 = DIRECTION ( 'NONE',  ( 0.9848077530122081300, -0.1736481776669299100, 0.0000000000000000000 ) ) ;
#3368 = CARTESIAN_POINT ( 'NONE',  ( -2.199999999999998800, 0.7475000000000001600, 2.500000000000000000 ) ) ;
#3369 = STYLED_ITEM ( 'NONE', ( #747 ), #6630 ) ;
#3370 = CIRCLE ( 'NONE', #6654, 0.1296982034251570600 ) ;
#3371 = CARTESIAN_POINT ( 'NONE',  ( -2.429015024641862000, 0.4728017965748428400, -2.152499999999999400 ) ) ;
#3372 = VERTEX_POINT ( 'NONE', #2477 ) ;
#3373 = DIRECTION ( 'NONE',  ( -4.260777024402263800E-015, -1.000000000000000000, 0.0000000000000000000 ) ) ;
#3374 = DIRECTION ( 'NONE',  ( -0.0000000000000000000, -0.0000000000000000000, -1.000000000000000000 ) ) ;
#3375 = CARTESIAN_POINT ( 'NONE',  ( -3.200000000000001100, 0.1446467872876738600, -0.2024999999999991300 ) ) ;
#3376 = FACE_OUTER_BOUND ( 'NONE', #641, .T. ) ;
#3377 = CARTESIAN_POINT ( 'NONE',  ( -1.570720790471951100, 1.199999999999999300, -1.596785749842945600 ) ) ;
#3378 = FACE_OUTER_BOUND ( 'NONE', #4754, .T. ) ;
#3379 = DIRECTION ( 'NONE',  ( 0.0000000000000000000, 0.0000000000000000000, 1.000000000000000000 ) ) ;
#3380 = CARTESIAN_POINT ( 'NONE',  ( 3.200000000000000200, 0.1446467872876735000, 2.397500000000000900 ) ) ;
#3381 = EDGE_CURVE ( 'NONE', #5205, #6884, #6073, .T. ) ;
#3382 = DIRECTION ( 'NONE',  ( -0.0000000000000000000, -0.0000000000000000000, -1.000000000000000000 ) ) ;
#3383 = VECTOR ( 'NONE', #4940, 1000.000000000000100 ) ;
#3384 = ORIENTED_EDGE ( 'NONE', *, *, #4611, .F. ) ;
#3385 = LINE ( 'NONE', #3096, #6569 ) ;
#3386 = AXIS2_PLACEMENT_3D ( 'NONE', #5185, #6327, #5150 ) ;
#3387 = DIRECTION ( 'NONE',  ( -0.0000000000000000000, -0.0000000000000000000, -1.000000000000000000 ) ) ;
#3388 = LINE ( 'NONE', #3573, #106 ) ;
#3389 = ORIENTED_EDGE ( 'NONE', *, *, #626, .T. ) ;
#3390 = APPLICATION_PROTOCOL_DEFINITION ( 'draft international standard', 'automotive_design', 1998, #5699 ) ;
#3391 = ORIENTED_EDGE ( 'NONE', *, *, #1571, .F. ) ;
#3392 = EDGE_CURVE ( 'NONE', #2227, #6592, #5988, .T. ) ;
#3393 = EDGE_CURVE ( 'NONE', #4919, #6342, #7365, .T. ) ;
#3394 = LINE ( 'NONE', #6865, #6853 ) ;
#3395 = ADVANCED_FACE ( 'NONE', ( #4158 ), #4225, .F. ) ;
#3396 = LINE ( 'NONE', #4409, #7042 ) ;
#3397 = ORIENTED_EDGE ( 'NONE', *, *, #1199, .F. ) ;
#3398 = EDGE_LOOP ( 'NONE', ( #4868, #495, #2814, #4427 ) ) ;
#3399 = DIRECTION ( 'NONE',  ( -0.0000000000000000000, -0.0000000000000000000, -1.000000000000000000 ) ) ;
#3400 = AXIS2_PLACEMENT_3D ( 'NONE', #6518, #6077, #3038 ) ;
#3401 = CARTESIAN_POINT ( 'NONE',  ( 2.429015024641860700, 0.6025000000000000400, 1.097500000000000800 ) ) ;
#3402 = MECHANICAL_DESIGN_GEOMETRIC_PRESENTATION_REPRESENTATION (  '', ( #4662 ), #905 ) ;
#3403 = ORIENTED_EDGE ( 'NONE', *, *, #7183, .F. ) ;
#3404 = EDGE_CURVE ( 'NONE', #396, #6544, #5052, .T. ) ;
#3405 = AXIS2_PLACEMENT_3D ( 'NONE', #2891, #5852, #1671 ) ;
#3406 = LINE ( 'NONE', #4653, #5385 ) ;
#3407 = ORIENTED_EDGE ( 'NONE', *, *, #1343, .F. ) ;
#3408 = CARTESIAN_POINT ( 'NONE',  ( 3.199999999999999700, 0.1446467872876735000, 1.097500000000000800 ) ) ;
#3409 = DIRECTION ( 'NONE',  ( -0.0000000000000000000, -0.0000000000000000000, -1.000000000000000000 ) ) ;
#3410 = DIRECTION ( 'NONE',  ( 0.0000000000000000000, -1.000000000000000000, 0.0000000000000000000 ) ) ;
#3411 = PLANE ( 'NONE',  #1063 ) ;
#3412 = FACE_OUTER_BOUND ( 'NONE', #1138, .T. ) ;
#3413 = EDGE_LOOP ( 'NONE', ( #7160, #5753, #1921, #3238 ) ) ;
#3414 = ORIENTED_EDGE ( 'NONE', *, *, #3756, .T. ) ;
#3415 = ORIENTED_EDGE ( 'NONE', *, *, #4797, .T. ) ;
#3416 = DIRECTION ( 'NONE',  ( 1.000000000000000000, 0.0000000000000000000, 0.0000000000000000000 ) ) ;
#3417 = DIRECTION ( 'NONE',  ( 1.000000000000000000, 0.0000000000000000000, 0.0000000000000000000 ) ) ;
#3418 = LINE ( 'NONE', #6967, #7233 ) ;
#3419 = VERTEX_POINT ( 'NONE', #338 ) ;
#3420 = EDGE_LOOP ( 'NONE', ( #2142, #5279, #607, #1674 ) ) ;
#3421 = CARTESIAN_POINT ( 'NONE',  ( -2.742797124186770600, 0.2751789857617048500, -2.152499999999999400 ) ) ;
#3422 = DIRECTION ( 'NONE',  ( -1.000000000000000000, 0.0000000000000000000, 0.0000000000000000000 ) ) ;
#3423 = LINE ( 'NONE', #5226, #1861 ) ;
#3424 = DIRECTION ( 'NONE',  ( -0.0000000000000000000, -0.0000000000000000000, -1.000000000000000000 ) ) ;
#3425 = EDGE_LOOP ( 'NONE', ( #2221, #5388, #573, #4402 ) ) ;
#3426 = ORIENTED_EDGE ( 'NONE', *, *, #4352, .T. ) ;
#3427 = CARTESIAN_POINT ( 'NONE',  ( 2.699539945113479600, 0.5205026390080010900, 0.8525000000000008100 ) ) ;
#3428 = EDGE_LOOP ( 'NONE', ( #5702, #6049, #6525, #1912 ) ) ;
#3429 = DIRECTION ( 'NONE',  ( -0.9975640502598247500, -0.06975647374411821100, 0.0000000000000000000 ) ) ;
#3430 = VERTEX_POINT ( 'NONE', #5574 ) ;
#3431 = DIRECTION ( 'NONE',  ( -0.1736481776669299100, 0.9848077530122081300, 0.0000000000000000000 ) ) ;
#3432 = DIRECTION ( 'NONE',  ( -0.0000000000000000000, -0.0000000000000000000, -1.000000000000000000 ) ) ;
#3433 = VECTOR ( 'NONE', #400, 1000.000000000000000 ) ;
#3434 = CARTESIAN_POINT ( 'NONE',  ( 2.851362942456834700, 0.02367179002526185300, -1.502499999999999100 ) ) ;
#3435 = EDGE_LOOP ( 'NONE', ( #2526, #3057, #935, #2886 ) ) ;
#3436 = DIRECTION ( 'NONE',  ( -0.9975640502598247500, -0.06975647374411821100, 0.0000000000000000000 ) ) ;
#3437 = ORIENTED_EDGE ( 'NONE', *, *, #4245, .F. ) ;
#3438 = ADVANCED_FACE ( 'NONE', ( #1797 ), #194, .F. ) ;
#3439 = EDGE_CURVE ( 'NONE', #6977, #4115, #1969, .T. ) ;
#3440 = VECTOR ( 'NONE', #3000, 1000.000000000000000 ) ;
#3441 = EDGE_LOOP ( 'NONE', ( #968, #7198, #7412, #5876, #3262, #2942, #3896, #334, #2059, #4032, #4780, #7142 ) ) ;
#3442 = VERTEX_POINT ( 'NONE', #4863 ) ;
#3443 = CARTESIAN_POINT ( 'NONE',  ( -2.429015024641861600, 0.4728017965748428400, 0.8525000000000008100 ) ) ;
#3444 = FACE_OUTER_BOUND ( 'NONE', #5584, .T. ) ;
#3445 = ORIENTED_EDGE ( 'NONE', *, *, #81, .T. ) ;
#3446 = CLOSED_SHELL ( 'NONE', ( #4146, #2659, #1265, #2432, #3438, #3580, #3518, #3031, #3508, #4494, #6706, #6528, #5944, #3752 ) ) ;
#3447 = EDGE_CURVE ( 'NONE', #1418, #4057, #2340, .T. ) ;
#3448 = EDGE_CURVE ( 'NONE', #3183, #2212, #6808, .T. ) ;
#3449 = DIRECTION ( 'NONE',  ( 0.0000000000000000000, 0.0000000000000000000, 1.000000000000000000 ) ) ;
#3450 = CARTESIAN_POINT ( 'NONE',  ( -2.199999999999998800, 0.7475000000000001600, 2.500000000000000000 ) ) ;
#3451 = CARTESIAN_POINT ( 'NONE',  ( -2.861477631149733600, 0.1683185773129357900, 0.8525000000000008100 ) ) ;
#3452 = LINE ( 'NONE', #5070, #2254 ) ;
#3453 = EDGE_LOOP ( 'NONE', ( #3779, #2556, #5250, #1383 ) ) ;
#3454 = CARTESIAN_POINT ( 'NONE',  ( -2.742797124186770100, 0.2751789857617048500, 1.097500000000000800 ) ) ;
#3455 = PLANE ( 'NONE',  #5936 ) ;
#3456 = DIRECTION ( 'NONE',  ( -0.0000000000000000000, -0.0000000000000000000, -1.000000000000000000 ) ) ;
#3457 = LINE ( 'NONE', #1014, #1719 ) ;
#3458 = VECTOR ( 'NONE', #1989, 1000.000000000000100 ) ;
#3459 = CARTESIAN_POINT ( 'NONE',  ( -2.699539945113480500, 0.5205026390080010900, -1.097499999999999000 ) ) ;
#3460 = DIRECTION ( 'NONE',  ( -0.0000000000000000000, -0.0000000000000000000, -1.000000000000000000 ) ) ;
#3461 = VECTOR ( 'NONE', #360, 1000.000000000000100 ) ;
#3462 = ORIENTED_EDGE ( 'NONE', *, *, #2805, .T. ) ;
#3463 = AXIS2_PLACEMENT_3D ( 'NONE', #4269, #4244, #729 ) ;
#3464 = LINE ( 'NONE', #5153, #6559 ) ;
#3465 = CARTESIAN_POINT ( 'NONE',  ( 2.861477631149732700, 0.1683185773129357300, -1.097499999999999000 ) ) ;
#3466 = LINE ( 'NONE', #1631, #4824 ) ;
#3467 = ADVANCED_FACE ( 'NONE', ( #710 ), #1079, .T. ) ;
#3468 = DIRECTION ( 'NONE',  ( -0.0000000000000000000, -0.0000000000000000000, -1.000000000000000000 ) ) ;
#3469 = DIRECTION ( 'NONE',  ( -0.0000000000000000000, -0.0000000000000000000, -1.000000000000000000 ) ) ;
#3470 = DIRECTION ( 'NONE',  ( 1.000000000000000000, -4.734196693780292900E-016, 0.0000000000000000000 ) ) ;
#3471 = CARTESIAN_POINT ( 'NONE',  ( -2.429015024641862000, 0.6024999999999999200, -2.152499999999999400 ) ) ;
#3472 = DIRECTION ( 'NONE',  ( -0.06975647374411954300, 0.9975640502598246400, 0.0000000000000000000 ) ) ;
#3473 = CIRCLE ( 'NONE', #6209, 0.2746982034251563800 ) ;
#3474 = VERTEX_POINT ( 'NONE', #2549 ) ;
#3475 = DIRECTION ( 'NONE',  ( -0.0000000000000000000, 1.000000000000000000, -0.0000000000000000000 ) ) ;
#3476 = CARTESIAN_POINT ( 'NONE',  ( -2.699539945113480500, 0.5205026390080010900, 0.4475000000000008400 ) ) ;
#3477 = DIRECTION ( 'NONE',  ( -1.000000000000000000, 0.0000000000000000000, 0.0000000000000000000 ) ) ;
#3478 = EDGE_CURVE ( 'NONE', #482, #5295, #5707, .T. ) ;
#3479 = CARTESIAN_POINT ( 'NONE',  ( 2.200000000000001100, 0.7475000000000001600, 0.2025000000000008500 ) ) ;
#3480 = CARTESIAN_POINT ( 'NONE',  ( -2.851362942456835600, 0.02367179002526185300, 1.747500000000000700 ) ) ;
#3481 = LINE ( 'NONE', #7515, #1916 ) ;
#3482 = LINE ( 'NONE', #1709, #5461 ) ;
#3483 = EDGE_LOOP ( 'NONE', ( #326, #2603, #3037, #6781 ) ) ;
#3484 = VERTEX_POINT ( 'NONE', #7169 ) ;
#3485 = AXIS2_PLACEMENT_3D ( 'NONE', #1348, #6587, #3067 ) ;
#3486 = CARTESIAN_POINT ( 'NONE',  ( 2.556742820926710000, 0.4953236532462962400, -0.8524999999999991500 ) ) ;
#3487 = DIRECTION ( 'NONE',  ( -0.0000000000000000000, 1.000000000000000000, -0.0000000000000000000 ) ) ;
#3488 = CIRCLE ( 'NONE', #5079, 0.2746982034251563800 ) ;
#3489 = EDGE_CURVE ( 'NONE', #4762, #5768, #1175, .T. ) ;
#3490 = ORIENTED_EDGE ( 'NONE', *, *, #4933, .F. ) ;
#3491 = VERTEX_POINT ( 'NONE', #6033 ) ;
#3492 = EDGE_CURVE ( 'NONE', #1666, #2677, #1350, .T. ) ;
#3493 = FACE_OUTER_BOUND ( 'NONE', #695, .T. ) ;
#3494 = CARTESIAN_POINT ( 'NONE',  ( -2.742797124186770600, 0.2751789857617048500, -1.747499999999999200 ) ) ;
#3495 = CARTESIAN_POINT ( 'NONE',  ( 3.199999999999999700, 0.1446467872876735000, 0.8525000000000008100 ) ) ;
#3496 = ORIENTED_EDGE ( 'NONE', *, *, #3206, .F. ) ;
#3497 = ORIENTED_EDGE ( 'NONE', *, *, #2252, .F. ) ;
#3498 = DIRECTION ( 'NONE',  ( 1.000000000000000000, 0.0000000000000000000, 0.0000000000000000000 ) ) ;
#3499 = CARTESIAN_POINT ( 'NONE',  ( -3.200000000000001100, 0.1446467872876738600, 1.097500000000000800 ) ) ;
#3500 = PRESENTATION_LAYER_ASSIGNMENT (  '', '', ( #2324 ) ) ;
#3501 = FACE_OUTER_BOUND ( 'NONE', #2097, .T. ) ;
#3502 = CARTESIAN_POINT ( 'NONE',  ( -2.429015024641861600, 0.4728017965748428400, -0.4474999999999991200 ) ) ;
#3503 = CARTESIAN_POINT ( 'NONE',  ( -2.429015024641861600, 0.7474999999999992800, 0.4475000000000008400 ) ) ;
#3504 = DIRECTION ( 'NONE',  ( 0.9975640502598246400, -0.06975647374411923800, 0.0000000000000000000 ) ) ;
#3505 = EDGE_LOOP ( 'NONE', ( #6885, #1310, #723, #5394 ) ) ;
#3506 = VERTEX_POINT ( 'NONE', #6626 ) ;
#3507 = DIRECTION ( 'NONE',  ( -1.000000000000000000, 4.260777024402263800E-015, -0.0000000000000000000 ) ) ;
#3508 = ADVANCED_FACE ( 'NONE', ( #627 ), #1932, .F. ) ;
#3509 = LINE ( 'NONE', #7125, #2679 ) ;
#3510 = CARTESIAN_POINT ( 'NONE',  ( 2.200000000000000600, 0.6025000000000000400, -2.152499999999999400 ) ) ;
#3511 = VERTEX_POINT ( 'NONE', #4273 ) ;
#3512 = ORIENTED_EDGE ( 'NONE', *, *, #3253, .F. ) ;
#3513 = AXIS2_PLACEMENT_3D ( 'NONE', #965, #4431, #343 ) ;
#3514 = ORIENTED_EDGE ( 'NONE', *, *, #2101, .F. ) ;
#3515 = ORIENTED_EDGE ( 'NONE', *, *, #709, .F. ) ;
#3516 = DIRECTION ( 'NONE',  ( 1.000000000000000000, 0.0000000000000000000, 0.0000000000000000000 ) ) ;
#3517 = CARTESIAN_POINT ( 'NONE',  ( -2.200000000000002400, 0.7475000000000001600, -1.502499999999999100 ) ) ;
#3518 = ADVANCED_FACE ( 'NONE', ( #5803 ), #4396, .F. ) ;
#3519 = ORIENTED_EDGE ( 'NONE', *, *, #2955, .F. ) ;
#3520 = VERTEX_POINT ( 'NONE', #3832 ) ;
#3521 = ORIENTED_EDGE ( 'NONE', *, *, #3796, .F. ) ;
#3522 = DIRECTION ( 'NONE',  ( 0.0000000000000000000, 0.0000000000000000000, 1.000000000000000000 ) ) ;
#3523 = DIRECTION ( 'NONE',  ( -1.000000000000000000, -0.0000000000000000000, 1.971276677246372000E-016 ) ) ;
#3524 = DIRECTION ( 'NONE',  ( -0.0000000000000000000, 0.0000000000000000000, -1.000000000000000000 ) ) ;
#3525 = FACE_OUTER_BOUND ( 'NONE', #1782, .T. ) ;
#3526 = EDGE_CURVE ( 'NONE', #7143, #1667, #1262, .T. ) ;
#3527 = ORIENTED_EDGE ( 'NONE', *, *, #5724, .T. ) ;
#3528 = DIRECTION ( 'NONE',  ( -0.0000000000000000000, -1.000000000000000000, -0.0000000000000000000 ) ) ;
#3529 = CARTESIAN_POINT ( 'NONE',  ( -2.861477631149733200, 0.1683185773129357900, 1.747500000000000700 ) ) ;
#3530 = PLANE ( 'NONE',  #524 ) ;
#3531 = CYLINDRICAL_SURFACE ( 'NONE', #1562, 0.2746982034251563800 ) ;
#3532 = VERTEX_POINT ( 'NONE', #5627 ) ;
#3533 = EDGE_CURVE ( 'NONE', #6040, #2244, #884, .T. ) ;
#3534 = EDGE_CURVE ( 'NONE', #4855, #797, #4246, .T. ) ;
#3535 = EDGE_CURVE ( 'NONE', #2341, #2035, #2530, .T. ) ;
#3536 = CARTESIAN_POINT ( 'NONE',  ( -2.200000000000002000, 0.7475000000000001600, 0.2025000000000008500 ) ) ;
#3537 = CARTESIAN_POINT ( 'NONE',  ( -2.429015024641861100, 0.4728017965748428400, 2.397500000000000900 ) ) ;
#3538 = DIRECTION ( 'NONE',  ( -0.1736481776669299100, 0.9848077530122081300, 0.0000000000000000000 ) ) ;
#3539 = VERTEX_POINT ( 'NONE', #5051 ) ;
#3540 = AXIS2_PLACEMENT_3D ( 'NONE', #6197, #2715, #6787 ) ;
#3541 = LINE ( 'NONE', #1592, #900 ) ;
#3542 = ADVANCED_FACE ( 'NONE', ( #254 ), #7397, .T. ) ;
#3543 = EDGE_CURVE ( 'NONE', #6954, #5901, #7264, .T. ) ;
#3544 = CARTESIAN_POINT ( 'NONE',  ( -2.861477631149734100, 0.1683185773129357300, -2.152499999999999400 ) ) ;
#3545 = CARTESIAN_POINT ( 'NONE',  ( 2.742797124186769200, 0.2751789857617048500, 0.4475000000000008400 ) ) ;
#3546 = DIRECTION ( 'NONE',  ( 0.0000000000000000000, 0.0000000000000000000, 1.000000000000000000 ) ) ;
#3547 = ORIENTED_EDGE ( 'NONE', *, *, #4008, .F. ) ;
#3548 = DIRECTION ( 'NONE',  ( -0.0000000000000000000, -0.0000000000000000000, -1.000000000000000000 ) ) ;
#3549 = ADVANCED_FACE ( 'NONE', ( #1427 ), #4482, .T. ) ;
#3550 = CARTESIAN_POINT ( 'NONE',  ( -2.200000000000002000, 0.7475000000000001600, -0.2024999999999991300 ) ) ;
#3551 =( GEOMETRIC_REPRESENTATION_CONTEXT ( 3 ) GLOBAL_UNCERTAINTY_ASSIGNED_CONTEXT ( ( #1183 ) ) GLOBAL_UNIT_ASSIGNED_CONTEXT ( ( #6957, #6930, #1134 ) ) REPRESENTATION_CONTEXT ( 'NONE', 'WORKASPACE' ) );
#3552 = LINE ( 'NONE', #4045, #5919 ) ;
#3553 = VECTOR ( 'NONE', #2118, 1000.000000000000000 ) ;
#3554 = CARTESIAN_POINT ( 'NONE',  ( 2.861477631149732700, 0.1683185773129356700, 1.097500000000000800 ) ) ;
#3555 = DIRECTION ( 'NONE',  ( -0.0000000000000000000, -0.0000000000000000000, -1.000000000000000000 ) ) ;
#3556 = FACE_OUTER_BOUND ( 'NONE', #6727, .T. ) ;
#3557 = EDGE_LOOP ( 'NONE', ( #6010, #6751, #5142, #4025 ) ) ;
#3558 = DIRECTION ( 'NONE',  ( -0.06975647374411954300, 0.9975640502598246400, 0.0000000000000000000 ) ) ;
#3559 = AXIS2_PLACEMENT_3D ( 'NONE', #5911, #678, #4735 ) ;
#3560 = VECTOR ( 'NONE', #6440, 1000.000000000000100 ) ;
#3561 = CARTESIAN_POINT ( 'NONE',  ( 2.200000000000001100, 0.6025000000000000400, -0.2024999999999991300 ) ) ;
#3562 = VECTOR ( 'NONE', #2846, 999.9999999999998900 ) ;
#3563 = VERTEX_POINT ( 'NONE', #5652 ) ;
#3564 = CARTESIAN_POINT ( 'NONE',  ( 2.200000000000001500, 0.7475000000000001600, 2.397500000000000900 ) ) ;
#3565 = ORIENTED_EDGE ( 'NONE', *, *, #825, .F. ) ;
#3566 = CARTESIAN_POINT ( 'NONE',  ( 2.200000000000001100, 0.6025000000000000400, -0.8524999999999991500 ) ) ;
#3567 = FACE_OUTER_BOUND ( 'NONE', #124, .T. ) ;
#3568 = CARTESIAN_POINT ( 'NONE',  ( 2.200000000000000600, 0.7475000000000001600, -1.747499999999999200 ) ) ;
#3569 = CARTESIAN_POINT ( 'NONE',  ( 2.200000000000001500, 0.7475000000000001600, 2.397500000000000900 ) ) ;
#3570 = CYLINDRICAL_SURFACE ( 'NONE', #4175, 0.1296982034251570600 ) ;
#3571 = VERTEX_POINT ( 'NONE', #6832 ) ;
#3572 = CARTESIAN_POINT ( 'NONE',  ( 2.429015024641860300, 0.7474999999999991700, -2.152499999999999400 ) ) ;
#3573 = CARTESIAN_POINT ( 'NONE',  ( 2.699539945113479200, 0.5205026390080010900, -1.747499999999999200 ) ) ;
#3574 = EDGE_LOOP ( 'NONE', ( #3172, #3910, #2203, #3527 ) ) ;
#3575 = DIRECTION ( 'NONE',  ( -1.000000000000000000, -3.787357355024234400E-015, 0.0000000000000000000 ) ) ;
#3576 = EDGE_CURVE ( 'NONE', #1598, #4919, #5425, .T. ) ;
#3577 =( NAMED_UNIT ( * ) SI_UNIT ( $, .STERADIAN. ) SOLID_ANGLE_UNIT ( ) );
#3578 = CARTESIAN_POINT ( 'NONE',  ( 2.851362942456835200, 0.02367179002526185300, 1.097500000000000800 ) ) ;
#3579 = CIRCLE ( 'NONE', #3831, 0.2746982034251563800 ) ;
#3580 = ADVANCED_FACE ( 'NONE', ( #1607 ), #3351, .F. ) ;
#3581 = VECTOR ( 'NONE', #4312, 1000.000000000000000 ) ;
#3582 = ORIENTED_EDGE ( 'NONE', *, *, #5666, .F. ) ;
#3583 = AXIS2_PLACEMENT_3D ( 'NONE', #2268, #583, #4639 ) ;
#3584 = DIRECTION ( 'NONE',  ( 0.9848077530122081300, 0.1736481776669299100, -0.0000000000000000000 ) ) ;
#3585 = DIRECTION ( 'NONE',  ( 3.787357355024234400E-015, -1.000000000000000000, 0.0000000000000000000 ) ) ;
#3586 = CARTESIAN_POINT ( 'NONE',  ( 2.429015024641860300, 0.4728017965748428400, -2.152499999999999400 ) ) ;
#3587 = LINE ( 'NONE', #3550, #5952 ) ;
#3588 = CARTESIAN_POINT ( 'NONE',  ( -2.199999999999998800, 0.6025000000000000400, 2.500000000000000000 ) ) ;
#3589 = EDGE_CURVE ( 'NONE', #4756, #5054, #810, .T. ) ;
#3590 = EDGE_CURVE ( 'NONE', #3506, #5152, #6997, .T. ) ;
#3591 = ORIENTED_EDGE ( 'NONE', *, *, #6611, .T. ) ;
#3592 = ORIENTED_EDGE ( 'NONE', *, *, #1261, .F. ) ;
#3593 = CARTESIAN_POINT ( 'NONE',  ( -2.429015024641862000, 0.6024999999999999200, -1.747499999999999200 ) ) ;
#3594 = VECTOR ( 'NONE', #3766, 1000.000000000000000 ) ;
#3595 = CARTESIAN_POINT ( 'NONE',  ( -2.200000000000002000, 0.6025000000000000400, 0.4475000000000008400 ) ) ;
#3596 = EDGE_LOOP ( 'NONE', ( #3212, #1746, #428, #5572, #6688, #1084, #6604, #133, #2467, #4701, #7043, #3462 ) ) ;
#3597 = DIRECTION ( 'NONE',  ( -1.000000000000000000, 0.0000000000000000000, 0.0000000000000000000 ) ) ;
#3598 = ORIENTED_EDGE ( 'NONE', *, *, #4007, .F. ) ;
#3599 = ORIENTED_EDGE ( 'NONE', *, *, #767, .F. ) ;
#3600 = AXIS2_PLACEMENT_3D ( 'NONE', #3882, #1002, #2761 ) ;
#3601 = DIRECTION ( 'NONE',  ( -0.1736481776669299100, 0.9848077530122081300, -0.0000000000000000000 ) ) ;
#3602 = VECTOR ( 'NONE', #2890, 1000.000000000000000 ) ;
#3603 = CARTESIAN_POINT ( 'NONE',  ( 3.199999999999999300, 0.1446467872876735000, -1.502499999999999100 ) ) ;
#3604 = ORIENTED_EDGE ( 'NONE', *, *, #7151, .F. ) ;
#3605 = ORIENTED_EDGE ( 'NONE', *, *, #6265, .F. ) ;
#3606 = VERTEX_POINT ( 'NONE', #6320 ) ;
#3607 = AXIS2_PLACEMENT_3D ( 'NONE', #2799, #3379, #5765 ) ;
#3608 = VECTOR ( 'NONE', #808, 1000.000000000000100 ) ;
#3609 = DIRECTION ( 'NONE',  ( 0.0000000000000000000, 0.0000000000000000000, 1.000000000000000000 ) ) ;
#3610 = ORIENTED_EDGE ( 'NONE', *, *, #23, .T. ) ;
#3611 = ORIENTED_EDGE ( 'NONE', *, *, #5677, .T. ) ;
#3612 = DIRECTION ( 'NONE',  ( -0.0000000000000000000, -0.0000000000000000000, -1.000000000000000000 ) ) ;
#3613 = CARTESIAN_POINT ( 'NONE',  ( -2.600000000000000500, 0.2500000000000001100, 1.502500000000000800 ) ) ;
#3614 = LINE ( 'NONE', #3595, #1699 ) ;
#3615 = ORIENTED_EDGE ( 'NONE', *, *, #899, .F. ) ;
#3616 = ORIENTED_EDGE ( 'NONE', *, *, #3003, .T. ) ;
#3617 = PLANE ( 'NONE',  #1842 ) ;
#3618 = EDGE_CURVE ( 'NONE', #6208, #250, #3353, .T. ) ;
#3619 = VECTOR ( 'NONE', #501, 1000.000000000000100 ) ;
#3620 = CLOSED_SHELL ( 'NONE', ( #950, #5284, #6416, #2464, #1372, #4837, #5251, #3148, #687, #1664, #2524, #5159, #2480, #994 ) ) ;
#3621 = CARTESIAN_POINT ( 'NONE',  ( -2.699539945113480900, 0.5205026390080010900, -2.152499999999999400 ) ) ;
#3622 = DIRECTION ( 'NONE',  ( -0.0000000000000000000, 0.0000000000000000000, -1.000000000000000000 ) ) ;
#3623 = ADVANCED_FACE ( 'NONE', ( #2996 ), #5073, .F. ) ;
#3624 = DIRECTION ( 'NONE',  ( -0.0000000000000000000, -0.0000000000000000000, -1.000000000000000000 ) ) ;
#3625 = FILL_AREA_STYLE ('',( #2482 ) ) ;
#3626 = AXIS2_PLACEMENT_3D ( 'NONE', #4281, #7199, #1452 ) ;
#3627 = FACE_OUTER_BOUND ( 'NONE', #6516, .T. ) ;
#3628 = ORIENTED_EDGE ( 'NONE', *, *, #1214, .T. ) ;
#3629 = EDGE_CURVE ( 'NONE', #2638, #68, #7456, .T. ) ;
#3630 = EDGE_CURVE ( 'NONE', #6050, #1466, #5897, .T. ) ;
#3631 = CARTESIAN_POINT ( 'NONE',  ( 2.600000000000000100, 0.2500000000000001100, 0.4475000000000008400 ) ) ;
#3632 = DIRECTION ( 'NONE',  ( 0.0000000000000000000, 0.0000000000000000000, 1.000000000000000000 ) ) ;
#3633 = LINE ( 'NONE', #509, #5356 ) ;
#3634 = LINE ( 'NONE', #3479, #4815 ) ;
#3635 = STYLED_ITEM ( 'NONE', ( #6817 ), #3087 ) ;
#3636 = PRESENTATION_LAYER_ASSIGNMENT (  '', '', ( #5734 ) ) ;
#3637 = DIRECTION ( 'NONE',  ( -1.000000000000000000, 4.734196693780292900E-016, 0.0000000000000000000 ) ) ;
#3638 = EDGE_CURVE ( 'NONE', #4756, #4691, #7082, .T. ) ;
#3639 = AXIS2_PLACEMENT_3D ( 'NONE', #6725, #2910, #2174 ) ;
#3640 = LINE ( 'NONE', #2678, #832 ) ;
#3641 = PLANE ( 'NONE',  #557 ) ;
#3642 = VERTEX_POINT ( 'NONE', #1680 ) ;
#3643 = ORIENTED_EDGE ( 'NONE', *, *, #5668, .T. ) ;
#3644 = FACE_OUTER_BOUND ( 'NONE', #2781, .T. ) ;
#3645 = CARTESIAN_POINT ( 'NONE',  ( -2.200000000000001500, 0.7475000000000001600, 1.502500000000000800 ) ) ;
#3646 = DIRECTION ( 'NONE',  ( 1.000000000000000000, 4.734196693780292900E-016, -0.0000000000000000000 ) ) ;
#3647 = DIRECTION ( 'NONE',  ( 3.787357355024234400E-015, -1.000000000000000000, 0.0000000000000000000 ) ) ;
#3648 = CARTESIAN_POINT ( 'NONE',  ( -2.556742820926710900, 0.4953236532462962400, 0.2025000000000008500 ) ) ;
#3649 = AXIS2_PLACEMENT_3D ( 'NONE', #6924, #6899, #3416 ) ;
#3650 = ADVANCED_FACE ( 'NONE', ( #2706 ), #5025, .F. ) ;
#3651 = FACE_OUTER_BOUND ( 'NONE', #3703, .T. ) ;
#3652 = ORIENTED_EDGE ( 'NONE', *, *, #1563, .F. ) ;
#3653 = ORIENTED_EDGE ( 'NONE', *, *, #1582, .F. ) ;
#3654 = DIRECTION ( 'NONE',  ( -0.9975640502598247500, -0.06975647374411804400, 0.0000000000000000000 ) ) ;
#3655 = CIRCLE ( 'NONE', #3649, 0.1296982034251575000 ) ;
#3656 = DIRECTION ( 'NONE',  ( 1.000000000000000000, 0.0000000000000000000, 0.0000000000000000000 ) ) ;
#3657 = ORIENTED_EDGE ( 'NONE', *, *, #2505, .F. ) ;
#3658 = ORIENTED_EDGE ( 'NONE', *, *, #6264, .T. ) ;
#3659 = ADVANCED_FACE ( 'NONE', ( #804 ), #6619, .T. ) ;
#3660 = LINE ( 'NONE', #1647, #4108 ) ;
#3661 = EDGE_CURVE ( 'NONE', #6602, #4587, #4419, .T. ) ;
#3662 = CARTESIAN_POINT ( 'NONE',  ( -2.199999999999999700, 0.7475000000000001600, -2.499999999999999600 ) ) ;
#3663 = CARTESIAN_POINT ( 'NONE',  ( -2.870524920471619900, 0.2977008424331583100, -1.502499999999999100 ) ) ;
#3664 = FACE_OUTER_BOUND ( 'NONE', #2986, .T. ) ;
#3665 = ORIENTED_EDGE ( 'NONE', *, *, #1876, .F. ) ;
#3666 = CARTESIAN_POINT ( 'NONE',  ( 2.200000000000001500, 0.6025000000000000400, 2.397500000000000900 ) ) ;
#3667 = VECTOR ( 'NONE', #6554, 1000.000000000000100 ) ;
#3668 = DIRECTION ( 'NONE',  ( -0.06975647374411923800, -0.9975640502598246400, 0.0000000000000000000 ) ) ;
#3669 = DIRECTION ( 'NONE',  ( 1.000000000000000000, 0.0000000000000000000, 0.0000000000000000000 ) ) ;
#3670 = ORIENTED_EDGE ( 'NONE', *, *, #1996, .T. ) ;
#3671 = EDGE_CURVE ( 'NONE', #3642, #5507, #3260, .T. ) ;
#3672 = VERTEX_POINT ( 'NONE', #2924 ) ;
#3673 =( LENGTH_UNIT ( ) NAMED_UNIT ( * ) SI_UNIT ( .MILLI., .METRE. ) );
#3674 = EDGE_CURVE ( 'NONE', #2212, #357, #4061, .T. ) ;
#3675 = FACE_OUTER_BOUND ( 'NONE', #5762, .T. ) ;
#3676 = ORIENTED_EDGE ( 'NONE', *, *, #1877, .F. ) ;
#3677 = ORIENTED_EDGE ( 'NONE', *, *, #2547, .F. ) ;
#3678 = EDGE_LOOP ( 'NONE', ( #1697, #5496, #964, #3342 ) ) ;
#3679 = AXIS2_PLACEMENT_3D ( 'NONE', #7555, #577, #2370 ) ;
#3680 = CARTESIAN_POINT ( 'NONE',  ( 2.851362942456835200, 0.02367179002526185300, 1.097500000000000800 ) ) ;
#3681 = CARTESIAN_POINT ( 'NONE',  ( -3.200000000000001100, 0.1446467872876738600, -0.8524999999999991500 ) ) ;
#3682 = DIRECTION ( 'NONE',  ( -0.0000000000000000000, -0.0000000000000000000, -1.000000000000000000 ) ) ;
#3683 = EDGE_CURVE ( 'NONE', #68, #4377, #161, .T. ) ;
#3684 = LINE ( 'NONE', #7297, #2584 ) ;
#3685 = EDGE_CURVE ( 'NONE', #4247, #142, #2896, .T. ) ;
#3686 = ORIENTED_EDGE ( 'NONE', *, *, #3685, .F. ) ;
#3687 = VERTEX_POINT ( 'NONE', #1706 ) ;
#3688 = ORIENTED_EDGE ( 'NONE', *, *, #3629, .T. ) ;
#3689 = CLOSED_SHELL ( 'NONE', ( #5954, #537, #7523, #4805, #7451, #7070, #1594, #1441, #411, #6670, #3623, #3791, #2314, #7105 ) ) ;
#3690 = ORIENTED_EDGE ( 'NONE', *, *, #7355, .F. ) ;
#3691 = ORIENTED_EDGE ( 'NONE', *, *, #314, .F. ) ;
#3692 = CARTESIAN_POINT ( 'NONE',  ( 2.699539945113480100, 0.5205026390080010900, 1.747500000000000700 ) ) ;
#3693 = ADVANCED_FACE ( 'NONE', ( #426 ), #5855, .F. ) ;
#3694 = LINE ( 'NONE', #4318, #2990 ) ;
#3695 = VERTEX_POINT ( 'NONE', #5203 ) ;
#3696 = AXIS2_PLACEMENT_3D ( 'NONE', #6029, #241, #3705 ) ;
#3697 = CARTESIAN_POINT ( 'NONE',  ( -2.200000000000001500, 0.7475000000000001600, 1.747500000000000700 ) ) ;
#3698 = VECTOR ( 'NONE', #414, 1000.000000000000000 ) ;
#3699 = DIRECTION ( 'NONE',  ( 0.06975647374411821100, -0.9975640502598247500, 0.0000000000000000000 ) ) ;
#3700 = VERTEX_POINT ( 'NONE', #5145 ) ;
#3701 = DIRECTION ( 'NONE',  ( 0.06975647374411954300, -0.9975640502598246400, 0.0000000000000000000 ) ) ;
#3702 = LINE ( 'NONE', #2845, #7464 ) ;
#3703 = EDGE_LOOP ( 'NONE', ( #1407, #760, #7528, #1688 ) ) ;
#3704 = EDGE_CURVE ( 'NONE', #6418, #785, #6701, .T. ) ;
#3705 = DIRECTION ( 'NONE',  ( -1.000000000000000000, 0.0000000000000000000, 0.0000000000000000000 ) ) ;
#3706 = CARTESIAN_POINT ( 'NONE',  ( 2.200000000000000600, 0.7475000000000001600, -1.502499999999999100 ) ) ;
#3707 = EDGE_CURVE ( 'NONE', #7174, #1494, #4962, .T. ) ;
#3708 = VECTOR ( 'NONE', #1396, 1000.000000000000000 ) ;
#3709 = LINE ( 'NONE', #4698, #2542 ) ;
#3710 = DIRECTION ( 'NONE',  ( -0.0000000000000000000, -0.0000000000000000000, -1.000000000000000000 ) ) ;
#3711 = AXIS2_PLACEMENT_3D ( 'NONE', #2173, #6256, #2778 ) ;
#3712 = DIRECTION ( 'NONE',  ( -1.000000000000000000, -3.787357355024234400E-015, 0.0000000000000000000 ) ) ;
#3713 = EDGE_CURVE ( 'NONE', #1891, #3784, #5418, .T. ) ;
#3714 = ORIENTED_EDGE ( 'NONE', *, *, #6054, .T. ) ;
#3715 = EDGE_CURVE ( 'NONE', #5956, #3958, #6799, .T. ) ;
#3716 = CARTESIAN_POINT ( 'NONE',  ( 2.699539945113479600, 0.5205026390080010900, 0.8525000000000008100 ) ) ;
#3717 = DIRECTION ( 'NONE',  ( 0.0000000000000000000, 0.0000000000000000000, 1.000000000000000000 ) ) ;
#3718 = CARTESIAN_POINT ( 'NONE',  ( -2.600000000000000500, 0.2500000000000001100, 0.4475000000000008400 ) ) ;
#3719 = CIRCLE ( 'NONE', #3679, 0.1296982034251575000 ) ;
#3720 = DIRECTION ( 'NONE',  ( 1.000000000000000000, -4.734196693780292900E-016, 0.0000000000000000000 ) ) ;
#3721 = CARTESIAN_POINT ( 'NONE',  ( 2.200000000000001500, 0.6025000000000000400, 2.499999999999999100 ) ) ;
#3722 = VECTOR ( 'NONE', #1036, 1000.000000000000000 ) ;
#3723 = ADVANCED_FACE ( 'NONE', ( #3525 ), #4585, .F. ) ;
#3724 = CIRCLE ( 'NONE', #1132, 0.2746982034251563800 ) ;
#3725 = VECTOR ( 'NONE', #2656, 1000.000000000000000 ) ;
#3726 = VERTEX_POINT ( 'NONE', #3495 ) ;
#3727 = CARTESIAN_POINT ( 'NONE',  ( 2.429015024641861100, 0.7474999999999991700, 1.747500000000000700 ) ) ;
#3728 = DIRECTION ( 'NONE',  ( -0.0000000000000000000, -0.0000000000000000000, -1.000000000000000000 ) ) ;
#3729 = CYLINDRICAL_SURFACE ( 'NONE', #4020, 0.2746982034251563800 ) ;
#3730 = ORIENTED_EDGE ( 'NONE', *, *, #5236, .F. ) ;
#3731 = VERTEX_POINT ( 'NONE', #600 ) ;
#3732 = DIRECTION ( 'NONE',  ( -1.000000000000000000, 4.260777024402263800E-015, -0.0000000000000000000 ) ) ;
#3733 = FACE_OUTER_BOUND ( 'NONE', #5004, .T. ) ;
#3734 =( GEOMETRIC_REPRESENTATION_CONTEXT ( 3 ) GLOBAL_UNCERTAINTY_ASSIGNED_CONTEXT ( ( #625 ) ) GLOBAL_UNIT_ASSIGNED_CONTEXT ( ( #5420, #5395, #5244 ) ) REPRESENTATION_CONTEXT ( 'NONE', 'WORKASPACE' ) );
#3735 = VECTOR ( 'NONE', #1532, 1000.000000000000000 ) ;
#3736 = LINE ( 'NONE', #5655, #6665 ) ;
#3737 = ORIENTED_EDGE ( 'NONE', *, *, #6530, .F. ) ;
#3738 = ORIENTED_EDGE ( 'NONE', *, *, #3860, .T. ) ;
#3739 = DIRECTION ( 'NONE',  ( -1.000000000000000000, -0.0000000000000000000, 1.971276677246372000E-016 ) ) ;
#3740 = CARTESIAN_POINT ( 'NONE',  ( 2.742797124186769200, 0.2751789857617048500, 1.097500000000000800 ) ) ;
#3741 = DIRECTION ( 'NONE',  ( -0.0000000000000000000, -0.0000000000000000000, -1.000000000000000000 ) ) ;
#3742 = LINE ( 'NONE', #5805, #4672 ) ;
#3743 = LINE ( 'NONE', #7058, #2962 ) ;
#3744 = ORIENTED_EDGE ( 'NONE', *, *, #7204, .T. ) ;
#3745 = EDGE_CURVE ( 'NONE', #3687, #6231, #1963, .T. ) ;
#3746 = LINE ( 'NONE', #4816, #1931 ) ;
#3747 = DIRECTION ( 'NONE',  ( -0.9975640502598247500, 0.06975647374411925200, -0.0000000000000000000 ) ) ;
#3748 = ORIENTED_EDGE ( 'NONE', *, *, #1189, .F. ) ;
#3749 = ORIENTED_EDGE ( 'NONE', *, *, #709, .T. ) ;
#3750 = AXIS2_PLACEMENT_3D ( 'NONE', #4718, #1901, #753 ) ;
#3751 = VECTOR ( 'NONE', #1416, 1000.000000000000000 ) ;
#3752 = ADVANCED_FACE ( 'NONE', ( #5135 ), #5174, .T. ) ;
#3753 = DIRECTION ( 'NONE',  ( 1.000000000000000000, 0.0000000000000000000, 0.0000000000000000000 ) ) ;
#3754 = EDGE_CURVE ( 'NONE', #6844, #1137, #3614, .T. ) ;
#3755 = VERTEX_POINT ( 'NONE', #5314 ) ;
#3756 = EDGE_CURVE ( 'NONE', #7559, #357, #1422, .T. ) ;
#3757 = ORIENTED_EDGE ( 'NONE', *, *, #7055, .T. ) ;
#3758 = ORIENTED_EDGE ( 'NONE', *, *, #5264, .T. ) ;
#3759 = PLANE ( 'NONE',  #3981 ) ;
#3760 = LINE ( 'NONE', #5772, #3339 ) ;
#3761 = AXIS2_PLACEMENT_3D ( 'NONE', #2671, #1544, #5623 ) ;
#3762 = CARTESIAN_POINT ( 'NONE',  ( -2.078752990424915600, 0.1500000000000002700, 2.378752990424916700 ) ) ;
#3763 = CLOSED_SHELL ( 'NONE', ( #4299, #1186, #5340, #2158, #5717, #4157, #6496, #2275, #5119, #3395, #4069, #7332, #843, #7286 ) ) ;
#3764 = VERTEX_POINT ( 'NONE', #4176 ) ;
#3765 = DIRECTION ( 'NONE',  ( -0.0000000000000000000, -0.0000000000000000000, -1.000000000000000000 ) ) ;
#3766 = DIRECTION ( 'NONE',  ( -0.0000000000000000000, -0.0000000000000000000, -1.000000000000000000 ) ) ;
#3767 = ORIENTED_EDGE ( 'NONE', *, *, #6530, .T. ) ;
#3768 = ORIENTED_EDGE ( 'NONE', *, *, #1915, .F. ) ;
#3769 = AXIS2_PLACEMENT_3D ( 'NONE', #2339, #623, #4709 ) ;
#3770 = CARTESIAN_POINT ( 'NONE',  ( 2.861477631149732300, 0.1683185773129356700, -2.152499999999999400 ) ) ;
#3771 = EDGE_CURVE ( 'NONE', #1321, #154, #6159, .T. ) ;
#3772 = ORIENTED_EDGE ( 'NONE', *, *, #6608, .F. ) ;
#3773 = ORIENTED_EDGE ( 'NONE', *, *, #70, .F. ) ;
#3774 = CARTESIAN_POINT ( 'NONE',  ( -2.429015024641862000, 0.7474999999999992800, -1.502499999999999100 ) ) ;
#3775 = SURFACE_SIDE_STYLE ('',( #1869 ) ) ;
#3776 =( NAMED_UNIT ( * ) SI_UNIT ( $, .STERADIAN. ) SOLID_ANGLE_UNIT ( ) );
#3777 = VECTOR ( 'NONE', #4452, 1000.000000000000000 ) ;
#3778 = ORIENTED_EDGE ( 'NONE', *, *, #1818, .F. ) ;
#3779 = ORIENTED_EDGE ( 'NONE', *, *, #6468, .T. ) ;
#3780 = DIRECTION ( 'NONE',  ( 0.9975640502598247500, -0.06975647374411804400, 0.0000000000000000000 ) ) ;
#3781 = DIRECTION ( 'NONE',  ( 0.0000000000000000000, 0.0000000000000000000, 1.000000000000000000 ) ) ;
#3782 = DIRECTION ( 'NONE',  ( 0.0000000000000000000, 0.0000000000000000000, 1.000000000000000000 ) ) ;
#3783 = FACE_OUTER_BOUND ( 'NONE', #4665, .T. ) ;
#3784 = VERTEX_POINT ( 'NONE', #1882 ) ;
#3785 = EDGE_LOOP ( 'NONE', ( #1930, #327, #4378, #696 ) ) ;
#3786 = DIRECTION ( 'NONE',  ( -0.0000000000000000000, -0.0000000000000000000, -1.000000000000000000 ) ) ;
#3787 = FILL_AREA_STYLE_COLOUR ( '', #6045 ) ;
#3788 = LINE ( 'NONE', #3982, #6547 ) ;
#3789 = DIRECTION ( 'NONE',  ( 0.1736481776669299100, -0.9848077530122081300, 0.0000000000000000000 ) ) ;
#3790 = ORIENTED_EDGE ( 'NONE', *, *, #1670, .T. ) ;
#3791 = ADVANCED_FACE ( 'NONE', ( #6437 ), #6473, .F. ) ;
#3792 = DIRECTION ( 'NONE',  ( -0.0000000000000000000, -0.0000000000000000000, -1.000000000000000000 ) ) ;
#3793 = VECTOR ( 'NONE', #3436, 1000.000000000000000 ) ;
#3794 = SURFACE_SIDE_STYLE ('',( #6891 ) ) ;
#3795 = DIRECTION ( 'NONE',  ( -0.0000000000000000000, -0.0000000000000000000, -1.000000000000000000 ) ) ;
#3796 = EDGE_CURVE ( 'NONE', #1608, #2202, #4878, .T. ) ;
#3797 = LINE ( 'NONE', #7262, #6723 ) ;
#3798 = CARTESIAN_POINT ( 'NONE',  ( 2.870524920471619400, 0.2977008424331583100, 1.747500000000000700 ) ) ;
#3799 = VECTOR ( 'NONE', #2214, 1000.000000000000000 ) ;
#3800 = CARTESIAN_POINT ( 'NONE',  ( -2.861477631149733200, 0.1683185773129357300, 2.152500000000000700 ) ) ;
#3801 = DIRECTION ( 'NONE',  ( -1.000000000000000000, 0.0000000000000000000, 0.0000000000000000000 ) ) ;
#3802 = ORIENTED_EDGE ( 'NONE', *, *, #173, .T. ) ;
#3803 = LINE ( 'NONE', #2737, #7290 ) ;
#3804 = AXIS2_PLACEMENT_3D ( 'NONE', #4229, #2428, #2402 ) ;
#3805 = ORIENTED_EDGE ( 'NONE', *, *, #7434, .F. ) ;
#3806 = VECTOR ( 'NONE', #1077, 1000.000000000000000 ) ;
#3807 = EDGE_LOOP ( 'NONE', ( #6895, #6314, #7371, #5217 ) ) ;
#3808 = EDGE_CURVE ( 'NONE', #4739, #1608, #7172, .T. ) ;
#3809 = EDGE_CURVE ( 'NONE', #2024, #3506, #5239, .T. ) ;
#3810 = CARTESIAN_POINT ( 'NONE',  ( -2.200000000000002000, 0.6025000000000000400, -0.8524999999999991500 ) ) ;
#3811 = FACE_OUTER_BOUND ( 'NONE', #2906, .T. ) ;
#3812 = PLANE ( 'NONE',  #1542 ) ;
#3813 = FILL_AREA_STYLE ('',( #3232 ) ) ;
#3814 = VECTOR ( 'NONE', #7114, 1000.000000000000000 ) ;
#3815 = ORIENTED_EDGE ( 'NONE', *, *, #3025, .F. ) ;
#3816 = ORIENTED_EDGE ( 'NONE', *, *, #7064, .F. ) ;
#3817 = AXIS2_PLACEMENT_3D ( 'NONE', #2902, #5187, #505 ) ;
#3818 = DIRECTION ( 'NONE',  ( -0.9975640502598247500, -0.06975647374411821100, 0.0000000000000000000 ) ) ;
#3819 = PRESENTATION_STYLE_ASSIGNMENT (( #2935 ) ) ;
#3820 = ORIENTED_EDGE ( 'NONE', *, *, #3534, .T. ) ;
#3821 = CARTESIAN_POINT ( 'NONE',  ( 3.189885311307102600, -3.382275553165428400E-020, -1.747499999999999200 ) ) ;
#3822 = ORIENTED_EDGE ( 'NONE', *, *, #3858, .T. ) ;
#3823 = VECTOR ( 'NONE', #460, 1000.000000000000000 ) ;
#3824 = DIRECTION ( 'NONE',  ( 0.1736481776669299100, 0.9848077530122081300, -0.0000000000000000000 ) ) ;
#3825 = CIRCLE ( 'NONE', #5991, 0.1296982034251575000 ) ;
#3826 = ADVANCED_FACE ( 'NONE', ( #3345 ), #618, .T. ) ;
#3827 = CARTESIAN_POINT ( 'NONE',  ( -2.699539945113480500, 0.5205026390080010900, 0.2025000000000008500 ) ) ;
#3828 = VERTEX_POINT ( 'NONE', #7037 ) ;
#3829 = ORIENTED_EDGE ( 'NONE', *, *, #6113, .T. ) ;
#3830 = ORIENTED_EDGE ( 'NONE', *, *, #5781, .T. ) ;
#3831 = AXIS2_PLACEMENT_3D ( 'NONE', #4294, #7211, #1401 ) ;
#3832 = CARTESIAN_POINT ( 'NONE',  ( 2.742797124186769200, 0.2751789857617048500, 0.4475000000000008400 ) ) ;
#3833 = DIRECTION ( 'NONE',  ( 0.1736481776669299100, -0.9848077530122081300, 0.0000000000000000000 ) ) ;
#3834 = LINE ( 'NONE', #1061, #6591 ) ;
#3835 = VERTEX_POINT ( 'NONE', #6447 ) ;
#3836 = VERTEX_POINT ( 'NONE', #3566 ) ;
#3837 = DIRECTION ( 'NONE',  ( 0.0000000000000000000, -0.0000000000000000000, 1.000000000000000000 ) ) ;
#3838 = PLANE ( 'NONE',  #6067 ) ;
#3839 = DIRECTION ( 'NONE',  ( -0.1736481776669299100, -0.9848077530122081300, 0.0000000000000000000 ) ) ;
#3840 = VECTOR ( 'NONE', #4670, 1000.000000000000000 ) ;
#3841 = ORIENTED_EDGE ( 'NONE', *, *, #2149, .T. ) ;
#3842 = ORIENTED_EDGE ( 'NONE', *, *, #2600, .F. ) ;
#3843 = EDGE_CURVE ( 'NONE', #3244, #3700, #248, .T. ) ;
#3844 = EDGE_LOOP ( 'NONE', ( #346, #6819, #5873, #1328 ) ) ;
#3845 = DIRECTION ( 'NONE',  ( 0.0000000000000000000, 0.0000000000000000000, 1.000000000000000000 ) ) ;
#3846 = FILL_AREA_STYLE ('',( #6734 ) ) ;
#3847 = CARTESIAN_POINT ( 'NONE',  ( -2.851362942456835600, 0.02367179002526185300, 2.397500000000000900 ) ) ;
#3848 = VECTOR ( 'NONE', #3612, 1000.000000000000000 ) ;
#3849 = VERTEX_POINT ( 'NONE', #140 ) ;
#3850 = ORIENTED_EDGE ( 'NONE', *, *, #2653, .F. ) ;
#3851 = ORIENTED_EDGE ( 'NONE', *, *, #316, .F. ) ;
#3852 = ORIENTED_EDGE ( 'NONE', *, *, #558, .F. ) ;
#3853 = CARTESIAN_POINT ( 'NONE',  ( -2.870524920471619400, 0.2977008424331583100, 1.747500000000000700 ) ) ;
#3854 = AXIS2_PLACEMENT_3D ( 'NONE', #7122, #5375, #1893 ) ;
#3855 = CARTESIAN_POINT ( 'NONE',  ( -2.851362942456835600, 0.02367179002526185300, 2.397500000000000900 ) ) ;
#3856 = EDGE_CURVE ( 'NONE', #4688, #2423, #526, .T. ) ;
#3857 = UNCERTAINTY_MEASURE_WITH_UNIT (LENGTH_MEASURE( 1.000000000000000100E-005 ), #5800, 'distance_accuracy_value', 'NONE');
#3858 = EDGE_CURVE ( 'NONE', #934, #3979, #5981, .T. ) ;
#3859 = LINE ( 'NONE', #6574, #2983 ) ;
#3860 = EDGE_CURVE ( 'NONE', #1608, #828, #2525, .T. ) ;
#3861 = CARTESIAN_POINT ( 'NONE',  ( -2.851362942456836100, 0.02367179002526185300, -0.8524999999999991500 ) ) ;
#3862 = ORIENTED_EDGE ( 'NONE', *, *, #4060, .T. ) ;
#3863 = ORIENTED_EDGE ( 'NONE', *, *, #4395, .F. ) ;
#3864 = ORIENTED_EDGE ( 'NONE', *, *, #4853, .F. ) ;
#3865 = AXIS2_PLACEMENT_3D ( 'NONE', #6127, #912, #5587 ) ;
#3866 = CARTESIAN_POINT ( 'NONE',  ( 2.556742820926710000, 0.4953236532462962400, 0.2025000000000008500 ) ) ;
#3867 = DIRECTION ( 'NONE',  ( 1.000000000000000000, -4.260777024402263800E-015, 0.0000000000000000000 ) ) ;
#3868 = FACE_OUTER_BOUND ( 'NONE', #601, .T. ) ;
#3869 = ORIENTED_EDGE ( 'NONE', *, *, #5527, .T. ) ;
#3870 = AXIS2_PLACEMENT_3D ( 'NONE', #4366, #5646, #997 ) ;
#3871 = CARTESIAN_POINT ( 'NONE',  ( 2.199999999999999700, 0.7475000000000001600, -2.500000000000000400 ) ) ;
#3872 = AXIS2_PLACEMENT_3D ( 'NONE', #4852, #840, #7181 ) ;
#3873 = ADVANCED_FACE ( 'NONE', ( #4614 ), #7543, .T. ) ;
#3874 = LINE ( 'NONE', #4128, #7551 ) ;
#3875 = ORIENTED_EDGE ( 'NONE', *, *, #6218, .F. ) ;
#3876 = SURFACE_SIDE_STYLE ('',( #204 ) ) ;
#3877 = SURFACE_STYLE_USAGE ( .BOTH. , #3794 ) ;
#3878 =( LENGTH_UNIT ( ) NAMED_UNIT ( * ) SI_UNIT ( .MILLI., .METRE. ) );
#3879 = CARTESIAN_POINT ( 'NONE',  ( -2.200000000000002400, 0.6025000000000000400, -2.397499999999999500 ) ) ;
#3880 = VECTOR ( 'NONE', #1678, 1000.000000000000000 ) ;
#3881 = ORIENTED_EDGE ( 'NONE', *, *, #1260, .F. ) ;
#3882 = CARTESIAN_POINT ( 'NONE',  ( -2.870524920471619400, 0.2977008424331583100, -0.2024999999999991300 ) ) ;
#3883 = CARTESIAN_POINT ( 'NONE',  ( 2.429015024641860700, 0.4728017965748428400, 0.4475000000000008400 ) ) ;
#3884 = DIRECTION ( 'NONE',  ( -1.000000000000000000, 0.0000000000000000000, 0.0000000000000000000 ) ) ;
#3885 = CARTESIAN_POINT ( 'NONE',  ( -3.200000000000000600, 0.1446467872876738600, 2.152500000000000700 ) ) ;
#3886 = CIRCLE ( 'NONE', #1531, 0.2746982034251563800 ) ;
#3887 = LINE ( 'NONE', #1623, #6459 ) ;
#3888 = PRODUCT_DEFINITION ( 'UNKNOWN', '', #4428, #2922 ) ;
#3889 = CARTESIAN_POINT ( 'NONE',  ( -2.699539945113480100, 0.5205026390080010900, 1.502500000000000800 ) ) ;
#3890 = DIRECTION ( 'NONE',  ( -1.000000000000000000, 0.0000000000000000000, 0.0000000000000000000 ) ) ;
#3891 = DIRECTION ( 'NONE',  ( 0.0000000000000000000, 0.0000000000000000000, 1.000000000000000000 ) ) ;
#3892 = DIRECTION ( 'NONE',  ( 1.000000000000000000, 3.787357355024234400E-015, 0.0000000000000000000 ) ) ;
#3893 = EDGE_CURVE ( 'NONE', #7075, #6058, #5795, .T. ) ;
#3894 = DIRECTION ( 'NONE',  ( -0.9848077530122081300, 0.1736481776669299100, 0.0000000000000000000 ) ) ;
#3895 = CYLINDRICAL_SURFACE ( 'NONE', #7350, 0.2746982034251563800 ) ;
#3896 = ORIENTED_EDGE ( 'NONE', *, *, #4382, .T. ) ;
#3897 = SURFACE_STYLE_FILL_AREA ( #5291 ) ;
#3898 = AXIS2_PLACEMENT_3D ( 'NONE', #6219, #3296, #1605 ) ;
#3899 = EDGE_CURVE ( 'NONE', #3520, #1492, #1167, .T. ) ;
#3900 = CARTESIAN_POINT ( 'NONE',  ( -2.742797124186770100, 0.2751789857617048500, -1.097499999999999000 ) ) ;
#3901 = DIRECTION ( 'NONE',  ( 0.0000000000000000000, 0.0000000000000000000, 1.000000000000000000 ) ) ;
#3902 = PLANE ( 'NONE',  #6292 ) ;
#3903 = FACE_OUTER_BOUND ( 'NONE', #290, .T. ) ;
#3904 = EDGE_CURVE ( 'NONE', #3965, #5116, #6251, .T. ) ;
#3905 = CYLINDRICAL_SURFACE ( 'NONE', #5542, 0.1296982034251575000 ) ;
#3906 = EDGE_CURVE ( 'NONE', #3784, #6597, #2695, .T. ) ;
#3907 = DIRECTION ( 'NONE',  ( -1.000000000000000000, 0.0000000000000000000, 0.0000000000000000000 ) ) ;
#3908 = VECTOR ( 'NONE', #1311, 1000.000000000000000 ) ;
#3909 = FACE_OUTER_BOUND ( 'NONE', #589, .T. ) ;
#3910 = ORIENTED_EDGE ( 'NONE', *, *, #4101, .F. ) ;
#3911 = ADVANCED_FACE ( 'NONE', ( #3178 ), #3641, .F. ) ;
#3912 = DIRECTION ( 'NONE',  ( -0.0000000000000000000, -0.0000000000000000000, -1.000000000000000000 ) ) ;
#3913 = CARTESIAN_POINT ( 'NONE',  ( 2.742797124186769200, 0.2751789857617048500, 1.097500000000000800 ) ) ;
#3914 = DIRECTION ( 'NONE',  ( -0.0000000000000000000, 0.0000000000000000000, -1.000000000000000000 ) ) ;
#3915 = AXIS2_PLACEMENT_3D ( 'NONE', #6112, #3781, #1936 ) ;
#3916 = CARTESIAN_POINT ( 'NONE',  ( 2.429015024641860700, 0.6025000000000000400, 0.8525000000000008100 ) ) ;
#3917 = LINE ( 'NONE', #329, #7305 ) ;
#3918 = DIRECTION ( 'NONE',  ( -0.1736481776669299100, -0.9848077530122081300, 0.0000000000000000000 ) ) ;
#3919 = SURFACE_STYLE_FILL_AREA ( #6903 ) ;
#3920 = ORIENTED_EDGE ( 'NONE', *, *, #7249, .F. ) ;
#3921 = EDGE_CURVE ( 'NONE', #2793, #6597, #7447, .T. ) ;
#3922 = ORIENTED_EDGE ( 'NONE', *, *, #5269, .F. ) ;
#3923 = AXIS2_PLACEMENT_3D ( 'NONE', #6390, #594, #5826 ) ;
#3924 = DIRECTION ( 'NONE',  ( -0.0000000000000000000, -0.0000000000000000000, -1.000000000000000000 ) ) ;
#3925 = FACE_OUTER_BOUND ( 'NONE', #5491, .T. ) ;
#3926 = DIRECTION ( 'NONE',  ( -1.000000000000000000, 0.0000000000000000000, 0.0000000000000000000 ) ) ;
#3927 = CARTESIAN_POINT ( 'NONE',  ( -2.429015024641862000, 0.4728017965748428400, -2.152499999999999400 ) ) ;
#3928 = DIRECTION ( 'NONE',  ( -1.000000000000000000, 0.0000000000000000000, 0.0000000000000000000 ) ) ;
#3929 = DIRECTION ( 'NONE',  ( -0.1736481776669299100, -0.9848077530122081300, 0.0000000000000000000 ) ) ;
#3930 = FACE_OUTER_BOUND ( 'NONE', #3420, .T. ) ;
#3931 = FACE_OUTER_BOUND ( 'NONE', #2687, .T. ) ;
#3932 = ORIENTED_EDGE ( 'NONE', *, *, #5078, .F. ) ;
#3933 = EDGE_LOOP ( 'NONE', ( #6632, #1390 ) ) ;
#3934 = AXIS2_PLACEMENT_3D ( 'NONE', #6529, #726, #4732 ) ;
#3935 = CIRCLE ( 'NONE', #192, 0.2746982034251563800 ) ;
#3936 = CARTESIAN_POINT ( 'NONE',  ( -2.742797124186769700, 0.2751789857617048500, 1.502500000000000800 ) ) ;
#3937 = CARTESIAN_POINT ( 'NONE',  ( -2.429015024641861100, 0.4728017965748428400, 1.747500000000000700 ) ) ;
#3938 = CIRCLE ( 'NONE', #3872, 0.2746982034251563800 ) ;
#3939 = ORIENTED_EDGE ( 'NONE', *, *, #5058, .F. ) ;
#3940 = VECTOR ( 'NONE', #4958, 999.9999999999998900 ) ;
#3941 = AXIS2_PLACEMENT_3D ( 'NONE', #4763, #3524, #2343 ) ;
#3942 = CARTESIAN_POINT ( 'NONE',  ( -1.570720790471951100, 1.099999999999999200, -2.096785749842945600 ) ) ;
#3943 = VERTEX_POINT ( 'NONE', #6053 ) ;
#3944 = ORIENTED_EDGE ( 'NONE', *, *, #6215, .T. ) ;
#3945 = EDGE_LOOP ( 'NONE', ( #620, #2590, #963, #2887 ) ) ;
#3946 = CARTESIAN_POINT ( 'NONE',  ( -2.851362942456836100, 0.02367179002526185300, 0.2025000000000008500 ) ) ;
#3947 = PLANE ( 'NONE',  #4945 ) ;
#3948 = DIRECTION ( 'NONE',  ( 0.0000000000000000000, 0.0000000000000000000, 1.000000000000000000 ) ) ;
#3949 = EDGE_LOOP ( 'NONE', ( #7232, #4988, #3605, #2041 ) ) ;
#3950 = CARTESIAN_POINT ( 'NONE',  ( -2.429015024641861600, 0.4728017965748428400, -1.097499999999999000 ) ) ;
#3951 = PLANE ( 'NONE',  #2273 ) ;
#3952 = VERTEX_POINT ( 'NONE', #6664 ) ;
#3953 = ORIENTED_EDGE ( 'NONE', *, *, #1146, .F. ) ;
#3954 = DIRECTION ( 'NONE',  ( 0.0000000000000000000, 1.000000000000000000, 0.0000000000000000000 ) ) ;
#3955 = ADVANCED_FACE ( 'NONE', ( #3868 ), #4341, .F. ) ;
#3956 = LINE ( 'NONE', #7490, #2033 ) ;
#3957 = EDGE_CURVE ( 'NONE', #2035, #4397, #1601, .T. ) ;
#3958 = VERTEX_POINT ( 'NONE', #5488 ) ;
#3959 = ORIENTED_EDGE ( 'NONE', *, *, #5668, .F. ) ;
#3960 = VERTEX_POINT ( 'NONE', #1426 ) ;
#3961 = PLANE ( 'NONE',  #239 ) ;
#3962 = UNCERTAINTY_MEASURE_WITH_UNIT (LENGTH_MEASURE( 1.000000000000000100E-005 ), #42, 'distance_accuracy_value', 'NONE');
#3963 = VECTOR ( 'NONE', #4268, 1000.000000000000000 ) ;
#3964 = AXIS2_PLACEMENT_3D ( 'NONE', #5841, #6428, #1792 ) ;
#3965 = VERTEX_POINT ( 'NONE', #3196 ) ;
#3966 = EDGE_LOOP ( 'NONE', ( #2646, #5611, #1695, #2574 ) ) ;
#3967 = EDGE_CURVE ( 'NONE', #1598, #3442, #4240, .T. ) ;
#3968 = EDGE_CURVE ( 'NONE', #5872, #4651, #3694, .T. ) ;
#3969 = DIRECTION ( 'NONE',  ( -0.0000000000000000000, -0.0000000000000000000, -1.000000000000000000 ) ) ;
#3970 = LINE ( 'NONE', #3621, #4886 ) ;
#3971 = EDGE_LOOP ( 'NONE', ( #494, #4172, #7363, #5230, #1773, #4422, #3519, #1759, #4174, #7294, #2669, #1460 ) ) ;
#3972 = DIRECTION ( 'NONE',  ( -1.000000000000000000, 0.0000000000000000000, 0.0000000000000000000 ) ) ;
#3973 = DIRECTION ( 'NONE',  ( -1.000000000000000000, 0.0000000000000000000, 0.0000000000000000000 ) ) ;
#3974 = PLANE ( 'NONE',  #3817 ) ;
#3975 = CARTESIAN_POINT ( 'NONE',  ( -2.200000000000002000, 0.7475000000000001600, -0.2024999999999991300 ) ) ;
#3976 = VERTEX_POINT ( 'NONE', #4906 ) ;
#3977 = VECTOR ( 'NONE', #7335, 1000.000000000000100 ) ;
#3978 = CARTESIAN_POINT ( 'NONE',  ( -2.429015024641861600, 0.4728017965748428400, 1.097500000000000800 ) ) ;
#3979 = VERTEX_POINT ( 'NONE', #2527 ) ;
#3980 = CARTESIAN_POINT ( 'NONE',  ( -2.199999999999999700, 0.7475000000000001600, -2.499999999999999600 ) ) ;
#3981 = AXIS2_PLACEMENT_3D ( 'NONE', #339, #4891, #817 ) ;
#3982 = CARTESIAN_POINT ( 'NONE',  ( -2.200000000000002000, 0.6025000000000000400, -1.097499999999999000 ) ) ;
#3983 = LINE ( 'NONE', #6590, #3112 ) ;
#3984 = ADVANCED_FACE ( 'NONE', ( #6989 ), #6151, .T. ) ;
#3985 = CARTESIAN_POINT ( 'NONE',  ( 3.189885311307103100, -3.382275553165428400E-020, -0.8524999999999991500 ) ) ;
#3986 = CARTESIAN_POINT ( 'NONE',  ( 2.851362942456835200, 0.02367179002526185300, -0.2024999999999991300 ) ) ;
#3987 = DIRECTION ( 'NONE',  ( -0.0000000000000000000, -0.0000000000000000000, -1.000000000000000000 ) ) ;
#3988 = DIRECTION ( 'NONE',  ( -0.0000000000000000000, -0.0000000000000000000, -1.000000000000000000 ) ) ;
#3989 = CIRCLE ( 'NONE', #1087, 0.1296982034251570600 ) ;
#3990 = CARTESIAN_POINT ( 'NONE',  ( -2.870524920471619400, 0.2977008424331583100, -0.4474999999999991200 ) ) ;
#3991 = CARTESIAN_POINT ( 'NONE',  ( 2.851362942456834700, 0.02367179002526185300, -1.747499999999999200 ) ) ;
#3992 = CIRCLE ( 'NONE', #490, 0.2746982034251563800 ) ;
#3993 = DIRECTION ( 'NONE',  ( 1.000000000000000000, 0.0000000000000000000, 0.0000000000000000000 ) ) ;
#3994 = DIRECTION ( 'NONE',  ( 0.06975647374411804400, 0.9975640502598247500, -0.0000000000000000000 ) ) ;
#3995 = EDGE_CURVE ( 'NONE', #1886, #6627, #2688, .T. ) ;
#3996 = DIRECTION ( 'NONE',  ( -0.1736481776669299100, 0.9848077530122081300, -0.0000000000000000000 ) ) ;
#3997 = CARTESIAN_POINT ( 'NONE',  ( 2.429015024641860300, 0.4728017965748428400, -1.502499999999999100 ) ) ;
#3998 = VECTOR ( 'NONE', #3929, 1000.000000000000100 ) ;
#3999 = ORIENTED_EDGE ( 'NONE', *, *, #1974, .T. ) ;
#4000 = VECTOR ( 'NONE', #6490, 1000.000000000000000 ) ;
#4001 = VECTOR ( 'NONE', #5267, 1000.000000000000000 ) ;
#4002 = CARTESIAN_POINT ( 'NONE',  ( -2.429015024641861600, 0.6024999999999999200, 1.097500000000000800 ) ) ;
#4003 = CARTESIAN_POINT ( 'NONE',  ( 2.200000000000001100, 0.7475000000000001600, -0.2024999999999991300 ) ) ;
#4004 = LINE ( 'NONE', #1845, #2279 ) ;
#4005 = ORIENTED_EDGE ( 'NONE', *, *, #2262, .F. ) ;
#4006 = ORIENTED_EDGE ( 'NONE', *, *, #6933, .T. ) ;
#4007 = EDGE_CURVE ( 'NONE', #6947, #361, #7537, .T. ) ;
#4008 = EDGE_CURVE ( 'NONE', #3835, #154, #6340, .T. ) ;
#4009 = LINE ( 'NONE', #4439, #1549 ) ;
#4010 = FACE_OUTER_BOUND ( 'NONE', #6777, .T. ) ;
#4011 = ORIENTED_EDGE ( 'NONE', *, *, #1307, .F. ) ;
#4012 = CARTESIAN_POINT ( 'NONE',  ( -3.189885311307104000, -3.382275553165428400E-020, 0.4475000000000008400 ) ) ;
#4013 = ORIENTED_EDGE ( 'NONE', *, *, #1158, .T. ) ;
#4014 = CARTESIAN_POINT ( 'NONE',  ( -2.870524920471619400, 0.2977008424331583100, -0.8524999999999991500 ) ) ;
#4015 = LINE ( 'NONE', #2129, #6950 ) ;
#4016 = PLANE ( 'NONE',  #7470 ) ;
#4017 = AXIS2_PLACEMENT_3D ( 'NONE', #1487, #976, #6204 ) ;
#4018 = FACE_OUTER_BOUND ( 'NONE', #4707, .T. ) ;
#4019 = EDGE_CURVE ( 'NONE', #2518, #4762, #6789, .T. ) ;
#4020 = AXIS2_PLACEMENT_3D ( 'NONE', #2322, #4615, #6297 ) ;
#4021 = VECTOR ( 'NONE', #5449, 1000.000000000000000 ) ;
#4022 = ORIENTED_EDGE ( 'NONE', *, *, #4457, .T. ) ;
#4023 = DIRECTION ( 'NONE',  ( 0.9848077530122081300, 0.1736481776669299100, -0.0000000000000000000 ) ) ;
#4024 = DIRECTION ( 'NONE',  ( -0.0000000000000000000, -0.0000000000000000000, -1.000000000000000000 ) ) ;
#4025 = ORIENTED_EDGE ( 'NONE', *, *, #2739, .T. ) ;
#4026 = CARTESIAN_POINT ( 'NONE',  ( 2.870524920471619400, 0.2977008424331583100, 2.397500000000000900 ) ) ;
#4027 = CARTESIAN_POINT ( 'NONE',  ( -2.600000000000001000, 0.2500000000000001100, -1.747499999999999200 ) ) ;
#4028 = CARTESIAN_POINT ( 'NONE',  ( 2.556742820926710000, 0.4953236532462962400, 1.097500000000000800 ) ) ;
#4029 = FACE_OUTER_BOUND ( 'NONE', #7225, .T. ) ;
#4030 = ADVANCED_FACE ( 'NONE', ( #4413 ), #240, .F. ) ;
#4031 = ORIENTED_EDGE ( 'NONE', *, *, #3014, .T. ) ;
#4032 = ORIENTED_EDGE ( 'NONE', *, *, #4245, .T. ) ;
#4033 = AXIS2_PLACEMENT_3D ( 'NONE', #715, #179, #1324 ) ;
#4034 = DIRECTION ( 'NONE',  ( 0.0000000000000000000, 1.000000000000000000, 0.0000000000000000000 ) ) ;
#4035 = DIRECTION ( 'NONE',  ( 0.0000000000000000000, 0.0000000000000000000, 1.000000000000000000 ) ) ;
#4036 = DIRECTION ( 'NONE',  ( -0.0000000000000000000, -0.0000000000000000000, -1.000000000000000000 ) ) ;
#4037 = VECTOR ( 'NONE', #6252, 1000.000000000000100 ) ;
#4038 = VERTEX_POINT ( 'NONE', #1463 ) ;
#4039 = ORIENTED_EDGE ( 'NONE', *, *, #7104, .F. ) ;
#4040 = CARTESIAN_POINT ( 'NONE',  ( 0.0000000000000000000, 0.1500000000000002700, 0.0000000000000000000 ) ) ;
#4041 = ORIENTED_EDGE ( 'NONE', *, *, #5724, .F. ) ;
#4042 = DIRECTION ( 'NONE',  ( -0.0000000000000000000, -0.0000000000000000000, -1.000000000000000000 ) ) ;
#4043 = ORIENTED_EDGE ( 'NONE', *, *, #6566, .F. ) ;
#4044 = VERTEX_POINT ( 'NONE', #282 ) ;
#4045 = CARTESIAN_POINT ( 'NONE',  ( 2.200000000000000600, 0.7475000000000001600, -2.152499999999999400 ) ) ;
#4046 = ORIENTED_EDGE ( 'NONE', *, *, #5971, .F. ) ;
#4047 = VERTEX_POINT ( 'NONE', #7337 ) ;
#4048 = EDGE_CURVE ( 'NONE', #7552, #1398, #878, .T. ) ;
#4049 = DIRECTION ( 'NONE',  ( -0.9975640502598247500, -0.06975647374411804400, 0.0000000000000000000 ) ) ;
#4050 = ORIENTED_EDGE ( 'NONE', *, *, #6351, .T. ) ;
#4051 = DIRECTION ( 'NONE',  ( 0.0000000000000000000, 0.0000000000000000000, 1.000000000000000000 ) ) ;
#4052 = DIRECTION ( 'NONE',  ( -0.0000000000000000000, -0.0000000000000000000, -1.000000000000000000 ) ) ;
#4053 = VECTOR ( 'NONE', #4441, 1000.000000000000000 ) ;
#4054 = DIRECTION ( 'NONE',  ( 0.06975647374411675400, 0.9975640502598248600, -0.0000000000000000000 ) ) ;
#4055 = ORIENTED_EDGE ( 'NONE', *, *, #2701, .F. ) ;
#4056 = MANIFOLD_SOLID_BREP ( 'LPattern1[4]', #4879 ) ;
#4057 = VERTEX_POINT ( 'NONE', #6182 ) ;
#4058 = EDGE_CURVE ( 'NONE', #1473, #6075, #703, .T. ) ;
#4059 = DIRECTION ( 'NONE',  ( -1.000000000000000000, 0.0000000000000000000, 0.0000000000000000000 ) ) ;
#4060 = EDGE_CURVE ( 'NONE', #2638, #4406, #1499, .T. ) ;
#4061 = LINE ( 'NONE', #1786, #1342 ) ;
#4062 = EDGE_CURVE ( 'NONE', #4602, #5847, #2236, .T. ) ;
#4063 = ORIENTED_EDGE ( 'NONE', *, *, #35, .F. ) ;
#4064 = CARTESIAN_POINT ( 'NONE',  ( 2.861477631149732700, 0.1683185773129357300, -0.2024999999999991300 ) ) ;
#4065 = FILL_AREA_STYLE ('',( #564 ) ) ;
#4066 = CARTESIAN_POINT ( 'NONE',  ( 2.429015024641860700, 0.4728017965748428400, 0.4475000000000008400 ) ) ;
#4067 = VECTOR ( 'NONE', #1961, 1000.000000000000100 ) ;
#4068 = ORIENTED_EDGE ( 'NONE', *, *, #1295, .T. ) ;
#4069 = ADVANCED_FACE ( 'NONE', ( #5130 ), #6610, .T. ) ;
#4070 = EDGE_CURVE ( 'NONE', #1552, #2009, #5599, .T. ) ;
#4071 = CARTESIAN_POINT ( 'NONE',  ( 2.870524920471619000, 0.2977008424331583100, -0.2024999999999991300 ) ) ;
#4072 = EDGE_CURVE ( 'NONE', #1929, #1537, #6693, .T. ) ;
#4073 = CARTESIAN_POINT ( 'NONE',  ( 2.429015024641860700, 0.4728017965748428400, -1.097499999999999000 ) ) ;
#4074 = CARTESIAN_POINT ( 'NONE',  ( -2.870524920471619400, 0.2977008424331583100, 1.097500000000000800 ) ) ;
#4075 = LINE ( 'NONE', #6469, #1180 ) ;
#4076 = ORIENTED_EDGE ( 'NONE', *, *, #2908, .F. ) ;
#4077 = CARTESIAN_POINT ( 'NONE',  ( -2.200000000000002000, 0.7475000000000001600, -0.8524999999999991500 ) ) ;
#4078 = DIRECTION ( 'NONE',  ( 0.9975640502598247500, -0.06975647374411804400, 0.0000000000000000000 ) ) ;
#4079 = CARTESIAN_POINT ( 'NONE',  ( -2.556742820926710500, 0.4953236532462962400, 2.152500000000000700 ) ) ;
#4080 = ADVANCED_FACE ( 'NONE', ( #5701 ), #4471, .F. ) ;
#4081 = CARTESIAN_POINT ( 'NONE',  ( 3.189885311307102600, -3.382275553165428400E-020, -2.152499999999999400 ) ) ;
#4082 = AXIS2_PLACEMENT_3D ( 'NONE', #7421, #3912, #7469 ) ;
#4083 = MANIFOLD_SOLID_BREP ( 'LPattern1[2]', #20 ) ;
#4084 = CYLINDRICAL_SURFACE ( 'NONE', #5729, 0.1296982034251570600 ) ;
#4085 = FACE_OUTER_BOUND ( 'NONE', #5336, .T. ) ;
#4086 = CARTESIAN_POINT ( 'NONE',  ( -2.851362942456836100, 0.02367179002526185300, -1.097499999999999000 ) ) ;
#4087 = LINE ( 'NONE', #7436, #7014 ) ;
#4088 = VERTEX_POINT ( 'NONE', #377 ) ;
#4089 = AXIS2_PLACEMENT_3D ( 'NONE', #38, #1857, #6502 ) ;
#4090 = LINE ( 'NONE', #190, #5918 ) ;
#4091 = VECTOR ( 'NONE', #3329, 1000.000000000000000 ) ;
#4092 = DIRECTION ( 'NONE',  ( 0.0000000000000000000, 0.0000000000000000000, 1.000000000000000000 ) ) ;
#4093 = VECTOR ( 'NONE', #2061, 1000.000000000000000 ) ;
#4094 = CYLINDRICAL_SURFACE ( 'NONE', #6717, 0.2746982034251563800 ) ;
#4095 = VECTOR ( 'NONE', #1413, 1000.000000000000000 ) ;
#4096 = EDGE_LOOP ( 'NONE', ( #6307, #5755, #6353, #3841, #6671, #5112, #2975, #879, #7067, #4022, #7252, #2610 ) ) ;
#4097 = EDGE_CURVE ( 'NONE', #2681, #4340, #6981, .T. ) ;
#4098 = CARTESIAN_POINT ( 'NONE',  ( -2.851362942456835600, 0.02367179002526185300, 2.152500000000000700 ) ) ;
#4099 = DIRECTION ( 'NONE',  ( 0.0000000000000000000, 0.9659258262890680900, -0.2588190451025213500 ) ) ;
#4100 = CARTESIAN_POINT ( 'NONE',  ( -2.699539945113480500, 0.5205026390080010900, -0.2024999999999991300 ) ) ;
#4101 = EDGE_CURVE ( 'NONE', #3687, #6633, #971, .T. ) ;
#4102 = DIRECTION ( 'NONE',  ( 1.000000000000000000, 0.0000000000000000000, 0.0000000000000000000 ) ) ;
#4103 = CIRCLE ( 'NONE', #6820, 0.2746982034251563800 ) ;
#4104 = ADVANCED_FACE ( 'NONE', ( #1073 ), #304, .F. ) ;
#4105 = VECTOR ( 'NONE', #5262, 1000.000000000000000 ) ;
#4106 = ORIENTED_EDGE ( 'NONE', *, *, #3237, .T. ) ;
#4107 = ORIENTED_EDGE ( 'NONE', *, *, #3113, .T. ) ;
#4108 = VECTOR ( 'NONE', #6207, 1000.000000000000000 ) ;
#4109 = AXIS2_PLACEMENT_3D ( 'NONE', #6943, #1121, #5157 ) ;
#4110 = DIRECTION ( 'NONE',  ( -0.0000000000000000000, -0.0000000000000000000, -1.000000000000000000 ) ) ;
#4111 = LINE ( 'NONE', #4488, #1649 ) ;
#4112 = CARTESIAN_POINT ( 'NONE',  ( 2.851362942456834700, 0.02367179002526185300, -1.502499999999999100 ) ) ;
#4113 = CARTESIAN_POINT ( 'NONE',  ( 2.429015024641861100, 0.6025000000000000400, 2.152500000000000700 ) ) ;
#4114 = LINE ( 'NONE', #2121, #1389 ) ;
#4115 = VERTEX_POINT ( 'NONE', #3317 ) ;
#4116 = EDGE_CURVE ( 'NONE', #1250, #3726, #7348, .T. ) ;
#4117 = EDGE_CURVE ( 'NONE', #7154, #2662, #3083, .T. ) ;
#4118 = ADVANCED_FACE ( 'NONE', ( #2892 ), #3242, .T. ) ;
#4119 = PRESENTATION_STYLE_ASSIGNMENT (( #2865 ) ) ;
#4120 = CARTESIAN_POINT ( 'NONE',  ( 2.200000000000001100, 0.7475000000000001600, 1.097500000000000800 ) ) ;
#4121 = CARTESIAN_POINT ( 'NONE',  ( 2.699539945113479200, 0.5205026390080010900, -2.152499999999999400 ) ) ;
#4122 = CARTESIAN_POINT ( 'NONE',  ( -2.861477631149734100, 0.1683185773129357900, -2.152499999999999400 ) ) ;
#4123 = LINE ( 'NONE', #7203, #1397 ) ;
#4124 = EDGE_LOOP ( 'NONE', ( #3336, #7521, #1971, #527 ) ) ;
#4125 = DIRECTION ( 'NONE',  ( -0.0000000000000000000, -0.0000000000000000000, -1.000000000000000000 ) ) ;
#4126 = AXIS2_PLACEMENT_3D ( 'NONE', #5300, #2349, #1273 ) ;
#4127 = FACE_OUTER_BOUND ( 'NONE', #6791, .T. ) ;
#4128 = CARTESIAN_POINT ( 'NONE',  ( -3.200000000000000600, 0.1446467872876738600, 1.502500000000000800 ) ) ;
#4129 = PLANE ( 'NONE',  #619 ) ;
#4130 = CARTESIAN_POINT ( 'NONE',  ( -2.851362942456835600, 0.02367179002526185300, 2.152500000000000700 ) ) ;
#4131 = ORIENTED_EDGE ( 'NONE', *, *, #2815, .T. ) ;
#4132 = EDGE_LOOP ( 'NONE', ( #7315, #783, #746, #4287 ) ) ;
#4133 = PRESENTATION_STYLE_ASSIGNMENT (( #3357 ) ) ;
#4134 = ORIENTED_EDGE ( 'NONE', *, *, #4290, .T. ) ;
#4135 = ORIENTED_EDGE ( 'NONE', *, *, #7137, .T. ) ;
#4136 = ORIENTED_EDGE ( 'NONE', *, *, #5465, .T. ) ;
#4137 = ORIENTED_EDGE ( 'NONE', *, *, #137, .F. ) ;
#4138 = DIRECTION ( 'NONE',  ( 0.0000000000000000000, 0.0000000000000000000, 1.000000000000000000 ) ) ;
#4139 = DIRECTION ( 'NONE',  ( -0.0000000000000000000, -0.0000000000000000000, -1.000000000000000000 ) ) ;
#4140 = DIRECTION ( 'NONE',  ( -0.0000000000000000000, -0.0000000000000000000, -1.000000000000000000 ) ) ;
#4141 = CARTESIAN_POINT ( 'NONE',  ( -2.556742820926710500, 0.4953236532462962400, 2.152500000000000700 ) ) ;
#4142 = ORIENTED_EDGE ( 'NONE', *, *, #1438, .T. ) ;
#4143 = ORIENTED_EDGE ( 'NONE', *, *, #3340, .T. ) ;
#4144 = VERTEX_POINT ( 'NONE', #2783 ) ;
#4145 = VERTEX_POINT ( 'NONE', #2751 ) ;
#4146 = ADVANCED_FACE ( 'NONE', ( #2327 ), #3961, .F. ) ;
#4147 = CARTESIAN_POINT ( 'NONE',  ( -1.570720790471951100, 1.199999999999999300, -1.596785749842945600 ) ) ;
#4148 = PRODUCT_RELATED_PRODUCT_CATEGORY ( 'part', '', ( #4841 ) ) ;
#4149 = CARTESIAN_POINT ( 'NONE',  ( -2.851362942456835600, 0.02367179002526185300, 1.502500000000000800 ) ) ;
#4150 =( LENGTH_UNIT ( ) NAMED_UNIT ( * ) SI_UNIT ( .MILLI., .METRE. ) );
#4151 = COLOUR_RGB ( '',0.7921568627450980000, 0.8196078431372548800, 0.9333333333333333500 ) ;
#4152 = EDGE_CURVE ( 'NONE', #5507, #6884, #3956, .T. ) ;
#4153 = ORIENTED_EDGE ( 'NONE', *, *, #5381, .T. ) ;
#4154 = ORIENTED_EDGE ( 'NONE', *, *, #5182, .F. ) ;
#4155 = DIRECTION ( 'NONE',  ( -0.0000000000000000000, -0.0000000000000000000, -1.000000000000000000 ) ) ;
#4156 = DIRECTION ( 'NONE',  ( 0.1736481776669299100, -0.9848077530122081300, 0.0000000000000000000 ) ) ;
#4157 = ADVANCED_FACE ( 'NONE', ( #6430 ), #3344, .F. ) ;
#4158 = FACE_OUTER_BOUND ( 'NONE', #5337, .T. ) ;
#4159 = AXIS2_PLACEMENT_3D ( 'NONE', #782, #2020, #6573 ) ;
#4160 = ORIENTED_EDGE ( 'NONE', *, *, #6514, .T. ) ;
#4161 = EDGE_CURVE ( 'NONE', #7245, #91, #3073, .T. ) ;
#4162 = EDGE_CURVE ( 'NONE', #6424, #236, #242, .T. ) ;
#4163 = DIRECTION ( 'NONE',  ( -0.0000000000000000000, -1.000000000000000000, -0.0000000000000000000 ) ) ;
#4164 = CARTESIAN_POINT ( 'NONE',  ( 2.556742820926710500, 0.4953236532462962400, 2.152500000000000700 ) ) ;
#4165 = CYLINDRICAL_SURFACE ( 'NONE', #4264, 0.1296982034251570600 ) ;
#4166 = CARTESIAN_POINT ( 'NONE',  ( 2.861477631149732700, 0.1683185773129356700, 0.4475000000000008400 ) ) ;
#4167 = EDGE_LOOP ( 'NONE', ( #836, #341, #3748, #5386, #6767, #5414, #4779, #6261, #4467, #2690, #3676, #3512 ) ) ;
#4168 = CARTESIAN_POINT ( 'NONE',  ( -2.600000000000000500, 0.2500000000000001100, 1.747500000000000700 ) ) ;
#4169 = AXIS2_PLACEMENT_3D ( 'NONE', #6101, #6080, #4266 ) ;
#4170 = PRESENTATION_LAYER_ASSIGNMENT (  '', '', ( #5344 ) ) ;
#4171 = CIRCLE ( 'NONE', #4169, 0.2746982034251563800 ) ;
#4172 = ORIENTED_EDGE ( 'NONE', *, *, #5122, .F. ) ;
#4173 = EDGE_CURVE ( 'NONE', #3430, #6602, #2882, .T. ) ;
#4174 = ORIENTED_EDGE ( 'NONE', *, *, #6007, .F. ) ;
#4175 = AXIS2_PLACEMENT_3D ( 'NONE', #1720, #6257, #6843 ) ;
#4176 = CARTESIAN_POINT ( 'NONE',  ( 2.200000000000001500, 0.7475000000000001600, 1.747500000000000700 ) ) ;
#4177 = CARTESIAN_POINT ( 'NONE',  ( -2.699539945113480500, 0.5205026390080010900, -0.8524999999999991500 ) ) ;
#4178 = CARTESIAN_POINT ( 'NONE',  ( -2.429015024641861600, 0.4728017965748428400, -0.8524999999999991500 ) ) ;
#4179 = CYLINDRICAL_SURFACE ( 'NONE', #630, 0.1296982034251570600 ) ;
#4180 = CARTESIAN_POINT ( 'NONE',  ( -2.429015024641861600, 0.4728017965748428400, 1.097500000000000800 ) ) ;
#4181 = CARTESIAN_POINT ( 'NONE',  ( 3.189885311307102600, -3.382275553165428400E-020, -1.502499999999999100 ) ) ;
#4182 = AXIS2_PLACEMENT_3D ( 'NONE', #5799, #3487, #6412 ) ;
#4183 = CYLINDRICAL_SURFACE ( 'NONE', #2553, 0.2746982034251563800 ) ;
#4184 = ADVANCED_FACE ( 'NONE', ( #3168 ), #5090, .F. ) ;
#4185 = LINE ( 'NONE', #5206, #3799 ) ;
#4186 = FACE_OUTER_BOUND ( 'NONE', #3243, .T. ) ;
#4187 = CARTESIAN_POINT ( 'NONE',  ( -2.429015024641861600, 0.7474999999999992800, -0.4474999999999991200 ) ) ;
#4188 = VECTOR ( 'NONE', #796, 1000.000000000000000 ) ;
#4189 = ORIENTED_EDGE ( 'NONE', *, *, #2057, .T. ) ;
#4190 = DIRECTION ( 'NONE',  ( -1.000000000000000000, 0.0000000000000000000, 0.0000000000000000000 ) ) ;
#4191 = ADVANCED_FACE ( 'NONE', ( #4400 ), #4547, .F. ) ;
#4192 = VECTOR ( 'NONE', #1298, 1000.000000000000000 ) ;
#4193 = VECTOR ( 'NONE', #2455, 1000.000000000000000 ) ;
#4194 = ORIENTED_EDGE ( 'NONE', *, *, #6200, .T. ) ;
#4195 = ORIENTED_EDGE ( 'NONE', *, *, #1818, .T. ) ;
#4196 = DIRECTION ( 'NONE',  ( -0.0000000000000000000, -0.0000000000000000000, -1.000000000000000000 ) ) ;
#4197 = UNCERTAINTY_MEASURE_WITH_UNIT (LENGTH_MEASURE( 1.000000000000000100E-005 ), #5276, 'distance_accuracy_value', 'NONE');
#4198 = COLOUR_RGB ( '',0.7921568627450980000, 0.8196078431372548800, 0.9333333333333333500 ) ;
#4199 = CYLINDRICAL_SURFACE ( 'NONE', #5986, 0.1296982034251570600 ) ;
#4200 = ORIENTED_EDGE ( 'NONE', *, *, #5013, .T. ) ;
#4201 = CARTESIAN_POINT ( 'NONE',  ( 2.429015024641861100, 0.6025000000000000400, 2.397500000000000900 ) ) ;
#4202 = CARTESIAN_POINT ( 'NONE',  ( 2.556742820926710000, 0.4953236532462962400, -0.2024999999999991300 ) ) ;
#4203 = ORIENTED_EDGE ( 'NONE', *, *, #3674, .F. ) ;
#4204 = CARTESIAN_POINT ( 'NONE',  ( -2.200000000000001500, 0.6025000000000000400, 2.397500000000000900 ) ) ;
#4205 = EDGE_CURVE ( 'NONE', #3059, #2313, #5121, .T. ) ;
#4206 = DIRECTION ( 'NONE',  ( -1.000000000000000000, -3.787357355024234400E-015, 0.0000000000000000000 ) ) ;
#4207 = LINE ( 'NONE', #6083, #4840 ) ;
#4208 = FACE_OUTER_BOUND ( 'NONE', #6410, .T. ) ;
#4209 = FACE_OUTER_BOUND ( 'NONE', #7542, .T. ) ;
#4210 = VERTEX_POINT ( 'NONE', #539 ) ;
#4211 = EDGE_LOOP ( 'NONE', ( #5494, #712, #5960, #4930 ) ) ;
#4212 = MECHANICAL_DESIGN_GEOMETRIC_PRESENTATION_REPRESENTATION (  '', ( #4711 ), #1210 ) ;
#4213 = CARTESIAN_POINT ( 'NONE',  ( 3.199999999999999700, 0.1446467872876735000, 1.097500000000000800 ) ) ;
#4214 = LINE ( 'NONE', #3827, #2492 ) ;
#4215 = DIRECTION ( 'NONE',  ( -0.0000000000000000000, -0.0000000000000000000, -1.000000000000000000 ) ) ;
#4216 = EDGE_CURVE ( 'NONE', #806, #1327, #2412, .T. ) ;
#4217 = EDGE_CURVE ( 'NONE', #7309, #615, #871, .T. ) ;
#4218 = VERTEX_POINT ( 'NONE', #6311 ) ;
#4219 = ORIENTED_EDGE ( 'NONE', *, *, #7548, .T. ) ;
#4220 = ORIENTED_EDGE ( 'NONE', *, *, #3707, .F. ) ;
#4221 = ADVANCED_FACE ( 'NONE', ( #4951 ), #6925, .F. ) ;
#4222 = LINE ( 'NONE', #4181, #3840 ) ;
#4223 = ORIENTED_EDGE ( 'NONE', *, *, #4062, .T. ) ;
#4224 = EDGE_LOOP ( 'NONE', ( #1241, #409, #2755, #7004 ) ) ;
#4225 = PLANE ( 'NONE',  #2905 ) ;
#4226 = DIRECTION ( 'NONE',  ( 0.0000000000000000000, 0.0000000000000000000, 1.000000000000000000 ) ) ;
#4227 = ADVANCED_FACE ( 'NONE', ( #315 ), #665, .F. ) ;
#4228 = ORIENTED_EDGE ( 'NONE', *, *, #2345, .F. ) ;
#4229 = CARTESIAN_POINT ( 'NONE',  ( 3.199999999999999300, 0.1446467872876735000, -1.502499999999999100 ) ) ;
#4230 = ORIENTED_EDGE ( 'NONE', *, *, #1556, .F. ) ;
#4231 = ORIENTED_EDGE ( 'NONE', *, *, #4173, .T. ) ;
#4232 = ORIENTED_EDGE ( 'NONE', *, *, #5023, .F. ) ;
#4233 = AXIS2_PLACEMENT_3D ( 'NONE', #2263, #6294, #2895 ) ;
#4234 = PLANE ( 'NONE',  #3248 ) ;
#4235 = EDGE_LOOP ( 'NONE', ( #866, #5696, #3053, #7442, #1429, #1092, #5512, #6036, #6331, #3162, #6625, #3255 ) ) ;
#4236 = ORIENTED_EDGE ( 'NONE', *, *, #945, .F. ) ;
#4237 = PLANE ( 'NONE',  #5848 ) ;
#4238 = DIRECTION ( 'NONE',  ( -1.000000000000000000, 0.0000000000000000000, 0.0000000000000000000 ) ) ;
#4239 = MANIFOLD_SOLID_BREP ( 'LPattern1[6]', #5783 ) ;
#4240 = CIRCLE ( 'NONE', #4159, 0.2500000000000000000 ) ;
#4241 = EDGE_LOOP ( 'NONE', ( #5875, #2745, #1331, #2626 ) ) ;
#4242 = ORIENTED_EDGE ( 'NONE', *, *, #2873, .T. ) ;
#4243 = DIRECTION ( 'NONE',  ( 1.000000000000000000, -4.734196693780292900E-016, 0.0000000000000000000 ) ) ;
#4244 = DIRECTION ( 'NONE',  ( 0.0000000000000000000, 0.0000000000000000000, 1.000000000000000000 ) ) ;
#4245 = EDGE_CURVE ( 'NONE', #3976, #7167, #1062, .T. ) ;
#4246 = LINE ( 'NONE', #2731, #3698 ) ;
#4247 = VERTEX_POINT ( 'NONE', #5277 ) ;
#4248 = CARTESIAN_POINT ( 'NONE',  ( -2.200000000000002400, 0.7475000000000001600, -1.747499999999999200 ) ) ;
#4249 = DIRECTION ( 'NONE',  ( -0.9848077530122081300, -0.1736481776669299100, 0.0000000000000000000 ) ) ;
#4250 = AXIS2_PLACEMENT_3D ( 'NONE', #962, #6276, #3890 ) ;
#4251 = CARTESIAN_POINT ( 'NONE',  ( 2.742797124186768800, 0.2751789857617048500, -1.502499999999999100 ) ) ;
#4252 = FACE_OUTER_BOUND ( 'NONE', #6338, .T. ) ;
#4253 = ORIENTED_EDGE ( 'NONE', *, *, #2816, .F. ) ;
#4254 = EDGE_CURVE ( 'NONE', #5870, #2227, #58, .T. ) ;
#4255 = EDGE_CURVE ( 'NONE', #2245, #7457, #4694, .T. ) ;
#4256 = EDGE_CURVE ( 'NONE', #2213, #5167, #3423, .T. ) ;
#4257 = CARTESIAN_POINT ( 'NONE',  ( 2.429015024641861100, 0.6025000000000000400, 1.747500000000000700 ) ) ;
#4258 = CARTESIAN_POINT ( 'NONE',  ( -2.078752990424916500, 1.199999999999999300, -2.378752990424916700 ) ) ;
#4259 = DIRECTION ( 'NONE',  ( -1.000000000000000000, 0.0000000000000000000, 0.0000000000000000000 ) ) ;
#4260 = CARTESIAN_POINT ( 'NONE',  ( 2.429015024641860700, 0.4728017965748428400, -0.2024999999999991300 ) ) ;
#4261 = VECTOR ( 'NONE', #815, 1000.000000000000100 ) ;
#4262 = DIRECTION ( 'NONE',  ( -4.734196693780292900E-016, 1.000000000000000000, 0.0000000000000000000 ) ) ;
#4263 = ADVANCED_FACE ( 'NONE', ( #4870 ), #4628, .F. ) ;
#4264 = AXIS2_PLACEMENT_3D ( 'NONE', #948, #1518, #2135 ) ;
#4265 = AXIS2_PLACEMENT_3D ( 'NONE', #7547, #5196, #2965 ) ;
#4266 = DIRECTION ( 'NONE',  ( -1.000000000000000000, 0.0000000000000000000, 0.0000000000000000000 ) ) ;
#4267 = VECTOR ( 'NONE', #5447, 1000.000000000000000 ) ;
#4268 = DIRECTION ( 'NONE',  ( -1.000000000000000000, -3.787357355024234400E-015, 0.0000000000000000000 ) ) ;
#4269 = CARTESIAN_POINT ( 'NONE',  ( -2.429015024641861600, 0.4728017965748428400, 0.2025000000000008500 ) ) ;
#4270 = ORIENTED_EDGE ( 'NONE', *, *, #3904, .T. ) ;
#4271 = VECTOR ( 'NONE', #6581, 1000.000000000000000 ) ;
#4272 = FACE_OUTER_BOUND ( 'NONE', #1020, .T. ) ;
#4273 = CARTESIAN_POINT ( 'NONE',  ( 2.200000000000001100, 0.7475000000000001600, -0.8524999999999991500 ) ) ;
#4274 = PLANE ( 'NONE',  #731 ) ;
#4275 = DIRECTION ( 'NONE',  ( 0.06975647374411954300, -0.9975640502598246400, 0.0000000000000000000 ) ) ;
#4276 = VECTOR ( 'NONE', #229, 1000.000000000000000 ) ;
#4277 = FACE_OUTER_BOUND ( 'NONE', #7077, .T. ) ;
#4278 = CARTESIAN_POINT ( 'NONE',  ( -2.200000000000002400, 0.7475000000000001600, -2.152499999999999400 ) ) ;
#4279 = LINE ( 'NONE', #1967, #4913 ) ;
#4280 = ORIENTED_EDGE ( 'NONE', *, *, #7053, .F. ) ;
#4281 = CARTESIAN_POINT ( 'NONE',  ( -2.429015024641861600, 0.4728017965748428400, -0.2024999999999991300 ) ) ;
#4282 = CARTESIAN_POINT ( 'NONE',  ( -2.870524920471619400, 0.2977008424331583100, 1.097500000000000800 ) ) ;
#4283 = CARTESIAN_POINT ( 'NONE',  ( -2.200000000000002000, 0.6025000000000000400, 0.8525000000000008100 ) ) ;
#4284 = DIRECTION ( 'NONE',  ( -0.0000000000000000000, -0.0000000000000000000, -1.000000000000000000 ) ) ;
#4285 = FACE_OUTER_BOUND ( 'NONE', #4224, .T. ) ;
#4286 = CARTESIAN_POINT ( 'NONE',  ( 3.189885311307103500, -3.382275553165428400E-020, 1.502500000000000800 ) ) ;
#4287 = ORIENTED_EDGE ( 'NONE', *, *, #2365, .T. ) ;
#4288 = EDGE_LOOP ( 'NONE', ( #46, #5946, #5397, #235 ) ) ;
#4289 = VECTOR ( 'NONE', #3795, 1000.000000000000000 ) ;
#4290 = EDGE_CURVE ( 'NONE', #3828, #581, #4777, .T. ) ;
#4291 = DIRECTION ( 'NONE',  ( 0.0000000000000000000, 0.0000000000000000000, 1.000000000000000000 ) ) ;
#4292 = VECTOR ( 'NONE', #2796, 1000.000000000000000 ) ;
#4293 = ORIENTED_EDGE ( 'NONE', *, *, #2522, .T. ) ;
#4294 = CARTESIAN_POINT ( 'NONE',  ( -2.429015024641861100, 0.4728017965748428400, 2.397500000000000900 ) ) ;
#4295 = PLANE ( 'NONE',  #4748 ) ;
#4296 = DIRECTION ( 'NONE',  ( -1.000000000000000000, 0.0000000000000000000, 0.0000000000000000000 ) ) ;
#4297 = AXIS2_PLACEMENT_3D ( 'NONE', #1315, #1809, #5895 ) ;
#4298 = FACE_OUTER_BOUND ( 'NONE', #4451, .T. ) ;
#4299 = ADVANCED_FACE ( 'NONE', ( #6882 ), #5324, .F. ) ;
#4300 = DIRECTION ( 'NONE',  ( -0.0000000000000000000, -0.0000000000000000000, -1.000000000000000000 ) ) ;
#4301 = VECTOR ( 'NONE', #5774, 1000.000000000000000 ) ;
#4302 = EDGE_CURVE ( 'NONE', #7135, #5060, #3760, .T. ) ;
#4303 = EDGE_LOOP ( 'NONE', ( #5602, #1774, #208, #5747 ) ) ;
#4304 = DIRECTION ( 'NONE',  ( -0.0000000000000000000, -0.0000000000000000000, -1.000000000000000000 ) ) ;
#4305 = EDGE_CURVE ( 'NONE', #4855, #5798, #6056, .T. ) ;
#4306 = DIRECTION ( 'NONE',  ( -4.260777024402263800E-015, -1.000000000000000000, 0.0000000000000000000 ) ) ;
#4307 = VECTOR ( 'NONE', #44, 1000.000000000000000 ) ;
#4308 = EDGE_LOOP ( 'NONE', ( #5133, #7119, #4200, #4686, #4675, #5315, #521, #5709, #245, #1317, #874, #288 ) ) ;
#4309 = ORIENTED_EDGE ( 'NONE', *, *, #2217, .T. ) ;
#4310 = PRESENTATION_LAYER_ASSIGNMENT (  '', '', ( #6806 ) ) ;
#4311 = DIRECTION ( 'NONE',  ( -0.0000000000000000000, -0.0000000000000000000, -1.000000000000000000 ) ) ;
#4312 = DIRECTION ( 'NONE',  ( -0.0000000000000000000, -0.0000000000000000000, -1.000000000000000000 ) ) ;
#4313 = EDGE_CURVE ( 'NONE', #464, #2303, #693, .T. ) ;
#4314 = AXIS2_PLACEMENT_3D ( 'NONE', #5881, #102, #6520 ) ;
#4315 = EDGE_LOOP ( 'NONE', ( #1024, #7069, #305, #5043 ) ) ;
#4316 = EDGE_LOOP ( 'NONE', ( #4134, #1578, #7342, #3829 ) ) ;
#4317 = ORIENTED_EDGE ( 'NONE', *, *, #5666, .T. ) ;
#4318 = CARTESIAN_POINT ( 'NONE',  ( -2.200000000000002000, 0.6025000000000000400, -0.2024999999999991300 ) ) ;
#4319 = CARTESIAN_POINT ( 'NONE',  ( -2.556742820926711300, 0.4953236532462962400, -2.397499999999999500 ) ) ;
#4320 = VECTOR ( 'NONE', #4850, 1000.000000000000000 ) ;
#4321 = VERTEX_POINT ( 'NONE', #1207 ) ;
#4322 = ORIENTED_EDGE ( 'NONE', *, *, #4702, .F. ) ;
#4323 = AXIS2_PLACEMENT_3D ( 'NONE', #7356, #5604, #3837 ) ;
#4324 = ORIENTED_EDGE ( 'NONE', *, *, #3492, .F. ) ;
#4325 = ORIENTED_EDGE ( 'NONE', *, *, #5220, .F. ) ;
#4326 = CARTESIAN_POINT ( 'NONE',  ( -2.556742820926710900, 0.4953236532462962400, 0.4475000000000008400 ) ) ;
#4327 = COLOUR_RGB ( '',0.7921568627450980000, 0.8196078431372548800, 0.9333333333333333500 ) ;
#4328 = VERTEX_POINT ( 'NONE', #2383 ) ;
#4329 = CARTESIAN_POINT ( 'NONE',  ( 2.742797124186769200, 0.2751789857617048500, -0.8524999999999991500 ) ) ;
#4330 = AXIS2_PLACEMENT_3D ( 'NONE', #4719, #631, #1284 ) ;
#4331 = CARTESIAN_POINT ( 'NONE',  ( 2.556742820926709600, 0.4953236532462962400, -1.747499999999999200 ) ) ;
#4332 = CARTESIAN_POINT ( 'NONE',  ( -2.200000000000001500, 0.7475000000000001600, 1.747500000000000700 ) ) ;
#4333 = VECTOR ( 'NONE', #7010, 1000.000000000000000 ) ;
#4334 = ORIENTED_EDGE ( 'NONE', *, *, #662, .T. ) ;
#4335 = DIRECTION ( 'NONE',  ( -0.0000000000000000000, -0.0000000000000000000, -1.000000000000000000 ) ) ;
#4336 = DIRECTION ( 'NONE',  ( 0.1736481776669299100, -0.9848077530122081300, 0.0000000000000000000 ) ) ;
#4337 = CARTESIAN_POINT ( 'NONE',  ( 2.861477631149732700, 0.1683185773129357300, -0.2024999999999991300 ) ) ;
#4338 = ADVANCED_FACE ( 'NONE', ( #4509 ), #1, .F. ) ;
#4339 = FACE_OUTER_BOUND ( 'NONE', #6621, .T. ) ;
#4340 = VERTEX_POINT ( 'NONE', #4113 ) ;
#4341 = PLANE ( 'NONE',  #5061 ) ;
#4342 = CARTESIAN_POINT ( 'NONE',  ( -2.861477631149733200, 0.1683185773129357300, 1.747500000000000700 ) ) ;
#4343 = DIRECTION ( 'NONE',  ( -1.000000000000000000, -0.0000000000000000000, 1.971276677246371800E-016 ) ) ;
#4344 = EDGE_CURVE ( 'NONE', #5887, #1125, #2226, .T. ) ;
#4345 = VECTOR ( 'NONE', #938, 1000.000000000000000 ) ;
#4346 = EDGE_LOOP ( 'NONE', ( #4317, #5601, #842, #4135 ) ) ;
#4347 = CARTESIAN_POINT ( 'NONE',  ( -3.200000000000001100, 0.1446467872876738600, 0.4475000000000008400 ) ) ;
#4348 =( GEOMETRIC_REPRESENTATION_CONTEXT ( 3 ) GLOBAL_UNCERTAINTY_ASSIGNED_CONTEXT ( ( #2282 ) ) GLOBAL_UNIT_ASSIGNED_CONTEXT ( ( #1444, #5514, #3776 ) ) REPRESENTATION_CONTEXT ( 'NONE', 'WORKASPACE' ) );
#4349 = CARTESIAN_POINT ( 'NONE',  ( -1.570720790471951100, 1.099999999999999200, -1.846785749842945600 ) ) ;
#4350 = VECTOR ( 'NONE', #4275, 1000.000000000000000 ) ;
#4351 = EDGE_CURVE ( 'NONE', #4697, #2681, #1679, .T. ) ;
#4352 = EDGE_CURVE ( 'NONE', #3532, #4602, #1956, .T. ) ;
#4353 = DIRECTION ( 'NONE',  ( -0.0000000000000000000, 0.0000000000000000000, -1.000000000000000000 ) ) ;
#4354 = DIRECTION ( 'NONE',  ( -0.0000000000000000000, -0.0000000000000000000, -1.000000000000000000 ) ) ;
#4355 = CIRCLE ( 'NONE', #3711, 0.1296982034251570600 ) ;
#4356 = DIRECTION ( 'NONE',  ( -0.0000000000000000000, -0.0000000000000000000, -1.000000000000000000 ) ) ;
#4357 = DIRECTION ( 'NONE',  ( 1.000000000000000000, 0.0000000000000000000, 0.0000000000000000000 ) ) ;
#4358 = CARTESIAN_POINT ( 'NONE',  ( 2.556742820926709600, 0.4953236532462962400, -2.152499999999999400 ) ) ;
#4359 = LINE ( 'NONE', #3885, #354 ) ;
#4360 = LINE ( 'NONE', #1435, #4276 ) ;
#4361 = AXIS2_PLACEMENT_3D ( 'NONE', #266, #3250, #5464 ) ;
#4362 = VECTOR ( 'NONE', #4898, 1000.000000000000000 ) ;
#4363 = ORIENTED_EDGE ( 'NONE', *, *, #7053, .T. ) ;
#4364 = CARTESIAN_POINT ( 'NONE',  ( 2.200000000000001100, 0.6025000000000000400, 0.4475000000000008400 ) ) ;
#4365 = CARTESIAN_POINT ( 'NONE',  ( 3.199999999999999700, 0.1446467872876735000, 0.4475000000000008400 ) ) ;
#4366 = CARTESIAN_POINT ( 'NONE',  ( 2.429015024641860300, 0.4728017965748428400, -2.152499999999999400 ) ) ;
#4367 = CARTESIAN_POINT ( 'NONE',  ( -2.199999999999999700, 0.7475000000000001600, -2.499999999999999600 ) ) ;
#4368 = SURFACE_STYLE_USAGE ( .BOTH. , #7235 ) ;
#4369 = VECTOR ( 'NONE', #1751, 1000.000000000000000 ) ;
#4370 = LINE ( 'NONE', #4593, #3562 ) ;
#4371 = VERTEX_POINT ( 'NONE', #1874 ) ;
#4372 = EDGE_LOOP ( 'NONE', ( #1058, #1055, #7346, #6242, #6431, #2442, #4496, #5171, #2152, #398, #2884, #3154 ) ) ;
#4373 = ADVANCED_FACE ( 'NONE', ( #1491 ), #7438, .T. ) ;
#4374 = CARTESIAN_POINT ( 'NONE',  ( 2.200000000000001100, 0.7475000000000001600, 1.097500000000000800 ) ) ;
#4375 = FACE_OUTER_BOUND ( 'NONE', #3966, .T. ) ;
#4376 = CYLINDRICAL_SURFACE ( 'NONE', #1071, 0.2500000000000000000 ) ;
#4377 = VERTEX_POINT ( 'NONE', #772 ) ;
#4378 = ORIENTED_EDGE ( 'NONE', *, *, #2862, .F. ) ;
#4379 = LINE ( 'NONE', #4147, #2855 ) ;
#4380 = CYLINDRICAL_SURFACE ( 'NONE', #1535, 0.1296982034251570600 ) ;
#4381 = VERTEX_POINT ( 'NONE', #4166 ) ;
#4382 = EDGE_CURVE ( 'NONE', #1418, #4564, #1412, .T. ) ;
#4383 = VECTOR ( 'NONE', #16, 1000.000000000000000 ) ;
#4384 = DIRECTION ( 'NONE',  ( 1.000000000000000000, 0.0000000000000000000, 0.0000000000000000000 ) ) ;
#4385 =( LENGTH_UNIT ( ) NAMED_UNIT ( * ) SI_UNIT ( .MILLI., .METRE. ) );
#4386 = CARTESIAN_POINT ( 'NONE',  ( -2.429015024641861600, 0.4728017965748428400, -1.097499999999999000 ) ) ;
#4387 = EDGE_LOOP ( 'NONE', ( #1470, #7532, #4773, #6145 ) ) ;
#4388 = ORIENTED_EDGE ( 'NONE', *, *, #6422, .T. ) ;
#4389 = DIRECTION ( 'NONE',  ( -0.9975640502598248600, 0.06975647374411675400, 0.0000000000000000000 ) ) ;
#4390 = AXIS2_PLACEMENT_3D ( 'NONE', #771, #3609, #6541 ) ;
#4391 = LINE ( 'NONE', #2272, #6230 ) ;
#4392 = DIRECTION ( 'NONE',  ( 0.0000000000000000000, -1.000000000000000000, 0.0000000000000000000 ) ) ;
#4393 = EDGE_CURVE ( 'NONE', #2691, #379, #4598, .T. ) ;
#4394 = CARTESIAN_POINT ( 'NONE',  ( -2.429015024641861600, 0.6024999999999999200, -0.4474999999999991200 ) ) ;
#4395 = EDGE_CURVE ( 'NONE', #6401, #6376, #5882, .T. ) ;
#4396 = PLANE ( 'NONE',  #6107 ) ;
#4397 = VERTEX_POINT ( 'NONE', #4802 ) ;
#4398 = VERTEX_POINT ( 'NONE', #205 ) ;
#4399 = PLANE ( 'NONE',  #2674 ) ;
#4400 = FACE_OUTER_BOUND ( 'NONE', #2140, .T. ) ;
#4401 = ORIENTED_EDGE ( 'NONE', *, *, #770, .F. ) ;
#4402 = ORIENTED_EDGE ( 'NONE', *, *, #4161, .T. ) ;
#4403 = CLOSED_SHELL ( 'NONE', ( #6407, #6362, #3650, #2042, #3826, #5519, #1272, #3323, #3955, #4725, #6788, #643, #6062, #1794 ) ) ;
#4404 = CARTESIAN_POINT ( 'NONE',  ( 2.742797124186769200, 0.2751789857617048500, -0.2024999999999991300 ) ) ;
#4405 = DIRECTION ( 'NONE',  ( 1.000000000000000000, 0.0000000000000000000, 0.0000000000000000000 ) ) ;
#4406 = VERTEX_POINT ( 'NONE', #1299 ) ;
#4407 = EDGE_LOOP ( 'NONE', ( #3043, #3653, #3592, #5191 ) ) ;
#4408 = AXIS2_PLACEMENT_3D ( 'NONE', #3240, #2620, #941 ) ;
#4409 = CARTESIAN_POINT ( 'NONE',  ( 2.429015024641860300, 0.6025000000000000400, -2.152499999999999400 ) ) ;
#4410 = EDGE_CURVE ( 'NONE', #2035, #841, #413, .T. ) ;
#4411 = AXIS2_PLACEMENT_3D ( 'NONE', #1761, #1687, #4049 ) ;
#4412 = ADVANCED_FACE ( 'NONE', ( #2790 ), #717, .F. ) ;
#4413 = FACE_OUTER_BOUND ( 'NONE', #6599, .T. ) ;
#4414 = ORIENTED_EDGE ( 'NONE', *, *, #1261, .T. ) ;
#4415 = ORIENTED_EDGE ( 'NONE', *, *, #3576, .F. ) ;
#4416 =( NAMED_UNIT ( * ) SI_UNIT ( $, .STERADIAN. ) SOLID_ANGLE_UNIT ( ) );
#4417 = CARTESIAN_POINT ( 'NONE',  ( -3.200000000000001500, 0.1446467872876738600, -2.152499999999999400 ) ) ;
#4418 = AXIS2_PLACEMENT_3D ( 'NONE', #458, #6282, #6310 ) ;
#4419 = LINE ( 'NONE', #6931, #6345 ) ;
#4420 = CARTESIAN_POINT ( 'NONE',  ( 2.200000000000001500, 0.7475000000000001600, 2.499999999999999100 ) ) ;
#4421 = ORIENTED_EDGE ( 'NONE', *, *, #7148, .F. ) ;
#4422 = ORIENTED_EDGE ( 'NONE', *, *, #4344, .F. ) ;
#4423 = PLANE ( 'NONE',  #6179 ) ;
#4424 = DIRECTION ( 'NONE',  ( 0.06975647374411954300, -0.9975640502598246400, 0.0000000000000000000 ) ) ;
#4425 = FACE_OUTER_BOUND ( 'NONE', #5106, .T. ) ;
#4426 = DIRECTION ( 'NONE',  ( 0.0000000000000000000, 0.0000000000000000000, 1.000000000000000000 ) ) ;
#4427 = ORIENTED_EDGE ( 'NONE', *, *, #7434, .T. ) ;
#4428 = PRODUCT_DEFINITION_FORMATION_WITH_SPECIFIED_SOURCE ( 'ANY', '', #4841, .NOT_KNOWN. ) ;
#4429 = DIRECTION ( 'NONE',  ( -1.000000000000000000, 0.0000000000000000000, 0.0000000000000000000 ) ) ;
#4430 = CARTESIAN_POINT ( 'NONE',  ( -2.742797124186770600, 0.2751789857617048500, -2.397499999999999500 ) ) ;
#4431 = DIRECTION ( 'NONE',  ( -0.9659258262890680900, 0.2588190451025213500, 1.675614206915941800E-016 ) ) ;
#4432 = DIRECTION ( 'NONE',  ( 3.787357355024234400E-015, -1.000000000000000000, 0.0000000000000000000 ) ) ;
#4433 = EDGE_CURVE ( 'NONE', #4600, #6254, #959, .T. ) ;
#4434 = FACE_OUTER_BOUND ( 'NONE', #6199, .T. ) ;
#4435 = DIRECTION ( 'NONE',  ( -1.000000000000000000, 0.0000000000000000000, 0.0000000000000000000 ) ) ;
#4436 = VERTEX_POINT ( 'NONE', #5339 ) ;
#4437 = PLANE ( 'NONE',  #2318 ) ;
#4438 = EDGE_CURVE ( 'NONE', #4651, #1352, #3509, .T. ) ;
#4439 = CARTESIAN_POINT ( 'NONE',  ( 2.200000000000001100, 0.7475000000000001600, 0.4475000000000008400 ) ) ;
#4440 = FACE_OUTER_BOUND ( 'NONE', #689, .T. ) ;
#4441 = DIRECTION ( 'NONE',  ( -1.000000000000000000, -0.0000000000000000000, 1.971276677246372000E-016 ) ) ;
#4442 = VECTOR ( 'NONE', #3456, 1000.000000000000000 ) ;
#4443 = DIRECTION ( 'NONE',  ( -0.1736481776669299100, 0.9848077530122081300, 0.0000000000000000000 ) ) ;
#4444 = CARTESIAN_POINT ( 'NONE',  ( -2.200000000000002000, 0.7475000000000001600, 0.4475000000000008400 ) ) ;
#4445 = EDGE_CURVE ( 'NONE', #6578, #3539, #6778, .T. ) ;
#4446 = CARTESIAN_POINT ( 'NONE',  ( 2.861477631149732700, 0.1683185773129357300, 1.097500000000000800 ) ) ;
#4447 = EDGE_CURVE ( 'NONE', #7545, #7498, #7065, .T. ) ;
#4448 = LINE ( 'NONE', #3913, #453 ) ;
#4449 = ADVANCED_FACE ( 'NONE', ( #232 ), #5977, .F. ) ;
#4450 = CARTESIAN_POINT ( 'NONE',  ( 3.199999999999999700, 0.1446467872876735000, -0.4474999999999991200 ) ) ;
#4451 = EDGE_LOOP ( 'NONE', ( #5695, #4236, #3816, #4869 ) ) ;
#4452 = DIRECTION ( 'NONE',  ( 0.9975640502598247500, 0.06975647374411804400, -0.0000000000000000000 ) ) ;
#4453 = DIRECTION ( 'NONE',  ( 0.9975640502598247500, 0.06975647374411804400, -0.0000000000000000000 ) ) ;
#4454 = CYLINDRICAL_SURFACE ( 'NONE', #2257, 0.2746982034251567700 ) ;
#4455 = CARTESIAN_POINT ( 'NONE',  ( 2.200000000000000600, 0.6025000000000000400, -2.152499999999999400 ) ) ;
#4456 = EDGE_CURVE ( 'NONE', #2212, #5888, #3330, .T. ) ;
#4457 = EDGE_CURVE ( 'NONE', #5840, #5213, #500, .T. ) ;
#4458 = PLANE ( 'NONE',  #4323 ) ;
#4459 = VECTOR ( 'NONE', #4517, 1000.000000000000100 ) ;
#4460 = DIRECTION ( 'NONE',  ( 0.0000000000000000000, 0.0000000000000000000, 1.000000000000000000 ) ) ;
#4461 = DIRECTION ( 'NONE',  ( -0.0000000000000000000, -0.0000000000000000000, -1.000000000000000000 ) ) ;
#4462 = LINE ( 'NONE', #6114, #5838 ) ;
#4463 =( LENGTH_UNIT ( ) NAMED_UNIT ( * ) SI_UNIT ( .MILLI., .METRE. ) );
#4464 = CLOSED_SHELL ( 'NONE', ( #2354, #694, #2439, #5641 ) ) ;
#4465 = CYLINDRICAL_SURFACE ( 'NONE', #7246, 0.2746982034251563800 ) ;
#4466 = DIRECTION ( 'NONE',  ( -0.0000000000000000000, -0.0000000000000000000, -1.000000000000000000 ) ) ;
#4467 = ORIENTED_EDGE ( 'NONE', *, *, #756, .F. ) ;
#4468 = AXIS2_PLACEMENT_3D ( 'NONE', #5739, #2248, #3477 ) ;
#4469 = LINE ( 'NONE', #7489, #6391 ) ;
#4470 = DIRECTION ( 'NONE',  ( -1.000000000000000000, 0.0000000000000000000, 0.0000000000000000000 ) ) ;
#4471 = PLANE ( 'NONE',  #4408 ) ;
#4472 = LINE ( 'NONE', #3991, #7215 ) ;
#4473 = VERTEX_POINT ( 'NONE', #2609 ) ;
#4474 = DIRECTION ( 'NONE',  ( 1.000000000000000000, 0.0000000000000000000, 0.0000000000000000000 ) ) ;
#4475 = ORIENTED_EDGE ( 'NONE', *, *, #4703, .T. ) ;
#4476 = COLOUR_RGB ( '',0.7921568627450980000, 0.8196078431372548800, 0.9333333333333333500 ) ;
#4477 = PLANE ( 'NONE',  #3761 ) ;
#4478 = VECTOR ( 'NONE', #5931, 1000.000000000000000 ) ;
#4479 = VECTOR ( 'NONE', #5533, 1000.000000000000000 ) ;
#4480 = ORIENTED_EDGE ( 'NONE', *, *, #3151, .T. ) ;
#4481 = CARTESIAN_POINT ( 'NONE',  ( -2.870524920471619400, 0.2977008424331583100, 1.502500000000000800 ) ) ;
#4482 = PLANE ( 'NONE',  #5867 ) ;
#4483 = DIRECTION ( 'NONE',  ( -0.0000000000000000000, 0.0000000000000000000, -1.000000000000000000 ) ) ;
#4484 = CARTESIAN_POINT ( 'NONE',  ( -2.556742820926710500, 0.4953236532462962400, 2.397500000000000900 ) ) ;
#4485 = VECTOR ( 'NONE', #2727, 999.9999999999998900 ) ;
#4486 = CIRCLE ( 'NONE', #3128, 0.1296982034251570600 ) ;
#4487 = VERTEX_POINT ( 'NONE', #4900 ) ;
#4488 = CARTESIAN_POINT ( 'NONE',  ( 2.556742820926710000, 0.4953236532462962400, 1.097500000000000800 ) ) ;
#4489 = DIRECTION ( 'NONE',  ( -0.1736481776669299100, -0.9848077530122081300, 0.0000000000000000000 ) ) ;
#4490 = DIRECTION ( 'NONE',  ( -4.260777024402263800E-015, -1.000000000000000000, 0.0000000000000000000 ) ) ;
#4491 = CARTESIAN_POINT ( 'NONE',  ( 3.200000000000000200, 0.1446467872876735000, 2.152500000000000700 ) ) ;
#4492 = MANIFOLD_SOLID_BREP ( 'LPattern1[5]', #3689 ) ;
#4493 = CIRCLE ( 'NONE', #4126, 0.1296982034251570600 ) ;
#4494 = ADVANCED_FACE ( 'NONE', ( #599 ), #49, .T. ) ;
#4495 = EDGE_CURVE ( 'NONE', #6878, #4057, #3684, .T. ) ;
#4496 = ORIENTED_EDGE ( 'NONE', *, *, #3281, .F. ) ;
#4497 = EDGE_CURVE ( 'NONE', #2134, #2565, #4683, .T. ) ;
#4498 = CLOSED_SHELL ( 'NONE', ( #2398, #1890, #5088, #3184, #3467, #454, #7219, #4533, #4338, #6872, #373, #7258, #5256, #1029 ) ) ;
#4499 = CARTESIAN_POINT ( 'NONE',  ( -2.742797124186770100, 0.2751789857617048500, -0.8524999999999991500 ) ) ;
#4500 = CARTESIAN_POINT ( 'NONE',  ( 2.870524920471618600, 0.2977008424331583100, -2.152499999999999400 ) ) ;
#4501 = VECTOR ( 'NONE', #5478, 1000.000000000000000 ) ;
#4502 = EDGE_LOOP ( 'NONE', ( #3331, #4821, #4063, #3767 ) ) ;
#4503 = ORIENTED_EDGE ( 'NONE', *, *, #3114, .T. ) ;
#4504 = EDGE_LOOP ( 'NONE', ( #6773, #2416, #1604, #1859 ) ) ;
#4505 = ORIENTED_EDGE ( 'NONE', *, *, #4839, .T. ) ;
#4506 = ORIENTED_EDGE ( 'NONE', *, *, #6902, .F. ) ;
#4507 = DIRECTION ( 'NONE',  ( -0.06975647374411954300, 0.9975640502598246400, 0.0000000000000000000 ) ) ;
#4508 = EDGE_CURVE ( 'NONE', #1366, #1666, #6238, .T. ) ;
#4509 = FACE_OUTER_BOUND ( 'NONE', #3398, .T. ) ;
#4510 = EDGE_CURVE ( 'NONE', #7167, #7095, #7429, .T. ) ;
#4511 = ORIENTED_EDGE ( 'NONE', *, *, #898, .F. ) ;
#4512 = ORIENTED_EDGE ( 'NONE', *, *, #4072, .T. ) ;
#4513 = CARTESIAN_POINT ( 'NONE',  ( -2.200000000000002000, 0.6025000000000000400, 0.4475000000000008400 ) ) ;
#4514 = VERTEX_POINT ( 'NONE', #4941 ) ;
#4515 = CARTESIAN_POINT ( 'NONE',  ( 2.861477631149732700, 0.1683185773129356700, -0.8524999999999991500 ) ) ;
#4516 = ORIENTED_EDGE ( 'NONE', *, *, #306, .T. ) ;
#4517 = DIRECTION ( 'NONE',  ( 0.1736481776669299100, 0.9848077530122081300, -0.0000000000000000000 ) ) ;
#4518 = VECTOR ( 'NONE', #4734, 1000.000000000000100 ) ;
#4519 = CARTESIAN_POINT ( 'NONE',  ( 2.200000000000000600, 0.7475000000000001600, -2.152499999999999400 ) ) ;
#4520 = VERTEX_POINT ( 'NONE', #3740 ) ;
#4521 = CARTESIAN_POINT ( 'NONE',  ( -1.570720790471951100, 1.199999999999999300, -1.846785749842945600 ) ) ;
#4522 = VERTEX_POINT ( 'NONE', #3192 ) ;
#4523 = AXIS2_PLACEMENT_3D ( 'NONE', #2599, #7267, #6063 ) ;
#4524 = CARTESIAN_POINT ( 'NONE',  ( -2.429015024641861600, 0.4728017965748428400, -0.8524999999999991500 ) ) ;
#4525 = CARTESIAN_POINT ( 'NONE',  ( 2.200000000000001100, 0.7475000000000001600, 0.8525000000000008100 ) ) ;
#4526 = VECTOR ( 'NONE', #1339, 1000.000000000000000 ) ;
#4527 = VERTEX_POINT ( 'NONE', #1393 ) ;
#4528 = ORIENTED_EDGE ( 'NONE', *, *, #257, .F. ) ;
#4529 = DIRECTION ( 'NONE',  ( -0.0000000000000000000, 1.000000000000000000, -0.0000000000000000000 ) ) ;
#4530 = DIRECTION ( 'NONE',  ( -1.000000000000000000, 0.0000000000000000000, 0.0000000000000000000 ) ) ;
#4531 = VECTOR ( 'NONE', #2155, 1000.000000000000100 ) ;
#4532 = ORIENTED_EDGE ( 'NONE', *, *, #6021, .T. ) ;
#4533 = ADVANCED_FACE ( 'NONE', ( #2218 ), #885, .F. ) ;
#4534 = CARTESIAN_POINT ( 'NONE',  ( 2.861477631149732300, 0.1683185773129356700, -2.397499999999999500 ) ) ;
#4535 = DIRECTION ( 'NONE',  ( 1.000000000000000000, -4.260777024402263800E-015, 0.0000000000000000000 ) ) ;
#4536 = DIRECTION ( 'NONE',  ( -0.9848077530122081300, -0.1736481776669299100, 0.0000000000000000000 ) ) ;
#4537 = VECTOR ( 'NONE', #7306, 1000.000000000000100 ) ;
#4538 = LINE ( 'NONE', #5448, #2071 ) ;
#4539 = CARTESIAN_POINT ( 'NONE',  ( -2.870524920471619400, 0.2977008424331583100, 0.8525000000000008100 ) ) ;
#4540 = DIRECTION ( 'NONE',  ( -1.000000000000000000, 0.0000000000000000000, 0.0000000000000000000 ) ) ;
#4541 = EDGE_CURVE ( 'NONE', #1293, #5286, #5869, .T. ) ;
#4542 = DIRECTION ( 'NONE',  ( -0.0000000000000000000, -0.0000000000000000000, -1.000000000000000000 ) ) ;
#4543 = LINE ( 'NONE', #7187, #5148 ) ;
#4544 = FACE_OUTER_BOUND ( 'NONE', #3678, .T. ) ;
#4545 = AXIS2_PLACEMENT_3D ( 'NONE', #1659, #4023, #3431 ) ;
#4546 = CARTESIAN_POINT ( 'NONE',  ( -2.699539945113480100, 0.5205026390080010900, 1.502500000000000800 ) ) ;
#4547 = PLANE ( 'NONE',  #2063 ) ;
#4548 = CARTESIAN_POINT ( 'NONE',  ( 2.556742820926710000, 0.4953236532462962400, -0.8524999999999991500 ) ) ;
#4549 = DIRECTION ( 'NONE',  ( -1.000000000000000000, -4.734196693780292900E-016, 0.0000000000000000000 ) ) ;
#4550 = CIRCLE ( 'NONE', #5398, 0.1296982034251575000 ) ;
#4551 = EDGE_CURVE ( 'NONE', #6681, #6523, #6972, .T. ) ;
#4552 = FACE_OUTER_BOUND ( 'NONE', #4372, .T. ) ;
#4553 = EDGE_CURVE ( 'NONE', #797, #3563, #6600, .T. ) ;
#4554 = LINE ( 'NONE', #7271, #6099 ) ;
#4555 = ORIENTED_EDGE ( 'NONE', *, *, #5169, .F. ) ;
#4556 = DIRECTION ( 'NONE',  ( -0.0000000000000000000, -0.0000000000000000000, -1.000000000000000000 ) ) ;
#4557 = DIRECTION ( 'NONE',  ( -0.06975647374411675400, -0.9975640502598248600, 0.0000000000000000000 ) ) ;
#4558 = AXIS2_PLACEMENT_3D ( 'NONE', #3586, #4140, #1847 ) ;
#4559 = LINE ( 'NONE', #6596, #5083 ) ;
#4560 = AXIS2_PLACEMENT_3D ( 'NONE', #1129, #3367, #435 ) ;
#4561 = FACE_OUTER_BOUND ( 'NONE', #3596, .T. ) ;
#4562 = ORIENTED_EDGE ( 'NONE', *, *, #7354, .F. ) ;
#4563 = EDGE_CURVE ( 'NONE', #1466, #6417, #4864, .T. ) ;
#4564 = VERTEX_POINT ( 'NONE', #2012 ) ;
#4565 = DIRECTION ( 'NONE',  ( -0.0000000000000000000, -0.0000000000000000000, -1.000000000000000000 ) ) ;
#4566 = CARTESIAN_POINT ( 'NONE',  ( 3.189885311307103100, -3.382275553165428400E-020, 0.2025000000000008500 ) ) ;
#4567 = DIRECTION ( 'NONE',  ( 0.0000000000000000000, 1.000000000000000000, 0.0000000000000000000 ) ) ;
#4568 = DIRECTION ( 'NONE',  ( 0.0000000000000000000, 0.0000000000000000000, 1.000000000000000000 ) ) ;
#4569 = ADVANCED_FACE ( 'NONE', ( #2403 ), #7229, .F. ) ;
#4570 = VECTOR ( 'NONE', #2768, 1000.000000000000000 ) ;
#4571 = VERTEX_POINT ( 'NONE', #1970 ) ;
#4572 = VERTEX_POINT ( 'NONE', #6119 ) ;
#4573 = MANIFOLD_SOLID_BREP ( 'LPattern1[11]', #4938 ) ;
#4574 = VECTOR ( 'NONE', #2240, 999.9999999999998900 ) ;
#4575 = CARTESIAN_POINT ( 'NONE',  ( 2.556742820926710000, 0.4953236532462962400, 0.4475000000000008400 ) ) ;
#4576 = CARTESIAN_POINT ( 'NONE',  ( 2.200000000000001500, 0.6025000000000000400, 1.747500000000000700 ) ) ;
#4577 = PLANE ( 'NONE',  #31 ) ;
#4578 = FACE_OUTER_BOUND ( 'NONE', #473, .T. ) ;
#4579 = VERTEX_POINT ( 'NONE', #1533 ) ;
#4580 = SURFACE_SIDE_STYLE ('',( #4892 ) ) ;
#4581 = CIRCLE ( 'NONE', #4621, 0.1296982034251570600 ) ;
#4582 = CARTESIAN_POINT ( 'NONE',  ( 2.429015024641860300, 0.6025000000000000400, -2.397499999999999500 ) ) ;
#4583 = CARTESIAN_POINT ( 'NONE',  ( 2.556742820926710500, 0.4953236532462962400, 1.747500000000000700 ) ) ;
#4584 =( GEOMETRIC_REPRESENTATION_CONTEXT ( 3 ) GLOBAL_UNCERTAINTY_ASSIGNED_CONTEXT ( ( #7281 ) ) GLOBAL_UNIT_ASSIGNED_CONTEXT ( ( #999, #2180, #5045 ) ) REPRESENTATION_CONTEXT ( 'NONE', 'WORKASPACE' ) );
#4585 = PLANE ( 'NONE',  #1198 ) ;
#4586 = ORIENTED_EDGE ( 'NONE', *, *, #559, .F. ) ;
#4587 = VERTEX_POINT ( 'NONE', #2039 ) ;
#4588 = CARTESIAN_POINT ( 'NONE',  ( 2.200000000000001500, 0.6025000000000000400, 1.502500000000000800 ) ) ;
#4589 = PLANE ( 'NONE',  #2051 ) ;
#4590 = DIRECTION ( 'NONE',  ( 0.0000000000000000000, 0.0000000000000000000, 1.000000000000000000 ) ) ;
#4591 = LINE ( 'NONE', #7360, #6414 ) ;
#4592 = DIRECTION ( 'NONE',  ( 0.9975640502598247500, 0.06975647374411821100, 0.0000000000000000000 ) ) ;
#4593 = CARTESIAN_POINT ( 'NONE',  ( 2.200000000000001500, 0.6025000000000000400, 2.499999999999999100 ) ) ;
#4594 = DIRECTION ( 'NONE',  ( -0.9975640502598247500, -0.06975647374411804400, 0.0000000000000000000 ) ) ;
#4595 = ORIENTED_EDGE ( 'NONE', *, *, #6660, .F. ) ;
#4596 = ORIENTED_EDGE ( 'NONE', *, *, #2066, .F. ) ;
#4597 = DIRECTION ( 'NONE',  ( -1.000000000000000000, 0.0000000000000000000, 0.0000000000000000000 ) ) ;
#4598 = LINE ( 'NONE', #2410, #4320 ) ;
#4599 = EDGE_CURVE ( 'NONE', #3511, #3836, #5312, .T. ) ;
#4600 = VERTEX_POINT ( 'NONE', #5661 ) ;
#4601 = ORIENTED_EDGE ( 'NONE', *, *, #3116, .T. ) ;
#4602 = VERTEX_POINT ( 'NONE', #344 ) ;
#4603 = ORIENTED_EDGE ( 'NONE', *, *, #7291, .T. ) ;
#4604 = CARTESIAN_POINT ( 'NONE',  ( 2.429015024641861100, 0.4728017965748428400, 1.747500000000000700 ) ) ;
#4605 = DIRECTION ( 'NONE',  ( 1.734723475976807800E-016, -0.0000000000000000000, 1.000000000000000000 ) ) ;
#4606 = AXIS2_PLACEMENT_3D ( 'NONE', #268, #5466, #6064 ) ;
#4607 = VERTEX_POINT ( 'NONE', #4986 ) ;
#4608 = EDGE_LOOP ( 'NONE', ( #584, #3881, #1789, #2993 ) ) ;
#4609 = ADVANCED_FACE ( 'NONE', ( #7159 ), #1856, .F. ) ;
#4610 = CARTESIAN_POINT ( 'NONE',  ( -2.870524920471619400, 0.2977008424331583100, 1.502500000000000800 ) ) ;
#4611 = EDGE_CURVE ( 'NONE', #2341, #2280, #1149, .T. ) ;
#4612 = EDGE_CURVE ( 'NONE', #880, #520, #3322, .T. ) ;
#4613 = DIRECTION ( 'NONE',  ( -1.000000000000000000, 0.0000000000000000000, 0.0000000000000000000 ) ) ;
#4614 = FACE_OUTER_BOUND ( 'NONE', #3945, .T. ) ;
#4615 = DIRECTION ( 'NONE',  ( -0.0000000000000000000, -0.0000000000000000000, -1.000000000000000000 ) ) ;
#4616 = ORIENTED_EDGE ( 'NONE', *, *, #3478, .F. ) ;
#4617 = CARTESIAN_POINT ( 'NONE',  ( -2.870524920471619400, 0.2977008424331583100, -0.8524999999999991500 ) ) ;
#4618 = DIRECTION ( 'NONE',  ( 0.06975647374411675400, 0.9975640502598248600, -0.0000000000000000000 ) ) ;
#4619 = CARTESIAN_POINT ( 'NONE',  ( -2.870524920471619400, 0.2977008424331583100, 2.397500000000000900 ) ) ;
#4620 = DIRECTION ( 'NONE',  ( -0.0000000000000000000, -0.0000000000000000000, -1.000000000000000000 ) ) ;
#4621 = AXIS2_PLACEMENT_3D ( 'NONE', #854, #2673, #3753 ) ;
#4622 = LINE ( 'NONE', #751, #2156 ) ;
#4623 = ORIENTED_EDGE ( 'NONE', *, *, #4508, .F. ) ;
#4624 = ORIENTED_EDGE ( 'NONE', *, *, #2967, .T. ) ;
#4625 = DIRECTION ( 'NONE',  ( 1.000000000000000000, 0.0000000000000000000, 0.0000000000000000000 ) ) ;
#4626 = SURFACE_STYLE_USAGE ( .BOTH. , #1231 ) ;
#4627 = LINE ( 'NONE', #6202, #3272 ) ;
#4628 = PLANE ( 'NONE',  #1399 ) ;
#4629 = ORIENTED_EDGE ( 'NONE', *, *, #4922, .T. ) ;
#4630 = CARTESIAN_POINT ( 'NONE',  ( 2.200000000000001100, 0.7475000000000001600, 1.097500000000000800 ) ) ;
#4631 = DIRECTION ( 'NONE',  ( -0.9975640502598247500, 0.06975647374411925200, -0.0000000000000000000 ) ) ;
#4632 = VECTOR ( 'NONE', #6291, 1000.000000000000000 ) ;
#4633 = CARTESIAN_POINT ( 'NONE',  ( -2.870524920471619400, 0.2977008424331583100, 1.747500000000000700 ) ) ;
#4634 = VECTOR ( 'NONE', #5509, 1000.000000000000100 ) ;
#4635 = DIRECTION ( 'NONE',  ( 1.000000000000000000, -4.734196693780292900E-016, 0.0000000000000000000 ) ) ;
#4636 = DIRECTION ( 'NONE',  ( 0.0000000000000000000, 0.0000000000000000000, 1.000000000000000000 ) ) ;
#4637 = VECTOR ( 'NONE', #219, 1000.000000000000000 ) ;
#4638 = CARTESIAN_POINT ( 'NONE',  ( 2.200000000000001500, 0.6025000000000000400, 2.499999999999999100 ) ) ;
#4639 = DIRECTION ( 'NONE',  ( -1.000000000000000000, 0.0000000000000000000, 0.0000000000000000000 ) ) ;
#4640 = ORIENTED_EDGE ( 'NONE', *, *, #7396, .T. ) ;
#4641 =( NAMED_UNIT ( * ) PLANE_ANGLE_UNIT ( ) SI_UNIT ( $, .RADIAN. ) );
#4642 = DIRECTION ( 'NONE',  ( -0.0000000000000000000, 1.000000000000000000, -0.0000000000000000000 ) ) ;
#4643 = EDGE_CURVE ( 'NONE', #7185, #4038, #6326, .T. ) ;
#4644 = CARTESIAN_POINT ( 'NONE',  ( 3.200000000000000200, 0.1446467872876735000, 1.502500000000000800 ) ) ;
#4645 = VECTOR ( 'NONE', #3382, 1000.000000000000000 ) ;
#4646 = ADVANCED_FACE ( 'NONE', ( #3675 ), #6174, .F. ) ;
#4647 = CARTESIAN_POINT ( 'NONE',  ( 2.851362942456835600, 0.02367179002526185300, 1.502500000000000800 ) ) ;
#4648 = LINE ( 'NONE', #3681, #2841 ) ;
#4649 = DIRECTION ( 'NONE',  ( -0.0000000000000000000, -0.0000000000000000000, -1.000000000000000000 ) ) ;
#4650 = LINE ( 'NONE', #3008, #6485 ) ;
#4651 = VERTEX_POINT ( 'NONE', #6196 ) ;
#4652 = EDGE_CURVE ( 'NONE', #4044, #7435, #6136, .T. ) ;
#4653 = CARTESIAN_POINT ( 'NONE',  ( -2.556742820926711300, 0.4953236532462962400, -1.747499999999999200 ) ) ;
#4654 = EDGE_CURVE ( 'NONE', #3965, #4956, #308, .T. ) ;
#4655 = EDGE_CURVE ( 'NONE', #4713, #481, #2499, .T. ) ;
#4656 = LINE ( 'NONE', #7136, #6655 ) ;
#4657 = ORIENTED_EDGE ( 'NONE', *, *, #5713, .F. ) ;
#4658 = ORIENTED_EDGE ( 'NONE', *, *, #5609, .F. ) ;
#4659 = AXIS2_PLACEMENT_3D ( 'NONE', #1164, #6986, #2366 ) ;
#4660 = CARTESIAN_POINT ( 'NONE',  ( -2.200000000000002400, 0.7475000000000001600, -2.152499999999999400 ) ) ;
#4661 = CARTESIAN_POINT ( 'NONE',  ( 2.200000000000001100, 0.7475000000000001600, 0.8525000000000008100 ) ) ;
#4662 = STYLED_ITEM ( 'NONE', ( #402 ), #4492 ) ;
#4663 = CYLINDRICAL_SURFACE ( 'NONE', #4862, 0.1296982034251575000 ) ;
#4664 = VECTOR ( 'NONE', #2332, 1000.000000000000000 ) ;
#4665 = EDGE_LOOP ( 'NONE', ( #2030, #1618, #873, #6450 ) ) ;
#4666 = UNCERTAINTY_MEASURE_WITH_UNIT (LENGTH_MEASURE( 1.000000000000000100E-005 ), #5034, 'distance_accuracy_value', 'NONE');
#4667 = CARTESIAN_POINT ( 'NONE',  ( 2.200000000000001100, 0.6025000000000000400, 0.4475000000000008400 ) ) ;
#4668 = CARTESIAN_POINT ( 'NONE',  ( -2.851362942456835600, 0.02367179002526185300, 1.502500000000000800 ) ) ;
#4669 = EDGE_LOOP ( 'NONE', ( #5393, #4586, #3514, #2861 ) ) ;
#4670 = DIRECTION ( 'NONE',  ( -0.0000000000000000000, -0.0000000000000000000, -1.000000000000000000 ) ) ;
#4671 = CARTESIAN_POINT ( 'NONE',  ( 2.742797124186768800, 0.2751789857617048500, -1.747499999999999200 ) ) ;
#4672 = VECTOR ( 'NONE', #6, 1000.000000000000000 ) ;
#4673 = CARTESIAN_POINT ( 'NONE',  ( -2.600000000000000500, 0.2500000000000001100, -0.8524999999999991500 ) ) ;
#4674 = EDGE_LOOP ( 'NONE', ( #3714, #4623, #3875, #118 ) ) ;
#4675 = ORIENTED_EDGE ( 'NONE', *, *, #393, .T. ) ;
#4676 = AXIS2_PLACEMENT_3D ( 'NONE', #585, #7536, #2825 ) ;
#4677 = CARTESIAN_POINT ( 'NONE',  ( -2.429015024641861100, 0.6024999999999999200, 1.747500000000000700 ) ) ;
#4678 = LINE ( 'NONE', #3529, #593 ) ;
#4679 = VERTEX_POINT ( 'NONE', #5057 ) ;
#4680 = VERTEX_POINT ( 'NONE', #2084 ) ;
#4681 = ADVANCED_FACE ( 'NONE', ( #1400 ), #5579, .F. ) ;
#4682 = DIRECTION ( 'NONE',  ( 0.1736481776669299100, 0.9848077530122081300, -0.0000000000000000000 ) ) ;
#4683 = LINE ( 'NONE', #7273, #1404 ) ;
#4684 = DIRECTION ( 'NONE',  ( 0.0000000000000000000, 0.0000000000000000000, 1.000000000000000000 ) ) ;
#4685 = ORIENTED_EDGE ( 'NONE', *, *, #1569, .T. ) ;
#4686 = ORIENTED_EDGE ( 'NONE', *, *, #7448, .T. ) ;
#4687 = CARTESIAN_POINT ( 'NONE',  ( 2.851362942456835600, 0.02367179002526185300, 2.152500000000000700 ) ) ;
#4688 = VERTEX_POINT ( 'NONE', #7407 ) ;
#4689 = EDGE_LOOP ( 'NONE', ( #5149, #2022, #591, #1770 ) ) ;
#4690 = EDGE_CURVE ( 'NONE', #5181, #2677, #949, .T. ) ;
#4691 = VERTEX_POINT ( 'NONE', #4491 ) ;
#4692 = DIRECTION ( 'NONE',  ( -0.0000000000000000000, -0.0000000000000000000, -1.000000000000000000 ) ) ;
#4693 =( NAMED_UNIT ( * ) SI_UNIT ( $, .STERADIAN. ) SOLID_ANGLE_UNIT ( ) );
#4694 = LINE ( 'NONE', #4677, #5501 ) ;
#4695 = ADVANCED_FACE ( 'NONE', ( #1320 ), #5550, .F. ) ;
#4696 = CARTESIAN_POINT ( 'NONE',  ( 2.861477631149732700, 0.1683185773129356700, -0.2024999999999991300 ) ) ;
#4697 = VERTEX_POINT ( 'NONE', #427 ) ;
#4698 = CARTESIAN_POINT ( 'NONE',  ( -2.861477631149733600, 0.1683185773129357900, -0.8524999999999991500 ) ) ;
#4699 = ORIENTED_EDGE ( 'NONE', *, *, #1974, .F. ) ;
#4700 = EDGE_LOOP ( 'NONE', ( #3830, #3730, #170, #5099 ) ) ;
#4701 = ORIENTED_EDGE ( 'NONE', *, *, #35, .T. ) ;
#4702 = EDGE_CURVE ( 'NONE', #5072, #4406, #4591, .T. ) ;
#4703 = EDGE_CURVE ( 'NONE', #2938, #7075, #6964, .T. ) ;
#4704 = VECTOR ( 'NONE', #847, 1000.000000000000000 ) ;
#4705 = EDGE_CURVE ( 'NONE', #3174, #512, #3418, .T. ) ;
#4706 = ORIENTED_EDGE ( 'NONE', *, *, #2066, .T. ) ;
#4707 = EDGE_LOOP ( 'NONE', ( #7468, #974, #5691, #1288 ) ) ;
#4708 = PLANE ( 'NONE',  #3033 ) ;
#4709 = DIRECTION ( 'NONE',  ( -0.06975647374411954300, 0.9975640502598246400, 0.0000000000000000000 ) ) ;
#4710 = PLANE ( 'NONE',  #3405 ) ;
#4711 = STYLED_ITEM ( 'NONE', ( #2168 ), #2136 ) ;
#4712 = VECTOR ( 'NONE', #1035, 1000.000000000000000 ) ;
#4713 = VERTEX_POINT ( 'NONE', #6919 ) ;
#4714 = ORIENTED_EDGE ( 'NONE', *, *, #2160, .T. ) ;
#4715 = CARTESIAN_POINT ( 'NONE',  ( -2.199999999999998800, 1.199999999999999300, 2.378752990424917200 ) ) ;
#4716 = EDGE_CURVE ( 'NONE', #4572, #4967, #3061, .T. ) ;
#4717 = AXIS2_PLACEMENT_3D ( 'NONE', #231, #4262, #4826 ) ;
#4718 = CARTESIAN_POINT ( 'NONE',  ( 2.200000000000001100, 0.7475000000000001600, -0.8524999999999991500 ) ) ;
#4719 = CARTESIAN_POINT ( 'NONE',  ( 2.861477631149732700, 0.1683185773129357300, 1.097500000000000800 ) ) ;
#4720 = VECTOR ( 'NONE', #6917, 1000.000000000000100 ) ;
#4721 = EDGE_LOOP ( 'NONE', ( #5681, #1654, #3496, #614, #1646, #1802, #2753, #2597, #2894, #2930, #5048, #6974 ) ) ;
#4722 = DIRECTION ( 'NONE',  ( 0.06975647374411821100, -0.9975640502598247500, 0.0000000000000000000 ) ) ;
#4723 = MECHANICAL_DESIGN_GEOMETRIC_PRESENTATION_REPRESENTATION (  '', ( #1226 ), #5193 ) ;
#4724 = LINE ( 'NONE', #4086, #5257 ) ;
#4725 = ADVANCED_FACE ( 'NONE', ( #4770 ), #1715, .F. ) ;
#4726 =( NAMED_UNIT ( * ) PLANE_ANGLE_UNIT ( ) SI_UNIT ( $, .RADIAN. ) );
#4727 =( NAMED_UNIT ( * ) PLANE_ANGLE_UNIT ( ) SI_UNIT ( $, .RADIAN. ) );
#4728 = LINE ( 'NONE', #6511, #5536 ) ;
#4729 = ORIENTED_EDGE ( 'NONE', *, *, #995, .F. ) ;
#4730 = STYLED_ITEM ( 'NONE', ( #2100 ), #5109 ) ;
#4731 = ADVANCED_FACE ( 'NONE', ( #5396 ), #3951, .F. ) ;
#4732 = DIRECTION ( 'NONE',  ( -1.000000000000000000, 0.0000000000000000000, 1.971276677246371500E-016 ) ) ;
#4733 = VECTOR ( 'NONE', #65, 1000.000000000000000 ) ;
#4734 = DIRECTION ( 'NONE',  ( 0.1736481776669299100, 0.9848077530122081300, -0.0000000000000000000 ) ) ;
#4735 = DIRECTION ( 'NONE',  ( -0.0000000000000000000, 0.0000000000000000000, -1.000000000000000000 ) ) ;
#4736 = DIRECTION ( 'NONE',  ( -0.0000000000000000000, -0.0000000000000000000, -1.000000000000000000 ) ) ;
#4737 = CIRCLE ( 'NONE', #2333, 0.1296982034251575000 ) ;
#4738 = FACE_OUTER_BOUND ( 'NONE', #7277, .T. ) ;
#4739 = VERTEX_POINT ( 'NONE', #5712 ) ;
#4740 = CARTESIAN_POINT ( 'NONE',  ( 2.699539945113479600, 0.5205026390080010900, -1.097499999999999000 ) ) ;
#4741 = DIRECTION ( 'NONE',  ( -0.0000000000000000000, -0.0000000000000000000, -1.000000000000000000 ) ) ;
#4742 = EDGE_CURVE ( 'NONE', #1137, #2519, #781, .T. ) ;
#4743 = CARTESIAN_POINT ( 'NONE',  ( -2.556742820926710900, 0.4953236532462962400, -0.8524999999999991500 ) ) ;
#4744 = LINE ( 'NONE', #2434, #5548 ) ;
#4745 = LINE ( 'NONE', #7090, #5091 ) ;
#4746 = ORIENTED_EDGE ( 'NONE', *, *, #466, .T. ) ;
#4747 = ORIENTED_EDGE ( 'NONE', *, *, #5452, .T. ) ;
#4748 = AXIS2_PLACEMENT_3D ( 'NONE', #5458, #1981, #2473 ) ;
#4749 = DIRECTION ( 'NONE',  ( -0.06975647374411804400, 0.9975640502598247500, 0.0000000000000000000 ) ) ;
#4750 = FACE_OUTER_BOUND ( 'NONE', #1570, .T. ) ;
#4751 = DIRECTION ( 'NONE',  ( 1.000000000000000000, 3.787357355024234400E-015, 0.0000000000000000000 ) ) ;
#4752 = DIRECTION ( 'NONE',  ( -1.000000000000000000, 0.0000000000000000000, 0.0000000000000000000 ) ) ;
#4753 = VECTOR ( 'NONE', #2166, 1000.000000000000000 ) ;
#4754 = EDGE_LOOP ( 'NONE', ( #429, #2797, #3652, #918 ) ) ;
#4755 = EDGE_CURVE ( 'NONE', #7439, #1323, #5021, .T. ) ;
#4756 = VERTEX_POINT ( 'NONE', #3380 ) ;
#4757 = EDGE_CURVE ( 'NONE', #3484, #5966, #5958, .T. ) ;
#4758 = CARTESIAN_POINT ( 'NONE',  ( 2.200000000000001500, 0.6025000000000000400, 1.502500000000000800 ) ) ;
#4759 = ADVANCED_FACE ( 'NONE', ( #1233 ), #3455, .F. ) ;
#4760 = CARTESIAN_POINT ( 'NONE',  ( 2.200000000000001100, 0.6025000000000000400, 0.2025000000000008500 ) ) ;
#4761 = LINE ( 'NONE', #1325, #3223 ) ;
#4762 = VERTEX_POINT ( 'NONE', #1093 ) ;
#4763 = CARTESIAN_POINT ( 'NONE',  ( 2.429015024641860700, 0.4728017965748428400, 0.2025000000000008500 ) ) ;
#4764 = LINE ( 'NONE', #2026, #2576 ) ;
#4765 = DIRECTION ( 'NONE',  ( -0.1736481776669299100, -0.9848077530122081300, 0.0000000000000000000 ) ) ;
#4766 = DIRECTION ( 'NONE',  ( 1.000000000000000000, 0.0000000000000000000, -0.0000000000000000000 ) ) ;
#4767 = ADVANCED_FACE ( 'NONE', ( #3501 ), #5675, .T. ) ;
#4768 = ORIENTED_EDGE ( 'NONE', *, *, #1057, .T. ) ;
#4769 = EDGE_LOOP ( 'NONE', ( #7256, #4324, #59, #4506, #5310, #6240, #312, #705, #954, #4810, #7449, #163 ) ) ;
#4770 = FACE_OUTER_BOUND ( 'NONE', #7351, .T. ) ;
#4771 = ORIENTED_EDGE ( 'NONE', *, *, #347, .T. ) ;
#4772 = ORIENTED_EDGE ( 'NONE', *, *, #6274, .F. ) ;
#4773 = ORIENTED_EDGE ( 'NONE', *, *, #4885, .F. ) ;
#4774 = DIRECTION ( 'NONE',  ( -4.734196693780292900E-016, 1.000000000000000000, 0.0000000000000000000 ) ) ;
#4775 = DIRECTION ( 'NONE',  ( -0.0000000000000000000, 1.000000000000000000, -0.0000000000000000000 ) ) ;
#4776 = CARTESIAN_POINT ( 'NONE',  ( 2.429015024641860700, 0.4728017965748428400, 1.097500000000000800 ) ) ;
#4777 = CIRCLE ( 'NONE', #4265, 0.1296982034251570600 ) ;
#4778 = EDGE_LOOP ( 'NONE', ( #6486, #5504, #4897, #5595 ) ) ;
#4779 = ORIENTED_EDGE ( 'NONE', *, *, #7237, .F. ) ;
#4780 = ORIENTED_EDGE ( 'NONE', *, *, #5346, .T. ) ;
#4781 = VERTEX_POINT ( 'NONE', #4027 ) ;
#4782 = ORIENTED_EDGE ( 'NONE', *, *, #2509, .F. ) ;
#4783 = CARTESIAN_POINT ( 'NONE',  ( 2.556742820926710000, 0.4953236532462962400, -1.097499999999999000 ) ) ;
#4784 = DIRECTION ( 'NONE',  ( -0.0000000000000000000, -0.0000000000000000000, -1.000000000000000000 ) ) ;
#4785 = DIRECTION ( 'NONE',  ( 0.9975640502598247500, 0.06975647374411804400, -0.0000000000000000000 ) ) ;
#4786 = VECTOR ( 'NONE', #1378, 1000.000000000000000 ) ;
#4787 = EDGE_CURVE ( 'NONE', #3764, #5771, #2874, .T. ) ;
#4788 = VERTEX_POINT ( 'NONE', #2298 ) ;
#4789 = ORIENTED_EDGE ( 'NONE', *, *, #2055, .F. ) ;
#4790 = DIRECTION ( 'NONE',  ( -0.0000000000000000000, -0.0000000000000000000, -1.000000000000000000 ) ) ;
#4791 = CARTESIAN_POINT ( 'NONE',  ( 2.556742820926710000, 0.4953236532462962400, 0.4475000000000008400 ) ) ;
#4792 = CARTESIAN_POINT ( 'NONE',  ( -2.200000000000002000, 0.7475000000000001600, 0.4475000000000008400 ) ) ;
#4793 = VECTOR ( 'NONE', #3523, 1000.000000000000000 ) ;
#4794 =( GEOMETRIC_REPRESENTATION_CONTEXT ( 3 ) GLOBAL_UNCERTAINTY_ASSIGNED_CONTEXT ( ( #2615 ) ) GLOBAL_UNIT_ASSIGNED_CONTEXT ( ( #5053, #1117, #6328 ) ) REPRESENTATION_CONTEXT ( 'NONE', 'WORKASPACE' ) );
#4795 = ORIENTED_EDGE ( 'NONE', *, *, #5617, .T. ) ;
#4796 = ADVANCED_FACE ( 'NONE', ( #6594 ), #3974, .F. ) ;
#4797 = EDGE_CURVE ( 'NONE', #4914, #5309, #4391, .T. ) ;
#4798 = EDGE_CURVE ( 'NONE', #482, #1891, #6770, .T. ) ;
#4799 = CARTESIAN_POINT ( 'NONE',  ( -2.870524920471619900, 0.2977008424331583100, -2.152499999999999400 ) ) ;
#4800 =( NAMED_UNIT ( * ) PLANE_ANGLE_UNIT ( ) SI_UNIT ( $, .RADIAN. ) );
#4801 = LINE ( 'NONE', #7044, #168 ) ;
#4802 = CARTESIAN_POINT ( 'NONE',  ( -2.429015024641861100, 0.7474999999999992800, 1.502500000000000800 ) ) ;
#4803 = ORIENTED_EDGE ( 'NONE', *, *, #5122, .T. ) ;
#4804 = ORIENTED_EDGE ( 'NONE', *, *, #6859, .T. ) ;
#4805 = ADVANCED_FACE ( 'NONE', ( #138 ), #7147, .T. ) ;
#4806 = AXIS2_PLACEMENT_3D ( 'NONE', #3578, #6052, #1462 ) ;
#4807 = MECHANICAL_DESIGN_GEOMETRIC_PRESENTATION_REPRESENTATION (  '', ( #5734 ), #3124 ) ;
#4808 = FACE_OUTER_BOUND ( 'NONE', #2238, .T. ) ;
#4809 = EDGE_CURVE ( 'NONE', #2256, #7439, #4222, .T. ) ;
#4810 = ORIENTED_EDGE ( 'NONE', *, *, #3199, .F. ) ;
#4811 = AXIS2_PLACEMENT_3D ( 'NONE', #6809, #6776, #6749 ) ;
#4812 = CARTESIAN_POINT ( 'NONE',  ( -2.199999999999998800, 0.6025000000000000400, 2.500000000000000000 ) ) ;
#4813 = LINE ( 'NONE', #6433, #3193 ) ;
#4814 = DIRECTION ( 'NONE',  ( 1.000000000000000000, -4.734196693780292900E-016, 0.0000000000000000000 ) ) ;
#4815 = VECTOR ( 'NONE', #3507, 1000.000000000000000 ) ;
#4816 = CARTESIAN_POINT ( 'NONE',  ( -2.861477631149734100, 0.1683185773129357900, -2.397499999999999500 ) ) ;
#4817 = DIRECTION ( 'NONE',  ( 1.000000000000000000, 3.787357355024234400E-015, 0.0000000000000000000 ) ) ;
#4818 = AXIS2_PLACEMENT_3D ( 'NONE', #2692, #3316, #348 ) ;
#4819 = CARTESIAN_POINT ( 'NONE',  ( -2.870524920471619400, 0.2977008424331583100, 2.152500000000000700 ) ) ;
#4820 = LINE ( 'NONE', #5499, #7022 ) ;
#4821 = ORIENTED_EDGE ( 'NONE', *, *, #269, .F. ) ;
#4822 = CIRCLE ( 'NONE', #5700, 0.2500000000000000000 ) ;
#4823 = DIRECTION ( 'NONE',  ( 1.000000000000000000, 0.0000000000000000000, -0.0000000000000000000 ) ) ;
#4824 = VECTOR ( 'NONE', #3987, 1000.000000000000000 ) ;
#4825 = CARTESIAN_POINT ( 'NONE',  ( 2.861477631149733200, 0.1683185773129357300, 1.747500000000000700 ) ) ;
#4826 = DIRECTION ( 'NONE',  ( -1.000000000000000000, -4.734196693780292900E-016, 0.0000000000000000000 ) ) ;
#4827 = EDGE_CURVE ( 'NONE', #785, #6947, #2672, .T. ) ;
#4828 = CIRCLE ( 'NONE', #1276, 0.2500000000000000000 ) ;
#4829 = FACE_OUTER_BOUND ( 'NONE', #4132, .T. ) ;
#4830 = ORIENTED_EDGE ( 'NONE', *, *, #6608, .T. ) ;
#4831 = DIRECTION ( 'NONE',  ( -1.000000000000000000, 0.0000000000000000000, 0.0000000000000000000 ) ) ;
#4832 = LINE ( 'NONE', #4002, #1742 ) ;
#4833 = EDGE_CURVE ( 'NONE', #3125, #1068, #4857, .T. ) ;
#4834 = FACE_OUTER_BOUND ( 'NONE', #7318, .T. ) ;
#4835 = ORIENTED_EDGE ( 'NONE', *, *, #4019, .T. ) ;
#4836 = ORIENTED_EDGE ( 'NONE', *, *, #3160, .F. ) ;
#4837 = ADVANCED_FACE ( 'NONE', ( #1762 ), #6508, .F. ) ;
#4838 = DIRECTION ( 'NONE',  ( -1.000000000000000000, 0.0000000000000000000, 3.469446951953614200E-016 ) ) ;
#4839 = EDGE_CURVE ( 'NONE', #841, #5957, #2306, .T. ) ;
#4840 = VECTOR ( 'NONE', #2096, 1000.000000000000000 ) ;
#4841 = PRODUCT ( 'PI6LC48H02LIE', 'PI6LC48H02LIE', '', ( #1621 ) ) ;
#4842 = EDGE_CURVE ( 'NONE', #5966, #7154, #2122, .T. ) ;
#4843 = DIRECTION ( 'NONE',  ( -0.9848077530122081300, 0.1736481776669299100, 0.0000000000000000000 ) ) ;
#4844 = FACE_OUTER_BOUND ( 'NONE', #3197, .T. ) ;
#4845 = VECTOR ( 'NONE', #5664, 1000.000000000000000 ) ;
#4846 = ORIENTED_EDGE ( 'NONE', *, *, #5581, .T. ) ;
#4847 = ORIENTED_EDGE ( 'NONE', *, *, #906, .T. ) ;
#4848 = AXIS2_PLACEMENT_3D ( 'NONE', #2977, #5317, #3002 ) ;
#4849 = DIRECTION ( 'NONE',  ( 0.0000000000000000000, 0.0000000000000000000, 1.000000000000000000 ) ) ;
#4850 = DIRECTION ( 'NONE',  ( -0.0000000000000000000, -0.0000000000000000000, -1.000000000000000000 ) ) ;
#4851 = LINE ( 'NONE', #3108, #5389 ) ;
#4852 = CARTESIAN_POINT ( 'NONE',  ( -2.870524920471619400, 0.2977008424331583100, 2.397500000000000900 ) ) ;
#4853 = EDGE_CURVE ( 'NONE', #4514, #7504, #4678, .T. ) ;
#4854 = EDGE_CURVE ( 'NONE', #2256, #5490, #3152, .T. ) ;
#4855 = VERTEX_POINT ( 'NONE', #5864 ) ;
#4856 = ORIENTED_EDGE ( 'NONE', *, *, #6003, .F. ) ;
#4857 = LINE ( 'NONE', #4130, #5208 ) ;
#4858 = CARTESIAN_POINT ( 'NONE',  ( -2.199999999999998800, 0.7475000000000001600, 2.500000000000000000 ) ) ;
#4859 = DIRECTION ( 'NONE',  ( -0.1736481776669299100, -0.9848077530122081300, 0.0000000000000000000 ) ) ;
#4860 = CLOSED_SHELL ( 'NONE', ( #6536, #1823, #6289, #32, #155, #1933, #5407, #4909, #1703, #1228, #3363, #299, #2864, #5201 ) ) ;
#4861 = ORIENTED_EDGE ( 'NONE', *, *, #1556, .T. ) ;
#4862 = AXIS2_PLACEMENT_3D ( 'NONE', #3100, #185, #165 ) ;
#4863 = CARTESIAN_POINT ( 'NONE',  ( -1.570720790471951100, 1.099999999999999200, -1.596785749842945600 ) ) ;
#4864 = CIRCLE ( 'NONE', #7013, 0.1296982034251570600 ) ;
#4865 = DIRECTION ( 'NONE',  ( -0.06975647374411804400, 0.9975640502598247500, 0.0000000000000000000 ) ) ;
#4866 = ORIENTED_EDGE ( 'NONE', *, *, #3003, .F. ) ;
#4867 = ORIENTED_EDGE ( 'NONE', *, *, #6651, .F. ) ;
#4868 = ORIENTED_EDGE ( 'NONE', *, *, #4652, .T. ) ;
#4869 = ORIENTED_EDGE ( 'NONE', *, *, #2702, .T. ) ;
#4870 = FACE_OUTER_BOUND ( 'NONE', #7051, .T. ) ;
#4871 = VERTEX_POINT ( 'NONE', #708 ) ;
#4872 = DIRECTION ( 'NONE',  ( -0.0000000000000000000, -0.0000000000000000000, -1.000000000000000000 ) ) ;
#4873 = CARTESIAN_POINT ( 'NONE',  ( 2.851362942456835600, 0.02367179002526185300, 1.747500000000000700 ) ) ;
#4874 = ORIENTED_EDGE ( 'NONE', *, *, #3858, .F. ) ;
#4875 = VERTEX_POINT ( 'NONE', #611 ) ;
#4876 = DIRECTION ( 'NONE',  ( 1.000000000000000000, 4.734196693780292900E-016, -0.0000000000000000000 ) ) ;
#4877 = ADVANCED_FACE ( 'NONE', ( #6038 ), #5915, .F. ) ;
#4878 = LINE ( 'NONE', #4122, #3440 ) ;
#4879 = CLOSED_SHELL ( 'NONE', ( #5439, #2361, #4263, #2746, #6741, #5883, #265, #7372, #4975, #6258, #4184, #616, #1105, #3549 ) ) ;
#4880 = VERTEX_POINT ( 'NONE', #1248 ) ;
#4881 = DIRECTION ( 'NONE',  ( 0.9975640502598246400, 0.06975647374411954300, -0.0000000000000000000 ) ) ;
#4882 = EDGE_CURVE ( 'NONE', #6177, #5503, #4493, .T. ) ;
#4883 = DIRECTION ( 'NONE',  ( -1.000000000000000000, 4.260777024402263800E-015, -0.0000000000000000000 ) ) ;
#4884 = DIRECTION ( 'NONE',  ( 1.000000000000000000, 0.0000000000000000000, -0.0000000000000000000 ) ) ;
#4885 = EDGE_CURVE ( 'NONE', #4564, #3606, #2779, .T. ) ;
#4886 = VECTOR ( 'NONE', #4765, 1000.000000000000100 ) ;
#4887 = ORIENTED_EDGE ( 'NONE', *, *, #1214, .F. ) ;
#4888 = DIRECTION ( 'NONE',  ( -0.0000000000000000000, -0.0000000000000000000, -1.000000000000000000 ) ) ;
#4889 = DIRECTION ( 'NONE',  ( -0.0000000000000000000, -0.0000000000000000000, -1.000000000000000000 ) ) ;
#4890 = AXIS2_PLACEMENT_3D ( 'NONE', #2296, #3948, #1173 ) ;
#4891 = DIRECTION ( 'NONE',  ( 0.06975647374411804400, 0.9975640502598247500, -0.0000000000000000000 ) ) ;
#4892 = SURFACE_STYLE_FILL_AREA ( #437 ) ;
#4893 = ORIENTED_EDGE ( 'NONE', *, *, #6070, .T. ) ;
#4894 = UNCERTAINTY_MEASURE_WITH_UNIT (LENGTH_MEASURE( 1.000000000000000100E-005 ), #5426, 'distance_accuracy_value', 'NONE');
#4895 = EDGE_CURVE ( 'NONE', #5840, #3125, #5582, .T. ) ;
#4896 = EDGE_CURVE ( 'NONE', #6342, #4919, #856, .T. ) ;
#4897 = ORIENTED_EDGE ( 'NONE', *, *, #3589, .F. ) ;
#4898 = DIRECTION ( 'NONE',  ( -0.0000000000000000000, -0.0000000000000000000, -1.000000000000000000 ) ) ;
#4899 = DIRECTION ( 'NONE',  ( -1.000000000000000000, 0.0000000000000000000, 0.0000000000000000000 ) ) ;
#4900 = CARTESIAN_POINT ( 'NONE',  ( -2.200000000000002400, 0.6025000000000000400, -1.502499999999999100 ) ) ;
#4901 = VECTOR ( 'NONE', #2973, 1000.000000000000100 ) ;
#4902 = CARTESIAN_POINT ( 'NONE',  ( -2.851362942456836500, 0.02367179002526185300, -1.502499999999999100 ) ) ;
#4903 = CARTESIAN_POINT ( 'NONE',  ( 3.189885311307103500, -3.382275553165428400E-020, 2.152500000000000700 ) ) ;
#4904 = FACE_OUTER_BOUND ( 'NONE', #6161, .T. ) ;
#4905 = CIRCLE ( 'NONE', #6955, 0.2746982034251563800 ) ;
#4906 = CARTESIAN_POINT ( 'NONE',  ( -3.189885311307104000, -3.382275553165428400E-020, -0.2024999999999991300 ) ) ;
#4907 = ORIENTED_EDGE ( 'NONE', *, *, #1721, .T. ) ;
#4908 = LINE ( 'NONE', #7472, #4733 ) ;
#4909 = ADVANCED_FACE ( 'NONE', ( #3493 ), #1841, .F. ) ;
#4910 = AXIS2_PLACEMENT_3D ( 'NONE', #4332, #3144, #6016 ) ;
#4911 = LINE ( 'NONE', #5606, #3553 ) ;
#4912 = CARTESIAN_POINT ( 'NONE',  ( -2.870524920471619400, 0.2977008424331583100, 2.397500000000000900 ) ) ;
#4913 = VECTOR ( 'NONE', #1480, 1000.000000000000000 ) ;
#4914 = VERTEX_POINT ( 'NONE', #4696 ) ;
#4915 = PLANE ( 'NONE',  #7544 ) ;
#4916 =( NAMED_UNIT ( * ) PLANE_ANGLE_UNIT ( ) SI_UNIT ( $, .RADIAN. ) );
#4917 = VECTOR ( 'NONE', #1860, 1000.000000000000000 ) ;
#4918 = CARTESIAN_POINT ( 'NONE',  ( -3.200000000000001100, 0.1446467872876738600, -0.4474999999999991200 ) ) ;
#4919 = VERTEX_POINT ( 'NONE', #5268 ) ;
#4920 = ORIENTED_EDGE ( 'NONE', *, *, #1964, .F. ) ;
#4921 = LINE ( 'NONE', #4367, #3306 ) ;
#4922 = EDGE_CURVE ( 'NONE', #3115, #6236, #5307, .T. ) ;
#4923 = VECTOR ( 'NONE', #447, 1000.000000000000100 ) ;
#4924 = CARTESIAN_POINT ( 'NONE',  ( -2.429015024641861100, 0.7474999999999992800, 1.747500000000000700 ) ) ;
#4925 = FACE_OUTER_BOUND ( 'NONE', #1858, .T. ) ;
#4926 = ORIENTED_EDGE ( 'NONE', *, *, #162, .F. ) ;
#4927 = PLANE ( 'NONE',  #5904 ) ;
#4928 = ORIENTED_EDGE ( 'NONE', *, *, #7151, .T. ) ;
#4929 = FILL_AREA_STYLE ('',( #3241 ) ) ;
#4930 = ORIENTED_EDGE ( 'NONE', *, *, #1341, .T. ) ;
#4931 = CARTESIAN_POINT ( 'NONE',  ( 2.556742820926710500, 0.4953236532462962400, 1.747500000000000700 ) ) ;
#4932 = LINE ( 'NONE', #3770, #3581 ) ;
#4933 = EDGE_CURVE ( 'NONE', #5125, #1352, #3587, .T. ) ;
#4934 = ORIENTED_EDGE ( 'NONE', *, *, #6023, .T. ) ;
#4935 = EDGE_CURVE ( 'NONE', #3695, #3539, #2395, .T. ) ;
#4936 = VECTOR ( 'NONE', #3732, 1000.000000000000000 ) ;
#4937 = ORIENTED_EDGE ( 'NONE', *, *, #3630, .T. ) ;
#4938 = CLOSED_SHELL ( 'NONE', ( #1976, #195, #4191, #1862, #1547, #7140, #3214, #1624, #104, #4946, #4373, #7061, #1784, #7485 ) ) ;
#4939 = AXIS2_PLACEMENT_3D ( 'NONE', #2335, #5899, #3516 ) ;
#4940 = DIRECTION ( 'NONE',  ( 0.1736481776669299100, -0.9848077530122081300, 0.0000000000000000000 ) ) ;
#4941 = CARTESIAN_POINT ( 'NONE',  ( -2.861477631149733200, 0.1683185773129357300, 1.747500000000000700 ) ) ;
#4942 = CARTESIAN_POINT ( 'NONE',  ( -2.429015024641861100, 0.7474999999999992800, 1.747500000000000700 ) ) ;
#4943 = CARTESIAN_POINT ( 'NONE',  ( 2.699539945113479600, 0.5205026390080010900, 1.097500000000000800 ) ) ;
#4944 = EDGE_CURVE ( 'NONE', #4397, #5957, #6763, .T. ) ;
#4945 = AXIS2_PLACEMENT_3D ( 'NONE', #2190, #957, #471 ) ;
#4946 = ADVANCED_FACE ( 'NONE', ( #5767 ), #4274, .F. ) ;
#4947 = VERTEX_POINT ( 'NONE', #737 ) ;
#4948 = ORIENTED_EDGE ( 'NONE', *, *, #275, .T. ) ;
#4949 = CARTESIAN_POINT ( 'NONE',  ( 3.199999999999999700, 0.1446467872876735000, -0.8524999999999991500 ) ) ;
#4950 = DIRECTION ( 'NONE',  ( -1.000000000000000000, 0.0000000000000000000, 0.0000000000000000000 ) ) ;
#4951 = FACE_OUTER_BOUND ( 'NONE', #405, .T. ) ;
#4952 = EDGE_LOOP ( 'NONE', ( #740, #6774, #758, #4629 ) ) ;
#4953 = VERTEX_POINT ( 'NONE', #3135 ) ;
#4954 = AXIS2_PLACEMENT_3D ( 'NONE', #7163, #748, #780 ) ;
#4955 = ORIENTED_EDGE ( 'NONE', *, *, #468, .F. ) ;
#4956 = VERTEX_POINT ( 'NONE', #5368 ) ;
#4957 = ORIENTED_EDGE ( 'NONE', *, *, #3104, .T. ) ;
#4958 = DIRECTION ( 'NONE',  ( 0.2505628070857320300, 0.9351131265310291800, -0.2505628070857322000 ) ) ;
#4959 = ORIENTED_EDGE ( 'NONE', *, *, #3199, .T. ) ;
#4960 = ORIENTED_EDGE ( 'NONE', *, *, #11, .F. ) ;
#4961 = DIRECTION ( 'NONE',  ( 1.000000000000000000, -4.260777024402263800E-015, 0.0000000000000000000 ) ) ;
#4962 = LINE ( 'NONE', #3986, #2145 ) ;
#4963 = SURFACE_STYLE_USAGE ( .BOTH. , #1945 ) ;
#4964 = ORIENTED_EDGE ( 'NONE', *, *, #2805, .F. ) ;
#4965 = CARTESIAN_POINT ( 'NONE',  ( -2.429015024641861100, 0.6024999999999999200, 2.397500000000000900 ) ) ;
#4966 = VECTOR ( 'NONE', #1222, 1000.000000000000000 ) ;
#4967 = VERTEX_POINT ( 'NONE', #246 ) ;
#4968 = PLANE ( 'NONE',  #7213 ) ;
#4969 = CARTESIAN_POINT ( 'NONE',  ( -2.429015024641862000, 0.6024999999999999200, -1.502499999999999100 ) ) ;
#4970 = DIRECTION ( 'NONE',  ( -4.734196693780292900E-016, 1.000000000000000000, 0.0000000000000000000 ) ) ;
#4971 = EDGE_CURVE ( 'NONE', #3347, #5872, #4851, .T. ) ;
#4972 = DIRECTION ( 'NONE',  ( 0.9975640502598247500, -0.06975647374411804400, 0.0000000000000000000 ) ) ;
#4973 = FACE_OUTER_BOUND ( 'NONE', #207, .T. ) ;
#4974 = ORIENTED_EDGE ( 'NONE', *, *, #6893, .T. ) ;
#4975 = ADVANCED_FACE ( 'NONE', ( #3227 ), #1863, .F. ) ;
#4976 = CARTESIAN_POINT ( 'NONE',  ( -2.429015024641862000, 0.7474999999999992800, -2.397499999999999500 ) ) ;
#4977 = DIRECTION ( 'NONE',  ( -0.0000000000000000000, -0.0000000000000000000, -1.000000000000000000 ) ) ;
#4978 = CARTESIAN_POINT ( 'NONE',  ( 2.600000000000000100, 0.2500000000000001100, -0.8524999999999991500 ) ) ;
#4979 = CARTESIAN_POINT ( 'NONE',  ( -2.429015024641862000, 0.6024999999999999200, -2.397499999999999500 ) ) ;
#4980 = FACE_OUTER_BOUND ( 'NONE', #7531, .T. ) ;
#4981 = EDGE_CURVE ( 'NONE', #3347, #2244, #5108, .T. ) ;
#4982 = VECTOR ( 'NONE', #2064, 1000.000000000000000 ) ;
#4983 = EDGE_CURVE ( 'NONE', #357, #1508, #7138, .T. ) ;
#4984 = CARTESIAN_POINT ( 'NONE',  ( 2.078752990424917800, 0.1500000000000002700, 2.378752990424916300 ) ) ;
#4985 = DIRECTION ( 'NONE',  ( -0.0000000000000000000, -0.0000000000000000000, -1.000000000000000000 ) ) ;
#4986 = CARTESIAN_POINT ( 'NONE',  ( 3.189885311307103100, -3.382275553165428400E-020, 0.4475000000000008400 ) ) ;
#4987 = LINE ( 'NONE', #6271, #5272 ) ;
#4988 = ORIENTED_EDGE ( 'NONE', *, *, #6611, .F. ) ;
#4989 = VECTOR ( 'NONE', #7017, 1000.000000000000000 ) ;
#4990 = AXIS2_PLACEMENT_3D ( 'NONE', #6034, #3624, #5965 ) ;
#4991 = CIRCLE ( 'NONE', #7389, 0.1296982034251575000 ) ;
#4992 = CARTESIAN_POINT ( 'NONE',  ( 2.200000000000001100, 0.7475000000000001600, -0.4474999999999991200 ) ) ;
#4993 = DIRECTION ( 'NONE',  ( 1.000000000000000000, 4.734196693780292900E-016, -0.0000000000000000000 ) ) ;
#4994 = SURFACE_STYLE_FILL_AREA ( #799 ) ;
#4995 = CARTESIAN_POINT ( 'NONE',  ( 3.199999999999999300, 0.1446467872876735000, -2.397499999999999500 ) ) ;
#4996 = CYLINDRICAL_SURFACE ( 'NONE', #95, 0.2746982034251563800 ) ;
#4997 = LINE ( 'NONE', #1223, #12 ) ;
#4998 = VERTEX_POINT ( 'NONE', #1908 ) ;
#4999 = CARTESIAN_POINT ( 'NONE',  ( 2.199999999999999700, 0.7475000000000001600, -2.500000000000000400 ) ) ;
#5000 = CARTESIAN_POINT ( 'NONE',  ( -3.200000000000001500, 0.1446467872876738600, -2.152499999999999400 ) ) ;
#5001 = AXIS2_PLACEMENT_3D ( 'NONE', #6962, #7529, #2925 ) ;
#5002 = CIRCLE ( 'NONE', #6662, 0.2746982034251567700 ) ;
#5003 = VERTEX_POINT ( 'NONE', #3159 ) ;
#5004 = EDGE_LOOP ( 'NONE', ( #151, #7540, #768, #3842, #4322, #2953, #2321, #6653, #986, #555, #784, #101 ) ) ;
#5005 = DIRECTION ( 'NONE',  ( 1.000000000000000000, -4.734196693780292900E-016, 0.0000000000000000000 ) ) ;
#5006 = DIRECTION ( 'NONE',  ( 0.0000000000000000000, 0.0000000000000000000, 1.000000000000000000 ) ) ;
#5007 = DIRECTION ( 'NONE',  ( -0.0000000000000000000, -0.0000000000000000000, -1.000000000000000000 ) ) ;
#5008 = LINE ( 'NONE', #2710, #383 ) ;
#5009 = DIRECTION ( 'NONE',  ( -0.9848077530122081300, -0.1736481776669299100, 0.0000000000000000000 ) ) ;
#5010 = ADVANCED_FACE ( 'NONE', ( #1663 ), #389, .T. ) ;
#5011 = VECTOR ( 'NONE', #1458, 1000.000000000000100 ) ;
#5012 = ORIENTED_EDGE ( 'NONE', *, *, #5570, .F. ) ;
#5013 = EDGE_CURVE ( 'NONE', #5888, #6208, #1474, .T. ) ;
#5014 = DIRECTION ( 'NONE',  ( 0.0000000000000000000, 0.0000000000000000000, 1.000000000000000000 ) ) ;
#5015 = VECTOR ( 'NONE', #1625, 1000.000000000000000 ) ;
#5016 = DIRECTION ( 'NONE',  ( -0.0000000000000000000, -0.0000000000000000000, -1.000000000000000000 ) ) ;
#5017 = DIRECTION ( 'NONE',  ( -0.0000000000000000000, -0.0000000000000000000, -1.000000000000000000 ) ) ;
#5018 = ORIENTED_EDGE ( 'NONE', *, *, #3957, .F. ) ;
#5019 = ORIENTED_EDGE ( 'NONE', *, *, #6405, .F. ) ;
#5020 = PLANE ( 'NONE',  #670 ) ;
#5021 = LINE ( 'NONE', #478, #1939 ) ;
#5022 = PLANE ( 'NONE',  #2126 ) ;
#5023 = EDGE_CURVE ( 'NONE', #6597, #5511, #3315, .T. ) ;
#5024 = EDGE_CURVE ( 'NONE', #828, #4044, #3746, .T. ) ;
#5025 = PLANE ( 'NONE',  #2504 ) ;
#5026 = ORIENTED_EDGE ( 'NONE', *, *, #2454, .T. ) ;
#5027 = VERTEX_POINT ( 'NONE', #1363 ) ;
#5028 = DIRECTION ( 'NONE',  ( -0.06975647374411804400, 0.9975640502598247500, 0.0000000000000000000 ) ) ;
#5029 = CARTESIAN_POINT ( 'NONE',  ( -3.200000000000001100, 0.1446467872876738600, -0.8524999999999991500 ) ) ;
#5030 = COLOUR_RGB ( '',0.7921568627450980000, 0.8196078431372548800, 0.9333333333333333500 ) ;
#5031 = AXIS2_PLACEMENT_3D ( 'NONE', #3662, #186, #5890 ) ;
#5032 = CARTESIAN_POINT ( 'NONE',  ( 2.200000000000000600, 0.7475000000000001600, -2.152499999999999400 ) ) ;
#5033 = ORIENTED_EDGE ( 'NONE', *, *, #4842, .F. ) ;
#5034 =( LENGTH_UNIT ( ) NAMED_UNIT ( * ) SI_UNIT ( .MILLI., .METRE. ) );
#5035 = ORIENTED_EDGE ( 'NONE', *, *, #4393, .T. ) ;
#5036 = EDGE_LOOP ( 'NONE', ( #506, #6667, #5886, #6133 ) ) ;
#5037 = MECHANICAL_DESIGN_GEOMETRIC_PRESENTATION_REPRESENTATION (  '', ( #2324 ), #5430 ) ;
#5038 = DIRECTION ( 'NONE',  ( -0.06975647374411923800, -0.9975640502598246400, 0.0000000000000000000 ) ) ;
#5039 = PLANE ( 'NONE',  #674 ) ;
#5040 = SURFACE_STYLE_FILL_AREA ( #4065 ) ;
#5041 = ORIENTED_EDGE ( 'NONE', *, *, #162, .T. ) ;
#5042 = ORIENTED_EDGE ( 'NONE', *, *, #6699, .T. ) ;
#5043 = ORIENTED_EDGE ( 'NONE', *, *, #1915, .T. ) ;
#5044 =( LENGTH_UNIT ( ) NAMED_UNIT ( * ) SI_UNIT ( .MILLI., .METRE. ) );
#5045 =( NAMED_UNIT ( * ) SI_UNIT ( $, .STERADIAN. ) SOLID_ANGLE_UNIT ( ) );
#5046 = AXIS2_PLACEMENT_3D ( 'NONE', #2456, #7272, #4899 ) ;
#5047 = VECTOR ( 'NONE', #3469, 1000.000000000000000 ) ;
#5048 = ORIENTED_EDGE ( 'NONE', *, *, #4438, .F. ) ;
#5049 = ORIENTED_EDGE ( 'NONE', *, *, #7549, .F. ) ;
#5050 = ADVANCED_FACE ( 'NONE', ( #1314 ), #1316, .F. ) ;
#5051 = CARTESIAN_POINT ( 'NONE',  ( -2.742797124186769700, 0.2751789857617048500, 2.152500000000000700 ) ) ;
#5052 = LINE ( 'NONE', #922, #2904 ) ;
#5053 =( LENGTH_UNIT ( ) NAMED_UNIT ( * ) SI_UNIT ( .MILLI., .METRE. ) );
#5054 = VERTEX_POINT ( 'NONE', #5417 ) ;
#5055 = DIRECTION ( 'NONE',  ( 1.000000000000000000, 0.0000000000000000000, 0.0000000000000000000 ) ) ;
#5056 = DIRECTION ( 'NONE',  ( -1.000000000000000000, 0.0000000000000000000, 0.0000000000000000000 ) ) ;
#5057 = CARTESIAN_POINT ( 'NONE',  ( -2.600000000000000500, 0.2500000000000001100, 2.397500000000000900 ) ) ;
#5058 = EDGE_CURVE ( 'NONE', #396, #4328, #129, .T. ) ;
#5059 = CARTESIAN_POINT ( 'NONE',  ( -2.861477631149733200, 0.1683185773129357300, 2.397500000000000900 ) ) ;
#5060 = VERTEX_POINT ( 'NONE', #4204 ) ;
#5061 = AXIS2_PLACEMENT_3D ( 'NONE', #1443, #2544, #260 ) ;
#5062 = EDGE_CURVE ( 'NONE', #4436, #2009, #7056, .T. ) ;
#5063 = PLANE ( 'NONE',  #5247 ) ;
#5064 = VECTOR ( 'NONE', #3468, 1000.000000000000000 ) ;
#5065 = CARTESIAN_POINT ( 'NONE',  ( -2.200000000000002000, 0.7475000000000001600, -0.8524999999999991500 ) ) ;
#5066 = LINE ( 'NONE', #5188, #5997 ) ;
#5067 = APPLICATION_CONTEXT ( 'automotive_design' ) ;
#5068 = EDGE_CURVE ( 'NONE', #5003, #396, #6673, .T. ) ;
#5069 = EDGE_CURVE ( 'NONE', #2786, #1552, #2211, .T. ) ;
#5070 = CARTESIAN_POINT ( 'NONE',  ( 2.200000000000000600, 0.7475000000000001600, -1.502499999999999100 ) ) ;
#5071 = CARTESIAN_POINT ( 'NONE',  ( 2.861477631149732700, 0.1683185773129356700, -0.4474999999999991200 ) ) ;
#5072 = VERTEX_POINT ( 'NONE', #2647 ) ;
#5073 = PLANE ( 'NONE',  #2351 ) ;
#5074 = PRESENTATION_LAYER_ASSIGNMENT (  '', '', ( #5229 ) ) ;
#5075 = DIRECTION ( 'NONE',  ( 0.06975647374411954300, -0.9975640502598246400, 0.0000000000000000000 ) ) ;
#5076 = LINE ( 'NONE', #2264, #3286 ) ;
#5077 = CARTESIAN_POINT ( 'NONE',  ( -2.200000000000001500, 0.7475000000000001600, 2.397500000000000900 ) ) ;
#5078 = EDGE_CURVE ( 'NONE', #5181, #2670, #4581, .T. ) ;
#5079 = AXIS2_PLACEMENT_3D ( 'NONE', #6122, #2717, #4435 ) ;
#5080 = FACE_OUTER_BOUND ( 'NONE', #114, .T. ) ;
#5081 = CARTESIAN_POINT ( 'NONE',  ( 2.699539945113479600, 0.5205026390080010900, 0.2025000000000008500 ) ) ;
#5082 = CARTESIAN_POINT ( 'NONE',  ( -2.429015024641861100, 0.4728017965748428400, 2.152500000000000700 ) ) ;
#5083 = VECTOR ( 'NONE', #2501, 999.9999999999998900 ) ;
#5084 = CARTESIAN_POINT ( 'NONE',  ( -2.429015024641861100, 0.4728017965748428400, 1.747500000000000700 ) ) ;
#5085 = DIRECTION ( 'NONE',  ( -0.9975640502598247500, 0.06975647374411804400, 0.0000000000000000000 ) ) ;
#5086 = LINE ( 'NONE', #1557, #3998 ) ;
#5087 = ORIENTED_EDGE ( 'NONE', *, *, #4162, .T. ) ;
#5088 = ADVANCED_FACE ( 'NONE', ( #2019 ), #877, .F. ) ;
#5089 = LINE ( 'NONE', #1776, #3560 ) ;
#5090 = PLANE ( 'NONE',  #1069 ) ;
#5091 = VECTOR ( 'NONE', #1763, 1000.000000000000000 ) ;
#5092 = ORIENTED_EDGE ( 'NONE', *, *, #4827, .T. ) ;
#5093 = CARTESIAN_POINT ( 'NONE',  ( 2.556742820926710000, 0.4953236532462962400, 1.097500000000000800 ) ) ;
#5094 = ORIENTED_EDGE ( 'NONE', *, *, #2591, .F. ) ;
#5095 = VECTOR ( 'NONE', #914, 1000.000000000000000 ) ;
#5096 = CIRCLE ( 'NONE', #7313, 0.2746982034251567700 ) ;
#5097 = LINE ( 'NONE', #970, #580 ) ;
#5098 = ORIENTED_EDGE ( 'NONE', *, *, #4755, .T. ) ;
#5099 = ORIENTED_EDGE ( 'NONE', *, *, #3489, .T. ) ;
#5100 = PRESENTATION_LAYER_ASSIGNMENT (  '', '', ( #4730 ) ) ;
#5101 = DIRECTION ( 'NONE',  ( 0.0000000000000000000, -0.0000000000000000000, 1.000000000000000000 ) ) ;
#5102 = DIRECTION ( 'NONE',  ( -0.06975647374411675400, -0.9975640502598248600, 0.0000000000000000000 ) ) ;
#5103 = CARTESIAN_POINT ( 'NONE',  ( 3.189885311307103100, -3.382275553165428400E-020, 1.097500000000000800 ) ) ;
#5104 = VECTOR ( 'NONE', #570, 1000.000000000000100 ) ;
#5105 = CIRCLE ( 'NONE', #1440, 0.2746982034251567700 ) ;
#5106 = EDGE_LOOP ( 'NONE', ( #5411, #2479, #6695, #1302 ) ) ;
#5107 = DIRECTION ( 'NONE',  ( -0.0000000000000000000, -0.0000000000000000000, -1.000000000000000000 ) ) ;
#5108 = LINE ( 'NONE', #147, #6871 ) ;
#5109 = ADVANCED_BREP_SHAPE_REPRESENTATION ( 'PI6LC48H02LIE', ( #3087, #6065, #4083, #6585, #4056, #4492, #4239, #6233, #6630, #5495, #831, #5428, #4573, #2136, #1837, #1791, #2104, #5836, #6546 ), #837 ) ;
#5110 = ORIENTED_EDGE ( 'NONE', *, *, #2911, .F. ) ;
#5111 = EDGE_CURVE ( 'NONE', #934, #7435, #1048, .T. ) ;
#5112 = ORIENTED_EDGE ( 'NONE', *, *, #6743, .T. ) ;
#5113 = DIRECTION ( 'NONE',  ( -0.0000000000000000000, -0.0000000000000000000, -1.000000000000000000 ) ) ;
#5114 = DIRECTION ( 'NONE',  ( 1.000000000000000000, 0.0000000000000000000, 0.0000000000000000000 ) ) ;
#5115 = CARTESIAN_POINT ( 'NONE',  ( 2.742797124186769200, 0.2751789857617048500, -0.2024999999999991300 ) ) ;
#5116 = VERTEX_POINT ( 'NONE', #4976 ) ;
#5117 = ORIENTED_EDGE ( 'NONE', *, *, #1338, .F. ) ;
#5118 = VERTEX_POINT ( 'NONE', #4931 ) ;
#5119 = ADVANCED_FACE ( 'NONE', ( #4029 ), #6086, .F. ) ;
#5120 = EDGE_CURVE ( 'NONE', #3700, #5295, #5487, .T. ) ;
#5121 = LINE ( 'NONE', #1599, #5780 ) ;
#5122 = EDGE_CURVE ( 'NONE', #1831, #6050, #1133, .T. ) ;
#5123 = ORIENTED_EDGE ( 'NONE', *, *, #3715, .T. ) ;
#5124 = VERTEX_POINT ( 'NONE', #5539 ) ;
#5125 = VERTEX_POINT ( 'NONE', #833 ) ;
#5126 = CARTESIAN_POINT ( 'NONE',  ( 3.189885311307103100, -3.382275553165428400E-020, 0.4475000000000008400 ) ) ;
#5127 = ORIENTED_EDGE ( 'NONE', *, *, #756, .T. ) ;
#5128 = CARTESIAN_POINT ( 'NONE',  ( -2.699539945113480100, 0.5205026390080010900, 2.397500000000000900 ) ) ;
#5129 = DIRECTION ( 'NONE',  ( 1.000000000000000000, 0.0000000000000000000, -0.0000000000000000000 ) ) ;
#5130 = FACE_OUTER_BOUND ( 'NONE', #4674, .T. ) ;
#5131 = DIRECTION ( 'NONE',  ( -0.06975647374411804400, 0.9975640502598247500, 0.0000000000000000000 ) ) ;
#5132 = ORIENTED_EDGE ( 'NONE', *, *, #2092, .T. ) ;
#5133 = ORIENTED_EDGE ( 'NONE', *, *, #3448, .T. ) ;
#5134 = AXIS2_PLACEMENT_3D ( 'NONE', #2738, #6839, #6815 ) ;
#5135 = FACE_OUTER_BOUND ( 'NONE', #7066, .T. ) ;
#5136 = ORIENTED_EDGE ( 'NONE', *, *, #257, .T. ) ;
#5137 = CARTESIAN_POINT ( 'NONE',  ( -2.699539945113480500, 0.5205026390080010900, -0.2024999999999991300 ) ) ;
#5138 = DIRECTION ( 'NONE',  ( -0.0000000000000000000, -0.0000000000000000000, -1.000000000000000000 ) ) ;
#5139 = STYLED_ITEM ( 'NONE', ( #1453 ), #6233 ) ;
#5140 = SURFACE_STYLE_USAGE ( .BOTH. , #4580 ) ;
#5141 = FACE_OUTER_BOUND ( 'NONE', #4387, .T. ) ;
#5142 = ORIENTED_EDGE ( 'NONE', *, *, #1216, .F. ) ;
#5143 = CARTESIAN_POINT ( 'NONE',  ( 2.200000000000000600, 0.6025000000000000400, -2.397499999999999500 ) ) ;
#5144 = CARTESIAN_POINT ( 'NONE',  ( 2.078752990424916500, 0.1500000000000002700, -2.378752990424917200 ) ) ;
#5145 = CARTESIAN_POINT ( 'NONE',  ( 2.861477631149733200, 0.1683185773129356700, 1.502500000000000800 ) ) ;
#5146 = PLANE ( 'NONE',  #1850 ) ;
#5147 = CARTESIAN_POINT ( 'NONE',  ( 2.599999999999999600, 0.2500000000000001100, -1.747499999999999200 ) ) ;
#5148 = VECTOR ( 'NONE', #4883, 1000.000000000000000 ) ;
#5149 = ORIENTED_EDGE ( 'NONE', *, *, #1777, .T. ) ;
#5150 = DIRECTION ( 'NONE',  ( 1.000000000000000000, 3.787357355024234400E-015, 0.0000000000000000000 ) ) ;
#5151 = CARTESIAN_POINT ( 'NONE',  ( -2.200000000000001500, 0.6025000000000000400, 1.502500000000000800 ) ) ;
#5152 = VERTEX_POINT ( 'NONE', #6110 ) ;
#5153 = CARTESIAN_POINT ( 'NONE',  ( 2.861477631149733200, 0.1683185773129357300, 2.152500000000000700 ) ) ;
#5154 = CARTESIAN_POINT ( 'NONE',  ( 2.870524920471619000, 0.2977008424331583100, -0.8524999999999991500 ) ) ;
#5155 = EDGE_CURVE ( 'NONE', #2131, #2686, #939, .T. ) ;
#5156 = CARTESIAN_POINT ( 'NONE',  ( -2.742797124186770100, 0.2751789857617048500, -0.8524999999999991500 ) ) ;
#5157 = DIRECTION ( 'NONE',  ( 0.9975640502598247500, 0.06975647374411821100, 0.0000000000000000000 ) ) ;
#5158 = FACE_OUTER_BOUND ( 'NONE', #2494, .T. ) ;
#5159 = ADVANCED_FACE ( 'NONE', ( #3412 ), #7287, .F. ) ;
#5160 = FACE_OUTER_BOUND ( 'NONE', #4316, .T. ) ;
#5161 = COLOUR_RGB ( '',0.2509803921568627400, 0.2509803921568627400, 0.2509803921568627400 ) ;
#5162 = AXIS2_PLACEMENT_3D ( 'NONE', #5082, #366, #3280 ) ;
#5163 = DIRECTION ( 'NONE',  ( -0.9975640502598248600, 0.06975647374411675400, 0.0000000000000000000 ) ) ;
#5164 = DIRECTION ( 'NONE',  ( -4.260777024402263800E-015, -1.000000000000000000, 0.0000000000000000000 ) ) ;
#5165 = CIRCLE ( 'NONE', #1367, 0.1296982034251570600 ) ;
#5166 = EDGE_CURVE ( 'NONE', #5934, #6268, #4764, .T. ) ;
#5167 = VERTEX_POINT ( 'NONE', #2572 ) ;
#5168 = CIRCLE ( 'NONE', #337, 0.2500000000000000000 ) ;
#5169 = EDGE_CURVE ( 'NONE', #4572, #2256, #2111, .T. ) ;
#5170 = VECTOR ( 'NONE', #902, 1000.000000000000000 ) ;
#5171 = ORIENTED_EDGE ( 'NONE', *, *, #3074, .F. ) ;
#5172 = DIRECTION ( 'NONE',  ( -1.000000000000000000, 0.0000000000000000000, 0.0000000000000000000 ) ) ;
#5173 = PLANE ( 'NONE',  #1824 ) ;
#5174 = PLANE ( 'NONE',  #1717 ) ;
#5175 = AXIS2_PLACEMENT_3D ( 'NONE', #3798, #6160, #6769 ) ;
#5176 = CARTESIAN_POINT ( 'NONE',  ( 2.556742820926709600, 0.4953236532462962400, -1.502499999999999100 ) ) ;
#5177 = CARTESIAN_POINT ( 'NONE',  ( 3.199999999999999300, 0.1446467872876735000, -1.502499999999999100 ) ) ;
#5178 = FACE_OUTER_BOUND ( 'NONE', #3785, .T. ) ;
#5179 = AXIS2_PLACEMENT_3D ( 'NONE', #6235, #1668, #4530 ) ;
#5180 = CIRCLE ( 'NONE', #4390, 0.2746982034251563800 ) ;
#5181 = VERTEX_POINT ( 'NONE', #4326 ) ;
#5182 = EDGE_CURVE ( 'NONE', #5125, #3115, #3055, .T. ) ;
#5183 = ORIENTED_EDGE ( 'NONE', *, *, #857, .F. ) ;
#5184 = AXIS2_PLACEMENT_3D ( 'NONE', #3070, #1301, #5953 ) ;
#5185 = CARTESIAN_POINT ( 'NONE',  ( -2.200000000000002400, 0.7475000000000001600, -2.152499999999999400 ) ) ;
#5186 = DIRECTION ( 'NONE',  ( -1.000000000000000000, 0.0000000000000000000, 0.0000000000000000000 ) ) ;
#5187 = DIRECTION ( 'NONE',  ( 0.06975647374411804400, 0.9975640502598247500, -0.0000000000000000000 ) ) ;
#5188 = CARTESIAN_POINT ( 'NONE',  ( 2.861477631149732300, 0.1683185773129357300, -1.502499999999999100 ) ) ;
#5189 = LINE ( 'NONE', #2253, #2850 ) ;
#5190 = EDGE_LOOP ( 'NONE', ( #896, #4867, #1245, #1329 ) ) ;
#5191 = ORIENTED_EDGE ( 'NONE', *, *, #5871, .T. ) ;
#5192 = CARTESIAN_POINT ( 'NONE',  ( 2.699539945113479200, 0.5205026390080010900, -1.747499999999999200 ) ) ;
#5193 =( GEOMETRIC_REPRESENTATION_CONTEXT ( 3 ) GLOBAL_UNCERTAINTY_ASSIGNED_CONTEXT ( ( #1086 ) ) GLOBAL_UNIT_ASSIGNED_CONTEXT ( ( #6733, #2093, #2047 ) ) REPRESENTATION_CONTEXT ( 'NONE', 'WORKASPACE' ) );
#5194 = FACE_OUTER_BOUND ( 'NONE', #2589, .T. ) ;
#5195 = DIRECTION ( 'NONE',  ( 1.000000000000000000, 0.0000000000000000000, 0.0000000000000000000 ) ) ;
#5196 = DIRECTION ( 'NONE',  ( -0.0000000000000000000, -0.0000000000000000000, -1.000000000000000000 ) ) ;
#5197 = CIRCLE ( 'NONE', #1171, 0.1296982034251575000 ) ;
#5198 = DIRECTION ( 'NONE',  ( 0.0000000000000000000, 0.0000000000000000000, 1.000000000000000000 ) ) ;
#5199 = ORIENTED_EDGE ( 'NONE', *, *, #852, .F. ) ;
#5200 = LINE ( 'NONE', #5597, #588 ) ;
#5201 = ADVANCED_FACE ( 'NONE', ( #303 ), #920, .F. ) ;
#5202 = DIRECTION ( 'NONE',  ( -0.0000000000000000000, -0.0000000000000000000, -1.000000000000000000 ) ) ;
#5203 = CARTESIAN_POINT ( 'NONE',  ( -2.699539945113480100, 0.5205026390080010900, 2.152500000000000700 ) ) ;
#5204 = ORIENTED_EDGE ( 'NONE', *, *, #1107, .T. ) ;
#5205 = VERTEX_POINT ( 'NONE', #3800 ) ;
#5206 = CARTESIAN_POINT ( 'NONE',  ( 2.851362942456834700, 0.02367179002526185300, -2.152499999999999400 ) ) ;
#5207 = EDGE_CURVE ( 'NONE', #7520, #3532, #4214, .T. ) ;
#5208 = VECTOR ( 'NONE', #7018, 1000.000000000000000 ) ;
#5209 = UNCERTAINTY_MEASURE_WITH_UNIT (LENGTH_MEASURE( 1.000000000000000100E-005 ), #4150, 'distance_accuracy_value', 'NONE');
#5210 = CARTESIAN_POINT ( 'NONE',  ( -2.699539945113480100, 0.5205026390080010900, 1.747500000000000700 ) ) ;
#5211 = CARTESIAN_POINT ( 'NONE',  ( -2.556742820926711300, 0.4953236532462962400, -1.502499999999999100 ) ) ;
#5212 = ORIENTED_EDGE ( 'NONE', *, *, #3074, .T. ) ;
#5213 = VERTEX_POINT ( 'NONE', #3855 ) ;
#5214 = ORIENTED_EDGE ( 'NONE', *, *, #6005, .F. ) ;
#5215 = DIRECTION ( 'NONE',  ( 0.1736481776669299100, -0.9848077530122081300, 0.0000000000000000000 ) ) ;
#5216 = AXIS2_PLACEMENT_3D ( 'NONE', #3692, #1500, #216 ) ;
#5217 = ORIENTED_EDGE ( 'NONE', *, *, #507, .T. ) ;
#5218 = VECTOR ( 'NONE', #2581, 1000.000000000000000 ) ;
#5219 = CARTESIAN_POINT ( 'NONE',  ( -2.200000000000001500, 0.7475000000000001600, 2.152500000000000700 ) ) ;
#5220 = EDGE_CURVE ( 'NONE', #132, #3958, #5576, .T. ) ;
#5221 = ORIENTED_EDGE ( 'NONE', *, *, #6070, .F. ) ;
#5222 = ORIENTED_EDGE ( 'NONE', *, *, #2310, .T. ) ;
#5223 = EDGE_CURVE ( 'NONE', #4680, #6020, #5200, .T. ) ;
#5224 = EDGE_LOOP ( 'NONE', ( #489, #4041, #5828, #243 ) ) ;
#5225 = ORIENTED_EDGE ( 'NONE', *, *, #5236, .T. ) ;
#5226 = CARTESIAN_POINT ( 'NONE',  ( -2.556742820926710500, 0.4953236532462962400, 1.747500000000000700 ) ) ;
#5227 = DIRECTION ( 'NONE',  ( 0.0000000000000000000, -1.000000000000000000, 0.0000000000000000000 ) ) ;
#5228 = PRESENTATION_STYLE_ASSIGNMENT (( #3877 ) ) ;
#5229 = STYLED_ITEM ( 'NONE', ( #2265 ), #1837 ) ;
#5230 = ORIENTED_EDGE ( 'NONE', *, *, #7302, .F. ) ;
#5231 = VERTEX_POINT ( 'NONE', #2159 ) ;
#5232 = ORIENTED_EDGE ( 'NONE', *, *, #3674, .T. ) ;
#5233 = CARTESIAN_POINT ( 'NONE',  ( -2.600000000000000500, 0.2500000000000001100, 1.097500000000000800 ) ) ;
#5234 = EDGE_CURVE ( 'NONE', #4579, #5847, #3834, .T. ) ;
#5235 = CARTESIAN_POINT ( 'NONE',  ( -2.556742820926710500, 0.4953236532462962400, 1.502500000000000800 ) ) ;
#5236 = EDGE_CURVE ( 'NONE', #2469, #1032, #6316, .T. ) ;
#5237 = CARTESIAN_POINT ( 'NONE',  ( -2.556742820926710500, 0.4953236532462962400, 2.397500000000000900 ) ) ;
#5238 = CARTESIAN_POINT ( 'NONE',  ( -2.429015024641862000, 0.6024999999999999200, -2.152499999999999400 ) ) ;
#5239 = CIRCLE ( 'NONE', #894, 0.2746982034251563800 ) ;
#5240 = DIRECTION ( 'NONE',  ( -0.0000000000000000000, -0.0000000000000000000, -1.000000000000000000 ) ) ;
#5241 = VERTEX_POINT ( 'NONE', #7393 ) ;
#5242 = ORIENTED_EDGE ( 'NONE', *, *, #899, .T. ) ;
#5243 = CARTESIAN_POINT ( 'NONE',  ( -2.699539945113480500, 0.5205026390080010900, -1.097499999999999000 ) ) ;
#5244 =( NAMED_UNIT ( * ) SI_UNIT ( $, .STERADIAN. ) SOLID_ANGLE_UNIT ( ) );
#5245 = DIRECTION ( 'NONE',  ( 0.06975647374411821100, -0.9975640502598247500, 0.0000000000000000000 ) ) ;
#5246 = DIRECTION ( 'NONE',  ( 0.0000000000000000000, 0.0000000000000000000, 1.000000000000000000 ) ) ;
#5247 = AXIS2_PLACEMENT_3D ( 'NONE', #4604, #6234, #2750 ) ;
#5248 = PLANE ( 'NONE',  #4109 ) ;
#5249 = VECTOR ( 'NONE', #3399, 1000.000000000000000 ) ;
#5250 = ORIENTED_EDGE ( 'NONE', *, *, #275, .F. ) ;
#5251 = ADVANCED_FACE ( 'NONE', ( #1306 ), #853, .F. ) ;
#5252 = VECTOR ( 'NONE', #3475, 1000.000000000000000 ) ;
#5253 = CARTESIAN_POINT ( 'NONE',  ( 2.851362942456835600, 0.02367179002526185300, 2.397500000000000900 ) ) ;
#5254 = VERTEX_POINT ( 'NONE', #1030 ) ;
#5255 = DIRECTION ( 'NONE',  ( 0.06975647374411675400, 0.9975640502598248600, -0.0000000000000000000 ) ) ;
#5256 = ADVANCED_FACE ( 'NONE', ( #6121 ), #6246, .T. ) ;
#5257 = VECTOR ( 'NONE', #3016, 1000.000000000000000 ) ;
#5258 = CARTESIAN_POINT ( 'NONE',  ( -2.699539945113480100, 0.5205026390080010900, 2.397500000000000900 ) ) ;
#5259 = FACE_OUTER_BOUND ( 'NONE', #2564, .T. ) ;
#5260 = DIRECTION ( 'NONE',  ( 1.000000000000000000, 4.734196693780292900E-016, -0.0000000000000000000 ) ) ;
#5261 = CARTESIAN_POINT ( 'NONE',  ( -2.429015024641861600, 0.7474999999999992800, 0.8525000000000008100 ) ) ;
#5262 = DIRECTION ( 'NONE',  ( 0.0000000000000000000, -1.000000000000000000, 0.0000000000000000000 ) ) ;
#5263 = LINE ( 'NONE', #5000, #1984 ) ;
#5264 = EDGE_CURVE ( 'NONE', #6020, #4871, #2485, .T. ) ;
#5265 = PLANE ( 'NONE',  #2854 ) ;
#5266 = EDGE_LOOP ( 'NONE', ( #6983, #4137, #1546, #3862 ) ) ;
#5267 = DIRECTION ( 'NONE',  ( -1.000000000000000000, 4.260777024402263800E-015, -0.0000000000000000000 ) ) ;
#5268 = CARTESIAN_POINT ( 'NONE',  ( -1.570720790471951100, 1.199999999999999300, -2.096785749842945600 ) ) ;
#5269 = EDGE_CURVE ( 'NONE', #6558, #6633, #6862, .T. ) ;
#5270 = DIRECTION ( 'NONE',  ( -0.9975640502598247500, -0.06975647374411821100, 0.0000000000000000000 ) ) ;
#5271 = PRESENTATION_STYLE_ASSIGNMENT (( #6988 ) ) ;
#5272 = VECTOR ( 'NONE', #2794, 1000.000000000000000 ) ;
#5273 = CIRCLE ( 'NONE', #790, 0.2746982034251563800 ) ;
#5274 = AXIS2_PLACEMENT_3D ( 'NONE', #2478, #3622, #145 ) ;
#5275 = PLANE ( 'NONE',  #1923 ) ;
#5276 =( LENGTH_UNIT ( ) NAMED_UNIT ( * ) SI_UNIT ( .MILLI., .METRE. ) );
#5277 = CARTESIAN_POINT ( 'NONE',  ( -2.556742820926710500, 0.4953236532462962400, 2.397500000000000900 ) ) ;
#5278 = CYLINDRICAL_SURFACE ( 'NONE', #5821, 0.1296982034251570600 ) ;
#5279 = ORIENTED_EDGE ( 'NONE', *, *, #7137, .F. ) ;
#5280 = CARTESIAN_POINT ( 'NONE',  ( 2.200000000000001100, 0.7475000000000001600, -0.4474999999999991200 ) ) ;
#5281 = EDGE_CURVE ( 'NONE', #7054, #2518, #7050, .T. ) ;
#5282 = EDGE_CURVE ( 'NONE', #3960, #3078, #7314, .T. ) ;
#5283 = FACE_OUTER_BOUND ( 'NONE', #4096, .T. ) ;
#5284 = ADVANCED_FACE ( 'NONE', ( #6220 ), #4423, .F. ) ;
#5285 = VECTOR ( 'NONE', #1037, 1000.000000000000000 ) ;
#5286 = VERTEX_POINT ( 'NONE', #7452 ) ;
#5287 = VERTEX_POINT ( 'NONE', #465 ) ;
#5288 = CARTESIAN_POINT ( 'NONE',  ( 2.861477631149733200, 0.1683185773129357300, 1.502500000000000800 ) ) ;
#5289 = LINE ( 'NONE', #4992, #844 ) ;
#5290 = CARTESIAN_POINT ( 'NONE',  ( -2.429015024641861100, 0.6024999999999999200, 2.397500000000000900 ) ) ;
#5291 = FILL_AREA_STYLE ('',( #2951 ) ) ;
#5292 = AXIS2_PLACEMENT_3D ( 'NONE', #33, #1757, #598 ) ;
#5293 = FACE_OUTER_BOUND ( 'NONE', #7450, .T. ) ;
#5294 = VECTOR ( 'NONE', #1319, 1000.000000000000000 ) ;
#5295 = VERTEX_POINT ( 'NONE', #1574 ) ;
#5296 = DIRECTION ( 'NONE',  ( -0.0000000000000000000, -0.0000000000000000000, -1.000000000000000000 ) ) ;
#5297 = DIRECTION ( 'NONE',  ( -1.000000000000000000, 0.0000000000000000000, 0.0000000000000000000 ) ) ;
#5298 = ORIENTED_EDGE ( 'NONE', *, *, #2602, .F. ) ;
#5299 = ADVANCED_FACE ( 'NONE', ( #4298 ), #5022, .F. ) ;
#5300 = CARTESIAN_POINT ( 'NONE',  ( -2.429015024641862000, 0.4728017965748428400, -1.747499999999999200 ) ) ;
#5301 = DIRECTION ( 'NONE',  ( 0.0000000000000000000, 0.0000000000000000000, 1.000000000000000000 ) ) ;
#5302 = FACE_OUTER_BOUND ( 'NONE', #4308, .T. ) ;
#5303 = ORIENTED_EDGE ( 'NONE', *, *, #5557, .F. ) ;
#5304 = CARTESIAN_POINT ( 'NONE',  ( -2.429015024641862000, 0.4728017965748428400, -1.502499999999999100 ) ) ;
#5305 = DIRECTION ( 'NONE',  ( -0.0000000000000000000, -0.0000000000000000000, -1.000000000000000000 ) ) ;
#5306 = CARTESIAN_POINT ( 'NONE',  ( 2.556742820926710000, 0.4953236532462962400, -0.2024999999999991300 ) ) ;
#5307 = LINE ( 'NONE', #3032, #7511 ) ;
#5308 = ORIENTED_EDGE ( 'NONE', *, *, #4382, .F. ) ;
#5309 = VERTEX_POINT ( 'NONE', #5071 ) ;
#5310 = ORIENTED_EDGE ( 'NONE', *, *, #2512, .F. ) ;
#5311 = DIRECTION ( 'NONE',  ( 0.0000000000000000000, -1.000000000000000000, 0.0000000000000000000 ) ) ;
#5312 = LINE ( 'NONE', #2560, #2025 ) ;
#5313 = ORIENTED_EDGE ( 'NONE', *, *, #6318, .T. ) ;
#5314 = CARTESIAN_POINT ( 'NONE',  ( 2.429015024641860700, 0.7474999999999991700, 0.4475000000000008400 ) ) ;
#5315 = ORIENTED_EDGE ( 'NONE', *, *, #3157, .T. ) ;
#5316 = PLANE ( 'NONE',  #4330 ) ;
#5317 = DIRECTION ( 'NONE',  ( -0.0000000000000000000, -0.0000000000000000000, -1.000000000000000000 ) ) ;
#5318 = ORIENTED_EDGE ( 'NONE', *, *, #7248, .F. ) ;
#5319 = ORIENTED_EDGE ( 'NONE', *, *, #7006, .T. ) ;
#5320 = EDGE_CURVE ( 'NONE', #1049, #6424, #1469, .T. ) ;
#5321 = EDGE_LOOP ( 'NONE', ( #4920, #2773, #7327, #5401, #3071, #7161, #6148, #862, #4511, #6517, #1682, #3615 ) ) ;
#5322 = CARTESIAN_POINT ( 'NONE',  ( 2.429015024641860300, 0.6025000000000000400, -2.152499999999999400 ) ) ;
#5323 = DIRECTION ( 'NONE',  ( -0.0000000000000000000, -0.0000000000000000000, -1.000000000000000000 ) ) ;
#5324 = CYLINDRICAL_SURFACE ( 'NONE', #1534, 0.1296982034251570600 ) ;
#5325 = DIRECTION ( 'NONE',  ( -0.9975640502598247500, -0.06975647374411821100, 0.0000000000000000000 ) ) ;
#5326 = VERTEX_POINT ( 'NONE', #4534 ) ;
#5327 = CARTESIAN_POINT ( 'NONE',  ( -3.200000000000001500, 0.1446467872876738600, -2.152499999999999400 ) ) ;
#5328 = ORIENTED_EDGE ( 'NONE', *, *, #5234, .T. ) ;
#5329 = VERTEX_POINT ( 'NONE', #6854 ) ;
#5330 = VERTEX_POINT ( 'NONE', #2137 ) ;
#5331 = MECHANICAL_DESIGN_GEOMETRIC_PRESENTATION_REPRESENTATION (  '', ( #1813 ), #5718 ) ;
#5332 = ADVANCED_FACE ( 'NONE', ( #5302 ), #3324, .F. ) ;
#5333 = EDGE_CURVE ( 'NONE', #520, #7084, #671, .T. ) ;
#5334 = EDGE_CURVE ( 'NONE', #5940, #6878, #1227, .T. ) ;
#5335 = DIRECTION ( 'NONE',  ( -1.000000000000000000, -4.734196693780292900E-016, 0.0000000000000000000 ) ) ;
#5336 = EDGE_LOOP ( 'NONE', ( #2495, #4772, #1475, #6976 ) ) ;
#5337 = EDGE_LOOP ( 'NONE', ( #1411, #3690, #3127, #5035 ) ) ;
#5338 = DIRECTION ( 'NONE',  ( 1.000000000000000000, -4.260777024402263800E-015, 0.0000000000000000000 ) ) ;
#5339 = CARTESIAN_POINT ( 'NONE',  ( -2.078752990424916500, 0.1500000000000002700, -2.378752990424916700 ) ) ;
#5340 = ADVANCED_FACE ( 'NONE', ( #4018 ), #7524, .F. ) ;
#5341 = PRESENTATION_LAYER_ASSIGNMENT (  '', '', ( #3635 ) ) ;
#5342 = LINE ( 'NONE', #1267, #6538 ) ;
#5343 = ORIENTED_EDGE ( 'NONE', *, *, #3661, .T. ) ;
#5344 = STYLED_ITEM ( 'NONE', ( #325 ), #4083 ) ;
#5345 = FILL_AREA_STYLE ('',( #5907 ) ) ;
#5346 = EDGE_CURVE ( 'NONE', #7167, #4998, #1756, .T. ) ;
#5347 = ORIENTED_EDGE ( 'NONE', *, *, #1996, .F. ) ;
#5348 = CARTESIAN_POINT ( 'NONE',  ( -2.742797124186770100, 0.2751789857617048500, 0.4475000000000008400 ) ) ;
#5349 = CARTESIAN_POINT ( 'NONE',  ( -2.851362942456836100, 0.02367179002526185300, -0.8524999999999991500 ) ) ;
#5350 = SURFACE_STYLE_USAGE ( .BOTH. , #2449 ) ;
#5351 = AXIS2_PLACEMENT_3D ( 'NONE', #6795, #5016, #6684 ) ;
#5352 = FACE_OUTER_BOUND ( 'NONE', #652, .T. ) ;
#5353 = ORIENTED_EDGE ( 'NONE', *, *, #2848, .T. ) ;
#5354 = PLANE ( 'NONE',  #7146 ) ;
#5355 = CARTESIAN_POINT ( 'NONE',  ( -2.699539945113480500, 0.5205026390080010900, -0.8524999999999991500 ) ) ;
#5356 = VECTOR ( 'NONE', #5404, 1000.000000000000000 ) ;
#5357 = DIRECTION ( 'NONE',  ( 0.0000000000000000000, 0.0000000000000000000, 1.000000000000000000 ) ) ;
#5358 = SURFACE_STYLE_FILL_AREA ( #4929 ) ;
#5359 = ADVANCED_FACE ( 'NONE', ( #7131 ), #2315, .T. ) ;
#5360 = DIRECTION ( 'NONE',  ( 1.000000000000000000, -0.0000000000000000000, -1.971276677246371800E-016 ) ) ;
#5361 = FACE_OUTER_BOUND ( 'NONE', #311, .T. ) ;
#5362 = PLANE ( 'NONE',  #5802 ) ;
#5363 = ORIENTED_EDGE ( 'NONE', *, *, #6609, .F. ) ;
#5364 = LINE ( 'NONE', #6091, #2835 ) ;
#5365 = FACE_OUTER_BOUND ( 'NONE', #2067, .T. ) ;
#5366 = EDGE_LOOP ( 'NONE', ( #4747, #3204, #5518, #704 ) ) ;
#5367 = DIRECTION ( 'NONE',  ( -1.000000000000000000, 0.0000000000000000000, 0.0000000000000000000 ) ) ;
#5368 = CARTESIAN_POINT ( 'NONE',  ( -2.699539945113480900, 0.5205026390080010900, -2.152499999999999400 ) ) ;
#5369 = EDGE_CURVE ( 'NONE', #6337, #4579, #483, .T. ) ;
#5370 = LINE ( 'NONE', #2649, #1734 ) ;
#5371 = LINE ( 'NONE', #3454, #917 ) ;
#5372 = VERTEX_POINT ( 'NONE', #2838 ) ;
#5373 = ORIENTED_EDGE ( 'NONE', *, *, #80, .T. ) ;
#5374 = AXIS2_PLACEMENT_3D ( 'NONE', #4178, #1188, #1243 ) ;
#5375 = DIRECTION ( 'NONE',  ( 0.9848077530122081300, 0.1736481776669299100, -0.0000000000000000000 ) ) ;
#5376 = CARTESIAN_POINT ( 'NONE',  ( 3.199999999999999300, 0.1446467872876735000, -2.397499999999999500 ) ) ;
#5377 = CARTESIAN_POINT ( 'NONE',  ( -2.556742820926710900, 0.4953236532462962400, -0.8524999999999991500 ) ) ;
#5378 = COLOUR_RGB ( '',0.7921568627450980000, 0.8196078431372548800, 0.9333333333333333500 ) ;
#5379 = PLANE ( 'NONE',  #6372 ) ;
#5380 = ORIENTED_EDGE ( 'NONE', *, *, #3340, .F. ) ;
#5381 = EDGE_CURVE ( 'NONE', #2565, #3419, #3742, .T. ) ;
#5382 = VERTEX_POINT ( 'NONE', #1729 ) ;
#5383 = EDGE_CURVE ( 'NONE', #5940, #1418, #5759, .T. ) ;
#5384 = LINE ( 'NONE', #3368, #3823 ) ;
#5385 = VECTOR ( 'NONE', #1754, 1000.000000000000100 ) ;
#5386 = ORIENTED_EDGE ( 'NONE', *, *, #5985, .F. ) ;
#5387 = DIRECTION ( 'NONE',  ( -0.0000000000000000000, -0.0000000000000000000, -1.000000000000000000 ) ) ;
#5388 = ORIENTED_EDGE ( 'NONE', *, *, #6200, .F. ) ;
#5389 = VECTOR ( 'NONE', #3646, 1000.000000000000000 ) ;
#5390 = EDGE_LOOP ( 'NONE', ( #4153, #7493, #727, #5792 ) ) ;
#5391 = VERTEX_POINT ( 'NONE', #4582 ) ;
#5392 = DIRECTION ( 'NONE',  ( -0.0000000000000000000, -0.0000000000000000000, -1.000000000000000000 ) ) ;
#5393 = ORIENTED_EDGE ( 'NONE', *, *, #25, .T. ) ;
#5394 = ORIENTED_EDGE ( 'NONE', *, *, #1708, .T. ) ;
#5395 =( NAMED_UNIT ( * ) PLANE_ANGLE_UNIT ( ) SI_UNIT ( $, .RADIAN. ) );
#5396 = FACE_OUTER_BOUND ( 'NONE', #5366, .T. ) ;
#5397 = ORIENTED_EDGE ( 'NONE', *, *, #3704, .F. ) ;
#5398 = AXIS2_PLACEMENT_3D ( 'NONE', #1806, #2420, #3001 ) ;
#5399 = ORIENTED_EDGE ( 'NONE', *, *, #720, .F. ) ;
#5400 = ORIENTED_EDGE ( 'NONE', *, *, #2085, .T. ) ;
#5401 = ORIENTED_EDGE ( 'NONE', *, *, #6397, .F. ) ;
#5402 = CARTESIAN_POINT ( 'NONE',  ( -2.556742820926710900, 0.4953236532462962400, 0.4475000000000008400 ) ) ;
#5403 = DIRECTION ( 'NONE',  ( 0.0000000000000000000, 0.0000000000000000000, 1.000000000000000000 ) ) ;
#5404 = DIRECTION ( 'NONE',  ( 0.06975647374411954300, -0.9975640502598246400, 0.0000000000000000000 ) ) ;
#5405 = CARTESIAN_POINT ( 'NONE',  ( -2.861477631149733200, 0.1683185773129357900, 1.502500000000000800 ) ) ;
#5406 = VECTOR ( 'NONE', #5007, 1000.000000000000000 ) ;
#5407 = ADVANCED_FACE ( 'NONE', ( #1564 ), #121, .F. ) ;
#5408 = ORIENTED_EDGE ( 'NONE', *, *, #3808, .F. ) ;
#5409 = EDGE_LOOP ( 'NONE', ( #13, #1985, #2661, #4050 ) ) ;
#5410 = VERTEX_POINT ( 'NONE', #5833 ) ;
#5411 = ORIENTED_EDGE ( 'NONE', *, *, #5421, .T. ) ;
#5412 = DIRECTION ( 'NONE',  ( -0.0000000000000000000, -0.0000000000000000000, -1.000000000000000000 ) ) ;
#5413 = EDGE_CURVE ( 'NONE', #946, #5486, #6669, .T. ) ;
#5414 = ORIENTED_EDGE ( 'NONE', *, *, #5024, .F. ) ;
#5415 = ORIENTED_EDGE ( 'NONE', *, *, #1330, .F. ) ;
#5416 = ORIENTED_EDGE ( 'NONE', *, *, #1975, .F. ) ;
#5417 = CARTESIAN_POINT ( 'NONE',  ( 2.861477631149733200, 0.1683185773129356700, 2.397500000000000900 ) ) ;
#5418 = CIRCLE ( 'NONE', #6002, 0.2746982034251563800 ) ;
#5419 = ORIENTED_EDGE ( 'NONE', *, *, #931, .F. ) ;
#5420 =( LENGTH_UNIT ( ) NAMED_UNIT ( * ) SI_UNIT ( .MILLI., .METRE. ) );
#5421 = EDGE_CURVE ( 'NONE', #981, #131, #3935, .T. ) ;
#5422 = EDGE_CURVE ( 'NONE', #5152, #249, #6032, .T. ) ;
#5423 = EDGE_CURVE ( 'NONE', #3784, #3764, #215, .T. ) ;
#5424 = DIRECTION ( 'NONE',  ( -0.9848077530122081300, -0.1736481776669299100, 0.0000000000000000000 ) ) ;
#5425 = LINE ( 'NONE', #3942, #6897 ) ;
#5426 =( LENGTH_UNIT ( ) NAMED_UNIT ( * ) SI_UNIT ( .MILLI., .METRE. ) );
#5427 = ORIENTED_EDGE ( 'NONE', *, *, #6113, .F. ) ;
#5428 = MANIFOLD_SOLID_BREP ( 'LPattern1[10]', #3620 ) ;
#5429 = CARTESIAN_POINT ( 'NONE',  ( 2.742797124186768800, 0.2751789857617048500, -2.152499999999999400 ) ) ;
#5430 =( GEOMETRIC_REPRESENTATION_CONTEXT ( 3 ) GLOBAL_UNCERTAINTY_ASSIGNED_CONTEXT ( ( #4666 ) ) GLOBAL_UNIT_ASSIGNED_CONTEXT ( ( #5034, #3261, #2658 ) ) REPRESENTATION_CONTEXT ( 'NONE', 'WORKASPACE' ) );
#5431 = VECTOR ( 'NONE', #7494, 1000.000000000000000 ) ;
#5432 = DIRECTION ( 'NONE',  ( -1.000000000000000000, 0.0000000000000000000, 0.0000000000000000000 ) ) ;
#5433 = VERTEX_POINT ( 'NONE', #3985 ) ;
#5434 = DIRECTION ( 'NONE',  ( -0.0000000000000000000, -0.0000000000000000000, -1.000000000000000000 ) ) ;
#5435 = DIRECTION ( 'NONE',  ( -0.0000000000000000000, -0.0000000000000000000, -1.000000000000000000 ) ) ;
#5436 = LINE ( 'NONE', #1034, #4632 ) ;
#5437 = DIRECTION ( 'NONE',  ( 0.0000000000000000000, 1.000000000000000000, 0.0000000000000000000 ) ) ;
#5438 = LINE ( 'NONE', #6942, #4442 ) ;
#5439 = ADVANCED_FACE ( 'NONE', ( #2013 ), #1676, .F. ) ;
#5440 = CARTESIAN_POINT ( 'NONE',  ( -2.199999999999999700, 0.6025000000000000400, -2.499999999999999600 ) ) ;
#5441 = AXIS2_PLACEMENT_3D ( 'NONE', #5084, #3409, #5186 ) ;
#5442 = CARTESIAN_POINT ( 'NONE',  ( 2.200000000000001500, 0.7475000000000001600, 1.747500000000000700 ) ) ;
#5443 = ORIENTED_EDGE ( 'NONE', *, *, #2262, .T. ) ;
#5444 = CARTESIAN_POINT ( 'NONE',  ( -2.870524920471619400, 0.2977008424331583100, 2.397500000000000900 ) ) ;
#5445 = CARTESIAN_POINT ( 'NONE',  ( -1.570720790471951100, 1.199999999999999300, -1.596785749842945600 ) ) ;
#5446 = CARTESIAN_POINT ( 'NONE',  ( -2.861477631149734100, 0.1683185773129357900, -2.152499999999999400 ) ) ;
#5447 = DIRECTION ( 'NONE',  ( -0.0000000000000000000, -0.0000000000000000000, -1.000000000000000000 ) ) ;
#5448 = CARTESIAN_POINT ( 'NONE',  ( 2.556742820926709600, 0.4953236532462962400, -2.397499999999999500 ) ) ;
#5449 = DIRECTION ( 'NONE',  ( -0.0000000000000000000, -0.0000000000000000000, -1.000000000000000000 ) ) ;
#5450 = CIRCLE ( 'NONE', #2138, 0.2746982034251563800 ) ;
#5451 = LINE ( 'NONE', #1072, #2371 ) ;
#5452 = EDGE_CURVE ( 'NONE', #1408, #880, #297, .T. ) ;
#5453 = LINE ( 'NONE', #6037, #5648 ) ;
#5454 = CIRCLE ( 'NONE', #5162, 0.1296982034251570600 ) ;
#5455 = ORIENTED_EDGE ( 'NONE', *, *, #3251, .F. ) ;
#5456 = DIRECTION ( 'NONE',  ( -0.06975647374411954300, 0.9975640502598246400, 0.0000000000000000000 ) ) ;
#5457 = CARTESIAN_POINT ( 'NONE',  ( -2.870524920471619900, 0.2977008424331583100, -2.152499999999999400 ) ) ;
#5458 = CARTESIAN_POINT ( 'NONE',  ( 2.200000000000001500, 0.6025000000000000400, 2.397500000000000900 ) ) ;
#5459 = LINE ( 'NONE', #2358, #568 ) ;
#5460 = AXIS2_PLACEMENT_3D ( 'NONE', #3007, #4155, #2980 ) ;
#5461 = VECTOR ( 'NONE', #6346, 1000.000000000000000 ) ;
#5462 = ORIENTED_EDGE ( 'NONE', *, *, #4116, .T. ) ;
#5463 = VERTEX_POINT ( 'NONE', #7062 ) ;
#5464 = DIRECTION ( 'NONE',  ( -0.1736481776669299100, -0.9848077530122081300, 0.0000000000000000000 ) ) ;
#5465 = EDGE_CURVE ( 'NONE', #2670, #6844, #7503, .T. ) ;
#5466 = DIRECTION ( 'NONE',  ( -0.06975647374411923800, -0.9975640502598246400, 0.0000000000000000000 ) ) ;
#5467 = CARTESIAN_POINT ( 'NONE',  ( 2.200000000000001500, 0.6025000000000000400, 2.152500000000000700 ) ) ;
#5468 = SURFACE_STYLE_FILL_AREA ( #486 ) ;
#5469 = EDGE_CURVE ( 'NONE', #2313, #4321, #3222, .T. ) ;
#5470 = DIRECTION ( 'NONE',  ( -1.000000000000000000, 0.0000000000000000000, 0.0000000000000000000 ) ) ;
#5471 = VECTOR ( 'NONE', #2774, 1000.000000000000100 ) ;
#5472 = LINE ( 'NONE', #3299, #4570 ) ;
#5473 = ORIENTED_EDGE ( 'NONE', *, *, #6351, .F. ) ;
#5474 = EDGE_LOOP ( 'NONE', ( #3820, #4861, #1485, #4948, #5591, #5673, #4189, #2502, #6221, #4516, #1004, #4195 ) ) ;
#5475 = AXIS2_PLACEMENT_3D ( 'NONE', #1448, #4304, #834 ) ;
#5476 = PLANE ( 'NONE',  #1155 ) ;
#5477 = DIRECTION ( 'NONE',  ( 0.0000000000000000000, 0.0000000000000000000, 1.000000000000000000 ) ) ;
#5478 = DIRECTION ( 'NONE',  ( -0.0000000000000000000, -0.0000000000000000000, -1.000000000000000000 ) ) ;
#5479 = DIRECTION ( 'NONE',  ( -0.0000000000000000000, -0.0000000000000000000, -1.000000000000000000 ) ) ;
#5480 = VECTOR ( 'NONE', #440, 1000.000000000000000 ) ;
#5481 = DIRECTION ( 'NONE',  ( -0.0000000000000000000, -0.0000000000000000000, -1.000000000000000000 ) ) ;
#5482 = EDGE_CURVE ( 'NONE', #869, #5330, #4379, .T. ) ;
#5483 = AXIS2_PLACEMENT_3D ( 'NONE', #7568, #5820, #4059 ) ;
#5484 = ADVANCED_FACE ( 'NONE', ( #4208 ), #3617, .F. ) ;
#5485 = CIRCLE ( 'NONE', #2614, 0.2746982034251563800 ) ;
#5486 = VERTEX_POINT ( 'NONE', #699 ) ;
#5487 = CIRCLE ( 'NONE', #4523, 0.1296982034251575000 ) ;
#5488 = CARTESIAN_POINT ( 'NONE',  ( 3.199999999999999700, 0.1446467872876735000, -0.4474999999999991200 ) ) ;
#5489 = DIRECTION ( 'NONE',  ( 0.06975647374411804400, 0.9975640502598247500, -0.0000000000000000000 ) ) ;
#5490 = VERTEX_POINT ( 'NONE', #105 ) ;
#5491 = EDGE_LOOP ( 'NONE', ( #2860, #6936, #1585, #5225 ) ) ;
#5492 = ORIENTED_EDGE ( 'NONE', *, *, #4935, .T. ) ;
#5493 = EDGE_LOOP ( 'NONE', ( #1866, #4928, #4706, #891, #3080, #3268, #1344, #3445, #2546, #2133, #6766, #3610 ) ) ;
#5494 = ORIENTED_EDGE ( 'NONE', *, *, #2252, .T. ) ;
#5495 = MANIFOLD_SOLID_BREP ( 'LPattern1[8]', #1336 ) ;
#5496 = ORIENTED_EDGE ( 'NONE', *, *, #3302, .F. ) ;
#5497 = ORIENTED_EDGE ( 'NONE', *, *, #960, .T. ) ;
#5498 = ORIENTED_EDGE ( 'NONE', *, *, #4599, .F. ) ;
#5499 = CARTESIAN_POINT ( 'NONE',  ( -2.200000000000002400, 0.6025000000000000400, -1.747499999999999200 ) ) ;
#5500 = AXIS2_PLACEMENT_3D ( 'NONE', #5999, #6623, #2472 ) ;
#5501 = VECTOR ( 'NONE', #4036, 1000.000000000000000 ) ;
#5502 = DIRECTION ( 'NONE',  ( -0.06975647374411804400, 0.9975640502598247500, 0.0000000000000000000 ) ) ;
#5503 = VERTEX_POINT ( 'NONE', #3593 ) ;
#5504 = ORIENTED_EDGE ( 'NONE', *, *, #2356, .F. ) ;
#5505 = CARTESIAN_POINT ( 'NONE',  ( 2.851362942456834700, 0.02367179002526185300, -2.397499999999999500 ) ) ;
#5506 = FILL_AREA_STYLE ('',( #3787 ) ) ;
#5507 = VERTEX_POINT ( 'NONE', #3024 ) ;
#5508 = ORIENTED_EDGE ( 'NONE', *, *, #5726, .F. ) ;
#5509 = DIRECTION ( 'NONE',  ( -0.1736481776669299100, 0.9848077530122081300, -0.0000000000000000000 ) ) ;
#5510 = DIRECTION ( 'NONE',  ( 0.9975640502598246400, -0.06975647374411923800, 0.0000000000000000000 ) ) ;
#5511 = VERTEX_POINT ( 'NONE', #644 ) ;
#5512 = ORIENTED_EDGE ( 'NONE', *, *, #2357, .T. ) ;
#5513 = DIRECTION ( 'NONE',  ( -0.9975640502598247500, 0.06975647374411804400, 0.0000000000000000000 ) ) ;
#5514 =( NAMED_UNIT ( * ) PLANE_ANGLE_UNIT ( ) SI_UNIT ( $, .RADIAN. ) );
#5515 = EDGE_CURVE ( 'NONE', #2436, #1844, #7223, .T. ) ;
#5516 = VECTOR ( 'NONE', #7375, 1000.000000000000000 ) ;
#5517 = ORIENTED_EDGE ( 'NONE', *, *, #5622, .T. ) ;
#5518 = ORIENTED_EDGE ( 'NONE', *, *, #393, .F. ) ;
#5519 = ADVANCED_FACE ( 'NONE', ( #4750 ), #62, .F. ) ;
#5520 = DIRECTION ( 'NONE',  ( 0.9975640502598246400, 0.06975647374411954300, -0.0000000000000000000 ) ) ;
#5521 = AXIS2_PLACEMENT_3D ( 'NONE', #4481, #1003, #2056 ) ;
#5522 = DIRECTION ( 'NONE',  ( -1.000000000000000000, 0.0000000000000000000, 0.0000000000000000000 ) ) ;
#5523 = LINE ( 'NONE', #4201, #6352 ) ;
#5524 = ORIENTED_EDGE ( 'NONE', *, *, #6598, .F. ) ;
#5525 = EDGE_CURVE ( 'NONE', #5797, #6592, #6025, .T. ) ;
#5526 = ORIENTED_EDGE ( 'NONE', *, *, #3163, .F. ) ;
#5527 = EDGE_CURVE ( 'NONE', #1667, #61, #6757, .T. ) ;
#5528 = CARTESIAN_POINT ( 'NONE',  ( 2.200000000000001100, 0.7475000000000001600, 1.097500000000000800 ) ) ;
#5529 = CARTESIAN_POINT ( 'NONE',  ( -2.429015024641861100, 0.7474999999999992800, 2.397500000000000900 ) ) ;
#5530 = DIRECTION ( 'NONE',  ( 1.000000000000000000, 0.0000000000000000000, -1.971276677246371800E-016 ) ) ;
#5531 = CARTESIAN_POINT ( 'NONE',  ( -2.556742820926711300, 0.4953236532462962400, -2.152499999999999400 ) ) ;
#5532 = LINE ( 'NONE', #6683, #7093 ) ;
#5533 = DIRECTION ( 'NONE',  ( 0.9975640502598247500, -0.06975647374411804400, 0.0000000000000000000 ) ) ;
#5534 = ORIENTED_EDGE ( 'NONE', *, *, #5859, .T. ) ;
#5535 = AXIS2_PLACEMENT_3D ( 'NONE', #6754, #1589, #6147 ) ;
#5536 = VECTOR ( 'NONE', #4206, 1000.000000000000000 ) ;
#5537 =( NAMED_UNIT ( * ) SI_UNIT ( $, .STERADIAN. ) SOLID_ANGLE_UNIT ( ) );
#5538 = VECTOR ( 'NONE', #1760, 1000.000000000000000 ) ;
#5539 = CARTESIAN_POINT ( 'NONE',  ( -2.742797124186769700, 0.2751789857617048500, 1.747500000000000700 ) ) ;
#5540 = UNCERTAINTY_MEASURE_WITH_UNIT (LENGTH_MEASURE( 1.000000000000000100E-005 ), #2418, 'distance_accuracy_value', 'NONE');
#5541 = CARTESIAN_POINT ( 'NONE',  ( 2.429015024641860700, 0.6025000000000000400, 0.4475000000000008400 ) ) ;
#5542 = AXIS2_PLACEMENT_3D ( 'NONE', #6867, #7462, #4540 ) ;
#5543 = CIRCLE ( 'NONE', #3138, 0.2746982034251563800 ) ;
#5544 = CARTESIAN_POINT ( 'NONE',  ( 3.199999999999999700, 0.1446467872876735000, 0.4475000000000008400 ) ) ;
#5545 = VECTOR ( 'NONE', #928, 1000.000000000000000 ) ;
#5546 = ORIENTED_EDGE ( 'NONE', *, *, #1476, .F. ) ;
#5547 = CARTESIAN_POINT ( 'NONE',  ( -2.556742820926710900, 0.4953236532462962400, 1.097500000000000800 ) ) ;
#5548 = VECTOR ( 'NONE', #7079, 1000.000000000000000 ) ;
#5549 = PLANE ( 'NONE',  #3513 ) ;
#5550 = PLANE ( 'NONE',  #5535 ) ;
#5551 = LINE ( 'NONE', #2528, #3908 ) ;
#5552 = VECTOR ( 'NONE', #6561, 1000.000000000000100 ) ;
#5553 = DIRECTION ( 'NONE',  ( -0.0000000000000000000, -0.0000000000000000000, -1.000000000000000000 ) ) ;
#5554 = ORIENTED_EDGE ( 'NONE', *, *, #6319, .F. ) ;
#5555 = ORIENTED_EDGE ( 'NONE', *, *, #7055, .F. ) ;
#5556 = ADVANCED_FACE ( 'NONE', ( #6210 ), #6548, .F. ) ;
#5557 = EDGE_CURVE ( 'NONE', #2401, #750, #2567, .T. ) ;
#5558 = CARTESIAN_POINT ( 'NONE',  ( 2.870524920471618600, 0.2977008424331583100, -1.502499999999999100 ) ) ;
#5559 = DIRECTION ( 'NONE',  ( 1.000000000000000000, -4.734196693780292900E-016, 0.0000000000000000000 ) ) ;
#5560 = CIRCLE ( 'NONE', #4890, 0.2746982034251567700 ) ;
#5561 = ORIENTED_EDGE ( 'NONE', *, *, #612, .F. ) ;
#5562 = DIRECTION ( 'NONE',  ( -0.0000000000000000000, 0.0000000000000000000, -1.000000000000000000 ) ) ;
#5563 = ORIENTED_EDGE ( 'NONE', *, *, #2858, .F. ) ;
#5564 = LINE ( 'NONE', #4342, #1126 ) ;
#5565 = AXIS2_PLACEMENT_3D ( 'NONE', #3997, #5663, #1017 ) ;
#5566 = PRESENTATION_STYLE_ASSIGNMENT (( #1785 ) ) ;
#5567 = VECTOR ( 'NONE', #1421, 1000.000000000000000 ) ;
#5568 = EDGE_CURVE ( 'NONE', #6417, #5768, #2952, .T. ) ;
#5569 = ORIENTED_EDGE ( 'NONE', *, *, #6660, .T. ) ;
#5570 = EDGE_CURVE ( 'NONE', #2378, #482, #1028, .T. ) ;
#5571 = CARTESIAN_POINT ( 'NONE',  ( -2.556742820926710500, 0.4953236532462962400, 1.747500000000000700 ) ) ;
#5572 = ORIENTED_EDGE ( 'NONE', *, *, #3809, .T. ) ;
#5573 = EDGE_CURVE ( 'NONE', #1125, #3312, #1926, .T. ) ;
#5574 = CARTESIAN_POINT ( 'NONE',  ( -2.556742820926710900, 0.4953236532462962400, 1.097500000000000800 ) ) ;
#5575 = PLANE ( 'NONE',  #6831 ) ;
#5576 = LINE ( 'NONE', #4450, #6128 ) ;
#5577 = ORIENTED_EDGE ( 'NONE', *, *, #2862, .T. ) ;
#5578 = ORIENTED_EDGE ( 'NONE', *, *, #4599, .T. ) ;
#5579 = PLANE ( 'NONE',  #5134 ) ;
#5580 = CARTESIAN_POINT ( 'NONE',  ( 2.870524920471619400, 0.2977008424331583100, 2.397500000000000900 ) ) ;
#5581 = EDGE_CURVE ( 'NONE', #3836, #7054, #1834, .T. ) ;
#5582 = LINE ( 'NONE', #1795, #4383 ) ;
#5583 = AXIS2_PLACEMENT_3D ( 'NONE', #4484, #2143, #3918 ) ;
#5584 = EDGE_LOOP ( 'NONE', ( #5785, #7512, #2486, #6467 ) ) ;
#5585 = ORIENTED_EDGE ( 'NONE', *, *, #3968, .F. ) ;
#5586 = VERTEX_POINT ( 'NONE', #1356 ) ;
#5587 = DIRECTION ( 'NONE',  ( -1.000000000000000000, 0.0000000000000000000, 0.0000000000000000000 ) ) ;
#5588 = CARTESIAN_POINT ( 'NONE',  ( 2.870524920471619000, 0.2977008424331583100, -1.097499999999999000 ) ) ;
#5589 = DIRECTION ( 'NONE',  ( 0.0000000000000000000, -1.000000000000000000, 0.0000000000000000000 ) ) ;
#5590 = SURFACE_STYLE_FILL_AREA ( #5506 ) ;
#5591 = ORIENTED_EDGE ( 'NONE', *, *, #5169, .T. ) ;
#5592 = EDGE_LOOP ( 'NONE', ( #2866, #6146, #4555, #3354 ) ) ;
#5593 = AXIS2_PLACEMENT_3D ( 'NONE', #4112, #2278, #5878 ) ;
#5594 = EDGE_LOOP ( 'NONE', ( #4846, #6863, #4835, #1322, #1948, #2431, #6140, #1673, #27, #2115, #7392, #5578 ) ) ;
#5595 = ORIENTED_EDGE ( 'NONE', *, *, #3638, .T. ) ;
#5596 = ADVANCED_FACE ( 'NONE', ( #3930 ), #4663, .F. ) ;
#5597 = CARTESIAN_POINT ( 'NONE',  ( -3.200000000000001500, 0.1446467872876738600, -1.502499999999999100 ) ) ;
#5598 = CARTESIAN_POINT ( 'NONE',  ( 2.556742820926710000, 0.4953236532462962400, -0.2024999999999991300 ) ) ;
#5599 = LINE ( 'NONE', #2640, #4053 ) ;
#5600 = DIRECTION ( 'NONE',  ( 0.0000000000000000000, 0.0000000000000000000, 1.000000000000000000 ) ) ;
#5601 = ORIENTED_EDGE ( 'NONE', *, *, #1864, .F. ) ;
#5602 = ORIENTED_EDGE ( 'NONE', *, *, #548, .T. ) ;
#5603 = CARTESIAN_POINT ( 'NONE',  ( -2.556742820926710500, 0.4953236532462962400, 2.397500000000000900 ) ) ;
#5604 = DIRECTION ( 'NONE',  ( 0.0000000000000000000, 1.000000000000000000, 0.0000000000000000000 ) ) ;
#5605 = CARTESIAN_POINT ( 'NONE',  ( -2.861477631149733600, 0.1683185773129357300, 1.097500000000000800 ) ) ;
#5606 = CARTESIAN_POINT ( 'NONE',  ( -2.200000000000002400, 0.7475000000000001600, -2.152499999999999400 ) ) ;
#5607 = VECTOR ( 'NONE', #5987, 1000.000000000000000 ) ;
#5608 = CARTESIAN_POINT ( 'NONE',  ( 2.429015024641861100, 0.4728017965748428400, 2.397500000000000900 ) ) ;
#5609 = EDGE_CURVE ( 'NONE', #4371, #361, #4111, .T. ) ;
#5610 = EDGE_LOOP ( 'NONE', ( #2287, #6716, #498, #5812 ) ) ;
#5611 = ORIENTED_EDGE ( 'NONE', *, *, #2307, .F. ) ;
#5612 = CARTESIAN_POINT ( 'NONE',  ( 2.851362942456835200, 0.02367179002526185300, 0.4475000000000008400 ) ) ;
#5613 = VECTOR ( 'NONE', #388, 1000.000000000000000 ) ;
#5614 = AXIS2_PLACEMENT_3D ( 'NONE', #545, #1217, #6367 ) ;
#5615 = DIRECTION ( 'NONE',  ( 1.000000000000000000, 0.0000000000000000000, -0.0000000000000000000 ) ) ;
#5616 = EDGE_LOOP ( 'NONE', ( #5508, #4562, #3085, #1758, #972, #3236, #6984, #4325, #3920, #2360, #5690, #2899 ) ) ;
#5617 = EDGE_CURVE ( 'NONE', #7428, #6975, #2005, .T. ) ;
#5618 = CARTESIAN_POINT ( 'NONE',  ( 2.429015024641861100, 0.7474999999999991700, 2.397500000000000900 ) ) ;
#5619 = CARTESIAN_POINT ( 'NONE',  ( -3.189885311307104000, -3.382275553165428400E-020, -0.8524999999999991500 ) ) ;
#5620 = DIRECTION ( 'NONE',  ( 0.0000000000000000000, -1.000000000000000000, 0.0000000000000000000 ) ) ;
#5621 = EDGE_CURVE ( 'NONE', #596, #3180, #480, .T. ) ;
#5622 = EDGE_CURVE ( 'NONE', #7433, #6075, #3825, .T. ) ;
#5623 = DIRECTION ( 'NONE',  ( -1.000000000000000000, 4.734196693780292900E-016, 0.0000000000000000000 ) ) ;
#5624 = VECTOR ( 'NONE', #5754, 1000.000000000000000 ) ;
#5625 = EDGE_LOOP ( 'NONE', ( #5885, #2146, #5962, #1595 ) ) ;
#5626 = CARTESIAN_POINT ( 'NONE',  ( -2.699539945113480500, 0.5205026390080010900, 1.097500000000000800 ) ) ;
#5627 = CARTESIAN_POINT ( 'NONE',  ( -2.742797124186770100, 0.2751789857617048500, 0.2025000000000008500 ) ) ;
#5628 = AXIS2_PLACEMENT_3D ( 'NONE', #3871, #932, #6756 ) ;
#5629 = CARTESIAN_POINT ( 'NONE',  ( -2.200000000000002000, 0.6025000000000000400, 1.097500000000000800 ) ) ;
#5630 = PLANE ( 'NONE',  #5583 ) ;
#5631 = FACE_OUTER_BOUND ( 'NONE', #2312, .T. ) ;
#5632 = EDGE_CURVE ( 'NONE', #3166, #1552, #6951, .T. ) ;
#5633 = LINE ( 'NONE', #2943, #6085 ) ;
#5634 = EDGE_CURVE ( 'NONE', #806, #2131, #2292, .T. ) ;
#5635 = CARTESIAN_POINT ( 'NONE',  ( -2.429015024641861100, 0.6024999999999999200, 2.152500000000000700 ) ) ;
#5636 = DIRECTION ( 'NONE',  ( -0.0000000000000000000, 0.0000000000000000000, -1.000000000000000000 ) ) ;
#5637 = DIRECTION ( 'NONE',  ( -1.000000000000000000, 0.0000000000000000000, 0.0000000000000000000 ) ) ;
#5638 = CARTESIAN_POINT ( 'NONE',  ( -2.200000000000002400, 0.6025000000000000400, -1.502499999999999100 ) ) ;
#5639 = DIRECTION ( 'NONE',  ( -1.000000000000000000, 0.0000000000000000000, 0.0000000000000000000 ) ) ;
#5640 = VECTOR ( 'NONE', #4461, 1000.000000000000000 ) ;
#5641 = ADVANCED_FACE ( 'NONE', ( #5194 ), #4458, .F. ) ;
#5642 = ORIENTED_EDGE ( 'NONE', *, *, #2912, .F. ) ;
#5643 = VECTOR ( 'NONE', #3969, 1000.000000000000000 ) ;
#5644 = CARTESIAN_POINT ( 'NONE',  ( -2.429015024641861100, 0.4728017965748428400, 1.747500000000000700 ) ) ;
#5645 = DIRECTION ( 'NONE',  ( 4.734196693780292900E-016, 1.000000000000000000, -0.0000000000000000000 ) ) ;
#5646 = DIRECTION ( 'NONE',  ( 0.0000000000000000000, 0.0000000000000000000, 1.000000000000000000 ) ) ;
#5647 = LINE ( 'NONE', #6250, #279 ) ;
#5648 = VECTOR ( 'NONE', #7247, 1000.000000000000100 ) ;
#5649 = LINE ( 'NONE', #4331, #3383 ) ;
#5650 = ORIENTED_EDGE ( 'NONE', *, *, #1146, .T. ) ;
#5651 = AXIS2_PLACEMENT_3D ( 'NONE', #4386, #2072, #6156 ) ;
#5652 = CARTESIAN_POINT ( 'NONE',  ( 2.429015024641860300, 0.6025000000000000400, -1.747499999999999200 ) ) ;
#5653 = DIRECTION ( 'NONE',  ( -0.0000000000000000000, -1.000000000000000000, -0.0000000000000000000 ) ) ;
#5654 = LINE ( 'NONE', #7386, #6944 ) ;
#5655 = CARTESIAN_POINT ( 'NONE',  ( -2.200000000000002000, 0.7475000000000001600, 0.8525000000000008100 ) ) ;
#5656 = LINE ( 'NONE', #3408, #2562 ) ;
#5657 = ORIENTED_EDGE ( 'NONE', *, *, #530, .T. ) ;
#5658 = ORIENTED_EDGE ( 'NONE', *, *, #3291, .T. ) ;
#5659 = DIRECTION ( 'NONE',  ( -1.000000000000000000, 0.0000000000000000000, 0.0000000000000000000 ) ) ;
#5660 = DIRECTION ( 'NONE',  ( 1.000000000000000000, -4.260777024402263800E-015, 0.0000000000000000000 ) ) ;
#5661 = CARTESIAN_POINT ( 'NONE',  ( 2.599999999999999600, 0.2500000000000001100, -2.397499999999999500 ) ) ;
#5662 = DIRECTION ( 'NONE',  ( 0.0000000000000000000, 0.0000000000000000000, 1.000000000000000000 ) ) ;
#5663 = DIRECTION ( 'NONE',  ( -0.0000000000000000000, -0.0000000000000000000, -1.000000000000000000 ) ) ;
#5664 = DIRECTION ( 'NONE',  ( -0.0000000000000000000, -0.0000000000000000000, -1.000000000000000000 ) ) ;
#5665 = VECTOR ( 'NONE', #3833, 1000.000000000000100 ) ;
#5666 = EDGE_CURVE ( 'NONE', #7078, #5703, #2199, .T. ) ;
#5667 = VERTEX_POINT ( 'NONE', #5635 ) ;
#5668 = EDGE_CURVE ( 'NONE', #5957, #5955, #3140, .T. ) ;
#5669 = SURFACE_STYLE_FILL_AREA ( #2342 ) ;
#5670 = PLANE ( 'NONE',  #2621 ) ;
#5671 = SURFACE_STYLE_USAGE ( .BOTH. , #1541 ) ;
#5672 = FACE_OUTER_BOUND ( 'NONE', #685, .T. ) ;
#5673 = ORIENTED_EDGE ( 'NONE', *, *, #4854, .T. ) ;
#5674 = AXIS2_PLACEMENT_3D ( 'NONE', #4799, #4849, #7176 ) ;
#5675 = CYLINDRICAL_SURFACE ( 'NONE', #4468, 0.2746982034251563800 ) ;
#5676 = ADVANCED_FACE ( 'NONE', ( #765 ), #3355, .T. ) ;
#5677 = EDGE_CURVE ( 'NONE', #1811, #6501, #1558, .T. ) ;
#5678 = EDGE_CURVE ( 'NONE', #2786, #1502, #845, .T. ) ;
#5679 = CARTESIAN_POINT ( 'NONE',  ( 2.861477631149733200, 0.1683185773129357300, 2.397500000000000900 ) ) ;
#5680 = ORIENTED_EDGE ( 'NONE', *, *, #3393, .T. ) ;
#5681 = ORIENTED_EDGE ( 'NONE', *, *, #3533, .F. ) ;
#5682 = CARTESIAN_POINT ( 'NONE',  ( -3.200000000000000600, 0.1446467872876738600, 2.152500000000000700 ) ) ;
#5683 = PLANE ( 'NONE',  #7560 ) ;
#5684 = ORIENTED_EDGE ( 'NONE', *, *, #2357, .F. ) ;
#5685 = CARTESIAN_POINT ( 'NONE',  ( -2.429015024641861600, 0.4728017965748428400, 0.4475000000000008400 ) ) ;
#5686 = CARTESIAN_POINT ( 'NONE',  ( -2.199999999999998800, 0.7475000000000001600, 2.500000000000000000 ) ) ;
#5687 = ORIENTED_EDGE ( 'NONE', *, *, #6567, .T. ) ;
#5688 = ORIENTED_EDGE ( 'NONE', *, *, #574, .F. ) ;
#5689 = DIRECTION ( 'NONE',  ( 0.06975647374411954300, -0.9975640502598246400, 0.0000000000000000000 ) ) ;
#5690 = ORIENTED_EDGE ( 'NONE', *, *, #561, .F. ) ;
#5691 = ORIENTED_EDGE ( 'NONE', *, *, #6745, .F. ) ;
#5692 = AXIS2_PLACEMENT_3D ( 'NONE', #6278, #5131, #4594 ) ;
#5693 = CARTESIAN_POINT ( 'NONE',  ( 2.861477631149732700, 0.1683185773129357300, -0.8524999999999991500 ) ) ;
#5694 = CLOSED_SHELL ( 'NONE', ( #813, #5050, #4569, #2788, #5556, #6985, #3107, #2002, #6445, #6556, #6601, #5750, #233, #2076, #5359, #6096, #3542 ) ) ;
#5695 = ORIENTED_EDGE ( 'NONE', *, *, #403, .T. ) ;
#5696 = ORIENTED_EDGE ( 'NONE', *, *, #2309, .T. ) ;
#5697 = ORIENTED_EDGE ( 'NONE', *, *, #2873, .F. ) ;
#5698 = DIRECTION ( 'NONE',  ( -1.000000000000000000, 4.734196693780292900E-016, 0.0000000000000000000 ) ) ;
#5699 = APPLICATION_CONTEXT ( 'automotive_design' ) ;
#5700 = AXIS2_PLACEMENT_3D ( 'NONE', #4349, #1966, #3256 ) ;
#5701 = FACE_OUTER_BOUND ( 'NONE', #5390, .T. ) ;
#5702 = ORIENTED_EDGE ( 'NONE', *, *, #5573, .T. ) ;
#5703 = VERTEX_POINT ( 'NONE', #5081 ) ;
#5704 = CARTESIAN_POINT ( 'NONE',  ( -3.189885311307104000, -3.382275553165428400E-020, 1.097500000000000800 ) ) ;
#5705 = CARTESIAN_POINT ( 'NONE',  ( -2.870524920471619400, 0.2977008424331583100, -1.097499999999999000 ) ) ;
#5706 = DIRECTION ( 'NONE',  ( 0.1736481776669299100, 0.9848077530122081300, -0.0000000000000000000 ) ) ;
#5707 = LINE ( 'NONE', #6579, #2242 ) ;
#5708 = CARTESIAN_POINT ( 'NONE',  ( -2.699539945113480900, 0.5205026390080010900, -2.397499999999999500 ) ) ;
#5709 = ORIENTED_EDGE ( 'NONE', *, *, #6409, .T. ) ;
#5710 = ORIENTED_EDGE ( 'NONE', *, *, #4058, .T. ) ;
#5711 = CARTESIAN_POINT ( 'NONE',  ( 2.851362942456835600, 0.02367179002526185300, 1.502500000000000800 ) ) ;
#5712 = CARTESIAN_POINT ( 'NONE',  ( -2.742797124186770600, 0.2751789857617048500, -2.152499999999999400 ) ) ;
#5713 = EDGE_CURVE ( 'NONE', #3474, #2730, #5008, .T. ) ;
#5714 = DIRECTION ( 'NONE',  ( 0.0000000000000000000, -0.0000000000000000000, 1.000000000000000000 ) ) ;
#5715 = FACE_OUTER_BOUND ( 'NONE', #5190, .T. ) ;
#5716 = ORIENTED_EDGE ( 'NONE', *, *, #6515, .T. ) ;
#5717 = ADVANCED_FACE ( 'NONE', ( #4844 ), #209, .T. ) ;
#5718 =( GEOMETRIC_REPRESENTATION_CONTEXT ( 3 ) GLOBAL_UNCERTAINTY_ASSIGNED_CONTEXT ( ( #936 ) ) GLOBAL_UNIT_ASSIGNED_CONTEXT ( ( #5044, #3270, #5537 ) ) REPRESENTATION_CONTEXT ( 'NONE', 'WORKASPACE' ) );
#5719 = CARTESIAN_POINT ( 'NONE',  ( 2.200000000000001100, 0.7475000000000001600, 0.4475000000000008400 ) ) ;
#5720 = CIRCLE ( 'NONE', #2709, 0.1296982034251570600 ) ;
#5721 = ORIENTED_EDGE ( 'NONE', *, *, #5333, .F. ) ;
#5722 = DIRECTION ( 'NONE',  ( -0.0000000000000000000, 1.000000000000000000, -0.0000000000000000000 ) ) ;
#5723 = CARTESIAN_POINT ( 'NONE',  ( -2.078752990424916500, 1.199999999999999300, -2.499999999999999600 ) ) ;
#5724 = EDGE_CURVE ( 'NONE', #1844, #6558, #3394, .T. ) ;
#5725 = DIRECTION ( 'NONE',  ( -0.9975640502598247500, 0.06975647374411925200, -0.0000000000000000000 ) ) ;
#5726 = EDGE_CURVE ( 'NONE', #6544, #4210, #3308, .T. ) ;
#5727 = LINE ( 'NONE', #6724, #5640 ) ;
#5728 = DIRECTION ( 'NONE',  ( 0.0000000000000000000, 0.0000000000000000000, 1.000000000000000000 ) ) ;
#5729 = AXIS2_PLACEMENT_3D ( 'NONE', #3092, #4889, #7145 ) ;
#5730 = CARTESIAN_POINT ( 'NONE',  ( 2.861477631149732700, 0.1683185773129356700, 0.2025000000000008500 ) ) ;
#5731 = DIRECTION ( 'NONE',  ( 0.1736481776669299100, -0.9848077530122081300, 0.0000000000000000000 ) ) ;
#5732 = VECTOR ( 'NONE', #587, 1000.000000000000000 ) ;
#5733 = DIRECTION ( 'NONE',  ( -1.000000000000000000, 0.0000000000000000000, 0.0000000000000000000 ) ) ;
#5734 = STYLED_ITEM ( 'NONE', ( #1326 ), #4239 ) ;
#5735 = EDGE_CURVE ( 'NONE', #3165, #1642, #7041, .T. ) ;
#5736 = FACE_OUTER_BOUND ( 'NONE', #3971, .T. ) ;
#5737 = PLANE ( 'NONE',  #3202 ) ;
#5738 = CIRCLE ( 'NONE', #1937, 0.1296982034251575000 ) ;
#5739 = CARTESIAN_POINT ( 'NONE',  ( 2.870524920471618600, 0.2977008424331583100, -2.152499999999999400 ) ) ;
#5740 = LINE ( 'NONE', #228, #3029 ) ;
#5741 = ORIENTED_EDGE ( 'NONE', *, *, #422, .T. ) ;
#5742 = AXIS2_PLACEMENT_3D ( 'NONE', #5854, #2364, #1266 ) ;
#5743 = VECTOR ( 'NONE', #4139, 1000.000000000000000 ) ;
#5744 = LINE ( 'NONE', #3111, #1112 ) ;
#5745 = PLANE ( 'NONE',  #6922 ) ;
#5746 = LINE ( 'NONE', #3680, #4193 ) ;
#5747 = ORIENTED_EDGE ( 'NONE', *, *, #1330, .T. ) ;
#5748 = EDGE_LOOP ( 'NONE', ( #6740, #7534, #5642, #5716 ) ) ;
#5749 = DIRECTION ( 'NONE',  ( -1.000000000000000000, 0.0000000000000000000, 0.0000000000000000000 ) ) ;
#5750 = ADVANCED_FACE ( 'NONE', ( #1750 ), #4968, .T. ) ;
#5751 = DIRECTION ( 'NONE',  ( -0.9975640502598247500, -0.06975647374411821100, 0.0000000000000000000 ) ) ;
#5752 = VECTOR ( 'NONE', #3429, 1000.000000000000000 ) ;
#5753 = ORIENTED_EDGE ( 'NONE', *, *, #7204, .F. ) ;
#5754 = DIRECTION ( 'NONE',  ( -0.0000000000000000000, -0.0000000000000000000, -1.000000000000000000 ) ) ;
#5755 = ORIENTED_EDGE ( 'NONE', *, *, #4302, .T. ) ;
#5756 = DIRECTION ( 'NONE',  ( -1.000000000000000000, 0.0000000000000000000, 0.0000000000000000000 ) ) ;
#5757 = CARTESIAN_POINT ( 'NONE',  ( -2.851362942456836500, 0.02367179002526185300, -1.502499999999999100 ) ) ;
#5758 = DIRECTION ( 'NONE',  ( 1.000000000000000000, 0.0000000000000000000, 0.0000000000000000000 ) ) ;
#5759 = LINE ( 'NONE', #2920, #5104 ) ;
#5760 = ORIENTED_EDGE ( 'NONE', *, *, #958, .T. ) ;
#5761 = CIRCLE ( 'NONE', #2771, 0.2746982034251563800 ) ;
#5762 = EDGE_LOOP ( 'NONE', ( #2969, #811, #6051, #1836 ) ) ;
#5763 = DIRECTION ( 'NONE',  ( -1.000000000000000000, -3.787357355024234400E-015, 0.0000000000000000000 ) ) ;
#5764 = CARTESIAN_POINT ( 'NONE',  ( 2.851362942456835200, 0.02367179002526185300, 0.4475000000000008400 ) ) ;
#5765 = DIRECTION ( 'NONE',  ( 1.000000000000000000, 0.0000000000000000000, 0.0000000000000000000 ) ) ;
#5766 = CARTESIAN_POINT ( 'NONE',  ( -2.600000000000000500, 0.2500000000000001100, 0.2025000000000008500 ) ) ;
#5767 = FACE_OUTER_BOUND ( 'NONE', #5266, .T. ) ;
#5768 = VERTEX_POINT ( 'NONE', #7217 ) ;
#5769 = ORIENTED_EDGE ( 'NONE', *, *, #6215, .F. ) ;
#5770 = EDGE_CURVE ( 'NONE', #6255, #5391, #6663, .T. ) ;
#5771 = VERTEX_POINT ( 'NONE', #6804 ) ;
#5772 = CARTESIAN_POINT ( 'NONE',  ( -2.200000000000001500, 0.6025000000000000400, 2.397500000000000900 ) ) ;
#5773 = VECTOR ( 'NONE', #7538, 1000.000000000000100 ) ;
#5774 = DIRECTION ( 'NONE',  ( -0.9975640502598247500, -0.06975647374411821100, 0.0000000000000000000 ) ) ;
#5775 = ORIENTED_EDGE ( 'NONE', *, *, #4809, .T. ) ;
#5776 = ORIENTED_EDGE ( 'NONE', *, *, #1476, .T. ) ;
#5777 = AXIS2_PLACEMENT_3D ( 'NONE', #1420, #5479, #4238 ) ;
#5778 = ORIENTED_EDGE ( 'NONE', *, *, #816, .F. ) ;
#5779 = EDGE_CURVE ( 'NONE', #6592, #615, #664, .T. ) ;
#5780 = VECTOR ( 'NONE', #2809, 1000.000000000000100 ) ;
#5781 = EDGE_CURVE ( 'NONE', #5768, #1032, #5096, .T. ) ;
#5782 = DIRECTION ( 'NONE',  ( -1.000000000000000000, 0.0000000000000000000, 0.0000000000000000000 ) ) ;
#5783 = CLOSED_SHELL ( 'NONE', ( #876, #492, #1078, #4118, #6024, #2123, #5868, #5832, #4695, #908, #6212, #7410, #4104, #5676 ) ) ;
#5784 = DIRECTION ( 'NONE',  ( -1.000000000000000000, 4.260777024402263800E-015, -0.0000000000000000000 ) ) ;
#5785 = ORIENTED_EDGE ( 'NONE', *, *, #3381, .T. ) ;
#5786 = DIRECTION ( 'NONE',  ( -0.0000000000000000000, -0.0000000000000000000, -1.000000000000000000 ) ) ;
#5787 = ORIENTED_EDGE ( 'NONE', *, *, #5985, .T. ) ;
#5788 = DIRECTION ( 'NONE',  ( 0.0000000000000000000, 0.0000000000000000000, 1.000000000000000000 ) ) ;
#5789 = VECTOR ( 'NONE', #6900, 1000.000000000000000 ) ;
#5790 = ORIENTED_EDGE ( 'NONE', *, *, #7394, .T. ) ;
#5791 = CARTESIAN_POINT ( 'NONE',  ( -2.429015024641861600, 0.4728017965748428400, 0.4475000000000008400 ) ) ;
#5792 = ORIENTED_EDGE ( 'NONE', *, *, #4497, .T. ) ;
#5793 = ADVANCED_FACE ( 'NONE', ( #757 ), #1380, .T. ) ;
#5794 = CARTESIAN_POINT ( 'NONE',  ( 2.200000000000001100, 0.7475000000000001600, 0.4475000000000008400 ) ) ;
#5795 = LINE ( 'NONE', #2391, #3093 ) ;
#5796 = CARTESIAN_POINT ( 'NONE',  ( -2.870524920471619400, 0.2977008424331583100, -0.2024999999999991300 ) ) ;
#5797 = VERTEX_POINT ( 'NONE', #3774 ) ;
#5798 = VERTEX_POINT ( 'NONE', #6102 ) ;
#5799 = CARTESIAN_POINT ( 'NONE',  ( -1.570720790471951100, 1.099999999999999200, -1.846785749842945600 ) ) ;
#5800 =( LENGTH_UNIT ( ) NAMED_UNIT ( * ) SI_UNIT ( .MILLI., .METRE. ) );
#5801 = CARTESIAN_POINT ( 'NONE',  ( 2.429015024641861100, 0.4728017965748428400, 2.397500000000000900 ) ) ;
#5802 = AXIS2_PLACEMENT_3D ( 'NONE', #3103, #1955, #2545 ) ;
#5803 = FACE_OUTER_BOUND ( 'NONE', #225, .T. ) ;
#5804 = ORIENTED_EDGE ( 'NONE', *, *, #2113, .F. ) ;
#5805 = CARTESIAN_POINT ( 'NONE',  ( -2.861477631149734100, 0.1683185773129357900, -1.747499999999999200 ) ) ;
#5806 = DIRECTION ( 'NONE',  ( -0.0000000000000000000, -0.0000000000000000000, -1.000000000000000000 ) ) ;
#5807 = DIRECTION ( 'NONE',  ( 0.0000000000000000000, 0.0000000000000000000, 1.000000000000000000 ) ) ;
#5808 = DIRECTION ( 'NONE',  ( -0.1736481776669299100, -0.9848077530122081300, 0.0000000000000000000 ) ) ;
#5809 = DIRECTION ( 'NONE',  ( -0.9975640502598247500, -0.06975647374411804400, 0.0000000000000000000 ) ) ;
#5810 = DIRECTION ( 'NONE',  ( 0.9975640502598246400, 0.06975647374411954300, -0.0000000000000000000 ) ) ;
#5811 = FACE_OUTER_BOUND ( 'NONE', #3844, .T. ) ;
#5812 = ORIENTED_EDGE ( 'NONE', *, *, #6609, .T. ) ;
#5813 = PLANE ( 'NONE',  #6118 ) ;
#5814 = DIRECTION ( 'NONE',  ( -1.000000000000000000, 0.0000000000000000000, 0.0000000000000000000 ) ) ;
#5815 = CARTESIAN_POINT ( 'NONE',  ( -1.570720790471951100, 1.199999999999999300, -1.846785749842945600 ) ) ;
#5816 = EDGE_CURVE ( 'NONE', #6620, #520, #1211, .T. ) ;
#5817 = DIRECTION ( 'NONE',  ( 0.2588190451025213500, -0.9659258262890680900, 0.0000000000000000000 ) ) ;
#5818 = VECTOR ( 'NONE', #4110, 1000.000000000000000 ) ;
#5819 = VECTOR ( 'NONE', #5215, 1000.000000000000100 ) ;
#5820 = DIRECTION ( 'NONE',  ( -0.0000000000000000000, -0.0000000000000000000, -1.000000000000000000 ) ) ;
#5821 = AXIS2_PLACEMENT_3D ( 'NONE', #5444, #2034, #2606 ) ;
#5822 = DIRECTION ( 'NONE',  ( -1.000000000000000000, 0.0000000000000000000, 0.0000000000000000000 ) ) ;
#5823 = CARTESIAN_POINT ( 'NONE',  ( 2.200000000000000600, 0.6025000000000000400, -1.502499999999999100 ) ) ;
#5824 = LINE ( 'NONE', #2601, #6826 ) ;
#5825 = EDGE_CURVE ( 'NONE', #3180, #3726, #6015, .T. ) ;
#5826 = DIRECTION ( 'NONE',  ( -1.000000000000000000, -4.734196693780292900E-016, 0.0000000000000000000 ) ) ;
#5827 = EDGE_CURVE ( 'NONE', #3960, #4145, #3917, .T. ) ;
#5828 = ORIENTED_EDGE ( 'NONE', *, *, #5515, .F. ) ;
#5829 = VECTOR ( 'NONE', #3139, 1000.000000000000000 ) ;
#5830 = EDGE_CURVE ( 'NONE', #6022, #3332, #5654, .T. ) ;
#5831 = VECTOR ( 'NONE', #6503, 1000.000000000000000 ) ;
#5832 = ADVANCED_FACE ( 'NONE', ( #3298 ), #6576, .F. ) ;
#5833 = CARTESIAN_POINT ( 'NONE',  ( -2.429015024641861600, 0.6024999999999999200, -0.8524999999999991500 ) ) ;
#5834 = DIRECTION ( 'NONE',  ( -0.9975640502598247500, -0.06975647374411821100, 0.0000000000000000000 ) ) ;
#5835 =( GEOMETRIC_REPRESENTATION_CONTEXT ( 3 ) GLOBAL_UNCERTAINTY_ASSIGNED_CONTEXT ( ( #3325 ) ) GLOBAL_UNIT_ASSIGNED_CONTEXT ( ( #4463, #990, #6094 ) ) REPRESENTATION_CONTEXT ( 'NONE', 'WORKASPACE' ) );
#5836 = MANIFOLD_SOLID_BREP ( 'LPattern1[14]', #4498 ) ;
#5837 = FACE_OUTER_BOUND ( 'NONE', #3328, .T. ) ;
#5838 = VECTOR ( 'NONE', #2575, 1000.000000000000000 ) ;
#5839 = CYLINDRICAL_SURFACE ( 'NONE', #3110, 0.1296982034251570600 ) ;
#5840 = VERTEX_POINT ( 'NONE', #6180 ) ;
#5841 = CARTESIAN_POINT ( 'NONE',  ( -2.429015024641862000, 0.4728017965748428400, -2.397499999999999500 ) ) ;
#5842 = FILL_AREA_STYLE_COLOUR ( '', #1727 ) ;
#5843 = DIRECTION ( 'NONE',  ( -0.06975647374411923800, -0.9975640502598246400, 0.0000000000000000000 ) ) ;
#5844 = LINE ( 'NONE', #7444, #2474 ) ;
#5845 = LINE ( 'NONE', #3451, #5752 ) ;
#5846 = EDGE_LOOP ( 'NONE', ( #1736, #407, #6898, #5373 ) ) ;
#5847 = VERTEX_POINT ( 'NONE', #913 ) ;
#5848 = AXIS2_PLACEMENT_3D ( 'NONE', #7124, #3584, #2409 ) ;
#5849 = VECTOR ( 'NONE', #1042, 1000.000000000000000 ) ;
#5850 = CARTESIAN_POINT ( 'NONE',  ( -2.870524920471619400, 0.2977008424331583100, 0.2025000000000008500 ) ) ;
#5851 = LINE ( 'NONE', #4455, #4292 ) ;
#5852 = DIRECTION ( 'NONE',  ( 3.787357355024234400E-015, -1.000000000000000000, 0.0000000000000000000 ) ) ;
#5853 = EDGE_LOOP ( 'NONE', ( #698, #390, #1221, #5313 ) ) ;
#5854 = CARTESIAN_POINT ( 'NONE',  ( 2.429015024641860300, 0.4728017965748428400, -2.397499999999999500 ) ) ;
#5855 = PLANE ( 'NONE',  #658 ) ;
#5856 = LINE ( 'NONE', #4358, #7317 ) ;
#5857 = VERTEX_POINT ( 'NONE', #5618 ) ;
#5858 = CARTESIAN_POINT ( 'NONE',  ( -2.851362942456836100, 0.02367179002526185300, -0.2024999999999991300 ) ) ;
#5859 = EDGE_CURVE ( 'NONE', #5241, #6715, #4103, .T. ) ;
#5860 = VECTOR ( 'NONE', #2776, 1000.000000000000100 ) ;
#5861 = DIRECTION ( 'NONE',  ( -0.9975640502598247500, 0.06975647374411925200, -0.0000000000000000000 ) ) ;
#5862 = CARTESIAN_POINT ( 'NONE',  ( 3.199999999999999300, 0.1446467872876735000, -2.152499999999999400 ) ) ;
#5863 = CARTESIAN_POINT ( 'NONE',  ( -2.199999999999999700, 0.6025000000000000400, -2.499999999999999600 ) ) ;
#5864 = CARTESIAN_POINT ( 'NONE',  ( 2.200000000000000600, 0.6025000000000000400, -1.502499999999999100 ) ) ;
#5865 = EDGE_LOOP ( 'NONE', ( #1922, #7270, #1868, #1851 ) ) ;
#5866 = ORIENTED_EDGE ( 'NONE', *, *, #4705, .F. ) ;
#5867 = AXIS2_PLACEMENT_3D ( 'NONE', #2765, #3914, #3884 ) ;
#5868 = ADVANCED_FACE ( 'NONE', ( #2650 ), #2127, .F. ) ;
#5869 = LINE ( 'NONE', #4283, #2506 ) ;
#5870 = VERTEX_POINT ( 'NONE', #1565 ) ;
#5871 = EDGE_CURVE ( 'NONE', #3979, #787, #3040, .T. ) ;
#5872 = VERTEX_POINT ( 'NONE', #6129 ) ;
#5873 = ORIENTED_EDGE ( 'NONE', *, *, #7448, .F. ) ;
#5875 = ORIENTED_EDGE ( 'NONE', *, *, #5207, .T. ) ;
#5874 = EDGE_CURVE ( 'NONE', #503, #2281, #4009, .T. ) ;
#5876 = ORIENTED_EDGE ( 'NONE', *, *, #5182, .T. ) ;
#5877 = EDGE_LOOP ( 'NONE', ( #5204, #1713, #4596, #1391 ) ) ;
#5878 = DIRECTION ( 'NONE',  ( -0.9975640502598247500, 0.06975647374411804400, 0.0000000000000000000 ) ) ;
#5879 = CARTESIAN_POINT ( 'NONE',  ( -2.200000000000001500, 0.7475000000000001600, 2.152500000000000700 ) ) ;
#5880 = CARTESIAN_POINT ( 'NONE',  ( -2.699539945113480900, 0.5205026390080010900, -2.152499999999999400 ) ) ;
#5881 = CARTESIAN_POINT ( 'NONE',  ( -2.870524920471619400, 0.2977008424331583100, 1.097500000000000800 ) ) ;
#5882 = CIRCLE ( 'NONE', #1016, 0.2746982034251563800 ) ;
#5883 = ADVANCED_FACE ( 'NONE', ( #1021 ), #3269, .F. ) ;
#5884 = AXIS2_PLACEMENT_3D ( 'NONE', #5959, #5435, #7212 ) ;
#5885 = ORIENTED_EDGE ( 'NONE', *, *, #7249, .T. ) ;
#5886 = ORIENTED_EDGE ( 'NONE', *, *, #3856, .F. ) ;
#5887 = VERTEX_POINT ( 'NONE', #6876 ) ;
#5888 = VERTEX_POINT ( 'NONE', #4575 ) ;
#5889 = EDGE_CURVE ( 'NONE', #2503, #3254, #1122, .T. ) ;
#5890 = DIRECTION ( 'NONE',  ( -1.734723475976807100E-016, 0.0000000000000000000, -1.000000000000000000 ) ) ;
#5891 = AXIS2_PLACEMENT_3D ( 'NONE', #7364, #2634, #3309 ) ;
#5892 = SURFACE_SIDE_STYLE ('',( #3897 ) ) ;
#5893 = ORIENTED_EDGE ( 'NONE', *, *, #1617, .T. ) ;
#5894 = VERTEX_POINT ( 'NONE', #4499 ) ;
#5895 = DIRECTION ( 'NONE',  ( -1.000000000000000000, 0.0000000000000000000, 0.0000000000000000000 ) ) ;
#5896 = AXIS2_PLACEMENT_3D ( 'NONE', #2219, #6301, #424 ) ;
#5897 = LINE ( 'NONE', #6293, #5516 ) ;
#5898 = ORIENTED_EDGE ( 'NONE', *, *, #6123, .T. ) ;
#5899 = DIRECTION ( 'NONE',  ( -0.0000000000000000000, -0.0000000000000000000, -1.000000000000000000 ) ) ;
#5900 = CIRCLE ( 'NONE', #5460, 0.1296982034251570600 ) ;
#5901 = VERTEX_POINT ( 'NONE', #2232 ) ;
#5902 = DIRECTION ( 'NONE',  ( -0.0000000000000000000, 0.0000000000000000000, -1.000000000000000000 ) ) ;
#5903 = DIRECTION ( 'NONE',  ( -0.0000000000000000000, -0.0000000000000000000, -1.000000000000000000 ) ) ;
#5904 = AXIS2_PLACEMENT_3D ( 'NONE', #1995, #5489, #5513 ) ;
#5905 = LINE ( 'NONE', #4995, #4531 ) ;
#5906 = ADVANCED_FACE ( 'NONE', ( #7031 ), #5745, .F. ) ;
#5907 = FILL_AREA_STYLE_COLOUR ( '', #3048 ) ;
#5908 = DIRECTION ( 'NONE',  ( 0.1736481776669299100, -0.9848077530122081300, 0.0000000000000000000 ) ) ;
#5909 = ORIENTED_EDGE ( 'NONE', *, *, #2770, .T. ) ;
#5910 = DIRECTION ( 'NONE',  ( -0.2505628070857320900, 0.9351131265310290700, 0.2505628070857321400 ) ) ;
#5911 = CARTESIAN_POINT ( 'NONE',  ( 2.200000000000001100, 0.7475000000000001600, 0.4475000000000008400 ) ) ;
#5912 = FACE_OUTER_BOUND ( 'NONE', #7162, .T. ) ;
#5913 = DIRECTION ( 'NONE',  ( 0.9975640502598247500, 0.06975647374411804400, -0.0000000000000000000 ) ) ;
#5914 = ADVANCED_FACE ( 'NONE', ( #4375 ), #18, .F. ) ;
#5915 = PLANE ( 'NONE',  #3086 ) ;
#5916 = EDGE_CURVE ( 'NONE', #2009, #154, #924, .T. ) ;
#5917 = CARTESIAN_POINT ( 'NONE',  ( -1.570720790471951100, 1.099999999999999200, -1.596785749842945600 ) ) ;
#5918 = VECTOR ( 'NONE', #4993, 1000.000000000000000 ) ;
#5919 = VECTOR ( 'NONE', #5784, 1000.000000000000000 ) ;
#5920 = LINE ( 'NONE', #5529, #1202 ) ;
#5921 = MECHANICAL_DESIGN_GEOMETRIC_PRESENTATION_REPRESENTATION (  '', ( #5229 ), #4348 ) ;
#5922 = DIRECTION ( 'NONE',  ( -0.0000000000000000000, -0.0000000000000000000, -1.000000000000000000 ) ) ;
#5923 = SURFACE_STYLE_USAGE ( .BOTH. , #744 ) ;
#5924 = DIRECTION ( 'NONE',  ( -0.0000000000000000000, -0.0000000000000000000, -1.000000000000000000 ) ) ;
#5925 = LINE ( 'NONE', #3697, #4095 ) ;
#5926 = ORIENTED_EDGE ( 'NONE', *, *, #3808, .T. ) ;
#5927 = CARTESIAN_POINT ( 'NONE',  ( 2.429015024641861100, 0.4728017965748428400, 2.397500000000000900 ) ) ;
#5928 = EDGE_CURVE ( 'NONE', #6254, #6130, #4469, .T. ) ;
#5929 = EDGE_CURVE ( 'NONE', #2089, #2979, #5189, .T. ) ;
#5930 = LINE ( 'NONE', #592, #4369 ) ;
#5931 = DIRECTION ( 'NONE',  ( -0.0000000000000000000, -0.0000000000000000000, -1.000000000000000000 ) ) ;
#5932 = LINE ( 'NONE', #2517, #369 ) ;
#5933 = ORIENTED_EDGE ( 'NONE', *, *, #3995, .T. ) ;
#5934 = VERTEX_POINT ( 'NONE', #1052 ) ;
#5935 = CARTESIAN_POINT ( 'NONE',  ( -2.870524920471619900, 0.2977008424331583100, -2.152499999999999400 ) ) ;
#5936 = AXIS2_PLACEMENT_3D ( 'NONE', #534, #4568, #6379 ) ;
#5937 = LINE ( 'NONE', #6963, #7033 ) ;
#5938 = VERTEX_POINT ( 'NONE', #3900 ) ;
#5939 = CARTESIAN_POINT ( 'NONE',  ( 2.861477631149732300, 0.1683185773129357300, -2.397499999999999500 ) ) ;
#5940 = VERTEX_POINT ( 'NONE', #5137 ) ;
#5941 = CARTESIAN_POINT ( 'NONE',  ( 2.870524920471619000, 0.2977008424331583100, 1.097500000000000800 ) ) ;
#5942 =( NAMED_UNIT ( * ) PLANE_ANGLE_UNIT ( ) SI_UNIT ( $, .RADIAN. ) );
#5943 = VECTOR ( 'NONE', #7106, 1000.000000000000000 ) ;
#5944 = ADVANCED_FACE ( 'NONE', ( #7495 ), #5063, .F. ) ;
#5945 = FACE_OUTER_BOUND ( 'NONE', #176, .T. ) ;
#5946 = ORIENTED_EDGE ( 'NONE', *, *, #4827, .F. ) ;
#5947 = ORIENTED_EDGE ( 'NONE', *, *, #770, .T. ) ;
#5948 = AXIS2_PLACEMENT_3D ( 'NONE', #4819, #1346, #2515 ) ;
#5949 = DIRECTION ( 'NONE',  ( -4.260777024402263800E-015, -1.000000000000000000, 0.0000000000000000000 ) ) ;
#5950 = DIRECTION ( 'NONE',  ( -0.0000000000000000000, -0.0000000000000000000, -1.000000000000000000 ) ) ;
#5951 = DIRECTION ( 'NONE',  ( 0.9848077530122081300, -0.1736481776669299100, 0.0000000000000000000 ) ) ;
#5952 = VECTOR ( 'NONE', #682, 1000.000000000000000 ) ;
#5953 = DIRECTION ( 'NONE',  ( -1.000000000000000000, 0.0000000000000000000, 0.0000000000000000000 ) ) ;
#5954 = ADVANCED_FACE ( 'NONE', ( #1297 ), #5670, .F. ) ;
#5955 = VERTEX_POINT ( 'NONE', #3936 ) ;
#5956 = VERTEX_POINT ( 'NONE', #2205 ) ;
#5957 = VERTEX_POINT ( 'NONE', #4546 ) ;
#5958 = LINE ( 'NONE', #2223, #1484 ) ;
#5959 = CARTESIAN_POINT ( 'NONE',  ( 2.870524920471618600, 0.2977008424331583100, -1.502499999999999100 ) ) ;
#5960 = ORIENTED_EDGE ( 'NONE', *, *, #3058, .F. ) ;
#5961 = EDGE_CURVE ( 'NONE', #3332, #1667, #2091, .T. ) ;
#5962 = ORIENTED_EDGE ( 'NONE', *, *, #1070, .F. ) ;
#5963 = CARTESIAN_POINT ( 'NONE',  ( -2.200000000000002400, 0.6025000000000000400, -2.397499999999999500 ) ) ;
#5964 = DIRECTION ( 'NONE',  ( -0.0000000000000000000, -0.0000000000000000000, -1.000000000000000000 ) ) ;
#5965 = DIRECTION ( 'NONE',  ( -1.000000000000000000, 0.0000000000000000000, 0.0000000000000000000 ) ) ;
#5966 = VERTEX_POINT ( 'NONE', #2808 ) ;
#5967 = CARTESIAN_POINT ( 'NONE',  ( -2.200000000000001500, 0.7475000000000001600, 1.502500000000000800 ) ) ;
#5968 = ORIENTED_EDGE ( 'NONE', *, *, #5423, .F. ) ;
#5969 = EDGE_LOOP ( 'NONE', ( #2618, #3737, #1192, #4640 ) ) ;
#5970 = ORIENTED_EDGE ( 'NONE', *, *, #2208, .F. ) ;
#5971 = EDGE_CURVE ( 'NONE', #1049, #6223, #5844, .T. ) ;
#5972 = EDGE_CURVE ( 'NONE', #5309, #6022, #3655, .T. ) ;
#5973 = EDGE_CURVE ( 'NONE', #3050, #464, #7123, .T. ) ;
#5974 = ORIENTED_EDGE ( 'NONE', *, *, #3338, .F. ) ;
#5975 = ORIENTED_EDGE ( 'NONE', *, *, #6397, .T. ) ;
#5976 =( LENGTH_UNIT ( ) NAMED_UNIT ( * ) SI_UNIT ( .MILLI., .METRE. ) );
#5977 = PLANE ( 'NONE',  #135 ) ;
#5978 = CARTESIAN_POINT ( 'NONE',  ( -2.429015024641861600, 0.4728017965748428400, -0.8524999999999991500 ) ) ;
#5979 = DIRECTION ( 'NONE',  ( 0.06975647374411821100, -0.9975640502598247500, 0.0000000000000000000 ) ) ;
#5980 = AXIS2_PLACEMENT_3D ( 'NONE', #7369, #6737, #4507 ) ;
#5981 = LINE ( 'NONE', #2974, #5607 ) ;
#5982 = ORIENTED_EDGE ( 'NONE', *, *, #4654, .T. ) ;
#5983 = AXIS2_PLACEMENT_3D ( 'NONE', #127, #5950, #4259 ) ;
#5984 = DIRECTION ( 'NONE',  ( 1.000000000000000000, -4.734196693780292900E-016, 0.0000000000000000000 ) ) ;
#5985 = EDGE_CURVE ( 'NONE', #7435, #787, #3481, .T. ) ;
#5986 = AXIS2_PLACEMENT_3D ( 'NONE', #2216, #3988, #5733 ) ;
#5987 = DIRECTION ( 'NONE',  ( 0.9975640502598247500, 0.06975647374411804400, -0.0000000000000000000 ) ) ;
#5988 = LINE ( 'NONE', #4248, #6624 ) ;
#5989 = EDGE_LOOP ( 'NONE', ( #675, #1780, #3348, #5993 ) ) ;
#5990 = CARTESIAN_POINT ( 'NONE',  ( 2.699539945113479600, 0.5205026390080010900, -0.2024999999999991300 ) ) ;
#5991 = AXIS2_PLACEMENT_3D ( 'NONE', #4539, #7430, #5659 ) ;
#5992 = LINE ( 'NONE', #3314, #4537 ) ;
#5993 = ORIENTED_EDGE ( 'NONE', *, *, #4008, .T. ) ;
#5994 = CARTESIAN_POINT ( 'NONE',  ( 2.556742820926710000, 0.4953236532462962400, -0.8524999999999991500 ) ) ;
#5995 = CARTESIAN_POINT ( 'NONE',  ( 2.429015024641860700, 0.7474999999999991700, -1.097499999999999000 ) ) ;
#5996 = VECTOR ( 'NONE', #1613, 1000.000000000000100 ) ;
#5997 = VECTOR ( 'NONE', #7541, 999.9999999999998900 ) ;
#5998 = EDGE_CURVE ( 'NONE', #6602, #1293, #4832, .T. ) ;
#5999 = CARTESIAN_POINT ( 'NONE',  ( -2.870524920471619900, 0.2977008424331583100, -2.397499999999999500 ) ) ;
#6000 = ORIENTED_EDGE ( 'NONE', *, *, #5482, .F. ) ;
#6001 = CIRCLE ( 'NONE', #5948, 0.2746982034251563800 ) ;
#6002 = AXIS2_PLACEMENT_3D ( 'NONE', #1732, #4092, #5782 ) ;
#6003 = EDGE_CURVE ( 'NONE', #3755, #503, #2944, .T. ) ;
#6004 = DIRECTION ( 'NONE',  ( 0.06975647374411804400, 0.9975640502598247500, -0.0000000000000000000 ) ) ;
#6005 = EDGE_CURVE ( 'NONE', #7545, #7174, #6201, .T. ) ;
#6006 = FACE_OUTER_BOUND ( 'NONE', #2329, .T. ) ;
#6007 = EDGE_CURVE ( 'NONE', #1032, #1152, #5459, .T. ) ;
#6008 = LINE ( 'NONE', #6404, #553 ) ;
#6009 = DIRECTION ( 'NONE',  ( -0.0000000000000000000, 1.000000000000000000, -0.0000000000000000000 ) ) ;
#6010 = ORIENTED_EDGE ( 'NONE', *, *, #5973, .T. ) ;
#6011 = LINE ( 'NONE', #1888, #2842 ) ;
#6012 = ORIENTED_EDGE ( 'NONE', *, *, #1341, .F. ) ;
#6013 =( GEOMETRIC_REPRESENTATION_CONTEXT ( 3 ) GLOBAL_UNCERTAINTY_ASSIGNED_CONTEXT ( ( #3006 ) ) GLOBAL_UNIT_ASSIGNED_CONTEXT ( ( #3673, #5942, #3091 ) ) REPRESENTATION_CONTEXT ( 'NONE', 'WORKASPACE' ) );
#6014 = CARTESIAN_POINT ( 'NONE',  ( -2.200000000000002000, 0.6025000000000000400, 0.4475000000000008400 ) ) ;
#6015 = LINE ( 'NONE', #7279, #3131 ) ;
#6016 = DIRECTION ( 'NONE',  ( 0.0000000000000000000, 0.0000000000000000000, 1.000000000000000000 ) ) ;
#6017 = CARTESIAN_POINT ( 'NONE',  ( 2.429015024641861100, 0.4728017965748428400, 1.747500000000000700 ) ) ;
#6018 = FACE_OUTER_BOUND ( 'NONE', #1114, .T. ) ;
#6019 = DIRECTION ( 'NONE',  ( 0.0000000000000000000, -0.9659258262890680900, -0.2588190451025213500 ) ) ;
#6020 = VERTEX_POINT ( 'NONE', #2338 ) ;
#6021 = EDGE_CURVE ( 'NONE', #5956, #4914, #1997, .T. ) ;
#6022 = VERTEX_POINT ( 'NONE', #1701 ) ;
#6023 = EDGE_CURVE ( 'NONE', #3491, #513, #5930, .T. ) ;
#6024 = ADVANCED_FACE ( 'NONE', ( #7214 ), #7001, .F. ) ;
#6025 = LINE ( 'NONE', #7085, #4478 ) ;
#6026 = CARTESIAN_POINT ( 'NONE',  ( -2.429015024641862000, 0.7474999999999992800, -2.152499999999999400 ) ) ;
#6027 = LINE ( 'NONE', #6835, #4753 ) ;
#6028 = VERTEX_POINT ( 'NONE', #3459 ) ;
#6029 = CARTESIAN_POINT ( 'NONE',  ( 2.429015024641860700, 0.4728017965748428400, -1.097499999999999000 ) ) ;
#6030 = DIRECTION ( 'NONE',  ( -0.0000000000000000000, -0.0000000000000000000, -1.000000000000000000 ) ) ;
#6031 = PRESENTATION_LAYER_ASSIGNMENT (  '', '', ( #1226 ) ) ;
#6032 = LINE ( 'NONE', #493, #2961 ) ;
#6033 = CARTESIAN_POINT ( 'NONE',  ( 2.699539945113479200, 0.5205026390080010900, -1.502499999999999100 ) ) ;
#6034 = CARTESIAN_POINT ( 'NONE',  ( 2.429015024641860700, 0.4728017965748428400, 0.2025000000000008500 ) ) ;
#6035 = LINE ( 'NONE', #4168, #2016 ) ;
#6036 = ORIENTED_EDGE ( 'NONE', *, *, #5570, .T. ) ;
#6037 = CARTESIAN_POINT ( 'NONE',  ( 2.699539945113479200, 0.5205026390080010900, -1.502499999999999100 ) ) ;
#6038 = FACE_OUTER_BOUND ( 'NONE', #1822, .T. ) ;
#6039 = AXIS2_PLACEMENT_3D ( 'NONE', #4177, #2369, #2394 ) ;
#6040 = VERTEX_POINT ( 'NONE', #1206 ) ;
#6041 = ORIENTED_EDGE ( 'NONE', *, *, #2260, .T. ) ;
#6042 = CARTESIAN_POINT ( 'NONE',  ( -2.199999999999999700, 0.7475000000000001600, -2.499999999999999600 ) ) ;
#6043 = CARTESIAN_POINT ( 'NONE',  ( 2.861477631149733200, 0.1683185773129356700, 1.747500000000000700 ) ) ;
#6044 = DIRECTION ( 'NONE',  ( 0.9975640502598247500, 0.06975647374411804400, -0.0000000000000000000 ) ) ;
#6045 = COLOUR_RGB ( '',0.7921568627450980000, 0.8196078431372548800, 0.9333333333333333500 ) ;
#6046 = ORIENTED_EDGE ( 'NONE', *, *, #4551, .T. ) ;
#6047 = ORIENTED_EDGE ( 'NONE', *, *, #1662, .F. ) ;
#6048 = VERTEX_POINT ( 'NONE', #1179 ) ;
#6049 = ORIENTED_EDGE ( 'NONE', *, *, #1158, .F. ) ;
#6050 = VERTEX_POINT ( 'NONE', #2964 ) ;
#6051 = ORIENTED_EDGE ( 'NONE', *, *, #6687, .F. ) ;
#6052 = DIRECTION ( 'NONE',  ( 0.06975647374411804400, 0.9975640502598247500, -0.0000000000000000000 ) ) ;
#6053 = CARTESIAN_POINT ( 'NONE',  ( -2.200000000000002000, 0.6025000000000000400, -0.8524999999999991500 ) ) ;
#6054 = EDGE_CURVE ( 'NONE', #1711, #1666, #286, .T. ) ;
#6055 = CARTESIAN_POINT ( 'NONE',  ( 2.600000000000000100, 0.2500000000000001100, 0.8525000000000008100 ) ) ;
#6056 = LINE ( 'NONE', #5823, #6334 ) ;
#6057 = EDGE_CURVE ( 'NONE', #5152, #4756, #5089, .T. ) ;
#6058 = VERTEX_POINT ( 'NONE', #6355 ) ;
#6059 = ORIENTED_EDGE ( 'NONE', *, *, #4854, .F. ) ;
#6060 = ORIENTED_EDGE ( 'NONE', *, *, #1672, .T. ) ;
#6061 = VERTEX_POINT ( 'NONE', #7026 ) ;
#6062 = ADVANCED_FACE ( 'NONE', ( #5283 ), #4708, .T. ) ;
#6063 = DIRECTION ( 'NONE',  ( 1.000000000000000000, 0.0000000000000000000, 0.0000000000000000000 ) ) ;
#6064 = DIRECTION ( 'NONE',  ( 0.9975640502598246400, -0.06975647374411923800, 0.0000000000000000000 ) ) ;
#6065 = MANIFOLD_SOLID_BREP ( 'LPattern1[1]', #3446 ) ;
#6066 = VECTOR ( 'NONE', #827, 1000.000000000000000 ) ;
#6067 = AXIS2_PLACEMENT_3D ( 'NONE', #6753, #2680, #5660 ) ;
#6068 = ORIENTED_EDGE ( 'NONE', *, *, #6421, .F. ) ;
#6069 = EDGE_CURVE ( 'NONE', #5241, #981, #3123, .T. ) ;
#6070 = EDGE_CURVE ( 'NONE', #3836, #6050, #2189, .T. ) ;
#6071 = DIRECTION ( 'NONE',  ( -0.0000000000000000000, 0.0000000000000000000, -1.000000000000000000 ) ) ;
#6072 = DIRECTION ( 'NONE',  ( -1.000000000000000000, 4.260777024402263800E-015, -0.0000000000000000000 ) ) ;
#6073 = LINE ( 'NONE', #634, #2806 ) ;
#6074 = CARTESIAN_POINT ( 'NONE',  ( -2.199999999999999700, 0.7475000000000001600, -2.499999999999999600 ) ) ;
#6075 = VERTEX_POINT ( 'NONE', #6387 ) ;
#6076 = DIRECTION ( 'NONE',  ( -0.0000000000000000000, -0.0000000000000000000, -1.000000000000000000 ) ) ;
#6077 = DIRECTION ( 'NONE',  ( 0.0000000000000000000, 0.0000000000000000000, 1.000000000000000000 ) ) ;
#6078 = PLANE ( 'NONE',  #6760 ) ;
#6079 = FACE_OUTER_BOUND ( 'NONE', #1628, .T. ) ;
#6080 = DIRECTION ( 'NONE',  ( 0.0000000000000000000, 0.0000000000000000000, 1.000000000000000000 ) ) ;
#6081 = ORIENTED_EDGE ( 'NONE', *, *, #5889, .T. ) ;
#6082 = DIRECTION ( 'NONE',  ( -0.06975647374411675400, -0.9975640502598248600, 0.0000000000000000000 ) ) ;
#6083 = CARTESIAN_POINT ( 'NONE',  ( -2.851362942456836100, 0.02367179002526185300, 0.4475000000000008400 ) ) ;
#6084 = CYLINDRICAL_SURFACE ( 'NONE', #3865, 0.1296982034251570600 ) ;
#6085 = VECTOR ( 'NONE', #5255, 1000.000000000000100 ) ;
#6086 = PLANE ( 'NONE',  #1120 ) ;
#6087 = AXIS2_PLACEMENT_3D ( 'NONE', #5211, #4843, #1224 ) ;
#6088 = LINE ( 'NONE', #7157, #4267 ) ;
#6089 = ORIENTED_EDGE ( 'NONE', *, *, #6371, .F. ) ;
#6090 = DIRECTION ( 'NONE',  ( -0.9975640502598247500, -0.06975647374411804400, 0.0000000000000000000 ) ) ;
#6091 = CARTESIAN_POINT ( 'NONE',  ( 2.200000000000001100, 0.7475000000000001600, -0.2024999999999991300 ) ) ;
#6092 = CARTESIAN_POINT ( 'NONE',  ( -2.851362942456836100, 0.02367179002526185300, -0.2024999999999991300 ) ) ;
#6093 = SURFACE_STYLE_FILL_AREA ( #3625 ) ;
#6094 =( NAMED_UNIT ( * ) SI_UNIT ( $, .STERADIAN. ) SOLID_ANGLE_UNIT ( ) );
#6095 = VECTOR ( 'NONE', #7502, 1000.000000000000000 ) ;
#6096 = ADVANCED_FACE ( 'NONE', ( #3207 ), #7487, .F. ) ;
#6097 = CYLINDRICAL_SURFACE ( 'NONE', #5441, 0.1296982034251570600 ) ;
#6098 = EDGE_CURVE ( 'NONE', #927, #1408, #4744, .T. ) ;
#6099 = VECTOR ( 'NONE', #4311, 1000.000000000000000 ) ;
#6100 = ORIENTED_EDGE ( 'NONE', *, *, #6811, .F. ) ;
#6101 = CARTESIAN_POINT ( 'NONE',  ( 2.429015024641860700, 0.4728017965748428400, -0.8524999999999991500 ) ) ;
#6102 = CARTESIAN_POINT ( 'NONE',  ( 2.200000000000000600, 0.6025000000000000400, -1.747499999999999200 ) ) ;
#6103 = FILL_AREA_STYLE_COLOUR ( '', #4151 ) ;
#6104 = CARTESIAN_POINT ( 'NONE',  ( 2.861477631149732700, 0.1683185773129357300, -0.8524999999999991500 ) ) ;
#6105 = DIRECTION ( 'NONE',  ( -1.000000000000000000, -4.734196693780292900E-016, 0.0000000000000000000 ) ) ;
#6106 = SURFACE_STYLE_FILL_AREA ( #6978 ) ;
#6107 = AXIS2_PLACEMENT_3D ( 'NONE', #953, #3668, #1548 ) ;
#6108 = FACE_OUTER_BOUND ( 'NONE', #3301, .T. ) ;
#6109 = EDGE_LOOP ( 'NONE', ( #528, #6117, #6803, #1410 ) ) ;
#6110 = CARTESIAN_POINT ( 'NONE',  ( 3.189885311307103500, -3.382275553165428400E-020, 2.397500000000000900 ) ) ;
#6111 = EDGE_CURVE ( 'NONE', #2518, #6417, #915, .T. ) ;
#6112 = CARTESIAN_POINT ( 'NONE',  ( 2.870524920471619000, 0.2977008424331583100, -0.4474999999999991200 ) ) ;
#6113 = EDGE_CURVE ( 'NONE', #2114, #3828, #3385, .T. ) ;
#6114 = CARTESIAN_POINT ( 'NONE',  ( 2.200000000000001100, 0.7475000000000001600, 0.2025000000000008500 ) ) ;
#6115 = VECTOR ( 'NONE', #394, 1000.000000000000100 ) ;
#6116 = ORIENTED_EDGE ( 'NONE', *, *, #1626, .T. ) ;
#6117 = ORIENTED_EDGE ( 'NONE', *, *, #7458, .F. ) ;
#6118 = AXIS2_PLACEMENT_3D ( 'NONE', #2876, #1712, #4592 ) ;
#6119 = CARTESIAN_POINT ( 'NONE',  ( 2.851362942456834700, 0.02367179002526185300, -1.502499999999999100 ) ) ;
#6120 = AXIS2_PLACEMENT_3D ( 'NONE', #3069, #3632, #7099 ) ;
#6121 = FACE_OUTER_BOUND ( 'NONE', #6169, .T. ) ;
#6122 = CARTESIAN_POINT ( 'NONE',  ( 2.429015024641860300, 0.4728017965748428400, -1.502499999999999100 ) ) ;
#6123 = EDGE_CURVE ( 'NONE', #116, #6401, #657, .T. ) ;
#6124 = ORIENTED_EDGE ( 'NONE', *, *, #6641, .F. ) ;
#6125 = ORIENTED_EDGE ( 'NONE', *, *, #7499, .F. ) ;
#6126 = ORIENTED_EDGE ( 'NONE', *, *, #2365, .F. ) ;
#6127 = CARTESIAN_POINT ( 'NONE',  ( 2.429015024641860300, 0.4728017965748428400, -2.152499999999999400 ) ) ;
#6128 = VECTOR ( 'NONE', #6771, 1000.000000000000100 ) ;
#6129 = CARTESIAN_POINT ( 'NONE',  ( -2.200000000000002000, 0.6025000000000000400, -0.2024999999999991300 ) ) ;
#6130 = VERTEX_POINT ( 'NONE', #6519 ) ;
#6131 = DIRECTION ( 'NONE',  ( 1.000000000000000000, 0.0000000000000000000, 0.0000000000000000000 ) ) ;
#6132 = DIRECTION ( 'NONE',  ( 0.0000000000000000000, -1.000000000000000000, 0.0000000000000000000 ) ) ;
#6133 = ORIENTED_EDGE ( 'NONE', *, *, #1582, .T. ) ;
#6134 = EDGE_LOOP ( 'NONE', ( #1781, #1622, #7488, #4194 ) ) ;
#6135 = EDGE_LOOP ( 'NONE', ( #955, #2399, #5399, #5790 ) ) ;
#6136 = LINE ( 'NONE', #6722, #395 ) ;
#6137 = ADVANCED_FACE ( 'NONE', ( #6847 ), #1349, .F. ) ;
#6138 = CARTESIAN_POINT ( 'NONE',  ( 2.851362942456834700, 0.02367179002526185300, -1.502499999999999100 ) ) ;
#6139 = PLANE ( 'NONE',  #177 ) ;
#6140 = ORIENTED_EDGE ( 'NONE', *, *, #7395, .T. ) ;
#6141 = ORIENTED_EDGE ( 'NONE', *, *, #6456, .F. ) ;
#6142 = DIRECTION ( 'NONE',  ( -0.9975640502598248600, 0.06975647374411675400, 0.0000000000000000000 ) ) ;
#6143 = VECTOR ( 'NONE', #6463, 1000.000000000000000 ) ;
#6144 = CARTESIAN_POINT ( 'NONE',  ( 2.556742820926709600, 0.4953236532462962400, -1.502499999999999100 ) ) ;
#6145 = ORIENTED_EDGE ( 'NONE', *, *, #995, .T. ) ;
#6146 = ORIENTED_EDGE ( 'NONE', *, *, #4809, .F. ) ;
#6147 = DIRECTION ( 'NONE',  ( 0.1736481776669299100, -0.9848077530122081300, 0.0000000000000000000 ) ) ;
#6148 = ORIENTED_EDGE ( 'NONE', *, *, #3237, .F. ) ;
#6149 = ORIENTED_EDGE ( 'NONE', *, *, #4757, .F. ) ;
#6150 = PLANE ( 'NONE',  #3639 ) ;
#6151 = CYLINDRICAL_SURFACE ( 'NONE', #1428, 0.2746982034251563800 ) ;
#6152 = VERTEX_POINT ( 'NONE', #7098 ) ;
#6153 = ORIENTED_EDGE ( 'NONE', *, *, #3893, .F. ) ;
#6154 = ORIENTED_EDGE ( 'NONE', *, *, #6170, .F. ) ;
#6155 = DIRECTION ( 'NONE',  ( -0.0000000000000000000, -0.0000000000000000000, -1.000000000000000000 ) ) ;
#6156 = DIRECTION ( 'NONE',  ( 1.000000000000000000, 0.0000000000000000000, -0.0000000000000000000 ) ) ;
#6157 = DIRECTION ( 'NONE',  ( 1.000000000000000000, 3.787357355024234400E-015, 0.0000000000000000000 ) ) ;
#6158 = EDGE_CURVE ( 'NONE', #1366, #5181, #6194, .T. ) ;
#6159 = LINE ( 'NONE', #4812, #66 ) ;
#6160 = DIRECTION ( 'NONE',  ( -0.0000000000000000000, -0.0000000000000000000, -1.000000000000000000 ) ) ;
#6161 = EDGE_LOOP ( 'NONE', ( #3643, #6012, #1683, #4505 ) ) ;
#6162 = DIRECTION ( 'NONE',  ( 0.0000000000000000000, 0.0000000000000000000, 1.000000000000000000 ) ) ;
#6163 = CARTESIAN_POINT ( 'NONE',  ( -2.429015024641861100, 0.7474999999999992800, 2.152500000000000700 ) ) ;
#6164 = DIRECTION ( 'NONE',  ( -0.0000000000000000000, -0.0000000000000000000, -1.000000000000000000 ) ) ;
#6165 = AXIS2_PLACEMENT_3D ( 'NONE', #6824, #1251, #6432 ) ;
#6166 = CARTESIAN_POINT ( 'NONE',  ( 2.429015024641860300, 0.4728017965748428400, -2.397499999999999500 ) ) ;
#6167 = CARTESIAN_POINT ( 'NONE',  ( -2.429015024641861600, 0.4728017965748428400, -0.8524999999999991500 ) ) ;
#6168 = ORIENTED_EDGE ( 'NONE', *, *, #6729, .F. ) ;
#6169 = EDGE_LOOP ( 'NONE', ( #4804, #1561, #416, #7567, #5982, #1415, #5926, #1979, #6041, #3822, #4414, #6689 ) ) ;
#6170 = EDGE_CURVE ( 'NONE', #597, #2638, #4648, .T. ) ;
#6171 = EDGE_CURVE ( 'NONE', #3764, #5511, #1543, .T. ) ;
#6172 = CARTESIAN_POINT ( 'NONE',  ( 2.870524920471619000, 0.2977008424331583100, -0.8524999999999991500 ) ) ;
#6173 = DIRECTION ( 'NONE',  ( -1.000000000000000000, 0.0000000000000000000, 0.0000000000000000000 ) ) ;
#6174 = PLANE ( 'NONE',  #1884 ) ;
#6175 = VECTOR ( 'NONE', #7210, 1000.000000000000000 ) ;
#6176 = CARTESIAN_POINT ( 'NONE',  ( 2.556742820926710000, 0.4953236532462962400, 0.8525000000000008100 ) ) ;
#6177 = VERTEX_POINT ( 'NONE', #3068 ) ;
#6178 = ADVANCED_FACE ( 'NONE', ( #1111 ), #4237, .F. ) ;
#6179 = AXIS2_PLACEMENT_3D ( 'NONE', #6269, #2186, #2789 ) ;
#6180 = CARTESIAN_POINT ( 'NONE',  ( -3.189885311307103500, -3.382275553165428400E-020, 2.397500000000000900 ) ) ;
#6181 = VECTOR ( 'NONE', #2429, 1000.000000000000000 ) ;
#6182 = CARTESIAN_POINT ( 'NONE',  ( -2.742797124186770100, 0.2751789857617048500, -0.4474999999999991200 ) ) ;
#6183 = PLANE ( 'NONE',  #6188 ) ;
#6184 = VERTEX_POINT ( 'NONE', #3118 ) ;
#6185 = VECTOR ( 'NONE', #3741, 1000.000000000000000 ) ;
#6186 = DIRECTION ( 'NONE',  ( 0.1736481776669299100, 0.9848077530122081300, 0.0000000000000000000 ) ) ;
#6187 = VERTEX_POINT ( 'NONE', #3041 ) ;
#6188 = AXIS2_PLACEMENT_3D ( 'NONE', #1516, #7338, #5562 ) ;
#6189 = LINE ( 'NONE', #4079, #7383 ) ;
#6190 = CARTESIAN_POINT ( 'NONE',  ( -1.570720790471951100, 1.199999999999999300, -1.846785749842945600 ) ) ;
#6191 = CARTESIAN_POINT ( 'NONE',  ( 2.861477631149733200, 0.1683185773129356700, 1.747500000000000700 ) ) ;
#6192 = LINE ( 'NONE', #5757, #1007 ) ;
#6193 = DIRECTION ( 'NONE',  ( -0.0000000000000000000, -0.0000000000000000000, -1.000000000000000000 ) ) ;
#6194 = LINE ( 'NONE', #5402, #6296 ) ;
#6195 = DIRECTION ( 'NONE',  ( -1.000000000000000000, 0.0000000000000000000, 0.0000000000000000000 ) ) ;
#6196 = CARTESIAN_POINT ( 'NONE',  ( -2.200000000000002000, 0.6025000000000000400, -0.4474999999999991200 ) ) ;
#6197 = CARTESIAN_POINT ( 'NONE',  ( -2.200000000000001500, 0.7475000000000001600, 2.397500000000000900 ) ) ;
#6198 = LINE ( 'NONE', #5243, #6298 ) ;
#6199 = EDGE_LOOP ( 'NONE', ( #30, #5222, #2852, #3658, #7432, #7241, #212, #5087, #1591, #4512, #4363, #1820 ) ) ;
#6200 = EDGE_CURVE ( 'NONE', #2667, #6028, #1643, .T. ) ;
#6201 = CIRCLE ( 'NONE', #3271, 0.2746982034251567700 ) ;
#6202 = CARTESIAN_POINT ( 'NONE',  ( -2.199999999999999700, 0.1500000000000002700, -2.378752990424916300 ) ) ;
#6203 = DIRECTION ( 'NONE',  ( 0.9975640502598247500, 0.06975647374411804400, -0.0000000000000000000 ) ) ;
#6204 = DIRECTION ( 'NONE',  ( -1.000000000000000000, 0.0000000000000000000, 0.0000000000000000000 ) ) ;
#6205 = FACE_OUTER_BOUND ( 'NONE', #1414, .T. ) ;
#6206 = ORIENTED_EDGE ( 'NONE', *, *, #1670, .F. ) ;
#6207 = DIRECTION ( 'NONE',  ( 1.000000000000000000, -4.734196693780292900E-016, 0.0000000000000000000 ) ) ;
#6208 = VERTEX_POINT ( 'NONE', #3631 ) ;
#6209 = AXIS2_PLACEMENT_3D ( 'NONE', #3089, #4226, #126 ) ;
#6210 = FACE_OUTER_BOUND ( 'NONE', #5989, .T. ) ;
#6211 = ORIENTED_EDGE ( 'NONE', *, *, #5069, .T. ) ;
#6212 = ADVANCED_FACE ( 'NONE', ( #3811 ), #6562, .F. ) ;
#6213 = DIRECTION ( 'NONE',  ( 0.06975647374411954300, -0.9975640502598246400, 0.0000000000000000000 ) ) ;
#6214 = LINE ( 'NONE', #5967, #5294 ) ;
#6215 = EDGE_CURVE ( 'NONE', #4579, #2691, #2461, .T. ) ;
#6216 = ORIENTED_EDGE ( 'NONE', *, *, #2352, .F. ) ;
#6217 = DIRECTION ( 'NONE',  ( -0.0000000000000000000, 1.000000000000000000, -0.0000000000000000000 ) ) ;
#6218 = EDGE_CURVE ( 'NONE', #1998, #1366, #560, .T. ) ;
#6219 = CARTESIAN_POINT ( 'NONE',  ( -2.429015024641861600, 0.4728017965748428400, -0.4474999999999991200 ) ) ;
#6220 = FACE_OUTER_BOUND ( 'NONE', #1495, .T. ) ;
#6221 = ORIENTED_EDGE ( 'NONE', *, *, #6798, .T. ) ;
#6222 = EDGE_LOOP ( 'NONE', ( #7179, #5804, #2531, #5319 ) ) ;
#6223 = VERTEX_POINT ( 'NONE', #5376 ) ;
#6224 = AXIS2_PLACEMENT_3D ( 'NONE', #4420, #2759, #3356 ) ;
#6225 = DIRECTION ( 'NONE',  ( 3.469446951953615700E-016, -0.0000000000000000000, 1.000000000000000000 ) ) ;
#6226 = CARTESIAN_POINT ( 'NONE',  ( 2.429015024641860700, 0.6025000000000000400, -0.8524999999999991500 ) ) ;
#6227 = AXIS2_PLACEMENT_3D ( 'NONE', #1566, #2094, #6710 ) ;
#6228 = DIRECTION ( 'NONE',  ( -0.0000000000000000000, -0.0000000000000000000, -1.000000000000000000 ) ) ;
#6229 = DIRECTION ( 'NONE',  ( -0.1736481776669299100, -0.9848077530122081300, 0.0000000000000000000 ) ) ;
#6230 = VECTOR ( 'NONE', #6350, 1000.000000000000000 ) ;
#6231 = VERTEX_POINT ( 'NONE', #4258 ) ;
#6232 = ORIENTED_EDGE ( 'NONE', *, *, #1354, .T. ) ;
#6233 = MANIFOLD_SOLID_BREP ( 'Boss-Extrude4[2]', #7513 ) ;
#6234 = DIRECTION ( 'NONE',  ( -0.0000000000000000000, 0.0000000000000000000, -1.000000000000000000 ) ) ;
#6235 = CARTESIAN_POINT ( 'NONE',  ( 2.870524920471618600, 0.2977008424331583100, -1.502499999999999100 ) ) ;
#6236 = VERTEX_POINT ( 'NONE', #4187 ) ;
#6237 = CARTESIAN_POINT ( 'NONE',  ( 2.742797124186769700, 0.2751789857617048500, 2.152500000000000700 ) ) ;
#6238 = LINE ( 'NONE', #3718, #4501 ) ;
#6239 = ORIENTED_EDGE ( 'NONE', *, *, #1816, .F. ) ;
#6240 = ORIENTED_EDGE ( 'NONE', *, *, #4062, .F. ) ;
#6241 = MECHANICAL_DESIGN_GEOMETRIC_PRESENTATION_REPRESENTATION (  '', ( #5139 ), #1799 ) ;
#6242 = ORIENTED_EDGE ( 'NONE', *, *, #5469, .F. ) ;
#6243 = EDGE_LOOP ( 'NONE', ( #4795, #7325, #2415, #2985 ) ) ;
#6244 = ORIENTED_EDGE ( 'NONE', *, *, #1525, .F. ) ;
#6245 = CARTESIAN_POINT ( 'NONE',  ( -3.189885311307104000, -3.382275553165428400E-020, 0.8525000000000008100 ) ) ;
#6246 = PLANE ( 'NONE',  #87 ) ;
#6247 = ORIENTED_EDGE ( 'NONE', *, *, #1690, .T. ) ;
#6248 = ORIENTED_EDGE ( 'NONE', *, *, #4438, .T. ) ;
#6249 = ORIENTED_EDGE ( 'NONE', *, *, #7278, .F. ) ;
#6250 = CARTESIAN_POINT ( 'NONE',  ( 2.556742820926710000, 0.4953236532462962400, 0.4475000000000008400 ) ) ;
#6251 = LINE ( 'NONE', #6026, #979 ) ;
#6252 = DIRECTION ( 'NONE',  ( 0.06975647374411675400, 0.9975640502598248600, -0.0000000000000000000 ) ) ;
#6253 = EDGE_CURVE ( 'NONE', #4762, #2469, #6650, .T. ) ;
#6254 = VERTEX_POINT ( 'NONE', #5505 ) ;
#6255 = VERTEX_POINT ( 'NONE', #3208 ) ;
#6256 = DIRECTION ( 'NONE',  ( -0.0000000000000000000, -0.0000000000000000000, -1.000000000000000000 ) ) ;
#6257 = DIRECTION ( 'NONE',  ( -0.0000000000000000000, -0.0000000000000000000, -1.000000000000000000 ) ) ;
#6258 = ADVANCED_FACE ( 'NONE', ( #462 ), #2270, .T. ) ;
#6259 = VECTOR ( 'NONE', #2791, 1000.000000000000000 ) ;
#6260 = AXIS2_PLACEMENT_3D ( 'NONE', #7423, #442, #4557 ) ;
#6261 = ORIENTED_EDGE ( 'NONE', *, *, #626, .F. ) ;
#6262 = DIRECTION ( 'NONE',  ( 1.000000000000000000, 0.0000000000000000000, 0.0000000000000000000 ) ) ;
#6263 = CARTESIAN_POINT ( 'NONE',  ( 0.0000000000000000000, 0.0000000000000000000, 0.0000000000000000000 ) ) ;
#6264 = EDGE_CURVE ( 'NONE', #4038, #5934, #2636, .T. ) ;
#6265 = EDGE_CURVE ( 'NONE', #6633, #1147, #649, .T. ) ;
#6266 = DIRECTION ( 'NONE',  ( -0.06975647374411675400, -0.9975640502598248600, 0.0000000000000000000 ) ) ;
#6267 = LINE ( 'NONE', #3175, #2250 ) ;
#6268 = VERTEX_POINT ( 'NONE', #1944 ) ;
#6269 = CARTESIAN_POINT ( 'NONE',  ( -2.200000000000002000, 0.6025000000000000400, -0.2024999999999991300 ) ) ;
#6270 = AXIS2_PLACEMENT_3D ( 'NONE', #17, #6380, #5817 ) ;
#6271 = CARTESIAN_POINT ( 'NONE',  ( 2.429015024641860700, 0.6025000000000000400, -0.2024999999999991300 ) ) ;
#6272 = DIRECTION ( 'NONE',  ( 1.000000000000000000, 0.0000000000000000000, 0.0000000000000000000 ) ) ;
#6273 = LINE ( 'NONE', #6446, #4901 ) ;
#6274 = EDGE_CURVE ( 'NONE', #1772, #2303, #5920, .T. ) ;
#6275 = DIRECTION ( 'NONE',  ( -0.0000000000000000000, -0.0000000000000000000, -1.000000000000000000 ) ) ;
#6276 = DIRECTION ( 'NONE',  ( -0.0000000000000000000, -0.0000000000000000000, -1.000000000000000000 ) ) ;
#6277 = CARTESIAN_POINT ( 'NONE',  ( 0.0000000000000000000, 1.199999999999999300, 0.0000000000000000000 ) ) ;
#6278 = CARTESIAN_POINT ( 'NONE',  ( -2.851362942456835600, 0.02367179002526185300, 2.397500000000000900 ) ) ;
#6279 = VECTOR ( 'NONE', #7180, 999.9999999999998900 ) ;
#6280 = ORIENTED_EDGE ( 'NONE', *, *, #7195, .F. ) ;
#6281 =( GEOMETRIC_REPRESENTATION_CONTEXT ( 3 ) GLOBAL_UNCERTAINTY_ASSIGNED_CONTEXT ( ( #4197 ) ) GLOBAL_UNIT_ASSIGNED_CONTEXT ( ( #5276, #4726, #1800 ) ) REPRESENTATION_CONTEXT ( 'NONE', 'WORKASPACE' ) );
#6282 = DIRECTION ( 'NONE',  ( 0.0000000000000000000, 0.0000000000000000000, 1.000000000000000000 ) ) ;
#6283 = PLANE ( 'NONE',  #3189 ) ;
#6284 = DIRECTION ( 'NONE',  ( -0.0000000000000000000, 1.000000000000000000, -0.0000000000000000000 ) ) ;
#6285 = LINE ( 'NONE', #2109, #4091 ) ;
#6286 = CIRCLE ( 'NONE', #7519, 0.1296982034251570600 ) ;
#6287 = VECTOR ( 'NONE', #4489, 1000.000000000000100 ) ;
#6288 = ORIENTED_EDGE ( 'NONE', *, *, #1951, .T. ) ;
#6289 = ADVANCED_FACE ( 'NONE', ( #5837 ), #3231, .F. ) ;
#6290 = CARTESIAN_POINT ( 'NONE',  ( 2.851362942456835200, 0.02367179002526185300, -0.8524999999999991500 ) ) ;
#6291 = DIRECTION ( 'NONE',  ( -0.0000000000000000000, -0.0000000000000000000, -1.000000000000000000 ) ) ;
#6292 = AXIS2_PLACEMENT_3D ( 'NONE', #5093, #6901, #1025 ) ;
#6293 = CARTESIAN_POINT ( 'NONE',  ( 2.200000000000001100, 0.6025000000000000400, -1.097499999999999000 ) ) ;
#6294 = DIRECTION ( 'NONE',  ( -0.0000000000000000000, -0.0000000000000000000, -1.000000000000000000 ) ) ;
#6295 = DIRECTION ( 'NONE',  ( 0.9975640502598246400, 0.06975647374411954300, -0.0000000000000000000 ) ) ;
#6296 = VECTOR ( 'NONE', #6588, 1000.000000000000100 ) ;
#6297 = DIRECTION ( 'NONE',  ( -1.000000000000000000, 0.0000000000000000000, 0.0000000000000000000 ) ) ;
#6298 = VECTOR ( 'NONE', #7045, 1000.000000000000100 ) ;
#6299 = ORIENTED_EDGE ( 'NONE', *, *, #2352, .T. ) ;
#6300 = ORIENTED_EDGE ( 'NONE', *, *, #5383, .F. ) ;
#6301 = DIRECTION ( 'NONE',  ( 0.0000000000000000000, 0.0000000000000000000, 1.000000000000000000 ) ) ;
#6302 = DIRECTION ( 'NONE',  ( 4.734196693780292900E-016, 1.000000000000000000, -0.0000000000000000000 ) ) ;
#6303 = DIRECTION ( 'NONE',  ( -0.0000000000000000000, -0.0000000000000000000, -1.000000000000000000 ) ) ;
#6304 = VECTOR ( 'NONE', #1804, 1000.000000000000000 ) ;
#6305 = CIRCLE ( 'NONE', #276, 0.2746982034251563800 ) ;
#6306 = ORIENTED_EDGE ( 'NONE', *, *, #720, .T. ) ;
#6307 = ORIENTED_EDGE ( 'NONE', *, *, #1563, .T. ) ;
#6308 = EDGE_CURVE ( 'NONE', #3078, #5463, #4360, .T. ) ;
#6309 = VECTOR ( 'NONE', #672, 1000.000000000000000 ) ;
#6310 = DIRECTION ( 'NONE',  ( -1.000000000000000000, 0.0000000000000000000, 0.0000000000000000000 ) ) ;
#6311 = CARTESIAN_POINT ( 'NONE',  ( -2.699539945113480900, 0.5205026390080010900, -2.397499999999999500 ) ) ;
#6312 = CARTESIAN_POINT ( 'NONE',  ( -2.699539945113480500, 0.5205026390080010900, 0.2025000000000008500 ) ) ;
#6313 = FACE_OUTER_BOUND ( 'NONE', #6856, .T. ) ;
#6314 = ORIENTED_EDGE ( 'NONE', *, *, #3715, .F. ) ;
#6315 = AXIS2_PLACEMENT_3D ( 'NONE', #2073, #6645, #6157 ) ;
#6316 = LINE ( 'NONE', #6290, #5015 ) ;
#6317 = CARTESIAN_POINT ( 'NONE',  ( 2.861477631149732700, 0.1683185773129357300, 0.2025000000000008500 ) ) ;
#6318 = EDGE_CURVE ( 'NONE', #5410, #581, #6927, .T. ) ;
#6319 = EDGE_CURVE ( 'NONE', #5003, #61, #5364, .T. ) ;
#6320 = CARTESIAN_POINT ( 'NONE',  ( -3.200000000000001100, 0.1446467872876738600, -0.2024999999999991300 ) ) ;
#6321 = ORIENTED_EDGE ( 'NONE', *, *, #5677, .F. ) ;
#6322 = VERTEX_POINT ( 'NONE', #2037 ) ;
#6323 = DIRECTION ( 'NONE',  ( 0.1736481776669299100, -0.9848077530122081300, 0.0000000000000000000 ) ) ;
#6324 = DIRECTION ( 'NONE',  ( 1.000000000000000000, 0.0000000000000000000, 0.0000000000000000000 ) ) ;
#6325 = ORIENTED_EDGE ( 'NONE', *, *, #561, .T. ) ;
#6326 = LINE ( 'NONE', #2713, #5860 ) ;
#6327 = DIRECTION ( 'NONE',  ( 3.787357355024234400E-015, -1.000000000000000000, 0.0000000000000000000 ) ) ;
#6328 =( NAMED_UNIT ( * ) SI_UNIT ( $, .STERADIAN. ) SOLID_ANGLE_UNIT ( ) );
#6329 = CARTESIAN_POINT ( 'NONE',  ( 2.699539945113480100, 0.5205026390080010900, 2.397500000000000900 ) ) ;
#6330 = ORIENTED_EDGE ( 'NONE', *, *, #3349, .F. ) ;
#6331 = ORIENTED_EDGE ( 'NONE', *, *, #4798, .T. ) ;
#6332 = PLANE ( 'NONE',  #778 ) ;
#6333 = ADVANCED_FACE ( 'NONE', ( #4552 ), #294, .T. ) ;
#6334 = VECTOR ( 'NONE', #2940, 1000.000000000000000 ) ;
#6335 = ORIENTED_EDGE ( 'NONE', *, *, #4882, .F. ) ;
#6336 = ORIENTED_EDGE ( 'NONE', *, *, #3995, .F. ) ;
#6337 = VERTEX_POINT ( 'NONE', #2559 ) ;
#6338 = EDGE_LOOP ( 'NONE', ( #4219, #2907, #3164, #157, #6915, #2588, #7209, #2708, #7334, #6116, #5534, #1230 ) ) ;
#6339 = CARTESIAN_POINT ( 'NONE',  ( 2.870524920471619000, 0.2977008424331583100, 1.097500000000000800 ) ) ;
#6340 = LINE ( 'NONE', #4858, #4786 ) ;
#6341 = ORIENTED_EDGE ( 'NONE', *, *, #1779, .F. ) ;
#6342 = VERTEX_POINT ( 'NONE', #5445 ) ;
#6343 = SURFACE_SIDE_STYLE ('',( #5669 ) ) ;
#6344 = CARTESIAN_POINT ( 'NONE',  ( -2.861477631149733600, 0.1683185773129357300, -0.8524999999999991500 ) ) ;
#6345 = VECTOR ( 'NONE', #5260, 1000.000000000000000 ) ;
#6346 = DIRECTION ( 'NONE',  ( -0.0000000000000000000, -0.0000000000000000000, -1.000000000000000000 ) ) ;
#6347 = EDGE_LOOP ( 'NONE', ( #3802, #2987, #3691, #7255 ) ) ;
#6348 = CARTESIAN_POINT ( 'NONE',  ( 2.699539945113480100, 0.5205026390080010900, 2.152500000000000700 ) ) ;
#6349 = CARTESIAN_POINT ( 'NONE',  ( 2.200000000000001500, 0.7475000000000001600, 2.152500000000000700 ) ) ;
#6350 = DIRECTION ( 'NONE',  ( -0.0000000000000000000, -0.0000000000000000000, -1.000000000000000000 ) ) ;
#6351 = EDGE_CURVE ( 'NONE', #1433, #3077, #7478, .T. ) ;
#6352 = VECTOR ( 'NONE', #5296, 1000.000000000000000 ) ;
#6353 = ORIENTED_EDGE ( 'NONE', *, *, #1216, .T. ) ;
#6354 = AXIS2_PLACEMENT_3D ( 'NONE', #6014, #4774, #5335 ) ;
#6355 = CARTESIAN_POINT ( 'NONE',  ( -2.556742820926711300, 0.4953236532462962400, -1.502499999999999100 ) ) ;
#6356 = LINE ( 'NONE', #3421, #5431 ) ;
#6357 = EDGE_LOOP ( 'NONE', ( #1345, #21, #2946, #860 ) ) ;
#6358 = EDGE_CURVE ( 'NONE', #4321, #134, #7206, .T. ) ;
#6359 = CARTESIAN_POINT ( 'NONE',  ( -2.851362942456836100, 0.02367179002526185300, -0.8524999999999991500 ) ) ;
#6360 = EDGE_CURVE ( 'NONE', #5231, #1473, #5738, .T. ) ;
#6361 = FACE_OUTER_BOUND ( 'NONE', #2438, .T. ) ;
#6362 = ADVANCED_FACE ( 'NONE', ( #1011 ), #903, .F. ) ;
#6363 = CARTESIAN_POINT ( 'NONE',  ( -2.861477631149733600, 0.1683185773129357900, 0.4475000000000008400 ) ) ;
#6364 = CARTESIAN_POINT ( 'NONE',  ( 2.429015024641861100, 0.4728017965748428400, 1.747500000000000700 ) ) ;
#6365 = LINE ( 'NONE', #4028, #5819 ) ;
#6366 = ORIENTED_EDGE ( 'NONE', *, *, #5916, .F. ) ;
#6367 = DIRECTION ( 'NONE',  ( -1.000000000000000000, 0.0000000000000000000, 0.0000000000000000000 ) ) ;
#6368 = PLANE ( 'NONE',  #1347 ) ;
#6369 = CARTESIAN_POINT ( 'NONE',  ( -1.570720790471951100, 1.199999999999999300, -1.846785749842945600 ) ) ;
#6370 = AXIS2_PLACEMENT_3D ( 'NONE', #2435, #6589, #1918 ) ;
#6371 = EDGE_CURVE ( 'NONE', #4788, #4875, #2183, .T. ) ;
#6372 = AXIS2_PLACEMENT_3D ( 'NONE', #1897, #5979, #3147 ) ;
#6373 = LINE ( 'NONE', #6775, #3722 ) ;
#6374 = DIRECTION ( 'NONE',  ( -1.000000000000000000, 0.0000000000000000000, 0.0000000000000000000 ) ) ;
#6375 = DIRECTION ( 'NONE',  ( -0.0000000000000000000, -0.0000000000000000000, -1.000000000000000000 ) ) ;
#6376 = VERTEX_POINT ( 'NONE', #1988 ) ;
#6377 = LINE ( 'NONE', #7321, #7298 ) ;
#6378 = FILL_AREA_STYLE_COLOUR ( '', #191 ) ;
#6379 = DIRECTION ( 'NONE',  ( 1.000000000000000000, 0.0000000000000000000, -0.0000000000000000000 ) ) ;
#6380 = DIRECTION ( 'NONE',  ( -0.9659258262890680900, -0.2588190451025213500, 1.675614206915941800E-016 ) ) ;
#6381 = DIRECTION ( 'NONE',  ( 0.9975640502598247500, 0.06975647374411804400, -0.0000000000000000000 ) ) ;
#6382 = LINE ( 'NONE', #2215, #5643 ) ;
#6383 = DIRECTION ( 'NONE',  ( 1.000000000000000000, 4.734196693780292900E-016, -0.0000000000000000000 ) ) ;
#6384 = EDGE_LOOP ( 'NONE', ( #7238, #3805, #3521, #3738 ) ) ;
#6385 = AXIS2_PLACEMENT_3D ( 'NONE', #2817, #5434, #7387 ) ;
#6386 = DIRECTION ( 'NONE',  ( 0.0000000000000000000, 0.0000000000000000000, 1.000000000000000000 ) ) ;
#6387 = CARTESIAN_POINT ( 'NONE',  ( -2.861477631149733600, 0.1683185773129357300, 0.8525000000000008100 ) ) ;
#6388 = CIRCLE ( 'NONE', #3485, 0.2746982034251563800 ) ;
#6389 = ORIENTED_EDGE ( 'NONE', *, *, #4351, .F. ) ;
#6390 = CARTESIAN_POINT ( 'NONE',  ( -2.200000000000002400, 0.6025000000000000400, -1.502499999999999100 ) ) ;
#6391 = VECTOR ( 'NONE', #2178, 1000.000000000000000 ) ;
#6392 = CARTESIAN_POINT ( 'NONE',  ( -2.699539945113480500, 0.5205026390080010900, -0.2024999999999991300 ) ) ;
#6393 = VECTOR ( 'NONE', #7353, 1000.000000000000000 ) ;
#6394 = ORIENTED_EDGE ( 'NONE', *, *, #3967, .F. ) ;
#6395 = ORIENTED_EDGE ( 'NONE', *, *, #2008, .F. ) ;
#6396 = DIRECTION ( 'NONE',  ( -0.1736481776669299100, -0.9848077530122081300, 0.0000000000000000000 ) ) ;
#6397 = EDGE_CURVE ( 'NONE', #513, #2511, #3724, .T. ) ;
#6398 = DIRECTION ( 'NONE',  ( -0.0000000000000000000, -1.000000000000000000, -0.0000000000000000000 ) ) ;
#6399 = VECTOR ( 'NONE', #4243, 1000.000000000000000 ) ;
#6400 = LINE ( 'NONE', #2302, #4845 ) ;
#6401 = VERTEX_POINT ( 'NONE', #988 ) ;
#6402 = CARTESIAN_POINT ( 'NONE',  ( -1.570720790471951100, 1.099999999999999200, -1.846785749842945600 ) ) ;
#6403 = DIRECTION ( 'NONE',  ( 0.0000000000000000000, 0.0000000000000000000, 1.000000000000000000 ) ) ;
#6404 = CARTESIAN_POINT ( 'NONE',  ( -2.199999999999999700, 0.7475000000000001600, -2.499999999999999600 ) ) ;
#6405 = EDGE_CURVE ( 'NONE', #5888, #1508, #5647, .T. ) ;
#6406 = CIRCLE ( 'NONE', #5500, 0.1296982034251570600 ) ;
#6407 = ADVANCED_FACE ( 'NONE', ( #3378 ), #7110, .F. ) ;
#6408 = ORIENTED_EDGE ( 'NONE', *, *, #1830, .F. ) ;
#6409 = EDGE_CURVE ( 'NONE', #4381, #3520, #4737, .T. ) ;
#6410 = EDGE_LOOP ( 'NONE', ( #3749, #5415, #6953, #259 ) ) ;
#6411 = EDGE_CURVE ( 'NONE', #4047, #6040, #742, .T. ) ;
#6412 = DIRECTION ( 'NONE',  ( 0.0000000000000000000, 0.0000000000000000000, 1.000000000000000000 ) ) ;
#6413 = DIRECTION ( 'NONE',  ( -0.9975640502598247500, 0.06975647374411804400, 0.0000000000000000000 ) ) ;
#6414 = VECTOR ( 'NONE', #5689, 1000.000000000000000 ) ;
#6415 = PLANE ( 'NONE',  #3923 ) ;
#6416 = ADVANCED_FACE ( 'NONE', ( #1637 ), #2683, .F. ) ;
#6417 = VERTEX_POINT ( 'NONE', #2775 ) ;
#6418 = VERTEX_POINT ( 'NONE', #1587 ) ;
#6419 = AXIS2_PLACEMENT_3D ( 'NONE', #5978, #6076, #2582 ) ;
#6420 = CARTESIAN_POINT ( 'NONE',  ( 2.200000000000001500, 0.7475000000000001600, 1.747500000000000700 ) ) ;
#6421 = EDGE_CURVE ( 'NONE', #872, #4880, #5543, .T. ) ;
#6422 = EDGE_CURVE ( 'NONE', #3731, #993, #3803, .T. ) ;
#6423 = CARTESIAN_POINT ( 'NONE',  ( 3.199999999999999700, 0.1446467872876735000, -0.2024999999999991300 ) ) ;
#6424 = VERTEX_POINT ( 'NONE', #7378 ) ;
#6425 = PLANE ( 'NONE',  #6694 ) ;
#6426 = VERTEX_POINT ( 'NONE', #7358 ) ;
#6427 = ORIENTED_EDGE ( 'NONE', *, *, #1296, .T. ) ;
#6428 = DIRECTION ( 'NONE',  ( 0.0000000000000000000, 0.0000000000000000000, 1.000000000000000000 ) ) ;
#6429 = CARTESIAN_POINT ( 'NONE',  ( 2.199999999999999700, 0.7475000000000001600, -2.500000000000000400 ) ) ;
#6430 = FACE_OUTER_BOUND ( 'NONE', #4241, .T. ) ;
#6431 = ORIENTED_EDGE ( 'NONE', *, *, #4205, .F. ) ;
#6432 = DIRECTION ( 'NONE',  ( 1.000000000000000000, 0.0000000000000000000, 0.0000000000000000000 ) ) ;
#6433 = CARTESIAN_POINT ( 'NONE',  ( 2.699539945113480100, 0.5205026390080010900, 1.747500000000000700 ) ) ;
#6434 = STYLED_ITEM ( 'NONE', ( #5566 ), #5495 ) ;
#6435 = ORIENTED_EDGE ( 'NONE', *, *, #6274, .T. ) ;
#6436 = ORIENTED_EDGE ( 'NONE', *, *, #7548, .F. ) ;
#6437 = FACE_OUTER_BOUND ( 'NONE', #508, .T. ) ;
#6438 = ORIENTED_EDGE ( 'NONE', *, *, #814, .F. ) ;
#6439 = ORIENTED_EDGE ( 'NONE', *, *, #2055, .T. ) ;
#6440 = DIRECTION ( 'NONE',  ( 0.06975647374411675400, 0.9975640502598248600, -0.0000000000000000000 ) ) ;
#6441 = DIRECTION ( 'NONE',  ( -0.0000000000000000000, -0.0000000000000000000, -1.000000000000000000 ) ) ;
#6442 = AXIS2_PLACEMENT_3D ( 'NONE', #942, #2021, #6131 ) ;
#6443 = VECTOR ( 'NONE', #4814, 1000.000000000000000 ) ;
#6444 = ORIENTED_EDGE ( 'NONE', *, *, #2702, .F. ) ;
#6445 = ADVANCED_FACE ( 'NONE', ( #3028 ), #5549, .T. ) ;
#6446 = CARTESIAN_POINT ( 'NONE',  ( 2.699539945113479200, 0.5205026390080010900, -2.152499999999999400 ) ) ;
#6447 = CARTESIAN_POINT ( 'NONE',  ( -2.199999999999998800, 0.7475000000000001600, 2.500000000000000000 ) ) ;
#6448 = DIRECTION ( 'NONE',  ( -0.0000000000000000000, -0.0000000000000000000, -1.000000000000000000 ) ) ;
#6449 = CIRCLE ( 'NONE', #4297, 0.1296982034251570600 ) ;
#6450 = ORIENTED_EDGE ( 'NONE', *, *, #2452, .T. ) ;
#6451 = EDGE_CURVE ( 'NONE', #7552, #6022, #7024, .T. ) ;
#6452 = CARTESIAN_POINT ( 'NONE',  ( 2.699539945113479600, 0.5205026390080010900, -0.4474999999999991200 ) ) ;
#6453 = DIRECTION ( 'NONE',  ( 1.000000000000000000, 0.0000000000000000000, 0.0000000000000000000 ) ) ;
#6454 = PLANE ( 'NONE',  #2989 ) ;
#6455 = ADVANCED_FACE ( 'NONE', ( #6006 ), #367, .F. ) ;
#6456 = EDGE_CURVE ( 'NONE', #1398, #7143, #5273, .T. ) ;
#6457 = DIRECTION ( 'NONE',  ( -1.000000000000000000, 0.0000000000000000000, 0.0000000000000000000 ) ) ;
#6458 = VECTOR ( 'NONE', #2444, 1000.000000000000000 ) ;
#6459 = VECTOR ( 'NONE', #6284, 1000.000000000000000 ) ;
#6460 = AXIS2_PLACEMENT_3D ( 'NONE', #5032, #1554, #5636 ) ;
#6461 = CARTESIAN_POINT ( 'NONE',  ( -2.429015024641861600, 0.4728017965748428400, 1.097500000000000800 ) ) ;
#6462 = CARTESIAN_POINT ( 'NONE',  ( -2.851362942456835600, 0.02367179002526185300, 1.747500000000000700 ) ) ;
#6463 = DIRECTION ( 'NONE',  ( -0.0000000000000000000, -0.0000000000000000000, -1.000000000000000000 ) ) ;
#6464 = CIRCLE ( 'NONE', #5475, 0.1296982034251570600 ) ;
#6465 = PLANE ( 'NONE',  #5184 ) ;
#6466 = EDGE_CURVE ( 'NONE', #1433, #6580, #4911, .T. ) ;
#6467 = ORIENTED_EDGE ( 'NONE', *, *, #1525, .T. ) ;
#6468 = EDGE_CURVE ( 'NONE', #750, #4967, #1101, .T. ) ;
#6469 = CARTESIAN_POINT ( 'NONE',  ( 2.699539945113480100, 0.5205026390080010900, 1.502500000000000800 ) ) ;
#6470 = VECTOR ( 'NONE', #679, 1000.000000000000000 ) ;
#6471 = DIRECTION ( 'NONE',  ( 0.1736481776669299100, 0.9848077530122081300, 0.0000000000000000000 ) ) ;
#6472 = FACE_OUTER_BOUND ( 'NONE', #2867, .T. ) ;
#6473 = PLANE ( 'NONE',  #3750 ) ;
#6474 = DIRECTION ( 'NONE',  ( -1.000000000000000000, 4.260777024402263800E-015, -0.0000000000000000000 ) ) ;
#6475 = VECTOR ( 'NONE', #6072, 1000.000000000000000 ) ;
#6476 = AXIS2_PLACEMENT_3D ( 'NONE', #5941, #5392, #761 ) ;
#6477 = CYLINDRICAL_SURFACE ( 'NONE', #1910, 0.1296982034251575000 ) ;
#6478 = ORIENTED_EDGE ( 'NONE', *, *, #4690, .T. ) ;
#6479 = PLANE ( 'NONE',  #120 ) ;
#6480 = DIRECTION ( 'NONE',  ( 0.0000000000000000000, 0.0000000000000000000, 1.000000000000000000 ) ) ;
#6481 = DIRECTION ( 'NONE',  ( 0.9975640502598247500, 0.06975647374411821100, 0.0000000000000000000 ) ) ;
#6482 = PLANE ( 'NONE',  #6560 ) ;
#6483 = CARTESIAN_POINT ( 'NONE',  ( -3.189885311307104000, -3.382275553165428400E-020, -0.8524999999999991500 ) ) ;
#6484 = ADVANCED_FACE ( 'NONE', ( #4186 ), #3812, .F. ) ;
#6485 = VECTOR ( 'NONE', #4156, 1000.000000000000100 ) ;
#6486 = ORIENTED_EDGE ( 'NONE', *, *, #6566, .T. ) ;
#6487 = ORIENTED_EDGE ( 'NONE', *, *, #6745, .T. ) ;
#6488 = AXIS2_PLACEMENT_3D ( 'NONE', #1012, #4490, #3867 ) ;
#6489 = VECTOR ( 'NONE', #5360, 1000.000000000000000 ) ;
#6490 = DIRECTION ( 'NONE',  ( -0.0000000000000000000, -0.0000000000000000000, -1.000000000000000000 ) ) ;
#6491 = LINE ( 'NONE', #1150, #7497 ) ;
#6492 = DIRECTION ( 'NONE',  ( -0.0000000000000000000, -0.0000000000000000000, -1.000000000000000000 ) ) ;
#6493 = ORIENTED_EDGE ( 'NONE', *, *, #6422, .F. ) ;
#6494 = UNCERTAINTY_MEASURE_WITH_UNIT (LENGTH_MEASURE( 1.000000000000000100E-005 ), #7072, 'distance_accuracy_value', 'NONE');
#6495 = ORIENTED_EDGE ( 'NONE', *, *, #7539, .T. ) ;
#6496 = ADVANCED_FACE ( 'NONE', ( #2736 ), #3905, .F. ) ;
#6497 = VECTOR ( 'NONE', #6908, 1000.000000000000000 ) ;
#6498 =( NAMED_UNIT ( * ) SI_UNIT ( $, .STERADIAN. ) SOLID_ANGLE_UNIT ( ) );
#6499 = DIRECTION ( 'NONE',  ( -0.9975640502598247500, 0.06975647374411925200, -0.0000000000000000000 ) ) ;
#6500 = FACE_OUTER_BOUND ( 'NONE', #1257, .T. ) ;
#6501 = VERTEX_POINT ( 'NONE', #6349 ) ;
#6502 = DIRECTION ( 'NONE',  ( -1.000000000000000000, 0.0000000000000000000, 0.0000000000000000000 ) ) ;
#6503 = DIRECTION ( 'NONE',  ( -0.0000000000000000000, -0.0000000000000000000, -1.000000000000000000 ) ) ;
#6504 = EDGE_CURVE ( 'NONE', #91, #6028, #3992, .T. ) ;
#6505 = VECTOR ( 'NONE', #1983, 1000.000000000000000 ) ;
#6506 = DIRECTION ( 'NONE',  ( -1.000000000000000000, 0.0000000000000000000, 0.0000000000000000000 ) ) ;
#6507 = CARTESIAN_POINT ( 'NONE',  ( -2.851362942456836100, 0.02367179002526185300, 0.4475000000000008400 ) ) ;
#6508 = PLANE ( 'NONE',  #2933 ) ;
#6509 = ORIENTED_EDGE ( 'NONE', *, *, #7501, .F. ) ;
#6510 = ORIENTED_EDGE ( 'NONE', *, *, #2113, .T. ) ;
#6511 = CARTESIAN_POINT ( 'NONE',  ( -2.200000000000001500, 0.7475000000000001600, 2.397500000000000900 ) ) ;
#6512 = ORIENTED_EDGE ( 'NONE', *, *, #5632, .T. ) ;
#6513 = LINE ( 'NONE', #3666, #1573 ) ;
#6514 = EDGE_CURVE ( 'NONE', #3430, #6322, #2552, .T. ) ;
#6515 = EDGE_CURVE ( 'NONE', #5433, #1152, #5451, .T. ) ;
#6516 = EDGE_LOOP ( 'NONE', ( #3341, #3547, #2031, #3591 ) ) ;
#6517 = ORIENTED_EDGE ( 'NONE', *, *, #6468, .F. ) ;
#6518 = CARTESIAN_POINT ( 'NONE',  ( 2.870524920471619400, 0.2977008424331583100, 1.502500000000000800 ) ) ;
#6519 = CARTESIAN_POINT ( 'NONE',  ( 3.189885311307102600, -3.382275553165428400E-020, -2.397499999999999500 ) ) ;
#6520 = DIRECTION ( 'NONE',  ( -1.000000000000000000, 0.0000000000000000000, 0.0000000000000000000 ) ) ;
#6521 = VECTOR ( 'NONE', #2179, 1000.000000000000000 ) ;
#6522 = AXIS2_PLACEMENT_3D ( 'NONE', #6402, #6965, #4051 ) ;
#6523 = VERTEX_POINT ( 'NONE', #5711 ) ;
#6524 = ORIENTED_EDGE ( 'NONE', *, *, #3921, .T. ) ;
#6525 = ORIENTED_EDGE ( 'NONE', *, *, #358, .F. ) ;
#6526 = ORIENTED_EDGE ( 'NONE', *, *, #3843, .T. ) ;
#6527 = AXIS2_PLACEMENT_3D ( 'NONE', #5253, #7027, #6413 ) ;
#6528 = ADVANCED_FACE ( 'NONE', ( #2453 ), #1611, .F. ) ;
#6529 = CARTESIAN_POINT ( 'NONE',  ( -2.199999999999998800, 0.7475000000000001600, 2.500000000000000000 ) ) ;
#6530 = EDGE_CURVE ( 'NONE', #7311, #872, #2936, .T. ) ;
#6531 = DIRECTION ( 'NONE',  ( 0.0000000000000000000, 0.0000000000000000000, 1.000000000000000000 ) ) ;
#6532 =( NAMED_UNIT ( * ) SI_UNIT ( $, .STERADIAN. ) SOLID_ANGLE_UNIT ( ) );
#6533 = CLOSED_SHELL ( 'NONE', ( #3060, #2909, #3249, #4767, #4796, #4681, #4877, #1471, #2699, #6992, #1332, #1510, #3023, #6333 ) ) ;
#6534 = ORIENTED_EDGE ( 'NONE', *, *, #3302, .T. ) ;
#6535 = DIRECTION ( 'NONE',  ( -0.0000000000000000000, -0.0000000000000000000, -1.000000000000000000 ) ) ;
#6536 = ADVANCED_FACE ( 'NONE', ( #1992 ), #6097, .F. ) ;
#6537 = AXIS2_PLACEMENT_3D ( 'NONE', #892, #2619, #1514 ) ;
#6538 = VECTOR ( 'NONE', #5412, 1000.000000000000000 ) ;
#6539 = ORIENTED_EDGE ( 'NONE', *, *, #1249, .T. ) ;
#6540 = ORIENTED_EDGE ( 'NONE', *, *, #3113, .F. ) ;
#6541 = DIRECTION ( 'NONE',  ( -1.000000000000000000, 0.0000000000000000000, 0.0000000000000000000 ) ) ;
#6542 = LINE ( 'NONE', #3572, #4966 ) ;
#6543 = DIRECTION ( 'NONE',  ( 0.0000000000000000000, 0.0000000000000000000, 1.000000000000000000 ) ) ;
#6544 = VERTEX_POINT ( 'NONE', #2195 ) ;
#6545 = CARTESIAN_POINT ( 'NONE',  ( 3.189885311307103100, -3.382275553165428400E-020, -0.4474999999999991200 ) ) ;
#6546 = AXIS2_PLACEMENT_3D ( 'NONE', #6263, #401, #1567 ) ;
#6547 = VECTOR ( 'NONE', #1102, 1000.000000000000000 ) ;
#6548 = PLANE ( 'NONE',  #3934 ) ;
#6549 = EDGE_LOOP ( 'NONE', ( #3757, #4887, #5049, #2520 ) ) ;
#6550 = DIRECTION ( 'NONE',  ( 0.1736481776669299100, 0.9848077530122081300, -0.0000000000000000000 ) ) ;
#6551 = PLANE ( 'NONE',  #1892 ) ;
#6552 = FACE_OUTER_BOUND ( 'NONE', #2587, .T. ) ;
#6553 = VECTOR ( 'NONE', #5620, 1000.000000000000000 ) ;
#6554 = DIRECTION ( 'NONE',  ( 0.1736481776669299100, -0.9848077530122081300, 0.0000000000000000000 ) ) ;
#6555 = EDGE_CURVE ( 'NONE', #6578, #3642, #6286, .T. ) ;
#6556 = ADVANCED_FACE ( 'NONE', ( #3201, #1449 ), #504, .T. ) ;
#6557 = LINE ( 'NONE', #5603, #3461 ) ;
#6558 = VERTEX_POINT ( 'NONE', #1118 ) ;
#6559 = VECTOR ( 'NONE', #2878, 999.9999999999998900 ) ;
#6560 = AXIS2_PLACEMENT_3D ( 'NONE', #4792, #3647, #4817 ) ;
#6561 = DIRECTION ( 'NONE',  ( 0.1736481776669299100, -0.9848077530122081300, 0.0000000000000000000 ) ) ;
#6562 = PLANE ( 'NONE',  #7569 ) ;
#6563 = CARTESIAN_POINT ( 'NONE',  ( -2.429015024641862000, 0.4728017965748428400, -1.747499999999999200 ) ) ;
#6564 = LINE ( 'NONE', #5528, #4362 ) ;
#6565 = CARTESIAN_POINT ( 'NONE',  ( 2.556742820926710500, 0.4953236532462962400, 2.152500000000000700 ) ) ;
#6566 = EDGE_CURVE ( 'NONE', #4691, #6830, #3464, .T. ) ;
#6567 = EDGE_CURVE ( 'NONE', #869, #6187, #5168, .T. ) ;
#6568 = ADVANCED_FACE ( 'NONE', ( #96 ), #4, .F. ) ;
#6569 = VECTOR ( 'NONE', #1894, 1000.000000000000000 ) ;
#6570 = FACE_OUTER_BOUND ( 'NONE', #2095, .T. ) ;
#6571 = VECTOR ( 'NONE', #5913, 1000.000000000000000 ) ;
#6572 = ORIENTED_EDGE ( 'NONE', *, *, #1431, .F. ) ;
#6573 = DIRECTION ( 'NONE',  ( 0.0000000000000000000, 0.0000000000000000000, 1.000000000000000000 ) ) ;
#6574 = CARTESIAN_POINT ( 'NONE',  ( 3.199999999999999700, 0.1446467872876735000, -1.097499999999999000 ) ) ;
#6575 = AXIS2_PLACEMENT_3D ( 'NONE', #1650, #2285, #5172 ) ;
#6576 = CYLINDRICAL_SURFACE ( 'NONE', #1698, 0.1296982034251575000 ) ;
#6577 = FACE_OUTER_BOUND ( 'NONE', #1596, .T. ) ;
#6578 = VERTEX_POINT ( 'NONE', #2297 ) ;
#6579 = CARTESIAN_POINT ( 'NONE',  ( 2.742797124186769700, 0.2751789857617048500, 1.747500000000000700 ) ) ;
#6580 = VERTEX_POINT ( 'NONE', #4278 ) ;
#6581 = DIRECTION ( 'NONE',  ( -0.0000000000000000000, -0.0000000000000000000, -1.000000000000000000 ) ) ;
#6582 = VECTOR ( 'NONE', #6225, 1000.000000000000000 ) ;
#6583 = FACE_OUTER_BOUND ( 'NONE', #4407, .T. ) ;
#6584 = ORIENTED_EDGE ( 'NONE', *, *, #7092, .T. ) ;
#6585 = MANIFOLD_SOLID_BREP ( 'LPattern1[3]', #6875 ) ;
#6586 = AXIS2_PLACEMENT_3D ( 'NONE', #5457, #5387, #213 ) ;
#6587 = DIRECTION ( 'NONE',  ( 0.0000000000000000000, 0.0000000000000000000, 1.000000000000000000 ) ) ;
#6588 = DIRECTION ( 'NONE',  ( 0.1736481776669299100, 0.9848077530122081300, -0.0000000000000000000 ) ) ;
#6589 = DIRECTION ( 'NONE',  ( -0.0000000000000000000, -0.0000000000000000000, -1.000000000000000000 ) ) ;
#6590 = CARTESIAN_POINT ( 'NONE',  ( -2.556742820926710900, 0.4953236532462962400, -0.2024999999999991300 ) ) ;
#6591 = VECTOR ( 'NONE', #2700, 1000.000000000000000 ) ;
#6592 = VERTEX_POINT ( 'NONE', #1714 ) ;
#6593 = ORIENTED_EDGE ( 'NONE', *, *, #1307, .T. ) ;
#6594 = FACE_OUTER_BOUND ( 'NONE', #6222, .T. ) ;
#6595 = DIRECTION ( 'NONE',  ( -0.0000000000000000000, -0.0000000000000000000, -1.000000000000000000 ) ) ;
#6596 = CARTESIAN_POINT ( 'NONE',  ( 2.861477631149732700, 0.1683185773129357300, 0.4475000000000008400 ) ) ;
#6597 = VERTEX_POINT ( 'NONE', #2958 ) ;
#6598 = EDGE_CURVE ( 'NONE', #5857, #1811, #3285, .T. ) ;
#6599 = EDGE_LOOP ( 'NONE', ( #1153, #2803, #7441, #5353 ) ) ;
#6600 = LINE ( 'NONE', #3209, #3594 ) ;
#6601 = ADVANCED_FACE ( 'NONE', ( #5178 ), #6454, .T. ) ;
#6602 = VERTEX_POINT ( 'NONE', #2533 ) ;
#6603 = ORIENTED_EDGE ( 'NONE', *, *, #5827, .T. ) ;
#6604 = ORIENTED_EDGE ( 'NONE', *, *, #3589, .T. ) ;
#6605 = EDGE_LOOP ( 'NONE', ( #4746, #3161, #3815, #6046 ) ) ;
#6606 = PRESENTATION_LAYER_ASSIGNMENT (  '', '', ( #2719 ) ) ;
#6607 = SURFACE_SIDE_STYLE ('',( #2643 ) ) ;
#6608 = EDGE_CURVE ( 'NONE', #3672, #142, #6189, .T. ) ;
#6609 = EDGE_CURVE ( 'NONE', #281, #1642, #916, .T. ) ;
#6610 = CYLINDRICAL_SURFACE ( 'NONE', #6227, 0.2746982034251567700 ) ;
#6611 = EDGE_CURVE ( 'NONE', #1147, #2009, #6008, .T. ) ;
#6612 = DIRECTION ( 'NONE',  ( 0.1736481776669299100, -0.9848077530122081300, 0.0000000000000000000 ) ) ;
#6613 = ORIENTED_EDGE ( 'NONE', *, *, #456, .T. ) ;
#6614 = DIRECTION ( 'NONE',  ( -0.0000000000000000000, -0.0000000000000000000, -1.000000000000000000 ) ) ;
#6615 = DIRECTION ( 'NONE',  ( -0.0000000000000000000, -0.0000000000000000000, -1.000000000000000000 ) ) ;
#6616 = ORIENTED_EDGE ( 'NONE', *, *, #5469, .T. ) ;
#6617 = EDGE_LOOP ( 'NONE', ( #6948, #2106, #2463, #6439 ) ) ;
#6618 = AXIS2_PLACEMENT_3D ( 'NONE', #230, #3121, #1972 ) ;
#6619 = CYLINDRICAL_SURFACE ( 'NONE', #5614, 0.2746982034251563800 ) ;
#6620 = VERTEX_POINT ( 'NONE', #1938 ) ;
#6621 = EDGE_LOOP ( 'NONE', ( #6786, #2487, #3403, #2164 ) ) ;
#6622 = AXIS2_PLACEMENT_3D ( 'NONE', #3443, #459, #3417 ) ;
#6623 = DIRECTION ( 'NONE',  ( -0.0000000000000000000, -0.0000000000000000000, -1.000000000000000000 ) ) ;
#6624 = VECTOR ( 'NONE', #3088, 1000.000000000000000 ) ;
#6625 = ORIENTED_EDGE ( 'NONE', *, *, #5423, .T. ) ;
#6626 = CARTESIAN_POINT ( 'NONE',  ( 2.851362942456835600, 0.02367179002526185300, 2.397500000000000900 ) ) ;
#6627 = VERTEX_POINT ( 'NONE', #3503 ) ;
#6628 = AXIS2_PLACEMENT_3D ( 'NONE', #6277, #4567, #6941 ) ;
#6629 = CARTESIAN_POINT ( 'NONE',  ( -3.200000000000001500, 0.1446467872876738600, -1.747499999999999200 ) ) ;
#6630 = MANIFOLD_SOLID_BREP ( 'LPattern1[7]', #4860 ) ;
#6631 = CYLINDRICAL_SURFACE ( 'NONE', #3287, 0.1296982034251575000 ) ;
#6632 = ORIENTED_EDGE ( 'NONE', *, *, #6698, .T. ) ;
#6633 = VERTEX_POINT ( 'NONE', #6429 ) ;
#6634 = CARTESIAN_POINT ( 'NONE',  ( -2.200000000000001500, 0.6025000000000000400, 2.397500000000000900 ) ) ;
#6635 = DIRECTION ( 'NONE',  ( -1.000000000000000000, 0.0000000000000000000, 0.0000000000000000000 ) ) ;
#6636 = DIRECTION ( 'NONE',  ( -1.000000000000000000, 0.0000000000000000000, 0.0000000000000000000 ) ) ;
#6637 = CIRCLE ( 'NONE', #4659, 0.1296982034251575000 ) ;
#6638 = CARTESIAN_POINT ( 'NONE',  ( 2.600000000000000100, 0.2500000000000001100, 0.2025000000000008500 ) ) ;
#6639 = LINE ( 'NONE', #887, #4634 ) ;
#6640 = ADVANCED_FACE ( 'NONE', ( #6935 ), #794, .F. ) ;
#6641 = EDGE_CURVE ( 'NONE', #2670, #688, #2086, .T. ) ;
#6642 = CARTESIAN_POINT ( 'NONE',  ( -3.200000000000001500, 0.1446467872876738600, -1.502499999999999100 ) ) ;
#6643 = CARTESIAN_POINT ( 'NONE',  ( 2.699539945113480100, 0.5205026390080010900, 2.397500000000000900 ) ) ;
#6644 = EDGE_LOOP ( 'NONE', ( #1439, #5019, #2844, #5232 ) ) ;
#6645 = DIRECTION ( 'NONE',  ( 3.787357355024234400E-015, -1.000000000000000000, 0.0000000000000000000 ) ) ;
#6646 = VECTOR ( 'NONE', #5731, 1000.000000000000100 ) ;
#6647 = AXIS2_PLACEMENT_3D ( 'NONE', #1838, #4722, #7089 ) ;
#6648 = LINE ( 'NONE', #3427, #1991 ) ;
#6649 = EDGE_CURVE ( 'NONE', #4487, #5870, #562, .T. ) ;
#6650 = CIRCLE ( 'NONE', #7121, 0.2746982034251567700 ) ;
#6651 = EDGE_CURVE ( 'NONE', #4038, #4600, #1538, .T. ) ;
#6652 = VECTOR ( 'NONE', #3117, 1000.000000000000000 ) ;
#6653 = ORIENTED_EDGE ( 'NONE', *, *, #1054, .F. ) ;
#6654 = AXIS2_PLACEMENT_3D ( 'NONE', #6364, #5806, #128 ) ;
#6655 = VECTOR ( 'NONE', #167, 1000.000000000000000 ) ;
#6656 = CARTESIAN_POINT ( 'NONE',  ( -2.199999999999999700, 0.6025000000000000400, -2.499999999999999600 ) ) ;
#6657 = FACE_OUTER_BOUND ( 'NONE', #4689, .T. ) ;
#6658 = SURFACE_SIDE_STYLE ('',( #3919 ) ) ;
#6659 = ORIENTED_EDGE ( 'NONE', *, *, #6158, .T. ) ;
#6660 = EDGE_CURVE ( 'NONE', #1068, #3672, #6001, .T. ) ;
#6661 = EDGE_LOOP ( 'NONE', ( #6539, #4836, #1064, #6435 ) ) ;
#6662 = AXIS2_PLACEMENT_3D ( 'NONE', #7556, #4590, #549 ) ;
#6663 = LINE ( 'NONE', #5143, #6399 ) ;
#6664 = CARTESIAN_POINT ( 'NONE',  ( 2.851362942456835200, 0.02367179002526185300, 1.097500000000000800 ) ) ;
#6665 = VECTOR ( 'NONE', #1008, 1000.000000000000000 ) ;
#6666 = ORIENTED_EDGE ( 'NONE', *, *, #6949, .T. ) ;
#6667 = ORIENTED_EDGE ( 'NONE', *, *, #6914, .F. ) ;
#6668 = AXIS2_PLACEMENT_3D ( 'NONE', #2116, #2193, #4429 ) ;
#6669 = LINE ( 'NONE', #5233, #6497 ) ;
#6670 = ADVANCED_FACE ( 'NONE', ( #1193 ), #4996, .T. ) ;
#6671 = ORIENTED_EDGE ( 'NONE', *, *, #7288, .T. ) ;
#6672 = ORIENTED_EDGE ( 'NONE', *, *, #4495, .T. ) ;
#6673 = LINE ( 'NONE', #3274, #6505 ) ;
#6674 = EDGE_LOOP ( 'NONE', ( #4223, #3142, #6873, #2893 ) ) ;
#6675 = ORIENTED_EDGE ( 'NONE', *, *, #6111, .T. ) ;
#6676 = CARTESIAN_POINT ( 'NONE',  ( -2.851362942456836100, 0.02367179002526185300, 1.097500000000000800 ) ) ;
#6677 = CARTESIAN_POINT ( 'NONE',  ( 2.870524920471619000, 0.2977008424331583100, -0.8524999999999991500 ) ) ;
#6678 = PLANE ( 'NONE',  #5628 ) ;
#6679 = DIRECTION ( 'NONE',  ( 1.000000000000000000, 0.0000000000000000000, 0.0000000000000000000 ) ) ;
#6680 = ORIENTED_EDGE ( 'NONE', *, *, #3576, .T. ) ;
#6681 = VERTEX_POINT ( 'NONE', #2374 ) ;
#6682 = ORIENTED_EDGE ( 'NONE', *, *, #6800, .T. ) ;
#6683 = CARTESIAN_POINT ( 'NONE',  ( -3.200000000000000600, 0.1446467872876738600, 1.747500000000000700 ) ) ;
#6684 = DIRECTION ( 'NONE',  ( -1.000000000000000000, 0.0000000000000000000, 0.0000000000000000000 ) ) ;
#6685 = SURFACE_STYLE_USAGE ( .BOTH. , #3775 ) ;
#6686 = COLOUR_RGB ( '',0.7921568627450980000, 0.8196078431372548800, 0.9333333333333333500 ) ;
#6687 = EDGE_CURVE ( 'NONE', #5870, #5797, #6377, .T. ) ;
#6688 = ORIENTED_EDGE ( 'NONE', *, *, #3590, .T. ) ;
#6689 = ORIENTED_EDGE ( 'NONE', *, *, #3856, .T. ) ;
#6690 = ORIENTED_EDGE ( 'NONE', *, *, #1864, .T. ) ;
#6691 = EDGE_LOOP ( 'NONE', ( #4415, #7401, #718, #2406 ) ) ;
#6692 = CARTESIAN_POINT ( 'NONE',  ( -2.200000000000002400, 0.7475000000000001600, -2.152499999999999400 ) ) ;
#6693 = CIRCLE ( 'NONE', #3870, 0.2746982034251563800 ) ;
#6694 = AXIS2_PLACEMENT_3D ( 'NONE', #111, #1313, #4884 ) ;
#6695 = ORIENTED_EDGE ( 'NONE', *, *, #5859, .F. ) ;
#6696 = ORIENTED_EDGE ( 'NONE', *, *, #2522, .F. ) ;
#6697 = CARTESIAN_POINT ( 'NONE',  ( -2.200000000000001500, 0.6025000000000000400, 2.152500000000000700 ) ) ;
#6698 = EDGE_CURVE ( 'NONE', #3442, #1598, #4822, .T. ) ;
#6699 = EDGE_CURVE ( 'NONE', #512, #91, #5744, .T. ) ;
#6700 = DIRECTION ( 'NONE',  ( -0.9975640502598247500, 0.06975647374411925200, -0.0000000000000000000 ) ) ;
#6701 = LINE ( 'NONE', #7553, #332 ) ;
#6702 = CARTESIAN_POINT ( 'NONE',  ( 2.429015024641860700, 0.4728017965748428400, -1.097499999999999000 ) ) ;
#6703 = EDGE_LOOP ( 'NONE', ( #7440, #2294, #1702, #3084 ) ) ;
#6704 = EDGE_LOOP ( 'NONE', ( #5760, #2337, #2879, #5041 ) ) ;
#6705 = CARTESIAN_POINT ( 'NONE',  ( -3.189885311307104000, -3.382275553165428400E-020, 0.2025000000000008500 ) ) ;
#6706 = ADVANCED_FACE ( 'NONE', ( #6570 ), #3226, .F. ) ;
#6707 = CIRCLE ( 'NONE', #6910, 0.1296982034251575000 ) ;
#6708 = ORIENTED_EDGE ( 'NONE', *, *, #2085, .F. ) ;
#6709 = CARTESIAN_POINT ( 'NONE',  ( -2.699539945113480500, 0.5205026390080010900, 0.4475000000000008400 ) ) ;
#6710 = DIRECTION ( 'NONE',  ( -1.000000000000000000, 0.0000000000000000000, 0.0000000000000000000 ) ) ;
#6711 = CARTESIAN_POINT ( 'NONE',  ( -3.189885311307104000, -3.382275553165428400E-020, -2.397499999999999500 ) ) ;
#6712 = DIRECTION ( 'NONE',  ( 4.734196693780292900E-016, 1.000000000000000000, -0.0000000000000000000 ) ) ;
#6713 = DIRECTION ( 'NONE',  ( -0.0000000000000000000, -0.0000000000000000000, -1.000000000000000000 ) ) ;
#6714 = FACE_OUTER_BOUND ( 'NONE', #2090, .T. ) ;
#6715 = VERTEX_POINT ( 'NONE', #1387 ) ;
#6716 = ORIENTED_EDGE ( 'NONE', *, *, #6023, .F. ) ;
#6717 = AXIS2_PLACEMENT_3D ( 'NONE', #4912, #2032, #5522 ) ;
#6718 = DIRECTION ( 'NONE',  ( 0.06975647374411954300, -0.9975640502598246400, 0.0000000000000000000 ) ) ;
#6719 = VECTOR ( 'NONE', #3710, 1000.000000000000000 ) ;
#6720 = CIRCLE ( 'NONE', #2918, 0.2746982034251563800 ) ;
#6721 = CARTESIAN_POINT ( 'NONE',  ( -2.600000000000000500, 0.2500000000000001100, 0.4475000000000008400 ) ) ;
#6722 = CARTESIAN_POINT ( 'NONE',  ( -3.200000000000001500, 0.1446467872876738600, -2.397499999999999500 ) ) ;
#6723 = VECTOR ( 'NONE', #4343, 1000.000000000000000 ) ;
#6724 = CARTESIAN_POINT ( 'NONE',  ( 2.742797124186768800, 0.2751789857617048500, -2.152499999999999400 ) ) ;
#6725 = CARTESIAN_POINT ( 'NONE',  ( -2.699539945113480900, 0.5205026390080010900, -2.152499999999999400 ) ) ;
#6726 = VECTOR ( 'NONE', #5808, 1000.000000000000100 ) ;
#6727 = EDGE_LOOP ( 'NONE', ( #1590, #2784, #6929, #7303 ) ) ;
#6728 = VECTOR ( 'NONE', #3739, 1000.000000000000000 ) ;
#6729 = EDGE_CURVE ( 'NONE', #5372, #5330, #4828, .T. ) ;
#6730 = CIRCLE ( 'NONE', #1255, 0.1296982034251570600 ) ;
#6731 = ORIENTED_EDGE ( 'NONE', *, *, #3683, .F. ) ;
#6732 = DIRECTION ( 'NONE',  ( 0.9975640502598247500, -0.06975647374411804400, 0.0000000000000000000 ) ) ;
#6733 =( LENGTH_UNIT ( ) NAMED_UNIT ( * ) SI_UNIT ( .MILLI., .METRE. ) );
#6734 = FILL_AREA_STYLE_COLOUR ( '', #4327 ) ;
#6735 = CARTESIAN_POINT ( 'NONE',  ( -3.200000000000000600, 0.1446467872876738600, 1.747500000000000700 ) ) ;
#6736 = DIRECTION ( 'NONE',  ( 0.06975647374411954300, -0.9975640502598246400, 0.0000000000000000000 ) ) ;
#6737 = DIRECTION ( 'NONE',  ( 0.9975640502598246400, 0.06975647374411954300, -0.0000000000000000000 ) ) ;
#6738 = FACE_OUTER_BOUND ( 'NONE', #7236, .T. ) ;
#6739 = ORIENTED_EDGE ( 'NONE', *, *, #306, .F. ) ;
#6740 = ORIENTED_EDGE ( 'NONE', *, *, #7329, .T. ) ;
#6741 = ADVANCED_FACE ( 'NONE', ( #3292 ), #3759, .F. ) ;
#6742 = DIRECTION ( 'NONE',  ( 1.000000000000000000, 0.0000000000000000000, -0.0000000000000000000 ) ) ;
#6743 = EDGE_CURVE ( 'NONE', #5287, #6578, #5370, .T. ) ;
#6744 = CARTESIAN_POINT ( 'NONE',  ( 2.699539945113479200, 0.5205026390080010900, -2.397499999999999500 ) ) ;
#6745 = EDGE_CURVE ( 'NONE', #6844, #1886, #2080, .T. ) ;
#6746 = CARTESIAN_POINT ( 'NONE',  ( 2.851362942456835600, 0.02367179002526185300, 1.747500000000000700 ) ) ;
#6747 = DIRECTION ( 'NONE',  ( -1.000000000000000000, -4.734196693780292900E-016, 0.0000000000000000000 ) ) ;
#6748 = VECTOR ( 'NONE', #6764, 1000.000000000000100 ) ;
#6749 = DIRECTION ( 'NONE',  ( -0.0000000000000000000, 0.0000000000000000000, -1.000000000000000000 ) ) ;
#6750 = EDGE_LOOP ( 'NONE', ( #1312, #2992, #2317, #2510 ) ) ;
#6751 = ORIENTED_EDGE ( 'NONE', *, *, #182, .F. ) ;
#6752 = AXIS2_PLACEMENT_3D ( 'NONE', #3990, #5788, #1191 ) ;
#6753 = CARTESIAN_POINT ( 'NONE',  ( 2.200000000000001500, 0.7475000000000001600, 2.397500000000000900 ) ) ;
#6754 = CARTESIAN_POINT ( 'NONE',  ( 2.699539945113479200, 0.5205026390080010900, -1.502499999999999100 ) ) ;
#6755 = PRESENTATION_LAYER_ASSIGNMENT (  '', '', ( #4662 ) ) ;
#6756 = DIRECTION ( 'NONE',  ( 0.0000000000000000000, 0.9659258262890680900, 0.2588190451025213500 ) ) ;
#6757 = LINE ( 'NONE', #2441, #6304 ) ;
#6758 = CARTESIAN_POINT ( 'NONE',  ( 2.429015024641860700, 0.4728017965748428400, 0.2025000000000008500 ) ) ;
#6759 = EDGE_CURVE ( 'NONE', #4947, #1125, #2741, .T. ) ;
#6760 = AXIS2_PLACEMENT_3D ( 'NONE', #4337, #2015, #5510 ) ;
#6761 = VECTOR ( 'NONE', #5553, 1000.000000000000000 ) ;
#6762 = ORIENTED_EDGE ( 'NONE', *, *, #6759, .F. ) ;
#6763 = CIRCLE ( 'NONE', #2827, 0.2746982034251563800 ) ;
#6764 = DIRECTION ( 'NONE',  ( -0.1736481776669299100, -0.9848077530122081300, 0.0000000000000000000 ) ) ;
#6765 = CARTESIAN_POINT ( 'NONE',  ( -2.861477631149733600, 0.1683185773129357900, 0.2025000000000008500 ) ) ;
#6766 = ORIENTED_EDGE ( 'NONE', *, *, #5155, .T. ) ;
#6767 = ORIENTED_EDGE ( 'NONE', *, *, #4652, .F. ) ;
#6768 = MECHANICAL_DESIGN_GEOMETRIC_PRESENTATION_REPRESENTATION (  '', ( #6434 ), #48 ) ;
#6769 = DIRECTION ( 'NONE',  ( -1.000000000000000000, 0.0000000000000000000, 0.0000000000000000000 ) ) ;
#6770 = LINE ( 'NONE', #7480, #5773 ) ;
#6771 = DIRECTION ( 'NONE',  ( 0.06975647374411675400, 0.9975640502598248600, -0.0000000000000000000 ) ) ;
#6772 = CARTESIAN_POINT ( 'NONE',  ( 2.600000000000000100, 0.2500000000000001100, 0.4475000000000008400 ) ) ;
#6773 = ORIENTED_EDGE ( 'NONE', *, *, #2591, .T. ) ;
#6774 = ORIENTED_EDGE ( 'NONE', *, *, #5334, .F. ) ;
#6775 = CARTESIAN_POINT ( 'NONE',  ( 2.200000000000000600, 0.7475000000000001600, -1.747499999999999200 ) ) ;
#6776 = DIRECTION ( 'NONE',  ( 1.000000000000000000, 0.0000000000000000000, -0.0000000000000000000 ) ) ;
#6777 = EDGE_LOOP ( 'NONE', ( #1871, #4789, #2405, #5947 ) ) ;
#6778 = LINE ( 'NONE', #1846, #3848 ) ;
#6779 = CARTESIAN_POINT ( 'NONE',  ( -2.429015024641861600, 0.7474999999999992800, -0.2024999999999991300 ) ) ;
#6780 = ORIENTED_EDGE ( 'NONE', *, *, #4611, .T. ) ;
#6781 = ORIENTED_EDGE ( 'NONE', *, *, #5621, .T. ) ;
#6782 = CARTESIAN_POINT ( 'NONE',  ( 2.429015024641860300, 0.4728017965748428400, -1.747499999999999200 ) ) ;
#6783 = ORIENTED_EDGE ( 'NONE', *, *, #2505, .T. ) ;
#6784 = ORIENTED_EDGE ( 'NONE', *, *, #6456, .T. ) ;
#6785 = EDGE_CURVE ( 'NONE', #3419, #4871, #1015, .T. ) ;
#6786 = ORIENTED_EDGE ( 'NONE', *, *, #214, .T. ) ;
#6787 = DIRECTION ( 'NONE',  ( 1.000000000000000000, 3.787357355024234400E-015, 0.0000000000000000000 ) ) ;
#6788 = ADVANCED_FACE ( 'NONE', ( #4277 ), #4094, .T. ) ;
#6789 = LINE ( 'NONE', #7234, #3608 ) ;
#6790 = ORIENTED_EDGE ( 'NONE', *, *, #5320, .F. ) ;
#6791 = EDGE_LOOP ( 'NONE', ( #2978, #1852, #5408, #4624 ) ) ;
#6792 = ORIENTED_EDGE ( 'NONE', *, *, #125, .T. ) ;
#6793 = AXIS2_PLACEMENT_3D ( 'NONE', #3275, #359, #7349 ) ;
#6794 = EDGE_CURVE ( 'NONE', #4057, #6954, #2554, .T. ) ;
#6795 = CARTESIAN_POINT ( 'NONE',  ( 2.429015024641861100, 0.4728017965748428400, 2.397500000000000900 ) ) ;
#6796 = CARTESIAN_POINT ( 'NONE',  ( 3.199999999999999700, 0.1446467872876735000, 1.097500000000000800 ) ) ;
#6797 = CARTESIAN_POINT ( 'NONE',  ( 2.600000000000000100, 0.2500000000000001100, -0.2024999999999991300 ) ) ;
#6798 = EDGE_CURVE ( 'NONE', #281, #3491, #5453, .T. ) ;
#6799 = LINE ( 'NONE', #6423, #5047 ) ;
#6800 = EDGE_CURVE ( 'NONE', #2281, #7559, #4462, .T. ) ;
#6801 = DIRECTION ( 'NONE',  ( -0.1736481776669299100, 0.9848077530122081300, -0.0000000000000000000 ) ) ;
#6802 = ORIENTED_EDGE ( 'NONE', *, *, #947, .T. ) ;
#6803 = ORIENTED_EDGE ( 'NONE', *, *, #7103, .F. ) ;
#6804 = CARTESIAN_POINT ( 'NONE',  ( 2.200000000000001500, 0.6025000000000000400, 1.747500000000000700 ) ) ;
#6805 = CARTESIAN_POINT ( 'NONE',  ( -1.570720790471951100, 1.099999999999999200, -1.846785749842945600 ) ) ;
#6806 = STYLED_ITEM ( 'NONE', ( #7377 ), #2104 ) ;
#6807 = DIRECTION ( 'NONE',  ( -0.0000000000000000000, -0.0000000000000000000, -1.000000000000000000 ) ) ;
#6808 = LINE ( 'NONE', #171, #6443 ) ;
#6809 = CARTESIAN_POINT ( 'NONE',  ( 2.200000000000001100, 0.7475000000000001600, -0.2024999999999991300 ) ) ;
#6810 = ORIENTED_EDGE ( 'NONE', *, *, #5421, .F. ) ;
#6811 = EDGE_CURVE ( 'NONE', #5667, #3050, #7025, .T. ) ;
#6812 = EDGE_CURVE ( 'NONE', #5503, #7514, #4820, .T. ) ;
#6813 = CARTESIAN_POINT ( 'NONE',  ( -3.189885311307104000, -3.382275553165428400E-020, -0.2024999999999991300 ) ) ;
#6814 = CARTESIAN_POINT ( 'NONE',  ( -2.200000000000002000, 0.7475000000000001600, -0.2024999999999991300 ) ) ;
#6815 = DIRECTION ( 'NONE',  ( -0.06975647374411675400, -0.9975640502598248600, 0.0000000000000000000 ) ) ;
#6816 = DIRECTION ( 'NONE',  ( -0.0000000000000000000, 1.000000000000000000, -0.0000000000000000000 ) ) ;
#6817 = PRESENTATION_STYLE_ASSIGNMENT (( #5140 ) ) ;
#6818 = CARTESIAN_POINT ( 'NONE',  ( 2.699539945113479600, 0.5205026390080010900, -0.8524999999999991500 ) ) ;
#6819 = ORIENTED_EDGE ( 'NONE', *, *, #6098, .F. ) ;
#6820 = AXIS2_PLACEMENT_3D ( 'NONE', #2720, #3845, #4470 ) ;
#6821 = CARTESIAN_POINT ( 'NONE',  ( -2.199999999999999700, 0.6025000000000000400, -2.499999999999999600 ) ) ;
#6822 = FACE_OUTER_BOUND ( 'NONE', #2393, .T. ) ;
#6823 = CIRCLE ( 'NONE', #3066, 0.2746982034251567700 ) ;
#6824 = CARTESIAN_POINT ( 'NONE',  ( -2.429015024641861600, 0.4728017965748428400, 1.097500000000000800 ) ) ;
#6825 = CARTESIAN_POINT ( 'NONE',  ( -2.600000000000000500, 0.2500000000000001100, -0.2024999999999991300 ) ) ;
#6826 = VECTOR ( 'NONE', #6217, 1000.000000000000000 ) ;
#6827 = ADVANCED_FACE ( 'NONE', ( #2181 ), #313, .F. ) ;
#6828 = DIRECTION ( 'NONE',  ( 1.000000000000000000, 0.0000000000000000000, -0.0000000000000000000 ) ) ;
#6829 = CARTESIAN_POINT ( 'NONE',  ( -2.200000000000001500, 0.7475000000000001600, 1.502500000000000800 ) ) ;
#6830 = VERTEX_POINT ( 'NONE', #7268 ) ;
#6831 = AXIS2_PLACEMENT_3D ( 'NONE', #7454, #923, #4483 ) ;
#6832 = CARTESIAN_POINT ( 'NONE',  ( 2.861477631149732700, 0.1683185773129356700, -0.8524999999999991500 ) ) ;
#6833 = PLANE ( 'NONE',  #292 ) ;
#6834 = LINE ( 'NONE', #5176, #6646 ) ;
#6835 = CARTESIAN_POINT ( 'NONE',  ( -3.200000000000001100, 0.1446467872876738600, -0.8524999999999991500 ) ) ;
#6836 = FACE_OUTER_BOUND ( 'NONE', #4303, .T. ) ;
#6837 = VECTOR ( 'NONE', #1694, 1000.000000000000000 ) ;
#6838 = CARTESIAN_POINT ( 'NONE',  ( 2.429015024641860700, 0.4728017965748428400, -0.2024999999999991300 ) ) ;
#6839 = DIRECTION ( 'NONE',  ( -0.9975640502598248600, 0.06975647374411675400, 0.0000000000000000000 ) ) ;
#6840 = CARTESIAN_POINT ( 'NONE',  ( -2.429015024641861600, 0.4728017965748428400, -0.2024999999999991300 ) ) ;
#6841 = CARTESIAN_POINT ( 'NONE',  ( -2.870524920471619900, 0.2977008424331583100, -1.502499999999999100 ) ) ;
#6842 = LINE ( 'NONE', #2169, #2836 ) ;
#6843 = DIRECTION ( 'NONE',  ( -1.000000000000000000, 0.0000000000000000000, 0.0000000000000000000 ) ) ;
#6844 = VERTEX_POINT ( 'NONE', #4513 ) ;
#6845 = EDGE_CURVE ( 'NONE', #6884, #3125, #4359, .T. ) ;
#6846 = EDGE_CURVE ( 'NONE', #6633, #1552, #550, .T. ) ;
#6847 = FACE_OUTER_BOUND ( 'NONE', #5493, .T. ) ;
#6848 = DIRECTION ( 'NONE',  ( -0.0000000000000000000, -0.0000000000000000000, -1.000000000000000000 ) ) ;
#6849 = LINE ( 'NONE', #444, #6393 ) ;
#6850 = ORIENTED_EDGE ( 'NONE', *, *, #1109, .F. ) ;
#6851 =( NAMED_UNIT ( * ) PLANE_ANGLE_UNIT ( ) SI_UNIT ( $, .RADIAN. ) );
#6852 = AXIS2_PLACEMENT_3D ( 'NONE', #2247, #6302, #7461 ) ;
#6853 = VECTOR ( 'NONE', #1635, 999.9999999999998900 ) ;
#6854 = CARTESIAN_POINT ( 'NONE',  ( 2.742797124186769200, 0.2751789857617048500, 0.8525000000000008100 ) ) ;
#6855 = VECTOR ( 'NONE', #985, 1000.000000000000100 ) ;
#6856 = EDGE_LOOP ( 'NONE', ( #5517, #1050, #7484, #2132 ) ) ;
#6857 = EDGE_CURVE ( 'NONE', #4679, #4247, #6557, .T. ) ;
#6858 = ORIENTED_EDGE ( 'NONE', *, *, #223, .T. ) ;
#6859 = EDGE_CURVE ( 'NONE', #2423, #7128, #5165, .T. ) ;
#6860 = DIRECTION ( 'NONE',  ( -4.734196693780292900E-016, 1.000000000000000000, 0.0000000000000000000 ) ) ;
#6861 = CARTESIAN_POINT ( 'NONE',  ( -2.429015024641861600, 0.4728017965748428400, -0.4474999999999991200 ) ) ;
#6862 = LINE ( 'NONE', #4999, #3146 ) ;
#6863 = ORIENTED_EDGE ( 'NONE', *, *, #5281, .T. ) ;
#6864 = VERTEX_POINT ( 'NONE', #2141 ) ;
#6865 = CARTESIAN_POINT ( 'NONE',  ( 2.200000000000001500, 0.7475000000000001600, 2.499999999999999100 ) ) ;
#6866 = DIRECTION ( 'NONE',  ( -0.0000000000000000000, -0.0000000000000000000, -1.000000000000000000 ) ) ;
#6867 = CARTESIAN_POINT ( 'NONE',  ( -2.870524920471619400, 0.2977008424331583100, 0.4475000000000008400 ) ) ;
#6868 = CARTESIAN_POINT ( 'NONE',  ( -2.200000000000002000, 0.7475000000000001600, 0.2025000000000008500 ) ) ;
#6869 = DIRECTION ( 'NONE',  ( 1.000000000000000000, 3.787357355024234400E-015, 0.0000000000000000000 ) ) ;
#6870 = AXIS2_PLACEMENT_3D ( 'NONE', #2448, #4838, #7115 ) ;
#6871 = VECTOR ( 'NONE', #4300, 1000.000000000000000 ) ;
#6872 = ADVANCED_FACE ( 'NONE', ( #5361 ), #4399, .F. ) ;
#6873 = ORIENTED_EDGE ( 'NONE', *, *, #5369, .F. ) ;
#6874 = VERTEX_POINT ( 'NONE', #1527 ) ;
#6875 = CLOSED_SHELL ( 'NONE', ( #1853, #1236, #569, #2830, #4731, #6827, #4221, #5596, #1195, #2239, #6455, #7182, #5332, #7132 ) ) ;
#6876 = CARTESIAN_POINT ( 'NONE',  ( 2.861477631149732700, 0.1683185773129356700, -1.097499999999999000 ) ) ;
#6877 = CARTESIAN_POINT ( 'NONE',  ( -2.699539945113480900, 0.5205026390080010900, -1.502499999999999100 ) ) ;
#6878 = VERTEX_POINT ( 'NONE', #1503 ) ;
#6879 = ORIENTED_EDGE ( 'NONE', *, *, #3843, .F. ) ;
#6880 = ORIENTED_EDGE ( 'NONE', *, *, #3392, .F. ) ;
#6881 = DIRECTION ( 'NONE',  ( -0.0000000000000000000, -0.0000000000000000000, -1.000000000000000000 ) ) ;
#6882 = FACE_OUTER_BOUND ( 'NONE', #3188, .T. ) ;
#6883 = CARTESIAN_POINT ( 'NONE',  ( 2.851362942456835600, 0.02367179002526185300, 2.397500000000000900 ) ) ;
#6884 = VERTEX_POINT ( 'NONE', #5682 ) ;
#6885 = ORIENTED_EDGE ( 'NONE', *, *, #2955, .T. ) ;
#6886 = DIRECTION ( 'NONE',  ( -1.000000000000000000, 0.0000000000000000000, 0.0000000000000000000 ) ) ;
#6887 = EDGE_LOOP ( 'NONE', ( #5741, #1263, #4960, #6690 ) ) ;
#6888 = ORIENTED_EDGE ( 'NONE', *, *, #1905, .F. ) ;
#6889 = DIRECTION ( 'NONE',  ( -0.0000000000000000000, -0.0000000000000000000, -1.000000000000000000 ) ) ;
#6890 = CARTESIAN_POINT ( 'NONE',  ( 2.200000000000001500, 0.7475000000000001600, 2.397500000000000900 ) ) ;
#6891 = SURFACE_STYLE_FILL_AREA ( #3846 ) ;
#6892 = CARTESIAN_POINT ( 'NONE',  ( 2.200000000000001500, 0.7475000000000001600, 1.747500000000000700 ) ) ;
#6893 = EDGE_CURVE ( 'NONE', #6864, #5798, #6373, .T. ) ;
#6894 = VERTEX_POINT ( 'NONE', #2767 ) ;
#6895 = ORIENTED_EDGE ( 'NONE', *, *, #5220, .T. ) ;
#6896 = CARTESIAN_POINT ( 'NONE',  ( -2.429015024641861100, 0.4728017965748428400, 2.397500000000000900 ) ) ;
#6897 = VECTOR ( 'NONE', #469, 1000.000000000000000 ) ;
#6898 = ORIENTED_EDGE ( 'NONE', *, *, #2413, .F. ) ;
#6899 = DIRECTION ( 'NONE',  ( -0.0000000000000000000, -0.0000000000000000000, -1.000000000000000000 ) ) ;
#6900 = DIRECTION ( 'NONE',  ( -0.0000000000000000000, -0.0000000000000000000, -1.000000000000000000 ) ) ;
#6901 = DIRECTION ( 'NONE',  ( 0.9848077530122081300, 0.1736481776669299100, -0.0000000000000000000 ) ) ;
#6902 = EDGE_CURVE ( 'NONE', #379, #1711, #3640, .T. ) ;
#6903 = FILL_AREA_STYLE ('',( #7263 ) ) ;
#6904 = EDGE_CURVE ( 'NONE', #4328, #4210, #4987, .T. ) ;
#6905 = FACE_OUTER_BOUND ( 'NONE', #6109, .T. ) ;
#6906 = ORIENTED_EDGE ( 'NONE', *, *, #3304, .F. ) ;
#6907 = ADVANCED_FACE ( 'NONE', ( #3376 ), #6833, .F. ) ;
#6908 = DIRECTION ( 'NONE',  ( -0.0000000000000000000, -0.0000000000000000000, -1.000000000000000000 ) ) ;
#6909 = CARTESIAN_POINT ( 'NONE',  ( 2.200000000000001100, 0.6025000000000000400, 1.097500000000000800 ) ) ;
#6910 = AXIS2_PLACEMENT_3D ( 'NONE', #6939, #551, #7561 ) ;
#6911 = CARTESIAN_POINT ( 'NONE',  ( -2.429015024641862000, 0.4728017965748428400, -2.397499999999999500 ) ) ;
#6912 = AXIS2_PLACEMENT_3D ( 'NONE', #2490, #3682, #1279 ) ;
#6913 = LINE ( 'NONE', #3564, #2716 ) ;
#6914 = EDGE_CURVE ( 'NONE', #2423, #7428, #2550, .T. ) ;
#6915 = ORIENTED_EDGE ( 'NONE', *, *, #4410, .T. ) ;
#6916 = AXIS2_PLACEMENT_3D ( 'NONE', #6758, #3265, #5639 ) ;
#6917 = DIRECTION ( 'NONE',  ( 0.1736481776669299100, -0.9848077530122081300, 0.0000000000000000000 ) ) ;
#6918 = DIRECTION ( 'NONE',  ( 1.000000000000000000, 0.0000000000000000000, -0.0000000000000000000 ) ) ;
#6919 = CARTESIAN_POINT ( 'NONE',  ( 2.200000000000000600, 0.7475000000000001600, -2.152499999999999400 ) ) ;
#6920 = DIRECTION ( 'NONE',  ( -1.000000000000000000, 0.0000000000000000000, 0.0000000000000000000 ) ) ;
#6921 = CYLINDRICAL_SURFACE ( 'NONE', #7011, 0.2746982034251563800 ) ;
#6922 = AXIS2_PLACEMENT_3D ( 'NONE', #1098, #484, #7413 ) ;
#6923 = VECTOR ( 'NONE', #6132, 1000.000000000000000 ) ;
#6924 = CARTESIAN_POINT ( 'NONE',  ( 2.870524920471619000, 0.2977008424331583100, -0.4474999999999991200 ) ) ;
#6925 = PLANE ( 'NONE',  #779 ) ;
#6926 = VECTOR ( 'NONE', #7039, 1000.000000000000000 ) ;
#6927 = LINE ( 'NONE', #2538, #1817 ) ;
#6928 = CIRCLE ( 'NONE', #5674, 0.2746982034251563800 ) ;
#6929 = ORIENTED_EDGE ( 'NONE', *, *, #5827, .F. ) ;
#6930 =( NAMED_UNIT ( * ) PLANE_ANGLE_UNIT ( ) SI_UNIT ( $, .RADIAN. ) );
#6931 = CARTESIAN_POINT ( 'NONE',  ( -2.200000000000002000, 0.6025000000000000400, 1.097500000000000800 ) ) ;
#6932 = CARTESIAN_POINT ( 'NONE',  ( 2.429015024641860700, 0.6025000000000000400, -0.8524999999999991500 ) ) ;
#6933 = EDGE_CURVE ( 'NONE', #2134, #4680, #6285, .T. ) ;
#6934 = CARTESIAN_POINT ( 'NONE',  ( 2.429015024641860300, 0.6025000000000000400, -1.502499999999999100 ) ) ;
#6935 = FACE_OUTER_BOUND ( 'NONE', #3047, .T. ) ;
#6936 = ORIENTED_EDGE ( 'NONE', *, *, #6515, .F. ) ;
#6937 = LINE ( 'NONE', #4257, #749 ) ;
#6938 = EDGE_LOOP ( 'NONE', ( #2697, #1934, #2417, #6211 ) ) ;
#6939 = CARTESIAN_POINT ( 'NONE',  ( -2.870524920471619400, 0.2977008424331583100, 0.4475000000000008400 ) ) ;
#6940 = CARTESIAN_POINT ( 'NONE',  ( -2.861477631149733600, 0.1683185773129357300, 0.4475000000000008400 ) ) ;
#6941 = DIRECTION ( 'NONE',  ( 0.0000000000000000000, -0.0000000000000000000, 1.000000000000000000 ) ) ;
#6942 = CARTESIAN_POINT ( 'NONE',  ( 2.851362942456835600, 0.02367179002526185300, 2.397500000000000900 ) ) ;
#6943 = CARTESIAN_POINT ( 'NONE',  ( -2.861477631149733600, 0.1683185773129357900, -0.8524999999999991500 ) ) ;
#6944 = VECTOR ( 'NONE', #7336, 1000.000000000000100 ) ;
#6945 = ADVANCED_FACE ( 'NONE', ( #6836 ), #5575, .F. ) ;
#6946 = LINE ( 'NONE', #2926, #19 ) ;
#6947 = VERTEX_POINT ( 'NONE', #3916 ) ;
#6948 = ORIENTED_EDGE ( 'NONE', *, *, #7148, .T. ) ;
#6949 = EDGE_CURVE ( 'NONE', #5391, #3171, #7475, .T. ) ;
#6950 = VECTOR ( 'NONE', #5722, 1000.000000000000000 ) ;
#6951 = LINE ( 'NONE', #2734, #5849 ) ;
#6952 = VECTOR ( 'NONE', #5227, 1000.000000000000000 ) ;
#6953 = ORIENTED_EDGE ( 'NONE', *, *, #5155, .F. ) ;
#6954 = VERTEX_POINT ( 'NONE', #1006 ) ;
#6955 = AXIS2_PLACEMENT_3D ( 'NONE', #2648, #7319, #2077 ) ;
#6956 = LINE ( 'NONE', #7310, #2065 ) ;
#6957 =( LENGTH_UNIT ( ) NAMED_UNIT ( * ) SI_UNIT ( .MILLI., .METRE. ) );
#6958 = EDGE_CURVE ( 'NONE', #2378, #3700, #1009, .T. ) ;
#6959 = EDGE_CURVE ( 'NONE', #3115, #5940, #5450, .T. ) ;
#6960 = ORIENTED_EDGE ( 'NONE', *, *, #6123, .F. ) ;
#6961 = ORIENTED_EDGE ( 'NONE', *, *, #5770, .T. ) ;
#6962 = CARTESIAN_POINT ( 'NONE',  ( -2.699539945113480900, 0.5205026390080010900, -1.502499999999999100 ) ) ;
#6963 = CARTESIAN_POINT ( 'NONE',  ( -2.851362942456836500, 0.02367179002526185300, -1.502499999999999100 ) ) ;
#6964 = CIRCLE ( 'NONE', #7261, 0.2746982034251563800 ) ;
#6965 = DIRECTION ( 'NONE',  ( 0.0000000000000000000, 1.000000000000000000, 0.0000000000000000000 ) ) ;
#6966 = DIRECTION ( 'NONE',  ( 0.0000000000000000000, 0.0000000000000000000, 1.000000000000000000 ) ) ;
#6967 = CARTESIAN_POINT ( 'NONE',  ( -2.200000000000002000, 0.7475000000000001600, -0.8524999999999991500 ) ) ;
#6968 = EDGE_LOOP ( 'NONE', ( #6524, #3036, #6982, #7527 ) ) ;
#6969 = ORIENTED_EDGE ( 'NONE', *, *, #3114, .F. ) ;
#6970 = CARTESIAN_POINT ( 'NONE',  ( -2.200000000000002400, 0.7475000000000001600, -2.397499999999999500 ) ) ;
#6971 = AXIS2_PLACEMENT_3D ( 'NONE', #1704, #542, #5728 ) ;
#6972 = LINE ( 'NONE', #4873, #5218 ) ;
#6973 = CARTESIAN_POINT ( 'NONE',  ( 2.861477631149732700, 0.1683185773129356700, 0.8525000000000008100 ) ) ;
#6974 = ORIENTED_EDGE ( 'NONE', *, *, #519, .F. ) ;
#6975 = VERTEX_POINT ( 'NONE', #4979 ) ;
#6976 = ORIENTED_EDGE ( 'NONE', *, *, #182, .T. ) ;
#6977 = VERTEX_POINT ( 'NONE', #6344 ) ;
#6978 = FILL_AREA_STYLE ('',( #2889 ) ) ;
#6979 = CARTESIAN_POINT ( 'NONE',  ( -2.851362942456836100, 0.02367179002526185300, -0.2024999999999991300 ) ) ;
#6980 = AXIS2_PLACEMENT_3D ( 'NONE', #6166, #3276, #1580 ) ;
#6981 = LINE ( 'NONE', #2693, #518 ) ;
#6982 = ORIENTED_EDGE ( 'NONE', *, *, #3713, .F. ) ;
#6983 = ORIENTED_EDGE ( 'NONE', *, *, #2600, .T. ) ;
#6984 = ORIENTED_EDGE ( 'NONE', *, *, #1295, .F. ) ;
#6985 = ADVANCED_FACE ( 'NONE', ( #1900 ), #2290, .T. ) ;
#6986 = DIRECTION ( 'NONE',  ( -0.0000000000000000000, -0.0000000000000000000, -1.000000000000000000 ) ) ;
#6987 = CARTESIAN_POINT ( 'NONE',  ( 2.200000000000000600, 0.6025000000000000400, -2.152499999999999400 ) ) ;
#6988 = SURFACE_STYLE_USAGE ( .BOTH. , #5892 ) ;
#6989 = FACE_OUTER_BOUND ( 'NONE', #3413, .T. ) ;
#6990 = ORIENTED_EDGE ( 'NONE', *, *, #5871, .F. ) ;
#6991 = CARTESIAN_POINT ( 'NONE',  ( -3.200000000000001100, 0.1446467872876738600, -0.2024999999999991300 ) ) ;
#6992 = ADVANCED_FACE ( 'NONE', ( #3903 ), #2833, .T. ) ;
#6993 = CARTESIAN_POINT ( 'NONE',  ( 2.861477631149732300, 0.1683185773129357300, -2.152499999999999400 ) ) ;
#6994 = EDGE_CURVE ( 'NONE', #5329, #1327, #6648, .T. ) ;
#6995 = FILL_AREA_STYLE_COLOUR ( '', #544 ) ;
#6996 = DIRECTION ( 'NONE',  ( 0.06975647374411675400, 0.9975640502598248600, -0.0000000000000000000 ) ) ;
#6997 = LINE ( 'NONE', #6883, #4712 ) ;
#6998 = ORIENTED_EDGE ( 'NONE', *, *, #5825, .F. ) ;
#6999 = CARTESIAN_POINT ( 'NONE',  ( -2.200000000000002000, 0.6025000000000000400, -0.4474999999999991200 ) ) ;
#7000 = DIRECTION ( 'NONE',  ( -1.000000000000000000, 0.0000000000000000000, 0.0000000000000000000 ) ) ;
#7001 = PLANE ( 'NONE',  #5593 ) ;
#7002 = VECTOR ( 'NONE', #4631, 999.9999999999998900 ) ;
#7003 = SURFACE_STYLE_USAGE ( .BOTH. , #77 ) ;
#7004 = ORIENTED_EDGE ( 'NONE', *, *, #4305, .T. ) ;
#7005 = EDGE_CURVE ( 'NONE', #481, #6255, #645, .T. ) ;
#7006 = EDGE_CURVE ( 'NONE', #5934, #6254, #4185, .T. ) ;
#7007 = VECTOR ( 'NONE', #1108, 1000.000000000000000 ) ;
#7008 = DIRECTION ( 'NONE',  ( -1.000000000000000000, 0.0000000000000000000, 0.0000000000000000000 ) ) ;
#7009 = CIRCLE ( 'NONE', #6165, 0.2746982034251563800 ) ;
#7010 = DIRECTION ( 'NONE',  ( -0.0000000000000000000, -0.0000000000000000000, -1.000000000000000000 ) ) ;
#7011 = AXIS2_PLACEMENT_3D ( 'NONE', #7463, #1639, #3928 ) ;
#7012 = PLANE ( 'NONE',  #2283 ) ;
#7013 = AXIS2_PLACEMENT_3D ( 'NONE', #6702, #838, #295 ) ;
#7014 = VECTOR ( 'NONE', #3996, 1000.000000000000100 ) ;
#7015 = CARTESIAN_POINT ( 'NONE',  ( -2.429015024641861600, 0.6024999999999999200, -0.2024999999999991300 ) ) ;
#7016 = ORIENTED_EDGE ( 'NONE', *, *, #422, .F. ) ;
#7017 = DIRECTION ( 'NONE',  ( -0.0000000000000000000, -0.0000000000000000000, -1.000000000000000000 ) ) ;
#7018 = DIRECTION ( 'NONE',  ( 0.9975640502598247500, 0.06975647374411804400, -0.0000000000000000000 ) ) ;
#7019 = CARTESIAN_POINT ( 'NONE',  ( 2.870524920471619000, 0.2977008424331583100, 0.8525000000000008100 ) ) ;
#7020 = COLOUR_RGB ( '',1.000000000000000000, 1.000000000000000000, 1.000000000000000000 ) ;
#7021 = ADVANCED_FACE ( 'NONE', ( #277 ), #4016, .F. ) ;
#7022 = VECTOR ( 'NONE', #2627, 1000.000000000000000 ) ;
#7023 = STYLED_ITEM ( 'NONE', ( #2931 ), #6585 ) ;
#7024 = LINE ( 'NONE', #4404, #4093 ) ;
#7025 = LINE ( 'NONE', #6697, #2937 ) ;
#7026 = CARTESIAN_POINT ( 'NONE',  ( 2.429015024641860700, 0.7474999999999991700, -0.8524999999999991500 ) ) ;
#7027 = DIRECTION ( 'NONE',  ( 0.06975647374411804400, 0.9975640502598247500, -0.0000000000000000000 ) ) ;
#7028 = LINE ( 'NONE', #6144, #3725 ) ;
#7029 = ORIENTED_EDGE ( 'NONE', *, *, #2770, .F. ) ;
#7030 = ADVANCED_FACE ( 'NONE', ( #6472 ), #1166, .F. ) ;
#7031 = FACE_OUTER_BOUND ( 'NONE', #2586, .T. ) ;
#7032 =( NAMED_UNIT ( * ) PLANE_ANGLE_UNIT ( ) SI_UNIT ( $, .RADIAN. ) );
#7033 = VECTOR ( 'NONE', #2872, 1000.000000000000000 ) ;
#7034 = ORIENTED_EDGE ( 'NONE', *, *, #4256, .T. ) ;
#7035 = CARTESIAN_POINT ( 'NONE',  ( -2.861477631149733200, 0.1683185773129357300, 1.502500000000000800 ) ) ;
#7036 = ORIENTED_EDGE ( 'NONE', *, *, #184, .F. ) ;
#7037 = CARTESIAN_POINT ( 'NONE',  ( -2.556742820926710900, 0.4953236532462962400, -1.097499999999999000 ) ) ;
#7038 = LINE ( 'NONE', #7282, #1924 ) ;
#7039 = DIRECTION ( 'NONE',  ( 0.9975640502598247500, -0.06975647374411804400, 0.0000000000000000000 ) ) ;
#7040 = EDGE_CURVE ( 'NONE', #3372, #6874, #2368, .T. ) ;
#7041 = CIRCLE ( 'NONE', #6385, 0.1296982034251575000 ) ;
#7042 = VECTOR ( 'NONE', #324, 1000.000000000000000 ) ;
#7043 = ORIENTED_EDGE ( 'NONE', *, *, #6598, .T. ) ;
#7044 = CARTESIAN_POINT ( 'NONE',  ( -2.200000000000002000, 0.7475000000000001600, 1.097500000000000800 ) ) ;
#7045 = DIRECTION ( 'NONE',  ( -0.1736481776669299100, -0.9848077530122081300, 0.0000000000000000000 ) ) ;
#7046 = CARTESIAN_POINT ( 'NONE',  ( 2.429015024641860700, 0.4728017965748428400, -0.8524999999999991500 ) ) ;
#7047 = CARTESIAN_POINT ( 'NONE',  ( -2.861477631149733200, 0.1683185773129357900, 1.747500000000000700 ) ) ;
#7048 = CARTESIAN_POINT ( 'NONE',  ( 2.699539945113479600, 0.5205026390080010900, -0.8524999999999991500 ) ) ;
#7049 = AXIS2_PLACEMENT_3D ( 'NONE', #6746, #6004, #2081 ) ;
#7050 = CIRCLE ( 'NONE', #4082, 0.1296982034251570600 ) ;
#7051 = EDGE_LOOP ( 'NONE', ( #6325, #7120, #1867, #5443 ) ) ;
#7052 = CYLINDRICAL_SURFACE ( 'NONE', #7459, 0.2746982034251563800 ) ;
#7053 = EDGE_CURVE ( 'NONE', #1537, #4713, #3552, .T. ) ;
#7054 = VERTEX_POINT ( 'NONE', #6932 ) ;
#7055 = EDGE_CURVE ( 'NONE', #2972, #4088, #1283, .T. ) ;
#7056 = LINE ( 'NONE', #5440, #680 ) ;
#7057 = ORIENTED_EDGE ( 'NONE', *, *, #4019, .F. ) ;
#7058 = CARTESIAN_POINT ( 'NONE',  ( -2.429015024641861600, 0.7474999999999992800, 1.097500000000000800 ) ) ;
#7059 = ORIENTED_EDGE ( 'NONE', *, *, #3015, .F. ) ;
#7060 = ORIENTED_EDGE ( 'NONE', *, *, #1523, .F. ) ;
#7061 = ADVANCED_FACE ( 'NONE', ( #5080 ), #525, .F. ) ;
#7062 = CARTESIAN_POINT ( 'NONE',  ( -2.851362942456836100, 0.02367179002526185300, 0.8525000000000008100 ) ) ;
#7063 = ORIENTED_EDGE ( 'NONE', *, *, #4933, .T. ) ;
#7064 = EDGE_CURVE ( 'NONE', #3245, #5231, #1815, .T. ) ;
#7065 = LINE ( 'NONE', #180, #3158 ) ;
#7066 = EDGE_LOOP ( 'NONE', ( #5555, #6888, #4232, #2787, #661, #2036, #6879, #6047, #792, #5094, #855, #5778 ) ) ;
#7067 = ORIENTED_EDGE ( 'NONE', *, *, #1876, .T. ) ;
#7068 = ORIENTED_EDGE ( 'NONE', *, *, #3393, .F. ) ;
#7069 = ORIENTED_EDGE ( 'NONE', *, *, #423, .T. ) ;
#7070 = ADVANCED_FACE ( 'NONE', ( #461 ), #5146, .F. ) ;
#7071 = ORIENTED_EDGE ( 'NONE', *, *, #3253, .T. ) ;
#7072 =( LENGTH_UNIT ( ) NAMED_UNIT ( * ) SI_UNIT ( .MILLI., .METRE. ) );
#7073 = ORIENTED_EDGE ( 'NONE', *, *, #112, .T. ) ;
#7074 = AXIS2_PLACEMENT_3D ( 'NONE', #3561, #84, #3637 ) ;
#7075 = VERTEX_POINT ( 'NONE', #2241 ) ;
#7076 = ORIENTED_EDGE ( 'NONE', *, *, #3638, .F. ) ;
#7077 = EDGE_LOOP ( 'NONE', ( #5569, #2387, #7036, #1465 ) ) ;
#7078 = VERTEX_POINT ( 'NONE', #1684 ) ;
#7079 = DIRECTION ( 'NONE',  ( -0.0000000000000000000, -0.0000000000000000000, -1.000000000000000000 ) ) ;
#7080 = CARTESIAN_POINT ( 'NONE',  ( -2.429015024641861100, 0.4728017965748428400, 1.747500000000000700 ) ) ;
#7081 = MECHANICAL_DESIGN_GEOMETRIC_PRESENTATION_REPRESENTATION (  '', ( #4730 ), #4584 ) ;
#7082 = LINE ( 'NONE', #1088, #4333 ) ;
#7083 = ORIENTED_EDGE ( 'NONE', *, *, #2208, .T. ) ;
#7084 = VERTEX_POINT ( 'NONE', #5730 ) ;
#7085 = CARTESIAN_POINT ( 'NONE',  ( -2.429015024641862000, 0.7474999999999992800, -1.502499999999999100 ) ) ;
#7086 = CARTESIAN_POINT ( 'NONE',  ( 2.556742820926709600, 0.4953236532462962400, -2.152499999999999400 ) ) ;
#7087 = LINE ( 'NONE', #1172, #1512 ) ;
#7088 = ORIENTED_EDGE ( 'NONE', *, *, #174, .F. ) ;
#7089 = DIRECTION ( 'NONE',  ( 0.9975640502598247500, 0.06975647374411821100, 0.0000000000000000000 ) ) ;
#7090 = CARTESIAN_POINT ( 'NONE',  ( -2.861477631149733600, 0.1683185773129357300, -0.2024999999999991300 ) ) ;
#7091 = CARTESIAN_POINT ( 'NONE',  ( -2.699539945113480100, 0.5205026390080010900, 1.747500000000000700 ) ) ;
#7092 = EDGE_CURVE ( 'NONE', #3943, #7333, #4908, .T. ) ;
#7093 = VECTOR ( 'NONE', #1978, 1000.000000000000000 ) ;
#7094 = ADVANCED_FACE ( 'NONE', ( #1634 ), #5316, .F. ) ;
#7095 = VERTEX_POINT ( 'NONE', #497 ) ;
#7096 = STYLED_ITEM ( 'NONE', ( #5271 ), #1791 ) ;
#7097 = DIRECTION ( 'NONE',  ( -1.000000000000000000, 0.0000000000000000000, 0.0000000000000000000 ) ) ;
#7098 = CARTESIAN_POINT ( 'NONE',  ( 2.556742820926709600, 0.4953236532462962400, -1.502499999999999100 ) ) ;
#7099 = DIRECTION ( 'NONE',  ( 1.000000000000000000, 0.0000000000000000000, 0.0000000000000000000 ) ) ;
#7100 = CARTESIAN_POINT ( 'NONE',  ( -3.200000000000000600, 0.1446467872876738600, 1.502500000000000800 ) ) ;
#7101 = CIRCLE ( 'NONE', #4558, 0.1296982034251570600 ) ;
#7102 = DIRECTION ( 'NONE',  ( 0.9975640502598246400, 0.06975647374411954300, -0.0000000000000000000 ) ) ;
#7103 = EDGE_CURVE ( 'NONE', #6058, #1215, #3989, .T. ) ;
#7104 = EDGE_CURVE ( 'NONE', #7084, #7078, #4550, .T. ) ;
#7105 = ADVANCED_FACE ( 'NONE', ( #5736 ), #7012, .T. ) ;
#7106 = DIRECTION ( 'NONE',  ( 1.000000000000000000, 4.734196693780292900E-016, -0.0000000000000000000 ) ) ;
#7107 = CARTESIAN_POINT ( 'NONE',  ( -2.429015024641861600, 0.7474999999999992800, 0.2025000000000008500 ) ) ;
#7108 = LINE ( 'NONE', #3545, #5538 ) ;
#7109 = CARTESIAN_POINT ( 'NONE',  ( -2.429015024641861100, 0.4728017965748428400, 2.397500000000000900 ) ) ;
#7110 = CYLINDRICAL_SURFACE ( 'NONE', #1409, 0.1296982034251570600 ) ;
#7111 = VECTOR ( 'NONE', #7510, 1000.000000000000000 ) ;
#7112 = ORIENTED_EDGE ( 'NONE', *, *, #6171, .T. ) ;
#7113 = DIRECTION ( 'NONE',  ( -1.000000000000000000, -3.787357355024234400E-015, 0.0000000000000000000 ) ) ;
#7114 = DIRECTION ( 'NONE',  ( -0.0000000000000000000, 1.000000000000000000, -0.0000000000000000000 ) ) ;
#7115 = DIRECTION ( 'NONE',  ( 3.469446951953614200E-016, 0.0000000000000000000, 1.000000000000000000 ) ) ;
#7116 = CARTESIAN_POINT ( 'NONE',  ( 2.429015024641860700, 0.7474999999999991700, 1.097500000000000800 ) ) ;
#7117 = VECTOR ( 'NONE', #2914, 1000.000000000000000 ) ;
#7118 = VECTOR ( 'NONE', #4163, 1000.000000000000000 ) ;
#7119 = ORIENTED_EDGE ( 'NONE', *, *, #4456, .T. ) ;
#7120 = ORIENTED_EDGE ( 'NONE', *, *, #4447, .F. ) ;
#7121 = AXIS2_PLACEMENT_3D ( 'NONE', #6677, #3717, #3191 ) ;
#7122 = CARTESIAN_POINT ( 'NONE',  ( 2.556742820926710500, 0.4953236532462962400, 1.747500000000000700 ) ) ;
#7123 = LINE ( 'NONE', #3365, #2558 ) ;
#7124 = CARTESIAN_POINT ( 'NONE',  ( 2.556742820926710500, 0.4953236532462962400, 2.397500000000000900 ) ) ;
#7125 = CARTESIAN_POINT ( 'NONE',  ( -2.200000000000002000, 0.7475000000000001600, -0.4474999999999991200 ) ) ;
#7126 = FACE_OUTER_BOUND ( 'NONE', #6347, .T. ) ;
#7127 = CARTESIAN_POINT ( 'NONE',  ( 2.556742820926710000, 0.4953236532462962400, -0.4474999999999991200 ) ) ;
#7128 = VERTEX_POINT ( 'NONE', #5238 ) ;
#7129 = EDGE_LOOP ( 'NONE', ( #5577, #849, #3153, #5497 ) ) ;
#7130 = VECTOR ( 'NONE', #3747, 999.9999999999998900 ) ;
#7131 = FACE_OUTER_BOUND ( 'NONE', #7129, .T. ) ;
#7132 = ADVANCED_FACE ( 'NONE', ( #94 ), #3054, .T. ) ;
#7133 = DIRECTION ( 'NONE',  ( 1.000000000000000000, -4.260777024402263800E-015, 0.0000000000000000000 ) ) ;
#7134 = LINE ( 'NONE', #2583, #4021 ) ;
#7135 = VERTEX_POINT ( 'NONE', #5290 ) ;
#7136 = CARTESIAN_POINT ( 'NONE',  ( 2.200000000000000600, 0.7475000000000001600, -2.397499999999999500 ) ) ;
#7137 = EDGE_CURVE ( 'NONE', #3520, #7078, #7108, .T. ) ;
#7138 = CIRCLE ( 'NONE', #4990, 0.1296982034251570600 ) ;
#7139 = CARTESIAN_POINT ( 'NONE',  ( 3.189885311307103100, -3.382275553165428400E-020, -1.097499999999999000 ) ) ;
#7140 = ADVANCED_FACE ( 'NONE', ( #2075 ), #603, .F. ) ;
#7141 = CARTESIAN_POINT ( 'NONE',  ( -2.699539945113480100, 0.5205026390080010900, 2.152500000000000700 ) ) ;
#7142 = ORIENTED_EDGE ( 'NONE', *, *, #2345, .T. ) ;
#7143 = VERTEX_POINT ( 'NONE', #3027 ) ;
#7144 = PLANE ( 'NONE',  #3804 ) ;
#7145 = DIRECTION ( 'NONE',  ( -1.000000000000000000, 0.0000000000000000000, 0.0000000000000000000 ) ) ;
#7146 = AXIS2_PLACEMENT_3D ( 'NONE', #1943, #5424, #6612 ) ;
#7147 = CYLINDRICAL_SURFACE ( 'NONE', #2663, 0.2746982034251567700 ) ;
#7148 = EDGE_CURVE ( 'NONE', #6376, #249, #1100, .T. ) ;
#7149 = UNCERTAINTY_MEASURE_WITH_UNIT (LENGTH_MEASURE( 1.000000000000000100E-005 ), #5976, 'distance_accuracy_value', 'NONE');
#7150 = EDGE_CURVE ( 'NONE', #2511, #6864, #907, .T. ) ;
#7152 = ORIENTED_EDGE ( 'NONE', *, *, #3754, .F. ) ;
#7151 = EDGE_CURVE ( 'NONE', #785, #4371, #2635, .T. ) ;
#7153 = ORIENTED_EDGE ( 'NONE', *, *, #4205, .T. ) ;
#7154 = VERTEX_POINT ( 'NONE', #5261 ) ;
#7155 = DIRECTION ( 'NONE',  ( 0.06975647374411954300, -0.9975640502598246400, 0.0000000000000000000 ) ) ;
#7156 = DIRECTION ( 'NONE',  ( 0.0000000000000000000, 0.0000000000000000000, 1.000000000000000000 ) ) ;
#7157 = CARTESIAN_POINT ( 'NONE',  ( -2.556742820926710900, 0.4953236532462962400, -0.2024999999999991300 ) ) ;
#7158 = CARTESIAN_POINT ( 'NONE',  ( 2.200000000000000600, 0.7475000000000001600, -2.397499999999999500 ) ) ;
#7159 = FACE_OUTER_BOUND ( 'NONE', #1417, .T. ) ;
#7160 = ORIENTED_EDGE ( 'NONE', *, *, #2445, .T. ) ;
#7161 = ORIENTED_EDGE ( 'NONE', *, *, #5735, .F. ) ;
#7162 = EDGE_LOOP ( 'NONE', ( #1959, #1950, #4480, #6438 ) ) ;
#7163 = CARTESIAN_POINT ( 'NONE',  ( 2.870524920471619400, 0.2977008424331583100, 1.747500000000000700 ) ) ;
#7164 = CARTESIAN_POINT ( 'NONE',  ( 2.699539945113479600, 0.5205026390080010900, -0.2024999999999991300 ) ) ;
#7165 = DIRECTION ( 'NONE',  ( -0.9848077530122081300, 0.1736481776669299100, 0.0000000000000000000 ) ) ;
#7166 = VECTOR ( 'NONE', #2666, 1000.000000000000000 ) ;
#7167 = VERTEX_POINT ( 'NONE', #5858 ) ;
#7168 = ORIENTED_EDGE ( 'NONE', *, *, #6005, .T. ) ;
#7169 = CARTESIAN_POINT ( 'NONE',  ( -2.200000000000002000, 0.7475000000000001600, 1.097500000000000800 ) ) ;
#7170 = DIRECTION ( 'NONE',  ( -0.1736481776669299100, -0.9848077530122081300, 0.0000000000000000000 ) ) ;
#7171 = AXIS2_PLACEMENT_3D ( 'NONE', #6634, #2580, #863 ) ;
#7172 = CIRCLE ( 'NONE', #7188, 0.1296982034251570600 ) ;
#7173 = ORIENTED_EDGE ( 'NONE', *, *, #123, .F. ) ;
#7174 = VERTEX_POINT ( 'NONE', #1787 ) ;
#7175 = SURFACE_STYLE_USAGE ( .BOTH. , #6607 ) ;
#7176 = DIRECTION ( 'NONE',  ( -1.000000000000000000, 0.0000000000000000000, 0.0000000000000000000 ) ) ;
#7177 = DIRECTION ( 'NONE',  ( -1.000000000000000000, 0.0000000000000000000, 0.0000000000000000000 ) ) ;
#7178 = VECTOR ( 'NONE', #6164, 1000.000000000000000 ) ;
#7179 = ORIENTED_EDGE ( 'NONE', *, *, #5928, .T. ) ;
#7180 = DIRECTION ( 'NONE',  ( -0.9975640502598247500, 0.06975647374411925200, -0.0000000000000000000 ) ) ;
#7181 = DIRECTION ( 'NONE',  ( -1.000000000000000000, 0.0000000000000000000, 0.0000000000000000000 ) ) ;
#7182 = ADVANCED_FACE ( 'NONE', ( #739 ), #110, .F. ) ;
#7183 = EDGE_CURVE ( 'NONE', #6580, #3965, #2541, .T. ) ;
#7184 = VECTOR ( 'NONE', #4972, 1000.000000000000000 ) ;
#7185 = VERTEX_POINT ( 'NONE', #7086 ) ;
#7186 = DIRECTION ( 'NONE',  ( -0.9975640502598248600, 0.06975647374411675400, 0.0000000000000000000 ) ) ;
#7187 = CARTESIAN_POINT ( 'NONE',  ( 2.200000000000000600, 0.7475000000000001600, -1.502499999999999100 ) ) ;
#7188 = AXIS2_PLACEMENT_3D ( 'NONE', #5935, #646, #86 ) ;
#7189 = FACE_OUTER_BOUND ( 'NONE', #54, .T. ) ;
#7190 = CARTESIAN_POINT ( 'NONE',  ( -2.556742820926710900, 0.4953236532462962400, 0.2025000000000008500 ) ) ;
#7191 = CIRCLE ( 'NONE', #713, 0.1296982034251575000 ) ;
#7192 = CARTESIAN_POINT ( 'NONE',  ( 2.200000000000001100, 0.6025000000000000400, -0.2024999999999991300 ) ) ;
#7193 = EDGE_CURVE ( 'NONE', #1237, #981, #7269, .T. ) ;
#7194 = CARTESIAN_POINT ( 'NONE',  ( -2.556742820926710900, 0.4953236532462962400, 0.8525000000000008100 ) ) ;
#7195 = EDGE_CURVE ( 'NONE', #3362, #116, #5342, .T. ) ;
#7196 = DIRECTION ( 'NONE',  ( -1.000000000000000000, -3.787357355024234400E-015, 0.0000000000000000000 ) ) ;
#7197 = VECTOR ( 'NONE', #1919, 1000.000000000000000 ) ;
#7198 = ORIENTED_EDGE ( 'NONE', *, *, #4971, .T. ) ;
#7199 = DIRECTION ( 'NONE',  ( -0.0000000000000000000, -0.0000000000000000000, -1.000000000000000000 ) ) ;
#7200 = CARTESIAN_POINT ( 'NONE',  ( 2.200000000000000600, 0.7475000000000001600, -2.397499999999999500 ) ) ;
#7201 = VECTOR ( 'NONE', #6996, 1000.000000000000100 ) ;
#7202 = CARTESIAN_POINT ( 'NONE',  ( -2.200000000000001500, 0.7475000000000001600, 1.747500000000000700 ) ) ;
#7203 = CARTESIAN_POINT ( 'NONE',  ( -2.851362942456836500, 0.02367179002526185300, -1.747499999999999200 ) ) ;
#7204 = EDGE_CURVE ( 'NONE', #7075, #4781, #795, .T. ) ;
#7205 = EDGE_CURVE ( 'NONE', #4697, #5027, #6513, .T. ) ;
#7206 = LINE ( 'NONE', #7200, #6475 ) ;
#7207 = FACE_OUTER_BOUND ( 'NONE', #5036, .T. ) ;
#7208 = LINE ( 'NONE', #6813, #5545 ) ;
#7209 = ORIENTED_EDGE ( 'NONE', *, *, #3058, .T. ) ;
#7210 = DIRECTION ( 'NONE',  ( -0.0000000000000000000, -0.0000000000000000000, -1.000000000000000000 ) ) ;
#7211 = DIRECTION ( 'NONE',  ( 0.0000000000000000000, 0.0000000000000000000, 1.000000000000000000 ) ) ;
#7212 = DIRECTION ( 'NONE',  ( 1.000000000000000000, 0.0000000000000000000, 0.0000000000000000000 ) ) ;
#7213 = AXIS2_PLACEMENT_3D ( 'NONE', #3288, #485, #2959 ) ;
#7214 = FACE_OUTER_BOUND ( 'NONE', #5592, .T. ) ;
#7215 = VECTOR ( 'NONE', #532, 1000.000000000000000 ) ;
#7216 = ORIENTED_EDGE ( 'NONE', *, *, #1905, .T. ) ;
#7217 = CARTESIAN_POINT ( 'NONE',  ( 2.600000000000000100, 0.2500000000000001100, -1.097499999999999000 ) ) ;
#7218 = ORIENTED_EDGE ( 'NONE', *, *, #6904, .F. ) ;
#7219 = ADVANCED_FACE ( 'NONE', ( #4127 ), #375, .F. ) ;
#7220 = CARTESIAN_POINT ( 'NONE',  ( -2.429015024641861600, 0.6024999999999999200, 0.4475000000000008400 ) ) ;
#7221 = VECTOR ( 'NONE', #2049, 1000.000000000000000 ) ;
#7222 = DIRECTION ( 'NONE',  ( -0.0000000000000000000, -0.0000000000000000000, -1.000000000000000000 ) ) ;
#7223 = LINE ( 'NONE', #4715, #6489 ) ;
#7224 = VECTOR ( 'NONE', #6383, 1000.000000000000000 ) ;
#7225 = EDGE_LOOP ( 'NONE', ( #7266, #1294, #5769, #5328 ) ) ;
#7226 = AXIS2_PLACEMENT_3D ( 'NONE', #2723, #380, #4474 ) ;
#7227 = CARTESIAN_POINT ( 'NONE',  ( 3.199999999999999300, 0.1446467872876735000, -1.747499999999999200 ) ) ;
#7228 = CARTESIAN_POINT ( 'NONE',  ( 2.870524920471618600, 0.2977008424331583100, -2.152499999999999400 ) ) ;
#7229 = PLANE ( 'NONE',  #2714 ) ;
#7230 = VECTOR ( 'NONE', #5751, 1000.000000000000000 ) ;
#7231 = FACE_OUTER_BOUND ( 'NONE', #5846, .T. ) ;
#7232 = ORIENTED_EDGE ( 'NONE', *, *, #4070, .T. ) ;
#7233 = VECTOR ( 'NONE', #1638, 1000.000000000000000 ) ;
#7234 = CARTESIAN_POINT ( 'NONE',  ( 2.556742820926710000, 0.4953236532462962400, -0.8524999999999991500 ) ) ;
#7235 = SURFACE_SIDE_STYLE ('',( #5358 ) ) ;
#7236 = EDGE_LOOP ( 'NONE', ( #3327, #5303, #60, #6232 ) ) ;
#7237 = EDGE_CURVE ( 'NONE', #1424, #828, #6406, .T. ) ;
#7238 = ORIENTED_EDGE ( 'NONE', *, *, #5024, .T. ) ;
#7239 = SURFACE_STYLE_FILL_AREA ( #3813 ) ;
#7240 = DIRECTION ( 'NONE',  ( -0.06975647374411954300, 0.9975640502598246400, 0.0000000000000000000 ) ) ;
#7241 = ORIENTED_EDGE ( 'NONE', *, *, #2908, .T. ) ;
#7242 = CARTESIAN_POINT ( 'NONE',  ( -2.429015024641861600, 0.7474999999999992800, 0.4475000000000008400 ) ) ;
#7243 = ORIENTED_EDGE ( 'NONE', *, *, #2689, .T. ) ;
#7244 = ORIENTED_EDGE ( 'NONE', *, *, #4313, .F. ) ;
#7245 = VERTEX_POINT ( 'NONE', #141 ) ;
#7246 = AXIS2_PLACEMENT_3D ( 'NONE', #2824, #3432, #3972 ) ;
#7247 = DIRECTION ( 'NONE',  ( -0.1736481776669299100, 0.9848077530122081300, -0.0000000000000000000 ) ) ;
#7248 = EDGE_CURVE ( 'NONE', #6620, #4381, #4559, .T. ) ;
#7249 = EDGE_CURVE ( 'NONE', #1494, #132, #5551, .T. ) ;
#7250 = CARTESIAN_POINT ( 'NONE',  ( 2.861477631149732700, 0.1683185773129357300, -0.4474999999999991200 ) ) ;
#7251 = ORIENTED_EDGE ( 'NONE', *, *, #6794, .T. ) ;
#7252 = ORIENTED_EDGE ( 'NONE', *, *, #184, .T. ) ;
#7253 = DIRECTION ( 'NONE',  ( -1.000000000000000000, 0.0000000000000000000, 0.0000000000000000000 ) ) ;
#7254 = DIRECTION ( 'NONE',  ( -1.000000000000000000, 0.0000000000000000000, 0.0000000000000000000 ) ) ;
#7255 = ORIENTED_EDGE ( 'NONE', *, *, #1096, .T. ) ;
#7256 = ORIENTED_EDGE ( 'NONE', *, *, #7539, .F. ) ;
#7257 = CARTESIAN_POINT ( 'NONE',  ( -2.851362942456836100, 0.02367179002526185300, 0.4475000000000008400 ) ) ;
#7258 = ADVANCED_FACE ( 'NONE', ( #7207 ), #6551, .F. ) ;
#7259 = VERTEX_POINT ( 'NONE', #6055 ) ;
#7260 = EDGE_LOOP ( 'NONE', ( #6682, #5697, #2654, #419 ) ) ;
#7261 = AXIS2_PLACEMENT_3D ( 'NONE', #2847, #1612, #7562 ) ;
#7262 = CARTESIAN_POINT ( 'NONE',  ( 2.200000000000001500, 0.1500000000000002700, 2.378752990424915800 ) ) ;
#7263 = FILL_AREA_STYLE_COLOUR ( '', #5378 ) ;
#7264 = LINE ( 'NONE', #2163, #2150 ) ;
#7265 = ORIENTED_EDGE ( 'NONE', *, *, #6360, .T. ) ;
#7266 = ORIENTED_EDGE ( 'NONE', *, *, #2512, .T. ) ;
#7267 = DIRECTION ( 'NONE',  ( -0.0000000000000000000, -0.0000000000000000000, -1.000000000000000000 ) ) ;
#7268 = CARTESIAN_POINT ( 'NONE',  ( 2.861477631149733200, 0.1683185773129356700, 2.152500000000000700 ) ) ;
#7269 = LINE ( 'NONE', #4149, #3182 ) ;
#7270 = ORIENTED_EDGE ( 'NONE', *, *, #1617, .F. ) ;
#7271 = CARTESIAN_POINT ( 'NONE',  ( -2.742797124186769700, 0.2751789857617048500, 1.747500000000000700 ) ) ;
#7272 = DIRECTION ( 'NONE',  ( -0.0000000000000000000, -0.0000000000000000000, -1.000000000000000000 ) ) ;
#7273 = CARTESIAN_POINT ( 'NONE',  ( -2.861477631149734100, 0.1683185773129357300, -1.502499999999999100 ) ) ;
#7274 = LINE ( 'NONE', #4949, #3977 ) ;
#7275 = DIRECTION ( 'NONE',  ( 1.904107053313569700E-016, -0.2588190451025213500, 0.9659258262890680900 ) ) ;
#7276 = ORIENTED_EDGE ( 'NONE', *, *, #5726, .T. ) ;
#7277 = EDGE_LOOP ( 'NONE', ( #4603, #202, #2053, #3616 ) ) ;
#7278 = EDGE_CURVE ( 'NONE', #4522, #2837, #4543, .T. ) ;
#7279 = CARTESIAN_POINT ( 'NONE',  ( 3.199999999999999700, 0.1446467872876735000, 0.8525000000000008100 ) ) ;
#7280 = FACE_OUTER_BOUND ( 'NONE', #439, .T. ) ;
#7281 = UNCERTAINTY_MEASURE_WITH_UNIT (LENGTH_MEASURE( 1.000000000000000100E-005 ), #999, 'distance_accuracy_value', 'NONE');
#7282 = CARTESIAN_POINT ( 'NONE',  ( 2.742797124186769700, 0.2751789857617048500, 2.397500000000000900 ) ) ;
#7283 = VECTOR ( 'NONE', #5706, 1000.000000000000100 ) ;
#7284 = AXIS2_PLACEMENT_3D ( 'NONE', #681, #3546, #6506 ) ;
#7285 = VECTOR ( 'NONE', #5589, 1000.000000000000000 ) ;
#7286 = ADVANCED_FACE ( 'NONE', ( #2430 ), #3181, .F. ) ;
#7287 = PLANE ( 'NONE',  #4361 ) ;
#7288 = EDGE_CURVE ( 'NONE', #1772, #5287, #3579, .T. ) ;
#7289 = DIRECTION ( 'NONE',  ( -1.000000000000000000, 4.260777024402263800E-015, -0.0000000000000000000 ) ) ;
#7290 = VECTOR ( 'NONE', #930, 1000.000000000000000 ) ;
#7291 = EDGE_CURVE ( 'NONE', #134, #6255, #4656, .T. ) ;
#7292 = DIRECTION ( 'NONE',  ( 1.000000000000000000, 4.734196693780292900E-016, -0.0000000000000000000 ) ) ;
#7293 = LINE ( 'NONE', #5638, #7111 ) ;
#7294 = ORIENTED_EDGE ( 'NONE', *, *, #5781, .F. ) ;
#7295 = DIRECTION ( 'NONE',  ( 1.000000000000000000, 4.734196693780292900E-016, -0.0000000000000000000 ) ) ;
#7296 = DIRECTION ( 'NONE',  ( -0.0000000000000000000, -0.0000000000000000000, -1.000000000000000000 ) ) ;
#7297 = CARTESIAN_POINT ( 'NONE',  ( -2.699539945113480500, 0.5205026390080010900, -0.4474999999999991200 ) ) ;
#7298 = VECTOR ( 'NONE', #3712, 1000.000000000000000 ) ;
#7299 = AXIS2_PLACEMENT_3D ( 'NONE', #800, #3585, #4751 ) ;
#7300 = LINE ( 'NONE', #3645, #3814 ) ;
#7301 = ORIENTED_EDGE ( 'NONE', *, *, #6729, .T. ) ;
#7302 = EDGE_CURVE ( 'NONE', #3312, #2386, #2726, .T. ) ;
#7303 = ORIENTED_EDGE ( 'NONE', *, *, #5282, .T. ) ;
#7304 = AXIS2_PLACEMENT_3D ( 'NONE', #6167, #7399, #2707 ) ;
#7305 = VECTOR ( 'NONE', #6203, 1000.000000000000000 ) ;
#7306 = DIRECTION ( 'NONE',  ( 0.06975647374411675400, 0.9975640502598248600, -0.0000000000000000000 ) ) ;
#7307 = FILL_AREA_STYLE_COLOUR ( '', #4198 ) ;
#7308 = FACE_OUTER_BOUND ( 'NONE', #2176, .T. ) ;
#7309 = VERTEX_POINT ( 'NONE', #1902 ) ;
#7310 = CARTESIAN_POINT ( 'NONE',  ( 2.861477631149732700, 0.1683185773129357300, 0.8525000000000008100 ) ) ;
#7311 = VERTEX_POINT ( 'NONE', #6643 ) ;
#7312 = DIRECTION ( 'NONE',  ( -1.000000000000000000, 4.734196693780292900E-016, 0.0000000000000000000 ) ) ;
#7313 = AXIS2_PLACEMENT_3D ( 'NONE', #5588, #3216, #4384 ) ;
#7314 = LINE ( 'NONE', #5704, #5480 ) ;
#7315 = ORIENTED_EDGE ( 'NONE', *, *, #3533, .T. ) ;
#7316 = CARTESIAN_POINT ( 'NONE',  ( -2.200000000000002000, 0.7475000000000001600, -0.2024999999999991300 ) ) ;
#7317 = VECTOR ( 'NONE', #2563, 1000.000000000000000 ) ;
#7318 = EDGE_LOOP ( 'NONE', ( #6394, #6680, #5680, #3064 ) ) ;
#7319 = DIRECTION ( 'NONE',  ( 0.0000000000000000000, 0.0000000000000000000, 1.000000000000000000 ) ) ;
#7320 = ORIENTED_EDGE ( 'NONE', *, *, #5223, .T. ) ;
#7321 = CARTESIAN_POINT ( 'NONE',  ( -2.200000000000002400, 0.7475000000000001600, -1.502499999999999100 ) ) ;
#7322 = VECTOR ( 'NONE', #336, 1000.000000000000000 ) ;
#7323 = ORIENTED_EDGE ( 'NONE', *, *, #2309, .F. ) ;
#7324 = ORIENTED_EDGE ( 'NONE', *, *, #4445, .F. ) ;
#7325 = ORIENTED_EDGE ( 'NONE', *, *, #1730, .F. ) ;
#7326 = CARTESIAN_POINT ( 'NONE',  ( -2.742797124186770100, 0.2751789857617048500, -0.2024999999999991300 ) ) ;
#7327 = ORIENTED_EDGE ( 'NONE', *, *, #7150, .F. ) ;
#7328 = CARTESIAN_POINT ( 'NONE',  ( -2.429015024641861100, 0.4728017965748428400, 2.397500000000000900 ) ) ;
#7329 = EDGE_CURVE ( 'NONE', #1152, #4144, #3859, .T. ) ;
#7330 = CARTESIAN_POINT ( 'NONE',  ( 2.078752990424918200, 1.199999999999999300, 2.499999999999999100 ) ) ;
#7331 = VECTOR ( 'NONE', #3410, 1000.000000000000000 ) ;
#7332 = ADVANCED_FACE ( 'NONE', ( #5293 ), #5362, .F. ) ;
#7333 = VERTEX_POINT ( 'NONE', #754 ) ;
#7334 = ORIENTED_EDGE ( 'NONE', *, *, #2197, .T. ) ;
#7335 = DIRECTION ( 'NONE',  ( 0.06975647374411675400, 0.9975640502598248600, -0.0000000000000000000 ) ) ;
#7336 = DIRECTION ( 'NONE',  ( -0.1736481776669299100, 0.9848077530122081300, -0.0000000000000000000 ) ) ;
#7337 = CARTESIAN_POINT ( 'NONE',  ( -2.600000000000000500, 0.2500000000000001100, -0.4474999999999991200 ) ) ;
#7338 = DIRECTION ( 'NONE',  ( 1.000000000000000000, 0.0000000000000000000, -0.0000000000000000000 ) ) ;
#7339 = CARTESIAN_POINT ( 'NONE',  ( 2.078752990424918200, 1.199999999999999300, 2.378752990424916300 ) ) ;
#7340 = ORIENTED_EDGE ( 'NONE', *, *, #5961, .T. ) ;
#7341 = EDGE_CURVE ( 'NONE', #6501, #2681, #198, .T. ) ;
#7342 = ORIENTED_EDGE ( 'NONE', *, *, #2160, .F. ) ;
#7343 = ORIENTED_EDGE ( 'NONE', *, *, #6170, .T. ) ;
#7344 = EDGE_CURVE ( 'NONE', #3726, #536, #6956, .T. ) ;
#7345 = EDGE_LOOP ( 'NONE', ( #4959, #5970, #6336, #4685 ) ) ;
#7346 = ORIENTED_EDGE ( 'NONE', *, *, #6358, .F. ) ;
#7347 = CARTESIAN_POINT ( 'NONE',  ( -3.189885311307104000, -3.382275553165428400E-020, -2.152499999999999400 ) ) ;
#7348 = LINE ( 'NONE', #6796, #5789 ) ;
#7349 = DIRECTION ( 'NONE',  ( -1.000000000000000000, 0.0000000000000000000, 0.0000000000000000000 ) ) ;
#7350 = AXIS2_PLACEMENT_3D ( 'NONE', #3883, #982, #3801 ) ;
#7351 = EDGE_LOOP ( 'NONE', ( #3294, #6509, #7505, #1603 ) ) ;
#7352 = ORIENTED_EDGE ( 'NONE', *, *, #4305, .F. ) ;
#7353 = DIRECTION ( 'NONE',  ( 0.9975640502598247500, 0.06975647374411804400, -0.0000000000000000000 ) ) ;
#7354 = EDGE_CURVE ( 'NONE', #61, #6544, #5289, .T. ) ;
#7355 = EDGE_CURVE ( 'NONE', #1998, #1711, #4207, .T. ) ;
#7356 = CARTESIAN_POINT ( 'NONE',  ( -1.570720790471951100, 1.099999999999999200, -1.846785749842945600 ) ) ;
#7357 = DIRECTION ( 'NONE',  ( -1.000000000000000000, 0.0000000000000000000, 0.0000000000000000000 ) ) ;
#7358 = CARTESIAN_POINT ( 'NONE',  ( -3.189885311307103500, -3.382275553165428400E-020, 1.747500000000000700 ) ) ;
#7359 = VECTOR ( 'NONE', #166, 1000.000000000000100 ) ;
#7360 = CARTESIAN_POINT ( 'NONE',  ( -3.200000000000001100, 0.1446467872876738600, -1.097499999999999000 ) ) ;
#7361 = ORIENTED_EDGE ( 'NONE', *, *, #3163, .T. ) ;
#7362 = DIRECTION ( 'NONE',  ( -0.0000000000000000000, -0.0000000000000000000, -1.000000000000000000 ) ) ;
#7363 = ORIENTED_EDGE ( 'NONE', *, *, #1296, .F. ) ;
#7364 = CARTESIAN_POINT ( 'NONE',  ( -2.870524920471619900, 0.2977008424331583100, -2.152499999999999400 ) ) ;
#7365 = CIRCLE ( 'NONE', #399, 0.2500000000000000000 ) ;
#7366 = ORIENTED_EDGE ( 'NONE', *, *, #4654, .F. ) ;
#7367 =( NAMED_UNIT ( * ) PLANE_ANGLE_UNIT ( ) SI_UNIT ( $, .RADIAN. ) );
#7368 =( NAMED_UNIT ( * ) SI_UNIT ( $, .STERADIAN. ) SOLID_ANGLE_UNIT ( ) );
#7369 = CARTESIAN_POINT ( 'NONE',  ( -3.200000000000001100, 0.1446467872876738600, 1.097500000000000800 ) ) ;
#7370 = LINE ( 'NONE', #1602, #2440 ) ;
#7371 = ORIENTED_EDGE ( 'NONE', *, *, #1913, .F. ) ;
#7372 = ADVANCED_FACE ( 'NONE', ( #2757 ), #1386, .F. ) ;
#7373 = CARTESIAN_POINT ( 'NONE',  ( 2.861477631149732300, 0.1683185773129357300, -2.152499999999999400 ) ) ;
#7374 = CARTESIAN_POINT ( 'NONE',  ( -2.861477631149733600, 0.1683185773129357900, 0.4475000000000008400 ) ) ;
#7375 = DIRECTION ( 'NONE',  ( 1.000000000000000000, -4.734196693780292900E-016, 0.0000000000000000000 ) ) ;
#7376 = CIRCLE ( 'NONE', #7403, 0.2500000000000000000 ) ;
#7377 = PRESENTATION_STYLE_ASSIGNMENT (( #5350 ) ) ;
#7378 = CARTESIAN_POINT ( 'NONE',  ( 2.861477631149732300, 0.1683185773129356700, -2.152499999999999400 ) ) ;
#7379 = DIRECTION ( 'NONE',  ( 0.0000000000000000000, -1.000000000000000000, 0.0000000000000000000 ) ) ;
#7380 = CARTESIAN_POINT ( 'NONE',  ( 2.556742820926710500, 0.4953236532462962400, 1.747500000000000700 ) ) ;
#7381 = FACE_OUTER_BOUND ( 'NONE', #6243, .T. ) ;
#7382 = ORIENTED_EDGE ( 'NONE', *, *, #4152, .T. ) ;
#7383 = VECTOR ( 'NONE', #1764, 1000.000000000000100 ) ;
#7384 = EDGE_CURVE ( 'NONE', #1147, #3835, #4921, .T. ) ;
#7385 = CIRCLE ( 'NONE', #956, 0.1296982034251570600 ) ;
#7386 = CARTESIAN_POINT ( 'NONE',  ( 2.699539945113479600, 0.5205026390080010900, -0.4474999999999991200 ) ) ;
#7387 = DIRECTION ( 'NONE',  ( 1.000000000000000000, 0.0000000000000000000, 0.0000000000000000000 ) ) ;
#7388 = FILL_AREA_STYLE_COLOUR ( '', #1885 ) ;
#7389 = AXIS2_PLACEMENT_3D ( 'NONE', #2194, #3305, #1010 ) ;
#7390 = VECTOR ( 'NONE', #270, 1000.000000000000000 ) ;
#7391 = VECTOR ( 'NONE', #4692, 1000.000000000000000 ) ;
#7392 = ORIENTED_EDGE ( 'NONE', *, *, #2008, .T. ) ;
#7393 = CARTESIAN_POINT ( 'NONE',  ( -2.851362942456835600, 0.02367179002526185300, 1.747500000000000700 ) ) ;
#7394 = EDGE_CURVE ( 'NONE', #4145, #5463, #2483, .T. ) ;
#7395 = EDGE_CURVE ( 'NONE', #4571, #3571, #2657, .T. ) ;
#7396 = EDGE_CURVE ( 'NONE', #2684, #1879, #7038, .T. ) ;
#7397 = PLANE ( 'NONE',  #2598 ) ;
#7398 = PRESENTATION_STYLE_ASSIGNMENT (( #376 ) ) ;
#7399 = DIRECTION ( 'NONE',  ( 0.0000000000000000000, 0.0000000000000000000, 1.000000000000000000 ) ) ;
#7400 = CIRCLE ( 'NONE', #139, 0.2746982034251563800 ) ;
#7401 = ORIENTED_EDGE ( 'NONE', *, *, #6698, .F. ) ;
#7402 = ORIENTED_EDGE ( 'NONE', *, *, #7040, .T. ) ;
#7403 = AXIS2_PLACEMENT_3D ( 'NONE', #2380, #4034, #4138 ) ;
#7404 = DIRECTION ( 'NONE',  ( -0.0000000000000000000, -0.0000000000000000000, -1.000000000000000000 ) ) ;
#7405 = CIRCLE ( 'NONE', #57, 0.1296982034251570600 ) ;
#7406 = DIRECTION ( 'NONE',  ( 1.000000000000000000, 0.0000000000000000000, 0.0000000000000000000 ) ) ;
#7407 = CARTESIAN_POINT ( 'NONE',  ( -2.600000000000001000, 0.2500000000000001100, -2.152499999999999400 ) ) ;
#7408 = AXIS2_PLACEMENT_3D ( 'NONE', #3927, #2685, #4405 ) ;
#7409 = DIRECTION ( 'NONE',  ( 1.000000000000000000, 0.0000000000000000000, 0.0000000000000000000 ) ) ;
#7410 = ADVANCED_FACE ( 'NONE', ( #1218 ), #6183, .F. ) ;
#7411 = CYLINDRICAL_SURFACE ( 'NONE', #5483, 0.1296982034251570600 ) ;
#7412 = ORIENTED_EDGE ( 'NONE', *, *, #7499, .T. ) ;
#7413 = DIRECTION ( 'NONE',  ( -0.1736481776669299100, -0.9848077530122081300, 0.0000000000000000000 ) ) ;
#7414 = DIRECTION ( 'NONE',  ( -0.0000000000000000000, -0.0000000000000000000, -1.000000000000000000 ) ) ;
#7415 = DIRECTION ( 'NONE',  ( -0.0000000000000000000, -0.0000000000000000000, -1.000000000000000000 ) ) ;
#7416 = LINE ( 'NONE', #4918, #2573 ) ;
#7417 = ORIENTED_EDGE ( 'NONE', *, *, #7103, .T. ) ;
#7418 = AXIS2_PLACEMENT_3D ( 'NONE', #6814, #5056, #3891 ) ;
#7419 = DIRECTION ( 'NONE',  ( -0.0000000000000000000, -0.0000000000000000000, -1.000000000000000000 ) ) ;
#7420 = VECTOR ( 'NONE', #3575, 1000.000000000000000 ) ;
#7421 = CARTESIAN_POINT ( 'NONE',  ( 2.429015024641860700, 0.4728017965748428400, -0.8524999999999991500 ) ) ;
#7422 = CARTESIAN_POINT ( 'NONE',  ( 2.200000000000001100, 0.7475000000000001600, 0.2025000000000008500 ) ) ;
#7423 = CARTESIAN_POINT ( 'NONE',  ( 3.200000000000000200, 0.1446467872876735000, 1.747500000000000700 ) ) ;
#7424 = ORIENTED_EDGE ( 'NONE', *, *, #4255, .T. ) ;
#7425 = ORIENTED_EDGE ( 'NONE', *, *, #3771, .T. ) ;
#7426 = DIRECTION ( 'NONE',  ( 1.000000000000000000, 0.0000000000000000000, 0.0000000000000000000 ) ) ;
#7427 = DIRECTION ( 'NONE',  ( 0.0000000000000000000, 0.0000000000000000000, 1.000000000000000000 ) ) ;
#7428 = VERTEX_POINT ( 'NONE', #4319 ) ;
#7429 = LINE ( 'NONE', #6092, #3751 ) ;
#7430 = DIRECTION ( 'NONE',  ( -0.0000000000000000000, -0.0000000000000000000, -1.000000000000000000 ) ) ;
#7431 = ORIENTED_EDGE ( 'NONE', *, *, #5465, .F. ) ;
#7432 = ORIENTED_EDGE ( 'NONE', *, *, #5166, .T. ) ;
#7433 = VERTEX_POINT ( 'NONE', #283 ) ;
#7434 = EDGE_CURVE ( 'NONE', #2202, #4044, #476, .T. ) ;
#7435 = VERTEX_POINT ( 'NONE', #6711 ) ;
#7436 = CARTESIAN_POINT ( 'NONE',  ( 2.699539945113479600, 0.5205026390080010900, 1.097500000000000800 ) ) ;
#7437 = DIRECTION ( 'NONE',  ( -0.1736481776669299100, -0.9848077530122081300, 0.0000000000000000000 ) ) ;
#7438 = CYLINDRICAL_SURFACE ( 'NONE', #5983, 0.2746982034251567700 ) ;
#7439 = VERTEX_POINT ( 'NONE', #3821 ) ;
#7440 = ORIENTED_EDGE ( 'NONE', *, *, #4944, .T. ) ;
#7441 = ORIENTED_EDGE ( 'NONE', *, *, #5223, .F. ) ;
#7442 = ORIENTED_EDGE ( 'NONE', *, *, #2921, .T. ) ;
#7443 = AXIS2_PLACEMENT_3D ( 'NONE', #4014, #3449, #5756 ) ;
#7444 = CARTESIAN_POINT ( 'NONE',  ( 3.199999999999999300, 0.1446467872876735000, -2.152499999999999400 ) ) ;
#7445 = CARTESIAN_POINT ( 'NONE',  ( 2.200000000000001100, 0.6025000000000000400, 0.2025000000000008500 ) ) ;
#7446 = EDGE_CURVE ( 'NONE', #4514, #2785, #5564, .T. ) ;
#7447 = CIRCLE ( 'NONE', #262, 0.2746982034251563800 ) ;
#7448 = EDGE_CURVE ( 'NONE', #6208, #927, #929, .T. ) ;
#7449 = ORIENTED_EDGE ( 'NONE', *, *, #4742, .F. ) ;
#7450 = EDGE_LOOP ( 'NONE', ( #1755, #777, #2611, #1656 ) ) ;
#7451 = ADVANCED_FACE ( 'NONE', ( #3925 ), #4927, .F. ) ;
#7452 = CARTESIAN_POINT ( 'NONE',  ( -2.200000000000002000, 0.6025000000000000400, 0.8525000000000008100 ) ) ;
#7453 = AXIS2_PLACEMENT_3D ( 'NONE', #4121, #63, #543 ) ;
#7454 = CARTESIAN_POINT ( 'NONE',  ( 2.200000000000001100, 0.7475000000000001600, 1.097500000000000800 ) ) ;
#7455 = CARTESIAN_POINT ( 'NONE',  ( -2.556742820926710900, 0.4953236532462962400, -1.097499999999999000 ) ) ;
#7456 = LINE ( 'NONE', #3861, #3777 ) ;
#7457 = VERTEX_POINT ( 'NONE', #870 ) ;
#7458 = EDGE_CURVE ( 'NONE', #1215, #5503, #3137, .T. ) ;
#7459 = AXIS2_PLACEMENT_3D ( 'NONE', #7080, #2437, #4190 ) ;
#7460 = CARTESIAN_POINT ( 'NONE',  ( 2.200000000000001100, 0.6025000000000000400, -0.4474999999999991200 ) ) ;
#7461 = DIRECTION ( 'NONE',  ( -1.000000000000000000, 4.734196693780292900E-016, 0.0000000000000000000 ) ) ;
#7462 = DIRECTION ( 'NONE',  ( -0.0000000000000000000, -0.0000000000000000000, -1.000000000000000000 ) ) ;
#7463 = CARTESIAN_POINT ( 'NONE',  ( 2.870524920471619400, 0.2977008424331583100, 1.747500000000000700 ) ) ;
#7464 = VECTOR ( 'NONE', #1116, 1000.000000000000100 ) ;
#7465 = ORIENTED_EDGE ( 'NONE', *, *, #2897, .T. ) ;
#7466 = DIRECTION ( 'NONE',  ( -0.06975647374411675400, -0.9975640502598248600, 0.0000000000000000000 ) ) ;
#7467 = FACE_OUTER_BOUND ( 'NONE', #1588, .T. ) ;
#7468 = ORIENTED_EDGE ( 'NONE', *, *, #4742, .T. ) ;
#7469 = DIRECTION ( 'NONE',  ( -1.000000000000000000, 0.0000000000000000000, 0.0000000000000000000 ) ) ;
#7470 = AXIS2_PLACEMENT_3D ( 'NONE', #1139, #4536, #6323 ) ;
#7471 = DIRECTION ( 'NONE',  ( -0.9975640502598247500, -0.06975647374411821100, 0.0000000000000000000 ) ) ;
#7472 = CARTESIAN_POINT ( 'NONE',  ( -2.200000000000002000, 0.6025000000000000400, -0.8524999999999991500 ) ) ;
#7473 = VECTOR ( 'NONE', #6228, 1000.000000000000000 ) ;
#7474 = CARTESIAN_POINT ( 'NONE',  ( -2.851362942456836500, 0.02367179002526185300, -2.397499999999999500 ) ) ;
#7475 = CIRCLE ( 'NONE', #6980, 0.1296982034251570600 ) ;
#7476 = CARTESIAN_POINT ( 'NONE',  ( 3.189885311307103100, -3.382275553165428400E-020, 0.8525000000000008100 ) ) ;
#7477 = CARTESIAN_POINT ( 'NONE',  ( 2.429015024641860300, 0.4728017965748428400, -1.747499999999999200 ) ) ;
#7478 = LINE ( 'NONE', #1968, #909 ) ;
#7479 = DIRECTION ( 'NONE',  ( -0.0000000000000000000, -0.0000000000000000000, -1.000000000000000000 ) ) ;
#7480 = CARTESIAN_POINT ( 'NONE',  ( 2.699539945113480100, 0.5205026390080010900, 1.747500000000000700 ) ) ;
#7481 = DIRECTION ( 'NONE',  ( 0.1736481776669299100, -0.9848077530122081300, 0.0000000000000000000 ) ) ;
#7482 = CARTESIAN_POINT ( 'NONE',  ( 2.199999999999999700, 0.6025000000000000400, -2.500000000000000400 ) ) ;
#7483 = VECTOR ( 'NONE', #6700, 999.9999999999998900 ) ;
#7484 = ORIENTED_EDGE ( 'NONE', *, *, #6360, .F. ) ;
#7485 = ADVANCED_FACE ( 'NONE', ( #3733 ), #331, .F. ) ;
#7486 = EDGE_CURVE ( 'NONE', #1145, #6947, #3660, .T. ) ;
#7487 = CYLINDRICAL_SURFACE ( 'NONE', #4182, 0.2500000000000000000 ) ;
#7488 = ORIENTED_EDGE ( 'NONE', *, *, #456, .F. ) ;
#7489 = CARTESIAN_POINT ( 'NONE',  ( 2.851362942456834700, 0.02367179002526185300, -2.397499999999999500 ) ) ;
#7490 = CARTESIAN_POINT ( 'NONE',  ( -3.200000000000000600, 0.1446467872876738600, 2.397500000000000900 ) ) ;
#7491 = FACE_OUTER_BOUND ( 'NONE', #4167, .T. ) ;
#7492 = EDGE_LOOP ( 'NONE', ( #1376, #6540, #7060, #2853 ) ) ;
#7493 = ORIENTED_EDGE ( 'NONE', *, *, #2848, .F. ) ;
#7494 = DIRECTION ( 'NONE',  ( -0.0000000000000000000, -0.0000000000000000000, -1.000000000000000000 ) ) ;
#7495 = FACE_OUTER_BOUND ( 'NONE', #4235, .T. ) ;
#7496 = DIRECTION ( 'NONE',  ( -0.0000000000000000000, -0.0000000000000000000, -1.000000000000000000 ) ) ;
#7497 = VECTOR ( 'NONE', #1747, 1000.000000000000000 ) ;
#7498 = VERTEX_POINT ( 'NONE', #2754 ) ;
#7499 = EDGE_CURVE ( 'NONE', #5872, #5125, #4015, .T. ) ;
#7500 = ORIENTED_EDGE ( 'NONE', *, *, #947, .F. ) ;
#7501 = EDGE_CURVE ( 'NONE', #5213, #1068, #24, .T. ) ;
#7502 = DIRECTION ( 'NONE',  ( -0.0000000000000000000, -0.0000000000000000000, -1.000000000000000000 ) ) ;
#7503 = LINE ( 'NONE', #3049, #5943 ) ;
#7504 = VERTEX_POINT ( 'NONE', #6735 ) ;
#7505 = ORIENTED_EDGE ( 'NONE', *, *, #4457, .F. ) ;
#7506 = CARTESIAN_POINT ( 'NONE',  ( -2.200000000000002000, 0.7475000000000001600, 0.2025000000000008500 ) ) ;
#7507 = EDGE_LOOP ( 'NONE', ( #4143, #2323, #966, #807 ) ) ;
#7508 = CARTESIAN_POINT ( 'NONE',  ( -1.570720790471951100, 1.199999999999999300, -1.846785749842945600 ) ) ;
#7509 = CARTESIAN_POINT ( 'NONE',  ( 2.200000000000001100, 0.7475000000000001600, -0.8524999999999991500 ) ) ;
#7510 = DIRECTION ( 'NONE',  ( 1.000000000000000000, 4.734196693780292900E-016, -0.0000000000000000000 ) ) ;
#7511 = VECTOR ( 'NONE', #1738, 1000.000000000000000 ) ;
#7512 = ORIENTED_EDGE ( 'NONE', *, *, #4152, .F. ) ;
#7513 = CLOSED_SHELL ( 'NONE', ( #1814, #4609, #6178, #725, #4227, #2988, #2200, #6568, #7021, #5793, #1405, #6484, #1148, #1340 ) ) ;
#7514 = VERTEX_POINT ( 'NONE', #3318 ) ;
#7515 = CARTESIAN_POINT ( 'NONE',  ( -2.851362942456836500, 0.02367179002526185300, -2.397499999999999500 ) ) ;
#7516 = CARTESIAN_POINT ( 'NONE',  ( 2.861477631149732700, 0.1683185773129357300, 0.4475000000000008400 ) ) ;
#7517 = CARTESIAN_POINT ( 'NONE',  ( 2.699539945113479200, 0.5205026390080010900, -2.152499999999999400 ) ) ;
#7518 = VECTOR ( 'NONE', #4642, 1000.000000000000000 ) ;
#7519 = AXIS2_PLACEMENT_3D ( 'NONE', #4619, #7479, #3973 ) ;
#7520 = VERTEX_POINT ( 'NONE', #6312 ) ;
#7521 = ORIENTED_EDGE ( 'NONE', *, *, #3618, .F. ) ;
#7522 = ORIENTED_EDGE ( 'NONE', *, *, #4161, .F. ) ;
#7523 = ADVANCED_FACE ( 'NONE', ( #3567 ), #6283, .F. ) ;
#7524 = PLANE ( 'NONE',  #6971 ) ;
#7525 = ORIENTED_EDGE ( 'NONE', *, *, #4510, .T. ) ;
#7526 = CARTESIAN_POINT ( 'NONE',  ( -2.200000000000002000, 0.7475000000000001600, 1.097500000000000800 ) ) ;
#7527 = ORIENTED_EDGE ( 'NONE', *, *, #2613, .T. ) ;
#7528 = ORIENTED_EDGE ( 'NONE', *, *, #1626, .F. ) ;
#7529 = DIRECTION ( 'NONE',  ( 0.9848077530122081300, -0.1736481776669299100, 0.0000000000000000000 ) ) ;
#7530 = DIRECTION ( 'NONE',  ( -0.06975647374411804400, 0.9975640502598247500, 0.0000000000000000000 ) ) ;
#7531 = EDGE_LOOP ( 'NONE', ( #4293, #5687 ) ) ;
#7532 = ORIENTED_EDGE ( 'NONE', *, *, #1096, .F. ) ;
#7533 = DIRECTION ( 'NONE',  ( 0.0000000000000000000, 0.0000000000000000000, -1.000000000000000000 ) ) ;
#7534 = ORIENTED_EDGE ( 'NONE', *, *, #1708, .F. ) ;
#7535 = CARTESIAN_POINT ( 'NONE',  ( 2.699539945113479200, 0.5205026390080010900, -2.152499999999999400 ) ) ;
#7536 = DIRECTION ( 'NONE',  ( 1.000000000000000000, 0.0000000000000000000, -0.0000000000000000000 ) ) ;
#7537 = CIRCLE ( 'NONE', #1291, 0.1296982034251570600 ) ;
#7538 = DIRECTION ( 'NONE',  ( -0.1736481776669299100, 0.9848077530122081300, -0.0000000000000000000 ) ) ;
#7539 = EDGE_CURVE ( 'NONE', #2677, #688, #382, .T. ) ;
#7540 = ORIENTED_EDGE ( 'NONE', *, *, #1672, .F. ) ;
#7541 = DIRECTION ( 'NONE',  ( -0.9975640502598247500, 0.06975647374411925200, -0.0000000000000000000 ) ) ;
#7542 = EDGE_LOOP ( 'NONE', ( #2331, #2592, #6154, #2336 ) ) ;
#7543 = CYLINDRICAL_SURFACE ( 'NONE', #169, 0.2746982034251563800 ) ;
#7544 = AXIS2_PLACEMENT_3D ( 'NONE', #2630, #252, #2011 ) ;
#7545 = VERTEX_POINT ( 'NONE', #6797 ) ;
#7546 = CARTESIAN_POINT ( 'NONE',  ( 2.870524920471619000, 0.2977008424331583100, -0.2024999999999991300 ) ) ;
#7547 = CARTESIAN_POINT ( 'NONE',  ( -2.429015024641861600, 0.4728017965748428400, -1.097499999999999000 ) ) ;
#7548 = EDGE_CURVE ( 'NONE', #2213, #2245, #7405, .T. ) ;
#7549 = EDGE_CURVE ( 'NONE', #5771, #4953, #2289, .T. ) ;
#7550 = EDGE_CURVE ( 'NONE', #2436, #3835, #5384, .T. ) ;
#7551 = VECTOR ( 'NONE', #117, 1000.000000000000000 ) ;
#7552 = VERTEX_POINT ( 'NONE', #5115 ) ;
#7553 = CARTESIAN_POINT ( 'NONE',  ( 2.200000000000001100, 0.6025000000000000400, 1.097500000000000800 ) ) ;
#7554 = AXIS2_PLACEMENT_3D ( 'NONE', #2888, #433, #4625 ) ;
#7555 = CARTESIAN_POINT ( 'NONE',  ( 2.870524920471619000, 0.2977008424331583100, -0.2024999999999991300 ) ) ;
#7556 = CARTESIAN_POINT ( 'NONE',  ( -2.870524920471619400, 0.2977008424331583100, 1.097500000000000800 ) ) ;
#7557 =( GEOMETRIC_REPRESENTATION_CONTEXT ( 3 ) GLOBAL_UNCERTAINTY_ASSIGNED_CONTEXT ( ( #2425 ) ) GLOBAL_UNIT_ASSIGNED_CONTEXT ( ( #4385, #7367, #4416 ) ) REPRESENTATION_CONTEXT ( 'NONE', 'WORKASPACE' ) );
#7558 = FACE_OUTER_BOUND ( 'NONE', #566, .T. ) ;
#7559 = VERTEX_POINT ( 'NONE', #7445 ) ;
#7560 = AXIS2_PLACEMENT_3D ( 'NONE', #3375, #5810, #3472 ) ;
#7561 = DIRECTION ( 'NONE',  ( -1.000000000000000000, 0.0000000000000000000, 0.0000000000000000000 ) ) ;
#7562 = DIRECTION ( 'NONE',  ( -1.000000000000000000, 0.0000000000000000000, 0.0000000000000000000 ) ) ;
#7563 = CARTESIAN_POINT ( 'NONE',  ( -3.200000000000001100, 0.1446467872876738600, 0.8525000000000008100 ) ) ;
#7564 = LINE ( 'NONE', #5917, #6181 ) ;
#7565 = ADVANCED_FACE ( 'NONE', ( #763 ), #3902, .F. ) ;
#7566 = VECTOR ( 'NONE', #516, 1000.000000000000200 ) ;
#7567 = ORIENTED_EDGE ( 'NONE', *, *, #7183, .T. ) ;
#7568 = CARTESIAN_POINT ( 'NONE',  ( 2.429015024641860700, 0.4728017965748428400, -0.8524999999999991500 ) ) ;
#7569 = AXIS2_PLACEMENT_3D ( 'NONE', #1873, #5949, #5338 ) ;
ENDSEC;
END-ISO-10303-21;
