ISO-10303-21;
HEADER;
FILE_DESCRIPTION (( 'STEP AP214' ),
    '1' );
FILE_NAME ('TE-1571983-4pole.STEP',
    '2026-04-20T11:06:09',
    ( '' ),
    ( '' ),
    'SwSTEP 2.0',
    'SolidWorks 2021',
    '' );
FILE_SCHEMA (( 'AUTOMOTIVE_DESIGN' ));
ENDSEC;

DATA;
#1 = ORIENTED_EDGE ( 'NONE', *, *, #334, .T. ) ;
#2 = EDGE_CURVE ( 'NONE', #4037, #1931, #4678, .T. ) ;
#3 = CARTESIAN_POINT ( 'NONE',  ( -1.729999999999999760, 0.8259778054016116977, 3.267971487849612000 ) ) ;
#4 = DIRECTION ( 'NONE',  ( -1.000000000000000000, -0.000000000000000000, -0.000000000000000000 ) ) ;
#5 = DIRECTION ( 'NONE',  ( 0.000000000000000000, -1.000000000000000000, 0.000000000000000000 ) ) ;
#7 = ORIENTED_EDGE ( 'NONE', *, *, #2412, .T. ) ;
#6 = DIRECTION ( 'NONE',  ( -0.000000000000000000, 0.000000000000000000, 1.000000000000000000 ) ) ;
#8 = DIRECTION ( 'NONE',  ( 1.000000000000000000, 0.000000000000000000, 0.000000000000000000 ) ) ;
#9 = ADVANCED_FACE ( 'NONE', ( #5927 ), #202, .F. ) ;
#10 = ORIENTED_EDGE ( 'NONE', *, *, #6690, .F. ) ;
#11 = MANIFOLD_SOLID_BREP ( 'Pin [5]', #2879 ) ;
#12 = DIRECTION ( 'NONE',  ( -1.000000000000000000, -0.000000000000000000, -0.000000000000000000 ) ) ;
#13 = CARTESIAN_POINT ( 'NONE',  ( 0.8100000000000003864, 0.7459778054016120707, 3.267971487849611556 ) ) ;
#14 = PRESENTATION_STYLE_ASSIGNMENT (( #5113 ) ) ;
#15 = VECTOR ( 'NONE', #965, 1000.000000000000114 ) ;
#16 = LINE ( 'NONE', #2195, #1756 ) ;
#17 = DIRECTION ( 'NONE',  ( -0.000000000000000000, -1.000000000000000000, -0.000000000000000000 ) ) ;
#18 = EDGE_CURVE ( 'NONE', #4124, #460, #1032, .T. ) ;
#19 = EDGE_CURVE ( 'NONE', #3870, #7386, #5516, .T. ) ;
#20 = FILL_AREA_STYLE ('',( #3397 ) ) ;
#21 = CIRCLE ( 'NONE', #3691, 0.08000000000000020983 ) ;
#22 = ORIENTED_EDGE ( 'NONE', *, *, #3773, .F. ) ;
#23 = DIRECTION ( 'NONE',  ( 0.000000000000000000, 0.000000000000000000, 1.000000000000000000 ) ) ;
#24 = MECHANICAL_DESIGN_GEOMETRIC_PRESENTATION_REPRESENTATION (  '', ( #3093 ), #5374 ) ;
#25 = LINE ( 'NONE', #2801, #2071 ) ;
#26 = CARTESIAN_POINT ( 'NONE',  ( 2.540000000000000036, 2.109999999999999432, 0.9000000000000000222 ) ) ;
#27 = EDGE_LOOP ( 'NONE', ( #6234, #3587, #3934, #5308 ) ) ;
#28 = ORIENTED_EDGE ( 'NONE', *, *, #5659, .T. ) ;
#29 = VECTOR ( 'NONE', #1731, 1000.000000000000000 ) ;
#30 = ORIENTED_EDGE ( 'NONE', *, *, #6889, .F. ) ;
#31 = AXIS2_PLACEMENT_3D ( 'NONE', #131, #4761, #6982 ) ;
#32 = EDGE_LOOP ( 'NONE', ( #5625, #1464, #4322, #6882 ) ) ;
#33 = CARTESIAN_POINT ( 'NONE',  ( 3.100000000000000089, 2.309999999999999609, 2.914369978401781580 ) ) ;
#34 = SURFACE_SIDE_STYLE ('',( #3814 ) ) ;
#35 = SURFACE_SIDE_STYLE ('',( #628 ) ) ;
#36 = DIRECTION ( 'NONE',  ( 1.000000000000000000, 0.000000000000000000, -0.000000000000000000 ) ) ;
#37 = CARTESIAN_POINT ( 'NONE',  ( -2.360000000000000320, 2.309999999999999609, 1.750000000000000000 ) ) ;
#38 = MANIFOLD_SOLID_BREP ( 'Pin 1', #5758 ) ;
#39 = VERTEX_POINT ( 'NONE', #2706 ) ;
#40 = EDGE_CURVE ( 'NONE', #2130, #3418, #4374, .T. ) ;
#41 = FILL_AREA_STYLE_COLOUR ( '', #1699 ) ;
#42 = DIRECTION ( 'NONE',  ( -1.000000000000000000, -0.000000000000000000, -0.000000000000000000 ) ) ;
#43 = DIRECTION ( 'NONE',  ( 0.000000000000000000, -1.000000000000000000, -2.309200021407363875E-15 ) ) ;
#44 = ORIENTED_EDGE ( 'NONE', *, *, #4616, .T. ) ;
#46 = ORIENTED_EDGE ( 'NONE', *, *, #990, .T. ) ;
#45 = SURFACE_SIDE_STYLE ('',( #1294 ) ) ;
#47 = DIRECTION ( 'NONE',  ( -0.000000000000000000, -0.000000000000000000, 1.000000000000000000 ) ) ;
#48 = ORIENTED_EDGE ( 'NONE', *, *, #7342, .F. ) ;
#49 = AXIS2_PLACEMENT_3D ( 'NONE', #2159, #6798, #5120 ) ;
#50 = EDGE_CURVE ( 'NONE', #769, #1490, #6700, .T. ) ;
#51 = FACE_OUTER_BOUND ( 'NONE', #2380, .T. ) ;
#52 = FACE_OUTER_BOUND ( 'NONE', #5720, .T. ) ;
#53 = LINE ( 'NONE', #5184, #4647 ) ;
#54 = EDGE_CURVE ( 'NONE', #5049, #5640, #6142, .T. ) ;
#55 = VECTOR ( 'NONE', #5884, 1000.000000000000000 ) ;
#56 = DIRECTION ( 'NONE',  ( 0.000000000000000000, 0.000000000000000000, -1.000000000000000000 ) ) ;
#57 = PRESENTATION_LAYER_ASSIGNMENT (  '', '', ( #4304 ) ) ;
#58 = DIRECTION ( 'NONE',  ( -0.000000000000000000, 0.000000000000000000, -1.000000000000000000 ) ) ;
#59 = PRESENTATION_LAYER_ASSIGNMENT (  '', '', ( #7205 ) ) ;
#60 =( GEOMETRIC_REPRESENTATION_CONTEXT ( 3 ) GLOBAL_UNCERTAINTY_ASSIGNED_CONTEXT ( ( #4710 ) ) GLOBAL_UNIT_ASSIGNED_CONTEXT ( ( #3280, #3909, #3355 ) ) REPRESENTATION_CONTEXT ( 'NONE', 'WORKASPACE' ) );
#61 = DIRECTION ( 'NONE',  ( -1.000000000000000000, -0.000000000000000000, -0.000000000000000000 ) ) ;
#62 = ORIENTED_EDGE ( 'NONE', *, *, #1187, .F. ) ;
#63 = EDGE_CURVE ( 'NONE', #5426, #3492, #1508, .T. ) ;
#64 = VECTOR ( 'NONE', #1151, 1000.000000000000000 ) ;
#65 = CARTESIAN_POINT ( 'NONE',  ( -1.729999999999999760, -7.047314121155778821E-16, 3.727162940046487183 ) ) ;
#66 = EDGE_CURVE ( 'NONE', #2499, #3870, #7281, .T. ) ;
#67 = CARTESIAN_POINT ( 'NONE',  ( -2.260000000000000231, 1.809999999999999609, -0.9000000000000000222 ) ) ;
#68 = EDGE_LOOP ( 'NONE', ( #2328, #3959, #1212, #2398 ) ) ;
#69 = ORIENTED_EDGE ( 'NONE', *, *, #2133, .T. ) ;
#70 = DIRECTION ( 'NONE',  ( 0.000000000000000000, 0.9914448613738116034, 0.1305261922200433300 ) ) ;
#71 = ORIENTED_EDGE ( 'NONE', *, *, #3317, .T. ) ;
#72 = EDGE_LOOP ( 'NONE', ( #2134, #1747, #6208, #1948, #4103, #4490, #1121, #2613, #2941, #1912, #1400, #6439, #4508 ) ) ;
#73 = FACE_OUTER_BOUND ( 'NONE', #1793, .T. ) ;
#74 = VECTOR ( 'NONE', #3658, 1000.000000000000000 ) ;
#75 = FACE_OUTER_BOUND ( 'NONE', #857, .T. ) ;
#76 = LINE ( 'NONE', #3930, #575 ) ;
#77 = EDGE_CURVE ( 'NONE', #2220, #7224, #4332, .T. ) ;
#78 = LINE ( 'NONE', #2914, #5167 ) ;
#79 = MECHANICAL_DESIGN_GEOMETRIC_PRESENTATION_REPRESENTATION (  '', ( #7219 ), #6852 ) ;
#80 = EDGE_LOOP ( 'NONE', ( #4366, #5906, #1871, #261 ) ) ;
#81 = CARTESIAN_POINT ( 'NONE',  ( -1.729999999999999760, 0.7459778054016127369, -3.267971487849611556 ) ) ;
#82 = SURFACE_STYLE_FILL_AREA ( #6857 ) ;
#83 = DIRECTION ( 'NONE',  ( 0.000000000000000000, 0.000000000000000000, -1.000000000000000000 ) ) ;
#84 = MECHANICAL_DESIGN_GEOMETRIC_PRESENTATION_REPRESENTATION (  '', ( #223 ), #7108 ) ;
#86 = ORIENTED_EDGE ( 'NONE', *, *, #5249, .F. ) ;
#85 =( NAMED_UNIT ( * ) PLANE_ANGLE_UNIT ( ) SI_UNIT ( $, .RADIAN. ) );
#87 = DIRECTION ( 'NONE',  ( 0.000000000000000000, -0.9914448613738108262, 0.1305261922200490754 ) ) ;
#88 = ORIENTED_EDGE ( 'NONE', *, *, #1398, .F. ) ;
#89 = UNCERTAINTY_MEASURE_WITH_UNIT (LENGTH_MEASURE( 1.000000000000000082E-05 ), #5670, 'distance_accuracy_value', 'NONE');
#90 = PLANE ( 'NONE',  #1237 ) ;
#91 = DIRECTION ( 'NONE',  ( -1.000000000000000000, -0.000000000000000000, -0.000000000000000000 ) ) ;
#92 = DIRECTION ( 'NONE',  ( -0.000000000000000000, 1.000000000000000000, -0.000000000000000000 ) ) ;
#93 = EDGE_CURVE ( 'NONE', #329, #4530, #3684, .T. ) ;
#94 = CARTESIAN_POINT ( 'NONE',  ( -0.4599999999999996869, -7.047314121155778821E-16, 3.727162940046487183 ) ) ;
#95 = CARTESIAN_POINT ( 'NONE',  ( -0.8199999999999997291, 0.8259778054016098103, 4.768369914788500505E-16 ) ) ;
#96 =( NAMED_UNIT ( * ) PLANE_ANGLE_UNIT ( ) SI_UNIT ( $, .RADIAN. ) );
#97 = VERTEX_POINT ( 'NONE', #2664 ) ;
#98 = VECTOR ( 'NONE', #714, 1000.000000000000000 ) ;
#99 = LINE ( 'NONE', #1782, #4541 ) ;
#100 = VECTOR ( 'NONE', #3374, 1000.000000000000000 ) ;
#101 = ORIENTED_EDGE ( 'NONE', *, *, #3979, .F. ) ;
#102 =( LENGTH_UNIT ( ) NAMED_UNIT ( * ) SI_UNIT ( .MILLI., .METRE. ) );
#103 =( NAMED_UNIT ( * ) SI_UNIT ( $, .STERADIAN. ) SOLID_ANGLE_UNIT ( ) );
#104 = ORIENTED_EDGE ( 'NONE', *, *, #5935, .F. ) ;
#105 = FACE_OUTER_BOUND ( 'NONE', #5702, .T. ) ;
#106 = ORIENTED_EDGE ( 'NONE', *, *, #819, .F. ) ;
#107 = EDGE_CURVE ( 'NONE', #2695, #5486, #4950, .T. ) ;
#108 = STYLED_ITEM ( 'NONE', ( #7267 ), #2637 ) ;
#109 = ORIENTED_EDGE ( 'NONE', *, *, #1723, .T. ) ;
#110 = DIRECTION ( 'NONE',  ( 1.000000000000000000, 0.000000000000000000, 0.000000000000000000 ) ) ;
#111 = CARTESIAN_POINT ( 'NONE',  ( 1.550000000000000266, 1.809999999999999387, -0.8999999999999995781 ) ) ;
#112 = CARTESIAN_POINT ( 'NONE',  ( 1.449999999999999734, 2.309999999999999609, 1.750000000000000000 ) ) ;
#113 = DIRECTION ( 'NONE',  ( 0.000000000000000000, 0.000000000000000000, -1.000000000000000000 ) ) ;
#114 = LINE ( 'NONE', #2849, #4428 ) ;
#115 = AXIS2_PLACEMENT_3D ( 'NONE', #3157, #4068, #6921 ) ;
#116 = ORIENTED_EDGE ( 'NONE', *, *, #295, .F. ) ;
#117 = EDGE_CURVE ( 'NONE', #2882, #1132, #7244, .T. ) ;
#118 = EDGE_LOOP ( 'NONE', ( #6601, #767, #4320, #1382 ) ) ;
#119 = AXIS2_PLACEMENT_3D ( 'NONE', #1596, #1704, #6190 ) ;
#120 = UNCERTAINTY_MEASURE_WITH_UNIT (LENGTH_MEASURE( 1.000000000000000082E-05 ), #2641, 'distance_accuracy_value', 'NONE');
#121 =( LENGTH_UNIT ( ) NAMED_UNIT ( * ) SI_UNIT ( .MILLI., .METRE. ) );
#122 = FACE_OUTER_BOUND ( 'NONE', #219, .T. ) ;
#123 = DIRECTION ( 'NONE',  ( 0.000000000000000000, 0.000000000000000000, 1.000000000000000000 ) ) ;
#125 = ORIENTED_EDGE ( 'NONE', *, *, #1740, .F. ) ;
#124 = SURFACE_STYLE_FILL_AREA ( #5209 ) ;
#126 = PRESENTATION_LAYER_ASSIGNMENT (  '', '', ( #4858 ) ) ;
#127 = PRESENTATION_STYLE_ASSIGNMENT (( #6936 ) ) ;
#128 = VERTEX_POINT ( 'NONE', #6548 ) ;
#129 = CARTESIAN_POINT ( 'NONE',  ( -0.9900000000000002132, 1.809999999999999609, -0.9000000000000000222 ) ) ;
#130 = MECHANICAL_DESIGN_GEOMETRIC_PRESENTATION_REPRESENTATION (  '', ( #1301 ), #3442 ) ;
#131 = CARTESIAN_POINT ( 'NONE',  ( 1.080000000000000293, 2.109999999999999432, 1.750000000000000000 ) ) ;
#132 = CARTESIAN_POINT ( 'NONE',  ( 0.8100000000000003864, 0.9759778054016128301, 3.267971487849612000 ) ) ;
#133 = CARTESIAN_POINT ( 'NONE',  ( -1.729999999999999760, 2.350550309948560991E-14, -4.065000000000001279 ) ) ;
#134 = EDGE_CURVE ( 'NONE', #276, #6143, #6175, .T. ) ;
#135 =( GEOMETRIC_REPRESENTATION_CONTEXT ( 3 ) GLOBAL_UNCERTAINTY_ASSIGNED_CONTEXT ( ( #6243 ) ) GLOBAL_UNIT_ASSIGNED_CONTEXT ( ( #1438, #2590, #6584 ) ) REPRESENTATION_CONTEXT ( 'NONE', 'WORKASPACE' ) );
#136 = ORIENTED_EDGE ( 'NONE', *, *, #4096, .T. ) ;
#137 = CARTESIAN_POINT ( 'NONE',  ( 2.080000000000000071, 0.2299999999999995104, -3.497971487849612426 ) ) ;
#138 = ORIENTED_EDGE ( 'NONE', *, *, #5790, .T. ) ;
#139 = EDGE_LOOP ( 'NONE', ( #1392, #2734, #6176, #1278 ) ) ;
#140 = CARTESIAN_POINT ( 'NONE',  ( 0.2800000000000003042, 2.310000000000000053, -0.09999999999999961697 ) ) ;
#141 = VECTOR ( 'NONE', #1041, 1000.000000000000000 ) ;
#142 = ORIENTED_EDGE ( 'NONE', *, *, #5659, .F. ) ;
#143 = DIRECTION ( 'NONE',  ( -1.000000000000000000, -0.000000000000000000, -0.000000000000000000 ) ) ;
#144 = VECTOR ( 'NONE', #1014, 1000.000000000000000 ) ;
#145 = ORIENTED_EDGE ( 'NONE', *, *, #952, .F. ) ;
#146 = PRESENTATION_LAYER_ASSIGNMENT (  '', '', ( #5366 ) ) ;
#147 = ADVANCED_FACE ( 'NONE', ( #5618 ), #6253, .T. ) ;
#148 = VECTOR ( 'NONE', #3178, 1000.000000000000000 ) ;
#149 = ORIENTED_EDGE ( 'NONE', *, *, #6219, .T. ) ;
#150 =( NAMED_UNIT ( * ) SI_UNIT ( $, .STERADIAN. ) SOLID_ANGLE_UNIT ( ) );
#151 = FILL_AREA_STYLE_COLOUR ( '', #2746 ) ;
#152 = CARTESIAN_POINT ( 'NONE',  ( 2.080000000000000071, 0.2300000000000000655, 3.727162940046486739 ) ) ;
#153 = FILL_AREA_STYLE ('',( #1324 ) ) ;
#154 = EDGE_CURVE ( 'NONE', #181, #1730, #1614, .T. ) ;
#155 = PRESENTATION_LAYER_ASSIGNMENT (  '', '', ( #3935 ) ) ;
#156 = PRESENTATION_LAYER_ASSIGNMENT (  '', '', ( #3093 ) ) ;
#157 = ORIENTED_EDGE ( 'NONE', *, *, #93, .T. ) ;
#158 = ORIENTED_EDGE ( 'NONE', *, *, #3750, .T. ) ;
#159 =( NAMED_UNIT ( * ) SI_UNIT ( $, .STERADIAN. ) SOLID_ANGLE_UNIT ( ) );
#160 = CARTESIAN_POINT ( 'NONE',  ( 0.2800000000000003042, 2.310000000000000053, 0.9000000000000003553 ) ) ;
#161 =( GEOMETRIC_REPRESENTATION_CONTEXT ( 3 ) GLOBAL_UNCERTAINTY_ASSIGNED_CONTEXT ( ( #5868 ) ) GLOBAL_UNIT_ASSIGNED_CONTEXT ( ( #4181, #6465, #3693 ) ) REPRESENTATION_CONTEXT ( 'NONE', 'WORKASPACE' ) );
#162 = DIRECTION ( 'NONE',  ( 0.000000000000000000, 1.204669080539449590E-16, 1.000000000000000000 ) ) ;
#163 = SURFACE_STYLE_FILL_AREA ( #7012 ) ;
#164 = EDGE_CURVE ( 'NONE', #4669, #6244, #1647, .T. ) ;
#166 = VERTEX_POINT ( 'NONE', #1147 ) ;
#165 =( NAMED_UNIT ( * ) SI_UNIT ( $, .STERADIAN. ) SOLID_ANGLE_UNIT ( ) );
#167 = ORIENTED_EDGE ( 'NONE', *, *, #6901, .F. ) ;
#168 = DIRECTION ( 'NONE',  ( -0.000000000000000000, 1.000000000000000000, -0.000000000000000000 ) ) ;
#169 = CARTESIAN_POINT ( 'NONE',  ( 2.080000000000000071, 0.7459778054016127369, -3.267971487849611556 ) ) ;
#170 = CARTESIAN_POINT ( 'NONE',  ( 1.720000000000000195, 0.9759778054016128301, 3.267971487849612000 ) ) ;
#171 = PRODUCT_CONTEXT ( 'NONE', #7286, 'mechanical' ) ;
#172 = LINE ( 'NONE', #2415, #4492 ) ;
#173 = FACE_OUTER_BOUND ( 'NONE', #4215, .T. ) ;
#174 = LINE ( 'NONE', #4608, #6205 ) ;
#175 = SURFACE_STYLE_USAGE ( .BOTH. , #3577 ) ;
#176 = ORIENTED_EDGE ( 'NONE', *, *, #3266, .F. ) ;
#177 = AXIS2_PLACEMENT_3D ( 'NONE', #785, #1876, #5360 ) ;
#178 = DIRECTION ( 'NONE',  ( -1.000000000000000000, 0.000000000000000000, 0.000000000000000000 ) ) ;
#179 = CARTESIAN_POINT ( 'NONE',  ( 0.8100000000000003864, 0.1500000000000008271, 4.065000000000000391 ) ) ;
#180 = LINE ( 'NONE', #3058, #2230 ) ;
#181 = VERTEX_POINT ( 'NONE', #3932 ) ;
#182 = EDGE_CURVE ( 'NONE', #39, #6404, #1113, .T. ) ;
#183 =( NAMED_UNIT ( * ) SI_UNIT ( $, .STERADIAN. ) SOLID_ANGLE_UNIT ( ) );
#184 = VECTOR ( 'NONE', #1145, 1000.000000000000000 ) ;
#185 = ORIENTED_EDGE ( 'NONE', *, *, #3307, .F. ) ;
#186 = ORIENTED_EDGE ( 'NONE', *, *, #2080, .F. ) ;
#187 = STYLED_ITEM ( 'NONE', ( #1258 ), #5508 ) ;
#188 = ORIENTED_EDGE ( 'NONE', *, *, #3773, .T. ) ;
#189 = CARTESIAN_POINT ( 'NONE',  ( 2.080000000000000071, 0.000000000000000000, -4.065000000000001279 ) ) ;
#190 =( LENGTH_UNIT ( ) NAMED_UNIT ( * ) SI_UNIT ( .MILLI., .METRE. ) );
#191 = VECTOR ( 'NONE', #6839, 1000.000000000000000 ) ;
#192 = PLANE ( 'NONE',  #3736 ) ;
#193 = MECHANICAL_DESIGN_GEOMETRIC_PRESENTATION_REPRESENTATION (  '', ( #6475 ), #3128 ) ;
#194 = EDGE_CURVE ( 'NONE', #3596, #6166, #4441, .T. ) ;
#195 = EDGE_LOOP ( 'NONE', ( #7385, #1385, #5279, #1590 ) ) ;
#196 = ORIENTED_EDGE ( 'NONE', *, *, #1759, .T. ) ;
#197 = DIRECTION ( 'NONE',  ( -0.000000000000000000, 0.000000000000000000, 1.000000000000000000 ) ) ;
#198 = FACE_OUTER_BOUND ( 'NONE', #2700, .T. ) ;
#199 = DIRECTION ( 'NONE',  ( 0.000000000000000000, -1.000000000000000000, 8.405029527513197557E-16 ) ) ;
#200 = VECTOR ( 'NONE', #1973, 1000.000000000000000 ) ;
#202 = PLANE ( 'NONE',  #6352 ) ;
#201 = FILL_AREA_STYLE ('',( #3002 ) ) ;
#203 = DIRECTION ( 'NONE',  ( -1.000000000000000000, 0.000000000000000000, -0.000000000000000000 ) ) ;
#204 = ORIENTED_EDGE ( 'NONE', *, *, #6707, .T. ) ;
#205 = EDGE_CURVE ( 'NONE', #2916, #393, #3379, .T. ) ;
#206 = CARTESIAN_POINT ( 'NONE',  ( -1.729999999999999760, 0.7459778054016127369, -3.347971487849612959 ) ) ;
#207 = DIRECTION ( 'NONE',  ( -1.000000000000000000, -0.000000000000000000, -0.000000000000000000 ) ) ;
#208 =( LENGTH_UNIT ( ) NAMED_UNIT ( * ) SI_UNIT ( .MILLI., .METRE. ) );
#209 = CARTESIAN_POINT ( 'NONE',  ( 2.080000000000000071, 0.7459778054016127369, -3.267971487849611556 ) ) ;
#210 = SURFACE_SIDE_STYLE ('',( #7026 ) ) ;
#211 = DIRECTION ( 'NONE',  ( 0.000000000000000000, 0.000000000000000000, 1.000000000000000000 ) ) ;
#212 = STYLED_ITEM ( 'NONE', ( #4188 ), #2274 ) ;
#213 = ADVANCED_FACE ( 'NONE', ( #557 ), #3824, .F. ) ;
#214 = ORIENTED_EDGE ( 'NONE', *, *, #2595, .F. ) ;
#215 = CARTESIAN_POINT ( 'NONE',  ( 3.100000000000000089, 0.9000000000000002442, 3.100000000000000089 ) ) ;
#216 = FACE_OUTER_BOUND ( 'NONE', #3774, .T. ) ;
#217 = ORIENTED_EDGE ( 'NONE', *, *, #6901, .T. ) ;
#218 = LINE ( 'NONE', #6458, #5345 ) ;
#219 = EDGE_LOOP ( 'NONE', ( #3445, #5340, #5831, #1273 ) ) ;
#220 = DIRECTION ( 'NONE',  ( 0.000000000000000000, 0.9659258262890704216, -0.2588190451025127459 ) ) ;
#221 = UNCERTAINTY_MEASURE_WITH_UNIT (LENGTH_MEASURE( 1.000000000000000082E-05 ), #6749, 'distance_accuracy_value', 'NONE');
#222 = VERTEX_POINT ( 'NONE', #2219 ) ;
#223 = STYLED_ITEM ( 'NONE', ( #2107 ), #2123 ) ;
#224 = ORIENTED_EDGE ( 'NONE', *, *, #2589, .T. ) ;
#225 = SURFACE_SIDE_STYLE ('',( #3553 ) ) ;
#226 =( NAMED_UNIT ( * ) PLANE_ANGLE_UNIT ( ) SI_UNIT ( $, .RADIAN. ) );
#227 = PLANE ( 'NONE',  #425 ) ;
#228 = VECTOR ( 'NONE', #947, 1000.000000000000000 ) ;
#229 = EDGE_LOOP ( 'NONE', ( #4431, #2278, #6473, #2653 ) ) ;
#230 = EDGE_LOOP ( 'NONE', ( #7355, #6949, #5191, #5289, #713, #6574, #7389, #4175, #1423, #2804, #5205, #5500, #1845 ) ) ;
#231 = EDGE_CURVE ( 'NONE', #2934, #4060, #3308, .T. ) ;
#232 = CIRCLE ( 'NONE', #7136, 0.2300000000000005929 ) ;
#233 = DIRECTION ( 'NONE',  ( -1.000000000000000000, 0.000000000000000000, 0.000000000000000000 ) ) ;
#234 = CARTESIAN_POINT ( 'NONE',  ( 0.8100000000000003864, 0.8259778054016116977, -3.267971487849612000 ) ) ;
#235 = LINE ( 'NONE', #4673, #6676 ) ;
#236 = DIRECTION ( 'NONE',  ( 0.000000000000000000, -0.000000000000000000, 1.000000000000000000 ) ) ;
#237 = ORIENTED_EDGE ( 'NONE', *, *, #1992, .F. ) ;
#239 = VERTEX_POINT ( 'NONE', #6148 ) ;
#238 = CARTESIAN_POINT ( 'NONE',  ( -1.729999999999999760, 0.000000000000000000, 4.065000000000001279 ) ) ;
#240 = DIRECTION ( 'NONE',  ( 0.000000000000000000, -3.045953970873614345E-15, 1.000000000000000000 ) ) ;
#241 = MECHANICAL_DESIGN_GEOMETRIC_PRESENTATION_REPRESENTATION (  '', ( #6643 ), #2112 ) ;
#242 = SURFACE_STYLE_FILL_AREA ( #3078 ) ;
#243 = CARTESIAN_POINT ( 'NONE',  ( 2.250000000000000444, 1.909999999999999476, -0.09999999999999961697 ) ) ;
#244 = CARTESIAN_POINT ( 'NONE',  ( 0.000000000000000000, 1.809999999999999609, 0.000000000000000000 ) ) ;
#245 = VECTOR ( 'NONE', #1451, 1000.000000000000227 ) ;
#246 = CARTESIAN_POINT ( 'NONE',  ( -0.2899999999999998690, 1.909999999999999476, -0.09999999999999961697 ) ) ;
#247 = CARTESIAN_POINT ( 'NONE',  ( -1.729999999999999760, 0.9000000000000003553, 3.100000000000000533 ) ) ;
#248 = EDGE_CURVE ( 'NONE', #5815, #2542, #3424, .T. ) ;
#249 = FACE_OUTER_BOUND ( 'NONE', #2085, .T. ) ;
#250 = STYLED_ITEM ( 'NONE', ( #1077 ), #4417 ) ;
#251 =( GEOMETRIC_REPRESENTATION_CONTEXT ( 3 ) GLOBAL_UNCERTAINTY_ASSIGNED_CONTEXT ( ( #2805 ) ) GLOBAL_UNIT_ASSIGNED_CONTEXT ( ( #7183, #941, #7299 ) ) REPRESENTATION_CONTEXT ( 'NONE', 'WORKASPACE' ) );
#252 = SURFACE_STYLE_USAGE ( .BOTH. , #1343 ) ;
#253 = ORIENTED_EDGE ( 'NONE', *, *, #422, .F. ) ;
#254 = LINE ( 'NONE', #5301, #3240 ) ;
#255 = VERTEX_POINT ( 'NONE', #5587 ) ;
#256 = SURFACE_STYLE_USAGE ( .BOTH. , #3584 ) ;
#257 = ADVANCED_FACE ( 'NONE', ( #2113 ), #1655, .T. ) ;
#258 = EDGE_LOOP ( 'NONE', ( #5611, #4279, #6576, #4518 ) ) ;
#259 = DIRECTION ( 'NONE',  ( -0.000000000000000000, 0.000000000000000000, 1.000000000000000000 ) ) ;
#260 = ORIENTED_EDGE ( 'NONE', *, *, #4851, .F. ) ;
#261 = ORIENTED_EDGE ( 'NONE', *, *, #1304, .T. ) ;
#262 = ORIENTED_EDGE ( 'NONE', *, *, #4355, .F. ) ;
#263 = CARTESIAN_POINT ( 'NONE',  ( 3.100000000000000089, -0.7147114317029832353, 2.667339375865894091 ) ) ;
#264 = LINE ( 'NONE', #5354, #6366 ) ;
#265 = CARTESIAN_POINT ( 'NONE',  ( 0.4500000000000002887, 0.1500000000000017153, -3.339236242140380218E-17 ) ) ;
#266 = PRESENTATION_LAYER_ASSIGNMENT (  '', '', ( #3200 ) ) ;
#267 = VECTOR ( 'NONE', #892, 1000.000000000000000 ) ;
#268 = VERTEX_POINT ( 'NONE', #6819 ) ;
#269 = CIRCLE ( 'NONE', #2253, 0.2300000000000005929 ) ;
#270 = ORIENTED_EDGE ( 'NONE', *, *, #6309, .F. ) ;
#271 = LINE ( 'NONE', #956, #7334 ) ;
#272 = LINE ( 'NONE', #5244, #4702 ) ;
#273 = STYLED_ITEM ( 'NONE', ( #6758 ), #782 ) ;
#274 = CARTESIAN_POINT ( 'NONE',  ( 2.250000000000000444, 2.310000000000000053, 0.9000000000000003553 ) ) ;
#275 = DIRECTION ( 'NONE',  ( -0.000000000000000000, 8.405029527513197557E-16, 1.000000000000000000 ) ) ;
#276 = VERTEX_POINT ( 'NONE', #5034 ) ;
#277 = EDGE_CURVE ( 'NONE', #1799, #3027, #2749, .T. ) ;
#278 = FILL_AREA_STYLE_COLOUR ( '', #6909 ) ;
#279 = PRESENTATION_LAYER_ASSIGNMENT (  '', '', ( #4171 ) ) ;
#280 = VECTOR ( 'NONE', #4955, 1000.000000000000114 ) ;
#281 = SURFACE_STYLE_USAGE ( .BOTH. , #4195 ) ;
#282 = CARTESIAN_POINT ( 'NONE',  ( -2.259999999999999787, 1.809999999999999609, 0.9000000000000003553 ) ) ;
#283 = DIRECTION ( 'NONE',  ( 0.000000000000000000, -0.9659258262890693114, -0.2588190451025172978 ) ) ;
#284 = LINE ( 'NONE', #2529, #1060 ) ;
#285 = DIRECTION ( 'NONE',  ( 0.000000000000000000, 0.000000000000000000, 1.000000000000000000 ) ) ;
#286 = EDGE_CURVE ( 'NONE', #6616, #1800, #2186, .T. ) ;
#287 = CARTESIAN_POINT ( 'NONE',  ( 0.8100000000000003864, 0.1500000000000017153, -3.339236242140380218E-17 ) ) ;
#288 = CARTESIAN_POINT ( 'NONE',  ( 2.250000000000000444, 1.809999999999999609, 0.9000000000000003553 ) ) ;
#289 = SURFACE_STYLE_USAGE ( .BOTH. , #5412 ) ;
#290 = FACE_OUTER_BOUND ( 'NONE', #2807, .T. ) ;
#291 = ORIENTED_EDGE ( 'NONE', *, *, #3816, .F. ) ;
#292 = DIRECTION ( 'NONE',  ( -0.000000000000000000, -1.000000000000000000, -0.000000000000000000 ) ) ;
#293 = EDGE_LOOP ( 'NONE', ( #6085, #6542, #6494, #6346, #1854, #5838, #1282, #3650, #595, #5570, #5575, #1372, #5388 ) ) ;
#294 = EDGE_CURVE ( 'NONE', #7224, #6404, #7253, .T. ) ;
#295 = EDGE_CURVE ( 'NONE', #6803, #3728, #6221, .T. ) ;
#296 = EDGE_LOOP ( 'NONE', ( #4920, #6891, #6928, #402, #568, #2770, #839, #3021, #1529, #7265, #3140, #1988, #7145 ) ) ;
#297 = SURFACE_STYLE_FILL_AREA ( #4849 ) ;
#298 = DIRECTION ( 'NONE',  ( 0.000000000000000000, -1.000000000000000000, 5.782411586589324901E-15 ) ) ;
#299 = DIRECTION ( 'NONE',  ( 0.000000000000000000, -0.9659258262890693114, -0.2588190451025172978 ) ) ;
#300 = DIRECTION ( 'NONE',  ( 0.000000000000000000, 0.9914448613738116034, 0.1305261922200433300 ) ) ;
#301 = ORIENTED_EDGE ( 'NONE', *, *, #3681, .F. ) ;
#302 = VECTOR ( 'NONE', #5845, 1000.000000000000000 ) ;
#303 = ORIENTED_EDGE ( 'NONE', *, *, #4583, .T. ) ;
#304 = EDGE_CURVE ( 'NONE', #4669, #7236, #3348, .T. ) ;
#305 = ORIENTED_EDGE ( 'NONE', *, *, #2684, .T. ) ;
#306 = LINE ( 'NONE', #1465, #5212 ) ;
#307 = AXIS2_PLACEMENT_3D ( 'NONE', #1857, #3437, #2868 ) ;
#308 = DIRECTION ( 'NONE',  ( -1.000000000000000000, -0.000000000000000000, -0.000000000000000000 ) ) ;
#309 = PLANE ( 'NONE',  #7235 ) ;
#310 = CARTESIAN_POINT ( 'NONE',  ( 0.9800000000000002043, 2.109999999999999432, 0.000000000000000000 ) ) ;
#311 = PRESENTATION_LAYER_ASSIGNMENT (  '', '', ( #5886 ) ) ;
#312 =( NAMED_UNIT ( * ) SI_UNIT ( $, .STERADIAN. ) SOLID_ANGLE_UNIT ( ) );
#313 = CARTESIAN_POINT ( 'NONE',  ( -1.729999999999999760, 0.000000000000000000, -3.347971487849612959 ) ) ;
#314 = VECTOR ( 'NONE', #61, 1000.000000000000000 ) ;
#315 = DIRECTION ( 'NONE',  ( -1.000000000000000000, -0.000000000000000000, -0.000000000000000000 ) ) ;
#316 = FACE_OUTER_BOUND ( 'NONE', #6161, .T. ) ;
#317 = LINE ( 'NONE', #4378, #3101 ) ;
#318 = VECTOR ( 'NONE', #3556, 1000.000000000000000 ) ;
#319 = DIRECTION ( 'NONE',  ( -1.000000000000000000, -0.000000000000000000, -0.000000000000000000 ) ) ;
#320 = DIRECTION ( 'NONE',  ( -1.000000000000000000, 0.000000000000000000, 0.000000000000000000 ) ) ;
#321 = STYLED_ITEM ( 'NONE', ( #4016 ), #5100 ) ;
#322 = DIRECTION ( 'NONE',  ( -1.000000000000000000, -0.000000000000000000, -0.000000000000000000 ) ) ;
#323 = EDGE_CURVE ( 'NONE', #1770, #1575, #4994, .T. ) ;
#324 = FACE_OUTER_BOUND ( 'NONE', #6422, .T. ) ;
#325 = ORIENTED_EDGE ( 'NONE', *, *, #1355, .F. ) ;
#326 = PRESENTATION_LAYER_ASSIGNMENT (  '', '', ( #212 ) ) ;
#327 = EDGE_CURVE ( 'NONE', #1017, #2390, #524, .T. ) ;
#328 = ORIENTED_EDGE ( 'NONE', *, *, #4733, .F. ) ;
#329 = VERTEX_POINT ( 'NONE', #1120 ) ;
#330 = CARTESIAN_POINT ( 'NONE',  ( 0.4500000000000002887, 0.000000000000000000, -4.065000000000001279 ) ) ;
#331 = DIRECTION ( 'NONE',  ( 0.000000000000000000, 0.000000000000000000, -1.000000000000000000 ) ) ;
#332 = DIRECTION ( 'NONE',  ( 0.000000000000000000, 0.000000000000000000, 1.000000000000000000 ) ) ;
#333 = VERTEX_POINT ( 'NONE', #7287 ) ;
#334 = EDGE_CURVE ( 'NONE', #7236, #2882, #1008, .T. ) ;
#335 = VERTEX_POINT ( 'NONE', #6783 ) ;
#336 = ORIENTED_EDGE ( 'NONE', *, *, #7264, .F. ) ;
#337 = CARTESIAN_POINT ( 'NONE',  ( 0.4500000000000002887, 0.8999999999999998002, -3.100000000000000089 ) ) ;
#338 = ORIENTED_EDGE ( 'NONE', *, *, #164, .F. ) ;
#339 = FACE_OUTER_BOUND ( 'NONE', #6633, .T. ) ;
#340 = DIRECTION ( 'NONE',  ( 1.000000000000000000, 0.000000000000000000, 0.000000000000000000 ) ) ;
#341 =( LENGTH_UNIT ( ) NAMED_UNIT ( * ) SI_UNIT ( .MILLI., .METRE. ) );
#342 = EDGE_CURVE ( 'NONE', #4075, #3699, #6672, .T. ) ;
#343 = FACE_OUTER_BOUND ( 'NONE', #6348, .T. ) ;
#344 = VERTEX_POINT ( 'NONE', #567 ) ;
#345 = LINE ( 'NONE', #967, #3624 ) ;
#346 = FILL_AREA_STYLE ('',( #2069 ) ) ;
#347 = CARTESIAN_POINT ( 'NONE',  ( -2.360000000000000320, 2.109999999999999432, -1.750000000000000000 ) ) ;
#348 =( GEOMETRIC_REPRESENTATION_CONTEXT ( 3 ) GLOBAL_UNCERTAINTY_ASSIGNED_CONTEXT ( ( #3224 ) ) GLOBAL_UNIT_ASSIGNED_CONTEXT ( ( #6693, #4509, #5053 ) ) REPRESENTATION_CONTEXT ( 'NONE', 'WORKASPACE' ) );
#349 = CARTESIAN_POINT ( 'NONE',  ( 2.080000000000000071, 0.9000000000000003553, 3.100000000000000533 ) ) ;
#350 = PLANE ( 'NONE',  #4641 ) ;
#351 = COLOUR_RGB ( '',0.2509803921568627416, 0.2509803921568627416, 0.2509803921568627416 ) ;
#352 = CARTESIAN_POINT ( 'NONE',  ( 0.8100000000000003864, 0.1500000000000008271, 4.065000000000000391 ) ) ;
#353 = CARTESIAN_POINT ( 'NONE',  ( -2.260000000000000231, 1.809999999999999609, -0.9000000000000000222 ) ) ;
#354 = ORIENTED_EDGE ( 'NONE', *, *, #1178, .T. ) ;
#355 = FACE_OUTER_BOUND ( 'NONE', #1846, .T. ) ;
#356 = EDGE_CURVE ( 'NONE', #6937, #1575, #5552, .T. ) ;
#357 = FILL_AREA_STYLE_COLOUR ( '', #535 ) ;
#358 = ORIENTED_EDGE ( 'NONE', *, *, #6410, .T. ) ;
#359 = FACE_BOUND ( 'NONE', #7332, .T. ) ;
#360 = DIRECTION ( 'NONE',  ( -1.000000000000000000, -0.000000000000000000, -0.000000000000000000 ) ) ;
#361 = VECTOR ( 'NONE', #1176, 1000.000000000000000 ) ;
#362 = CARTESIAN_POINT ( 'NONE',  ( 2.080000000000000071, 0.000000000000000000, 0.000000000000000000 ) ) ;
#363 = CYLINDRICAL_SURFACE ( 'NONE', #3842, 0.08000000000000020983 ) ;
#364 = EDGE_LOOP ( 'NONE', ( #3604, #2501, #2464, #3671 ) ) ;
#365 = EDGE_CURVE ( 'NONE', #510, #6096, #4638, .T. ) ;
#366 = EDGE_LOOP ( 'NONE', ( #3142, #4326, #3380, #3366, #6873, #4734, #262, #4861 ) ) ;
#367 = ORIENTED_EDGE ( 'NONE', *, *, #3415, .F. ) ;
#368 = CARTESIAN_POINT ( 'NONE',  ( -0.8199999999999997291, 0.1704716196264193517, 3.504999999999999893 ) ) ;
#369 = ORIENTED_EDGE ( 'NONE', *, *, #1061, .T. ) ;
#370 = COLOUR_RGB ( '',1.000000000000000000, 1.000000000000000000, 1.000000000000000000 ) ;
#371 = PLANE ( 'NONE',  #3760 ) ;
#372 = EDGE_CURVE ( 'NONE', #4426, #4285, #6934, .T. ) ;
#373 = CARTESIAN_POINT ( 'NONE',  ( -1.729999999999999760, 0.1500000000000009381, -3.577971487849614274 ) ) ;
#374 = CARTESIAN_POINT ( 'NONE',  ( -0.9899999999999997691, 1.809999999999999609, 0.9000000000000003553 ) ) ;
#376 = DIRECTION ( 'NONE',  ( 0.000000000000000000, 0.000000000000000000, -1.000000000000000000 ) ) ;
#375 = SURFACE_SIDE_STYLE ('',( #2028 ) ) ;
#377 = AXIS2_PLACEMENT_3D ( 'NONE', #1764, #1076, #562 ) ;
#378 = CARTESIAN_POINT ( 'NONE',  ( 0.2799999999999998601, 1.809999999999999609, -0.9000000000000000222 ) ) ;
#379 = VECTOR ( 'NONE', #901, 1000.000000000000000 ) ;
#380 = ORIENTED_EDGE ( 'NONE', *, *, #3634, .F. ) ;
#381 = VECTOR ( 'NONE', #4840, 999.9999999999998863 ) ;
#382 = ADVANCED_FACE ( 'NONE', ( #7013 ), #1805, .F. ) ;
#383 = CARTESIAN_POINT ( 'NONE',  ( 1.720000000000000195, 0.9759778054016119420, -3.089997332157668808 ) ) ;
#384 = VECTOR ( 'NONE', #3217, 1000.000000000000000 ) ;
#385 = ADVANCED_FACE ( 'NONE', ( #6329 ), #5848, .F. ) ;
#386 = LINE ( 'NONE', #4914, #7302 ) ;
#387 = VERTEX_POINT ( 'NONE', #1224 ) ;
#388 = CARTESIAN_POINT ( 'NONE',  ( -1.459999999999999964, 2.309999999999999609, -1.750000000000000000 ) ) ;
#389 = VECTOR ( 'NONE', #1447, 1000.000000000000000 ) ;
#390 = DIRECTION ( 'NONE',  ( -1.000000000000000000, 0.000000000000000000, -0.000000000000000000 ) ) ;
#391 = ORIENTED_EDGE ( 'NONE', *, *, #248, .F. ) ;
#392 = LINE ( 'NONE', #6598, #1657 ) ;
#393 = VERTEX_POINT ( 'NONE', #3528 ) ;
#394 = FILL_AREA_STYLE_COLOUR ( '', #966 ) ;
#395 =( NAMED_UNIT ( * ) PLANE_ANGLE_UNIT ( ) SI_UNIT ( $, .RADIAN. ) );
#396 = ORIENTED_EDGE ( 'NONE', *, *, #2121, .T. ) ;
#397 = LINE ( 'NONE', #2127, #4968 ) ;
#398 = PRODUCT_RELATED_PRODUCT_CATEGORY ( 'part', '', ( #2759 ) ) ;
#399 = CARTESIAN_POINT ( 'NONE',  ( -1.729999999999999760, 0.7459778054016120707, 3.267971487849611556 ) ) ;
#400 = DIRECTION ( 'NONE',  ( 0.000000000000000000, 0.000000000000000000, -1.000000000000000000 ) ) ;
#401 = ORIENTED_EDGE ( 'NONE', *, *, #5699, .T. ) ;
#402 = ORIENTED_EDGE ( 'NONE', *, *, #1193, .F. ) ;
#403 = ORIENTED_EDGE ( 'NONE', *, *, #5597, .T. ) ;
#404 = FILL_AREA_STYLE_COLOUR ( '', #6765 ) ;
#405 = VERTEX_POINT ( 'NONE', #2443 ) ;
#406 = DIRECTION ( 'NONE',  ( 0.000000000000000000, -1.000000000000000000, -5.782411586589324901E-15 ) ) ;
#407 = ADVANCED_FACE ( 'NONE', ( #3491 ), #4677, .T. ) ;
#408 = DIRECTION ( 'NONE',  ( -0.000000000000000000, 0.000000000000000000, 1.000000000000000000 ) ) ;
#409 = DIRECTION ( 'NONE',  ( -0.000000000000000000, 0.000000000000000000, -1.000000000000000000 ) ) ;
#410 = CLOSED_SHELL ( 'NONE', ( #7232, #2274, #4001, #2637, #5404, #2116, #1481, #407 ) ) ;
#411 = UNCERTAINTY_MEASURE_WITH_UNIT (LENGTH_MEASURE( 1.000000000000000082E-05 ), #6708, 'distance_accuracy_value', 'NONE');
#413 = DIRECTION ( 'NONE',  ( -1.000000000000000000, -0.000000000000000000, 0.000000000000000000 ) ) ;
#412 = CARTESIAN_POINT ( 'NONE',  ( -2.259999999999999787, 1.909999999999999476, -0.8999999999999995781 ) ) ;
#414 = PLANE ( 'NONE',  #5837 ) ;
#415 = PRESENTATION_LAYER_ASSIGNMENT (  '', '', ( #3607 ) ) ;
#416 = AXIS2_PLACEMENT_3D ( 'NONE', #6345, #6911, #4578 ) ;
#417 = AXIS2_PLACEMENT_3D ( 'NONE', #1724, #7283, #3306 ) ;
#418 = CYLINDRICAL_SURFACE ( 'NONE', #1707, 0.2300000000000005929 ) ;
#419 = CARTESIAN_POINT ( 'NONE',  ( 0.8100000000000003864, 0.7459778054016128479, -3.497971487849612870 ) ) ;
#420 = ORIENTED_EDGE ( 'NONE', *, *, #4655, .F. ) ;
#421 = CARTESIAN_POINT ( 'NONE',  ( -0.8199999999999997291, 0.2092944763917980455, 3.649888873943361478 ) ) ;
#422 = EDGE_CURVE ( 'NONE', #478, #4530, #1917, .T. ) ;
#423 = AXIS2_PLACEMENT_3D ( 'NONE', #5639, #4059, #6342 ) ;
#424 = ORIENTED_EDGE ( 'NONE', *, *, #3486, .F. ) ;
#425 = AXIS2_PLACEMENT_3D ( 'NONE', #2473, #2394, #4744 ) ;
#426 = SURFACE_STYLE_FILL_AREA ( #4271 ) ;
#427 = CYLINDRICAL_SURFACE ( 'NONE', #844, 0.2300000000000005929 ) ;
#428 = SURFACE_STYLE_FILL_AREA ( #977 ) ;
#429 = VECTOR ( 'NONE', #4411, 1000.000000000000000 ) ;
#430 = LINE ( 'NONE', #2682, #1183 ) ;
#431 = AXIS2_PLACEMENT_3D ( 'NONE', #1021, #3953, #3402 ) ;
#432 = ADVANCED_FACE ( 'NONE', ( #7127 ), #4907, .F. ) ;
#433 = PLANE ( 'NONE',  #5335 ) ;
#434 = ORIENTED_EDGE ( 'NONE', *, *, #606, .T. ) ;
#435 = CARTESIAN_POINT ( 'NONE',  ( 0.8100000000000003864, 0.7666833290098139519, 3.345245553952737261 ) ) ;
#436 = SURFACE_STYLE_USAGE ( .BOTH. , #5984 ) ;
#437 = CIRCLE ( 'NONE', #4825, 0.08000000000000020983 ) ;
#438 = CARTESIAN_POINT ( 'NONE',  ( 1.270000000000000018, 2.109999999999999432, 0.000000000000000000 ) ) ;
#439 = CARTESIAN_POINT ( 'NONE',  ( 0.8100000000000003864, 0.9759778054016119420, -3.089997332157668808 ) ) ;
#440 = ORIENTED_EDGE ( 'NONE', *, *, #5588, .T. ) ;
#441 = VERTEX_POINT ( 'NONE', #4866 ) ;
#442 = ORIENTED_EDGE ( 'NONE', *, *, #961, .F. ) ;
#443 = CARTESIAN_POINT ( 'NONE',  ( -0.9899999999999997691, 1.809999999999999609, 0.9000000000000000222 ) ) ;
#444 = VERTEX_POINT ( 'NONE', #1404 ) ;
#445 = PLANE ( 'NONE',  #2142 ) ;
#446 = CARTESIAN_POINT ( 'NONE',  ( -1.729999999999999760, -2.940055364177525671E-15, -3.497971487849612426 ) ) ;
#447 = LINE ( 'NONE', #373, #7291 ) ;
#448 = CARTESIAN_POINT ( 'NONE',  ( 1.550000000000000266, 1.809999999999999609, 0.9000000000000000222 ) ) ;
#450 =( NAMED_UNIT ( * ) PLANE_ANGLE_UNIT ( ) SI_UNIT ( $, .RADIAN. ) );
#449 = CARTESIAN_POINT ( 'NONE',  ( -1.729999999999999760, 0.000000000000000000, 4.065000000000001279 ) ) ;
#451 = PRESENTATION_LAYER_ASSIGNMENT (  '', '', ( #7120 ) ) ;
#452 = ADVANCED_FACE ( 'NONE', ( #3637 ), #6583, .F. ) ;
#453 = CARTESIAN_POINT ( 'NONE',  ( -1.729999999999999760, 0.2300000000000000655, 3.727162940046486739 ) ) ;
#454 = CARTESIAN_POINT ( 'NONE',  ( -2.089999999999999858, 0.7459778054016127369, -3.347971487849612959 ) ) ;
#455 = ORIENTED_EDGE ( 'NONE', *, *, #466, .F. ) ;
#456 = EDGE_CURVE ( 'NONE', #4746, #974, #6104, .T. ) ;
#457 = SURFACE_STYLE_FILL_AREA ( #5033 ) ;
#458 = CARTESIAN_POINT ( 'NONE',  ( -2.259999999999999787, 1.809999999999999609, 0.9000000000000000222 ) ) ;
#459 = CARTESIAN_POINT ( 'NONE',  ( 2.080000000000000071, 0.2300000000000000655, 3.727162940046486739 ) ) ;
#460 = VERTEX_POINT ( 'NONE', #3264 ) ;
#461 = MECHANICAL_DESIGN_GEOMETRIC_PRESENTATION_REPRESENTATION (  '', ( #6877 ), #2338 ) ;
#462 = ADVANCED_FACE ( 'NONE', ( #6310 ), #3857, .T. ) ;
#463 = SURFACE_STYLE_USAGE ( .BOTH. , #904 ) ;
#464 = DIRECTION ( 'NONE',  ( -1.000000000000000000, -0.000000000000000000, -0.000000000000000000 ) ) ;
#465 = PRESENTATION_LAYER_ASSIGNMENT (  '', '', ( #3653 ) ) ;
#466 = EDGE_CURVE ( 'NONE', #3973, #6730, #654, .T. ) ;
#467 = CARTESIAN_POINT ( 'NONE',  ( 0.000000000000000000, 0.000000000000000000, 0.000000000000000000 ) ) ;
#468 = SURFACE_SIDE_STYLE ('',( #4928 ) ) ;
#469 = VECTOR ( 'NONE', #1821, 1000.000000000000000 ) ;
#470 = SURFACE_STYLE_USAGE ( .BOTH. , #3201 ) ;
#471 = VERTEX_POINT ( 'NONE', #6699 ) ;
#472 = CARTESIAN_POINT ( 'NONE',  ( 2.349999999999999645, 2.109999999999999432, -1.750000000000000000 ) ) ;
#473 = EDGE_CURVE ( 'NONE', #7215, #6884, #4949, .T. ) ;
#474 = UNCERTAINTY_MEASURE_WITH_UNIT (LENGTH_MEASURE( 1.000000000000000082E-05 ), #1757, 'distance_accuracy_value', 'NONE');
#475 = CARTESIAN_POINT ( 'NONE',  ( 3.100000000000000089, 2.059999999999999165, -2.947283102798628374 ) ) ;
#476 = CIRCLE ( 'NONE', #4609, 0.08000000000000020983 ) ;
#477 = ORIENTED_EDGE ( 'NONE', *, *, #5473, .F. ) ;
#478 = VERTEX_POINT ( 'NONE', #449 ) ;
#479 = ORIENTED_EDGE ( 'NONE', *, *, #1489, .T. ) ;
#480 = AXIS2_PLACEMENT_3D ( 'NONE', #2102, #6742, #5160 ) ;
#481 = FACE_OUTER_BOUND ( 'NONE', #2292, .T. ) ;
#482 = DIRECTION ( 'NONE',  ( 0.000000000000000000, -0.1305261922200449398, -0.9914448613738112703 ) ) ;
#483 = CARTESIAN_POINT ( 'NONE',  ( 0.8100000000000003864, 0.1704716196264193517, 3.504999999999999893 ) ) ;
#485 = DIRECTION ( 'NONE',  ( -0.000000000000000000, -1.000000000000000000, -0.000000000000000000 ) ) ;
#484 = DIRECTION ( 'NONE',  ( 0.000000000000000000, 5.773000053518395884E-16, -1.000000000000000000 ) ) ;
#486 = EDGE_LOOP ( 'NONE', ( #4324, #10, #6614, #2986 ) ) ;
#487 = ORIENTED_EDGE ( 'NONE', *, *, #3400, .T. ) ;
#488 = AXIS2_PLACEMENT_3D ( 'NONE', #3051, #2453, #3610 ) ;
#489 = FACE_OUTER_BOUND ( 'NONE', #1708, .T. ) ;
#490 =( LENGTH_UNIT ( ) NAMED_UNIT ( * ) SI_UNIT ( .MILLI., .METRE. ) );
#491 = PLANE ( 'NONE',  #2854 ) ;
#492 = ADVANCED_FACE ( 'NONE', ( #105 ), #6174, .T. ) ;
#493 = FACE_OUTER_BOUND ( 'NONE', #6088, .T. ) ;
#494 = AXIS2_PLACEMENT_3D ( 'NONE', #6041, #2718, #7293 ) ;
#495 = SURFACE_STYLE_USAGE ( .BOTH. , #4409 ) ;
#496 = VERTEX_POINT ( 'NONE', #6881 ) ;
#497 = DIRECTION ( 'NONE',  ( 0.000000000000000000, 0.000000000000000000, -1.000000000000000000 ) ) ;
#498 = CARTESIAN_POINT ( 'NONE',  ( -1.459999999999999964, 2.309999999999999609, 1.750000000000000000 ) ) ;
#499 = SHAPE_REPRESENTATION_RELATIONSHIP ( 'NONE' , 'NONE' ,  #2502, #6204 ) ;
#500 = EDGE_CURVE ( 'NONE', #1207, #2220, #7280, .T. ) ;
#501 = SURFACE_STYLE_FILL_AREA ( #1666 ) ;
#502 = AXIS2_PLACEMENT_3D ( 'NONE', #2430, #7001, #627 ) ;
#503 = FACE_OUTER_BOUND ( 'NONE', #5797, .T. ) ;
#504 = VECTOR ( 'NONE', #1565, 1000.000000000000000 ) ;
#505 = ORIENTED_EDGE ( 'NONE', *, *, #4992, .T. ) ;
#506 = CARTESIAN_POINT ( 'NONE',  ( -0.8199999999999997291, 0.1500000000000008271, 3.727162940046487183 ) ) ;
#507 = CARTESIAN_POINT ( 'NONE',  ( -1.729999999999999760, 0.7666833290098139519, 3.345245553952736817 ) ) ;
#508 = CARTESIAN_POINT ( 'NONE',  ( 1.720000000000000195, 0.000000000000000000, -3.347971487849612959 ) ) ;
#509 = ORIENTED_EDGE ( 'NONE', *, *, #6334, .T. ) ;
#510 = VERTEX_POINT ( 'NONE', #5579 ) ;
#511 = ORIENTED_EDGE ( 'NONE', *, *, #4970, .T. ) ;
#512 = EDGE_CURVE ( 'NONE', #276, #4244, #4405, .T. ) ;
#513 = ORIENTED_EDGE ( 'NONE', *, *, #1622, .F. ) ;
#514 = CARTESIAN_POINT ( 'NONE',  ( -1.729999999999999760, 0.4165028980787994772, -3.163653601044189134 ) ) ;
#515 = FACE_OUTER_BOUND ( 'NONE', #2286, .T. ) ;
#516 = CARTESIAN_POINT ( 'NONE',  ( -1.729999999999999760, 0.9759778054016128301, 3.267971487849612000 ) ) ;
#517 = DIRECTION ( 'NONE',  ( 0.000000000000000000, 0.000000000000000000, 1.000000000000000000 ) ) ;
#518 = VECTOR ( 'NONE', #6306, 1000.000000000000000 ) ;
#519 = VERTEX_POINT ( 'NONE', #2347 ) ;
#520 = ADVANCED_FACE ( 'NONE', ( #963 ), #4440, .F. ) ;
#521 = UNCERTAINTY_MEASURE_WITH_UNIT (LENGTH_MEASURE( 1.000000000000000082E-05 ), #1449, 'distance_accuracy_value', 'NONE');
#522 = VECTOR ( 'NONE', #555, 1000.000000000000114 ) ;
#523 = PLANE ( 'NONE',  #7363 ) ;
#525 = ORIENTED_EDGE ( 'NONE', *, *, #6047, .T. ) ;
#524 = LINE ( 'NONE', #4381, #5961 ) ;
#526 = AXIS2_PLACEMENT_3D ( 'NONE', #374, #3222, #996 ) ;
#527 = ORIENTED_EDGE ( 'NONE', *, *, #556, .F. ) ;
#528 = STYLED_ITEM ( 'NONE', ( #632 ), #5547 ) ;
#529 = DIRECTION ( 'NONE',  ( 0.000000000000000000, -1.694065894508596142E-15, 1.000000000000000000 ) ) ;
#530 = DIRECTION ( 'NONE',  ( 0.000000000000000000, 5.782411586589326479E-15, -1.000000000000000000 ) ) ;
#531 = AXIS2_PLACEMENT_3D ( 'NONE', #67, #2201, #6164 ) ;
#532 = VECTOR ( 'NONE', #7069, 1000.000000000000000 ) ;
#533 = DIRECTION ( 'NONE',  ( 0.000000000000000000, -0.000000000000000000, 1.000000000000000000 ) ) ;
#534 = FACE_OUTER_BOUND ( 'NONE', #6863, .T. ) ;
#535 = COLOUR_RGB ( '',0.2509803921568627416, 0.2509803921568627416, 0.2509803921568627416 ) ;
#536 = FILL_AREA_STYLE_COLOUR ( '', #2507 ) ;
#537 = ADVANCED_FACE ( 'NONE', ( #7243 ), #5505, .T. ) ;
#538 = FILL_AREA_STYLE_COLOUR ( '', #5656 ) ;
#539 = STYLED_ITEM ( 'NONE', ( #3754 ), #4975 ) ;
#540 = ORIENTED_EDGE ( 'NONE', *, *, #3580, .T. ) ;
#541 = CARTESIAN_POINT ( 'NONE',  ( -0.8199999999999997291, 0.7459778054016120707, 3.267971487849611556 ) ) ;
#542 = DIRECTION ( 'NONE',  ( 1.000000000000000000, -0.000000000000000000, -0.000000000000000000 ) ) ;
#543 =( NAMED_UNIT ( * ) SI_UNIT ( $, .STERADIAN. ) SOLID_ANGLE_UNIT ( ) );
#544 = VECTOR ( 'NONE', #629, 1000.000000000000000 ) ;
#545 = ORIENTED_EDGE ( 'NONE', *, *, #4725, .F. ) ;
#546 = ORIENTED_EDGE ( 'NONE', *, *, #5803, .T. ) ;
#547 = EDGE_CURVE ( 'NONE', #6616, #6753, #5755, .T. ) ;
#548 = AXIS2_PLACEMENT_3D ( 'NONE', #3710, #6000, #2630 ) ;
#549 = ORIENTED_EDGE ( 'NONE', *, *, #7178, .F. ) ;
#550 = EDGE_LOOP ( 'NONE', ( #6611, #145, #1693, #4580 ) ) ;
#551 = LINE ( 'NONE', #2207, #7009 ) ;
#552 = DIRECTION ( 'NONE',  ( 0.000000000000000000, -2.309200021407363481E-15, 1.000000000000000000 ) ) ;
#553 = FACE_OUTER_BOUND ( 'NONE', #6813, .T. ) ;
#554 = CARTESIAN_POINT ( 'NONE',  ( 0.8100000000000003864, 0.000000000000000000, -4.065000000000001279 ) ) ;
#555 = DIRECTION ( 'NONE',  ( 0.000000000000000000, 0.9914448613738112703, 0.1305261922200449398 ) ) ;
#556 = EDGE_CURVE ( 'NONE', #6185, #7233, #6141, .T. ) ;
#557 = FACE_OUTER_BOUND ( 'NONE', #3769, .T. ) ;
#558 = STYLED_ITEM ( 'NONE', ( #1186 ), #2174 ) ;
#559 = ORIENTED_EDGE ( 'NONE', *, *, #6667, .T. ) ;
#560 = CARTESIAN_POINT ( 'NONE',  ( 1.550000000000000266, 1.809999999999999609, 0.9000000000000003553 ) ) ;
#561 =( NAMED_UNIT ( * ) SI_UNIT ( $, .STERADIAN. ) SOLID_ANGLE_UNIT ( ) );
#562 = DIRECTION ( 'NONE',  ( 0.000000000000000000, 0.9659258262890693114, 0.2588190451025172978 ) ) ;
#563 = UNCERTAINTY_MEASURE_WITH_UNIT (LENGTH_MEASURE( 1.000000000000000082E-05 ), #341, 'distance_accuracy_value', 'NONE');
#564 = EDGE_CURVE ( 'NONE', #4611, #653, #4617, .T. ) ;
#565 = AXIS2_PLACEMENT_3D ( 'NONE', #5926, #4373, #7319 ) ;
#566 = CARTESIAN_POINT ( 'NONE',  ( 0.8100000000000003864, 0.9000000000000003553, 3.100000000000000533 ) ) ;
#568 = ORIENTED_EDGE ( 'NONE', *, *, #899, .F. ) ;
#567 = CARTESIAN_POINT ( 'NONE',  ( 1.720000000000000195, 0.8055061857751930621, 3.490134427896098401 ) ) ;
#569 = DIRECTION ( 'NONE',  ( -0.000000000000000000, 0.2588190451025250693, 0.9659258262890672020 ) ) ;
#570 = ORIENTED_EDGE ( 'NONE', *, *, #2928, .T. ) ;
#571 = LINE ( 'NONE', #5591, #4567 ) ;
#572 = SURFACE_SIDE_STYLE ('',( #3286 ) ) ;
#573 = SURFACE_STYLE_FILL_AREA ( #1090 ) ;
#574 = PLANE ( 'NONE',  #7023 ) ;
#575 = VECTOR ( 'NONE', #2319, 1000.000000000000000 ) ;
#576 = DIRECTION ( 'NONE',  ( 1.000000000000000000, 0.000000000000000000, 0.000000000000000000 ) ) ;
#577 = COLOUR_RGB ( '',0.7921568627450980005, 0.8196078431372548767, 0.9333333333333333481 ) ;
#578 = FACE_OUTER_BOUND ( 'NONE', #6093, .T. ) ;
#579 = EDGE_LOOP ( 'NONE', ( #5421, #5087, #6500, #4106, #2753, #4660, #1011, #5716, #1184, #6062, #188, #5415, #3589 ) ) ;
#580 = PLANE ( 'NONE',  #49 ) ;
#581 = ORIENTED_EDGE ( 'NONE', *, *, #1440, .T. ) ;
#582 = VERTEX_POINT ( 'NONE', #2312 ) ;
#583 = EDGE_CURVE ( 'NONE', #7233, #6536, #5027, .T. ) ;
#584 = VECTOR ( 'NONE', #2606, 1000.000000000000000 ) ;
#585 = UNCERTAINTY_MEASURE_WITH_UNIT (LENGTH_MEASURE( 1.000000000000000082E-05 ), #5746, 'distance_accuracy_value', 'NONE');
#586 = ORIENTED_EDGE ( 'NONE', *, *, #1902, .T. ) ;
#587 = VERTEX_POINT ( 'NONE', #3444 ) ;
#588 = CARTESIAN_POINT ( 'NONE',  ( -0.4599999999999996869, 0.9000000000000003553, 3.100000000000000533 ) ) ;
#589 = LINE ( 'NONE', #3851, #4517 ) ;
#591 = CARTESIAN_POINT ( 'NONE',  ( 1.449999999999999734, 2.109999999999999432, 1.750000000000000000 ) ) ;
#590 = AXIS2_PLACEMENT_3D ( 'NONE', #5753, #651, #3324 ) ;
#592 = CARTESIAN_POINT ( 'NONE',  ( 2.080000000000000071, 0.1500000000000008271, -4.065000000000000391 ) ) ;
#593 = FILL_AREA_STYLE_COLOUR ( '', #1461 ) ;
#594 = EDGE_CURVE ( 'NONE', #3508, #6036, #5718, .T. ) ;
#595 = ORIENTED_EDGE ( 'NONE', *, *, #2035, .F. ) ;
#596 = AXIS2_PLACEMENT_3D ( 'NONE', #7025, #5257, #6450 ) ;
#597 = EDGE_CURVE ( 'NONE', #5951, #3664, #4581, .T. ) ;
#598 = CARTESIAN_POINT ( 'NONE',  ( -2.259999999999999787, 1.909999999999999476, -0.8999999999999995781 ) ) ;
#599 = CARTESIAN_POINT ( 'NONE',  ( 2.080000000000000071, 0.8259778054016121418, 3.080165812735383035 ) ) ;
#601 = VERTEX_POINT ( 'NONE', #1789 ) ;
#600 = DIRECTION ( 'NONE',  ( 0.000000000000000000, -0.9659258262890693114, -0.2588190451025172978 ) ) ;
#602 = LINE ( 'NONE', #1658, #6323 ) ;
#603 = ORIENTED_EDGE ( 'NONE', *, *, #564, .T. ) ;
#604 = UNCERTAINTY_MEASURE_WITH_UNIT (LENGTH_MEASURE( 1.000000000000000082E-05 ), #4170, 'distance_accuracy_value', 'NONE');
#605 = EDGE_CURVE ( 'NONE', #3027, #1722, #6349, .T. ) ;
#606 = EDGE_CURVE ( 'NONE', #6143, #6457, #6460, .T. ) ;
#607 = PLANE ( 'NONE',  #4220 ) ;
#608 = FACE_OUTER_BOUND ( 'NONE', #5089, .T. ) ;
#609 = STYLED_ITEM ( 'NONE', ( #2337 ), #1481 ) ;
#610 = PRESENTATION_STYLE_ASSIGNMENT (( #1051 ) ) ;
#611 = VECTOR ( 'NONE', #1472, 1000.000000000000000 ) ;
#612 = CARTESIAN_POINT ( 'NONE',  ( 1.550000000000000266, 1.909999999999999476, -0.09999999999999961697 ) ) ;
#613 = VECTOR ( 'NONE', #889, 1000.000000000000000 ) ;
#614 = EDGE_CURVE ( 'NONE', #3129, #5046, #6498, .T. ) ;
#615 =( NAMED_UNIT ( * ) SI_UNIT ( $, .STERADIAN. ) SOLID_ANGLE_UNIT ( ) );
#616 = ORIENTED_EDGE ( 'NONE', *, *, #5979, .F. ) ;
#617 = LINE ( 'NONE', #3321, #7324 ) ;
#618 = CARTESIAN_POINT ( 'NONE',  ( -1.729999999999999760, 0.8055061857751930621, 3.490134427896098401 ) ) ;
#619 = ORIENTED_EDGE ( 'NONE', *, *, #2267, .T. ) ;
#620 = EDGE_LOOP ( 'NONE', ( #3759, #5213, #1298, #709 ) ) ;
#621 = DIRECTION ( 'NONE',  ( 0.000000000000000000, 0.9659258262890704216, -0.2588190451025127459 ) ) ;
#622 = VECTOR ( 'NONE', #4754, 1000.000000000000000 ) ;
#623 = ORIENTED_EDGE ( 'NONE', *, *, #5953, .F. ) ;
#624 = AXIS2_PLACEMENT_3D ( 'NONE', #4233, #2413, #1268 ) ;
#625 = ORIENTED_EDGE ( 'NONE', *, *, #1087, .T. ) ;
#626 = CARTESIAN_POINT ( 'NONE',  ( -1.729999999999999760, 0.1500000000000009381, -3.577971487849614274 ) ) ;
#627 = DIRECTION ( 'NONE',  ( 0.000000000000000000, 0.000000000000000000, 1.000000000000000000 ) ) ;
#628 = SURFACE_STYLE_FILL_AREA ( #1719 ) ;
#629 = DIRECTION ( 'NONE',  ( 1.000000000000000000, -0.000000000000000000, -0.000000000000000000 ) ) ;
#630 = ORIENTED_EDGE ( 'NONE', *, *, #4052, .F. ) ;
#631 = ADVANCED_FACE ( 'NONE', ( #5796 ), #7072, .T. ) ;
#632 = PRESENTATION_STYLE_ASSIGNMENT (( #4592 ) ) ;
#633 = PLANE ( 'NONE',  #3401 ) ;
#634 = ORIENTED_EDGE ( 'NONE', *, *, #4992, .F. ) ;
#635 = EDGE_LOOP ( 'NONE', ( #4154, #5084, #46, #1329 ) ) ;
#636 = EDGE_CURVE ( 'NONE', #5300, #4938, #2540, .T. ) ;
#637 = DIRECTION ( 'NONE',  ( 0.000000000000000000, -5.773000053518394898E-16, 1.000000000000000000 ) ) ;
#638 = ORIENTED_EDGE ( 'NONE', *, *, #6280, .F. ) ;
#639 =( GEOMETRIC_REPRESENTATION_CONTEXT ( 3 ) GLOBAL_UNCERTAINTY_ASSIGNED_CONTEXT ( ( #7323 ) ) GLOBAL_UNIT_ASSIGNED_CONTEXT ( ( #2037, #3159, #4273 ) ) REPRESENTATION_CONTEXT ( 'NONE', 'WORKASPACE' ) );
#640 = CARTESIAN_POINT ( 'NONE',  ( -0.8199999999999997291, 0.7666833290098139519, 3.345245553952736817 ) ) ;
#641 = DIRECTION ( 'NONE',  ( -1.000000000000000000, -0.000000000000000000, -0.000000000000000000 ) ) ;
#642 = LINE ( 'NONE', #6983, #2351 ) ;
#643 = PLANE ( 'NONE',  #1540 ) ;
#644 = EDGE_CURVE ( 'NONE', #3018, #2981, #1351, .T. ) ;
#645 = CLOSED_SHELL ( 'NONE', ( #4845, #5518, #5197, #4535, #4164, #5637, #652, #2537, #4179, #1265, #3549, #2210, #631, #2138, #1586 ) ) ;
#646 = DIRECTION ( 'NONE',  ( 1.000000000000000000, -0.000000000000000000, -0.000000000000000000 ) ) ;
#647 = VECTOR ( 'NONE', #4282, 1000.000000000000000 ) ;
#648 = EDGE_LOOP ( 'NONE', ( #2716, #1098, #5456, #5080 ) ) ;
#649 = DIRECTION ( 'NONE',  ( 0.000000000000000000, 2.309200021407363875E-15, -1.000000000000000000 ) ) ;
#650 = CARTESIAN_POINT ( 'NONE',  ( -0.4599999999999996869, 0.1500000000000008271, 3.727162940046487183 ) ) ;
#651 = DIRECTION ( 'NONE',  ( -1.000000000000000000, -0.000000000000000000, -0.000000000000000000 ) ) ;
#652 = ADVANCED_FACE ( 'NONE', ( #1932 ), #2983, .T. ) ;
#653 = VERTEX_POINT ( 'NONE', #2467 ) ;
#654 = LINE ( 'NONE', #2176, #4708 ) ;
#655 = AXIS2_PLACEMENT_3D ( 'NONE', #678, #3465, #4055 ) ;
#656 = ORIENTED_EDGE ( 'NONE', *, *, #2952, .F. ) ;
#657 = VECTOR ( 'NONE', #6989, 1000.000000000000000 ) ;
#658 = ORIENTED_EDGE ( 'NONE', *, *, #2589, .F. ) ;
#659 = CARTESIAN_POINT ( 'NONE',  ( -1.729999999999999760, 0.9759778054016120530, -3.267971487849612000 ) ) ;
#660 = VECTOR ( 'NONE', #1029, 1000.000000000000000 ) ;
#661 = PLANE ( 'NONE',  #7379 ) ;
#662 = SURFACE_STYLE_USAGE ( .BOTH. , #6356 ) ;
#663 = FACE_OUTER_BOUND ( 'NONE', #1217, .T. ) ;
#664 = EDGE_LOOP ( 'NONE', ( #2835, #1241, #630, #5768 ) ) ;
#665 = PLANE ( 'NONE',  #2053 ) ;
#666 = FACE_OUTER_BOUND ( 'NONE', #3632, .T. ) ;
#667 = SURFACE_STYLE_FILL_AREA ( #5772 ) ;
#668 = PRESENTATION_STYLE_ASSIGNMENT (( #4413 ) ) ;
#670 = VERTEX_POINT ( 'NONE', #728 ) ;
#669 = DIRECTION ( 'NONE',  ( 0.000000000000000000, -3.045953970873614345E-15, 1.000000000000000000 ) ) ;
#671 = EDGE_CURVE ( 'NONE', #3771, #670, #803, .T. ) ;
#672 = CARTESIAN_POINT ( 'NONE',  ( 2.080000000000000071, 0.1500000000000017153, -3.339236242140380218E-17 ) ) ;
#673 = ORIENTED_EDGE ( 'NONE', *, *, #811, .F. ) ;
#674 = DIRECTION ( 'NONE',  ( -0.000000000000000000, 0.2588190451025128014, 0.9659258262890705327 ) ) ;
#675 =( LENGTH_UNIT ( ) NAMED_UNIT ( * ) SI_UNIT ( .MILLI., .METRE. ) );
#676 = ADVANCED_FACE ( 'NONE', ( #1247 ), #5828, .T. ) ;
#677 = CARTESIAN_POINT ( 'NONE',  ( -1.090000000000000080, 2.109999999999999432, -1.750000000000000000 ) ) ;
#678 = CARTESIAN_POINT ( 'NONE',  ( 0.000000000000000000, 0.000000000000000000, 0.000000000000000000 ) ) ;
#679 = DIRECTION ( 'NONE',  ( 1.000000000000000000, -0.000000000000000000, -0.000000000000000000 ) ) ;
#680 = DIRECTION ( 'NONE',  ( 0.000000000000000000, -5.773000053518394898E-16, 1.000000000000000000 ) ) ;
#681 = ADVANCED_FACE ( 'NONE', ( #6421 ), #5909, .F. ) ;
#682 = STYLED_ITEM ( 'NONE', ( #5888 ), #407 ) ;
#683 = FACE_BOUND ( 'NONE', #7311, .T. ) ;
#684 = ADVANCED_FACE ( 'NONE', ( #4137 ), #3586, .F. ) ;
#685 = VERTEX_POINT ( 'NONE', #3243 ) ;
#686 = FILL_AREA_STYLE ('',( #760 ) ) ;
#687 = AXIS2_PLACEMENT_3D ( 'NONE', #6772, #6249, #3480 ) ;
#688 = CARTESIAN_POINT ( 'NONE',  ( -0.4599999999999996869, 0.7459778054016128479, -3.497971487849612870 ) ) ;
#689 = DIRECTION ( 'NONE',  ( -0.000000000000000000, 1.000000000000000000, -0.000000000000000000 ) ) ;
#690 = ORIENTED_EDGE ( 'NONE', *, *, #6698, .F. ) ;
#691 = CARTESIAN_POINT ( 'NONE',  ( -0.9899999999999997691, 2.310000000000000053, -0.09999999999999961697 ) ) ;
#692 = ORIENTED_EDGE ( 'NONE', *, *, #1904, .T. ) ;
#693 = VERTEX_POINT ( 'NONE', #3163 ) ;
#694 = EDGE_CURVE ( 'NONE', #2149, #6168, #5487, .T. ) ;
#695 = ORIENTED_EDGE ( 'NONE', *, *, #583, .F. ) ;
#696 = CARTESIAN_POINT ( 'NONE',  ( -0.9899999999999997691, 1.909999999999999476, -0.8999999999999995781 ) ) ;
#697 = PLANE ( 'NONE',  #5846 ) ;
#698 = LINE ( 'NONE', #112, #3764 ) ;
#699 = CARTESIAN_POINT ( 'NONE',  ( 0.9800000000000002043, 1.809999999999999609, -0.9000000000000000222 ) ) ;
#700 = CARTESIAN_POINT ( 'NONE',  ( -1.729999999999999760, 0.1500000000000008271, 4.065000000000000391 ) ) ;
#701 = MECHANICAL_DESIGN_GEOMETRIC_PRESENTATION_REPRESENTATION (  '', ( #3653 ), #1625 ) ;
#702 = ORIENTED_EDGE ( 'NONE', *, *, #3312, .T. ) ;
#703 = STYLED_ITEM ( 'NONE', ( #610 ), #4079 ) ;
#704 = EDGE_LOOP ( 'NONE', ( #4283, #6095, #2769, #1637 ) ) ;
#705 = DIRECTION ( 'NONE',  ( 0.000000000000000000, 0.000000000000000000, 1.000000000000000000 ) ) ;
#706 = CARTESIAN_POINT ( 'NONE',  ( 0.2800000000000003042, 1.809999999999999387, -0.8999999999999995781 ) ) ;
#707 = DIRECTION ( 'NONE',  ( -0.000000000000000000, -0.000000000000000000, -1.000000000000000000 ) ) ;
#708 = DIRECTION ( 'NONE',  ( 0.000000000000000000, 0.9659258262890670910, -0.2588190451025251249 ) ) ;
#709 = ORIENTED_EDGE ( 'NONE', *, *, #7310, .T. ) ;
#710 = SURFACE_SIDE_STYLE ('',( #124 ) ) ;
#711 = CIRCLE ( 'NONE', #596, 0.2300000000000010369 ) ;
#712 = DIRECTION ( 'NONE',  ( 0.000000000000000000, 0.000000000000000000, 1.000000000000000000 ) ) ;
#713 = ORIENTED_EDGE ( 'NONE', *, *, #1535, .T. ) ;
#714 = DIRECTION ( 'NONE',  ( 0.000000000000000000, 0.9659258262890704216, -0.2588190451025127459 ) ) ;
#715 = ADVANCED_FACE ( 'NONE', ( #355 ), #3198, .F. ) ;
#716 = CARTESIAN_POINT ( 'NONE',  ( -3.100000000000000089, 0.9000000000000003553, -3.099999999999999645 ) ) ;
#717 = DIRECTION ( 'NONE',  ( -1.000000000000000000, -0.000000000000000000, -0.000000000000000000 ) ) ;
#718 = DIRECTION ( 'NONE',  ( -1.000000000000000000, -0.000000000000000000, -0.000000000000000000 ) ) ;
#719 =( LENGTH_UNIT ( ) NAMED_UNIT ( * ) SI_UNIT ( .MILLI., .METRE. ) );
#720 = DIRECTION ( 'NONE',  ( 0.000000000000000000, 0.000000000000000000, 1.000000000000000000 ) ) ;
#721 = VECTOR ( 'NONE', #718, 1000.000000000000000 ) ;
#722 = ORIENTED_EDGE ( 'NONE', *, *, #1904, .F. ) ;
#723 = ADVANCED_FACE ( 'NONE', ( #1016 ), #5445, .F. ) ;
#724 = CARTESIAN_POINT ( 'NONE',  ( -2.259999999999999787, 1.809999999999999387, -0.8999999999999995781 ) ) ;
#725 = CARTESIAN_POINT ( 'NONE',  ( -0.8199999999999997291, 0.9759778054016101656, 5.945566943695085866E-16 ) ) ;
#726 = VECTOR ( 'NONE', #5066, 1000.000000000000000 ) ;
#727 = ORIENTED_EDGE ( 'NONE', *, *, #6334, .F. ) ;
#728 = CARTESIAN_POINT ( 'NONE',  ( -0.2899999999999998690, 2.310000000000000053, -0.09999999999999961697 ) ) ;
#729 = VECTOR ( 'NONE', #4200, 1000.000000000000000 ) ;
#730 = ORIENTED_EDGE ( 'NONE', *, *, #3130, .T. ) ;
#731 = ORIENTED_EDGE ( 'NONE', *, *, #3538, .F. ) ;
#732 = AXIS2_PLACEMENT_3D ( 'NONE', #6959, #3031, #4110 ) ;
#733 = ORIENTED_EDGE ( 'NONE', *, *, #1106, .F. ) ;
#734 = CARTESIAN_POINT ( 'NONE',  ( 0.8100000000000003864, 0.9759778054016128301, 3.267971487849612000 ) ) ;
#735 = FILL_AREA_STYLE_COLOUR ( '', #1783 ) ;
#736 = CARTESIAN_POINT ( 'NONE',  ( 0.9800000000000002043, 1.809999999999999609, 0.9000000000000000222 ) ) ;
#737 = DIRECTION ( 'NONE',  ( 0.000000000000000000, -0.9914448613738112703, 0.1305261922200449398 ) ) ;
#738 = VECTOR ( 'NONE', #4648, 1000.000000000000000 ) ;
#739 = AXIS2_PLACEMENT_3D ( 'NONE', #4933, #1702, #1530 ) ;
#740 = EDGE_CURVE ( 'NONE', #3886, #3174, #1166, .T. ) ;
#741 = ORIENTED_EDGE ( 'NONE', *, *, #1859, .F. ) ;
#742 = ORIENTED_EDGE ( 'NONE', *, *, #6454, .T. ) ;
#743 = CIRCLE ( 'NONE', #2985, 0.2300000000000005929 ) ;
#744 = CARTESIAN_POINT ( 'NONE',  ( -2.089999999999999858, 0.2299999999999995104, -3.347971487849612959 ) ) ;
#745 = DIRECTION ( 'NONE',  ( -1.000000000000000000, -0.000000000000000000, -0.000000000000000000 ) ) ;
#746 = VERTEX_POINT ( 'NONE', #3982 ) ;
#748 = SURFACE_STYLE_USAGE ( .BOTH. , #6975 ) ;
#747 = DIRECTION ( 'NONE',  ( 0.000000000000000000, 0.000000000000000000, -1.000000000000000000 ) ) ;
#749 = EDGE_CURVE ( 'NONE', #7046, #1865, #6191, .T. ) ;
#750 = CARTESIAN_POINT ( 'NONE',  ( -0.4599999999999996869, 0.9000000000000003553, 3.100000000000000533 ) ) ;
#751 = ORIENTED_EDGE ( 'NONE', *, *, #961, .T. ) ;
#752 = PLANE ( 'NONE',  #1833 ) ;
#753 = DIRECTION ( 'NONE',  ( 0.000000000000000000, 0.000000000000000000, 1.000000000000000000 ) ) ;
#754 = SURFACE_STYLE_FILL_AREA ( #3535 ) ;
#755 = LINE ( 'NONE', #4165, #5457 ) ;
#756 = DIRECTION ( 'NONE',  ( -1.000000000000000000, -0.000000000000000000, -0.000000000000000000 ) ) ;
#757 = AXIS2_PLACEMENT_3D ( 'NONE', #3543, #7030, #4651 ) ;
#758 = FACE_BOUND ( 'NONE', #2870, .T. ) ;
#759 = ORIENTED_EDGE ( 'NONE', *, *, #1809, .F. ) ;
#760 = FILL_AREA_STYLE_COLOUR ( '', #3709 ) ;
#761 = CLOSED_SHELL ( 'NONE', ( #2782, #3941, #4874, #3541, #3119, #5769, #537, #2658, #6198, #6537, #6834, #3211, #5325, #520, #5188 ) ) ;
#762 = ORIENTED_EDGE ( 'NONE', *, *, #6183, .F. ) ;
#763 = FILL_AREA_STYLE_COLOUR ( '', #4991 ) ;
#764 = VECTOR ( 'NONE', #4972, 1000.000000000000000 ) ;
#765 = EDGE_CURVE ( 'NONE', #974, #1656, #6870, .T. ) ;
#766 = ORIENTED_EDGE ( 'NONE', *, *, #194, .F. ) ;
#767 = ORIENTED_EDGE ( 'NONE', *, *, #5018, .F. ) ;
#768 = VECTOR ( 'NONE', #2106, 1000.000000000000000 ) ;
#769 = VERTEX_POINT ( 'NONE', #3468 ) ;
#770 = CARTESIAN_POINT ( 'NONE',  ( 0.8100000000000003864, 0.1500000000000008271, 3.727162940046487183 ) ) ;
#771 =( LENGTH_UNIT ( ) NAMED_UNIT ( * ) SI_UNIT ( .MILLI., .METRE. ) );
#772 = EDGE_CURVE ( 'NONE', #4940, #2349, #21, .T. ) ;
#773 = CYLINDRICAL_SURFACE ( 'NONE', #3391, 0.08000000000000020983 ) ;
#774 = PRESENTATION_STYLE_ASSIGNMENT (( #5278 ) ) ;
#775 = STYLED_ITEM ( 'NONE', ( #6833 ), #4905 ) ;
#776 = EDGE_LOOP ( 'NONE', ( #1262, #2978, #1638, #5572 ) ) ;
#777 = VECTOR ( 'NONE', #3997, 1000.000000000000000 ) ;
#778 = ORIENTED_EDGE ( 'NONE', *, *, #3657, .F. ) ;
#779 = UNCERTAINTY_MEASURE_WITH_UNIT (LENGTH_MEASURE( 1.000000000000000082E-05 ), #6155, 'distance_accuracy_value', 'NONE');
#780 = DIRECTION ( 'NONE',  ( 1.000000000000000000, 0.000000000000000000, 0.000000000000000000 ) ) ;
#781 = PLANE ( 'NONE',  #4589 ) ;
#782 = ADVANCED_FACE ( 'NONE', ( #3948 ), #4538, .F. ) ;
#783 = VECTOR ( 'NONE', #2562, 1000.000000000000227 ) ;
#784 = CARTESIAN_POINT ( 'NONE',  ( -2.259999999999999787, 1.809999999999999609, 0.9000000000000003553 ) ) ;
#785 = CARTESIAN_POINT ( 'NONE',  ( -0.4599999999999996869, 0.2300000000000000655, 3.727162940046486739 ) ) ;
#786 = EDGE_LOOP ( 'NONE', ( #3763, #5660, #1156, #6604, #6509, #6767, #6951, #5645, #5280, #3102, #1599, #6853, #5072 ) ) ;
#787 = VERTEX_POINT ( 'NONE', #7341 ) ;
#788 = DIRECTION ( 'NONE',  ( 0.000000000000000000, 2.226157494760227923E-16, 1.000000000000000000 ) ) ;
#789 = ORIENTED_EDGE ( 'NONE', *, *, #597, .T. ) ;
#790 = ORIENTED_EDGE ( 'NONE', *, *, #4296, .T. ) ;
#791 = LINE ( 'NONE', #206, #7100 ) ;
#792 = CARTESIAN_POINT ( 'NONE',  ( -0.9899999999999997691, 1.909999999999999476, -0.09999999999999961697 ) ) ;
#793 = EDGE_CURVE ( 'NONE', #5300, #2916, #6231, .T. ) ;
#794 = PRESENTATION_LAYER_ASSIGNMENT (  '', '', ( #3983 ) ) ;
#795 = FACE_OUTER_BOUND ( 'NONE', #648, .T. ) ;
#796 = DIRECTION ( 'NONE',  ( 1.000000000000000000, 0.000000000000000000, -0.000000000000000000 ) ) ;
#797 =( LENGTH_UNIT ( ) NAMED_UNIT ( * ) SI_UNIT ( .MILLI., .METRE. ) );
#798 = EDGE_LOOP ( 'NONE', ( #513, #2525, #4540, #2408 ) ) ;
#799 = VERTEX_POINT ( 'NONE', #4021 ) ;
#800 = DIRECTION ( 'NONE',  ( -0.000000000000000000, -0.000000000000000000, -1.000000000000000000 ) ) ;
#801 = ORIENTED_EDGE ( 'NONE', *, *, #4542, .T. ) ;
#802 = AXIS2_PLACEMENT_3D ( 'NONE', #2626, #7052, #6517 ) ;
#803 = LINE ( 'NONE', #691, #4615 ) ;
#804 = UNCERTAINTY_MEASURE_WITH_UNIT (LENGTH_MEASURE( 1.000000000000000082E-05 ), #3261, 'distance_accuracy_value', 'NONE');
#805 = ORIENTED_EDGE ( 'NONE', *, *, #1452, .T. ) ;
#806 = VECTOR ( 'NONE', #6788, 1000.000000000000000 ) ;
#807 = ORIENTED_EDGE ( 'NONE', *, *, #3450, .T. ) ;
#808 = MECHANICAL_DESIGN_GEOMETRIC_PRESENTATION_REPRESENTATION (  '', ( #1161 ), #3294 ) ;
#809 = DIRECTION ( 'NONE',  ( 0.000000000000000000, 0.000000000000000000, -1.000000000000000000 ) ) ;
#810 = CARTESIAN_POINT ( 'NONE',  ( -2.089999999999999858, 0.000000000000000000, 0.000000000000000000 ) ) ;
#811 = EDGE_CURVE ( 'NONE', #1722, #1937, #2155, .T. ) ;
#812 = DIRECTION ( 'NONE',  ( 1.000000000000000000, -0.000000000000000000, 0.000000000000000000 ) ) ;
#813 = AXIS2_PLACEMENT_3D ( 'NONE', #3167, #2690, #913 ) ;
#814 = VERTEX_POINT ( 'NONE', #1130 ) ;
#815 = ORIENTED_EDGE ( 'NONE', *, *, #5631, .F. ) ;
#816 = VECTOR ( 'NONE', #1283, 1000.000000000000000 ) ;
#817 = CARTESIAN_POINT ( 'NONE',  ( 0.8100000000000003864, 0.9759778054016120530, -3.267971487849612000 ) ) ;
#818 = DIRECTION ( 'NONE',  ( 0.000000000000000000, -0.000000000000000000, 1.000000000000000000 ) ) ;
#819 = EDGE_CURVE ( 'NONE', #2981, #2902, #2894, .T. ) ;
#820 = DIRECTION ( 'NONE',  ( -0.000000000000000000, 1.000000000000000000, -0.000000000000000000 ) ) ;
#821 = CARTESIAN_POINT ( 'NONE',  ( 0.8100000000000003864, -7.047314121155778821E-16, 3.727162940046487183 ) ) ;
#822 = DIRECTION ( 'NONE',  ( 2.409338161078898687E-16, 0.000000000000000000, 1.000000000000000000 ) ) ;
#823 = CARTESIAN_POINT ( 'NONE',  ( 1.549999999999999822, 1.809999999999999609, -0.9000000000000000222 ) ) ;
#824 = LINE ( 'NONE', #282, #1160 ) ;
#825 =( NAMED_UNIT ( * ) SI_UNIT ( $, .STERADIAN. ) SOLID_ANGLE_UNIT ( ) );
#826 = SURFACE_STYLE_USAGE ( .BOTH. , #970 ) ;
#827 = CARTESIAN_POINT ( 'NONE',  ( 0.9800000000000002043, 1.809999999999999609, 0.9000000000000000222 ) ) ;
#828 =( NAMED_UNIT ( * ) SI_UNIT ( $, .STERADIAN. ) SOLID_ANGLE_UNIT ( ) );
#829 = EDGE_CURVE ( 'NONE', #7045, #4771, #1739, .T. ) ;
#830 = ADVANCED_FACE ( 'NONE', ( #2864 ), #1200, .F. ) ;
#831 = CARTESIAN_POINT ( 'NONE',  ( -2.259999999999999787, 1.909999999999999476, -0.8999999999999995781 ) ) ;
#832 = SURFACE_STYLE_USAGE ( .BOTH. , #3683 ) ;
#833 = SURFACE_STYLE_FILL_AREA ( #5339 ) ;
#834 = DIRECTION ( 'NONE',  ( 0.000000000000000000, 0.000000000000000000, 1.000000000000000000 ) ) ;
#835 = VERTEX_POINT ( 'NONE', #5332 ) ;
#836 = CARTESIAN_POINT ( 'NONE',  ( -0.8199999999999997291, -0.7147114317029787944, -2.667339375865898976 ) ) ;
#837 = ADVANCED_FACE ( 'NONE', ( #1778 ), #5260, .T. ) ;
#838 = ORIENTED_EDGE ( 'NONE', *, *, #594, .F. ) ;
#839 = ORIENTED_EDGE ( 'NONE', *, *, #117, .T. ) ;
#840 = VERTEX_POINT ( 'NONE', #4766 ) ;
#841 = CARTESIAN_POINT ( 'NONE',  ( -2.089999999999999858, 0.8259778054016121418, 3.080165812735383035 ) ) ;
#842 = CARTESIAN_POINT ( 'NONE',  ( 1.270000000000000018, 2.109999999999999432, -0.9000000000000000222 ) ) ;
#843 = DIRECTION ( 'NONE',  ( 0.000000000000000000, -0.000000000000000000, 1.000000000000000000 ) ) ;
#844 = AXIS2_PLACEMENT_3D ( 'NONE', #7257, #2679, #4383 ) ;
#845 = ORIENTED_EDGE ( 'NONE', *, *, #3400, .F. ) ;
#846 = VECTOR ( 'NONE', #600, 999.9999999999998863 ) ;
#847 = ORIENTED_EDGE ( 'NONE', *, *, #4832, .T. ) ;
#848 = CIRCLE ( 'NONE', #4878, 0.2300000000000005929 ) ;
#849 = EDGE_LOOP ( 'NONE', ( #5573, #4859, #3564, #4658 ) ) ;
#850 = CARTESIAN_POINT ( 'NONE',  ( 2.080000000000000071, 0.000000000000000000, 4.065000000000001279 ) ) ;
#851 = CARTESIAN_POINT ( 'NONE',  ( 2.080000000000000071, 0.000000000000000000, -3.347971487849612959 ) ) ;
#852 = MECHANICAL_DESIGN_GEOMETRIC_PRESENTATION_REPRESENTATION (  '', ( #6320 ), #2974 ) ;
#853 = FACE_OUTER_BOUND ( 'NONE', #3510, .T. ) ;
#854 = FACE_OUTER_BOUND ( 'NONE', #3835, .T. ) ;
#855 = CIRCLE ( 'NONE', #732, 0.2300000000000001765 ) ;
#857 = EDGE_LOOP ( 'NONE', ( #6995, #48, #5129, #7272 ) ) ;
#856 = FILL_AREA_STYLE_COLOUR ( '', #3753 ) ;
#858 = LINE ( 'NONE', #7094, #5237 ) ;
#859 = VECTOR ( 'NONE', #712, 1000.000000000000000 ) ;
#860 = EDGE_CURVE ( 'NONE', #4771, #6937, #174, .T. ) ;
#861 = VECTOR ( 'NONE', #1551, 1000.000000000000000 ) ;
#862 = FACE_OUTER_BOUND ( 'NONE', #6330, .T. ) ;
#863 = CARTESIAN_POINT ( 'NONE',  ( 0.1800000000000000488, 2.309999999999999609, -1.750000000000000000 ) ) ;
#864 = FILL_AREA_STYLE_COLOUR ( '', #4898 ) ;
#865 = DIRECTION ( 'NONE',  ( 2.409338161078898687E-16, 0.000000000000000000, 1.000000000000000000 ) ) ;
#866 = SURFACE_STYLE_FILL_AREA ( #6003 ) ;
#867 = CARTESIAN_POINT ( 'NONE',  ( 0.8100000000000003864, 0.8259778054016115867, -3.080165812735382591 ) ) ;
#868 = FACE_OUTER_BOUND ( 'NONE', #2322, .T. ) ;
#869 = SURFACE_STYLE_FILL_AREA ( #5975 ) ;
#870 = EDGE_CURVE ( 'NONE', #3027, #7227, #2417, .T. ) ;
#871 = FILL_AREA_STYLE_COLOUR ( '', #3844 ) ;
#872 =( NAMED_UNIT ( * ) SI_UNIT ( $, .STERADIAN. ) SOLID_ANGLE_UNIT ( ) );
#873 = VERTEX_POINT ( 'NONE', #2454 ) ;
#874 = SURFACE_SIDE_STYLE ('',( #2644 ) ) ;
#875 = ORIENTED_EDGE ( 'NONE', *, *, #356, .F. ) ;
#876 = MECHANICAL_DESIGN_GEOMETRIC_PRESENTATION_REPRESENTATION (  '', ( #4074 ), #6945 ) ;
#877 = ORIENTED_EDGE ( 'NONE', *, *, #4542, .F. ) ;
#878 = DIRECTION ( 'NONE',  ( 0.000000000000000000, -1.000000000000000000, 0.000000000000000000 ) ) ;
#879 = ADVANCED_FACE ( 'NONE', ( #249 ), #1271, .F. ) ;
#880 = LINE ( 'NONE', #2013, #6728 ) ;
#881 = EDGE_LOOP ( 'NONE', ( #6353, #695, #527, #5320 ) ) ;
#882 = ORIENTED_EDGE ( 'NONE', *, *, #7084, .F. ) ;
#883 = AXIS2_PLACEMENT_3D ( 'NONE', #453, #4004, #4480 ) ;
#884 = ORIENTED_EDGE ( 'NONE', *, *, #3871, .T. ) ;
#885 = DIRECTION ( 'NONE',  ( 0.000000000000000000, 0.000000000000000000, 1.000000000000000000 ) ) ;
#886 = COLOUR_RGB ( '',0.2509803921568627416, 0.2509803921568627416, 0.2509803921568627416 ) ;
#887 = CARTESIAN_POINT ( 'NONE',  ( -1.729999999999999760, 0.8259778054016098103, 4.768369914788500505E-16 ) ) ;
#888 = CARTESIAN_POINT ( 'NONE',  ( 0.8100000000000003864, 0.1500000000000009381, -3.577971487849614274 ) ) ;
#889 = DIRECTION ( 'NONE',  ( 0.000000000000000000, 0.000000000000000000, 1.000000000000000000 ) ) ;
#890 = CARTESIAN_POINT ( 'NONE',  ( 0.9800000000000002043, 2.109999999999999432, -0.9000000000000000222 ) ) ;
#891 = STYLED_ITEM ( 'NONE', ( #3799 ), #4856 ) ;
#892 = DIRECTION ( 'NONE',  ( 0.000000000000000000, 0.000000000000000000, -1.000000000000000000 ) ) ;
#893 = CARTESIAN_POINT ( 'NONE',  ( 0.4500000000000002887, 0.7666833290098139519, 3.345245553952736817 ) ) ;
#894 = APPLICATION_CONTEXT ( 'automotive_design' ) ;
#895 = ORIENTED_EDGE ( 'NONE', *, *, #3033, .F. ) ;
#896 = AXIS2_PLACEMENT_3D ( 'NONE', #3540, #5901, #1417 ) ;
#897 = LINE ( 'NONE', #3151, #5063 ) ;
#898 =( NAMED_UNIT ( * ) PLANE_ANGLE_UNIT ( ) SI_UNIT ( $, .RADIAN. ) );
#899 = EDGE_CURVE ( 'NONE', #4479, #1083, #6943, .T. ) ;
#900 = CARTESIAN_POINT ( 'NONE',  ( -1.729999999999999760, 0.8259778054016121418, 3.080165812735383035 ) ) ;
#901 = DIRECTION ( 'NONE',  ( -1.000000000000000000, -0.000000000000000000, -0.000000000000000000 ) ) ;
#902 = VECTOR ( 'NONE', #2068, 1000.000000000000000 ) ;
#903 = LINE ( 'NONE', #1482, #5488 ) ;
#904 = SURFACE_SIDE_STYLE ('',( #426 ) ) ;
#905 = CARTESIAN_POINT ( 'NONE',  ( -1.459999999999999964, 2.109999999999999432, 1.750000000000000000 ) ) ;
#906 = DIRECTION ( 'NONE',  ( 0.000000000000000000, -0.9659258262890670910, 0.2588190451025251804 ) ) ;
#907 = EDGE_CURVE ( 'NONE', #3069, #3531, #3341, .T. ) ;
#908 = DIRECTION ( 'NONE',  ( 0.000000000000000000, 0.000000000000000000, 1.000000000000000000 ) ) ;
#909 = VERTEX_POINT ( 'NONE', #3575 ) ;
#910 = ADVANCED_FACE ( 'NONE', ( #3505 ), #5859, .T. ) ;
#911 = VERTEX_POINT ( 'NONE', #6451 ) ;
#912 = CARTESIAN_POINT ( 'NONE',  ( 2.080000000000000071, 0.7459778054016120707, 3.267971487849611556 ) ) ;
#913 = DIRECTION ( 'NONE',  ( 0.000000000000000000, 0.000000000000000000, 1.000000000000000000 ) ) ;
#914 = DIRECTION ( 'NONE',  ( 0.000000000000000000, 0.000000000000000000, 1.000000000000000000 ) ) ;
#915 = CARTESIAN_POINT ( 'NONE',  ( 2.080000000000000071, 0.9759778054016119420, -3.089997332157668808 ) ) ;
#916 = ORIENTED_EDGE ( 'NONE', *, *, #1139, .T. ) ;
#917 = ORIENTED_EDGE ( 'NONE', *, *, #6270, .T. ) ;
#918 = ADVANCED_FACE ( 'NONE', ( #7063 ), #1341, .F. ) ;
#919 = EDGE_CURVE ( 'NONE', #4426, #4960, #1555, .T. ) ;
#920 = ORIENTED_EDGE ( 'NONE', *, *, #7223, .T. ) ;
#921 = CARTESIAN_POINT ( 'NONE',  ( -1.729999999999999760, -7.047314121155778821E-16, 3.727162940046487183 ) ) ;
#922 = ORIENTED_EDGE ( 'NONE', *, *, #1674, .T. ) ;
#923 = DIRECTION ( 'NONE',  ( 0.000000000000000000, 0.000000000000000000, 1.000000000000000000 ) ) ;
#924 = DIRECTION ( 'NONE',  ( 0.000000000000000000, -0.9659258262890670910, 0.2588190451025251804 ) ) ;
#925 = FILL_AREA_STYLE ('',( #4906 ) ) ;
#926 = AXIS2_PLACEMENT_3D ( 'NONE', #152, #5945, #2392 ) ;
#927 = UNCERTAINTY_MEASURE_WITH_UNIT (LENGTH_MEASURE( 1.000000000000000082E-05 ), #6009, 'distance_accuracy_value', 'NONE');
#928 = PRESENTATION_STYLE_ASSIGNMENT (( #2029 ) ) ;
#929 = CARTESIAN_POINT ( 'NONE',  ( 0.2800000000000003042, 1.809999999999999609, 0.9000000000000000222 ) ) ;
#930 = DIRECTION ( 'NONE',  ( 0.000000000000000000, -3.045953970873614345E-15, 1.000000000000000000 ) ) ;
#931 = DIRECTION ( 'NONE',  ( 0.000000000000000000, 2.226157494760227923E-16, 1.000000000000000000 ) ) ;
#932 = CARTESIAN_POINT ( 'NONE',  ( -0.4599999999999996869, 0.9759778054016126081, 3.089997332157669252 ) ) ;
#933 = ADVANCED_FACE ( 'NONE', ( #5408 ), #5476, .T. ) ;
#934 = FILL_AREA_STYLE_COLOUR ( '', #3734 ) ;
#935 = PRESENTATION_LAYER_ASSIGNMENT (  '', '', ( #2833 ) ) ;
#936 = DIRECTION ( 'NONE',  ( 0.7071067811865470176, -0.000000000000000000, 0.7071067811865479058 ) ) ;
#937 = DIRECTION ( 'NONE',  ( -0.000000000000000000, 1.000000000000000000, 0.000000000000000000 ) ) ;
#938 = SURFACE_SIDE_STYLE ('',( #1929 ) ) ;
#939 = CARTESIAN_POINT ( 'NONE',  ( 0.8100000000000003864, 0.7666833290098139519, 3.345245553952736817 ) ) ;
#940 = ORIENTED_EDGE ( 'NONE', *, *, #3862, .T. ) ;
#941 =( NAMED_UNIT ( * ) PLANE_ANGLE_UNIT ( ) SI_UNIT ( $, .RADIAN. ) );
#942 = VECTOR ( 'NONE', #1444, 1000.000000000000000 ) ;
#943 = ADVANCED_FACE ( 'NONE', ( #1009 ), #350, .F. ) ;
#944 = ORIENTED_EDGE ( 'NONE', *, *, #54, .T. ) ;
#945 = ORIENTED_EDGE ( 'NONE', *, *, #6256, .F. ) ;
#946 = CARTESIAN_POINT ( 'NONE',  ( 0.9800000000000002043, 1.809999999999999387, -0.8999999999999995781 ) ) ;
#947 = DIRECTION ( 'NONE',  ( -0.000000000000000000, 1.000000000000000000, -0.000000000000000000 ) ) ;
#948 = DIRECTION ( 'NONE',  ( 1.000000000000000000, 0.000000000000000000, 0.000000000000000000 ) ) ;
#949 = FACE_OUTER_BOUND ( 'NONE', #2188, .T. ) ;
#950 = EDGE_LOOP ( 'NONE', ( #7345, #1616, #5159, #4692 ) ) ;
#951 = ORIENTED_EDGE ( 'NONE', *, *, #5750, .F. ) ;
#952 = EDGE_CURVE ( 'NONE', #3325, #1055, #6005, .T. ) ;
#953 = ORIENTED_EDGE ( 'NONE', *, *, #327, .T. ) ;
#954 = LINE ( 'NONE', #3812, #3177 ) ;
#955 = EDGE_LOOP ( 'NONE', ( #7276, #3522, #2170, #5987 ) ) ;
#956 = CARTESIAN_POINT ( 'NONE',  ( -0.1899999999999998357, 2.109999999999999432, 1.750000000000000000 ) ) ;
#957 = STYLED_ITEM ( 'NONE', ( #7174 ), #1548 ) ;
#958 = FACE_OUTER_BOUND ( 'NONE', #2178, .T. ) ;
#959 = CARTESIAN_POINT ( 'NONE',  ( -0.4599999999999996869, 0.9759778054016101656, 5.945566943695085866E-16 ) ) ;
#960 = SURFACE_STYLE_USAGE ( .BOTH. , #2099 ) ;
#961 = EDGE_CURVE ( 'NONE', #2916, #5528, #3574, .T. ) ;
#962 = AXIS2_PLACEMENT_3D ( 'NONE', #2255, #6111, #1155 ) ;
#963 = FACE_OUTER_BOUND ( 'NONE', #3176, .T. ) ;
#964 = COLOUR_RGB ( '',0.2509803921568627416, 0.2509803921568627416, 0.2509803921568627416 ) ;
#965 = DIRECTION ( 'NONE',  ( 0.000000000000000000, 0.9914448613738112703, 0.1305261922200449398 ) ) ;
#966 = COLOUR_RGB ( '',0.2509803921568627416, 0.2509803921568627416, 0.2509803921568627416 ) ;
#967 = CARTESIAN_POINT ( 'NONE',  ( -2.089999999999999858, 0.9759778054016101656, 5.945566943695085866E-16 ) ) ;
#968 = FACE_OUTER_BOUND ( 'NONE', #550, .T. ) ;
#969 = EDGE_CURVE ( 'NONE', #6272, #2773, #2635, .T. ) ;
#970 = SURFACE_SIDE_STYLE ('',( #5475 ) ) ;
#971 = CARTESIAN_POINT ( 'NONE',  ( 0.1800000000000000488, 2.309999999999999609, -1.750000000000000000 ) ) ;
#972 = CARTESIAN_POINT ( 'NONE',  ( 0.4500000000000002887, 0.000000000000000000, -3.347971487849612959 ) ) ;
#973 = VECTOR ( 'NONE', #283, 999.9999999999998863 ) ;
#974 = VERTEX_POINT ( 'NONE', #1963 ) ;
#975 =( LENGTH_UNIT ( ) NAMED_UNIT ( * ) SI_UNIT ( .MILLI., .METRE. ) );
#976 = CARTESIAN_POINT ( 'NONE',  ( 0.8100000000000003864, 0.2300000000000000655, 3.727162940046486739 ) ) ;
#977 = FILL_AREA_STYLE ('',( #1522 ) ) ;
#978 = SURFACE_STYLE_FILL_AREA ( #4308 ) ;
#979 = EDGE_LOOP ( 'NONE', ( #5382, #4639, #4844, #4709 ) ) ;
#980 = FACE_OUTER_BOUND ( 'NONE', #5491, .T. ) ;
#981 = VERTEX_POINT ( 'NONE', #2532 ) ;
#982 = PLANE ( 'NONE',  #31 ) ;
#983 = CARTESIAN_POINT ( 'NONE',  ( -2.089999999999999858, 0.7459778054016128479, -3.497971487849612870 ) ) ;
#984 = DIRECTION ( 'NONE',  ( -0.000000000000000000, 1.000000000000000000, -0.000000000000000000 ) ) ;
#985 = CARTESIAN_POINT ( 'NONE',  ( -0.4599999999999996869, 0.8259778054016098103, 4.768369914788500505E-16 ) ) ;
#986 = VERTEX_POINT ( 'NONE', #3156 ) ;
#987 = EDGE_CURVE ( 'NONE', #405, #6745, #3825, .T. ) ;
#988 = MECHANICAL_DESIGN_GEOMETRIC_PRESENTATION_REPRESENTATION (  '', ( #1684 ), #2402 ) ;
#989 = EDGE_LOOP ( 'NONE', ( #6496, #2356, #3407, #4891 ) ) ;
#990 = EDGE_CURVE ( 'NONE', #4244, #4218, #4342, .T. ) ;
#991 = EDGE_LOOP ( 'NONE', ( #944, #2052, #4049, #6944 ) ) ;
#992 = CARTESIAN_POINT ( 'NONE',  ( 2.080000000000000071, 0.8259778054016115867, -3.080165812735382591 ) ) ;
#993 = CARTESIAN_POINT ( 'NONE',  ( -0.9900000000000002132, 1.809999999999999609, -0.9000000000000000222 ) ) ;
#994 =( GEOMETRIC_REPRESENTATION_CONTEXT ( 3 ) GLOBAL_UNCERTAINTY_ASSIGNED_CONTEXT ( ( #2139 ) ) GLOBAL_UNIT_ASSIGNED_CONTEXT ( ( #6437, #1916, #2522 ) ) REPRESENTATION_CONTEXT ( 'NONE', 'WORKASPACE' ) );
#995 = CARTESIAN_POINT ( 'NONE',  ( 1.449999999999999734, 2.109999999999999432, 1.750000000000000000 ) ) ;
#996 = DIRECTION ( 'NONE',  ( 0.000000000000000000, 1.204669080539449590E-16, 1.000000000000000000 ) ) ;
#998 = CARTESIAN_POINT ( 'NONE',  ( -0.1899999999999998357, 2.109999999999999432, 1.750000000000000000 ) ) ;
#997 = DIRECTION ( 'NONE',  ( 0.000000000000000000, -0.9659258262890670910, 0.2588190451025251804 ) ) ;
#999 =( NAMED_UNIT ( * ) PLANE_ANGLE_UNIT ( ) SI_UNIT ( $, .RADIAN. ) );
#1000 = AXIS2_PLACEMENT_3D ( 'NONE', #5236, #1832, #5877 ) ;
#1001 =( GEOMETRIC_REPRESENTATION_CONTEXT ( 3 ) GLOBAL_UNCERTAINTY_ASSIGNED_CONTEXT ( ( #2399 ) ) GLOBAL_UNIT_ASSIGNED_CONTEXT ( ( #2039, #3617, #4174 ) ) REPRESENTATION_CONTEXT ( 'NONE', 'WORKASPACE' ) );
#1002 = EDGE_CURVE ( 'NONE', #3174, #4037, #1997, .T. ) ;
#1003 = AXIS2_PLACEMENT_3D ( 'NONE', #3038, #233, #705 ) ;
#1004 = FACE_OUTER_BOUND ( 'NONE', #3330, .T. ) ;
#1005 = DIRECTION ( 'NONE',  ( -1.000000000000000000, -0.000000000000000000, -0.000000000000000000 ) ) ;
#1006 = FACE_OUTER_BOUND ( 'NONE', #2951, .T. ) ;
#1007 = CARTESIAN_POINT ( 'NONE',  ( 2.080000000000000071, 0.7459778054016128479, -3.497971487849612870 ) ) ;
#1008 = LINE ( 'NONE', #2145, #7289 ) ;
#1009 = FACE_OUTER_BOUND ( 'NONE', #7256, .T. ) ;
#1010 = VECTOR ( 'NONE', #4879, 1000.000000000000000 ) ;
#1011 = ORIENTED_EDGE ( 'NONE', *, *, #4760, .F. ) ;
#1012 = EDGE_CURVE ( 'NONE', #2869, #7190, #903, .T. ) ;
#1013 = VECTOR ( 'NONE', #5311, 1000.000000000000000 ) ;
#1014 = DIRECTION ( 'NONE',  ( -0.000000000000000000, 1.000000000000000000, -0.000000000000000000 ) ) ;
#1015 = CARTESIAN_POINT ( 'NONE',  ( 0.8100000000000003864, 0.2299999999999996214, -3.577971487849614274 ) ) ;
#1016 = FACE_OUTER_BOUND ( 'NONE', #4565, .T. ) ;
#1017 = VERTEX_POINT ( 'NONE', #867 ) ;
#1018 = CARTESIAN_POINT ( 'NONE',  ( 2.080000000000000071, 0.2092944763917980455, 3.649888873943361478 ) ) ;
#1019 = LINE ( 'NONE', #2867, #6520 ) ;
#1020 = COLOUR_RGB ( '',1.000000000000000000, 1.000000000000000000, 1.000000000000000000 ) ;
#1021 = CARTESIAN_POINT ( 'NONE',  ( -0.4599999999999996869, 0.7459778054016127369, -3.267971487849611556 ) ) ;
#1022 = SURFACE_STYLE_USAGE ( .BOTH. , #3840 ) ;
#1023 = ORIENTED_EDGE ( 'NONE', *, *, #7060, .F. ) ;
#1024 = EDGE_LOOP ( 'NONE', ( #7185, #690, #3950, #1 ) ) ;
#1025 = VERTEX_POINT ( 'NONE', #4877 ) ;
#1026 = DIRECTION ( 'NONE',  ( -1.000000000000000000, -0.000000000000000000, -0.000000000000000000 ) ) ;
#1027 = EDGE_CURVE ( 'NONE', #3165, #1025, #6443, .T. ) ;
#1028 = DIRECTION ( 'NONE',  ( 0.000000000000000000, 0.000000000000000000, -1.000000000000000000 ) ) ;
#1029 = DIRECTION ( 'NONE',  ( 0.000000000000000000, -3.045953970873614345E-15, 1.000000000000000000 ) ) ;
#1030 = LINE ( 'NONE', #2061, #3605 ) ;
#1032 = LINE ( 'NONE', #3707, #1690 ) ;
#1031 = CARTESIAN_POINT ( 'NONE',  ( -0.1899999999999998357, 2.109999999999999432, -1.750000000000000000 ) ) ;
#1033 = AXIS2_PLACEMENT_3D ( 'NONE', #4065, #1613, #4983 ) ;
#1034 = ORIENTED_EDGE ( 'NONE', *, *, #6777, .F. ) ;
#1035 = UNCERTAINTY_MEASURE_WITH_UNIT (LENGTH_MEASURE( 1.000000000000000082E-05 ), #6716, 'distance_accuracy_value', 'NONE');
#1036 = EDGE_CURVE ( 'NONE', #3250, #4996, #6076, .T. ) ;
#1037 = VECTOR ( 'NONE', #3675, 1000.000000000000000 ) ;
#1038 = CARTESIAN_POINT ( 'NONE',  ( 1.550000000000000266, 1.809999999999999609, 0.9000000000000000222 ) ) ;
#1039 = DIRECTION ( 'NONE',  ( -0.000000000000000000, -1.000000000000000000, -0.000000000000000000 ) ) ;
#1040 = VECTOR ( 'NONE', #2059, 1000.000000000000000 ) ;
#1041 = DIRECTION ( 'NONE',  ( 1.000000000000000000, -0.000000000000000000, -0.000000000000000000 ) ) ;
#1042 = CARTESIAN_POINT ( 'NONE',  ( -3.100000000000000089, -0.7147114317029832353, 2.667339375865894091 ) ) ;
#1043 = CARTESIAN_POINT ( 'NONE',  ( 1.080000000000000293, 2.109999999999999432, -1.750000000000000000 ) ) ;
#1044 = LINE ( 'NONE', #2751, #6681 ) ;
#1045 = ORIENTED_EDGE ( 'NONE', *, *, #304, .F. ) ;
#1046 = AXIS2_PLACEMENT_3D ( 'NONE', #541, #3287, #6837 ) ;
#1047 = SURFACE_SIDE_STYLE ('',( #6824 ) ) ;
#1048 = LINE ( 'NONE', #6756, #4272 ) ;
#1049 = AXIS2_PLACEMENT_3D ( 'NONE', #3175, #2055, #7237 ) ;
#1050 = CARTESIAN_POINT ( 'NONE',  ( -0.4599999999999996869, 0.000000000000000000, -4.065000000000001279 ) ) ;
#1051 = SURFACE_STYLE_USAGE ( .BOTH. , #6791 ) ;
#1052 = EDGE_CURVE ( 'NONE', #4420, #519, #4268, .T. ) ;
#1053 = AXIS2_PLACEMENT_3D ( 'NONE', #7144, #6531, #4883 ) ;
#1054 = DIRECTION ( 'NONE',  ( 0.000000000000000000, -0.000000000000000000, -1.000000000000000000 ) ) ;
#1055 = VERTEX_POINT ( 'NONE', #421 ) ;
#1056 = DIRECTION ( 'NONE',  ( -1.000000000000000000, -0.000000000000000000, -0.000000000000000000 ) ) ;
#1057 = UNCERTAINTY_MEASURE_WITH_UNIT (LENGTH_MEASURE( 1.000000000000000082E-05 ), #771, 'distance_accuracy_value', 'NONE');
#1058 = LINE ( 'NONE', #1746, #2477 ) ;
#1059 = VERTEX_POINT ( 'NONE', #2675 ) ;
#1060 = VECTOR ( 'NONE', #4235, 1000.000000000000000 ) ;
#1061 = EDGE_CURVE ( 'NONE', #6244, #787, #4959, .T. ) ;
#1062 = ORIENTED_EDGE ( 'NONE', *, *, #6707, .F. ) ;
#1063 = ORIENTED_EDGE ( 'NONE', *, *, #3139, .F. ) ;
#1064 = EDGE_LOOP ( 'NONE', ( #3826, #4775, #2518, #4172 ) ) ;
#1065 = CARTESIAN_POINT ( 'NONE',  ( 0.4500000000000002887, 0.9000000000000003553, 3.100000000000000533 ) ) ;
#1066 = AXIS2_PLACEMENT_3D ( 'NONE', #2424, #5231, #2384 ) ;
#1067 = FACE_BOUND ( 'NONE', #5449, .T. ) ;
#1068 =( NAMED_UNIT ( * ) PLANE_ANGLE_UNIT ( ) SI_UNIT ( $, .RADIAN. ) );
#1069 = DIRECTION ( 'NONE',  ( -1.000000000000000000, -0.000000000000000000, -0.000000000000000000 ) ) ;
#1070 = CARTESIAN_POINT ( 'NONE',  ( -1.459999999999999964, 2.109999999999999432, 1.750000000000000000 ) ) ;
#1071 = SURFACE_STYLE_FILL_AREA ( #4516 ) ;
#1072 = VERTEX_POINT ( 'NONE', #2114 ) ;
#1073 = VECTOR ( 'NONE', #5850, 1000.000000000000000 ) ;
#1074 = SURFACE_SIDE_STYLE ('',( #6180 ) ) ;
#1075 = PLANE ( 'NONE',  #2199 ) ;
#1076 = DIRECTION ( 'NONE',  ( 0.000000000000000000, 0.2588190451025172978, -0.9659258262890693114 ) ) ;
#1077 = PRESENTATION_STYLE_ASSIGNMENT (( #4484 ) ) ;
#1078 = CARTESIAN_POINT ( 'NONE',  ( -0.9899999999999997691, 2.310000000000000053, 0.9000000000000003553 ) ) ;
#1079 = VECTOR ( 'NONE', #1735, 1000.000000000000000 ) ;
#1080 = EDGE_CURVE ( 'NONE', #6935, #1791, #6528, .T. ) ;
#1081 = CARTESIAN_POINT ( 'NONE',  ( -3.100000000000000089, 2.059999999999999165, 2.399999999999999911 ) ) ;
#1082 = VECTOR ( 'NONE', #3818, 1000.000000000000000 ) ;
#1083 = VERTEX_POINT ( 'NONE', #2034 ) ;
#1084 = VECTOR ( 'NONE', #1949, 1000.000000000000000 ) ;
#1085 = DIRECTION ( 'NONE',  ( -1.000000000000000000, -0.000000000000000000, -0.000000000000000000 ) ) ;
#1086 = CARTESIAN_POINT ( 'NONE',  ( -1.729999999999999760, 0.9759778054016119420, -3.089997332157668808 ) ) ;
#1087 = EDGE_CURVE ( 'NONE', #5824, #3129, #6262, .T. ) ;
#1088 = CARTESIAN_POINT ( 'NONE',  ( -0.9899999999999997691, 1.809999999999999609, 0.9000000000000000222 ) ) ;
#1089 = AXIS2_PLACEMENT_3D ( 'NONE', #6830, #4495, #6793 ) ;
#1090 = FILL_AREA_STYLE ('',( #6083 ) ) ;
#1091 = PLANE ( 'NONE',  #4487 ) ;
#1092 = VECTOR ( 'NONE', #4604, 1000.000000000000000 ) ;
#1093 = CARTESIAN_POINT ( 'NONE',  ( 0.8100000000000003864, 0.2299999999999996214, -3.577971487849614274 ) ) ;
#1094 = ORIENTED_EDGE ( 'NONE', *, *, #3164, .F. ) ;
#1095 =( LENGTH_UNIT ( ) NAMED_UNIT ( * ) SI_UNIT ( .MILLI., .METRE. ) );
#1096 = AXIS2_PLACEMENT_3D ( 'NONE', #912, #4317, #3729 ) ;
#1097 = ADVANCED_FACE ( 'NONE', ( #2290 ), #5626, .F. ) ;
#1098 = ORIENTED_EDGE ( 'NONE', *, *, #1527, .F. ) ;
#1099 = CARTESIAN_POINT ( 'NONE',  ( 0.1800000000000000488, 2.309999999999999609, 1.750000000000000000 ) ) ;
#1100 = LINE ( 'NONE', #2837, #3270 ) ;
#1101 = CARTESIAN_POINT ( 'NONE',  ( -2.089999999999999858, -7.047314121155778821E-16, 3.727162940046487183 ) ) ;
#1102 = VERTEX_POINT ( 'NONE', #3869 ) ;
#1103 = VERTEX_POINT ( 'NONE', #7288 ) ;
#1104 = UNCERTAINTY_MEASURE_WITH_UNIT (LENGTH_MEASURE( 1.000000000000000082E-05 ), #6376, 'distance_accuracy_value', 'NONE');
#1105 = VERTEX_POINT ( 'NONE', #2259 ) ;
#1106 = EDGE_CURVE ( 'NONE', #333, #6535, #3273, .T. ) ;
#1107 = ORIENTED_EDGE ( 'NONE', *, *, #990, .F. ) ;
#1108 = DIRECTION ( 'NONE',  ( 0.000000000000000000, 0.000000000000000000, -1.000000000000000000 ) ) ;
#1109 = FILL_AREA_STYLE_COLOUR ( '', #4471 ) ;
#1110 = DIRECTION ( 'NONE',  ( 0.000000000000000000, 0.000000000000000000, -1.000000000000000000 ) ) ;
#1111 = CARTESIAN_POINT ( 'NONE',  ( 2.250000000000000444, 1.909999999999999476, -0.8999999999999995781 ) ) ;
#1112 = AXIS2_PLACEMENT_3D ( 'NONE', #2601, #4842, #4808 ) ;
#1113 = LINE ( 'NONE', #3417, #3202 ) ;
#1114 = ORIENTED_EDGE ( 'NONE', *, *, #3158, .T. ) ;
#1115 = AXIS2_PLACEMENT_3D ( 'NONE', #4792, #2482, #1403 ) ;
#1116 = CARTESIAN_POINT ( 'NONE',  ( 0.4500000000000002887, 0.2300000000000000655, 3.727162940046486739 ) ) ;
#1117 = CLOSED_SHELL ( 'NONE', ( #5708, #1521, #910, #4301, #5282, #6890, #3992, #6094, #1798, #933, #1955, #2829, #147, #5427, #5996 ) ) ;
#1118 = FACE_OUTER_BOUND ( 'NONE', #1024, .T. ) ;
#1119 = DIRECTION ( 'NONE',  ( -1.000000000000000000, 0.000000000000000000, 0.000000000000000000 ) ) ;
#1121 = ORIENTED_EDGE ( 'NONE', *, *, #1027, .F. ) ;
#1120 = CARTESIAN_POINT ( 'NONE',  ( -1.729999999999999760, 0.1704716196264193517, 3.504999999999999893 ) ) ;
#1122 = VECTOR ( 'NONE', #1869, 1000.000000000000000 ) ;
#1123 = CARTESIAN_POINT ( 'NONE',  ( 3.810000000000000053, 2.109999999999999432, -0.9000000000000000222 ) ) ;
#1124 = VERTEX_POINT ( 'NONE', #6752 ) ;
#1125 = DIRECTION ( 'NONE',  ( -0.000000000000000000, 1.000000000000000000, -0.000000000000000000 ) ) ;
#1126 = AXIS2_PLACEMENT_3D ( 'NONE', #5083, #4579, #2768 ) ;
#1127 = EDGE_CURVE ( 'NONE', #2003, #1760, #1044, .T. ) ;
#1128 = MECHANICAL_DESIGN_GEOMETRIC_PRESENTATION_REPRESENTATION (  '', ( #2785 ), #6715 ) ;
#1129 = VECTOR ( 'NONE', #720, 1000.000000000000000 ) ;
#1130 = CARTESIAN_POINT ( 'NONE',  ( -0.8199999999999997291, 0.1500000000000009381, -3.577971487849614274 ) ) ;
#1131 = LINE ( 'NONE', #6759, #314 ) ;
#1132 = VERTEX_POINT ( 'NONE', #1621 ) ;
#1133 = EDGE_CURVE ( 'NONE', #5050, #5198, #6184, .T. ) ;
#1134 = LINE ( 'NONE', #1099, #1165 ) ;
#1135 = CARTESIAN_POINT ( 'NONE',  ( -2.089999999999999858, 0.9759778054016120530, -3.267971487849612000 ) ) ;
#1136 = COLOUR_RGB ( '',0.2509803921568627416, 0.2509803921568627416, 0.2509803921568627416 ) ;
#1137 = ORIENTED_EDGE ( 'NONE', *, *, #3782, .T. ) ;
#1138 = ORIENTED_EDGE ( 'NONE', *, *, #4753, .F. ) ;
#1139 = EDGE_CURVE ( 'NONE', #3042, #2008, #602, .T. ) ;
#1140 = ORIENTED_EDGE ( 'NONE', *, *, #2684, .F. ) ;
#1141 = VERTEX_POINT ( 'NONE', #3942 ) ;
#1142 = CARTESIAN_POINT ( 'NONE',  ( -1.560000000000000053, 1.809999999999999609, -0.9000000000000000222 ) ) ;
#1143 = DIRECTION ( 'NONE',  ( 0.000000000000000000, 0.000000000000000000, -1.000000000000000000 ) ) ;
#1144 = LINE ( 'NONE', #4403, #1252 ) ;
#1145 = DIRECTION ( 'NONE',  ( -1.000000000000000000, -0.000000000000000000, -0.000000000000000000 ) ) ;
#1146 = EDGE_CURVE ( 'NONE', #2727, #1059, #6862, .T. ) ;
#1147 = CARTESIAN_POINT ( 'NONE',  ( 3.100000000000000089, 0.1000000000000000472, 2.885640646055106728 ) ) ;
#1148 = ADVANCED_FACE ( 'NONE', ( #3349 ), #4488, .F. ) ;
#1149 = MECHANICAL_DESIGN_GEOMETRIC_PRESENTATION_REPRESENTATION (  '', ( #2442 ), #2458 ) ;
#1150 = VERTEX_POINT ( 'NONE', #6785 ) ;
#1151 = DIRECTION ( 'NONE',  ( 1.000000000000000000, 0.000000000000000000, 0.000000000000000000 ) ) ;
#1152 =( NAMED_UNIT ( * ) PLANE_ANGLE_UNIT ( ) SI_UNIT ( $, .RADIAN. ) );
#1153 = CARTESIAN_POINT ( 'NONE',  ( 2.080000000000000071, 0.2299999999999995104, -3.347971487849612959 ) ) ;
#1154 = UNCERTAINTY_MEASURE_WITH_UNIT (LENGTH_MEASURE( 1.000000000000000082E-05 ), #4121, 'distance_accuracy_value', 'NONE');
#1156 = ORIENTED_EDGE ( 'NONE', *, *, #19, .F. ) ;
#1155 = DIRECTION ( 'NONE',  ( 0.000000000000000000, -0.9659258262890670910, 0.2588190451025250138 ) ) ;
#1157 = ADVANCED_FACE ( 'NONE', ( #3388 ), #5667, .T. ) ;
#1158 = FILL_AREA_STYLE ('',( #5589 ) ) ;
#1159 = ORIENTED_EDGE ( 'NONE', *, *, #740, .T. ) ;
#1160 = VECTOR ( 'NONE', #5254, 1000.000000000000000 ) ;
#1161 = STYLED_ITEM ( 'NONE', ( #6029 ), #2355 ) ;
#1162 = DIRECTION ( 'NONE',  ( -0.000000000000000000, 0.1305261922200490754, 0.9914448613738108262 ) ) ;
#1163 = SURFACE_STYLE_FILL_AREA ( #6866 ) ;
#1164 = FACE_OUTER_BOUND ( 'NONE', #2277, .T. ) ;
#1165 = VECTOR ( 'NONE', #3952, 1000.000000000000000 ) ;
#1166 = LINE ( 'NONE', #3433, #3457 ) ;
#1167 = PRODUCT_DEFINITION ( 'UNKNOWN', '', #2185, #4630 ) ;
#1168 = AXIS2_PLACEMENT_3D ( 'NONE', #4367, #2555, #6543 ) ;
#1169 = PLANE ( 'NONE',  #423 ) ;
#1170 = VERTEX_POINT ( 'NONE', #6297 ) ;
#1171 = DIRECTION ( 'NONE',  ( 0.000000000000000000, -1.000000000000000000, 8.405029527513197557E-16 ) ) ;
#1172 = CARTESIAN_POINT ( 'NONE',  ( 1.550000000000000266, 2.310000000000000053, -0.09999999999999961697 ) ) ;
#1173 = SURFACE_STYLE_FILL_AREA ( #4027 ) ;
#1174 = ORIENTED_EDGE ( 'NONE', *, *, #5569, .T. ) ;
#1175 = ORIENTED_EDGE ( 'NONE', *, *, #1052, .T. ) ;
#1176 = DIRECTION ( 'NONE',  ( -1.000000000000000000, -0.000000000000000000, -0.000000000000000000 ) ) ;
#1177 = VECTOR ( 'NONE', #1563, 1000.000000000000000 ) ;
#1178 = EDGE_CURVE ( 'NONE', #4506, #5951, #5974, .T. ) ;
#1179 = EDGE_LOOP ( 'NONE', ( #6823, #6367, #3956, #2843 ) ) ;
#1180 = EDGE_LOOP ( 'NONE', ( #6419, #623, #4203, #2247 ) ) ;
#1181 = DIRECTION ( 'NONE',  ( -1.000000000000000000, -0.000000000000000000, -0.000000000000000000 ) ) ;
#1182 = DIRECTION ( 'NONE',  ( 0.000000000000000000, -0.000000000000000000, -1.000000000000000000 ) ) ;
#1183 = VECTOR ( 'NONE', #6679, 1000.000000000000000 ) ;
#1184 = ORIENTED_EDGE ( 'NONE', *, *, #1977, .F. ) ;
#1185 = PRESENTATION_LAYER_ASSIGNMENT (  '', '', ( #250 ) ) ;
#1186 = PRESENTATION_STYLE_ASSIGNMENT (( #6217 ) ) ;
#1187 = EDGE_CURVE ( 'NONE', #5356, #3596, #6822, .T. ) ;
#1188 = ORIENTED_EDGE ( 'NONE', *, *, #5108, .T. ) ;
#1189 = CARTESIAN_POINT ( 'NONE',  ( 2.080000000000000071, 0.1500000000000008271, 3.727162940046487183 ) ) ;
#1190 = ORIENTED_EDGE ( 'NONE', *, *, #1052, .F. ) ;
#1191 = UNCERTAINTY_MEASURE_WITH_UNIT (LENGTH_MEASURE( 1.000000000000000082E-05 ), #2963, 'distance_accuracy_value', 'NONE');
#1192 = CARTESIAN_POINT ( 'NONE',  ( -1.729999999999999760, 0.000000000000000000, 0.000000000000000000 ) ) ;
#1193 = EDGE_CURVE ( 'NONE', #1083, #2202, #1881, .T. ) ;
#1194 = DIRECTION ( 'NONE',  ( -1.000000000000000000, -0.000000000000000000, -0.000000000000000000 ) ) ;
#1195 = MECHANICAL_DESIGN_GEOMETRIC_PRESENTATION_REPRESENTATION (  '', ( #957 ), #6550 ) ;
#1196 = APPLICATION_PROTOCOL_DEFINITION ( 'draft international standard', 'automotive_design', 1998, #7286 ) ;
#1197 = DIRECTION ( 'NONE',  ( -0.000000000000000000, 0.000000000000000000, 1.000000000000000000 ) ) ;
#1198 = LINE ( 'NONE', #95, #3922 ) ;
#1199 = AXIS2_PLACEMENT_3D ( 'NONE', #7362, #2211, #4478 ) ;
#1200 = PLANE ( 'NONE',  #4167 ) ;
#1201 =( GEOMETRIC_REPRESENTATION_CONTEXT ( 3 ) GLOBAL_UNCERTAINTY_ASSIGNED_CONTEXT ( ( #804 ) ) GLOBAL_UNIT_ASSIGNED_CONTEXT ( ( #3261, #4257, #4947 ) ) REPRESENTATION_CONTEXT ( 'NONE', 'WORKASPACE' ) );
#1202 = VERTEX_POINT ( 'NONE', #5180 ) ;
#1203 =( NAMED_UNIT ( * ) PLANE_ANGLE_UNIT ( ) SI_UNIT ( $, .RADIAN. ) );
#1204 = VECTOR ( 'NONE', #4069, 999.9999999999998863 ) ;
#1205 = DIRECTION ( 'NONE',  ( -1.000000000000000000, -0.000000000000000000, -0.000000000000000000 ) ) ;
#1206 = FACE_OUTER_BOUND ( 'NONE', #7008, .T. ) ;
#1207 = VERTEX_POINT ( 'NONE', #5890 ) ;
#1208 = DIRECTION ( 'NONE',  ( -1.000000000000000000, -0.000000000000000000, -0.000000000000000000 ) ) ;
#1209 = AXIS2_PLACEMENT_3D ( 'NONE', #4012, #569, #2824 ) ;
#1210 = ORIENTED_EDGE ( 'NONE', *, *, #6270, .F. ) ;
#1211 = COLOUR_RGB ( '',0.2509803921568627416, 0.2509803921568627416, 0.2509803921568627416 ) ;
#1212 = ORIENTED_EDGE ( 'NONE', *, *, #1080, .T. ) ;
#1213 = CARTESIAN_POINT ( 'NONE',  ( -1.560000000000000053, 1.909999999999999476, -0.8999999999999995781 ) ) ;
#1214 = EDGE_CURVE ( 'NONE', #4506, #2003, #1263, .T. ) ;
#1215 = CARTESIAN_POINT ( 'NONE',  ( 2.080000000000000071, 0.2299999999999995104, -3.497971487849612426 ) ) ;
#1216 = DIRECTION ( 'NONE',  ( -0.000000000000000000, 1.204669080539449344E-16, 1.000000000000000000 ) ) ;
#1217 = EDGE_LOOP ( 'NONE', ( #3292, #875, #7035, #1808 ) ) ;
#1218 = ADVANCED_FACE ( 'NONE', ( #3565 ), #1768, .F. ) ;
#1219 = UNCERTAINTY_MEASURE_WITH_UNIT (LENGTH_MEASURE( 1.000000000000000082E-05 ), #1965, 'distance_accuracy_value', 'NONE');
#1220 = LINE ( 'NONE', #3487, #6988 ) ;
#1221 = EDGE_CURVE ( 'NONE', #6315, #1460, #2485, .T. ) ;
#1222 = CARTESIAN_POINT ( 'NONE',  ( 1.720000000000000195, 0.1500000000000008271, 3.727162940046487183 ) ) ;
#1223 = DIRECTION ( 'NONE',  ( 0.000000000000000000, -0.2588190451025251804, -0.9659258262890672020 ) ) ;
#1225 = VERTEX_POINT ( 'NONE', #7015 ) ;
#1224 = CARTESIAN_POINT ( 'NONE',  ( -3.100000000000000089, 2.059999999999999165, 2.947283102798628374 ) ) ;
#1226 = DIRECTION ( 'NONE',  ( 0.000000000000000000, 1.000000000000000000, -5.782411586589326479E-15 ) ) ;
#1227 = EDGE_CURVE ( 'NONE', #3973, #1320, #4193, .T. ) ;
#1228 = ORIENTED_EDGE ( 'NONE', *, *, #4475, .T. ) ;
#1229 = AXIS2_PLACEMENT_3D ( 'NONE', #7180, #2639, #7218 ) ;
#1230 = FACE_OUTER_BOUND ( 'NONE', #3546, .T. ) ;
#1231 = CARTESIAN_POINT ( 'NONE',  ( -0.8199999999999997291, 0.2299999999999996214, -3.577971487849614274 ) ) ;
#1232 = DIRECTION ( 'NONE',  ( 0.000000000000000000, 1.000000000000000000, -5.782411586589326479E-15 ) ) ;
#1233 = CIRCLE ( 'NONE', #177, 0.07999999999999977962 ) ;
#1234 = PLANE ( 'NONE',  #5823 ) ;
#1235 = DIRECTION ( 'NONE',  ( 0.000000000000000000, 1.000000000000000000, 5.782411586589326479E-15 ) ) ;
#1236 = DIRECTION ( 'NONE',  ( 0.000000000000000000, 0.000000000000000000, -1.000000000000000000 ) ) ;
#1237 = AXIS2_PLACEMENT_3D ( 'NONE', #2333, #2754, #3905 ) ;
#1238 = EDGE_CURVE ( 'NONE', #2466, #2390, #5211, .T. ) ;
#1239 = VECTOR ( 'NONE', #5387, 1000.000000000000000 ) ;
#1240 = PLANE ( 'NONE',  #3855 ) ;
#1241 = ORIENTED_EDGE ( 'NONE', *, *, #7041, .F. ) ;
#1242 = CIRCLE ( 'NONE', #5409, 0.2300000000000005929 ) ;
#1243 = FACE_OUTER_BOUND ( 'NONE', #1676, .T. ) ;
#1244 = CARTESIAN_POINT ( 'NONE',  ( -0.4599999999999996869, 0.8259778054016121418, 3.080165812735383035 ) ) ;
#1245 = CARTESIAN_POINT ( 'NONE',  ( 0.9800000000000002043, 2.310000000000000053, -0.09999999999999961697 ) ) ;
#1246 = VERTEX_POINT ( 'NONE', #6331 ) ;
#1247 = FACE_OUTER_BOUND ( 'NONE', #5534, .T. ) ;
#1248 = ORIENTED_EDGE ( 'NONE', *, *, #1193, .T. ) ;
#1249 = AXIS2_PLACEMENT_3D ( 'NONE', #4023, #1742, #2231 ) ;
#1250 = ORIENTED_EDGE ( 'NONE', *, *, #7264, .T. ) ;
#1251 = CARTESIAN_POINT ( 'NONE',  ( -1.729999999999999760, -0.7147114317029787944, -2.667339375865898976 ) ) ;
#1252 = VECTOR ( 'NONE', #1069, 1000.000000000000000 ) ;
#1253 = FACE_OUTER_BOUND ( 'NONE', #4740, .T. ) ;
#1254 = FACE_OUTER_BOUND ( 'NONE', #5431, .T. ) ;
#1255 = EDGE_LOOP ( 'NONE', ( #5842, #2109, #922, #3662 ) ) ;
#1256 = ADVANCED_FACE ( 'NONE', ( #4122 ), #3494, .F. ) ;
#1257 = ORIENTED_EDGE ( 'NONE', *, *, #3312, .F. ) ;
#1258 = PRESENTATION_STYLE_ASSIGNMENT (( #6893 ) ) ;
#1259 = LINE ( 'NONE', #7088, #4454 ) ;
#1260 = LINE ( 'NONE', #6327, #6549 ) ;
#1261 = PLANE ( 'NONE',  #5633 ) ;
#1262 = ORIENTED_EDGE ( 'NONE', *, *, #4201, .F. ) ;
#1263 = LINE ( 'NONE', #1189, #859 ) ;
#1264 = ORIENTED_EDGE ( 'NONE', *, *, #3538, .T. ) ;
#1265 = ADVANCED_FACE ( 'NONE', ( #4598 ), #1297, .T. ) ;
#1266 = CARTESIAN_POINT ( 'NONE',  ( 0.1800000000000000488, 2.309999999999999609, 1.750000000000000000 ) ) ;
#1267 = PRESENTATION_STYLE_ASSIGNMENT (( #3462 ) ) ;
#1268 = DIRECTION ( 'NONE',  ( 0.000000000000000000, 3.045953970873614739E-15, -1.000000000000000000 ) ) ;
#1269 = CONTEXT_DEPENDENT_SHAPE_REPRESENTATION ( #2686, #3255 ) ;
#1270 = DIRECTION ( 'NONE',  ( 0.000000000000000000, 1.000000000000000000, -5.782411586589326479E-15 ) ) ;
#1271 = PLANE ( 'NONE',  #7175 ) ;
#1272 = FACE_OUTER_BOUND ( 'NONE', #5189, .T. ) ;
#1273 = ORIENTED_EDGE ( 'NONE', *, *, #294, .T. ) ;
#1274 = CARTESIAN_POINT ( 'NONE',  ( 0.8100000000000003864, 0.2300000000000000655, 3.727162940046486739 ) ) ;
#1275 = ADVANCED_FACE ( 'NONE', ( #1335 ), #4680, .F. ) ;
#1276 = STYLED_ITEM ( 'NONE', ( #4512 ), #2446 ) ;
#1277 = CARTESIAN_POINT ( 'NONE',  ( 2.250000000000000444, 2.310000000000000053, -0.09999999999999961697 ) ) ;
#1278 = ORIENTED_EDGE ( 'NONE', *, *, #6321, .T. ) ;
#1279 =( LENGTH_UNIT ( ) NAMED_UNIT ( * ) SI_UNIT ( .MILLI., .METRE. ) );
#1280 = ORIENTED_EDGE ( 'NONE', *, *, #50, .T. ) ;
#1281 = EDGE_LOOP ( 'NONE', ( #5989, #5098, #2235, #2050 ) ) ;
#1282 = ORIENTED_EDGE ( 'NONE', *, *, #4448, .F. ) ;
#1283 = DIRECTION ( 'NONE',  ( -0.000000000000000000, 1.000000000000000000, -0.000000000000000000 ) ) ;
#1284 = DIRECTION ( 'NONE',  ( 1.000000000000000000, 0.000000000000000000, 0.000000000000000000 ) ) ;
#1285 = EDGE_CURVE ( 'NONE', #587, #2869, #3603, .T. ) ;
#1286 = DIRECTION ( 'NONE',  ( -1.000000000000000000, -0.000000000000000000, -0.000000000000000000 ) ) ;
#1287 = CARTESIAN_POINT ( 'NONE',  ( 1.270000000000000018, 1.809999999999999609, 0.000000000000000000 ) ) ;
#1288 = ORIENTED_EDGE ( 'NONE', *, *, #6108, .T. ) ;
#1289 = VECTOR ( 'NONE', #6156, 1000.000000000000227 ) ;
#1290 = EDGE_LOOP ( 'NONE', ( #2125, #1336, #5889, #940 ) ) ;
#1291 = SURFACE_SIDE_STYLE ('',( #4829 ) ) ;
#1292 = CARTESIAN_POINT ( 'NONE',  ( -0.2899999999999998690, 2.310000000000000053, 0.9000000000000003553 ) ) ;
#1293 = DIRECTION ( 'NONE',  ( -1.000000000000000000, -0.000000000000000000, -0.000000000000000000 ) ) ;
#1295 =( NAMED_UNIT ( * ) PLANE_ANGLE_UNIT ( ) SI_UNIT ( $, .RADIAN. ) );
#1294 = SURFACE_STYLE_FILL_AREA ( #5144 ) ;
#1296 = VECTOR ( 'NONE', #4957, 1000.000000000000000 ) ;
#1297 = PLANE ( 'NONE',  #4520 ) ;
#1298 = ORIENTED_EDGE ( 'NONE', *, *, #7354, .F. ) ;
#1299 = FILL_AREA_STYLE_COLOUR ( '', #6488 ) ;
#1300 = DIRECTION ( 'NONE',  ( 0.000000000000000000, -1.000000000000000000, 0.000000000000000000 ) ) ;
#1301 = STYLED_ITEM ( 'NONE', ( #6046 ), #684 ) ;
#1302 = EDGE_CURVE ( 'NONE', #5891, #6803, #3004, .T. ) ;
#1303 = PLANE ( 'NONE',  #4173 ) ;
#1304 = EDGE_CURVE ( 'NONE', #2688, #2275, #5997, .T. ) ;
#1305 =( NAMED_UNIT ( * ) PLANE_ANGLE_UNIT ( ) SI_UNIT ( $, .RADIAN. ) );
#1306 = CARTESIAN_POINT ( 'NONE',  ( -2.089999999999999858, 0.7459778054016120707, 3.267971487849611556 ) ) ;
#1307 = EDGE_CURVE ( 'NONE', #6166, #2386, #3182, .T. ) ;
#1308 = COLOUR_RGB ( '',0.2509803921568627416, 0.2509803921568627416, 0.2509803921568627416 ) ;
#1309 = ORIENTED_EDGE ( 'NONE', *, *, #6289, .F. ) ;
#1310 =( LENGTH_UNIT ( ) NAMED_UNIT ( * ) SI_UNIT ( .MILLI., .METRE. ) );
#1311 = STYLED_ITEM ( 'NONE', ( #3107 ), #6560 ) ;
#1312 = ORIENTED_EDGE ( 'NONE', *, *, #4333, .F. ) ;
#1313 = DIRECTION ( 'NONE',  ( 1.000000000000000000, -0.000000000000000000, -0.000000000000000000 ) ) ;
#1314 = VECTOR ( 'NONE', #936, 1000.000000000000114 ) ;
#1315 = ORIENTED_EDGE ( 'NONE', *, *, #606, .F. ) ;
#1316 = ADVANCED_FACE ( 'NONE', ( #1373 ), #414, .F. ) ;
#1317 = VECTOR ( 'NONE', #6038, 1000.000000000000000 ) ;
#1318 = VERTEX_POINT ( 'NONE', #929 ) ;
#1319 = PRESENTATION_LAYER_ASSIGNMENT (  '', '', ( #4050 ) ) ;
#1320 = VERTEX_POINT ( 'NONE', #893 ) ;
#1321 = CARTESIAN_POINT ( 'NONE',  ( -2.259999999999999787, 1.809999999999999387, -0.8999999999999995781 ) ) ;
#1322 = LINE ( 'NONE', #810, #5088 ) ;
#1323 = DIRECTION ( 'NONE',  ( 1.000000000000000000, 0.000000000000000000, -0.000000000000000000 ) ) ;
#1324 = FILL_AREA_STYLE_COLOUR ( '', #4306 ) ;
#1325 = STYLED_ITEM ( 'NONE', ( #127 ), #1275 ) ;
#1326 = VECTOR ( 'NONE', #6373, 1000.000000000000000 ) ;
#1327 = ORIENTED_EDGE ( 'NONE', *, *, #5269, .F. ) ;
#1328 = EDGE_CURVE ( 'NONE', #5646, #7186, #858, .T. ) ;
#1329 = ORIENTED_EDGE ( 'NONE', *, *, #5649, .T. ) ;
#1330 = CARTESIAN_POINT ( 'NONE',  ( 2.080000000000000071, 0.7666833290098139519, 3.345245553952736817 ) ) ;
#1331 = CARTESIAN_POINT ( 'NONE',  ( 1.550000000000000266, 1.909999999999999476, -0.09999999999999961697 ) ) ;
#1332 = DIRECTION ( 'NONE',  ( 0.000000000000000000, 1.000000000000000000, -2.226157494760227923E-16 ) ) ;
#1334 = ORIENTED_EDGE ( 'NONE', *, *, #1127, .F. ) ;
#1333 = DIRECTION ( 'NONE',  ( 1.000000000000000000, 0.000000000000000000, 0.000000000000000000 ) ) ;
#1335 = FACE_OUTER_BOUND ( 'NONE', #5870, .T. ) ;
#1336 = ORIENTED_EDGE ( 'NONE', *, *, #4970, .F. ) ;
#1337 = FACE_OUTER_BOUND ( 'NONE', #80, .T. ) ;
#1338 = CARTESIAN_POINT ( 'NONE',  ( -0.9899999999999997691, 1.909999999999999476, -0.09999999999999961697 ) ) ;
#1339 = LINE ( 'NONE', #6984, #2961 ) ;
#1340 = STYLED_ITEM ( 'NONE', ( #3124 ), #2982 ) ;
#1341 = PLANE ( 'NONE',  #5969 ) ;
#1342 = EDGE_CURVE ( 'NONE', #6423, #2676, #4833, .T. ) ;
#1343 = SURFACE_SIDE_STYLE ('',( #5079 ) ) ;
#1344 = ORIENTED_EDGE ( 'NONE', *, *, #466, .T. ) ;
#1345 = CARTESIAN_POINT ( 'NONE',  ( 0.2800000000000003042, 1.809999999999999609, 0.9000000000000003553 ) ) ;
#1346 = CLOSED_SHELL ( 'NONE', ( #6361, #684, #4822, #4905, #5216, #2295, #5872, #3219 ) ) ;
#1347 = PRESENTATION_STYLE_ASSIGNMENT (( #289 ) ) ;
#1348 = ORIENTED_EDGE ( 'NONE', *, *, #7007, .F. ) ;
#1349 = DIRECTION ( 'NONE',  ( 0.000000000000000000, -3.045953970873614345E-15, 1.000000000000000000 ) ) ;
#1350 = EDGE_LOOP ( 'NONE', ( #176, #4364, #5305, #4629 ) ) ;
#1351 = LINE ( 'NONE', #7036, #3913 ) ;
#1352 = MECHANICAL_DESIGN_GEOMETRIC_PRESENTATION_REPRESENTATION (  '', ( #3607 ), #3724 ) ;
#1353 = ORIENTED_EDGE ( 'NONE', *, *, #829, .F. ) ;
#1354 = PRESENTATION_LAYER_ASSIGNMENT (  '', '', ( #6475 ) ) ;
#1355 = EDGE_CURVE ( 'NONE', #1557, #7386, #5507, .T. ) ;
#1356 = PRESENTATION_LAYER_ASSIGNMENT (  '', '', ( #4310 ) ) ;
#1357 = EDGE_LOOP ( 'NONE', ( #4596, #2550, #4178, #7192 ) ) ;
#1358 = PLANE ( 'NONE',  #5853 ) ;
#1359 = LINE ( 'NONE', #2949, #1829 ) ;
#1360 = DIRECTION ( 'NONE',  ( 0.000000000000000000, 0.000000000000000000, -1.000000000000000000 ) ) ;
#1361 = ADVANCED_FACE ( 'NONE', ( #2524 ), #4261, .F. ) ;
#1362 = ORIENTED_EDGE ( 'NONE', *, *, #5539, .T. ) ;
#1363 = AXIS2_PLACEMENT_3D ( 'NONE', #4513, #36, #4437 ) ;
#1364 = ORIENTED_EDGE ( 'NONE', *, *, #1660, .F. ) ;
#1365 = SURFACE_SIDE_STYLE ('',( #6476 ) ) ;
#1366 = DIRECTION ( 'NONE',  ( -1.000000000000000000, -0.000000000000000000, -0.000000000000000000 ) ) ;
#1367 = VECTOR ( 'NONE', #6787, 1000.000000000000000 ) ;
#1368 = DIRECTION ( 'NONE',  ( -1.000000000000000000, -0.000000000000000000, -0.000000000000000000 ) ) ;
#1369 = EDGE_CURVE ( 'NONE', #6712, #3973, #1769, .T. ) ;
#1370 = ADVANCED_FACE ( 'NONE', ( #343 ), #5469, .F. ) ;
#1371 =( GEOMETRIC_REPRESENTATION_CONTEXT ( 3 ) GLOBAL_UNCERTAINTY_ASSIGNED_CONTEXT ( ( #7073 ) ) GLOBAL_UNIT_ASSIGNED_CONTEXT ( ( #6200, #1601, #6237 ) ) REPRESENTATION_CONTEXT ( 'NONE', 'WORKASPACE' ) );
#1372 = ORIENTED_EDGE ( 'NONE', *, *, #7064, .T. ) ;
#1373 = FACE_OUTER_BOUND ( 'NONE', #881, .T. ) ;
#1374 = CARTESIAN_POINT ( 'NONE',  ( 2.080000000000000071, -0.7147114317029787944, -2.667339375865898976 ) ) ;
#1375 = CARTESIAN_POINT ( 'NONE',  ( 1.720000000000000195, 0.2299999999999995104, -3.497971487849612426 ) ) ;
#1376 = COLOUR_RGB ( '',0.7921568627450980005, 0.8196078431372548767, 0.9333333333333333481 ) ;
#1377 = DIRECTION ( 'NONE',  ( 0.000000000000000000, 0.9659258262890704216, -0.2588190451025127459 ) ) ;
#1378 = EDGE_CURVE ( 'NONE', #2943, #4014, #4909, .T. ) ;
#1379 = FACE_OUTER_BOUND ( 'NONE', #5866, .T. ) ;
#1380 = CARTESIAN_POINT ( 'NONE',  ( 0.4500000000000002887, 0.000000000000000000, -3.577971487849614274 ) ) ;
#1381 = CARTESIAN_POINT ( 'NONE',  ( 1.720000000000000195, 0.000000000000000000, 0.000000000000000000 ) ) ;
#1382 = ORIENTED_EDGE ( 'NONE', *, *, #7019, .T. ) ;
#1383 = ORIENTED_EDGE ( 'NONE', *, *, #2436, .F. ) ;
#1384 = FILL_AREA_STYLE ('',( #5341 ) ) ;
#1385 = ORIENTED_EDGE ( 'NONE', *, *, #372, .F. ) ;
#1386 =( GEOMETRIC_REPRESENTATION_CONTEXT ( 3 ) GLOBAL_UNCERTAINTY_ASSIGNED_CONTEXT ( ( #5622 ) ) GLOBAL_UNIT_ASSIGNED_CONTEXT ( ( #4045, #85, #165 ) ) REPRESENTATION_CONTEXT ( 'NONE', 'WORKASPACE' ) );
#1387 = SURFACE_STYLE_FILL_AREA ( #1823 ) ;
#1388 = UNCERTAINTY_MEASURE_WITH_UNIT (LENGTH_MEASURE( 1.000000000000000082E-05 ), #5492, 'distance_accuracy_value', 'NONE');
#1389 = ORIENTED_EDGE ( 'NONE', *, *, #6731, .T. ) ;
#1390 = ORIENTED_EDGE ( 'NONE', *, *, #3381, .T. ) ;
#1391 = VECTOR ( 'NONE', #7376, 1000.000000000000000 ) ;
#1392 = ORIENTED_EDGE ( 'NONE', *, *, #5365, .T. ) ;
#1393 = COLOUR_RGB ( '',0.7921568627450980005, 0.8196078431372548767, 0.9333333333333333481 ) ;
#1394 = DIRECTION ( 'NONE',  ( 0.000000000000000000, 0.2588190451025146888, -0.9659258262890698665 ) ) ;
#1395 = CYLINDRICAL_SURFACE ( 'NONE', #4564, 0.2300000000000005929 ) ;
#1396 = LINE ( 'NONE', #3098, #6117 ) ;
#1397 = ORIENTED_EDGE ( 'NONE', *, *, #1809, .T. ) ;
#1398 = EDGE_CURVE ( 'NONE', #2580, #814, #3077, .T. ) ;
#1399 = COLOUR_RGB ( '',1.000000000000000000, 1.000000000000000000, 1.000000000000000000 ) ;
#1400 = ORIENTED_EDGE ( 'NONE', *, *, #772, .F. ) ;
#1401 = ORIENTED_EDGE ( 'NONE', *, *, #3274, .F. ) ;
#1402 = CYLINDRICAL_SURFACE ( 'NONE', #3925, 0.2300000000000010369 ) ;
#1403 = DIRECTION ( 'NONE',  ( 0.000000000000000000, 0.000000000000000000, 1.000000000000000000 ) ) ;
#1405 = EDGE_LOOP ( 'NONE', ( #2803, #336, #540, #2907 ) ) ;
#1404 = CARTESIAN_POINT ( 'NONE',  ( 1.720000000000000195, 0.9000000000000003553, 3.100000000000000533 ) ) ;
#1406 = DIRECTION ( 'NONE',  ( 1.000000000000000000, 0.000000000000000000, 0.000000000000000000 ) ) ;
#1407 = VECTOR ( 'NONE', #5978, 1000.000000000000000 ) ;
#1408 = ADVANCED_FACE ( 'NONE', ( #5363 ), #1509, .F. ) ;
#1409 = DIRECTION ( 'NONE',  ( -1.000000000000000000, -0.000000000000000000, -0.000000000000000000 ) ) ;
#1410 = DIRECTION ( 'NONE',  ( 0.000000000000000000, -0.000000000000000000, -1.000000000000000000 ) ) ;
#1411 = CARTESIAN_POINT ( 'NONE',  ( -0.8199999999999997291, 0.7666833290098139519, 3.345245553952737261 ) ) ;
#1412 = MECHANICAL_DESIGN_GEOMETRIC_PRESENTATION_REPRESENTATION (  '', ( #703 ), #3187 ) ;
#1413 = LINE ( 'NONE', #7135, #1296 ) ;
#1414 = DIRECTION ( 'NONE',  ( 0.000000000000000000, -3.045953970873614345E-15, 1.000000000000000000 ) ) ;
#1415 = EDGE_CURVE ( 'NONE', #3558, #5234, #5745, .T. ) ;
#1416 = VECTOR ( 'NONE', #1579, 1000.000000000000000 ) ;
#1417 = DIRECTION ( 'NONE',  ( 1.000000000000000000, 0.000000000000000000, -0.000000000000000000 ) ) ;
#1418 = CARTESIAN_POINT ( 'NONE',  ( 3.100000000000000089, 2.309999999999999609, 2.914369978401781580 ) ) ;
#1419 = SURFACE_SIDE_STYLE ('',( #833 ) ) ;
#1420 = CARTESIAN_POINT ( 'NONE',  ( 2.250000000000000444, 2.310000000000000053, 0.9000000000000003553 ) ) ;
#1421 = ORIENTED_EDGE ( 'NONE', *, *, #6341, .T. ) ;
#1422 = EDGE_LOOP ( 'NONE', ( #7032, #1327, #6045, #4252 ) ) ;
#1423 = ORIENTED_EDGE ( 'NONE', *, *, #4556, .F. ) ;
#1424 = CARTESIAN_POINT ( 'NONE',  ( -1.090000000000000080, 2.109999999999999432, 1.750000000000000000 ) ) ;
#1425 = FILL_AREA_STYLE ('',( #7187 ) ) ;
#1426 = CARTESIAN_POINT ( 'NONE',  ( -0.2899999999999998690, 1.909999999999999476, -0.09999999999999961697 ) ) ;
#1427 = VECTOR ( 'NONE', #6713, 1000.000000000000000 ) ;
#1428 = EDGE_LOOP ( 'NONE', ( #3619, #762, #3904, #2850 ) ) ;
#1429 = VECTOR ( 'NONE', #2246, 1000.000000000000000 ) ;
#1430 = ORIENTED_EDGE ( 'NONE', *, *, #6004, .T. ) ;
#1431 = AXIS2_PLACEMENT_3D ( 'NONE', #599, #43, #2183 ) ;
#1432 = ORIENTED_EDGE ( 'NONE', *, *, #4169, .F. ) ;
#1433 = DIRECTION ( 'NONE',  ( 0.000000000000000000, 0.9659258262890670910, -0.2588190451025250138 ) ) ;
#1434 = ADVANCED_FACE ( 'NONE', ( #1850 ), #5220, .T. ) ;
#1435 = DIRECTION ( 'NONE',  ( 0.000000000000000000, -1.000000000000000000, 5.782411586589324901E-15 ) ) ;
#1436 = LINE ( 'NONE', #3778, #3532 ) ;
#1437 = AXIS2_PLACEMENT_3D ( 'NONE', #6387, #1284, #809 ) ;
#1438 =( LENGTH_UNIT ( ) NAMED_UNIT ( * ) SI_UNIT ( .MILLI., .METRE. ) );
#1439 = AXIS2_PLACEMENT_3D ( 'NONE', #3247, #6267, #1232 ) ;
#1440 = EDGE_CURVE ( 'NONE', #2349, #6532, #5784, .T. ) ;
#1441 = DIRECTION ( 'NONE',  ( 1.000000000000000000, -0.000000000000000000, -0.000000000000000000 ) ) ;
#1442 = DIRECTION ( 'NONE',  ( -1.000000000000000000, -0.000000000000000000, -0.000000000000000000 ) ) ;
#1443 =( NAMED_UNIT ( * ) SI_UNIT ( $, .STERADIAN. ) SOLID_ANGLE_UNIT ( ) );
#1444 = DIRECTION ( 'NONE',  ( 0.000000000000000000, -2.226157494760227923E-16, -1.000000000000000000 ) ) ;
#1445 = CARTESIAN_POINT ( 'NONE',  ( -0.4599999999999996869, 0.000000000000000000, -4.065000000000001279 ) ) ;
#1446 = EDGE_CURVE ( 'NONE', #4228, #6997, #1339, .T. ) ;
#1447 = DIRECTION ( 'NONE',  ( -1.000000000000000000, -0.000000000000000000, -0.000000000000000000 ) ) ;
#1448 = SURFACE_STYLE_FILL_AREA ( #2909 ) ;
#1449 =( LENGTH_UNIT ( ) NAMED_UNIT ( * ) SI_UNIT ( .MILLI., .METRE. ) );
#1450 = VECTOR ( 'NONE', #1056, 1000.000000000000000 ) ;
#1451 = DIRECTION ( 'NONE',  ( 0.000000000000000000, -0.9659258262890670910, 0.2588190451025251804 ) ) ;
#1452 = EDGE_CURVE ( 'NONE', #3551, #4060, #3573, .T. ) ;
#1453 = VERTEX_POINT ( 'NONE', #247 ) ;
#1454 = DIRECTION ( 'NONE',  ( -1.000000000000000000, -0.000000000000000000, -0.000000000000000000 ) ) ;
#1455 = ORIENTED_EDGE ( 'NONE', *, *, #7167, .F. ) ;
#1456 = CYLINDRICAL_SURFACE ( 'NONE', #1096, 0.07999999999999977962 ) ;
#1457 = CYLINDRICAL_SURFACE ( 'NONE', #813, 0.08000000000000020983 ) ;
#1458 = LINE ( 'NONE', #362, #6847 ) ;
#1459 = DIRECTION ( 'NONE',  ( 0.000000000000000000, 5.773000053518395884E-16, -1.000000000000000000 ) ) ;
#1460 = VERTEX_POINT ( 'NONE', #1776 ) ;
#1461 = COLOUR_RGB ( '',0.2509803921568627416, 0.2509803921568627416, 0.2509803921568627416 ) ;
#1462 = ORIENTED_EDGE ( 'NONE', *, *, #1716, .T. ) ;
#1463 = COLOUR_RGB ( '',0.2509803921568627416, 0.2509803921568627416, 0.2509803921568627416 ) ;
#1464 = ORIENTED_EDGE ( 'NONE', *, *, #1304, .F. ) ;
#1465 = CARTESIAN_POINT ( 'NONE',  ( 0.4500000000000002887, 0.000000000000000000, 0.000000000000000000 ) ) ;
#1466 = ORIENTED_EDGE ( 'NONE', *, *, #4214, .T. ) ;
#1467 = VECTOR ( 'NONE', #5121, 1000.000000000000000 ) ;
#1468 = LINE ( 'NONE', #4327, #1903 ) ;
#1469 = DIRECTION ( 'NONE',  ( 0.000000000000000000, 0.9659258262890670910, -0.2588190451025250138 ) ) ;
#1470 = FACE_OUTER_BOUND ( 'NONE', #3006, .T. ) ;
#1471 =( LENGTH_UNIT ( ) NAMED_UNIT ( * ) SI_UNIT ( .MILLI., .METRE. ) );
#1472 = DIRECTION ( 'NONE',  ( -0.000000000000000000, 1.000000000000000000, -0.000000000000000000 ) ) ;
#1473 = ADVANCED_FACE ( 'NONE', ( #3502 ), #643, .F. ) ;
#1474 = DIRECTION ( 'NONE',  ( -1.000000000000000000, 0.000000000000000000, -0.000000000000000000 ) ) ;
#1475 = MECHANICAL_DESIGN_GEOMETRIC_PRESENTATION_REPRESENTATION (  '', ( #4687 ), #4315 ) ;
#1476 = CARTESIAN_POINT ( 'NONE',  ( 2.080000000000000071, 0.1500000000000009381, -3.577971487849614274 ) ) ;
#1477 = SURFACE_STYLE_USAGE ( .BOTH. , #6589 ) ;
#1478 =( GEOMETRIC_REPRESENTATION_CONTEXT ( 3 ) GLOBAL_UNCERTAINTY_ASSIGNED_CONTEXT ( ( #2504 ) ) GLOBAL_UNIT_ASSIGNED_CONTEXT ( ( #3334, #2136, #5615 ) ) REPRESENTATION_CONTEXT ( 'NONE', 'WORKASPACE' ) );
#1479 = SURFACE_SIDE_STYLE ('',( #866 ) ) ;
#1480 =( GEOMETRIC_REPRESENTATION_CONTEXT ( 3 ) GLOBAL_UNCERTAINTY_ASSIGNED_CONTEXT ( ( #2887 ) ) GLOBAL_UNIT_ASSIGNED_CONTEXT ( ( #2117, #1558, #3827 ) ) REPRESENTATION_CONTEXT ( 'NONE', 'WORKASPACE' ) );
#1481 = ADVANCED_FACE ( 'NONE', ( #2893 ), #4166, .F. ) ;
#1482 = CARTESIAN_POINT ( 'NONE',  ( -1.560000000000000053, 1.809999999999999609, 0.9000000000000000222 ) ) ;
#1483 = CARTESIAN_POINT ( 'NONE',  ( 0.1800000000000000488, 2.109999999999999432, 1.750000000000000000 ) ) ;
#1484 = FILL_AREA_STYLE ('',( #871 ) ) ;
#1485 = DIRECTION ( 'NONE',  ( -1.000000000000000000, 0.000000000000000000, 0.000000000000000000 ) ) ;
#1486 = ORIENTED_EDGE ( 'NONE', *, *, #2674, .T. ) ;
#1487 = COLOUR_RGB ( '',1.000000000000000000, 1.000000000000000000, 1.000000000000000000 ) ;
#1488 = FILL_AREA_STYLE ('',( #357 ) ) ;
#1489 = EDGE_CURVE ( 'NONE', #3699, #6143, #1198, .T. ) ;
#1490 = VERTEX_POINT ( 'NONE', #2373 ) ;
#1491 = DIRECTION ( 'NONE',  ( -0.000000000000000000, -0.000000000000000000, 1.000000000000000000 ) ) ;
#1492 = FACE_OUTER_BOUND ( 'NONE', #6351, .T. ) ;
#1493 = COLOUR_RGB ( '',0.2509803921568627416, 0.2509803921568627416, 0.2509803921568627416 ) ;
#1494 = CARTESIAN_POINT ( 'NONE',  ( -1.729999999999999760, 0.000000000000000000, 0.000000000000000000 ) ) ;
#1495 = CARTESIAN_POINT ( 'NONE',  ( 2.080000000000000071, 0.7459778054016127369, -3.347971487849612959 ) ) ;
#1496 = ORIENTED_EDGE ( 'NONE', *, *, #5365, .F. ) ;
#1497 = VERTEX_POINT ( 'NONE', #4646 ) ;
#1498 = EDGE_CURVE ( 'NONE', #4244, #6457, #3537, .T. ) ;
#1499 = VERTEX_POINT ( 'NONE', #5258 ) ;
#1500 = DIRECTION ( 'NONE',  ( 0.000000000000000000, 0.000000000000000000, 1.000000000000000000 ) ) ;
#1501 =( LENGTH_UNIT ( ) NAMED_UNIT ( * ) SI_UNIT ( .MILLI., .METRE. ) );
#1502 = FACE_OUTER_BOUND ( 'NONE', #6195, .T. ) ;
#1503 = SURFACE_STYLE_USAGE ( .BOTH. , #6619 ) ;
#1504 = CYLINDRICAL_SURFACE ( 'NONE', #5756, 0.07999999999999977962 ) ;
#1505 = VECTOR ( 'NONE', #360, 1000.000000000000000 ) ;
#1506 = UNCERTAINTY_MEASURE_WITH_UNIT (LENGTH_MEASURE( 1.000000000000000082E-05 ), #3394, 'distance_accuracy_value', 'NONE');
#1508 = LINE ( 'NONE', #5028, #5721 ) ;
#1507 = PRESENTATION_STYLE_ASSIGNMENT (( #4831 ) ) ;
#1509 = PLANE ( 'NONE',  #488 ) ;
#1510 = AXIS2_PLACEMENT_3D ( 'NONE', #2240, #6768, #5020 ) ;
#1511 = LINE ( 'NONE', #5400, #783 ) ;
#1512 = DIRECTION ( 'NONE',  ( 0.000000000000000000, 0.000000000000000000, 1.000000000000000000 ) ) ;
#1513 = FACE_OUTER_BOUND ( 'NONE', #5013, .T. ) ;
#1514 = COLOUR_RGB ( '',0.7921568627450980005, 0.8196078431372548767, 0.9333333333333333481 ) ;
#1515 = CARTESIAN_POINT ( 'NONE',  ( 2.250000000000000444, 1.809999999999999609, -0.9000000000000000222 ) ) ;
#1516 = DIRECTION ( 'NONE',  ( 0.000000000000000000, -0.000000000000000000, -1.000000000000000000 ) ) ;
#1517 = ORIENTED_EDGE ( 'NONE', *, *, #277, .F. ) ;
#1518 = SURFACE_SIDE_STYLE ('',( #4997 ) ) ;
#1519 = CIRCLE ( 'NONE', #4981, 0.07999999999999977962 ) ;
#1520 = PLANE ( 'NONE',  #3332 ) ;
#1521 = ADVANCED_FACE ( 'NONE', ( #173 ), #2416, .T. ) ;
#1522 = FILL_AREA_STYLE_COLOUR ( '', #3118 ) ;
#1523 = DIRECTION ( 'NONE',  ( 0.000000000000000000, 0.000000000000000000, -1.000000000000000000 ) ) ;
#1524 = ORIENTED_EDGE ( 'NONE', *, *, #1139, .F. ) ;
#1525 = AXIS2_PLACEMENT_3D ( 'NONE', #3385, #1620, #5551 ) ;
#1526 = MECHANICAL_DESIGN_GEOMETRIC_PRESENTATION_REPRESENTATION (  '', ( #2953 ), #251 ) ;
#1527 = EDGE_CURVE ( 'NONE', #6764, #3441, #4875, .T. ) ;
#1528 = SURFACE_STYLE_FILL_AREA ( #1488 ) ;
#1529 = ORIENTED_EDGE ( 'NONE', *, *, #6139, .T. ) ;
#1530 = DIRECTION ( 'NONE',  ( 0.000000000000000000, -0.000000000000000000, -1.000000000000000000 ) ) ;
#1531 = CARTESIAN_POINT ( 'NONE',  ( 0.4500000000000002887, 0.1500000000000008271, 4.065000000000000391 ) ) ;
#1532 = DIRECTION ( 'NONE',  ( -1.000000000000000000, -0.000000000000000000, -0.000000000000000000 ) ) ;
#1533 = FILL_AREA_STYLE ('',( #1568 ) ) ;
#1534 = VERTEX_POINT ( 'NONE', #1380 ) ;
#1535 = EDGE_CURVE ( 'NONE', #2915, #909, #2597, .T. ) ;
#1536 = ORIENTED_EDGE ( 'NONE', *, *, #6939, .F. ) ;
#1537 = VERTEX_POINT ( 'NONE', #971 ) ;
#1538 = PLANE ( 'NONE',  #5693 ) ;
#1539 = VERTEX_POINT ( 'NONE', #1515 ) ;
#1540 = AXIS2_PLACEMENT_3D ( 'NONE', #7062, #6339, #1270 ) ;
#1541 =( NAMED_UNIT ( * ) SI_UNIT ( $, .STERADIAN. ) SOLID_ANGLE_UNIT ( ) );
#1542 = CARTESIAN_POINT ( 'NONE',  ( -0.4599999999999996869, 0.2299999999999996214, -3.577971487849614274 ) ) ;
#1543 = FILL_AREA_STYLE ('',( #2588 ) ) ;
#1544 = STYLED_ITEM ( 'NONE', ( #3337 ), #213 ) ;
#1546 =( LENGTH_UNIT ( ) NAMED_UNIT ( * ) SI_UNIT ( .MILLI., .METRE. ) );
#1545 = CARTESIAN_POINT ( 'NONE',  ( -2.245278426142974570, -0.2752270309518751179, 3.254721573857025430 ) ) ;
#1547 = AXIS2_PLACEMENT_3D ( 'NONE', #4714, #1332, #3635 ) ;
#1548 = ADVANCED_FACE ( 'NONE', ( #7099 ), #3643, .F. ) ;
#1549 = COLOUR_RGB ( '',0.2509803921568627416, 0.2509803921568627416, 0.2509803921568627416 ) ;
#1550 = CARTESIAN_POINT ( 'NONE',  ( -0.4599999999999996869, 0.2300000000000000655, 3.727162940046486739 ) ) ;
#1551 = DIRECTION ( 'NONE',  ( -1.000000000000000000, -0.000000000000000000, -0.000000000000000000 ) ) ;
#1552 = LINE ( 'NONE', #6671, #5222 ) ;
#1553 =( NAMED_UNIT ( * ) SI_UNIT ( $, .STERADIAN. ) SOLID_ANGLE_UNIT ( ) );
#1554 = VECTOR ( 'NONE', #7054, 1000.000000000000000 ) ;
#1555 = LINE ( 'NONE', #3752, #5851 ) ;
#1556 = VECTOR ( 'NONE', #1810, 1000.000000000000227 ) ;
#1557 = VERTEX_POINT ( 'NONE', #2634 ) ;
#1558 =( NAMED_UNIT ( * ) PLANE_ANGLE_UNIT ( ) SI_UNIT ( $, .RADIAN. ) );
#1559 = CYLINDRICAL_SURFACE ( 'NONE', #494, 0.07999999999999977962 ) ;
#1560 = LINE ( 'NONE', #1626, #6225 ) ;
#1561 =( NAMED_UNIT ( * ) PLANE_ANGLE_UNIT ( ) SI_UNIT ( $, .RADIAN. ) );
#1562 = EDGE_CURVE ( 'NONE', #3042, #1103, #3117, .T. ) ;
#1563 = DIRECTION ( 'NONE',  ( -1.000000000000000000, 0.000000000000000000, 0.000000000000000000 ) ) ;
#1564 = ORIENTED_EDGE ( 'NONE', *, *, #1489, .F. ) ;
#1565 = DIRECTION ( 'NONE',  ( 0.000000000000000000, 0.000000000000000000, -1.000000000000000000 ) ) ;
#1566 = LINE ( 'NONE', #7151, #228 ) ;
#1567 = FACE_OUTER_BOUND ( 'NONE', #2016, .T. ) ;
#1568 = FILL_AREA_STYLE_COLOUR ( '', #886 ) ;
#1569 = ORIENTED_EDGE ( 'NONE', *, *, #3790, .T. ) ;
#1570 = PRESENTATION_LAYER_ASSIGNMENT (  '', '', ( #1340 ) ) ;
#1571 = EDGE_CURVE ( 'NONE', #3446, #1497, #3155, .T. ) ;
#1572 = VERTEX_POINT ( 'NONE', #2673 ) ;
#1573 = ORIENTED_EDGE ( 'NONE', *, *, #6186, .F. ) ;
#1574 = DIRECTION ( 'NONE',  ( 0.000000000000000000, -3.045953970873614345E-15, 1.000000000000000000 ) ) ;
#1575 = VERTEX_POINT ( 'NONE', #388 ) ;
#1576 = DIRECTION ( 'NONE',  ( -0.000000000000000000, 1.000000000000000000, -0.000000000000000000 ) ) ;
#1577 = DIRECTION ( 'NONE',  ( -0.000000000000000000, 0.000000000000000000, -1.000000000000000000 ) ) ;
#1578 = LINE ( 'NONE', #1720, #2302 ) ;
#1579 = DIRECTION ( 'NONE',  ( 0.000000000000000000, 0.9659258262890704216, -0.2588190451025127459 ) ) ;
#1580 = ORIENTED_EDGE ( 'NONE', *, *, #6150, .F. ) ;
#1581 = AXIS2_PLACEMENT_3D ( 'NONE', #4896, #2651, #332 ) ;
#1582 = EDGE_CURVE ( 'NONE', #6935, #6899, #4916, .T. ) ;
#1583 = CIRCLE ( 'NONE', #883, 0.07999999999999977962 ) ;
#1584 = FILL_AREA_STYLE ('',( #41 ) ) ;
#1585 =( LENGTH_UNIT ( ) NAMED_UNIT ( * ) SI_UNIT ( .MILLI., .METRE. ) );
#1586 = ADVANCED_FACE ( 'NONE', ( #3082 ), #5439, .T. ) ;
#1587 = DIRECTION ( 'NONE',  ( -0.000000000000000000, -1.000000000000000000, -0.000000000000000000 ) ) ;
#1588 = DIRECTION ( 'NONE',  ( 0.000000000000000000, 0.9659258262890670910, -0.2588190451025251249 ) ) ;
#1589 = COLOUR_RGB ( '',1.000000000000000000, 0.1686274509803921684, 0.1686274509803921684 ) ;
#1590 = ORIENTED_EDGE ( 'NONE', *, *, #3460, .T. ) ;
#1591 = CIRCLE ( 'NONE', #6973, 0.07999999999999977962 ) ;
#1592 = FACE_OUTER_BOUND ( 'NONE', #1603, .T. ) ;
#1593 = ADVANCED_FACE ( 'NONE', ( #2074 ), #4340, .F. ) ;
#1594 = CARTESIAN_POINT ( 'NONE',  ( 1.550000000000000266, 2.310000000000000053, -0.09999999999999961697 ) ) ;
#1595 = AXIS2_PLACEMENT_3D ( 'NONE', #2296, #1162, #4569 ) ;
#1596 = CARTESIAN_POINT ( 'NONE',  ( 1.550000000000000266, 1.909999999999999476, -0.8999999999999995781 ) ) ;
#1597 = SURFACE_SIDE_STYLE ('',( #4416 ) ) ;
#1598 = SURFACE_STYLE_USAGE ( .BOTH. , #2007 ) ;
#1599 = ORIENTED_EDGE ( 'NONE', *, *, #6368, .F. ) ;
#1600 = DIRECTION ( 'NONE',  ( -0.000000000000000000, 1.000000000000000000, -0.000000000000000000 ) ) ;
#1601 =( NAMED_UNIT ( * ) PLANE_ANGLE_UNIT ( ) SI_UNIT ( $, .RADIAN. ) );
#1602 = LINE ( 'NONE', #2308, #1467 ) ;
#1603 = EDGE_LOOP ( 'NONE', ( #4700, #1677, #7083, #2435 ) ) ;
#1604 = ORIENTED_EDGE ( 'NONE', *, *, #5158, .T. ) ;
#1605 = ORIENTED_EDGE ( 'NONE', *, *, #6769, .F. ) ;
#1606 = VERTEX_POINT ( 'NONE', #349 ) ;
#1607 = CARTESIAN_POINT ( 'NONE',  ( -0.2899999999999998690, 2.109999999999999432, -0.9000000000000000222 ) ) ;
#1608 = CARTESIAN_POINT ( 'NONE',  ( 1.720000000000000195, 0.2299999999999996214, -3.577971487849614274 ) ) ;
#1609 = DIRECTION ( 'NONE',  ( 1.000000000000000000, 0.000000000000000000, 0.000000000000000000 ) ) ;
#1610 = EDGE_CURVE ( 'NONE', #4453, #344, #2566, .T. ) ;
#1611 = CARTESIAN_POINT ( 'NONE',  ( 0.9800000000000002043, 2.310000000000000053, 0.9000000000000003553 ) ) ;
#1612 = DIRECTION ( 'NONE',  ( -0.000000000000000000, -0.000000000000000000, -1.000000000000000000 ) ) ;
#1614 = LINE ( 'NONE', #3965, #6077 ) ;
#1613 = DIRECTION ( 'NONE',  ( -0.000000000000000000, 0.2588190451025250693, 0.9659258262890672020 ) ) ;
#1615 =( GEOMETRIC_REPRESENTATION_CONTEXT ( 3 ) GLOBAL_UNCERTAINTY_ASSIGNED_CONTEXT ( ( #3971 ) ) GLOBAL_UNIT_ASSIGNED_CONTEXT ( ( #7092, #3706, #5322 ) ) REPRESENTATION_CONTEXT ( 'NONE', 'WORKASPACE' ) );
#1616 = ORIENTED_EDGE ( 'NONE', *, *, #4807, .F. ) ;
#1617 = UNCERTAINTY_MEASURE_WITH_UNIT (LENGTH_MEASURE( 1.000000000000000082E-05 ), #2395, 'distance_accuracy_value', 'NONE');
#1618 = PRESENTATION_STYLE_ASSIGNMENT (( #6291 ) ) ;
#1619 = MECHANICAL_DESIGN_GEOMETRIC_PRESENTATION_REPRESENTATION (  '', ( #6275 ), #6039 ) ;
#1620 = DIRECTION ( 'NONE',  ( -1.000000000000000000, -0.000000000000000000, 0.000000000000000000 ) ) ;
#1621 = CARTESIAN_POINT ( 'NONE',  ( -0.8199999999999997291, 0.8259778054016116977, 3.267971487849612000 ) ) ;
#1622 = EDGE_CURVE ( 'NONE', #6652, #1499, #5003, .T. ) ;
#1623 = ORIENTED_EDGE ( 'NONE', *, *, #4626, .T. ) ;
#1624 = LINE ( 'NONE', #4346, #1774 ) ;
#1625 =( GEOMETRIC_REPRESENTATION_CONTEXT ( 3 ) GLOBAL_UNCERTAINTY_ASSIGNED_CONTEXT ( ( #927 ) ) GLOBAL_UNIT_ASSIGNED_CONTEXT ( ( #6009, #3552, #150 ) ) REPRESENTATION_CONTEXT ( 'NONE', 'WORKASPACE' ) );
#1626 = CARTESIAN_POINT ( 'NONE',  ( 1.720000000000000195, 0.9000000000000003553, 3.100000000000000533 ) ) ;
#1627 = DIRECTION ( 'NONE',  ( 0.000000000000000000, 0.9659258262890704216, -0.2588190451025127459 ) ) ;
#1628 = SURFACE_SIDE_STYLE ('',( #501 ) ) ;
#1629 = ADVANCED_FACE ( 'NONE', ( #5694 ), #3278, .T. ) ;
#1630 = VECTOR ( 'NONE', #4176, 1000.000000000000000 ) ;
#1631 = FILL_AREA_STYLE ('',( #3507 ) ) ;
#1632 = ORIENTED_EDGE ( 'NONE', *, *, #2731, .F. ) ;
#1633 = LINE ( 'NONE', #2271, #1923 ) ;
#1634 = UNCERTAINTY_MEASURE_WITH_UNIT (LENGTH_MEASURE( 1.000000000000000082E-05 ), #3185, 'distance_accuracy_value', 'NONE');
#1635 = DIRECTION ( 'NONE',  ( -1.000000000000000000, -0.000000000000000000, -0.000000000000000000 ) ) ;
#1636 = DIRECTION ( 'NONE',  ( -1.000000000000000000, -0.000000000000000000, -0.000000000000000000 ) ) ;
#1637 = ORIENTED_EDGE ( 'NONE', *, *, #1146, .F. ) ;
#1638 = ORIENTED_EDGE ( 'NONE', *, *, #2496, .T. ) ;
#1639 = ORIENTED_EDGE ( 'NONE', *, *, #2184, .F. ) ;
#1640 = ORIENTED_EDGE ( 'NONE', *, *, #5465, .F. ) ;
#1641 = CARTESIAN_POINT ( 'NONE',  ( -0.1899999999999998357, 2.109999999999999432, -1.750000000000000000 ) ) ;
#1642 = VECTOR ( 'NONE', #1208, 1000.000000000000000 ) ;
#1643 = LINE ( 'NONE', #3890, #4643 ) ;
#1644 = CARTESIAN_POINT ( 'NONE',  ( 1.550000000000000266, 2.310000000000000053, 0.9000000000000003553 ) ) ;
#1645 = CARTESIAN_POINT ( 'NONE',  ( -1.729999999999999760, 0.2092944763917980455, 3.649888873943361478 ) ) ;
#1646 = LINE ( 'NONE', #37, #2534 ) ;
#1647 = LINE ( 'NONE', #6214, #3086 ) ;
#1648 = ORIENTED_EDGE ( 'NONE', *, *, #987, .F. ) ;
#1649 = EDGE_CURVE ( 'NONE', #1497, #7037, #4305, .T. ) ;
#1650 = AXIS2_PLACEMENT_3D ( 'NONE', #2030, #1406, #2665 ) ;
#1651 = FACE_OUTER_BOUND ( 'NONE', #2539, .T. ) ;
#1652 = FACE_OUTER_BOUND ( 'NONE', #68, .T. ) ;
#1653 = DIRECTION ( 'NONE',  ( 1.000000000000000000, 0.000000000000000000, 0.000000000000000000 ) ) ;
#1654 = PRESENTATION_LAYER_ASSIGNMENT (  '', '', ( #1311 ) ) ;
#1656 = VERTEX_POINT ( 'NONE', #1086 ) ;
#1655 = PLANE ( 'NONE',  #962 ) ;
#1657 = VECTOR ( 'NONE', #2078, 1000.000000000000000 ) ;
#1658 = CARTESIAN_POINT ( 'NONE',  ( -0.4599999999999996869, 0.000000000000000000, 0.000000000000000000 ) ) ;
#1659 = ORIENTED_EDGE ( 'NONE', *, *, #6116, .F. ) ;
#1660 = EDGE_CURVE ( 'NONE', #6016, #3418, #4921, .T. ) ;
#1661 = STYLED_ITEM ( 'NONE', ( #7079 ), #5896 ) ;
#1662 = CARTESIAN_POINT ( 'NONE',  ( 1.449999999999999734, 2.309999999999999609, -1.750000000000000000 ) ) ;
#1663 = CARTESIAN_POINT ( 'NONE',  ( -2.260000000000000231, 2.109999999999999432, -0.9000000000000000222 ) ) ;
#1664 = EDGE_CURVE ( 'NONE', #5815, #3018, #5038, .T. ) ;
#1665 = MECHANICAL_DESIGN_GEOMETRIC_PRESENTATION_REPRESENTATION (  '', ( #273 ), #4398 ) ;
#1666 = FILL_AREA_STYLE ('',( #2758 ) ) ;
#1667 = MECHANICAL_DESIGN_GEOMETRIC_PRESENTATION_REPRESENTATION (  '', ( #2977 ), #161 ) ;
#1668 = DIRECTION ( 'NONE',  ( 0.000000000000000000, -1.694065894508596142E-15, 1.000000000000000000 ) ) ;
#1669 = CARTESIAN_POINT ( 'NONE',  ( -1.560000000000000053, 1.809999999999999609, 0.9000000000000000222 ) ) ;
#1670 = STYLED_ITEM ( 'NONE', ( #5550 ), #6293 ) ;
#1671 = ORIENTED_EDGE ( 'NONE', *, *, #5803, .F. ) ;
#1672 = ADVANCED_FACE ( 'NONE', ( #1592 ), #427, .T. ) ;
#1673 = DIRECTION ( 'NONE',  ( -0.000000000000000000, 1.000000000000000000, -0.000000000000000000 ) ) ;
#1674 = EDGE_CURVE ( 'NONE', #6753, #5426, #2191, .T. ) ;
#1675 = CARTESIAN_POINT ( 'NONE',  ( -0.4599999999999996869, 0.000000000000000000, -3.347971487849612959 ) ) ;
#1676 = EDGE_LOOP ( 'NONE', ( #5608, #4158, #1421, #5314 ) ) ;
#1677 = ORIENTED_EDGE ( 'NONE', *, *, #4311, .F. ) ;
#1678 = UNCERTAINTY_MEASURE_WITH_UNIT (LENGTH_MEASURE( 1.000000000000000082E-05 ), #2364, 'distance_accuracy_value', 'NONE');
#1679 = ORIENTED_EDGE ( 'NONE', *, *, #4406, .F. ) ;
#1680 = VERTEX_POINT ( 'NONE', #4881 ) ;
#1681 =( NAMED_UNIT ( * ) SI_UNIT ( $, .STERADIAN. ) SOLID_ANGLE_UNIT ( ) );
#1682 = CARTESIAN_POINT ( 'NONE',  ( 1.720000000000000195, 0.1500000000000009381, -3.577971487849614274 ) ) ;
#1683 = DIRECTION ( 'NONE',  ( 1.000000000000000000, 0.000000000000000000, 0.000000000000000000 ) ) ;
#1684 = STYLED_ITEM ( 'NONE', ( #6380 ), #2878 ) ;
#1685 = DIRECTION ( 'NONE',  ( 0.000000000000000000, 0.9914448613738107152, -0.1305261922200490754 ) ) ;
#1686 = ORIENTED_EDGE ( 'NONE', *, *, #3622, .F. ) ;
#1687 = VECTOR ( 'NONE', #2704, 1000.000000000000000 ) ;
#1688 = LINE ( 'NONE', #2284, #2175 ) ;
#1689 = LINE ( 'NONE', #2852, #6613 ) ;
#1690 = VECTOR ( 'NONE', #6621, 1000.000000000000000 ) ;
#1691 = CARTESIAN_POINT ( 'NONE',  ( -2.360000000000000320, 2.109999999999999432, 1.750000000000000000 ) ) ;
#1693 = ORIENTED_EDGE ( 'NONE', *, *, #5676, .T. ) ;
#1692 = CARTESIAN_POINT ( 'NONE',  ( -2.259999999999999787, 1.809999999999999387, -0.8999999999999995781 ) ) ;
#1694 =( GEOMETRIC_REPRESENTATION_CONTEXT ( 3 ) GLOBAL_UNCERTAINTY_ASSIGNED_CONTEXT ( ( #6702 ) ) GLOBAL_UNIT_ASSIGNED_CONTEXT ( ( #6851, #4073, #2321 ) ) REPRESENTATION_CONTEXT ( 'NONE', 'WORKASPACE' ) );
#1695 = CARTESIAN_POINT ( 'NONE',  ( 3.100000000000000089, -0.7147114317029832353, -2.667339375865894091 ) ) ;
#1696 = PRESENTATION_LAYER_ASSIGNMENT (  '', '', ( #2785 ) ) ;
#1697 = ORIENTED_EDGE ( 'NONE', *, *, #1890, .F. ) ;
#1698 = UNCERTAINTY_MEASURE_WITH_UNIT (LENGTH_MEASURE( 1.000000000000000082E-05 ), #975, 'distance_accuracy_value', 'NONE');
#1699 = COLOUR_RGB ( '',1.000000000000000000, 1.000000000000000000, 1.000000000000000000 ) ;
#1700 =( NAMED_UNIT ( * ) SI_UNIT ( $, .STERADIAN. ) SOLID_ANGLE_UNIT ( ) );
#1701 = FACE_OUTER_BOUND ( 'NONE', #6998, .T. ) ;
#1702 = DIRECTION ( 'NONE',  ( 0.000000000000000000, -1.000000000000000000, 0.000000000000000000 ) ) ;
#1703 = EDGE_CURVE ( 'NONE', #1753, #4582, #6677, .T. ) ;
#1704 = DIRECTION ( 'NONE',  ( 0.000000000000000000, -1.000000000000000000, 0.000000000000000000 ) ) ;
#1705 = CIRCLE ( 'NONE', #4937, 0.08000000000000020983 ) ;
#1706 = SURFACE_SIDE_STYLE ('',( #3914 ) ) ;
#1707 = AXIS2_PLACEMENT_3D ( 'NONE', #1958, #3113, #4263 ) ;
#1708 = EDGE_LOOP ( 'NONE', ( #1362, #5537, #1353, #6845 ) ) ;
#1709 = CARTESIAN_POINT ( 'NONE',  ( -0.4599999999999996869, -2.940055364177525671E-15, -3.497971487849612426 ) ) ;
#1710 = SURFACE_STYLE_USAGE ( .BOTH. , #3289 ) ;
#1711 =( LENGTH_UNIT ( ) NAMED_UNIT ( * ) SI_UNIT ( .MILLI., .METRE. ) );
#1712 = VECTOR ( 'NONE', #984, 1000.000000000000000 ) ;
#1713 = EDGE_LOOP ( 'NONE', ( #6910, #7085, #1728, #5348, #625, #3405 ) ) ;
#1714 = EDGE_LOOP ( 'NONE', ( #4083, #5775, #6861, #2425 ) ) ;
#1715 = VERTEX_POINT ( 'NONE', #4998 ) ;
#1716 = EDGE_CURVE ( 'NONE', #1202, #6820, #392, .T. ) ;
#1717 = ORIENTED_EDGE ( 'NONE', *, *, #5030, .T. ) ;
#1718 = AXIS2_PLACEMENT_3D ( 'NONE', #7170, #2141, #5471 ) ;
#1719 = FILL_AREA_STYLE ('',( #1109 ) ) ;
#1720 = CARTESIAN_POINT ( 'NONE',  ( -1.090000000000000080, 2.109999999999999432, -1.750000000000000000 ) ) ;
#1721 = COLOUR_RGB ( '',0.2509803921568627416, 0.2509803921568627416, 0.2509803921568627416 ) ;
#1722 = VERTEX_POINT ( 'NONE', #3792 ) ;
#1723 = EDGE_CURVE ( 'NONE', #2466, #3250, #3208, .T. ) ;
#1724 = CARTESIAN_POINT ( 'NONE',  ( 0.4500000000000002887, 0.2299999999999996214, -3.577971487849614274 ) ) ;
#1725 = CARTESIAN_POINT ( 'NONE',  ( 0.9800000000000002043, 1.909999999999999476, -0.8999999999999995781 ) ) ;
#1726 = LINE ( 'NONE', #4524, #6079 ) ;
#1727 = AXIS2_PLACEMENT_3D ( 'NONE', #5286, #747, #1766 ) ;
#1728 = ORIENTED_EDGE ( 'NONE', *, *, #6463, .T. ) ;
#1730 = VERTEX_POINT ( 'NONE', #5520 ) ;
#1729 =( NAMED_UNIT ( * ) SI_UNIT ( $, .STERADIAN. ) SOLID_ANGLE_UNIT ( ) );
#1731 = DIRECTION ( 'NONE',  ( 1.000000000000000000, 0.000000000000000000, 0.000000000000000000 ) ) ;
#1732 = ORIENTED_EDGE ( 'NONE', *, *, #40, .T. ) ;
#1733 = AXIS2_PLACEMENT_3D ( 'NONE', #169, #5368, #2527 ) ;
#1734 = LINE ( 'NONE', #4532, #2667 ) ;
#1735 = DIRECTION ( 'NONE',  ( 0.000000000000000000, 1.000000000000000000, -8.405029527513195585E-16 ) ) ;
#1736 = CARTESIAN_POINT ( 'NONE',  ( 0.4500000000000002887, 0.000000000000000000, 0.000000000000000000 ) ) ;
#1737 = CARTESIAN_POINT ( 'NONE',  ( 0.8100000000000003864, 0.8259778054016116977, -3.267971487849612000 ) ) ;
#1738 = VECTOR ( 'NONE', #1600, 1000.000000000000000 ) ;
#1739 = LINE ( 'NONE', #5116, #7048 ) ;
#1740 = EDGE_CURVE ( 'NONE', #166, #4575, #3828, .T. ) ;
#1741 = VECTOR ( 'NONE', #1433, 1000.000000000000227 ) ;
#1742 = DIRECTION ( 'NONE',  ( -0.000000000000000000, 0.2588190451025128014, 0.9659258262890705327 ) ) ;
#1743 = ORIENTED_EDGE ( 'NONE', *, *, #4475, .F. ) ;
#1744 = CYLINDRICAL_SURFACE ( 'NONE', #757, 0.2300000000000010369 ) ;
#1745 = CARTESIAN_POINT ( 'NONE',  ( -0.8199999999999997291, 0.2092944763917980455, 3.649888873943361478 ) ) ;
#1746 = CARTESIAN_POINT ( 'NONE',  ( 2.080000000000000071, 0.9000000000000003553, 3.100000000000000533 ) ) ;
#1747 = ORIENTED_EDGE ( 'NONE', *, *, #3083, .F. ) ;
#1748 = ADVANCED_FACE ( 'NONE', ( #4412 ), #1559, .F. ) ;
#1749 = DIRECTION ( 'NONE',  ( 0.1294283079955571014, -0.9831056027603617409, 0.1294283079955571569 ) ) ;
#1750 = VECTOR ( 'NONE', #4019, 1000.000000000000000 ) ;
#1751 = ORIENTED_EDGE ( 'NONE', *, *, #4591, .F. ) ;
#1752 = EDGE_CURVE ( 'NONE', #2008, #2617, #4511, .T. ) ;
#1753 = VERTEX_POINT ( 'NONE', #2638 ) ;
#1754 = SURFACE_STYLE_USAGE ( .BOTH. , #4033 ) ;
#1755 = PRESENTATION_STYLE_ASSIGNMENT (( #4143 ) ) ;
#1757 =( LENGTH_UNIT ( ) NAMED_UNIT ( * ) SI_UNIT ( .MILLI., .METRE. ) );
#1756 = VECTOR ( 'NONE', #56, 1000.000000000000000 ) ;
#1758 = DIRECTION ( 'NONE',  ( -0.000000000000000000, -0.000000000000000000, -1.000000000000000000 ) ) ;
#1759 = EDGE_CURVE ( 'NONE', #5824, #5486, #1048, .T. ) ;
#1760 = VERTEX_POINT ( 'NONE', #3755 ) ;
#1761 = AXIS2_PLACEMENT_3D ( 'NONE', #2906, #2663, #3225 ) ;
#1762 = CARTESIAN_POINT ( 'NONE',  ( -2.360000000000000320, 2.109999999999999432, 1.750000000000000000 ) ) ;
#1763 = DIRECTION ( 'NONE',  ( -0.000000000000000000, -0.000000000000000000, -1.000000000000000000 ) ) ;
#1764 = CARTESIAN_POINT ( 'NONE',  ( -0.4599999999999996869, 0.9000000000000003553, 3.100000000000000533 ) ) ;
#1765 = EDGE_CURVE ( 'NONE', #1680, #4286, #1624, .T. ) ;
#1767 = ORIENTED_EDGE ( 'NONE', *, *, #6986, .F. ) ;
#1766 = DIRECTION ( 'NONE',  ( -1.000000000000000000, 0.000000000000000000, -0.000000000000000000 ) ) ;
#1768 = PLANE ( 'NONE',  #3815 ) ;
#1769 = CIRCLE ( 'NONE', #6789, 0.07999999999999977962 ) ;
#1770 = VERTEX_POINT ( 'NONE', #498 ) ;
#1771 = SURFACE_STYLE_USAGE ( .BOTH. , #4091 ) ;
#1772 = CARTESIAN_POINT ( 'NONE',  ( -0.8199999999999997291, 0.1500000000000008271, 4.065000000000000391 ) ) ;
#1773 = LINE ( 'NONE', #677, #3223 ) ;
#1774 = VECTOR ( 'NONE', #5592, 1000.000000000000000 ) ;
#1775 = CARTESIAN_POINT ( 'NONE',  ( 1.720000000000000195, 0.7459778054016120707, 3.267971487849611556 ) ) ;
#1776 = CARTESIAN_POINT ( 'NONE',  ( 1.720000000000000195, 0.2299999999999995104, -3.347971487849612959 ) ) ;
#1777 = VECTOR ( 'NONE', #5701, 1000.000000000000000 ) ;
#1778 = FACE_OUTER_BOUND ( 'NONE', #6653, .T. ) ;
#1779 = VECTOR ( 'NONE', #5318, 1000.000000000000114 ) ;
#1780 =( GEOMETRIC_REPRESENTATION_CONTEXT ( 3 ) GLOBAL_UNCERTAINTY_ASSIGNED_CONTEXT ( ( #5650 ) ) GLOBAL_UNIT_ASSIGNED_CONTEXT ( ( #797, #6489, #828 ) ) REPRESENTATION_CONTEXT ( 'NONE', 'WORKASPACE' ) );
#1781 = ORIENTED_EDGE ( 'NONE', *, *, #1562, .F. ) ;
#1782 = CARTESIAN_POINT ( 'NONE',  ( 3.100000000000000533, 2.059999999999999165, -2.399999999999999023 ) ) ;
#1783 = COLOUR_RGB ( '',0.2509803921568627416, 0.2509803921568627416, 0.2509803921568627416 ) ;
#1784 = DIRECTION ( 'NONE',  ( 0.000000000000000000, -0.000000000000000000, -1.000000000000000000 ) ) ;
#1785 = EDGE_LOOP ( 'NONE', ( #1717, #2858, #4976, #2005, #6807, #4382 ) ) ;
#1786 = CARTESIAN_POINT ( 'NONE',  ( -2.089999999999999858, 0.000000000000000000, 4.065000000000001279 ) ) ;
#1787 = ORIENTED_EDGE ( 'NONE', *, *, #7019, .F. ) ;
#1788 = EDGE_CURVE ( 'NONE', #6136, #5911, #2755, .T. ) ;
#1789 = CARTESIAN_POINT ( 'NONE',  ( -0.4599999999999996869, 0.7459778054016128479, -3.497971487849612870 ) ) ;
#1790 = VECTOR ( 'NONE', #3120, 1000.000000000000000 ) ;
#1791 = VERTEX_POINT ( 'NONE', #6636 ) ;
#1792 = CIRCLE ( 'NONE', #2628, 0.2300000000000010369 ) ;
#1793 = EDGE_LOOP ( 'NONE', ( #838, #2643, #1873, #7274 ) ) ;
#1794 = SURFACE_STYLE_USAGE ( .BOTH. , #5973 ) ;
#1795 = DIRECTION ( 'NONE',  ( 0.000000000000000000, 0.000000000000000000, 1.000000000000000000 ) ) ;
#1796 = CARTESIAN_POINT ( 'NONE',  ( -0.4599999999999996869, 0.2299999999999996214, -3.577971487849614274 ) ) ;
#1797 = CARTESIAN_POINT ( 'NONE',  ( -0.4599999999999996869, 0.2092944763917980455, 3.649888873943361478 ) ) ;
#1798 = ADVANCED_FACE ( 'NONE', ( #3193 ), #1520, .T. ) ;
#1799 = VERTEX_POINT ( 'NONE', #4533 ) ;
#1800 = VERTEX_POINT ( 'NONE', #3431 ) ;
#1801 = FILL_AREA_STYLE ('',( #4671 ) ) ;
#1802 = DIRECTION ( 'NONE',  ( 0.000000000000000000, 1.000000000000000000, -1.204669080539449590E-16 ) ) ;
#1803 = CARTESIAN_POINT ( 'NONE',  ( 0.8100000000000003864, 0.4165028980787994772, -3.163653601044189134 ) ) ;
#1804 = ORIENTED_EDGE ( 'NONE', *, *, #4365, .T. ) ;
#1806 = ORIENTED_EDGE ( 'NONE', *, *, #2987, .F. ) ;
#1805 = PLANE ( 'NONE',  #4344 ) ;
#1807 = SURFACE_STYLE_FILL_AREA ( #2407 ) ;
#1808 = ORIENTED_EDGE ( 'NONE', *, *, #6499, .T. ) ;
#1809 = EDGE_CURVE ( 'NONE', #6642, #5303, #5149, .T. ) ;
#1810 = DIRECTION ( 'NONE',  ( 0.000000000000000000, -0.9659258262890670910, 0.2588190451025251804 ) ) ;
#1811 =( GEOMETRIC_REPRESENTATION_CONTEXT ( 3 ) GLOBAL_UNCERTAINTY_ASSIGNED_CONTEXT ( ( #4987 ) ) GLOBAL_UNIT_ASSIGNED_CONTEXT ( ( #1471, #6663, #2739 ) ) REPRESENTATION_CONTEXT ( 'NONE', 'WORKASPACE' ) );
#1812 = DIRECTION ( 'NONE',  ( 1.000000000000000000, 0.000000000000000000, 0.000000000000000000 ) ) ;
#1813 = CARTESIAN_POINT ( 'NONE',  ( 2.080000000000000071, 0.9759778054016119420, -3.089997332157668808 ) ) ;
#1814 = FILL_AREA_STYLE_COLOUR ( '', #1549 ) ;
#1815 =( GEOMETRIC_REPRESENTATION_CONTEXT ( 3 ) GLOBAL_UNCERTAINTY_ASSIGNED_CONTEXT ( ( #5147 ) ) GLOBAL_UNIT_ASSIGNED_CONTEXT ( ( #5770, #2438, #1913 ) ) REPRESENTATION_CONTEXT ( 'NONE', 'WORKASPACE' ) );
#1816 = EDGE_CURVE ( 'NONE', #7224, #1753, #2297, .T. ) ;
#1817 = AXIS2_PLACEMENT_3D ( 'NONE', #5616, #6287, #2779 ) ;
#1818 = ORIENTED_EDGE ( 'NONE', *, *, #5562, .T. ) ;
#1819 = ORIENTED_EDGE ( 'NONE', *, *, #819, .T. ) ;
#1820 = SURFACE_STYLE_USAGE ( .BOTH. , #5192 ) ;
#1821 = DIRECTION ( 'NONE',  ( -1.000000000000000000, -0.000000000000000000, -0.000000000000000000 ) ) ;
#1822 = ORIENTED_EDGE ( 'NONE', *, *, #3782, .F. ) ;
#1823 = FILL_AREA_STYLE ('',( #6952 ) ) ;
#1824 = VERTEX_POINT ( 'NONE', #4644 ) ;
#1825 = MECHANICAL_DESIGN_GEOMETRIC_PRESENTATION_REPRESENTATION (  '', ( #539 ), #6969 ) ;
#1826 = VERTEX_POINT ( 'NONE', #1663 ) ;
#1827 = ORIENTED_EDGE ( 'NONE', *, *, #5569, .F. ) ;
#1828 = PRESENTATION_STYLE_ASSIGNMENT (( #1794 ) ) ;
#1829 = VECTOR ( 'NONE', #1831, 1000.000000000000000 ) ;
#1830 = DIRECTION ( 'NONE',  ( 1.000000000000000000, 0.000000000000000000, -0.000000000000000000 ) ) ;
#1831 = DIRECTION ( 'NONE',  ( -0.000000000000000000, 1.000000000000000000, -0.000000000000000000 ) ) ;
#1832 = DIRECTION ( 'NONE',  ( -1.000000000000000000, 0.000000000000000000, 0.000000000000000000 ) ) ;
#1833 = AXIS2_PLACEMENT_3D ( 'NONE', #823, #3009, #3498 ) ;
#1834 = ORIENTED_EDGE ( 'NONE', *, *, #3130, .F. ) ;
#1835 = ORIENTED_EDGE ( 'NONE', *, *, #1227, .T. ) ;
#1836 = EDGE_CURVE ( 'NONE', #7118, #873, #4570, .T. ) ;
#1837 = LINE ( 'NONE', #4117, #5399 ) ;
#1838 = CARTESIAN_POINT ( 'NONE',  ( 0.8100000000000003864, 0.2299999999999995104, -3.497971487849612426 ) ) ;
#1839 = LINE ( 'NONE', #5844, #3205 ) ;
#1840 = PRESENTATION_STYLE_ASSIGNMENT (( #4830 ) ) ;
#1841 = PRESENTATION_LAYER_ASSIGNMENT (  '', '', ( #558 ) ) ;
#1842 = CARTESIAN_POINT ( 'NONE',  ( 0.8100000000000003864, 0.9000000000000003553, 3.100000000000000533 ) ) ;
#1843 = EDGE_CURVE ( 'NONE', #6730, #4503, #6266, .T. ) ;
#1844 = CARTESIAN_POINT ( 'NONE',  ( -1.090000000000000080, 2.109999999999999432, -1.750000000000000000 ) ) ;
#1845 = ORIENTED_EDGE ( 'NONE', *, *, #594, .T. ) ;
#1846 = EDGE_LOOP ( 'NONE', ( #4848, #766, #62, #5106 ) ) ;
#1847 = FILL_AREA_STYLE_COLOUR ( '', #6370 ) ;
#1848 = FILL_AREA_STYLE_COLOUR ( '', #3276 ) ;
#1849 = LINE ( 'NONE', #5783, #6534 ) ;
#1850 = FACE_OUTER_BOUND ( 'NONE', #6328, .T. ) ;
#1851 = ADVANCED_FACE ( 'NONE', ( #1701 ), #607, .F. ) ;
#1852 = DIRECTION ( 'NONE',  ( 0.000000000000000000, 0.000000000000000000, -1.000000000000000000 ) ) ;
#1853 = PRESENTATION_STYLE_ASSIGNMENT (( #175 ) ) ;
#1854 = ORIENTED_EDGE ( 'NONE', *, *, #2025, .T. ) ;
#1855 = SURFACE_STYLE_FILL_AREA ( #2378 ) ;
#1856 = AXIS2_PLACEMENT_3D ( 'NONE', #5166, #1609, #1143 ) ;
#1857 = CARTESIAN_POINT ( 'NONE',  ( 0.8100000000000003864, 0.8259778054016121418, 3.080165812735383035 ) ) ;
#1858 = CARTESIAN_POINT ( 'NONE',  ( 1.449999999999999734, 2.109999999999999432, -1.750000000000000000 ) ) ;
#1859 = EDGE_CURVE ( 'NONE', #2996, #7118, #5816, .T. ) ;
#1860 = VERTEX_POINT ( 'NONE', #640 ) ;
#1861 = DIRECTION ( 'NONE',  ( 0.000000000000000000, 0.000000000000000000, 1.000000000000000000 ) ) ;
#1862 = ORIENTED_EDGE ( 'NONE', *, *, #2987, .T. ) ;
#1863 =( GEOMETRIC_REPRESENTATION_CONTEXT ( 3 ) GLOBAL_UNCERTAINTY_ASSIGNED_CONTEXT ( ( #411 ) ) GLOBAL_UNIT_ASSIGNED_CONTEXT ( ( #6708, #6750, #4450 ) ) REPRESENTATION_CONTEXT ( 'NONE', 'WORKASPACE' ) );
#1864 = ORIENTED_EDGE ( 'NONE', *, *, #4963, .F. ) ;
#1865 = VERTEX_POINT ( 'NONE', #1772 ) ;
#1866 = FILL_AREA_STYLE ('',( #151 ) ) ;
#1867 = FILL_AREA_STYLE_COLOUR ( '', #5441 ) ;
#1868 = DIRECTION ( 'NONE',  ( 0.000000000000000000, 0.000000000000000000, 1.000000000000000000 ) ) ;
#1869 = DIRECTION ( 'NONE',  ( 0.000000000000000000, -2.226157494760227923E-16, -1.000000000000000000 ) ) ;
#1870 = AXIS2_PLACEMENT_3D ( 'NONE', #1321, #3518, #3591 ) ;
#1871 = ORIENTED_EDGE ( 'NONE', *, *, #6596, .F. ) ;
#1872 = STYLED_ITEM ( 'NONE', ( #4240 ), #3911 ) ;
#1873 = ORIENTED_EDGE ( 'NONE', *, *, #765, .T. ) ;
#1874 = DIRECTION ( 'NONE',  ( 1.000000000000000000, 0.000000000000000000, -0.000000000000000000 ) ) ;
#1875 = CARTESIAN_POINT ( 'NONE',  ( 0.4500000000000002887, 0.2300000000000000655, 3.727162940046486739 ) ) ;
#1876 = DIRECTION ( 'NONE',  ( 1.000000000000000000, 0.000000000000000000, 0.000000000000000000 ) ) ;
#1878 = SURFACE_SIDE_STYLE ('',( #7014 ) ) ;
#1877 = SURFACE_STYLE_USAGE ( .BOTH. , #710 ) ;
#1879 = CIRCLE ( 'NONE', #2840, 0.2300000000000001765 ) ;
#1880 = ADVANCED_FACE ( 'NONE', ( #52 ), #5183, .T. ) ;
#1881 = LINE ( 'NONE', #6976, #7301 ) ;
#1882 = VERTEX_POINT ( 'NONE', #2264 ) ;
#1883 = FILL_AREA_STYLE ('',( #1847 ) ) ;
#1884 = LINE ( 'NONE', #7132, #4965 ) ;
#1885 = CARTESIAN_POINT ( 'NONE',  ( -2.259999999999999787, 2.310000000000000053, -0.09999999999999961697 ) ) ;
#1886 = ADVANCED_FACE ( 'NONE', ( #2890 ), #2226, .T. ) ;
#1887 = DIRECTION ( 'NONE',  ( -0.000000000000000000, 0.2588190451025128014, 0.9659258262890705327 ) ) ;
#1888 = SURFACE_STYLE_FILL_AREA ( #4649 ) ;
#1889 = VECTOR ( 'NONE', #5928, 1000.000000000000000 ) ;
#1890 = EDGE_CURVE ( 'NONE', #4650, #1680, #5075, .T. ) ;
#1891 = ORIENTED_EDGE ( 'NONE', *, *, #556, .T. ) ;
#1892 = DIRECTION ( 'NONE',  ( -0.000000000000000000, 0.000000000000000000, -1.000000000000000000 ) ) ;
#1893 = VECTOR ( 'NONE', #5069, 1000.000000000000000 ) ;
#1894 = DIRECTION ( 'NONE',  ( 0.000000000000000000, -1.000000000000000000, 0.000000000000000000 ) ) ;
#1895 = ORIENTED_EDGE ( 'NONE', *, *, #2761, .T. ) ;
#1896 = LINE ( 'NONE', #1786, #3547 ) ;
#1897 = VECTOR ( 'NONE', #7327, 1000.000000000000000 ) ;
#1898 = ORIENTED_EDGE ( 'NONE', *, *, #4201, .T. ) ;
#1899 = UNCERTAINTY_MEASURE_WITH_UNIT (LENGTH_MEASURE( 1.000000000000000082E-05 ), #5309, 'distance_accuracy_value', 'NONE');
#1900 = EDGE_LOOP ( 'NONE', ( #6966, #2045, #5705, #5417 ) ) ;
#1901 = VECTOR ( 'NONE', #6720, 1000.000000000000000 ) ;
#1902 = EDGE_CURVE ( 'NONE', #2943, #814, #437, .T. ) ;
#1903 = VECTOR ( 'NONE', #2097, 999.9999999999998863 ) ;
#1904 = EDGE_CURVE ( 'NONE', #5748, #6564, #5215, .T. ) ;
#1905 = ORIENTED_EDGE ( 'NONE', *, *, #1703, .F. ) ;
#1906 = FILL_AREA_STYLE_COLOUR ( '', #1211 ) ;
#1907 = LINE ( 'NONE', #5948, #6831 ) ;
#1908 = VECTOR ( 'NONE', #4995, 1000.000000000000000 ) ;
#1909 = VECTOR ( 'NONE', #92, 1000.000000000000000 ) ;
#1910 = ORIENTED_EDGE ( 'NONE', *, *, #3595, .F. ) ;
#1911 = EDGE_CURVE ( 'NONE', #496, #3165, #2964, .T. ) ;
#1912 = ORIENTED_EDGE ( 'NONE', *, *, #1440, .F. ) ;
#1913 =( NAMED_UNIT ( * ) SI_UNIT ( $, .STERADIAN. ) SOLID_ANGLE_UNIT ( ) );
#1914 = FILL_AREA_STYLE_COLOUR ( '', #3153 ) ;
#1915 = CARTESIAN_POINT ( 'NONE',  ( 0.2799999999999998601, 1.809999999999999609, -0.9000000000000000222 ) ) ;
#1916 =( NAMED_UNIT ( * ) PLANE_ANGLE_UNIT ( ) SI_UNIT ( $, .RADIAN. ) );
#1918 = FILL_AREA_STYLE ('',( #4718 ) ) ;
#1917 = LINE ( 'NONE', #238, #7245 ) ;
#1919 = CARTESIAN_POINT ( 'NONE',  ( 1.449999999999999734, 2.309999999999999609, 1.750000000000000000 ) ) ;
#1920 = LINE ( 'NONE', #792, #2317 ) ;
#1921 = DIRECTION ( 'NONE',  ( 0.000000000000000000, 5.782411586589326479E-15, -1.000000000000000000 ) ) ;
#1922 = CARTESIAN_POINT ( 'NONE',  ( 2.080000000000000071, 0.8055061857751930621, 3.490134427896098401 ) ) ;
#1923 = VECTOR ( 'NONE', #3399, 1000.000000000000000 ) ;
#1924 = FILL_AREA_STYLE ('',( #1814 ) ) ;
#1925 = PRESENTATION_STYLE_ASSIGNMENT (( #252 ) ) ;
#1926 = EDGE_LOOP ( 'NONE', ( #7154, #2483, #104, #2437 ) ) ;
#1927 = STYLED_ITEM ( 'NONE', ( #3854 ), #3231 ) ;
#1928 = EDGE_CURVE ( 'NONE', #2390, #4568, #2563, .T. ) ;
#1929 = SURFACE_STYLE_FILL_AREA ( #1484 ) ;
#1930 = DIRECTION ( 'NONE',  ( -0.000000000000000000, -0.000000000000000000, 1.000000000000000000 ) ) ;
#1931 = VERTEX_POINT ( 'NONE', #3079 ) ;
#1932 = FACE_OUTER_BOUND ( 'NONE', #1967, .T. ) ;
#1933 = AXIS2_PLACEMENT_3D ( 'NONE', #1070, #2514, #1360 ) ;
#1934 = EDGE_CURVE ( 'NONE', #3771, #4228, #1920, .T. ) ;
#1935 = ORIENTED_EDGE ( 'NONE', *, *, #3037, .F. ) ;
#1936 = COLOUR_RGB ( '',0.7921568627450980005, 0.8196078431372548767, 0.9333333333333333481 ) ;
#1937 = VERTEX_POINT ( 'NONE', #243 ) ;
#1938 = PRESENTATION_LAYER_ASSIGNMENT (  '', '', ( #528 ) ) ;
#1939 = ORIENTED_EDGE ( 'NONE', *, *, #6792, .F. ) ;
#1940 = FACE_OUTER_BOUND ( 'NONE', #991, .T. ) ;
#1941 = CARTESIAN_POINT ( 'NONE',  ( -2.089999999999999858, 0.000000000000000000, 4.065000000000001279 ) ) ;
#1942 = CARTESIAN_POINT ( 'NONE',  ( -0.8199999999999997291, 0.4165028980787994772, -3.163653601044189134 ) ) ;
#1943 = AXIS2_PLACEMENT_3D ( 'NONE', #467, #5523, #7296 ) ;
#1944 = ADVANCED_FACE ( 'NONE', ( #1337 ), #6484, .F. ) ;
#1945 = MECHANICAL_DESIGN_GEOMETRIC_PRESENTATION_REPRESENTATION (  '', ( #2062 ), #1480 ) ;
#1946 = ORIENTED_EDGE ( 'NONE', *, *, #512, .T. ) ;
#1947 = MECHANICAL_DESIGN_GEOMETRIC_PRESENTATION_REPRESENTATION (  '', ( #2666 ), #5533 ) ;
#1948 = ORIENTED_EDGE ( 'NONE', *, *, #6219, .F. ) ;
#1949 = DIRECTION ( 'NONE',  ( 0.000000000000000000, 0.000000000000000000, -1.000000000000000000 ) ) ;
#1950 = FILL_AREA_STYLE ('',( #6395 ) ) ;
#1951 = VECTOR ( 'NONE', #5741, 1000.000000000000000 ) ;
#1952 = CARTESIAN_POINT ( 'NONE',  ( -1.090000000000000080, 2.109999999999999432, 1.750000000000000000 ) ) ;
#1954 = VERTEX_POINT ( 'NONE', #2449 ) ;
#1953 =( LENGTH_UNIT ( ) NAMED_UNIT ( * ) SI_UNIT ( .MILLI., .METRE. ) );
#1955 = ADVANCED_FACE ( 'NONE', ( #1991 ), #2488, .F. ) ;
#1956 = CARTESIAN_POINT ( 'NONE',  ( 0.4500000000000002887, 0.2092944763917980455, 3.649888873943361478 ) ) ;
#1957 = ORIENTED_EDGE ( 'NONE', *, *, #3627, .F. ) ;
#1958 = CARTESIAN_POINT ( 'NONE',  ( -0.4599999999999996869, 0.7459778054016127369, -3.267971487849611556 ) ) ;
#1959 = CARTESIAN_POINT ( 'NONE',  ( 2.080000000000000071, 0.9759778054016128301, 3.267971487849612000 ) ) ;
#1960 = CARTESIAN_POINT ( 'NONE',  ( 1.720000000000000195, 0.7666833290098139519, 3.345245553952736817 ) ) ;
#1961 = CARTESIAN_POINT ( 'NONE',  ( -1.729999999999999760, 0.1500000000000017153, -3.339236242140380218E-17 ) ) ;
#1962 = CARTESIAN_POINT ( 'NONE',  ( -0.8199999999999997291, 0.2300000000000000655, 3.727162940046486739 ) ) ;
#1963 = CARTESIAN_POINT ( 'NONE',  ( -1.729999999999999760, 0.8999999999999998002, -3.100000000000000089 ) ) ;
#1964 =( NAMED_UNIT ( * ) SI_UNIT ( $, .STERADIAN. ) SOLID_ANGLE_UNIT ( ) );
#1965 =( LENGTH_UNIT ( ) NAMED_UNIT ( * ) SI_UNIT ( .MILLI., .METRE. ) );
#1966 = PLANE ( 'NONE',  #3660 ) ;
#1967 = EDGE_LOOP ( 'NONE', ( #4699, #2310, #6130, #3698 ) ) ;
#1968 = EDGE_CURVE ( 'NONE', #787, #2202, #3010, .T. ) ;
#1969 = ORIENTED_EDGE ( 'NONE', *, *, #636, .T. ) ;
#1970 = VERTEX_POINT ( 'NONE', #1375 ) ;
#1971 = PRESENTATION_LAYER_ASSIGNMENT (  '', '', ( #1276 ) ) ;
#1972 = CARTESIAN_POINT ( 'NONE',  ( -0.4599999999999996869, 0.2299999999999995104, -3.347971487849612959 ) ) ;
#1973 = DIRECTION ( 'NONE',  ( -0.000000000000000000, -0.000000000000000000, 1.000000000000000000 ) ) ;
#1974 = LINE ( 'NONE', #265, #1122 ) ;
#1975 = ORIENTED_EDGE ( 'NONE', *, *, #3513, .T. ) ;
#1976 = VECTOR ( 'NONE', #2047, 1000.000000000000000 ) ;
#1977 = EDGE_CURVE ( 'NONE', #1453, #3696, #1884, .T. ) ;
#1978 = ORIENTED_EDGE ( 'NONE', *, *, #6523, .T. ) ;
#1979 = EDGE_LOOP ( 'NONE', ( #3516, #3398, #4528, #4248 ) ) ;
#1980 = CARTESIAN_POINT ( 'NONE',  ( -1.729999999999999760, 0.7459778054016128479, -3.497971487849612870 ) ) ;
#1981 = CIRCLE ( 'NONE', #7258, 0.2300000000000005929 ) ;
#1982 = LINE ( 'NONE', #6028, #6235 ) ;
#1983 = LINE ( 'NONE', #4256, #5925 ) ;
#1984 = EDGE_CURVE ( 'NONE', #4857, #6096, #6553, .T. ) ;
#1985 = CARTESIAN_POINT ( 'NONE',  ( 0.8100000000000003864, 0.9000000000000003553, 3.100000000000000533 ) ) ;
#1986 = CARTESIAN_POINT ( 'NONE',  ( 1.720000000000000195, 0.9759778054016120530, -3.267971487849612000 ) ) ;
#1988 = ORIENTED_EDGE ( 'NONE', *, *, #5561, .F. ) ;
#1987 = DIRECTION ( 'NONE',  ( 0.000000000000000000, 0.000000000000000000, -1.000000000000000000 ) ) ;
#1989 = DIRECTION ( 'NONE',  ( 0.000000000000000000, 0.9659258262890670910, -0.2588190451025250138 ) ) ;
#1990 = LINE ( 'NONE', #3747, #768 ) ;
#1991 = FACE_OUTER_BOUND ( 'NONE', #2348, .T. ) ;
#1992 = EDGE_CURVE ( 'NONE', #5951, #4453, #4723, .T. ) ;
#1993 = DIRECTION ( 'NONE',  ( 0.000000000000000000, 5.782411586589326479E-15, -1.000000000000000000 ) ) ;
#1994 = VECTOR ( 'NONE', #3081, 1000.000000000000000 ) ;
#1995 = CARTESIAN_POINT ( 'NONE',  ( 0.8100000000000003864, 0.7459778054016120707, 3.267971487849611556 ) ) ;
#1996 =( NAMED_UNIT ( * ) PLANE_ANGLE_UNIT ( ) SI_UNIT ( $, .RADIAN. ) );
#1997 = LINE ( 'NONE', #7176, #1317 ) ;
#1998 = AXIS2_PLACEMENT_3D ( 'NONE', #6602, #6121, #4313 ) ;
#1999 =( NAMED_UNIT ( * ) PLANE_ANGLE_UNIT ( ) SI_UNIT ( $, .RADIAN. ) );
#2000 = PLANE ( 'NONE',  #1870 ) ;
#2001 = DIRECTION ( 'NONE',  ( 1.000000000000000000, -0.000000000000000000, -0.000000000000000000 ) ) ;
#2002 = CARTESIAN_POINT ( 'NONE',  ( -1.729999999999999760, 0.7666833290098139519, 3.345245553952737261 ) ) ;
#2003 = VERTEX_POINT ( 'NONE', #4758 ) ;
#2004 = PRESENTATION_STYLE_ASSIGNMENT (( #4886 ) ) ;
#2005 = ORIENTED_EDGE ( 'NONE', *, *, #644, .F. ) ;
#2006 = STYLED_ITEM ( 'NONE', ( #5546 ), #1408 ) ;
#2007 = SURFACE_SIDE_STYLE ('',( #6049 ) ) ;
#2008 = VERTEX_POINT ( 'NONE', #6981 ) ;
#2009 = LINE ( 'NONE', #2546, #3350 ) ;
#2010 = SURFACE_STYLE_FILL_AREA ( #1425 ) ;
#2011 = VECTOR ( 'NONE', #2998, 1000.000000000000000 ) ;
#2012 = EDGE_CURVE ( 'NONE', #2377, #3250, #5291, .T. ) ;
#2013 = CARTESIAN_POINT ( 'NONE',  ( -0.2899999999999998690, 1.809999999999999387, -0.8999999999999995781 ) ) ;
#2014 = CARTESIAN_POINT ( 'NONE',  ( 0.4500000000000002887, 2.350550309948560991E-14, -4.065000000000001279 ) ) ;
#2015 = VECTOR ( 'NONE', #91, 1000.000000000000000 ) ;
#2016 = EDGE_LOOP ( 'NONE', ( #4107, #5590, #2772, #6444 ) ) ;
#2017 =( GEOMETRIC_REPRESENTATION_CONTEXT ( 3 ) GLOBAL_UNCERTAINTY_ASSIGNED_CONTEXT ( ( #2252 ) ) GLOBAL_UNIT_ASSIGNED_CONTEXT ( ( #4451, #6751, #1553 ) ) REPRESENTATION_CONTEXT ( 'NONE', 'WORKASPACE' ) );
#2018 = ORIENTED_EDGE ( 'NONE', *, *, #4572, .F. ) ;
#2019 =( GEOMETRIC_REPRESENTATION_CONTEXT ( 3 ) GLOBAL_UNCERTAINTY_ASSIGNED_CONTEXT ( ( #4015 ) ) GLOBAL_UNIT_ASSIGNED_CONTEXT ( ( #4436, #5540, #5653 ) ) REPRESENTATION_CONTEXT ( 'NONE', 'WORKASPACE' ) );
#2020 = ORIENTED_EDGE ( 'NONE', *, *, #3000, .T. ) ;
#2021 = CARTESIAN_POINT ( 'NONE',  ( -2.360000000000000320, 2.309999999999999609, -1.750000000000000000 ) ) ;
#2022 = ORIENTED_EDGE ( 'NONE', *, *, #2797, .F. ) ;
#2023 = CARTESIAN_POINT ( 'NONE',  ( 0.8100000000000003864, 0.8055061857751930621, 3.490134427896098401 ) ) ;
#2024 = CARTESIAN_POINT ( 'NONE',  ( 0.8100000000000003864, 0.1500000000000009381, -3.577971487849614274 ) ) ;
#2025 = EDGE_CURVE ( 'NONE', #6343, #3623, #5560, .T. ) ;
#2026 = DIRECTION ( 'NONE',  ( 0.000000000000000000, -1.694065894508596142E-15, 1.000000000000000000 ) ) ;
#2027 = SURFACE_SIDE_STYLE ('',( #2661 ) ) ;
#2029 = SURFACE_STYLE_USAGE ( .BOTH. , #5995 ) ;
#2028 = SURFACE_STYLE_FILL_AREA ( #3746 ) ;
#2030 = CARTESIAN_POINT ( 'NONE',  ( 1.720000000000000195, 0.2300000000000000655, 3.727162940046486739 ) ) ;
#2031 = AXIS2_PLACEMENT_3D ( 'NONE', #5103, #5, #2853 ) ;
#2032 = CARTESIAN_POINT ( 'NONE',  ( 1.720000000000000195, 0.2299999999999996214, -3.577971487849614274 ) ) ;
#2033 = LINE ( 'NONE', #4407, #5026 ) ;
#2034 = CARTESIAN_POINT ( 'NONE',  ( -0.8199999999999997291, 0.9759778054016126081, 3.089997332157669252 ) ) ;
#2035 = EDGE_CURVE ( 'NONE', #6764, #5852, #3568, .T. ) ;
#2036 = DIRECTION ( 'NONE',  ( 0.000000000000000000, -0.9659258262890670910, 0.2588190451025251804 ) ) ;
#2037 =( LENGTH_UNIT ( ) NAMED_UNIT ( * ) SI_UNIT ( .MILLI., .METRE. ) );
#2038 = AXIS2_PLACEMENT_3D ( 'NONE', #7295, #7259, #123 ) ;
#2039 =( LENGTH_UNIT ( ) NAMED_UNIT ( * ) SI_UNIT ( .MILLI., .METRE. ) );
#2040 = CARTESIAN_POINT ( 'NONE',  ( -2.089999999999999858, 0.000000000000000000, 0.000000000000000000 ) ) ;
#2041 = ORIENTED_EDGE ( 'NONE', *, *, #4457, .T. ) ;
#2042 = EDGE_CURVE ( 'NONE', #1800, #1537, #3606, .T. ) ;
#2043 = VECTOR ( 'NONE', #4715, 1000.000000000000000 ) ;
#2044 = CARTESIAN_POINT ( 'NONE',  ( 1.720000000000000195, 0.1500000000000008271, 4.065000000000000391 ) ) ;
#2045 = ORIENTED_EDGE ( 'NONE', *, *, #6754, .F. ) ;
#2046 = DIRECTION ( 'NONE',  ( -0.000000000000000000, 0.000000000000000000, 1.000000000000000000 ) ) ;
#2047 = DIRECTION ( 'NONE',  ( 0.000000000000000000, -2.309200021407363481E-15, 1.000000000000000000 ) ) ;
#2048 = LINE ( 'NONE', #5452, #3030 ) ;
#2049 = DIRECTION ( 'NONE',  ( 1.000000000000000000, 0.000000000000000000, 0.000000000000000000 ) ) ;
#2050 = ORIENTED_EDGE ( 'NONE', *, *, #4000, .T. ) ;
#2051 = VECTOR ( 'NONE', #6468, 1000.000000000000000 ) ;
#2052 = ORIENTED_EDGE ( 'NONE', *, *, #4733, .T. ) ;
#2053 = AXIS2_PLACEMENT_3D ( 'NONE', #4151, #6435, #2479 ) ;
#2054 = VERTEX_POINT ( 'NONE', #5931 ) ;
#2055 = DIRECTION ( 'NONE',  ( 0.000000000000000000, -1.000000000000000000, -5.773000053518395884E-16 ) ) ;
#2056 =( GEOMETRIC_REPRESENTATION_CONTEXT ( 3 ) GLOBAL_UNCERTAINTY_ASSIGNED_CONTEXT ( ( #5582 ) ) GLOBAL_UNIT_ASSIGNED_CONTEXT ( ( #1711, #3918, #6201 ) ) REPRESENTATION_CONTEXT ( 'NONE', 'WORKASPACE' ) );
#2057 = VECTOR ( 'NONE', #5226, 1000.000000000000000 ) ;
#2058 = DIRECTION ( 'NONE',  ( -0.000000000000000000, 1.000000000000000000, -0.000000000000000000 ) ) ;
#2059 = DIRECTION ( 'NONE',  ( -1.000000000000000000, -0.000000000000000000, -0.000000000000000000 ) ) ;
#2060 = LINE ( 'NONE', #995, #5478 ) ;
#2061 = CARTESIAN_POINT ( 'NONE',  ( 2.250000000000000444, 1.809999999999999609, 0.9000000000000000222 ) ) ;
#2062 = STYLED_ITEM ( 'NONE', ( #2717 ), #5000 ) ;
#2064 = DIRECTION ( 'NONE',  ( 0.000000000000000000, -3.045953970873614345E-15, 1.000000000000000000 ) ) ;
#2063 = FILL_AREA_STYLE ('',( #6620 ) ) ;
#2065 = DIRECTION ( 'NONE',  ( 0.000000000000000000, 1.000000000000000000, -8.405029527513195585E-16 ) ) ;
#2066 = EDGE_CURVE ( 'NONE', #4212, #2943, #3711, .T. ) ;
#2067 = AXIS2_PLACEMENT_3D ( 'NONE', #1374, #674, #4127 ) ;
#2068 = DIRECTION ( 'NONE',  ( 0.000000000000000000, -5.773000053518394898E-16, 1.000000000000000000 ) ) ;
#2069 = FILL_AREA_STYLE_COLOUR ( '', #1020 ) ;
#2070 = DIRECTION ( 'NONE',  ( -0.000000000000000000, 0.2588190451025250693, 0.9659258262890672020 ) ) ;
#2071 = VECTOR ( 'NONE', #7268, 1000.000000000000000 ) ;
#2072 = EDGE_CURVE ( 'NONE', #1753, #6605, #824, .T. ) ;
#2073 =( NAMED_UNIT ( * ) PLANE_ANGLE_UNIT ( ) SI_UNIT ( $, .RADIAN. ) );
#2074 = FACE_OUTER_BOUND ( 'NONE', #296, .T. ) ;
#2075 = CARTESIAN_POINT ( 'NONE',  ( 2.080000000000000071, 0.1500000000000008271, 3.727162940046487183 ) ) ;
#2076 = ORIENTED_EDGE ( 'NONE', *, *, #5649, .F. ) ;
#2077 = FILL_AREA_STYLE_COLOUR ( '', #1589 ) ;
#2078 = DIRECTION ( 'NONE',  ( -1.000000000000000000, -0.000000000000000000, -0.000000000000000000 ) ) ;
#2079 = LINE ( 'NONE', #3239, #2166 ) ;
#2080 = EDGE_CURVE ( 'NONE', #1246, #4568, #7096, .T. ) ;
#2081 = DIRECTION ( 'NONE',  ( -0.000000000000000000, 1.000000000000000000, -0.000000000000000000 ) ) ;
#2082 = ORIENTED_EDGE ( 'NONE', *, *, #1610, .T. ) ;
#2083 = SURFACE_STYLE_USAGE ( .BOTH. , #874 ) ;
#2084 =( LENGTH_UNIT ( ) NAMED_UNIT ( * ) SI_UNIT ( .MILLI., .METRE. ) );
#2085 = EDGE_LOOP ( 'NONE', ( #884, #2041, #6025, #1605, #6359, #6993, #4973, #5767, #3841, #3005, #5982, #3094, #5357 ) ) ;
#2086 = CARTESIAN_POINT ( 'NONE',  ( -0.4599999999999996869, 0.7459778054016120707, 3.267971487849611556 ) ) ;
#2087 = DIRECTION ( 'NONE',  ( 1.000000000000000000, 0.000000000000000000, -0.000000000000000000 ) ) ;
#2088 = ADVANCED_FACE ( 'NONE', ( #316 ), #4684, .T. ) ;
#2089 = DIRECTION ( 'NONE',  ( -1.000000000000000000, -0.000000000000000000, -0.000000000000000000 ) ) ;
#2090 = CARTESIAN_POINT ( 'NONE',  ( 0.4500000000000002887, 0.8259778054016121418, 3.080165812735383035 ) ) ;
#2091 = ORIENTED_EDGE ( 'NONE', *, *, #5860, .F. ) ;
#2092 = ORIENTED_EDGE ( 'NONE', *, *, #5916, .F. ) ;
#2093 = PRESENTATION_LAYER_ASSIGNMENT (  '', '', ( #5841 ) ) ;
#2094 = MECHANICAL_DESIGN_GEOMETRIC_PRESENTATION_REPRESENTATION (  '', ( #1276 ), #4352 ) ;
#2095 = EDGE_LOOP ( 'NONE', ( #2163, #6954, #2581, #3648 ) ) ;
#2096 = SURFACE_SIDE_STYLE ('',( #4943 ) ) ;
#2097 = DIRECTION ( 'NONE',  ( 0.000000000000000000, -0.9659258262890699775, -0.2588190451025146888 ) ) ;
#2098 = FACE_OUTER_BOUND ( 'NONE', #6880, .T. ) ;
#2099 = SURFACE_SIDE_STYLE ('',( #6140 ) ) ;
#2100 =( GEOMETRIC_REPRESENTATION_CONTEXT ( 3 ) GLOBAL_UNCERTAINTY_ASSIGNED_CONTEXT ( ( #3861 ) ) GLOBAL_UNIT_ASSIGNED_CONTEXT ( ( #4934, #6090, #7229 ) ) REPRESENTATION_CONTEXT ( 'NONE', 'WORKASPACE' ) );
#2101 = UNCERTAINTY_MEASURE_WITH_UNIT (LENGTH_MEASURE( 1.000000000000000082E-05 ), #2084, 'distance_accuracy_value', 'NONE');
#2103 =( NAMED_UNIT ( * ) SI_UNIT ( $, .STERADIAN. ) SOLID_ANGLE_UNIT ( ) );
#2102 = CARTESIAN_POINT ( 'NONE',  ( -0.4599999999999996869, 0.2299999999999996214, -3.577971487849614274 ) ) ;
#2104 = PRESENTATION_STYLE_ASSIGNMENT (( #3673 ) ) ;
#2105 = AXIS2_PLACEMENT_3D ( 'NONE', #5760, #110, #4621 ) ;
#2106 = DIRECTION ( 'NONE',  ( -0.000000000000000000, -1.000000000000000000, -0.000000000000000000 ) ) ;
#2107 = PRESENTATION_STYLE_ASSIGNMENT (( #6748 ) ) ;
#2108 = PLANE ( 'NONE',  #2516 ) ;
#2109 = ORIENTED_EDGE ( 'NONE', *, *, #547, .T. ) ;
#2110 = EDGE_CURVE ( 'NONE', #4089, #986, #4913, .T. ) ;
#2111 = PLANE ( 'NONE',  #6043 ) ;
#2112 =( GEOMETRIC_REPRESENTATION_CONTEXT ( 3 ) GLOBAL_UNCERTAINTY_ASSIGNED_CONTEXT ( ( #2101 ) ) GLOBAL_UNIT_ASSIGNED_CONTEXT ( ( #2084, #5564, #6123 ) ) REPRESENTATION_CONTEXT ( 'NONE', 'WORKASPACE' ) );
#2113 = FACE_OUTER_BOUND ( 'NONE', #6098, .T. ) ;
#2114 = CARTESIAN_POINT ( 'NONE',  ( -0.2899999999999998690, 1.809999999999999387, -0.8999999999999995781 ) ) ;
#2115 = EDGE_LOOP ( 'NONE', ( #4654, #2346, #2938, #4076 ) ) ;
#2116 = ADVANCED_FACE ( 'NONE', ( #4377 ), #6145, .F. ) ;
#2117 =( LENGTH_UNIT ( ) NAMED_UNIT ( * ) SI_UNIT ( .MILLI., .METRE. ) );
#2118 = CARTESIAN_POINT ( 'NONE',  ( 3.100000000000000089, 0.1000000000000000472, 2.885640646055106728 ) ) ;
#2119 = FACE_OUTER_BOUND ( 'NONE', #4499, .T. ) ;
#2120 = CARTESIAN_POINT ( 'NONE',  ( 0.000000000000000000, 2.059999999999999165, 0.000000000000000000 ) ) ;
#2121 = EDGE_CURVE ( 'NONE', #5862, #1954, #2670, .T. ) ;
#2122 = DIRECTION ( 'NONE',  ( 0.000000000000000000, 0.000000000000000000, -1.000000000000000000 ) ) ;
#2123 = MANIFOLD_SOLID_BREP ( 'Pin [6]', #6829 ) ;
#2124 = VECTOR ( 'NONE', #6914, 1000.000000000000000 ) ;
#2125 = ORIENTED_EDGE ( 'NONE', *, *, #4787, .T. ) ;
#2126 = CARTESIAN_POINT ( 'NONE',  ( 0.8100000000000003864, 0.1500000000000008271, -4.065000000000000391 ) ) ;
#2127 = CARTESIAN_POINT ( 'NONE',  ( -0.9899999999999997691, 1.809999999999999609, 0.9000000000000000222 ) ) ;
#2128 = LINE ( 'NONE', #4394, #4429 ) ;
#2129 = CARTESIAN_POINT ( 'NONE',  ( 0.9800000000000002043, 1.809999999999999609, -0.9000000000000000222 ) ) ;
#2130 = VERTEX_POINT ( 'NONE', #2215 ) ;
#2131 = VERTEX_POINT ( 'NONE', #4481 ) ;
#2132 = EDGE_CURVE ( 'NONE', #5683, #2054, #5584, .T. ) ;
#2133 = EDGE_CURVE ( 'NONE', #4778, #5007, #6744, .T. ) ;
#2134 = ORIENTED_EDGE ( 'NONE', *, *, #2674, .F. ) ;
#2135 = SURFACE_STYLE_USAGE ( .BOTH. , #3218 ) ;
#2136 =( NAMED_UNIT ( * ) PLANE_ANGLE_UNIT ( ) SI_UNIT ( $, .RADIAN. ) );
#2137 = DIRECTION ( 'NONE',  ( -0.000000000000000000, -0.000000000000000000, -1.000000000000000000 ) ) ;
#2138 = ADVANCED_FACE ( 'NONE', ( #6815 ), #6856, .F. ) ;
#2139 = UNCERTAINTY_MEASURE_WITH_UNIT (LENGTH_MEASURE( 1.000000000000000082E-05 ), #6437, 'distance_accuracy_value', 'NONE');
#2140 = FACE_OUTER_BOUND ( 'NONE', #2095, .T. ) ;
#2141 = DIRECTION ( 'NONE',  ( -0.000000000000000000, 0.000000000000000000, -1.000000000000000000 ) ) ;
#2142 = AXIS2_PLACEMENT_3D ( 'NONE', #4554, #6099, #5576 ) ;
#2143 = DIRECTION ( 'NONE',  ( 0.000000000000000000, -0.9659258262890670910, 0.2588190451025250138 ) ) ;
#2144 = CARTESIAN_POINT ( 'NONE',  ( -2.260000000000000231, 1.809999999999999609, -0.9000000000000000222 ) ) ;
#2145 = CARTESIAN_POINT ( 'NONE',  ( -0.4599999999999996869, 0.8259778054016121418, 3.080165812735383035 ) ) ;
#2146 = MECHANICAL_DESIGN_GEOMETRIC_PRESENTATION_REPRESENTATION (  '', ( #4171 ), #5138 ) ;
#2147 =( LENGTH_UNIT ( ) NAMED_UNIT ( * ) SI_UNIT ( .MILLI., .METRE. ) );
#2148 = CIRCLE ( 'NONE', #6326, 0.08000000000000020983 ) ;
#2149 = VERTEX_POINT ( 'NONE', #5065 ) ;
#2150 = CARTESIAN_POINT ( 'NONE',  ( 1.549999999999999822, 1.809999999999999609, -0.9000000000000000222 ) ) ;
#2151 = CARTESIAN_POINT ( 'NONE',  ( -0.4599999999999996869, 0.2299999999999996214, -3.577971487849614274 ) ) ;
#2152 = DIRECTION ( 'NONE',  ( 0.000000000000000000, 0.9914448613738107152, -0.1305261922200490754 ) ) ;
#2153 = LINE ( 'NONE', #2681, #5766 ) ;
#2154 = SURFACE_STYLE_USAGE ( .BOTH. , #1628 ) ;
#2155 = LINE ( 'NONE', #612, #6082 ) ;
#2156 = APPLICATION_CONTEXT ( 'automotive_design' ) ;
#2157 = ADVANCED_FACE ( 'NONE', ( #6258 ), #633, .F. ) ;
#2158 = ORIENTED_EDGE ( 'NONE', *, *, #4779, .T. ) ;
#2159 = CARTESIAN_POINT ( 'NONE',  ( -0.4599999999999996869, 0.9759778054016101656, 5.945566943695085866E-16 ) ) ;
#2160 = UNCERTAINTY_MEASURE_WITH_UNIT (LENGTH_MEASURE( 1.000000000000000082E-05 ), #490, 'distance_accuracy_value', 'NONE');
#2161 = PLANE ( 'NONE',  #2794 ) ;
#2162 = PRESENTATION_STYLE_ASSIGNMENT (( #4502 ) ) ;
#2163 = ORIENTED_EDGE ( 'NONE', *, *, #5334, .F. ) ;
#2164 = ORIENTED_EDGE ( 'NONE', *, *, #5158, .F. ) ;
#2165 = ORIENTED_EDGE ( 'NONE', *, *, #6599, .T. ) ;
#2166 = VECTOR ( 'NONE', #4348, 999.9999999999998863 ) ;
#2167 = ORIENTED_EDGE ( 'NONE', *, *, #1036, .T. ) ;
#2168 = ORIENTED_EDGE ( 'NONE', *, *, #6802, .F. ) ;
#2169 = FACE_OUTER_BOUND ( 'NONE', #1900, .T. ) ;
#2170 = ORIENTED_EDGE ( 'NONE', *, *, #7076, .T. ) ;
#2171 = PLANE ( 'NONE',  #6197 ) ;
#2172 = MECHANICAL_DESIGN_GEOMETRIC_PRESENTATION_REPRESENTATION (  '', ( #5161 ), #994 ) ;
#2173 = CARTESIAN_POINT ( 'NONE',  ( -2.089999999999999858, 0.7459778054016127369, -3.267971487849611556 ) ) ;
#2174 = ADVANCED_FACE ( 'NONE', ( #1652 ), #3343, .F. ) ;
#2175 = VECTOR ( 'NONE', #6855, 1000.000000000000000 ) ;
#2177 = DIRECTION ( 'NONE',  ( 0.000000000000000000, -2.309200021407363481E-15, 1.000000000000000000 ) ) ;
#2176 = CARTESIAN_POINT ( 'NONE',  ( 0.8100000000000003864, 0.7666833290098139519, 3.345245553952737261 ) ) ;
#2178 = EDGE_LOOP ( 'NONE', ( #1939, #4032, #354, #789 ) ) ;
#2179 = CIRCLE ( 'NONE', #1000, 0.2300000000000005929 ) ;
#2180 = VECTOR ( 'NONE', #2058, 1000.000000000000000 ) ;
#2181 = FILL_AREA_STYLE_COLOUR ( '', #1463 ) ;
#2182 = SURFACE_SIDE_STYLE ('',( #3820 ) ) ;
#2183 = DIRECTION ( 'NONE',  ( 0.000000000000000000, 2.309200021407363875E-15, -1.000000000000000000 ) ) ;
#2184 = EDGE_CURVE ( 'NONE', #5496, #1105, #4632, .T. ) ;
#2185 = PRODUCT_DEFINITION_FORMATION_WITH_SPECIFIED_SOURCE ( 'ANY', '', #2759, .NOT_KNOWN. ) ;
#2186 = LINE ( 'NONE', #1043, #3800 ) ;
#2187 = STYLED_ITEM ( 'NONE', ( #1853 ), #4952 ) ;
#2188 = EDGE_LOOP ( 'NONE', ( #634, #2428, #6151, #509 ) ) ;
#2189 = VECTOR ( 'NONE', #1532, 1000.000000000000000 ) ;
#2190 = LINE ( 'NONE', #3944, #4691 ) ;
#2191 = LINE ( 'NONE', #1483, #2736 ) ;
#2192 = PLANE ( 'NONE',  #3718 ) ;
#2193 = VECTOR ( 'NONE', #5110, 1000.000000000000000 ) ;
#2194 = DIRECTION ( 'NONE',  ( 0.000000000000000000, 1.000000000000000000, 0.000000000000000000 ) ) ;
#2195 = CARTESIAN_POINT ( 'NONE',  ( 3.100000000000000089, 0.1000000000000000472, 0.000000000000000000 ) ) ;
#2196 = DIRECTION ( 'NONE',  ( -1.000000000000000000, 0.000000000000000000, 0.000000000000000000 ) ) ;
#2197 = ORIENTED_EDGE ( 'NONE', *, *, #583, .T. ) ;
#2198 = CARTESIAN_POINT ( 'NONE',  ( 1.720000000000000195, 0.7459778054016127369, -3.267971487849611556 ) ) ;
#2199 = AXIS2_PLACEMENT_3D ( 'NONE', #5102, #6325, #5698 ) ;
#2200 = CARTESIAN_POINT ( 'NONE',  ( -2.259999999999999787, 2.310000000000000053, 0.9000000000000003553 ) ) ;
#2201 = DIRECTION ( 'NONE',  ( -1.000000000000000000, 0.000000000000000000, 2.409338161078898687E-16 ) ) ;
#2202 = VERTEX_POINT ( 'NONE', #4522 ) ;
#2203 = EDGE_LOOP ( 'NONE', ( #3655, #3254, #5337, #217 ) ) ;
#2204 = EDGE_CURVE ( 'NONE', #5362, #6764, #3899, .T. ) ;
#2205 = ORIENTED_EDGE ( 'NONE', *, *, #6245, .F. ) ;
#2206 = ORIENTED_EDGE ( 'NONE', *, *, #2822, .T. ) ;
#2207 = CARTESIAN_POINT ( 'NONE',  ( 0.8100000000000003864, 0.1500000000000008271, 3.727162940046487183 ) ) ;
#2208 = SURFACE_STYLE_USAGE ( .BOTH. , #34 ) ;
#2209 = LINE ( 'NONE', #5094, #3251 ) ;
#2210 = ADVANCED_FACE ( 'NONE', ( #666 ), #1075, .F. ) ;
#2211 = DIRECTION ( 'NONE',  ( -1.000000000000000000, -0.000000000000000000, -0.000000000000000000 ) ) ;
#2212 = ORIENTED_EDGE ( 'NONE', *, *, #4544, .F. ) ;
#2213 = EDGE_CURVE ( 'NONE', #693, #3216, #1220, .T. ) ;
#2214 = CARTESIAN_POINT ( 'NONE',  ( 2.250000000000000444, 1.809999999999999387, -0.8999999999999995781 ) ) ;
#2215 = CARTESIAN_POINT ( 'NONE',  ( -0.1899999999999998357, 2.109999999999999432, 1.750000000000000000 ) ) ;
#2216 = VECTOR ( 'NONE', #4946, 1000.000000000000000 ) ;
#2217 = CARTESIAN_POINT ( 'NONE',  ( 2.080000000000000071, 0.8259778054016116977, -3.267971487849612000 ) ) ;
#2218 = LINE ( 'NONE', #2144, #5940 ) ;
#2220 = VERTEX_POINT ( 'NONE', #598 ) ;
#2219 = CARTESIAN_POINT ( 'NONE',  ( -0.8199999999999997291, 0.000000000000000000, -3.577971487849614274 ) ) ;
#2221 = DIRECTION ( 'NONE',  ( -0.000000000000000000, 1.000000000000000000, 0.000000000000000000 ) ) ;
#2222 = ORIENTED_EDGE ( 'NONE', *, *, #6599, .F. ) ;
#2223 = EDGE_CURVE ( 'NONE', #2617, #1225, #1689, .T. ) ;
#2224 = ADVANCED_FACE ( 'NONE', ( #5620 ), #523, .F. ) ;
#2225 = PLANE ( 'NONE',  #1595 ) ;
#2226 = PLANE ( 'NONE',  #5786 ) ;
#2227 = STYLED_ITEM ( 'NONE', ( #2568 ), #4822 ) ;
#2228 =( NAMED_UNIT ( * ) SI_UNIT ( $, .STERADIAN. ) SOLID_ANGLE_UNIT ( ) );
#2229 = SURFACE_STYLE_FILL_AREA ( #5115 ) ;
#2230 = VECTOR ( 'NONE', #6912, 1000.000000000000000 ) ;
#2231 = DIRECTION ( 'NONE',  ( 0.000000000000000000, -0.9659258262890704216, 0.2588190451025127459 ) ) ;
#2232 = ORIENTED_EDGE ( 'NONE', *, *, #6229, .F. ) ;
#2233 = CARTESIAN_POINT ( 'NONE',  ( 2.080000000000000071, 0.1500000000000009381, -3.577971487849614274 ) ) ;
#2234 = DIRECTION ( 'NONE',  ( 0.000000000000000000, -1.000000000000000000, 0.000000000000000000 ) ) ;
#2235 = ORIENTED_EDGE ( 'NONE', *, *, #2797, .T. ) ;
#2236 = VECTOR ( 'NONE', #2929, 1000.000000000000000 ) ;
#2237 = ORIENTED_EDGE ( 'NONE', *, *, #2806, .F. ) ;
#2238 = ORIENTED_EDGE ( 'NONE', *, *, #6425, .F. ) ;
#2239 = ORIENTED_EDGE ( 'NONE', *, *, #1012, .T. ) ;
#2240 = CARTESIAN_POINT ( 'NONE',  ( -1.729999999999999760, 0.000000000000000000, 0.000000000000000000 ) ) ;
#2241 = COLOUR_RGB ( '',0.2509803921568627416, 0.2509803921568627416, 0.2509803921568627416 ) ;
#2242 = EDGE_CURVE ( 'NONE', #1931, #3551, #3039, .T. ) ;
#2243 = CARTESIAN_POINT ( 'NONE',  ( 2.585630021598218420, 2.309999999999999609, -2.914369978401781580 ) ) ;
#2244 = LINE ( 'NONE', #3333, #100 ) ;
#2245 = CARTESIAN_POINT ( 'NONE',  ( -2.260000000000000231, 1.809999999999999609, -0.9000000000000000222 ) ) ;
#2246 = DIRECTION ( 'NONE',  ( -1.000000000000000000, -0.000000000000000000, -0.000000000000000000 ) ) ;
#2247 = ORIENTED_EDGE ( 'NONE', *, *, #6690, .T. ) ;
#2248 = EDGE_CURVE ( 'NONE', #1970, #4472, #1259, .T. ) ;
#2249 = DIRECTION ( 'NONE',  ( -0.000000000000000000, 1.000000000000000000, 6.091907941747214293E-16 ) ) ;
#2250 = VECTOR ( 'NONE', #6398, 1000.000000000000000 ) ;
#2251 = LINE ( 'NONE', #7368, #141 ) ;
#2252 = UNCERTAINTY_MEASURE_WITH_UNIT (LENGTH_MEASURE( 1.000000000000000082E-05 ), #4451, 'distance_accuracy_value', 'NONE');
#2253 = AXIS2_PLACEMENT_3D ( 'NONE', #2481, #4791, #5883 ) ;
#2254 = DIRECTION ( 'NONE',  ( 1.000000000000000000, -0.000000000000000000, -0.000000000000000000 ) ) ;
#2256 = ORIENTED_EDGE ( 'NONE', *, *, #4000, .F. ) ;
#2255 = CARTESIAN_POINT ( 'NONE',  ( -1.729999999999999760, 0.2092944763917980455, 3.649888873943361478 ) ) ;
#2257 = AXIS2_PLACEMENT_3D ( 'NONE', #6487, #7137, #4267 ) ;
#2258 = EDGE_CURVE ( 'NONE', #6493, #1557, #5281, .T. ) ;
#2259 = CARTESIAN_POINT ( 'NONE',  ( 0.9800000000000002043, 1.909999999999999476, -0.8999999999999995781 ) ) ;
#2260 = PRESENTATION_LAYER_ASSIGNMENT (  '', '', ( #273 ) ) ;
#2261 = ORIENTED_EDGE ( 'NONE', *, *, #5747, .T. ) ;
#2262 = MECHANICAL_DESIGN_GEOMETRIC_PRESENTATION_REPRESENTATION (  '', ( #4050 ), #3933 ) ;
#2263 = CARTESIAN_POINT ( 'NONE',  ( -0.2899999999999998690, 1.809999999999999609, -0.9000000000000000222 ) ) ;
#2264 = CARTESIAN_POINT ( 'NONE',  ( 2.080000000000000071, 0.1704716196264193517, 3.504999999999999893 ) ) ;
#2265 = COLOUR_RGB ( '',0.2509803921568627416, 0.2509803921568627416, 0.2509803921568627416 ) ;
#2266 = CARTESIAN_POINT ( 'NONE',  ( -0.8199999999999997291, 0.7459778054016128479, -3.497971487849612870 ) ) ;
#2267 = EDGE_CURVE ( 'NONE', #4940, #6642, #3667, .T. ) ;
#2268 =( NAMED_UNIT ( * ) SI_UNIT ( $, .STERADIAN. ) SOLID_ANGLE_UNIT ( ) );
#2269 = SURFACE_STYLE_USAGE ( .BOTH. , #2834 ) ;
#2270 = VERTEX_POINT ( 'NONE', #234 ) ;
#2271 = CARTESIAN_POINT ( 'NONE',  ( 0.1800000000000000488, 2.109999999999999432, 1.750000000000000000 ) ) ;
#2272 = LINE ( 'NONE', #5568, #1712 ) ;
#2273 = ORIENTED_EDGE ( 'NONE', *, *, #5657, .F. ) ;
#2274 = ADVANCED_FACE ( 'NONE', ( #4749 ), #309, .F. ) ;
#2275 = VERTEX_POINT ( 'NONE', #3106 ) ;
#2276 = UNCERTAINTY_MEASURE_WITH_UNIT (LENGTH_MEASURE( 1.000000000000000082E-05 ), #2560, 'distance_accuracy_value', 'NONE');
#2277 = EDGE_LOOP ( 'NONE', ( #7038, #4211, #291, #920 ) ) ;
#2278 = ORIENTED_EDGE ( 'NONE', *, *, #154, .F. ) ;
#2279 = DIRECTION ( 'NONE',  ( -1.000000000000000000, -0.000000000000000000, -0.000000000000000000 ) ) ;
#2280 = PRESENTATION_STYLE_ASSIGNMENT (( #2208 ) ) ;
#2281 = CARTESIAN_POINT ( 'NONE',  ( 0.8100000000000003864, 0.9759778054016119420, -3.089997332157668808 ) ) ;
#2282 = VECTOR ( 'NONE', #4576, 1000.000000000000000 ) ;
#2283 = ORIENTED_EDGE ( 'NONE', *, *, #2528, .F. ) ;
#2284 = CARTESIAN_POINT ( 'NONE',  ( 0.2800000000000003042, 2.310000000000000053, 0.9000000000000003553 ) ) ;
#2285 = DIRECTION ( 'NONE',  ( -0.000000000000000000, -0.000000000000000000, 1.000000000000000000 ) ) ;
#2286 = EDGE_LOOP ( 'NONE', ( #1432, #1686, #1486, #5048 ) ) ;
#2287 = ORIENTED_EDGE ( 'NONE', *, *, #4496, .F. ) ;
#2288 = VECTOR ( 'NONE', #1216, 1000.000000000000000 ) ;
#2289 = EDGE_CURVE ( 'NONE', #7121, #519, #272, .T. ) ;
#2290 = FACE_OUTER_BOUND ( 'NONE', #2842, .T. ) ;
#2291 = AXIS2_PLACEMENT_3D ( 'NONE', #1172, #1894, #1784 ) ;
#2292 = EDGE_LOOP ( 'NONE', ( #5248, #656, #5939, #3885 ) ) ;
#2293 = UNCERTAINTY_MEASURE_WITH_UNIT (LENGTH_MEASURE( 1.000000000000000082E-05 ), #1501, 'distance_accuracy_value', 'NONE');
#2294 = AXIS2_PLACEMENT_3D ( 'NONE', #1762, #197, #6324 ) ;
#2295 = ADVANCED_FACE ( 'NONE', ( #3598 ), #781, .F. ) ;
#2296 = CARTESIAN_POINT ( 'NONE',  ( 2.080000000000000071, 0.9000000000000003553, 3.100000000000000533 ) ) ;
#2297 = LINE ( 'NONE', #5781, #3929 ) ;
#2298 = EDGE_CURVE ( 'NONE', #2349, #840, #5504, .T. ) ;
#2299 = DIRECTION ( 'NONE',  ( -1.000000000000000000, 0.000000000000000000, 0.000000000000000000 ) ) ;
#2300 = FACE_OUTER_BOUND ( 'NONE', #258, .T. ) ;
#2301 = SURFACE_SIDE_STYLE ('',( #2760 ) ) ;
#2302 = VECTOR ( 'NONE', #7360, 1000.000000000000000 ) ;
#2303 = SURFACE_STYLE_USAGE ( .BOTH. , #1706 ) ;
#2304 = EDGE_CURVE ( 'NONE', #746, #5007, #3741, .T. ) ;
#2305 = AXIS2_PLACEMENT_3D ( 'NONE', #6755, #5629, #529 ) ;
#2306 = ORIENTED_EDGE ( 'NONE', *, *, #6047, .F. ) ;
#2307 = LINE ( 'NONE', #2765, #5628 ) ;
#2308 = CARTESIAN_POINT ( 'NONE',  ( 2.080000000000000071, 0.000000000000000000, -3.577971487849614274 ) ) ;
#2309 = PRESENTATION_LAYER_ASSIGNMENT (  '', '', ( #6854 ) ) ;
#2310 = ORIENTED_EDGE ( 'NONE', *, *, #3689, .F. ) ;
#2311 = ORIENTED_EDGE ( 'NONE', *, *, #772, .T. ) ;
#2312 = CARTESIAN_POINT ( 'NONE',  ( -2.360000000000000320, 2.309999999999999609, 1.750000000000000000 ) ) ;
#2313 = ORIENTED_EDGE ( 'NONE', *, *, #919, .T. ) ;
#2314 = EDGE_CURVE ( 'NONE', #3664, #344, #2702, .T. ) ;
#2315 = ORIENTED_EDGE ( 'NONE', *, *, #1036, .F. ) ;
#2316 = LINE ( 'NONE', #4586, #6526 ) ;
#2317 = VECTOR ( 'NONE', #4196, 1000.000000000000000 ) ;
#2318 = SURFACE_SIDE_STYLE ('',( #5165 ) ) ;
#2319 = DIRECTION ( 'NONE',  ( -0.000000000000000000, 1.000000000000000000, -0.000000000000000000 ) ) ;
#2320 = PRESENTATION_STYLE_ASSIGNMENT (( #662 ) ) ;
#2321 =( NAMED_UNIT ( * ) SI_UNIT ( $, .STERADIAN. ) SOLID_ANGLE_UNIT ( ) );
#2322 = EDGE_LOOP ( 'NONE', ( #3075, #4795, #4427, #511 ) ) ;
#2323 = FACE_OUTER_BOUND ( 'NONE', #1064, .T. ) ;
#2324 = LINE ( 'NONE', #1691, #726 ) ;
#2325 =( GEOMETRIC_REPRESENTATION_CONTEXT ( 3 ) GLOBAL_UNCERTAINTY_ASSIGNED_CONTEXT ( ( #2276 ) ) GLOBAL_UNIT_ASSIGNED_CONTEXT ( ( #2560, #3043, #5467 ) ) REPRESENTATION_CONTEXT ( 'NONE', 'WORKASPACE' ) );
#2326 = EDGE_LOOP ( 'NONE', ( #1573, #1787, #3135, #4811 ) ) ;
#2328 = ORIENTED_EDGE ( 'NONE', *, *, #3570, .F. ) ;
#2327 = DIRECTION ( 'NONE',  ( 0.000000000000000000, 0.000000000000000000, -1.000000000000000000 ) ) ;
#2329 = CARTESIAN_POINT ( 'NONE',  ( 0.8100000000000003864, 0.7666833290098139519, 3.345245553952736817 ) ) ;
#2330 = ORIENTED_EDGE ( 'NONE', *, *, #1369, .T. ) ;
#2331 = AXIS2_PLACEMENT_3D ( 'NONE', #5893, #3638, #753 ) ;
#2332 = COLOUR_RGB ( '',0.2509803921568627416, 0.2509803921568627416, 0.2509803921568627416 ) ;
#2333 = CARTESIAN_POINT ( 'NONE',  ( -0.9899999999999997691, 0.000000000000000000, 0.000000000000000000 ) ) ;
#2334 = EDGE_CURVE ( 'NONE', #1499, #7307, #6100, .T. ) ;
#2335 = DIRECTION ( 'NONE',  ( 0.000000000000000000, 0.000000000000000000, -1.000000000000000000 ) ) ;
#2336 = DIRECTION ( 'NONE',  ( -0.7071067811865473507, -0.000000000000000000, -0.7071067811865477948 ) ) ;
#2337 = PRESENTATION_STYLE_ASSIGNMENT (( #4057 ) ) ;
#2338 =( GEOMETRIC_REPRESENTATION_CONTEXT ( 3 ) GLOBAL_UNCERTAINTY_ASSIGNED_CONTEXT ( ( #1057 ) ) GLOBAL_UNIT_ASSIGNED_CONTEXT ( ( #771, #226, #7040 ) ) REPRESENTATION_CONTEXT ( 'NONE', 'WORKASPACE' ) );
#2339 = DIRECTION ( 'NONE',  ( 0.000000000000000000, -0.000000000000000000, 1.000000000000000000 ) ) ;
#2340 = VECTOR ( 'NONE', #5164, 1000.000000000000000 ) ;
#2341 = CARTESIAN_POINT ( 'NONE',  ( 2.080000000000000071, 0.9759778054016128301, 3.267971487849612000 ) ) ;
#2342 = ORIENTED_EDGE ( 'NONE', *, *, #7134, .T. ) ;
#2343 = ADVANCED_FACE ( 'NONE', ( #958 ), #4328, .F. ) ;
#2344 = DIRECTION ( 'NONE',  ( 0.7071067811865470176, -0.000000000000000000, 0.7071067811865479058 ) ) ;
#2345 = LINE ( 'NONE', #5905, #1630 ) ;
#2346 = ORIENTED_EDGE ( 'NONE', *, *, #5779, .F. ) ;
#2347 = CARTESIAN_POINT ( 'NONE',  ( 1.720000000000000195, -7.047314121155778821E-16, 3.727162940046487183 ) ) ;
#2348 = EDGE_LOOP ( 'NONE', ( #3170, #2724, #2311, #6591 ) ) ;
#2349 = VERTEX_POINT ( 'NONE', #888 ) ;
#2350 = PLANE ( 'NONE',  #3305 ) ;
#2352 = DIRECTION ( 'NONE',  ( 0.000000000000000000, -1.000000000000000000, 0.000000000000000000 ) ) ;
#2351 = VECTOR ( 'NONE', #4056, 999.9999999999998863 ) ;
#2353 = CARTESIAN_POINT ( 'NONE',  ( 3.100000000000000089, 0.000000000000000000, 0.000000000000000000 ) ) ;
#2354 = DIRECTION ( 'NONE',  ( 0.000000000000000000, -2.226157494760227923E-16, -1.000000000000000000 ) ) ;
#2355 = ADVANCED_FACE ( 'NONE', ( #1502 ), #3703, .F. ) ;
#2356 = ORIENTED_EDGE ( 'NONE', *, *, #7223, .F. ) ;
#2357 = ORIENTED_EDGE ( 'NONE', *, *, #870, .F. ) ;
#2358 = STYLED_ITEM ( 'NONE', ( #4812 ), #681 ) ;
#2359 = LINE ( 'NONE', #6436, #4162 ) ;
#2360 = CARTESIAN_POINT ( 'NONE',  ( -0.4599999999999996869, 0.8259778054016121418, 3.080165812735383035 ) ) ;
#2362 = ORIENTED_EDGE ( 'NONE', *, *, #2432, .T. ) ;
#2361 = FILL_AREA_STYLE_COLOUR ( '', #1493 ) ;
#2363 = EDGE_CURVE ( 'NONE', #981, #3625, #1983, .T. ) ;
#2364 =( LENGTH_UNIT ( ) NAMED_UNIT ( * ) SI_UNIT ( .MILLI., .METRE. ) );
#2365 = VECTOR ( 'NONE', #3045, 1000.000000000000000 ) ;
#2366 = ORIENTED_EDGE ( 'NONE', *, *, #5131, .T. ) ;
#2367 = LINE ( 'NONE', #6980, #5181 ) ;
#2368 = DIRECTION ( 'NONE',  ( 0.000000000000000000, -0.9914448613738112703, -0.1305261922200449398 ) ) ;
#2369 = CARTESIAN_POINT ( 'NONE',  ( 3.810000000000000053, 2.109999999999999432, 0.9000000000000000222 ) ) ;
#2370 = AXIS2_PLACEMENT_3D ( 'NONE', #1962, #2530, #4958 ) ;
#2371 = ITEM_DEFINED_TRANSFORMATION ( 'NONE', 'NONE', #6007,  #4199 ) ;
#2372 = LINE ( 'NONE', #4645, #3440 ) ;
#2373 = CARTESIAN_POINT ( 'NONE',  ( 2.349999999999999645, 2.309999999999999609, -1.750000000000000000 ) ) ;
#2374 = DIRECTION ( 'NONE',  ( 1.000000000000000000, 0.000000000000000000, -0.000000000000000000 ) ) ;
#2375 = MECHANICAL_DESIGN_GEOMETRIC_PRESENTATION_REPRESENTATION (  '', ( #5240 ), #3569 ) ;
#2376 = PRESENTATION_LAYER_ASSIGNMENT (  '', '', ( #3809 ) ) ;
#2377 = VERTEX_POINT ( 'NONE', #5462 ) ;
#2378 = FILL_AREA_STYLE ('',( #5789 ) ) ;
#2379 = VECTOR ( 'NONE', #1028, 1000.000000000000000 ) ;
#2380 = EDGE_LOOP ( 'NONE', ( #4642, #1751, #5791, #4668 ) ) ;
#2381 = CARTESIAN_POINT ( 'NONE',  ( -2.089999999999999858, 0.1500000000000008271, 3.727162940046487183 ) ) ;
#2382 = FACE_OUTER_BOUND ( 'NONE', #366, .T. ) ;
#2383 = ORIENTED_EDGE ( 'NONE', *, *, #4226, .F. ) ;
#2384 = DIRECTION ( 'NONE',  ( 0.000000000000000000, 0.000000000000000000, 1.000000000000000000 ) ) ;
#2385 = EDGE_CURVE ( 'NONE', #4979, #4552, #1436, .T. ) ;
#2386 = VERTEX_POINT ( 'NONE', #3144 ) ;
#2387 = STYLED_ITEM ( 'NONE', ( #5293 ), #6106 ) ;
#2388 = ORIENTED_EDGE ( 'NONE', *, *, #6523, .F. ) ;
#2389 = MANIFOLD_SOLID_BREP ( 'Pin 4', #761 ) ;
#2390 = VERTEX_POINT ( 'NONE', #2776 ) ;
#2391 = DIRECTION ( 'NONE',  ( -0.000000000000000000, 0.000000000000000000, -1.000000000000000000 ) ) ;
#2392 = DIRECTION ( 'NONE',  ( 0.000000000000000000, 0.000000000000000000, 1.000000000000000000 ) ) ;
#2393 = ADVANCED_FACE ( 'NONE', ( #7359 ), #371, .F. ) ;
#2394 = DIRECTION ( 'NONE',  ( 0.000000000000000000, 0.000000000000000000, -1.000000000000000000 ) ) ;
#2395 =( LENGTH_UNIT ( ) NAMED_UNIT ( * ) SI_UNIT ( .MILLI., .METRE. ) );
#2396 = ORIENTED_EDGE ( 'NONE', *, *, #5641, .F. ) ;
#2397 = APPLICATION_CONTEXT ( 'automotive_design' ) ;
#2398 = ORIENTED_EDGE ( 'NONE', *, *, #3181, .F. ) ;
#2399 = UNCERTAINTY_MEASURE_WITH_UNIT (LENGTH_MEASURE( 1.000000000000000082E-05 ), #2039, 'distance_accuracy_value', 'NONE');
#2400 = SURFACE_SIDE_STYLE ('',( #2955 ) ) ;
#2401 = EDGE_CURVE ( 'NONE', #6859, #5362, #5321, .T. ) ;
#2402 =( GEOMETRIC_REPRESENTATION_CONTEXT ( 3 ) GLOBAL_UNCERTAINTY_ASSIGNED_CONTEXT ( ( #3340 ) ) GLOBAL_UNIT_ASSIGNED_CONTEXT ( ( #1310, #1203, #3056 ) ) REPRESENTATION_CONTEXT ( 'NONE', 'WORKASPACE' ) );
#2403 = CARTESIAN_POINT ( 'NONE',  ( 0.4500000000000002887, 0.9000000000000003553, 3.100000000000000533 ) ) ;
#2404 = EDGE_LOOP ( 'NONE', ( #7312, #6246, #69, #5910 ) ) ;
#2406 = EDGE_LOOP ( 'NONE', ( #5349, #6295, #4977, #1732 ) ) ;
#2405 =( NAMED_UNIT ( * ) PLANE_ANGLE_UNIT ( ) SI_UNIT ( $, .RADIAN. ) );
#2407 = FILL_AREA_STYLE ('',( #4640 ) ) ;
#2408 = ORIENTED_EDGE ( 'NONE', *, *, #7196, .T. ) ;
#2409 = CIRCLE ( 'NONE', #2777, 0.08000000000000020983 ) ;
#2410 = FACE_OUTER_BOUND ( 'NONE', #1350, .T. ) ;
#2411 = DIRECTION ( 'NONE',  ( -1.000000000000000000, -0.000000000000000000, -0.000000000000000000 ) ) ;
#2412 = EDGE_CURVE ( 'NONE', #1931, #2934, #7394, .T. ) ;
#2413 = DIRECTION ( 'NONE',  ( 0.000000000000000000, -1.000000000000000000, -3.045953970873614739E-15 ) ) ;
#2414 = MECHANICAL_DESIGN_GEOMETRIC_PRESENTATION_REPRESENTATION (  '', ( #4557 ), #4801 ) ;
#2415 = CARTESIAN_POINT ( 'NONE',  ( -0.4599999999999996869, 0.000000000000000000, -3.577971487849614274 ) ) ;
#2416 = PLANE ( 'NONE',  #4876 ) ;
#2417 = LINE ( 'NONE', #4688, #738 ) ;
#2418 = PRESENTATION_LAYER_ASSIGNMENT (  '', '', ( #3015 ) ) ;
#2419 =( GEOMETRIC_REPRESENTATION_CONTEXT ( 3 ) GLOBAL_UNCERTAINTY_ASSIGNED_CONTEXT ( ( #1219 ) ) GLOBAL_UNIT_ASSIGNED_CONTEXT ( ( #1965, #5483, #3720 ) ) REPRESENTATION_CONTEXT ( 'NONE', 'WORKASPACE' ) );
#2420 = ORIENTED_EDGE ( 'NONE', *, *, #3708, .T. ) ;
#2421 = LINE ( 'NONE', #137, #5155 ) ;
#2422 = FACE_OUTER_BOUND ( 'NONE', #849, .T. ) ;
#2423 = ORIENTED_EDGE ( 'NONE', *, *, #3580, .F. ) ;
#2424 = CARTESIAN_POINT ( 'NONE',  ( 2.080000000000000071, 0.7459778054016127369, -3.267971487849611556 ) ) ;
#2425 = ORIENTED_EDGE ( 'NONE', *, *, #6449, .T. ) ;
#2426 =( GEOMETRIC_REPRESENTATION_CONTEXT ( 3 ) GLOBAL_UNCERTAINTY_ASSIGNED_CONTEXT ( ( #2625 ) ) GLOBAL_UNIT_ASSIGNED_CONTEXT ( ( #3360, #6908, #615 ) ) REPRESENTATION_CONTEXT ( 'NONE', 'WORKASPACE' ) );
#2427 = VERTEX_POINT ( 'NONE', #591 ) ;
#2428 = ORIENTED_EDGE ( 'NONE', *, *, #3317, .F. ) ;
#2429 = FILL_AREA_STYLE_COLOUR ( '', #5446 ) ;
#2430 = CARTESIAN_POINT ( 'NONE',  ( -0.8199999999999997291, 0.7459778054016127369, -3.267971487849611556 ) ) ;
#2431 = PLANE ( 'NONE',  #2697 ) ;
#2432 = EDGE_CURVE ( 'NONE', #5748, #4316, #5133, .T. ) ;
#2433 = PLANE ( 'NONE',  #5773 ) ;
#2434 = CARTESIAN_POINT ( 'NONE',  ( -3.100000000000000089, 0.4165028980788046953, 3.163653601044189578 ) ) ;
#2435 = ORIENTED_EDGE ( 'NONE', *, *, #6746, .T. ) ;
#2436 = EDGE_CURVE ( 'NONE', #3446, #478, #2244, .T. ) ;
#2437 = ORIENTED_EDGE ( 'NONE', *, *, #3822, .T. ) ;
#2438 =( NAMED_UNIT ( * ) PLANE_ANGLE_UNIT ( ) SI_UNIT ( $, .RADIAN. ) );
#2439 = EDGE_CURVE ( 'NONE', #4351, #4472, #7316, .T. ) ;
#2440 = PLANE ( 'NONE',  #1547 ) ;
#2441 = FACE_OUTER_BOUND ( 'NONE', #5061, .T. ) ;
#2442 = STYLED_ITEM ( 'NONE', ( #4223 ), #2295 ) ;
#2444 = DIRECTION ( 'NONE',  ( -0.000000000000000000, 0.000000000000000000, 1.000000000000000000 ) ) ;
#2443 = CARTESIAN_POINT ( 'NONE',  ( -0.4599999999999996869, 0.7459778054016127369, -3.347971487849612959 ) ) ;
#2445 = DIRECTION ( 'NONE',  ( 0.000000000000000000, 0.000000000000000000, -1.000000000000000000 ) ) ;
#2446 = ADVANCED_FACE ( 'NONE', ( #553 ), #4474, .F. ) ;
#2447 = ORIENTED_EDGE ( 'NONE', *, *, #5610, .F. ) ;
#2448 = ORIENTED_EDGE ( 'NONE', *, *, #3808, .T. ) ;
#2449 = CARTESIAN_POINT ( 'NONE',  ( -1.560000000000000053, 1.909999999999999476, -0.09999999999999961697 ) ) ;
#2450 = COLOUR_RGB ( '',0.2509803921568627416, 0.2509803921568627416, 0.2509803921568627416 ) ;
#2451 = SURFACE_SIDE_STYLE ('',( #754 ) ) ;
#2452 = CARTESIAN_POINT ( 'NONE',  ( 0.4500000000000002887, 0.9759778054016101656, 5.945566943695085866E-16 ) ) ;
#2453 = DIRECTION ( 'NONE',  ( -0.000000000000000000, 0.000000000000000000, 1.000000000000000000 ) ) ;
#2454 = CARTESIAN_POINT ( 'NONE',  ( -1.729999999999999760, 0.000000000000000000, -3.577971487849614274 ) ) ;
#2455 =( GEOMETRIC_REPRESENTATION_CONTEXT ( 3 ) GLOBAL_UNCERTAINTY_ASSIGNED_CONTEXT ( ( #2160 ) ) GLOBAL_UNIT_ASSIGNED_CONTEXT ( ( #490, #3152, #6669 ) ) REPRESENTATION_CONTEXT ( 'NONE', 'WORKASPACE' ) );
#2456 = ADVANCED_FACE ( 'NONE', ( #3961 ), #4588, .T. ) ;
#2457 = EDGE_CURVE ( 'NONE', #1799, #3924, #3412, .T. ) ;
#2458 =( GEOMETRIC_REPRESENTATION_CONTEXT ( 3 ) GLOBAL_UNCERTAINTY_ASSIGNED_CONTEXT ( ( #3882 ) ) GLOBAL_UNIT_ASSIGNED_CONTEXT ( ( #4713, #4152, #5955 ) ) REPRESENTATION_CONTEXT ( 'NONE', 'WORKASPACE' ) );
#2459 =( NAMED_UNIT ( * ) PLANE_ANGLE_UNIT ( ) SI_UNIT ( $, .RADIAN. ) );
#2460 = ORIENTED_EDGE ( 'NONE', *, *, #365, .F. ) ;
#2461 = CARTESIAN_POINT ( 'NONE',  ( 2.080000000000000071, 0.8259778054016116977, 3.267971487849612000 ) ) ;
#2462 = AXIS2_PLACEMENT_3D ( 'NONE', #4850, #878, #6052 ) ;
#2463 = FACE_OUTER_BOUND ( 'NONE', #2619, .T. ) ;
#2464 = ORIENTED_EDGE ( 'NONE', *, *, #2629, .T. ) ;
#2465 = CARTESIAN_POINT ( 'NONE',  ( -1.090000000000000080, 2.109999999999999432, 1.750000000000000000 ) ) ;
#2466 = VERTEX_POINT ( 'NONE', #2846 ) ;
#2467 = CARTESIAN_POINT ( 'NONE',  ( -0.1900000000000000577, 2.309999999999999609, -1.750000000000000000 ) ) ;
#2468 = EDGE_CURVE ( 'NONE', #1539, #1059, #76, .T. ) ;
#2469 = ORIENTED_EDGE ( 'NONE', *, *, #1928, .T. ) ;
#2470 = CIRCLE ( 'NONE', #1168, 0.2300000000000001765 ) ;
#2471 = EDGE_LOOP ( 'NONE', ( #7381, #1034, #6464, #2168 ) ) ;
#2472 = PRESENTATION_STYLE_ASSIGNMENT (( #4587 ) ) ;
#2473 = CARTESIAN_POINT ( 'NONE',  ( 0.8100000000000003864, 0.000000000000000000, -3.347971487849612959 ) ) ;
#2474 = LINE ( 'NONE', #5915, #2051 ) ;
#2475 = ORIENTED_EDGE ( 'NONE', *, *, #1178, .F. ) ;
#2476 = PRODUCT_DEFINITION ( 'UNKNOWN', '', #6122, #5843 ) ;
#2477 = VECTOR ( 'NONE', #1636, 1000.000000000000000 ) ;
#2478 = ORIENTED_EDGE ( 'NONE', *, *, #5041, .T. ) ;
#2479 = DIRECTION ( 'NONE',  ( 0.000000000000000000, -0.000000000000000000, 1.000000000000000000 ) ) ;
#2480 = DIRECTION ( 'NONE',  ( 0.000000000000000000, 1.000000000000000000, -8.405029527513195585E-16 ) ) ;
#2481 = CARTESIAN_POINT ( 'NONE',  ( -1.729999999999999760, 0.7459778054016120707, 3.267971487849611556 ) ) ;
#2482 = DIRECTION ( 'NONE',  ( -1.000000000000000000, -0.000000000000000000, -0.000000000000000000 ) ) ;
#2483 = ORIENTED_EDGE ( 'NONE', *, *, #3708, .F. ) ;
#2484 = AXIS2_PLACEMENT_3D ( 'NONE', #6941, #1812, #6375 ) ;
#2485 = LINE ( 'NONE', #5324, #622 ) ;
#2486 = ADVANCED_FACE ( 'NONE', ( #5762 ), #661, .F. ) ;
#2487 =( NAMED_UNIT ( * ) PLANE_ANGLE_UNIT ( ) SI_UNIT ( $, .RADIAN. ) );
#2488 = CYLINDRICAL_SURFACE ( 'NONE', #2331, 0.08000000000000020983 ) ;
#2489 = DIRECTION ( 'NONE',  ( 0.000000000000000000, -0.000000000000000000, 1.000000000000000000 ) ) ;
#2490 = CARTESIAN_POINT ( 'NONE',  ( -2.360000000000000320, 2.109999999999999432, 1.750000000000000000 ) ) ;
#2491 =( NAMED_UNIT ( * ) SI_UNIT ( $, .STERADIAN. ) SOLID_ANGLE_UNIT ( ) );
#2492 = DIRECTION ( 'NONE',  ( 0.000000000000000000, 0.9659258262890693114, 0.2588190451025172978 ) ) ;
#2493 = AXIS2_PLACEMENT_3D ( 'NONE', #378, #4951, #822 ) ;
#2494 = EDGE_LOOP ( 'NONE', ( #917, #673, #5606, #4105 ) ) ;
#2495 = DIRECTION ( 'NONE',  ( 1.000000000000000000, -0.000000000000000000, -0.000000000000000000 ) ) ;
#2496 = EDGE_CURVE ( 'NONE', #1882, #7121, #4126, .T. ) ;
#2497 = MECHANICAL_DESIGN_GEOMETRIC_PRESENTATION_REPRESENTATION (  '', ( #5366 ), #6918 ) ;
#2498 = CARTESIAN_POINT ( 'NONE',  ( 0.2800000000000003042, 2.109999999999999432, 5.445104244038310610E-16 ) ) ;
#2499 = VERTEX_POINT ( 'NONE', #4111 ) ;
#2500 =( NAMED_UNIT ( * ) PLANE_ANGLE_UNIT ( ) SI_UNIT ( $, .RADIAN. ) );
#2501 = ORIENTED_EDGE ( 'NONE', *, *, #4254, .F. ) ;
#2502 = SHAPE_REPRESENTATION ( 'x-1571983-x_4', ( #4199 ), #60 ) ;
#2503 = DIRECTION ( 'NONE',  ( 0.000000000000000000, -0.000000000000000000, 1.000000000000000000 ) ) ;
#2504 = UNCERTAINTY_MEASURE_WITH_UNIT (LENGTH_MEASURE( 1.000000000000000082E-05 ), #3334, 'distance_accuracy_value', 'NONE');
#2505 = ORIENTED_EDGE ( 'NONE', *, *, #6256, .T. ) ;
#2506 = VERTEX_POINT ( 'NONE', #5200 ) ;
#2507 = COLOUR_RGB ( '',1.000000000000000000, 1.000000000000000000, 1.000000000000000000 ) ;
#2508 =( GEOMETRIC_REPRESENTATION_CONTEXT ( 3 ) GLOBAL_UNCERTAINTY_ASSIGNED_CONTEXT ( ( #1388 ) ) GLOBAL_UNIT_ASSIGNED_CONTEXT ( ( #5492, #6051, #3095 ) ) REPRESENTATION_CONTEXT ( 'NONE', 'WORKASPACE' ) );
#2509 = ORIENTED_EDGE ( 'NONE', *, *, #3469, .T. ) ;
#2510 = CARTESIAN_POINT ( 'NONE',  ( 1.720000000000000195, 0.1704716196264193517, 3.504999999999999893 ) ) ;
#2511 = CARTESIAN_POINT ( 'NONE',  ( 2.080000000000000071, 0.000000000000000000, 0.000000000000000000 ) ) ;
#2512 = EDGE_CURVE ( 'NONE', #3404, #3523, #1322, .T. ) ;
#2513 = DIRECTION ( 'NONE',  ( 0.000000000000000000, 1.000000000000000000, -8.405029527513195585E-16 ) ) ;
#2514 = DIRECTION ( 'NONE',  ( 1.000000000000000000, 0.000000000000000000, 0.000000000000000000 ) ) ;
#2515 = VECTOR ( 'NONE', #5970, 1000.000000000000000 ) ;
#2516 = AXIS2_PLACEMENT_3D ( 'NONE', #6555, #2070, #2143 ) ;
#2517 = ORIENTED_EDGE ( 'NONE', *, *, #6424, .F. ) ;
#2518 = ORIENTED_EDGE ( 'NONE', *, *, #5699, .F. ) ;
#2519 = LINE ( 'NONE', #7087, #1084 ) ;
#2520 =( LENGTH_UNIT ( ) NAMED_UNIT ( * ) SI_UNIT ( .MILLI., .METRE. ) );
#2521 = DIRECTION ( 'NONE',  ( -1.000000000000000000, -0.000000000000000000, -0.000000000000000000 ) ) ;
#2522 =( NAMED_UNIT ( * ) SI_UNIT ( $, .STERADIAN. ) SOLID_ANGLE_UNIT ( ) );
#2523 = EDGE_LOOP ( 'NONE', ( #6805, #6399, #4932, #2420 ) ) ;
#2524 = FACE_OUTER_BOUND ( 'NONE', #3245, .T. ) ;
#2525 = ORIENTED_EDGE ( 'NONE', *, *, #3798, .F. ) ;
#2526 =( NAMED_UNIT ( * ) PLANE_ANGLE_UNIT ( ) SI_UNIT ( $, .RADIAN. ) );
#2527 = DIRECTION ( 'NONE',  ( 0.000000000000000000, 0.000000000000000000, 1.000000000000000000 ) ) ;
#2528 = EDGE_CURVE ( 'NONE', #6689, #3471, #6504, .T. ) ;
#2529 = CARTESIAN_POINT ( 'NONE',  ( -2.089999999999999858, -0.7147114317029787944, -2.667339375865898976 ) ) ;
#2530 = DIRECTION ( 'NONE',  ( 1.000000000000000000, 0.000000000000000000, 0.000000000000000000 ) ) ;
#2531 =( GEOMETRIC_REPRESENTATION_CONTEXT ( 3 ) GLOBAL_UNCERTAINTY_ASSIGNED_CONTEXT ( ( #521 ) ) GLOBAL_UNIT_ASSIGNED_CONTEXT ( ( #1449, #5410, #2535 ) ) REPRESENTATION_CONTEXT ( 'NONE', 'WORKASPACE' ) );
#2532 = CARTESIAN_POINT ( 'NONE',  ( 1.549999999999999822, 1.809999999999999609, -0.9000000000000000222 ) ) ;
#2533 = FACE_BOUND ( 'NONE', #4559, .T. ) ;
#2534 = VECTOR ( 'NONE', #4035, 1000.000000000000000 ) ;
#2535 =( NAMED_UNIT ( * ) SI_UNIT ( $, .STERADIAN. ) SOLID_ANGLE_UNIT ( ) );
#2536 = CLOSED_SHELL ( 'NONE', ( #3283, #6042, #1256, #2224, #5238, #3046, #3762, #2942, #6377, #1218, #7222, #837, #6179, #676, #1593 ) ) ;
#2537 = ADVANCED_FACE ( 'NONE', ( #6922 ), #2431, .T. ) ;
#2538 = DIRECTION ( 'NONE',  ( 0.000000000000000000, 0.000000000000000000, 1.000000000000000000 ) ) ;
#2539 = EDGE_LOOP ( 'NONE', ( #3597, #5864, #3542, #196 ) ) ;
#2540 = LINE ( 'NONE', #6996, #7277 ) ;
#2541 = VECTOR ( 'NONE', #7306, 1000.000000000000000 ) ;
#2542 = VERTEX_POINT ( 'NONE', #4070 ) ;
#2543 = EDGE_CURVE ( 'NONE', #5198, #769, #698, .T. ) ;
#2544 = AXIS2_PLACEMENT_3D ( 'NONE', #6257, #2249, #3419 ) ;
#2545 = ORIENTED_EDGE ( 'NONE', *, *, #6586, .F. ) ;
#2546 = CARTESIAN_POINT ( 'NONE',  ( 1.720000000000000195, 0.1500000000000008271, 3.727162940046487183 ) ) ;
#2547 = DIRECTION ( 'NONE',  ( 0.000000000000000000, 6.091907941747214293E-16, -1.000000000000000000 ) ) ;
#2548 = FACE_OUTER_BOUND ( 'NONE', #5182, .T. ) ;
#2549 = CARTESIAN_POINT ( 'NONE',  ( 0.8100000000000003864, 0.7459778054016128479, -3.497971487849612870 ) ) ;
#2550 = ORIENTED_EDGE ( 'NONE', *, *, #286, .F. ) ;
#2551 = ORIENTED_EDGE ( 'NONE', *, *, #5610, .T. ) ;
#2552 = ADVANCED_FACE ( 'NONE', ( #1253 ), #5352, .F. ) ;
#2553 = VECTOR ( 'NONE', #2577, 1000.000000000000000 ) ;
#2554 = VERTEX_POINT ( 'NONE', #3803 ) ;
#2555 = DIRECTION ( 'NONE',  ( -1.000000000000000000, 0.000000000000000000, 0.000000000000000000 ) ) ;
#2556 = DIRECTION ( 'NONE',  ( 0.000000000000000000, -1.000000000000000000, 0.000000000000000000 ) ) ;
#2557 = STYLED_ITEM ( 'NONE', ( #6447 ), #5216 ) ;
#2558 = PLANE ( 'NONE',  #5965 ) ;
#2559 = LINE ( 'NONE', #821, #2043 ) ;
#2560 =( LENGTH_UNIT ( ) NAMED_UNIT ( * ) SI_UNIT ( .MILLI., .METRE. ) );
#2561 = DIRECTION ( 'NONE',  ( 0.000000000000000000, 0.000000000000000000, -1.000000000000000000 ) ) ;
#2562 = DIRECTION ( 'NONE',  ( 0.000000000000000000, -0.9659258262890670910, 0.2588190451025251804 ) ) ;
#2563 = LINE ( 'NONE', #4799, #98 ) ;
#2564 = AXIS2_PLACEMENT_3D ( 'NONE', #4231, #1300, #1410 ) ;
#2565 = DIRECTION ( 'NONE',  ( 0.000000000000000000, 0.9659258262890693114, 0.2588190451025172978 ) ) ;
#2566 = LINE ( 'NONE', #1922, #729 ) ;
#2567 = ADVANCED_FACE ( 'NONE', ( #5384 ), #1457, .F. ) ;
#2568 = PRESENTATION_STYLE_ASSIGNMENT (( #1754 ) ) ;
#2569 = PLANE ( 'NONE',  #1112 ) ;
#2570 = PRESENTATION_STYLE_ASSIGNMENT (( #5977 ) ) ;
#2571 = FACE_OUTER_BOUND ( 'NONE', #230, .T. ) ;
#2572 = ORIENTED_EDGE ( 'NONE', *, *, #6414, .F. ) ;
#2573 = MECHANICAL_DESIGN_GEOMETRIC_PRESENTATION_REPRESENTATION (  '', ( #4232 ), #1615 ) ;
#2574 = ORIENTED_EDGE ( 'NONE', *, *, #3274, .T. ) ;
#2575 = EDGE_CURVE ( 'NONE', #685, #986, #5451, .T. ) ;
#2576 = EDGE_LOOP ( 'NONE', ( #6203, #6371, #3110, #3692 ) ) ;
#2577 = DIRECTION ( 'NONE',  ( -1.000000000000000000, -0.000000000000000000, -0.000000000000000000 ) ) ;
#2578 =( NAMED_UNIT ( * ) PLANE_ANGLE_UNIT ( ) SI_UNIT ( $, .RADIAN. ) );
#2579 = VERTEX_POINT ( 'NONE', #841 ) ;
#2580 = VERTEX_POINT ( 'NONE', #6018 ) ;
#2581 = ORIENTED_EDGE ( 'NONE', *, *, #4610, .T. ) ;
#2582 = CARTESIAN_POINT ( 'NONE',  ( 2.080000000000000071, 0.1500000000000008271, 3.727162940046487183 ) ) ;
#2583 = ORIENTED_EDGE ( 'NONE', *, *, #134, .T. ) ;
#2584 = STYLED_ITEM ( 'NONE', ( #3256 ), #4577 ) ;
#2585 = PLANE ( 'NONE',  #5731 ) ;
#2586 = FILL_AREA_STYLE_COLOUR ( '', #6516 ) ;
#2587 = SURFACE_STYLE_USAGE ( .BOTH. , #7199 ) ;
#2588 = FILL_AREA_STYLE_COLOUR ( '', #3123 ) ;
#2589 = EDGE_CURVE ( 'NONE', #6431, #3723, #1566, .T. ) ;
#2590 =( NAMED_UNIT ( * ) PLANE_ANGLE_UNIT ( ) SI_UNIT ( $, .RADIAN. ) );
#2591 = PRESENTATION_LAYER_ASSIGNMENT (  '', '', ( #1872 ) ) ;
#2592 = CARTESIAN_POINT ( 'NONE',  ( -2.259999999999999787, 2.310000000000000053, 0.9000000000000003553 ) ) ;
#2593 = CARTESIAN_POINT ( 'NONE',  ( -0.4599999999999996869, 2.350550309948560991E-14, -4.065000000000001279 ) ) ;
#2594 = VECTOR ( 'NONE', #319, 1000.000000000000000 ) ;
#2595 = EDGE_CURVE ( 'NONE', #1490, #5050, #5422, .T. ) ;
#2596 = ORIENTED_EDGE ( 'NONE', *, *, #5096, .F. ) ;
#2597 = LINE ( 'NONE', #4803, #4157 ) ;
#2598 = CARTESIAN_POINT ( 'NONE',  ( -0.4599999999999996869, 0.7459778054016127369, -3.347971487849612959 ) ) ;
#2599 =( GEOMETRIC_REPRESENTATION_CONTEXT ( 3 ) GLOBAL_UNCERTAINTY_ASSIGNED_CONTEXT ( ( #5125 ) ) GLOBAL_UNIT_ASSIGNED_CONTEXT ( ( #1279, #5268, #183 ) ) REPRESENTATION_CONTEXT ( 'NONE', 'WORKASPACE' ) );
#2600 =( NAMED_UNIT ( * ) PLANE_ANGLE_UNIT ( ) SI_UNIT ( $, .RADIAN. ) );
#2601 = CARTESIAN_POINT ( 'NONE',  ( -1.560000000000000053, 1.809999999999999609, -0.9000000000000000222 ) ) ;
#2602 = CARTESIAN_POINT ( 'NONE',  ( -1.729999999999999760, 0.7666833290098139519, 3.345245553952736817 ) ) ;
#2603 = ORIENTED_EDGE ( 'NONE', *, *, #3757, .F. ) ;
#2604 = FILL_AREA_STYLE_COLOUR ( '', #2241 ) ;
#2605 = PRESENTATION_LAYER_ASSIGNMENT (  '', '', ( #1325 ) ) ;
#2606 = DIRECTION ( 'NONE',  ( 0.000000000000000000, -1.000000000000000000, 5.782411586589324901E-15 ) ) ;
#2607 = EDGE_LOOP ( 'NONE', ( #5723, #4288, #2923, #5178 ) ) ;
#2608 = CARTESIAN_POINT ( 'NONE',  ( 0.2800000000000003042, 2.310000000000000053, -0.09999999999999961697 ) ) ;
#2609 = MECHANICAL_DESIGN_GEOMETRIC_PRESENTATION_REPRESENTATION (  '', ( #3329 ), #1478 ) ;
#2610 = DIRECTION ( 'NONE',  ( 0.000000000000000000, 0.000000000000000000, 1.000000000000000000 ) ) ;
#2611 = DIRECTION ( 'NONE',  ( -0.000000000000000000, 1.000000000000000000, -0.000000000000000000 ) ) ;
#2612 = VECTOR ( 'NONE', #7212, 1000.000000000000000 ) ;
#2613 = ORIENTED_EDGE ( 'NONE', *, *, #1911, .F. ) ;
#2614 = EDGE_CURVE ( 'NONE', #1102, #3886, #3204, .T. ) ;
#2615 = VERTEX_POINT ( 'NONE', #330 ) ;
#2616 = PRESENTATION_LAYER_ASSIGNMENT (  '', '', ( #1661 ) ) ;
#2617 = VERTEX_POINT ( 'NONE', #1972 ) ;
#2618 = LINE ( 'NONE', #2021, #5099 ) ;
#2619 = EDGE_LOOP ( 'NONE', ( #2287, #7075, #5312, #2197 ) ) ;
#2620 = LINE ( 'NONE', #4255, #3126 ) ;
#2621 = FILL_AREA_STYLE ('',( #6063 ) ) ;
#2622 = VECTOR ( 'NONE', #322, 1000.000000000000000 ) ;
#2623 = CARTESIAN_POINT ( 'NONE',  ( -2.089999999999999858, 0.8259778054016116977, 3.267971487849612000 ) ) ;
#2624 = PLANE ( 'NONE',  #526 ) ;
#2625 = UNCERTAINTY_MEASURE_WITH_UNIT (LENGTH_MEASURE( 1.000000000000000082E-05 ), #3360, 'distance_accuracy_value', 'NONE');
#2626 = CARTESIAN_POINT ( 'NONE',  ( 2.250000000000000444, 0.000000000000000000, 0.000000000000000000 ) ) ;
#2627 = CARTESIAN_POINT ( 'NONE',  ( -0.8199999999999997291, -2.940055364177525671E-15, -3.497971487849612426 ) ) ;
#2628 = AXIS2_PLACEMENT_3D ( 'NONE', #6628, #3866, #1512 ) ;
#2629 = EDGE_CURVE ( 'NONE', #3696, #5435, #7114, .T. ) ;
#2630 = DIRECTION ( 'NONE',  ( 0.000000000000000000, 0.000000000000000000, 1.000000000000000000 ) ) ;
#2631 = DIRECTION ( 'NONE',  ( 0.000000000000000000, -0.000000000000000000, 1.000000000000000000 ) ) ;
#2632 = CARTESIAN_POINT ( 'NONE',  ( 1.720000000000000195, 0.7459778054016120707, 3.267971487849611556 ) ) ;
#2633 = CARTESIAN_POINT ( 'NONE',  ( -0.9900000000000002132, 1.809999999999999609, -0.9000000000000000222 ) ) ;
#2634 = CARTESIAN_POINT ( 'NONE',  ( 0.4500000000000002887, 0.2092944763917980455, 3.649888873943361478 ) ) ;
#2635 = LINE ( 'NONE', #7255, #3578 ) ;
#2636 = ORIENTED_EDGE ( 'NONE', *, *, #765, .F. ) ;
#2637 = ADVANCED_FACE ( 'NONE', ( #3132 ), #6607, .F. ) ;
#2638 = CARTESIAN_POINT ( 'NONE',  ( -2.259999999999999787, 1.809999999999999609, 0.9000000000000003553 ) ) ;
#2639 = DIRECTION ( 'NONE',  ( -1.000000000000000000, 0.000000000000000000, 0.000000000000000000 ) ) ;
#2640 = AXIS2_PLACEMENT_3D ( 'NONE', #1274, #3581, #2935 ) ;
#2641 =( LENGTH_UNIT ( ) NAMED_UNIT ( * ) SI_UNIT ( .MILLI., .METRE. ) );
#2642 = DIRECTION ( 'NONE',  ( -0.000000000000000000, 0.000000000000000000, 1.000000000000000000 ) ) ;
#2643 = ORIENTED_EDGE ( 'NONE', *, *, #2714, .F. ) ;
#2644 = SURFACE_STYLE_FILL_AREA ( #6533 ) ;
#2645 = VECTOR ( 'NONE', #2999, 1000.000000000000000 ) ;
#2646 = ORIENTED_EDGE ( 'NONE', *, *, #5685, .F. ) ;
#2647 = CLOSED_SHELL ( 'NONE', ( #5896, #452, #918, #3730, #2446, #4856, #385, #5819, #3911, #6086, #715, #3897, #681, #2552, #2355, #4952, #1851, #6821, #1548, #5508, #7377, #1097, #3423, #5499, #4079, #2486, #5727, #213, #3668, #2982, #4864, #6106, #3024, #5920, #6560, #1275, #7155, #3054, #4234, #2878, #432, #3459, #1408, #1370, #723, #2174, #2088, #9, #5152, #3260, #382, #2972 ) ) ;
#2648 = FILL_AREA_STYLE_COLOUR ( '', #5609 ) ;
#2649 = DIRECTION ( 'NONE',  ( -0.000000000000000000, 1.000000000000000000, -0.000000000000000000 ) ) ;
#2650 = FACE_OUTER_BOUND ( 'NONE', #2404, .T. ) ;
#2651 = DIRECTION ( 'NONE',  ( -1.000000000000000000, -0.000000000000000000, 0.000000000000000000 ) ) ;
#2652 = ORIENTED_EDGE ( 'NONE', *, *, #6916, .T. ) ;
#2653 = ORIENTED_EDGE ( 'NONE', *, *, #749, .T. ) ;
#2654 = VECTOR ( 'NONE', #5548, 1000.000000000000000 ) ;
#2655 = ORIENTED_EDGE ( 'NONE', *, *, #1214, .T. ) ;
#2656 = FILL_AREA_STYLE ('',( #404 ) ) ;
#2657 = ORIENTED_EDGE ( 'NONE', *, *, #987, .T. ) ;
#2658 = ADVANCED_FACE ( 'NONE', ( #1492 ), #5493, .T. ) ;
#2659 = DIRECTION ( 'NONE',  ( 0.000000000000000000, -1.000000000000000000, -5.782411586589324901E-15 ) ) ;
#2660 = DIRECTION ( 'NONE',  ( -1.000000000000000000, -0.000000000000000000, -0.000000000000000000 ) ) ;
#2661 = SURFACE_STYLE_FILL_AREA ( #1543 ) ;
#2662 = COLOUR_RGB ( '',0.2509803921568627416, 0.2509803921568627416, 0.2509803921568627416 ) ;
#2664 = CARTESIAN_POINT ( 'NONE',  ( 0.4500000000000002887, -7.047314121155778821E-16, 3.727162940046487183 ) ) ;
#2663 = DIRECTION ( 'NONE',  ( -1.000000000000000000, 0.000000000000000000, 0.000000000000000000 ) ) ;
#2665 = DIRECTION ( 'NONE',  ( 0.000000000000000000, 0.000000000000000000, -1.000000000000000000 ) ) ;
#2666 = STYLED_ITEM ( 'NONE', ( #2320 ), #6821 ) ;
#2667 = VECTOR ( 'NONE', #1085, 1000.000000000000000 ) ;
#2668 = EDGE_CURVE ( 'NONE', #6564, #4286, #397, .T. ) ;
#2669 = DIRECTION ( 'NONE',  ( 0.000000000000000000, 6.091907941747214293E-16, -1.000000000000000000 ) ) ;
#2670 = LINE ( 'NONE', #3784, #3631 ) ;
#2671 = CARTESIAN_POINT ( 'NONE',  ( -1.729999999999999760, 0.7459778054016127369, -3.347971487849612959 ) ) ;
#2672 = DIRECTION ( 'NONE',  ( 0.000000000000000000, 0.000000000000000000, 1.000000000000000000 ) ) ;
#2673 = CARTESIAN_POINT ( 'NONE',  ( 0.4500000000000002887, 0.9759778054016119420, -3.089997332157668808 ) ) ;
#2674 = EDGE_CURVE ( 'NONE', #6801, #5683, #4392, .T. ) ;
#2675 = CARTESIAN_POINT ( 'NONE',  ( 2.250000000000000444, 2.109999999999999432, -0.9000000000000000222 ) ) ;
#2676 = VERTEX_POINT ( 'NONE', #983 ) ;
#2677 = MECHANICAL_DESIGN_GEOMETRIC_PRESENTATION_REPRESENTATION (  '', ( #3983 ), #3416 ) ;
#2678 = SURFACE_STYLE_USAGE ( .BOTH. , #1518 ) ;
#2679 = DIRECTION ( 'NONE',  ( -1.000000000000000000, -0.000000000000000000, -0.000000000000000000 ) ) ;
#2680 = SURFACE_SIDE_STYLE ('',( #428 ) ) ;
#2681 = CARTESIAN_POINT ( 'NONE',  ( 0.8100000000000003864, -0.7147114317029787944, -2.667339375865898976 ) ) ;
#2682 = CARTESIAN_POINT ( 'NONE',  ( -3.100000000000000089, 2.059999999999999165, 3.100000000000000089 ) ) ;
#2683 = EDGE_CURVE ( 'NONE', #2579, #6652, #3248, .T. ) ;
#2684 = EDGE_CURVE ( 'NONE', #5640, #1490, #3838, .T. ) ;
#2685 =( LENGTH_UNIT ( ) NAMED_UNIT ( * ) SI_UNIT ( .MILLI., .METRE. ) );
#2686 =( REPRESENTATION_RELATIONSHIP ('NONE','NONE', #7298, #2502 ) REPRESENTATION_RELATIONSHIP_WITH_TRANSFORMATION ( #2371 )SHAPE_REPRESENTATION_RELATIONSHIP( ) );
#2687 = FILL_AREA_STYLE_COLOUR ( '', #1514 ) ;
#2688 = VERTEX_POINT ( 'NONE', #5600 ) ;
#2689 = CARTESIAN_POINT ( 'NONE',  ( -1.090000000000000080, 2.309999999999999609, 1.750000000000000000 ) ) ;
#2690 = DIRECTION ( 'NONE',  ( -1.000000000000000000, -0.000000000000000000, -0.000000000000000000 ) ) ;
#2691 = VECTOR ( 'NONE', #621, 1000.000000000000000 ) ;
#2692 = DIRECTION ( 'NONE',  ( 0.000000000000000000, -1.000000000000000000, -3.045953970873614739E-15 ) ) ;
#2693 = EDGE_CURVE ( 'NONE', #2377, #1025, #1019, .T. ) ;
#2694 = ORIENTED_EDGE ( 'NONE', *, *, #3001, .F. ) ;
#2695 = VERTEX_POINT ( 'NONE', #3987 ) ;
#2696 = VECTOR ( 'NONE', #5401, 1000.000000000000227 ) ;
#2697 = AXIS2_PLACEMENT_3D ( 'NONE', #2511, #2352, #7002 ) ;
#2698 = ORIENTED_EDGE ( 'NONE', *, *, #6769, .T. ) ;
#2699 = DIRECTION ( 'NONE',  ( 1.000000000000000000, 0.000000000000000000, 0.000000000000000000 ) ) ;
#2700 = EDGE_LOOP ( 'NONE', ( #3339, #88, #7078, #4046 ) ) ;
#2701 = PLANE ( 'NONE',  #4400 ) ;
#2702 = LINE ( 'NONE', #2737, #3053 ) ;
#2703 = DIRECTION ( 'NONE',  ( 0.000000000000000000, 0.000000000000000000, 1.000000000000000000 ) ) ;
#2704 = DIRECTION ( 'NONE',  ( -0.000000000000000000, 1.000000000000000000, -0.000000000000000000 ) ) ;
#2706 = CARTESIAN_POINT ( 'NONE',  ( -1.560000000000000053, 1.909999999999999476, -0.8999999999999995781 ) ) ;
#2705 = CARTESIAN_POINT ( 'NONE',  ( -1.729999999999999760, 0.8259778054016098103, 4.768369914788500505E-16 ) ) ;
#2707 = SURFACE_SIDE_STYLE ('',( #4794 ) ) ;
#2708 = VECTOR ( 'NONE', #6316, 1000.000000000000000 ) ;
#2709 = LINE ( 'NONE', #3864, #7207 ) ;
#2710 =( LENGTH_UNIT ( ) NAMED_UNIT ( * ) SI_UNIT ( .MILLI., .METRE. ) );
#2711 = FACE_OUTER_BOUND ( 'NONE', #2808, .T. ) ;
#2712 = CARTESIAN_POINT ( 'NONE',  ( 1.550000000000000266, 2.310000000000000053, -0.09999999999999961697 ) ) ;
#2713 = STYLED_ITEM ( 'NONE', ( #4653 ), #3897 ) ;
#2714 = EDGE_CURVE ( 'NONE', #974, #3508, #7382, .T. ) ;
#2715 =( NAMED_UNIT ( * ) PLANE_ANGLE_UNIT ( ) SI_UNIT ( $, .RADIAN. ) );
#2716 = ORIENTED_EDGE ( 'NONE', *, *, #3530, .F. ) ;
#2717 = PRESENTATION_STYLE_ASSIGNMENT (( #463 ) ) ;
#2718 = DIRECTION ( 'NONE',  ( -1.000000000000000000, -0.000000000000000000, -0.000000000000000000 ) ) ;
#2719 =( NAMED_UNIT ( * ) PLANE_ANGLE_UNIT ( ) SI_UNIT ( $, .RADIAN. ) );
#2720 =( NAMED_UNIT ( * ) PLANE_ANGLE_UNIT ( ) SI_UNIT ( $, .RADIAN. ) );
#2721 =( NAMED_UNIT ( * ) PLANE_ANGLE_UNIT ( ) SI_UNIT ( $, .RADIAN. ) );
#2722 = PRESENTATION_LAYER_ASSIGNMENT (  '', '', ( #2358 ) ) ;
#2723 = EDGE_CURVE ( 'NONE', #2202, #4552, #4238, .T. ) ;
#2724 = ORIENTED_EDGE ( 'NONE', *, *, #2267, .F. ) ;
#2725 = DIRECTION ( 'NONE',  ( 0.000000000000000000, -1.000000000000000000, 0.000000000000000000 ) ) ;
#2726 =( LENGTH_UNIT ( ) NAMED_UNIT ( * ) SI_UNIT ( .MILLI., .METRE. ) );
#2727 = VERTEX_POINT ( 'NONE', #5008 ) ;
#2728 = ORIENTED_EDGE ( 'NONE', *, *, #6965, .T. ) ;
#2729 =( GEOMETRIC_REPRESENTATION_CONTEXT ( 3 ) GLOBAL_UNCERTAINTY_ASSIGNED_CONTEXT ( ( #3406 ) ) GLOBAL_UNIT_ASSIGNED_CONTEXT ( ( #4985, #999, #7282 ) ) REPRESENTATION_CONTEXT ( 'NONE', 'WORKASPACE' ) );
#2730 = ORIENTED_EDGE ( 'NONE', *, *, #512, .F. ) ;
#2731 = EDGE_CURVE ( 'NONE', #239, #835, #3421, .T. ) ;
#2732 = ORIENTED_EDGE ( 'NONE', *, *, #6406, .F. ) ;
#2733 = LINE ( 'NONE', #1142, #2340 ) ;
#2734 = ORIENTED_EDGE ( 'NONE', *, *, #2898, .F. ) ;
#2735 = PLANE ( 'NONE',  #4276 ) ;
#2736 = VECTOR ( 'NONE', #7217, 1000.000000000000000 ) ;
#2737 = CARTESIAN_POINT ( 'NONE',  ( 1.720000000000000195, 0.2092944763917980455, 3.649888873943361478 ) ) ;
#2738 = LINE ( 'NONE', #4476, #660 ) ;
#2739 =( NAMED_UNIT ( * ) SI_UNIT ( $, .STERADIAN. ) SOLID_ANGLE_UNIT ( ) );
#2740 = VECTOR ( 'NONE', #5247, 1000.000000000000000 ) ;
#2741 = DIRECTION ( 'NONE',  ( -0.000000000000000000, 1.000000000000000000, -0.000000000000000000 ) ) ;
#2742 = ORIENTED_EDGE ( 'NONE', *, *, #5310, .T. ) ;
#2743 = UNCERTAINTY_MEASURE_WITH_UNIT (LENGTH_MEASURE( 1.000000000000000082E-05 ), #4385, 'distance_accuracy_value', 'NONE');
#2744 = PRESENTATION_LAYER_ASSIGNMENT (  '', '', ( #6320 ) ) ;
#2745 = CARTESIAN_POINT ( 'NONE',  ( 0.9800000000000002043, 1.909999999999999476, -0.09999999999999961697 ) ) ;
#2746 = COLOUR_RGB ( '',1.000000000000000000, 1.000000000000000000, 1.000000000000000000 ) ;
#2747 = PLANE ( 'NONE',  #1431 ) ;
#2748 = DIRECTION ( 'NONE',  ( 0.000000000000000000, -0.000000000000000000, -1.000000000000000000 ) ) ;
#2749 = LINE ( 'NONE', #2712, #2969 ) ;
#2750 = AXIS2_PLACEMENT_3D ( 'NONE', #6442, #5776, #1226 ) ;
#2751 = CARTESIAN_POINT ( 'NONE',  ( 2.080000000000000071, 0.1500000000000008271, 4.065000000000000391 ) ) ;
#2752 = PRESENTATION_LAYER_ASSIGNMENT (  '', '', ( #5490 ) ) ;
#2753 = ORIENTED_EDGE ( 'NONE', *, *, #93, .F. ) ;
#2754 = DIRECTION ( 'NONE',  ( 1.000000000000000000, 0.000000000000000000, -0.000000000000000000 ) ) ;
#2755 = LINE ( 'NONE', #7336, #7166 ) ;
#2756 = EDGE_CURVE ( 'NONE', #1537, #7107, #1134, .T. ) ;
#2757 = CARTESIAN_POINT ( 'NONE',  ( -0.1899999999999998357, 2.109999999999999432, 1.750000000000000000 ) ) ;
#2758 = FILL_AREA_STYLE_COLOUR ( '', #3068 ) ;
#2759 = PRODUCT ( 'TE-1571983-4pole', 'TE-1571983-4pole', '', ( #5256 ) ) ;
#2760 = SURFACE_STYLE_FILL_AREA ( #3359 ) ;
#2761 = EDGE_CURVE ( 'NONE', #4530, #3737, #2800, .T. ) ;
#2762 = ORIENTED_EDGE ( 'NONE', *, *, #1498, .T. ) ;
#2763 = CIRCLE ( 'NONE', #2038, 0.08000000000000020983 ) ;
#2764 = EDGE_CURVE ( 'NONE', #693, #4351, #3057, .T. ) ;
#2765 = CARTESIAN_POINT ( 'NONE',  ( -0.2899999999999998690, 2.310000000000000053, -0.09999999999999961697 ) ) ;
#2766 = UNCERTAINTY_MEASURE_WITH_UNIT (LENGTH_MEASURE( 1.000000000000000082E-05 ), #2520, 'distance_accuracy_value', 'NONE');
#2767 = LINE ( 'NONE', #7348, #4087 ) ;
#2768 = DIRECTION ( 'NONE',  ( 1.000000000000000000, 0.000000000000000000, 0.000000000000000000 ) ) ;
#2769 = ORIENTED_EDGE ( 'NONE', *, *, #2468, .T. ) ;
#2770 = ORIENTED_EDGE ( 'NONE', *, *, #6960, .T. ) ;
#2771 = EDGE_CURVE ( 'NONE', #4212, #601, #5081, .T. ) ;
#2772 = ORIENTED_EDGE ( 'NONE', *, *, #1977, .T. ) ;
#2773 = VERTEX_POINT ( 'NONE', #4463 ) ;
#2774 = DIRECTION ( 'NONE',  ( 0.000000000000000000, -0.1305261922200433300, 0.9914448613738116034 ) ) ;
#2775 = FACE_OUTER_BOUND ( 'NONE', #1979, .T. ) ;
#2776 = CARTESIAN_POINT ( 'NONE',  ( 0.4500000000000002887, 0.8259778054016115867, -3.080165812735382591 ) ) ;
#2777 = AXIS2_PLACEMENT_3D ( 'NONE', #2173, #4438, #6740 ) ;
#2778 = DIRECTION ( 'NONE',  ( 1.000000000000000000, -0.000000000000000000, -0.000000000000000000 ) ) ;
#2779 = DIRECTION ( 'NONE',  ( 0.000000000000000000, 0.000000000000000000, 1.000000000000000000 ) ) ;
#2780 = AXIS2_PLACEMENT_3D ( 'NONE', #3524, #6968, #5808 ) ;
#2781 = SURFACE_STYLE_USAGE ( .BOTH. , #5060 ) ;
#2782 = ADVANCED_FACE ( 'NONE', ( #3880 ), #580, .T. ) ;
#2783 = ORIENTED_EDGE ( 'NONE', *, *, #6916, .F. ) ;
#2784 = VECTOR ( 'NONE', #6650, 1000.000000000000000 ) ;
#2785 = STYLED_ITEM ( 'NONE', ( #5264 ), #7232 ) ;
#2786 = COLOUR_RGB ( '',0.2509803921568627416, 0.2509803921568627416, 0.2509803921568627416 ) ;
#2787 = DIRECTION ( 'NONE',  ( 0.000000000000000000, 1.204669080539449590E-16, 1.000000000000000000 ) ) ;
#2788 = DIRECTION ( 'NONE',  ( 0.000000000000000000, 0.000000000000000000, 1.000000000000000000 ) ) ;
#2789 = DIRECTION ( 'NONE',  ( 0.000000000000000000, 0.000000000000000000, -1.000000000000000000 ) ) ;
#2790 = CARTESIAN_POINT ( 'NONE',  ( -0.9899999999999997691, 2.310000000000000053, 0.9000000000000003553 ) ) ;
#2792 = ORIENTED_EDGE ( 'NONE', *, *, #334, .F. ) ;
#2791 = DIRECTION ( 'NONE',  ( -1.000000000000000000, -0.000000000000000000, -0.000000000000000000 ) ) ;
#2793 = VERTEX_POINT ( 'NONE', #4423 ) ;
#2794 = AXIS2_PLACEMENT_3D ( 'NONE', #6800, #5680, #4424 ) ;
#2795 = LINE ( 'NONE', #2827, #3393 ) ;
#2796 = DIRECTION ( 'NONE',  ( -1.000000000000000000, -0.000000000000000000, -0.000000000000000000 ) ) ;
#2797 = EDGE_CURVE ( 'NONE', #1150, #255, #6163, .T. ) ;
#2798 = SURFACE_STYLE_FILL_AREA ( #1631 ) ;
#2799 = ORIENTED_EDGE ( 'NONE', *, *, #6150, .T. ) ;
#2800 = LINE ( 'NONE', #65, #6282 ) ;
#2801 = CARTESIAN_POINT ( 'NONE',  ( -3.100000000000000089, 0.1000000000000000472, 0.000000000000000000 ) ) ;
#2802 = FACE_OUTER_BOUND ( 'NONE', #2523, .T. ) ;
#2803 = ORIENTED_EDGE ( 'NONE', *, *, #7254, .F. ) ;
#2804 = ORIENTED_EDGE ( 'NONE', *, *, #3228, .F. ) ;
#2805 = UNCERTAINTY_MEASURE_WITH_UNIT (LENGTH_MEASURE( 1.000000000000000082E-05 ), #7183, 'distance_accuracy_value', 'NONE');
#2806 = EDGE_CURVE ( 'NONE', #5362, #6701, #2836, .T. ) ;
#2807 = EDGE_LOOP ( 'NONE', ( #4003, #778, #4008, #2206 ) ) ;
#2808 = EDGE_LOOP ( 'NONE', ( #2960, #6050, #6734, #4184 ) ) ;
#2809 =( GEOMETRIC_REPRESENTATION_CONTEXT ( 3 ) GLOBAL_UNCERTAINTY_ASSIGNED_CONTEXT ( ( #1154 ) ) GLOBAL_UNIT_ASSIGNED_CONTEXT ( ( #4121, #2405, #1729 ) ) REPRESENTATION_CONTEXT ( 'NONE', 'WORKASPACE' ) );
#2810 = DIRECTION ( 'NONE',  ( 0.000000000000000000, -0.9659258262890693114, -0.2588190451025172978 ) ) ;
#2811 = DIRECTION ( 'NONE',  ( 0.000000000000000000, -6.091907941747214293E-16, 1.000000000000000000 ) ) ;
#2812 = CARTESIAN_POINT ( 'NONE',  ( 0.8100000000000003864, 0.8259778054016116977, 3.267971487849612000 ) ) ;
#2813 = DIRECTION ( 'NONE',  ( -1.000000000000000000, -0.000000000000000000, -0.000000000000000000 ) ) ;
#2814 = FILL_AREA_STYLE_COLOUR ( '', #5598 ) ;
#2815 = ORIENTED_EDGE ( 'NONE', *, *, #164, .T. ) ;
#2816 = LINE ( 'NONE', #5697, #4926 ) ;
#2817 = DIRECTION ( 'NONE',  ( 0.000000000000000000, -2.226157494760227923E-16, -1.000000000000000000 ) ) ;
#2818 = EDGE_CURVE ( 'NONE', #5323, #7045, #617, .T. ) ;
#2819 = AXIS2_PLACEMENT_3D ( 'NONE', #5577, #482, #7123 ) ;
#2820 = CARTESIAN_POINT ( 'NONE',  ( 0.8100000000000003864, -7.047314121155778821E-16, 3.727162940046487183 ) ) ;
#2821 = CARTESIAN_POINT ( 'NONE',  ( -2.089999999999999858, 0.2299999999999996214, -3.577971487849614274 ) ) ;
#2822 = EDGE_CURVE ( 'NONE', #5426, #7107, #1633, .T. ) ;
#2823 = ORIENTED_EDGE ( 'NONE', *, *, #3370, .F. ) ;
#2824 = DIRECTION ( 'NONE',  ( 0.000000000000000000, -0.9659258262890670910, 0.2588190451025250138 ) ) ;
#2825 = AXIS2_PLACEMENT_3D ( 'NONE', #1775, #3012, #5295 ) ;
#2826 = ORIENTED_EDGE ( 'NONE', *, *, #1582, .T. ) ;
#2827 = CARTESIAN_POINT ( 'NONE',  ( 0.2800000000000003042, 1.809999999999999609, 0.9000000000000000222 ) ) ;
#2828 = DIRECTION ( 'NONE',  ( 0.000000000000000000, -1.000000000000000000, -5.782411586589324901E-15 ) ) ;
#2829 = ADVANCED_FACE ( 'NONE', ( #5156 ), #3916, .F. ) ;
#2830 = LINE ( 'NONE', #6826, #1909 ) ;
#2831 = CARTESIAN_POINT ( 'NONE',  ( 0.4500000000000002887, 0.8055061857751930621, 3.490134427896098401 ) ) ;
#2832 =( NAMED_UNIT ( * ) PLANE_ANGLE_UNIT ( ) SI_UNIT ( $, .RADIAN. ) );
#2833 = STYLED_ITEM ( 'NONE', ( #4415 ), #4001 ) ;
#2834 = SURFACE_SIDE_STYLE ('',( #2798 ) ) ;
#2835 = ORIENTED_EDGE ( 'NONE', *, *, #7126, .T. ) ;
#2836 = LINE ( 'NONE', #2233, #1450 ) ;
#2837 = CARTESIAN_POINT ( 'NONE',  ( 1.550000000000000266, 2.310000000000000053, 0.9000000000000003553 ) ) ;
#2838 = CARTESIAN_POINT ( 'NONE',  ( 1.720000000000000195, 0.4165028980787994772, -3.163653601044189134 ) ) ;
#2839 = VERTEX_POINT ( 'NONE', #4500 ) ;
#2840 = AXIS2_PLACEMENT_3D ( 'NONE', #4380, #7328, #5105 ) ;
#2841 = VERTEX_POINT ( 'NONE', #506 ) ;
#2842 = EDGE_LOOP ( 'NONE', ( #2694, #101, #6511, #3369 ) ) ;
#2843 = ORIENTED_EDGE ( 'NONE', *, *, #671, .T. ) ;
#2844 = CARTESIAN_POINT ( 'NONE',  ( -2.089999999999999858, 0.7459778054016127369, -3.267971487849611556 ) ) ;
#2845 = DIRECTION ( 'NONE',  ( 0.000000000000000000, -2.226157494760227923E-16, -1.000000000000000000 ) ) ;
#2846 = CARTESIAN_POINT ( 'NONE',  ( 0.4500000000000002887, 0.8259778054016116977, -3.267971487849612000 ) ) ;
#2847 = EDGE_CURVE ( 'NONE', #6535, #670, #2307, .T. ) ;
#2848 = LINE ( 'NONE', #5024, #5895 ) ;
#2849 = CARTESIAN_POINT ( 'NONE',  ( 2.080000000000000071, 0.000000000000000000, 4.065000000000001279 ) ) ;
#2850 = ORIENTED_EDGE ( 'NONE', *, *, #3750, .F. ) ;
#2851 = VECTOR ( 'NONE', #3781, 1000.000000000000000 ) ;
#2852 = CARTESIAN_POINT ( 'NONE',  ( -0.4599999999999996869, 0.2299999999999995104, -3.347971487849612959 ) ) ;
#2853 = DIRECTION ( 'NONE',  ( 0.000000000000000000, -0.000000000000000000, -1.000000000000000000 ) ) ;
#2854 = AXIS2_PLACEMENT_3D ( 'NONE', #5735, #3900, #5621 ) ;
#2856 = VERTEX_POINT ( 'NONE', #3436 ) ;
#2855 = DIRECTION ( 'NONE',  ( -0.000000000000000000, 1.000000000000000000, -0.000000000000000000 ) ) ;
#2857 = EDGE_CURVE ( 'NONE', #3723, #3191, #5714, .T. ) ;
#2858 = ORIENTED_EDGE ( 'NONE', *, *, #3001, .T. ) ;
#2859 = CARTESIAN_POINT ( 'NONE',  ( 0.8100000000000003864, 0.2300000000000000655, 3.727162940046486739 ) ) ;
#2860 =( NAMED_UNIT ( * ) SI_UNIT ( $, .STERADIAN. ) SOLID_ANGLE_UNIT ( ) );
#2861 = PLANE ( 'NONE',  #7056 ) ;
#2862 = CARTESIAN_POINT ( 'NONE',  ( -2.259999999999999787, 0.000000000000000000, 0.000000000000000000 ) ) ;
#2863 = COLOUR_RGB ( '',0.2509803921568627416, 0.2509803921568627416, 0.2509803921568627416 ) ;
#2864 = FACE_OUTER_BOUND ( 'NONE', #1179, .T. ) ;
#2865 = ADVANCED_FACE ( 'NONE', ( #6876 ), #1744, .T. ) ;
#2866 = ORIENTED_EDGE ( 'NONE', *, *, #3986, .F. ) ;
#2867 = CARTESIAN_POINT ( 'NONE',  ( 0.8100000000000003864, 0.000000000000000000, -3.347971487849612959 ) ) ;
#2868 = DIRECTION ( 'NONE',  ( 0.000000000000000000, 2.309200021407363875E-15, -1.000000000000000000 ) ) ;
#2869 = VERTEX_POINT ( 'NONE', #6416 ) ;
#2870 = EDGE_LOOP ( 'NONE', ( #2646, #6011, #4177, #5687 ) ) ;
#2871 = CARTESIAN_POINT ( 'NONE',  ( -2.089999999999999858, 0.4165028980787994772, -3.163653601044189134 ) ) ;
#2872 = ORIENTED_EDGE ( 'NONE', *, *, #6321, .F. ) ;
#2873 = ORIENTED_EDGE ( 'NONE', *, *, #6189, .F. ) ;
#2874 = CARTESIAN_POINT ( 'NONE',  ( -1.560000000000000053, 2.310000000000000053, -0.09999999999999961697 ) ) ;
#2875 = LINE ( 'NONE', #5728, #3976 ) ;
#2876 = VECTOR ( 'NONE', #4061, 1000.000000000000000 ) ;
#2877 = ORIENTED_EDGE ( 'NONE', *, *, #2072, .T. ) ;
#2878 = ADVANCED_FACE ( 'NONE', ( #4612 ), #6344, .F. ) ;
#2879 = CLOSED_SHELL ( 'NONE', ( #5067, #5840, #5959, #1148, #2886, #5962, #4289, #7246, #4919, #6629, #6101, #1880, #492, #1629, #4871 ) ) ;
#2880 =( NAMED_UNIT ( * ) PLANE_ANGLE_UNIT ( ) SI_UNIT ( $, .RADIAN. ) );
#2881 = ORIENTED_EDGE ( 'NONE', *, *, #2110, .F. ) ;
#2882 = VERTEX_POINT ( 'NONE', #2899 ) ;
#2883 = SURFACE_SIDE_STYLE ('',( #1807 ) ) ;
#2884 = PRESENTATION_LAYER_ASSIGNMENT (  '', '', ( #6118 ) ) ;
#2885 = ORIENTED_EDGE ( 'NONE', *, *, #1703, .T. ) ;
#2886 = ADVANCED_FACE ( 'NONE', ( #5338 ), #4772, .T. ) ;
#2887 = UNCERTAINTY_MEASURE_WITH_UNIT (LENGTH_MEASURE( 1.000000000000000082E-05 ), #2117, 'distance_accuracy_value', 'NONE');
#2888 = MECHANICAL_DESIGN_GEOMETRIC_PRESENTATION_REPRESENTATION (  '', ( #187 ), #6719 ) ;
#2889 = CARTESIAN_POINT ( 'NONE',  ( 2.250000000000000444, 1.809999999999999609, 0.9000000000000003553 ) ) ;
#2890 = FACE_OUTER_BOUND ( 'NONE', #364, .T. ) ;
#2891 = DIRECTION ( 'NONE',  ( 0.000000000000000000, 0.9659258262890670910, -0.2588190451025251249 ) ) ;
#2892 = CYLINDRICAL_SURFACE ( 'NONE', #3171, 0.08000000000000020983 ) ;
#2893 = FACE_OUTER_BOUND ( 'NONE', #1713, .T. ) ;
#2894 = LINE ( 'NONE', #5674, #5607 ) ;
#2895 = VECTOR ( 'NONE', #2089, 1000.000000000000000 ) ;
#2896 =( NAMED_UNIT ( * ) SI_UNIT ( $, .STERADIAN. ) SOLID_ANGLE_UNIT ( ) );
#2897 = ORIENTED_EDGE ( 'NONE', *, *, #6731, .F. ) ;
#2898 = EDGE_CURVE ( 'NONE', #3174, #5496, #254, .T. ) ;
#2899 = CARTESIAN_POINT ( 'NONE',  ( -0.8199999999999997291, 0.8259778054016121418, 3.080165812735383035 ) ) ;
#2900 = EDGE_CURVE ( 'NONE', #6859, #1970, #2421, .T. ) ;
#2901 = FILL_AREA_STYLE ('',( #4135 ) ) ;
#2902 = VERTEX_POINT ( 'NONE', #215 ) ;
#2903 = CARTESIAN_POINT ( 'NONE',  ( -0.9899999999999997691, 2.310000000000000053, 0.9000000000000003553 ) ) ;
#2904 = VECTOR ( 'NONE', #5792, 1000.000000000000000 ) ;
#2905 = ORIENTED_EDGE ( 'NONE', *, *, #1415, .F. ) ;
#2906 = CARTESIAN_POINT ( 'NONE',  ( -0.4599999999999996869, 0.000000000000000000, 0.000000000000000000 ) ) ;
#2907 = ORIENTED_EDGE ( 'NONE', *, *, #18, .T. ) ;
#2908 = VERTEX_POINT ( 'NONE', #6455 ) ;
#2909 = FILL_AREA_STYLE ('',( #6958 ) ) ;
#2910 =( NAMED_UNIT ( * ) SI_UNIT ( $, .STERADIAN. ) SOLID_ANGLE_UNIT ( ) );
#2911 = DIRECTION ( 'NONE',  ( 0.000000000000000000, 0.9659258262890698665, 0.2588190451025146888 ) ) ;
#2912 = EDGE_CURVE ( 'NONE', #2902, #1715, #4693, .T. ) ;
#2913 = CARTESIAN_POINT ( 'NONE',  ( -1.560000000000000053, 0.000000000000000000, 0.000000000000000000 ) ) ;
#2914 = CARTESIAN_POINT ( 'NONE',  ( 3.100000000000000089, 2.059999999999999165, 2.947283102798628374 ) ) ;
#2915 = VERTEX_POINT ( 'NONE', #5190 ) ;
#2916 = VERTEX_POINT ( 'NONE', #2461 ) ;
#2917 = FILL_AREA_STYLE ('',( #2181 ) ) ;
#2918 = DIRECTION ( 'NONE',  ( 0.000000000000000000, -1.000000000000000000, 0.000000000000000000 ) ) ;
#2919 = LINE ( 'NONE', #2360, #7198 ) ;
#2921 = EDGE_LOOP ( 'NONE', ( #4140, #1389, #4657, #5126, #6240, #2885 ) ) ;
#2920 = FILL_AREA_STYLE_COLOUR ( '', #6430 ) ;
#2922 = DIRECTION ( 'NONE',  ( 0.000000000000000000, 1.000000000000000000, -2.226157494760227923E-16 ) ) ;
#2923 = ORIENTED_EDGE ( 'NONE', *, *, #6644, .T. ) ;
#2924 = AXIS2_PLACEMENT_3D ( 'NONE', #6138, #6618, #7240 ) ;
#2925 = FACE_OUTER_BOUND ( 'NONE', #5759, .T. ) ;
#2926 = DIRECTION ( 'NONE',  ( 0.000000000000000000, -1.694065894508596142E-15, 1.000000000000000000 ) ) ;
#2927 = FILL_AREA_STYLE_COLOUR ( '', #2863 ) ;
#2928 = EDGE_CURVE ( 'NONE', #2542, #5646, #99, .T. ) ;
#2929 = DIRECTION ( 'NONE',  ( -0.000000000000000000, -1.000000000000000000, -0.000000000000000000 ) ) ;
#2930 = PRESENTATION_LAYER_ASSIGNMENT (  '', '', ( #108 ) ) ;
#2931 = SURFACE_SIDE_STYLE ('',( #5785 ) ) ;
#2932 = CIRCLE ( 'NONE', #2105, 0.07999999999999977962 ) ;
#2933 = PLANE ( 'NONE',  #896 ) ;
#2934 = VERTEX_POINT ( 'NONE', #1345 ) ;
#2935 = DIRECTION ( 'NONE',  ( 0.000000000000000000, 0.000000000000000000, 1.000000000000000000 ) ) ;
#2936 = LINE ( 'NONE', #2381, #2057 ) ;
#2937 = CARTESIAN_POINT ( 'NONE',  ( 2.080000000000000071, 0.8259778054016098103, 4.768369914788500505E-16 ) ) ;
#2938 = ORIENTED_EDGE ( 'NONE', *, *, #3856, .F. ) ;
#2939 = DIRECTION ( 'NONE',  ( 1.000000000000000000, -0.000000000000000000, -0.000000000000000000 ) ) ;
#2940 = VECTOR ( 'NONE', #4696, 1000.000000000000227 ) ;
#2941 = ORIENTED_EDGE ( 'NONE', *, *, #6057, .F. ) ;
#2942 = ADVANCED_FACE ( 'NONE', ( #5751 ), #3614, .T. ) ;
#2943 = VERTEX_POINT ( 'NONE', #4025 ) ;
#2944 = ORIENTED_EDGE ( 'NONE', *, *, #6608, .T. ) ;
#2945 = LINE ( 'NONE', #734, #6048 ) ;
#2946 = CARTESIAN_POINT ( 'NONE',  ( 0.2800000000000003042, 0.000000000000000000, 0.000000000000000000 ) ) ;
#2948 = FILL_AREA_STYLE ('',( #1867 ) ) ;
#2947 =( GEOMETRIC_REPRESENTATION_CONTEXT ( 3 ) GLOBAL_UNCERTAINTY_ASSIGNED_CONTEXT ( ( #6066 ) ) GLOBAL_UNIT_ASSIGNED_CONTEXT ( ( #3234, #2073, #7252 ) ) REPRESENTATION_CONTEXT ( 'NONE', 'WORKASPACE' ) );
#2949 = CARTESIAN_POINT ( 'NONE',  ( 0.9800000000000002043, 2.310000000000000053, 0.9000000000000003553 ) ) ;
#2950 = LINE ( 'NONE', #4820, #1239 ) ;
#2951 = EDGE_LOOP ( 'NONE', ( #6445, #7033, #1401, #358 ) ) ;
#2952 = EDGE_CURVE ( 'NONE', #4132, #4031, #6946, .T. ) ;
#2953 = STYLED_ITEM ( 'NONE', ( #2004 ), #715 ) ;
#2954 = ORIENTED_EDGE ( 'NONE', *, *, #50, .F. ) ;
#2955 = SURFACE_STYLE_FILL_AREA ( #2917 ) ;
#2956 = SURFACE_SIDE_STYLE ('',( #3561 ) ) ;
#2957 = CARTESIAN_POINT ( 'NONE',  ( -0.8199999999999997291, 0.8999999999999998002, -3.100000000000000089 ) ) ;
#2958 = CARTESIAN_POINT ( 'NONE',  ( -3.100000000000000089, 2.059999999999999165, 2.399999999999999911 ) ) ;
#2959 = ORIENTED_EDGE ( 'NONE', *, *, #3570, .T. ) ;
#2960 = ORIENTED_EDGE ( 'NONE', *, *, #1788, .F. ) ;
#2961 = VECTOR ( 'NONE', #3013, 1000.000000000000000 ) ;
#2962 = EDGE_LOOP ( 'NONE', ( #4729, #5085, #1819, #28, #5262, #4590, #702, #4814 ) ) ;
#2963 =( LENGTH_UNIT ( ) NAMED_UNIT ( * ) SI_UNIT ( .MILLI., .METRE. ) );
#2964 = LINE ( 'NONE', #3048, #3293 ) ;
#2965 = PRESENTATION_LAYER_ASSIGNMENT (  '', '', ( #3329 ) ) ;
#2966 = FACE_OUTER_BOUND ( 'NONE', #486, .T. ) ;
#2967 = AXIS2_PLACEMENT_3D ( 'NONE', #2151, #7179, #3874 ) ;
#2968 = FILL_AREA_STYLE ('',( #5898 ) ) ;
#2969 = VECTOR ( 'NONE', #7329, 1000.000000000000000 ) ;
#2970 = CARTESIAN_POINT ( 'NONE',  ( -2.089999999999999858, 0.2300000000000000655, 3.727162940046486739 ) ) ;
#2971 = CIRCLE ( 'NONE', #502, 0.2300000000000005929 ) ;
#2972 = ADVANCED_FACE ( 'NONE', ( #1243 ), #3509, .T. ) ;
#2973 = DIRECTION ( 'NONE',  ( 0.000000000000000000, -0.000000000000000000, -1.000000000000000000 ) ) ;
#2974 =( GEOMETRIC_REPRESENTATION_CONTEXT ( 3 ) GLOBAL_UNCERTAINTY_ASSIGNED_CONTEXT ( ( #4505 ) ) GLOBAL_UNIT_ASSIGNED_CONTEXT ( ( #2685, #7262, #4242 ) ) REPRESENTATION_CONTEXT ( 'NONE', 'WORKASPACE' ) );
#2975 = ORIENTED_EDGE ( 'NONE', *, *, #6068, .F. ) ;
#2976 = DIRECTION ( 'NONE',  ( -1.000000000000000000, -0.000000000000000000, -0.000000000000000000 ) ) ;
#2977 = STYLED_ITEM ( 'NONE', ( #7113 ), #5920 ) ;
#2978 = ORIENTED_EDGE ( 'NONE', *, *, #3396, .F. ) ;
#2979 = PLANE ( 'NONE',  #416 ) ;
#2980 = DIRECTION ( 'NONE',  ( 0.000000000000000000, 6.091907941747214293E-16, -1.000000000000000000 ) ) ;
#2981 = VERTEX_POINT ( 'NONE', #1418 ) ;
#2982 = ADVANCED_FACE ( 'NONE', ( #6081 ), #2569, .F. ) ;
#2983 = CYLINDRICAL_SURFACE ( 'NONE', #4867, 0.2300000000000001765 ) ;
#2984 = ORIENTED_EDGE ( 'NONE', *, *, #2066, .T. ) ;
#2985 = AXIS2_PLACEMENT_3D ( 'NONE', #2632, #4298, #6109 ) ;
#2986 = ORIENTED_EDGE ( 'NONE', *, *, #6986, .T. ) ;
#2987 = EDGE_CURVE ( 'NONE', #6244, #1083, #5481, .T. ) ;
#2988 = ORIENTED_EDGE ( 'NONE', *, *, #2121, .F. ) ;
#2989 = FACE_OUTER_BOUND ( 'NONE', #6913, .T. ) ;
#2990 = LINE ( 'NONE', #5274, #1204 ) ;
#2991 =( NAMED_UNIT ( * ) SI_UNIT ( $, .STERADIAN. ) SOLID_ANGLE_UNIT ( ) );
#2992 = DIRECTION ( 'NONE',  ( 0.000000000000000000, -5.773000053518394898E-16, 1.000000000000000000 ) ) ;
#2993 = CARTESIAN_POINT ( 'NONE',  ( -0.8199999999999997291, 0.9759778054016119420, -3.089997332157668808 ) ) ;
#2994 = EDGE_CURVE ( 'NONE', #6803, #333, #7105, .T. ) ;
#2995 = ORIENTED_EDGE ( 'NONE', *, *, #5545, .F. ) ;
#2996 = VERTEX_POINT ( 'NONE', #6561 ) ;
#2997 = SURFACE_STYLE_USAGE ( .BOTH. , #1291 ) ;
#2998 = DIRECTION ( 'NONE',  ( -0.000000000000000000, 1.000000000000000000, -0.000000000000000000 ) ) ;
#2999 = DIRECTION ( 'NONE',  ( 0.000000000000000000, -2.309200021407363481E-15, 1.000000000000000000 ) ) ;
#3000 = EDGE_CURVE ( 'NONE', #1202, #601, #4414, .T. ) ;
#3001 = EDGE_CURVE ( 'NONE', #6386, #7215, #2079, .T. ) ;
#3003 = FILL_AREA_STYLE ('',( #5849 ) ) ;
#3002 = FILL_AREA_STYLE_COLOUR ( '', #6152 ) ;
#3004 = LINE ( 'NONE', #4719, #2365 ) ;
#3005 = ORIENTED_EDGE ( 'NONE', *, *, #4406, .T. ) ;
#3006 = EDGE_LOOP ( 'NONE', ( #6999, #733, #7290, #1023, #424, #3456 ) ) ;
#3007 = COLOUR_RGB ( '',1.000000000000000000, 1.000000000000000000, 1.000000000000000000 ) ;
#3008 =( GEOMETRIC_REPRESENTATION_CONTEXT ( 3 ) GLOBAL_UNCERTAINTY_ASSIGNED_CONTEXT ( ( #563 ) ) GLOBAL_UNIT_ASSIGNED_CONTEXT ( ( #341, #450, #2103 ) ) REPRESENTATION_CONTEXT ( 'NONE', 'WORKASPACE' ) );
#3009 = DIRECTION ( 'NONE',  ( -1.000000000000000000, 0.000000000000000000, 2.409338161078898687E-16 ) ) ;
#3010 = LINE ( 'NONE', #4161, #1037 ) ;
#3011 = AXIS2_PLACEMENT_3D ( 'NONE', #5495, #7153, #6539 ) ;
#3012 = DIRECTION ( 'NONE',  ( 1.000000000000000000, 0.000000000000000000, 0.000000000000000000 ) ) ;
#3013 = DIRECTION ( 'NONE',  ( 1.000000000000000000, -0.000000000000000000, -0.000000000000000000 ) ) ;
#3014 = VECTOR ( 'NONE', #2659, 1000.000000000000000 ) ;
#3015 = STYLED_ITEM ( 'NONE', ( #2162 ), #3730 ) ;
#3016 = MECHANICAL_DESIGN_GEOMETRIC_PRESENTATION_REPRESENTATION (  '', ( #3725 ), #1001 ) ;
#3017 =( LENGTH_UNIT ( ) NAMED_UNIT ( * ) SI_UNIT ( .MILLI., .METRE. ) );
#3018 = VERTEX_POINT ( 'NONE', #5938 ) ;
#3019 = STYLED_ITEM ( 'NONE', ( #1925 ), #4910 ) ;
#3020 = DIRECTION ( 'NONE',  ( -1.000000000000000000, -0.000000000000000000, 0.000000000000000000 ) ) ;
#3021 = ORIENTED_EDGE ( 'NONE', *, *, #5885, .T. ) ;
#3022 = LINE ( 'NONE', #7070, #2940 ) ;
#3023 = ORIENTED_EDGE ( 'NONE', *, *, #1061, .F. ) ;
#3024 = ADVANCED_FACE ( 'NONE', ( #5522 ), #6638, .F. ) ;
#3025 = DIRECTION ( 'NONE',  ( -1.000000000000000000, -0.000000000000000000, -0.000000000000000000 ) ) ;
#3026 = UNCERTAINTY_MEASURE_WITH_UNIT (LENGTH_MEASURE( 1.000000000000000082E-05 ), #102, 'distance_accuracy_value', 'NONE');
#3027 = VERTEX_POINT ( 'NONE', #1594 ) ;
#3028 = AXIS2_PLACEMENT_3D ( 'NONE', #1550, #315, #6552 ) ;
#3029 = ORIENTED_EDGE ( 'NONE', *, *, #4384, .F. ) ;
#3030 = VECTOR ( 'NONE', #299, 999.9999999999998863 ) ;
#3031 = DIRECTION ( 'NONE',  ( -1.000000000000000000, 0.000000000000000000, 0.000000000000000000 ) ) ;
#3032 = CARTESIAN_POINT ( 'NONE',  ( -0.9899999999999997691, 1.809999999999999609, 0.9000000000000003553 ) ) ;
#3033 = EDGE_CURVE ( 'NONE', #3699, #6745, #2763, .T. ) ;
#3034 = ORIENTED_EDGE ( 'NONE', *, *, #6160, .T. ) ;
#3035 = MECHANICAL_DESIGN_GEOMETRIC_PRESENTATION_REPRESENTATION (  '', ( #5203 ), #2455 ) ;
#3036 = VERTEX_POINT ( 'NONE', #2958 ) ;
#3037 = EDGE_CURVE ( 'NONE', #444, #510, #1560, .T. ) ;
#3038 = CARTESIAN_POINT ( 'NONE',  ( 0.8100000000000003864, 0.7459778054016127369, -3.267971487849611556 ) ) ;
#3039 = LINE ( 'NONE', #706, #5669 ) ;
#3040 = CARTESIAN_POINT ( 'NONE',  ( 0.1800000000000000488, 2.109999999999999432, -1.750000000000000000 ) ) ;
#3041 = PLANE ( 'NONE',  #4194 ) ;
#3042 = VERTEX_POINT ( 'NONE', #1050 ) ;
#3044 = PRESENTATION_STYLE_ASSIGNMENT (( #748 ) ) ;
#3043 =( NAMED_UNIT ( * ) PLANE_ANGLE_UNIT ( ) SI_UNIT ( $, .RADIAN. ) );
#3045 = DIRECTION ( 'NONE',  ( -0.000000000000000000, 1.204669080539449344E-16, 1.000000000000000000 ) ) ;
#3046 = ADVANCED_FACE ( 'NONE', ( #5175 ), #6896, .T. ) ;
#3047 =( LENGTH_UNIT ( ) NAMED_UNIT ( * ) SI_UNIT ( .MILLI., .METRE. ) );
#3048 = CARTESIAN_POINT ( 'NONE',  ( 0.8100000000000003864, 0.000000000000000000, 0.000000000000000000 ) ) ;
#3049 = PLANE ( 'NONE',  #3697 ) ;
#3050 = CARTESIAN_POINT ( 'NONE',  ( 1.550000000000000266, 2.109999999999999432, 5.445104244038310610E-16 ) ) ;
#3051 = CARTESIAN_POINT ( 'NONE',  ( 0.2800000000000003042, 1.809999999999999609, 0.9000000000000000222 ) ) ;
#3052 = MECHANICAL_DESIGN_GEOMETRIC_PRESENTATION_REPRESENTATION (  '', ( #5841 ), #5907 ) ;
#3053 = VECTOR ( 'NONE', #1469, 1000.000000000000227 ) ;
#3054 = ADVANCED_FACE ( 'NONE', ( #2119 ), #2192, .F. ) ;
#3055 = ORIENTED_EDGE ( 'NONE', *, *, #205, .T. ) ;
#3056 =( NAMED_UNIT ( * ) SI_UNIT ( $, .STERADIAN. ) SOLID_ANGLE_UNIT ( ) );
#3057 = CIRCLE ( 'NONE', #4911, 0.2300000000000005929 ) ;
#3058 = CARTESIAN_POINT ( 'NONE',  ( -2.259999999999999787, 1.909999999999999476, -0.09999999999999961697 ) ) ;
#3059 = ORIENTED_EDGE ( 'NONE', *, *, #182, .F. ) ;
#3060 = ORIENTED_EDGE ( 'NONE', *, *, #3534, .T. ) ;
#3061 = PRESENTATION_LAYER_ASSIGNMENT (  '', '', ( #2584 ) ) ;
#3062 = ORIENTED_EDGE ( 'NONE', *, *, #3862, .F. ) ;
#3063 = EDGE_LOOP ( 'NONE', ( #731, #3955, #545, #3059, #3361, #2988 ) ) ;
#3064 = SURFACE_SIDE_STYLE ('',( #297 ) ) ;
#3065 = CARTESIAN_POINT ( 'NONE',  ( 2.080000000000000071, 0.8259778054016116977, -3.267971487849612000 ) ) ;
#3066 = LINE ( 'NONE', #1942, #7337 ) ;
#3067 = ORIENTED_EDGE ( 'NONE', *, *, #4894, .F. ) ;
#3068 = COLOUR_RGB ( '',1.000000000000000000, 1.000000000000000000, 1.000000000000000000 ) ;
#3069 = VERTEX_POINT ( 'NONE', #3490 ) ;
#3070 = EDGE_CURVE ( 'NONE', #7236, #3993, #2919, .T. ) ;
#3071 = DIRECTION ( 'NONE',  ( 0.000000000000000000, -0.9659258262890693114, -0.2588190451025172978 ) ) ;
#3072 = DIRECTION ( 'NONE',  ( -0.000000000000000000, 1.000000000000000000, 0.000000000000000000 ) ) ;
#3073 = DIRECTION ( 'NONE',  ( 1.000000000000000000, -0.000000000000000000, -0.000000000000000000 ) ) ;
#3074 = FILL_AREA_STYLE_COLOUR ( '', #3007 ) ;
#3075 = ORIENTED_EDGE ( 'NONE', *, *, #182, .T. ) ;
#3076 = VECTOR ( 'NONE', #3301, 1000.000000000000000 ) ;
#3077 = LINE ( 'NONE', #4334, #2851 ) ;
#3078 = FILL_AREA_STYLE ('',( #1299 ) ) ;
#3079 = CARTESIAN_POINT ( 'NONE',  ( 0.2800000000000003042, 1.809999999999999387, -0.8999999999999995781 ) ) ;
#3080 = CARTESIAN_POINT ( 'NONE',  ( 0.8100000000000003864, 0.000000000000000000, 0.000000000000000000 ) ) ;
#3081 = DIRECTION ( 'NONE',  ( -1.000000000000000000, -0.000000000000000000, -0.000000000000000000 ) ) ;
#3082 = FACE_OUTER_BOUND ( 'NONE', #6360, .T. ) ;
#3083 = EDGE_CURVE ( 'NONE', #1246, #6801, #6933, .T. ) ;
#3084 = DIRECTION ( 'NONE',  ( 1.000000000000000000, -0.000000000000000000, -0.000000000000000000 ) ) ;
#3085 = SURFACE_STYLE_USAGE ( .BOTH. , #4962 ) ;
#3086 = VECTOR ( 'NONE', #1685, 1000.000000000000114 ) ;
#3087 = LINE ( 'NONE', #3618, #469 ) ;
#3088 = AXIS2_PLACEMENT_3D ( 'NONE', #1952, #3146, #408 ) ;
#3089 = ADVANCED_FACE ( 'NONE', ( #6365 ), #1261, .T. ) ;
#3090 = VERTEX_POINT ( 'NONE', #5319 ) ;
#3091 = CARTESIAN_POINT ( 'NONE',  ( 3.100000000000000089, 0.1000000000000000472, 0.000000000000000000 ) ) ;
#3092 = ORIENTED_EDGE ( 'NONE', *, *, #1788, .T. ) ;
#3093 = STYLED_ITEM ( 'NONE', ( #1755 ), #5872 ) ;
#3094 = ORIENTED_EDGE ( 'NONE', *, *, #1649, .F. ) ;
#3095 =( NAMED_UNIT ( * ) SI_UNIT ( $, .STERADIAN. ) SOLID_ANGLE_UNIT ( ) );
#3096 = CARTESIAN_POINT ( 'NONE',  ( 1.449999999999999734, 2.309999999999999609, -1.750000000000000000 ) ) ;
#3097 = DIRECTION ( 'NONE',  ( -1.000000000000000000, 0.000000000000000000, 0.000000000000000000 ) ) ;
#3098 = CARTESIAN_POINT ( 'NONE',  ( -1.560000000000000053, 2.310000000000000053, -0.09999999999999961697 ) ) ;
#3099 = AXIS2_PLACEMENT_3D ( 'NONE', #459, #8, #4529 ) ;
#3100 = ORIENTED_EDGE ( 'NONE', *, *, #919, .F. ) ;
#3101 = VECTOR ( 'NONE', #6706, 1000.000000000000000 ) ;
#3102 = ORIENTED_EDGE ( 'NONE', *, *, #6424, .T. ) ;
#3103 = ORIENTED_EDGE ( 'NONE', *, *, #1660, .T. ) ;
#3104 = LINE ( 'NONE', #4253, #4363 ) ;
#3105 = LINE ( 'NONE', #4945, #2180 ) ;
#3106 = CARTESIAN_POINT ( 'NONE',  ( -2.089999999999999858, 0.1500000000000008271, 3.727162940046487183 ) ) ;
#3107 = PRESENTATION_STYLE_ASSIGNMENT (( #2587 ) ) ;
#3108 = CARTESIAN_POINT ( 'NONE',  ( 0.8100000000000003864, 0.000000000000000000, -3.577971487849614274 ) ) ;
#3110 = ORIENTED_EDGE ( 'NONE', *, *, #3945, .T. ) ;
#3109 = PRESENTATION_STYLE_ASSIGNMENT (( #7203 ) ) ;
#3111 = ADVANCED_FACE ( 'NONE', ( #5957 ), #4191, .F. ) ;
#3112 = CARTESIAN_POINT ( 'NONE',  ( -3.100000000000000089, 0.4165028980788046953, -3.163653601044189578 ) ) ;
#3113 = DIRECTION ( 'NONE',  ( -1.000000000000000000, -0.000000000000000000, -0.000000000000000000 ) ) ;
#3114 = CARTESIAN_POINT ( 'NONE',  ( 0.8100000000000003864, 0.8999999999999998002, -3.100000000000000089 ) ) ;
#3115 = CARTESIAN_POINT ( 'NONE',  ( 0.2800000000000003042, 1.809999999999999609, 0.9000000000000000222 ) ) ;
#3116 = PLANE ( 'NONE',  #3906 ) ;
#3117 = LINE ( 'NONE', #1445, #379 ) ;
#3118 = COLOUR_RGB ( '',0.2509803921568627416, 0.2509803921568627416, 0.2509803921568627416 ) ;
#3119 = ADVANCED_FACE ( 'NONE', ( #854 ), #6515, .F. ) ;
#3120 = DIRECTION ( 'NONE',  ( -0.000000000000000000, 1.000000000000000000, -0.000000000000000000 ) ) ;
#3121 = CARTESIAN_POINT ( 'NONE',  ( 2.080000000000000071, 0.7459778054016127369, -3.347971487849612959 ) ) ;
#3122 = DIRECTION ( 'NONE',  ( -0.000000000000000000, -0.000000000000000000, -1.000000000000000000 ) ) ;
#3123 = COLOUR_RGB ( '',1.000000000000000000, 1.000000000000000000, 1.000000000000000000 ) ;
#3124 = PRESENTATION_STYLE_ASSIGNMENT (( #3085 ) ) ;
#3125 = DIRECTION ( 'NONE',  ( -0.000000000000000000, -1.000000000000000000, -0.000000000000000000 ) ) ;
#3126 = VECTOR ( 'NONE', #406, 1000.000000000000000 ) ;
#3127 = EDGE_LOOP ( 'NONE', ( #3690, #570, #3613 ) ) ;
#3128 =( GEOMETRIC_REPRESENTATION_CONTEXT ( 3 ) GLOBAL_UNCERTAINTY_ASSIGNED_CONTEXT ( ( #120 ) ) GLOBAL_UNIT_ASSIGNED_CONTEXT ( ( #2641, #4494, #3318 ) ) REPRESENTATION_CONTEXT ( 'NONE', 'WORKASPACE' ) );
#3129 = VERTEX_POINT ( 'NONE', #4224 ) ;
#3130 = EDGE_CURVE ( 'NONE', #3859, #1170, #4674, .T. ) ;
#3131 = ORIENTED_EDGE ( 'NONE', *, *, #3719, .F. ) ;
#3132 = FACE_OUTER_BOUND ( 'NONE', #620, .T. ) ;
#3133 = PLANE ( 'NONE',  #5299 ) ;
#3134 = LINE ( 'NONE', #4247, #647 ) ;
#3135 = ORIENTED_EDGE ( 'NONE', *, *, #3843, .T. ) ;
#3136 = MECHANICAL_DESIGN_GEOMETRIC_PRESENTATION_REPRESENTATION (  '', ( #6963 ), #2426 ) ;
#3137 = ORIENTED_EDGE ( 'NONE', *, *, #6754, .T. ) ;
#3138 = VECTOR ( 'NONE', #542, 1000.000000000000000 ) ;
#3139 = EDGE_CURVE ( 'NONE', #4938, #393, #7125, .T. ) ;
#3140 = ORIENTED_EDGE ( 'NONE', *, *, #4365, .F. ) ;
#3141 = DIRECTION ( 'NONE',  ( 0.000000000000000000, -0.000000000000000000, 1.000000000000000000 ) ) ;
#3142 = ORIENTED_EDGE ( 'NONE', *, *, #3984, .F. ) ;
#3143 = DIRECTION ( 'NONE',  ( -1.000000000000000000, 0.000000000000000000, 0.000000000000000000 ) ) ;
#3144 = CARTESIAN_POINT ( 'NONE',  ( -3.100000000000000089, 2.309999999999999609, -2.914369978401781580 ) ) ;
#3145 = VECTOR ( 'NONE', #3184, 1000.000000000000000 ) ;
#3146 = DIRECTION ( 'NONE',  ( -1.000000000000000000, 0.000000000000000000, -0.000000000000000000 ) ) ;
#3147 =( LENGTH_UNIT ( ) NAMED_UNIT ( * ) SI_UNIT ( .MILLI., .METRE. ) );
#3149 = CARTESIAN_POINT ( 'NONE',  ( 2.250000000000000444, 1.809999999999999387, -0.8999999999999995781 ) ) ;
#3148 =( NAMED_UNIT ( * ) SI_UNIT ( $, .STERADIAN. ) SOLID_ANGLE_UNIT ( ) );
#3150 = EDGE_LOOP ( 'NONE', ( #5123, #270, #5535, #7006 ) ) ;
#3151 = CARTESIAN_POINT ( 'NONE',  ( 1.080000000000000293, 2.109999999999999432, 1.750000000000000000 ) ) ;
#3152 =( NAMED_UNIT ( * ) PLANE_ANGLE_UNIT ( ) SI_UNIT ( $, .RADIAN. ) );
#3153 = COLOUR_RGB ( '',1.000000000000000000, 1.000000000000000000, 1.000000000000000000 ) ;
#3154 = FACE_OUTER_BOUND ( 'NONE', #3940, .T. ) ;
#3155 = LINE ( 'NONE', #3714, #5595 ) ;
#3156 = CARTESIAN_POINT ( 'NONE',  ( 0.4500000000000002887, 0.000000000000000000, 4.065000000000001279 ) ) ;
#3157 = CARTESIAN_POINT ( 'NONE',  ( -1.729999999999999760, 0.2300000000000000655, 3.727162940046486739 ) ) ;
#3158 = EDGE_CURVE ( 'NONE', #799, #7190, #4258, .T. ) ;
#3159 =( NAMED_UNIT ( * ) PLANE_ANGLE_UNIT ( ) SI_UNIT ( $, .RADIAN. ) );
#3160 = CARTESIAN_POINT ( 'NONE',  ( 1.550000000000000266, 1.809999999999999387, -0.8999999999999995781 ) ) ;
#3161 = CARTESIAN_POINT ( 'NONE',  ( 2.080000000000000071, 0.9759778054016101656, 5.945566943695085866E-16 ) ) ;
#3162 = EDGE_LOOP ( 'NONE', ( #6797, #6841, #807, #2505 ) ) ;
#3163 = CARTESIAN_POINT ( 'NONE',  ( 2.080000000000000071, 0.9759778054016120530, -3.267971487849612000 ) ) ;
#3164 = EDGE_CURVE ( 'NONE', #4746, #441, #6397, .T. ) ;
#3165 = VERTEX_POINT ( 'NONE', #3108 ) ;
#3166 = CARTESIAN_POINT ( 'NONE',  ( 1.449999999999999734, 2.109999999999999432, 1.750000000000000000 ) ) ;
#3167 = CARTESIAN_POINT ( 'NONE',  ( -1.729999999999999760, 0.7459778054016127369, -3.267971487849611556 ) ) ;
#3168 = CYLINDRICAL_SURFACE ( 'NONE', #4323, 0.07999999999999977962 ) ;
#3169 = CARTESIAN_POINT ( 'NONE',  ( 0.9800000000000002043, 1.809999999999999387, -0.8999999999999995781 ) ) ;
#3170 = ORIENTED_EDGE ( 'NONE', *, *, #6667, .F. ) ;
#3171 = AXIS2_PLACEMENT_3D ( 'NONE', #209, #717, #3501 ) ;
#3172 = EDGE_CURVE ( 'NONE', #6022, #3325, #1233, .T. ) ;
#3173 = EDGE_LOOP ( 'NONE', ( #2698, #5681, #22, #5042 ) ) ;
#3174 = VERTEX_POINT ( 'NONE', #5394 ) ;
#3175 = CARTESIAN_POINT ( 'NONE',  ( 2.080000000000000071, 0.8259778054016098103, 4.768369914788500505E-16 ) ) ;
#3176 = EDGE_LOOP ( 'NONE', ( #2222, #1107, #2730, #3484, #2342, #5458, #6279, #1524, #2447, #3845, #5395, #6760, #7147 ) ) ;
#3177 = VECTOR ( 'NONE', #7275, 1000.000000000000000 ) ;
#3178 = DIRECTION ( 'NONE',  ( -1.000000000000000000, -0.000000000000000000, -0.000000000000000000 ) ) ;
#3179 =( NAMED_UNIT ( * ) PLANE_ANGLE_UNIT ( ) SI_UNIT ( $, .RADIAN. ) );
#3180 = LINE ( 'NONE', #6697, #4796 ) ;
#3181 = EDGE_CURVE ( 'NONE', #3191, #1791, #5246, .T. ) ;
#3182 = LINE ( 'NONE', #3112, #15 ) ;
#3183 =( GEOMETRIC_REPRESENTATION_CONTEXT ( 3 ) GLOBAL_UNCERTAINTY_ASSIGNED_CONTEXT ( ( #5466 ) ) GLOBAL_UNIT_ASSIGNED_CONTEXT ( ( #3685, #1561, #872 ) ) REPRESENTATION_CONTEXT ( 'NONE', 'WORKASPACE' ) );
#3184 = DIRECTION ( 'NONE',  ( -1.000000000000000000, -0.000000000000000000, -0.000000000000000000 ) ) ;
#3185 =( LENGTH_UNIT ( ) NAMED_UNIT ( * ) SI_UNIT ( .MILLI., .METRE. ) );
#3186 = LINE ( 'NONE', #4990, #3467 ) ;
#3187 =( GEOMETRIC_REPRESENTATION_CONTEXT ( 3 ) GLOBAL_UNCERTAINTY_ASSIGNED_CONTEXT ( ( #1506 ) ) GLOBAL_UNIT_ASSIGNED_CONTEXT ( ( #3394, #2832, #3536 ) ) REPRESENTATION_CONTEXT ( 'NONE', 'WORKASPACE' ) );
#3188 = LINE ( 'NONE', #900, #7146 ) ;
#3189 =( LENGTH_UNIT ( ) NAMED_UNIT ( * ) SI_UNIT ( .MILLI., .METRE. ) );
#3190 = DIRECTION ( 'NONE',  ( 0.000000000000000000, 0.9914448613738107152, -0.1305261922200490754 ) ) ;
#3191 = VERTEX_POINT ( 'NONE', #890 ) ;
#3192 = FILL_AREA_STYLE_COLOUR ( '', #3384 ) ;
#3193 = FACE_OUTER_BOUND ( 'NONE', #1180, .T. ) ;
#3194 = FILL_AREA_STYLE_COLOUR ( '', #4790 ) ;
#3195 = LINE ( 'NONE', #3160, #4818 ) ;
#3196 = DIRECTION ( 'NONE',  ( 0.000000000000000000, -0.9914448613738116034, -0.1305261922200433300 ) ) ;
#3197 = ORIENTED_EDGE ( 'NONE', *, *, #1307, .T. ) ;
#3198 = PLANE ( 'NONE',  #4379 ) ;
#3199 = EDGE_CURVE ( 'NONE', #6403, #97, #2559, .T. ) ;
#3200 = STYLED_ITEM ( 'NONE', ( #2104 ), #1370 ) ;
#3201 = SURFACE_SIDE_STYLE ('',( #1528 ) ) ;
#3202 = VECTOR ( 'NONE', #5658, 1000.000000000000000 ) ;
#3203 = ORIENTED_EDGE ( 'NONE', *, *, #473, .T. ) ;
#3204 = LINE ( 'NONE', #2608, #5566 ) ;
#3205 = VECTOR ( 'NONE', #1368, 1000.000000000000000 ) ;
#3206 = CARTESIAN_POINT ( 'NONE',  ( 2.349999999999999645, 2.109999999999999432, 1.750000000000000000 ) ) ;
#3207 = FACE_OUTER_BOUND ( 'NONE', #6379, .T. ) ;
#3208 = CIRCLE ( 'NONE', #6192, 0.08000000000000020983 ) ;
#3209 = ORIENTED_EDGE ( 'NONE', *, *, #2668, .F. ) ;
#3210 = AXIS2_PLACEMENT_3D ( 'NONE', #5298, #1887, #4168 ) ;
#3211 = ADVANCED_FACE ( 'NONE', ( #6478 ), #3041, .F. ) ;
#3212 = ORIENTED_EDGE ( 'NONE', *, *, #134, .F. ) ;
#3213 = AXIS2_PLACEMENT_3D ( 'NONE', #770, #4662, #1182 ) ;
#3214 = ORIENTED_EDGE ( 'NONE', *, *, #2900, .T. ) ;
#3215 = CARTESIAN_POINT ( 'NONE',  ( 0.4500000000000002887, 0.7459778054016127369, -3.267971487849611556 ) ) ;
#3216 = VERTEX_POINT ( 'NONE', #1986 ) ;
#3217 = DIRECTION ( 'NONE',  ( -1.000000000000000000, -0.000000000000000000, -0.000000000000000000 ) ) ;
#3218 = SURFACE_SIDE_STYLE ('',( #6578 ) ) ;
#3219 = ADVANCED_FACE ( 'NONE', ( #2441 ), #3705, .T. ) ;
#3220 = AXIS2_PLACEMENT_3D ( 'NONE', #1081, #5071, #4452 ) ;
#3221 = DIRECTION ( 'NONE',  ( 0.000000000000000000, -0.9914448613738108262, 0.1305261922200490754 ) ) ;
#3222 = DIRECTION ( 'NONE',  ( 0.000000000000000000, 1.000000000000000000, -1.204669080539449590E-16 ) ) ;
#3223 = VECTOR ( 'NONE', #4053, 1000.000000000000000 ) ;
#3224 = UNCERTAINTY_MEASURE_WITH_UNIT (LENGTH_MEASURE( 1.000000000000000082E-05 ), #6693, 'distance_accuracy_value', 'NONE');
#3226 =( NAMED_UNIT ( * ) SI_UNIT ( $, .STERADIAN. ) SOLID_ANGLE_UNIT ( ) );
#3225 = DIRECTION ( 'NONE',  ( 0.000000000000000000, 0.000000000000000000, 1.000000000000000000 ) ) ;
#3227 = CARTESIAN_POINT ( 'NONE',  ( -2.089999999999999858, -2.940055364177525671E-15, -3.497971487849612426 ) ) ;
#3228 = EDGE_CURVE ( 'NONE', #1170, #6277, #2409, .T. ) ;
#3229 = LINE ( 'NONE', #6107, #3742 ) ;
#3230 =( NAMED_UNIT ( * ) SI_UNIT ( $, .STERADIAN. ) SOLID_ANGLE_UNIT ( ) );
#3231 = ADVANCED_FACE ( 'NONE', ( #5434 ), #2624, .F. ) ;
#3232 = DIRECTION ( 'NONE',  ( 0.000000000000000000, -5.773000053518394898E-16, 1.000000000000000000 ) ) ;
#3233 = ORIENTED_EDGE ( 'NONE', *, *, #3513, .F. ) ;
#3234 =( LENGTH_UNIT ( ) NAMED_UNIT ( * ) SI_UNIT ( .MILLI., .METRE. ) );
#3235 = DIRECTION ( 'NONE',  ( 1.000000000000000000, 0.000000000000000000, 0.000000000000000000 ) ) ;
#3236 = ORIENTED_EDGE ( 'NONE', *, *, #5224, .T. ) ;
#3237 = CARTESIAN_POINT ( 'NONE',  ( -1.090000000000000080, 2.309999999999999609, 1.750000000000000000 ) ) ;
#3238 = EDGE_CURVE ( 'NONE', #3090, #5107, #1030, .T. ) ;
#3239 = CARTESIAN_POINT ( 'NONE',  ( -1.200000000000001954, 2.309999999999999609, 4.299999999999999822 ) ) ;
#3240 = VECTOR ( 'NONE', #2495, 1000.000000000000000 ) ;
#3241 = PLANE ( 'NONE',  #4605 ) ;
#3242 = ORIENTED_EDGE ( 'NONE', *, *, #6245, .T. ) ;
#3243 = CARTESIAN_POINT ( 'NONE',  ( 0.4500000000000002887, 0.1500000000000008271, 4.065000000000000391 ) ) ;
#3244 = VECTOR ( 'NONE', #1293, 1000.000000000000000 ) ;
#3245 = EDGE_LOOP ( 'NONE', ( #5390, #7308, #1309, #2460, #1935, #1818, #5176, #6926, #3092, #1898, #1190, #260, #2092 ) ) ;
#3246 = AXIS2_PLACEMENT_3D ( 'NONE', #3529, #6665, #376 ) ;
#3247 = CARTESIAN_POINT ( 'NONE',  ( 0.8100000000000003864, 0.1500000000000008271, 4.065000000000000391 ) ) ;
#3248 = LINE ( 'NONE', #5530, #7130 ) ;
#3249 = LINE ( 'NONE', #2014, #764 ) ;
#3250 = VERTEX_POINT ( 'NONE', #4293 ) ;
#3251 = VECTOR ( 'NONE', #4477, 1000.000000000000000 ) ;
#3252 = ORIENTED_EDGE ( 'NONE', *, *, #4610, .F. ) ;
#3253 = CIRCLE ( 'NONE', #417, 0.2300000000000001765 ) ;
#3254 = ORIENTED_EDGE ( 'NONE', *, *, #1984, .F. ) ;
#3255 = PRODUCT_DEFINITION_SHAPE ( 'NONE', 'NONE',  #7397 ) ;
#3256 = PRESENTATION_STYLE_ASSIGNMENT (( #6097 ) ) ;
#3257 = ORIENTED_EDGE ( 'NONE', *, *, #5473, .T. ) ;
#3258 = DIRECTION ( 'NONE',  ( 0.000000000000000000, -1.694065894508596142E-15, 1.000000000000000000 ) ) ;
#3259 =( LENGTH_UNIT ( ) NAMED_UNIT ( * ) SI_UNIT ( .MILLI., .METRE. ) );
#3260 = ADVANCED_FACE ( 'NONE', ( #3299 ), #5025, .F. ) ;
#3261 =( LENGTH_UNIT ( ) NAMED_UNIT ( * ) SI_UNIT ( .MILLI., .METRE. ) );
#3262 = DIRECTION ( 'NONE',  ( -0.000000000000000000, 0.000000000000000000, -1.000000000000000000 ) ) ;
#3263 = VECTOR ( 'NONE', #3084, 1000.000000000000000 ) ;
#3265 = DIRECTION ( 'NONE',  ( 0.000000000000000000, 0.000000000000000000, 1.000000000000000000 ) ) ;
#3264 = CARTESIAN_POINT ( 'NONE',  ( -0.8199999999999997291, -7.047314121155778821E-16, 3.727162940046487183 ) ) ;
#3266 = EDGE_CURVE ( 'NONE', #3625, #3739, #6103, .T. ) ;
#3267 = COLOUR_RGB ( '',1.000000000000000000, 1.000000000000000000, 1.000000000000000000 ) ;
#3268 = CARTESIAN_POINT ( 'NONE',  ( -0.8199999999999997291, 0.000000000000000000, -3.347971487849612959 ) ) ;
#3269 = FILL_AREA_STYLE ('',( #864 ) ) ;
#3270 = VECTOR ( 'NONE', #3989, 1000.000000000000000 ) ;
#3271 = DIRECTION ( 'NONE',  ( -0.000000000000000000, 1.000000000000000000, -0.000000000000000000 ) ) ;
#3272 = DIRECTION ( 'NONE',  ( 1.000000000000000000, -0.000000000000000000, -0.000000000000000000 ) ) ;
#3273 = LINE ( 'NONE', #3974, #4770 ) ;
#3274 = EDGE_CURVE ( 'NONE', #3728, #3771, #3180, .T. ) ;
#3275 = ORIENTED_EDGE ( 'NONE', *, *, #3772, .F. ) ;
#3276 = COLOUR_RGB ( '',0.2509803921568627416, 0.2509803921568627416, 0.2509803921568627416 ) ;
#3277 = FILL_AREA_STYLE ('',( #3192 ) ) ;
#3278 = PLANE ( 'NONE',  #4628 ) ;
#3279 = DIRECTION ( 'NONE',  ( 0.000000000000000000, 0.9659258262890670910, -0.2588190451025251249 ) ) ;
#3280 =( LENGTH_UNIT ( ) NAMED_UNIT ( * ) SI_UNIT ( .MILLI., .METRE. ) );
#3281 = DIRECTION ( 'NONE',  ( 0.000000000000000000, -0.000000000000000000, -1.000000000000000000 ) ) ;
#3282 = SURFACE_STYLE_USAGE ( .BOTH. , #4735 ) ;
#3283 = ADVANCED_FACE ( 'NONE', ( #7318 ), #1504, .F. ) ;
#3284 =( NAMED_UNIT ( * ) SI_UNIT ( $, .STERADIAN. ) SOLID_ANGLE_UNIT ( ) );
#3285 = EDGE_LOOP ( 'NONE', ( #4219, #5233, #4855, #3351 ) ) ;
#3286 = SURFACE_STYLE_FILL_AREA ( #5782 ) ;
#3287 = DIRECTION ( 'NONE',  ( 1.000000000000000000, 0.000000000000000000, 0.000000000000000000 ) ) ;
#3288 = MECHANICAL_DESIGN_GEOMETRIC_PRESENTATION_REPRESENTATION (  '', ( #5799 ), #2325 ) ;
#3289 = SURFACE_SIDE_STYLE ('',( #6838 ) ) ;
#3290 = PRESENTATION_STYLE_ASSIGNMENT (( #1022 ) ) ;
#3291 = ORIENTED_EDGE ( 'NONE', *, *, #5249, .T. ) ;
#3292 = ORIENTED_EDGE ( 'NONE', *, *, #323, .T. ) ;
#3293 = VECTOR ( 'NONE', #7058, 1000.000000000000000 ) ;
#3294 =( GEOMETRIC_REPRESENTATION_CONTEXT ( 3 ) GLOBAL_UNCERTAINTY_ASSIGNED_CONTEXT ( ( #6199 ) ) GLOBAL_UNIT_ASSIGNED_CONTEXT ( ( #4291, #3179, #1541 ) ) REPRESENTATION_CONTEXT ( 'NONE', 'WORKASPACE' ) );
#3295 = ORIENTED_EDGE ( 'NONE', *, *, #5750, .T. ) ;
#3296 = CARTESIAN_POINT ( 'NONE',  ( -1.729999999999999760, 0.8259778054016115867, -3.080165812735382591 ) ) ;
#3297 = DIRECTION ( 'NONE',  ( 2.409338161078898687E-16, 0.000000000000000000, 1.000000000000000000 ) ) ;
#3298 = DIRECTION ( 'NONE',  ( 1.000000000000000000, 0.000000000000000000, 0.000000000000000000 ) ) ;
#3299 = FACE_OUTER_BOUND ( 'NONE', #704, .T. ) ;
#3300 = VECTOR ( 'NONE', #6724, 1000.000000000000000 ) ;
#3302 = CARTESIAN_POINT ( 'NONE',  ( 2.349999999999999645, 2.109999999999999432, 1.750000000000000000 ) ) ;
#3301 = DIRECTION ( 'NONE',  ( 0.000000000000000000, -1.000000000000000000, 0.000000000000000000 ) ) ;
#3303 = VERTEX_POINT ( 'NONE', #5655 ) ;
#3304 = EDGE_CURVE ( 'NONE', #6078, #582, #1646, .T. ) ;
#3305 = AXIS2_PLACEMENT_3D ( 'NONE', #1251, #6885, #4661 ) ;
#3306 = DIRECTION ( 'NONE',  ( 0.000000000000000000, 0.000000000000000000, 1.000000000000000000 ) ) ;
#3307 = EDGE_CURVE ( 'NONE', #3924, #7227, #3931, .T. ) ;
#3308 = LINE ( 'NONE', #4527, #4159 ) ;
#3309 =( GEOMETRIC_REPRESENTATION_CONTEXT ( 3 ) GLOBAL_UNCERTAINTY_ASSIGNED_CONTEXT ( ( #7202 ) ) GLOBAL_UNIT_ASSIGNED_CONTEXT ( ( #5559, #2721, #6718 ) ) REPRESENTATION_CONTEXT ( 'NONE', 'WORKASPACE' ) );
#3310 = DIRECTION ( 'NONE',  ( 0.000000000000000000, -1.000000000000000000, 5.782411586589324901E-15 ) ) ;
#3311 = ORIENTED_EDGE ( 'NONE', *, *, #6280, .T. ) ;
#3312 = EDGE_CURVE ( 'NONE', #3596, #7186, #3335, .T. ) ;
#3313 = LINE ( 'NONE', #2263, #4213 ) ;
#3314 = COLOUR_RGB ( '',0.2509803921568627416, 0.2509803921568627416, 0.2509803921568627416 ) ;
#3315 = DIRECTION ( 'NONE',  ( 1.000000000000000000, -0.000000000000000000, -0.000000000000000000 ) ) ;
#3316 =( NAMED_UNIT ( * ) PLANE_ANGLE_UNIT ( ) SI_UNIT ( $, .RADIAN. ) );
#3317 = EDGE_CURVE ( 'NONE', #3915, #587, #6212, .T. ) ;
#3318 =( NAMED_UNIT ( * ) SI_UNIT ( $, .STERADIAN. ) SOLID_ANGLE_UNIT ( ) );
#3319 = SURFACE_STYLE_USAGE ( .BOTH. , #1597 ) ;
#3320 = ORIENTED_EDGE ( 'NONE', *, *, #6867, .F. ) ;
#3321 = CARTESIAN_POINT ( 'NONE',  ( -2.360000000000000320, 2.109999999999999432, 1.750000000000000000 ) ) ;
#3322 = ADVANCED_FACE ( 'NONE', ( #3964 ), #5765, .T. ) ;
#3323 = LINE ( 'NONE', #507, #6593 ) ;
#3324 = DIRECTION ( 'NONE',  ( 0.000000000000000000, 0.000000000000000000, 1.000000000000000000 ) ) ;
#3325 = VERTEX_POINT ( 'NONE', #1797 ) ;
#3326 = ORIENTED_EDGE ( 'NONE', *, *, #5860, .T. ) ;
#3327 = AXIS2_PLACEMENT_3D ( 'NONE', #1844, #2445, #203 ) ;
#3328 = ORIENTED_EDGE ( 'NONE', *, *, #2764, .T. ) ;
#3329 = STYLED_ITEM ( 'NONE', ( #3413 ), #6655 ) ;
#3330 = EDGE_LOOP ( 'NONE', ( #2158, #4682, #1905, #2877 ) ) ;
#3331 = DIRECTION ( 'NONE',  ( -1.000000000000000000, 0.000000000000000000, 0.000000000000000000 ) ) ;
#3332 = AXIS2_PLACEMENT_3D ( 'NONE', #4456, #530, #6080 ) ;
#3333 = CARTESIAN_POINT ( 'NONE',  ( -1.729999999999999760, 0.1500000000000008271, 4.065000000000000391 ) ) ;
#3334 =( LENGTH_UNIT ( ) NAMED_UNIT ( * ) SI_UNIT ( .MILLI., .METRE. ) );
#3335 = LINE ( 'NONE', #6774, #522 ) ;
#3336 = MECHANICAL_DESIGN_GEOMETRIC_PRESENTATION_REPRESENTATION (  '', ( #1544 ), #2017 ) ;
#3337 = PRESENTATION_STYLE_ASSIGNMENT (( #2781 ) ) ;
#3338 = AXIS2_PLACEMENT_3D ( 'NONE', #1875, #5208, #4080 ) ;
#3339 = ORIENTED_EDGE ( 'NONE', *, *, #5790, .F. ) ;
#3340 = UNCERTAINTY_MEASURE_WITH_UNIT (LENGTH_MEASURE( 1.000000000000000082E-05 ), #1310, 'distance_accuracy_value', 'NONE');
#3341 = CIRCLE ( 'NONE', #5482, 0.2300000000000005929 ) ;
#3342 =( LENGTH_UNIT ( ) NAMED_UNIT ( * ) SI_UNIT ( .MILLI., .METRE. ) );
#3343 = PLANE ( 'NONE',  #6265 ) ;
#3344 = VECTOR ( 'NONE', #3297, 1000.000000000000000 ) ;
#3345 = LINE ( 'NONE', #5174, #5722 ) ;
#3346 = EDGE_CURVE ( 'NONE', #1937, #2695, #5169, .T. ) ;
#3347 = PLANE ( 'NONE',  #5111 ) ;
#3348 = LINE ( 'NONE', #5624, #846 ) ;
#3349 = FACE_OUTER_BOUND ( 'NONE', #4114, .T. ) ;
#3350 = VECTOR ( 'NONE', #4892, 1000.000000000000000 ) ;
#3351 = ORIENTED_EDGE ( 'NONE', *, *, #2898, .T. ) ;
#3352 = CARTESIAN_POINT ( 'NONE',  ( -0.4599999999999996869, 0.1500000000000017153, -3.339236242140380218E-17 ) ) ;
#3353 = CARTESIAN_POINT ( 'NONE',  ( -2.089999999999999858, 0.1500000000000008271, 4.065000000000000391 ) ) ;
#3354 = DIRECTION ( 'NONE',  ( -0.000000000000000000, 0.000000000000000000, 1.000000000000000000 ) ) ;
#3355 =( NAMED_UNIT ( * ) SI_UNIT ( $, .STERADIAN. ) SOLID_ANGLE_UNIT ( ) );
#3356 = EDGE_CURVE ( 'NONE', #1072, #333, #3377, .T. ) ;
#3357 = DIRECTION ( 'NONE',  ( -0.000000000000000000, 0.000000000000000000, -1.000000000000000000 ) ) ;
#3358 = PRODUCT ( 'x-1571983-x_4', 'x-1571983-x_4', '', ( #171 ) ) ;
#3359 = FILL_AREA_STYLE ('',( #536 ) ) ;
#3360 =( LENGTH_UNIT ( ) NAMED_UNIT ( * ) SI_UNIT ( .MILLI., .METRE. ) );
#3361 = ORIENTED_EDGE ( 'NONE', *, *, #4787, .F. ) ;
#3362 = CARTESIAN_POINT ( 'NONE',  ( 2.080000000000000071, 0.7459778054016127369, -3.267971487849611556 ) ) ;
#3363 = UNCERTAINTY_MEASURE_WITH_UNIT (LENGTH_MEASURE( 1.000000000000000082E-05 ), #3259, 'distance_accuracy_value', 'NONE');
#3364 = DIRECTION ( 'NONE',  ( 0.000000000000000000, 0.000000000000000000, 1.000000000000000000 ) ) ;
#3365 = CARTESIAN_POINT ( 'NONE',  ( 1.550000000000000266, 2.109999999999999432, 0.9000000000000000222 ) ) ;
#3366 = ORIENTED_EDGE ( 'NONE', *, *, #1307, .F. ) ;
#3367 = ORIENTED_EDGE ( 'NONE', *, *, #5276, .T. ) ;
#3368 = VECTOR ( 'NONE', #745, 1000.000000000000000 ) ;
#3369 = ORIENTED_EDGE ( 'NONE', *, *, #473, .F. ) ;
#3370 = EDGE_CURVE ( 'NONE', #6701, #3441, #7361, .T. ) ;
#3371 = ORIENTED_EDGE ( 'NONE', *, *, #3346, .F. ) ;
#3372 = CARTESIAN_POINT ( 'NONE',  ( 1.449999999999999734, 2.109999999999999432, -1.750000000000000000 ) ) ;
#3373 = DIRECTION ( 'NONE',  ( 1.000000000000000000, -0.000000000000000000, -0.000000000000000000 ) ) ;
#3374 = DIRECTION ( 'NONE',  ( 0.000000000000000000, -1.000000000000000000, 5.782411586589324901E-15 ) ) ;
#3375 = VECTOR ( 'NONE', #7043, 1000.000000000000000 ) ;
#3376 = CARTESIAN_POINT ( 'NONE',  ( 1.720000000000000195, 0.2300000000000000655, 3.727162940046486739 ) ) ;
#3377 = LINE ( 'NONE', #4514, #2288 ) ;
#3378 = AXIS2_PLACEMENT_3D ( 'NONE', #1116, #6704, #3452 ) ;
#3379 = LINE ( 'NONE', #7396, #5006 ) ;
#3380 = ORIENTED_EDGE ( 'NONE', *, *, #5030, .F. ) ;
#3381 = EDGE_CURVE ( 'NONE', #1760, #4420, #114, .T. ) ;
#3382 = VECTOR ( 'NONE', #906, 1000.000000000000227 ) ;
#3383 = DIRECTION ( 'NONE',  ( 0.000000000000000000, -5.782411586589326479E-15, -1.000000000000000000 ) ) ;
#3384 = COLOUR_RGB ( '',0.7921568627450980005, 0.8196078431372548767, 0.9333333333333333481 ) ;
#3385 = CARTESIAN_POINT ( 'NONE',  ( -2.089999999999999858, 0.2300000000000000655, 3.727162940046486739 ) ) ;
#3387 = ORIENTED_EDGE ( 'NONE', *, *, #3304, .F. ) ;
#3386 = CARTESIAN_POINT ( 'NONE',  ( -0.4599999999999996869, 0.8259778054016116977, -3.267971487849612000 ) ) ;
#3388 = FACE_OUTER_BOUND ( 'NONE', #5917, .T. ) ;
#3389 = PRESENTATION_LAYER_ASSIGNMENT (  '', '', ( #4687 ) ) ;
#3390 = ORIENTED_EDGE ( 'NONE', *, *, #6931, .T. ) ;
#3391 = AXIS2_PLACEMENT_3D ( 'NONE', #1796, #4072, #1868 ) ;
#3392 = SURFACE_STYLE_USAGE ( .BOTH. , #1047 ) ;
#3393 = VECTOR ( 'NONE', #168, 1000.000000000000000 ) ;
#3394 =( LENGTH_UNIT ( ) NAMED_UNIT ( * ) SI_UNIT ( .MILLI., .METRE. ) );
#3395 = DIRECTION ( 'NONE',  ( 1.000000000000000000, -0.000000000000000000, -0.000000000000000000 ) ) ;
#3396 = EDGE_CURVE ( 'NONE', #1882, #5911, #2209, .T. ) ;
#3397 = FILL_AREA_STYLE_COLOUR ( '', #5290 ) ;
#3398 = ORIENTED_EDGE ( 'NONE', *, *, #4262, .T. ) ;
#3399 = DIRECTION ( 'NONE',  ( -0.000000000000000000, 1.000000000000000000, -0.000000000000000000 ) ) ;
#3400 = EDGE_CURVE ( 'NONE', #387, #6884, #78, .T. ) ;
#3401 = AXIS2_PLACEMENT_3D ( 'NONE', #4005, #3383, #5734 ) ;
#3402 = DIRECTION ( 'NONE',  ( 0.000000000000000000, 0.000000000000000000, 1.000000000000000000 ) ) ;
#3403 = CARTESIAN_POINT ( 'NONE',  ( -0.8199999999999997291, 0.8259778054016116977, -3.267971487849612000 ) ) ;
#3404 = VERTEX_POINT ( 'NONE', #6251 ) ;
#3405 = ORIENTED_EDGE ( 'NONE', *, *, #7167, .T. ) ;
#3406 = UNCERTAINTY_MEASURE_WITH_UNIT (LENGTH_MEASURE( 1.000000000000000082E-05 ), #4985, 'distance_accuracy_value', 'NONE');
#3407 = ORIENTED_EDGE ( 'NONE', *, *, #3172, .T. ) ;
#3408 = EDGE_LOOP ( 'NONE', ( #7149, #5754, #2551, #3807 ) ) ;
#3409 = PRESENTATION_LAYER_ASSIGNMENT (  '', '', ( #6622 ) ) ;
#3410 = CARTESIAN_POINT ( 'NONE',  ( 1.720000000000000195, 0.000000000000000000, -4.065000000000001279 ) ) ;
#3411 = PLANE ( 'NONE',  #6438 ) ;
#3412 = LINE ( 'NONE', #1644, #6158 ) ;
#3413 = PRESENTATION_STYLE_ASSIGNMENT (( #1503 ) ) ;
#3414 = FILL_AREA_STYLE ('',( #593 ) ) ;
#3415 = EDGE_CURVE ( 'NONE', #329, #7307, #5057, .T. ) ;
#3416 =( GEOMETRIC_REPRESENTATION_CONTEXT ( 3 ) GLOBAL_UNCERTAINTY_ASSIGNED_CONTEXT ( ( #7347 ) ) GLOBAL_UNIT_ASSIGNED_CONTEXT ( ( #1585, #3865, #5549 ) ) REPRESENTATION_CONTEXT ( 'NONE', 'WORKASPACE' ) );
#3417 = CARTESIAN_POINT ( 'NONE',  ( -1.560000000000000053, 1.809999999999999387, -0.8999999999999995781 ) ) ;
#3418 = VERTEX_POINT ( 'NONE', #3482 ) ;
#3419 = DIRECTION ( 'NONE',  ( 0.000000000000000000, -6.091907941747214293E-16, 1.000000000000000000 ) ) ;
#3420 = CARTESIAN_POINT ( 'NONE',  ( 0.9800000000000002043, 1.809999999999999609, 0.9000000000000000222 ) ) ;
#3421 = CIRCLE ( 'NONE', #4357, 0.08000000000000020983 ) ;
#3422 = CARTESIAN_POINT ( 'NONE',  ( 2.080000000000000071, 0.7459778054016120707, 3.267971487849611556 ) ) ;
#3423 = ADVANCED_FACE ( 'NONE', ( #663 ), #5202, .F. ) ;
#3425 = EDGE_LOOP ( 'NONE', ( #2823, #2237, #6955, #6763 ) ) ;
#3424 = LINE ( 'NONE', #6260, #6194 ) ;
#3426 = SURFACE_STYLE_FILL_AREA ( #1158 ) ;
#3427 = VECTOR ( 'NONE', #7122, 1000.000000000000000 ) ;
#3428 = ORIENTED_EDGE ( 'NONE', *, *, #1716, .F. ) ;
#3429 = UNCERTAINTY_MEASURE_WITH_UNIT (LENGTH_MEASURE( 1.000000000000000082E-05 ), #4345, 'distance_accuracy_value', 'NONE');
#3430 = CARTESIAN_POINT ( 'NONE',  ( 2.349999999999999645, 2.109999999999999432, 1.750000000000000000 ) ) ;
#3431 = CARTESIAN_POINT ( 'NONE',  ( 1.080000000000000293, 2.309999999999999609, -1.750000000000000000 ) ) ;
#3432 = CARTESIAN_POINT ( 'NONE',  ( 0.9800000000000002043, 1.809999999999999609, 0.9000000000000003553 ) ) ;
#3433 = CARTESIAN_POINT ( 'NONE',  ( 0.2800000000000003042, 1.909999999999999476, -0.09999999999999961697 ) ) ;
#3434 = MECHANICAL_DESIGN_GEOMETRIC_PRESENTATION_REPRESENTATION (  '', ( #1872 ), #3183 ) ;
#3435 = ORIENTED_EDGE ( 'NONE', *, *, #7076, .F. ) ;
#3436 = CARTESIAN_POINT ( 'NONE',  ( -2.259999999999999787, 2.310000000000000053, -0.09999999999999961697 ) ) ;
#3437 = DIRECTION ( 'NONE',  ( 0.000000000000000000, -1.000000000000000000, -2.309200021407363875E-15 ) ) ;
#3438 = DIRECTION ( 'NONE',  ( 0.000000000000000000, 0.9914448613738116034, 0.1305261922200433300 ) ) ;
#3439 = VERTEX_POINT ( 'NONE', #2549 ) ;
#3440 = VECTOR ( 'NONE', #4724, 1000.000000000000000 ) ;
#3441 = VERTEX_POINT ( 'NONE', #3629 ) ;
#3442 =( GEOMETRIC_REPRESENTATION_CONTEXT ( 3 ) GLOBAL_UNCERTAINTY_ASSIGNED_CONTEXT ( ( #7388 ) ) GLOBAL_UNIT_ASSIGNED_CONTEXT ( ( #6565, #4353, #7225 ) ) REPRESENTATION_CONTEXT ( 'NONE', 'WORKASPACE' ) );
#3443 = EDGE_CURVE ( 'NONE', #4582, #2856, #2950, .T. ) ;
#3444 = CARTESIAN_POINT ( 'NONE',  ( -2.259999999999999787, 1.809999999999999609, 0.9000000000000000222 ) ) ;
#3445 = ORIENTED_EDGE ( 'NONE', *, *, #4725, .T. ) ;
#3446 = VERTEX_POINT ( 'NONE', #700 ) ;
#3447 = CARTESIAN_POINT ( 'NONE',  ( 0.8100000000000003864, 0.9759778054016126081, 3.089997332157669252 ) ) ;
#3448 = LINE ( 'NONE', #5093, #7350 ) ;
#3449 = DIRECTION ( 'NONE',  ( 2.409338161078898687E-16, 0.000000000000000000, 1.000000000000000000 ) ) ;
#3450 = EDGE_CURVE ( 'NONE', #5683, #3439, #2179, .T. ) ;
#3451 = EDGE_LOOP ( 'NONE', ( #1564, #3548, #5145, #2583 ) ) ;
#3452 = DIRECTION ( 'NONE',  ( 0.000000000000000000, 0.000000000000000000, -1.000000000000000000 ) ) ;
#3453 = CARTESIAN_POINT ( 'NONE',  ( 0.8100000000000003864, 0.9759778054016120530, -3.267971487849612000 ) ) ;
#3454 = VECTOR ( 'NONE', #2177, 1000.000000000000000 ) ;
#3455 = AXIS2_PLACEMENT_3D ( 'NONE', #3422, #1653, #5032 ) ;
#3456 = ORIENTED_EDGE ( 'NONE', *, *, #4115, .F. ) ;
#3457 = VECTOR ( 'NONE', #17, 1000.000000000000000 ) ;
#3458 = EDGE_LOOP ( 'NONE', ( #3943, #1806, #338, #5052 ) ) ;
#3459 = ADVANCED_FACE ( 'NONE', ( #1254 ), #4113, .T. ) ;
#3460 = EDGE_CURVE ( 'NONE', #7093, #3654, #3557, .T. ) ;
#3461 = CARTESIAN_POINT ( 'NONE',  ( -3.100000000000000089, 2.309999999999999609, 0.000000000000000000 ) ) ;
#3462 = SURFACE_STYLE_USAGE ( .BOTH. , #4493 ) ;
#3463 = CARTESIAN_POINT ( 'NONE',  ( -1.729999999999999760, 0.9000000000000003553, 3.100000000000000533 ) ) ;
#3464 = VECTOR ( 'NONE', #4804, 1000.000000000000000 ) ;
#3465 = DIRECTION ( 'NONE',  ( 0.000000000000000000, 0.000000000000000000, 1.000000000000000000 ) ) ;
#3466 = DIRECTION ( 'NONE',  ( 0.000000000000000000, 1.000000000000000000, 5.782411586589326479E-15 ) ) ;
#3467 = VECTOR ( 'NONE', #3232, 1000.000000000000000 ) ;
#3468 = CARTESIAN_POINT ( 'NONE',  ( 2.349999999999999645, 2.309999999999999609, 1.750000000000000000 ) ) ;
#3469 = EDGE_CURVE ( 'NONE', #387, #1715, #3659, .T. ) ;
#3470 =( NAMED_UNIT ( * ) PLANE_ANGLE_UNIT ( ) SI_UNIT ( $, .RADIAN. ) );
#3471 = VERTEX_POINT ( 'NONE', #7081 ) ;
#3472 = LINE ( 'NONE', #650, #5882 ) ;
#3473 = CYLINDRICAL_SURFACE ( 'NONE', #590, 0.07999999999999977962 ) ;
#3474 = ORIENTED_EDGE ( 'NONE', *, *, #2496, .F. ) ;
#3475 = CARTESIAN_POINT ( 'NONE',  ( 2.080000000000000071, 0.2092944763917980455, 3.649888873943361478 ) ) ;
#3476 = ORIENTED_EDGE ( 'NONE', *, *, #2457, .T. ) ;
#3477 = ORIENTED_EDGE ( 'NONE', *, *, #1843, .F. ) ;
#3478 = FACE_OUTER_BOUND ( 'NONE', #579, .T. ) ;
#3479 =( NAMED_UNIT ( * ) PLANE_ANGLE_UNIT ( ) SI_UNIT ( $, .RADIAN. ) );
#3480 = DIRECTION ( 'NONE',  ( 0.000000000000000000, 0.000000000000000000, -1.000000000000000000 ) ) ;
#3481 = FACE_OUTER_BOUND ( 'NONE', #2962, .T. ) ;
#3482 = CARTESIAN_POINT ( 'NONE',  ( -0.1899999999999998357, 2.309999999999999609, 1.750000000000000000 ) ) ;
#3483 = VECTOR ( 'NONE', #4923, 1000.000000000000000 ) ;
#3484 = ORIENTED_EDGE ( 'NONE', *, *, #6844, .F. ) ;
#3485 = VERTEX_POINT ( 'NONE', #2993 ) ;
#3486 = EDGE_CURVE ( 'NONE', #6997, #4826, #2474, .T. ) ;
#3487 = CARTESIAN_POINT ( 'NONE',  ( 2.080000000000000071, 0.9759778054016120530, -3.267971487849612000 ) ) ;
#3488 = MECHANICAL_DESIGN_GEOMETRIC_PRESENTATION_REPRESENTATION (  '', ( #5398 ), #6471 ) ;
#3489 = FILL_AREA_STYLE_COLOUR ( '', #964 ) ;
#3490 = CARTESIAN_POINT ( 'NONE',  ( -2.089999999999999858, 0.9759778054016128301, 3.267971487849612000 ) ) ;
#3492 = VERTEX_POINT ( 'NONE', #4706 ) ;
#3491 = FACE_OUTER_BOUND ( 'NONE', #5036, .T. ) ;
#3493 = AXIS2_PLACEMENT_3D ( 'NONE', #4395, #2692, #6688 ) ;
#3494 = PLANE ( 'NONE',  #2750 ) ;
#3495 = VECTOR ( 'NONE', #7220, 1000.000000000000000 ) ;
#3496 = EDGE_LOOP ( 'NONE', ( #109, #5684, #2995, #6540 ) ) ;
#3497 = VECTOR ( 'NONE', #1435, 1000.000000000000000 ) ;
#3498 = DIRECTION ( 'NONE',  ( 2.409338161078898687E-16, 0.000000000000000000, 1.000000000000000000 ) ) ;
#3499 = DIRECTION ( 'NONE',  ( 1.000000000000000000, -0.000000000000000000, -0.000000000000000000 ) ) ;
#3500 = FACE_OUTER_BOUND ( 'NONE', #1357, .T. ) ;
#3501 = DIRECTION ( 'NONE',  ( 0.000000000000000000, 0.000000000000000000, 1.000000000000000000 ) ) ;
#3502 = FACE_OUTER_BOUND ( 'NONE', #6567, .T. ) ;
#3503 = EDGE_CURVE ( 'NONE', #1141, #2579, #1907, .T. ) ;
#3504 = PRESENTATION_LAYER_ASSIGNMENT (  '', '', ( #775 ) ) ;
#3505 = FACE_OUTER_BOUND ( 'NONE', #3975, .T. ) ;
#3506 = VECTOR ( 'NONE', #6569, 1000.000000000000000 ) ;
#3507 = FILL_AREA_STYLE_COLOUR ( '', #2786 ) ;
#3508 = VERTEX_POINT ( 'NONE', #7004 ) ;
#3509 = PLANE ( 'NONE',  #4295 ) ;
#3510 = EDGE_LOOP ( 'NONE', ( #5379, #1957, #3100, #5122 ) ) ;
#3511 = CARTESIAN_POINT ( 'NONE',  ( -0.8199999999999997291, 0.2300000000000000655, 3.727162940046486739 ) ) ;
#3512 = LINE ( 'NONE', #2937, #6771 ) ;
#3513 = EDGE_CURVE ( 'NONE', #840, #2131, #1974, .T. ) ;
#3514 = ORIENTED_EDGE ( 'NONE', *, *, #6183, .T. ) ;
#3515 = DIRECTION ( 'NONE',  ( 1.000000000000000000, 0.000000000000000000, 0.000000000000000000 ) ) ;
#3516 = ORIENTED_EDGE ( 'NONE', *, *, #860, .T. ) ;
#3517 = ORIENTED_EDGE ( 'NONE', *, *, #2771, .F. ) ;
#3518 = DIRECTION ( 'NONE',  ( 0.000000000000000000, -0.000000000000000000, 1.000000000000000000 ) ) ;
#3519 = VECTOR ( 'NONE', #7047, 1000.000000000000000 ) ;
#3520 = FILL_AREA_STYLE_COLOUR ( '', #2332 ) ;
#3521 = LINE ( 'NONE', #5764, #4813 ) ;
#3522 = ORIENTED_EDGE ( 'NONE', *, *, #1765, .T. ) ;
#3523 = VERTEX_POINT ( 'NONE', #4148 ) ;
#3524 = CARTESIAN_POINT ( 'NONE',  ( 2.080000000000000071, 0.4165028980787994772, -3.163653601044189134 ) ) ;
#3525 =( NAMED_UNIT ( * ) PLANE_ANGLE_UNIT ( ) SI_UNIT ( $, .RADIAN. ) );
#3526 = CARTESIAN_POINT ( 'NONE',  ( 2.080000000000000071, 0.000000000000000000, -3.347971487849612959 ) ) ;
#3527 = CARTESIAN_POINT ( 'NONE',  ( -1.729999999999999760, 0.7666833290098139519, 3.345245553952737261 ) ) ;
#3529 = CARTESIAN_POINT ( 'NONE',  ( 0.4500000000000002887, 0.7459778054016120707, 3.267971487849611556 ) ) ;
#3528 = CARTESIAN_POINT ( 'NONE',  ( 1.720000000000000195, 0.8259778054016116977, 3.267971487849612000 ) ) ;
#3530 = EDGE_CURVE ( 'NONE', #3441, #4627, #6428, .T. ) ;
#3531 = VERTEX_POINT ( 'NONE', #4183 ) ;
#3532 = VECTOR ( 'NONE', #5992, 1000.000000000000000 ) ;
#3533 = DIRECTION ( 'NONE',  ( -1.000000000000000000, 0.000000000000000000, 0.000000000000000000 ) ) ;
#3534 = EDGE_CURVE ( 'NONE', #6457, #3485, #3066, .T. ) ;
#3535 = FILL_AREA_STYLE ('',( #2927 ) ) ;
#3536 =( NAMED_UNIT ( * ) SI_UNIT ( $, .STERADIAN. ) SOLID_ANGLE_UNIT ( ) );
#3537 = LINE ( 'NONE', #5821, #721 ) ;
#3538 = EDGE_CURVE ( 'NONE', #6776, #5862, #1396, .T. ) ;
#3539 = CIRCLE ( 'NONE', #6637, 0.2300000000000001765 ) ;
#3540 = CARTESIAN_POINT ( 'NONE',  ( -2.259999999999999787, 1.909999999999999476, -0.09999999999999961697 ) ) ;
#3541 = ADVANCED_FACE ( 'NONE', ( #5424 ), #6020, .T. ) ;
#3542 = ORIENTED_EDGE ( 'NONE', *, *, #1087, .F. ) ;
#3543 = CARTESIAN_POINT ( 'NONE',  ( 2.080000000000000071, 0.2300000000000000655, 3.727162940046486739 ) ) ;
#3544 =( NAMED_UNIT ( * ) SI_UNIT ( $, .STERADIAN. ) SOLID_ANGLE_UNIT ( ) );
#3545 = CARTESIAN_POINT ( 'NONE',  ( -3.100000000000000089, 0.000000000000000000, 0.000000000000000000 ) ) ;
#3546 = EDGE_LOOP ( 'NONE', ( #2448, #3326, #5807, #586, #138, #403, #6733, #5265, #5788, #895, #479, #434, #3060 ) ) ;
#3547 = VECTOR ( 'NONE', #4063, 1000.000000000000000 ) ;
#3548 = ORIENTED_EDGE ( 'NONE', *, *, #342, .F. ) ;
#3549 = ADVANCED_FACE ( 'NONE', ( #3207 ), #363, .F. ) ;
#3550 = EDGE_CURVE ( 'NONE', #3418, #653, #3134, .T. ) ;
#3551 = VERTEX_POINT ( 'NONE', #3169 ) ;
#3552 =( NAMED_UNIT ( * ) PLANE_ANGLE_UNIT ( ) SI_UNIT ( $, .RADIAN. ) );
#3553 = SURFACE_STYLE_FILL_AREA ( #5725 ) ;
#3555 = SURFACE_STYLE_USAGE ( .BOTH. , #5875 ) ;
#3554 = VECTOR ( 'NONE', #5329, 1000.000000000000000 ) ;
#3556 = DIRECTION ( 'NONE',  ( -1.000000000000000000, -0.000000000000000000, -0.000000000000000000 ) ) ;
#3557 = LINE ( 'NONE', #6357, #5403 ) ;
#3558 = VERTEX_POINT ( 'NONE', #915 ) ;
#3559 = PRESENTATION_LAYER_ASSIGNMENT (  '', '', ( #1301 ) ) ;
#3560 = ORIENTED_EDGE ( 'NONE', *, *, #2, .T. ) ;
#3561 = SURFACE_STYLE_FILL_AREA ( #4672 ) ;
#3562 = DIRECTION ( 'NONE',  ( -1.000000000000000000, 0.000000000000000000, 0.000000000000000000 ) ) ;
#3563 = CARTESIAN_POINT ( 'NONE',  ( -0.4599999999999996869, -2.940055364177525671E-15, -3.497971487849612426 ) ) ;
#3564 = ORIENTED_EDGE ( 'NONE', *, *, #5690, .T. ) ;
#3565 = FACE_OUTER_BOUND ( 'NONE', #3458, .T. ) ;
#3566 = VECTOR ( 'NONE', #756, 1000.000000000000000 ) ;
#3567 = EDGE_LOOP ( 'NONE', ( #1248, #5429, #3023, #1862 ) ) ;
#3568 = LINE ( 'NONE', #5964, #5924 ) ;
#3569 =( GEOMETRIC_REPRESENTATION_CONTEXT ( 3 ) GLOBAL_UNCERTAINTY_ASSIGNED_CONTEXT ( ( #221 ) ) GLOBAL_UNIT_ASSIGNED_CONTEXT ( ( #6749, #2880, #6218 ) ) REPRESENTATION_CONTEXT ( 'NONE', 'WORKASPACE' ) );
#3570 = EDGE_CURVE ( 'NONE', #6899, #3191, #4853, .T. ) ;
#3571 =( NAMED_UNIT ( * ) PLANE_ANGLE_UNIT ( ) SI_UNIT ( $, .RADIAN. ) );
#3572 = AXIS2_PLACEMENT_3D ( 'NONE', #6557, #5934, #4300 ) ;
#3573 = LINE ( 'NONE', #5331, #4038 ) ;
#3574 = CIRCLE ( 'NONE', #6804, 0.07999999999999977962 ) ;
#3575 = CARTESIAN_POINT ( 'NONE',  ( -2.089999999999999858, 0.1500000000000008271, -4.065000000000000391 ) ) ;
#3576 = VECTOR ( 'NONE', #1576, 1000.000000000000000 ) ;
#3577 = SURFACE_SIDE_STYLE ('',( #1888 ) ) ;
#3578 = VECTOR ( 'NONE', #6595, 1000.000000000000000 ) ;
#3579 = EDGE_LOOP ( 'NONE', ( #1175, #6418, #1062, #1390 ) ) ;
#3580 = EDGE_CURVE ( 'NONE', #911, #4124, #4085, .T. ) ;
#3581 = DIRECTION ( 'NONE',  ( -1.000000000000000000, -0.000000000000000000, -0.000000000000000000 ) ) ;
#3582 = AXIS2_PLACEMENT_3D ( 'NONE', #2086, #5743, #2335 ) ;
#3583 = LINE ( 'NONE', #688, #5288 ) ;
#3584 = SURFACE_SIDE_STYLE ('',( #7034 ) ) ;
#3585 = ORIENTED_EDGE ( 'NONE', *, *, #323, .F. ) ;
#3586 = PLANE ( 'NONE',  #1998 ) ;
#3587 = ORIENTED_EDGE ( 'NONE', *, *, #2242, .F. ) ;
#3588 =( GEOMETRIC_REPRESENTATION_CONTEXT ( 3 ) GLOBAL_UNCERTAINTY_ASSIGNED_CONTEXT ( ( #5344 ) ) GLOBAL_UNIT_ASSIGNED_CONTEXT ( ( #2710, #3749, #1443 ) ) REPRESENTATION_CONTEXT ( 'NONE', 'WORKASPACE' ) );
#3589 = ORIENTED_EDGE ( 'NONE', *, *, #3790, .F. ) ;
#3590 = ORIENTED_EDGE ( 'NONE', *, *, #6931, .F. ) ;
#3591 = DIRECTION ( 'NONE',  ( 1.000000000000000000, 0.000000000000000000, -0.000000000000000000 ) ) ;
#3592 =( NAMED_UNIT ( * ) PLANE_ANGLE_UNIT ( ) SI_UNIT ( $, .RADIAN. ) );
#3593 = CARTESIAN_POINT ( 'NONE',  ( -2.552716897201371182, 2.059999999999999165, 2.947283102798628374 ) ) ;
#3594 = SURFACE_STYLE_FILL_AREA ( #153 ) ;
#3595 = EDGE_CURVE ( 'NONE', #4141, #3303, #6001, .T. ) ;
#3596 = VERTEX_POINT ( 'NONE', #3732 ) ;
#3597 = ORIENTED_EDGE ( 'NONE', *, *, #4929, .T. ) ;
#3598 = FACE_OUTER_BOUND ( 'NONE', #7182, .T. ) ;
#3599 = CARTESIAN_POINT ( 'NONE',  ( 0.8100000000000003864, 0.2092944763917980455, 3.649888873943361478 ) ) ;
#3601 = ORIENTED_EDGE ( 'NONE', *, *, #3356, .T. ) ;
#3600 = SURFACE_STYLE_USAGE ( .BOTH. , #6440 ) ;
#3602 = EDGE_CURVE ( 'NONE', #2131, #2615, #3249, .T. ) ;
#3603 = LINE ( 'NONE', #6401, #1073 ) ;
#3604 = ORIENTED_EDGE ( 'NONE', *, *, #2683, .F. ) ;
#3605 = VECTOR ( 'NONE', #7163, 1000.000000000000000 ) ;
#3606 = LINE ( 'NONE', #863, #6514 ) ;
#3607 = STYLED_ITEM ( 'NONE', ( #3290 ), #3668 ) ;
#3608 = FACE_OUTER_BOUND ( 'NONE', #5553, .T. ) ;
#3609 = PRESENTATION_LAYER_ASSIGNMENT (  '', '', ( #3725 ) ) ;
#3610 = DIRECTION ( 'NONE',  ( 1.000000000000000000, 0.000000000000000000, 0.000000000000000000 ) ) ;
#3611 = PRESENTATION_STYLE_ASSIGNMENT (( #5221 ) ) ;
#3612 = FACE_BOUND ( 'NONE', #6692, .T. ) ;
#3613 = ORIENTED_EDGE ( 'NONE', *, *, #1328, .T. ) ;
#3614 = PLANE ( 'NONE',  #5039 ) ;
#3615 =( GEOMETRIC_REPRESENTATION_CONTEXT ( 3 ) GLOBAL_UNCERTAINTY_ASSIGNED_CONTEXT ( ( #3745 ) ) GLOBAL_UNIT_ASSIGNED_CONTEXT ( ( #1095, #3470, #2896 ) ) REPRESENTATION_CONTEXT ( 'NONE', 'WORKASPACE' ) );
#3616 = ORIENTED_EDGE ( 'NONE', *, *, #194, .T. ) ;
#3617 =( NAMED_UNIT ( * ) PLANE_ANGLE_UNIT ( ) SI_UNIT ( $, .RADIAN. ) );
#3618 = CARTESIAN_POINT ( 'NONE',  ( -1.729999999999999760, 0.8259778054016116977, 3.267971487849612000 ) ) ;
#3619 = ORIENTED_EDGE ( 'NONE', *, *, #1080, .F. ) ;
#3620 = CIRCLE ( 'NONE', #5062, 0.07999999999999977962 ) ;
#3621 = UNCERTAINTY_MEASURE_WITH_UNIT (LENGTH_MEASURE( 1.000000000000000082E-05 ), #5709, 'distance_accuracy_value', 'NONE');
#3622 = EDGE_CURVE ( 'NONE', #6801, #1572, #6092, .T. ) ;
#3623 = VERTEX_POINT ( 'NONE', #1495 ) ;
#3624 = VECTOR ( 'NONE', #2669, 1000.000000000000000 ) ;
#3625 = VERTEX_POINT ( 'NONE', #5453 ) ;
#3626 = DIRECTION ( 'NONE',  ( 1.000000000000000000, 0.000000000000000000, 0.000000000000000000 ) ) ;
#3627 = EDGE_CURVE ( 'NONE', #4960, #2499, #6570, .T. ) ;
#3628 = LINE ( 'NONE', #5835, #5416 ) ;
#3629 = CARTESIAN_POINT ( 'NONE',  ( 1.720000000000000195, 0.1500000000000008271, -4.065000000000000391 ) ) ;
#3630 = ORIENTED_EDGE ( 'NONE', *, *, #2133, .F. ) ;
#3631 = VECTOR ( 'NONE', #1039, 1000.000000000000000 ) ;
#3632 = EDGE_LOOP ( 'NONE', ( #6391, #7303, #6415, #3214 ) ) ;
#3633 = PLANE ( 'NONE',  #2780 ) ;
#3634 = EDGE_CURVE ( 'NONE', #2908, #1320, #6714, .T. ) ;
#3635 = DIRECTION ( 'NONE',  ( 0.000000000000000000, 2.226157494760227923E-16, 1.000000000000000000 ) ) ;
#3636 = CARTESIAN_POINT ( 'NONE',  ( -1.729999999999999760, 0.8259778054016116977, -3.267971487849612000 ) ) ;
#3637 = FACE_OUTER_BOUND ( 'NONE', #7193, .T. ) ;
#3638 = DIRECTION ( 'NONE',  ( -1.000000000000000000, -0.000000000000000000, -0.000000000000000000 ) ) ;
#3639 = ADVANCED_FACE ( 'NONE', ( #7269 ), #3768, .F. ) ;
#3640 = VECTOR ( 'NONE', #1749, 1000.000000000000114 ) ;
#3641 = LINE ( 'NONE', #5932, #973 ) ;
#3642 = CARTESIAN_POINT ( 'NONE',  ( -1.729999999999999760, 0.8055061857751930621, 3.490134427896098401 ) ) ;
#3643 = PLANE ( 'NONE',  #3572 ) ;
#3644 = VECTOR ( 'NONE', #2411, 1000.000000000000000 ) ;
#3645 = PRESENTATION_LAYER_ASSIGNMENT (  '', '', ( #5204 ) ) ;
#3646 = CARTESIAN_POINT ( 'NONE',  ( 0.8100000000000003864, 0.9759778054016126081, 3.089997332157669252 ) ) ;
#3647 = PRESENTATION_STYLE_ASSIGNMENT (( #6492 ) ) ;
#3648 = ORIENTED_EDGE ( 'NONE', *, *, #6508, .T. ) ;
#3649 = FILL_AREA_STYLE ('',( #7143 ) ) ;
#3650 = ORIENTED_EDGE ( 'NONE', *, *, #6987, .F. ) ;
#3651 = SURFACE_SIDE_STYLE ('',( #1387 ) ) ;
#3652 = ORIENTED_EDGE ( 'NONE', *, *, #2575, .T. ) ;
#3653 = STYLED_ITEM ( 'NONE', ( #1828 ), #4809 ) ;
#3654 = VERTEX_POINT ( 'NONE', #2090 ) ;
#3655 = ORIENTED_EDGE ( 'NONE', *, *, #365, .T. ) ;
#3656 = FACE_OUTER_BOUND ( 'NONE', #3879, .T. ) ;
#3657 = EDGE_CURVE ( 'NONE', #3492, #2839, #6128, .T. ) ;
#3658 = DIRECTION ( 'NONE',  ( -0.000000000000000000, 1.000000000000000000, -0.000000000000000000 ) ) ;
#3659 = LINE ( 'NONE', #2434, #5881 ) ;
#3660 = AXIS2_PLACEMENT_3D ( 'NONE', #4349, #2642, #6119 ) ;
#3661 = ORIENTED_EDGE ( 'NONE', *, *, #6608, .F. ) ;
#3662 = ORIENTED_EDGE ( 'NONE', *, *, #63, .T. ) ;
#3663 = AXIS2_PLACEMENT_3D ( 'NONE', #2790, #6220, #1119 ) ;
#3664 = VERTEX_POINT ( 'NONE', #7231 ) ;
#3665 = CARTESIAN_POINT ( 'NONE',  ( -3.100000000000000089, 0.1000000000000000472, 2.885640646055106728 ) ) ;
#3666 = LINE ( 'NONE', #3702, #3497 ) ;
#3667 = LINE ( 'NONE', #1838, #3519 ) ;
#3668 = ADVANCED_FACE ( 'NONE', ( #949 ), #4936, .F. ) ;
#3669 = LINE ( 'NONE', #959, #3804 ) ;
#3670 = SURFACE_SIDE_STYLE ('',( #163 ) ) ;
#3671 = ORIENTED_EDGE ( 'NONE', *, *, #3798, .T. ) ;
#3672 = VECTOR ( 'NONE', #1313, 1000.000000000000000 ) ;
#3673 = SURFACE_STYLE_USAGE ( .BOTH. , #4868 ) ;
#3674 = CARTESIAN_POINT ( 'NONE',  ( 2.080000000000000071, 0.8259778054016121418, 3.080165812735383035 ) ) ;
#3675 = DIRECTION ( 'NONE',  ( -1.000000000000000000, -0.000000000000000000, -0.000000000000000000 ) ) ;
#3676 = CARTESIAN_POINT ( 'NONE',  ( -0.8199999999999997291, 0.8259778054016115867, -3.080165812735382591 ) ) ;
#3677 = FACE_OUTER_BOUND ( 'NONE', #1290, .T. ) ;
#3678 =( NAMED_UNIT ( * ) SI_UNIT ( $, .STERADIAN. ) SOLID_ANGLE_UNIT ( ) );
#3679 = MECHANICAL_DESIGN_GEOMETRIC_PRESENTATION_REPRESENTATION (  '', ( #1325 ), #4504 ) ;
#3680 = CARTESIAN_POINT ( 'NONE',  ( 0.9800000000000002043, 1.809999999999999609, 0.9000000000000000222 ) ) ;
#3681 = EDGE_CURVE ( 'NONE', #2773, #5234, #4546, .T. ) ;
#3682 = CARTESIAN_POINT ( 'NONE',  ( -1.729999999999999760, 0.7459778054016128479, -3.497971487849612870 ) ) ;
#3683 = SURFACE_SIDE_STYLE ('',( #1855 ) ) ;
#3684 = CIRCLE ( 'NONE', #6313, 0.2300000000000010369 ) ;
#3685 =( LENGTH_UNIT ( ) NAMED_UNIT ( * ) SI_UNIT ( .MILLI., .METRE. ) );
#3686 = COLOUR_RGB ( '',1.000000000000000000, 1.000000000000000000, 1.000000000000000000 ) ;
#3687 = EDGE_LOOP ( 'NONE', ( #1137, #2872, #4597, #2799 ) ) ;
#3688 = DIRECTION ( 'NONE',  ( 0.000000000000000000, -0.9659258262890698665, 0.2588190451025146888 ) ) ;
#3689 = EDGE_CURVE ( 'NONE', #7364, #2506, #1602, .T. ) ;
#3690 = ORIENTED_EDGE ( 'NONE', *, *, #6414, .T. ) ;
#3691 = AXIS2_PLACEMENT_3D ( 'NONE', #1093, #3395, #1668 ) ;
#3692 = ORIENTED_EDGE ( 'NONE', *, *, #3415, .T. ) ;
#3693 =( NAMED_UNIT ( * ) SI_UNIT ( $, .STERADIAN. ) SOLID_ANGLE_UNIT ( ) );
#3694 = LINE ( 'NONE', #3065, #2553 ) ;
#3695 = DIRECTION ( 'NONE',  ( 0.000000000000000000, 0.000000000000000000, 1.000000000000000000 ) ) ;
#3696 = VERTEX_POINT ( 'NONE', #6278 ) ;
#3697 = AXIS2_PLACEMENT_3D ( 'NONE', #3080, #5255, #5894 ) ;
#3698 = ORIENTED_EDGE ( 'NONE', *, *, #1221, .T. ) ;
#3699 = VERTEX_POINT ( 'NONE', #3403 ) ;
#3700 = LINE ( 'NONE', #4860, #6888 ) ;
#3701 = ORIENTED_EDGE ( 'NONE', *, *, #4169, .T. ) ;
#3702 = CARTESIAN_POINT ( 'NONE',  ( -0.8199999999999997291, 0.1500000000000008271, 4.065000000000000391 ) ) ;
#3703 = PLANE ( 'NONE',  #2819 ) ;
#3704 = DIRECTION ( 'NONE',  ( 0.000000000000000000, 6.091907941747214293E-16, -1.000000000000000000 ) ) ;
#3705 = PLANE ( 'NONE',  #6710 ) ;
#3707 = CARTESIAN_POINT ( 'NONE',  ( -0.4599999999999996869, -7.047314121155778821E-16, 3.727162940046487183 ) ) ;
#3706 =( NAMED_UNIT ( * ) PLANE_ANGLE_UNIT ( ) SI_UNIT ( $, .RADIAN. ) );
#3708 = EDGE_CURVE ( 'NONE', #2427, #5198, #3954, .T. ) ;
#3709 = COLOUR_RGB ( '',0.2509803921568627416, 0.2509803921568627416, 0.2509803921568627416 ) ;
#3710 = CARTESIAN_POINT ( 'NONE',  ( 0.8100000000000003864, 0.7459778054016127369, -3.267971487849611556 ) ) ;
#3711 = LINE ( 'NONE', #6522, #6875 ) ;
#3712 = FACE_OUTER_BOUND ( 'NONE', #3408, .T. ) ;
#3713 = FACE_OUTER_BOUND ( 'NONE', #5827, .T. ) ;
#3714 = CARTESIAN_POINT ( 'NONE',  ( -1.729999999999999760, 0.1500000000000008271, 4.065000000000000391 ) ) ;
#3715 = STYLED_ITEM ( 'NONE', ( #4372 ), #3260 ) ;
#3716 = DIRECTION ( 'NONE',  ( 0.000000000000000000, 2.226157494760227923E-16, 1.000000000000000000 ) ) ;
#3717 = SURFACE_STYLE_USAGE ( .BOTH. , #5555 ) ;
#3718 = AXIS2_PLACEMENT_3D ( 'NONE', #1088, #3354, #4043 ) ;
#3719 = EDGE_CURVE ( 'NONE', #6712, #2908, #5682, .T. ) ;
#3720 =( NAMED_UNIT ( * ) SI_UNIT ( $, .STERADIAN. ) SOLID_ANGLE_UNIT ( ) );
#3721 = LINE ( 'NONE', #2002, #245 ) ;
#3722 = COLOUR_RGB ( '',1.000000000000000000, 1.000000000000000000, 1.000000000000000000 ) ;
#3723 = VERTEX_POINT ( 'NONE', #6727 ) ;
#3724 =( GEOMETRIC_REPRESENTATION_CONTEXT ( 3 ) GLOBAL_UNCERTAINTY_ASSIGNED_CONTEXT ( ( #6178 ) ) GLOBAL_UNIT_ASSIGNED_CONTEXT ( ( #2726, #2578, #543 ) ) REPRESENTATION_CONTEXT ( 'NONE', 'WORKASPACE' ) );
#3725 = STYLED_ITEM ( 'NONE', ( #1347 ), #7333 ) ;
#3726 = PRESENTATION_LAYER_ASSIGNMENT (  '', '', ( #6963 ) ) ;
#3727 = LINE ( 'NONE', #2044, #584 ) ;
#3728 = VERTEX_POINT ( 'NONE', #2903 ) ;
#3729 = DIRECTION ( 'NONE',  ( 0.000000000000000000, 0.000000000000000000, 1.000000000000000000 ) ) ;
#3730 = ADVANCED_FACE ( 'NONE', ( #2802 ), #4425, .F. ) ;
#3731 = CARTESIAN_POINT ( 'NONE',  ( 0.8100000000000003864, -2.940055364177525671E-15, -3.497971487849612426 ) ) ;
#3732 = CARTESIAN_POINT ( 'NONE',  ( 3.100000000000000089, 0.9000000000000003553, -3.099999999999999645 ) ) ;
#3733 = ORIENTED_EDGE ( 'NONE', *, *, #7134, .F. ) ;
#3734 = COLOUR_RGB ( '',0.7921568627450980005, 0.8196078431372548767, 0.9333333333333333481 ) ;
#3735 = EDGE_LOOP ( 'NONE', ( #4902, #5143, #6573, #2657 ) ) ;
#3736 = AXIS2_PLACEMENT_3D ( 'NONE', #2353, #812, #113 ) ;
#3737 = VERTEX_POINT ( 'NONE', #1101 ) ;
#3738 = CARTESIAN_POINT ( 'NONE',  ( 1.720000000000000195, 0.7459778054016128479, -3.497971487849612870 ) ) ;
#3739 = VERTEX_POINT ( 'NONE', #3365 ) ;
#3740 = CARTESIAN_POINT ( 'NONE',  ( -0.4599999999999996869, 0.9759778054016119420, -3.089997332157668808 ) ) ;
#3741 = LINE ( 'NONE', #446, #2216 ) ;
#3742 = VECTOR ( 'NONE', #1441, 1000.000000000000000 ) ;
#3743 = PLANE ( 'NONE',  #1363 ) ;
#3744 = DIRECTION ( 'NONE',  ( -1.000000000000000000, 0.000000000000000000, 0.000000000000000000 ) ) ;
#3745 = UNCERTAINTY_MEASURE_WITH_UNIT (LENGTH_MEASURE( 1.000000000000000082E-05 ), #1095, 'distance_accuracy_value', 'NONE');
#3746 = FILL_AREA_STYLE ('',( #856 ) ) ;
#3747 = CARTESIAN_POINT ( 'NONE',  ( 0.9800000000000002043, 1.909999999999999476, -0.09999999999999961697 ) ) ;
#3748 =( GEOMETRIC_REPRESENTATION_CONTEXT ( 3 ) GLOBAL_UNCERTAINTY_ASSIGNED_CONTEXT ( ( #2766 ) ) GLOBAL_UNIT_ASSIGNED_CONTEXT ( ( #2520, #3525, #4118 ) ) REPRESENTATION_CONTEXT ( 'NONE', 'WORKASPACE' ) );
#3749 =( NAMED_UNIT ( * ) PLANE_ANGLE_UNIT ( ) SI_UNIT ( $, .RADIAN. ) );
#3750 = EDGE_CURVE ( 'NONE', #1791, #4584, #6879, .T. ) ;
#3751 = CARTESIAN_POINT ( 'NONE',  ( -1.729999999999999760, 0.1500000000000017153, -3.339236242140380218E-17 ) ) ;
#3752 = CARTESIAN_POINT ( 'NONE',  ( 0.8100000000000003864, 0.9000000000000003553, 3.100000000000000533 ) ) ;
#3753 = COLOUR_RGB ( '',0.2509803921568627416, 0.2509803921568627416, 0.2509803921568627416 ) ;
#3754 = PRESENTATION_STYLE_ASSIGNMENT (( #3717 ) ) ;
#3755 = CARTESIAN_POINT ( 'NONE',  ( 2.080000000000000071, 0.000000000000000000, 4.065000000000001279 ) ) ;
#3756 = LINE ( 'NONE', #2498, #3495 ) ;
#3757 = EDGE_CURVE ( 'NONE', #1606, #444, #1058, .T. ) ;
#3758 = LINE ( 'NONE', #3161, #1407 ) ;
#3759 = ORIENTED_EDGE ( 'NONE', *, *, #107, .T. ) ;
#3760 = AXIS2_PLACEMENT_3D ( 'NONE', #5726, #6738, #5092 ) ;
#3761 = CARTESIAN_POINT ( 'NONE',  ( 3.100000000000000089, -0.7147114317029832353, -2.667339375865894091 ) ) ;
#3762 = ADVANCED_FACE ( 'NONE', ( #1206 ), #3473, .F. ) ;
#3763 = ORIENTED_EDGE ( 'NONE', *, *, #5442, .T. ) ;
#3764 = VECTOR ( 'NONE', #6354, 1000.000000000000000 ) ;
#3765 = DIRECTION ( 'NONE',  ( 0.000000000000000000, -0.000000000000000000, -1.000000000000000000 ) ) ;
#3766 = CARTESIAN_POINT ( 'NONE',  ( -1.729999999999999760, 0.8259778054016121418, 3.080165812735383035 ) ) ;
#3767 = LINE ( 'NONE', #3206, #74 ) ;
#3768 = PLANE ( 'NONE',  #3493 ) ;
#3769 = EDGE_LOOP ( 'NONE', ( #5307, #6541, #505, #1114 ) ) ;
#3770 = VECTOR ( 'NONE', #6284, 1000.000000000000000 ) ;
#3771 = VERTEX_POINT ( 'NONE', #5604 ) ;
#3772 = EDGE_CURVE ( 'NONE', #835, #1460, #5193, .T. ) ;
#3773 = EDGE_CURVE ( 'NONE', #4132, #3848, #5304, .T. ) ;
#3774 = EDGE_LOOP ( 'NONE', ( #5581, #2357, #1517, #3476 ) ) ;
#3775 = DIRECTION ( 'NONE',  ( 0.000000000000000000, -1.000000000000000000, 0.000000000000000000 ) ) ;
#3776 = VECTOR ( 'NONE', #7391, 1000.000000000000000 ) ;
#3777 =( NAMED_UNIT ( * ) PLANE_ANGLE_UNIT ( ) SI_UNIT ( $, .RADIAN. ) );
#3778 = CARTESIAN_POINT ( 'NONE',  ( -0.4599999999999996869, 0.8055061857751930621, 3.490134427896098401 ) ) ;
#3779 = CARTESIAN_POINT ( 'NONE',  ( 1.080000000000000293, 2.109999999999999432, -1.750000000000000000 ) ) ;
#3780 = DIRECTION ( 'NONE',  ( 0.000000000000000000, 0.000000000000000000, -1.000000000000000000 ) ) ;
#3781 = DIRECTION ( 'NONE',  ( -1.000000000000000000, -0.000000000000000000, -0.000000000000000000 ) ) ;
#3782 = EDGE_CURVE ( 'NONE', #6684, #2793, #6950, .T. ) ;
#3783 = DIRECTION ( 'NONE',  ( 0.000000000000000000, 0.000000000000000000, -1.000000000000000000 ) ) ;
#3784 = CARTESIAN_POINT ( 'NONE',  ( -1.560000000000000053, 1.909999999999999476, -0.09999999999999961697 ) ) ;
#3785 = CARTESIAN_POINT ( 'NONE',  ( -0.8199999999999997291, 0.1500000000000008271, -4.065000000000000391 ) ) ;
#3786 = AXIS2_PLACEMENT_3D ( 'NONE', #2490, #4198, #1197 ) ;
#3787 = CARTESIAN_POINT ( 'NONE',  ( 2.080000000000000071, 0.1500000000000008271, -4.065000000000000391 ) ) ;
#3788 = DIRECTION ( 'NONE',  ( -1.000000000000000000, 0.000000000000000000, 0.000000000000000000 ) ) ;
#3789 = ORIENTED_EDGE ( 'NONE', *, *, #5131, .F. ) ;
#3790 = EDGE_CURVE ( 'NONE', #6689, #7309, #3022, .T. ) ;
#3791 = PRESENTATION_STYLE_ASSIGNMENT (( #2678 ) ) ;
#3792 = CARTESIAN_POINT ( 'NONE',  ( 1.550000000000000266, 1.909999999999999476, -0.09999999999999961697 ) ) ;
#3793 = DIRECTION ( 'NONE',  ( 0.000000000000000000, -0.000000000000000000, 1.000000000000000000 ) ) ;
#3794 = SURFACE_STYLE_USAGE ( .BOTH. , #7221 ) ;
#3795 = ORIENTED_EDGE ( 'NONE', *, *, #4309, .F. ) ;
#3796 = PRESENTATION_STYLE_ASSIGNMENT (( #2083 ) ) ;
#3797 = PRESENTATION_LAYER_ASSIGNMENT (  '', '', ( #957 ) ) ;
#3798 = EDGE_CURVE ( 'NONE', #5435, #6652, #3087, .T. ) ;
#3799 = PRESENTATION_STYLE_ASSIGNMENT (( #470 ) ) ;
#3800 = VECTOR ( 'NONE', #2855, 1000.000000000000000 ) ;
#3801 = ORIENTED_EDGE ( 'NONE', *, *, #6513, .F. ) ;
#3802 = CARTESIAN_POINT ( 'NONE',  ( -2.360000000000000320, 2.309999999999999609, -1.750000000000000000 ) ) ;
#3803 = CARTESIAN_POINT ( 'NONE',  ( 2.080000000000000071, 0.8999999999999998002, -3.100000000000000089 ) ) ;
#3804 = VECTOR ( 'NONE', #3704, 1000.000000000000000 ) ;
#3805 = DIRECTION ( 'NONE',  ( -0.000000000000000000, -1.000000000000000000, -0.000000000000000000 ) ) ;
#3806 = CARTESIAN_POINT ( 'NONE',  ( 0.8100000000000003864, 0.9759778054016126081, 3.089997332157669252 ) ) ;
#3807 = ORIENTED_EDGE ( 'NONE', *, *, #1562, .T. ) ;
#3808 = EDGE_CURVE ( 'NONE', #3485, #6820, #6994, .T. ) ;
#3809 = STYLED_ITEM ( 'NONE', ( #5594 ), #830 ) ;
#3810 = ORIENTED_EDGE ( 'NONE', *, *, #5413, .T. ) ;
#3811 = ORIENTED_EDGE ( 'NONE', *, *, #969, .F. ) ;
#3812 = CARTESIAN_POINT ( 'NONE',  ( -1.090000000000000080, 2.309999999999999609, -1.750000000000000000 ) ) ;
#3813 = ORIENTED_EDGE ( 'NONE', *, *, #2012, .T. ) ;
#3814 = SURFACE_STYLE_FILL_AREA ( #7358 ) ;
#3815 = AXIS2_PLACEMENT_3D ( 'NONE', #750, #4047, #87 ) ;
#3816 = EDGE_CURVE ( 'NONE', #6022, #7046, #218, .T. ) ;
#3818 = DIRECTION ( 'NONE',  ( 0.000000000000000000, 0.000000000000000000, -1.000000000000000000 ) ) ;
#3817 = DIRECTION ( 'NONE',  ( 0.000000000000000000, -1.000000000000000000, -5.773000053518395884E-16 ) ) ;
#3819 = CARTESIAN_POINT ( 'NONE',  ( -2.089999999999999858, 0.8259778054016098103, 4.768369914788500505E-16 ) ) ;
#3820 = SURFACE_STYLE_FILL_AREA ( #346 ) ;
#3821 = CARTESIAN_POINT ( 'NONE',  ( 1.720000000000000195, 0.8259778054016115867, -3.080165812735382591 ) ) ;
#3822 = EDGE_CURVE ( 'NONE', #4676, #5050, #6495, .T. ) ;
#3823 = PLANE ( 'NONE',  #3663 ) ;
#3824 = PLANE ( 'NONE',  #4389 ) ;
#3825 = LINE ( 'NONE', #2598, #389 ) ;
#3826 = ORIENTED_EDGE ( 'NONE', *, *, #3486, .T. ) ;
#3827 =( NAMED_UNIT ( * ) SI_UNIT ( $, .STERADIAN. ) SOLID_ANGLE_UNIT ( ) );
#3828 = LINE ( 'NONE', #2118, #6795 ) ;
#3829 = FILL_AREA_STYLE_COLOUR ( '', #6350 ) ;
#3830 = PRESENTATION_LAYER_ASSIGNMENT (  '', '', ( #7077 ) ) ;
#3831 = CYLINDRICAL_SURFACE ( 'NONE', #7270, 0.2300000000000001765 ) ;
#3832 = DIRECTION ( 'NONE',  ( -0.000000000000000000, 0.2588190451025146888, 0.9659258262890698665 ) ) ;
#3833 = MECHANICAL_DESIGN_GEOMETRIC_PRESENTATION_REPRESENTATION (  '', ( #3715 ), #1811 ) ;
#3834 =( LENGTH_UNIT ( ) NAMED_UNIT ( * ) SI_UNIT ( .MILLI., .METRE. ) );
#3835 = EDGE_LOOP ( 'NONE', ( #5119, #1648, #3733, #4028 ) ) ;
#3836 = CLOSED_SHELL ( 'NONE', ( #6293, #830, #5547, #782, #3231, #4417, #5100, #6655 ) ) ;
#3837 = CARTESIAN_POINT ( 'NONE',  ( 0.8100000000000003864, 2.350550309948560991E-14, -4.065000000000001279 ) ) ;
#3838 = LINE ( 'NONE', #472, #1738 ) ;
#3839 = CARTESIAN_POINT ( 'NONE',  ( 0.1800000000000000488, 2.309999999999999609, 1.750000000000000000 ) ) ;
#3840 = SURFACE_SIDE_STYLE ('',( #5986 ) ) ;
#3841 = ORIENTED_EDGE ( 'NONE', *, *, #2334, .T. ) ;
#3842 = AXIS2_PLACEMENT_3D ( 'NONE', #4319, #5532, #3695 ) ;
#3843 = EDGE_CURVE ( 'NONE', #6343, #4469, #3512, .T. ) ;
#3844 = COLOUR_RGB ( '',0.2509803921568627416, 0.2509803921568627416, 0.2509803921568627416 ) ;
#3845 = ORIENTED_EDGE ( 'NONE', *, *, #5109, .F. ) ;
#3846 = ORIENTED_EDGE ( 'NONE', *, *, #2223, .T. ) ;
#3847 = DIRECTION ( 'NONE',  ( 0.000000000000000000, -0.9914448613738116034, -0.1305261922200433300 ) ) ;
#3848 = VERTEX_POINT ( 'NONE', #5266 ) ;
#3849 = EDGE_CURVE ( 'NONE', #873, #3523, #2345, .T. ) ;
#3850 =( GEOMETRIC_REPRESENTATION_CONTEXT ( 3 ) GLOBAL_UNCERTAINTY_ASSIGNED_CONTEXT ( ( #779 ) ) GLOBAL_UNIT_ASSIGNED_CONTEXT ( ( #6155, #5856, #4536 ) ) REPRESENTATION_CONTEXT ( 'NONE', 'WORKASPACE' ) );
#3851 = CARTESIAN_POINT ( 'NONE',  ( -0.8199999999999997291, 0.1500000000000017153, -3.339236242140380218E-17 ) ) ;
#3852 = CARTESIAN_POINT ( 'NONE',  ( -2.089999999999999858, 0.7666833290098139519, 3.345245553952737261 ) ) ;
#3853 = LINE ( 'NONE', #6286, #544 ) ;
#3854 = PRESENTATION_STYLE_ASSIGNMENT (( #6031 ) ) ;
#3855 = AXIS2_PLACEMENT_3D ( 'NONE', #6413, #5787, #2492 ) ;
#3856 = EDGE_CURVE ( 'NONE', #6897, #471, #4207, .T. ) ;
#3858 = FILL_AREA_STYLE ('',( #4908 ) ) ;
#3857 = PLANE ( 'NONE',  #6871 ) ;
#3859 = VERTEX_POINT ( 'NONE', #4732 ) ;
#3860 = VECTOR ( 'NONE', #6810, 1000.000000000000000 ) ;
#3861 = UNCERTAINTY_MEASURE_WITH_UNIT (LENGTH_MEASURE( 1.000000000000000082E-05 ), #4934, 'distance_accuracy_value', 'NONE');
#3862 = EDGE_CURVE ( 'NONE', #1207, #1954, #180, .T. ) ;
#3863 =( GEOMETRIC_REPRESENTATION_CONTEXT ( 3 ) GLOBAL_UNCERTAINTY_ASSIGNED_CONTEXT ( ( #6864 ) ) GLOBAL_UNIT_ASSIGNED_CONTEXT ( ( #3047, #2526, #4051 ) ) REPRESENTATION_CONTEXT ( 'NONE', 'WORKASPACE' ) );
#3864 = CARTESIAN_POINT ( 'NONE',  ( 1.720000000000000195, 0.9759778054016101656, 5.945566943695085866E-16 ) ) ;
#3865 =( NAMED_UNIT ( * ) PLANE_ANGLE_UNIT ( ) SI_UNIT ( $, .RADIAN. ) );
#3866 = DIRECTION ( 'NONE',  ( -1.000000000000000000, -0.000000000000000000, 0.000000000000000000 ) ) ;
#3867 = COLOUR_RGB ( '',0.7921568627450980005, 0.8196078431372548767, 0.9333333333333333481 ) ;
#3868 = FILL_AREA_STYLE_COLOUR ( '', #6656 ) ;
#3869 = CARTESIAN_POINT ( 'NONE',  ( 0.2800000000000003042, 2.310000000000000053, 0.9000000000000003553 ) ) ;
#3870 = VERTEX_POINT ( 'NONE', #6382 ) ;
#3871 = EDGE_CURVE ( 'NONE', #2275, #3471, #1519, .T. ) ;
#3872 = VECTOR ( 'NONE', #6929, 1000.000000000000000 ) ;
#3873 =( NAMED_UNIT ( * ) PLANE_ANGLE_UNIT ( ) SI_UNIT ( $, .RADIAN. ) );
#3874 = DIRECTION ( 'NONE',  ( 0.000000000000000000, 0.000000000000000000, 1.000000000000000000 ) ) ;
#3875 = DIRECTION ( 'NONE',  ( 1.000000000000000000, 0.000000000000000000, 0.000000000000000000 ) ) ;
#3876 = DIRECTION ( 'NONE',  ( 2.775557561562891351E-17, -2.775557561562891351E-17, 1.000000000000000000 ) ) ;
#3877 = DIRECTION ( 'NONE',  ( 0.000000000000000000, -1.000000000000000000, 0.000000000000000000 ) ) ;
#3878 = CARTESIAN_POINT ( 'NONE',  ( 2.080000000000000071, 0.8259778054016121418, 3.080165812735383035 ) ) ;
#3879 = EDGE_LOOP ( 'NONE', ( #3103, #4084, #3926, #5869 ) ) ;
#3880 = FACE_OUTER_BOUND ( 'NONE', #5795, .T. ) ;
#3881 = MECHANICAL_DESIGN_GEOMETRIC_PRESENTATION_REPRESENTATION (  '', ( #7120 ), #1386 ) ;
#3882 = UNCERTAINTY_MEASURE_WITH_UNIT (LENGTH_MEASURE( 1.000000000000000082E-05 ), #4713, 'distance_accuracy_value', 'NONE');
#3883 = FACE_BOUND ( 'NONE', #955, .T. ) ;
#3884 = FILL_AREA_STYLE_COLOUR ( '', #7210 ) ;
#3885 = ORIENTED_EDGE ( 'NONE', *, *, #6015, .T. ) ;
#3886 = VERTEX_POINT ( 'NONE', #140 ) ;
#3887 = ORIENTED_EDGE ( 'NONE', *, *, #3808, .F. ) ;
#3888 = DIRECTION ( 'NONE',  ( 0.000000000000000000, -1.000000000000000000, -5.782411586589324901E-15 ) ) ;
#3889 = EDGE_CURVE ( 'NONE', #7037, #3737, #1896, .T. ) ;
#3890 = CARTESIAN_POINT ( 'NONE',  ( 0.8100000000000003864, 0.8259778054016121418, 3.080165812735383035 ) ) ;
#3891 = DIRECTION ( 'NONE',  ( 0.000000000000000000, -1.694065894508596142E-15, 1.000000000000000000 ) ) ;
#3892 = CARTESIAN_POINT ( 'NONE',  ( -0.4599999999999996869, 0.2300000000000000655, 3.727162940046486739 ) ) ;
#3894 = CARTESIAN_POINT ( 'NONE',  ( -0.4599999999999996869, 0.8259778054016115867, -3.080165812735382591 ) ) ;
#3893 = CARTESIAN_POINT ( 'NONE',  ( -1.729999999999999760, 0.2299999999999995104, -3.347971487849612959 ) ) ;
#3895 = ORIENTED_EDGE ( 'NONE', *, *, #295, .T. ) ;
#3896 = VECTOR ( 'NONE', #2810, 999.9999999999998863 ) ;
#3897 = ADVANCED_FACE ( 'NONE', ( #2382 ), #4774, .F. ) ;
#3898 = PLANE ( 'NONE',  #5043 ) ;
#3899 = LINE ( 'NONE', #4039, #5428 ) ;
#3900 = DIRECTION ( 'NONE',  ( 0.000000000000000000, -1.000000000000000000, 0.000000000000000000 ) ) ;
#3901 = DIRECTION ( 'NONE',  ( -0.1294283079955570182, -0.9831056027603618519, -0.1294283079955571569 ) ) ;
#3902 = COLOUR_RGB ( '',0.2509803921568627416, 0.2509803921568627416, 0.2509803921568627416 ) ;
#3903 = DIRECTION ( 'NONE',  ( -0.000000000000000000, 1.000000000000000000, -0.000000000000000000 ) ) ;
#3904 = ORIENTED_EDGE ( 'NONE', *, *, #5139, .T. ) ;
#3905 = DIRECTION ( 'NONE',  ( -0.000000000000000000, 0.000000000000000000, -1.000000000000000000 ) ) ;
#3906 = AXIS2_PLACEMENT_3D ( 'NONE', #3751, #7211, #931 ) ;
#3907 = DIRECTION ( 'NONE',  ( 1.000000000000000000, 0.000000000000000000, 0.000000000000000000 ) ) ;
#3908 = SURFACE_STYLE_FILL_AREA ( #5632 ) ;
#3909 =( NAMED_UNIT ( * ) PLANE_ANGLE_UNIT ( ) SI_UNIT ( $, .RADIAN. ) );
#3910 = CARTESIAN_POINT ( 'NONE',  ( -0.4599999999999996869, 0.8259778054016116977, -3.267971487849612000 ) ) ;
#3911 = ADVANCED_FACE ( 'NONE', ( #290 ), #1966, .F. ) ;
#3912 = CARTESIAN_POINT ( 'NONE',  ( 0.9800000000000002043, 1.809999999999999609, -0.9000000000000000222 ) ) ;
#3913 = VECTOR ( 'NONE', #259, 1000.000000000000000 ) ;
#3914 = SURFACE_STYLE_FILL_AREA ( #20 ) ;
#3915 = VERTEX_POINT ( 'NONE', #353 ) ;
#3916 = PLANE ( 'NONE',  #7191 ) ;
#3917 = FACE_OUTER_BOUND ( 'NONE', #5273, .T. ) ;
#3918 =( NAMED_UNIT ( * ) PLANE_ANGLE_UNIT ( ) SI_UNIT ( $, .RADIAN. ) );
#3919 = ORIENTED_EDGE ( 'NONE', *, *, #5747, .F. ) ;
#3920 = ADVANCED_FACE ( 'NONE', ( #324 ), #6641, .F. ) ;
#3921 = ORIENTED_EDGE ( 'NONE', *, *, #3443, .F. ) ;
#3922 = VECTOR ( 'NONE', #680, 1000.000000000000000 ) ;
#3923 = UNCERTAINTY_MEASURE_WITH_UNIT (LENGTH_MEASURE( 1.000000000000000082E-05 ), #2147, 'distance_accuracy_value', 'NONE');
#3924 = VERTEX_POINT ( 'NONE', #1420 ) ;
#3925 = AXIS2_PLACEMENT_3D ( 'NONE', #5433, #2660, #6662 ) ;
#3926 = ORIENTED_EDGE ( 'NONE', *, *, #4214, .F. ) ;
#3927 = LINE ( 'NONE', #3447, #5330 ) ;
#3928 = DIRECTION ( 'NONE',  ( 0.000000000000000000, -0.9914448613738108262, 0.1305261922200490754 ) ) ;
#3929 = VECTOR ( 'NONE', #6227, 1000.000000000000000 ) ;
#3930 = CARTESIAN_POINT ( 'NONE',  ( 2.250000000000000444, 1.809999999999999609, -0.9000000000000000222 ) ) ;
#3931 = LINE ( 'NONE', #6319, #4917 ) ;
#3932 = CARTESIAN_POINT ( 'NONE',  ( -0.4599999999999996869, 0.000000000000000000, 4.065000000000001279 ) ) ;
#3933 =( GEOMETRIC_REPRESENTATION_CONTEXT ( 3 ) GLOBAL_UNCERTAINTY_ASSIGNED_CONTEXT ( ( #6461 ) ) GLOBAL_UNIT_ASSIGNED_CONTEXT ( ( #5874, #3479, #4622 ) ) REPRESENTATION_CONTEXT ( 'NONE', 'WORKASPACE' ) );
#3934 = ORIENTED_EDGE ( 'NONE', *, *, #2, .F. ) ;
#3935 = STYLED_ITEM ( 'NONE', ( #3611 ), #918 ) ;
#3936 = CARTESIAN_POINT ( 'NONE',  ( 2.080000000000000071, 0.000000000000000000, 0.000000000000000000 ) ) ;
#3937 = AXIS2_PLACEMENT_3D ( 'NONE', #1736, #2299, #4391 ) ;
#3938 = CARTESIAN_POINT ( 'NONE',  ( -3.100000000000000089, 2.309999999999999609, 2.399999999999999911 ) ) ;
#3939 = DIRECTION ( 'NONE',  ( 0.000000000000000000, -0.9659258262890699775, -0.2588190451025146888 ) ) ;
#3940 = EDGE_LOOP ( 'NONE', ( #6571, #2545, #6222, #3291 ) ) ;
#3941 = ADVANCED_FACE ( 'NONE', ( #6563 ), #3241, .T. ) ;
#3942 = CARTESIAN_POINT ( 'NONE',  ( -2.089999999999999858, 0.9000000000000003553, 3.100000000000000533 ) ) ;
#3943 = ORIENTED_EDGE ( 'NONE', *, *, #899, .T. ) ;
#3944 = CARTESIAN_POINT ( 'NONE',  ( -0.9899999999999997691, 1.809999999999999387, -0.8999999999999995781 ) ) ;
#3945 = EDGE_CURVE ( 'NONE', #7373, #329, #3721, .T. ) ;
#3946 = CARTESIAN_POINT ( 'NONE',  ( 0.000000000000000000, 0.000000000000000000, 0.000000000000000000 ) ) ;
#3947 = LINE ( 'NONE', #6869, #1289 ) ;
#3948 = FACE_OUTER_BOUND ( 'NONE', #1422, .T. ) ;
#3949 = ADVANCED_FACE ( 'NONE', ( #2571 ), #6010, .T. ) ;
#3950 = ORIENTED_EDGE ( 'NONE', *, *, #304, .T. ) ;
#3951 = COLOUR_RGB ( '',0.2509803921568627416, 0.2509803921568627416, 0.2509803921568627416 ) ;
#3952 = DIRECTION ( 'NONE',  ( -0.000000000000000000, -0.000000000000000000, 1.000000000000000000 ) ) ;
#3953 = DIRECTION ( 'NONE',  ( -1.000000000000000000, 0.000000000000000000, 0.000000000000000000 ) ) ;
#3954 = LINE ( 'NONE', #6238, #5647 ) ;
#3955 = ORIENTED_EDGE ( 'NONE', *, *, #4779, .F. ) ;
#3956 = ORIENTED_EDGE ( 'NONE', *, *, #1934, .F. ) ;
#3957 = ORIENTED_EDGE ( 'NONE', *, *, #2994, .T. ) ;
#3958 = EDGE_CURVE ( 'NONE', #3558, #693, #3758, .T. ) ;
#3959 = ORIENTED_EDGE ( 'NONE', *, *, #1582, .F. ) ;
#3960 = CARTESIAN_POINT ( 'NONE',  ( -1.090000000000000080, 2.109999999999999432, 1.750000000000000000 ) ) ;
#3961 = FACE_OUTER_BOUND ( 'NONE', #6990, .T. ) ;
#3962 = VECTOR ( 'NONE', #2611, 1000.000000000000000 ) ;
#3963 = LINE ( 'NONE', #6739, #777 ) ;
#3964 = FACE_OUTER_BOUND ( 'NONE', #5677, .T. ) ;
#3965 = CARTESIAN_POINT ( 'NONE',  ( -0.4599999999999996869, 0.000000000000000000, 4.065000000000001279 ) ) ;
#3966 = ORIENTED_EDGE ( 'NONE', *, *, #4832, .F. ) ;
#3967 = CARTESIAN_POINT ( 'NONE',  ( 0.8100000000000003864, 0.000000000000000000, 0.000000000000000000 ) ) ;
#3968 = SURFACE_SIDE_STYLE ('',( #6292 ) ) ;
#3969 = AXIS2_PLACEMENT_3D ( 'NONE', #1669, #6304, #4539 ) ;
#3970 = LINE ( 'NONE', #4594, #1897 ) ;
#3971 = UNCERTAINTY_MEASURE_WITH_UNIT (LENGTH_MEASURE( 1.000000000000000082E-05 ), #7092, 'distance_accuracy_value', 'NONE');
#3973 = VERTEX_POINT ( 'NONE', #939 ) ;
#3972 = DIRECTION ( 'NONE',  ( 1.000000000000000000, -0.000000000000000000, -0.000000000000000000 ) ) ;
#3974 = CARTESIAN_POINT ( 'NONE',  ( -0.2899999999999998690, 2.310000000000000053, 0.9000000000000003553 ) ) ;
#3975 = EDGE_LOOP ( 'NONE', ( #6659, #6254, #3985, #5271 ) ) ;
#3976 = VECTOR ( 'NONE', #1110, 1000.000000000000000 ) ;
#3977 = FACE_OUTER_BOUND ( 'NONE', #6957, .T. ) ;
#3978 = FILL_AREA_STYLE_COLOUR ( '', #4880 ) ;
#3979 = EDGE_CURVE ( 'NONE', #3036, #6386, #5524, .T. ) ;
#3980 = LINE ( 'NONE', #5672, #1092 ) ;
#3981 = APPLICATION_PROTOCOL_DEFINITION ( 'draft international standard', 'automotive_design', 1998, #2156 ) ;
#3982 = CARTESIAN_POINT ( 'NONE',  ( -1.729999999999999760, 0.2299999999999995104, -3.497971487849612426 ) ) ;
#3983 = STYLED_ITEM ( 'NONE', ( #5511 ), #2116 ) ;
#3984 = EDGE_CURVE ( 'NONE', #3036, #387, #430, .T. ) ;
#3985 = ORIENTED_EDGE ( 'NONE', *, *, #7395, .T. ) ;
#3986 = EDGE_CURVE ( 'NONE', #181, #4124, #4964, .T. ) ;
#3987 = CARTESIAN_POINT ( 'NONE',  ( 2.250000000000000444, 1.909999999999999476, -0.8999999999999995781 ) ) ;
#3988 = AXIS2_PLACEMENT_3D ( 'NONE', #3936, #5771, #2788 ) ;
#3989 = DIRECTION ( 'NONE',  ( -0.000000000000000000, 1.000000000000000000, -0.000000000000000000 ) ) ;
#3990 = EDGE_LOOP ( 'NONE', ( #4066, #877, #5029, #5880 ) ) ;
#3991 = ORIENTED_EDGE ( 'NONE', *, *, #793, .T. ) ;
#3992 = ADVANCED_FACE ( 'NONE', ( #4386 ), #3831, .T. ) ;
#3993 = VERTEX_POINT ( 'NONE', #4810 ) ;
#3994 = ORIENTED_EDGE ( 'NONE', *, *, #3856, .T. ) ;
#3995 = LINE ( 'NONE', #33, #4974 ) ;
#3996 = CARTESIAN_POINT ( 'NONE',  ( 2.080000000000000071, 0.7459778054016128479, -3.497971487849612870 ) ) ;
#3997 = DIRECTION ( 'NONE',  ( -0.000000000000000000, -1.000000000000000000, -0.000000000000000000 ) ) ;
#3998 = SURFACE_STYLE_USAGE ( .BOTH. , #5135 ) ;
#3999 = VECTOR ( 'NONE', #2828, 1000.000000000000000 ) ;
#4000 = EDGE_CURVE ( 'NONE', #255, #1826, #6268, .T. ) ;
#4001 = ADVANCED_FACE ( 'NONE', ( #2300 ), #4459, .F. ) ;
#4002 = AXIS2_PLACEMENT_3D ( 'NONE', #4555, #5055, #6172 ) ;
#4003 = ORIENTED_EDGE ( 'NONE', *, *, #5186, .T. ) ;
#4004 = DIRECTION ( 'NONE',  ( 1.000000000000000000, 0.000000000000000000, 0.000000000000000000 ) ) ;
#4005 = CARTESIAN_POINT ( 'NONE',  ( -1.729999999999999760, 0.1500000000000008271, 4.065000000000000391 ) ) ;
#4006 = AXIS2_PLACEMENT_3D ( 'NONE', #6568, #4359, #2087 ) ;
#4007 = PRESENTATION_STYLE_ASSIGNMENT (( #6259 ) ) ;
#4008 = ORIENTED_EDGE ( 'NONE', *, *, #63, .F. ) ;
#4010 = ORIENTED_EDGE ( 'NONE', *, *, #3622, .T. ) ;
#4009 = SURFACE_STYLE_USAGE ( .BOTH. , #45 ) ;
#4011 = ADVANCED_FACE ( 'NONE', ( #5673 ), #1091, .F. ) ;
#4012 = CARTESIAN_POINT ( 'NONE',  ( 2.080000000000000071, 0.2092944763917980455, 3.649888873943361478 ) ) ;
#4013 = VECTOR ( 'NONE', #3122, 1000.000000000000000 ) ;
#4014 = VERTEX_POINT ( 'NONE', #2266 ) ;
#4015 = UNCERTAINTY_MEASURE_WITH_UNIT (LENGTH_MEASURE( 1.000000000000000082E-05 ), #4436, 'distance_accuracy_value', 'NONE');
#4016 = PRESENTATION_STYLE_ASSIGNMENT (( #3392 ) ) ;
#4017 = DIRECTION ( 'NONE',  ( 0.000000000000000000, 0.000000000000000000, 1.000000000000000000 ) ) ;
#4018 = CARTESIAN_POINT ( 'NONE',  ( -0.2899999999999998690, 1.809999999999999609, 0.9000000000000000222 ) ) ;
#4019 = DIRECTION ( 'NONE',  ( -1.000000000000000000, -0.000000000000000000, -0.000000000000000000 ) ) ;
#4020 = CARTESIAN_POINT ( 'NONE',  ( 1.550000000000000266, 0.000000000000000000, 0.000000000000000000 ) ) ;
#4021 = CARTESIAN_POINT ( 'NONE',  ( -2.259999999999999787, 2.109999999999999432, 0.9000000000000000222 ) ) ;
#4022 = MECHANICAL_DESIGN_GEOMETRIC_PRESENTATION_REPRESENTATION (  '', ( #2833 ), #3309 ) ;
#4023 = CARTESIAN_POINT ( 'NONE',  ( -0.4599999999999996869, -0.7147114317029787944, -2.667339375865898976 ) ) ;
#4024 = ORIENTED_EDGE ( 'NONE', *, *, #6368, .T. ) ;
#4025 = CARTESIAN_POINT ( 'NONE',  ( -0.8199999999999997291, 0.2299999999999995104, -3.497971487849612426 ) ) ;
#4026 = LINE ( 'NONE', #5715, #2904 ) ;
#4027 = FILL_AREA_STYLE ('',( #3884 ) ) ;
#4028 = ORIENTED_EDGE ( 'NONE', *, *, #342, .T. ) ;
#4029 = CARTESIAN_POINT ( 'NONE',  ( -0.4599999999999996869, -0.7147114317029787944, -2.667339375865898976 ) ) ;
#4030 = ADVANCED_FACE ( 'NONE', ( #534 ), #574, .F. ) ;
#4031 = VERTEX_POINT ( 'NONE', #6828 ) ;
#4032 = ORIENTED_EDGE ( 'NONE', *, *, #6454, .F. ) ;
#4033 = SURFACE_SIDE_STYLE ('',( #4142 ) ) ;
#4034 = PLANE ( 'NONE',  #3213 ) ;
#4035 = DIRECTION ( 'NONE',  ( -0.000000000000000000, -0.000000000000000000, 1.000000000000000000 ) ) ;
#4036 =( GEOMETRIC_REPRESENTATION_CONTEXT ( 3 ) GLOBAL_UNCERTAINTY_ASSIGNED_CONTEXT ( ( #1104 ) ) GLOBAL_UNIT_ASSIGNED_CONTEXT ( ( #6376, #1305, #2491 ) ) REPRESENTATION_CONTEXT ( 'NONE', 'WORKASPACE' ) );
#4037 = VERTEX_POINT ( 'NONE', #4537 ) ;
#4038 = VECTOR ( 'NONE', #5296, 1000.000000000000000 ) ;
#4039 = CARTESIAN_POINT ( 'NONE',  ( 2.080000000000000071, 0.1500000000000017153, -3.339236242140380218E-17 ) ) ;
#4040 = EDGE_CURVE ( 'NONE', #5829, #911, #3947, .T. ) ;
#4041 = VECTOR ( 'NONE', #669, 1000.000000000000000 ) ;
#4042 = PLANE ( 'NONE',  #3088 ) ;
#4043 = DIRECTION ( 'NONE',  ( 1.000000000000000000, 0.000000000000000000, 0.000000000000000000 ) ) ;
#4044 = VECTOR ( 'NONE', #2703, 1000.000000000000000 ) ;
#4046 = ORIENTED_EDGE ( 'NONE', *, *, #694, .T. ) ;
#4045 =( LENGTH_UNIT ( ) NAMED_UNIT ( * ) SI_UNIT ( .MILLI., .METRE. ) );
#4047 = DIRECTION ( 'NONE',  ( -0.000000000000000000, 0.1305261922200490754, 0.9914448613738108262 ) ) ;
#4048 = VECTOR ( 'NONE', #5153, 1000.000000000000000 ) ;
#4049 = ORIENTED_EDGE ( 'NONE', *, *, #5935, .T. ) ;
#4050 = STYLED_ITEM ( 'NONE', ( #2472 ), #5819 ) ;
#4051 =( NAMED_UNIT ( * ) SI_UNIT ( $, .STERADIAN. ) SOLID_ANGLE_UNIT ( ) );
#4052 = EDGE_CURVE ( 'NONE', #166, #5356, #16, .T. ) ;
#4053 = DIRECTION ( 'NONE',  ( -1.000000000000000000, -0.000000000000000000, -0.000000000000000000 ) ) ;
#4054 = AXIS2_PLACEMENT_3D ( 'NONE', #7372, #2221, #6223 ) ;
#4055 = DIRECTION ( 'NONE',  ( 1.000000000000000000, 0.000000000000000000, 0.000000000000000000 ) ) ;
#4056 = DIRECTION ( 'NONE',  ( 0.000000000000000000, 0.9659258262890699775, -0.2588190451025146888 ) ) ;
#4057 = SURFACE_STYLE_USAGE ( .BOTH. , #210 ) ;
#4058 = DIRECTION ( 'NONE',  ( 1.000000000000000000, 0.000000000000000000, 0.000000000000000000 ) ) ;
#4059 = DIRECTION ( 'NONE',  ( 0.000000000000000000, -0.000000000000000000, 1.000000000000000000 ) ) ;
#4060 = VERTEX_POINT ( 'NONE', #3432 ) ;
#4061 = DIRECTION ( 'NONE',  ( -1.000000000000000000, -0.000000000000000000, -0.000000000000000000 ) ) ;
#4062 = CARTESIAN_POINT ( 'NONE',  ( -1.729999999999999760, 0.2299999999999995104, -3.347971487849612959 ) ) ;
#4063 = DIRECTION ( 'NONE',  ( 0.000000000000000000, 0.000000000000000000, -1.000000000000000000 ) ) ;
#4064 = ORIENTED_EDGE ( 'NONE', *, *, #1002, .T. ) ;
#4065 = CARTESIAN_POINT ( 'NONE',  ( 0.8100000000000003864, 0.2092944763917980455, 3.649888873943361478 ) ) ;
#4066 = ORIENTED_EDGE ( 'NONE', *, *, #2432, .F. ) ;
#4067 = ORIENTED_EDGE ( 'NONE', *, *, #3070, .F. ) ;
#4068 = DIRECTION ( 'NONE',  ( 1.000000000000000000, 0.000000000000000000, 0.000000000000000000 ) ) ;
#4069 = DIRECTION ( 'NONE',  ( 0.000000000000000000, 0.9914448613738116034, 0.1305261922200433300 ) ) ;
#4070 = CARTESIAN_POINT ( 'NONE',  ( 2.552716897201371626, 2.059999999999999165, -2.947283102798628374 ) ) ;
#4071 = EDGE_CURVE ( 'NONE', #2270, #2466, #5077, .T. ) ;
#4072 = DIRECTION ( 'NONE',  ( -1.000000000000000000, -0.000000000000000000, -0.000000000000000000 ) ) ;
#4073 =( NAMED_UNIT ( * ) PLANE_ANGLE_UNIT ( ) SI_UNIT ( $, .RADIAN. ) );
#4074 = STYLED_ITEM ( 'NONE', ( #3647 ), #3024 ) ;
#4075 = VERTEX_POINT ( 'NONE', #3910 ) ;
#4076 = ORIENTED_EDGE ( 'NONE', *, *, #6682, .T. ) ;
#4077 = FACE_OUTER_BOUND ( 'NONE', #3127, .T. ) ;
#4078 = CARTESIAN_POINT ( 'NONE',  ( -0.4599999999999996869, 0.000000000000000000, 4.065000000000001279 ) ) ;
#4079 = ADVANCED_FACE ( 'NONE', ( #5710 ), #7378, .F. ) ;
#4080 = DIRECTION ( 'NONE',  ( 0.000000000000000000, 0.000000000000000000, 1.000000000000000000 ) ) ;
#4081 = DIRECTION ( 'NONE',  ( 0.000000000000000000, 0.9914448613738116034, 0.1305261922200433300 ) ) ;
#4082 =( GEOMETRIC_REPRESENTATION_CONTEXT ( 3 ) GLOBAL_UNCERTAINTY_ASSIGNED_CONTEXT ( ( #6264 ) ) GLOBAL_UNIT_ASSIGNED_CONTEXT ( ( #3342, #5662, #6216 ) ) REPRESENTATION_CONTEXT ( 'NONE', 'WORKASPACE' ) );
#4083 = ORIENTED_EDGE ( 'NONE', *, *, #2756, .T. ) ;
#4084 = ORIENTED_EDGE ( 'NONE', *, *, #40, .F. ) ;
#4085 = CIRCLE ( 'NONE', #1581, 0.2300000000000010369 ) ;
#4086 = DIRECTION ( 'NONE',  ( 0.000000000000000000, 0.9659258262890699775, -0.2588190451025146888 ) ) ;
#4087 = VECTOR ( 'NONE', #1635, 1000.000000000000000 ) ;
#4088 = EDGE_CURVE ( 'NONE', #5270, #6166, #642, .T. ) ;
#4089 = VERTEX_POINT ( 'NONE', #5857 ) ;
#4090 = AXIS2_PLACEMENT_3D ( 'NONE', #6721, #7263, #1054 ) ;
#4091 = SURFACE_SIDE_STYLE ('',( #242 ) ) ;
#4092 =( NAMED_UNIT ( * ) PLANE_ANGLE_UNIT ( ) SI_UNIT ( $, .RADIAN. ) );
#4093 = CARTESIAN_POINT ( 'NONE',  ( 0.2800000000000003042, 2.310000000000000053, 0.9000000000000003553 ) ) ;
#4094 = LINE ( 'NONE', #3050, #3554 ) ;
#4095 = DIRECTION ( 'NONE',  ( -1.000000000000000000, -0.000000000000000000, -0.000000000000000000 ) ) ;
#4096 = EDGE_CURVE ( 'NONE', #3739, #2727, #4094, .T. ) ;
#4097 = VECTOR ( 'NONE', #7279, 1000.000000000000000 ) ;
#4098 = DIRECTION ( 'NONE',  ( 0.000000000000000000, -1.000000000000000000, 0.000000000000000000 ) ) ;
#4099 = VECTOR ( 'NONE', #930, 1000.000000000000000 ) ;
#4100 = ORIENTED_EDGE ( 'NONE', *, *, #2714, .T. ) ;
#4101 = CARTESIAN_POINT ( 'NONE',  ( -1.729999999999999760, 0.9759778054016126081, 3.089997332157669252 ) ) ;
#4102 = DIRECTION ( 'NONE',  ( -1.000000000000000000, -0.000000000000000000, -0.000000000000000000 ) ) ;
#4103 = ORIENTED_EDGE ( 'NONE', *, *, #5545, .T. ) ;
#4104 = SURFACE_STYLE_USAGE ( .BOTH. , #3651 ) ;
#4105 = ORIENTED_EDGE ( 'NONE', *, *, #870, .T. ) ;
#4106 = ORIENTED_EDGE ( 'NONE', *, *, #422, .T. ) ;
#4107 = ORIENTED_EDGE ( 'NONE', *, *, #3503, .F. ) ;
#4108 = LINE ( 'NONE', #1213, #4013 ) ;
#4109 = MECHANICAL_DESIGN_GEOMETRIC_PRESENTATION_REPRESENTATION (  '', ( #212 ), #3748 ) ;
#4110 = DIRECTION ( 'NONE',  ( 0.000000000000000000, 0.000000000000000000, 1.000000000000000000 ) ) ;
#4111 = CARTESIAN_POINT ( 'NONE',  ( 0.4500000000000002887, 0.9759778054016126081, 3.089997332157669252 ) ) ;
#4112 = SURFACE_STYLE_FILL_AREA ( #6887 ) ;
#4113 = PLANE ( 'NONE',  #6585 ) ;
#4114 = EDGE_LOOP ( 'NONE', ( #4024, #5942, #3801, #6480 ) ) ;
#4115 = EDGE_CURVE ( 'NONE', #670, #6997, #5744, .T. ) ;
#4116 = EDGE_LOOP ( 'NONE', ( #4356, #167, #2873, #7074 ) ) ;
#4117 = CARTESIAN_POINT ( 'NONE',  ( -2.360000000000000320, 2.309999999999999609, 1.750000000000000000 ) ) ;
#4118 =( NAMED_UNIT ( * ) SI_UNIT ( $, .STERADIAN. ) SOLID_ANGLE_UNIT ( ) );
#4119 = DIRECTION ( 'NONE',  ( 0.000000000000000000, 0.000000000000000000, -1.000000000000000000 ) ) ;
#4120 = DIRECTION ( 'NONE',  ( -0.000000000000000000, 1.000000000000000000, 0.000000000000000000 ) ) ;
#4121 =( LENGTH_UNIT ( ) NAMED_UNIT ( * ) SI_UNIT ( .MILLI., .METRE. ) );
#4122 = FACE_OUTER_BOUND ( 'NONE', #229, .T. ) ;
#4123 = ORIENTED_EDGE ( 'NONE', *, *, #4807, .T. ) ;
#4124 = VERTEX_POINT ( 'NONE', #94 ) ;
#4125 = EDGE_CURVE ( 'NONE', #1656, #6036, #755, .T. ) ;
#4126 = CIRCLE ( 'NONE', #926, 0.2300000000000010369 ) ;
#4127 = DIRECTION ( 'NONE',  ( 0.000000000000000000, -0.9659258262890704216, 0.2588190451025127459 ) ) ;
#4128 = FILL_AREA_STYLE ('',( #1848 ) ) ;
#4129 = PLANE ( 'NONE',  #624 ) ;
#4130 = DIRECTION ( 'NONE',  ( -1.000000000000000000, -0.000000000000000000, -0.000000000000000000 ) ) ;
#4131 = CARTESIAN_POINT ( 'NONE',  ( -0.8199999999999997291, 0.9000000000000003553, 3.100000000000000533 ) ) ;
#4132 = VERTEX_POINT ( 'NONE', #4762 ) ;
#4133 = SURFACE_SIDE_STYLE ('',( #6991 ) ) ;
#4134 = EDGE_CURVE ( 'NONE', #6884, #3036, #1849, .T. ) ;
#4135 = FILL_AREA_STYLE_COLOUR ( '', #6962 ) ;
#4136 = ORIENTED_EDGE ( 'NONE', *, *, #6139, .F. ) ;
#4137 = FACE_OUTER_BOUND ( 'NONE', #139, .T. ) ;
#4138 = AXIS2_PLACEMENT_3D ( 'NONE', #3545, #4843, #1523 ) ;
#4139 = ORIENTED_EDGE ( 'NONE', *, *, #2668, .T. ) ;
#4140 = ORIENTED_EDGE ( 'NONE', *, *, #3443, .T. ) ;
#4141 = VERTEX_POINT ( 'NONE', #132 ) ;
#4142 = SURFACE_STYLE_FILL_AREA ( #4701 ) ;
#4143 = SURFACE_STYLE_USAGE ( .BOTH. , #2318 ) ;
#4145 = SURFACE_STYLE_FILL_AREA ( #2948 ) ;
#4144 = AXIS2_PLACEMENT_3D ( 'NONE', #5933, #4266, #2565 ) ;
#4146 = EDGE_CURVE ( 'NONE', #393, #6136, #5707, .T. ) ;
#4147 =( NAMED_UNIT ( * ) PLANE_ANGLE_UNIT ( ) SI_UNIT ( $, .RADIAN. ) );
#4148 = CARTESIAN_POINT ( 'NONE',  ( -2.089999999999999858, 0.000000000000000000, -3.577971487849614274 ) ) ;
#4149 = ORIENTED_EDGE ( 'NONE', *, *, #4185, .T. ) ;
#4150 = ORIENTED_EDGE ( 'NONE', *, *, #3958, .T. ) ;
#4151 = CARTESIAN_POINT ( 'NONE',  ( 0.000000000000000000, 2.059999999999999165, 0.000000000000000000 ) ) ;
#4152 =( NAMED_UNIT ( * ) PLANE_ANGLE_UNIT ( ) SI_UNIT ( $, .RADIAN. ) );
#4153 = CARTESIAN_POINT ( 'NONE',  ( 0.8100000000000003864, 0.1500000000000008271, -4.065000000000000391 ) ) ;
#4154 = ORIENTED_EDGE ( 'NONE', *, *, #3534, .F. ) ;
#4155 = SURFACE_STYLE_USAGE ( .BOTH. , #1878 ) ;
#4156 = CARTESIAN_POINT ( 'NONE',  ( 0.4500000000000002887, 0.8259778054016098103, 4.768369914788500505E-16 ) ) ;
#4157 = VECTOR ( 'NONE', #6037, 1000.000000000000000 ) ;
#4158 = ORIENTED_EDGE ( 'NONE', *, *, #6777, .T. ) ;
#4159 = VECTOR ( 'NONE', #3272, 1000.000000000000000 ) ;
#4160 = SURFACE_STYLE_FILL_AREA ( #1883 ) ;
#4161 = CARTESIAN_POINT ( 'NONE',  ( -0.4599999999999996869, 0.9759778054016128301, 3.267971487849612000 ) ) ;
#4162 = VECTOR ( 'NONE', #2521, 1000.000000000000000 ) ;
#4163 =( NAMED_UNIT ( * ) SI_UNIT ( $, .STERADIAN. ) SOLID_ANGLE_UNIT ( ) );
#4164 = ADVANCED_FACE ( 'NONE', ( #5820 ), #2892, .F. ) ;
#4165 = CARTESIAN_POINT ( 'NONE',  ( -1.729999999999999760, 0.9759778054016119420, -3.089997332157668808 ) ) ;
#4166 = PLANE ( 'NONE',  #7161 ) ;
#4167 = AXIS2_PLACEMENT_3D ( 'NONE', #6907, #2339, #2374 ) ;
#4168 = DIRECTION ( 'NONE',  ( 0.000000000000000000, -0.9659258262890704216, 0.2588190451025127459 ) ) ;
#4169 = EDGE_CURVE ( 'NONE', #1572, #2054, #4606, .T. ) ;
#4170 =( LENGTH_UNIT ( ) NAMED_UNIT ( * ) SI_UNIT ( .MILLI., .METRE. ) );
#4171 = STYLED_ITEM ( 'NONE', ( #5035 ), #1097 ) ;
#4172 = ORIENTED_EDGE ( 'NONE', *, *, #1446, .T. ) ;
#4173 = AXIS2_PLACEMENT_3D ( 'NONE', #244, #6485, #2489 ) ;
#4174 =( NAMED_UNIT ( * ) SI_UNIT ( $, .STERADIAN. ) SOLID_ANGLE_UNIT ( ) );
#4175 = ORIENTED_EDGE ( 'NONE', *, *, #4496, .T. ) ;
#4176 = DIRECTION ( 'NONE',  ( -1.000000000000000000, -0.000000000000000000, -0.000000000000000000 ) ) ;
#4177 = ORIENTED_EDGE ( 'NONE', *, *, #2756, .F. ) ;
#4178 = ORIENTED_EDGE ( 'NONE', *, *, #5292, .F. ) ;
#4179 = ADVANCED_FACE ( 'NONE', ( #795 ), #1234, .T. ) ;
#4180 = ORIENTED_EDGE ( 'NONE', *, *, #597, .F. ) ;
#4181 =( LENGTH_UNIT ( ) NAMED_UNIT ( * ) SI_UNIT ( .MILLI., .METRE. ) );
#4182 = LINE ( 'NONE', #6467, #4443 ) ;
#4183 = CARTESIAN_POINT ( 'NONE',  ( -2.089999999999999858, 0.8055061857751930621, 3.490134427896098401 ) ) ;
#4184 = ORIENTED_EDGE ( 'NONE', *, *, #3396, .T. ) ;
#4185 = EDGE_CURVE ( 'NONE', #2856, #5862, #6338, .T. ) ;
#4186 = EDGE_LOOP ( 'NONE', ( #477, #1767, #4698, #2742 ) ) ;
#4187 = FILL_AREA_STYLE ('',( #4748 ) ) ;
#4188 = PRESENTATION_STYLE_ASSIGNMENT (( #5922 ) ) ;
#4189 = PRESENTATION_LAYER_ASSIGNMENT (  '', '', ( #1684 ) ) ;
#4190 = CARTESIAN_POINT ( 'NONE',  ( 2.080000000000000071, 0.1500000000000008271, 3.727162940046487183 ) ) ;
#4191 = PLANE ( 'NONE',  #5397 ) ;
#4192 = PRESENTATION_STYLE_ASSIGNMENT (( #4155 ) ) ;
#4193 = LINE ( 'NONE', #2329, #1554 ) ;
#4194 = AXIS2_PLACEMENT_3D ( 'NONE', #3563, #275, #199 ) ;
#4195 = SURFACE_SIDE_STYLE ('',( #4160 ) ) ;
#4196 = DIRECTION ( 'NONE',  ( -0.000000000000000000, -1.000000000000000000, -0.000000000000000000 ) ) ;
#4197 = CARTESIAN_POINT ( 'NONE',  ( 2.080000000000000071, -0.7147114317029787944, -2.667339375865898976 ) ) ;
#4198 = DIRECTION ( 'NONE',  ( -1.000000000000000000, 0.000000000000000000, -0.000000000000000000 ) ) ;
#4199 = AXIS2_PLACEMENT_3D ( 'NONE', #3946, #5558, #5076 ) ;
#4200 = DIRECTION ( 'NONE',  ( -1.000000000000000000, -0.000000000000000000, -0.000000000000000000 ) ) ;
#4201 = EDGE_CURVE ( 'NONE', #5911, #519, #711, .T. ) ;
#4202 = FILL_AREA_STYLE_COLOUR ( '', #2662 ) ;
#4203 = ORIENTED_EDGE ( 'NONE', *, *, #6057, .T. ) ;
#4204 = CARTESIAN_POINT ( 'NONE',  ( -0.4599999999999996869, 0.9759778054016126081, 3.089997332157669252 ) ) ;
#4205 = PRESENTATION_STYLE_ASSIGNMENT (( #7106 ) ) ;
#4206 = ORIENTED_EDGE ( 'NONE', *, *, #793, .F. ) ;
#4207 = LINE ( 'NONE', #2465, #6892 ) ;
#4208 = ORIENTED_EDGE ( 'NONE', *, *, #54, .F. ) ;
#4209 = DIRECTION ( 'NONE',  ( 0.000000000000000000, 0.000000000000000000, -1.000000000000000000 ) ) ;
#4210 = UNCERTAINTY_MEASURE_WITH_UNIT (LENGTH_MEASURE( 1.000000000000000082E-05 ), #208, 'distance_accuracy_value', 'NONE');
#4211 = ORIENTED_EDGE ( 'NONE', *, *, #749, .F. ) ;
#4212 = VERTEX_POINT ( 'NONE', #4685 ) ;
#4213 = VECTOR ( 'NONE', #1125, 1000.000000000000000 ) ;
#4214 = EDGE_CURVE ( 'NONE', #471, #2130, #2372, .T. ) ;
#4215 = EDGE_LOOP ( 'NONE', ( #5232, #186, #6502, #4010 ) ) ;
#4216 = CARTESIAN_POINT ( 'NONE',  ( -1.729999999999999760, 0.2092944763917980455, 3.649888873943361478 ) ) ;
#4217 = LINE ( 'NONE', #3731, #4689 ) ;
#4218 = VERTEX_POINT ( 'NONE', #6408 ) ;
#4219 = ORIENTED_EDGE ( 'NONE', *, *, #2184, .T. ) ;
#4220 = AXIS2_PLACEMENT_3D ( 'NONE', #6299, #5742, #2368 ) ;
#4221 = ORIENTED_EDGE ( 'NONE', *, *, #4851, .T. ) ;
#4222 =( NAMED_UNIT ( * ) SI_UNIT ( $, .STERADIAN. ) SOLID_ANGLE_UNIT ( ) );
#4223 = PRESENTATION_STYLE_ASSIGNMENT (( #2997 ) ) ;
#4224 = CARTESIAN_POINT ( 'NONE',  ( 1.550000000000000266, 1.809999999999999609, 0.9000000000000003553 ) ) ;
#4225 = EDGE_CURVE ( 'NONE', #2841, #1055, #6412, .T. ) ;
#4226 = EDGE_CURVE ( 'NONE', #2008, #222, #172, .T. ) ;
#4228 = VERTEX_POINT ( 'NONE', #1338 ) ;
#4227 = DIRECTION ( 'NONE',  ( 1.000000000000000000, 0.000000000000000000, 0.000000000000000000 ) ) ;
#4229 = DIRECTION ( 'NONE',  ( 1.000000000000000000, 0.000000000000000000, 0.000000000000000000 ) ) ;
#4230 = CARTESIAN_POINT ( 'NONE',  ( 0.8100000000000003864, 0.2299999999999995104, -3.347971487849612959 ) ) ;
#4231 = CARTESIAN_POINT ( 'NONE',  ( -1.729999999999999760, 0.1500000000000008271, 3.727162940046487183 ) ) ;
#4232 = STYLED_ITEM ( 'NONE', ( #1507 ), #432 ) ;
#4233 = CARTESIAN_POINT ( 'NONE',  ( 0.8100000000000003864, 0.9759778054016126081, 3.089997332157669252 ) ) ;
#4234 = ADVANCED_FACE ( 'NONE', ( #3608 ), #5897, .F. ) ;
#4235 = DIRECTION ( 'NONE',  ( 0.000000000000000000, 0.9659258262890704216, -0.2588190451025127459 ) ) ;
#4236 = CARTESIAN_POINT ( 'NONE',  ( 1.449999999999999734, 2.109999999999999432, 1.750000000000000000 ) ) ;
#4237 = VECTOR ( 'NONE', #924, 1000.000000000000227 ) ;
#4238 = CIRCLE ( 'NONE', #1046, 0.2300000000000005929 ) ;
#4239 = CARTESIAN_POINT ( 'NONE',  ( 1.550000000000000266, 1.909999999999999476, -0.8999999999999995781 ) ) ;
#4240 = PRESENTATION_STYLE_ASSIGNMENT (( #3794 ) ) ;
#4241 = ORIENTED_EDGE ( 'NONE', *, *, #4430, .F. ) ;
#4242 =( NAMED_UNIT ( * ) SI_UNIT ( $, .STERADIAN. ) SOLID_ANGLE_UNIT ( ) );
#4243 = VECTOR ( 'NONE', #3888, 1000.000000000000000 ) ;
#4244 = VERTEX_POINT ( 'NONE', #4299 ) ;
#4245 = ORIENTED_EDGE ( 'NONE', *, *, #5269, .T. ) ;
#4246 = FACE_OUTER_BOUND ( 'NONE', #798, .T. ) ;
#4247 = CARTESIAN_POINT ( 'NONE',  ( -0.1899999999999998357, 2.309999999999999609, 1.750000000000000000 ) ) ;
#4248 = ORIENTED_EDGE ( 'NONE', *, *, #829, .T. ) ;
#4249 = ADVANCED_FACE ( 'NONE', ( #3154 ), #3116, .T. ) ;
#4250 = ORIENTED_EDGE ( 'NONE', *, *, #4071, .F. ) ;
#4251 = MECHANICAL_DESIGN_GEOMETRIC_PRESENTATION_REPRESENTATION (  '', ( #4858 ), #2947 ) ;
#4252 = ORIENTED_EDGE ( 'NONE', *, *, #6741, .T. ) ;
#4253 = CARTESIAN_POINT ( 'NONE',  ( -2.089999999999999858, 0.000000000000000000, -3.347971487849612959 ) ) ;
#4254 = EDGE_CURVE ( 'NONE', #3696, #2579, #3188, .T. ) ;
#4255 = CARTESIAN_POINT ( 'NONE',  ( -0.8199999999999997291, 2.350550309948560991E-14, -4.065000000000001279 ) ) ;
#4256 = CARTESIAN_POINT ( 'NONE',  ( 1.549999999999999822, 1.809999999999999609, -0.9000000000000000222 ) ) ;
#4257 =( NAMED_UNIT ( * ) PLANE_ANGLE_UNIT ( ) SI_UNIT ( $, .RADIAN. ) );
#4258 = LINE ( 'NONE', #7050, #302 ) ;
#4259 = SURFACE_STYLE_FILL_AREA ( #3003 ) ;
#4260 = VECTOR ( 'NONE', #2741, 1000.000000000000000 ) ;
#4261 = PLANE ( 'NONE',  #1650 ) ;
#4262 = EDGE_CURVE ( 'NONE', #6937, #5323, #4339, .T. ) ;
#4263 = DIRECTION ( 'NONE',  ( 0.000000000000000000, 0.000000000000000000, 1.000000000000000000 ) ) ;
#4264 = DIRECTION ( 'NONE',  ( 0.000000000000000000, -0.9659258262890693114, -0.2588190451025172978 ) ) ;
#4265 = ORIENTED_EDGE ( 'NONE', *, *, #5139, .F. ) ;
#4266 = DIRECTION ( 'NONE',  ( 0.000000000000000000, 0.2588190451025172978, -0.9659258262890693114 ) ) ;
#4267 = DIRECTION ( 'NONE',  ( 0.000000000000000000, 0.000000000000000000, -1.000000000000000000 ) ) ;
#4268 = LINE ( 'NONE', #5515, #3464 ) ;
#4269 = PRESENTATION_LAYER_ASSIGNMENT (  '', '', ( #5240 ) ) ;
#4270 = ADVANCED_FACE ( 'NONE', ( #3713 ), #6630, .T. ) ;
#4271 = FILL_AREA_STYLE ('',( #2077 ) ) ;
#4272 = VECTOR ( 'NONE', #3315, 1000.000000000000000 ) ;
#4273 =( NAMED_UNIT ( * ) SI_UNIT ( $, .STERADIAN. ) SOLID_ANGLE_UNIT ( ) );
#4274 = VECTOR ( 'NONE', #2064, 1000.000000000000000 ) ;
#4275 = LINE ( 'NONE', #6530, #3382 ) ;
#4276 = AXIS2_PLACEMENT_3D ( 'NONE', #7278, #6770, #3928 ) ;
#4277 = ORIENTED_EDGE ( 'NONE', *, *, #7367, .F. ) ;
#4278 = EDGE_LOOP ( 'NONE', ( #3652, #2881, #1138, #7029 ) ) ;
#4279 = ORIENTED_EDGE ( 'NONE', *, *, #7310, .F. ) ;
#4280 = FILL_AREA_STYLE ('',( #1906 ) ) ;
#4281 = LINE ( 'NONE', #6091, #2189 ) ;
#4282 = DIRECTION ( 'NONE',  ( 0.000000000000000000, 0.000000000000000000, -1.000000000000000000 ) ) ;
#4283 = ORIENTED_EDGE ( 'NONE', *, *, #5001, .F. ) ;
#4284 = VECTOR ( 'NONE', #641, 1000.000000000000000 ) ;
#4285 = VERTEX_POINT ( 'NONE', #4838 ) ;
#4286 = VERTEX_POINT ( 'NONE', #4873 ) ;
#4287 = FACE_OUTER_BOUND ( 'NONE', #3579, .T. ) ;
#4288 = ORIENTED_EDGE ( 'NONE', *, *, #2066, .F. ) ;
#4289 = ADVANCED_FACE ( 'NONE', ( #1513 ), #6002, .F. ) ;
#4290 = LINE ( 'NONE', #4789, #384 ) ;
#4291 =( LENGTH_UNIT ( ) NAMED_UNIT ( * ) SI_UNIT ( .MILLI., .METRE. ) );
#4292 = LINE ( 'NONE', #6580, #6432 ) ;
#4293 = CARTESIAN_POINT ( 'NONE',  ( 0.4500000000000002887, 0.7459778054016127369, -3.347971487849612959 ) ) ;
#4294 = SURFACE_STYLE_FILL_AREA ( #2063 ) ;
#4295 = AXIS2_PLACEMENT_3D ( 'NONE', #6529, #937, #3793 ) ;
#4296 = EDGE_CURVE ( 'NONE', #2554, #2773, #1413, .T. ) ;
#4297 = DIRECTION ( 'NONE',  ( -0.000000000000000000, 0.000000000000000000, -1.000000000000000000 ) ) ;
#4298 = DIRECTION ( 'NONE',  ( 1.000000000000000000, 0.000000000000000000, 0.000000000000000000 ) ) ;
#4299 = CARTESIAN_POINT ( 'NONE',  ( -0.4599999999999996869, 0.8999999999999998002, -3.100000000000000089 ) ) ;
#4300 = DIRECTION ( 'NONE',  ( 0.7071067811865471286, 0.000000000000000000, 0.7071067811865479058 ) ) ;
#4301 = ADVANCED_FACE ( 'NONE', ( #1379 ), #2111, .T. ) ;
#4302 = PRESENTATION_LAYER_ASSIGNMENT (  '', '', ( #1927 ) ) ;
#4303 = DIRECTION ( 'NONE',  ( 0.000000000000000000, -1.000000000000000000, 0.000000000000000000 ) ) ;
#4304 = STYLED_ITEM ( 'NONE', ( #4192 ), #11 ) ;
#4305 = LINE ( 'NONE', #3353, #1427 ) ;
#4306 = COLOUR_RGB ( '',0.2509803921568627416, 0.2509803921568627416, 0.2509803921568627416 ) ;
#4307 = SURFACE_STYLE_FILL_AREA ( #3649 ) ;
#4308 = FILL_AREA_STYLE ('',( #5414 ) ) ;
#4309 = EDGE_CURVE ( 'NONE', #4731, #2996, #6556, .T. ) ;
#4310 = STYLED_ITEM ( 'NONE', ( #5207 ), #5499 ) ;
#4311 = EDGE_CURVE ( 'NONE', #7309, #3531, #7173, .T. ) ;
#4312 = EDGE_LOOP ( 'NONE', ( #3601, #6385, #6322, #4245 ) ) ;
#4313 = DIRECTION ( 'NONE',  ( 1.000000000000000000, 0.000000000000000000, -0.000000000000000000 ) ) ;
#4314 = CARTESIAN_POINT ( 'NONE',  ( -0.2899999999999998690, 1.909999999999999476, -0.8999999999999995781 ) ) ;
#4315 =( GEOMETRIC_REPRESENTATION_CONTEXT ( 3 ) GLOBAL_UNCERTAINTY_ASSIGNED_CONTEXT ( ( #3429 ) ) GLOBAL_UNIT_ASSIGNED_CONTEXT ( ( #4345, #1999, #7139 ) ) REPRESENTATION_CONTEXT ( 'NONE', 'WORKASPACE' ) );
#4316 = VERTEX_POINT ( 'NONE', #5371 ) ;
#4317 = DIRECTION ( 'NONE',  ( -1.000000000000000000, -0.000000000000000000, -0.000000000000000000 ) ) ;
#4318 = CARTESIAN_POINT ( 'NONE',  ( -1.729999999999999760, 0.2299999999999996214, -3.577971487849614274 ) ) ;
#4319 = CARTESIAN_POINT ( 'NONE',  ( 2.080000000000000071, 0.2299999999999996214, -3.577971487849614274 ) ) ;
#4320 = ORIENTED_EDGE ( 'NONE', *, *, #2025, .F. ) ;
#4321 = VECTOR ( 'NONE', #7335, 1000.000000000000000 ) ;
#4322 = ORIENTED_EDGE ( 'NONE', *, *, #5377, .T. ) ;
#4323 = AXIS2_PLACEMENT_3D ( 'NONE', #399, #5386, #914 ) ;
#4324 = ORIENTED_EDGE ( 'NONE', *, *, #4519, .F. ) ;
#4325 = LINE ( 'NONE', #5990, #3427 ) ;
#4326 = ORIENTED_EDGE ( 'NONE', *, *, #3979, .T. ) ;
#4327 = CARTESIAN_POINT ( 'NONE',  ( 3.100000000000000089, -0.7147114317029832353, 2.667339375865894091 ) ) ;
#4328 = CYLINDRICAL_SURFACE ( 'NONE', #2924, 0.07999999999999977962 ) ;
#4329 = SURFACE_STYLE_FILL_AREA ( #925 ) ;
#4330 = UNCERTAINTY_MEASURE_WITH_UNIT (LENGTH_MEASURE( 1.000000000000000082E-05 ), #4613, 'distance_accuracy_value', 'NONE');
#4332 = LINE ( 'NONE', #5580, #7044 ) ;
#4331 = SURFACE_SIDE_STYLE ('',( #4294 ) ) ;
#4333 = EDGE_CURVE ( 'NONE', #441, #3508, #284, .T. ) ;
#4334 = CARTESIAN_POINT ( 'NONE',  ( -0.4599999999999996869, 0.1500000000000009381, -3.577971487849614274 ) ) ;
#4335 = CARTESIAN_POINT ( 'NONE',  ( -2.360000000000000320, 2.109999999999999432, -1.750000000000000000 ) ) ;
#4336 = FILL_AREA_STYLE_COLOUR ( '', #1376 ) ;
#4337 = PRESENTATION_LAYER_ASSIGNMENT (  '', '', ( #2442 ) ) ;
#4338 = LINE ( 'NONE', #419, #861 ) ;
#4339 = LINE ( 'NONE', #347, #2594 ) ;
#4340 = PLANE ( 'NONE',  #2370 ) ;
#4341 = ADVANCED_FACE ( 'NONE', ( #3677 ), #3347, .F. ) ;
#4342 = LINE ( 'NONE', #4918, #381 ) ;
#4343 = ORIENTED_EDGE ( 'NONE', *, *, #4146, .F. ) ;
#4344 = AXIS2_PLACEMENT_3D ( 'NONE', #6860, #1333, #2327 ) ;
#4345 =( LENGTH_UNIT ( ) NAMED_UNIT ( * ) SI_UNIT ( .MILLI., .METRE. ) );
#4346 = CARTESIAN_POINT ( 'NONE',  ( 1.270000000000000018, 2.109999999999999432, 0.9000000000000000222 ) ) ;
#4347 = EDGE_CURVE ( 'NONE', #3915, #1826, #2218, .T. ) ;
#4348 = DIRECTION ( 'NONE',  ( 0.7071067811865473507, 0.000000000000000000, 0.7071067811865477948 ) ) ;
#4349 = CARTESIAN_POINT ( 'NONE',  ( 0.1800000000000000488, 2.109999999999999432, 1.750000000000000000 ) ) ;
#4350 = AXIS2_PLACEMENT_3D ( 'NONE', #81, #6779, #4593 ) ;
#4351 = VERTEX_POINT ( 'NONE', #1007 ) ;
#4352 =( GEOMETRIC_REPRESENTATION_CONTEXT ( 3 ) GLOBAL_UNCERTAINTY_ASSIGNED_CONTEXT ( ( #474 ) ) GLOBAL_UNIT_ASSIGNED_CONTEXT ( ( #1757, #1068, #1681 ) ) REPRESENTATION_CONTEXT ( 'NONE', 'WORKASPACE' ) );
#4353 =( NAMED_UNIT ( * ) PLANE_ANGLE_UNIT ( ) SI_UNIT ( $, .RADIAN. ) );
#4354 = DIRECTION ( 'NONE',  ( 0.000000000000000000, -1.000000000000000000, 0.000000000000000000 ) ) ;
#4355 = EDGE_CURVE ( 'NONE', #1715, #4575, #5623, .T. ) ;
#4356 = ORIENTED_EDGE ( 'NONE', *, *, #3037, .T. ) ;
#4357 = AXIS2_PLACEMENT_3D ( 'NONE', #2198, #6196, #23 ) ;
#4358 = CARTESIAN_POINT ( 'NONE',  ( -0.4599999999999996869, 0.1500000000000008271, 3.727162940046487183 ) ) ;
#4359 = DIRECTION ( 'NONE',  ( 0.000000000000000000, -0.000000000000000000, 1.000000000000000000 ) ) ;
#4360 = CARTESIAN_POINT ( 'NONE',  ( -2.360000000000000320, 2.109999999999999432, 1.750000000000000000 ) ) ;
#4361 = DIRECTION ( 'NONE',  ( 0.000000000000000000, -1.000000000000000000, -5.773000053518395884E-16 ) ) ;
#4362 = EDGE_LOOP ( 'NONE', ( #7238, #4486, #2232, #730 ) ) ;
#4363 = VECTOR ( 'NONE', #3775, 1000.000000000000000 ) ;
#4364 = ORIENTED_EDGE ( 'NONE', *, *, #2363, .F. ) ;
#4365 = EDGE_CURVE ( 'NONE', #1730, #460, #1552, .T. ) ;
#4366 = ORIENTED_EDGE ( 'NONE', *, *, #7294, .T. ) ;
#4367 = CARTESIAN_POINT ( 'NONE',  ( 2.080000000000000071, 0.2299999999999996214, -3.577971487849614274 ) ) ;
#4368 = ORIENTED_EDGE ( 'NONE', *, *, #4226, .T. ) ;
#4369 = DIRECTION ( 'NONE',  ( 0.000000000000000000, 0.9659258262890670910, -0.2588190451025250138 ) ) ;
#4370 = SURFACE_SIDE_STYLE ('',( #4904 ) ) ;
#4371 = DIRECTION ( 'NONE',  ( 1.000000000000000000, -0.000000000000000000, -0.000000000000000000 ) ) ;
#4372 = PRESENTATION_STYLE_ASSIGNMENT (( #960 ) ) ;
#4374 = LINE ( 'NONE', #998, #611 ) ;
#4373 = DIRECTION ( 'NONE',  ( 0.000000000000000000, 0.000000000000000000, -1.000000000000000000 ) ) ;
#4375 = AXIS2_PLACEMENT_3D ( 'NONE', #2040, #1485, #908 ) ;
#4376 = LINE ( 'NONE', #3268, #2654 ) ;
#4377 = FACE_OUTER_BOUND ( 'NONE', #4720, .T. ) ;
#4378 = CARTESIAN_POINT ( 'NONE',  ( 0.8100000000000003864, 0.8259778054016098103, 4.768369914788500505E-16 ) ) ;
#4379 = AXIS2_PLACEMENT_3D ( 'NONE', #3761, #3832, #3688 ) ;
#4380 = CARTESIAN_POINT ( 'NONE',  ( -0.8199999999999997291, 0.2299999999999996214, -3.577971487849614274 ) ) ;
#4381 = CARTESIAN_POINT ( 'NONE',  ( 0.8100000000000003864, 0.8259778054016115867, -3.080165812735382591 ) ) ;
#4382 = ORIENTED_EDGE ( 'NONE', *, *, #6889, .T. ) ;
#4383 = DIRECTION ( 'NONE',  ( 0.000000000000000000, 0.000000000000000000, 1.000000000000000000 ) ) ;
#4384 = EDGE_CURVE ( 'NONE', #222, #1225, #1879, .T. ) ;
#4385 =( LENGTH_UNIT ( ) NAMED_UNIT ( * ) SI_UNIT ( .MILLI., .METRE. ) );
#4386 = FACE_OUTER_BOUND ( 'NONE', #4186, .T. ) ;
#4387 = CARTESIAN_POINT ( 'NONE',  ( -0.4599999999999996869, 0.1500000000000008271, -4.065000000000000391 ) ) ;
#4388 = PRESENTATION_STYLE_ASSIGNMENT (( #1598 ) ) ;
#4389 = AXIS2_PLACEMENT_3D ( 'NONE', #458, #6, #7370 ) ;
#4390 = EDGE_LOOP ( 'NONE', ( #3233, #5389, #581, #5021 ) ) ;
#4391 = DIRECTION ( 'NONE',  ( 0.000000000000000000, 0.000000000000000000, 1.000000000000000000 ) ) ;
#4392 = LINE ( 'NONE', #6648, #6162 ) ;
#4393 = CIRCLE ( 'NONE', #3338, 0.2300000000000010369 ) ;
#4394 = CARTESIAN_POINT ( 'NONE',  ( 0.4500000000000002887, 0.1500000000000008271, 3.727162940046487183 ) ) ;
#4395 = CARTESIAN_POINT ( 'NONE',  ( 2.080000000000000071, 0.9759778054016126081, 3.089997332157669252 ) ) ;
#4396 = ORIENTED_EDGE ( 'NONE', *, *, #2806, .T. ) ;
#4397 = ADVANCED_FACE ( 'NONE', ( #2711 ), #6147, .T. ) ;
#4398 =( GEOMETRIC_REPRESENTATION_CONTEXT ( 3 ) GLOBAL_UNCERTAINTY_ASSIGNED_CONTEXT ( ( #585 ) ) GLOBAL_UNIT_ASSIGNED_CONTEXT ( ( #5746, #5078, #2268 ) ) REPRESENTATION_CONTEXT ( 'NONE', 'WORKASPACE' ) );
#4399 = ORIENTED_EDGE ( 'NONE', *, *, #3181, .T. ) ;
#4400 = AXIS2_PLACEMENT_3D ( 'NONE', #6171, #5132, #2811 ) ;
#4401 = ORIENTED_EDGE ( 'NONE', *, *, #1221, .F. ) ;
#4402 = ORIENTED_EDGE ( 'NONE', *, *, #2304, .F. ) ;
#4403 = CARTESIAN_POINT ( 'NONE',  ( -1.729999999999999760, 0.000000000000000000, -4.065000000000001279 ) ) ;
#4404 = AXIS2_PLACEMENT_3D ( 'NONE', #2593, #1993, #5472 ) ;
#4405 = LINE ( 'NONE', #4029, #1416 ) ;
#4406 = EDGE_CURVE ( 'NONE', #7307, #3737, #4742, .T. ) ;
#4407 = CARTESIAN_POINT ( 'NONE',  ( 2.250000000000000444, 1.909999999999999476, -0.09999999999999961697 ) ) ;
#4408 = CARTESIAN_POINT ( 'NONE',  ( -1.459999999999999964, 2.109999999999999432, -1.750000000000000000 ) ) ;
#4409 = SURFACE_SIDE_STYLE ('',( #3426 ) ) ;
#4410 = ORIENTED_EDGE ( 'NONE', *, *, #5885, .F. ) ;
#4411 = DIRECTION ( 'NONE',  ( -0.000000000000000000, 1.000000000000000000, -0.000000000000000000 ) ) ;
#4412 = FACE_OUTER_BOUND ( 'NONE', #32, .T. ) ;
#4413 = SURFACE_STYLE_USAGE ( .BOTH. , #5557 ) ;
#4414 = CIRCLE ( 'NONE', #1229, 0.2300000000000005929 ) ;
#4415 = PRESENTATION_STYLE_ASSIGNMENT (( #2154 ) ) ;
#4416 = SURFACE_STYLE_FILL_AREA ( #5187 ) ;
#4417 = ADVANCED_FACE ( 'NONE', ( #493 ), #3823, .F. ) ;
#4418 =( GEOMETRIC_REPRESENTATION_CONTEXT ( 3 ) GLOBAL_UNCERTAINTY_ASSIGNED_CONTEXT ( ( #2743 ) ) GLOBAL_UNIT_ASSIGNED_CONTEXT ( ( #4385, #3316, #4595 ) ) REPRESENTATION_CONTEXT ( 'NONE', 'WORKASPACE' ) );
#4419 = PLANE ( 'NONE',  #4090 ) ;
#4420 = VERTEX_POINT ( 'NONE', #5664 ) ;
#4421 = PRESENTATION_LAYER_ASSIGNMENT (  '', '', ( #5398 ) ) ;
#4422 =( GEOMETRIC_REPRESENTATION_CONTEXT ( 3 ) GLOBAL_UNCERTAINTY_ASSIGNED_CONTEXT ( ( #89 ) ) GLOBAL_UNIT_ASSIGNED_CONTEXT ( ( #5670, #3873, #1700 ) ) REPRESENTATION_CONTEXT ( 'NONE', 'WORKASPACE' ) );
#4423 = CARTESIAN_POINT ( 'NONE',  ( 0.9800000000000002043, 2.310000000000000053, -0.09999999999999961697 ) ) ;
#4424 = DIRECTION ( 'NONE',  ( 0.000000000000000000, 0.9659258262890693114, 0.2588190451025172978 ) ) ;
#4425 = PLANE ( 'NONE',  #1126 ) ;
#4426 = VERTEX_POINT ( 'NONE', #566 ) ;
#4427 = ORIENTED_EDGE ( 'NONE', *, *, #77, .F. ) ;
#4428 = VECTOR ( 'NONE', #2813, 1000.000000000000000 ) ;
#4429 = VECTOR ( 'NONE', #3364, 1000.000000000000000 ) ;
#4430 = EDGE_CURVE ( 'NONE', #6423, #2915, #476, .T. ) ;
#4431 = ORIENTED_EDGE ( 'NONE', *, *, #5561, .T. ) ;
#4432 = PRESENTATION_LAYER_ASSIGNMENT (  '', '', ( #187 ) ) ;
#4433 = ORIENTED_EDGE ( 'NONE', *, *, #4134, .T. ) ;
#4434 = CARTESIAN_POINT ( 'NONE',  ( -2.089999999999999858, 2.350550309948560991E-14, -4.065000000000001279 ) ) ;
#4435 = ORIENTED_EDGE ( 'NONE', *, *, #6406, .T. ) ;
#4436 =( LENGTH_UNIT ( ) NAMED_UNIT ( * ) SI_UNIT ( .MILLI., .METRE. ) );
#4437 = DIRECTION ( 'NONE',  ( -0.000000000000000000, 0.000000000000000000, -1.000000000000000000 ) ) ;
#4438 = DIRECTION ( 'NONE',  ( -1.000000000000000000, 0.000000000000000000, 0.000000000000000000 ) ) ;
#4439 = AXIS2_PLACEMENT_3D ( 'NONE', #4498, #6796, #5118 ) ;
#4441 = LINE ( 'NONE', #5097, #1429 ) ;
#4440 = PLANE ( 'NONE',  #1761 ) ;
#4442 = VERTEX_POINT ( 'NONE', #6818 ) ;
#4443 = VECTOR ( 'NONE', #1286, 1000.000000000000000 ) ;
#4444 = UNCERTAINTY_MEASURE_WITH_UNIT (LENGTH_MEASURE( 1.000000000000000082E-05 ), #3147, 'distance_accuracy_value', 'NONE');
#4445 = MECHANICAL_DESIGN_GEOMETRIC_PRESENTATION_REPRESENTATION (  '', ( #321 ), #4422 ) ;
#4446 = CARTESIAN_POINT ( 'NONE',  ( 0.1800000000000000488, 2.109999999999999432, 1.750000000000000000 ) ) ;
#4447 = SURFACE_SIDE_STYLE ('',( #6071 ) ) ;
#4448 = EDGE_CURVE ( 'NONE', #7364, #6315, #2470, .T. ) ;
#4449 = CARTESIAN_POINT ( 'NONE',  ( -1.560000000000000053, 1.809999999999999387, -0.8999999999999995781 ) ) ;
#4450 =( NAMED_UNIT ( * ) SI_UNIT ( $, .STERADIAN. ) SOLID_ANGLE_UNIT ( ) );
#4451 =( LENGTH_UNIT ( ) NAMED_UNIT ( * ) SI_UNIT ( .MILLI., .METRE. ) );
#4452 = DIRECTION ( 'NONE',  ( -0.7071067811865473507, 0.000000000000000000, -0.7071067811865477948 ) ) ;
#4453 = VERTEX_POINT ( 'NONE', #5459 ) ;
#4454 = VECTOR ( 'NONE', #2480, 1000.000000000000000 ) ;
#4455 = CARTESIAN_POINT ( 'NONE',  ( -0.8199999999999997291, 0.000000000000000000, 0.000000000000000000 ) ) ;
#4456 = CARTESIAN_POINT ( 'NONE',  ( 0.8100000000000003864, 2.350550309948560991E-14, -4.065000000000001279 ) ) ;
#4457 = EDGE_CURVE ( 'NONE', #3471, #3531, #5538, .T. ) ;
#4458 =( LENGTH_UNIT ( ) NAMED_UNIT ( * ) SI_UNIT ( .MILLI., .METRE. ) );
#4459 = PLANE ( 'NONE',  #119 ) ;
#4460 = DIRECTION ( 'NONE',  ( 0.000000000000000000, 0.9914448613738116034, 0.1305261922200433300 ) ) ;
#4461 = ORIENTED_EDGE ( 'NONE', *, *, #3158, .F. ) ;
#4462 = ORIENTED_EDGE ( 'NONE', *, *, #3689, .T. ) ;
#4463 = CARTESIAN_POINT ( 'NONE',  ( 1.720000000000000195, 0.8999999999999998002, -3.100000000000000089 ) ) ;
#4464 = UNCERTAINTY_MEASURE_WITH_UNIT (LENGTH_MEASURE( 1.000000000000000082E-05 ), #5172, 'distance_accuracy_value', 'NONE');
#4465 = VERTEX_POINT ( 'NONE', #368 ) ;
#4466 = DIRECTION ( 'NONE',  ( -0.000000000000000000, 1.000000000000000000, -0.000000000000000000 ) ) ;
#4467 = ORIENTED_EDGE ( 'NONE', *, *, #4040, .F. ) ;
#4468 = EDGE_LOOP ( 'NONE', ( #6453, #2792, #7195, #2478 ) ) ;
#4469 = VERTEX_POINT ( 'NONE', #992 ) ;
#4470 = PRODUCT_DEFINITION_SHAPE ( 'NONE', 'NONE',  #1167 ) ;
#4471 = COLOUR_RGB ( '',0.2509803921568627416, 0.2509803921568627416, 0.2509803921568627416 ) ;
#4472 = VERTEX_POINT ( 'NONE', #3738 ) ;
#4473 = DIRECTION ( 'NONE',  ( 0.000000000000000000, 6.091907941747214293E-16, -1.000000000000000000 ) ) ;
#4474 = PLANE ( 'NONE',  #687 ) ;
#4475 = EDGE_CURVE ( 'NONE', #6564, #5988, #6575, .T. ) ;
#4476 = CARTESIAN_POINT ( 'NONE',  ( -2.089999999999999858, 0.9759778054016126081, 3.089997332157669252 ) ) ;
#4477 = DIRECTION ( 'NONE',  ( -1.000000000000000000, -0.000000000000000000, -0.000000000000000000 ) ) ;
#4478 = DIRECTION ( 'NONE',  ( 0.000000000000000000, 0.000000000000000000, 1.000000000000000000 ) ) ;
#4479 = VERTEX_POINT ( 'NONE', #7158 ) ;
#4480 = DIRECTION ( 'NONE',  ( 0.000000000000000000, 0.000000000000000000, -1.000000000000000000 ) ) ;
#4481 = CARTESIAN_POINT ( 'NONE',  ( 0.4500000000000002887, 0.1500000000000008271, -4.065000000000000391 ) ) ;
#4482 = FACE_OUTER_BOUND ( 'NONE', #3687, .T. ) ;
#4483 = UNCERTAINTY_MEASURE_WITH_UNIT (LENGTH_MEASURE( 1.000000000000000082E-05 ), #5958, 'distance_accuracy_value', 'NONE');
#4484 = SURFACE_STYLE_USAGE ( .BOTH. , #4993 ) ;
#4486 = ORIENTED_EDGE ( 'NONE', *, *, #5179, .F. ) ;
#4485 = DIRECTION ( 'NONE',  ( -1.000000000000000000, -0.000000000000000000, -0.000000000000000000 ) ) ;
#4487 = AXIS2_PLACEMENT_3D ( 'NONE', #2862, #5151, #3357 ) ;
#4488 = PLANE ( 'NONE',  #4054 ) ;
#4489 = EDGE_CURVE ( 'NONE', #1575, #6078, #2618, .T. ) ;
#4490 = ORIENTED_EDGE ( 'NONE', *, *, #2693, .T. ) ;
#4491 = LINE ( 'NONE', #3461, #1951 ) ;
#4492 = VECTOR ( 'NONE', #4130, 1000.000000000000000 ) ;
#4493 = SURFACE_SIDE_STYLE ('',( #1163 ) ) ;
#4494 =( NAMED_UNIT ( * ) PLANE_ANGLE_UNIT ( ) SI_UNIT ( $, .RADIAN. ) );
#4495 = DIRECTION ( 'NONE',  ( 0.000000000000000000, -0.000000000000000000, 1.000000000000000000 ) ) ;
#4496 = EDGE_CURVE ( 'NONE', #3523, #6536, #3539, .T. ) ;
#4497 = VECTOR ( 'NONE', #70, 999.9999999999998863 ) ;
#4498 = CARTESIAN_POINT ( 'NONE',  ( 0.4500000000000002887, 0.2300000000000000655, 3.727162940046486739 ) ) ;
#4499 = EDGE_LOOP ( 'NONE', ( #5737, #1743, #4139, #4747 ) ) ;
#4500 = CARTESIAN_POINT ( 'NONE',  ( 1.080000000000000293, 2.309999999999999609, 1.750000000000000000 ) ) ;
#4501 = PRESENTATION_STYLE_ASSIGNMENT (( #1710 ) ) ;
#4502 = SURFACE_STYLE_USAGE ( .BOTH. , #5047 ) ;
#4503 = VERTEX_POINT ( 'NONE', #4901 ) ;
#4504 =( GEOMETRIC_REPRESENTATION_CONTEXT ( 3 ) GLOBAL_UNCERTAINTY_ASSIGNED_CONTEXT ( ( #1678 ) ) GLOBAL_UNIT_ASSIGNED_CONTEXT ( ( #2364, #6369, #5813 ) ) REPRESENTATION_CONTEXT ( 'NONE', 'WORKASPACE' ) );
#4505 = UNCERTAINTY_MEASURE_WITH_UNIT (LENGTH_MEASURE( 1.000000000000000082E-05 ), #2685, 'distance_accuracy_value', 'NONE');
#4506 = VERTEX_POINT ( 'NONE', #2582 ) ;
#4507 = AXIS2_PLACEMENT_3D ( 'NONE', #784, #1802, #162 ) ;
#4508 = ORIENTED_EDGE ( 'NONE', *, *, #3450, .F. ) ;
#4509 =( NAMED_UNIT ( * ) PLANE_ANGLE_UNIT ( ) SI_UNIT ( $, .RADIAN. ) );
#4510 = LINE ( 'NONE', #3960, #3576 ) ;
#4511 = CIRCLE ( 'NONE', #2967, 0.2300000000000001765 ) ;
#4512 = PRESENTATION_STYLE_ASSIGNMENT (( #6809 ) ) ;
#4513 = CARTESIAN_POINT ( 'NONE',  ( -0.2899999999999998690, 0.000000000000000000, 0.000000000000000000 ) ) ;
#4514 = CARTESIAN_POINT ( 'NONE',  ( -0.2899999999999998690, 1.809999999999999609, 0.9000000000000003553 ) ) ;
#4515 = VECTOR ( 'NONE', #4460, 999.9999999999998863 ) ;
#4516 = FILL_AREA_STYLE ('',( #2814 ) ) ;
#4517 = VECTOR ( 'NONE', #2845, 1000.000000000000000 ) ;
#4518 = ORIENTED_EDGE ( 'NONE', *, *, #811, .T. ) ;
#4519 = EDGE_CURVE ( 'NONE', #2615, #1534, #306, .T. ) ;
#4520 = AXIS2_PLACEMENT_3D ( 'NONE', #672, #2922, #788 ) ;
#4521 = DIRECTION ( 'NONE',  ( 0.000000000000000000, 0.9914448613738107152, -0.1305261922200490754 ) ) ;
#4522 = CARTESIAN_POINT ( 'NONE',  ( -0.8199999999999997291, 0.9759778054016128301, 3.267971487849612000 ) ) ;
#4523 = VECTOR ( 'NONE', #1377, 1000.000000000000000 ) ;
#4524 = CARTESIAN_POINT ( 'NONE',  ( 2.250000000000000444, 1.809999999999999609, -0.9000000000000000222 ) ) ;
#4525 = EDGE_CURVE ( 'NONE', #1453, #4132, #3700, .T. ) ;
#4526 = DIRECTION ( 'NONE',  ( 0.000000000000000000, -1.694065894508596142E-15, 1.000000000000000000 ) ) ;
#4528 = ORIENTED_EDGE ( 'NONE', *, *, #2818, .T. ) ;
#4527 = CARTESIAN_POINT ( 'NONE',  ( 0.2800000000000003042, 1.809999999999999609, 0.9000000000000003553 ) ) ;
#4529 = DIRECTION ( 'NONE',  ( 0.000000000000000000, 0.000000000000000000, -1.000000000000000000 ) ) ;
#4530 = VERTEX_POINT ( 'NONE', #921 ) ;
#4531 = ADVANCED_FACE ( 'NONE', ( #4287 ), #1538, .F. ) ;
#4532 = CARTESIAN_POINT ( 'NONE',  ( -0.4599999999999996869, 0.8259778054016116977, 3.267971487849612000 ) ) ;
#4533 = CARTESIAN_POINT ( 'NONE',  ( 1.550000000000000266, 2.310000000000000053, 0.9000000000000003553 ) ) ;
#4534 = DIRECTION ( 'NONE',  ( 0.000000000000000000, -0.2588190451025251804, -0.9659258262890672020 ) ) ;
#4535 = ADVANCED_FACE ( 'NONE', ( #4978 ), #4827, .T. ) ;
#4536 =( NAMED_UNIT ( * ) SI_UNIT ( $, .STERADIAN. ) SOLID_ANGLE_UNIT ( ) );
#4537 = CARTESIAN_POINT ( 'NONE',  ( 0.2800000000000003042, 1.909999999999999476, -0.8999999999999995781 ) ) ;
#4538 = PLANE ( 'NONE',  #1089 ) ;
#4539 = DIRECTION ( 'NONE',  ( 0.000000000000000000, 0.000000000000000000, -1.000000000000000000 ) ) ;
#4540 = ORIENTED_EDGE ( 'NONE', *, *, #4760, .T. ) ;
#4541 = VECTOR ( 'NONE', #2344, 1000.000000000000114 ) ;
#4542 = EDGE_CURVE ( 'NONE', #335, #5748, #4325, .T. ) ;
#4543 = DIRECTION ( 'NONE',  ( -0.000000000000000000, 8.405029527513197557E-16, 1.000000000000000000 ) ) ;
#4544 = EDGE_CURVE ( 'NONE', #5007, #2676, #5952, .T. ) ;
#4545 = DIRECTION ( 'NONE',  ( -1.000000000000000000, -0.000000000000000000, -0.000000000000000000 ) ) ;
#4546 = LINE ( 'NONE', #2838, #4679 ) ;
#4547 = ORIENTED_EDGE ( 'NONE', *, *, #7273, .F. ) ;
#4548 = EDGE_LOOP ( 'NONE', ( #7351, #5267, #5950, #5146 ) ) ;
#4549 = PRESENTATION_LAYER_ASSIGNMENT (  '', '', ( #5161 ) ) ;
#4550 = ORIENTED_EDGE ( 'NONE', *, *, #1342, .T. ) ;
#4551 = CLOSED_SHELL ( 'NONE', ( #5497, #4683, #4765, #462, #2567, #1316, #7304, #4637, #1434, #4249, #7024, #3920, #6970, #7031, #3949 ) ) ;
#4552 = VERTEX_POINT ( 'NONE', #6615 ) ;
#4553 = LINE ( 'NONE', #6135, #3770 ) ;
#4554 = CARTESIAN_POINT ( 'NONE',  ( 0.000000000000000000, 2.109999999999999432, 0.000000000000000000 ) ) ;
#4555 = CARTESIAN_POINT ( 'NONE',  ( 2.080000000000000071, 0.2299999999999996214, -3.577971487849614274 ) ) ;
#4556 = EDGE_CURVE ( 'NONE', #6277, #6536, #3104, .T. ) ;
#4557 = STYLED_ITEM ( 'NONE', ( #774 ), #3459 ) ;
#4558 = CARTESIAN_POINT ( 'NONE',  ( 2.250000000000000444, 2.109999999999999432, 0.000000000000000000 ) ) ;
#4559 = EDGE_LOOP ( 'NONE', ( #2018, #5137, #1364, #1536 ) ) ;
#4560 = DIRECTION ( 'NONE',  ( 0.000000000000000000, 1.000000000000000000, -1.204669080539449590E-16 ) ) ;
#4561 = DIRECTION ( 'NONE',  ( 1.000000000000000000, 0.000000000000000000, 0.000000000000000000 ) ) ;
#4562 = MECHANICAL_DESIGN_GEOMETRIC_PRESENTATION_REPRESENTATION (  '', ( #2187 ), #5527 ) ;
#4563 = LINE ( 'NONE', #6895, #5009 ) ;
#4564 = AXIS2_PLACEMENT_3D ( 'NONE', #6019, #5494, #6538 ) ;
#4565 = EDGE_LOOP ( 'NONE', ( #658, #3966, #2959, #6784 ) ) ;
#4566 = DIRECTION ( 'NONE',  ( 0.000000000000000000, 0.000000000000000000, 1.000000000000000000 ) ) ;
#4567 = VECTOR ( 'NONE', #497, 1000.000000000000000 ) ;
#4568 = VERTEX_POINT ( 'NONE', #337 ) ;
#4569 = DIRECTION ( 'NONE',  ( 0.000000000000000000, -0.9914448613738108262, 0.1305261922200490754 ) ) ;
#4570 = LINE ( 'NONE', #1192, #5241 ) ;
#4571 = LINE ( 'NONE', #6905, #504 ) ;
#4572 = EDGE_CURVE ( 'NONE', #653, #4442, #954, .T. ) ;
#4573 = CARTESIAN_POINT ( 'NONE',  ( -2.259999999999999787, 2.310000000000000053, -0.09999999999999961697 ) ) ;
#4574 = VECTOR ( 'NONE', #1442, 1000.000000000000000 ) ;
#4575 = VERTEX_POINT ( 'NONE', #3665 ) ;
#4576 = DIRECTION ( 'NONE',  ( 1.000000000000000000, 0.000000000000000000, 0.000000000000000000 ) ) ;
#4577 = MANIFOLD_SOLID_BREP ( 'Pin 3', #2536 ) ;
#4578 = DIRECTION ( 'NONE',  ( 0.000000000000000000, 3.045953970873614739E-15, -1.000000000000000000 ) ) ;
#4579 = DIRECTION ( 'NONE',  ( -0.000000000000000000, 0.000000000000000000, 1.000000000000000000 ) ) ;
#4580 = ORIENTED_EDGE ( 'NONE', *, *, #2385, .T. ) ;
#4581 = LINE ( 'NONE', #3475, #2124 ) ;
#4582 = VERTEX_POINT ( 'NONE', #6209 ) ;
#4583 = EDGE_CURVE ( 'NONE', #2054, #5303, #232, .T. ) ;
#4584 = VERTEX_POINT ( 'NONE', #7357 ) ;
#4585 = PRESENTATION_LAYER_ASSIGNMENT (  '', '', ( #682 ) ) ;
#4586 = CARTESIAN_POINT ( 'NONE',  ( 1.449999999999999734, 2.109999999999999432, -1.750000000000000000 ) ) ;
#4587 = SURFACE_STYLE_USAGE ( .BOTH. , #225 ) ;
#4588 = PLANE ( 'NONE',  #1856 ) ;
#4589 = AXIS2_PLACEMENT_3D ( 'NONE', #160, #1577, #7197 ) ;
#4590 = ORIENTED_EDGE ( 'NONE', *, *, #1187, .T. ) ;
#4591 = EDGE_CURVE ( 'NONE', #268, #1824, #551, .T. ) ;
#4592 = SURFACE_STYLE_USAGE ( .BOTH. , #1365 ) ;
#4593 = DIRECTION ( 'NONE',  ( 0.000000000000000000, 0.000000000000000000, 1.000000000000000000 ) ) ;
#4594 = CARTESIAN_POINT ( 'NONE',  ( 2.080000000000000071, 0.000000000000000000, -4.065000000000001279 ) ) ;
#4595 =( NAMED_UNIT ( * ) SI_UNIT ( $, .STERADIAN. ) SOLID_ANGLE_UNIT ( ) );
#4596 = ORIENTED_EDGE ( 'NONE', *, *, #5685, .T. ) ;
#4597 = ORIENTED_EDGE ( 'NONE', *, *, #2614, .F. ) ;
#4598 = FACE_OUTER_BOUND ( 'NONE', #3425, .T. ) ;
#4599 = VECTOR ( 'NONE', #2699, 1000.000000000000000 ) ;
#4600 = EDGE_LOOP ( 'NONE', ( #3811, #2273, #1288, #790 ) ) ;
#4601 = UNCERTAINTY_MEASURE_WITH_UNIT (LENGTH_MEASURE( 1.000000000000000082E-05 ), #3017, 'distance_accuracy_value', 'NONE');
#4602 = FACE_OUTER_BOUND ( 'NONE', #4116, .T. ) ;
#4603 = CARTESIAN_POINT ( 'NONE',  ( -1.729999999999999760, 0.8259778054016121418, 3.080165812735383035 ) ) ;
#4604 = DIRECTION ( 'NONE',  ( 0.000000000000000000, -1.000000000000000000, 5.782411586589324901E-15 ) ) ;
#4605 = AXIS2_PLACEMENT_3D ( 'NONE', #4925, #7181, #3196 ) ;
#4606 = LINE ( 'NONE', #2452, #6059 ) ;
#4607 = CARTESIAN_POINT ( 'NONE',  ( 0.8100000000000003864, 0.1500000000000017153, -3.339236242140380218E-17 ) ) ;
#4608 = CARTESIAN_POINT ( 'NONE',  ( -1.459999999999999964, 2.109999999999999432, 1.750000000000000000 ) ) ;
#4609 = AXIS2_PLACEMENT_3D ( 'NONE', #2821, #2254, #4526 ) ;
#4610 = EDGE_CURVE ( 'NONE', #1656, #4778, #6808, .T. ) ;
#4611 = VERTEX_POINT ( 'NONE', #1641 ) ;
#4612 = FACE_OUTER_BOUND ( 'NONE', #3990, .T. ) ;
#4613 =( LENGTH_UNIT ( ) NAMED_UNIT ( * ) SI_UNIT ( .MILLI., .METRE. ) );
#4614 = ORIENTED_EDGE ( 'NONE', *, *, #154, .T. ) ;
#4615 = VECTOR ( 'NONE', #2939, 1000.000000000000000 ) ;
#4616 = EDGE_CURVE ( 'NONE', #4960, #4141, #3927, .T. ) ;
#4617 = LINE ( 'NONE', #1031, #4260 ) ;
#4618 = EDGE_LOOP ( 'NONE', ( #5448, #4752, #440, #1697 ) ) ;
#4619 = EDGE_CURVE ( 'NONE', #4285, #3654, #6735, .T. ) ;
#4620 = EDGE_LOOP ( 'NONE', ( #487, #4433, #5983 ) ) ;
#4621 = DIRECTION ( 'NONE',  ( 0.000000000000000000, 0.000000000000000000, -1.000000000000000000 ) ) ;
#4622 =( NAMED_UNIT ( * ) SI_UNIT ( $, .STERADIAN. ) SOLID_ANGLE_UNIT ( ) );
#4623 = CARTESIAN_POINT ( 'NONE',  ( 3.100000000000000089, 2.309999999999999609, -2.914369978401781580 ) ) ;
#4624 = PRESENTATION_STYLE_ASSIGNMENT (( #3998 ) ) ;
#4625 = AXIS2_PLACEMENT_3D ( 'NONE', #133, #6409, #1235 ) ;
#4626 = EDGE_CURVE ( 'NONE', #1150, #3915, #2733, .T. ) ;
#4627 = VERTEX_POINT ( 'NONE', #3410 ) ;
#4628 = AXIS2_PLACEMENT_3D ( 'NONE', #976, #4961, #6154 ) ;
#4629 = ORIENTED_EDGE ( 'NONE', *, *, #4096, .F. ) ;
#4630 = PRODUCT_DEFINITION_CONTEXT ( 'detailed design', #2397, 'design' ) ;
#4631 = FACE_OUTER_BOUND ( 'NONE', #5668, .T. ) ;
#4632 = LINE ( 'NONE', #1725, #4954 ) ;
#4633 = VECTOR ( 'NONE', #485, 1000.000000000000000 ) ;
#4634 = LINE ( 'NONE', #5245, #6919 ) ;
#4635 = DIRECTION ( 'NONE',  ( 0.000000000000000000, -2.309200021407363481E-15, 1.000000000000000000 ) ) ;
#4636 = VECTOR ( 'NONE', #5923, 1000.000000000000000 ) ;
#4637 = ADVANCED_FACE ( 'NONE', ( #2169 ), #5612, .T. ) ;
#4639 = ORIENTED_EDGE ( 'NONE', *, *, #6024, .F. ) ;
#4638 = LINE ( 'NONE', #5774, #4041 ) ;
#4640 = FILL_AREA_STYLE_COLOUR ( '', #5376 ) ;
#4641 = AXIS2_PLACEMENT_3D ( 'NONE', #2075, #4303, #1516 ) ;
#4642 = ORIENTED_EDGE ( 'NONE', *, *, #5442, .F. ) ;
#4643 = VECTOR ( 'NONE', #552, 1000.000000000000000 ) ;
#4644 = CARTESIAN_POINT ( 'NONE',  ( 0.4500000000000002887, 0.1500000000000008271, 3.727162940046487183 ) ) ;
#4645 = CARTESIAN_POINT ( 'NONE',  ( -1.090000000000000080, 2.109999999999999432, 1.750000000000000000 ) ) ;
#4646 = CARTESIAN_POINT ( 'NONE',  ( -2.089999999999999858, 0.1500000000000008271, 4.065000000000000391 ) ) ;
#4647 = VECTOR ( 'NONE', #5529, 1000.000000000000000 ) ;
#4648 = DIRECTION ( 'NONE',  ( 1.000000000000000000, -0.000000000000000000, -0.000000000000000000 ) ) ;
#4649 = FILL_AREA_STYLE ('',( #4202 ) ) ;
#4650 = VERTEX_POINT ( 'NONE', #1607 ) ;
#4651 = DIRECTION ( 'NONE',  ( 0.000000000000000000, 0.000000000000000000, 1.000000000000000000 ) ) ;
#4652 = DIRECTION ( 'NONE',  ( 0.000000000000000000, 0.9659258262890670910, -0.2588190451025250138 ) ) ;
#4653 = PRESENTATION_STYLE_ASSIGNMENT (( #256 ) ) ;
#4654 = ORIENTED_EDGE ( 'NONE', *, *, #6939, .T. ) ;
#4655 = EDGE_CURVE ( 'NONE', #909, #3404, #7313, .T. ) ;
#4656 = CARTESIAN_POINT ( 'NONE',  ( -0.4599999999999996869, 0.2300000000000000655, 3.727162940046486739 ) ) ;
#4657 = ORIENTED_EDGE ( 'NONE', *, *, #500, .T. ) ;
#4658 = ORIENTED_EDGE ( 'NONE', *, *, #3719, .T. ) ;
#4659 = VECTOR ( 'NONE', #1673, 1000.000000000000000 ) ;
#4660 = ORIENTED_EDGE ( 'NONE', *, *, #3945, .F. ) ;
#4661 = DIRECTION ( 'NONE',  ( 0.000000000000000000, -0.9659258262890704216, 0.2588190451025127459 ) ) ;
#4662 = DIRECTION ( 'NONE',  ( 0.000000000000000000, -1.000000000000000000, 0.000000000000000000 ) ) ;
#4663 = FILL_AREA_STYLE ('',( #3520 ) ) ;
#4664 = CARTESIAN_POINT ( 'NONE',  ( -1.090000000000000080, 2.109999999999999432, -1.750000000000000000 ) ) ;
#4665 =( NAMED_UNIT ( * ) SI_UNIT ( $, .STERADIAN. ) SOLID_ANGLE_UNIT ( ) );
#4666 = VECTOR ( 'NONE', #3449, 1000.000000000000000 ) ;
#4667 = EDGE_CURVE ( 'NONE', #7159, #2676, #1981, .T. ) ;
#4668 = ORIENTED_EDGE ( 'NONE', *, *, #2258, .T. ) ;
#4669 = VERTEX_POINT ( 'NONE', #588 ) ;
#4670 = VECTOR ( 'NONE', #1758, 1000.000000000000000 ) ;
#4671 = FILL_AREA_STYLE_COLOUR ( '', #4675 ) ;
#4672 = FILL_AREA_STYLE ('',( #1914 ) ) ;
#4673 = CARTESIAN_POINT ( 'NONE',  ( -1.459999999999999964, 2.109999999999999432, 1.750000000000000000 ) ) ;
#4674 = LINE ( 'NONE', #3636, #3368 ) ;
#4675 = COLOUR_RGB ( '',0.2509803921568627416, 0.2509803921568627416, 0.2509803921568627416 ) ;
#4676 = VERTEX_POINT ( 'NONE', #3372 ) ;
#4678 = LINE ( 'NONE', #4793, #6230 ) ;
#4677 = PLANE ( 'NONE',  #802 ) ;
#4679 = VECTOR ( 'NONE', #3438, 999.9999999999998863 ) ;
#4680 = PLANE ( 'NONE',  #3327 ) ;
#4681 = COLOUR_RGB ( '',0.7921568627450980005, 0.8196078431372548767, 0.9333333333333333481 ) ;
#4682 = ORIENTED_EDGE ( 'NONE', *, *, #7111, .F. ) ;
#4683 = ADVANCED_FACE ( 'NONE', ( #73 ), #5724, .T. ) ;
#4684 = PLANE ( 'NONE',  #6157 ) ;
#4685 = CARTESIAN_POINT ( 'NONE',  ( -0.4599999999999996869, 0.2299999999999995104, -3.497971487849612426 ) ) ;
#4686 = DIRECTION ( 'NONE',  ( 0.000000000000000000, -2.226157494760227923E-16, -1.000000000000000000 ) ) ;
#4687 = STYLED_ITEM ( 'NONE', ( #3791 ), #4988 ) ;
#4688 = CARTESIAN_POINT ( 'NONE',  ( 1.550000000000000266, 2.310000000000000053, -0.09999999999999961697 ) ) ;
#4689 = VECTOR ( 'NONE', #6505, 1000.000000000000000 ) ;
#4690 = EDGE_CURVE ( 'NONE', #3654, #2908, #5130, .T. ) ;
#4691 = VECTOR ( 'NONE', #6226, 1000.000000000000000 ) ;
#4692 = ORIENTED_EDGE ( 'NONE', *, *, #3627, .T. ) ;
#4693 = LINE ( 'NONE', #5225, #518 ) ;
#4694 = EDGE_LOOP ( 'NONE', ( #1804, #4890, #2866, #4614 ) ) ;
#4695 = PLANE ( 'NONE',  #307 ) ;
#4696 = DIRECTION ( 'NONE',  ( 0.000000000000000000, 0.9659258262890670910, -0.2588190451025250138 ) ) ;
#4697 = ORIENTED_EDGE ( 'NONE', *, *, #1859, .T. ) ;
#4698 = ORIENTED_EDGE ( 'NONE', *, *, #1027, .T. ) ;
#4699 = ORIENTED_EDGE ( 'NONE', *, *, #5224, .F. ) ;
#4700 = ORIENTED_EDGE ( 'NONE', *, *, #907, .T. ) ;
#4701 = FILL_AREA_STYLE ('',( #2429 ) ) ;
#4702 = VECTOR ( 'NONE', #5809, 1000.000000000000000 ) ;
#4703 = FACE_OUTER_BOUND ( 'NONE', #5517, .T. ) ;
#4704 = DIRECTION ( 'NONE',  ( -1.000000000000000000, -0.000000000000000000, -0.000000000000000000 ) ) ;
#4705 = DIRECTION ( 'NONE',  ( 0.000000000000000000, 0.9659258262890670910, -0.2588190451025250138 ) ) ;
#4706 = CARTESIAN_POINT ( 'NONE',  ( 1.080000000000000293, 2.109999999999999432, 1.750000000000000000 ) ) ;
#4707 = ORIENTED_EDGE ( 'NONE', *, *, #3199, .T. ) ;
#4708 = VECTOR ( 'NONE', #997, 1000.000000000000227 ) ;
#4709 = ORIENTED_EDGE ( 'NONE', *, *, #356, .T. ) ;
#4710 = UNCERTAINTY_MEASURE_WITH_UNIT (LENGTH_MEASURE( 1.000000000000000082E-05 ), #3280, 'distance_accuracy_value', 'NONE');
#4711 = EDGE_CURVE ( 'NONE', #2981, #7215, #3995, .T. ) ;
#4712 = SURFACE_STYLE_FILL_AREA ( #1801 ) ;
#4713 =( LENGTH_UNIT ( ) NAMED_UNIT ( * ) SI_UNIT ( .MILLI., .METRE. ) );
#4714 = CARTESIAN_POINT ( 'NONE',  ( -0.4599999999999996869, 0.1500000000000017153, -3.339236242140380218E-17 ) ) ;
#4715 = DIRECTION ( 'NONE',  ( -1.000000000000000000, -0.000000000000000000, -0.000000000000000000 ) ) ;
#4716 = VECTOR ( 'NONE', #6849, 1000.000000000000000 ) ;
#4718 = FILL_AREA_STYLE_COLOUR ( '', #5635 ) ;
#4717 = SURFACE_STYLE_FILL_AREA ( #201 ) ;
#4719 = CARTESIAN_POINT ( 'NONE',  ( -0.9899999999999997691, 1.809999999999999609, 0.9000000000000003553 ) ) ;
#4720 = EDGE_LOOP ( 'NONE', ( #4435, #5666, #1455, #6056 ) ) ;
#4721 = ORIENTED_EDGE ( 'NONE', *, *, #3681, .T. ) ;
#4722 = DIRECTION ( 'NONE',  ( 1.000000000000000000, 0.000000000000000000, 0.000000000000000000 ) ) ;
#4723 = LINE ( 'NONE', #5328, #2696 ) ;
#4724 = DIRECTION ( 'NONE',  ( 1.000000000000000000, 0.000000000000000000, 0.000000000000000000 ) ) ;
#4725 = EDGE_CURVE ( 'NONE', #6404, #6605, #4553, .T. ) ;
#4726 = DIRECTION ( 'NONE',  ( 0.000000000000000000, 0.000000000000000000, -1.000000000000000000 ) ) ;
#4727 = AXIS2_PLACEMENT_3D ( 'NONE', #4888, #4354, #7184 ) ;
#4728 = PLANE ( 'NONE',  #6483 ) ;
#4729 = ORIENTED_EDGE ( 'NONE', *, *, #7178, .T. ) ;
#4730 = DIRECTION ( 'NONE',  ( -1.000000000000000000, -0.000000000000000000, -0.000000000000000000 ) ) ;
#4731 = VERTEX_POINT ( 'NONE', #626 ) ;
#4732 = CARTESIAN_POINT ( 'NONE',  ( -1.729999999999999760, 0.8259778054016116977, -3.267971487849612000 ) ) ;
#4733 = EDGE_CURVE ( 'NONE', #5640, #4676, #2316, .T. ) ;
#4734 = ORIENTED_EDGE ( 'NONE', *, *, #7126, .F. ) ;
#4735 = SURFACE_SIDE_STYLE ('',( #5380 ) ) ;
#4736 = UNCERTAINTY_MEASURE_WITH_UNIT (LENGTH_MEASURE( 1.000000000000000082E-05 ), #6389, 'distance_accuracy_value', 'NONE');
#4737 = VECTOR ( 'NONE', #689, 1000.000000000000000 ) ;
#4738 = ORIENTED_EDGE ( 'NONE', *, *, #231, .F. ) ;
#4739 = ORIENTED_EDGE ( 'NONE', *, *, #2614, .T. ) ;
#4740 = EDGE_LOOP ( 'NONE', ( #6298, #125, #142, #4821 ) ) ;
#4741 =( NAMED_UNIT ( * ) PLANE_ANGLE_UNIT ( ) SI_UNIT ( $, .RADIAN. ) );
#4743 = SURFACE_STYLE_USAGE ( .BOTH. , #5914 ) ;
#4742 = CIRCLE ( 'NONE', #1525, 0.2300000000000010369 ) ;
#4744 = DIRECTION ( 'NONE',  ( -1.000000000000000000, 0.000000000000000000, -0.000000000000000000 ) ) ;
#4745 = DIRECTION ( 'NONE',  ( 0.000000000000000000, -0.9659258262890693114, -0.2588190451025172978 ) ) ;
#4746 = VERTEX_POINT ( 'NONE', #3296 ) ;
#4747 = ORIENTED_EDGE ( 'NONE', *, *, #1765, .F. ) ;
#4748 = FILL_AREA_STYLE_COLOUR ( '', #3722 ) ;
#4749 = FACE_OUTER_BOUND ( 'NONE', #2494, .T. ) ;
#4750 = CARTESIAN_POINT ( 'NONE',  ( -2.089999999999999858, 0.2299999999999995104, -3.497971487849612426 ) ) ;
#4751 = DIRECTION ( 'NONE',  ( 1.000000000000000000, 0.000000000000000000, -0.000000000000000000 ) ) ;
#4752 = ORIENTED_EDGE ( 'NONE', *, *, #5108, .F. ) ;
#4753 = EDGE_CURVE ( 'NONE', #7234, #4089, #5574, .T. ) ;
#4754 = DIRECTION ( 'NONE',  ( -1.000000000000000000, -0.000000000000000000, -0.000000000000000000 ) ) ;
#4755 = VECTOR ( 'NONE', #1989, 1000.000000000000227 ) ;
#4756 = VECTOR ( 'NONE', #6812, 1000.000000000000000 ) ;
#4757 = LINE ( 'NONE', #1266, #6131 ) ;
#4758 = CARTESIAN_POINT ( 'NONE',  ( 2.080000000000000071, 0.1500000000000008271, 4.065000000000000391 ) ) ;
#4759 = VECTOR ( 'NONE', #707, 1000.000000000000000 ) ;
#4760 = EDGE_CURVE ( 'NONE', #5435, #7373, #2932, .T. ) ;
#4761 = DIRECTION ( 'NONE',  ( 1.000000000000000000, 0.000000000000000000, 0.000000000000000000 ) ) ;
#4762 = CARTESIAN_POINT ( 'NONE',  ( -1.729999999999999760, 0.9759778054016126081, 3.089997332157669252 ) ) ;
#4763 = DIRECTION ( 'NONE',  ( -0.000000000000000000, 0.000000000000000000, -1.000000000000000000 ) ) ;
#4764 = MECHANICAL_DESIGN_GEOMETRIC_PRESENTATION_REPRESENTATION (  '', ( #3809 ), #5250 ) ;
#4765 = ADVANCED_FACE ( 'NONE', ( #2989 ), #2350, .T. ) ;
#4766 = CARTESIAN_POINT ( 'NONE',  ( 0.4500000000000002887, 0.1500000000000009381, -3.577971487849614274 ) ) ;
#4767 = STYLED_ITEM ( 'NONE', ( #2280 ), #5727 ) ;
#4768 = LINE ( 'NONE', #288, #657 ) ;
#4769 = ADVANCED_FACE ( 'NONE', ( #868 ), #2000, .F. ) ;
#4770 = VECTOR ( 'NONE', #3903, 1000.000000000000000 ) ;
#4771 = VERTEX_POINT ( 'NONE', #905 ) ;
#4772 = CYLINDRICAL_SURFACE ( 'NONE', #2640, 0.2300000000000010369 ) ;
#4773 = PLANE ( 'NONE',  #7338 ) ;
#4774 = PLANE ( 'NONE',  #4138 ) ;
#4775 = ORIENTED_EDGE ( 'NONE', *, *, #6741, .F. ) ;
#4776 = CARTESIAN_POINT ( 'NONE',  ( 1.550000000000000266, 1.909999999999999476, -0.09999999999999961697 ) ) ;
#4777 = ORIENTED_EDGE ( 'NONE', *, *, #1238, .F. ) ;
#4778 = VERTEX_POINT ( 'NONE', #659 ) ;
#4779 = EDGE_CURVE ( 'NONE', #6605, #6776, #5199, .T. ) ;
#4780 = ADVANCED_FACE ( 'NONE', ( #3478 ), #5800, .T. ) ;
#4781 = ORIENTED_EDGE ( 'NONE', *, *, #6186, .T. ) ;
#4782 = SURFACE_SIDE_STYLE ('',( #4817 ) ) ;
#4783 = DIRECTION ( 'NONE',  ( 0.000000000000000000, 0.000000000000000000, -1.000000000000000000 ) ) ;
#4784 = LINE ( 'NONE', #7080, #3506 ) ;
#4785 =( NAMED_UNIT ( * ) PLANE_ANGLE_UNIT ( ) SI_UNIT ( $, .RADIAN. ) );
#4786 = VERTEX_POINT ( 'NONE', #696 ) ;
#4787 = EDGE_CURVE ( 'NONE', #1954, #39, #4108, .T. ) ;
#4788 = ORIENTED_EDGE ( 'NONE', *, *, #7273, .T. ) ;
#4789 = CARTESIAN_POINT ( 'NONE',  ( 2.080000000000000071, 0.8259778054016115867, -3.080165812735382591 ) ) ;
#4790 = COLOUR_RGB ( '',0.2509803921568627416, 0.2509803921568627416, 0.2509803921568627416 ) ;
#4791 = DIRECTION ( 'NONE',  ( 1.000000000000000000, 0.000000000000000000, 0.000000000000000000 ) ) ;
#4792 = CARTESIAN_POINT ( 'NONE',  ( -0.4599999999999996869, 0.7459778054016127369, -3.267971487849611556 ) ) ;
#4793 = CARTESIAN_POINT ( 'NONE',  ( 0.2800000000000003042, 1.809999999999999387, -0.8999999999999995781 ) ) ;
#4794 = SURFACE_STYLE_FILL_AREA ( #6069 ) ;
#4795 = ORIENTED_EDGE ( 'NONE', *, *, #294, .F. ) ;
#4796 = VECTOR ( 'NONE', #1612, 1000.000000000000000 ) ;
#4797 = CLOSED_SHELL ( 'NONE', ( #4030, #4956, #4341, #4769, #6470, #5346, #4011, #6874 ) ) ;
#4798 = FACE_OUTER_BOUND ( 'NONE', #3496, .T. ) ;
#4799 = CARTESIAN_POINT ( 'NONE',  ( 0.4500000000000002887, -0.7147114317029787944, -2.667339375865898976 ) ) ;
#4800 = FACE_OUTER_BOUND ( 'NONE', #950, .T. ) ;
#4801 =( GEOMETRIC_REPRESENTATION_CONTEXT ( 3 ) GLOBAL_UNCERTAINTY_ASSIGNED_CONTEXT ( ( #1617 ) ) GLOBAL_UNIT_ASSIGNED_CONTEXT ( ( #2395, #4785, #4665 ) ) REPRESENTATION_CONTEXT ( 'NONE', 'WORKASPACE' ) );
#4802 = DIRECTION ( 'NONE',  ( 0.000000000000000000, -1.000000000000000000, -5.773000053518395884E-16 ) ) ;
#4803 = CARTESIAN_POINT ( 'NONE',  ( -2.089999999999999858, 0.1500000000000017153, -3.339236242140380218E-17 ) ) ;
#4804 = DIRECTION ( 'NONE',  ( 0.000000000000000000, 0.000000000000000000, -1.000000000000000000 ) ) ;
#4805 = AXIS2_PLACEMENT_3D ( 'NONE', #6512, #2556, #4828 ) ;
#4806 = FACE_OUTER_BOUND ( 'NONE', #1785, .T. ) ;
#4807 = EDGE_CURVE ( 'NONE', #4141, #3870, #2945, .T. ) ;
#4808 = DIRECTION ( 'NONE',  ( -1.000000000000000000, 0.000000000000000000, 0.000000000000000000 ) ) ;
#4809 = MANIFOLD_SOLID_BREP ( 'Switch[3]', #410 ) ;
#4810 = CARTESIAN_POINT ( 'NONE',  ( -0.4599999999999996869, 0.8259778054016116977, 3.267971487849612000 ) ) ;
#4811 = ORIENTED_EDGE ( 'NONE', *, *, #5657, .T. ) ;
#4812 = PRESENTATION_STYLE_ASSIGNMENT (( #4104 ) ) ;
#4813 = VECTOR ( 'NONE', #4705, 1000.000000000000227 ) ;
#4814 = ORIENTED_EDGE ( 'NONE', *, *, #1328, .F. ) ;
#4815 = CIRCLE ( 'NONE', #2305, 0.08000000000000020983 ) ;
#4816 = ORIENTED_EDGE ( 'NONE', *, *, #1146, .T. ) ;
#4817 = SURFACE_STYLE_FILL_AREA ( #4280 ) ;
#4818 = VECTOR ( 'NONE', #3125, 1000.000000000000000 ) ;
#4819 = CYLINDRICAL_SURFACE ( 'NONE', #5177, 0.08000000000000020983 ) ;
#4820 = CARTESIAN_POINT ( 'NONE',  ( -2.259999999999999787, 2.310000000000000053, -0.09999999999999961697 ) ) ;
#4821 = ORIENTED_EDGE ( 'NONE', *, *, #2912, .T. ) ;
#4822 = ADVANCED_FACE ( 'NONE', ( #5832 ), #5596, .F. ) ;
#4823 = MANIFOLD_SOLID_BREP ( 'Switch[2]', #1346 ) ;
#4824 = EDGE_LOOP ( 'NONE', ( #5941, #5943, #253, #1604 ) ) ;
#4825 = AXIS2_PLACEMENT_3D ( 'NONE', #1231, #3499, #2926 ) ;
#4826 = VERTEX_POINT ( 'NONE', #4314 ) ;
#4827 = PLANE ( 'NONE',  #1049 ) ;
#4828 = DIRECTION ( 'NONE',  ( 0.000000000000000000, -0.000000000000000000, -1.000000000000000000 ) ) ;
#4829 = SURFACE_STYLE_FILL_AREA ( #1950 ) ;
#4830 = SURFACE_STYLE_USAGE ( .BOTH. , #3670 ) ;
#4831 = SURFACE_STYLE_USAGE ( .BOTH. , #4331 ) ;
#4832 = EDGE_CURVE ( 'NONE', #6899, #6431, #5489, .T. ) ;
#4833 = LINE ( 'NONE', #3227, #4999 ) ;
#4834 = PLANE ( 'NONE',  #6836 ) ;
#4835 = DIRECTION ( 'NONE',  ( -1.000000000000000000, -0.000000000000000000, -0.000000000000000000 ) ) ;
#4836 = MECHANICAL_DESIGN_GEOMETRIC_PRESENTATION_REPRESENTATION (  '', ( #682 ), #6510 ) ;
#4837 = LINE ( 'NONE', #5402, #280 ) ;
#4838 = CARTESIAN_POINT ( 'NONE',  ( 0.4500000000000002887, 0.9000000000000003553, 3.100000000000000533 ) ) ;
#4839 = DIRECTION ( 'NONE',  ( 0.000000000000000000, -0.1305261922200433300, 0.9914448613738116034 ) ) ;
#4840 = DIRECTION ( 'NONE',  ( 0.000000000000000000, 0.9914448613738116034, 0.1305261922200433300 ) ) ;
#4841 = PRESENTATION_LAYER_ASSIGNMENT (  '', '', ( #6275 ) ) ;
#4842 = DIRECTION ( 'NONE',  ( -0.000000000000000000, 0.000000000000000000, -1.000000000000000000 ) ) ;
#4843 = DIRECTION ( 'NONE',  ( 1.000000000000000000, -0.000000000000000000, 0.000000000000000000 ) ) ;
#4844 = ORIENTED_EDGE ( 'NONE', *, *, #4262, .F. ) ;
#4845 = ADVANCED_FACE ( 'NONE', ( #980 ), #433, .T. ) ;
#4846 = ORIENTED_EDGE ( 'NONE', *, *, #6229, .T. ) ;
#4847 = DIRECTION ( 'NONE',  ( -0.000000000000000000, 1.000000000000000000, 6.091907941747214293E-16 ) ) ;
#4848 = ORIENTED_EDGE ( 'NONE', *, *, #4088, .T. ) ;
#4849 = FILL_AREA_STYLE ('',( #2648 ) ) ;
#4850 = CARTESIAN_POINT ( 'NONE',  ( -0.4599999999999996869, 0.000000000000000000, 0.000000000000000000 ) ) ;
#4851 = EDGE_CURVE ( 'NONE', #5455, #4420, #3727, .T. ) ;
#4852 = FACE_OUTER_BOUND ( 'NONE', #6434, .T. ) ;
#4853 = LINE ( 'NONE', #2129, #3962 ) ;
#4854 = PRESENTATION_LAYER_ASSIGNMENT (  '', '', ( #703 ) ) ;
#4855 = ORIENTED_EDGE ( 'NONE', *, *, #1002, .F. ) ;
#4856 = ADVANCED_FACE ( 'NONE', ( #6603, #6014 ), #4419, .F. ) ;
#4857 = VERTEX_POINT ( 'NONE', #2341 ) ;
#4858 = STYLED_ITEM ( 'NONE', ( #5438 ), #4234 ) ;
#4859 = ORIENTED_EDGE ( 'NONE', *, *, #3460, .F. ) ;
#4860 = CARTESIAN_POINT ( 'NONE',  ( -1.729999999999999760, 0.9000000000000003553, 3.100000000000000533 ) ) ;
#4861 = ORIENTED_EDGE ( 'NONE', *, *, #3469, .F. ) ;
#4862 = LINE ( 'NONE', #2023, #148 ) ;
#4863 = FILL_AREA_STYLE ('',( #2586 ) ) ;
#4864 = ADVANCED_FACE ( 'NONE', ( #503 ), #7343, .F. ) ;
#4865 = LINE ( 'NONE', #6547, #613 ) ;
#4866 = CARTESIAN_POINT ( 'NONE',  ( -2.089999999999999858, 0.8259778054016115867, -3.080165812735382591 ) ) ;
#4867 = AXIS2_PLACEMENT_3D ( 'NONE', #5306, #143, #1861 ) ;
#4868 = SURFACE_SIDE_STYLE ('',( #7247 ) ) ;
#4869 = CYLINDRICAL_SURFACE ( 'NONE', #3028, 0.2300000000000010369 ) ;
#4870 = CARTESIAN_POINT ( 'NONE',  ( 0.8100000000000003864, 0.000000000000000000, 4.065000000000001279 ) ) ;
#4871 = ADVANCED_FACE ( 'NONE', ( #6872 ), #6193, .F. ) ;
#4872 = SURFACE_SIDE_STYLE ('',( #7209 ) ) ;
#4873 = CARTESIAN_POINT ( 'NONE',  ( -0.9899999999999997691, 2.109999999999999432, 0.9000000000000000222 ) ) ;
#4874 = ADVANCED_FACE ( 'NONE', ( #578 ), #6233, .T. ) ;
#4875 = LINE ( 'NONE', #3787, #6429 ) ;
#4876 = AXIS2_PLACEMENT_3D ( 'NONE', #5372, #4839, #6631 ) ;
#4877 = CARTESIAN_POINT ( 'NONE',  ( 0.8100000000000003864, 0.2299999999999995104, -3.347971487849612959 ) ) ;
#4878 = AXIS2_PLACEMENT_3D ( 'NONE', #7124, #340, #6030 ) ;
#4879 = DIRECTION ( 'NONE',  ( -0.000000000000000000, 1.000000000000000000, -0.000000000000000000 ) ) ;
#4880 = COLOUR_RGB ( '',0.2509803921568627416, 0.2509803921568627416, 0.2509803921568627416 ) ;
#4881 = CARTESIAN_POINT ( 'NONE',  ( -0.2899999999999998690, 2.109999999999999432, 0.9000000000000000222 ) ) ;
#4882 = DIRECTION ( 'NONE',  ( -1.000000000000000000, -0.000000000000000000, -0.000000000000000000 ) ) ;
#4883 = DIRECTION ( 'NONE',  ( 0.000000000000000000, -1.000000000000000000, 8.405029527513197557E-16 ) ) ;
#4884 = VECTOR ( 'NONE', #5913, 1000.000000000000000 ) ;
#4885 = ORIENTED_EDGE ( 'NONE', *, *, #1934, .T. ) ;
#4886 = SURFACE_STYLE_USAGE ( .BOTH. , #468 ) ;
#4887 = MECHANICAL_DESIGN_GEOMETRIC_PRESENTATION_REPRESENTATION (  '', ( #3935 ), #1780 ) ;
#4888 = CARTESIAN_POINT ( 'NONE',  ( 0.2800000000000003042, 1.909999999999999476, -0.8999999999999995781 ) ) ;
#4889 =( GEOMETRIC_REPRESENTATION_CONTEXT ( 3 ) GLOBAL_UNCERTAINTY_ASSIGNED_CONTEXT ( ( #3621 ) ) GLOBAL_UNIT_ASSIGNED_CONTEXT ( ( #5709, #3571, #825 ) ) REPRESENTATION_CONTEXT ( 'NONE', 'WORKASPACE' ) );
#4890 = ORIENTED_EDGE ( 'NONE', *, *, #18, .F. ) ;
#4891 = ORIENTED_EDGE ( 'NONE', *, *, #952, .T. ) ;
#4892 = DIRECTION ( 'NONE',  ( 0.000000000000000000, 0.000000000000000000, 1.000000000000000000 ) ) ;
#4893 = DIRECTION ( 'NONE',  ( -0.000000000000000000, -0.000000000000000000, -1.000000000000000000 ) ) ;
#4894 = EDGE_CURVE ( 'NONE', #2003, #5455, #1131, .T. ) ;
#4895 = DIRECTION ( 'NONE',  ( 1.000000000000000000, 0.000000000000000000, 0.000000000000000000 ) ) ;
#4896 = CARTESIAN_POINT ( 'NONE',  ( -0.4599999999999996869, 0.2300000000000000655, 3.727162940046486739 ) ) ;
#4897 = ORIENTED_EDGE ( 'NONE', *, *, #456, .T. ) ;
#4898 = COLOUR_RGB ( '',1.000000000000000000, 1.000000000000000000, 1.000000000000000000 ) ;
#4899 = ORIENTED_EDGE ( 'NONE', *, *, #4572, .T. ) ;
#4900 = ORIENTED_EDGE ( 'NONE', *, *, #7111, .T. ) ;
#4901 = CARTESIAN_POINT ( 'NONE',  ( 0.4500000000000002887, 0.1704716196264193517, 3.504999999999999893 ) ) ;
#4902 = ORIENTED_EDGE ( 'NONE', *, *, #5370, .T. ) ;
#4903 = LINE ( 'NONE', #887, #5017 ) ;
#4904 = SURFACE_STYLE_FILL_AREA ( #2621 ) ;
#4905 = ADVANCED_FACE ( 'NONE', ( #5712 ), #1169, .F. ) ;
#4906 = FILL_AREA_STYLE_COLOUR ( '', #6554 ) ;
#4908 = FILL_AREA_STYLE_COLOUR ( '', #6639 ) ;
#4907 = PLANE ( 'NONE',  #5918 ) ;
#4909 = LINE ( 'NONE', #2627, #6544 ) ;
#4910 = MANIFOLD_SOLID_BREP ( 'Switch 1', #4797 ) ;
#4911 = AXIS2_PLACEMENT_3D ( 'NONE', #3362, #5044, #5642 ) ;
#4912 = CYLINDRICAL_SURFACE ( 'NONE', #548, 0.08000000000000020983 ) ;
#4913 = LINE ( 'NONE', #4870, #6858 ) ;
#4914 = CARTESIAN_POINT ( 'NONE',  ( 2.080000000000000071, 0.9000000000000003553, 3.100000000000000533 ) ) ;
#4915 = DIRECTION ( 'NONE',  ( -1.000000000000000000, 0.000000000000000000, 2.409338161078898687E-16 ) ) ;
#4916 = LINE ( 'NONE', #827, #2612 ) ;
#4917 = VECTOR ( 'NONE', #6811, 1000.000000000000000 ) ;
#4918 = CARTESIAN_POINT ( 'NONE',  ( -0.4599999999999996869, 0.4165028980787994772, -3.163653601044189134 ) ) ;
#4919 = ADVANCED_FACE ( 'NONE', ( #7104 ), #1240, .T. ) ;
#4920 = ORIENTED_EDGE ( 'NONE', *, *, #4225, .T. ) ;
#4921 = LINE ( 'NONE', #3237, #6433 ) ;
#4922 = AXIS2_PLACEMENT_3D ( 'NONE', #7189, #2049, #400 ) ;
#4923 = DIRECTION ( 'NONE',  ( 1.000000000000000000, -0.000000000000000000, -0.000000000000000000 ) ) ;
#4924 = LINE ( 'NONE', #352, #532 ) ;
#4925 = CARTESIAN_POINT ( 'NONE',  ( -0.4599999999999996869, 0.4165028980787994772, -3.163653601044189134 ) ) ;
#4926 = VECTOR ( 'NONE', #6747, 999.9999999999998863 ) ;
#4927 = ORIENTED_EDGE ( 'NONE', *, *, #6383, .T. ) ;
#4928 = SURFACE_STYLE_FILL_AREA ( #5981 ) ;
#4929 = EDGE_CURVE ( 'NONE', #5486, #5046, #4768, .T. ) ;
#4930 =( GEOMETRIC_REPRESENTATION_CONTEXT ( 3 ) GLOBAL_UNCERTAINTY_ASSIGNED_CONTEXT ( ( #6967 ) ) GLOBAL_UNIT_ASSIGNED_CONTEXT ( ( #4458, #2720, #2228 ) ) REPRESENTATION_CONTEXT ( 'NONE', 'WORKASPACE' ) );
#4931 = MECHANICAL_DESIGN_GEOMETRIC_PRESENTATION_REPRESENTATION (  '', ( #775 ), #3615 ) ;
#4932 = ORIENTED_EDGE ( 'NONE', *, *, #6566, .F. ) ;
#4933 = CARTESIAN_POINT ( 'NONE',  ( -0.4599999999999996869, 0.1500000000000008271, 3.727162940046487183 ) ) ;
#4934 =( LENGTH_UNIT ( ) NAMED_UNIT ( * ) SI_UNIT ( .MILLI., .METRE. ) );
#4935 = LINE ( 'NONE', #7230, #2895 ) ;
#4936 = PLANE ( 'NONE',  #531 ) ;
#4937 = AXIS2_PLACEMENT_3D ( 'NONE', #5691, #2778, #3891 ) ;
#4938 = VERTEX_POINT ( 'NONE', #7065 ) ;
#4939 = MECHANICAL_DESIGN_GEOMETRIC_PRESENTATION_REPRESENTATION (  '', ( #2557 ), #3863 ) ;
#4940 = VERTEX_POINT ( 'NONE', #6378 ) ;
#4941 = VECTOR ( 'NONE', #2992, 1000.000000000000000 ) ;
#4942 = ORIENTED_EDGE ( 'NONE', *, *, #3370, .T. ) ;
#4943 = SURFACE_STYLE_FILL_AREA ( #2656 ) ;
#4944 = ORIENTED_EDGE ( 'NONE', *, *, #5117, .T. ) ;
#4945 = CARTESIAN_POINT ( 'NONE',  ( -0.2899999999999998690, 1.809999999999999609, 0.9000000000000000222 ) ) ;
#4946 = DIRECTION ( 'NONE',  ( 0.000000000000000000, 1.000000000000000000, -8.405029527513195585E-16 ) ) ;
#4947 =( NAMED_UNIT ( * ) SI_UNIT ( $, .STERADIAN. ) SOLID_ANGLE_UNIT ( ) );
#4948 = UNCERTAINTY_MEASURE_WITH_UNIT (LENGTH_MEASURE( 1.000000000000000082E-05 ), #5443, 'distance_accuracy_value', 'NONE');
#4950 = LINE ( 'NONE', #3149, #4633 ) ;
#4949 = LINE ( 'NONE', #1545, #3640 ) ;
#4951 = DIRECTION ( 'NONE',  ( -1.000000000000000000, 0.000000000000000000, 2.409338161078898687E-16 ) ) ;
#4952 = ADVANCED_FACE ( 'NONE', ( #2533, #3612, #4806, #758, #683 ), #4728, .F. ) ;
#4953 = DIRECTION ( 'NONE',  ( -1.000000000000000000, 0.000000000000000000, 0.000000000000000000 ) ) ;
#4954 = VECTOR ( 'NONE', #1763, 1000.000000000000000 ) ;
#4955 = DIRECTION ( 'NONE',  ( 0.000000000000000000, 0.9914448613738107152, -0.1305261922200490754 ) ) ;
#4956 = ADVANCED_FACE ( 'NONE', ( #1272 ), #2933, .F. ) ;
#4957 = DIRECTION ( 'NONE',  ( -1.000000000000000000, -0.000000000000000000, -0.000000000000000000 ) ) ;
#4958 = DIRECTION ( 'NONE',  ( 0.000000000000000000, 0.000000000000000000, -1.000000000000000000 ) ) ;
#4959 = LINE ( 'NONE', #932, #5023 ) ;
#4960 = VERTEX_POINT ( 'NONE', #3646 ) ;
#4961 = DIRECTION ( 'NONE',  ( 1.000000000000000000, 0.000000000000000000, 0.000000000000000000 ) ) ;
#4962 = SURFACE_SIDE_STYLE ('',( #869 ) ) ;
#4963 = EDGE_CURVE ( 'NONE', #4627, #2506, #5336, .T. ) ;
#4964 = LINE ( 'NONE', #7261, #6296 ) ;
#4965 = VECTOR ( 'NONE', #4264, 999.9999999999998863 ) ;
#4966 = CARTESIAN_POINT ( 'NONE',  ( 2.080000000000000071, 0.9759778054016101656, 5.945566943695085866E-16 ) ) ;
#4967 = ORIENTED_EDGE ( 'NONE', *, *, #6383, .F. ) ;
#4968 = VECTOR ( 'NONE', #2649, 1000.000000000000000 ) ;
#4969 = LINE ( 'NONE', #3837, #6562 ) ;
#4970 = EDGE_CURVE ( 'NONE', #2220, #39, #5936, .T. ) ;
#4971 = FILL_AREA_STYLE_COLOUR ( '', #5900 ) ;
#4972 = DIRECTION ( 'NONE',  ( 0.000000000000000000, -1.000000000000000000, -5.782411586589324901E-15 ) ) ;
#4973 = ORIENTED_EDGE ( 'NONE', *, *, #2683, .T. ) ;
#4974 = VECTOR ( 'NONE', #2279, 1000.000000000000000 ) ;
#4975 = MANIFOLD_SOLID_BREP ( 'Switch 2', #3836 ) ;
#4976 = ORIENTED_EDGE ( 'NONE', *, *, #4711, .F. ) ;
#4977 = ORIENTED_EDGE ( 'NONE', *, *, #5593, .F. ) ;
#4978 = FACE_OUTER_BOUND ( 'NONE', #2326, .T. ) ;
#4979 = VERTEX_POINT ( 'NONE', #6635 ) ;
#4980 = CARTESIAN_POINT ( 'NONE',  ( -0.9899999999999997691, 1.909999999999999476, -0.8999999999999995781 ) ) ;
#4982 = PRESENTATION_STYLE_ASSIGNMENT (( #6661 ) ) ;
#4981 = AXIS2_PLACEMENT_3D ( 'NONE', #5228, #5865, #5826 ) ;
#4984 = DIRECTION ( 'NONE',  ( 1.000000000000000000, 0.000000000000000000, 0.000000000000000000 ) ) ;
#4983 = DIRECTION ( 'NONE',  ( 0.000000000000000000, -0.9659258262890670910, 0.2588190451025250138 ) ) ;
#4985 =( LENGTH_UNIT ( ) NAMED_UNIT ( * ) SI_UNIT ( .MILLI., .METRE. ) );
#4986 = MECHANICAL_DESIGN_GEOMETRIC_PRESENTATION_REPRESENTATION (  '', ( #2713 ), #6055 ) ;
#4987 = UNCERTAINTY_MEASURE_WITH_UNIT (LENGTH_MEASURE( 1.000000000000000082E-05 ), #1471, 'distance_accuracy_value', 'NONE');
#4988 = MANIFOLD_SOLID_BREP ( 'Pin [3]', #645 ) ;
#4989 = LINE ( 'NONE', #1038, #64 ) ;
#4990 = CARTESIAN_POINT ( 'NONE',  ( 1.720000000000000195, 0.8259778054016098103, 4.768369914788500505E-16 ) ) ;
#4991 = COLOUR_RGB ( '',1.000000000000000000, 1.000000000000000000, 1.000000000000000000 ) ;
#4992 = EDGE_CURVE ( 'NONE', #587, #799, #5375, .T. ) ;
#4993 = SURFACE_SIDE_STYLE ('',( #457 ) ) ;
#4994 = LINE ( 'NONE', #6709, #1893 ) ;
#4995 = DIRECTION ( 'NONE',  ( -0.000000000000000000, 1.204669080539449344E-16, 1.000000000000000000 ) ) ;
#4996 = VERTEX_POINT ( 'NONE', #7216 ) ;
#4997 = SURFACE_STYLE_FILL_AREA ( #5479 ) ;
#4998 = CARTESIAN_POINT ( 'NONE',  ( -3.100000000000000089, 0.9000000000000002442, 3.100000000000000089 ) ) ;
#4999 = VECTOR ( 'NONE', #7204, 1000.000000000000000 ) ;
#5000 = MANIFOLD_SOLID_BREP ( 'Housing', #2647 ) ;
#5001 = EDGE_CURVE ( 'NONE', #981, #2727, #7292, .T. ) ;
#5002 = DIRECTION ( 'NONE',  ( -1.000000000000000000, -0.000000000000000000, -0.000000000000000000 ) ) ;
#5003 = CIRCLE ( 'NONE', #2257, 0.07999999999999977962 ) ;
#5004 = ORIENTED_EDGE ( 'NONE', *, *, #2385, .F. ) ;
#5005 = CARTESIAN_POINT ( 'NONE',  ( 0.9800000000000002043, 1.809999999999999609, -0.9000000000000000222 ) ) ;
#5006 = VECTOR ( 'NONE', #6743, 1000.000000000000000 ) ;
#5007 = VERTEX_POINT ( 'NONE', #3682 ) ;
#5008 = CARTESIAN_POINT ( 'NONE',  ( 1.549999999999999822, 2.109999999999999432, -0.9000000000000000222 ) ) ;
#5009 = VECTOR ( 'NONE', #2789, 1000.000000000000000 ) ;
#5010 = UNCERTAINTY_MEASURE_WITH_UNIT (LENGTH_MEASURE( 1.000000000000000082E-05 ), #675, 'distance_accuracy_value', 'NONE');
#5011 = DIRECTION ( 'NONE',  ( 0.000000000000000000, -0.000000000000000000, -1.000000000000000000 ) ) ;
#5012 = EDGE_LOOP ( 'NONE', ( #6290, #525, #1623, #71 ) ) ;
#5013 = EDGE_LOOP ( 'NONE', ( #380, #3131, #2330, #1835 ) ) ;
#5014 = ORIENTED_EDGE ( 'NONE', *, *, #7321, .T. ) ;
#5015 = AXIS2_PLACEMENT_3D ( 'NONE', #6985, #4095, #211 ) ;
#5016 = ORIENTED_EDGE ( 'NONE', *, *, #5018, .T. ) ;
#5017 = VECTOR ( 'NONE', #5954, 1000.000000000000000 ) ;
#5018 = EDGE_CURVE ( 'NONE', #3623, #835, #5972, .T. ) ;
#5019 = EDGE_LOOP ( 'NONE', ( #6691, #2164, #1383, #5163 ) ) ;
#5020 = DIRECTION ( 'NONE',  ( 0.000000000000000000, -0.000000000000000000, -1.000000000000000000 ) ) ;
#5021 = ORIENTED_EDGE ( 'NONE', *, *, #5953, .T. ) ;
#5022 = DIRECTION ( 'NONE',  ( -0.000000000000000000, 1.204669080539449344E-16, 1.000000000000000000 ) ) ;
#5023 = VECTOR ( 'NONE', #1414, 1000.000000000000000 ) ;
#5024 = CARTESIAN_POINT ( 'NONE',  ( 2.250000000000000444, 1.809999999999999609, 0.9000000000000000222 ) ) ;
#5025 = PLANE ( 'NONE',  #6953 ) ;
#5026 = VECTOR ( 'NONE', #1587, 1000.000000000000000 ) ;
#5028 = CARTESIAN_POINT ( 'NONE',  ( 0.1800000000000000488, 2.109999999999999432, 1.750000000000000000 ) ) ;
#5027 = LINE ( 'NONE', #3893, #1642 ) ;
#5029 = ORIENTED_EDGE ( 'NONE', *, *, #5058, .T. ) ;
#5030 = EDGE_CURVE ( 'NONE', #2386, #6386, #4491, .T. ) ;
#5031 = PLANE ( 'NONE',  #2294 ) ;
#5032 = DIRECTION ( 'NONE',  ( 0.000000000000000000, 0.000000000000000000, -1.000000000000000000 ) ) ;
#5033 = FILL_AREA_STYLE ('',( #3868 ) ) ;
#5034 = CARTESIAN_POINT ( 'NONE',  ( -0.4599999999999996869, 0.8259778054016115867, -3.080165812735382591 ) ) ;
#5035 = PRESENTATION_STYLE_ASSIGNMENT (( #495 ) ) ;
#5036 = EDGE_LOOP ( 'NONE', ( #185, #2732, #5565, #5210, #3371, #1210 ) ) ;
#5037 = LINE ( 'NONE', #3352, #4321 ) ;
#5038 = LINE ( 'NONE', #6115, #1314 ) ;
#5039 = AXIS2_PLACEMENT_3D ( 'NONE', #5863, #7067, #649 ) ;
#5040 = PRESENTATION_LAYER_ASSIGNMENT (  '', '', ( #3715 ) ) ;
#5041 = EDGE_CURVE ( 'NONE', #3993, #1132, #1734, .T. ) ;
#5042 = ORIENTED_EDGE ( 'NONE', *, *, #2952, .T. ) ;
#5043 = AXIS2_PLACEMENT_3D ( 'NONE', #3967, #5101, #7325 ) ;
#5044 = DIRECTION ( 'NONE',  ( -1.000000000000000000, 0.000000000000000000, 0.000000000000000000 ) ) ;
#5045 = PLANE ( 'NONE',  #5536 ) ;
#5046 = VERTEX_POINT ( 'NONE', #2889 ) ;
#5047 = SURFACE_SIDE_STYLE ('',( #1173 ) ) ;
#5048 = ORIENTED_EDGE ( 'NONE', *, *, #2132, .T. ) ;
#5049 = VERTEX_POINT ( 'NONE', #3430 ) ;
#5050 = VERTEX_POINT ( 'NONE', #1662 ) ;
#5051 = PRESENTATION_LAYER_ASSIGNMENT (  '', '', ( #891 ) ) ;
#5052 = ORIENTED_EDGE ( 'NONE', *, *, #6698, .T. ) ;
#5053 =( NAMED_UNIT ( * ) SI_UNIT ( $, .STERADIAN. ) SOLID_ANGLE_UNIT ( ) );
#5054 = FILL_AREA_STYLE_COLOUR ( '', #7297 ) ;
#5055 = DIRECTION ( 'NONE',  ( 1.000000000000000000, -0.000000000000000000, -0.000000000000000000 ) ) ;
#5056 = LINE ( 'NONE', #554, #3860 ) ;
#5057 = LINE ( 'NONE', #5294, #184 ) ;
#5058 = EDGE_CURVE ( 'NONE', #335, #4650, #3313, .T. ) ;
#5059 = PRESENTATION_LAYER_ASSIGNMENT (  '', '', ( #539 ) ) ;
#5060 = SURFACE_SIDE_STYLE ('',( #1071 ) ) ;
#5061 = EDGE_LOOP ( 'NONE', ( #1822, #2783, #6261, #6384, #1639, #1496 ) ) ;
#5062 = AXIS2_PLACEMENT_3D ( 'NONE', #3376, #3298, #5134 ) ;
#5063 = VECTOR ( 'NONE', #3783, 1000.000000000000000 ) ;
#5064 = LINE ( 'NONE', #5140, #6956 ) ;
#5065 = CARTESIAN_POINT ( 'NONE',  ( -0.4599999999999996869, 0.1500000000000008271, -4.065000000000000391 ) ) ;
#5066 = DIRECTION ( 'NONE',  ( -0.000000000000000000, 1.000000000000000000, -0.000000000000000000 ) ) ;
#5067 = ADVANCED_FACE ( 'NONE', ( #51 ), #5074, .F. ) ;
#5068 = DIRECTION ( 'NONE',  ( 0.000000000000000000, -0.2588190451025251804, -0.9659258262890672020 ) ) ;
#5070 = ORIENTED_EDGE ( 'NONE', *, *, #1369, .F. ) ;
#5069 = DIRECTION ( 'NONE',  ( 0.000000000000000000, 0.000000000000000000, -1.000000000000000000 ) ) ;
#5071 = DIRECTION ( 'NONE',  ( 0.7071067811865477948, 0.000000000000000000, -0.7071067811865473507 ) ) ;
#5072 = ORIENTED_EDGE ( 'NONE', *, *, #7206, .F. ) ;
#5073 = MECHANICAL_DESIGN_GEOMETRIC_PRESENTATION_REPRESENTATION (  '', ( #558 ), #6023 ) ;
#5074 = CYLINDRICAL_SURFACE ( 'NONE', #5297, 0.07999999999999977962 ) ;
#5075 = LINE ( 'NONE', #6938, #1391 ) ;
#5076 = DIRECTION ( 'NONE',  ( 1.000000000000000000, 0.000000000000000000, 0.000000000000000000 ) ) ;
#5077 = LINE ( 'NONE', #1737, #1750 ) ;
#5078 =( NAMED_UNIT ( * ) PLANE_ANGLE_UNIT ( ) SI_UNIT ( $, .RADIAN. ) );
#5079 = SURFACE_STYLE_FILL_AREA ( #7380 ) ;
#5080 = ORIENTED_EDGE ( 'NONE', *, *, #6333, .T. ) ;
#5081 = LINE ( 'NONE', #1709, #6703 ) ;
#5082 = FILL_AREA_STYLE ('',( #4971 ) ) ;
#5083 = CARTESIAN_POINT ( 'NONE',  ( 1.449999999999999734, 2.109999999999999432, 1.750000000000000000 ) ) ;
#5084 = ORIENTED_EDGE ( 'NONE', *, *, #1498, .F. ) ;
#5085 = ORIENTED_EDGE ( 'NONE', *, *, #644, .T. ) ;
#5086 = ADVANCED_FACE ( 'NONE', ( #4602 ), #2225, .F. ) ;
#5087 = ORIENTED_EDGE ( 'NONE', *, *, #6596, .T. ) ;
#5088 = VECTOR ( 'NONE', #1795, 1000.000000000000000 ) ;
#5089 = EDGE_LOOP ( 'NONE', ( #4277, #5425, #1344, #7322 ) ) ;
#5090 = CARTESIAN_POINT ( 'NONE',  ( 0.4500000000000002887, 0.8259778054016121418, 3.080165812735383035 ) ) ;
#5091 = LINE ( 'NONE', #6210, #2379 ) ;
#5092 = DIRECTION ( 'NONE',  ( 0.000000000000000000, 3.045953970873614739E-15, -1.000000000000000000 ) ) ;
#5093 = CARTESIAN_POINT ( 'NONE',  ( -0.4599999999999996869, 0.9000000000000003553, 3.100000000000000533 ) ) ;
#5094 = CARTESIAN_POINT ( 'NONE',  ( 2.080000000000000071, 0.1704716196264193517, 3.504999999999999893 ) ) ;
#5095 = VECTOR ( 'NONE', #3939, 999.9999999999998863 ) ;
#5096 = EDGE_CURVE ( 'NONE', #1103, #222, #5706, .T. ) ;
#5097 = CARTESIAN_POINT ( 'NONE',  ( 3.100000000000000089, 0.9000000000000003553, -3.099999999999999645 ) ) ;
#5098 = ORIENTED_EDGE ( 'NONE', *, *, #4626, .F. ) ;
#5099 = VECTOR ( 'NONE', #5501, 1000.000000000000000 ) ;
#5100 = ADVANCED_FACE ( 'NONE', ( #3977 ), #90, .F. ) ;
#5101 = DIRECTION ( 'NONE',  ( -1.000000000000000000, 0.000000000000000000, 0.000000000000000000 ) ) ;
#5102 = CARTESIAN_POINT ( 'NONE',  ( 2.080000000000000071, -2.940055364177525671E-15, -3.497971487849612426 ) ) ;
#5103 = CARTESIAN_POINT ( 'NONE',  ( -0.9899999999999997691, 2.310000000000000053, -0.09999999999999961697 ) ) ;
#5104 = UNCERTAINTY_MEASURE_WITH_UNIT (LENGTH_MEASURE( 1.000000000000000082E-05 ), #1546, 'distance_accuracy_value', 'NONE');
#5105 = DIRECTION ( 'NONE',  ( 0.000000000000000000, 0.000000000000000000, 1.000000000000000000 ) ) ;
#5106 = ORIENTED_EDGE ( 'NONE', *, *, #7041, .T. ) ;
#5107 = VERTEX_POINT ( 'NONE', #6153 ) ;
#5108 = EDGE_CURVE ( 'NONE', #5988, #335, #571, .T. ) ;
#5109 = EDGE_CURVE ( 'NONE', #2580, #2149, #5037, .T. ) ;
#5110 = DIRECTION ( 'NONE',  ( -1.000000000000000000, -0.000000000000000000, -0.000000000000000000 ) ) ;
#5111 = AXIS2_PLACEMENT_3D ( 'NONE', #6110, #7369, #2748 ) ;
#5112 = DIRECTION ( 'NONE',  ( 0.000000000000000000, 0.000000000000000000, 1.000000000000000000 ) ) ;
#5113 = SURFACE_STYLE_USAGE ( .BOTH. , #572 ) ;
#5114 = SURFACE_STYLE_USAGE ( .BOTH. , #7260 ) ;
#5115 = FILL_AREA_STYLE ('',( #6302 ) ) ;
#5116 = CARTESIAN_POINT ( 'NONE',  ( -2.360000000000000320, 2.109999999999999432, 1.750000000000000000 ) ) ;
#5117 = EDGE_CURVE ( 'NONE', #4786, #5891, #2190, .T. ) ;
#5118 = DIRECTION ( 'NONE',  ( 0.000000000000000000, 0.000000000000000000, -1.000000000000000000 ) ) ;
#5119 = ORIENTED_EDGE ( 'NONE', *, *, #3033, .T. ) ;
#5120 = DIRECTION ( 'NONE',  ( 0.000000000000000000, -6.091907941747214293E-16, 1.000000000000000000 ) ) ;
#5121 = DIRECTION ( 'NONE',  ( -1.000000000000000000, -0.000000000000000000, -0.000000000000000000 ) ) ;
#5122 = ORIENTED_EDGE ( 'NONE', *, *, #372, .T. ) ;
#5123 = ORIENTED_EDGE ( 'NONE', *, *, #3304, .T. ) ;
#5124 = VECTOR ( 'NONE', #4686, 1000.000000000000000 ) ;
#5125 = UNCERTAINTY_MEASURE_WITH_UNIT (LENGTH_MEASURE( 1.000000000000000082E-05 ), #1279, 'distance_accuracy_value', 'NONE');
#5126 = ORIENTED_EDGE ( 'NONE', *, *, #77, .T. ) ;
#5127 = VECTOR ( 'NONE', #3972, 1000.000000000000000 ) ;
#5128 = VECTOR ( 'NONE', #6932, 1000.000000000000000 ) ;
#5129 = ORIENTED_EDGE ( 'NONE', *, *, #6640, .F. ) ;
#5130 = LINE ( 'NONE', #5090, #3776 ) ;
#5131 = EDGE_CURVE ( 'NONE', #746, #4731, #4815, .T. ) ;
#5132 = DIRECTION ( 'NONE',  ( -0.000000000000000000, 1.000000000000000000, 6.091907941747214293E-16 ) ) ;
#5133 = LINE ( 'NONE', #6317, #4716 ) ;
#5134 = DIRECTION ( 'NONE',  ( 0.000000000000000000, 0.000000000000000000, -1.000000000000000000 ) ) ;
#5135 = SURFACE_SIDE_STYLE ('',( #5692 ) ) ;
#5136 = MECHANICAL_DESIGN_GEOMETRIC_PRESENTATION_REPRESENTATION (  '', ( #1661 ), #2508 ) ;
#5137 = ORIENTED_EDGE ( 'NONE', *, *, #3550, .F. ) ;
#5138 =( GEOMETRIC_REPRESENTATION_CONTEXT ( 3 ) GLOBAL_UNCERTAINTY_ASSIGNED_CONTEXT ( ( #3923 ) ) GLOBAL_UNIT_ASSIGNED_CONTEXT ( ( #2147, #2715, #6149 ) ) REPRESENTATION_CONTEXT ( 'NONE', 'WORKASPACE' ) );
#5139 = EDGE_CURVE ( 'NONE', #1318, #4584, #2795, .T. ) ;
#5140 = CARTESIAN_POINT ( 'NONE',  ( -2.089999999999999858, 0.9000000000000003553, 3.100000000000000533 ) ) ;
#5141 = FILL_AREA_STYLE ('',( #7366 ) ) ;
#5142 = VECTOR ( 'NONE', #1194, 1000.000000000000000 ) ;
#5143 = ORIENTED_EDGE ( 'NONE', *, *, #2223, .F. ) ;
#5145 = ORIENTED_EDGE ( 'NONE', *, *, #6844, .T. ) ;
#5144 = FILL_AREA_STYLE ('',( #2361 ) ) ;
#5146 = ORIENTED_EDGE ( 'NONE', *, *, #286, .T. ) ;
#5147 = UNCERTAINTY_MEASURE_WITH_UNIT (LENGTH_MEASURE( 1.000000000000000082E-05 ), #5770, 'distance_accuracy_value', 'NONE');
#5148 = FILL_AREA_STYLE ('',( #6865 ) ) ;
#5149 = LINE ( 'NONE', #6825, #1079 ) ;
#5150 = FACE_OUTER_BOUND ( 'NONE', #4278, .T. ) ;
#5151 = DIRECTION ( 'NONE',  ( 1.000000000000000000, 0.000000000000000000, -0.000000000000000000 ) ) ;
#5152 = ADVANCED_FACE ( 'NONE', ( #2410 ), #752, .F. ) ;
#5153 = DIRECTION ( 'NONE',  ( -1.000000000000000000, -0.000000000000000000, -0.000000000000000000 ) ) ;
#5154 = ORIENTED_EDGE ( 'NONE', *, *, #4753, .T. ) ;
#5155 = VECTOR ( 'NONE', #2976, 1000.000000000000000 ) ;
#5156 = FACE_OUTER_BOUND ( 'NONE', #5919, .T. ) ;
#5157 = CARTESIAN_POINT ( 'NONE',  ( -2.089999999999999858, 0.1704716196264193517, 3.504999999999999893 ) ) ;
#5158 = EDGE_CURVE ( 'NONE', #478, #7037, #2367, .T. ) ;
#5159 = ORIENTED_EDGE ( 'NONE', *, *, #4616, .F. ) ;
#5160 = DIRECTION ( 'NONE',  ( 0.000000000000000000, 0.000000000000000000, 1.000000000000000000 ) ) ;
#5161 = STYLED_ITEM ( 'NONE', ( #1840 ), #3219 ) ;
#5162 = EDGE_LOOP ( 'NONE', ( #6723, #1834, #6766, #5732 ) ) ;
#5163 = ORIENTED_EDGE ( 'NONE', *, *, #1571, .T. ) ;
#5164 = DIRECTION ( 'NONE',  ( -1.000000000000000000, 0.000000000000000000, 0.000000000000000000 ) ) ;
#5165 = SURFACE_STYLE_FILL_AREA ( #1866 ) ;
#5166 = CARTESIAN_POINT ( 'NONE',  ( 2.080000000000000071, 0.2300000000000000655, 3.727162940046486739 ) ) ;
#5167 = VECTOR ( 'NONE', #1683, 1000.000000000000000 ) ;
#5168 = DIRECTION ( 'NONE',  ( -1.000000000000000000, -0.000000000000000000, -0.000000000000000000 ) ) ;
#5169 = LINE ( 'NONE', #1111, #4670 ) ;
#5170 = PRESENTATION_LAYER_ASSIGNMENT (  '', '', ( #5521 ) ) ;
#5171 = ORIENTED_EDGE ( 'NONE', *, *, #1723, .F. ) ;
#5172 =( LENGTH_UNIT ( ) NAMED_UNIT ( * ) SI_UNIT ( .MILLI., .METRE. ) );
#5173 = PRESENTATION_LAYER_ASSIGNMENT (  '', '', ( #2062 ) ) ;
#5174 = CARTESIAN_POINT ( 'NONE',  ( -2.259999999999999787, 2.109999999999999432, 0.9000000000000000222 ) ) ;
#5175 = FACE_OUTER_BOUND ( 'NONE', #5194, .T. ) ;
#5176 = ORIENTED_EDGE ( 'NONE', *, *, #3139, .T. ) ;
#5177 = AXIS2_PLACEMENT_3D ( 'NONE', #4318, #6609, #5985 ) ;
#5178 = ORIENTED_EDGE ( 'NONE', *, *, #1398, .T. ) ;
#5179 = EDGE_CURVE ( 'NONE', #6185, #6277, #791, .T. ) ;
#5180 = CARTESIAN_POINT ( 'NONE',  ( -0.4599999999999996869, 0.9759778054016120530, -3.267971487849612000 ) ) ;
#5181 = VECTOR ( 'NONE', #5892, 1000.000000000000000 ) ;
#5182 = EDGE_LOOP ( 'NONE', ( #4241, #3590, #2366, #5605 ) ) ;
#5183 = CYLINDRICAL_SURFACE ( 'NONE', #5544, 0.2300000000000005929 ) ;
#5184 = CARTESIAN_POINT ( 'NONE',  ( -0.8199999999999997291, 0.1500000000000008271, 3.727162940046487183 ) ) ;
#5185 = CARTESIAN_POINT ( 'NONE',  ( 2.080000000000000071, 2.350550309948560991E-14, -4.065000000000001279 ) ) ;
#5186 = EDGE_CURVE ( 'NONE', #7107, #2839, #4757, .T. ) ;
#5187 = FILL_AREA_STYLE ('',( #6303 ) ) ;
#5188 = ADVANCED_FACE ( 'NONE', ( #1230 ), #5253, .T. ) ;
#5189 = EDGE_LOOP ( 'NONE', ( #396, #3062, #2897, #4149 ) ) ;
#5190 = CARTESIAN_POINT ( 'NONE',  ( -2.089999999999999858, 0.1500000000000009381, -3.577971487849614274 ) ) ;
#5191 = ORIENTED_EDGE ( 'NONE', *, *, #1342, .F. ) ;
#5192 = SURFACE_SIDE_STYLE ('',( #5752 ) ) ;
#5193 = LINE ( 'NONE', #508, #5937 ) ;
#5194 = EDGE_LOOP ( 'NONE', ( #4136, #2388, #6518, #1250 ) ) ;
#5195 = CARTESIAN_POINT ( 'NONE',  ( 0.1800000000000000488, 2.109999999999999432, -1.750000000000000000 ) ) ;
#5196 = ORIENTED_EDGE ( 'NONE', *, *, #6068, .T. ) ;
#5197 = ADVANCED_FACE ( 'NONE', ( #5367 ), #5854, .T. ) ;
#5198 = VERTEX_POINT ( 'NONE', #1919 ) ;
#5199 = LINE ( 'NONE', #7000, #816 ) ;
#5200 = CARTESIAN_POINT ( 'NONE',  ( 1.720000000000000195, 0.000000000000000000, -3.577971487849614274 ) ) ;
#5201 = LINE ( 'NONE', #4623, #318 ) ;
#5202 = PLANE ( 'NONE',  #1933 ) ;
#5203 = STYLED_ITEM ( 'NONE', ( #6705 ), #2088 ) ;
#5204 = STYLED_ITEM ( 'NONE', ( #4982 ), #2389 ) ;
#5205 = ORIENTED_EDGE ( 'NONE', *, *, #5317, .T. ) ;
#5206 = ORIENTED_EDGE ( 'NONE', *, *, #6513, .T. ) ;
#5207 = PRESENTATION_STYLE_ASSIGNMENT (( #6394 ) ) ;
#5208 = DIRECTION ( 'NONE',  ( -1.000000000000000000, -0.000000000000000000, 0.000000000000000000 ) ) ;
#5210 = ORIENTED_EDGE ( 'NONE', *, *, #107, .F. ) ;
#5209 = FILL_AREA_STYLE ('',( #2920 ) ) ;
#5211 = LINE ( 'NONE', #4156, #5733 ) ;
#5212 = VECTOR ( 'NONE', #885, 1000.000000000000000 ) ;
#5213 = ORIENTED_EDGE ( 'NONE', *, *, #1759, .F. ) ;
#5214 = PRESENTATION_STYLE_ASSIGNMENT (( #1771 ) ) ;
#5215 = LINE ( 'NONE', #129, #806 ) ;
#5216 = ADVANCED_FACE ( 'NONE', ( #2925 ), #7020, .F. ) ;
#5217 = LINE ( 'NONE', #2369, #1326 ) ;
#5218 = VECTOR ( 'NONE', #800, 1000.000000000000000 ) ;
#5219 = DIRECTION ( 'NONE',  ( -1.000000000000000000, -0.000000000000000000, -0.000000000000000000 ) ) ;
#5220 = PLANE ( 'NONE',  #4625 ) ;
#5221 = SURFACE_STYLE_USAGE ( .BOTH. , #2931 ) ;
#5222 = VECTOR ( 'NONE', #5586, 1000.000000000000000 ) ;
#5223 = ORIENTED_EDGE ( 'NONE', *, *, #6289, .T. ) ;
#5224 = EDGE_CURVE ( 'NONE', #2506, #1460, #6252, .T. ) ;
#5225 = CARTESIAN_POINT ( 'NONE',  ( 3.100000000000000089, 0.9000000000000002442, 3.100000000000000089 ) ) ;
#5226 = DIRECTION ( 'NONE',  ( 0.000000000000000000, 0.000000000000000000, 1.000000000000000000 ) ) ;
#5227 = ORIENTED_EDGE ( 'NONE', *, *, #6987, .T. ) ;
#5228 = CARTESIAN_POINT ( 'NONE',  ( -2.089999999999999858, 0.2300000000000000655, 3.727162940046486739 ) ) ;
#5229 = ORIENTED_EDGE ( 'NONE', *, *, #3172, .F. ) ;
#5230 = MECHANICAL_DESIGN_GEOMETRIC_PRESENTATION_REPRESENTATION (  '', ( #2358 ), #2599 ) ;
#5231 = DIRECTION ( 'NONE',  ( -1.000000000000000000, -0.000000000000000000, -0.000000000000000000 ) ) ;
#5232 = ORIENTED_EDGE ( 'NONE', *, *, #5830, .F. ) ;
#5233 = ORIENTED_EDGE ( 'NONE', *, *, #6654, .F. ) ;
#5234 = VERTEX_POINT ( 'NONE', #383 ) ;
#5235 = DIRECTION ( 'NONE',  ( -0.000000000000000000, 0.000000000000000000, -1.000000000000000000 ) ) ;
#5236 = CARTESIAN_POINT ( 'NONE',  ( 0.8100000000000003864, 0.7459778054016127369, -3.267971487849611556 ) ) ;
#5237 = VECTOR ( 'NONE', #6519, 1000.000000000000000 ) ;
#5238 = ADVANCED_FACE ( 'NONE', ( #6668 ), #4869, .T. ) ;
#5239 = ORIENTED_EDGE ( 'NONE', *, *, #5562, .F. ) ;
#5240 = STYLED_ITEM ( 'NONE', ( #4007 ), #6361 ) ;
#5241 = VECTOR ( 'NONE', #4017, 1000.000000000000000 ) ;
#5242 = ORIENTED_EDGE ( 'NONE', *, *, #7213, .T. ) ;
#5243 = PLANE ( 'NONE',  #4805 ) ;
#5244 = CARTESIAN_POINT ( 'NONE',  ( 2.080000000000000071, -7.047314121155778821E-16, 3.727162940046487183 ) ) ;
#5245 = CARTESIAN_POINT ( 'NONE',  ( -0.9899999999999997691, 2.310000000000000053, 0.9000000000000003553 ) ) ;
#5246 = LINE ( 'NONE', #310, #55 ) ;
#5248 = ORIENTED_EDGE ( 'NONE', *, *, #5447, .T. ) ;
#5247 = DIRECTION ( 'NONE',  ( -1.000000000000000000, -0.000000000000000000, -0.000000000000000000 ) ) ;
#5249 = EDGE_CURVE ( 'NONE', #2996, #909, #5963, .T. ) ;
#5250 =( GEOMETRIC_REPRESENTATION_CONTEXT ( 3 ) GLOBAL_UNCERTAINTY_ASSIGNED_CONTEXT ( ( #6842 ) ) GLOBAL_UNIT_ASSIGNED_CONTEXT ( ( #719, #96, #5822 ) ) REPRESENTATION_CONTEXT ( 'NONE', 'WORKASPACE' ) );
#5251 = ORIENTED_EDGE ( 'NONE', *, *, #3381, .F. ) ;
#5252 = PRESENTATION_LAYER_ASSIGNMENT (  '', '', ( #2387 ) ) ;
#5253 = PLANE ( 'NONE',  #5777 ) ;
#5254 = DIRECTION ( 'NONE',  ( 1.000000000000000000, -0.000000000000000000, -0.000000000000000000 ) ) ;
#5255 = DIRECTION ( 'NONE',  ( 0.000000000000000000, -1.000000000000000000, 0.000000000000000000 ) ) ;
#5256 = PRODUCT_CONTEXT ( 'NONE', #894, 'mechanical' ) ;
#5257 = DIRECTION ( 'NONE',  ( -1.000000000000000000, -0.000000000000000000, 0.000000000000000000 ) ) ;
#5258 = CARTESIAN_POINT ( 'NONE',  ( -2.089999999999999858, 0.7666833290098139519, 3.345245553952736817 ) ) ;
#5259 = MECHANICAL_DESIGN_GEOMETRIC_PRESENTATION_REPRESENTATION (  '', ( #2387 ), #6446 ) ;
#5260 = CYLINDRICAL_SURFACE ( 'NONE', #5015, 0.2300000000000005929 ) ;
#5261 = CARTESIAN_POINT ( 'NONE',  ( 3.100000000000000089, 2.309999999999999609, 0.000000000000000000 ) ) ;
#5262 = ORIENTED_EDGE ( 'NONE', *, *, #4052, .T. ) ;
#5263 = CARTESIAN_POINT ( 'NONE',  ( -0.2899999999999998690, 1.809999999999999609, -0.9000000000000000222 ) ) ;
#5264 = PRESENTATION_STYLE_ASSIGNMENT (( #1820 ) ) ;
#5265 = ORIENTED_EDGE ( 'NONE', *, *, #4384, .T. ) ;
#5266 = CARTESIAN_POINT ( 'NONE',  ( -1.729999999999999760, 0.9759778054016128301, 3.267971487849612000 ) ) ;
#5267 = ORIENTED_EDGE ( 'NONE', *, *, #6449, .F. ) ;
#5268 =( NAMED_UNIT ( * ) PLANE_ANGLE_UNIT ( ) SI_UNIT ( $, .RADIAN. ) );
#5269 = EDGE_CURVE ( 'NONE', #5891, #1072, #3229, .T. ) ;
#5270 = VERTEX_POINT ( 'NONE', #6521 ) ;
#5271 = ORIENTED_EDGE ( 'NONE', *, *, #2080, .T. ) ;
#5272 = AXIS2_PLACEMENT_3D ( 'NONE', #2757, #3875, #83 ) ;
#5273 = EDGE_LOOP ( 'NONE', ( #6736, #5196, #3994, #1466 ) ) ;
#5274 = CARTESIAN_POINT ( 'NONE',  ( 0.4500000000000002887, 0.4165028980787994772, -3.163653601044189134 ) ) ;
#5275 = CARTESIAN_POINT ( 'NONE',  ( -2.360000000000000320, 2.109999999999999432, -1.750000000000000000 ) ) ;
#5276 = EDGE_CURVE ( 'NONE', #128, #4857, #6034, .T. ) ;
#5277 = LINE ( 'NONE', #6961, #4941 ) ;
#5278 = SURFACE_STYLE_USAGE ( .BOTH. , #6390 ) ;
#5279 = ORIENTED_EDGE ( 'NONE', *, *, #6116, .T. ) ;
#5280 = ORIENTED_EDGE ( 'NONE', *, *, #7367, .T. ) ;
#5281 = LINE ( 'NONE', #5316, #5912 ) ;
#5282 = ADVANCED_FACE ( 'NONE', ( #4798 ), #4912, .F. ) ;
#5283 = PLANE ( 'NONE',  #4507 ) ;
#5284 = CARTESIAN_POINT ( 'NONE',  ( -1.729999999999999760, 0.8259778054016115867, -3.080165812735382591 ) ) ;
#5285 =( GEOMETRIC_REPRESENTATION_CONTEXT ( 3 ) GLOBAL_UNCERTAINTY_ASSIGNED_CONTEXT ( ( #2293 ) ) GLOBAL_UNIT_ASSIGNED_CONTEXT ( ( #1501, #3777, #4222 ) ) REPRESENTATION_CONTEXT ( 'NONE', 'WORKASPACE' ) );
#5286 = CARTESIAN_POINT ( 'NONE',  ( 0.1800000000000000488, 2.109999999999999432, -1.750000000000000000 ) ) ;
#5287 = MECHANICAL_DESIGN_GEOMETRIC_PRESENTATION_REPRESENTATION (  '', ( #3015 ), #2056 ) ;
#5288 = VECTOR ( 'NONE', #4102, 1000.000000000000000 ) ;
#5289 = ORIENTED_EDGE ( 'NONE', *, *, #4430, .T. ) ;
#5290 = COLOUR_RGB ( '',1.000000000000000000, 1.000000000000000000, 1.000000000000000000 ) ;
#5291 = LINE ( 'NONE', #7021, #6273 ) ;
#5292 = EDGE_CURVE ( 'NONE', #3492, #6616, #897, .T. ) ;
#5293 = PRESENTATION_STYLE_ASSIGNMENT (( #7097 ) ) ;
#5294 = CARTESIAN_POINT ( 'NONE',  ( -1.729999999999999760, 0.1704716196264193517, 3.504999999999999893 ) ) ;
#5295 = DIRECTION ( 'NONE',  ( 0.000000000000000000, 0.000000000000000000, -1.000000000000000000 ) ) ;
#5296 = DIRECTION ( 'NONE',  ( -0.000000000000000000, 1.204669080539449344E-16, 1.000000000000000000 ) ) ;
#5297 = AXIS2_PLACEMENT_3D ( 'NONE', #2859, #12, #7375 ) ;
#5298 = CARTESIAN_POINT ( 'NONE',  ( 0.8100000000000003864, -0.7147114317029787944, -2.667339375865898976 ) ) ;
#5299 = AXIS2_PLACEMENT_3D ( 'NONE', #1494, #3097, #7152 ) ;
#5300 = VERTEX_POINT ( 'NONE', #3674 ) ;
#5301 = CARTESIAN_POINT ( 'NONE',  ( 0.2800000000000003042, 1.909999999999999476, -0.09999999999999961697 ) ) ;
#5302 = LINE ( 'NONE', #1745, #5406 ) ;
#5303 = VERTEX_POINT ( 'NONE', #5436 ) ;
#5304 = LINE ( 'NONE', #6347, #5703 ) ;
#5305 = ORIENTED_EDGE ( 'NONE', *, *, #5001, .T. ) ;
#5306 = CARTESIAN_POINT ( 'NONE',  ( 2.080000000000000071, 0.2299999999999996214, -3.577971487849614274 ) ) ;
#5307 = ORIENTED_EDGE ( 'NONE', *, *, #1012, .F. ) ;
#5308 = ORIENTED_EDGE ( 'NONE', *, *, #6654, .T. ) ;
#5309 =( LENGTH_UNIT ( ) NAMED_UNIT ( * ) SI_UNIT ( .MILLI., .METRE. ) );
#5310 = EDGE_CURVE ( 'NONE', #1025, #4996, #6625, .T. ) ;
#5311 = DIRECTION ( 'NONE',  ( -0.000000000000000000, 0.000000000000000000, 1.000000000000000000 ) ) ;
#5312 = ORIENTED_EDGE ( 'NONE', *, *, #5878, .T. ) ;
#5313 = MECHANICAL_DESIGN_GEOMETRIC_PRESENTATION_REPRESENTATION (  '', ( #6622 ), #2809 ) ;
#5314 = ORIENTED_EDGE ( 'NONE', *, *, #2363, .T. ) ;
#5315 = SURFACE_SIDE_STYLE ('',( #4712 ) ) ;
#5316 = CARTESIAN_POINT ( 'NONE',  ( 0.8100000000000003864, 0.2092944763917980455, 3.649888873943361478 ) ) ;
#5317 = EDGE_CURVE ( 'NONE', #1170, #441, #7208, .T. ) ;
#5318 = DIRECTION ( 'NONE',  ( 0.000000000000000000, 0.9914448613738107152, -0.1305261922200490754 ) ) ;
#5319 = CARTESIAN_POINT ( 'NONE',  ( 2.250000000000000444, 1.809999999999999609, 0.9000000000000000222 ) ) ;
#5320 = ORIENTED_EDGE ( 'NONE', *, *, #5179, .T. ) ;
#5321 = CIRCLE ( 'NONE', #4002, 0.08000000000000020983 ) ;
#5323 = VERTEX_POINT ( 'NONE', #4335 ) ;
#5322 =( NAMED_UNIT ( * ) SI_UNIT ( $, .STERADIAN. ) SOLID_ANGLE_UNIT ( ) );
#5324 = CARTESIAN_POINT ( 'NONE',  ( 2.080000000000000071, 0.2299999999999995104, -3.347971487849612959 ) ) ;
#5325 = ADVANCED_FACE ( 'NONE', ( #862 ), #418, .T. ) ;
#5326 = MECHANICAL_DESIGN_GEOMETRIC_PRESENTATION_REPRESENTATION (  '', ( #108 ), #2100 ) ;
#5327 = CARTESIAN_POINT ( 'NONE',  ( -0.8199999999999997291, 0.000000000000000000, 0.000000000000000000 ) ) ;
#5328 = CARTESIAN_POINT ( 'NONE',  ( 2.080000000000000071, 0.2092944763917980455, 3.649888873943361478 ) ) ;
#5329 = DIRECTION ( 'NONE',  ( -2.409338161078898687E-16, 0.000000000000000000, -1.000000000000000000 ) ) ;
#5330 = VECTOR ( 'NONE', #1574, 1000.000000000000000 ) ;
#5331 = CARTESIAN_POINT ( 'NONE',  ( 0.9800000000000002043, 1.809999999999999609, 0.9000000000000003553 ) ) ;
#5332 = CARTESIAN_POINT ( 'NONE',  ( 1.720000000000000195, 0.7459778054016127369, -3.347971487849612959 ) ) ;
#5333 = EDGE_CURVE ( 'NONE', #5528, #1882, #1511, .T. ) ;
#5334 = EDGE_CURVE ( 'NONE', #6036, #7159, #345, .T. ) ;
#5335 = AXIS2_PLACEMENT_3D ( 'NONE', #4966, #4847, #7226 ) ;
#5336 = LINE ( 'NONE', #1381, #1129 ) ;
#5337 = ORIENTED_EDGE ( 'NONE', *, *, #5276, .F. ) ;
#5338 = FACE_OUTER_BOUND ( 'NONE', #6332, .T. ) ;
#5339 = FILL_AREA_STYLE ('',( #5904 ) ) ;
#5340 = ORIENTED_EDGE ( 'NONE', *, *, #2072, .F. ) ;
#5341 = FILL_AREA_STYLE_COLOUR ( '', #351 ) ;
#5342 = ORIENTED_EDGE ( 'NONE', *, *, #2304, .T. ) ;
#5343 = DIRECTION ( 'NONE',  ( -0.000000000000000000, 1.000000000000000000, 0.000000000000000000 ) ) ;
#5344 = UNCERTAINTY_MEASURE_WITH_UNIT (LENGTH_MEASURE( 1.000000000000000082E-05 ), #2710, 'distance_accuracy_value', 'NONE');
#5345 = VECTOR ( 'NONE', #834, 1000.000000000000000 ) ;
#5346 = ADVANCED_FACE ( 'NONE', ( #1004 ), #4834, .F. ) ;
#5347 = ORIENTED_EDGE ( 'NONE', *, *, #6189, .T. ) ;
#5348 = ORIENTED_EDGE ( 'NONE', *, *, #7354, .T. ) ;
#5349 = ORIENTED_EDGE ( 'NONE', *, *, #3550, .T. ) ;
#5350 = CARTESIAN_POINT ( 'NONE',  ( -0.9899999999999997691, 1.809999999999999387, -0.8999999999999995781 ) ) ;
#5352 = PLANE ( 'NONE',  #5930 ) ;
#5351 = MECHANICAL_DESIGN_GEOMETRIC_PRESENTATION_REPRESENTATION (  '', ( #250 ), #1863 ) ;
#5353 = VECTOR ( 'NONE', #2137, 1000.000000000000000 ) ;
#5354 = CARTESIAN_POINT ( 'NONE',  ( 2.080000000000000071, -2.940055364177525671E-15, -3.497971487849612426 ) ) ;
#5355 = DIRECTION ( 'NONE',  ( -0.000000000000000000, 1.000000000000000000, 0.000000000000000000 ) ) ;
#5356 = VERTEX_POINT ( 'NONE', #7248 ) ;
#5357 = ORIENTED_EDGE ( 'NONE', *, *, #7294, .F. ) ;
#5358 = DIRECTION ( 'NONE',  ( 0.000000000000000000, -0.000000000000000000, 1.000000000000000000 ) ) ;
#5359 = LINE ( 'NONE', #3040, #2011 ) ;
#5360 = DIRECTION ( 'NONE',  ( 0.000000000000000000, 0.000000000000000000, -1.000000000000000000 ) ) ;
#5362 = VERTEX_POINT ( 'NONE', #1476 ) ;
#5361 =( NAMED_UNIT ( * ) PLANE_ANGLE_UNIT ( ) SI_UNIT ( $, .RADIAN. ) );
#5363 = FACE_OUTER_BOUND ( 'NONE', #1428, .T. ) ;
#5364 = MECHANICAL_DESIGN_GEOMETRIC_PRESENTATION_REPRESENTATION (  '', ( #609 ), #4036 ) ;
#5365 = EDGE_CURVE ( 'NONE', #2793, #5496, #1990, .T. ) ;
#5366 = STYLED_ITEM ( 'NONE', ( #928 ), #38 ) ;
#5367 = FACE_OUTER_BOUND ( 'NONE', #4600, .T. ) ;
#5368 = DIRECTION ( 'NONE',  ( -1.000000000000000000, 0.000000000000000000, 0.000000000000000000 ) ) ;
#5369 = CIRCLE ( 'NONE', #3455, 0.2300000000000005929 ) ;
#5370 = EDGE_CURVE ( 'NONE', #6745, #1225, #4376, .T. ) ;
#5371 = CARTESIAN_POINT ( 'NONE',  ( -0.9900000000000002132, 2.109999999999999432, -0.9000000000000000222 ) ) ;
#5372 = CARTESIAN_POINT ( 'NONE',  ( 0.8100000000000003864, 0.4165028980787994772, -3.163653601044189134 ) ) ;
#5373 = CARTESIAN_POINT ( 'NONE',  ( -0.4599999999999996869, 0.2092944763917980455, 3.649888873943361478 ) ) ;
#5374 =( GEOMETRIC_REPRESENTATION_CONTEXT ( 3 ) GLOBAL_UNCERTAINTY_ASSIGNED_CONTEXT ( ( #1899 ) ) GLOBAL_UNIT_ASSIGNED_CONTEXT ( ( #5309, #4741, #2910 ) ) REPRESENTATION_CONTEXT ( 'NONE', 'WORKASPACE' ) );
#5375 = LINE ( 'NONE', #5519, #1010 ) ;
#5376 = COLOUR_RGB ( '',0.2509803921568627416, 0.2509803921568627416, 0.2509803921568627416 ) ;
#5377 = EDGE_CURVE ( 'NONE', #2688, #6689, #1583, .T. ) ;
#5378 = DIRECTION ( 'NONE',  ( -1.000000000000000000, -0.000000000000000000, -0.000000000000000000 ) ) ;
#5379 = ORIENTED_EDGE ( 'NONE', *, *, #6481, .T. ) ;
#5380 = SURFACE_STYLE_FILL_AREA ( #7109 ) ;
#5381 = ORIENTED_EDGE ( 'NONE', *, *, #1610, .F. ) ;
#5382 = ORIENTED_EDGE ( 'NONE', *, *, #4489, .T. ) ;
#5383 = CARTESIAN_POINT ( 'NONE',  ( 3.810000000000000053, 2.109999999999999432, 0.000000000000000000 ) ) ;
#5384 = FACE_OUTER_BOUND ( 'NONE', #4362, .T. ) ;
#5385 = EDGE_CURVE ( 'NONE', #2554, #3558, #2816, .T. ) ;
#5386 = DIRECTION ( 'NONE',  ( -1.000000000000000000, -0.000000000000000000, -0.000000000000000000 ) ) ;
#5387 = DIRECTION ( 'NONE',  ( -0.000000000000000000, -0.000000000000000000, -1.000000000000000000 ) ) ;
#5388 = ORIENTED_EDGE ( 'NONE', *, *, #2764, .F. ) ;
#5389 = ORIENTED_EDGE ( 'NONE', *, *, #2298, .F. ) ;
#5390 = ORIENTED_EDGE ( 'NONE', *, *, #6792, .T. ) ;
#5391 = CARTESIAN_POINT ( 'NONE',  ( -2.089999999999999858, 0.2092944763917980455, 3.649888873943361478 ) ) ;
#5392 = CARTESIAN_POINT ( 'NONE',  ( 3.100000000000000089, 2.059999999999999165, -2.399999999999999023 ) ) ;
#5393 = DIRECTION ( 'NONE',  ( -0.000000000000000000, 0.1305261922200490754, 0.9914448613738108262 ) ) ;
#5394 = CARTESIAN_POINT ( 'NONE',  ( 0.2800000000000003042, 1.909999999999999476, -0.09999999999999961697 ) ) ;
#5395 = ORIENTED_EDGE ( 'NONE', *, *, #6644, .F. ) ;
#5396 = FILL_AREA_STYLE_COLOUR ( '', #1308 ) ;
#5397 = AXIS2_PLACEMENT_3D ( 'NONE', #7090, #4120, #236 ) ;
#5398 = STYLED_ITEM ( 'NONE', ( #3044 ), #9 ) ;
#5399 = VECTOR ( 'NONE', #780, 1000.000000000000000 ) ;
#5400 = CARTESIAN_POINT ( 'NONE',  ( 2.080000000000000071, 0.7666833290098139519, 3.345245553952737261 ) ) ;
#5401 = DIRECTION ( 'NONE',  ( 0.000000000000000000, 0.9659258262890670910, -0.2588190451025250138 ) ) ;
#5402 = CARTESIAN_POINT ( 'NONE',  ( 2.080000000000000071, 0.9000000000000003553, 3.100000000000000533 ) ) ;
#5403 = VECTOR ( 'NONE', #5836, 1000.000000000000000 ) ;
#5404 = ADVANCED_FACE ( 'NONE', ( #1651 ), #6814, .F. ) ;
#5405 = CARTESIAN_POINT ( 'NONE',  ( 0.8100000000000003864, 0.8259778054016098103, 4.768369914788500505E-16 ) ) ;
#5406 = VECTOR ( 'NONE', #4652, 1000.000000000000227 ) ;
#5407 = SURFACE_STYLE_USAGE ( .BOTH. , #1479 ) ;
#5408 = FACE_OUTER_BOUND ( 'NONE', #4390, .T. ) ;
#5409 = AXIS2_PLACEMENT_3D ( 'NONE', #6660, #3143, #923 ) ;
#5410 =( NAMED_UNIT ( * ) PLANE_ANGLE_UNIT ( ) SI_UNIT ( $, .RADIAN. ) );
#5411 = PRESENTATION_LAYER_ASSIGNMENT (  '', '', ( #3019 ) ) ;
#5412 = SURFACE_SIDE_STYLE ('',( #4307 ) ) ;
#5413 = EDGE_CURVE ( 'NONE', #2934, #1102, #1688, .T. ) ;
#5414 = FILL_AREA_STYLE_COLOUR ( '', #5818 ) ;
#5415 = ORIENTED_EDGE ( 'NONE', *, *, #6546, .T. ) ;
#5416 = VECTOR ( 'NONE', #5168, 1000.000000000000000 ) ;
#5417 = ORIENTED_EDGE ( 'NONE', *, *, #3849, .T. ) ;
#5418 = EDGE_CURVE ( 'NONE', #5234, #3216, #2709, .T. ) ;
#5419 = PRESENTATION_LAYER_ASSIGNMENT (  '', '', ( #7219 ) ) ;
#5420 = EDGE_LOOP ( 'NONE', ( #1348, #6305, #5154, #5206, #638, #455, #5070, #7356, #1659, #2313, #44, #6917, #3320 ) ) ;
#5421 = ORIENTED_EDGE ( 'NONE', *, *, #5377, .F. ) ;
#5422 = LINE ( 'NONE', #3096, #1505 ) ;
#5423 = LINE ( 'NONE', #5947, #200 ) ;
#5424 = FACE_OUTER_BOUND ( 'NONE', #3451, .T. ) ;
#5425 = ORIENTED_EDGE ( 'NONE', *, *, #1227, .F. ) ;
#5426 = VERTEX_POINT ( 'NONE', #4446 ) ;
#5427 = ADVANCED_FACE ( 'NONE', ( #6144 ), #3898, .F. ) ;
#5428 = VECTOR ( 'NONE', #2817, 1000.000000000000000 ) ;
#5429 = ORIENTED_EDGE ( 'NONE', *, *, #1968, .F. ) ;
#5430 = DIRECTION ( 'NONE',  ( -1.000000000000000000, -0.000000000000000000, -0.000000000000000000 ) ) ;
#5431 = EDGE_LOOP ( 'NONE', ( #1228, #1188, #801, #692 ) ) ;
#5432 = CARTESIAN_POINT ( 'NONE',  ( -0.4599999999999996869, 2.350550309948560991E-14, -4.065000000000001279 ) ) ;
#5433 = CARTESIAN_POINT ( 'NONE',  ( -1.729999999999999760, 0.2300000000000000655, 3.727162940046486739 ) ) ;
#5434 = FACE_OUTER_BOUND ( 'NONE', #4312, .T. ) ;
#5435 = VERTEX_POINT ( 'NONE', #3 ) ;
#5436 = CARTESIAN_POINT ( 'NONE',  ( 0.4500000000000002887, 0.7459778054016128479, -3.497971487849612870 ) ) ;
#5437 = LINE ( 'NONE', #3115, #6683 ) ;
#5438 = PRESENTATION_STYLE_ASSIGNMENT (( #826 ) ) ;
#5439 = PLANE ( 'NONE',  #6915 ) ;
#5440 = DIRECTION ( 'NONE',  ( -0.000000000000000000, 1.000000000000000000, -0.000000000000000000 ) ) ;
#5441 = COLOUR_RGB ( '',0.2509803921568627416, 0.2509803921568627416, 0.2509803921568627416 ) ;
#5442 = EDGE_CURVE ( 'NONE', #1824, #1557, #7091, .T. ) ;
#5443 =( LENGTH_UNIT ( ) NAMED_UNIT ( * ) SI_UNIT ( .MILLI., .METRE. ) );
#5444 = EDGE_LOOP ( 'NONE', ( #1063, #6501, #3991, #3055 ) ) ;
#5445 = PLANE ( 'NONE',  #6678 ) ;
#5446 = COLOUR_RGB ( '',1.000000000000000000, 1.000000000000000000, 1.000000000000000000 ) ;
#5447 = EDGE_CURVE ( 'NONE', #1141, #4031, #5064, .T. ) ;
#5448 = ORIENTED_EDGE ( 'NONE', *, *, #5058, .F. ) ;
#5449 = EDGE_LOOP ( 'NONE', ( #3919, #4461, #727, #2256 ) ) ;
#5450 = DIRECTION ( 'NONE',  ( 0.000000000000000000, -1.000000000000000000, 0.000000000000000000 ) ) ;
#5451 = LINE ( 'NONE', #1531, #6883 ) ;
#5452 = CARTESIAN_POINT ( 'NONE',  ( -0.8199999999999997291, 0.9000000000000003553, 3.100000000000000533 ) ) ;
#5453 = CARTESIAN_POINT ( 'NONE',  ( 1.550000000000000266, 1.809999999999999609, 0.9000000000000000222 ) ) ;
#5454 = VECTOR ( 'NONE', #2980, 1000.000000000000000 ) ;
#5455 = VERTEX_POINT ( 'NONE', #7365 ) ;
#5456 = ORIENTED_EDGE ( 'NONE', *, *, #2035, .T. ) ;
#5457 = VECTOR ( 'NONE', #5219, 1000.000000000000000 ) ;
#5458 = ORIENTED_EDGE ( 'NONE', *, *, #7119, .T. ) ;
#5459 = CARTESIAN_POINT ( 'NONE',  ( 2.080000000000000071, 0.8055061857751930621, 3.490134427896098401 ) ) ;
#5460 = ORIENTED_EDGE ( 'NONE', *, *, #2900, .F. ) ;
#5461 = LINE ( 'NONE', #5503, #6559 ) ;
#5462 = CARTESIAN_POINT ( 'NONE',  ( 0.8100000000000003864, 0.7459778054016127369, -3.347971487849612959 ) ) ;
#5463 = DIRECTION ( 'NONE',  ( 1.000000000000000000, 0.000000000000000000, 0.000000000000000000 ) ) ;
#5464 =( NAMED_UNIT ( * ) PLANE_ANGLE_UNIT ( ) SI_UNIT ( $, .RADIAN. ) );
#5465 = EDGE_CURVE ( 'NONE', #3625, #3090, #4989, .T. ) ;
#5466 = UNCERTAINTY_MEASURE_WITH_UNIT (LENGTH_MEASURE( 1.000000000000000082E-05 ), #3685, 'distance_accuracy_value', 'NONE');
#5468 =( NAMED_UNIT ( * ) PLANE_ANGLE_UNIT ( ) SI_UNIT ( $, .RADIAN. ) );
#5467 =( NAMED_UNIT ( * ) SI_UNIT ( $, .STERADIAN. ) SOLID_ANGLE_UNIT ( ) );
#5469 = PLANE ( 'NONE',  #2493 ) ;
#5470 = DIRECTION ( 'NONE',  ( -1.000000000000000000, 0.000000000000000000, 0.000000000000000000 ) ) ;
#5471 = DIRECTION ( 'NONE',  ( -1.000000000000000000, 0.000000000000000000, 0.000000000000000000 ) ) ;
#5472 = DIRECTION ( 'NONE',  ( 0.000000000000000000, 1.000000000000000000, 5.782411586589326479E-15 ) ) ;
#5473 = EDGE_CURVE ( 'NONE', #1534, #4996, #3253, .T. ) ;
#5474 = ORIENTED_EDGE ( 'NONE', *, *, #2242, .T. ) ;
#5475 = SURFACE_STYLE_FILL_AREA ( #5513 ) ;
#5476 = PLANE ( 'NONE',  #6924 ) ;
#5477 = ORIENTED_EDGE ( 'NONE', *, *, #2213, .F. ) ;
#5478 = VECTOR ( 'NONE', #5463, 1000.000000000000000 ) ;
#5479 = FILL_AREA_STYLE ('',( #934 ) ) ;
#5480 = DIRECTION ( 'NONE',  ( -1.000000000000000000, 0.000000000000000000, 0.000000000000000000 ) ) ;
#5481 = LINE ( 'NONE', #4204, #5509 ) ;
#5482 = AXIS2_PLACEMENT_3D ( 'NONE', #1306, #6340, #1236 ) ;
#5483 =( NAMED_UNIT ( * ) PLANE_ANGLE_UNIT ( ) SI_UNIT ( $, .RADIAN. ) );
#5484 = CARTESIAN_POINT ( 'NONE',  ( -3.100000000000000089, 2.059999999999999165, 2.399999999999999911 ) ) ;
#5485 = PRESENTATION_LAYER_ASSIGNMENT (  '', '', ( #4767 ) ) ;
#5486 = VERTEX_POINT ( 'NONE', #2214 ) ;
#5487 = LINE ( 'NONE', #4387, #6182 ) ;
#5488 = VECTOR ( 'NONE', #5440, 1000.000000000000000 ) ;
#5489 = LINE ( 'NONE', #5005, #1177 ) ;
#5490 = STYLED_ITEM ( 'NONE', ( #14 ), #6086 ) ;
#5491 = EDGE_LOOP ( 'NONE', ( #5713, #2905, #4150, #5498 ) ) ;
#5492 =( LENGTH_UNIT ( ) NAMED_UNIT ( * ) SI_UNIT ( .MILLI., .METRE. ) );
#5493 = PLANE ( 'NONE',  #2462 ) ;
#5494 = DIRECTION ( 'NONE',  ( -1.000000000000000000, -0.000000000000000000, -0.000000000000000000 ) ) ;
#5495 = CARTESIAN_POINT ( 'NONE',  ( 0.8100000000000003864, 0.7459778054016120707, 3.267971487849611556 ) ) ;
#5496 = VERTEX_POINT ( 'NONE', #2745 ) ;
#5497 = ADVANCED_FACE ( 'NONE', ( #2140 ), #5583, .T. ) ;
#5498 = ORIENTED_EDGE ( 'NONE', *, *, #2213, .T. ) ;
#5499 = ADVANCED_FACE ( 'NONE', ( #489 ), #5031, .F. ) ;
#5500 = ORIENTED_EDGE ( 'NONE', *, *, #4333, .T. ) ;
#5501 = DIRECTION ( 'NONE',  ( -1.000000000000000000, -0.000000000000000000, -0.000000000000000000 ) ) ;
#5502 = ORIENTED_EDGE ( 'NONE', *, *, #2723, .T. ) ;
#5503 = CARTESIAN_POINT ( 'NONE',  ( -0.4599999999999996869, 0.2092944763917980455, 3.649888873943361478 ) ) ;
#5504 = LINE ( 'NONE', #2024, #1040 ) ;
#5506 = CARTESIAN_POINT ( 'NONE',  ( -1.729999999999999760, 0.2300000000000000655, 3.727162940046486739 ) ) ;
#5505 = CYLINDRICAL_SURFACE ( 'NONE', #480, 0.2300000000000001765 ) ;
#5507 = LINE ( 'NONE', #1956, #4755 ) ;
#5508 = ADVANCED_FACE ( 'NONE', ( #4077 ), #665, .T. ) ;
#5509 = VECTOR ( 'NONE', #4882, 1000.000000000000000 ) ;
#5510 = DIRECTION ( 'NONE',  ( 0.000000000000000000, 1.000000000000000000, -1.204669080539449590E-16 ) ) ;
#5511 = PRESENTATION_STYLE_ASSIGNMENT (( #6626 ) ) ;
#5512 = DIRECTION ( 'NONE',  ( 0.000000000000000000, -0.9659258262890693114, -0.2588190451025172978 ) ) ;
#5513 = FILL_AREA_STYLE ('',( #6073 ) ) ;
#5514 = STYLED_ITEM ( 'NONE', ( #668 ), #3054 ) ;
#5515 = CARTESIAN_POINT ( 'NONE',  ( 1.720000000000000195, 0.000000000000000000, 4.065000000000001279 ) ) ;
#5516 = CIRCLE ( 'NONE', #3246, 0.2300000000000005929 ) ;
#5517 = EDGE_LOOP ( 'NONE', ( #4739, #1159, #4064, #3560, #7, #3810 ) ) ;
#5518 = ADVANCED_FACE ( 'NONE', ( #4631 ), #3633, .T. ) ;
#5519 = CARTESIAN_POINT ( 'NONE',  ( -2.259999999999999787, 1.809999999999999609, 0.9000000000000000222 ) ) ;
#5520 = CARTESIAN_POINT ( 'NONE',  ( -0.8199999999999997291, 0.000000000000000000, 4.065000000000001279 ) ) ;
#5521 = STYLED_ITEM ( 'NONE', ( #2570 ), #7374 ) ;
#5522 = FACE_OUTER_BOUND ( 'NONE', #2406, .T. ) ;
#5523 = DIRECTION ( 'NONE',  ( 0.000000000000000000, 0.000000000000000000, 1.000000000000000000 ) ) ;
#5524 = LINE ( 'NONE', #5484, #7393 ) ;
#5525 = MECHANICAL_DESIGN_GEOMETRIC_PRESENTATION_REPRESENTATION (  '', ( #4310 ), #1815 ) ;
#5526 = PRODUCT_DEFINITION_SHAPE ( 'NONE', 'NONE',  #2476 ) ;
#5527 =( GEOMETRIC_REPRESENTATION_CONTEXT ( 3 ) GLOBAL_UNCERTAINTY_ASSIGNED_CONTEXT ( ( #604 ) ) GLOBAL_UNIT_ASSIGNED_CONTEXT ( ( #4170, #2459, #1964 ) ) REPRESENTATION_CONTEXT ( 'NONE', 'WORKASPACE' ) );
#5528 = VERTEX_POINT ( 'NONE', #1330 ) ;
#5529 = DIRECTION ( 'NONE',  ( 0.000000000000000000, 0.000000000000000000, 1.000000000000000000 ) ) ;
#5530 = CARTESIAN_POINT ( 'NONE',  ( -2.089999999999999858, 0.8259778054016121418, 3.080165812735383035 ) ) ;
#5531 = CARTESIAN_POINT ( 'NONE',  ( 0.8100000000000003864, 0.8259778054016121418, 3.080165812735383035 ) ) ;
#5532 = DIRECTION ( 'NONE',  ( -1.000000000000000000, -0.000000000000000000, -0.000000000000000000 ) ) ;
#5533 =( GEOMETRIC_REPRESENTATION_CONTEXT ( 3 ) GLOBAL_UNCERTAINTY_ASSIGNED_CONTEXT ( ( #4736 ) ) GLOBAL_UNIT_ASSIGNED_CONTEXT ( ( #6389, #4147, #6923 ) ) REPRESENTATION_CONTEXT ( 'NONE', 'WORKASPACE' ) );
#5534 = EDGE_LOOP ( 'NONE', ( #5229, #6840, #1430, #5949, #2423, #4467, #616, #4067, #1045, #2815, #369, #2944, #5778 ) ) ;
#5535 = ORIENTED_EDGE ( 'NONE', *, *, #2818, .F. ) ;
#5536 = AXIS2_PLACEMENT_3D ( 'NONE', #438, #7383, #5011 ) ;
#5537 = ORIENTED_EDGE ( 'NONE', *, *, #6499, .F. ) ;
#5538 = LINE ( 'NONE', #5391, #1741 ) ;
#5539 = EDGE_CURVE ( 'NONE', #582, #1770, #1837, .T. ) ;
#5540 =( NAMED_UNIT ( * ) PLANE_ANGLE_UNIT ( ) SI_UNIT ( $, .RADIAN. ) );
#5541 = DIRECTION ( 'NONE',  ( -1.000000000000000000, -0.000000000000000000, -0.000000000000000000 ) ) ;
#5542 =( NAMED_UNIT ( * ) SI_UNIT ( $, .STERADIAN. ) SOLID_ANGLE_UNIT ( ) );
#5543 = CARTESIAN_POINT ( 'NONE',  ( -1.729999999999999760, -0.7147114317029787944, -2.667339375865898976 ) ) ;
#5544 = AXIS2_PLACEMENT_3D ( 'NONE', #13, #2796, #5112 ) ;
#5545 = EDGE_CURVE ( 'NONE', #2270, #2377, #6479, .T. ) ;
#5546 = PRESENTATION_STYLE_ASSIGNMENT (( #6666 ) ) ;
#5547 = ADVANCED_FACE ( 'NONE', ( #2323 ), #5243, .F. ) ;
#5548 = DIRECTION ( 'NONE',  ( 0.000000000000000000, -1.000000000000000000, 0.000000000000000000 ) ) ;
#5549 =( NAMED_UNIT ( * ) SI_UNIT ( $, .STERADIAN. ) SOLID_ANGLE_UNIT ( ) );
#5550 = PRESENTATION_STYLE_ASSIGNMENT (( #7133 ) ) ;
#5551 = DIRECTION ( 'NONE',  ( 0.000000000000000000, 0.000000000000000000, 1.000000000000000000 ) ) ;
#5552 = LINE ( 'NONE', #4408, #2250 ) ;
#5553 = EDGE_LOOP ( 'NONE', ( #3209, #722, #2362, #3435 ) ) ;
#5554 = PRESENTATION_LAYER_ASSIGNMENT (  '', '', ( #5799 ) ) ;
#5555 = SURFACE_SIDE_STYLE ('',( #6597 ) ) ;
#5556 = CARTESIAN_POINT ( 'NONE',  ( -2.259999999999999787, 2.310000000000000053, 0.9000000000000003553 ) ) ;
#5557 = SURFACE_SIDE_STYLE ('',( #3908 ) ) ;
#5558 = DIRECTION ( 'NONE',  ( 0.000000000000000000, 0.000000000000000000, 1.000000000000000000 ) ) ;
#5559 =( LENGTH_UNIT ( ) NAMED_UNIT ( * ) SI_UNIT ( .MILLI., .METRE. ) );
#5560 = CIRCLE ( 'NONE', #1733, 0.08000000000000020983 ) ;
#5561 = EDGE_CURVE ( 'NONE', #1865, #1730, #3666, .T. ) ;
#5562 = EDGE_CURVE ( 'NONE', #444, #4938, #1982, .T. ) ;
#5563 =( GEOMETRIC_REPRESENTATION_CONTEXT ( 3 ) GLOBAL_UNCERTAINTY_ASSIGNED_CONTEXT ( ( #3363 ) ) GLOBAL_UNIT_ASSIGNED_CONTEXT ( ( #3259, #6696, #5614 ) ) REPRESENTATION_CONTEXT ( 'NONE', 'WORKASPACE' ) );
#5564 =( NAMED_UNIT ( * ) PLANE_ANGLE_UNIT ( ) SI_UNIT ( $, .RADIAN. ) );
#5565 = ORIENTED_EDGE ( 'NONE', *, *, #4929, .F. ) ;
#5566 = VECTOR ( 'NONE', #4893, 1000.000000000000000 ) ;
#5567 = CARTESIAN_POINT ( 'NONE',  ( -1.729999999999999760, 0.8999999999999998002, -3.100000000000000089 ) ) ;
#5568 = CARTESIAN_POINT ( 'NONE',  ( 3.100000000000000533, 2.059999999999999165, -2.399999999999999023 ) ) ;
#5569 = EDGE_CURVE ( 'NONE', #3216, #4472, #1242, .T. ) ;
#5570 = ORIENTED_EDGE ( 'NONE', *, *, #2204, .F. ) ;
#5571 = VECTOR ( 'NONE', #4473, 1000.000000000000000 ) ;
#5572 = ORIENTED_EDGE ( 'NONE', *, *, #2289, .T. ) ;
#5573 = ORIENTED_EDGE ( 'NONE', *, *, #4690, .F. ) ;
#5574 = LINE ( 'NONE', #7141, #2708 ) ;
#5575 = ORIENTED_EDGE ( 'NONE', *, *, #2401, .F. ) ;
#5576 = DIRECTION ( 'NONE',  ( 0.000000000000000000, -0.000000000000000000, -1.000000000000000000 ) ) ;
#5577 = CARTESIAN_POINT ( 'NONE',  ( 3.100000000000000089, 0.4165028980788046953, 3.163653601044189578 ) ) ;
#5578 = CARTESIAN_POINT ( 'NONE',  ( 0.1800000000000000488, 2.109999999999999432, -1.750000000000000000 ) ) ;
#5580 = CARTESIAN_POINT ( 'NONE',  ( -2.259999999999999787, 1.809999999999999387, -0.8999999999999995781 ) ) ;
#5579 = CARTESIAN_POINT ( 'NONE',  ( 1.720000000000000195, 0.9759778054016126081, 3.089997332157669252 ) ) ;
#5581 = ORIENTED_EDGE ( 'NONE', *, *, #3307, .T. ) ;
#5582 = UNCERTAINTY_MEASURE_WITH_UNIT (LENGTH_MEASURE( 1.000000000000000082E-05 ), #1711, 'distance_accuracy_value', 'NONE');
#5583 = PLANE ( 'NONE',  #2544 ) ;
#5584 = LINE ( 'NONE', #3453, #3872 ) ;
#5585 = COLOUR_RGB ( '',0.2509803921568627416, 0.2509803921568627416, 0.2509803921568627416 ) ;
#5586 = DIRECTION ( 'NONE',  ( 0.000000000000000000, 0.000000000000000000, -1.000000000000000000 ) ) ;
#5587 = CARTESIAN_POINT ( 'NONE',  ( -1.560000000000000053, 2.109999999999999432, -0.9000000000000000222 ) ) ;
#5588 = EDGE_CURVE ( 'NONE', #5988, #1680, #3105, .T. ) ;
#5589 = FILL_AREA_STYLE_COLOUR ( '', #2265 ) ;
#5590 = ORIENTED_EDGE ( 'NONE', *, *, #6015, .F. ) ;
#5591 = CARTESIAN_POINT ( 'NONE',  ( -0.2899999999999998690, 1.809999999999999609, 0.9000000000000000222 ) ) ;
#5592 = DIRECTION ( 'NONE',  ( -1.000000000000000000, 0.000000000000000000, 0.000000000000000000 ) ) ;
#5593 = EDGE_CURVE ( 'NONE', #2130, #4611, #271, .T. ) ;
#5594 = PRESENTATION_STYLE_ASSIGNMENT (( #3319 ) ) ;
#5595 = VECTOR ( 'NONE', #6594, 1000.000000000000000 ) ;
#5596 = PLANE ( 'NONE',  #4727 ) ;
#5597 = EDGE_CURVE ( 'NONE', #6168, #1103, #2620, .T. ) ;
#5598 = COLOUR_RGB ( '',0.2509803921568627416, 0.2509803921568627416, 0.2509803921568627416 ) ;
#5599 = ORIENTED_EDGE ( 'NONE', *, *, #4489, .F. ) ;
#5600 = CARTESIAN_POINT ( 'NONE',  ( -1.729999999999999760, 0.1500000000000008271, 3.727162940046487183 ) ) ;
#5601 = CIRCLE ( 'NONE', #5839, 0.08000000000000020983 ) ;
#5602 = UNCERTAINTY_MEASURE_WITH_UNIT (LENGTH_MEASURE( 1.000000000000000082E-05 ), #3189, 'distance_accuracy_value', 'NONE');
#5603 = LINE ( 'NONE', #1675, #6012 ) ;
#5604 = CARTESIAN_POINT ( 'NONE',  ( -0.9899999999999997691, 2.310000000000000053, -0.09999999999999961697 ) ) ;
#5605 = ORIENTED_EDGE ( 'NONE', *, *, #6586, .T. ) ;
#5606 = ORIENTED_EDGE ( 'NONE', *, *, #605, .F. ) ;
#5607 = VECTOR ( 'NONE', #5711, 1000.000000000000114 ) ;
#5608 = ORIENTED_EDGE ( 'NONE', *, *, #5465, .T. ) ;
#5609 = COLOUR_RGB ( '',0.2509803921568627416, 0.2509803921568627416, 0.2509803921568627416 ) ;
#5610 = EDGE_CURVE ( 'NONE', #2149, #3042, #5991, .T. ) ;
#5611 = ORIENTED_EDGE ( 'NONE', *, *, #3346, .T. ) ;
#5612 = PLANE ( 'NONE',  #1510 ) ;
#5613 = DIRECTION ( 'NONE',  ( -0.000000000000000000, -0.000000000000000000, -1.000000000000000000 ) ) ;
#5614 =( NAMED_UNIT ( * ) SI_UNIT ( $, .STERADIAN. ) SOLID_ANGLE_UNIT ( ) );
#5615 =( NAMED_UNIT ( * ) SI_UNIT ( $, .STERADIAN. ) SOLID_ANGLE_UNIT ( ) );
#5616 = CARTESIAN_POINT ( 'NONE',  ( 2.080000000000000071, 0.7459778054016120707, 3.267971487849611556 ) ) ;
#5617 = PRESENTATION_LAYER_ASSIGNMENT (  '', '', ( #2977 ) ) ;
#5618 = FACE_OUTER_BOUND ( 'NONE', #3162, .T. ) ;
#5619 = ORIENTED_EDGE ( 'NONE', *, *, #4963, .T. ) ;
#5620 = FACE_OUTER_BOUND ( 'NONE', #4694, .T. ) ;
#5621 = DIRECTION ( 'NONE',  ( 0.000000000000000000, -0.000000000000000000, -1.000000000000000000 ) ) ;
#5622 = UNCERTAINTY_MEASURE_WITH_UNIT (LENGTH_MEASURE( 1.000000000000000082E-05 ), #4045, 'distance_accuracy_value', 'NONE');
#5623 = LINE ( 'NONE', #1042, #5095 ) ;
#5625 = ORIENTED_EDGE ( 'NONE', *, *, #3871, .F. ) ;
#5624 = CARTESIAN_POINT ( 'NONE',  ( -0.4599999999999996869, 0.9000000000000003553, 3.100000000000000533 ) ) ;
#5626 = PLANE ( 'NONE',  #3220 ) ;
#5627 = ORIENTED_EDGE ( 'NONE', *, *, #1238, .T. ) ;
#5628 = VECTOR ( 'NONE', #6126, 1000.000000000000000 ) ;
#5629 = DIRECTION ( 'NONE',  ( 1.000000000000000000, -0.000000000000000000, -0.000000000000000000 ) ) ;
#5630 = DIRECTION ( 'NONE',  ( 0.000000000000000000, 0.000000000000000000, 1.000000000000000000 ) ) ;
#5631 = EDGE_CURVE ( 'NONE', #3859, #4746, #4903, .T. ) ;
#5632 = FILL_AREA_STYLE ('',( #3829 ) ) ;
#5633 = AXIS2_PLACEMENT_3D ( 'NONE', #3527, #5811, #708 ) ;
#5634 = PRESENTATION_STYLE_ASSIGNMENT (( #5114 ) ) ;
#5635 = COLOUR_RGB ( '',0.7921568627450980005, 0.8196078431372548767, 0.9333333333333333481 ) ;
#5636 = SURFACE_STYLE_USAGE ( .BOTH. , #2301 ) ;
#5637 = ADVANCED_FACE ( 'NONE', ( #339 ), #2585, .F. ) ;
#5638 = MECHANICAL_DESIGN_GEOMETRIC_PRESENTATION_REPRESENTATION (  '', ( #7205 ), #1694 ) ;
#5639 = CARTESIAN_POINT ( 'NONE',  ( 0.2800000000000003042, 1.809999999999999387, -0.8999999999999995781 ) ) ;
#5640 = VERTEX_POINT ( 'NONE', #7239 ) ;
#5641 = EDGE_CURVE ( 'NONE', #3303, #7386, #4862, .T. ) ;
#5642 = DIRECTION ( 'NONE',  ( 0.000000000000000000, 0.000000000000000000, 1.000000000000000000 ) ) ;
#5643 = CARTESIAN_POINT ( 'NONE',  ( -2.585630021598219308, 2.309999999999999609, 2.914369978401781580 ) ) ;
#5644 = DIRECTION ( 'NONE',  ( 0.000000000000000000, -1.000000000000000000, 0.000000000000000000 ) ) ;
#5645 = ORIENTED_EDGE ( 'NONE', *, *, #3634, .T. ) ;
#5646 = VERTEX_POINT ( 'NONE', #5392 ) ;
#5647 = VECTOR ( 'NONE', #4466, 1000.000000000000000 ) ;
#5648 = MECHANICAL_DESIGN_GEOMETRIC_PRESENTATION_REPRESENTATION (  '', ( #5521 ), #2419 ) ;
#5649 = EDGE_CURVE ( 'NONE', #4218, #3485, #5921, .T. ) ;
#5650 = UNCERTAINTY_MEASURE_WITH_UNIT (LENGTH_MEASURE( 1.000000000000000082E-05 ), #797, 'distance_accuracy_value', 'NONE');
#5651 = ORIENTED_EDGE ( 'NONE', *, *, #2258, .F. ) ;
#5652 = ORIENTED_EDGE ( 'NONE', *, *, #2928, .F. ) ;
#5653 =( NAMED_UNIT ( * ) SI_UNIT ( $, .STERADIAN. ) SOLID_ANGLE_UNIT ( ) );
#5654 = DIRECTION ( 'NONE',  ( -1.000000000000000000, -0.000000000000000000, -0.000000000000000000 ) ) ;
#5655 = CARTESIAN_POINT ( 'NONE',  ( 0.8100000000000003864, 0.8055061857751930621, 3.490134427896098401 ) ) ;
#5656 = COLOUR_RGB ( '',1.000000000000000000, 1.000000000000000000, 1.000000000000000000 ) ;
#5657 = EDGE_CURVE ( 'NONE', #4469, #6272, #4290, .T. ) ;
#5658 = DIRECTION ( 'NONE',  ( -0.000000000000000000, -1.000000000000000000, -0.000000000000000000 ) ) ;
#5659 = EDGE_CURVE ( 'NONE', #2902, #166, #1468, .T. ) ;
#5660 = ORIENTED_EDGE ( 'NONE', *, *, #1355, .T. ) ;
#5661 = PRESENTATION_LAYER_ASSIGNMENT (  '', '', ( #2666 ) ) ;
#5662 =( NAMED_UNIT ( * ) PLANE_ANGLE_UNIT ( ) SI_UNIT ( $, .RADIAN. ) );
#5663 = LINE ( 'NONE', #274, #5128 ) ;
#5664 = CARTESIAN_POINT ( 'NONE',  ( 1.720000000000000195, 0.000000000000000000, 4.065000000000001279 ) ) ;
#5666 = ORIENTED_EDGE ( 'NONE', *, *, #2457, .F. ) ;
#5665 = DIRECTION ( 'NONE',  ( -1.000000000000000000, -0.000000000000000000, -0.000000000000000000 ) ) ;
#5667 = PLANE ( 'NONE',  #1209 ) ;
#5668 = EDGE_LOOP ( 'NONE', ( #301, #7371, #5739, #6165 ) ) ;
#5669 = VECTOR ( 'NONE', #6362, 1000.000000000000000 ) ;
#5670 =( LENGTH_UNIT ( ) NAMED_UNIT ( * ) SI_UNIT ( .MILLI., .METRE. ) );
#5671 = CARTESIAN_POINT ( 'NONE',  ( 0.8100000000000003864, 0.1704716196264193517, 3.504999999999999893 ) ) ;
#5672 = CARTESIAN_POINT ( 'NONE',  ( -0.4599999999999996869, 0.1500000000000008271, 4.065000000000000391 ) ) ;
#5673 = FACE_OUTER_BOUND ( 'NONE', #2921, .T. ) ;
#5674 = CARTESIAN_POINT ( 'NONE',  ( 3.100000000000000089, 0.4165028980788046953, 3.163653601044189578 ) ) ;
#5675 = PRESENTATION_LAYER_ASSIGNMENT (  '', '', ( #4232 ) ) ;
#5676 = EDGE_CURVE ( 'NONE', #3325, #4979, #5461, .T. ) ;
#5677 = EDGE_LOOP ( 'NONE', ( #5223, #5381, #4967, #6441 ) ) ;
#5678 = DIRECTION ( 'NONE',  ( -1.000000000000000000, -0.000000000000000000, -0.000000000000000000 ) ) ;
#5679 = VECTOR ( 'NONE', #5654, 1000.000000000000000 ) ;
#5680 = DIRECTION ( 'NONE',  ( 0.000000000000000000, 0.2588190451025172978, -0.9659258262890693114 ) ) ;
#5681 = ORIENTED_EDGE ( 'NONE', *, *, #6746, .F. ) ;
#5682 = LINE ( 'NONE', #7384, #191 ) ;
#5683 = VERTEX_POINT ( 'NONE', #817 ) ;
#5684 = ORIENTED_EDGE ( 'NONE', *, *, #2012, .F. ) ;
#5685 = EDGE_CURVE ( 'NONE', #2839, #1800, #2519, .T. ) ;
#5686 = ORIENTED_EDGE ( 'NONE', *, *, #231, .T. ) ;
#5687 = ORIENTED_EDGE ( 'NONE', *, *, #2042, .F. ) ;
#5688 = DIRECTION ( 'NONE',  ( 0.000000000000000000, 0.000000000000000000, 1.000000000000000000 ) ) ;
#5689 = DIRECTION ( 'NONE',  ( 1.000000000000000000, -0.000000000000000000, -0.000000000000000000 ) ) ;
#5690 = EDGE_CURVE ( 'NONE', #7093, #6712, #1643, .T. ) ;
#5691 = CARTESIAN_POINT ( 'NONE',  ( 0.4500000000000002887, 0.2299999999999996214, -3.577971487849614274 ) ) ;
#5692 = SURFACE_STYLE_FILL_AREA ( #3414 ) ;
#5693 = AXIS2_PLACEMENT_3D ( 'NONE', #850, #7194, #3141 ) ;
#5694 = FACE_OUTER_BOUND ( 'NONE', #5420, .T. ) ;
#5695 = EDGE_LOOP ( 'NONE', ( #6215, #4547, #3517, #2984 ) ) ;
#5696 = PRESENTATION_LAYER_ASSIGNMENT (  '', '', ( #6643 ) ) ;
#5697 = CARTESIAN_POINT ( 'NONE',  ( 2.080000000000000071, 0.4165028980787994772, -3.163653601044189134 ) ) ;
#5698 = DIRECTION ( 'NONE',  ( 0.000000000000000000, -1.000000000000000000, 8.405029527513197557E-16 ) ) ;
#5699 = EDGE_CURVE ( 'NONE', #4228, #4786, #6848, .T. ) ;
#5700 = SURFACE_SIDE_STYLE ('',( #82 ) ) ;
#5702 = EDGE_LOOP ( 'NONE', ( #325, #5651, #6979, #5717 ) ) ;
#5701 = DIRECTION ( 'NONE',  ( -0.000000000000000000, 1.000000000000000000, -0.000000000000000000 ) ) ;
#5703 = VECTOR ( 'NONE', #1349, 1000.000000000000000 ) ;
#5704 = CARTESIAN_POINT ( 'NONE',  ( 1.449999999999999734, 2.309999999999999609, 1.750000000000000000 ) ) ;
#5705 = ORIENTED_EDGE ( 'NONE', *, *, #1836, .T. ) ;
#5706 = LINE ( 'NONE', #4455, #1367 ) ;
#5707 = CIRCLE ( 'NONE', #2825, 0.07999999999999977962 ) ;
#5708 = ADVANCED_FACE ( 'NONE', ( #515 ), #2701, .T. ) ;
#5709 =( LENGTH_UNIT ( ) NAMED_UNIT ( * ) SI_UNIT ( .MILLI., .METRE. ) );
#5710 = FACE_OUTER_BOUND ( 'NONE', #3150, .T. ) ;
#5711 = DIRECTION ( 'NONE',  ( 0.000000000000000000, -0.9914448613738112703, 0.1305261922200449398 ) ) ;
#5712 = FACE_OUTER_BOUND ( 'NONE', #27, .T. ) ;
#5713 = ORIENTED_EDGE ( 'NONE', *, *, #5418, .F. ) ;
#5714 = LINE ( 'NONE', #6761, #2282 ) ;
#5715 = CARTESIAN_POINT ( 'NONE',  ( -0.4599999999999996869, 0.1704716196264193517, 3.504999999999999893 ) ) ;
#5716 = ORIENTED_EDGE ( 'NONE', *, *, #2629, .F. ) ;
#5717 = ORIENTED_EDGE ( 'NONE', *, *, #5641, .T. ) ;
#5718 = LINE ( 'NONE', #2871, #4497 ) ;
#5719 = PRESENTATION_LAYER_ASSIGNMENT (  '', '', ( #609 ) ) ;
#5720 = EDGE_LOOP ( 'NONE', ( #5873, #2396, #1910, #4123 ) ) ;
#5721 = VECTOR ( 'NONE', #4984, 1000.000000000000000 ) ;
#5722 = VECTOR ( 'NONE', #2285, 1000.000000000000000 ) ;
#5723 = ORIENTED_EDGE ( 'NONE', *, *, #1902, .F. ) ;
#5724 = PLANE ( 'NONE',  #5814 ) ;
#5725 = FILL_AREA_STYLE ('',( #735 ) ) ;
#5726 = CARTESIAN_POINT ( 'NONE',  ( -1.729999999999999760, 0.9759778054016126081, 3.089997332157669252 ) ) ;
#5727 = ADVANCED_FACE ( 'NONE', ( #1067, #2775 ), #445, .F. ) ;
#5728 = CARTESIAN_POINT ( 'NONE',  ( 2.080000000000000071, 0.000000000000000000, 4.065000000000001279 ) ) ;
#5729 = CARTESIAN_POINT ( 'NONE',  ( 1.720000000000000195, 0.1500000000000017153, -3.339236242140380218E-17 ) ) ;
#5730 = COLOUR_RGB ( '',1.000000000000000000, 1.000000000000000000, 1.000000000000000000 ) ;
#5731 = AXIS2_PLACEMENT_3D ( 'NONE', #851, #7160, #6617 ) ;
#5732 = ORIENTED_EDGE ( 'NONE', *, *, #3164, .T. ) ;
#5733 = VECTOR ( 'NONE', #637, 1000.000000000000000 ) ;
#5734 = DIRECTION ( 'NONE',  ( 0.000000000000000000, 1.000000000000000000, -5.782411586589326479E-15 ) ) ;
#5735 = CARTESIAN_POINT ( 'NONE',  ( 0.2800000000000003042, 2.310000000000000053, -0.09999999999999961697 ) ) ;
#5736 = ORIENTED_EDGE ( 'NONE', *, *, #5979, .T. ) ;
#5737 = ORIENTED_EDGE ( 'NONE', *, *, #5588, .F. ) ;
#5738 = ADVANCED_FACE ( 'NONE', ( #481 ), #2735, .F. ) ;
#5739 = ORIENTED_EDGE ( 'NONE', *, *, #5385, .T. ) ;
#5740 = UNCERTAINTY_MEASURE_WITH_UNIT (LENGTH_MEASURE( 1.000000000000000082E-05 ), #121, 'distance_accuracy_value', 'NONE');
#5741 = DIRECTION ( 'NONE',  ( -0.000000000000000000, 0.000000000000000000, 1.000000000000000000 ) ) ;
#5742 = DIRECTION ( 'NONE',  ( 0.000000000000000000, -0.1305261922200449398, 0.9914448613738112703 ) ) ;
#5743 = DIRECTION ( 'NONE',  ( 1.000000000000000000, 0.000000000000000000, 0.000000000000000000 ) ) ;
#5744 = LINE ( 'NONE', #246, #2236 ) ;
#5745 = LINE ( 'NONE', #1813, #3566 ) ;
#5746 =( LENGTH_UNIT ( ) NAMED_UNIT ( * ) SI_UNIT ( .MILLI., .METRE. ) );
#5747 = EDGE_CURVE ( 'NONE', #7190, #255, #5091, .T. ) ;
#5748 = VERTEX_POINT ( 'NONE', #993 ) ;
#5749 = MECHANICAL_DESIGN_GEOMETRIC_PRESENTATION_REPRESENTATION (  '', ( #1340 ), #2531 ) ;
#5750 = EDGE_CURVE ( 'NONE', #6431, #1318, #6137, .T. ) ;
#5751 = FACE_OUTER_BOUND ( 'NONE', #4468, .T. ) ;
#5752 = SURFACE_STYLE_FILL_AREA ( #2901 ) ;
#5753 = CARTESIAN_POINT ( 'NONE',  ( -0.4599999999999996869, 0.7459778054016120707, 3.267971487849611556 ) ) ;
#5754 = ORIENTED_EDGE ( 'NONE', *, *, #694, .F. ) ;
#5755 = LINE ( 'NONE', #5195, #361 ) ;
#5756 = AXIS2_PLACEMENT_3D ( 'NONE', #3892, #7200, #517 ) ;
#5757 = ORIENTED_EDGE ( 'NONE', *, *, #5830, .T. ) ;
#5758 = CLOSED_SHELL ( 'NONE', ( #1748, #1944, #2157, #3111, #6592, #3089, #6977, #1886, #7103, #5738, #2393, #1672, #257, #4780, #879 ) ) ;
#5759 = EDGE_LOOP ( 'NONE', ( #805, #4738, #6459, #5474 ) ) ;
#5760 = CARTESIAN_POINT ( 'NONE',  ( -1.729999999999999760, 0.7459778054016120707, 3.267971487849611556 ) ) ;
#5761 = DIRECTION ( 'NONE',  ( -0.000000000000000000, 0.000000000000000000, 1.000000000000000000 ) ) ;
#5762 = FACE_OUTER_BOUND ( 'NONE', #979, .T. ) ;
#5763 = VECTOR ( 'NONE', #6610, 1000.000000000000000 ) ;
#5764 = CARTESIAN_POINT ( 'NONE',  ( 0.8100000000000003864, 0.2092944763917980455, 3.649888873943361478 ) ) ;
#5765 = CYLINDRICAL_SURFACE ( 'NONE', #1817, 0.2300000000000005929 ) ;
#5766 = VECTOR ( 'NONE', #1627, 1000.000000000000000 ) ;
#5767 = ORIENTED_EDGE ( 'NONE', *, *, #1622, .T. ) ;
#5768 = ORIENTED_EDGE ( 'NONE', *, *, #1740, .T. ) ;
#5769 = ADVANCED_FACE ( 'NONE', ( #7315 ), #2171, .F. ) ;
#5770 =( LENGTH_UNIT ( ) NAMED_UNIT ( * ) SI_UNIT ( .MILLI., .METRE. ) );
#5771 = DIRECTION ( 'NONE',  ( -1.000000000000000000, 0.000000000000000000, 0.000000000000000000 ) ) ;
#5772 = FILL_AREA_STYLE ('',( #3489 ) ) ;
#5773 = AXIS2_PLACEMENT_3D ( 'NONE', #2913, #1323, #5235 ) ;
#5775 = ORIENTED_EDGE ( 'NONE', *, *, #2822, .F. ) ;
#5774 = CARTESIAN_POINT ( 'NONE',  ( 1.720000000000000195, 0.9759778054016126081, 3.089997332157669252 ) ) ;
#5776 = DIRECTION ( 'NONE',  ( 0.000000000000000000, -5.782411586589326479E-15, -1.000000000000000000 ) ) ;
#5777 = AXIS2_PLACEMENT_3D ( 'NONE', #5327, #3533, #5780 ) ;
#5778 = ORIENTED_EDGE ( 'NONE', *, *, #5676, .F. ) ;
#5779 = EDGE_CURVE ( 'NONE', #471, #6016, #4510, .T. ) ;
#5780 = DIRECTION ( 'NONE',  ( 0.000000000000000000, 0.000000000000000000, 1.000000000000000000 ) ) ;
#5781 = CARTESIAN_POINT ( 'NONE',  ( -2.259999999999999787, 1.809999999999999609, 0.9000000000000003553 ) ) ;
#5782 = FILL_AREA_STYLE ('',( #6125 ) ) ;
#5783 = CARTESIAN_POINT ( 'NONE',  ( -3.100000000000000089, 2.059999999999999165, 2.399999999999999911 ) ) ;
#5784 = LINE ( 'NONE', #4607, #5124 ) ;
#5785 = SURFACE_STYLE_FILL_AREA ( #1924 ) ;
#5786 = AXIS2_PLACEMENT_3D ( 'NONE', #4603, #6903, #6372 ) ;
#5787 = DIRECTION ( 'NONE',  ( 0.000000000000000000, 0.2588190451025172978, -0.9659258262890693114 ) ) ;
#5788 = ORIENTED_EDGE ( 'NONE', *, *, #5370, .F. ) ;
#5789 = FILL_AREA_STYLE_COLOUR ( '', #3951 ) ;
#5790 = EDGE_CURVE ( 'NONE', #814, #6168, #589, .T. ) ;
#5791 = ORIENTED_EDGE ( 'NONE', *, *, #7007, .T. ) ;
#5792 = DIRECTION ( 'NONE',  ( -1.000000000000000000, -0.000000000000000000, -0.000000000000000000 ) ) ;
#5793 = ORIENTED_EDGE ( 'NONE', *, *, #3530, .T. ) ;
#5794 = DIRECTION ( 'NONE',  ( 0.000000000000000000, -5.773000053518394898E-16, 1.000000000000000000 ) ) ;
#5795 = EDGE_LOOP ( 'NONE', ( #3887, #2076, #2165, #1462 ) ) ;
#5796 = FACE_OUTER_BOUND ( 'NONE', #7110, .T. ) ;
#5797 = EDGE_LOOP ( 'NONE', ( #2022, #2306, #2239, #2261 ) ) ;
#5798 = ORIENTED_EDGE ( 'NONE', *, *, #4519, .T. ) ;
#5799 = STYLED_ITEM ( 'NONE', ( #3109 ), #452 ) ;
#5800 = PLANE ( 'NONE',  #115 ) ;
#5801 = CARTESIAN_POINT ( 'NONE',  ( -0.4599999999999996869, 0.7666833290098139519, 3.345245553952736817 ) ) ;
#5802 = DIRECTION ( 'NONE',  ( -1.000000000000000000, 0.000000000000000000, -0.000000000000000000 ) ) ;
#5803 = EDGE_CURVE ( 'NONE', #1970, #6701, #5971, .T. ) ;
#5804 = FACE_OUTER_BOUND ( 'NONE', #3063, .T. ) ;
#5805 = MECHANICAL_DESIGN_GEOMETRIC_PRESENTATION_REPRESENTATION (  '', ( #5204 ), #5563 ) ;
#5806 = ORIENTED_EDGE ( 'NONE', *, *, #2543, .F. ) ;
#5807 = ORIENTED_EDGE ( 'NONE', *, *, #1378, .F. ) ;
#5808 = DIRECTION ( 'NONE',  ( 0.000000000000000000, -0.9914448613738116034, -0.1305261922200433300 ) ) ;
#5809 = DIRECTION ( 'NONE',  ( -1.000000000000000000, -0.000000000000000000, -0.000000000000000000 ) ) ;
#5810 = LINE ( 'NONE', #6396, #4759 ) ;
#5811 = DIRECTION ( 'NONE',  ( 0.000000000000000000, -0.2588190451025251804, -0.9659258262890672020 ) ) ;
#5812 = DIRECTION ( 'NONE',  ( -0.000000000000000000, -1.000000000000000000, -0.000000000000000000 ) ) ;
#5813 =( NAMED_UNIT ( * ) SI_UNIT ( $, .STERADIAN. ) SOLID_ANGLE_UNIT ( ) );
#5814 = AXIS2_PLACEMENT_3D ( 'NONE', #514, #2774, #3847 ) ;
#5815 = VERTEX_POINT ( 'NONE', #2243 ) ;
#5816 = LINE ( 'NONE', #6336, #3999 ) ;
#5817 = DIRECTION ( 'NONE',  ( 1.000000000000000000, -0.000000000000000000, -0.000000000000000000 ) ) ;
#5818 = COLOUR_RGB ( '',0.2509803921568627416, 0.2509803921568627416, 0.2509803921568627416 ) ;
#5819 = ADVANCED_FACE ( 'NONE', ( #6248 ), #3411, .F. ) ;
#5820 = FACE_OUTER_BOUND ( 'NONE', #118, .T. ) ;
#5821 = CARTESIAN_POINT ( 'NONE',  ( -0.4599999999999996869, 0.8999999999999998002, -3.100000000000000089 ) ) ;
#5822 =( NAMED_UNIT ( * ) SI_UNIT ( $, .STERADIAN. ) SOLID_ANGLE_UNIT ( ) );
#5823 = AXIS2_PLACEMENT_3D ( 'NONE', #5185, #1921, #3466 ) ;
#5824 = VERTEX_POINT ( 'NONE', #111 ) ;
#5825 = FACE_OUTER_BOUND ( 'NONE', #3567, .T. ) ;
#5826 = DIRECTION ( 'NONE',  ( 0.000000000000000000, 0.000000000000000000, -1.000000000000000000 ) ) ;
#5827 = EDGE_LOOP ( 'NONE', ( #5239, #2603, #3242, #1969 ) ) ;
#5828 = PLANE ( 'NONE',  #6781 ) ;
#5829 = VERTEX_POINT ( 'NONE', #5801 ) ;
#5830 = EDGE_CURVE ( 'NONE', #4568, #1572, #2990, .T. ) ;
#5831 = ORIENTED_EDGE ( 'NONE', *, *, #1816, .F. ) ;
#5832 = FACE_OUTER_BOUND ( 'NONE', #3285, .T. ) ;
#5833 = DIRECTION ( 'NONE',  ( -1.000000000000000000, 0.000000000000000000, -0.000000000000000000 ) ) ;
#5834 = PRESENTATION_STYLE_ASSIGNMENT (( #3555 ) ) ;
#5835 = CARTESIAN_POINT ( 'NONE',  ( -1.729999999999999760, 0.2299999999999995104, -3.497971487849612426 ) ) ;
#5836 = DIRECTION ( 'NONE',  ( -1.000000000000000000, -0.000000000000000000, -0.000000000000000000 ) ) ;
#5837 = AXIS2_PLACEMENT_3D ( 'NONE', #313, #2561, #1474 ) ;
#5838 = ORIENTED_EDGE ( 'NONE', *, *, #6425, .T. ) ;
#5839 = AXIS2_PLACEMENT_3D ( 'NONE', #1542, #7162, #2026 ) ;
#5840 = ADVANCED_FACE ( 'NONE', ( #75 ), #4034, .F. ) ;
#5841 = STYLED_ITEM ( 'NONE', ( #1267 ), #1851 ) ;
#5842 = ORIENTED_EDGE ( 'NONE', *, *, #5292, .T. ) ;
#5843 = PRODUCT_DEFINITION_CONTEXT ( 'detailed design', #2156, 'design' ) ;
#5844 = CARTESIAN_POINT ( 'NONE',  ( -1.729999999999999760, 0.9759778054016120530, -3.267971487849612000 ) ) ;
#5845 = DIRECTION ( 'NONE',  ( 1.000000000000000000, 0.000000000000000000, 0.000000000000000000 ) ) ;
#5846 = AXIS2_PLACEMENT_3D ( 'NONE', #2946, #1830, #2391 ) ;
#5847 = ORIENTED_EDGE ( 'NONE', *, *, #6682, .F. ) ;
#5849 = FILL_AREA_STYLE_COLOUR ( '', #6711 ) ;
#5848 = PLANE ( 'NONE',  #1727 ) ;
#5850 = DIRECTION ( 'NONE',  ( 1.000000000000000000, 0.000000000000000000, 0.000000000000000000 ) ) ;
#5851 = VECTOR ( 'NONE', #3190, 1000.000000000000114 ) ;
#5852 = VERTEX_POINT ( 'NONE', #189 ) ;
#5853 = AXIS2_PLACEMENT_3D ( 'NONE', #1424, #2046, #3626 ) ;
#5854 = PLANE ( 'NONE',  #2067 ) ;
#5855 = DIRECTION ( 'NONE',  ( -1.000000000000000000, -0.000000000000000000, -0.000000000000000000 ) ) ;
#5856 =( NAMED_UNIT ( * ) PLANE_ANGLE_UNIT ( ) SI_UNIT ( $, .RADIAN. ) );
#5857 = CARTESIAN_POINT ( 'NONE',  ( 0.8100000000000003864, 0.000000000000000000, 4.065000000000001279 ) ) ;
#5858 = PRESENTATION_LAYER_ASSIGNMENT (  '', '', ( #1670 ) ) ;
#5859 = PLANE ( 'NONE',  #3210 ) ;
#5860 = EDGE_CURVE ( 'NONE', #6820, #4014, #2971, .T. ) ;
#5861 =( NAMED_UNIT ( * ) SI_UNIT ( $, .STERADIAN. ) SOLID_ANGLE_UNIT ( ) );
#5862 = VERTEX_POINT ( 'NONE', #2874 ) ;
#5863 = CARTESIAN_POINT ( 'NONE',  ( -0.4599999999999996869, 0.8259778054016121418, 3.080165812735383035 ) ) ;
#5864 = ORIENTED_EDGE ( 'NONE', *, *, #614, .F. ) ;
#5865 = DIRECTION ( 'NONE',  ( 1.000000000000000000, 0.000000000000000000, 0.000000000000000000 ) ) ;
#5866 = EDGE_LOOP ( 'NONE', ( #4777, #4250, #149, #953 ) ) ;
#5867 = CARTESIAN_POINT ( 'NONE',  ( 1.550000000000000266, 1.809999999999999609, 0.9000000000000003553 ) ) ;
#5868 = UNCERTAINTY_MEASURE_WITH_UNIT (LENGTH_MEASURE( 1.000000000000000082E-05 ), #4181, 'distance_accuracy_value', 'NONE');
#5869 = ORIENTED_EDGE ( 'NONE', *, *, #5779, .T. ) ;
#5870 = EDGE_LOOP ( 'NONE', ( #4899, #5847, #2975, #603 ) ) ;
#5871 = AXIS2_PLACEMENT_3D ( 'NONE', #5263, #1892, #178 ) ;
#5872 = ADVANCED_FACE ( 'NONE', ( #4703 ), #697, .F. ) ;
#5873 = ORIENTED_EDGE ( 'NONE', *, *, #19, .T. ) ;
#5874 =( LENGTH_UNIT ( ) NAMED_UNIT ( * ) SI_UNIT ( .MILLI., .METRE. ) );
#5875 = SURFACE_SIDE_STYLE ('',( #6388 ) ) ;
#5876 = FACE_OUTER_BOUND ( 'NONE', #6124, .T. ) ;
#5877 = DIRECTION ( 'NONE',  ( 0.000000000000000000, 0.000000000000000000, 1.000000000000000000 ) ) ;
#5878 = EDGE_CURVE ( 'NONE', #873, #7233, #855, .T. ) ;
#5879 = ORIENTED_EDGE ( 'NONE', *, *, #2595, .T. ) ;
#5880 = ORIENTED_EDGE ( 'NONE', *, *, #7027, .F. ) ;
#5881 = VECTOR ( 'NONE', #737, 1000.000000000000114 ) ;
#5882 = VECTOR ( 'NONE', #1205, 1000.000000000000000 ) ;
#5883 = DIRECTION ( 'NONE',  ( 0.000000000000000000, 0.000000000000000000, -1.000000000000000000 ) ) ;
#5884 = DIRECTION ( 'NONE',  ( -0.000000000000000000, 0.000000000000000000, 1.000000000000000000 ) ) ;
#5885 = EDGE_CURVE ( 'NONE', #1132, #1860, #6925, .T. ) ;
#5886 = STYLED_ITEM ( 'NONE', ( #1618 ), #5404 ) ;
#5887 = EDGE_CURVE ( 'NONE', #1105, #3551, #7150, .T. ) ;
#5889 = ORIENTED_EDGE ( 'NONE', *, *, #500, .F. ) ;
#5888 = PRESENTATION_STYLE_ASSIGNMENT (( #3600 ) ) ;
#5890 = CARTESIAN_POINT ( 'NONE',  ( -2.259999999999999787, 1.909999999999999476, -0.09999999999999961697 ) ) ;
#5891 = VERTEX_POINT ( 'NONE', #5350 ) ;
#5892 = DIRECTION ( 'NONE',  ( -1.000000000000000000, -0.000000000000000000, -0.000000000000000000 ) ) ;
#5893 = CARTESIAN_POINT ( 'NONE',  ( 0.8100000000000003864, 0.2299999999999996214, -3.577971487849614274 ) ) ;
#5894 = DIRECTION ( 'NONE',  ( 0.000000000000000000, -0.000000000000000000, -1.000000000000000000 ) ) ;
#5895 = VECTOR ( 'NONE', #6211, 1000.000000000000000 ) ;
#5896 = ADVANCED_FACE ( 'NONE', ( #359, #1940 ), #7039, .F. ) ;
#5897 = PLANE ( 'NONE',  #7028 ) ;
#5898 = FILL_AREA_STYLE_COLOUR ( '', #370 ) ;
#5899 = PRESENTATION_LAYER_ASSIGNMENT (  '', '', ( #321 ) ) ;
#5900 = COLOUR_RGB ( '',0.2509803921568627416, 0.2509803921568627416, 0.2509803921568627416 ) ;
#5901 = DIRECTION ( 'NONE',  ( 0.000000000000000000, -0.000000000000000000, 1.000000000000000000 ) ) ;
#5902 = ORIENTED_EDGE ( 'NONE', *, *, #456, .F. ) ;
#5903 = SURFACE_STYLE_USAGE ( .BOTH. , #4133 ) ;
#5904 = FILL_AREA_STYLE_COLOUR ( '', #4681 ) ;
#5905 = CARTESIAN_POINT ( 'NONE',  ( -1.729999999999999760, 0.000000000000000000, -3.577971487849614274 ) ) ;
#5906 = ORIENTED_EDGE ( 'NONE', *, *, #1571, .F. ) ;
#5907 =( GEOMETRIC_REPRESENTATION_CONTEXT ( 3 ) GLOBAL_UNCERTAINTY_ASSIGNED_CONTEXT ( ( #5010 ) ) GLOBAL_UNIT_ASSIGNED_CONTEXT ( ( #675, #4092, #2860 ) ) REPRESENTATION_CONTEXT ( 'NONE', 'WORKASPACE' ) );
#5908 = PRODUCT_RELATED_PRODUCT_CATEGORY ( 'part', '', ( #3358 ) ) ;
#5909 = PLANE ( 'NONE',  #6904 ) ;
#5910 = ORIENTED_EDGE ( 'NONE', *, *, #4544, .T. ) ;
#5911 = VERTEX_POINT ( 'NONE', #2510 ) ;
#5912 = VECTOR ( 'NONE', #1366, 1000.000000000000000 ) ;
#5913 = DIRECTION ( 'NONE',  ( -0.000000000000000000, -1.000000000000000000, -0.000000000000000000 ) ) ;
#5914 = SURFACE_SIDE_STYLE ('',( #4145 ) ) ;
#5915 = CARTESIAN_POINT ( 'NONE',  ( -0.2899999999999998690, 1.909999999999999476, -0.8999999999999995781 ) ) ;
#5916 = EDGE_CURVE ( 'NONE', #6472, #5455, #2009, .T. ) ;
#5917 = EDGE_LOOP ( 'NONE', ( #6169, #4180, #6114, #2082 ) ) ;
#5918 = AXIS2_PLACEMENT_3D ( 'NONE', #6032, #4227, #3780 ) ;
#5919 = EDGE_LOOP ( 'NONE', ( #1397, #945, #882, #619 ) ) ;
#5920 = ADVANCED_FACE ( 'NONE', ( #3656 ), #1358, .F. ) ;
#5921 = LINE ( 'NONE', #3740, #7171 ) ;
#5922 = SURFACE_STYLE_USAGE ( .BOTH. , #2956 ) ;
#5923 = DIRECTION ( 'NONE',  ( -1.000000000000000000, -0.000000000000000000, -0.000000000000000000 ) ) ;
#5924 = VECTOR ( 'NONE', #6448, 1000.000000000000000 ) ;
#5925 = VECTOR ( 'NONE', #6545, 1000.000000000000000 ) ;
#5927 = FACE_OUTER_BOUND ( 'NONE', #6729, .T. ) ;
#5926 = CARTESIAN_POINT ( 'NONE',  ( 1.449999999999999734, 2.109999999999999432, -1.750000000000000000 ) ) ;
#5928 = DIRECTION ( 'NONE',  ( -1.000000000000000000, -0.000000000000000000, -0.000000000000000000 ) ) ;
#5929 = ADVANCED_FACE ( 'NONE', ( #6017 ), #1456, .F. ) ;
#5930 = AXIS2_PLACEMENT_3D ( 'NONE', #263, #1394, #2911 ) ;
#5931 = CARTESIAN_POINT ( 'NONE',  ( 0.4500000000000002887, 0.9759778054016120530, -3.267971487849612000 ) ) ;
#5932 = CARTESIAN_POINT ( 'NONE',  ( 0.8100000000000003864, 0.9000000000000003553, 3.100000000000000533 ) ) ;
#5933 = CARTESIAN_POINT ( 'NONE',  ( 2.080000000000000071, 0.9000000000000003553, 3.100000000000000533 ) ) ;
#5934 = DIRECTION ( 'NONE',  ( -0.7071067811865479058, 0.000000000000000000, 0.7071067811865471286 ) ) ;
#5935 = EDGE_CURVE ( 'NONE', #4676, #2427, #6606, .T. ) ;
#5936 = LINE ( 'NONE', #831, #3263 ) ;
#5937 = VECTOR ( 'NONE', #5644, 1000.000000000000000 ) ;
#5938 = CARTESIAN_POINT ( 'NONE',  ( 3.100000000000000533, 2.309999999999999609, -2.399999999999999023 ) ) ;
#5939 = ORIENTED_EDGE ( 'NONE', *, *, #4525, .F. ) ;
#5940 = VECTOR ( 'NONE', #3271, 1000.000000000000000 ) ;
#5941 = ORIENTED_EDGE ( 'NONE', *, *, #3889, .T. ) ;
#5942 = ORIENTED_EDGE ( 'NONE', *, *, #3199, .F. ) ;
#5943 = ORIENTED_EDGE ( 'NONE', *, *, #2761, .F. ) ;
#5944 = SURFACE_STYLE_USAGE ( .BOTH. , #4782 ) ;
#5945 = DIRECTION ( 'NONE',  ( -1.000000000000000000, -0.000000000000000000, 0.000000000000000000 ) ) ;
#5946 = VECTOR ( 'NONE', #220, 1000.000000000000000 ) ;
#5947 = CARTESIAN_POINT ( 'NONE',  ( -1.090000000000000080, 2.309999999999999609, 1.750000000000000000 ) ) ;
#5948 = CARTESIAN_POINT ( 'NONE',  ( -2.089999999999999858, 0.9000000000000003553, 3.100000000000000533 ) ) ;
#5949 = ORIENTED_EDGE ( 'NONE', *, *, #3986, .T. ) ;
#5950 = ORIENTED_EDGE ( 'NONE', *, *, #547, .F. ) ;
#5951 = VERTEX_POINT ( 'NONE', #1018 ) ;
#5952 = LINE ( 'NONE', #1980, #6167 ) ;
#5953 = EDGE_CURVE ( 'NONE', #6532, #2131, #6337, .T. ) ;
#5954 = DIRECTION ( 'NONE',  ( 0.000000000000000000, -5.773000053518394898E-16, 1.000000000000000000 ) ) ;
#5955 =( NAMED_UNIT ( * ) SI_UNIT ( $, .STERADIAN. ) SOLID_ANGLE_UNIT ( ) );
#5956 = CARTESIAN_POINT ( 'NONE',  ( -1.560000000000000053, 1.809999999999999609, 0.9000000000000003553 ) ) ;
#5957 = FACE_OUTER_BOUND ( 'NONE', #4824, .T. ) ;
#5958 =( LENGTH_UNIT ( ) NAMED_UNIT ( * ) SI_UNIT ( .MILLI., .METRE. ) );
#5959 = ADVANCED_FACE ( 'NONE', ( #5150 ), #6301, .F. ) ;
#5960 = DIRECTION ( 'NONE',  ( 0.000000000000000000, 0.000000000000000000, -1.000000000000000000 ) ) ;
#5961 = VECTOR ( 'NONE', #2791, 1000.000000000000000 ) ;
#5962 = ADVANCED_FACE ( 'NONE', ( #608 ), #2861, .T. ) ;
#5963 = LINE ( 'NONE', #7131, #3145 ) ;
#5964 = CARTESIAN_POINT ( 'NONE',  ( 2.080000000000000071, 2.350550309948560991E-14, -4.065000000000001279 ) ) ;
#5965 = AXIS2_PLACEMENT_3D ( 'NONE', #1985, #5393, #3221 ) ;
#5966 = LINE ( 'NONE', #4093, #6207 ) ;
#5967 = CARTESIAN_POINT ( 'NONE',  ( 1.720000000000000195, 0.000000000000000000, 0.000000000000000000 ) ) ;
#5968 = EDGE_CURVE ( 'NONE', #2841, #1865, #53, .T. ) ;
#5969 = AXIS2_PLACEMENT_3D ( 'NONE', #4236, #390, #6674 ) ;
#5970 = DIRECTION ( 'NONE',  ( 0.000000000000000000, -1.000000000000000000, 0.000000000000000000 ) ) ;
#5971 = CIRCLE ( 'NONE', #7051, 0.08000000000000020983 ) ;
#5972 = LINE ( 'NONE', #3121, #2193 ) ;
#5973 = SURFACE_SIDE_STYLE ('',( #1448 ) ) ;
#5974 = CIRCLE ( 'NONE', #3099, 0.07999999999999977962 ) ;
#5975 = FILL_AREA_STYLE ('',( #3194 ) ) ;
#5976 = CIRCLE ( 'NONE', #3582, 0.07999999999999977962 ) ;
#5977 = SURFACE_STYLE_USAGE ( .BOTH. , #1419 ) ;
#5978 = DIRECTION ( 'NONE',  ( 0.000000000000000000, 6.091907941747214293E-16, -1.000000000000000000 ) ) ;
#5979 = EDGE_CURVE ( 'NONE', #3993, #5829, #5976, .T. ) ;
#5980 = ORIENTED_EDGE ( 'NONE', *, *, #5878, .F. ) ;
#5981 = FILL_AREA_STYLE ('',( #2604 ) ) ;
#5982 = ORIENTED_EDGE ( 'NONE', *, *, #3889, .F. ) ;
#5983 = ORIENTED_EDGE ( 'NONE', *, *, #3984, .T. ) ;
#5984 = SURFACE_SIDE_STYLE ('',( #2010 ) ) ;
#5985 = DIRECTION ( 'NONE',  ( 0.000000000000000000, 0.000000000000000000, 1.000000000000000000 ) ) ;
#5986 = SURFACE_STYLE_FILL_AREA ( #1533 ) ;
#5987 = ORIENTED_EDGE ( 'NONE', *, *, #7027, .T. ) ;
#5988 = VERTEX_POINT ( 'NONE', #4018 ) ;
#5989 = ORIENTED_EDGE ( 'NONE', *, *, #4347, .F. ) ;
#5990 = CARTESIAN_POINT ( 'NONE',  ( -0.2899999999999998690, 1.809999999999999609, -0.9000000000000000222 ) ) ;
#5991 = LINE ( 'NONE', #5432, #3014 ) ;
#5992 = DIRECTION ( 'NONE',  ( -1.000000000000000000, -0.000000000000000000, -0.000000000000000000 ) ) ;
#5993 = CARTESIAN_POINT ( 'NONE',  ( -1.729999999999999760, 0.1500000000000008271, 3.727162940046487183 ) ) ;
#5994 = CARTESIAN_POINT ( 'NONE',  ( 0.9800000000000002043, 0.000000000000000000, 0.000000000000000000 ) ) ;
#5995 = SURFACE_SIDE_STYLE ('',( #7164 ) ) ;
#5996 = ADVANCED_FACE ( 'NONE', ( #6089 ), #6685, .T. ) ;
#5997 = LINE ( 'NONE', #6482, #1889 ) ;
#5998 = AXIS2_PLACEMENT_3D ( 'NONE', #7339, #1223, #3279 ) ;
#5999 = MECHANICAL_DESIGN_GEOMETRIC_PRESENTATION_REPRESENTATION (  '', ( #5886 ), #4082 ) ;
#6000 = DIRECTION ( 'NONE',  ( -1.000000000000000000, -0.000000000000000000, -0.000000000000000000 ) ) ;
#6001 = CIRCLE ( 'NONE', #3011, 0.2300000000000005929 ) ;
#6002 = CYLINDRICAL_SURFACE ( 'NONE', #6393, 0.07999999999999977962 ) ;
#6003 = FILL_AREA_STYLE ('',( #6527 ) ) ;
#6004 = EDGE_CURVE ( 'NONE', #7046, #181, #3980, .T. ) ;
#6005 = LINE ( 'NONE', #5373, #2622 ) ;
#6006 =( GEOMETRIC_REPRESENTATION_CONTEXT ( 3 ) GLOBAL_UNCERTAINTY_ASSIGNED_CONTEXT ( ( #6582 ) ) GLOBAL_UNIT_ASSIGNED_CONTEXT ( ( #3834, #395, #3284 ) ) REPRESENTATION_CONTEXT ( 'NONE', 'WORKASPACE' ) );
#6007 = AXIS2_PLACEMENT_3D ( 'NONE', #6717, #6790, #3876 ) ;
#6008 =( NAMED_UNIT ( * ) PLANE_ANGLE_UNIT ( ) SI_UNIT ( $, .RADIAN. ) );
#6009 =( LENGTH_UNIT ( ) NAMED_UNIT ( * ) SI_UNIT ( .MILLI., .METRE. ) );
#6010 = PLANE ( 'NONE',  #4375 ) ;
#6011 = ORIENTED_EDGE ( 'NONE', *, *, #5186, .F. ) ;
#6012 = VECTOR ( 'NONE', #2234, 1000.000000000000000 ) ;
#6013 = PRESENTATION_LAYER_ASSIGNMENT (  '', '', ( #2557 ) ) ;
#6014 = FACE_OUTER_BOUND ( 'NONE', #1255, .T. ) ;
#6015 = EDGE_CURVE ( 'NONE', #1453, #1141, #7228, .T. ) ;
#6016 = VERTEX_POINT ( 'NONE', #2689 ) ;
#6017 = FACE_OUTER_BOUND ( 'NONE', #7352, .T. ) ;
#6018 = CARTESIAN_POINT ( 'NONE',  ( -0.4599999999999996869, 0.1500000000000009381, -3.577971487849614274 ) ) ;
#6019 = CARTESIAN_POINT ( 'NONE',  ( -1.729999999999999760, 0.7459778054016127369, -3.267971487849611556 ) ) ;
#6020 = PLANE ( 'NONE',  #6232 ) ;
#6021 = ORIENTED_EDGE ( 'NONE', *, *, #4311, .T. ) ;
#6022 = VERTEX_POINT ( 'NONE', #4358 ) ;
#6023 =( GEOMETRIC_REPRESENTATION_CONTEXT ( 3 ) GLOBAL_UNCERTAINTY_ASSIGNED_CONTEXT ( ( #4464 ) ) GLOBAL_UNIT_ASSIGNED_CONTEXT ( ( #5172, #1152, #561 ) ) REPRESENTATION_CONTEXT ( 'NONE', 'WORKASPACE' ) );
#6024 = EDGE_CURVE ( 'NONE', #5323, #6078, #2830, .T. ) ;
#6025 = ORIENTED_EDGE ( 'NONE', *, *, #907, .F. ) ;
#6026 = DIRECTION ( 'NONE',  ( -1.000000000000000000, 0.000000000000000000, 0.000000000000000000 ) ) ;
#6027 = EDGE_LOOP ( 'NONE', ( #3701, #303, #759, #559, #1975, #7112, #5798, #3257, #2315, #5171, #5627, #2469, #5757 ) ) ;
#6028 = CARTESIAN_POINT ( 'NONE',  ( 1.720000000000000195, 0.9000000000000003553, 3.100000000000000533 ) ) ;
#6029 = PRESENTATION_STYLE_ASSIGNMENT (( #2135 ) ) ;
#6030 = DIRECTION ( 'NONE',  ( 0.000000000000000000, 0.000000000000000000, -1.000000000000000000 ) ) ;
#6031 = SURFACE_STYLE_USAGE ( .BOTH. , #2027 ) ;
#6033 = CARTESIAN_POINT ( 'NONE',  ( 2.349999999999999645, 2.309999999999999609, 1.750000000000000000 ) ) ;
#6032 = CARTESIAN_POINT ( 'NONE',  ( -0.2899999999999998690, 1.809999999999999609, 0.9000000000000000222 ) ) ;
#6034 = LINE ( 'NONE', #7169, #4099 ) ;
#6035 = CARTESIAN_POINT ( 'NONE',  ( -1.729999999999999760, 0.7459778054016127369, -3.267971487849611556 ) ) ;
#6036 = VERTEX_POINT ( 'NONE', #7266 ) ;
#6037 = DIRECTION ( 'NONE',  ( 0.000000000000000000, -2.226157494760227923E-16, -1.000000000000000000 ) ) ;
#6038 = DIRECTION ( 'NONE',  ( -0.000000000000000000, -0.000000000000000000, -1.000000000000000000 ) ) ;
#6039 =( GEOMETRIC_REPRESENTATION_CONTEXT ( 3 ) GLOBAL_UNCERTAINTY_ASSIGNED_CONTEXT ( ( #6725 ) ) GLOBAL_UNIT_ASSIGNED_CONTEXT ( ( #190, #3592, #2991 ) ) REPRESENTATION_CONTEXT ( 'NONE', 'WORKASPACE' ) );
#6040 =( NAMED_UNIT ( * ) SI_UNIT ( $, .STERADIAN. ) SOLID_ANGLE_UNIT ( ) );
#6041 = CARTESIAN_POINT ( 'NONE',  ( -1.729999999999999760, 0.2300000000000000655, 3.727162940046486739 ) ) ;
#6042 = ADVANCED_FACE ( 'NONE', ( #1164 ), #6647, .F. ) ;
#6043 = AXIS2_PLACEMENT_3D ( 'NONE', #5405, #4802, #6486 ) ;
#6044 = PRESENTATION_STYLE_ASSIGNMENT (( #832 ) ) ;
#6045 = ORIENTED_EDGE ( 'NONE', *, *, #5117, .F. ) ;
#6046 = PRESENTATION_STYLE_ASSIGNMENT (( #3282 ) ) ;
#6047 = EDGE_CURVE ( 'NONE', #2869, #1150, #4571, .T. ) ;
#6048 = VECTOR ( 'NONE', #6427, 1000.000000000000000 ) ;
#6049 = SURFACE_STYLE_FILL_AREA ( #6645 ) ;
#6050 = ORIENTED_EDGE ( 'NONE', *, *, #7213, .F. ) ;
#6051 =( NAMED_UNIT ( * ) PLANE_ANGLE_UNIT ( ) SI_UNIT ( $, .RADIAN. ) );
#6052 = DIRECTION ( 'NONE',  ( 0.000000000000000000, -0.000000000000000000, -1.000000000000000000 ) ) ;
#6053 = LINE ( 'NONE', #842, #6129 ) ;
#6054 = CARTESIAN_POINT ( 'NONE',  ( 1.080000000000000293, 2.109999999999999432, 1.750000000000000000 ) ) ;
#6055 =( GEOMETRIC_REPRESENTATION_CONTEXT ( 3 ) GLOBAL_UNCERTAINTY_ASSIGNED_CONTEXT ( ( #4330 ) ) GLOBAL_UNIT_ASSIGNED_CONTEXT ( ( #4613, #2500, #103 ) ) REPRESENTATION_CONTEXT ( 'NONE', 'WORKASPACE' ) );
#6056 = ORIENTED_EDGE ( 'NONE', *, *, #614, .T. ) ;
#6057 = EDGE_CURVE ( 'NONE', #6532, #496, #4969, .T. ) ;
#6058 = EDGE_LOOP ( 'NONE', ( #3029, #2383, #6646, #3846 ) ) ;
#6059 = VECTOR ( 'NONE', #7061, 1000.000000000000000 ) ;
#6060 = ORIENTED_EDGE ( 'NONE', *, *, #1836, .F. ) ;
#6061 = CARTESIAN_POINT ( 'NONE',  ( -2.089999999999999858, 0.2299999999999996214, -3.577971487849614274 ) ) ;
#6062 = ORIENTED_EDGE ( 'NONE', *, *, #4525, .T. ) ;
#6063 = FILL_AREA_STYLE_COLOUR ( '', #1393 ) ;
#6064 = LINE ( 'NONE', #5993, #4044 ) ;
#6065 = FILL_AREA_STYLE ('',( #7242 ) ) ;
#6066 = UNCERTAINTY_MEASURE_WITH_UNIT (LENGTH_MEASURE( 1.000000000000000082E-05 ), #3234, 'distance_accuracy_value', 'NONE');
#6067 = DIRECTION ( 'NONE',  ( -0.000000000000000000, -1.000000000000000000, -0.000000000000000000 ) ) ;
#6068 = EDGE_CURVE ( 'NONE', #4611, #6897, #1773, .T. ) ;
#6069 = FILL_AREA_STYLE ('',( #278 ) ) ;
#6070 = DIRECTION ( 'NONE',  ( 0.000000000000000000, 0.000000000000000000, 1.000000000000000000 ) ) ;
#6071 = SURFACE_STYLE_FILL_AREA ( #7249 ) ;
#6072 = DIRECTION ( 'NONE',  ( 1.000000000000000000, 0.000000000000000000, 0.000000000000000000 ) ) ;
#6073 = FILL_AREA_STYLE_COLOUR ( '', #3314 ) ;
#6074 = DIRECTION ( 'NONE',  ( -1.000000000000000000, -0.000000000000000000, -0.000000000000000000 ) ) ;
#6075 = MECHANICAL_DESIGN_GEOMETRIC_PRESENTATION_REPRESENTATION (  '', ( #3200 ), #135 ) ;
#6076 = LINE ( 'NONE', #972, #2515 ) ;
#6077 = VECTOR ( 'NONE', #6775, 1000.000000000000000 ) ;
#6078 = VERTEX_POINT ( 'NONE', #3802 ) ;
#6079 = VECTOR ( 'NONE', #6146, 1000.000000000000000 ) ;
#6080 = DIRECTION ( 'NONE',  ( 0.000000000000000000, 1.000000000000000000, 5.782411586589326479E-15 ) ) ;
#6081 = FACE_OUTER_BOUND ( 'NONE', #1281, .T. ) ;
#6082 = VECTOR ( 'NONE', #646, 1000.000000000000000 ) ;
#6083 = FILL_AREA_STYLE_COLOUR ( '', #1936 ) ;
#6084 = VECTOR ( 'NONE', #5613, 1000.000000000000000 ) ;
#6085 = ORIENTED_EDGE ( 'NONE', *, *, #3958, .F. ) ;
#6086 = ADVANCED_FACE ( 'NONE', ( #3500 ), #982, .F. ) ;
#6087 = AXIS2_PLACEMENT_3D ( 'NONE', #6113, #3788, #7138 ) ;
#6088 = EDGE_LOOP ( 'NONE', ( #7071, #6947, #116, #3957 ) ) ;
#6089 = FACE_OUTER_BOUND ( 'NONE', #6027, .T. ) ;
#6090 =( NAMED_UNIT ( * ) PLANE_ANGLE_UNIT ( ) SI_UNIT ( $, .RADIAN. ) );
#6091 = CARTESIAN_POINT ( 'NONE',  ( 0.8100000000000003864, 0.000000000000000000, -3.577971487849614274 ) ) ;
#6092 = LINE ( 'NONE', #439, #5763 ) ;
#6093 = EDGE_LOOP ( 'NONE', ( #1315, #3212, #1946, #2762 ) ) ;
#6094 = ADVANCED_FACE ( 'NONE', ( #2966 ), #3049, .T. ) ;
#6095 = ORIENTED_EDGE ( 'NONE', *, *, #6341, .F. ) ;
#6096 = VERTEX_POINT ( 'NONE', #170 ) ;
#6097 = SURFACE_STYLE_USAGE ( .BOTH. , #2096 ) ;
#6098 = EDGE_LOOP ( 'NONE', ( #6491, #2283, #1569, #6021 ) ) ;
#6099 = DIRECTION ( 'NONE',  ( 0.000000000000000000, -1.000000000000000000, 0.000000000000000000 ) ) ;
#6100 = LINE ( 'NONE', #3852, #4237 ) ;
#6101 = ADVANCED_FACE ( 'NONE', ( #4800 ), #4129, .F. ) ;
#6102 = CARTESIAN_POINT ( 'NONE',  ( -0.9899999999999997691, 1.809999999999999609, 0.9000000000000000222 ) ) ;
#6103 = LINE ( 'NONE', #448, #1687 ) ;
#6105 = CARTESIAN_POINT ( 'NONE',  ( 0.4500000000000002887, 0.9759778054016126081, 3.089997332157669252 ) ) ;
#6104 = LINE ( 'NONE', #5543, #2691 ) ;
#6106 = ADVANCED_FACE ( 'NONE', ( #6407 ), #1303, .T. ) ;
#6107 = CARTESIAN_POINT ( 'NONE',  ( -0.9899999999999997691, 1.809999999999999387, -0.8999999999999995781 ) ) ;
#6108 = EDGE_CURVE ( 'NONE', #4469, #2554, #7059, .T. ) ;
#6109 = DIRECTION ( 'NONE',  ( 0.000000000000000000, 0.000000000000000000, -1.000000000000000000 ) ) ;
#6110 = CARTESIAN_POINT ( 'NONE',  ( -2.259999999999999787, 1.909999999999999476, -0.8999999999999995781 ) ) ;
#6111 = DIRECTION ( 'NONE',  ( -0.000000000000000000, 0.2588190451025250693, 0.9659258262890672020 ) ) ;
#6112 = MECHANICAL_DESIGN_GEOMETRIC_PRESENTATION_REPRESENTATION (  '', ( #1927 ), #7330 ) ;
#6113 = CARTESIAN_POINT ( 'NONE',  ( 0.8100000000000003864, 0.2299999999999996214, -3.577971487849614274 ) ) ;
#6114 = ORIENTED_EDGE ( 'NONE', *, *, #1992, .T. ) ;
#6115 = CARTESIAN_POINT ( 'NONE',  ( 3.100000000000000533, 2.309999999999999609, -2.399999999999999023 ) ) ;
#6116 = EDGE_CURVE ( 'NONE', #4426, #7093, #3641, .T. ) ;
#6117 = VECTOR ( 'NONE', #7116, 1000.000000000000000 ) ;
#6118 = STYLED_ITEM ( 'NONE', ( #5634 ), #6204 ) ;
#6119 = DIRECTION ( 'NONE',  ( 1.000000000000000000, 0.000000000000000000, 0.000000000000000000 ) ) ;
#6120 = MECHANICAL_DESIGN_GEOMETRIC_PRESENTATION_REPRESENTATION (  '', ( #528 ), #5285 ) ;
#6121 = DIRECTION ( 'NONE',  ( 0.000000000000000000, -0.000000000000000000, 1.000000000000000000 ) ) ;
#6122 = PRODUCT_DEFINITION_FORMATION_WITH_SPECIFIED_SOURCE ( 'ANY', '', #3358, .NOT_KNOWN. ) ;
#6123 =( NAMED_UNIT ( * ) SI_UNIT ( $, .STERADIAN. ) SOLID_ANGLE_UNIT ( ) );
#6124 = EDGE_LOOP ( 'NONE', ( #2167, #6507, #7314, #3813 ) ) ;
#6125 = FILL_AREA_STYLE_COLOUR ( '', #7177 ) ;
#6126 = DIRECTION ( 'NONE',  ( -0.000000000000000000, -0.000000000000000000, -1.000000000000000000 ) ) ;
#6127 = CARTESIAN_POINT ( 'NONE',  ( -1.729999999999999760, 0.000000000000000000, -4.065000000000001279 ) ) ;
#6128 = LINE ( 'NONE', #6054, #2784 ) ;
#6129 = VECTOR ( 'NONE', #948, 1000.000000000000000 ) ;
#6130 = ORIENTED_EDGE ( 'NONE', *, *, #4448, .T. ) ;
#6131 = VECTOR ( 'NONE', #4722, 1000.000000000000000 ) ;
#6132 = ORIENTED_EDGE ( 'NONE', *, *, #1127, .T. ) ;
#6133 = CIRCLE ( 'NONE', #6832, 0.2300000000000010369 ) ;
#6134 = ORIENTED_EDGE ( 'NONE', *, *, #1302, .T. ) ;
#6135 = CARTESIAN_POINT ( 'NONE',  ( -1.560000000000000053, 1.809999999999999609, 0.9000000000000003553 ) ) ;
#6136 = VERTEX_POINT ( 'NONE', #1960 ) ;
#6137 = LINE ( 'NONE', #6695, #3344 ) ;
#6138 = CARTESIAN_POINT ( 'NONE',  ( 2.080000000000000071, 0.2300000000000000655, 3.727162940046486739 ) ) ;
#6139 = EDGE_CURVE ( 'NONE', #1860, #4465, #6524, .T. ) ;
#6140 = SURFACE_STYLE_FILL_AREA ( #6065 ) ;
#6142 = LINE ( 'NONE', #3302, #1082 ) ;
#6141 = LINE ( 'NONE', #6664, #3076 ) ;
#6143 = VERTEX_POINT ( 'NONE', #3676 ) ;
#6144 = FACE_OUTER_BOUND ( 'NONE', #72, .T. ) ;
#6145 = PLANE ( 'NONE',  #1718 ) ;
#6146 = DIRECTION ( 'NONE',  ( -1.000000000000000000, 0.000000000000000000, 0.000000000000000000 ) ) ;
#6147 = PLANE ( 'NONE',  #6177 ) ;
#6148 = CARTESIAN_POINT ( 'NONE',  ( 1.720000000000000195, 0.8259778054016116977, -3.267971487849612000 ) ) ;
#6149 =( NAMED_UNIT ( * ) SI_UNIT ( $, .STERADIAN. ) SOLID_ANGLE_UNIT ( ) );
#6150 = EDGE_CURVE ( 'NONE', #1102, #6684, #5966, .T. ) ;
#6151 = ORIENTED_EDGE ( 'NONE', *, *, #4347, .T. ) ;
#6152 = COLOUR_RGB ( '',1.000000000000000000, 1.000000000000000000, 1.000000000000000000 ) ;
#6153 = CARTESIAN_POINT ( 'NONE',  ( 2.250000000000000444, 2.109999999999999432, 0.9000000000000000222 ) ) ;
#6154 = DIRECTION ( 'NONE',  ( 0.000000000000000000, 0.000000000000000000, -1.000000000000000000 ) ) ;
#6155 =( LENGTH_UNIT ( ) NAMED_UNIT ( * ) SI_UNIT ( .MILLI., .METRE. ) );
#6156 = DIRECTION ( 'NONE',  ( 0.000000000000000000, -0.9659258262890670910, 0.2588190451025251804 ) ) ;
#6157 = AXIS2_PLACEMENT_3D ( 'NONE', #7326, #7284, #2631 ) ;
#6158 = VECTOR ( 'NONE', #5689, 1000.000000000000000 ) ;
#6159 = CARTESIAN_POINT ( 'NONE',  ( -1.729999999999999760, 0.4165028980787994772, -3.163653601044189134 ) ) ;
#6160 = EDGE_CURVE ( 'NONE', #5107, #3739, #5217, .T. ) ;
#6161 = EDGE_LOOP ( 'NONE', ( #3514, #2826, #847, #3295 ) ) ;
#6162 = VECTOR ( 'NONE', #2547, 1000.000000000000000 ) ;
#6163 = LINE ( 'NONE', #6274, #4659 ) ;
#6164 = DIRECTION ( 'NONE',  ( 2.409338161078898687E-16, 0.000000000000000000, 1.000000000000000000 ) ) ;
#6165 = ORIENTED_EDGE ( 'NONE', *, *, #1415, .T. ) ;
#6166 = VERTEX_POINT ( 'NONE', #716 ) ;
#6167 = VECTOR ( 'NONE', #5430, 1000.000000000000000 ) ;
#6168 = VERTEX_POINT ( 'NONE', #3785 ) ;
#6169 = ORIENTED_EDGE ( 'NONE', *, *, #2314, .F. ) ;
#6170 = DIRECTION ( 'NONE',  ( -1.000000000000000000, 0.000000000000000000, 0.000000000000000000 ) ) ;
#6171 = CARTESIAN_POINT ( 'NONE',  ( 0.8100000000000003864, 0.9759778054016101656, 5.945566943695085866E-16 ) ) ;
#6172 = DIRECTION ( 'NONE',  ( 0.000000000000000000, -1.694065894508596142E-15, 1.000000000000000000 ) ) ;
#6173 = CARTESIAN_POINT ( 'NONE',  ( -0.8199999999999997291, 0.7459778054016127369, -3.347971487849612959 ) ) ;
#6175 = LINE ( 'NONE', #3894, #4756 ) ;
#6174 = PLANE ( 'NONE',  #1033 ) ;
#6176 = ORIENTED_EDGE ( 'NONE', *, *, #740, .F. ) ;
#6177 = AXIS2_PLACEMENT_3D ( 'NONE', #6782, #5068, #1588 ) ;
#6178 = UNCERTAINTY_MEASURE_WITH_UNIT (LENGTH_MEASURE( 1.000000000000000082E-05 ), #2726, 'distance_accuracy_value', 'NONE');
#6179 = ADVANCED_FACE ( 'NONE', ( #968 ), #2108, .T. ) ;
#6180 = SURFACE_STYLE_FILL_AREA ( #1584 ) ;
#6181 = FACE_OUTER_BOUND ( 'NONE', #5444, .T. ) ;
#6182 = VECTOR ( 'NONE', #1454, 1000.000000000000000 ) ;
#6183 = EDGE_CURVE ( 'NONE', #1318, #6935, #5437, .T. ) ;
#6184 = LINE ( 'NONE', #5704, #7055 ) ;
#6185 = VERTEX_POINT ( 'NONE', #2671 ) ;
#6186 = EDGE_CURVE ( 'NONE', #239, #6272, #3186, .T. ) ;
#6187 = CARTESIAN_POINT ( 'NONE',  ( 0.4500000000000002887, 0.7459778054016127369, -3.267971487849611556 ) ) ;
#6188 = PRESENTATION_LAYER_ASSIGNMENT (  '', '', ( #2006 ) ) ;
#6189 = EDGE_CURVE ( 'NONE', #1606, #128, #4837, .T. ) ;
#6190 = DIRECTION ( 'NONE',  ( 0.000000000000000000, -0.000000000000000000, -1.000000000000000000 ) ) ;
#6191 = LINE ( 'NONE', #6269, #4048 ) ;
#6192 = AXIS2_PLACEMENT_3D ( 'NONE', #6187, #5480, #5630 ) ;
#6193 = PLANE ( 'NONE',  #4439 ) ;
#6194 = VECTOR ( 'NONE', #3901, 1000.000000000000000 ) ;
#6195 = EDGE_LOOP ( 'NONE', ( #7157, #3203, #845, #2509, #6224, #106 ) ) ;
#6196 = DIRECTION ( 'NONE',  ( -1.000000000000000000, 0.000000000000000000, 0.000000000000000000 ) ) ;
#6197 = AXIS2_PLACEMENT_3D ( 'NONE', #7392, #1108, #6737 ) ;
#6198 = ADVANCED_FACE ( 'NONE', ( #3712 ), #7251, .T. ) ;
#6199 = UNCERTAINTY_MEASURE_WITH_UNIT (LENGTH_MEASURE( 1.000000000000000082E-05 ), #4291, 'distance_accuracy_value', 'NONE');
#6200 =( LENGTH_UNIT ( ) NAMED_UNIT ( * ) SI_UNIT ( .MILLI., .METRE. ) );
#6201 =( NAMED_UNIT ( * ) SI_UNIT ( $, .STERADIAN. ) SOLID_ANGLE_UNIT ( ) );
#6202 = ORIENTED_EDGE ( 'NONE', *, *, #6333, .F. ) ;
#6203 = ORIENTED_EDGE ( 'NONE', *, *, #2334, .F. ) ;
#6204 = ADVANCED_BREP_SHAPE_REPRESENTATION ( '', ( #7374, #4910, #38, #2389, #7333, #4988, #4577, #11, #2123, #4975, #4823, #4809, #5000, #4199 ), #60 ) ;
#6205 = VECTOR ( 'NONE', #1852, 1000.000000000000000 ) ;
#6206 = ORIENTED_EDGE ( 'NONE', *, *, #2401, .T. ) ;
#6207 = VECTOR ( 'NONE', #5817, 1000.000000000000000 ) ;
#6208 = ORIENTED_EDGE ( 'NONE', *, *, #7395, .F. ) ;
#6209 = CARTESIAN_POINT ( 'NONE',  ( -2.259999999999999787, 2.310000000000000053, 0.9000000000000003553 ) ) ;
#6210 = CARTESIAN_POINT ( 'NONE',  ( -1.560000000000000053, 2.109999999999999432, 0.9000000000000000222 ) ) ;
#6211 = DIRECTION ( 'NONE',  ( 0.000000000000000000, 0.000000000000000000, -1.000000000000000000 ) ) ;
#6212 = LINE ( 'NONE', #2245, #4666 ) ;
#6213 = MECHANICAL_DESIGN_GEOMETRIC_PRESENTATION_REPRESENTATION (  '', ( #1670 ), #3588 ) ;
#6214 = CARTESIAN_POINT ( 'NONE',  ( -0.4599999999999996869, 0.9000000000000003553, 3.100000000000000533 ) ) ;
#6215 = ORIENTED_EDGE ( 'NONE', *, *, #1378, .T. ) ;
#6216 =( NAMED_UNIT ( * ) SI_UNIT ( $, .STERADIAN. ) SOLID_ANGLE_UNIT ( ) );
#6217 = SURFACE_STYLE_USAGE ( .BOTH. , #3968 ) ;
#6218 =( NAMED_UNIT ( * ) SI_UNIT ( $, .STERADIAN. ) SOLID_ANGLE_UNIT ( ) );
#6219 = EDGE_CURVE ( 'NONE', #2270, #1017, #317, .T. ) ;
#6220 = DIRECTION ( 'NONE',  ( -0.000000000000000000, 0.000000000000000000, -1.000000000000000000 ) ) ;
#6222 = ORIENTED_EDGE ( 'NONE', *, *, #4309, .T. ) ;
#6221 = LINE ( 'NONE', #1078, #1777 ) ;
#6223 = DIRECTION ( 'NONE',  ( 0.000000000000000000, -0.000000000000000000, 1.000000000000000000 ) ) ;
#6224 = ORIENTED_EDGE ( 'NONE', *, *, #2912, .F. ) ;
#6225 = VECTOR ( 'NONE', #2152, 1000.000000000000114 ) ;
#6226 = DIRECTION ( 'NONE',  ( -0.000000000000000000, -1.000000000000000000, -0.000000000000000000 ) ) ;
#6227 = DIRECTION ( 'NONE',  ( -0.000000000000000000, 1.204669080539449344E-16, 1.000000000000000000 ) ) ;
#6228 = VECTOR ( 'NONE', #4081, 999.9999999999998863 ) ;
#6229 = EDGE_CURVE ( 'NONE', #3859, #6185, #2148, .T. ) ;
#6230 = VECTOR ( 'NONE', #5812, 1000.000000000000000 ) ;
#6231 = LINE ( 'NONE', #3878, #1901 ) ;
#6232 = AXIS2_PLACEMENT_3D ( 'NONE', #985, #4361, #1459 ) ;
#6233 = PLANE ( 'NONE',  #1249 ) ;
#6234 = ORIENTED_EDGE ( 'NONE', *, *, #5887, .T. ) ;
#6235 = VECTOR ( 'NONE', #3071, 999.9999999999998863 ) ;
#6236 = DIRECTION ( 'NONE',  ( -0.000000000000000000, -0.000000000000000000, 1.000000000000000000 ) ) ;
#6237 =( NAMED_UNIT ( * ) SI_UNIT ( $, .STERADIAN. ) SOLID_ANGLE_UNIT ( ) );
#6238 = CARTESIAN_POINT ( 'NONE',  ( 1.449999999999999734, 2.109999999999999432, 1.750000000000000000 ) ) ;
#6239 = ORIENTED_EDGE ( 'NONE', *, *, #5041, .F. ) ;
#6240 = ORIENTED_EDGE ( 'NONE', *, *, #1816, .T. ) ;
#6241 = VECTOR ( 'NONE', #7349, 1000.000000000000000 ) ;
#6242 = VECTOR ( 'NONE', #2001, 1000.000000000000000 ) ;
#6243 = UNCERTAINTY_MEASURE_WITH_UNIT (LENGTH_MEASURE( 1.000000000000000082E-05 ), #1438, 'distance_accuracy_value', 'NONE');
#6244 = VERTEX_POINT ( 'NONE', #7285 ) ;
#6245 = EDGE_CURVE ( 'NONE', #1606, #5300, #386, .T. ) ;
#6246 = ORIENTED_EDGE ( 'NONE', *, *, #6508, .F. ) ;
#6247 = CARTESIAN_POINT ( 'NONE',  ( -1.729999999999999760, 0.9759778054016101656, 5.945566943695085866E-16 ) ) ;
#6248 = FACE_OUTER_BOUND ( 'NONE', #1714, .T. ) ;
#6249 = DIRECTION ( 'NONE',  ( 1.000000000000000000, 0.000000000000000000, 0.000000000000000000 ) ) ;
#6250 = LINE ( 'NONE', #516, #4097 ) ;
#6251 = CARTESIAN_POINT ( 'NONE',  ( -2.089999999999999858, 0.000000000000000000, -4.065000000000001279 ) ) ;
#6252 = CIRCLE ( 'NONE', #6978, 0.2300000000000001765 ) ;
#6253 = CYLINDRICAL_SURFACE ( 'NONE', #1199, 0.2300000000000005929 ) ;
#6254 = ORIENTED_EDGE ( 'NONE', *, *, #327, .F. ) ;
#6255 = CIRCLE ( 'NONE', #431, 0.08000000000000020983 ) ;
#6256 = EDGE_CURVE ( 'NONE', #3439, #5303, #4338, .T. ) ;
#6257 = CARTESIAN_POINT ( 'NONE',  ( -1.729999999999999760, 0.9759778054016101656, 5.945566943695085866E-16 ) ) ;
#6258 = FACE_OUTER_BOUND ( 'NONE', #5019, .T. ) ;
#6259 = SURFACE_STYLE_USAGE ( .BOTH. , #5700 ) ;
#6261 = ORIENTED_EDGE ( 'NONE', *, *, #1452, .F. ) ;
#6260 = CARTESIAN_POINT ( 'NONE',  ( 2.349138884988649867, 0.5136714764747256634, -3.150861115011350133 ) ) ;
#6262 = LINE ( 'NONE', #7331, #1908 ) ;
#6263 = ORIENTED_EDGE ( 'NONE', *, *, #3822, .F. ) ;
#6264 = UNCERTAINTY_MEASURE_WITH_UNIT (LENGTH_MEASURE( 1.000000000000000082E-05 ), #3342, 'distance_accuracy_value', 'NONE');
#6265 = AXIS2_PLACEMENT_3D ( 'NONE', #3420, #4561, #6894 ) ;
#6266 = LINE ( 'NONE', #5671, #2015 ) ;
#6267 = DIRECTION ( 'NONE',  ( 0.000000000000000000, -5.782411586589326479E-15, -1.000000000000000000 ) ) ;
#6268 = LINE ( 'NONE', #7340, #7140 ) ;
#6269 = CARTESIAN_POINT ( 'NONE',  ( -0.4599999999999996869, 0.1500000000000008271, 4.065000000000000391 ) ) ;
#6270 = EDGE_CURVE ( 'NONE', #7227, #1937, #2033, .T. ) ;
#6271 = PRESENTATION_STYLE_ASSIGNMENT (( #2269 ) ) ;
#6272 = VERTEX_POINT ( 'NONE', #3821 ) ;
#6273 = VECTOR ( 'NONE', #207, 1000.000000000000000 ) ;
#6274 = CARTESIAN_POINT ( 'NONE',  ( -1.560000000000000053, 1.809999999999999609, -0.9000000000000000222 ) ) ;
#6275 = STYLED_ITEM ( 'NONE', ( #6466 ), #2486 ) ;
#6276 = DIRECTION ( 'NONE',  ( 0.000000000000000000, 0.000000000000000000, 1.000000000000000000 ) ) ;
#6277 = VERTEX_POINT ( 'NONE', #454 ) ;
#6278 = CARTESIAN_POINT ( 'NONE',  ( -1.729999999999999760, 0.8259778054016121418, 3.080165812735383035 ) ) ;
#6279 = ORIENTED_EDGE ( 'NONE', *, *, #1752, .F. ) ;
#6280 = EDGE_CURVE ( 'NONE', #6730, #6403, #1792, .T. ) ;
#6281 = ORIENTED_EDGE ( 'NONE', *, *, #1214, .F. ) ;
#6282 = VECTOR ( 'NONE', #5678, 1000.000000000000000 ) ;
#6283 = ORIENTED_EDGE ( 'NONE', *, *, #2857, .T. ) ;
#6284 = DIRECTION ( 'NONE',  ( -0.000000000000000000, 1.204669080539449344E-16, 1.000000000000000000 ) ) ;
#6285 = CARTESIAN_POINT ( 'NONE',  ( 0.1800000000000000488, 2.109999999999999432, 1.750000000000000000 ) ) ;
#6286 = CARTESIAN_POINT ( 'NONE',  ( -0.9899999999999997691, 1.909999999999999476, -0.8999999999999995781 ) ) ;
#6287 = DIRECTION ( 'NONE',  ( -1.000000000000000000, -0.000000000000000000, -0.000000000000000000 ) ) ;
#6288 = MECHANICAL_DESIGN_GEOMETRIC_PRESENTATION_REPRESENTATION (  '', ( #2584 ), #348 ) ;
#6289 = EDGE_CURVE ( 'NONE', #6096, #344, #743, .T. ) ;
#6290 = ORIENTED_EDGE ( 'NONE', *, *, #1285, .T. ) ;
#6291 = SURFACE_STYLE_USAGE ( .BOTH. , #1074 ) ;
#6292 = SURFACE_STYLE_FILL_AREA ( #5141 ) ;
#6293 = ADVANCED_FACE ( 'NONE', ( #1006 ), #6590, .F. ) ;
#6294 = ORIENTED_EDGE ( 'NONE', *, *, #6160, .F. ) ;
#6295 = ORIENTED_EDGE ( 'NONE', *, *, #564, .F. ) ;
#6296 = VECTOR ( 'NONE', #2122, 1000.000000000000000 ) ;
#6297 = CARTESIAN_POINT ( 'NONE',  ( -2.089999999999999858, 0.8259778054016116977, -3.267971487849612000 ) ) ;
#6298 = ORIENTED_EDGE ( 'NONE', *, *, #4355, .T. ) ;
#6299 = CARTESIAN_POINT ( 'NONE',  ( 3.100000000000000089, 0.4165028980788046953, -3.163653601044189578 ) ) ;
#6300 = VECTOR ( 'NONE', #292, 1000.000000000000000 ) ;
#6301 = PLANE ( 'NONE',  #1439 ) ;
#6302 = FILL_AREA_STYLE_COLOUR ( '', #3902 ) ;
#6303 = FILL_AREA_STYLE_COLOUR ( '', #5730 ) ;
#6304 = DIRECTION ( 'NONE',  ( 1.000000000000000000, 0.000000000000000000, 0.000000000000000000 ) ) ;
#6305 = ORIENTED_EDGE ( 'NONE', *, *, #6640, .T. ) ;
#6306 = DIRECTION ( 'NONE',  ( -1.000000000000000000, -0.000000000000000000, -0.000000000000000000 ) ) ;
#6307 = LINE ( 'NONE', #4239, #6242 ) ;
#6308 = ORIENTED_EDGE ( 'NONE', *, *, #6802, .T. ) ;
#6309 = EDGE_CURVE ( 'NONE', #7045, #582, #2324, .T. ) ;
#6310 = FACE_OUTER_BOUND ( 'NONE', #5162, .T. ) ;
#6311 = COLOUR_RGB ( '',0.2509803921568627416, 0.2509803921568627416, 0.2509803921568627416 ) ;
#6312 = ORIENTED_EDGE ( 'NONE', *, *, #1133, .F. ) ;
#6313 = AXIS2_PLACEMENT_3D ( 'NONE', #5506, #413, #3265 ) ;
#6314 = MECHANICAL_DESIGN_GEOMETRIC_PRESENTATION_REPRESENTATION (  '', ( #1311 ), #1201 ) ;
#6315 = VERTEX_POINT ( 'NONE', #1153 ) ;
#6316 = DIRECTION ( 'NONE',  ( 0.000000000000000000, -1.000000000000000000, 5.782411586589324901E-15 ) ) ;
#6317 = CARTESIAN_POINT ( 'NONE',  ( -0.9900000000000002132, 1.809999999999999609, -0.9000000000000000222 ) ) ;
#6318 = FACE_OUTER_BOUND ( 'NONE', #2607, .T. ) ;
#6319 = CARTESIAN_POINT ( 'NONE',  ( 2.250000000000000444, 2.310000000000000053, -0.09999999999999961697 ) ) ;
#6320 = STYLED_ITEM ( 'NONE', ( #3796 ), #723 ) ;
#6321 = EDGE_CURVE ( 'NONE', #3886, #2793, #2251, .T. ) ;
#6322 = ORIENTED_EDGE ( 'NONE', *, *, #1302, .F. ) ;
#6323 = VECTOR ( 'NONE', #4566, 1000.000000000000000 ) ;
#6324 = DIRECTION ( 'NONE',  ( 1.000000000000000000, 0.000000000000000000, 0.000000000000000000 ) ) ;
#6325 = DIRECTION ( 'NONE',  ( -0.000000000000000000, 8.405029527513197557E-16, 1.000000000000000000 ) ) ;
#6326 = AXIS2_PLACEMENT_3D ( 'NONE', #6035, #7172, #6670 ) ;
#6327 = CARTESIAN_POINT ( 'NONE',  ( 3.100000000000000089, 2.059999999999999165, -2.947283102798628374 ) ) ;
#6328 = EDGE_LOOP ( 'NONE', ( #420, #86, #4697, #3137 ) ) ;
#6330 = EDGE_LOOP ( 'NONE', ( #2091, #3428, #2020, #4788 ) ) ;
#6329 = FACE_OUTER_BOUND ( 'NONE', #4548, .T. ) ;
#6331 = CARTESIAN_POINT ( 'NONE',  ( 0.8100000000000003864, 0.8999999999999998002, -3.100000000000000089 ) ) ;
#6332 = EDGE_LOOP ( 'NONE', ( #2517, #3477, #3311, #4707 ) ) ;
#6333 = EDGE_CURVE ( 'NONE', #5852, #4627, #3970, .T. ) ;
#6334 = EDGE_CURVE ( 'NONE', #1826, #799, #3345, .T. ) ;
#6335 =( NAMED_UNIT ( * ) SI_UNIT ( $, .STERADIAN. ) SOLID_ANGLE_UNIT ( ) );
#6336 = CARTESIAN_POINT ( 'NONE',  ( -1.729999999999999760, 2.350550309948560991E-14, -4.065000000000001279 ) ) ;
#6337 = LINE ( 'NONE', #2126, #4284 ) ;
#6338 = LINE ( 'NONE', #1885, #6900 ) ;
#6339 = DIRECTION ( 'NONE',  ( 0.000000000000000000, -5.782411586589326479E-15, -1.000000000000000000 ) ) ;
#6340 = DIRECTION ( 'NONE',  ( 1.000000000000000000, 0.000000000000000000, 0.000000000000000000 ) ) ;
#6341 = EDGE_CURVE ( 'NONE', #1539, #981, #1726, .T. ) ;
#6342 = DIRECTION ( 'NONE',  ( 1.000000000000000000, 0.000000000000000000, -0.000000000000000000 ) ) ;
#6343 = VERTEX_POINT ( 'NONE', #2217 ) ;
#6344 = PLANE ( 'NONE',  #5871 ) ;
#6345 = CARTESIAN_POINT ( 'NONE',  ( -0.4599999999999996869, 0.9759778054016126081, 3.089997332157669252 ) ) ;
#6346 = ORIENTED_EDGE ( 'NONE', *, *, #3843, .F. ) ;
#6347 = CARTESIAN_POINT ( 'NONE',  ( -1.729999999999999760, 0.9759778054016126081, 3.089997332157669252 ) ) ;
#6348 = EDGE_LOOP ( 'NONE', ( #4265, #951, #224, #6462 ) ) ;
#6349 = LINE ( 'NONE', #4776, #6300 ) ;
#6350 = COLOUR_RGB ( '',0.2509803921568627416, 0.2509803921568627416, 0.2509803921568627416 ) ;
#6351 = EDGE_LOOP ( 'NONE', ( #2596, #1781, #916, #4368 ) ) ;
#6352 = AXIS2_PLACEMENT_3D ( 'NONE', #7128, #2444, #7053 ) ;
#6353 = ORIENTED_EDGE ( 'NONE', *, *, #4556, .T. ) ;
#6354 = DIRECTION ( 'NONE',  ( 1.000000000000000000, 0.000000000000000000, 0.000000000000000000 ) ) ;
#6355 = PRESENTATION_LAYER_ASSIGNMENT (  '', '', ( #4557 ) ) ;
#6356 = SURFACE_SIDE_STYLE ('',( #4112 ) ) ;
#6357 = CARTESIAN_POINT ( 'NONE',  ( 0.8100000000000003864, 0.8259778054016121418, 3.080165812735383035 ) ) ;
#6358 = MECHANICAL_DESIGN_GEOMETRIC_PRESENTATION_REPRESENTATION (  '', ( #891 ), #6006 ) ;
#6359 = ORIENTED_EDGE ( 'NONE', *, *, #5447, .F. ) ;
#6360 = EDGE_LOOP ( 'NONE', ( #6835, #1174, #6426, #546, #4942, #5793, #5619, #3236, #3275, #1632, #4781, #7017, #4721 ) ) ;
#6361 = ADVANCED_FACE ( 'NONE', ( #4482 ), #491, .F. ) ;
#6362 = DIRECTION ( 'NONE',  ( 1.000000000000000000, -0.000000000000000000, -0.000000000000000000 ) ) ;
#6363 =( GEOMETRIC_REPRESENTATION_CONTEXT ( 3 ) GLOBAL_UNCERTAINTY_ASSIGNED_CONTEXT ( ( #4601 ) ) GLOBAL_UNIT_ASSIGNED_CONTEXT ( ( #3017, #6452, #5861 ) ) REPRESENTATION_CONTEXT ( 'NONE', 'WORKASPACE' ) );
#6364 = LINE ( 'NONE', #4190, #4636 ) ;
#6365 = FACE_OUTER_BOUND ( 'NONE', #2576, .T. ) ;
#6366 = VECTOR ( 'NONE', #2513, 1000.000000000000000 ) ;
#6367 = ORIENTED_EDGE ( 'NONE', *, *, #1446, .F. ) ;
#6368 = EDGE_CURVE ( 'NONE', #986, #97, #4563, .T. ) ;
#6369 =( NAMED_UNIT ( * ) PLANE_ANGLE_UNIT ( ) SI_UNIT ( $, .RADIAN. ) );
#6370 = COLOUR_RGB ( '',1.000000000000000000, 1.000000000000000000, 1.000000000000000000 ) ;
#6371 = ORIENTED_EDGE ( 'NONE', *, *, #7196, .F. ) ;
#6372 = DIRECTION ( 'NONE',  ( 0.000000000000000000, 2.309200021407363875E-15, -1.000000000000000000 ) ) ;
#6373 = DIRECTION ( 'NONE',  ( -1.000000000000000000, 0.000000000000000000, 0.000000000000000000 ) ) ;
#6374 = SHAPE_DEFINITION_REPRESENTATION ( #4470, #7298 ) ;
#6375 = DIRECTION ( 'NONE',  ( 0.000000000000000000, 0.000000000000000000, -1.000000000000000000 ) ) ;
#6376 =( LENGTH_UNIT ( ) NAMED_UNIT ( * ) SI_UNIT ( .MILLI., .METRE. ) );
#6377 = ADVANCED_FACE ( 'NONE', ( #1118 ), #6780, .T. ) ;
#6378 = CARTESIAN_POINT ( 'NONE',  ( 0.8100000000000003864, 0.2299999999999995104, -3.497971487849612426 ) ) ;
#6379 = EDGE_LOOP ( 'NONE', ( #1671, #5460, #6206, #4396 ) ) ;
#6380 = PRESENTATION_STYLE_ASSIGNMENT (( #5903 ) ) ;
#6381 = CARTESIAN_POINT ( 'NONE',  ( -1.729999999999999760, 0.2299999999999996214, -3.577971487849614274 ) ) ;
#6382 = CARTESIAN_POINT ( 'NONE',  ( 0.4500000000000002887, 0.9759778054016128301, 3.267971487849612000 ) ) ;
#6383 = EDGE_CURVE ( 'NONE', #4857, #4453, #5369, .T. ) ;
#6384 = ORIENTED_EDGE ( 'NONE', *, *, #5887, .F. ) ;
#6385 = ORIENTED_EDGE ( 'NONE', *, *, #2994, .F. ) ;
#6386 = VERTEX_POINT ( 'NONE', #3938 ) ;
#6387 = CARTESIAN_POINT ( 'NONE',  ( -0.8199999999999997291, 0.7459778054016120707, 3.267971487849611556 ) ) ;
#6388 = SURFACE_STYLE_FILL_AREA ( #4663 ) ;
#6389 =( LENGTH_UNIT ( ) NAMED_UNIT ( * ) SI_UNIT ( .MILLI., .METRE. ) );
#6390 = SURFACE_SIDE_STYLE ('',( #3594 ) ) ;
#6391 = ORIENTED_EDGE ( 'NONE', *, *, #2248, .T. ) ;
#6392 = ORIENTED_EDGE ( 'NONE', *, *, #4185, .F. ) ;
#6393 = AXIS2_PLACEMENT_3D ( 'NONE', #1995, #6525, #2672 ) ;
#6394 = SURFACE_STYLE_USAGE ( .BOTH. , #2400 ) ;
#6395 = FILL_AREA_STYLE_COLOUR ( '', #1487 ) ;
#6396 = CARTESIAN_POINT ( 'NONE',  ( 1.550000000000000266, 1.909999999999999476, -0.8999999999999995781 ) ) ;
#6397 = LINE ( 'NONE', #5284, #3244 ) ;
#6399 = ORIENTED_EDGE ( 'NONE', *, *, #6965, .F. ) ;
#6398 = DIRECTION ( 'NONE',  ( -0.000000000000000000, 1.000000000000000000, -0.000000000000000000 ) ) ;
#6400 = ADVANCED_FACE ( 'NONE', ( #6181 ), #2747, .T. ) ;
#6401 = CARTESIAN_POINT ( 'NONE',  ( -2.259999999999999787, 1.809999999999999609, 0.9000000000000000222 ) ) ;
#6402 = PRESENTATION_LAYER_ASSIGNMENT (  '', '', ( #2227 ) ) ;
#6403 = VERTEX_POINT ( 'NONE', #2820 ) ;
#6404 = VERTEX_POINT ( 'NONE', #4449 ) ;
#6405 = SURFACE_STYLE_FILL_AREA ( #4128 ) ;
#6406 = EDGE_CURVE ( 'NONE', #5046, #3924, #5663, .T. ) ;
#6407 = FACE_OUTER_BOUND ( 'NONE', #5012, .T. ) ;
#6408 = CARTESIAN_POINT ( 'NONE',  ( -0.4599999999999996869, 0.9759778054016119420, -3.089997332157668808 ) ) ;
#6409 = DIRECTION ( 'NONE',  ( 0.000000000000000000, 5.782411586589326479E-15, -1.000000000000000000 ) ) ;
#6410 = EDGE_CURVE ( 'NONE', #3728, #6535, #4634, .T. ) ;
#6411 = DIRECTION ( 'NONE',  ( 0.000000000000000000, 0.9914448613738107152, -0.1305261922200490754 ) ) ;
#6412 = CIRCLE ( 'NONE', #2484, 0.07999999999999977962 ) ;
#6413 = CARTESIAN_POINT ( 'NONE',  ( 0.8100000000000003864, 0.9000000000000003553, 3.100000000000000533 ) ) ;
#6414 = EDGE_CURVE ( 'NONE', #7186, #2542, #1260, .T. ) ;
#6415 = ORIENTED_EDGE ( 'NONE', *, *, #7064, .F. ) ;
#6416 = CARTESIAN_POINT ( 'NONE',  ( -1.560000000000000053, 1.809999999999999609, 0.9000000000000000222 ) ) ;
#6417 = DIRECTION ( 'NONE',  ( 0.000000000000000000, 0.000000000000000000, 1.000000000000000000 ) ) ;
#6418 = ORIENTED_EDGE ( 'NONE', *, *, #2289, .F. ) ;
#6419 = ORIENTED_EDGE ( 'NONE', *, *, #3602, .F. ) ;
#6420 = PRESENTATION_LAYER_ASSIGNMENT (  '', '', ( #2953 ) ) ;
#6421 = FACE_OUTER_BOUND ( 'NONE', #664, .T. ) ;
#6422 = EDGE_LOOP ( 'NONE', ( #4550, #2212, #4402, #3390 ) ) ;
#6423 = VERTEX_POINT ( 'NONE', #4750 ) ;
#6424 = EDGE_CURVE ( 'NONE', #4503, #97, #4393, .T. ) ;
#6425 = EDGE_CURVE ( 'NONE', #3623, #6315, #7049, .T. ) ;
#6426 = ORIENTED_EDGE ( 'NONE', *, *, #2248, .F. ) ;
#6427 = DIRECTION ( 'NONE',  ( -1.000000000000000000, -0.000000000000000000, -0.000000000000000000 ) ) ;
#6428 = LINE ( 'NONE', #6506, #3375 ) ;
#6429 = VECTOR ( 'NONE', #6074, 1000.000000000000000 ) ;
#6430 = COLOUR_RGB ( '',0.2509803921568627416, 0.2509803921568627416, 0.2509803921568627416 ) ;
#6431 = VERTEX_POINT ( 'NONE', #1915 ) ;
#6432 = VECTOR ( 'NONE', #4371, 1000.000000000000000 ) ;
#6433 = VECTOR ( 'NONE', #3907, 1000.000000000000000 ) ;
#6434 = EDGE_LOOP ( 'NONE', ( #3252, #2636, #5902, #815, #4846, #1891, #5980, #6060, #741, #3795, #3789, #5342, #3630 ) ) ;
#6435 = DIRECTION ( 'NONE',  ( 0.000000000000000000, 1.000000000000000000, 0.000000000000000000 ) ) ;
#6436 = CARTESIAN_POINT ( 'NONE',  ( -0.4599999999999996869, 0.7666833290098139519, 3.345245553952736817 ) ) ;
#6437 =( LENGTH_UNIT ( ) NAMED_UNIT ( * ) SI_UNIT ( .MILLI., .METRE. ) );
#6438 = AXIS2_PLACEMENT_3D ( 'NONE', #6285, #5833, #5761 ) ;
#6439 = ORIENTED_EDGE ( 'NONE', *, *, #7084, .T. ) ;
#6441 = ORIENTED_EDGE ( 'NONE', *, *, #1984, .T. ) ;
#6440 = SURFACE_SIDE_STYLE ('',( #4717 ) ) ;
#6442 = CARTESIAN_POINT ( 'NONE',  ( -0.4599999999999996869, 0.1500000000000008271, 4.065000000000000391 ) ) ;
#6443 = CIRCLE ( 'NONE', #6087, 0.2300000000000001765 ) ;
#6444 = ORIENTED_EDGE ( 'NONE', *, *, #4254, .T. ) ;
#6445 = ORIENTED_EDGE ( 'NONE', *, *, #2847, .T. ) ;
#6446 =( GEOMETRIC_REPRESENTATION_CONTEXT ( 3 ) GLOBAL_UNCERTAINTY_ASSIGNED_CONTEXT ( ( #4210 ) ) GLOBAL_UNIT_ASSIGNED_CONTEXT ( ( #208, #7022, #4163 ) ) REPRESENTATION_CONTEXT ( 'NONE', 'WORKASPACE' ) );
#6447 = PRESENTATION_STYLE_ASSIGNMENT (( #281 ) ) ;
#6448 = DIRECTION ( 'NONE',  ( 0.000000000000000000, -1.000000000000000000, -5.782411586589324901E-15 ) ) ;
#6449 = EDGE_CURVE ( 'NONE', #6753, #1537, #5359, .T. ) ;
#6450 = DIRECTION ( 'NONE',  ( 0.000000000000000000, 0.000000000000000000, 1.000000000000000000 ) ) ;
#6451 = CARTESIAN_POINT ( 'NONE',  ( -0.4599999999999996869, 0.1704716196264193517, 3.504999999999999893 ) ) ;
#6452 =( NAMED_UNIT ( * ) PLANE_ANGLE_UNIT ( ) SI_UNIT ( $, .RADIAN. ) );
#6453 = ORIENTED_EDGE ( 'NONE', *, *, #117, .F. ) ;
#6454 = EDGE_CURVE ( 'NONE', #4506, #6472, #6364, .T. ) ;
#6455 = CARTESIAN_POINT ( 'NONE',  ( 0.4500000000000002887, 0.8259778054016116977, 3.267971487849612000 ) ) ;
#6456 = CARTESIAN_POINT ( 'NONE',  ( 2.080000000000000071, 0.000000000000000000, -3.577971487849614274 ) ) ;
#6457 = VERTEX_POINT ( 'NONE', #2957 ) ;
#6458 = CARTESIAN_POINT ( 'NONE',  ( -0.4599999999999996869, 0.1500000000000008271, 3.727162940046487183 ) ) ;
#6459 = ORIENTED_EDGE ( 'NONE', *, *, #2412, .F. ) ;
#6460 = LINE ( 'NONE', #836, #5946 ) ;
#6461 = UNCERTAINTY_MEASURE_WITH_UNIT (LENGTH_MEASURE( 1.000000000000000082E-05 ), #5874, 'distance_accuracy_value', 'NONE');
#6462 = ORIENTED_EDGE ( 'NONE', *, *, #7321, .F. ) ;
#6463 = EDGE_CURVE ( 'NONE', #1722, #1124, #5810, .T. ) ;
#6464 = ORIENTED_EDGE ( 'NONE', *, *, #3238, .T. ) ;
#6465 =( NAMED_UNIT ( * ) PLANE_ANGLE_UNIT ( ) SI_UNIT ( $, .RADIAN. ) );
#6466 = PRESENTATION_STYLE_ASSIGNMENT (( #4743 ) ) ;
#6467 = CARTESIAN_POINT ( 'NONE',  ( 2.080000000000000071, 0.9759778054016126081, 3.089997332157669252 ) ) ;
#6468 = DIRECTION ( 'NONE',  ( -0.000000000000000000, -0.000000000000000000, -1.000000000000000000 ) ) ;
#6469 = MECHANICAL_DESIGN_GEOMETRIC_PRESENTATION_REPRESENTATION (  '', ( #5514 ), #4418 ) ;
#6470 = ADVANCED_FACE ( 'NONE', ( #122 ), #5283, .F. ) ;
#6471 =( GEOMETRIC_REPRESENTATION_CONTEXT ( 3 ) GLOBAL_UNCERTAINTY_ASSIGNED_CONTEXT ( ( #4483 ) ) GLOBAL_UNIT_ASSIGNED_CONTEXT ( ( #5958, #1295, #312 ) ) REPRESENTATION_CONTEXT ( 'NONE', 'WORKASPACE' ) );
#6472 = VERTEX_POINT ( 'NONE', #1222 ) ;
#6473 = ORIENTED_EDGE ( 'NONE', *, *, #6004, .F. ) ;
#6474 = VECTOR ( 'NONE', #2354, 1000.000000000000000 ) ;
#6475 = STYLED_ITEM ( 'NONE', ( #4205 ), #7377 ) ;
#6476 = SURFACE_STYLE_FILL_AREA ( #4187 ) ;
#6477 = LINE ( 'NONE', #2403, #1779 ) ;
#6478 = FACE_OUTER_BOUND ( 'NONE', #5695, .T. ) ;
#6479 = CIRCLE ( 'NONE', #1003, 0.08000000000000020983 ) ;
#6480 = ORIENTED_EDGE ( 'NONE', *, *, #2110, .T. ) ;
#6481 = EDGE_CURVE ( 'NONE', #4285, #2499, #6477, .T. ) ;
#6482 = CARTESIAN_POINT ( 'NONE',  ( -1.729999999999999760, 0.1500000000000008271, 3.727162940046487183 ) ) ;
#6483 = AXIS2_PLACEMENT_3D ( 'NONE', #5261, #4098, #2973 ) ;
#6484 = PLANE ( 'NONE',  #2564 ) ;
#6485 = DIRECTION ( 'NONE',  ( -0.000000000000000000, 1.000000000000000000, 0.000000000000000000 ) ) ;
#6486 = DIRECTION ( 'NONE',  ( 0.000000000000000000, 5.773000053518395884E-16, -1.000000000000000000 ) ) ;
#6487 = CARTESIAN_POINT ( 'NONE',  ( -2.089999999999999858, 0.7459778054016120707, 3.267971487849611556 ) ) ;
#6488 = COLOUR_RGB ( '',0.2509803921568627416, 0.2509803921568627416, 0.2509803921568627416 ) ;
#6489 =( NAMED_UNIT ( * ) PLANE_ANGLE_UNIT ( ) SI_UNIT ( $, .RADIAN. ) );
#6490 = MECHANICAL_DESIGN_GEOMETRIC_PRESENTATION_REPRESENTATION (  '', ( #6854 ), #1371 ) ;
#6491 = ORIENTED_EDGE ( 'NONE', *, *, #4457, .F. ) ;
#6492 = SURFACE_STYLE_USAGE ( .BOTH. , #2680 ) ;
#6493 = VERTEX_POINT ( 'NONE', #3599 ) ;
#6494 = ORIENTED_EDGE ( 'NONE', *, *, #6108, .F. ) ;
#6495 = LINE ( 'NONE', #1858, #4737 ) ;
#6496 = ORIENTED_EDGE ( 'NONE', *, *, #4225, .F. ) ;
#6497 = PRESENTATION_LAYER_ASSIGNMENT (  '', '', ( #223 ) ) ;
#6498 = LINE ( 'NONE', #5867, #3672 ) ;
#6499 = EDGE_CURVE ( 'NONE', #4771, #1770, #235, .T. ) ;
#6500 = ORIENTED_EDGE ( 'NONE', *, *, #2436, .T. ) ;
#6501 = ORIENTED_EDGE ( 'NONE', *, *, #636, .F. ) ;
#6502 = ORIENTED_EDGE ( 'NONE', *, *, #3083, .T. ) ;
#6503 = SURFACE_STYLE_USAGE ( .BOTH. , #3064 ) ;
#6504 = LINE ( 'NONE', #4216, #7005 ) ;
#6505 = DIRECTION ( 'NONE',  ( 0.000000000000000000, 1.000000000000000000, -8.405029527513195585E-16 ) ) ;
#6506 = CARTESIAN_POINT ( 'NONE',  ( 1.720000000000000195, 2.350550309948560991E-14, -4.065000000000001279 ) ) ;
#6507 = ORIENTED_EDGE ( 'NONE', *, *, #5310, .F. ) ;
#6508 = EDGE_CURVE ( 'NONE', #4778, #7159, #1839, .T. ) ;
#6509 = ORIENTED_EDGE ( 'NONE', *, *, #6481, .F. ) ;
#6510 =( GEOMETRIC_REPRESENTATION_CONTEXT ( 3 ) GLOBAL_UNCERTAINTY_ASSIGNED_CONTEXT ( ( #6817 ) ) GLOBAL_UNIT_ASSIGNED_CONTEXT ( ( #1953, #5361, #3148 ) ) REPRESENTATION_CONTEXT ( 'NONE', 'WORKASPACE' ) );
#6511 = ORIENTED_EDGE ( 'NONE', *, *, #4134, .F. ) ;
#6512 = CARTESIAN_POINT ( 'NONE',  ( -0.9899999999999997691, 1.909999999999999476, -0.8999999999999995781 ) ) ;
#6513 = EDGE_CURVE ( 'NONE', #4089, #6403, #7011, .T. ) ;
#6514 = VECTOR ( 'NONE', #4835, 1000.000000000000000 ) ;
#6515 = CYLINDRICAL_SURFACE ( 'NONE', #1115, 0.08000000000000020983 ) ;
#6516 = COLOUR_RGB ( '',0.2509803921568627416, 0.2509803921568627416, 0.2509803921568627416 ) ;
#6518 = ORIENTED_EDGE ( 'NONE', *, *, #4040, .T. ) ;
#6517 = DIRECTION ( 'NONE',  ( -0.000000000000000000, 0.000000000000000000, -1.000000000000000000 ) ) ;
#6519 = DIRECTION ( 'NONE',  ( -6.195440985631449401E-16, -0.000000000000000000, -1.000000000000000000 ) ) ;
#6520 = VECTOR ( 'NONE', #2725, 1000.000000000000000 ) ;
#6521 = CARTESIAN_POINT ( 'NONE',  ( -3.100000000000000089, 0.1000000000000000472, -2.885640646055107172 ) ) ;
#6522 = CARTESIAN_POINT ( 'NONE',  ( -0.4599999999999996869, 0.2299999999999995104, -3.497971487849612426 ) ) ;
#6523 = EDGE_CURVE ( 'NONE', #5829, #1860, #2359, .T. ) ;
#6524 = LINE ( 'NONE', #1411, #1556 ) ;
#6525 = DIRECTION ( 'NONE',  ( -1.000000000000000000, -0.000000000000000000, -0.000000000000000000 ) ) ;
#6526 = VECTOR ( 'NONE', #1026, 1000.000000000000000 ) ;
#6527 = FILL_AREA_STYLE_COLOUR ( '', #6311 ) ;
#6528 = LINE ( 'NONE', #3680, #1790 ) ;
#6529 = CARTESIAN_POINT ( 'NONE',  ( 3.810000000000000053, 1.809999999999999609, 0.000000000000000000 ) ) ;
#6530 = CARTESIAN_POINT ( 'NONE',  ( 0.4500000000000002887, 0.7666833290098139519, 3.345245553952737261 ) ) ;
#6531 = DIRECTION ( 'NONE',  ( -0.000000000000000000, 8.405029527513197557E-16, 1.000000000000000000 ) ) ;
#6532 = VERTEX_POINT ( 'NONE', #4153 ) ;
#6533 = FILL_AREA_STYLE ('',( #394 ) ) ;
#6534 = VECTOR ( 'NONE', #2336, 1000.000000000000000 ) ;
#6535 = VERTEX_POINT ( 'NONE', #1292 ) ;
#6536 = VERTEX_POINT ( 'NONE', #744 ) ;
#6537 = ADVANCED_FACE ( 'NONE', ( #198 ), #2440, .T. ) ;
#6538 = DIRECTION ( 'NONE',  ( 0.000000000000000000, 0.000000000000000000, 1.000000000000000000 ) ) ;
#6539 = DIRECTION ( 'NONE',  ( 0.000000000000000000, 0.000000000000000000, -1.000000000000000000 ) ) ;
#6540 = ORIENTED_EDGE ( 'NONE', *, *, #4071, .T. ) ;
#6541 = ORIENTED_EDGE ( 'NONE', *, *, #1285, .F. ) ;
#6542 = ORIENTED_EDGE ( 'NONE', *, *, #5385, .F. ) ;
#6543 = DIRECTION ( 'NONE',  ( 0.000000000000000000, 0.000000000000000000, 1.000000000000000000 ) ) ;
#6544 = VECTOR ( 'NONE', #2065, 1000.000000000000000 ) ;
#6545 = DIRECTION ( 'NONE',  ( 2.409338161078898687E-16, 0.000000000000000000, 1.000000000000000000 ) ) ;
#6546 = EDGE_CURVE ( 'NONE', #3848, #7309, #269, .T. ) ;
#6547 = CARTESIAN_POINT ( 'NONE',  ( 0.8100000000000003864, 0.1500000000000008271, 3.727162940046487183 ) ) ;
#6548 = CARTESIAN_POINT ( 'NONE',  ( 2.080000000000000071, 0.9759778054016126081, 3.089997332157669252 ) ) ;
#6549 = VECTOR ( 'NONE', #3562, 1000.000000000000000 ) ;
#6550 =( GEOMETRIC_REPRESENTATION_CONTEXT ( 3 ) GLOBAL_UNCERTAINTY_ASSIGNED_CONTEXT ( ( #5602 ) ) GLOBAL_UNIT_ASSIGNED_CONTEXT ( ( #3189, #1996, #3678 ) ) REPRESENTATION_CONTEXT ( 'NONE', 'WORKASPACE' ) );
#6551 = PRESENTATION_LAYER_ASSIGNMENT (  '', '', ( #1544 ) ) ;
#6552 = DIRECTION ( 'NONE',  ( 0.000000000000000000, 0.000000000000000000, 1.000000000000000000 ) ) ;
#6553 = LINE ( 'NONE', #1959, #4574 ) ;
#6554 = COLOUR_RGB ( '',1.000000000000000000, 1.000000000000000000, 1.000000000000000000 ) ;
#6555 = CARTESIAN_POINT ( 'NONE',  ( -0.4599999999999996869, 0.2092944763917980455, 3.649888873943361478 ) ) ;
#6556 = LINE ( 'NONE', #1961, #942 ) ;
#6557 = CARTESIAN_POINT ( 'NONE',  ( 3.100000000000000533, 2.059999999999999165, -2.399999999999999023 ) ) ;
#6558 = VECTOR ( 'NONE', #6411, 1000.000000000000114 ) ;
#6559 = VECTOR ( 'NONE', #4369, 1000.000000000000227 ) ;
#6560 = ADVANCED_FACE ( 'NONE', ( #7089 ), #4042, .F. ) ;
#6561 = CARTESIAN_POINT ( 'NONE',  ( -1.729999999999999760, 0.1500000000000008271, -4.065000000000000391 ) ) ;
#6562 = VECTOR ( 'NONE', #6868, 1000.000000000000000 ) ;
#6563 = FACE_OUTER_BOUND ( 'NONE', #635, .T. ) ;
#6564 = VERTEX_POINT ( 'NONE', #6102 ) ;
#6565 =( LENGTH_UNIT ( ) NAMED_UNIT ( * ) SI_UNIT ( .MILLI., .METRE. ) );
#6566 = EDGE_CURVE ( 'NONE', #2427, #5049, #2060, .T. ) ;
#6567 = EDGE_LOOP ( 'NONE', ( #4221, #5251, #1334, #7068 ) ) ;
#6568 = CARTESIAN_POINT ( 'NONE',  ( 1.550000000000000266, 1.809999999999999387, -0.8999999999999995781 ) ) ;
#6569 = DIRECTION ( 'NONE',  ( -2.409338161078898687E-16, 0.000000000000000000, -1.000000000000000000 ) ) ;
#6570 = LINE ( 'NONE', #3806, #2541 ) ;
#6571 = ORIENTED_EDGE ( 'NONE', *, *, #1535, .F. ) ;
#6572 = MECHANICAL_DESIGN_GEOMETRIC_PRESENTATION_REPRESENTATION (  '', ( #7077 ), #639 ) ;
#6573 = ORIENTED_EDGE ( 'NONE', *, *, #7119, .F. ) ;
#6574 = ORIENTED_EDGE ( 'NONE', *, *, #4655, .T. ) ;
#6575 = LINE ( 'NONE', #443, #4599 ) ;
#6576 = ORIENTED_EDGE ( 'NONE', *, *, #6463, .F. ) ;
#6577 = DIRECTION ( 'NONE',  ( 0.000000000000000000, 0.000000000000000000, -1.000000000000000000 ) ) ;
#6578 = SURFACE_STYLE_FILL_AREA ( #4863 ) ;
#6579 = PRESENTATION_LAYER_ASSIGNMENT (  '', '', ( #5514 ) ) ;
#6580 = CARTESIAN_POINT ( 'NONE',  ( 0.2800000000000003042, 1.909999999999999476, -0.8999999999999995781 ) ) ;
#6581 = CARTESIAN_POINT ( 'NONE',  ( 2.250000000000000444, 1.809999999999999609, -0.9000000000000000222 ) ) ;
#6582 = UNCERTAINTY_MEASURE_WITH_UNIT (LENGTH_MEASURE( 1.000000000000000082E-05 ), #3834, 'distance_accuracy_value', 'NONE');
#6583 = PLANE ( 'NONE',  #565 ) ;
#6584 =( NAMED_UNIT ( * ) SI_UNIT ( $, .STERADIAN. ) SOLID_ANGLE_UNIT ( ) );
#6585 = AXIS2_PLACEMENT_3D ( 'NONE', #1287, #5355, #843 ) ;
#6586 = EDGE_CURVE ( 'NONE', #4731, #2915, #447, .T. ) ;
#6587 = AXIS2_PLACEMENT_3D ( 'NONE', #560, #4560, #2787 ) ;
#6588 = CARTESIAN_POINT ( 'NONE',  ( 0.2800000000000003042, 1.809999999999999609, 0.9000000000000003553 ) ) ;
#6589 = SURFACE_SIDE_STYLE ('',( #6405 ) ) ;
#6590 = PLANE ( 'NONE',  #2031 ) ;
#6591 = ORIENTED_EDGE ( 'NONE', *, *, #2298, .T. ) ;
#6592 = ADVANCED_FACE ( 'NONE', ( #2098 ), #1402, .T. ) ;
#6593 = VECTOR ( 'NONE', #4545, 1000.000000000000000 ) ;
#6594 = DIRECTION ( 'NONE',  ( -1.000000000000000000, -0.000000000000000000, -0.000000000000000000 ) ) ;
#6595 = DIRECTION ( 'NONE',  ( 0.000000000000000000, 0.9659258262890704216, -0.2588190451025127459 ) ) ;
#6596 = EDGE_CURVE ( 'NONE', #2688, #3446, #6064, .T. ) ;
#6597 = SURFACE_STYLE_FILL_AREA ( #3277 ) ;
#6598 = CARTESIAN_POINT ( 'NONE',  ( -0.4599999999999996869, 0.9759778054016120530, -3.267971487849612000 ) ) ;
#6599 = EDGE_CURVE ( 'NONE', #4218, #1202, #3669, .T. ) ;
#6600 = FACE_OUTER_BOUND ( 'NONE', #4620, .T. ) ;
#6601 = ORIENTED_EDGE ( 'NONE', *, *, #2731, .T. ) ;
#6602 = CARTESIAN_POINT ( 'NONE',  ( 0.2800000000000003042, 1.909999999999999476, -0.09999999999999961697 ) ) ;
#6603 = FACE_BOUND ( 'NONE', #6920, .T. ) ;
#6604 = ORIENTED_EDGE ( 'NONE', *, *, #66, .F. ) ;
#6605 = VERTEX_POINT ( 'NONE', #5956 ) ;
#6606 = LINE ( 'NONE', #3166, #6806 ) ;
#6607 = PLANE ( 'NONE',  #4006 ) ;
#6608 = EDGE_CURVE ( 'NONE', #787, #4979, #848, .T. ) ;
#6609 = DIRECTION ( 'NONE',  ( -1.000000000000000000, -0.000000000000000000, -0.000000000000000000 ) ) ;
#6610 = DIRECTION ( 'NONE',  ( -1.000000000000000000, -0.000000000000000000, -0.000000000000000000 ) ) ;
#6611 = ORIENTED_EDGE ( 'NONE', *, *, #7300, .F. ) ;
#6612 = ORIENTED_EDGE ( 'NONE', *, *, #3238, .F. ) ;
#6613 = VECTOR ( 'NONE', #42, 1000.000000000000000 ) ;
#6614 = ORIENTED_EDGE ( 'NONE', *, *, #1911, .T. ) ;
#6615 = CARTESIAN_POINT ( 'NONE',  ( -0.8199999999999997291, 0.8055061857751930621, 3.490134427896098401 ) ) ;
#6616 = VERTEX_POINT ( 'NONE', #3779 ) ;
#6617 = DIRECTION ( 'NONE',  ( -1.000000000000000000, 0.000000000000000000, -0.000000000000000000 ) ) ;
#6618 = DIRECTION ( 'NONE',  ( -1.000000000000000000, -0.000000000000000000, -0.000000000000000000 ) ) ;
#6619 = SURFACE_SIDE_STYLE ('',( #4329 ) ) ;
#6621 = DIRECTION ( 'NONE',  ( -1.000000000000000000, -0.000000000000000000, -0.000000000000000000 ) ) ;
#6620 = FILL_AREA_STYLE_COLOUR ( '', #2450 ) ;
#6622 = STYLED_ITEM ( 'NONE', ( #6898 ), #385 ) ;
#6623 = CARTESIAN_POINT ( 'NONE',  ( 0.8100000000000003864, 0.7459778054016120707, 3.267971487849611556 ) ) ;
#6624 = PRESENTATION_LAYER_ASSIGNMENT (  '', '', ( #5203 ) ) ;
#6625 = LINE ( 'NONE', #4230, #7353 ) ;
#6626 = SURFACE_STYLE_USAGE ( .BOTH. , #2182 ) ;
#6627 = VECTOR ( 'NONE', #5022, 1000.000000000000000 ) ;
#6628 = CARTESIAN_POINT ( 'NONE',  ( 0.8100000000000003864, 0.2300000000000000655, 3.727162940046486739 ) ) ;
#6629 = ADVANCED_FACE ( 'NONE', ( #853 ), #2558, .F. ) ;
#6630 = PLANE ( 'NONE',  #4144 ) ;
#6631 = DIRECTION ( 'NONE',  ( 0.000000000000000000, -0.9914448613738116034, -0.1305261922200433300 ) ) ;
#6632 = DIRECTION ( 'NONE',  ( 0.000000000000000000, 1.000000000000000000, -2.226157494760227923E-16 ) ) ;
#6633 = EDGE_LOOP ( 'NONE', ( #6694, #4401, #2238, #5016 ) ) ;
#6634 = PRESENTATION_LAYER_ASSIGNMENT (  '', '', ( #6877 ) ) ;
#6635 = CARTESIAN_POINT ( 'NONE',  ( -0.4599999999999996869, 0.8055061857751930621, 3.490134427896098401 ) ) ;
#6636 = CARTESIAN_POINT ( 'NONE',  ( 0.9800000000000002043, 2.109999999999999432, 0.9000000000000000222 ) ) ;
#6637 = AXIS2_PLACEMENT_3D ( 'NONE', #6061, #6026, #1500 ) ;
#6638 = PLANE ( 'NONE',  #5272 ) ;
#6639 = COLOUR_RGB ( '',0.7921568627450980005, 0.8196078431372548767, 0.9333333333333333481 ) ;
#6640 = EDGE_CURVE ( 'NONE', #268, #7234, #4865, .T. ) ;
#6641 = PLANE ( 'NONE',  #1053 ) ;
#6642 = VERTEX_POINT ( 'NONE', #7241 ) ;
#6643 = STYLED_ITEM ( 'NONE', ( #4388 ), #4823 ) ;
#6644 = EDGE_CURVE ( 'NONE', #4212, #2580, #5601, .T. ) ;
#6645 = FILL_AREA_STYLE ('',( #2687 ) ) ;
#6646 = ORIENTED_EDGE ( 'NONE', *, *, #1752, .T. ) ;
#6647 = PLANE ( 'NONE',  #739 ) ;
#6648 = CARTESIAN_POINT ( 'NONE',  ( 0.8100000000000003864, 0.9759778054016101656, 5.945566943695085866E-16 ) ) ;
#6649 = CARTESIAN_POINT ( 'NONE',  ( -0.4599999999999996869, 0.1500000000000008271, 4.065000000000000391 ) ) ;
#6650 = DIRECTION ( 'NONE',  ( -0.000000000000000000, 1.000000000000000000, -0.000000000000000000 ) ) ;
#6651 = PRESENTATION_LAYER_ASSIGNMENT (  '', '', ( #2713 ) ) ;
#6652 = VERTEX_POINT ( 'NONE', #2623 ) ;
#6653 = EDGE_LOOP ( 'NONE', ( #5502, #5004, #3661, #7156 ) ) ;
#6654 = EDGE_CURVE ( 'NONE', #4037, #1105, #4292, .T. ) ;
#6655 = ADVANCED_FACE ( 'NONE', ( #1470 ), #3743, .T. ) ;
#6656 = COLOUR_RGB ( '',1.000000000000000000, 1.000000000000000000, 1.000000000000000000 ) ;
#6657 = ORIENTED_EDGE ( 'NONE', *, *, #1664, .T. ) ;
#6658 = DIRECTION ( 'NONE',  ( 0.000000000000000000, 0.9914448613738107152, -0.1305261922200490754 ) ) ;
#6659 = ORIENTED_EDGE ( 'NONE', *, *, #1928, .F. ) ;
#6660 = CARTESIAN_POINT ( 'NONE',  ( 1.720000000000000195, 0.7459778054016127369, -3.267971487849611556 ) ) ;
#6661 = SURFACE_STYLE_USAGE ( .BOTH. , #4370 ) ;
#6662 = DIRECTION ( 'NONE',  ( 0.000000000000000000, 0.000000000000000000, 1.000000000000000000 ) ) ;
#6663 =( NAMED_UNIT ( * ) PLANE_ANGLE_UNIT ( ) SI_UNIT ( $, .RADIAN. ) );
#6665 = DIRECTION ( 'NONE',  ( 1.000000000000000000, 0.000000000000000000, 0.000000000000000000 ) ) ;
#6664 = CARTESIAN_POINT ( 'NONE',  ( -1.729999999999999760, 0.000000000000000000, -3.347971487849612959 ) ) ;
#6666 = SURFACE_STYLE_USAGE ( .BOTH. , #2707 ) ;
#6667 = EDGE_CURVE ( 'NONE', #6642, #840, #1705, .T. ) ;
#6668 = FACE_OUTER_BOUND ( 'NONE', #1405, .T. ) ;
#6669 =( NAMED_UNIT ( * ) SI_UNIT ( $, .STERADIAN. ) SOLID_ANGLE_UNIT ( ) );
#6670 = DIRECTION ( 'NONE',  ( 0.000000000000000000, 0.000000000000000000, 1.000000000000000000 ) ) ;
#6671 = CARTESIAN_POINT ( 'NONE',  ( -0.8199999999999997291, 0.000000000000000000, 4.065000000000001279 ) ) ;
#6672 = LINE ( 'NONE', #3386, #7168 ) ;
#6673 = MECHANICAL_DESIGN_GEOMETRIC_PRESENTATION_REPRESENTATION (  '', ( #2006 ), #2729 ) ;
#6674 = DIRECTION ( 'NONE',  ( -0.000000000000000000, 0.000000000000000000, 1.000000000000000000 ) ) ;
#6675 = ORIENTED_EDGE ( 'NONE', *, *, #248, .T. ) ;
#6676 = VECTOR ( 'NONE', #820, 1000.000000000000000 ) ;
#6677 = LINE ( 'NONE', #5556, #144 ) ;
#6678 = AXIS2_PLACEMENT_3D ( 'NONE', #3912, #58, #2196 ) ;
#6679 = DIRECTION ( 'NONE',  ( -0.000000000000000000, -0.000000000000000000, 1.000000000000000000 ) ) ;
#6680 = AXIS2_PLACEMENT_3D ( 'NONE', #5383, #5450, #3765 ) ;
#6681 = VECTOR ( 'NONE', #3310, 1000.000000000000000 ) ;
#6682 = EDGE_CURVE ( 'NONE', #6897, #4442, #1578, .T. ) ;
#6683 = VECTOR ( 'NONE', #6072, 1000.000000000000000 ) ;
#6684 = VERTEX_POINT ( 'NONE', #1611 ) ;
#6685 = PLANE ( 'NONE',  #3937 ) ;
#6686 = DIRECTION ( 'NONE',  ( 0.000000000000000000, -2.309200021407363481E-15, 1.000000000000000000 ) ) ;
#6687 = CARTESIAN_POINT ( 'NONE',  ( 2.080000000000000071, -7.047314121155778821E-16, 3.727162940046487183 ) ) ;
#6688 = DIRECTION ( 'NONE',  ( 0.000000000000000000, 3.045953970873614739E-15, -1.000000000000000000 ) ) ;
#6689 = VERTEX_POINT ( 'NONE', #1645 ) ;
#6690 = EDGE_CURVE ( 'NONE', #496, #2615, #5056, .T. ) ;
#6691 = ORIENTED_EDGE ( 'NONE', *, *, #1649, .T. ) ;
#6692 = EDGE_LOOP ( 'NONE', ( #5599, #3585, #6786, #3387 ) ) ;
#6693 =( LENGTH_UNIT ( ) NAMED_UNIT ( * ) SI_UNIT ( .MILLI., .METRE. ) );
#6694 = ORIENTED_EDGE ( 'NONE', *, *, #3772, .T. ) ;
#6695 = CARTESIAN_POINT ( 'NONE',  ( 0.2799999999999998601, 1.809999999999999609, -0.9000000000000000222 ) ) ;
#6696 =( NAMED_UNIT ( * ) PLANE_ANGLE_UNIT ( ) SI_UNIT ( $, .RADIAN. ) );
#6697 = CARTESIAN_POINT ( 'NONE',  ( -0.9899999999999997691, 2.310000000000000053, -0.09999999999999961697 ) ) ;
#6698 = EDGE_CURVE ( 'NONE', #4669, #4479, #3448, .T. ) ;
#6700 = LINE ( 'NONE', #6033, #267 ) ;
#6699 = CARTESIAN_POINT ( 'NONE',  ( -1.090000000000000080, 2.109999999999999432, 1.750000000000000000 ) ) ;
#6701 = VERTEX_POINT ( 'NONE', #1682 ) ;
#6702 = UNCERTAINTY_MEASURE_WITH_UNIT (LENGTH_MEASURE( 1.000000000000000082E-05 ), #6851, 'distance_accuracy_value', 'NONE');
#6703 = VECTOR ( 'NONE', #7305, 1000.000000000000000 ) ;
#6704 = DIRECTION ( 'NONE',  ( 1.000000000000000000, 0.000000000000000000, 0.000000000000000000 ) ) ;
#6705 = PRESENTATION_STYLE_ASSIGNMENT (( #1477 ) ) ;
#6706 = DIRECTION ( 'NONE',  ( 0.000000000000000000, -5.773000053518394898E-16, 1.000000000000000000 ) ) ;
#6707 = EDGE_CURVE ( 'NONE', #1760, #7121, #2875, .T. ) ;
#6708 =( LENGTH_UNIT ( ) NAMED_UNIT ( * ) SI_UNIT ( .MILLI., .METRE. ) );
#6709 = CARTESIAN_POINT ( 'NONE',  ( -1.459999999999999964, 2.309999999999999609, 1.750000000000000000 ) ) ;
#6710 = AXIS2_PLACEMENT_3D ( 'NONE', #5994, #4751, #409 ) ;
#6711 = COLOUR_RGB ( '',0.2509803921568627416, 0.2509803921568627416, 0.2509803921568627416 ) ;
#6712 = VERTEX_POINT ( 'NONE', #2812 ) ;
#6713 = DIRECTION ( 'NONE',  ( 0.000000000000000000, -1.000000000000000000, 5.782411586589324901E-15 ) ) ;
#6714 = CIRCLE ( 'NONE', #4922, 0.07999999999999977962 ) ;
#6715 =( GEOMETRIC_REPRESENTATION_CONTEXT ( 3 ) GLOBAL_UNCERTAINTY_ASSIGNED_CONTEXT ( ( #3026 ) ) GLOBAL_UNIT_ASSIGNED_CONTEXT ( ( #102, #6878, #3544 ) ) REPRESENTATION_CONTEXT ( 'NONE', 'WORKASPACE' ) );
#6716 =( LENGTH_UNIT ( ) NAMED_UNIT ( * ) SI_UNIT ( .MILLI., .METRE. ) );
#6717 = CARTESIAN_POINT ( 'NONE',  ( 0.000000000000000000, 0.000000000000000000, 0.000000000000000000 ) ) ;
#6718 =( NAMED_UNIT ( * ) SI_UNIT ( $, .STERADIAN. ) SOLID_ANGLE_UNIT ( ) );
#6719 =( GEOMETRIC_REPRESENTATION_CONTEXT ( 3 ) GLOBAL_UNCERTAINTY_ASSIGNED_CONTEXT ( ( #5740 ) ) GLOBAL_UNIT_ASSIGNED_CONTEXT ( ( #121, #7010, #159 ) ) REPRESENTATION_CONTEXT ( 'NONE', 'WORKASPACE' ) );
#6720 = DIRECTION ( 'NONE',  ( 0.000000000000000000, -2.309200021407363481E-15, 1.000000000000000000 ) ) ;
#6721 = CARTESIAN_POINT ( 'NONE',  ( 2.540000000000000036, 2.109999999999999432, 0.000000000000000000 ) ) ;
#6722 = MECHANICAL_DESIGN_GEOMETRIC_PRESENTATION_REPRESENTATION (  '', ( #3019 ), #6363 ) ;
#6723 = ORIENTED_EDGE ( 'NONE', *, *, #5317, .F. ) ;
#6724 = DIRECTION ( 'NONE',  ( -1.000000000000000000, -0.000000000000000000, -0.000000000000000000 ) ) ;
#6725 = UNCERTAINTY_MEASURE_WITH_UNIT (LENGTH_MEASURE( 1.000000000000000082E-05 ), #190, 'distance_accuracy_value', 'NONE');
#6726 = LINE ( 'NONE', #2200, #3138 ) ;
#6727 = CARTESIAN_POINT ( 'NONE',  ( 0.2799999999999998601, 2.109999999999999432, -0.9000000000000000222 ) ) ;
#6728 = VECTOR ( 'NONE', #3805, 1000.000000000000000 ) ;
#6729 = EDGE_LOOP ( 'NONE', ( #6612, #1640, #7117, #6294 ) ) ;
#6730 = VERTEX_POINT ( 'NONE', #483 ) ;
#6731 = EDGE_CURVE ( 'NONE', #2856, #1207, #3963, .T. ) ;
#6732 = AXIS2_PLACEMENT_3D ( 'NONE', #6588, #5510, #7095 ) ;
#6733 = ORIENTED_EDGE ( 'NONE', *, *, #5096, .T. ) ;
#6734 = ORIENTED_EDGE ( 'NONE', *, *, #5333, .T. ) ;
#6735 = LINE ( 'NONE', #1065, #3896 ) ;
#6736 = ORIENTED_EDGE ( 'NONE', *, *, #5593, .T. ) ;
#6737 = DIRECTION ( 'NONE',  ( -1.000000000000000000, 0.000000000000000000, -0.000000000000000000 ) ) ;
#6738 = DIRECTION ( 'NONE',  ( 0.000000000000000000, -1.000000000000000000, -3.045953970873614739E-15 ) ) ;
#6739 = CARTESIAN_POINT ( 'NONE',  ( -2.259999999999999787, 1.909999999999999476, -0.09999999999999961697 ) ) ;
#6740 = DIRECTION ( 'NONE',  ( 0.000000000000000000, 0.000000000000000000, 1.000000000000000000 ) ) ;
#6741 = EDGE_CURVE ( 'NONE', #4786, #4826, #3853, .T. ) ;
#6743 = DIRECTION ( 'NONE',  ( -1.000000000000000000, -0.000000000000000000, -0.000000000000000000 ) ) ;
#6742 = DIRECTION ( 'NONE',  ( -1.000000000000000000, -0.000000000000000000, -0.000000000000000000 ) ) ;
#6744 = CIRCLE ( 'NONE', #4350, 0.2300000000000005929 ) ;
#6745 = VERTEX_POINT ( 'NONE', #6173 ) ;
#6746 = EDGE_CURVE ( 'NONE', #3848, #3069, #6250, .T. ) ;
#6747 = DIRECTION ( 'NONE',  ( 0.000000000000000000, 0.9914448613738116034, 0.1305261922200433300 ) ) ;
#6748 = SURFACE_STYLE_USAGE ( .BOTH. , #4447 ) ;
#6749 =( LENGTH_UNIT ( ) NAMED_UNIT ( * ) SI_UNIT ( .MILLI., .METRE. ) );
#6750 =( NAMED_UNIT ( * ) PLANE_ANGLE_UNIT ( ) SI_UNIT ( $, .RADIAN. ) );
#6751 =( NAMED_UNIT ( * ) PLANE_ANGLE_UNIT ( ) SI_UNIT ( $, .RADIAN. ) );
#6752 = CARTESIAN_POINT ( 'NONE',  ( 1.550000000000000266, 1.909999999999999476, -0.8999999999999995781 ) ) ;
#6753 = VERTEX_POINT ( 'NONE', #5578 ) ;
#6754 = EDGE_CURVE ( 'NONE', #7118, #3404, #1144, .T. ) ;
#6755 = CARTESIAN_POINT ( 'NONE',  ( -1.729999999999999760, 0.2299999999999996214, -3.577971487849614274 ) ) ;
#6756 = CARTESIAN_POINT ( 'NONE',  ( 1.550000000000000266, 1.809999999999999387, -0.8999999999999995781 ) ) ;
#6757 =( NAMED_UNIT ( * ) SI_UNIT ( $, .STERADIAN. ) SOLID_ANGLE_UNIT ( ) );
#6758 = PRESENTATION_STYLE_ASSIGNMENT (( #5636 ) ) ;
#6759 = CARTESIAN_POINT ( 'NONE',  ( 2.080000000000000071, 0.1500000000000008271, 4.065000000000000391 ) ) ;
#6760 = ORIENTED_EDGE ( 'NONE', *, *, #2771, .T. ) ;
#6761 = CARTESIAN_POINT ( 'NONE',  ( 2.540000000000000036, 2.109999999999999432, -0.9000000000000000222 ) ) ;
#6762 = CARTESIAN_POINT ( 'NONE',  ( -1.560000000000000053, 2.109999999999999432, 0.9000000000000000222 ) ) ;
#6763 = ORIENTED_EDGE ( 'NONE', *, *, #1527, .T. ) ;
#6764 = VERTEX_POINT ( 'NONE', #592 ) ;
#6765 = COLOUR_RGB ( '',0.7921568627450980005, 0.8196078431372548767, 0.9333333333333333481 ) ;
#6766 = ORIENTED_EDGE ( 'NONE', *, *, #5631, .T. ) ;
#6767 = ORIENTED_EDGE ( 'NONE', *, *, #4619, .T. ) ;
#6768 = DIRECTION ( 'NONE',  ( 0.000000000000000000, -1.000000000000000000, 0.000000000000000000 ) ) ;
#6769 = EDGE_CURVE ( 'NONE', #4031, #3069, #2738, .T. ) ;
#6770 = DIRECTION ( 'NONE',  ( -0.000000000000000000, 0.1305261922200490754, 0.9914448613738108262 ) ) ;
#6772 = CARTESIAN_POINT ( 'NONE',  ( 2.349999999999999645, 2.109999999999999432, 1.750000000000000000 ) ) ;
#6771 = VECTOR ( 'NONE', #5794, 1000.000000000000000 ) ;
#6773 = CARTESIAN_POINT ( 'NONE',  ( -1.560000000000000053, 2.310000000000000053, 0.9000000000000003553 ) ) ;
#6774 = CARTESIAN_POINT ( 'NONE',  ( 3.100000000000000089, 0.4165028980788046953, -3.163653601044189578 ) ) ;
#6775 = DIRECTION ( 'NONE',  ( -1.000000000000000000, -0.000000000000000000, -0.000000000000000000 ) ) ;
#6776 = VERTEX_POINT ( 'NONE', #6773 ) ;
#6777 = EDGE_CURVE ( 'NONE', #3090, #1539, #2848, .T. ) ;
#6778 = DIRECTION ( 'NONE',  ( 0.000000000000000000, 6.091907941747214293E-16, -1.000000000000000000 ) ) ;
#6779 = DIRECTION ( 'NONE',  ( -1.000000000000000000, 0.000000000000000000, 0.000000000000000000 ) ) ;
#6780 = PLANE ( 'NONE',  #377 ) ;
#6781 = AXIS2_PLACEMENT_3D ( 'NONE', #4656, #3515, #4209 ) ;
#6782 = CARTESIAN_POINT ( 'NONE',  ( 2.080000000000000071, 0.7666833290098139519, 3.345245553952737261 ) ) ;
#6784 = ORIENTED_EDGE ( 'NONE', *, *, #2857, .F. ) ;
#6783 = CARTESIAN_POINT ( 'NONE',  ( -0.2899999999999998690, 1.809999999999999609, -0.9000000000000000222 ) ) ;
#6785 = CARTESIAN_POINT ( 'NONE',  ( -1.560000000000000053, 1.809999999999999609, -0.9000000000000000222 ) ) ;
#6786 = ORIENTED_EDGE ( 'NONE', *, *, #5539, .F. ) ;
#6787 = DIRECTION ( 'NONE',  ( 0.000000000000000000, 0.000000000000000000, 1.000000000000000000 ) ) ;
#6788 = DIRECTION ( 'NONE',  ( 2.409338161078898687E-16, 0.000000000000000000, 1.000000000000000000 ) ) ;
#6789 = AXIS2_PLACEMENT_3D ( 'NONE', #6623, #4229, #5960 ) ;
#6790 = DIRECTION ( 'NONE',  ( -1.000000000000000000, -3.469446951953609181E-18, 0.000000000000000000 ) ) ;
#6791 = SURFACE_SIDE_STYLE ('',( #2229 ) ) ;
#6792 = EDGE_CURVE ( 'NONE', #6472, #3664, #3620, .T. ) ;
#6793 = DIRECTION ( 'NONE',  ( 1.000000000000000000, 0.000000000000000000, -0.000000000000000000 ) ) ;
#6794 = VECTOR ( 'NONE', #4119, 1000.000000000000000 ) ;
#6795 = VECTOR ( 'NONE', #464, 1000.000000000000000 ) ;
#6796 = DIRECTION ( 'NONE',  ( 1.000000000000000000, 0.000000000000000000, 0.000000000000000000 ) ) ;
#6797 = ORIENTED_EDGE ( 'NONE', *, *, #4583, .F. ) ;
#6798 = DIRECTION ( 'NONE',  ( -0.000000000000000000, 1.000000000000000000, 6.091907941747214293E-16 ) ) ;
#6799 = MECHANICAL_DESIGN_GEOMETRIC_PRESENTATION_REPRESENTATION (  '', ( #4767 ), #2019 ) ;
#6800 = CARTESIAN_POINT ( 'NONE',  ( -1.729999999999999760, 0.9000000000000003553, 3.100000000000000533 ) ) ;
#6801 = VERTEX_POINT ( 'NONE', #2281 ) ;
#6802 = EDGE_CURVE ( 'NONE', #1059, #5107, #7317, .T. ) ;
#6803 = VERTEX_POINT ( 'NONE', #3032 ) ;
#6804 = AXIS2_PLACEMENT_3D ( 'NONE', #7214, #3235, #7101 ) ;
#6805 = ORIENTED_EDGE ( 'NONE', *, *, #2543, .T. ) ;
#6806 = VECTOR ( 'NONE', #1491, 1000.000000000000000 ) ;
#6807 = ORIENTED_EDGE ( 'NONE', *, *, #1664, .F. ) ;
#6808 = LINE ( 'NONE', #6247, #5571 ) ;
#6809 = SURFACE_STYLE_USAGE ( .BOTH. , #35 ) ;
#6810 = DIRECTION ( 'NONE',  ( -1.000000000000000000, -0.000000000000000000, -0.000000000000000000 ) ) ;
#6811 = DIRECTION ( 'NONE',  ( -0.000000000000000000, -0.000000000000000000, -1.000000000000000000 ) ) ;
#6812 = DIRECTION ( 'NONE',  ( -1.000000000000000000, -0.000000000000000000, -0.000000000000000000 ) ) ;
#6813 = EDGE_LOOP ( 'NONE', ( #1280, #1140, #4208, #2728 ) ) ;
#6814 = PLANE ( 'NONE',  #6587 ) ;
#6815 = FACE_OUTER_BOUND ( 'NONE', #293, .T. ) ;
#6816 = FILL_AREA_STYLE_COLOUR ( '', #3686 ) ;
#6817 = UNCERTAINTY_MEASURE_WITH_UNIT (LENGTH_MEASURE( 1.000000000000000082E-05 ), #1953, 'distance_accuracy_value', 'NONE');
#6818 = CARTESIAN_POINT ( 'NONE',  ( -1.090000000000000080, 2.309999999999999609, -1.750000000000000000 ) ) ;
#6820 = VERTEX_POINT ( 'NONE', #7003 ) ;
#6819 = CARTESIAN_POINT ( 'NONE',  ( 0.8100000000000003864, 0.1500000000000008271, 3.727162940046487183 ) ) ;
#6821 = ADVANCED_FACE ( 'NONE', ( #3481 ), #192, .T. ) ;
#6822 = LINE ( 'NONE', #1695, #6927 ) ;
#6823 = ORIENTED_EDGE ( 'NONE', *, *, #4115, .T. ) ;
#6824 = SURFACE_STYLE_FILL_AREA ( #5148 ) ;
#6825 = CARTESIAN_POINT ( 'NONE',  ( 0.4500000000000002887, -2.940055364177525671E-15, -3.497971487849612426 ) ) ;
#6826 = CARTESIAN_POINT ( 'NONE',  ( -2.360000000000000320, 2.109999999999999432, -1.750000000000000000 ) ) ;
#6827 = APPLICATION_PROTOCOL_DEFINITION ( 'draft international standard', 'automotive_design', 1998, #894 ) ;
#6828 = CARTESIAN_POINT ( 'NONE',  ( -2.089999999999999858, 0.9759778054016126081, 3.089997332157669252 ) ) ;
#6829 = CLOSED_SHELL ( 'NONE', ( #2343, #943, #1473, #4531, #2865, #4397, #5929, #6400, #4270, #5086, #3639, #3322, #1157, #2456, #1361 ) ) ;
#6830 = CARTESIAN_POINT ( 'NONE',  ( -0.9899999999999997691, 1.809999999999999387, -0.8999999999999995781 ) ) ;
#6831 = VECTOR ( 'NONE', #4745, 999.9999999999998863 ) ;
#6832 = AXIS2_PLACEMENT_3D ( 'NONE', #3511, #3020, #6417 ) ;
#6833 = PRESENTATION_STYLE_ASSIGNMENT (( #2303 ) ) ;
#6834 = ADVANCED_FACE ( 'NONE', ( #6318 ), #773, .F. ) ;
#6835 = ORIENTED_EDGE ( 'NONE', *, *, #5418, .T. ) ;
#6836 = AXIS2_PLACEMENT_3D ( 'NONE', #2592, #4297, #4953 ) ;
#6837 = DIRECTION ( 'NONE',  ( 0.000000000000000000, 0.000000000000000000, -1.000000000000000000 ) ) ;
#6838 = SURFACE_STYLE_FILL_AREA ( #5082 ) ;
#6839 = DIRECTION ( 'NONE',  ( -1.000000000000000000, -0.000000000000000000, -0.000000000000000000 ) ) ;
#6840 = ORIENTED_EDGE ( 'NONE', *, *, #3816, .T. ) ;
#6841 = ORIENTED_EDGE ( 'NONE', *, *, #2132, .F. ) ;
#6842 = UNCERTAINTY_MEASURE_WITH_UNIT (LENGTH_MEASURE( 1.000000000000000082E-05 ), #719, 'distance_accuracy_value', 'NONE');
#6843 = EDGE_LOOP ( 'NONE', ( #1864, #6202, #5227, #4462 ) ) ;
#6844 = EDGE_CURVE ( 'NONE', #4075, #276, #5277, .T. ) ;
#6845 = ORIENTED_EDGE ( 'NONE', *, *, #6309, .T. ) ;
#6846 = DIRECTION ( 'NONE',  ( 0.000000000000000000, 0.000000000000000000, 1.000000000000000000 ) ) ;
#6847 = VECTOR ( 'NONE', #2610, 1000.000000000000000 ) ;
#6848 = LINE ( 'NONE', #4980, #6084 ) ;
#6849 = DIRECTION ( 'NONE',  ( -0.000000000000000000, 1.000000000000000000, -0.000000000000000000 ) ) ;
#6850 = DIRECTION ( 'NONE',  ( -1.000000000000000000, -0.000000000000000000, -0.000000000000000000 ) ) ;
#6851 =( LENGTH_UNIT ( ) NAMED_UNIT ( * ) SI_UNIT ( .MILLI., .METRE. ) );
#6852 =( GEOMETRIC_REPRESENTATION_CONTEXT ( 3 ) GLOBAL_UNCERTAINTY_ASSIGNED_CONTEXT ( ( #1191 ) ) GLOBAL_UNIT_ASSIGNED_CONTEXT ( ( #2963, #2487, #6335 ) ) REPRESENTATION_CONTEXT ( 'NONE', 'WORKASPACE' ) );
#6853 = ORIENTED_EDGE ( 'NONE', *, *, #2575, .F. ) ;
#6854 = STYLED_ITEM ( 'NONE', ( #4501 ), #7155 ) ;
#6855 = DIRECTION ( 'NONE',  ( -0.000000000000000000, 1.000000000000000000, -0.000000000000000000 ) ) ;
#6856 = PLANE ( 'NONE',  #3988 ) ;
#6857 = FILL_AREA_STYLE ('',( #6816 ) ) ;
#6858 = VECTOR ( 'NONE', #1005, 1000.000000000000000 ) ;
#6859 = VERTEX_POINT ( 'NONE', #1215 ) ;
#6861 = ORIENTED_EDGE ( 'NONE', *, *, #1674, .F. ) ;
#6860 = CARTESIAN_POINT ( 'NONE',  ( 2.250000000000000444, 1.809999999999999609, 0.9000000000000000222 ) ) ;
#6862 = LINE ( 'NONE', #1123, #29 ) ;
#6863 = EDGE_LOOP ( 'NONE', ( #1264, #6392, #3921, #4900 ) ) ;
#6864 = UNCERTAINTY_MEASURE_WITH_UNIT (LENGTH_MEASURE( 1.000000000000000082E-05 ), #3047, 'distance_accuracy_value', 'NONE');
#6865 = FILL_AREA_STYLE_COLOUR ( '', #3267 ) ;
#6866 = FILL_AREA_STYLE ('',( #3978 ) ) ;
#6867 = EDGE_CURVE ( 'NONE', #6493, #3303, #3521, .T. ) ;
#6868 = DIRECTION ( 'NONE',  ( 0.000000000000000000, -1.000000000000000000, -5.782411586589324901E-15 ) ) ;
#6869 = CARTESIAN_POINT ( 'NONE',  ( -0.4599999999999996869, 0.7666833290098139519, 3.345245553952737261 ) ) ;
#6870 = LINE ( 'NONE', #6159, #4515 ) ;
#6871 = AXIS2_PLACEMENT_3D ( 'NONE', #2705, #3817, #484 ) ;
#6872 = FACE_OUTER_BOUND ( 'NONE', #786, .T. ) ;
#6873 = ORIENTED_EDGE ( 'NONE', *, *, #4088, .F. ) ;
#6874 = ADVANCED_FACE ( 'NONE', ( #5804 ), #2433, .T. ) ;
#6875 = VECTOR ( 'NONE', #5855, 1000.000000000000000 ) ;
#6876 = FACE_OUTER_BOUND ( 'NONE', #776, .T. ) ;
#6877 = STYLED_ITEM ( 'NONE', ( #5834 ), #2552 ) ;
#6878 =( NAMED_UNIT ( * ) PLANE_ANGLE_UNIT ( ) SI_UNIT ( $, .RADIAN. ) );
#6879 = LINE ( 'NONE', #26, #6241 ) ;
#6880 = EDGE_LOOP ( 'NONE', ( #1679, #367, #157, #1895 ) ) ;
#6881 = CARTESIAN_POINT ( 'NONE',  ( 0.8100000000000003864, 0.000000000000000000, -4.065000000000001279 ) ) ;
#6882 = ORIENTED_EDGE ( 'NONE', *, *, #2528, .T. ) ;
#6883 = VECTOR ( 'NONE', #298, 1000.000000000000000 ) ;
#6884 = VERTEX_POINT ( 'NONE', #3593 ) ;
#6885 = DIRECTION ( 'NONE',  ( -0.000000000000000000, 0.2588190451025128014, 0.9659258262890705327 ) ) ;
#6886 = CARTESIAN_POINT ( 'NONE',  ( 0.2800000000000003042, 1.809999999999999609, 0.9000000000000003553 ) ) ;
#6887 = FILL_AREA_STYLE ('',( #7042 ) ) ;
#6888 = VECTOR ( 'NONE', #6658, 1000.000000000000114 ) ;
#6889 = EDGE_CURVE ( 'NONE', #5815, #2386, #5201, .T. ) ;
#6890 = ADVANCED_FACE ( 'NONE', ( #5876 ), #227, .F. ) ;
#6891 = ORIENTED_EDGE ( 'NONE', *, *, #7300, .T. ) ;
#6892 = VECTOR ( 'NONE', #1930, 1000.000000000000000 ) ;
#6893 = SURFACE_STYLE_USAGE ( .BOTH. , #5315 ) ;
#6894 = DIRECTION ( 'NONE',  ( 0.000000000000000000, 0.000000000000000000, -1.000000000000000000 ) ) ;
#6895 = CARTESIAN_POINT ( 'NONE',  ( 0.4500000000000002887, 0.000000000000000000, 4.065000000000001279 ) ) ;
#6896 = PLANE ( 'NONE',  #5998 ) ;
#6897 = VERTEX_POINT ( 'NONE', #4664 ) ;
#6899 = VERTEX_POINT ( 'NONE', #699 ) ;
#6898 = PRESENTATION_STYLE_ASSIGNMENT (( #4009 ) ) ;
#6900 = VECTOR ( 'NONE', #679, 1000.000000000000000 ) ;
#6901 = EDGE_CURVE ( 'NONE', #128, #510, #4182, .T. ) ;
#6902 = ORIENTED_EDGE ( 'NONE', *, *, #205, .F. ) ;
#6903 = DIRECTION ( 'NONE',  ( 0.000000000000000000, -1.000000000000000000, -2.309200021407363875E-15 ) ) ;
#6904 = AXIS2_PLACEMENT_3D ( 'NONE', #3091, #5343, #2503 ) ;
#6905 = CARTESIAN_POINT ( 'NONE',  ( -1.560000000000000053, 1.809999999999999609, 0.9000000000000000222 ) ) ;
#6906 = APPLICATION_PROTOCOL_DEFINITION ( 'draft international standard', 'automotive_design', 1998, #2397 ) ;
#6907 = CARTESIAN_POINT ( 'NONE',  ( -0.9899999999999997691, 1.909999999999999476, -0.09999999999999961697 ) ) ;
#6908 =( NAMED_UNIT ( * ) PLANE_ANGLE_UNIT ( ) SI_UNIT ( $, .RADIAN. ) );
#6909 = COLOUR_RGB ( '',0.2509803921568627416, 0.2509803921568627416, 0.2509803921568627416 ) ;
#6910 = ORIENTED_EDGE ( 'NONE', *, *, #277, .T. ) ;
#6911 = DIRECTION ( 'NONE',  ( 0.000000000000000000, -1.000000000000000000, -3.045953970873614739E-15 ) ) ;
#6912 = DIRECTION ( 'NONE',  ( 1.000000000000000000, -0.000000000000000000, -0.000000000000000000 ) ) ;
#6913 = EDGE_LOOP ( 'NONE', ( #1312, #1094, #4897, #4100 ) ) ;
#6914 = DIRECTION ( 'NONE',  ( -1.000000000000000000, -0.000000000000000000, -0.000000000000000000 ) ) ;
#6915 = AXIS2_PLACEMENT_3D ( 'NONE', #5967, #320, #285 ) ;
#6916 = EDGE_CURVE ( 'NONE', #4060, #6684, #1359, .T. ) ;
#6917 = ORIENTED_EDGE ( 'NONE', *, *, #3595, .T. ) ;
#6918 =( GEOMETRIC_REPRESENTATION_CONTEXT ( 3 ) GLOBAL_UNCERTAINTY_ASSIGNED_CONTEXT ( ( #5104 ) ) GLOBAL_UNIT_ASSIGNED_CONTEXT ( ( #1546, #5468, #3226 ) ) REPRESENTATION_CONTEXT ( 'NONE', 'WORKASPACE' ) );
#6919 = VECTOR ( 'NONE', #3073, 1000.000000000000000 ) ;
#6920 = EDGE_LOOP ( 'NONE', ( #4399, #158, #5014, #6283 ) ) ;
#6921 = DIRECTION ( 'NONE',  ( 0.000000000000000000, 0.000000000000000000, -1.000000000000000000 ) ) ;
#6922 = FACE_OUTER_BOUND ( 'NONE', #6843, .T. ) ;
#6923 =( NAMED_UNIT ( * ) SI_UNIT ( $, .STERADIAN. ) SOLID_ANGLE_UNIT ( ) );
#6924 = AXIS2_PLACEMENT_3D ( 'NONE', #287, #6632, #3716 ) ;
#6925 = CIRCLE ( 'NONE', #1437, 0.07999999999999977962 ) ;
#6926 = ORIENTED_EDGE ( 'NONE', *, *, #4146, .T. ) ;
#6927 = VECTOR ( 'NONE', #4086, 999.9999999999998863 ) ;
#6928 = ORIENTED_EDGE ( 'NONE', *, *, #2723, .F. ) ;
#6929 = DIRECTION ( 'NONE',  ( -1.000000000000000000, -0.000000000000000000, -0.000000000000000000 ) ) ;
#6930 = MECHANICAL_DESIGN_GEOMETRIC_PRESENTATION_REPRESENTATION (  '', ( #5490 ), #4889 ) ;
#6931 = EDGE_CURVE ( 'NONE', #746, #6423, #3628, .T. ) ;
#6932 = DIRECTION ( 'NONE',  ( -0.000000000000000000, 1.000000000000000000, -0.000000000000000000 ) ) ;
#6933 = LINE ( 'NONE', #1803, #6228 ) ;
#6935 = VERTEX_POINT ( 'NONE', #736 ) ;
#6934 = LINE ( 'NONE', #1842, #2740 ) ;
#6936 = SURFACE_STYLE_USAGE ( .BOTH. , #2883 ) ;
#6937 = VERTEX_POINT ( 'NONE', #7188 ) ;
#6938 = CARTESIAN_POINT ( 'NONE',  ( -0.2899999999999998690, 2.109999999999999432, 0.000000000000000000 ) ) ;
#6939 = EDGE_CURVE ( 'NONE', #4442, #6016, #5423, .T. ) ;
#6940 = SHAPE_DEFINITION_REPRESENTATION ( #5526, #2502 ) ;
#6941 = CARTESIAN_POINT ( 'NONE',  ( -0.8199999999999997291, 0.2300000000000000655, 3.727162940046486739 ) ) ;
#6942 = PRESENTATION_LAYER_ASSIGNMENT (  '', '', ( #4074 ) ) ;
#6943 = LINE ( 'NONE', #4131, #6558 ) ;
#6944 = ORIENTED_EDGE ( 'NONE', *, *, #6566, .T. ) ;
#6945 =( GEOMETRIC_REPRESENTATION_CONTEXT ( 3 ) GLOBAL_UNCERTAINTY_ASSIGNED_CONTEXT ( ( #1035 ) ) GLOBAL_UNIT_ASSIGNED_CONTEXT ( ( #6716, #2719, #6757 ) ) REPRESENTATION_CONTEXT ( 'NONE', 'WORKASPACE' ) );
#6946 = LINE ( 'NONE', #4101, #2876 ) ;
#6947 = ORIENTED_EDGE ( 'NONE', *, *, #6410, .F. ) ;
#6948 = CYLINDRICAL_SURFACE ( 'NONE', #7102, 0.2300000000000001765 ) ;
#6949 = ORIENTED_EDGE ( 'NONE', *, *, #4667, .T. ) ;
#6950 = LINE ( 'NONE', #1245, #5218 ) ;
#6951 = ORIENTED_EDGE ( 'NONE', *, *, #4690, .T. ) ;
#6952 = FILL_AREA_STYLE_COLOUR ( '', #5585 ) ;
#6953 = AXIS2_PLACEMENT_3D ( 'NONE', #6581, #3262, #3744 ) ;
#6954 = ORIENTED_EDGE ( 'NONE', *, *, #4125, .F. ) ;
#6955 = ORIENTED_EDGE ( 'NONE', *, *, #2204, .T. ) ;
#6956 = VECTOR ( 'NONE', #4521, 1000.000000000000114 ) ;
#6957 = EDGE_LOOP ( 'NONE', ( #2574, #4885, #401, #4944, #6134, #3895 ) ) ;
#6958 = FILL_AREA_STYLE_COLOUR ( '', #577 ) ;
#6959 = CARTESIAN_POINT ( 'NONE',  ( -1.729999999999999760, 0.2299999999999996214, -3.577971487849614274 ) ) ;
#6960 = EDGE_CURVE ( 'NONE', #4479, #2882, #2048, .T. ) ;
#6961 = CARTESIAN_POINT ( 'NONE',  ( -0.4599999999999996869, 0.8259778054016098103, 4.768369914788500505E-16 ) ) ;
#6962 = COLOUR_RGB ( '',1.000000000000000000, 1.000000000000000000, 1.000000000000000000 ) ;
#6963 = STYLED_ITEM ( 'NONE', ( #6271 ), #4864 ) ;
#6964 = ORIENTED_EDGE ( 'NONE', *, *, #5916, .T. ) ;
#6965 = EDGE_CURVE ( 'NONE', #5049, #769, #3767, .T. ) ;
#6966 = ORIENTED_EDGE ( 'NONE', *, *, #2512, .F. ) ;
#6967 = UNCERTAINTY_MEASURE_WITH_UNIT (LENGTH_MEASURE( 1.000000000000000082E-05 ), #4458, 'distance_accuracy_value', 'NONE');
#6968 = DIRECTION ( 'NONE',  ( 0.000000000000000000, -0.1305261922200433300, 0.9914448613738116034 ) ) ;
#6969 =( GEOMETRIC_REPRESENTATION_CONTEXT ( 3 ) GLOBAL_UNCERTAINTY_ASSIGNED_CONTEXT ( ( #1698 ) ) GLOBAL_UNIT_ASSIGNED_CONTEXT ( ( #975, #6008, #6040 ) ) REPRESENTATION_CONTEXT ( 'NONE', 'WORKASPACE' ) );
#6970 = ADVANCED_FACE ( 'NONE', ( #2650 ), #1395, .T. ) ;
#6971 = CARTESIAN_POINT ( 'NONE',  ( 0.8100000000000003864, 0.000000000000000000, 4.065000000000001279 ) ) ;
#6972 = CARTESIAN_POINT ( 'NONE',  ( 1.720000000000000195, 0.8259778054016121418, 3.080165812735383035 ) ) ;
#6973 = AXIS2_PLACEMENT_3D ( 'NONE', #7115, #4895, #331 ) ;
#6975 = SURFACE_SIDE_STYLE ('',( #4259 ) ) ;
#6974 = PRESENTATION_STYLE_ASSIGNMENT (( #1877 ) ) ;
#6976 = CARTESIAN_POINT ( 'NONE',  ( -0.8199999999999997291, 0.9759778054016126081, 3.089997332157669252 ) ) ;
#6977 = ADVANCED_FACE ( 'NONE', ( #4246 ), #3168, .F. ) ;
#6978 = AXIS2_PLACEMENT_3D ( 'NONE', #2032, #5470, #6070 ) ;
#6979 = ORIENTED_EDGE ( 'NONE', *, *, #6867, .T. ) ;
#6980 = CARTESIAN_POINT ( 'NONE',  ( -1.729999999999999760, 0.000000000000000000, 4.065000000000001279 ) ) ;
#6981 = CARTESIAN_POINT ( 'NONE',  ( -0.4599999999999996869, 0.000000000000000000, -3.577971487849614274 ) ) ;
#6982 = DIRECTION ( 'NONE',  ( 0.000000000000000000, 0.000000000000000000, -1.000000000000000000 ) ) ;
#6983 = CARTESIAN_POINT ( 'NONE',  ( -3.100000000000000089, -0.7147114317029832353, -2.667339375865894091 ) ) ;
#6984 = CARTESIAN_POINT ( 'NONE',  ( -0.9899999999999997691, 1.909999999999999476, -0.09999999999999961697 ) ) ;
#6985 = CARTESIAN_POINT ( 'NONE',  ( -0.4599999999999996869, 0.7459778054016120707, 3.267971487849611556 ) ) ;
#6986 = EDGE_CURVE ( 'NONE', #3165, #1534, #4281, .T. ) ;
#6987 = EDGE_CURVE ( 'NONE', #5852, #7364, #1458, .T. ) ;
#6988 = VECTOR ( 'NONE', #4, 1000.000000000000000 ) ;
#6989 = DIRECTION ( 'NONE',  ( -0.000000000000000000, 1.204669080539449344E-16, 1.000000000000000000 ) ) ;
#6990 = EDGE_LOOP ( 'NONE', ( #2475, #2655, #6132, #204, #3474, #7271, #442, #4206, #2205, #5347, #3367, #4927, #237 ) ) ;
#6991 = SURFACE_STYLE_FILL_AREA ( #686 ) ;
#6992 = PLANE ( 'NONE',  #2291 ) ;
#6993 = ORIENTED_EDGE ( 'NONE', *, *, #3503, .T. ) ;
#6994 = LINE ( 'NONE', #725, #5454 ) ;
#6995 = ORIENTED_EDGE ( 'NONE', *, *, #7206, .T. ) ;
#6996 = CARTESIAN_POINT ( 'NONE',  ( 2.080000000000000071, 0.8259778054016121418, 3.080165812735383035 ) ) ;
#6997 = VERTEX_POINT ( 'NONE', #1426 ) ;
#6998 = EDGE_LOOP ( 'NONE', ( #30, #6675, #2572, #1257, #3616, #3197 ) ) ;
#6999 = ORIENTED_EDGE ( 'NONE', *, *, #2847, .F. ) ;
#7000 = CARTESIAN_POINT ( 'NONE',  ( -1.560000000000000053, 2.310000000000000053, 0.9000000000000003553 ) ) ;
#7001 = DIRECTION ( 'NONE',  ( -1.000000000000000000, 0.000000000000000000, 0.000000000000000000 ) ) ;
#7002 = DIRECTION ( 'NONE',  ( 0.000000000000000000, -0.000000000000000000, -1.000000000000000000 ) ) ;
#7003 = CARTESIAN_POINT ( 'NONE',  ( -0.8199999999999997291, 0.9759778054016120530, -3.267971487849612000 ) ) ;
#7004 = CARTESIAN_POINT ( 'NONE',  ( -2.089999999999999858, 0.8999999999999998002, -3.100000000000000089 ) ) ;
#7005 = VECTOR ( 'NONE', #4704, 1000.000000000000000 ) ;
#7006 = ORIENTED_EDGE ( 'NONE', *, *, #6024, .T. ) ;
#7007 = EDGE_CURVE ( 'NONE', #268, #6493, #1591, .T. ) ;
#7008 = EDGE_LOOP ( 'NONE', ( #4410, #6239, #5736, #1978 ) ) ;
#7009 = VECTOR ( 'NONE', #1181, 1000.000000000000000 ) ;
#7010 =( NAMED_UNIT ( * ) PLANE_ANGLE_UNIT ( ) SI_UNIT ( $, .RADIAN. ) );
#7011 = LINE ( 'NONE', #6971, #6794 ) ;
#7012 = FILL_AREA_STYLE ('',( #3074 ) ) ;
#7014 = SURFACE_STYLE_FILL_AREA ( #1918 ) ;
#7013 = FACE_OUTER_BOUND ( 'NONE', #2471, .T. ) ;
#7015 = CARTESIAN_POINT ( 'NONE',  ( -0.8199999999999997291, 0.2299999999999995104, -3.347971487849612959 ) ) ;
#7016 =( GEOMETRIC_REPRESENTATION_CONTEXT ( 3 ) GLOBAL_UNCERTAINTY_ASSIGNED_CONTEXT ( ( #4948 ) ) GLOBAL_UNIT_ASSIGNED_CONTEXT ( ( #5443, #2600, #7148 ) ) REPRESENTATION_CONTEXT ( 'NONE', 'WORKASPACE' ) );
#7017 = ORIENTED_EDGE ( 'NONE', *, *, #969, .T. ) ;
#7018 = ORIENTED_EDGE ( 'NONE', *, *, #2439, .T. ) ;
#7019 = EDGE_CURVE ( 'NONE', #6343, #239, #3694, .T. ) ;
#7020 = PLANE ( 'NONE',  #6732 ) ;
#7021 = CARTESIAN_POINT ( 'NONE',  ( 0.8100000000000003864, 0.7459778054016127369, -3.347971487849612959 ) ) ;
#7022 =( NAMED_UNIT ( * ) PLANE_ANGLE_UNIT ( ) SI_UNIT ( $, .RADIAN. ) );
#7023 = AXIS2_PLACEMENT_3D ( 'NONE', #4573, #3877, #3281 ) ;
#7024 = ADVANCED_FACE ( 'NONE', ( #2548 ), #4819, .F. ) ;
#7025 = CARTESIAN_POINT ( 'NONE',  ( 1.720000000000000195, 0.2300000000000000655, 3.727162940046486739 ) ) ;
#7026 = SURFACE_STYLE_FILL_AREA ( #2968 ) ;
#7027 = EDGE_CURVE ( 'NONE', #4316, #4650, #6053, .T. ) ;
#7028 = AXIS2_PLACEMENT_3D ( 'NONE', #2633, #4915, #865 ) ;
#7029 = ORIENTED_EDGE ( 'NONE', *, *, #7342, .T. ) ;
#7030 = DIRECTION ( 'NONE',  ( -1.000000000000000000, -0.000000000000000000, -0.000000000000000000 ) ) ;
#7031 = ADVANCED_FACE ( 'NONE', ( #4852 ), #3133, .F. ) ;
#7032 = ORIENTED_EDGE ( 'NONE', *, *, #7060, .T. ) ;
#7033 = ORIENTED_EDGE ( 'NONE', *, *, #671, .F. ) ;
#7034 = SURFACE_STYLE_FILL_AREA ( #1384 ) ;
#7035 = ORIENTED_EDGE ( 'NONE', *, *, #860, .F. ) ;
#7036 = CARTESIAN_POINT ( 'NONE',  ( 3.100000000000000089, 2.309999999999999609, 0.000000000000000000 ) ) ;
#7037 = VERTEX_POINT ( 'NONE', #1941 ) ;
#7038 = ORIENTED_EDGE ( 'NONE', *, *, #5968, .T. ) ;
#7039 = PLANE ( 'NONE',  #6680 ) ;
#7040 =( NAMED_UNIT ( * ) SI_UNIT ( $, .STERADIAN. ) SOLID_ANGLE_UNIT ( ) );
#7041 = EDGE_CURVE ( 'NONE', #5356, #5270, #4935, .T. ) ;
#7042 = FILL_AREA_STYLE_COLOUR ( '', #1136 ) ;
#7043 = DIRECTION ( 'NONE',  ( 0.000000000000000000, -1.000000000000000000, -5.782411586589324901E-15 ) ) ;
#7044 = VECTOR ( 'NONE', #6067, 1000.000000000000000 ) ;
#7045 = VERTEX_POINT ( 'NONE', #4360 ) ;
#7046 = VERTEX_POINT ( 'NONE', #6649 ) ;
#7047 = DIRECTION ( 'NONE',  ( -1.000000000000000000, -0.000000000000000000, -0.000000000000000000 ) ) ;
#7048 = VECTOR ( 'NONE', #576, 1000.000000000000000 ) ;
#7049 = LINE ( 'NONE', #3526, #7165 ) ;
#7050 = CARTESIAN_POINT ( 'NONE',  ( -2.259999999999999787, 2.109999999999999432, 0.9000000000000000222 ) ) ;
#7051 = AXIS2_PLACEMENT_3D ( 'NONE', #1608, #3373, #3258 ) ;
#7053 = DIRECTION ( 'NONE',  ( 1.000000000000000000, 0.000000000000000000, 0.000000000000000000 ) ) ;
#7052 = DIRECTION ( 'NONE',  ( 1.000000000000000000, 0.000000000000000000, -0.000000000000000000 ) ) ;
#7054 = DIRECTION ( 'NONE',  ( -1.000000000000000000, -0.000000000000000000, -0.000000000000000000 ) ) ;
#7055 = VECTOR ( 'NONE', #47, 1000.000000000000000 ) ;
#7056 = AXIS2_PLACEMENT_3D ( 'NONE', #435, #4534, #2891 ) ;
#7057 = DIRECTION ( 'NONE',  ( -1.000000000000000000, -0.000000000000000000, -0.000000000000000000 ) ) ;
#7058 = DIRECTION ( 'NONE',  ( 0.000000000000000000, 0.000000000000000000, 1.000000000000000000 ) ) ;
#7059 = LINE ( 'NONE', #4197, #4523 ) ;
#7060 = EDGE_CURVE ( 'NONE', #4826, #1072, #880, .T. ) ;
#7061 = DIRECTION ( 'NONE',  ( 0.000000000000000000, 6.091907941747214293E-16, -1.000000000000000000 ) ) ;
#7062 = CARTESIAN_POINT ( 'NONE',  ( 2.080000000000000071, 0.1500000000000008271, 4.065000000000000391 ) ) ;
#7063 = FACE_OUTER_BOUND ( 'NONE', #1926, .T. ) ;
#7064 = EDGE_CURVE ( 'NONE', #6859, #4351, #264, .T. ) ;
#7065 = CARTESIAN_POINT ( 'NONE',  ( 1.720000000000000195, 0.8259778054016121418, 3.080165812735383035 ) ) ;
#7066 = EDGE_LOOP ( 'NONE', ( #6657, #549, #5652, #391 ) ) ;
#7067 = DIRECTION ( 'NONE',  ( 0.000000000000000000, -1.000000000000000000, -2.309200021407363875E-15 ) ) ;
#7068 = ORIENTED_EDGE ( 'NONE', *, *, #4894, .T. ) ;
#7069 = DIRECTION ( 'NONE',  ( -1.000000000000000000, -0.000000000000000000, -0.000000000000000000 ) ) ;
#7070 = CARTESIAN_POINT ( 'NONE',  ( -1.729999999999999760, 0.2092944763917980455, 3.649888873943361478 ) ) ;
#7071 = ORIENTED_EDGE ( 'NONE', *, *, #1106, .T. ) ;
#7072 = CYLINDRICAL_SURFACE ( 'NONE', #1066, 0.2300000000000005929 ) ;
#7073 = UNCERTAINTY_MEASURE_WITH_UNIT (LENGTH_MEASURE( 1.000000000000000082E-05 ), #6200, 'distance_accuracy_value', 'NONE');
#7074 = ORIENTED_EDGE ( 'NONE', *, *, #3757, .T. ) ;
#7075 = ORIENTED_EDGE ( 'NONE', *, *, #3849, .F. ) ;
#7076 = EDGE_CURVE ( 'NONE', #4286, #4316, #4784, .T. ) ;
#7077 = STYLED_ITEM ( 'NONE', ( #6044 ), #2972 ) ;
#7078 = ORIENTED_EDGE ( 'NONE', *, *, #5109, .T. ) ;
#7079 = PRESENTATION_STYLE_ASSIGNMENT (( #6503 ) ) ;
#7080 = CARTESIAN_POINT ( 'NONE',  ( -0.9899999999999997691, 2.109999999999999432, 5.445104244038310610E-16 ) ) ;
#7081 = CARTESIAN_POINT ( 'NONE',  ( -2.089999999999999858, 0.2092944763917980455, 3.649888873943361478 ) ) ;
#7082 = COLOUR_RGB ( '',0.2509803921568627416, 0.2509803921568627416, 0.2509803921568627416 ) ;
#7083 = ORIENTED_EDGE ( 'NONE', *, *, #6546, .F. ) ;
#7084 = EDGE_CURVE ( 'NONE', #4940, #3439, #4217, .T. ) ;
#7085 = ORIENTED_EDGE ( 'NONE', *, *, #605, .T. ) ;
#7086 = MECHANICAL_DESIGN_GEOMETRIC_PRESENTATION_REPRESENTATION (  '', ( #6118 ), #4930 ) ;
#7087 = CARTESIAN_POINT ( 'NONE',  ( 1.080000000000000293, 2.309999999999999609, 1.750000000000000000 ) ) ;
#7088 = CARTESIAN_POINT ( 'NONE',  ( 1.720000000000000195, -2.940055364177525671E-15, -3.497971487849612426 ) ) ;
#7089 = FACE_OUTER_BOUND ( 'NONE', #2115, .T. ) ;
#7090 = CARTESIAN_POINT ( 'NONE',  ( -1.729999999999999760, 0.000000000000000000, 4.065000000000001279 ) ) ;
#7091 = CIRCLE ( 'NONE', #3378, 0.07999999999999977962 ) ;
#7093 = VERTEX_POINT ( 'NONE', #5531 ) ;
#7092 =( LENGTH_UNIT ( ) NAMED_UNIT ( * ) SI_UNIT ( .MILLI., .METRE. ) );
#7094 = CARTESIAN_POINT ( 'NONE',  ( 3.100000000000000089, 2.059999999999999165, -3.099999999999999645 ) ) ;
#7095 = DIRECTION ( 'NONE',  ( 0.000000000000000000, 1.204669080539449590E-16, 1.000000000000000000 ) ) ;
#7096 = LINE ( 'NONE', #3114, #3644 ) ;
#7097 = SURFACE_STYLE_USAGE ( .BOTH. , #2451 ) ;
#7098 = DIRECTION ( 'NONE',  ( -1.000000000000000000, -0.000000000000000000, -0.000000000000000000 ) ) ;
#7099 = FACE_OUTER_BOUND ( 'NONE', #7066, .T. ) ;
#7100 = VECTOR ( 'NONE', #7057, 1000.000000000000000 ) ;
#7101 = DIRECTION ( 'NONE',  ( 0.000000000000000000, 0.000000000000000000, -1.000000000000000000 ) ) ;
#7102 = AXIS2_PLACEMENT_3D ( 'NONE', #6381, #4730, #6276 ) ;
#7103 = ADVANCED_FACE ( 'NONE', ( #1567 ), #2161, .T. ) ;
#7104 = FACE_OUTER_BOUND ( 'NONE', #195, .T. ) ;
#7105 = LINE ( 'NONE', #7142, #3483 ) ;
#7106 = SURFACE_STYLE_USAGE ( .BOTH. , #938 ) ;
#7107 = VERTEX_POINT ( 'NONE', #3839 ) ;
#7108 =( GEOMETRIC_REPRESENTATION_CONTEXT ( 3 ) GLOBAL_UNCERTAINTY_ASSIGNED_CONTEXT ( ( #1634 ) ) GLOBAL_UNIT_ASSIGNED_CONTEXT ( ( #3185, #898, #3230 ) ) REPRESENTATION_CONTEXT ( 'NONE', 'WORKASPACE' ) );
#7109 = FILL_AREA_STYLE ('',( #763 ) ) ;
#7110 = EDGE_LOOP ( 'NONE', ( #1827, #5477, #3328, #7018 ) ) ;
#7111 = EDGE_CURVE ( 'NONE', #4582, #6776, #6726, .T. ) ;
#7112 = ORIENTED_EDGE ( 'NONE', *, *, #3602, .T. ) ;
#7113 = PRESENTATION_STYLE_ASSIGNMENT (( #5944 ) ) ;
#7114 = LINE ( 'NONE', #3766, #1976 ) ;
#7115 = CARTESIAN_POINT ( 'NONE',  ( 0.8100000000000003864, 0.2300000000000000655, 3.727162940046486739 ) ) ;
#7116 = DIRECTION ( 'NONE',  ( -0.000000000000000000, -0.000000000000000000, -1.000000000000000000 ) ) ;
#7117 = ORIENTED_EDGE ( 'NONE', *, *, #3266, .T. ) ;
#7118 = VERTEX_POINT ( 'NONE', #6127 ) ;
#7119 = EDGE_CURVE ( 'NONE', #405, #2617, #5603, .T. ) ;
#7120 = STYLED_ITEM ( 'NONE', ( #6974 ), #382 ) ;
#7121 = VERTEX_POINT ( 'NONE', #6687 ) ;
#7122 = DIRECTION ( 'NONE',  ( -1.000000000000000000, 0.000000000000000000, 0.000000000000000000 ) ) ;
#7123 = DIRECTION ( 'NONE',  ( 0.000000000000000000, 0.9914448613738112703, -0.1305261922200449398 ) ) ;
#7124 = CARTESIAN_POINT ( 'NONE',  ( -0.4599999999999996869, 0.7459778054016120707, 3.267971487849611556 ) ) ;
#7125 = LINE ( 'NONE', #6972, #2645 ) ;
#7126 = EDGE_CURVE ( 'NONE', #4575, #5270, #25, .T. ) ;
#7128 = CARTESIAN_POINT ( 'NONE',  ( 1.550000000000000266, 1.809999999999999609, 0.9000000000000000222 ) ) ;
#7127 = FACE_OUTER_BOUND ( 'NONE', #4618, .T. ) ;
#7129 = FILL_AREA_STYLE ('',( #5396 ) ) ;
#7130 = VECTOR ( 'NONE', #6686, 1000.000000000000000 ) ;
#7131 = CARTESIAN_POINT ( 'NONE',  ( -1.729999999999999760, 0.1500000000000008271, -4.065000000000000391 ) ) ;
#7132 = CARTESIAN_POINT ( 'NONE',  ( -1.729999999999999760, 0.9000000000000003553, 3.100000000000000533 ) ) ;
#7133 = SURFACE_STYLE_USAGE ( .BOTH. , #4872 ) ;
#7134 = EDGE_CURVE ( 'NONE', #4075, #405, #6255, .T. ) ;
#7135 = CARTESIAN_POINT ( 'NONE',  ( 2.080000000000000071, 0.8999999999999998002, -3.100000000000000089 ) ) ;
#7136 = AXIS2_PLACEMENT_3D ( 'NONE', #3215, #3331, #6846 ) ;
#7137 = DIRECTION ( 'NONE',  ( 1.000000000000000000, 0.000000000000000000, 0.000000000000000000 ) ) ;
#7138 = DIRECTION ( 'NONE',  ( 0.000000000000000000, 0.000000000000000000, 1.000000000000000000 ) ) ;
#7139 =( NAMED_UNIT ( * ) SI_UNIT ( $, .STERADIAN. ) SOLID_ANGLE_UNIT ( ) );
#7140 = VECTOR ( 'NONE', #5002, 1000.000000000000000 ) ;
#7141 = CARTESIAN_POINT ( 'NONE',  ( 0.8100000000000003864, 0.1500000000000008271, 4.065000000000000391 ) ) ;
#7142 = CARTESIAN_POINT ( 'NONE',  ( -0.9899999999999997691, 1.809999999999999609, 0.9000000000000003553 ) ) ;
#7143 = FILL_AREA_STYLE_COLOUR ( '', #3867 ) ;
#7144 = CARTESIAN_POINT ( 'NONE',  ( -1.729999999999999760, -2.940055364177525671E-15, -3.497971487849612426 ) ) ;
#7145 = ORIENTED_EDGE ( 'NONE', *, *, #5968, .F. ) ;
#7146 = VECTOR ( 'NONE', #7098, 1000.000000000000000 ) ;
#7147 = ORIENTED_EDGE ( 'NONE', *, *, #3000, .F. ) ;
#7148 =( NAMED_UNIT ( * ) SI_UNIT ( $, .STERADIAN. ) SOLID_ANGLE_UNIT ( ) );
#7149 = ORIENTED_EDGE ( 'NONE', *, *, #5597, .F. ) ;
#7150 = LINE ( 'NONE', #946, #4884 ) ;
#7151 = CARTESIAN_POINT ( 'NONE',  ( 0.2799999999999998601, 1.809999999999999609, -0.9000000000000000222 ) ) ;
#7152 = DIRECTION ( 'NONE',  ( 0.000000000000000000, 0.000000000000000000, 1.000000000000000000 ) ) ;
#7153 = DIRECTION ( 'NONE',  ( 1.000000000000000000, 0.000000000000000000, 0.000000000000000000 ) ) ;
#7154 = ORIENTED_EDGE ( 'NONE', *, *, #1133, .T. ) ;
#7155 = ADVANCED_FACE ( 'NONE', ( #3883, #3917 ), #5045, .F. ) ;
#7156 = ORIENTED_EDGE ( 'NONE', *, *, #1968, .T. ) ;
#7157 = ORIENTED_EDGE ( 'NONE', *, *, #4711, .T. ) ;
#7158 = CARTESIAN_POINT ( 'NONE',  ( -0.8199999999999997291, 0.9000000000000003553, 3.100000000000000533 ) ) ;
#7159 = VERTEX_POINT ( 'NONE', #1135 ) ;
#7160 = DIRECTION ( 'NONE',  ( 0.000000000000000000, 0.000000000000000000, -1.000000000000000000 ) ) ;
#7161 = AXIS2_PLACEMENT_3D ( 'NONE', #4020, #796, #4763 ) ;
#7162 = DIRECTION ( 'NONE',  ( 1.000000000000000000, -0.000000000000000000, -0.000000000000000000 ) ) ;
#7163 = DIRECTION ( 'NONE',  ( -0.000000000000000000, 1.000000000000000000, -0.000000000000000000 ) ) ;
#7164 = SURFACE_STYLE_FILL_AREA ( #3858 ) ;
#7165 = VECTOR ( 'NONE', #2918, 1000.000000000000000 ) ;
#7166 = VECTOR ( 'NONE', #2036, 1000.000000000000227 ) ;
#7167 = EDGE_CURVE ( 'NONE', #3129, #1799, #1100, .T. ) ;
#7168 = VECTOR ( 'NONE', #5665, 1000.000000000000000 ) ;
#7169 = CARTESIAN_POINT ( 'NONE',  ( 2.080000000000000071, 0.9759778054016126081, 3.089997332157669252 ) ) ;
#7170 = CARTESIAN_POINT ( 'NONE',  ( 1.550000000000000266, 2.310000000000000053, 0.9000000000000003553 ) ) ;
#7171 = VECTOR ( 'NONE', #308, 1000.000000000000000 ) ;
#7172 = DIRECTION ( 'NONE',  ( -1.000000000000000000, 0.000000000000000000, 0.000000000000000000 ) ) ;
#7173 = LINE ( 'NONE', #3642, #1994 ) ;
#7174 = PRESENTATION_STYLE_ASSIGNMENT (( #5407 ) ) ;
#7175 = AXIS2_PLACEMENT_3D ( 'NONE', #2970, #4058, #4726 ) ;
#7176 = CARTESIAN_POINT ( 'NONE',  ( 0.2800000000000003042, 1.909999999999999476, -0.8999999999999995781 ) ) ;
#7177 = COLOUR_RGB ( '',0.2509803921568627416, 0.2509803921568627416, 0.2509803921568627416 ) ;
#7178 = EDGE_CURVE ( 'NONE', #5646, #3018, #2272, .T. ) ;
#7179 = DIRECTION ( 'NONE',  ( -1.000000000000000000, 0.000000000000000000, 0.000000000000000000 ) ) ;
#7180 = CARTESIAN_POINT ( 'NONE',  ( -0.4599999999999996869, 0.7459778054016127369, -3.267971487849611556 ) ) ;
#7181 = DIRECTION ( 'NONE',  ( 0.000000000000000000, -0.1305261922200433300, 0.9914448613738116034 ) ) ;
#7182 = EDGE_LOOP ( 'NONE', ( #2652, #1580, #7390, #5686 ) ) ;
#7183 =( LENGTH_UNIT ( ) NAMED_UNIT ( * ) SI_UNIT ( .MILLI., .METRE. ) );
#7184 = DIRECTION ( 'NONE',  ( 0.000000000000000000, -0.000000000000000000, -1.000000000000000000 ) ) ;
#7185 = ORIENTED_EDGE ( 'NONE', *, *, #6960, .F. ) ;
#7186 = VERTEX_POINT ( 'NONE', #475 ) ;
#7187 = FILL_AREA_STYLE_COLOUR ( '', #1399 ) ;
#7188 = CARTESIAN_POINT ( 'NONE',  ( -1.459999999999999964, 2.109999999999999432, -1.750000000000000000 ) ) ;
#7189 = CARTESIAN_POINT ( 'NONE',  ( 0.4500000000000002887, 0.7459778054016120707, 3.267971487849611556 ) ) ;
#7190 = VERTEX_POINT ( 'NONE', #6762 ) ;
#7191 = AXIS2_PLACEMENT_3D ( 'NONE', #7346, #4543, #1171 ) ;
#7192 = ORIENTED_EDGE ( 'NONE', *, *, #3657, .T. ) ;
#7193 = EDGE_LOOP ( 'NONE', ( #5879, #6263, #328, #305 ) ) ;
#7194 = DIRECTION ( 'NONE',  ( -0.000000000000000000, 1.000000000000000000, 0.000000000000000000 ) ) ;
#7195 = ORIENTED_EDGE ( 'NONE', *, *, #3070, .T. ) ;
#7196 = EDGE_CURVE ( 'NONE', #7373, #1499, #3323, .T. ) ;
#7197 = DIRECTION ( 'NONE',  ( -1.000000000000000000, 0.000000000000000000, 0.000000000000000000 ) ) ;
#7198 = VECTOR ( 'NONE', #4635, 1000.000000000000000 ) ;
#7199 = SURFACE_SIDE_STYLE ('',( #667 ) ) ;
#7200 = DIRECTION ( 'NONE',  ( -1.000000000000000000, -0.000000000000000000, -0.000000000000000000 ) ) ;
#7201 = MECHANICAL_DESIGN_GEOMETRIC_PRESENTATION_REPRESENTATION (  '', ( #4304 ), #3008 ) ;
#7202 = UNCERTAINTY_MEASURE_WITH_UNIT (LENGTH_MEASURE( 1.000000000000000082E-05 ), #5559, 'distance_accuracy_value', 'NONE');
#7203 = SURFACE_STYLE_USAGE ( .BOTH. , #375 ) ;
#7204 = DIRECTION ( 'NONE',  ( 0.000000000000000000, 1.000000000000000000, -8.405029527513195585E-16 ) ) ;
#7205 = STYLED_ITEM ( 'NONE', ( #4624 ), #3423 ) ;
#7206 = EDGE_CURVE ( 'NONE', #1824, #685, #2128, .T. ) ;
#7207 = VECTOR ( 'NONE', #6778, 1000.000000000000000 ) ;
#7208 = LINE ( 'NONE', #3819, #902 ) ;
#7209 = SURFACE_STYLE_FILL_AREA ( #3269 ) ;
#7210 = COLOUR_RGB ( '',0.2509803921568627416, 0.2509803921568627416, 0.2509803921568627416 ) ;
#7211 = DIRECTION ( 'NONE',  ( 0.000000000000000000, 1.000000000000000000, -2.226157494760227923E-16 ) ) ;
#7212 = DIRECTION ( 'NONE',  ( 0.000000000000000000, 0.000000000000000000, -1.000000000000000000 ) ) ;
#7213 = EDGE_CURVE ( 'NONE', #5528, #6136, #2767, .T. ) ;
#7214 = CARTESIAN_POINT ( 'NONE',  ( 2.080000000000000071, 0.7459778054016120707, 3.267971487849611556 ) ) ;
#7215 = VERTEX_POINT ( 'NONE', #5643 ) ;
#7216 = CARTESIAN_POINT ( 'NONE',  ( 0.4500000000000002887, 0.2299999999999995104, -3.347971487849612959 ) ) ;
#7217 = DIRECTION ( 'NONE',  ( -0.000000000000000000, -0.000000000000000000, 1.000000000000000000 ) ) ;
#7218 = DIRECTION ( 'NONE',  ( 0.000000000000000000, 0.000000000000000000, 1.000000000000000000 ) ) ;
#7219 = STYLED_ITEM ( 'NONE', ( #5214 ), #5152 ) ;
#7220 = DIRECTION ( 'NONE',  ( -2.409338161078898687E-16, 0.000000000000000000, -1.000000000000000000 ) ) ;
#7221 = SURFACE_SIDE_STYLE ('',( #978 ) ) ;
#7222 = ADVANCED_FACE ( 'NONE', ( #5825 ), #2979, .F. ) ;
#7223 = EDGE_CURVE ( 'NONE', #6022, #2841, #3472, .T. ) ;
#7224 = VERTEX_POINT ( 'NONE', #724 ) ;
#7225 =( NAMED_UNIT ( * ) SI_UNIT ( $, .STERADIAN. ) SOLID_ANGLE_UNIT ( ) );
#7226 = DIRECTION ( 'NONE',  ( 0.000000000000000000, -6.091907941747214293E-16, 1.000000000000000000 ) ) ;
#7227 = VERTEX_POINT ( 'NONE', #1277 ) ;
#7228 = LINE ( 'NONE', #3463, #5142 ) ;
#7229 =( NAMED_UNIT ( * ) SI_UNIT ( $, .STERADIAN. ) SOLID_ANGLE_UNIT ( ) );
#7230 = CARTESIAN_POINT ( 'NONE',  ( 3.100000000000000089, 0.1000000000000000472, -2.885640646055107172 ) ) ;
#7231 = CARTESIAN_POINT ( 'NONE',  ( 1.720000000000000195, 0.2092944763917980455, 3.649888873943361478 ) ) ;
#7232 = ADVANCED_FACE ( 'NONE', ( #216 ), #6992, .F. ) ;
#7233 = VERTEX_POINT ( 'NONE', #4062 ) ;
#7234 = VERTEX_POINT ( 'NONE', #179 ) ;
#7235 = AXIS2_PLACEMENT_3D ( 'NONE', #1331, #5358, #1874 ) ;
#7236 = VERTEX_POINT ( 'NONE', #1244 ) ;
#7237 = DIRECTION ( 'NONE',  ( 0.000000000000000000, 5.773000053518395884E-16, -1.000000000000000000 ) ) ;
#7238 = ORIENTED_EDGE ( 'NONE', *, *, #3228, .T. ) ;
#7239 = CARTESIAN_POINT ( 'NONE',  ( 2.349999999999999645, 2.109999999999999432, -1.750000000000000000 ) ) ;
#7240 = DIRECTION ( 'NONE',  ( 0.000000000000000000, 0.000000000000000000, 1.000000000000000000 ) ) ;
#7241 = CARTESIAN_POINT ( 'NONE',  ( 0.4500000000000002887, 0.2299999999999995104, -3.497971487849612426 ) ) ;
#7242 = FILL_AREA_STYLE_COLOUR ( '', #7082 ) ;
#7244 = LINE ( 'NONE', #7320, #3454 ) ;
#7243 = FACE_OUTER_BOUND ( 'NONE', #6058, .T. ) ;
#7245 = VECTOR ( 'NONE', #1987, 1000.000000000000000 ) ;
#7246 = ADVANCED_FACE ( 'NONE', ( #2422 ), #4695, .T. ) ;
#7247 = SURFACE_STYLE_FILL_AREA ( #7129 ) ;
#7248 = CARTESIAN_POINT ( 'NONE',  ( 3.100000000000000089, 0.1000000000000000472, -2.885640646055107172 ) ) ;
#7249 = FILL_AREA_STYLE ('',( #4336 ) ) ;
#7250 = PRESENTATION_LAYER_ASSIGNMENT (  '', '', ( #1161 ) ) ;
#7251 = PLANE ( 'NONE',  #4404 ) ;
#7252 =( NAMED_UNIT ( * ) SI_UNIT ( $, .STERADIAN. ) SOLID_ANGLE_UNIT ( ) );
#7253 = LINE ( 'NONE', #1692, #5127 ) ;
#7254 = EDGE_CURVE ( 'NONE', #4465, #460, #6133, .T. ) ;
#7255 = CARTESIAN_POINT ( 'NONE',  ( 1.720000000000000195, -0.7147114317029787944, -2.667339375865898976 ) ) ;
#7256 = EDGE_LOOP ( 'NONE', ( #6964, #3067, #6281, #742 ) ) ;
#7257 = CARTESIAN_POINT ( 'NONE',  ( -1.729999999999999760, 0.7459778054016120707, 3.267971487849611556 ) ) ;
#7258 = AXIS2_PLACEMENT_3D ( 'NONE', #2844, #6170, #5688 ) ;
#7259 = DIRECTION ( 'NONE',  ( -1.000000000000000000, 0.000000000000000000, 0.000000000000000000 ) ) ;
#7260 = SURFACE_SIDE_STYLE ('',( #573 ) ) ;
#7261 = CARTESIAN_POINT ( 'NONE',  ( -0.4599999999999996869, 0.000000000000000000, 4.065000000000001279 ) ) ;
#7262 =( NAMED_UNIT ( * ) PLANE_ANGLE_UNIT ( ) SI_UNIT ( $, .RADIAN. ) );
#7263 = DIRECTION ( 'NONE',  ( 0.000000000000000000, -1.000000000000000000, 0.000000000000000000 ) ) ;
#7264 = EDGE_CURVE ( 'NONE', #911, #4465, #4026, .T. ) ;
#7265 = ORIENTED_EDGE ( 'NONE', *, *, #7254, .T. ) ;
#7266 = CARTESIAN_POINT ( 'NONE',  ( -2.089999999999999858, 0.9759778054016119420, -3.089997332157668808 ) ) ;
#7267 = PRESENTATION_STYLE_ASSIGNMENT (( #436 ) ) ;
#7268 = DIRECTION ( 'NONE',  ( 0.000000000000000000, 0.000000000000000000, -1.000000000000000000 ) ) ;
#7269 = FACE_OUTER_BOUND ( 'NONE', #2203, .T. ) ;
#7270 = AXIS2_PLACEMENT_3D ( 'NONE', #1015, #5378, #2538 ) ;
#7271 = ORIENTED_EDGE ( 'NONE', *, *, #5333, .F. ) ;
#7272 = ORIENTED_EDGE ( 'NONE', *, *, #4591, .T. ) ;
#7273 = EDGE_CURVE ( 'NONE', #601, #4014, #3583, .T. ) ;
#7274 = ORIENTED_EDGE ( 'NONE', *, *, #4125, .T. ) ;
#7275 = DIRECTION ( 'NONE',  ( -1.000000000000000000, -0.000000000000000000, -0.000000000000000000 ) ) ;
#7276 = ORIENTED_EDGE ( 'NONE', *, *, #1890, .T. ) ;
#7277 = VECTOR ( 'NONE', #3025, 1000.000000000000000 ) ;
#7278 = CARTESIAN_POINT ( 'NONE',  ( -1.729999999999999760, 0.9000000000000003553, 3.100000000000000533 ) ) ;
#7279 = DIRECTION ( 'NONE',  ( -1.000000000000000000, -0.000000000000000000, -0.000000000000000000 ) ) ;
#7281 = LINE ( 'NONE', #6105, #4274 ) ;
#7280 = LINE ( 'NONE', #412, #5353 ) ;
#7282 =( NAMED_UNIT ( * ) SI_UNIT ( $, .STERADIAN. ) SOLID_ANGLE_UNIT ( ) );
#7283 = DIRECTION ( 'NONE',  ( -1.000000000000000000, 0.000000000000000000, 0.000000000000000000 ) ) ;
#7284 = DIRECTION ( 'NONE',  ( -0.000000000000000000, 1.000000000000000000, 0.000000000000000000 ) ) ;
#7285 = CARTESIAN_POINT ( 'NONE',  ( -0.4599999999999996869, 0.9759778054016126081, 3.089997332157669252 ) ) ;
#7286 = APPLICATION_CONTEXT ( 'automotive_design' ) ;
#7287 = CARTESIAN_POINT ( 'NONE',  ( -0.2899999999999998690, 1.809999999999999609, 0.9000000000000003553 ) ) ;
#7288 = CARTESIAN_POINT ( 'NONE',  ( -0.8199999999999997291, 0.000000000000000000, -4.065000000000001279 ) ) ;
#7289 = VECTOR ( 'NONE', #4485, 1000.000000000000000 ) ;
#7290 = ORIENTED_EDGE ( 'NONE', *, *, #3356, .F. ) ;
#7291 = VECTOR ( 'NONE', #5541, 1000.000000000000000 ) ;
#7292 = LINE ( 'NONE', #2150, #429 ) ;
#7293 = DIRECTION ( 'NONE',  ( 0.000000000000000000, 0.000000000000000000, 1.000000000000000000 ) ) ;
#7294 = EDGE_CURVE ( 'NONE', #2275, #1497, #2936, .T. ) ;
#7295 = CARTESIAN_POINT ( 'NONE',  ( -0.8199999999999997291, 0.7459778054016127369, -3.267971487849611556 ) ) ;
#7296 = DIRECTION ( 'NONE',  ( 1.000000000000000000, 0.000000000000000000, 0.000000000000000000 ) ) ;
#7297 = COLOUR_RGB ( '',0.2509803921568627416, 0.2509803921568627416, 0.2509803921568627416 ) ;
#7298 = SHAPE_REPRESENTATION ( 'TE-1571983-4pole', ( #655, #6007 ), #3850 ) ;
#7299 =( NAMED_UNIT ( * ) SI_UNIT ( $, .STERADIAN. ) SOLID_ANGLE_UNIT ( ) );
#7300 = EDGE_CURVE ( 'NONE', #1055, #4552, #5302, .T. ) ;
#7301 = VECTOR ( 'NONE', #240, 1000.000000000000000 ) ;
#7302 = VECTOR ( 'NONE', #5512, 999.9999999999998863 ) ;
#7303 = ORIENTED_EDGE ( 'NONE', *, *, #2439, .F. ) ;
#7304 = ADVANCED_FACE ( 'NONE', ( #2463 ), #6948, .T. ) ;
#7305 = DIRECTION ( 'NONE',  ( 0.000000000000000000, 1.000000000000000000, -8.405029527513195585E-16 ) ) ;
#7306 = DIRECTION ( 'NONE',  ( -1.000000000000000000, -0.000000000000000000, -0.000000000000000000 ) ) ;
#7307 = VERTEX_POINT ( 'NONE', #5157 ) ;
#7308 = ORIENTED_EDGE ( 'NONE', *, *, #2314, .T. ) ;
#7309 = VERTEX_POINT ( 'NONE', #618 ) ;
#7310 = EDGE_CURVE ( 'NONE', #1124, #2695, #6307, .T. ) ;
#7311 = EDGE_LOOP ( 'NONE', ( #2954, #5806, #6312, #214 ) ) ;
#7312 = ORIENTED_EDGE ( 'NONE', *, *, #4667, .F. ) ;
#7313 = LINE ( 'NONE', #4434, #4243 ) ;
#7314 = ORIENTED_EDGE ( 'NONE', *, *, #2693, .F. ) ;
#7315 = FACE_OUTER_BOUND ( 'NONE', #3735, .T. ) ;
#7316 = LINE ( 'NONE', #3996, #5679 ) ;
#7317 = LINE ( 'NONE', #4558, #1013 ) ;
#7318 = FACE_OUTER_BOUND ( 'NONE', #989, .T. ) ;
#7320 = CARTESIAN_POINT ( 'NONE',  ( -0.8199999999999997291, 0.8259778054016121418, 3.080165812735383035 ) ) ;
#7319 = DIRECTION ( 'NONE',  ( -1.000000000000000000, 0.000000000000000000, -0.000000000000000000 ) ) ;
#7321 = EDGE_CURVE ( 'NONE', #4584, #3723, #3756, .T. ) ;
#7322 = ORIENTED_EDGE ( 'NONE', *, *, #1843, .T. ) ;
#7323 = UNCERTAINTY_MEASURE_WITH_UNIT (LENGTH_MEASURE( 1.000000000000000082E-05 ), #2037, 'distance_accuracy_value', 'NONE');
#7324 = VECTOR ( 'NONE', #6236, 1000.000000000000000 ) ;
#7325 = DIRECTION ( 'NONE',  ( 0.000000000000000000, 0.000000000000000000, 1.000000000000000000 ) ) ;
#7326 = CARTESIAN_POINT ( 'NONE',  ( 2.540000000000000036, 1.809999999999999609, 0.000000000000000000 ) ) ;
#7327 = DIRECTION ( 'NONE',  ( -1.000000000000000000, -0.000000000000000000, -0.000000000000000000 ) ) ;
#7328 = DIRECTION ( 'NONE',  ( -1.000000000000000000, 0.000000000000000000, 0.000000000000000000 ) ) ;
#7329 = DIRECTION ( 'NONE',  ( -0.000000000000000000, -0.000000000000000000, -1.000000000000000000 ) ) ;
#7330 =( GEOMETRIC_REPRESENTATION_CONTEXT ( 3 ) GLOBAL_UNCERTAINTY_ASSIGNED_CONTEXT ( ( #4444 ) ) GLOBAL_UNIT_ASSIGNED_CONTEXT ( ( #3147, #5464, #5542 ) ) REPRESENTATION_CONTEXT ( 'NONE', 'WORKASPACE' ) );
#7331 = CARTESIAN_POINT ( 'NONE',  ( 1.550000000000000266, 1.809999999999999609, 0.9000000000000003553 ) ) ;
#7332 = EDGE_LOOP ( 'NONE', ( #6308, #3034, #136, #4816 ) ) ;
#7333 = MANIFOLD_SOLID_BREP ( 'Pin [2]', #1117 ) ;
#7334 = VECTOR ( 'NONE', #6577, 1000.000000000000000 ) ;
#7335 = DIRECTION ( 'NONE',  ( 0.000000000000000000, -2.226157494760227923E-16, -1.000000000000000000 ) ) ;
#7336 = CARTESIAN_POINT ( 'NONE',  ( 1.720000000000000195, 0.7666833290098139519, 3.345245553952737261 ) ) ;
#7337 = VECTOR ( 'NONE', #300, 999.9999999999998863 ) ;
#7338 = AXIS2_PLACEMENT_3D ( 'NONE', #2120, #2194, #533 ) ;
#7339 = CARTESIAN_POINT ( 'NONE',  ( -0.4599999999999996869, 0.7666833290098139519, 3.345245553952737261 ) ) ;
#7340 = CARTESIAN_POINT ( 'NONE',  ( -2.259999999999999787, 2.109999999999999432, -0.9000000000000000222 ) ) ;
#7341 = CARTESIAN_POINT ( 'NONE',  ( -0.4599999999999996869, 0.9759778054016128301, 3.267971487849612000 ) ) ;
#7342 = EDGE_CURVE ( 'NONE', #7234, #685, #4924, .T. ) ;
#7343 = PLANE ( 'NONE',  #3969 ) ;
#7344 = PRESENTATION_LAYER_ASSIGNMENT (  '', '', ( #2187 ) ) ;
#7345 = ORIENTED_EDGE ( 'NONE', *, *, #66, .T. ) ;
#7346 = CARTESIAN_POINT ( 'NONE',  ( 0.8100000000000003864, -2.940055364177525671E-15, -3.497971487849612426 ) ) ;
#7347 = UNCERTAINTY_MEASURE_WITH_UNIT (LENGTH_MEASURE( 1.000000000000000082E-05 ), #1585, 'distance_accuracy_value', 'NONE');
#7348 = CARTESIAN_POINT ( 'NONE',  ( 2.080000000000000071, 0.7666833290098139519, 3.345245553952736817 ) ) ;
#7349 = DIRECTION ( 'NONE',  ( -1.000000000000000000, 0.000000000000000000, 0.000000000000000000 ) ) ;
#7350 = VECTOR ( 'NONE', #6850, 1000.000000000000000 ) ;
#7351 = ORIENTED_EDGE ( 'NONE', *, *, #2042, .T. ) ;
#7352 = EDGE_LOOP ( 'NONE', ( #4343, #6902, #751, #5242 ) ) ;
#7353 = VECTOR ( 'NONE', #1409, 1000.000000000000000 ) ;
#7354 = EDGE_CURVE ( 'NONE', #1124, #5824, #3195, .T. ) ;
#7355 = ORIENTED_EDGE ( 'NONE', *, *, #5334, .T. ) ;
#7356 = ORIENTED_EDGE ( 'NONE', *, *, #5690, .F. ) ;
#7357 = CARTESIAN_POINT ( 'NONE',  ( 0.2800000000000003042, 2.109999999999999432, 0.9000000000000000222 ) ) ;
#7358 = FILL_AREA_STYLE ('',( #5054 ) ) ;
#7359 = FACE_OUTER_BOUND ( 'NONE', #3173, .T. ) ;
#7360 = DIRECTION ( 'NONE',  ( -0.000000000000000000, 1.000000000000000000, -0.000000000000000000 ) ) ;
#7361 = LINE ( 'NONE', #5729, #6474 ) ;
#7362 = CARTESIAN_POINT ( 'NONE',  ( 0.8100000000000003864, 0.7459778054016127369, -3.267971487849611556 ) ) ;
#7363 = AXIS2_PLACEMENT_3D ( 'NONE', #4078, #3072, #818 ) ;
#7364 = VERTEX_POINT ( 'NONE', #6456 ) ;
#7365 = CARTESIAN_POINT ( 'NONE',  ( 1.720000000000000195, 0.1500000000000008271, 4.065000000000000391 ) ) ;
#7366 = FILL_AREA_STYLE_COLOUR ( '', #1721 ) ;
#7367 = EDGE_CURVE ( 'NONE', #1320, #4503, #4275, .T. ) ;
#7368 = CARTESIAN_POINT ( 'NONE',  ( 0.2800000000000003042, 2.310000000000000053, -0.09999999999999961697 ) ) ;
#7369 = DIRECTION ( 'NONE',  ( 0.000000000000000000, -1.000000000000000000, 0.000000000000000000 ) ) ;
#7371 = ORIENTED_EDGE ( 'NONE', *, *, #4296, .F. ) ;
#7370 = DIRECTION ( 'NONE',  ( 1.000000000000000000, 0.000000000000000000, 0.000000000000000000 ) ) ;
#7372 = CARTESIAN_POINT ( 'NONE',  ( 0.8100000000000003864, 0.000000000000000000, 4.065000000000001279 ) ) ;
#7373 = VERTEX_POINT ( 'NONE', #2602 ) ;
#7374 = MANIFOLD_SOLID_BREP ( 'Pin 2', #4551 ) ;
#7375 = DIRECTION ( 'NONE',  ( 0.000000000000000000, 0.000000000000000000, 1.000000000000000000 ) ) ;
#7376 = DIRECTION ( 'NONE',  ( -0.000000000000000000, 0.000000000000000000, 1.000000000000000000 ) ) ;
#7377 = ADVANCED_FACE ( 'NONE', ( #6600 ), #4773, .T. ) ;
#7378 = PLANE ( 'NONE',  #3786 ) ;
#7379 = AXIS2_PLACEMENT_3D ( 'NONE', #5275, #4783, #5802 ) ;
#7380 = FILL_AREA_STYLE ('',( #538 ) ) ;
#7381 = ORIENTED_EDGE ( 'NONE', *, *, #2468, .F. ) ;
#7382 = LINE ( 'NONE', #5567, #3300 ) ;
#7383 = DIRECTION ( 'NONE',  ( 0.000000000000000000, -1.000000000000000000, 0.000000000000000000 ) ) ;
#7384 = CARTESIAN_POINT ( 'NONE',  ( 0.8100000000000003864, 0.8259778054016116977, 3.267971487849612000 ) ) ;
#7385 = ORIENTED_EDGE ( 'NONE', *, *, #4619, .F. ) ;
#7386 = VERTEX_POINT ( 'NONE', #2831 ) ;
#7387 = MECHANICAL_DESIGN_GEOMETRIC_PRESENTATION_REPRESENTATION (  '', ( #2227 ), #7016 ) ;
#7388 = UNCERTAINTY_MEASURE_WITH_UNIT (LENGTH_MEASURE( 1.000000000000000082E-05 ), #6565, 'distance_accuracy_value', 'NONE');
#7389 = ORIENTED_EDGE ( 'NONE', *, *, #2512, .T. ) ;
#7390 = ORIENTED_EDGE ( 'NONE', *, *, #5413, .F. ) ;
#7391 = DIRECTION ( 'NONE',  ( 0.000000000000000000, -2.309200021407363481E-15, 1.000000000000000000 ) ) ;
#7392 = CARTESIAN_POINT ( 'NONE',  ( -0.4599999999999996869, 0.000000000000000000, -3.347971487849612959 ) ) ;
#7394 = LINE ( 'NONE', #6886, #6627 ) ;
#7393 = VECTOR ( 'NONE', #2081, 1000.000000000000000 ) ;
#7395 = EDGE_CURVE ( 'NONE', #1017, #1246, #2153, .T. ) ;
#7396 = CARTESIAN_POINT ( 'NONE',  ( 2.080000000000000071, 0.8259778054016116977, 3.267971487849612000 ) ) ;
#7397 = NEXT_ASSEMBLY_USAGE_OCCURRENCE ( 'NAUO1', ' ', ' ', #1167, #2476, $ ) ;
ENDSEC;
END-ISO-10303-21;
