ISO-10303-21;
HEADER;
FILE_DESCRIPTION (( 'STEP AP214' ),
    '1' );
FILE_NAME ('BSS138W.STEP',
    '2025-12-08T09:24:44',
    ( 'LENOVO' ),
    ( '' ),
    'SwSTEP 2.0',
    'SolidWorks 2021',
    '' );
FILE_SCHEMA (( 'AUTOMOTIVE_DESIGN' ));
ENDSEC;

DATA;
#1 = DIRECTION ( 'NONE',  ( 0.000000000000000000, 0.000000000000000000, 1.000000000000000000 ) ) ;
#2 = CARTESIAN_POINT ( 'NONE',  ( -0.6250000000000002220, 0.6749999999999999334, -0.9999999999999991118 ) ) ;
#3 = EDGE_CURVE ( 'NONE', #1408, #379, #882, .T. ) ;
#4 = CARTESIAN_POINT ( 'NONE',  ( -0.6250000000000001110, 0.4600000000000000200, -0.5374999999999999778 ) ) ;
#5 =( NAMED_UNIT ( * ) SI_UNIT ( $, .STERADIAN. ) SOLID_ANGLE_UNIT ( ) );
#6 = EDGE_CURVE ( 'NONE', #1312, #162, #1388, .T. ) ;
#7 =( LENGTH_UNIT ( ) NAMED_UNIT ( * ) SI_UNIT ( .MILLI., .METRE. ) );
#8 = ORIENTED_EDGE ( 'NONE', *, *, #464, .T. ) ;
#9 = ORIENTED_EDGE ( 'NONE', *, *, #278, .T. ) ;
#10 = FILL_AREA_STYLE ('',( #1421 ) ) ;
#11 = CARTESIAN_POINT ( 'NONE',  ( -1.049999999999999378, 0.1496346075389737851, 0.7624999999999999556 ) ) ;
#12 = ADVANCED_FACE ( 'NONE', ( #577 ), #1127, .T. ) ;
#13 = CARTESIAN_POINT ( 'NONE',  ( -1.049999999999999378, 0.1496346075389737851, -0.5374999999999999778 ) ) ;
#14 = DIRECTION ( 'NONE',  ( -0.000000000000000000, 0.000000000000000000, 1.000000000000000000 ) ) ;
#15 = DIRECTION ( 'NONE',  ( -0.000000000000000000, -0.000000000000000000, -1.000000000000000000 ) ) ;
#16 = DIRECTION ( 'NONE',  ( 0.000000000000000000, -1.000000000000000000, 0.000000000000000000 ) ) ;
#17 = EDGE_CURVE ( 'NONE', #1045, #872, #78, .T. ) ;
#18 = CARTESIAN_POINT ( 'NONE',  ( 1.039536528938380444, 1.084202172485504434E-16, -0.1124999999999999750 ) ) ;
#19 =( LENGTH_UNIT ( ) NAMED_UNIT ( * ) SI_UNIT ( .MILLI., .METRE. ) );
#20 = CARTESIAN_POINT ( 'NONE',  ( 0.8399999999999998579, 0.1829695397698641313, -0.1124999999999999750 ) ) ;
#21 = CARTESIAN_POINT ( 'NONE',  ( -0.8481413994634985354, 0.01338365122569398075, 0.5374999999999999778 ) ) ;
#22 = EDGE_CURVE ( 'NONE', #379, #727, #579, .T. ) ;
#23 = ORIENTED_EDGE ( 'NONE', *, *, #1112, .F. ) ;
#24 = EDGE_LOOP ( 'NONE', ( #296, #861, #820, #1348 ) ) ;
#25 = DIRECTION ( 'NONE',  ( 0.9975640502598243087, 0.06975647374412517754, -0.000000000000000000 ) ) ;
#26 = AXIS2_PLACEMENT_3D ( 'NONE', #134, #617, #1472 ) ;
#27 = CARTESIAN_POINT ( 'NONE',  ( 1.039536528938380444, 1.084202172485504434E-16, 0.1124999999999999750 ) ) ;
#28 = EDGE_CURVE ( 'NONE', #543, #1417, #604, .T. ) ;
#29 = CARTESIAN_POINT ( 'NONE',  ( -0.6250000000000002220, 0.5250000000000000222, -0.9999999999999991118 ) ) ;
#30 = VERTEX_POINT ( 'NONE', #1438 ) ;
#31 = DIRECTION ( 'NONE',  ( 0.000000000000000000, 1.000000000000000000, 0.000000000000000000 ) ) ;
#32 = VERTEX_POINT ( 'NONE', #1475 ) ;
#33 = ORIENTED_EDGE ( 'NONE', *, *, #250, .T. ) ;
#34 = DIRECTION ( 'NONE',  ( 0.000000000000000000, 0.000000000000000000, 1.000000000000000000 ) ) ;
#35 = ORIENTED_EDGE ( 'NONE', *, *, #1424, .F. ) ;
#36 = AXIS2_PLACEMENT_3D ( 'NONE', #1201, #1392, #656 ) ;
#37 = ORIENTED_EDGE ( 'NONE', *, *, #170, .T. ) ;
#38 = EDGE_CURVE ( 'NONE', #265, #753, #572, .T. ) ;
#39 = AXIS2_PLACEMENT_3D ( 'NONE', #1056, #1454, #609 ) ;
#40 = CARTESIAN_POINT ( 'NONE',  ( -0.8481413994634985354, 0.01338365122569398075, -0.7624999999999999556 ) ) ;
#41 = DIRECTION ( 'NONE',  ( -1.000000000000000000, 0.000000000000000000, 0.000000000000000000 ) ) ;
#42 = ADVANCED_BREP_SHAPE_REPRESENTATION ( 'BSS138W', ( #1037, #1375, #1416, #241, #235 ), #388 ) ;
#43 = DIRECTION ( 'NONE',  ( 1.084202172485504927E-16, 0.000000000000000000, 1.000000000000000000 ) ) ;
#44 = ADVANCED_FACE ( 'NONE', ( #80 ), #97, .T. ) ;
#45 = ORIENTED_EDGE ( 'NONE', *, *, #199, .F. ) ;
#46 = CARTESIAN_POINT ( 'NONE',  ( -0.8399999999999998579, 0.4600000000000000200, -0.5374999999999999778 ) ) ;
#47 = ORIENTED_EDGE ( 'NONE', *, *, #1366, .T. ) ;
#48 = CARTESIAN_POINT ( 'NONE',  ( 0.6250000000000001110, 0.4600000000000000200, 0.1124999999999999750 ) ) ;
#49 = PLANE ( 'NONE',  #1172 ) ;
#50 = AXIS2_PLACEMENT_3D ( 'NONE', #957, #1503, #565 ) ;
#51 = CARTESIAN_POINT ( 'NONE',  ( 0.6250000000000001110, 0.4600000000000000200, 0.1124999999999999750 ) ) ;
#52 = CARTESIAN_POINT ( 'NONE',  ( -0.8599999999999998757, 0.1829695397698641313, 0.7624999999999999556 ) ) ;
#53 = EDGE_CURVE ( 'NONE', #200, #368, #84, .T. ) ;
#54 = CARTESIAN_POINT ( 'NONE',  ( -1.039536528938380444, 1.084202172485504434E-16, -0.5374999999999999778 ) ) ;
#55 = DIRECTION ( 'NONE',  ( -1.000000000000000000, 0.000000000000000000, 0.000000000000000000 ) ) ;
#56 = DIRECTION ( 'NONE',  ( 1.000000000000000000, 0.000000000000000000, 0.000000000000000000 ) ) ;
#57 = DIRECTION ( 'NONE',  ( -1.000000000000000000, 0.000000000000000000, 2.168404344971009854E-16 ) ) ;
#58 = CARTESIAN_POINT ( 'NONE',  ( -0.8599999999999998757, 0.1829695397698641313, -0.5374999999999999778 ) ) ;
#59 = ORIENTED_EDGE ( 'NONE', *, *, #473, .T. ) ;
#60 = CARTESIAN_POINT ( 'NONE',  ( -0.8586048705251173585, 0.1630182587646676062, 0.7624999999999999556 ) ) ;
#61 = ORIENTED_EDGE ( 'NONE', *, *, #1482, .T. ) ;
#62 = VECTOR ( 'NONE', #1427, 1000.000000000000000 ) ;
#63 = AXIS2_PLACEMENT_3D ( 'NONE', #699, #865, #1325 ) ;
#64 = DIRECTION ( 'NONE',  ( -0.000000000000000000, 0.000000000000000000, 1.000000000000000000 ) ) ;
#65 = DIRECTION ( 'NONE',  ( -0.000000000000000000, -0.000000000000000000, -1.000000000000000000 ) ) ;
#66 = EDGE_CURVE ( 'NONE', #543, #855, #623, .T. ) ;
#67 = CARTESIAN_POINT ( 'NONE',  ( 0.6250000000000001110, 0.4600000000000000200, -0.1124999999999999750 ) ) ;
#68 = EDGE_CURVE ( 'NONE', #1363, #469, #606, .T. ) ;
#69 = CARTESIAN_POINT ( 'NONE',  ( -0.6250000000000000000, 0.6750000000000000444, -0.5374999999999999778 ) ) ;
#70 = LINE ( 'NONE', #780, #1123 ) ;
#71 = LINE ( 'NONE', #526, #1088 ) ;
#72 = ORIENTED_EDGE ( 'NONE', *, *, #1129, .T. ) ;
#73 = FACE_OUTER_BOUND ( 'NONE', #1391, .T. ) ;
#74 = DIRECTION ( 'NONE',  ( 0.1209742911513548014, -0.9852565360152931717, -0.1209742911513548569 ) ) ;
#75 = ORIENTED_EDGE ( 'NONE', *, *, #132, .T. ) ;
#76 = CIRCLE ( 'NONE', #410, 0.2149999999999998579 ) ;
#77 = DIRECTION ( 'NONE',  ( 0.000000000000000000, 1.000000000000000000, 0.000000000000000000 ) ) ;
#78 = LINE ( 'NONE', #1498, #580 ) ;
#79 = DIRECTION ( 'NONE',  ( -0.000000000000000000, -0.000000000000000000, -1.000000000000000000 ) ) ;
#80 = FACE_OUTER_BOUND ( 'NONE', #1207, .T. ) ;
#81 = DIRECTION ( 'NONE',  ( -0.000000000000000000, -0.000000000000000000, -1.000000000000000000 ) ) ;
#82 = AXIS2_PLACEMENT_3D ( 'NONE', #1068, #1362, #913 ) ;
#83 = ORIENTED_EDGE ( 'NONE', *, *, #1133, .T. ) ;
#84 = LINE ( 'NONE', #60, #1118 ) ;
#85 = LINE ( 'NONE', #404, #62 ) ;
#86 = CARTESIAN_POINT ( 'NONE',  ( -0.6899999999999998357, 0.1829695397698641590, -0.5374999999999999778 ) ) ;
#87 = ORIENTED_EDGE ( 'NONE', *, *, #1497, .F. ) ;
#88 = LINE ( 'NONE', #223, #587 ) ;
#89 = PLANE ( 'NONE',  #568 ) ;
#90 = CARTESIAN_POINT ( 'NONE',  ( 0.8586048705251173585, 0.1630182587646676340, -0.1124999999999999750 ) ) ;
#91 = CIRCLE ( 'NONE', #697, 0.02000000000000005246 ) ;
#92 = VECTOR ( 'NONE', #934, 1000.000000000000000 ) ;
#93 = CARTESIAN_POINT ( 'NONE',  ( 0.8400000000000000799, 0.4600000000000000200, -0.1124999999999999750 ) ) ;
#94 = AXIS2_PLACEMENT_3D ( 'NONE', #563, #807, #1267 ) ;
#95 = LINE ( 'NONE', #1005, #595 ) ;
#96 = CARTESIAN_POINT ( 'NONE',  ( 0.6250000000000000000, 0.5250000000000000222, 0.1124999999999999750 ) ) ;
#97 = CYLINDRICAL_SURFACE ( 'NONE', #1039, 0.2149999999999999134 ) ;
#98 = DIRECTION ( 'NONE',  ( 0.06975647374412531632, -0.9975640502598243087, -0.000000000000000000 ) ) ;
#99 = VECTOR ( 'NONE', #1075, 1000.000000000000000 ) ;
#100 = PLANE ( 'NONE',  #50 ) ;
#101 = VECTOR ( 'NONE', #1155, 1000.000000000000000 ) ;
#102 = CIRCLE ( 'NONE', #980, 0.2149999999999998579 ) ;
#103 = FACE_OUTER_BOUND ( 'NONE', #1276, .T. ) ;
#104 = DIRECTION ( 'NONE',  ( 0.000000000000000000, 0.9925461516413219831, 0.1218693434051477398 ) ) ;
#105 = FACE_OUTER_BOUND ( 'NONE', #1405, .T. ) ;
#106 = VECTOR ( 'NONE', #77, 1000.000000000000000 ) ;
#107 = SURFACE_STYLE_USAGE ( .BOTH. , #581 ) ;
#108 = CIRCLE ( 'NONE', #1144, 0.06499999999999984956 ) ;
#109 = APPLICATION_CONTEXT ( 'automotive_design' ) ;
#110 = DIRECTION ( 'NONE',  ( 0.000000000000000000, 0.9902680687415703620, -0.1391731009600657432 ) ) ;
#111 = FACE_OUTER_BOUND ( 'NONE', #240, .T. ) ;
#112 = EDGE_CURVE ( 'NONE', #1299, #391, #95, .T. ) ;
#113 = ADVANCED_FACE ( 'NONE', ( #1113 ), #1467, .T. ) ;
#114 = VECTOR ( 'NONE', #541, 1000.000000000000000 ) ;
#115 = FACE_OUTER_BOUND ( 'NONE', #367, .T. ) ;
#116 = LINE ( 'NONE', #1385, #635 ) ;
#117 = FACE_OUTER_BOUND ( 'NONE', #1066, .T. ) ;
#118 = VECTOR ( 'NONE', #877, 1000.000000000000000 ) ;
#119 = CARTESIAN_POINT ( 'NONE',  ( -0.6899999999999998357, 0.4600000000000000200, -0.5374999999999999778 ) ) ;
#120 = CYLINDRICAL_SURFACE ( 'NONE', #1017, 0.2149999999999999134 ) ;
#121 = DIRECTION ( 'NONE',  ( -0.000000000000000000, -0.000000000000000000, -1.000000000000000000 ) ) ;
#122 = CARTESIAN_POINT ( 'NONE',  ( 0.8399999999999998579, 0.4600000000000000200, 0.1124999999999999750 ) ) ;
#123 = FACE_OUTER_BOUND ( 'NONE', #1216, .T. ) ;
#124 = PLANE ( 'NONE',  #1293 ) ;
#125 = ORIENTED_EDGE ( 'NONE', *, *, #1493, .F. ) ;
#126 = CARTESIAN_POINT ( 'NONE',  ( 0.6250000000000000000, 0.5250000000000000222, 0.1124999999999999750 ) ) ;
#127 = LINE ( 'NONE', #1092, #143 ) ;
#128 = CARTESIAN_POINT ( 'NONE',  ( -0.8400000000000000799, 0.4600000000000000200, -0.7624999999999999556 ) ) ;
#129 = LINE ( 'NONE', #918, #1148 ) ;
#130 = DIRECTION ( 'NONE',  ( 0.000000000000000000, -0.000000000000000000, -1.000000000000000000 ) ) ;
#131 = CARTESIAN_POINT ( 'NONE',  ( 0.6250000000000000000, 0.6750000000000000444, 0.1124999999999999750 ) ) ;
#132 = EDGE_CURVE ( 'NONE', #1241, #785, #1100, .T. ) ;
#133 = CYLINDRICAL_SURFACE ( 'NONE', #996, 0.1700000000000000122 ) ;
#134 = CARTESIAN_POINT ( 'NONE',  ( -0.8599999999999998757, 0.1829695397698641313, 0.5374999999999999778 ) ) ;
#135 = CARTESIAN_POINT ( 'NONE',  ( -1.039536528938380444, 1.084202172485504434E-16, -0.5374999999999999778 ) ) ;
#136 = FACE_OUTER_BOUND ( 'NONE', #232, .T. ) ;
#137 = PLANE ( 'NONE',  #1188 ) ;
#138 = LINE ( 'NONE', #1329, #655 ) ;
#139 = ADVANCED_FACE ( 'NONE', ( #612 ), #339, .F. ) ;
#140 = CARTESIAN_POINT ( 'NONE',  ( -0.6899999999999998357, 0.1829695397698641590, 0.7624999999999999556 ) ) ;
#141 = LINE ( 'NONE', #40, #150 ) ;
#142 = DIRECTION ( 'NONE',  ( -0.000000000000000000, -0.000000000000000000, -1.000000000000000000 ) ) ;
#143 = VECTOR ( 'NONE', #875, 1000.000000000000114 ) ;
#144 = DIRECTION ( 'NONE',  ( -0.000000000000000000, -0.000000000000000000, -1.000000000000000000 ) ) ;
#145 = LINE ( 'NONE', #555, #666 ) ;
#146 = EDGE_CURVE ( 'NONE', #1211, #909, #1106, .T. ) ;
#147 = AXIS2_PLACEMENT_3D ( 'NONE', #58, #932, #1117 ) ;
#148 = DIRECTION ( 'NONE',  ( 1.000000000000000000, 0.000000000000000000, -0.000000000000000000 ) ) ;
#149 = VECTOR ( 'NONE', #965, 1000.000000000000000 ) ;
#150 = VECTOR ( 'NONE', #25, 1000.000000000000114 ) ;
#151 = EDGE_CURVE ( 'NONE', #1283, #1195, #70, .T. ) ;
#152 = DIRECTION ( 'NONE',  ( 1.000000000000000000, 0.000000000000000000, 0.000000000000000000 ) ) ;
#153 = VECTOR ( 'NONE', #81, 1000.000000000000000 ) ;
#154 = CARTESIAN_POINT ( 'NONE',  ( 0.8599999999999998757, 0.1829695397698641313, 0.1124999999999999750 ) ) ;
#155 = DIRECTION ( 'NONE',  ( 0.000000000000000000, -0.000000000000000000, -1.000000000000000000 ) ) ;
#156 = LINE ( 'NONE', #453, #114 ) ;
#157 = VECTOR ( 'NONE', #660, 1000.000000000000000 ) ;
#158 = CARTESIAN_POINT ( 'NONE',  ( -0.8399999999999998579, 0.1829695397698641313, -0.5374999999999999778 ) ) ;
#159 = ORIENTED_EDGE ( 'NONE', *, *, #986, .T. ) ;
#160 = FILL_AREA_STYLE_COLOUR ( '', #885 ) ;
#161 = FACE_OUTER_BOUND ( 'NONE', #1288, .T. ) ;
#162 = VERTEX_POINT ( 'NONE', #924 ) ;
#163 = ORIENTED_EDGE ( 'NONE', *, *, #278, .F. ) ;
#164 = DIRECTION ( 'NONE',  ( -0.000000000000000000, -0.000000000000000000, -1.000000000000000000 ) ) ;
#165 = FACE_OUTER_BOUND ( 'NONE', #382, .T. ) ;
#166 = DIRECTION ( 'NONE',  ( -0.9925461516413219831, 0.1218693434051477398, 1.076120693901648618E-16 ) ) ;
#167 = EDGE_LOOP ( 'NONE', ( #290, #847, #1338, #736 ) ) ;
#168 = VECTOR ( 'NONE', #585, 1000.000000000000000 ) ;
#169 = CARTESIAN_POINT ( 'NONE',  ( 1.039536528938380444, 1.084202172485504434E-16, 0.1124999999999999750 ) ) ;
#170 = EDGE_CURVE ( 'NONE', #368, #1299, #1094, .T. ) ;
#171 = ORIENTED_EDGE ( 'NONE', *, *, #1323, .T. ) ;
#172 = CARTESIAN_POINT ( 'NONE',  ( 0.8586048705251173585, 0.1630182587646676340, 0.1124999999999999750 ) ) ;
#173 = VECTOR ( 'NONE', #499, 1000.000000000000000 ) ;
#174 = ORIENTED_EDGE ( 'NONE', *, *, #935, .T. ) ;
#175 = EDGE_CURVE ( 'NONE', #872, #1312, #1080, .T. ) ;
#176 = VECTOR ( 'NONE', #959, 1000.000000000000114 ) ;
#177 = ORIENTED_EDGE ( 'NONE', *, *, #1112, .T. ) ;
#178 = DIRECTION ( 'NONE',  ( -1.000000000000000000, 0.000000000000000000, 0.000000000000000000 ) ) ;
#179 = VECTOR ( 'NONE', #626, 1000.000000000000000 ) ;
#180 = CARTESIAN_POINT ( 'NONE',  ( 0.8400000000000000799, 0.4600000000000000200, 0.1124999999999999750 ) ) ;
#181 = VERTEX_POINT ( 'NONE', #128 ) ;
#182 = VECTOR ( 'NONE', #79, 1000.000000000000000 ) ;
#183 = PRESENTATION_LAYER_ASSIGNMENT (  '', '', ( #939 ) ) ;
#184 = VERTEX_POINT ( 'NONE', #1101 ) ;
#185 = DIRECTION ( 'NONE',  ( -1.000000000000000000, 0.000000000000000000, 0.000000000000000000 ) ) ;
#186 = CIRCLE ( 'NONE', #749, 0.1700000000000000122 ) ;
#187 = VERTEX_POINT ( 'NONE', #438 ) ;
#188 = CIRCLE ( 'NONE', #1054, 0.1700000000000000122 ) ;
#189 = ORIENTED_EDGE ( 'NONE', *, *, #1319, .F. ) ;
#190 = VECTOR ( 'NONE', #213, 1000.000000000000000 ) ;
#191 = AXIS2_PLACEMENT_3D ( 'NONE', #944, #1033, #1132 ) ;
#192 = CARTESIAN_POINT ( 'NONE',  ( 0.6250000000000001110, 0.4600000000000000200, 0.1124999999999999750 ) ) ;
#193 = ORIENTED_EDGE ( 'NONE', *, *, #1435, .T. ) ;
#194 = LINE ( 'NONE', #1035, #176 ) ;
#195 = EDGE_CURVE ( 'NONE', #727, #1273, #1079, .T. ) ;
#196 = AXIS2_PLACEMENT_3D ( 'NONE', #1224, #1239, #335 ) ;
#197 = ORIENTED_EDGE ( 'NONE', *, *, #1366, .F. ) ;
#198 = LINE ( 'NONE', #441, #718 ) ;
#199 = EDGE_CURVE ( 'NONE', #313, #866, #611, .T. ) ;
#200 = VERTEX_POINT ( 'NONE', #1394 ) ;
#201 = LINE ( 'NONE', #525, #1223 ) ;
#202 = CARTESIAN_POINT ( 'NONE',  ( -0.8399999999999998579, 0.1829695397698641313, 0.7624999999999999556 ) ) ;
#203 = DIRECTION ( 'NONE',  ( -0.000000000000000000, -0.000000000000000000, -1.000000000000000000 ) ) ;
#204 = LINE ( 'NONE', #419, #683 ) ;
#205 = DIRECTION ( 'NONE',  ( 0.9975640502598243087, -0.06975647374412503876, 0.000000000000000000 ) ) ;
#206 = EDGE_LOOP ( 'NONE', ( #618, #592, #827, #709 ) ) ;
#207 = FACE_OUTER_BOUND ( 'NONE', #1250, .T. ) ;
#208 = ORIENTED_EDGE ( 'NONE', *, *, #1129, .F. ) ;
#209 = ORIENTED_EDGE ( 'NONE', *, *, #1292, .T. ) ;
#210 = VECTOR ( 'NONE', #912, 1000.000000000000000 ) ;
#211 = ORIENTED_EDGE ( 'NONE', *, *, #531, .T. ) ;
#212 = VECTOR ( 'NONE', #1403, 1000.000000000000114 ) ;
#213 = DIRECTION ( 'NONE',  ( 0.1209742911513548569, -0.9852565360152931717, 0.1209742911513548014 ) ) ;
#214 = EDGE_CURVE ( 'NONE', #1312, #552, #88, .T. ) ;
#215 = VECTOR ( 'NONE', #333, 1000.000000000000114 ) ;
#216 = CARTESIAN_POINT ( 'NONE',  ( -0.8399999999999998579, 0.4600000000000000200, 0.5374999999999999778 ) ) ;
#217 = EDGE_LOOP ( 'NONE', ( #1351, #231, #1370, #1340 ) ) ;
#218 = EDGE_CURVE ( 'NONE', #32, #893, #85, .T. ) ;
#219 = VECTOR ( 'NONE', #1387, 1000.000000000000000 ) ;
#220 = VERTEX_POINT ( 'NONE', #479 ) ;
#221 = EDGE_CURVE ( 'NONE', #224, #1399, #1120, .T. ) ;
#222 = LINE ( 'NONE', #158, #704 ) ;
#223 = CARTESIAN_POINT ( 'NONE',  ( -0.6250000000000002220, 0.6749999999999999334, -0.9999999999999991118 ) ) ;
#224 = VERTEX_POINT ( 'NONE', #86 ) ;
#225 = VECTOR ( 'NONE', #1437, 1000.000000000000000 ) ;
#226 = CARTESIAN_POINT ( 'NONE',  ( -0.6250000000000002220, 0.5250000000000000222, -0.9999999999999991118 ) ) ;
#227 = ORIENTED_EDGE ( 'NONE', *, *, #394, .F. ) ;
#228 = ORIENTED_EDGE ( 'NONE', *, *, #1443, .T. ) ;
#229 = LINE ( 'NONE', #943, #1378 ) ;
#230 = DIRECTION ( 'NONE',  ( -0.000000000000000000, -0.000000000000000000, -1.000000000000000000 ) ) ;
#231 = ORIENTED_EDGE ( 'NONE', *, *, #427, .F. ) ;
#232 = EDGE_LOOP ( 'NONE', ( #1304, #1281, #159, #1331, #978, #1023, #171, #8, #692, #228 ) ) ;
#233 = LINE ( 'NONE', #96, #812 ) ;
#234 = ORIENTED_EDGE ( 'NONE', *, *, #218, .T. ) ;
#235 = AXIS2_PLACEMENT_3D ( 'NONE', #548, #921, #1059 ) ;
#236 = ORIENTED_EDGE ( 'NONE', *, *, #1323, .F. ) ;
#237 = FACE_OUTER_BOUND ( 'NONE', #206, .T. ) ;
#238 = AXIS2_PLACEMENT_3D ( 'NONE', #46, #148, #599 ) ;
#239 = DIRECTION ( 'NONE',  ( 1.000000000000000000, 0.000000000000000000, 0.000000000000000000 ) ) ;
#240 = EDGE_LOOP ( 'NONE', ( #1181, #836, #45, #614 ) ) ;
#241 = MANIFOLD_SOLID_BREP ( 'LPattern1[3]', #324 ) ;
#242 = ORIENTED_EDGE ( 'NONE', *, *, #68, .F. ) ;
#243 = CARTESIAN_POINT ( 'NONE',  ( -0.8599999999999998757, 0.1829695397698641313, -0.5374999999999999778 ) ) ;
#244 = CARTESIAN_POINT ( 'NONE',  ( 0.6250000000000000000, 0.5250000000000000222, 0.9999999999999997780 ) ) ;
#245 = EDGE_CURVE ( 'NONE', #386, #1211, #91, .T. ) ;
#246 = STYLED_ITEM ( 'NONE', ( #1393 ), #1416 ) ;
#247 = ORIENTED_EDGE ( 'NONE', *, *, #1453, .F. ) ;
#248 = ORIENTED_EDGE ( 'NONE', *, *, #1165, .F. ) ;
#249 = LINE ( 'NONE', #317, #822 ) ;
#250 = EDGE_CURVE ( 'NONE', #909, #999, #71, .T. ) ;
#251 = CARTESIAN_POINT ( 'NONE',  ( -0.8400000000000000799, 0.4600000000000000200, -0.5374999999999999778 ) ) ;
#252 = EDGE_LOOP ( 'NONE', ( #302, #871, #556, #277 ) ) ;
#253 = EDGE_LOOP ( 'NONE', ( #209, #1255, #1333, #774 ) ) ;
#254 = CYLINDRICAL_SURFACE ( 'NONE', #1473, 0.06499999999999984956 ) ;
#255 = CARTESIAN_POINT ( 'NONE',  ( 0.000000000000000000, 1.100000000000000311, 0.000000000000000000 ) ) ;
#256 = VERTEX_POINT ( 'NONE', #719 ) ;
#257 = ORIENTED_EDGE ( 'NONE', *, *, #1482, .F. ) ;
#258 = ORIENTED_EDGE ( 'NONE', *, *, #1287, .F. ) ;
#259 = FACE_OUTER_BOUND ( 'NONE', #269, .T. ) ;
#260 = ORIENTED_EDGE ( 'NONE', *, *, #994, .F. ) ;
#261 = ORIENTED_EDGE ( 'NONE', *, *, #488, .F. ) ;
#262 = LINE ( 'NONE', #452, #759 ) ;
#263 = APPLICATION_PROTOCOL_DEFINITION ( 'draft international standard', 'automotive_design', 1998, #109 ) ;
#264 = CARTESIAN_POINT ( 'NONE',  ( 0.6250000000000000000, 0.6749999999999999334, 0.9999999999999997780 ) ) ;
#265 = VERTEX_POINT ( 'NONE', #447 ) ;
#266 = ORIENTED_EDGE ( 'NONE', *, *, #967, .F. ) ;
#267 = CIRCLE ( 'NONE', #421, 0.1700000000000000122 ) ;
#268 = CARTESIAN_POINT ( 'NONE',  ( -0.6250000000000002220, 0.6749999999999999334, -0.9999999999999991118 ) ) ;
#269 = EDGE_LOOP ( 'NONE', ( #1289, #962, #242, #958 ) ) ;
#270 = ORIENTED_EDGE ( 'NONE', *, *, #1389, .F. ) ;
#271 = EDGE_LOOP ( 'NONE', ( #591, #1205, #1372, #608 ) ) ;
#272 = EDGE_LOOP ( 'NONE', ( #401, #902, #393, #803 ) ) ;
#273 = EDGE_LOOP ( 'NONE', ( #266, #1258, #197, #1300, #703, #716, #316, #1246, #949, #684 ) ) ;
#274 = LINE ( 'NONE', #466, #1301 ) ;
#275 = ADVANCED_FACE ( 'NONE', ( #73 ), #100, .F. ) ;
#276 = DIRECTION ( 'NONE',  ( -1.000000000000000000, 0.000000000000000000, 0.000000000000000000 ) ) ;
#277 = ORIENTED_EDGE ( 'NONE', *, *, #535, .T. ) ;
#278 = EDGE_CURVE ( 'NONE', #1177, #181, #586, .T. ) ;
#279 = ORIENTED_EDGE ( 'NONE', *, *, #898, .F. ) ;
#280 = CIRCLE ( 'NONE', #888, 0.1700000000000000122 ) ;
#281 = MECHANICAL_DESIGN_GEOMETRIC_PRESENTATION_REPRESENTATION (  '', ( #968 ), #1423 ) ;
#282 = CARTESIAN_POINT ( 'NONE',  ( 0.6249999999999995559, 0.6749999999999999334, -0.9999999999999993339 ) ) ;
#283 = DIRECTION ( 'NONE',  ( -1.000000000000000000, 0.000000000000000000, 0.000000000000000000 ) ) ;
#284 = ORIENTED_EDGE ( 'NONE', *, *, #428, .F. ) ;
#285 = EDGE_LOOP ( 'NONE', ( #1486, #689, #270, #751 ) ) ;
#286 = ORIENTED_EDGE ( 'NONE', *, *, #53, .F. ) ;
#287 = EDGE_CURVE ( 'NONE', #319, #1356, #76, .T. ) ;
#288 = LINE ( 'NONE', #216, #1313 ) ;
#289 = CARTESIAN_POINT ( 'NONE',  ( -0.6250000000000000000, 0.6750000000000000444, -0.7624999999999999556 ) ) ;
#290 = ORIENTED_EDGE ( 'NONE', *, *, #6, .T. ) ;
#291 = ADVANCED_FACE ( 'NONE', ( #105 ), #380, .F. ) ;
#292 = ORIENTED_EDGE ( 'NONE', *, *, #3, .T. ) ;
#293 = ORIENTED_EDGE ( 'NONE', *, *, #250, .F. ) ;
#294 = FACE_OUTER_BOUND ( 'NONE', #925, .T. ) ;
#295 = CARTESIAN_POINT ( 'NONE',  ( 0.5728165616162653739, 1.100000000000000311, 0.9478165616162651519 ) ) ;
#296 = ORIENTED_EDGE ( 'NONE', *, *, #214, .T. ) ;
#297 = VERTEX_POINT ( 'NONE', #1260 ) ;
#298 = FACE_OUTER_BOUND ( 'NONE', #458, .T. ) ;
#299 = AXIS2_PLACEMENT_3D ( 'NONE', #947, #477, #1138 ) ;
#300 = CARTESIAN_POINT ( 'NONE',  ( 0.8481413994634985354, 0.01338365122569398075, 0.1124999999999999750 ) ) ;
#301 = ORIENTED_EDGE ( 'NONE', *, *, #17, .F. ) ;
#302 = ORIENTED_EDGE ( 'NONE', *, *, #1069, .T. ) ;
#303 = VECTOR ( 'NONE', #483, 1000.000000000000000 ) ;
#304 = ADVANCED_FACE ( 'NONE', ( #111 ), #1047, .F. ) ;
#305 = PLANE ( 'NONE',  #1044 ) ;
#306 = EDGE_LOOP ( 'NONE', ( #234, #396, #1373, #1272 ) ) ;
#307 = DIRECTION ( 'NONE',  ( -1.000000000000000000, 0.000000000000000000, 0.000000000000000000 ) ) ;
#308 = ORIENTED_EDGE ( 'NONE', *, *, #3, .F. ) ;
#309 = LINE ( 'NONE', #1487, #825 ) ;
#310 = CARTESIAN_POINT ( 'NONE',  ( 0.6250000000000000000, 0.5250000000000000222, -0.1124999999999999750 ) ) ;
#311 = ORIENTED_EDGE ( 'NONE', *, *, #1055, .T. ) ;
#312 = DIRECTION ( 'NONE',  ( -1.000000000000000000, 0.000000000000000000, 0.000000000000000000 ) ) ;
#313 = VERTEX_POINT ( 'NONE', #11 ) ;
#314 = EDGE_CURVE ( 'NONE', #841, #1336, #675, .T. ) ;
#315 = CARTESIAN_POINT ( 'NONE',  ( 0.6250000000000000000, 0.5250000000000000222, 0.9999999999999997780 ) ) ;
#316 = ORIENTED_EDGE ( 'NONE', *, *, #550, .F. ) ;
#317 = CARTESIAN_POINT ( 'NONE',  ( 0.6899999999999998357, 0.1829695397698641590, 0.1124999999999999750 ) ) ;
#318 = EDGE_CURVE ( 'NONE', #1185, #1241, #650, .T. ) ;
#319 = VERTEX_POINT ( 'NONE', #69 ) ;
#320 = LINE ( 'NONE', #180, #838 ) ;
#321 = ADVANCED_FACE ( 'NONE', ( #662 ), #364, .F. ) ;
#322 = SURFACE_STYLE_USAGE ( .BOTH. , #467 ) ;
#323 = ORIENTED_EDGE ( 'NONE', *, *, #519, .F. ) ;
#324 = CLOSED_SHELL ( 'NONE', ( #1032, #1109, #423, #1003, #744, #1397, #291, #484, #922, #321, #1484, #509 ) ) ;
#325 = ORIENTED_EDGE ( 'NONE', *, *, #748, .F. ) ;
#326 = UNCERTAINTY_MEASURE_WITH_UNIT (LENGTH_MEASURE( 1.000000000000000082E-05 ), #796, 'distance_accuracy_value', 'NONE');
#327 = VERTEX_POINT ( 'NONE', #1275 ) ;
#328 = AXIS2_PLACEMENT_3D ( 'NONE', #1327, #1369, #1198 ) ;
#329 = EDGE_LOOP ( 'NONE', ( #1269, #1357, #347, #863, #292, #1046, #745, #765, #1042, #383 ) ) ;
#330 = LINE ( 'NONE', #29, #392 ) ;
#331 = DIRECTION ( 'NONE',  ( -0.06975647374412516366, 0.9975640502598243087, 0.000000000000000000 ) ) ;
#332 = CARTESIAN_POINT ( 'NONE',  ( -1.039536528938380444, 1.084202172485504434E-16, -0.5374999999999999778 ) ) ;
#333 = DIRECTION ( 'NONE',  ( -0.9975640502598243087, -0.06975647374412503876, 0.000000000000000000 ) ) ;
#334 = ORIENTED_EDGE ( 'NONE', *, *, #470, .T. ) ;
#335 = DIRECTION ( 'NONE',  ( -1.000000000000000000, 0.000000000000000000, 0.000000000000000000 ) ) ;
#336 = EDGE_CURVE ( 'NONE', #361, #543, #657, .T. ) ;
#337 = VERTEX_POINT ( 'NONE', #530 ) ;
#338 = ADVANCED_FACE ( 'NONE', ( #1150 ), #1168, .F. ) ;
#339 = PLANE ( 'NONE',  #238 ) ;
#340 = VERTEX_POINT ( 'NONE', #1463 ) ;
#341 = EDGE_CURVE ( 'NONE', #379, #1211, #1131, .T. ) ;
#342 = ORIENTED_EDGE ( 'NONE', *, *, #221, .F. ) ;
#343 = AXIS2_PLACEMENT_3D ( 'NONE', #119, #178, #387 ) ;
#344 = CARTESIAN_POINT ( 'NONE',  ( -0.6899999999999998357, 0.4600000000000000200, 0.7624999999999999556 ) ) ;
#345 = FILL_AREA_STYLE_COLOUR ( '', #734 ) ;
#346 = CARTESIAN_POINT ( 'NONE',  ( -0.6250000000000000000, 0.6749999999999999334, 1.000000000000000000 ) ) ;
#347 = ORIENTED_EDGE ( 'NONE', *, *, #287, .T. ) ;
#348 = DIRECTION ( 'NONE',  ( -0.06975647374412503876, -0.9975640502598243087, 0.000000000000000000 ) ) ;
#349 = ORIENTED_EDGE ( 'NONE', *, *, #1453, .T. ) ;
#350 = CARTESIAN_POINT ( 'NONE',  ( -0.6250000000000002220, 0.6749999999999999334, -0.9999999999999991118 ) ) ;
#351 = VERTEX_POINT ( 'NONE', #625 ) ;
#352 = ORIENTED_EDGE ( 'NONE', *, *, #931, .T. ) ;
#353 = DIRECTION ( 'NONE',  ( 0.9925461516413219831, 0.1218693434051477398, -2.152241387803297236E-16 ) ) ;
#354 = ORIENTED_EDGE ( 'NONE', *, *, #1078, .T. ) ;
#355 = ORIENTED_EDGE ( 'NONE', *, *, #195, .F. ) ;
#356 = DIRECTION ( 'NONE',  ( 0.000000000000000000, -0.000000000000000000, -1.000000000000000000 ) ) ;
#357 = CLOSED_SHELL ( 'NONE', ( #1457, #1247, #44, #139, #1449, #515, #649, #991, #1379, #435, #619, #630 ) ) ;
#358 = VERTEX_POINT ( 'NONE', #524 ) ;
#359 = EDGE_CURVE ( 'NONE', #999, #854, #141, .T. ) ;
#360 = FILL_AREA_STYLE ('',( #160 ) ) ;
#361 = VERTEX_POINT ( 'NONE', #140 ) ;
#362 = PRESENTATION_LAYER_ASSIGNMENT (  '', '', ( #968 ) ) ;
#363 = ORIENTED_EDGE ( 'NONE', *, *, #970, .F. ) ;
#364 = PLANE ( 'NONE',  #191 ) ;
#365 = FACE_OUTER_BOUND ( 'NONE', #1459, .T. ) ;
#366 = EDGE_CURVE ( 'NONE', #340, #415, #672, .T. ) ;
#367 = EDGE_LOOP ( 'NONE', ( #776, #279, #75, #83 ) ) ;
#368 = VERTEX_POINT ( 'NONE', #1004 ) ;
#369 = EDGE_LOOP ( 'NONE', ( #375, #286, #189, #1043 ) ) ;
#370 = DIRECTION ( 'NONE',  ( 0.000000000000000000, 0.000000000000000000, 1.000000000000000000 ) ) ;
#371 = VERTEX_POINT ( 'NONE', #631 ) ;
#372 = ORIENTED_EDGE ( 'NONE', *, *, #1065, .F. ) ;
#373 = CARTESIAN_POINT ( 'NONE',  ( -0.6250000000000000000, 0.6749999999999999334, 1.000000000000000000 ) ) ;
#374 = CYLINDRICAL_SURFACE ( 'NONE', #147, 0.1700000000000000122 ) ;
#375 = ORIENTED_EDGE ( 'NONE', *, *, #550, .T. ) ;
#376 = CARTESIAN_POINT ( 'NONE',  ( -0.8586048705251173585, 0.1630182587646676340, -0.5374999999999999778 ) ) ;
#377 = VERTEX_POINT ( 'NONE', #295 ) ;
#378 = LINE ( 'NONE', #18, #395 ) ;
#379 = VERTEX_POINT ( 'NONE', #521 ) ;
#380 = PLANE ( 'NONE',  #63 ) ;
#381 = LINE ( 'NONE', #1098, #873 ) ;
#382 = EDGE_LOOP ( 'NONE', ( #354, #799, #1257, #750 ) ) ;
#383 = ORIENTED_EDGE ( 'NONE', *, *, #221, .T. ) ;
#384 = CARTESIAN_POINT ( 'NONE',  ( 0.6249999999999995559, 0.6749999999999999334, -0.9999999999999993339 ) ) ;
#385 = CIRCLE ( 'NONE', #196, 0.1700000000000000122 ) ;
#386 = VERTEX_POINT ( 'NONE', #981 ) ;
#387 = DIRECTION ( 'NONE',  ( 0.000000000000000000, 0.000000000000000000, 1.000000000000000000 ) ) ;
#388 =( GEOMETRIC_REPRESENTATION_CONTEXT ( 3 ) GLOBAL_UNCERTAINTY_ASSIGNED_CONTEXT ( ( #496 ) ) GLOBAL_UNIT_ASSIGNED_CONTEXT ( ( #602, #1400, #1108 ) ) REPRESENTATION_CONTEXT ( 'NONE', 'WORKASPACE' ) );
#389 =( GEOMETRIC_REPRESENTATION_CONTEXT ( 3 ) GLOBAL_UNCERTAINTY_ASSIGNED_CONTEXT ( ( #844 ) ) GLOBAL_UNIT_ASSIGNED_CONTEXT ( ( #1167, #507, #5 ) ) REPRESENTATION_CONTEXT ( 'NONE', 'WORKASPACE' ) );
#390 = VERTEX_POINT ( 'NONE', #315 ) ;
#391 = VERTEX_POINT ( 'NONE', #767 ) ;
#392 = VECTOR ( 'NONE', #43, 1000.000000000000000 ) ;
#393 = ORIENTED_EDGE ( 'NONE', *, *, #742, .F. ) ;
#394 = EDGE_CURVE ( 'NONE', #753, #377, #129, .T. ) ;
#395 = VECTOR ( 'NONE', #1466, 999.9999999999998863 ) ;
#396 = ORIENTED_EDGE ( 'NONE', *, *, #1212, .F. ) ;
#397 = DIRECTION ( 'NONE',  ( 1.000000000000000000, 0.000000000000000000, -1.734723475976807094E-16 ) ) ;
#398 = VECTOR ( 'NONE', #1021, 1000.000000000000000 ) ;
#399 = CARTESIAN_POINT ( 'NONE',  ( 0.6249999999999995559, 0.6749999999999999334, -0.9999999999999993339 ) ) ;
#400 = MECHANICAL_DESIGN_GEOMETRIC_PRESENTATION_REPRESENTATION (  '', ( #939 ), #1245 ) ;
#401 = ORIENTED_EDGE ( 'NONE', *, *, #998, .T. ) ;
#402 = CIRCLE ( 'NONE', #915, 0.06499999999999984956 ) ;
#403 = ORIENTED_EDGE ( 'NONE', *, *, #914, .T. ) ;
#404 = CARTESIAN_POINT ( 'NONE',  ( -0.6250000000000000000, 0.5250000000000000222, 0.5374999999999999778 ) ) ;
#405 = LINE ( 'NONE', #987, #903 ) ;
#406 = DIRECTION ( 'NONE',  ( -1.717841266356216860E-16, -0.1391731009600657432, -0.9902680687415703620 ) ) ;
#407 = VERTEX_POINT ( 'NONE', #711 ) ;
#408 = SURFACE_STYLE_FILL_AREA ( #360 ) ;
#409 = ADVANCED_FACE ( 'NONE', ( #1145 ), #120, .T. ) ;
#410 = AXIS2_PLACEMENT_3D ( 'NONE', #1439, #1057, #950 ) ;
#411 = EDGE_LOOP ( 'NONE', ( #754, #1307, #1105, #724 ) ) ;
#412 = CARTESIAN_POINT ( 'NONE',  ( 0.6249999999999995559, 0.6749999999999999334, -0.9999999999999993339 ) ) ;
#413 = FACE_OUTER_BOUND ( 'NONE', #821, .T. ) ;
#414 = DIRECTION ( 'NONE',  ( -0.9975640502598243087, -0.06975647374412503876, 0.000000000000000000 ) ) ;
#415 = VERTEX_POINT ( 'NONE', #1368 ) ;
#416 = EDGE_CURVE ( 'NONE', #391, #1317, #127, .T. ) ;
#417 = CARTESIAN_POINT ( 'NONE',  ( 0.6250000000000000000, 0.5250000000000000222, 0.9999999999999997780 ) ) ;
#418 = CARTESIAN_POINT ( 'NONE',  ( -0.6250000000000001110, 0.4600000000000000200, -0.5374999999999999778 ) ) ;
#419 = CARTESIAN_POINT ( 'NONE',  ( 0.6249999999999995559, 1.100000000000000311, -0.9478165616162647078 ) ) ;
#420 = CARTESIAN_POINT ( 'NONE',  ( 0.8586048705251173585, 0.1630182587646676062, 0.1124999999999999750 ) ) ;
#421 = AXIS2_PLACEMENT_3D ( 'NONE', #1470, #34, #41 ) ;
#422 = ORIENTED_EDGE ( 'NONE', *, *, #416, .T. ) ;
#423 = ADVANCED_FACE ( 'NONE', ( #115 ), #1137, .T. ) ;
#424 = CARTESIAN_POINT ( 'NONE',  ( -0.6250000000000000000, 0.5250000000000000222, 0.7624999999999999556 ) ) ;
#425 = ORIENTED_EDGE ( 'NONE', *, *, #998, .F. ) ;
#426 = CARTESIAN_POINT ( 'NONE',  ( -0.6899999999999998357, 0.4600000000000000200, 0.5374999999999999778 ) ) ;
#427 = EDGE_CURVE ( 'NONE', #30, #390, #637, .T. ) ;
#428 = EDGE_CURVE ( 'NONE', #351, #340, #671, .T. ) ;
#429 = DIRECTION ( 'NONE',  ( -0.000000000000000000, -0.000000000000000000, -1.000000000000000000 ) ) ;
#430 = AXIS2_PLACEMENT_3D ( 'NONE', #805, #936, #1024 ) ;
#431 = EDGE_CURVE ( 'NONE', #756, #30, #668, .T. ) ;
#432 = CARTESIAN_POINT ( 'NONE',  ( 0.8481413994634985354, 0.01338365122569398075, 0.1124999999999999750 ) ) ;
#433 = DIRECTION ( 'NONE',  ( 0.000000000000000000, 0.000000000000000000, 1.000000000000000000 ) ) ;
#434 = DIRECTION ( 'NONE',  ( 1.000000000000000000, 0.000000000000000000, 0.000000000000000000 ) ) ;
#435 = ADVANCED_FACE ( 'NONE', ( #1179 ), #1180, .F. ) ;
#436 = CARTESIAN_POINT ( 'NONE',  ( -0.6250000000000000000, 0.5250000000000000222, -0.5374999999999999778 ) ) ;
#437 = CARTESIAN_POINT ( 'NONE',  ( -0.6250000000000001110, 0.4600000000000000200, -0.5374999999999999778 ) ) ;
#438 = CARTESIAN_POINT ( 'NONE',  ( 1.049999999999999378, 0.1496346075389737851, -0.1124999999999999750 ) ) ;
#439 = CARTESIAN_POINT ( 'NONE',  ( -0.8586048705251173585, 0.1630182587646676062, -0.5374999999999999778 ) ) ;
#440 = AXIS2_PLACEMENT_3D ( 'NONE', #728, #1461, #1061 ) ;
#441 = CARTESIAN_POINT ( 'NONE',  ( -0.6250000000000002220, 0.5250000000000000222, -0.9999999999999991118 ) ) ;
#442 = CARTESIAN_POINT ( 'NONE',  ( 0.6250000000000000000, 0.6750000000000000444, -0.1124999999999999750 ) ) ;
#443 = ADVANCED_FACE ( 'NONE', ( #1166 ), #475, .T. ) ;
#444 = DIRECTION ( 'NONE',  ( 0.06975647374412531632, -0.9975640502598243087, -0.000000000000000000 ) ) ;
#445 = DIRECTION ( 'NONE',  ( -0.1218693434051477398, -0.9925461516413219831, 0.000000000000000000 ) ) ;
#446 =( NAMED_UNIT ( * ) PLANE_ANGLE_UNIT ( ) SI_UNIT ( $, .RADIAN. ) );
#447 = CARTESIAN_POINT ( 'NONE',  ( -0.5728165616162655960, 1.100000000000000311, -0.9478165616162645968 ) ) ;
#448 = PRESENTATION_STYLE_ASSIGNMENT (( #1222 ) ) ;
#449 = ADVANCED_FACE ( 'NONE', ( #1171 ), #1279, .T. ) ;
#450 = DIRECTION ( 'NONE',  ( -0.1218693434051477398, 0.9925461516413219831, 0.000000000000000000 ) ) ;
#451 = PRESENTATION_LAYER_ASSIGNMENT (  '', '', ( #246 ) ) ;
#452 = CARTESIAN_POINT ( 'NONE',  ( 0.8399999999999998579, 0.4600000000000000200, 0.1124999999999999750 ) ) ;
#453 = CARTESIAN_POINT ( 'NONE',  ( -0.8399999999999998579, 0.4600000000000000200, -0.7624999999999999556 ) ) ;
#454 = STYLED_ITEM ( 'NONE', ( #1103 ), #241 ) ;
#455 = CARTESIAN_POINT ( 'NONE',  ( -0.8599999999999998757, 0.1829695397698641313, 0.7624999999999999556 ) ) ;
#456 = CARTESIAN_POINT ( 'NONE',  ( -0.6899999999999998357, 0.4600000000000000200, -0.5374999999999999778 ) ) ;
#457 = ADVANCED_FACE ( 'NONE', ( #624 ), #465, .T. ) ;
#458 = EDGE_LOOP ( 'NONE', ( #1360, #869, #227, #1314 ) ) ;
#459 = DIRECTION ( 'NONE',  ( 1.721793110242637247E-16, 0.1218693434051477398, 0.9925461516413219831 ) ) ;
#460 =( NAMED_UNIT ( * ) SI_UNIT ( $, .STERADIAN. ) SOLID_ANGLE_UNIT ( ) );
#461 = ORIENTED_EDGE ( 'NONE', *, *, #1485, .T. ) ;
#462 = DIRECTION ( 'NONE',  ( -0.9975640502598243087, 0.06975647374412503876, 0.000000000000000000 ) ) ;
#463 = CARTESIAN_POINT ( 'NONE',  ( 0.6250000000000000000, 0.5250000000000000222, 0.1124999999999999750 ) ) ;
#464 = EDGE_CURVE ( 'NONE', #371, #415, #145, .T. ) ;
#465 = PLANE ( 'NONE',  #1506 ) ;
#466 = CARTESIAN_POINT ( 'NONE',  ( -0.6250000000000000000, 0.5250000000000000222, 0.7624999999999999556 ) ) ;
#467 = SURFACE_SIDE_STYLE ('',( #408 ) ) ;
#468 = CARTESIAN_POINT ( 'NONE',  ( -0.6250000000000001110, 0.4600000000000000200, -0.7624999999999999556 ) ) ;
#469 = VERTEX_POINT ( 'NONE', #942 ) ;
#470 = EDGE_CURVE ( 'NONE', #361, #876, #1140, .T. ) ;
#471 = MECHANICAL_DESIGN_GEOMETRIC_PRESENTATION_REPRESENTATION (  '', ( #246 ), #1130 ) ;
#472 = ORIENTED_EDGE ( 'NONE', *, *, #427, .T. ) ;
#473 = EDGE_CURVE ( 'NONE', #1278, #1336, #1176, .T. ) ;
#474 = CARTESIAN_POINT ( 'NONE',  ( 0.8599999999999998757, 0.1829695397698641313, 0.1124999999999999750 ) ) ;
#475 = PLANE ( 'NONE',  #596 ) ;
#476 = EDGE_CURVE ( 'NONE', #866, #391, #678, .T. ) ;
#477 = DIRECTION ( 'NONE',  ( -0.9902680687415703620, -0.1391731009600657432, 1.073650791472635907E-16 ) ) ;
#478 = PRODUCT_DEFINITION_SHAPE ( 'NONE', 'NONE',  #1124 ) ;
#479 = CARTESIAN_POINT ( 'NONE',  ( -0.6250000000000000000, 0.5250000000000000222, 1.000000000000000000 ) ) ;
#480 = PRODUCT_DEFINITION_CONTEXT ( 'detailed design', #1071, 'design' ) ;
#481 = DIRECTION ( 'NONE',  ( -1.000000000000000000, -0.000000000000000000, 1.734723475976807341E-16 ) ) ;
#482 = AXIS2_PLACEMENT_3D ( 'NONE', #418, #15, #498 ) ;
#483 = DIRECTION ( 'NONE',  ( -0.000000000000000000, -1.000000000000000000, -0.000000000000000000 ) ) ;
#484 = ADVANCED_FACE ( 'NONE', ( #161 ), #679, .F. ) ;
#485 = EDGE_CURVE ( 'NONE', #893, #561, #102, .T. ) ;
#486 = ORIENTED_EDGE ( 'NONE', *, *, #464, .F. ) ;
#487 = PLANE ( 'NONE',  #39 ) ;
#488 = EDGE_CURVE ( 'NONE', #1399, #1316, #108, .T. ) ;
#489 = CARTESIAN_POINT ( 'NONE',  ( -0.8599999999999998757, 0.1829695397698641313, -0.5374999999999999778 ) ) ;
#490 = LINE ( 'NONE', #1326, #1490 ) ;
#491 = DIRECTION ( 'NONE',  ( 0.000000000000000000, 0.000000000000000000, 1.000000000000000000 ) ) ;
#492 = DIRECTION ( 'NONE',  ( -1.721793110242637493E-16, 0.1218693434051477398, -0.9925461516413219831 ) ) ;
#493 = VECTOR ( 'NONE', #1096, 1000.000000000000000 ) ;
#494 = ADVANCED_FACE ( 'NONE', ( #117 ), #487, .F. ) ;
#495 = DIRECTION ( 'NONE',  ( 0.000000000000000000, -0.000000000000000000, -1.000000000000000000 ) ) ;
#496 = UNCERTAINTY_MEASURE_WITH_UNIT (LENGTH_MEASURE( 1.000000000000000082E-05 ), #602, 'distance_accuracy_value', 'NONE');
#497 = LINE ( 'NONE', #713, #1006 ) ;
#498 = DIRECTION ( 'NONE',  ( -1.000000000000000000, 0.000000000000000000, 0.000000000000000000 ) ) ;
#499 = DIRECTION ( 'NONE',  ( -0.000000000000000000, 1.000000000000000000, -0.000000000000000000 ) ) ;
#500 = ORIENTED_EDGE ( 'NONE', *, *, #582, .F. ) ;
#501 = AXIS2_PLACEMENT_3D ( 'NONE', #665, #1151, #1491 ) ;
#502 = DIRECTION ( 'NONE',  ( 0.9975640502598243087, 0.06975647374412517754, -0.000000000000000000 ) ) ;
#503 = VECTOR ( 'NONE', #638, 1000.000000000000000 ) ;
#504 = AXIS2_PLACEMENT_3D ( 'NONE', #436, #520, #621 ) ;
#505 = LINE ( 'NONE', #27, #651 ) ;
#506 = EDGE_CURVE ( 'NONE', #1363, #220, #632, .T. ) ;
#507 =( NAMED_UNIT ( * ) PLANE_ANGLE_UNIT ( ) SI_UNIT ( $, .RADIAN. ) );
#508 = DIRECTION ( 'NONE',  ( 0.000000000000000000, 0.000000000000000000, 1.000000000000000000 ) ) ;
#509 = ADVANCED_FACE ( 'NONE', ( #136 ), #633, .F. ) ;
#510 = CYLINDRICAL_SURFACE ( 'NONE', #482, 0.06499999999999984956 ) ;
#511 = CARTESIAN_POINT ( 'NONE',  ( 0.6899999999999998357, 0.4600000000000000200, 0.1124999999999999750 ) ) ;
#512 = DIRECTION ( 'NONE',  ( -1.000000000000000000, 0.000000000000000000, 0.000000000000000000 ) ) ;
#513 = DIRECTION ( 'NONE',  ( -1.000000000000000000, 0.000000000000000000, 0.000000000000000000 ) ) ;
#514 = DIRECTION ( 'NONE',  ( 0.000000000000000000, 0.000000000000000000, 1.000000000000000000 ) ) ;
#515 = ADVANCED_FACE ( 'NONE', ( #123 ), #546, .F. ) ;
#516 = DIRECTION ( 'NONE',  ( -0.9975640502598243087, 0.06975647374412517754, 0.000000000000000000 ) ) ;
#517 = CARTESIAN_POINT ( 'NONE',  ( 0.6899999999999998357, 0.4600000000000000200, -0.1124999999999999750 ) ) ;
#518 = ADVANCED_FACE ( 'NONE', ( #1153 ), #124, .F. ) ;
#519 = EDGE_CURVE ( 'NONE', #256, #390, #138, .T. ) ;
#520 = DIRECTION ( 'NONE',  ( -1.000000000000000000, 0.000000000000000000, 0.000000000000000000 ) ) ;
#521 = CARTESIAN_POINT ( 'NONE',  ( -0.8586048705251173585, 0.1630182587646676062, -0.5374999999999999778 ) ) ;
#522 = CARTESIAN_POINT ( 'NONE',  ( -1.039536528938380444, 1.084202172485504434E-16, -0.5374999999999999778 ) ) ;
#523 = ADVANCED_FACE ( 'NONE', ( #1156 ), #133, .T. ) ;
#524 = CARTESIAN_POINT ( 'NONE',  ( 0.6899999999999998357, 0.4600000000000000200, -0.1124999999999999750 ) ) ;
#525 = CARTESIAN_POINT ( 'NONE',  ( -0.6899999999999998357, 0.4600000000000000200, -0.5374999999999999778 ) ) ;
#526 = CARTESIAN_POINT ( 'NONE',  ( -1.039536528938380444, 1.084202172485504434E-16, -0.7624999999999999556 ) ) ;
#527 = PRODUCT_DEFINITION_FORMATION_WITH_SPECIFIED_SOURCE ( 'ANY', '', #760, .NOT_KNOWN. ) ;
#528 = AXIS2_PLACEMENT_3D ( 'NONE', #468, #1, #1029 ) ;
#529 = UNCERTAINTY_MEASURE_WITH_UNIT (LENGTH_MEASURE( 1.000000000000000082E-05 ), #1402, 'distance_accuracy_value', 'NONE');
#530 = CARTESIAN_POINT ( 'NONE',  ( -0.6899999999999998357, 0.1829695397698641590, -0.7624999999999999556 ) ) ;
#531 = EDGE_CURVE ( 'NONE', #1229, #1317, #658, .T. ) ;
#532 = ADVANCED_FACE ( 'NONE', ( #664 ), #1465, .F. ) ;
#533 = PLANE ( 'NONE',  #793 ) ;
#534 = CARTESIAN_POINT ( 'NONE',  ( -0.8400000000000000799, 0.4600000000000000200, 0.5374999999999999778 ) ) ;
#535 = EDGE_CURVE ( 'NONE', #407, #561, #1160, .T. ) ;
#536 =( NAMED_UNIT ( * ) SI_UNIT ( $, .STERADIAN. ) SOLID_ANGLE_UNIT ( ) );
#537 = EDGE_CURVE ( 'NONE', #351, #371, #732, .T. ) ;
#538 = DIRECTION ( 'NONE',  ( -0.9975640502598243087, -0.06975647374412503876, 0.000000000000000000 ) ) ;
#539 = DIRECTION ( 'NONE',  ( 0.9975640502598243087, -0.06975647374412516366, 0.000000000000000000 ) ) ;
#540 = DIRECTION ( 'NONE',  ( -0.000000000000000000, -0.000000000000000000, -1.000000000000000000 ) ) ;
#541 = DIRECTION ( 'NONE',  ( 0.000000000000000000, -1.000000000000000000, 0.000000000000000000 ) ) ;
#542 = CARTESIAN_POINT ( 'NONE',  ( 0.6249999999999995559, 0.6749999999999999334, -0.9999999999999993339 ) ) ;
#543 = VERTEX_POINT ( 'NONE', #1499 ) ;
#544 = ORIENTED_EDGE ( 'NONE', *, *, #1382, .T. ) ;
#545 = EDGE_LOOP ( 'NONE', ( #47, #791, #597, #211 ) ) ;
#546 = PLANE ( 'NONE',  #430 ) ;
#547 = DIRECTION ( 'NONE',  ( -0.000000000000000000, -0.000000000000000000, -1.000000000000000000 ) ) ;
#548 = CARTESIAN_POINT ( 'NONE',  ( 0.000000000000000000, 0.000000000000000000, 0.000000000000000000 ) ) ;
#549 = ORIENTED_EDGE ( 'NONE', *, *, #28, .T. ) ;
#550 = EDGE_CURVE ( 'NONE', #884, #368, #1248, .T. ) ;
#551 = CARTESIAN_POINT ( 'NONE',  ( -0.8599999999999998757, 0.1829695397698641313, -0.7624999999999999556 ) ) ;
#552 = VERTEX_POINT ( 'NONE', #346 ) ;
#553 = CARTESIAN_POINT ( 'NONE',  ( -0.8399999999999998579, 0.1829695397698641313, -0.5374999999999999778 ) ) ;
#554 = EDGE_LOOP ( 'NONE', ( #695, #87, #72, #59 ) ) ;
#555 = CARTESIAN_POINT ( 'NONE',  ( 0.8481413994634985354, 0.01338365122569398075, -0.1124999999999999750 ) ) ;
#556 = ORIENTED_EDGE ( 'NONE', *, *, #681, .F. ) ;
#557 = CARTESIAN_POINT ( 'NONE',  ( 1.049999999999999378, 0.1496346075389737851, 0.1124999999999999750 ) ) ;
#558 = DIRECTION ( 'NONE',  ( -0.000000000000000000, -0.000000000000000000, -1.000000000000000000 ) ) ;
#559 = EDGE_CURVE ( 'NONE', #1408, #386, #222, .T. ) ;
#560 = CARTESIAN_POINT ( 'NONE',  ( 0.6250000000000000000, 0.6749999999999999334, 0.9999999999999997780 ) ) ;
#561 = VERTEX_POINT ( 'NONE', #534 ) ;
#562 = AXIS2_PLACEMENT_3D ( 'NONE', #48, #495, #152 ) ;
#563 = CARTESIAN_POINT ( 'NONE',  ( 0.6250000000000000000, 0.5250000000000000222, 0.1124999999999999750 ) ) ;
#564 = ORIENTED_EDGE ( 'NONE', *, *, #476, .T. ) ;
#565 = DIRECTION ( 'NONE',  ( 0.9975640502598243087, 0.06975647374412503876, 0.000000000000000000 ) ) ;
#566 = AXIS2_PLACEMENT_3D ( 'NONE', #920, #1458, #1008 ) ;
#567 = AXIS2_PLACEMENT_3D ( 'NONE', #255, #1139, #1268 ) ;
#568 = AXIS2_PLACEMENT_3D ( 'NONE', #244, #976, #1064 ) ;
#569 = CARTESIAN_POINT ( 'NONE',  ( -0.6250000000000000000, 0.6749999999999999334, 1.000000000000000000 ) ) ;
#570 = CARTESIAN_POINT ( 'NONE',  ( 0.6899999999999998357, 0.1829695397698641590, -0.1124999999999999750 ) ) ;
#571 = CLOSED_SHELL ( 'NONE', ( #1178, #338, #409, #1196, #601, #275, #304, #494, #523, #983, #443, #518 ) ) ;
#572 = LINE ( 'NONE', #988, #99 ) ;
#573 = SURFACE_STYLE_FILL_AREA ( #10 ) ;
#574 = ORIENTED_EDGE ( 'NONE', *, *, #336, .T. ) ;
#575 = PLANE ( 'NONE',  #956 ) ;
#576 = MECHANICAL_DESIGN_GEOMETRIC_PRESENTATION_REPRESENTATION (  '', ( #1451 ), #911 ) ;
#577 = FACE_OUTER_BOUND ( 'NONE', #766, .T. ) ;
#578 = EDGE_CURVE ( 'NONE', #1316, #771, #741, .T. ) ;
#579 = LINE ( 'NONE', #376, #598 ) ;
#580 = VECTOR ( 'NONE', #74, 1000.000000000000000 ) ;
#581 = SURFACE_SIDE_STYLE ('',( #573 ) ) ;
#582 = EDGE_CURVE ( 'NONE', #415, #1049, #186, .T. ) ;
#583 = ORIENTED_EDGE ( 'NONE', *, *, #681, .T. ) ;
#584 = DIRECTION ( 'NONE',  ( -1.000000000000000000, 0.000000000000000000, 0.000000000000000000 ) ) ;
#585 = DIRECTION ( 'NONE',  ( -0.1209742911513548430, -0.9852565360152931717, -0.1209742911513548014 ) ) ;
#586 = CIRCLE ( 'NONE', #528, 0.2149999999999998579 ) ;
#587 = VECTOR ( 'NONE', #1413, 1000.000000000000000 ) ;
#588 = CARTESIAN_POINT ( 'NONE',  ( -0.6250000000000000000, 0.6750000000000000444, 0.7624999999999999556 ) ) ;
#589 = AXIS2_PLACEMENT_3D ( 'NONE', #122, #283, #990 ) ;
#590 = VECTOR ( 'NONE', #1290, 1000.000000000000000 ) ;
#591 = ORIENTED_EDGE ( 'NONE', *, *, #485, .T. ) ;
#592 = ORIENTED_EDGE ( 'NONE', *, *, #1133, .F. ) ;
#593 = DIRECTION ( 'NONE',  ( 0.000000000000000000, 1.000000000000000000, 0.000000000000000000 ) ) ;
#594 = CARTESIAN_POINT ( 'NONE',  ( -0.8481413994634985354, 0.01338365122569398075, -0.5374999999999999778 ) ) ;
#595 = VECTOR ( 'NONE', #444, 999.9999999999998863 ) ;
#596 = AXIS2_PLACEMENT_3D ( 'NONE', #1418, #370, #837 ) ;
#597 = ORIENTED_EDGE ( 'NONE', *, *, #935, .F. ) ;
#598 = VECTOR ( 'NONE', #414, 1000.000000000000114 ) ;
#599 = DIRECTION ( 'NONE',  ( -0.000000000000000000, 0.000000000000000000, -1.000000000000000000 ) ) ;
#600 = EDGE_CURVE ( 'NONE', #200, #313, #1251, .T. ) ;
#601 = ADVANCED_FACE ( 'NONE', ( #1226 ), #738, .F. ) ;
#602 =( LENGTH_UNIT ( ) NAMED_UNIT ( * ) SI_UNIT ( .MILLI., .METRE. ) );
#603 = DIRECTION ( 'NONE',  ( 0.000000000000000000, 1.000000000000000000, 0.000000000000000000 ) ) ;
#604 = CIRCLE ( 'NONE', #1478, 0.06499999999999984956 ) ;
#605 = AXIS2_PLACEMENT_3D ( 'NONE', #900, #1018, #723 ) ;
#606 = LINE ( 'NONE', #894, #620 ) ;
#607 = AXIS2_PLACEMENT_3D ( 'NONE', #752, #540, #636 ) ;
#608 = ORIENTED_EDGE ( 'NONE', *, *, #1212, .T. ) ;
#609 = DIRECTION ( 'NONE',  ( -0.9975640502598243087, -0.06975647374412516366, 0.000000000000000000 ) ) ;
#610 = CARTESIAN_POINT ( 'NONE',  ( -0.8586048705251173585, 0.1630182587646676340, -0.7624999999999999556 ) ) ;
#611 = LINE ( 'NONE', #993, #1116 ) ;
#612 = FACE_OUTER_BOUND ( 'NONE', #285, .T. ) ;
#613 = DIRECTION ( 'NONE',  ( 1.000000000000000000, -0.000000000000000000, -1.734723475976807094E-16 ) ) ;
#614 = ORIENTED_EDGE ( 'NONE', *, *, #1456, .T. ) ;
#615 = CARTESIAN_POINT ( 'NONE',  ( 0.6249999999999995559, 0.5250000000000000222, -0.9999999999999993339 ) ) ;
#616 = VECTOR ( 'NONE', #1203, 999.9999999999998863 ) ;
#617 = DIRECTION ( 'NONE',  ( -0.000000000000000000, -0.000000000000000000, -1.000000000000000000 ) ) ;
#618 = ORIENTED_EDGE ( 'NONE', *, *, #663, .F. ) ;
#619 = ADVANCED_FACE ( 'NONE', ( #1238 ), #1190, .T. ) ;
#620 = VECTOR ( 'NONE', #1243, 1000.000000000000000 ) ;
#621 = DIRECTION ( 'NONE',  ( 0.000000000000000000, 0.000000000000000000, 1.000000000000000000 ) ) ;
#622 = DIRECTION ( 'NONE',  ( 0.000000000000000000, -0.000000000000000000, -1.000000000000000000 ) ) ;
#623 = LINE ( 'NONE', #1355, #1090 ) ;
#624 = FACE_OUTER_BOUND ( 'NONE', #217, .T. ) ;
#625 = CARTESIAN_POINT ( 'NONE',  ( 1.039536528938380444, 1.084202172485504434E-16, 0.1124999999999999750 ) ) ;
#626 = DIRECTION ( 'NONE',  ( 0.000000000000000000, -0.000000000000000000, -1.000000000000000000 ) ) ;
#627 = VECTOR ( 'NONE', #995, 1000.000000000000000 ) ;
#628 = CARTESIAN_POINT ( 'NONE',  ( 0.8599999999999998757, 0.1829695397698641313, -0.1124999999999999750 ) ) ;
#629 = VECTOR ( 'NONE', #130, 1000.000000000000000 ) ;
#630 = ADVANCED_FACE ( 'NONE', ( #729 ), #137, .F. ) ;
#631 = CARTESIAN_POINT ( 'NONE',  ( 1.039536528938380444, 1.084202172485504434E-16, -0.1124999999999999750 ) ) ;
#632 = LINE ( 'NONE', #908, #643 ) ;
#633 = PLANE ( 'NONE',  #1015 ) ;
#634 = EDGE_CURVE ( 'NONE', #823, #854, #1206, .T. ) ;
#635 = VECTOR ( 'NONE', #155, 1000.000000000000000 ) ;
#636 = DIRECTION ( 'NONE',  ( 1.000000000000000000, 0.000000000000000000, 0.000000000000000000 ) ) ;
#637 = LINE ( 'NONE', #417, #1164 ) ;
#638 = DIRECTION ( 'NONE',  ( 1.000000000000000000, -0.000000000000000000, -1.734723475976807834E-16 ) ) ;
#639 = DIRECTION ( 'NONE',  ( -0.000000000000000000, -0.000000000000000000, -1.000000000000000000 ) ) ;
#640 = EDGE_CURVE ( 'NONE', #30, #1363, #1183, .T. ) ;
#641 = VECTOR ( 'NONE', #928, 1000.000000000000000 ) ;
#642 = AXIS2_PLACEMENT_3D ( 'NONE', #542, #57, #1488 ) ;
#643 = VECTOR ( 'NONE', #1175, 1000.000000000000114 ) ;
#644 = DIRECTION ( 'NONE',  ( -0.000000000000000000, 0.000000000000000000, 1.000000000000000000 ) ) ;
#645 = DIRECTION ( 'NONE',  ( 0.9975640502598243087, 0.06975647374412530244, -0.000000000000000000 ) ) ;
#646 = AXIS2_PLACEMENT_3D ( 'NONE', #1076, #1192, #800 ) ;
#647 = DIRECTION ( 'NONE',  ( 0.000000000000000000, -1.000000000000000000, 0.000000000000000000 ) ) ;
#648 = VECTOR ( 'NONE', #203, 1000.000000000000000 ) ;
#649 = ADVANCED_FACE ( 'NONE', ( #1191 ), #1225, .F. ) ;
#650 = LINE ( 'NONE', #463, #106 ) ;
#651 = VECTOR ( 'NONE', #1233, 999.9999999999998863 ) ;
#652 = DIRECTION ( 'NONE',  ( 1.000000000000000000, 0.000000000000000000, 0.000000000000000000 ) ) ;
#653 = VECTOR ( 'NONE', #1335, 1000.000000000000000 ) ;
#654 = DIRECTION ( 'NONE',  ( -1.000000000000000000, 0.000000000000000000, 0.000000000000000000 ) ) ;
#655 = VECTOR ( 'NONE', #1026, 1000.000000000000000 ) ;
#656 = DIRECTION ( 'NONE',  ( -1.084202172485504927E-16, 0.000000000000000000, -1.000000000000000000 ) ) ;
#657 = LINE ( 'NONE', #674, #627 ) ;
#658 = LINE ( 'NONE', #1481, #1158 ) ;
#659 = EDGE_CURVE ( 'NONE', #1273, #823, #746, .T. ) ;
#660 = DIRECTION ( 'NONE',  ( 0.000000000000000000, -0.000000000000000000, -1.000000000000000000 ) ) ;
#661 = FILL_AREA_STYLE ('',( #1038 ) ) ;
#662 = FACE_OUTER_BOUND ( 'NONE', #1264, .T. ) ;
#663 = EDGE_CURVE ( 'NONE', #757, #841, #700, .T. ) ;
#664 = FACE_OUTER_BOUND ( 'NONE', #705, .T. ) ;
#665 = CARTESIAN_POINT ( 'NONE',  ( -1.039536528938380444, 1.084202172485504434E-16, 0.7624999999999999556 ) ) ;
#666 = VECTOR ( 'NONE', #1036, 1000.000000000000114 ) ;
#667 = CARTESIAN_POINT ( 'NONE',  ( -1.039536528938380444, 1.084202172485504434E-16, 0.7624999999999999556 ) ) ;
#668 = LINE ( 'NONE', #1062, #653 ) ;
#669 = CARTESIAN_POINT ( 'NONE',  ( 0.6249999999999995559, 0.5250000000000000222, -0.9999999999999993339 ) ) ;
#670 = DIRECTION ( 'NONE',  ( 1.000000000000000000, 0.000000000000000000, 0.000000000000000000 ) ) ;
#671 = LINE ( 'NONE', #432, #1142 ) ;
#672 = LINE ( 'NONE', #300, #629 ) ;
#673 = LINE ( 'NONE', #511, #149 ) ;
#674 = CARTESIAN_POINT ( 'NONE',  ( -0.6899999999999998357, 0.4600000000000000200, 0.7624999999999999556 ) ) ;
#675 = CIRCLE ( 'NONE', #1228, 0.02000000000000005246 ) ;
#676 = DIRECTION ( 'NONE',  ( -1.000000000000000000, 0.000000000000000000, 0.000000000000000000 ) ) ;
#677 = EDGE_CURVE ( 'NONE', #265, #1312, #735, .T. ) ;
#678 = LINE ( 'NONE', #1121, #648 ) ;
#679 = PLANE ( 'NONE',  #1431 ) ;
#680 = ORIENTED_EDGE ( 'NONE', *, *, #1165, .T. ) ;
#681 = EDGE_CURVE ( 'NONE', #407, #297, #1209, .T. ) ;
#682 = DIRECTION ( 'NONE',  ( 1.000000000000000000, 0.000000000000000000, 0.000000000000000000 ) ) ;
#683 = VECTOR ( 'NONE', #481, 1000.000000000000000 ) ;
#684 = ORIENTED_EDGE ( 'NONE', *, *, #218, .F. ) ;
#685 = LINE ( 'NONE', #688, #182 ) ;
#686 = ORIENTED_EDGE ( 'NONE', *, *, #1409, .F. ) ;
#687 = VECTOR ( 'NONE', #1344, 1000.000000000000000 ) ;
#688 = CARTESIAN_POINT ( 'NONE',  ( -0.6250000000000000000, 0.6750000000000000444, -0.5374999999999999778 ) ) ;
#689 = ORIENTED_EDGE ( 'NONE', *, *, #559, .F. ) ;
#690 = VECTOR ( 'NONE', #1295, 1000.000000000000000 ) ;
#691 = CARTESIAN_POINT ( 'NONE',  ( -0.8599999999999998757, 0.1829695397698641313, -0.5374999999999999778 ) ) ;
#692 = ORIENTED_EDGE ( 'NONE', *, *, #582, .T. ) ;
#693 = DIRECTION ( 'NONE',  ( 0.000000000000000000, -1.000000000000000000, 0.000000000000000000 ) ) ;
#694 = VECTOR ( 'NONE', #867, 1000.000000000000000 ) ;
#695 = ORIENTED_EDGE ( 'NONE', *, *, #314, .F. ) ;
#696 = VECTOR ( 'NONE', #65, 1000.000000000000000 ) ;
#697 = AXIS2_PLACEMENT_3D ( 'NONE', #551, #1460, #307 ) ;
#698 = ORIENTED_EDGE ( 'NONE', *, *, #1443, .F. ) ;
#699 = CARTESIAN_POINT ( 'NONE',  ( 1.039536528938380444, 1.084202172485504434E-16, 0.1124999999999999750 ) ) ;
#700 = LINE ( 'NONE', #1426, #707 ) ;
#701 = AXIS2_PLACEMENT_3D ( 'NONE', #455, #639, #792 ) ;
#702 = CARTESIAN_POINT ( 'NONE',  ( -0.6250000000000000000, 0.6750000000000000444, 0.7624999999999999556 ) ) ;
#703 = ORIENTED_EDGE ( 'NONE', *, *, #112, .F. ) ;
#704 = VECTOR ( 'NONE', #144, 1000.000000000000000 ) ;
#705 = EDGE_LOOP ( 'NONE', ( #1330, #1303, #784, #1365 ) ) ;
#706 = PLANE ( 'NONE',  #1494 ) ;
#707 = VECTOR ( 'NONE', #16, 1000.000000000000000 ) ;
#708 = DIRECTION ( 'NONE',  ( -0.000000000000000000, -0.000000000000000000, -1.000000000000000000 ) ) ;
#709 = ORIENTED_EDGE ( 'NONE', *, *, #1497, .T. ) ;
#710 = ORIENTED_EDGE ( 'NONE', *, *, #600, .T. ) ;
#711 = CARTESIAN_POINT ( 'NONE',  ( -0.8400000000000000799, 0.4600000000000000200, 0.7624999999999999556 ) ) ;
#712 = LINE ( 'NONE', #1445, #173 ) ;
#713 = CARTESIAN_POINT ( 'NONE',  ( -1.049999999999999378, 0.1496346075389737851, 0.7624999999999999556 ) ) ;
#714 = ORIENTED_EDGE ( 'NONE', *, *, #146, .T. ) ;
#715 = VECTOR ( 'NONE', #397, 1000.000000000000000 ) ;
#716 = ORIENTED_EDGE ( 'NONE', *, *, #170, .F. ) ;
#717 = DIRECTION ( 'NONE',  ( -1.734723475976807094E-16, 0.000000000000000000, -1.000000000000000000 ) ) ;
#718 = VECTOR ( 'NONE', #1349, 1000.000000000000114 ) ;
#719 = CARTESIAN_POINT ( 'NONE',  ( 0.6250000000000000000, 0.6749999999999999334, 0.9999999999999997780 ) ) ;
#720 = ORIENTED_EDGE ( 'NONE', *, *, #578, .F. ) ;
#721 = FACE_OUTER_BOUND ( 'NONE', #1361, .T. ) ;
#722 =( NAMED_UNIT ( * ) PLANE_ANGLE_UNIT ( ) SI_UNIT ( $, .RADIAN. ) );
#723 = DIRECTION ( 'NONE',  ( -1.000000000000000000, 0.000000000000000000, 0.000000000000000000 ) ) ;
#724 = ORIENTED_EDGE ( 'NONE', *, *, #898, .T. ) ;
#725 = FACE_OUTER_BOUND ( 'NONE', #1254, .T. ) ;
#726 = ADVANCED_FACE ( 'NONE', ( #207 ), #89, .T. ) ;
#727 = VERTEX_POINT ( 'NONE', #13 ) ;
#728 = CARTESIAN_POINT ( 'NONE',  ( -0.8399999999999998579, 0.4600000000000000200, 0.7624999999999999556 ) ) ;
#729 = FACE_OUTER_BOUND ( 'NONE', #794, .T. ) ;
#730 = DIRECTION ( 'NONE',  ( -0.000000000000000000, -0.000000000000000000, -1.000000000000000000 ) ) ;
#731 = ORIENTED_EDGE ( 'NONE', *, *, #1456, .F. ) ;
#732 = LINE ( 'NONE', #169, #219 ) ;
#733 = ORIENTED_EDGE ( 'NONE', *, *, #506, .F. ) ;
#734 = COLOUR_RGB ( '',0.8000000000000000444, 0.8196078431372548767, 0.9333333333333333481 ) ;
#735 = LINE ( 'NONE', #2, #168 ) ;
#736 = ORIENTED_EDGE ( 'NONE', *, *, #214, .F. ) ;
#737 = ORIENTED_EDGE ( 'NONE', *, *, #531, .F. ) ;
#738 = CYLINDRICAL_SURFACE ( 'NONE', #701, 0.02000000000000005246 ) ;
#739 = ORIENTED_EDGE ( 'NONE', *, *, #537, .T. ) ;
#740 = PLANE ( 'NONE',  #1321 ) ;
#741 = LINE ( 'NONE', #755, #210 ) ;
#742 = EDGE_CURVE ( 'NONE', #823, #224, #188, .T. ) ;
#743 = AXIS2_PLACEMENT_3D ( 'NONE', #904, #429, #513 ) ;
#744 = ADVANCED_FACE ( 'NONE', ( #1194 ), #1221, .F. ) ;
#745 = ORIENTED_EDGE ( 'NONE', *, *, #195, .T. ) ;
#746 = LINE ( 'NONE', #1022, #212 ) ;
#747 = UNCERTAINTY_MEASURE_WITH_UNIT (LENGTH_MEASURE( 1.000000000000000082E-05 ), #7, 'distance_accuracy_value', 'NONE');
#748 = EDGE_CURVE ( 'NONE', #220, #390, #1242, .T. ) ;
#749 = AXIS2_PLACEMENT_3D ( 'NONE', #628, #813, #938 ) ;
#750 = ORIENTED_EDGE ( 'NONE', *, *, #175, .F. ) ;
#751 = ORIENTED_EDGE ( 'NONE', *, *, #1433, .T. ) ;
#752 = CARTESIAN_POINT ( 'NONE',  ( -0.6250000000000001110, 0.4600000000000000200, 0.5374999999999999778 ) ) ;
#753 = VERTEX_POINT ( 'NONE', #1154 ) ;
#754 = ORIENTED_EDGE ( 'NONE', *, *, #151, .F. ) ;
#755 = CARTESIAN_POINT ( 'NONE',  ( -0.6250000000000000000, 0.5250000000000000222, -0.5374999999999999778 ) ) ;
#756 = VERTEX_POINT ( 'NONE', #1434 ) ;
#757 = VERTEX_POINT ( 'NONE', #93 ) ;
#758 = CARTESIAN_POINT ( 'NONE',  ( -0.6250000000000000000, 0.5250000000000000222, -0.7624999999999999556 ) ) ;
#759 = VECTOR ( 'NONE', #788, 1000.000000000000000 ) ;
#760 = PRODUCT ( 'BSS138W', 'BSS138W', '', ( #984 ) ) ;
#761 = ORIENTED_EDGE ( 'NONE', *, *, #1435, .F. ) ;
#762 = ORIENTED_EDGE ( 'NONE', *, *, #245, .F. ) ;
#763 = LINE ( 'NONE', #90, #778 ) ;
#764 = ADVANCED_FACE ( 'NONE', ( #725 ), #575, .T. ) ;
#765 = ORIENTED_EDGE ( 'NONE', *, *, #659, .T. ) ;
#766 = EDGE_LOOP ( 'NONE', ( #1341, #1358, #1395, #1350 ) ) ;
#767 = CARTESIAN_POINT ( 'NONE',  ( -1.039536528938380444, 1.084202172485504434E-16, 0.5374999999999999778 ) ) ;
#768 = CIRCLE ( 'NONE', #566, 0.2149999999999998579 ) ;
#769 = DIRECTION ( 'NONE',  ( 0.000000000000000000, 0.000000000000000000, 1.000000000000000000 ) ) ;
#770 = ORIENTED_EDGE ( 'NONE', *, *, #982, .T. ) ;
#771 = VERTEX_POINT ( 'NONE', #849 ) ;
#772 = SURFACE_STYLE_FILL_AREA ( #661 ) ;
#773 = CARTESIAN_POINT ( 'NONE',  ( -0.8586048705251173585, 0.1630182587646676340, 0.7624999999999999556 ) ) ;
#774 = ORIENTED_EDGE ( 'NONE', *, *, #578, .T. ) ;
#775 = VERTEX_POINT ( 'NONE', #702 ) ;
#776 = ORIENTED_EDGE ( 'NONE', *, *, #986, .F. ) ;
#777 = FILL_AREA_STYLE_COLOUR ( '', #881 ) ;
#778 = VECTOR ( 'NONE', #205, 1000.000000000000114 ) ;
#779 = ORIENTED_EDGE ( 'NONE', *, *, #245, .T. ) ;
#780 = CARTESIAN_POINT ( 'NONE',  ( 0.6250000000000000000, 0.5250000000000000222, -0.1124999999999999750 ) ) ;
#781 = CLOSED_SHELL ( 'NONE', ( #532, #896, #1364, #1291, #1074, #449, #1352, #941, #12, #764, #457, #726, #1014, #113 ) ) ;
#782 = ORIENTED_EDGE ( 'NONE', *, *, #146, .F. ) ;
#783 = EDGE_CURVE ( 'NONE', #1045, #265, #204, .T. ) ;
#784 = ORIENTED_EDGE ( 'NONE', *, *, #1078, .F. ) ;
#785 = VERTEX_POINT ( 'NONE', #952 ) ;
#786 = CARTESIAN_POINT ( 'NONE',  ( 0.8586048705251173585, 0.1630182587646676062, 0.1124999999999999750 ) ) ;
#787 = LINE ( 'NONE', #860, #797 ) ;
#788 = DIRECTION ( 'NONE',  ( 0.000000000000000000, -1.000000000000000000, 0.000000000000000000 ) ) ;
#789 = ORIENTED_EDGE ( 'NONE', *, *, #28, .F. ) ;
#790 = CARTESIAN_POINT ( 'NONE',  ( -0.6250000000000002220, 0.5250000000000000222, -0.9999999999999991118 ) ) ;
#791 = ORIENTED_EDGE ( 'NONE', *, *, #470, .F. ) ;
#792 = DIRECTION ( 'NONE',  ( -1.000000000000000000, 0.000000000000000000, 0.000000000000000000 ) ) ;
#793 = AXIS2_PLACEMENT_3D ( 'NONE', #344, #512, #769 ) ;
#794 = EDGE_LOOP ( 'NONE', ( #23, #35, #425, #1429, #293, #782, #762, #125, #163, #1322 ) ) ;
#795 = EDGE_LOOP ( 'NONE', ( #177, #720, #261, #1265 ) ) ;
#796 =( LENGTH_UNIT ( ) NAMED_UNIT ( * ) SI_UNIT ( .MILLI., .METRE. ) );
#797 = VECTOR ( 'NONE', #1114, 1000.000000000000000 ) ;
#798 = DIRECTION ( 'NONE',  ( -0.06975647374412528856, 0.9975640502598241977, 0.000000000000000000 ) ) ;
#799 = ORIENTED_EDGE ( 'NONE', *, *, #1446, .T. ) ;
#800 = DIRECTION ( 'NONE',  ( -1.000000000000000000, 0.000000000000000000, 0.000000000000000000 ) ) ;
#801 = VERTEX_POINT ( 'NONE', #1170 ) ;
#802 = LINE ( 'NONE', #1025, #1320 ) ;
#803 = ORIENTED_EDGE ( 'NONE', *, *, #634, .T. ) ;
#804 = ORIENTED_EDGE ( 'NONE', *, *, #600, .F. ) ;
#805 = CARTESIAN_POINT ( 'NONE',  ( -0.8586048705251173585, 0.1630182587646676340, -0.5374999999999999778 ) ) ;
#806 = LINE ( 'NONE', #1210, #1305 ) ;
#807 = DIRECTION ( 'NONE',  ( 1.000000000000000000, 0.000000000000000000, -0.000000000000000000 ) ) ;
#808 = ORIENTED_EDGE ( 'NONE', *, *, #17, .T. ) ;
#809 = ORIENTED_EDGE ( 'NONE', *, *, #640, .F. ) ;
#810 = DIRECTION ( 'NONE',  ( 0.000000000000000000, 1.000000000000000000, 0.000000000000000000 ) ) ;
#811 = ORIENTED_EDGE ( 'NONE', *, *, #1287, .T. ) ;
#812 = VECTOR ( 'NONE', #1157, 1000.000000000000000 ) ;
#813 = DIRECTION ( 'NONE',  ( -0.000000000000000000, -0.000000000000000000, -1.000000000000000000 ) ) ;
#814 = EDGE_CURVE ( 'NONE', #377, #256, #1213, .T. ) ;
#815 = ORIENTED_EDGE ( 'NONE', *, *, #537, .F. ) ;
#816 = ORIENTED_EDGE ( 'NONE', *, *, #336, .F. ) ;
#817 = FILL_AREA_STYLE ('',( #777 ) ) ;
#818 = LINE ( 'NONE', #399, #303 ) ;
#819 = EDGE_CURVE ( 'NONE', #876, #855, #712, .T. ) ;
#820 = ORIENTED_EDGE ( 'NONE', *, *, #38, .F. ) ;
#821 = EDGE_LOOP ( 'NONE', ( #1353, #1310, #323, #862 ) ) ;
#822 = VECTOR ( 'NONE', #1479, 1000.000000000000000 ) ;
#823 = VERTEX_POINT ( 'NONE', #1505 ) ;
#824 = ORIENTED_EDGE ( 'NONE', *, *, #1468, .F. ) ;
#825 = VECTOR ( 'NONE', #963, 1000.000000000000000 ) ;
#826 = DIRECTION ( 'NONE',  ( 0.000000000000000000, -0.000000000000000000, -1.000000000000000000 ) ) ;
#827 = ORIENTED_EDGE ( 'NONE', *, *, #994, .T. ) ;
#828 = CIRCLE ( 'NONE', #607, 0.06499999999999984956 ) ;
#829 = ORIENTED_EDGE ( 'NONE', *, *, #1446, .F. ) ;
#830 = ORIENTED_EDGE ( 'NONE', *, *, #1319, .T. ) ;
#831 = PRESENTATION_STYLE_ASSIGNMENT (( #852 ) ) ;
#832 = ORIENTED_EDGE ( 'NONE', *, *, #199, .T. ) ;
#833 = CIRCLE ( 'NONE', #1093, 0.06499999999999984956 ) ;
#834 = CARTESIAN_POINT ( 'NONE',  ( -0.6899999999999998357, 0.1829695397698641590, 0.5374999999999999778 ) ) ;
#835 = EDGE_CURVE ( 'NONE', #753, #552, #1230, .T. ) ;
#836 = ORIENTED_EDGE ( 'NONE', *, *, #476, .F. ) ;
#837 = DIRECTION ( 'NONE',  ( 1.000000000000000000, 0.000000000000000000, -0.000000000000000000 ) ) ;
#838 = VECTOR ( 'NONE', #356, 1000.000000000000000 ) ;
#839 = AXIS2_PLACEMENT_3D ( 'NONE', #243, #1471, #654 ) ;
#840 = DIRECTION ( 'NONE',  ( -0.000000000000000000, 0.000000000000000000, 1.000000000000000000 ) ) ;
#841 = VERTEX_POINT ( 'NONE', #20 ) ;
#842 = EDGE_CURVE ( 'NONE', #319, #1177, #685, .T. ) ;
#843 = LINE ( 'NONE', #1011, #398 ) ;
#844 = UNCERTAINTY_MEASURE_WITH_UNIT (LENGTH_MEASURE( 1.000000000000000082E-05 ), #1167, 'distance_accuracy_value', 'NONE');
#845 = ORIENTED_EDGE ( 'NONE', *, *, #1424, .T. ) ;
#846 = EDGE_CURVE ( 'NONE', #552, #220, #1186, .T. ) ;
#847 = ORIENTED_EDGE ( 'NONE', *, *, #1266, .T. ) ;
#848 = LINE ( 'NONE', #758, #907 ) ;
#849 = CARTESIAN_POINT ( 'NONE',  ( -0.6250000000000000000, 0.5250000000000000222, -0.7624999999999999556 ) ) ;
#850 = ORIENTED_EDGE ( 'NONE', *, *, #1012, .T. ) ;
#851 = CARTESIAN_POINT ( 'NONE',  ( 0.8481413994634985354, 0.01338365122569398075, 0.1124999999999999750 ) ) ;
#852 = SURFACE_STYLE_USAGE ( .BOTH. , #1252 ) ;
#853 = ORIENTED_EDGE ( 'NONE', *, *, #1502, .T. ) ;
#854 = VERTEX_POINT ( 'NONE', #1060 ) ;
#855 = VERTEX_POINT ( 'NONE', #426 ) ;
#856 = CARTESIAN_POINT ( 'NONE',  ( -0.8399999999999998579, 0.1829695397698641313, 0.5374999999999999778 ) ) ;
#857 = DIRECTION ( 'NONE',  ( -0.000000000000000000, -0.000000000000000000, -1.000000000000000000 ) ) ;
#858 = EDGE_LOOP ( 'NONE', ( #1404, #1384, #1374, #349 ) ) ;
#859 = EDGE_CURVE ( 'NONE', #297, #884, #1231, .T. ) ;
#860 = CARTESIAN_POINT ( 'NONE',  ( -1.049999999999999378, 0.1496346075389737851, -0.5374999999999999778 ) ) ;
#861 = ORIENTED_EDGE ( 'NONE', *, *, #835, .F. ) ;
#862 = ORIENTED_EDGE ( 'NONE', *, *, #1091, .F. ) ;
#863 = ORIENTED_EDGE ( 'NONE', *, *, #1389, .T. ) ;
#864 = VERTEX_POINT ( 'NONE', #966 ) ;
#865 = DIRECTION ( 'NONE',  ( -0.9975640502598243087, 0.06975647374412530244, 0.000000000000000000 ) ) ;
#866 = VERTEX_POINT ( 'NONE', #667 ) ;
#867 = DIRECTION ( 'NONE',  ( -0.000000000000000000, -1.000000000000000000, -0.000000000000000000 ) ) ;
#868 = EDGE_LOOP ( 'NONE', ( #1296, #1099, #1122, #1262 ) ) ;
#869 = ORIENTED_EDGE ( 'NONE', *, *, #814, .F. ) ;
#870 = FACE_OUTER_BOUND ( 'NONE', #868, .T. ) ;
#871 = ORIENTED_EDGE ( 'NONE', *, *, #859, .F. ) ;
#872 = VERTEX_POINT ( 'NONE', #384 ) ;
#873 = VECTOR ( 'NONE', #1474, 1000.000000000000000 ) ;
#874 = EDGE_LOOP ( 'NONE', ( #686, #1328, #680, #311 ) ) ;
#875 = DIRECTION ( 'NONE',  ( 0.9975640502598243087, 0.06975647374412517754, -0.000000000000000000 ) ) ;
#876 = VERTEX_POINT ( 'NONE', #834 ) ;
#877 = DIRECTION ( 'NONE',  ( -1.000000000000000000, -0.000000000000000000, 1.734723475976807341E-16 ) ) ;
#878 = VECTOR ( 'NONE', #1354, 1000.000000000000000 ) ;
#879 = CARTESIAN_POINT ( 'NONE',  ( -0.8399999999999998579, 0.4600000000000000200, 0.7624999999999999556 ) ) ;
#880 = ORIENTED_EDGE ( 'NONE', *, *, #814, .T. ) ;
#881 = COLOUR_RGB ( '',0.8000000000000000444, 0.8196078431372548767, 0.9333333333333333481 ) ;
#882 = CIRCLE ( 'NONE', #1184, 0.02000000000000005246 ) ;
#883 = CARTESIAN_POINT ( 'NONE',  ( -0.8586048705251173585, 0.1630182587646676062, -0.7624999999999999556 ) ) ;
#884 = VERTEX_POINT ( 'NONE', #856 ) ;
#885 = COLOUR_RGB ( '',0.8000000000000000444, 0.8196078431372548767, 0.9333333333333333481 ) ;
#886 = ORIENTED_EDGE ( 'NONE', *, *, #982, .F. ) ;
#887 = PRESENTATION_STYLE_ASSIGNMENT (( #1483 ) ) ;
#888 = AXIS2_PLACEMENT_3D ( 'NONE', #1450, #142, #56 ) ;
#889 = ORIENTED_EDGE ( 'NONE', *, *, #1468, .T. ) ;
#890 = FACE_OUTER_BOUND ( 'NONE', #253, .T. ) ;
#891 = VERTEX_POINT ( 'NONE', #1159 ) ;
#892 = DIRECTION ( 'NONE',  ( -0.000000000000000000, -0.000000000000000000, -1.000000000000000000 ) ) ;
#893 = VERTEX_POINT ( 'NONE', #945 ) ;
#894 = CARTESIAN_POINT ( 'NONE',  ( -0.5652701452514835578, 0.1000000000000002137, 1.000000000000000000 ) ) ;
#895 = EDGE_CURVE ( 'NONE', #756, #1199, #194, .T. ) ;
#896 = ADVANCED_FACE ( 'NONE', ( #165 ), #1048, .F. ) ;
#897 = CIRCLE ( 'NONE', #933, 0.06499999999999984956 ) ;
#898 = EDGE_CURVE ( 'NONE', #1241, #1195, #1200, .T. ) ;
#899 = VECTOR ( 'NONE', #892, 1000.000000000000000 ) ;
#900 = CARTESIAN_POINT ( 'NONE',  ( -0.8599999999999998757, 0.1829695397698641313, -0.7624999999999999556 ) ) ;
#901 = PRESENTATION_LAYER_ASSIGNMENT (  '', '', ( #454 ) ) ;
#902 = ORIENTED_EDGE ( 'NONE', *, *, #1382, .F. ) ;
#903 = VECTOR ( 'NONE', #502, 1000.000000000000114 ) ;
#904 = CARTESIAN_POINT ( 'NONE',  ( -0.8599999999999998757, 0.1829695397698641313, 0.7624999999999999556 ) ) ;
#905 = ORIENTED_EDGE ( 'NONE', *, *, #341, .T. ) ;
#906 = DIRECTION ( 'NONE',  ( 1.000000000000000000, 0.000000000000000000, -0.000000000000000000 ) ) ;
#907 = VECTOR ( 'NONE', #971, 1000.000000000000000 ) ;
#908 = CARTESIAN_POINT ( 'NONE',  ( -0.6250000000000000000, 0.5250000000000000222, 1.000000000000000000 ) ) ;
#909 = VERTEX_POINT ( 'NONE', #1359 ) ;
#910 = DIRECTION ( 'NONE',  ( -0.000000000000000000, -0.000000000000000000, -1.000000000000000000 ) ) ;
#911 =( GEOMETRIC_REPRESENTATION_CONTEXT ( 3 ) GLOBAL_UNCERTAINTY_ASSIGNED_CONTEXT ( ( #973 ) ) GLOBAL_UNIT_ASSIGNED_CONTEXT ( ( #19, #722, #460 ) ) REPRESENTATION_CONTEXT ( 'NONE', 'WORKASPACE' ) );
#912 = DIRECTION ( 'NONE',  ( -0.000000000000000000, -0.000000000000000000, -1.000000000000000000 ) ) ;
#913 = DIRECTION ( 'NONE',  ( -1.000000000000000000, 0.000000000000000000, 0.000000000000000000 ) ) ;
#914 = EDGE_CURVE ( 'NONE', #775, #407, #1217, .T. ) ;
#915 = AXIS2_PLACEMENT_3D ( 'NONE', #67, #644, #185 ) ;
#916 = DIRECTION ( 'NONE',  ( -0.000000000000000000, -0.000000000000000000, -1.000000000000000000 ) ) ;
#917 = EDGE_CURVE ( 'NONE', #469, #162, #198, .T. ) ;
#918 = CARTESIAN_POINT ( 'NONE',  ( -0.6250000000000000000, 1.100000000000000311, 0.9478165616162653739 ) ) ;
#919 = EDGE_CURVE ( 'NONE', #1399, #184, #201, .T. ) ;
#920 = CARTESIAN_POINT ( 'NONE',  ( 0.6250000000000001110, 0.4600000000000000200, -0.1124999999999999750 ) ) ;
#921 = DIRECTION ( 'NONE',  ( 0.000000000000000000, 0.000000000000000000, 1.000000000000000000 ) ) ;
#922 = ADVANCED_FACE ( 'NONE', ( #721 ), #1271, .T. ) ;
#923 = SURFACE_SIDE_STYLE ('',( #1381 ) ) ;
#924 = CARTESIAN_POINT ( 'NONE',  ( -0.6250000000000002220, 0.5250000000000000222, -0.9999999999999991118 ) ) ;
#925 = EDGE_LOOP ( 'NONE', ( #1084, #1089, #816, #334 ) ) ;
#926 = DIRECTION ( 'NONE',  ( 1.000000000000000000, 0.000000000000000000, 0.000000000000000000 ) ) ;
#927 = DIRECTION ( 'NONE',  ( 0.000000000000000000, 0.000000000000000000, 1.000000000000000000 ) ) ;
#928 = DIRECTION ( 'NONE',  ( -2.168404344971009854E-16, -0.000000000000000000, -1.000000000000000000 ) ) ;
#929 = EDGE_LOOP ( 'NONE', ( #248, #824, #363, #284, #257, #1377, #208, #260, #1189, #972 ) ) ;
#930 = CARTESIAN_POINT ( 'NONE',  ( -0.6250000000000001110, 0.4600000000000000200, -0.5374999999999999778 ) ) ;
#931 = EDGE_CURVE ( 'NONE', #1417, #775, #806, .T. ) ;
#932 = DIRECTION ( 'NONE',  ( -0.000000000000000000, -0.000000000000000000, -1.000000000000000000 ) ) ;
#933 = AXIS2_PLACEMENT_3D ( 'NONE', #1496, #840, #1087 ) ;
#934 = DIRECTION ( 'NONE',  ( -1.000000000000000000, -0.000000000000000000, 1.734723475976807341E-16 ) ) ;
#935 = EDGE_CURVE ( 'NONE', #1229, #361, #267, .T. ) ;
#936 = DIRECTION ( 'NONE',  ( 0.06975647374412503876, -0.9975640502598243087, 0.000000000000000000 ) ) ;
#937 = CARTESIAN_POINT ( 'NONE',  ( 0.8599999999999998757, 0.1829695397698641313, 0.1124999999999999750 ) ) ;
#938 = DIRECTION ( 'NONE',  ( 1.000000000000000000, 0.000000000000000000, 0.000000000000000000 ) ) ;
#939 = STYLED_ITEM ( 'NONE', ( #831 ), #1037 ) ;
#940 =( NAMED_UNIT ( * ) SI_UNIT ( $, .STERADIAN. ) SOLID_ANGLE_UNIT ( ) );
#941 = ADVANCED_FACE ( 'NONE', ( #1308 ), #305, .T. ) ;
#942 = CARTESIAN_POINT ( 'NONE',  ( -0.5652701452514837799, 0.1000000000000002137, -0.9402701452514826697 ) ) ;
#943 = CARTESIAN_POINT ( 'NONE',  ( 0.8586048705251173585, 0.1630182587646676340, 0.1124999999999999750 ) ) ;
#944 = CARTESIAN_POINT ( 'NONE',  ( 0.6899999999999998357, 0.4600000000000000200, 0.1124999999999999750 ) ) ;
#945 = CARTESIAN_POINT ( 'NONE',  ( -0.6250000000000000000, 0.6750000000000000444, 0.5374999999999999778 ) ) ;
#946 = DIRECTION ( 'NONE',  ( 0.9902680687415703620, -0.1391731009600657432, -2.147301582945271814E-16 ) ) ;
#947 = CARTESIAN_POINT ( 'NONE',  ( -0.6250000000000000000, 0.5250000000000000222, 1.000000000000000000 ) ) ;
#948 = CARTESIAN_POINT ( 'NONE',  ( -0.6250000000000001110, 0.4600000000000000200, 0.7624999999999999556 ) ) ;
#949 = ORIENTED_EDGE ( 'NONE', *, *, #485, .F. ) ;
#950 = DIRECTION ( 'NONE',  ( 1.000000000000000000, 0.000000000000000000, 0.000000000000000000 ) ) ;
#951 = ORIENTED_EDGE ( 'NONE', *, *, #1012, .F. ) ;
#952 = CARTESIAN_POINT ( 'NONE',  ( 0.8400000000000000799, 0.4600000000000000200, 0.1124999999999999750 ) ) ;
#953 = EDGE_CURVE ( 'NONE', #390, #1199, #1263, .T. ) ;
#954 = CARTESIAN_POINT ( 'NONE',  ( -0.6250000000000001110, 0.4600000000000000200, 0.5374999999999999778 ) ) ;
#955 =( NAMED_UNIT ( * ) SI_UNIT ( $, .STERADIAN. ) SOLID_ANGLE_UNIT ( ) );
#956 = AXIS2_PLACEMENT_3D ( 'NONE', #226, #406, #110 ) ;
#957 = CARTESIAN_POINT ( 'NONE',  ( -0.8586048705251173585, 0.1630182587646676340, 0.7624999999999999556 ) ) ;
#958 = ORIENTED_EDGE ( 'NONE', *, *, #506, .T. ) ;
#959 = DIRECTION ( 'NONE',  ( 0.1378445374916288935, 0.9808148484639890308, -0.1378445374916289490 ) ) ;
#960 = DIRECTION ( 'NONE',  ( -1.000000000000000000, 0.000000000000000000, 0.000000000000000000 ) ) ;
#961 = DIRECTION ( 'NONE',  ( 1.000000000000000000, 0.000000000000000000, -0.000000000000000000 ) ) ;
#962 = ORIENTED_EDGE ( 'NONE', *, *, #917, .F. ) ;
#963 = DIRECTION ( 'NONE',  ( 1.000000000000000000, 0.000000000000000000, -1.734723475976807094E-16 ) ) ;
#964 = AXIS2_PLACEMENT_3D ( 'NONE', #51, #433, #584 ) ;
#965 = DIRECTION ( 'NONE',  ( 0.000000000000000000, -0.000000000000000000, -1.000000000000000000 ) ) ;
#966 = CARTESIAN_POINT ( 'NONE',  ( 0.6899999999999998357, 0.1829695397698641590, 0.1124999999999999750 ) ) ;
#967 = EDGE_CURVE ( 'NONE', #855, #32, #828, .T. ) ;
#968 = STYLED_ITEM ( 'NONE', ( #887 ), #1375 ) ;
#969 = CARTESIAN_POINT ( 'NONE',  ( -0.6250000000000001110, 0.4600000000000000200, 0.5374999999999999778 ) ) ;
#970 = EDGE_CURVE ( 'NONE', #340, #864, #280, .T. ) ;
#971 = DIRECTION ( 'NONE',  ( 0.000000000000000000, 1.000000000000000000, 0.000000000000000000 ) ) ;
#972 = ORIENTED_EDGE ( 'NONE', *, *, #318, .F. ) ;
#973 = UNCERTAINTY_MEASURE_WITH_UNIT (LENGTH_MEASURE( 1.000000000000000082E-05 ), #19, 'distance_accuracy_value', 'NONE');
#974 = DIRECTION ( 'NONE',  ( 0.1378445374916289490, 0.9808148484639890308, 0.1378445374916288935 ) ) ;
#975 = CARTESIAN_POINT ( 'NONE',  ( 0.6899999999999998357, 0.4600000000000000200, 0.1124999999999999750 ) ) ;
#976 = DIRECTION ( 'NONE',  ( 1.717841266356216613E-16, -0.1391731009600657432, 0.9902680687415703620 ) ) ;
#977 = CARTESIAN_POINT ( 'NONE',  ( -0.8481413994634985354, 0.01338365122569398075, 0.7624999999999999556 ) ) ;
#978 = ORIENTED_EDGE ( 'NONE', *, *, #314, .T. ) ;
#979 = CARTESIAN_POINT ( 'NONE',  ( 0.6250000000000000000, 0.1000000000000002137, 0.9402701452514833358 ) ) ;
#980 = AXIS2_PLACEMENT_3D ( 'NONE', #954, #1041, #1143 ) ;
#981 = CARTESIAN_POINT ( 'NONE',  ( -0.8399999999999998579, 0.1829695397698641313, -0.7624999999999999556 ) ) ;
#982 = EDGE_CURVE ( 'NONE', #864, #1049, #249, .T. ) ;
#983 = ADVANCED_FACE ( 'NONE', ( #294 ), #533, .F. ) ;
#984 = PRODUCT_CONTEXT ( 'NONE', #109, 'mechanical' ) ;
#985 = PLANE ( 'NONE',  #589 ) ;
#986 = EDGE_CURVE ( 'NONE', #1195, #757, #768, .T. ) ;
#987 = CARTESIAN_POINT ( 'NONE',  ( -0.8481413994634985354, 0.01338365122569398075, 0.7624999999999999556 ) ) ;
#988 = CARTESIAN_POINT ( 'NONE',  ( -0.5728165616162655960, 1.100000000000000311, -0.9999999999999991118 ) ) ;
#989 = CARTESIAN_POINT ( 'NONE',  ( 0.000000000000000000, 0.1000000000000002137, 0.000000000000000000 ) ) ;
#990 = DIRECTION ( 'NONE',  ( 0.000000000000000000, 0.000000000000000000, -1.000000000000000000 ) ) ;
#991 = ADVANCED_FACE ( 'NONE', ( #1286 ), #49, .F. ) ;
#992 = CARTESIAN_POINT ( 'NONE',  ( -0.5652701452514835578, 0.1000000000000002137, 0.9402701452514835578 ) ) ;
#993 = CARTESIAN_POINT ( 'NONE',  ( -1.039536528938380444, 1.084202172485504434E-16, 0.7624999999999999556 ) ) ;
#994 = EDGE_CURVE ( 'NONE', #785, #801, #262, .T. ) ;
#995 = DIRECTION ( 'NONE',  ( -0.000000000000000000, 1.000000000000000000, -0.000000000000000000 ) ) ;
#996 = AXIS2_PLACEMENT_3D ( 'NONE', #52, #1115, #1236 ) ;
#997 = ORIENTED_EDGE ( 'NONE', *, *, #366, .F. ) ;
#998 = EDGE_CURVE ( 'NONE', #854, #337, #1315, .T. ) ;
#999 = VERTEX_POINT ( 'NONE', #1107 ) ;
#1000 = LINE ( 'NONE', #1440, #503 ) ;
#1001 = PLANE ( 'NONE',  #440 ) ;
#1002 = CARTESIAN_POINT ( 'NONE',  ( -0.6250000000000001110, 0.4600000000000000200, -0.7624999999999999556 ) ) ;
#1003 = ADVANCED_FACE ( 'NONE', ( #237 ), #985, .F. ) ;
#1004 = CARTESIAN_POINT ( 'NONE',  ( -0.8586048705251173585, 0.1630182587646676062, 0.5374999999999999778 ) ) ;
#1005 = CARTESIAN_POINT ( 'NONE',  ( -1.039536528938380444, 1.084202172485504434E-16, 0.5374999999999999778 ) ) ;
#1006 = VECTOR ( 'NONE', #1480, 1000.000000000000000 ) ;
#1007 = AXIS2_PLACEMENT_3D ( 'NONE', #1464, #927, #434 ) ;
#1008 = DIRECTION ( 'NONE',  ( -1.000000000000000000, 0.000000000000000000, 0.000000000000000000 ) ) ;
#1009 = LINE ( 'NONE', #975, #1504 ) ;
#1010 = DIRECTION ( 'NONE',  ( -0.000000000000000000, 1.000000000000000000, -0.000000000000000000 ) ) ;
#1011 = CARTESIAN_POINT ( 'NONE',  ( -0.6899999999999998357, 0.1829695397698641590, -0.5374999999999999778 ) ) ;
#1012 = EDGE_CURVE ( 'NONE', #727, #909, #787, .T. ) ;
#1013 = DIRECTION ( 'NONE',  ( -0.9975640502598243087, -0.06975647374412503876, 0.000000000000000000 ) ) ;
#1014 = ADVANCED_FACE ( 'NONE', ( #259 ), #1430, .T. ) ;
#1015 = AXIS2_PLACEMENT_3D ( 'NONE', #1016, #1104, #55 ) ;
#1016 = CARTESIAN_POINT ( 'NONE',  ( 0.6250000000000001110, 0.4600000000000000200, -0.1124999999999999750 ) ) ;
#1017 = AXIS2_PLACEMENT_3D ( 'NONE', #1085, #1070, #276 ) ;
#1018 = DIRECTION ( 'NONE',  ( 0.000000000000000000, 0.000000000000000000, 1.000000000000000000 ) ) ;
#1019 = PLANE ( 'NONE',  #964 ) ;
#1020 = DIRECTION ( 'NONE',  ( 0.000000000000000000, 0.000000000000000000, 1.000000000000000000 ) ) ;
#1021 = DIRECTION ( 'NONE',  ( -0.000000000000000000, -0.000000000000000000, -1.000000000000000000 ) ) ;
#1022 = CARTESIAN_POINT ( 'NONE',  ( -0.8481413994634985354, 0.01338365122569398075, -0.5374999999999999778 ) ) ;
#1023 = ORIENTED_EDGE ( 'NONE', *, *, #1052, .T. ) ;
#1024 = DIRECTION ( 'NONE',  ( 0.9975640502598243087, 0.06975647374412503876, 0.000000000000000000 ) ) ;
#1025 = CARTESIAN_POINT ( 'NONE',  ( -0.6250000000000000000, 0.5250000000000000222, -0.5374999999999999778 ) ) ;
#1026 = DIRECTION ( 'NONE',  ( -0.000000000000000000, -1.000000000000000000, -0.000000000000000000 ) ) ;
#1027 =( NAMED_UNIT ( * ) PLANE_ANGLE_UNIT ( ) SI_UNIT ( $, .RADIAN. ) );
#1028 = AXIS2_PLACEMENT_3D ( 'NONE', #937, #64, #670 ) ;
#1029 = DIRECTION ( 'NONE',  ( 1.000000000000000000, 0.000000000000000000, 0.000000000000000000 ) ) ;
#1030 = DIRECTION ( 'NONE',  ( 0.06975647374412516366, 0.9975640502598243087, 0.000000000000000000 ) ) ;
#1031 = DIRECTION ( 'NONE',  ( 0.000000000000000000, 1.000000000000000000, 0.000000000000000000 ) ) ;
#1032 = ADVANCED_FACE ( 'NONE', ( #1274 ), #254, .F. ) ;
#1033 = DIRECTION ( 'NONE',  ( 1.000000000000000000, 0.000000000000000000, -0.000000000000000000 ) ) ;
#1034 = PRODUCT_RELATED_PRODUCT_CATEGORY ( 'part', '', ( #760 ) ) ;
#1035 = CARTESIAN_POINT ( 'NONE',  ( 0.6249999999999995559, 0.5250000000000000222, -0.9999999999999993339 ) ) ;
#1036 = DIRECTION ( 'NONE',  ( -0.9975640502598243087, 0.06975647374412517754, 0.000000000000000000 ) ) ;
#1037 = MANIFOLD_SOLID_BREP ( 'Boss-Extrude3', #781 ) ;
#1038 = FILL_AREA_STYLE_COLOUR ( '', #1259 ) ;
#1039 = AXIS2_PLACEMENT_3D ( 'NONE', #437, #916, #312 ) ;
#1040 = CARTESIAN_POINT ( 'NONE',  ( -0.6250000000000000000, 0.6749999999999999334, 1.000000000000000000 ) ) ;
#1041 = DIRECTION ( 'NONE',  ( 0.000000000000000000, 0.000000000000000000, 1.000000000000000000 ) ) ;
#1042 = ORIENTED_EDGE ( 'NONE', *, *, #742, .T. ) ;
#1043 = ORIENTED_EDGE ( 'NONE', *, *, #859, .T. ) ;
#1044 = AXIS2_PLACEMENT_3D ( 'NONE', #1398, #166, #445 ) ;
#1045 = VERTEX_POINT ( 'NONE', #1146 ) ;
#1046 = ORIENTED_EDGE ( 'NONE', *, *, #22, .T. ) ;
#1047 = PLANE ( 'NONE',  #501 ) ;
#1048 = PLANE ( 'NONE',  #328 ) ;
#1049 = VERTEX_POINT ( 'NONE', #570 ) ;
#1050 = CARTESIAN_POINT ( 'NONE',  ( -0.6250000000000002220, 0.6749999999999999334, -0.9999999999999991118 ) ) ;
#1051 = PLANE ( 'NONE',  #94 ) ;
#1052 = EDGE_CURVE ( 'NONE', #1336, #187, #763, .T. ) ;
#1053 = CARTESIAN_POINT ( 'NONE',  ( -0.8481413994634985354, 0.01338365122569398075, -0.5374999999999999778 ) ) ;
#1054 = AXIS2_PLACEMENT_3D ( 'NONE', #489, #1277, #676 ) ;
#1055 = EDGE_CURVE ( 'NONE', #1185, #1283, #233, .T. ) ;
#1056 = CARTESIAN_POINT ( 'NONE',  ( -0.8481413994634985354, 0.01338365122569398075, 0.7624999999999999556 ) ) ;
#1057 = DIRECTION ( 'NONE',  ( 0.000000000000000000, 0.000000000000000000, 1.000000000000000000 ) ) ;
#1058 = ORIENTED_EDGE ( 'NONE', *, *, #53, .T. ) ;
#1059 = DIRECTION ( 'NONE',  ( 1.000000000000000000, 0.000000000000000000, 0.000000000000000000 ) ) ;
#1060 = CARTESIAN_POINT ( 'NONE',  ( -0.8481413994634985354, 0.01338365122569398075, -0.7624999999999999556 ) ) ;
#1061 = DIRECTION ( 'NONE',  ( -0.000000000000000000, 0.000000000000000000, -1.000000000000000000 ) ) ;
#1062 = CARTESIAN_POINT ( 'NONE',  ( 0.5652701452514831137, 0.1000000000000002137, -0.9999999999999993339 ) ) ;
#1063 = CARTESIAN_POINT ( 'NONE',  ( -0.8400000000000000799, 0.4600000000000000200, -0.5374999999999999778 ) ) ;
#1064 = DIRECTION ( 'NONE',  ( 0.000000000000000000, -0.9902680687415703620, -0.1391731009600657432 ) ) ;
#1065 = EDGE_CURVE ( 'NONE', #1417, #32, #274, .T. ) ;
#1066 = EDGE_LOOP ( 'NONE', ( #422, #737, #258, #564 ) ) ;
#1067 = EDGE_CURVE ( 'NONE', #1316, #319, #802, .T. ) ;
#1068 = CARTESIAN_POINT ( 'NONE',  ( -0.6250000000000001110, 0.4600000000000000200, 0.7624999999999999556 ) ) ;
#1069 = EDGE_CURVE ( 'NONE', #561, #884, #288, .T. ) ;
#1070 = DIRECTION ( 'NONE',  ( -0.000000000000000000, -0.000000000000000000, -1.000000000000000000 ) ) ;
#1071 = APPLICATION_CONTEXT ( 'automotive_design' ) ;
#1072 = DIRECTION ( 'NONE',  ( -2.168404344971009854E-16, -0.000000000000000000, -1.000000000000000000 ) ) ;
#1073 = CARTESIAN_POINT ( 'NONE',  ( 0.8586048705251173585, 0.1630182587646676062, -0.1124999999999999750 ) ) ;
#1074 = ADVANCED_FACE ( 'NONE', ( #298 ), #1425, .T. ) ;
#1075 = DIRECTION ( 'NONE',  ( 1.084202172485504927E-16, -0.000000000000000000, 1.000000000000000000 ) ) ;
#1076 = CARTESIAN_POINT ( 'NONE',  ( 0.6250000000000001110, 0.4600000000000000200, 0.1124999999999999750 ) ) ;
#1077 = DIRECTION ( 'NONE',  ( -1.000000000000000000, 0.000000000000000000, 0.000000000000000000 ) ) ;
#1078 = EDGE_CURVE ( 'NONE', #872, #1199, #818, .T. ) ;
#1079 = LINE ( 'NONE', #522, #616 ) ;
#1080 = LINE ( 'NONE', #350, #92 ) ;
#1081 = AXIS2_PLACEMENT_3D ( 'NONE', #930, #1020, #1147 ) ;
#1082 = PLANE ( 'NONE',  #36 ) ;
#1083 = ORIENTED_EDGE ( 'NONE', *, *, #1149, .F. ) ;
#1084 = ORIENTED_EDGE ( 'NONE', *, *, #819, .T. ) ;
#1085 = CARTESIAN_POINT ( 'NONE',  ( -0.6250000000000001110, 0.4600000000000000200, 0.7624999999999999556 ) ) ;
#1086 = COLOUR_RGB ( '',0.8000000000000000444, 0.8196078431372548767, 0.9333333333333333481 ) ;
#1087 = DIRECTION ( 'NONE',  ( -1.000000000000000000, 0.000000000000000000, 0.000000000000000000 ) ) ;
#1088 = VECTOR ( 'NONE', #98, 999.9999999999998863 ) ;
#1089 = ORIENTED_EDGE ( 'NONE', *, *, #66, .F. ) ;
#1090 = VECTOR ( 'NONE', #730, 1000.000000000000000 ) ;
#1091 = EDGE_CURVE ( 'NONE', #552, #256, #309, .T. ) ;
#1092 = CARTESIAN_POINT ( 'NONE',  ( -0.8481413994634985354, 0.01338365122569398075, 0.5374999999999999778 ) ) ;
#1093 = AXIS2_PLACEMENT_3D ( 'NONE', #1436, #547, #652 ) ;
#1094 = LINE ( 'NONE', #1110, #1111 ) ;
#1095 = DIRECTION ( 'NONE',  ( 1.000000000000000000, 0.000000000000000000, 0.000000000000000000 ) ) ;
#1096 = DIRECTION ( 'NONE',  ( -0.000000000000000000, -0.000000000000000000, -1.000000000000000000 ) ) ;
#1097 = SHAPE_DEFINITION_REPRESENTATION ( #478, #42 ) ;
#1098 = CARTESIAN_POINT ( 'NONE',  ( -0.8399999999999998579, 0.4600000000000000200, -0.5374999999999999778 ) ) ;
#1099 = ORIENTED_EDGE ( 'NONE', *, *, #473, .F. ) ;
#1100 = CIRCLE ( 'NONE', #646, 0.2149999999999998579 ) ;
#1101 = CARTESIAN_POINT ( 'NONE',  ( -0.6899999999999998357, 0.4600000000000000200, -0.7624999999999999556 ) ) ;
#1102 = EDGE_LOOP ( 'NONE', ( #1396, #372, #789, #1261 ) ) ;
#1103 = PRESENTATION_STYLE_ASSIGNMENT (( #107 ) ) ;
#1104 = DIRECTION ( 'NONE',  ( 0.000000000000000000, 0.000000000000000000, 1.000000000000000000 ) ) ;
#1105 = ORIENTED_EDGE ( 'NONE', *, *, #318, .T. ) ;
#1106 = LINE ( 'NONE', #610, #1128 ) ;
#1107 = CARTESIAN_POINT ( 'NONE',  ( -1.039536528938380444, 1.084202172485504434E-16, -0.7624999999999999556 ) ) ;
#1108 =( NAMED_UNIT ( * ) SI_UNIT ( $, .STERADIAN. ) SOLID_ANGLE_UNIT ( ) );
#1109 = ADVANCED_FACE ( 'NONE', ( #1324 ), #1051, .F. ) ;
#1110 = CARTESIAN_POINT ( 'NONE',  ( -0.8586048705251173585, 0.1630182587646676340, 0.5374999999999999778 ) ) ;
#1111 = VECTOR ( 'NONE', #1013, 1000.000000000000114 ) ;
#1112 = EDGE_CURVE ( 'NONE', #184, #771, #833, .T. ) ;
#1113 = FACE_OUTER_BOUND ( 'NONE', #1306, .T. ) ;
#1114 = DIRECTION ( 'NONE',  ( -0.000000000000000000, -0.000000000000000000, -1.000000000000000000 ) ) ;
#1115 = DIRECTION ( 'NONE',  ( -0.000000000000000000, -0.000000000000000000, -1.000000000000000000 ) ) ;
#1116 = VECTOR ( 'NONE', #1227, 999.9999999999998863 ) ;
#1117 = DIRECTION ( 'NONE',  ( -1.000000000000000000, 0.000000000000000000, 0.000000000000000000 ) ) ;
#1118 = VECTOR ( 'NONE', #1462, 1000.000000000000000 ) ;
#1119 = CARTESIAN_POINT ( 'NONE',  ( -0.6899999999999998357, 0.4600000000000000200, -0.5374999999999999778 ) ) ;
#1120 = LINE ( 'NONE', #1119, #590 ) ;
#1121 = CARTESIAN_POINT ( 'NONE',  ( -1.039536528938380444, 1.084202172485504434E-16, 0.7624999999999999556 ) ) ;
#1122 = ORIENTED_EDGE ( 'NONE', *, *, #1162, .T. ) ;
#1123 = VECTOR ( 'NONE', #31, 1000.000000000000000 ) ;
#1124 = PRODUCT_DEFINITION ( 'UNKNOWN', '', #527, #480 ) ;
#1125 = DIRECTION ( 'NONE',  ( 0.9975640502598243087, -0.06975647374412503876, 0.000000000000000000 ) ) ;
#1126 = MECHANICAL_DESIGN_GEOMETRIC_PRESENTATION_REPRESENTATION (  '', ( #454 ), #389 ) ;
#1127 = PLANE ( 'NONE',  #567 ) ;
#1128 = VECTOR ( 'NONE', #538, 1000.000000000000114 ) ;
#1129 = EDGE_CURVE ( 'NONE', #801, #1278, #1332, .T. ) ;
#1130 =( GEOMETRIC_REPRESENTATION_CONTEXT ( 3 ) GLOBAL_UNCERTAINTY_ASSIGNED_CONTEXT ( ( #326 ) ) GLOBAL_UNIT_ASSIGNED_CONTEXT ( ( #796, #446, #536 ) ) REPRESENTATION_CONTEXT ( 'NONE', 'WORKASPACE' ) );
#1131 = LINE ( 'NONE', #439, #1135 ) ;
#1132 = DIRECTION ( 'NONE',  ( 0.000000000000000000, 0.000000000000000000, 1.000000000000000000 ) ) ;
#1133 = EDGE_CURVE ( 'NONE', #785, #757, #320, .T. ) ;
#1134 = FACE_OUTER_BOUND ( 'NONE', #929, .T. ) ;
#1135 = VECTOR ( 'NONE', #1219, 1000.000000000000000 ) ;
#1136 = DIRECTION ( 'NONE',  ( 0.000000000000000000, -0.000000000000000000, -1.000000000000000000 ) ) ;
#1137 = CYLINDRICAL_SURFACE ( 'NONE', #562, 0.2149999999999999134 ) ;
#1138 = DIRECTION ( 'NONE',  ( 0.1391731009600657432, -0.9902680687415703620, 0.000000000000000000 ) ) ;
#1139 = DIRECTION ( 'NONE',  ( 0.000000000000000000, 1.000000000000000000, 0.000000000000000000 ) ) ;
#1140 = LINE ( 'NONE', #1297, #153 ) ;
#1141 = CYLINDRICAL_SURFACE ( 'NONE', #839, 0.02000000000000005246 ) ;
#1142 = VECTOR ( 'NONE', #516, 1000.000000000000114 ) ;
#1143 = DIRECTION ( 'NONE',  ( 1.000000000000000000, 0.000000000000000000, 0.000000000000000000 ) ) ;
#1144 = AXIS2_PLACEMENT_3D ( 'NONE', #4, #164, #926 ) ;
#1145 = FACE_OUTER_BOUND ( 'NONE', #271, .T. ) ;
#1146 = CARTESIAN_POINT ( 'NONE',  ( 0.5728165616162649298, 1.100000000000000311, -0.9478165616162647078 ) ) ;
#1147 = DIRECTION ( 'NONE',  ( 1.000000000000000000, 0.000000000000000000, -0.000000000000000000 ) ) ;
#1148 = VECTOR ( 'NONE', #613, 1000.000000000000000 ) ;
#1149 = EDGE_CURVE ( 'NONE', #327, #187, #1334, .T. ) ;
#1150 = FACE_OUTER_BOUND ( 'NONE', #306, .T. ) ;
#1151 = DIRECTION ( 'NONE',  ( 0.9975640502598243087, 0.06975647374412530244, -0.000000000000000000 ) ) ;
#1152 = LINE ( 'NONE', #282, #641 ) ;
#1153 = FACE_OUTER_BOUND ( 'NONE', #273, .T. ) ;
#1154 = CARTESIAN_POINT ( 'NONE',  ( -0.5728165616162653739, 1.100000000000000311, 0.9478165616162653739 ) ) ;
#1155 = DIRECTION ( 'NONE',  ( -0.000000000000000000, -1.000000000000000000, -0.000000000000000000 ) ) ;
#1156 = FACE_OUTER_BOUND ( 'NONE', #545, .T. ) ;
#1157 = DIRECTION ( 'NONE',  ( 0.000000000000000000, -0.000000000000000000, -1.000000000000000000 ) ) ;
#1158 = VECTOR ( 'NONE', #1420, 1000.000000000000000 ) ;
#1159 = CARTESIAN_POINT ( 'NONE',  ( 0.6899999999999998357, 0.4600000000000000200, 0.1124999999999999750 ) ) ;
#1160 = LINE ( 'NONE', #1253, #696 ) ;
#1161 = DIRECTION ( 'NONE',  ( -1.000000000000000000, 0.000000000000000000, 1.734723475976807094E-16 ) ) ;
#1162 = EDGE_CURVE ( 'NONE', #1278, #327, #229, .T. ) ;
#1163 = VECTOR ( 'NONE', #593, 1000.000000000000000 ) ;
#1164 = VECTOR ( 'NONE', #974, 1000.000000000000114 ) ;
#1165 = EDGE_CURVE ( 'NONE', #891, #1185, #897, .T. ) ;
#1166 = FACE_OUTER_BOUND ( 'NONE', #1411, .T. ) ;
#1167 =( LENGTH_UNIT ( ) NAMED_UNIT ( * ) SI_UNIT ( .MILLI., .METRE. ) );
#1168 = PLANE ( 'NONE',  #1339 ) ;
#1169 = LINE ( 'NONE', #790, #118 ) ;
#1170 = CARTESIAN_POINT ( 'NONE',  ( 0.8399999999999998579, 0.1829695397698641313, 0.1124999999999999750 ) ) ;
#1171 = FACE_OUTER_BOUND ( 'NONE', #1280, .T. ) ;
#1172 = AXIS2_PLACEMENT_3D ( 'NONE', #594, #331, #1383 ) ;
#1173 = CARTESIAN_POINT ( 'NONE',  ( -0.6250000000000000000, 0.6749999999999999334, 1.000000000000000000 ) ) ;
#1174 = LINE ( 'NONE', #517, #1163 ) ;
#1175 = DIRECTION ( 'NONE',  ( -0.1378445374916288935, 0.9808148484639890308, 0.1378445374916289490 ) ) ;
#1176 = LINE ( 'NONE', #786, #157 ) ;
#1177 = VERTEX_POINT ( 'NONE', #289 ) ;
#1178 = ADVANCED_FACE ( 'NONE', ( #1342 ), #1412, .F. ) ;
#1179 = FACE_OUTER_BOUND ( 'NONE', #1414, .T. ) ;
#1180 = PLANE ( 'NONE',  #343 ) ;
#1181 = ORIENTED_EDGE ( 'NONE', *, *, #112, .T. ) ;
#1182 = APPLICATION_PROTOCOL_DEFINITION ( 'draft international standard', 'automotive_design', 1998, #1071 ) ;
#1183 = LINE ( 'NONE', #979, #687 ) ;
#1184 = AXIS2_PLACEMENT_3D ( 'NONE', #691, #857, #960 ) ;
#1185 = VERTEX_POINT ( 'NONE', #126 ) ;
#1186 = LINE ( 'NONE', #1040, #694 ) ;
#1187 = CARTESIAN_POINT ( 'NONE',  ( 0.5728165616162653739, 1.100000000000000311, 0.9999999999999997780 ) ) ;
#1188 = AXIS2_PLACEMENT_3D ( 'NONE', #1002, #514, #906 ) ;
#1189 = ORIENTED_EDGE ( 'NONE', *, *, #132, .F. ) ;
#1190 = PLANE ( 'NONE',  #1081 ) ;
#1191 = FACE_OUTER_BOUND ( 'NONE', #1220, .T. ) ;
#1192 = DIRECTION ( 'NONE',  ( -0.000000000000000000, -0.000000000000000000, -1.000000000000000000 ) ) ;
#1193 = ORIENTED_EDGE ( 'NONE', *, *, #1433, .F. ) ;
#1194 = FACE_OUTER_BOUND ( 'NONE', #554, .T. ) ;
#1195 = VERTEX_POINT ( 'NONE', #442 ) ;
#1196 = ADVANCED_FACE ( 'NONE', ( #1386 ), #1001, .F. ) ;
#1197 = VECTOR ( 'NONE', #558, 1000.000000000000000 ) ;
#1198 = DIRECTION ( 'NONE',  ( 1.000000000000000000, 0.000000000000000000, -1.734723475976807341E-16 ) ) ;
#1199 = VERTEX_POINT ( 'NONE', #1452 ) ;
#1200 = LINE ( 'NONE', #131, #179 ) ;
#1201 = CARTESIAN_POINT ( 'NONE',  ( -0.6250000000000002220, 0.6749999999999999334, -0.9999999999999991118 ) ) ;
#1202 = ORIENTED_EDGE ( 'NONE', *, *, #842, .T. ) ;
#1203 = DIRECTION ( 'NONE',  ( 0.06975647374412531632, -0.9975640502598243087, -0.000000000000000000 ) ) ;
#1204 = PRESENTATION_LAYER_ASSIGNMENT (  '', '', ( #1451 ) ) ;
#1205 = ORIENTED_EDGE ( 'NONE', *, *, #535, .F. ) ;
#1206 = LINE ( 'NONE', #1053, #225 ) ;
#1207 = EDGE_LOOP ( 'NONE', ( #9, #1193, #1345, #1202 ) ) ;
#1208 = AXIS2_PLACEMENT_3D ( 'NONE', #172, #348, #462 ) ;
#1209 = LINE ( 'NONE', #879, #690 ) ;
#1210 = CARTESIAN_POINT ( 'NONE',  ( -0.6250000000000000000, 0.5250000000000000222, 0.7624999999999999556 ) ) ;
#1211 = VERTEX_POINT ( 'NONE', #883 ) ;
#1212 = EDGE_CURVE ( 'NONE', #775, #893, #1371, .T. ) ;
#1213 = LINE ( 'NONE', #264, #190 ) ;
#1214 = ORIENTED_EDGE ( 'NONE', *, *, #640, .T. ) ;
#1215 = VECTOR ( 'NONE', #1422, 1000.000000000000000 ) ;
#1216 = EDGE_LOOP ( 'NONE', ( #714, #951, #1270, #905 ) ) ;
#1217 = CIRCLE ( 'NONE', #1007, 0.2149999999999998579 ) ;
#1218 = AXIS2_PLACEMENT_3D ( 'NONE', #373, #459, #1302 ) ;
#1219 = DIRECTION ( 'NONE',  ( -0.000000000000000000, -0.000000000000000000, -1.000000000000000000 ) ) ;
#1220 = EDGE_LOOP ( 'NONE', ( #33, #247, #355, #850 ) ) ;
#1221 = CYLINDRICAL_SURFACE ( 'NONE', #1390, 0.02000000000000005246 ) ;
#1222 = SURFACE_STYLE_USAGE ( .BOTH. , #1444 ) ;
#1223 = VECTOR ( 'NONE', #910, 1000.000000000000000 ) ;
#1224 = CARTESIAN_POINT ( 'NONE',  ( -0.8599999999999998757, 0.1829695397698641313, 0.5374999999999999778 ) ) ;
#1225 = PLANE ( 'NONE',  #1500 ) ;
#1226 = FACE_OUTER_BOUND ( 'NONE', #369, .T. ) ;
#1227 = DIRECTION ( 'NONE',  ( 0.06975647374412531632, -0.9975640502598243087, -0.000000000000000000 ) ) ;
#1228 = AXIS2_PLACEMENT_3D ( 'NONE', #1432, #14, #239 ) ;
#1229 = VERTEX_POINT ( 'NONE', #977 ) ;
#1230 = LINE ( 'NONE', #569, #1215 ) ;
#1231 = LINE ( 'NONE', #202, #1197 ) ;
#1232 = DIRECTION ( 'NONE',  ( 0.000000000000000000, -0.000000000000000000, -1.000000000000000000 ) ) ;
#1233 = DIRECTION ( 'NONE',  ( -0.06975647374412531632, -0.9975640502598243087, 0.000000000000000000 ) ) ;
#1234 = EDGE_CURVE ( 'NONE', #377, #1045, #1406, .T. ) ;
#1235 = ORIENTED_EDGE ( 'NONE', *, *, #970, .T. ) ;
#1236 = DIRECTION ( 'NONE',  ( -1.000000000000000000, 0.000000000000000000, 0.000000000000000000 ) ) ;
#1237 = ORIENTED_EDGE ( 'NONE', *, *, #68, .T. ) ;
#1238 = FACE_OUTER_BOUND ( 'NONE', #329, .T. ) ;
#1239 = DIRECTION ( 'NONE',  ( 0.000000000000000000, 0.000000000000000000, 1.000000000000000000 ) ) ;
#1240 = ORIENTED_EDGE ( 'NONE', *, *, #895, .F. ) ;
#1241 = VERTEX_POINT ( 'NONE', #1442 ) ;
#1242 = LINE ( 'NONE', #1311, #715 ) ;
#1243 = DIRECTION ( 'NONE',  ( -1.084202172485505050E-16, -0.000000000000000000, -1.000000000000000000 ) ) ;
#1244 = ORIENTED_EDGE ( 'NONE', *, *, #677, .F. ) ;
#1245 =( GEOMETRIC_REPRESENTATION_CONTEXT ( 3 ) GLOBAL_UNCERTAINTY_ASSIGNED_CONTEXT ( ( #747 ) ) GLOBAL_UNIT_ASSIGNED_CONTEXT ( ( #7, #1407, #955 ) ) REPRESENTATION_CONTEXT ( 'NONE', 'WORKASPACE' ) );
#1246 = ORIENTED_EDGE ( 'NONE', *, *, #1069, .F. ) ;
#1247 = ADVANCED_FACE ( 'NONE', ( #890 ), #1343, .F. ) ;
#1248 = CIRCLE ( 'NONE', #26, 0.02000000000000005246 ) ;
#1249 = AXIS2_PLACEMENT_3D ( 'NONE', #154, #1232, #1095 ) ;
#1250 = EDGE_LOOP ( 'NONE', ( #325, #733, #809, #472 ) ) ;
#1251 = LINE ( 'NONE', #773, #215 ) ;
#1252 = SURFACE_SIDE_STYLE ('',( #772 ) ) ;
#1253 = CARTESIAN_POINT ( 'NONE',  ( -0.8400000000000000799, 0.4600000000000000200, 0.7624999999999999556 ) ) ;
#1254 = EDGE_LOOP ( 'NONE', ( #829, #1240, #761, #1284 ) ) ;
#1255 = ORIENTED_EDGE ( 'NONE', *, *, #842, .F. ) ;
#1256 = VECTOR ( 'NONE', #826, 1000.000000000000000 ) ;
#1257 = ORIENTED_EDGE ( 'NONE', *, *, #6, .F. ) ;
#1258 = ORIENTED_EDGE ( 'NONE', *, *, #819, .F. ) ;
#1259 = COLOUR_RGB ( '',0.2509803921568627416, 0.2509803921568627416, 0.2509803921568627416 ) ;
#1260 = CARTESIAN_POINT ( 'NONE',  ( -0.8399999999999998579, 0.1829695397698641313, 0.7624999999999999556 ) ) ;
#1261 = ORIENTED_EDGE ( 'NONE', *, *, #66, .T. ) ;
#1262 = ORIENTED_EDGE ( 'NONE', *, *, #1149, .T. ) ;
#1263 = LINE ( 'NONE', #615, #1282 ) ;
#1264 = EDGE_LOOP ( 'NONE', ( #698, #886, #889, #461 ) ) ;
#1265 = ORIENTED_EDGE ( 'NONE', *, *, #919, .T. ) ;
#1266 = EDGE_CURVE ( 'NONE', #162, #220, #330, .T. ) ;
#1267 = DIRECTION ( 'NONE',  ( 0.000000000000000000, 0.000000000000000000, 1.000000000000000000 ) ) ;
#1268 = DIRECTION ( 'NONE',  ( 0.000000000000000000, -0.000000000000000000, 1.000000000000000000 ) ) ;
#1269 = ORIENTED_EDGE ( 'NONE', *, *, #488, .T. ) ;
#1270 = ORIENTED_EDGE ( 'NONE', *, *, #22, .F. ) ;
#1271 = CYLINDRICAL_SURFACE ( 'NONE', #1249, 0.1700000000000000122 ) ;
#1272 = ORIENTED_EDGE ( 'NONE', *, *, #1065, .T. ) ;
#1273 = VERTEX_POINT ( 'NONE', #135 ) ;
#1274 = FACE_OUTER_BOUND ( 'NONE', #874, .T. ) ;
#1275 = CARTESIAN_POINT ( 'NONE',  ( 1.049999999999999378, 0.1496346075389737851, 0.1124999999999999750 ) ) ;
#1276 = EDGE_LOOP ( 'NONE', ( #779, #1285, #308, #1469 ) ) ;
#1277 = DIRECTION ( 'NONE',  ( 0.000000000000000000, 0.000000000000000000, 1.000000000000000000 ) ) ;
#1278 = VERTEX_POINT ( 'NONE', #420 ) ;
#1279 = PLANE ( 'NONE',  #1441 ) ;
#1280 = EDGE_LOOP ( 'NONE', ( #853, #301, #1346, #880 ) ) ;
#1281 = ORIENTED_EDGE ( 'NONE', *, *, #151, .T. ) ;
#1282 = VECTOR ( 'NONE', #1072, 1000.000000000000000 ) ;
#1283 = VERTEX_POINT ( 'NONE', #310 ) ;
#1284 = ORIENTED_EDGE ( 'NONE', *, *, #917, .T. ) ;
#1285 = ORIENTED_EDGE ( 'NONE', *, *, #341, .F. ) ;
#1286 = FACE_OUTER_BOUND ( 'NONE', #858, .T. ) ;
#1287 = EDGE_CURVE ( 'NONE', #866, #1229, #405, .T. ) ;
#1288 = EDGE_LOOP ( 'NONE', ( #486, #815, #1477, #1380 ) ) ;
#1289 = ORIENTED_EDGE ( 'NONE', *, *, #1266, .F. ) ;
#1290 = DIRECTION ( 'NONE',  ( -0.000000000000000000, 1.000000000000000000, -0.000000000000000000 ) ) ;
#1291 = ADVANCED_FACE ( 'NONE', ( #413 ), #706, .F. ) ;
#1292 = EDGE_CURVE ( 'NONE', #771, #1177, #848, .T. ) ;
#1293 = AXIS2_PLACEMENT_3D ( 'NONE', #969, #491, #961 ) ;
#1294 = ORIENTED_EDGE ( 'NONE', *, *, #919, .F. ) ;
#1295 = DIRECTION ( 'NONE',  ( 0.000000000000000000, -1.000000000000000000, 0.000000000000000000 ) ) ;
#1296 = ORIENTED_EDGE ( 'NONE', *, *, #1052, .F. ) ;
#1297 = CARTESIAN_POINT ( 'NONE',  ( -0.6899999999999998357, 0.1829695397698641590, 0.7624999999999999556 ) ) ;
#1298 = AXIS2_PLACEMENT_3D ( 'NONE', #989, #647, #622 ) ;
#1299 = VERTEX_POINT ( 'NONE', #1447 ) ;
#1300 = ORIENTED_EDGE ( 'NONE', *, *, #416, .F. ) ;
#1301 = VECTOR ( 'NONE', #230, 1000.000000000000000 ) ;
#1302 = DIRECTION ( 'NONE',  ( 0.000000000000000000, -0.9925461516413219831, 0.1218693434051477398 ) ) ;
#1303 = ORIENTED_EDGE ( 'NONE', *, *, #953, .T. ) ;
#1304 = ORIENTED_EDGE ( 'NONE', *, *, #1409, .T. ) ;
#1305 = VECTOR ( 'NONE', #603, 1000.000000000000000 ) ;
#1306 = EDGE_LOOP ( 'NONE', ( #193, #1455, #1214, #1237 ) ) ;
#1307 = ORIENTED_EDGE ( 'NONE', *, *, #1055, .F. ) ;
#1308 = FACE_OUTER_BOUND ( 'NONE', #24, .T. ) ;
#1309 = ORIENTED_EDGE ( 'NONE', *, *, #175, .T. ) ;
#1310 = ORIENTED_EDGE ( 'NONE', *, *, #748, .T. ) ;
#1311 = CARTESIAN_POINT ( 'NONE',  ( -0.6250000000000000000, 0.5250000000000000222, 1.000000000000000000 ) ) ;
#1312 = VERTEX_POINT ( 'NONE', #268 ) ;
#1313 = VECTOR ( 'NONE', #693, 1000.000000000000000 ) ;
#1314 = ORIENTED_EDGE ( 'NONE', *, *, #835, .T. ) ;
#1315 = CIRCLE ( 'NONE', #605, 0.1700000000000000122 ) ;
#1316 = VERTEX_POINT ( 'NONE', #1376 ) ;
#1317 = VERTEX_POINT ( 'NONE', #21 ) ;
#1318 = DIRECTION ( 'NONE',  ( 1.000000000000000000, 0.000000000000000000, 0.000000000000000000 ) ) ;
#1319 = EDGE_CURVE ( 'NONE', #297, #200, #1415, .T. ) ;
#1320 = VECTOR ( 'NONE', #1031, 1000.000000000000000 ) ;
#1321 = AXIS2_PLACEMENT_3D ( 'NONE', #412, #492, #104 ) ;
#1322 = ORIENTED_EDGE ( 'NONE', *, *, #1292, .F. ) ;
#1323 = EDGE_CURVE ( 'NONE', #187, #371, #378, .T. ) ;
#1324 = FACE_OUTER_BOUND ( 'NONE', #411, .T. ) ;
#1325 = DIRECTION ( 'NONE',  ( 0.06975647374412528856, 0.9975640502598241977, 0.000000000000000000 ) ) ;
#1326 = CARTESIAN_POINT ( 'NONE',  ( -0.6899999999999998357, 0.4600000000000000200, -0.7624999999999999556 ) ) ;
#1327 = CARTESIAN_POINT ( 'NONE',  ( -0.6250000000000002220, 0.6749999999999999334, -0.9999999999999991118 ) ) ;
#1328 = ORIENTED_EDGE ( 'NONE', *, *, #1485, .F. ) ;
#1329 = CARTESIAN_POINT ( 'NONE',  ( 0.6250000000000000000, 0.6749999999999999334, 0.9999999999999997780 ) ) ;
#1330 = ORIENTED_EDGE ( 'NONE', *, *, #519, .T. ) ;
#1331 = ORIENTED_EDGE ( 'NONE', *, *, #663, .T. ) ;
#1332 = CIRCLE ( 'NONE', #1028, 0.02000000000000005246 ) ;
#1333 = ORIENTED_EDGE ( 'NONE', *, *, #1067, .F. ) ;
#1334 = LINE ( 'NONE', #557, #1256 ) ;
#1335 = DIRECTION ( 'NONE',  ( 2.168404344971010101E-16, -0.000000000000000000, 1.000000000000000000 ) ) ;
#1336 = VERTEX_POINT ( 'NONE', #1073 ) ;
#1337 = FILL_AREA_STYLE ('',( #345 ) ) ;
#1338 = ORIENTED_EDGE ( 'NONE', *, *, #846, .F. ) ;
#1339 = AXIS2_PLACEMENT_3D ( 'NONE', #1347, #1077, #508 ) ;
#1340 = ORIENTED_EDGE ( 'NONE', *, *, #895, .T. ) ;
#1341 = ORIENTED_EDGE ( 'NONE', *, *, #394, .T. ) ;
#1342 = FACE_OUTER_BOUND ( 'NONE', #1102, .T. ) ;
#1343 = PLANE ( 'NONE',  #504 ) ;
#1344 = DIRECTION ( 'NONE',  ( -1.000000000000000000, -0.000000000000000000, 1.734723475976807587E-16 ) ) ;
#1345 = ORIENTED_EDGE ( 'NONE', *, *, #287, .F. ) ;
#1346 = ORIENTED_EDGE ( 'NONE', *, *, #1234, .F. ) ;
#1347 = CARTESIAN_POINT ( 'NONE',  ( -0.6250000000000000000, 0.5250000000000000222, 0.7624999999999999556 ) ) ;
#1348 = ORIENTED_EDGE ( 'NONE', *, *, #677, .T. ) ;
#1349 = DIRECTION ( 'NONE',  ( -0.1378445374916289490, 0.9808148484639890308, -0.1378445374916288935 ) ) ;
#1350 = ORIENTED_EDGE ( 'NONE', *, *, #38, .T. ) ;
#1351 = ORIENTED_EDGE ( 'NONE', *, *, #953, .F. ) ;
#1352 = ADVANCED_FACE ( 'NONE', ( #365 ), #740, .T. ) ;
#1353 = ORIENTED_EDGE ( 'NONE', *, *, #846, .T. ) ;
#1354 = DIRECTION ( 'NONE',  ( -2.168404344971009854E-16, 0.000000000000000000, -1.000000000000000000 ) ) ;
#1355 = CARTESIAN_POINT ( 'NONE',  ( -0.6899999999999998357, 0.4600000000000000200, 0.7624999999999999556 ) ) ;
#1356 = VERTEX_POINT ( 'NONE', #251 ) ;
#1357 = ORIENTED_EDGE ( 'NONE', *, *, #1067, .T. ) ;
#1358 = ORIENTED_EDGE ( 'NONE', *, *, #1234, .T. ) ;
#1359 = CARTESIAN_POINT ( 'NONE',  ( -1.049999999999999378, 0.1496346075389737851, -0.7624999999999999556 ) ) ;
#1360 = ORIENTED_EDGE ( 'NONE', *, *, #1091, .T. ) ;
#1361 = EDGE_LOOP ( 'NONE', ( #500, #997, #1235, #770 ) ) ;
#1362 = DIRECTION ( 'NONE',  ( -0.000000000000000000, -0.000000000000000000, -1.000000000000000000 ) ) ;
#1363 = VERTEX_POINT ( 'NONE', #992 ) ;
#1364 = ADVANCED_FACE ( 'NONE', ( #1410 ), #1082, .F. ) ;
#1365 = ORIENTED_EDGE ( 'NONE', *, *, #1502, .F. ) ;
#1366 = EDGE_CURVE ( 'NONE', #1317, #876, #385, .T. ) ;
#1367 = ORIENTED_EDGE ( 'NONE', *, *, #783, .F. ) ;
#1368 = CARTESIAN_POINT ( 'NONE',  ( 0.8481413994634985354, 0.01338365122569398075, -0.1124999999999999750 ) ) ;
#1369 = DIRECTION ( 'NONE',  ( 1.734723475976807341E-16, -0.000000000000000000, 1.000000000000000000 ) ) ;
#1370 = ORIENTED_EDGE ( 'NONE', *, *, #431, .F. ) ;
#1371 = LINE ( 'NONE', #588, #899 ) ;
#1372 = ORIENTED_EDGE ( 'NONE', *, *, #914, .F. ) ;
#1373 = ORIENTED_EDGE ( 'NONE', *, *, #931, .F. ) ;
#1374 = ORIENTED_EDGE ( 'NONE', *, *, #659, .F. ) ;
#1375 = MANIFOLD_SOLID_BREP ( 'Boss-Extrude4', #357 ) ;
#1376 = CARTESIAN_POINT ( 'NONE',  ( -0.6250000000000000000, 0.5250000000000000222, -0.5374999999999999778 ) ) ;
#1377 = ORIENTED_EDGE ( 'NONE', *, *, #1162, .F. ) ;
#1378 = VECTOR ( 'NONE', #1125, 1000.000000000000114 ) ;
#1379 = ADVANCED_FACE ( 'NONE', ( #1401 ), #374, .T. ) ;
#1380 = ORIENTED_EDGE ( 'NONE', *, *, #366, .T. ) ;
#1381 = SURFACE_STYLE_FILL_AREA ( #817 ) ;
#1382 = EDGE_CURVE ( 'NONE', #224, #337, #843, .T. ) ;
#1383 = DIRECTION ( 'NONE',  ( -0.9975640502598243087, -0.06975647374412516366, 0.000000000000000000 ) ) ;
#1384 = ORIENTED_EDGE ( 'NONE', *, *, #634, .F. ) ;
#1385 = CARTESIAN_POINT ( 'NONE',  ( 0.8399999999999998579, 0.1829695397698641313, 0.1124999999999999750 ) ) ;
#1386 = FACE_OUTER_BOUND ( 'NONE', #252, .T. ) ;
#1387 = DIRECTION ( 'NONE',  ( 0.000000000000000000, -0.000000000000000000, -1.000000000000000000 ) ) ;
#1388 = LINE ( 'NONE', #1050, #101 ) ;
#1389 = EDGE_CURVE ( 'NONE', #1356, #1408, #381, .T. ) ;
#1390 = AXIS2_PLACEMENT_3D ( 'NONE', #474, #1136, #1428 ) ;
#1391 = EDGE_LOOP ( 'NONE', ( #37, #731, #804, #1058 ) ) ;
#1392 = DIRECTION ( 'NONE',  ( 1.000000000000000000, 0.000000000000000000, -1.084202172485504927E-16 ) ) ;
#1393 = PRESENTATION_STYLE_ASSIGNMENT (( #322 ) ) ;
#1394 = CARTESIAN_POINT ( 'NONE',  ( -0.8586048705251173585, 0.1630182587646676062, 0.7624999999999999556 ) ) ;
#1395 = ORIENTED_EDGE ( 'NONE', *, *, #783, .T. ) ;
#1396 = ORIENTED_EDGE ( 'NONE', *, *, #967, .T. ) ;
#1397 = ADVANCED_FACE ( 'NONE', ( #870 ), #1489, .F. ) ;
#1398 = CARTESIAN_POINT ( 'NONE',  ( -0.6250000000000002220, 0.6749999999999999334, -0.9999999999999991118 ) ) ;
#1399 = VERTEX_POINT ( 'NONE', #456 ) ;
#1400 =( NAMED_UNIT ( * ) PLANE_ANGLE_UNIT ( ) SI_UNIT ( $, .RADIAN. ) );
#1401 = FACE_OUTER_BOUND ( 'NONE', #272, .T. ) ;
#1402 =( LENGTH_UNIT ( ) NAMED_UNIT ( * ) SI_UNIT ( .MILLI., .METRE. ) );
#1403 = DIRECTION ( 'NONE',  ( 0.9975640502598243087, 0.06975647374412517754, -0.000000000000000000 ) ) ;
#1404 = ORIENTED_EDGE ( 'NONE', *, *, #359, .T. ) ;
#1405 = EDGE_LOOP ( 'NONE', ( #236, #1083, #61, #739 ) ) ;
#1406 = LINE ( 'NONE', #1187, #878 ) ;
#1407 =( NAMED_UNIT ( * ) PLANE_ANGLE_UNIT ( ) SI_UNIT ( $, .RADIAN. ) );
#1408 = VERTEX_POINT ( 'NONE', #553 ) ;
#1409 = EDGE_CURVE ( 'NONE', #358, #1283, #402, .T. ) ;
#1410 = FACE_OUTER_BOUND ( 'NONE', #167, .T. ) ;
#1411 = EDGE_LOOP ( 'NONE', ( #549, #352, #403, #583, #830, #710, #832, #811, #174, #574 ) ) ;
#1412 = CYLINDRICAL_SURFACE ( 'NONE', #82, 0.06499999999999984956 ) ;
#1413 = DIRECTION ( 'NONE',  ( 1.084202172485504927E-16, 0.000000000000000000, 1.000000000000000000 ) ) ;
#1414 = EDGE_LOOP ( 'NONE', ( #845, #1294, #342, #544 ) ) ;
#1415 = CIRCLE ( 'NONE', #743, 0.02000000000000005246 ) ;
#1416 = MANIFOLD_SOLID_BREP ( 'LPattern1[2]', #571 ) ;
#1417 = VERTEX_POINT ( 'NONE', #424 ) ;
#1418 = CARTESIAN_POINT ( 'NONE',  ( -0.6250000000000001110, 0.4600000000000000200, 0.7624999999999999556 ) ) ;
#1419 = DIRECTION ( 'NONE',  ( 0.000000000000000000, -0.000000000000000000, -1.000000000000000000 ) ) ;
#1420 = DIRECTION ( 'NONE',  ( -0.000000000000000000, -0.000000000000000000, -1.000000000000000000 ) ) ;
#1421 = FILL_AREA_STYLE_COLOUR ( '', #1086 ) ;
#1422 = DIRECTION ( 'NONE',  ( -0.1209742911513548153, -0.9852565360152931717, 0.1209742911513548569 ) ) ;
#1423 =( GEOMETRIC_REPRESENTATION_CONTEXT ( 3 ) GLOBAL_UNCERTAINTY_ASSIGNED_CONTEXT ( ( #529 ) ) GLOBAL_UNIT_ASSIGNED_CONTEXT ( ( #1402, #1027, #940 ) ) REPRESENTATION_CONTEXT ( 'NONE', 'WORKASPACE' ) );
#1424 = EDGE_CURVE ( 'NONE', #337, #184, #490, .T. ) ;
#1425 = PLANE ( 'NONE',  #1218 ) ;
#1426 = CARTESIAN_POINT ( 'NONE',  ( 0.8399999999999998579, 0.4600000000000000200, -0.1124999999999999750 ) ) ;
#1427 = DIRECTION ( 'NONE',  ( 0.000000000000000000, 1.000000000000000000, 0.000000000000000000 ) ) ;
#1428 = DIRECTION ( 'NONE',  ( 1.000000000000000000, 0.000000000000000000, 0.000000000000000000 ) ) ;
#1429 = ORIENTED_EDGE ( 'NONE', *, *, #359, .F. ) ;
#1430 = PLANE ( 'NONE',  #299 ) ;
#1431 = AXIS2_PLACEMENT_3D ( 'NONE', #851, #1030, #539 ) ;
#1432 = CARTESIAN_POINT ( 'NONE',  ( 0.8599999999999998757, 0.1829695397698641313, -0.1124999999999999750 ) ) ;
#1433 = EDGE_CURVE ( 'NONE', #1356, #181, #1507, .T. ) ;
#1434 = CARTESIAN_POINT ( 'NONE',  ( 0.5652701452514831137, 0.1000000000000002137, -0.9402701452514828917 ) ) ;
#1435 = EDGE_CURVE ( 'NONE', #469, #756, #1000, .T. ) ;
#1436 = CARTESIAN_POINT ( 'NONE',  ( -0.6250000000000001110, 0.4600000000000000200, -0.7624999999999999556 ) ) ;
#1437 = DIRECTION ( 'NONE',  ( -0.000000000000000000, -0.000000000000000000, -1.000000000000000000 ) ) ;
#1438 = CARTESIAN_POINT ( 'NONE',  ( 0.5652701452514835578, 0.1000000000000002137, 0.9402701452514833358 ) ) ;
#1439 = CARTESIAN_POINT ( 'NONE',  ( -0.6250000000000001110, 0.4600000000000000200, -0.5374999999999999778 ) ) ;
#1440 = CARTESIAN_POINT ( 'NONE',  ( -0.6250000000000002220, 0.1000000000000002137, -0.9402701452514826697 ) ) ;
#1441 = AXIS2_PLACEMENT_3D ( 'NONE', #560, #353, #450 ) ;
#1442 = CARTESIAN_POINT ( 'NONE',  ( 0.6250000000000000000, 0.6750000000000000444, 0.1124999999999999750 ) ) ;
#1443 = EDGE_CURVE ( 'NONE', #1049, #358, #1174, .T. ) ;
#1444 = SURFACE_SIDE_STYLE ('',( #1448 ) ) ;
#1445 = CARTESIAN_POINT ( 'NONE',  ( -0.6899999999999998357, 0.4600000000000000200, 0.5374999999999999778 ) ) ;
#1446 = EDGE_CURVE ( 'NONE', #1199, #162, #1169, .T. ) ;
#1447 = CARTESIAN_POINT ( 'NONE',  ( -1.049999999999999378, 0.1496346075389737851, 0.5374999999999999778 ) ) ;
#1448 = SURFACE_STYLE_FILL_AREA ( #1337 ) ;
#1449 = ADVANCED_FACE ( 'NONE', ( #103 ), #1141, .F. ) ;
#1450 = CARTESIAN_POINT ( 'NONE',  ( 0.8599999999999998757, 0.1829695397698641313, 0.1124999999999999750 ) ) ;
#1451 = STYLED_ITEM ( 'NONE', ( #448 ), #42 ) ;
#1452 = CARTESIAN_POINT ( 'NONE',  ( 0.6249999999999995559, 0.5250000000000000222, -0.9999999999999993339 ) ) ;
#1453 = EDGE_CURVE ( 'NONE', #1273, #999, #1492, .T. ) ;
#1454 = DIRECTION ( 'NONE',  ( -0.06975647374412516366, 0.9975640502598243087, 0.000000000000000000 ) ) ;
#1455 = ORIENTED_EDGE ( 'NONE', *, *, #431, .T. ) ;
#1456 = EDGE_CURVE ( 'NONE', #313, #1299, #497, .T. ) ;
#1457 = ADVANCED_FACE ( 'NONE', ( #1501 ), #510, .F. ) ;
#1458 = DIRECTION ( 'NONE',  ( -0.000000000000000000, -0.000000000000000000, -1.000000000000000000 ) ) ;
#1459 = EDGE_LOOP ( 'NONE', ( #1309, #1244, #1367, #808 ) ) ;
#1460 = DIRECTION ( 'NONE',  ( -0.000000000000000000, -0.000000000000000000, -1.000000000000000000 ) ) ;
#1461 = DIRECTION ( 'NONE',  ( 1.000000000000000000, 0.000000000000000000, -0.000000000000000000 ) ) ;
#1462 = DIRECTION ( 'NONE',  ( -0.000000000000000000, -0.000000000000000000, -1.000000000000000000 ) ) ;
#1463 = CARTESIAN_POINT ( 'NONE',  ( 0.8481413994634985354, 0.01338365122569398075, 0.1124999999999999750 ) ) ;
#1464 = CARTESIAN_POINT ( 'NONE',  ( -0.6250000000000001110, 0.4600000000000000200, 0.7624999999999999556 ) ) ;
#1465 = PLANE ( 'NONE',  #642 ) ;
#1466 = DIRECTION ( 'NONE',  ( -0.06975647374412531632, -0.9975640502598243087, 0.000000000000000000 ) ) ;
#1467 = PLANE ( 'NONE',  #1298 ) ;
#1468 = EDGE_CURVE ( 'NONE', #864, #891, #1009, .T. ) ;
#1469 = ORIENTED_EDGE ( 'NONE', *, *, #559, .T. ) ;
#1470 = CARTESIAN_POINT ( 'NONE',  ( -0.8599999999999998757, 0.1829695397698641313, 0.7624999999999999556 ) ) ;
#1471 = DIRECTION ( 'NONE',  ( -0.000000000000000000, -0.000000000000000000, -1.000000000000000000 ) ) ;
#1472 = DIRECTION ( 'NONE',  ( -1.000000000000000000, 0.000000000000000000, 0.000000000000000000 ) ) ;
#1473 = AXIS2_PLACEMENT_3D ( 'NONE', #192, #1419, #682 ) ;
#1474 = DIRECTION ( 'NONE',  ( 0.000000000000000000, -1.000000000000000000, 0.000000000000000000 ) ) ;
#1475 = CARTESIAN_POINT ( 'NONE',  ( -0.6250000000000000000, 0.5250000000000000222, 0.5374999999999999778 ) ) ;
#1476 = DIRECTION ( 'NONE',  ( 0.1391731009600657432, 0.9902680687415703620, 0.000000000000000000 ) ) ;
#1477 = ORIENTED_EDGE ( 'NONE', *, *, #428, .T. ) ;
#1478 = AXIS2_PLACEMENT_3D ( 'NONE', #948, #708, #1318 ) ;
#1479 = DIRECTION ( 'NONE',  ( 0.000000000000000000, -0.000000000000000000, -1.000000000000000000 ) ) ;
#1480 = DIRECTION ( 'NONE',  ( -0.000000000000000000, -0.000000000000000000, -1.000000000000000000 ) ) ;
#1481 = CARTESIAN_POINT ( 'NONE',  ( -0.8481413994634985354, 0.01338365122569398075, 0.7624999999999999556 ) ) ;
#1482 = EDGE_CURVE ( 'NONE', #327, #351, #505, .T. ) ;
#1483 = SURFACE_STYLE_USAGE ( .BOTH. , #923 ) ;
#1484 = ADVANCED_FACE ( 'NONE', ( #1134 ), #1019, .T. ) ;
#1485 = EDGE_CURVE ( 'NONE', #891, #358, #673, .T. ) ;
#1486 = ORIENTED_EDGE ( 'NONE', *, *, #1493, .T. ) ;
#1487 = CARTESIAN_POINT ( 'NONE',  ( -0.6250000000000000000, 0.6749999999999999334, 1.000000000000000000 ) ) ;
#1488 = DIRECTION ( 'NONE',  ( 2.168404344971009854E-16, 0.000000000000000000, 1.000000000000000000 ) ) ;
#1489 = PLANE ( 'NONE',  #1208 ) ;
#1490 = VECTOR ( 'NONE', #1010, 1000.000000000000000 ) ;
#1491 = DIRECTION ( 'NONE',  ( -0.06975647374412528856, 0.9975640502598241977, 0.000000000000000000 ) ) ;
#1492 = LINE ( 'NONE', #332, #1495 ) ;
#1493 = EDGE_CURVE ( 'NONE', #181, #386, #156, .T. ) ;
#1494 = AXIS2_PLACEMENT_3D ( 'NONE', #1173, #717, #1161 ) ;
#1495 = VECTOR ( 'NONE', #121, 1000.000000000000000 ) ;
#1496 = CARTESIAN_POINT ( 'NONE',  ( 0.6250000000000001110, 0.4600000000000000200, 0.1124999999999999750 ) ) ;
#1497 = EDGE_CURVE ( 'NONE', #801, #841, #116, .T. ) ;
#1498 = CARTESIAN_POINT ( 'NONE',  ( 0.6249999999999995559, 0.6749999999999999334, -0.9999999999999993339 ) ) ;
#1499 = CARTESIAN_POINT ( 'NONE',  ( -0.6899999999999998357, 0.4600000000000000200, 0.7624999999999999556 ) ) ;
#1500 = AXIS2_PLACEMENT_3D ( 'NONE', #54, #645, #798 ) ;
#1501 = FACE_OUTER_BOUND ( 'NONE', #795, .T. ) ;
#1502 = EDGE_CURVE ( 'NONE', #256, #872, #1152, .T. ) ;
#1503 = DIRECTION ( 'NONE',  ( 0.06975647374412503876, -0.9975640502598243087, 0.000000000000000000 ) ) ;
#1504 = VECTOR ( 'NONE', #810, 1000.000000000000000 ) ;
#1505 = CARTESIAN_POINT ( 'NONE',  ( -0.8481413994634985354, 0.01338365122569398075, -0.5374999999999999778 ) ) ;
#1506 = AXIS2_PLACEMENT_3D ( 'NONE', #669, #946, #1476 ) ;
#1507 = LINE ( 'NONE', #1063, #493 ) ;
ENDSEC;
END-ISO-10303-21;
