ISO-10303-21;
HEADER;
FILE_DESCRIPTION(('Creo Elements/Direct Modeling STEP Export'),'2;1');
FILE_NAME('DF40C-34DP-0.4V.stp','2015-04-13T10:20:26',(''),(''),
'Creo Elements/Direct Modeling STEP processor for AP214 (Solid Model)',
'Creo Elements/Direct Modeling 18.1E  22-Nov-2013 (C) Parametric Technol
ogy GmbH','');
FILE_SCHEMA(('AUTOMOTIVE_DESIGN { 1 0 10303 214 1 1 1 1 }'));
ENDSEC;
DATA;
#10=CARTESIAN_POINT('',(1.03096261607719,0.1,3.70887903985589));
#20=DIRECTION('',(0.,0.,-1.));
#30=DIRECTION('',(-1.,0.,-0.));
#40=AXIS2_PLACEMENT_3D('',#10,#20,#30);
#50=CYLINDRICAL_SURFACE('',#40,0.0499999999999985);
#60=CARTESIAN_POINT('',(1.03096261607719,0.149999999999999,
3.70506603985589));
#70=DIRECTION('',(0.,0.,-1.));
#80=VECTOR('',#70,1.);
#90=LINE('',#60,#80);
#100=CARTESIAN_POINT('',(1.03096261607719,0.149999999999999,
3.70506603985589));
#110=VERTEX_POINT('',#100);
#120=CARTESIAN_POINT('',(1.03096261607719,0.149999999999999,
3.55506603985588));
#130=VERTEX_POINT('',#120);
#140=EDGE_CURVE('',#110,#130,#90,.T.);
#150=ORIENTED_EDGE('',*,*,#140,.T.);
#160=CARTESIAN_POINT('',(1.03096261607719,0.1,3.70506603985589));
#170=DIRECTION('',(0.,0.,-1.));
#180=DIRECTION('',(-1.,0.,-0.));
#190=AXIS2_PLACEMENT_3D('',#160,#170,#180);
#200=CIRCLE('',#190,0.0499999999999985);
#210=CARTESIAN_POINT('',(1.07508026313601,0.123529411764705,
3.70506603985589));
#220=VERTEX_POINT('',#210);
#230=EDGE_CURVE('',#110,#220,#200,.T.);
#240=ORIENTED_EDGE('',*,*,#230,.F.);
#250=CARTESIAN_POINT('',(1.07508026313601,0.123529411764705,
3.70506603985589));
#260=DIRECTION('',(0.,0.,-1.));
#270=VECTOR('',#260,1.);
#280=LINE('',#250,#270);
#290=CARTESIAN_POINT('',(1.07508026313601,0.123529411764705,
3.55506603985588));
#300=VERTEX_POINT('',#290);
#310=EDGE_CURVE('',#220,#300,#280,.T.);
#320=ORIENTED_EDGE('',*,*,#310,.F.);
#330=CARTESIAN_POINT('',(1.03096261607719,0.1,3.55506603985588));
#340=DIRECTION('',(0.,0.,-1.));
#350=DIRECTION('',(-1.,0.,-0.));
#360=AXIS2_PLACEMENT_3D('',#330,#340,#350);
#370=CIRCLE('',#360,0.0499999999999985);
#380=EDGE_CURVE('',#130,#300,#370,.T.);
#390=ORIENTED_EDGE('',*,*,#380,.T.);
#400=EDGE_LOOP('',(#390,#320,#240,#150));
#410=FACE_OUTER_BOUND('',#400,.T.);
#420=ADVANCED_FACE('',(#410),#50,.F.);
#430=CARTESIAN_POINT('',(1.49746576607719,0.,3.70881918985588));
#440=DIRECTION('',(0.,-1.,0.));
#450=DIRECTION('',(-1.,-0.,0.));
#460=AXIS2_PLACEMENT_3D('',#430,#440,#450);
#470=PLANE('',#460);
#480=CARTESIAN_POINT('',(0.860962616077189,0.,3.55506603985588));
#490=DIRECTION('',(-1.,-0.,-0.));
#500=VECTOR('',#490,1.);
#510=LINE('',#480,#500);
#520=CARTESIAN_POINT('',(1.49096261607719,0.,3.55506603985588));
#530=VERTEX_POINT('',#520);
#540=CARTESIAN_POINT('',(1.23096261607719,-9.99200722162641E-16,
3.55506603985588));
#550=VERTEX_POINT('',#540);
#560=EDGE_CURVE('',#530,#550,#510,.T.);
#570=ORIENTED_EDGE('',*,*,#560,.F.);
#580=CARTESIAN_POINT('',(1.23096261607719,-9.99200722162641E-16,
3.70506603985589));
#590=DIRECTION('',(0.,0.,-1.));
#600=VECTOR('',#590,1.);
#610=LINE('',#580,#600);
#620=CARTESIAN_POINT('',(1.23096261607719,0.,3.70506603985589));
#630=VERTEX_POINT('',#620);
#640=EDGE_CURVE('',#630,#550,#610,.T.);
#650=ORIENTED_EDGE('',*,*,#640,.T.);
#660=CARTESIAN_POINT('',(0.860962616077189,0.,3.70506603985589));
#670=DIRECTION('',(1.,-0.,-0.));
#680=VECTOR('',#670,1.);
#690=LINE('',#660,#680);
#700=CARTESIAN_POINT('',(1.49096261607719,0.,3.70506603985589));
#710=VERTEX_POINT('',#700);
#720=EDGE_CURVE('',#630,#710,#690,.T.);
#730=ORIENTED_EDGE('',*,*,#720,.F.);
#740=CARTESIAN_POINT('',(1.49096261607719,0.,-3.32993396014411));
#750=DIRECTION('',(0.,-0.,-1.));
#760=VECTOR('',#750,1.);
#770=LINE('',#740,#760);
#780=EDGE_CURVE('',#710,#530,#770,.T.);
#790=ORIENTED_EDGE('',*,*,#780,.F.);
#800=EDGE_LOOP('',(#790,#730,#650,#570));
#810=FACE_OUTER_BOUND('',#800,.T.);
#820=ADVANCED_FACE('',(#810),#470,.T.);
#830=CARTESIAN_POINT('',(1.23096261607719,0.149999999999998,
3.70883703985589));
#840=DIRECTION('',(0.,0.,-1.));
#850=DIRECTION('',(-1.,0.,-0.));
#860=AXIS2_PLACEMENT_3D('',#830,#840,#850);
#870=CYLINDRICAL_SURFACE('',#860,0.149999999999999);
#880=ORIENTED_EDGE('',*,*,#640,.F.);
#890=CARTESIAN_POINT('',(1.23096261607719,0.149999999999998,
3.55506603985588));
#900=DIRECTION('',(0.,0.,-1.));
#910=DIRECTION('',(-1.,0.,0.));
#920=AXIS2_PLACEMENT_3D('',#890,#900,#910);
#930=CIRCLE('',#920,0.149999999999999);
#940=CARTESIAN_POINT('',(1.09860967490072,0.0794117647058811,
3.55506603985588));
#950=VERTEX_POINT('',#940);
#960=EDGE_CURVE('',#550,#950,#930,.T.);
#970=ORIENTED_EDGE('',*,*,#960,.F.);
#980=CARTESIAN_POINT('',(1.09860967490072,0.0794117647058811,
3.70506603985589));
#990=DIRECTION('',(0.,0.,-1.));
#1000=VECTOR('',#990,1.);
#1010=LINE('',#980,#1000);
#1020=CARTESIAN_POINT('',(1.09860967490072,0.0794117647058811,
3.70506603985589));
#1030=VERTEX_POINT('',#1020);
#1040=EDGE_CURVE('',#1030,#950,#1010,.T.);
#1050=ORIENTED_EDGE('',*,*,#1040,.T.);
#1060=CARTESIAN_POINT('',(1.23096261607719,0.149999999999998,
3.70506603985589));
#1070=DIRECTION('',(0.,0.,-1.));
#1080=DIRECTION('',(-1.,0.,0.));
#1090=AXIS2_PLACEMENT_3D('',#1060,#1070,#1080);
#1100=CIRCLE('',#1090,0.149999999999999);
#1110=EDGE_CURVE('',#630,#1030,#1100,.T.);
#1120=ORIENTED_EDGE('',*,*,#1110,.T.);
#1130=EDGE_LOOP('',(#1120,#1050,#970,#880));
#1140=FACE_OUTER_BOUND('',#1130,.T.);
#1150=ADVANCED_FACE('',(#1140),#870,.T.);
#1160=CARTESIAN_POINT('',(1.09919939254778,0.0783060441176461,
3.70881918985588));
#1170=DIRECTION('',(-0.882352941176466,-0.470588235294126,0.));
#1180=DIRECTION('',(-0.470588235294126,0.882352941176466,0.));
#1190=AXIS2_PLACEMENT_3D('',#1160,#1170,#1180);
#1200=PLANE('',#1190);
#1210=ORIENTED_EDGE('',*,*,#1040,.F.);
#1220=CARTESIAN_POINT('',(0.794295949410517,0.649999999999997,
3.55506603985588));
#1230=DIRECTION('',(-0.470588235294126,0.882352941176466,-0.));
#1240=VECTOR('',#1230,1.);
#1250=LINE('',#1220,#1240);
#1260=EDGE_CURVE('',#950,#300,#1250,.T.);
#1270=ORIENTED_EDGE('',*,*,#1260,.F.);
#1280=ORIENTED_EDGE('',*,*,#310,.T.);
#1290=CARTESIAN_POINT('',(0.794295949410517,0.649999999999997,
3.70506603985589));
#1300=DIRECTION('',(0.470588235294126,-0.882352941176466,-0.));
#1310=VECTOR('',#1300,1.);
#1320=LINE('',#1290,#1310);
#1330=EDGE_CURVE('',#220,#1030,#1320,.T.);
#1340=ORIENTED_EDGE('',*,*,#1330,.F.);
#1350=EDGE_LOOP('',(#1340,#1280,#1270,#1210));
#1360=FACE_OUTER_BOUND('',#1350,.T.);
#1370=ADVANCED_FACE('',(#1360),#1200,.T.);
#1380=CARTESIAN_POINT('',(1.49096261607719,0.102503149999999,
3.70881918985588));
#1390=DIRECTION('',(1.,0.,0.));
#1400=DIRECTION('',(0.,-1.,0.));
#1410=AXIS2_PLACEMENT_3D('',#1380,#1390,#1400);
#1420=PLANE('',#1410);
#1430=ORIENTED_EDGE('',*,*,#780,.T.);
#1440=CARTESIAN_POINT('',(1.49096261607719,0.649999999999997,
3.70506603985589));
#1450=DIRECTION('',(-0.,1.,-0.));
#1460=VECTOR('',#1450,1.);
#1470=LINE('',#1440,#1460);
#1480=CARTESIAN_POINT('',(1.49096261607719,0.099999999999999,
3.70506603985589));
#1490=VERTEX_POINT('',#1480);
#1500=EDGE_CURVE('',#710,#1490,#1470,.T.);
#1510=ORIENTED_EDGE('',*,*,#1500,.F.);
#1520=CARTESIAN_POINT('',(1.49096261607719,0.099999999999999,
-3.32993396014411));
#1530=DIRECTION('',(0.,-0.,1.));
#1540=VECTOR('',#1530,1.);
#1550=LINE('',#1520,#1540);
#1560=CARTESIAN_POINT('',(1.49096261607719,0.099999999999999,
3.55506603985588));
#1570=VERTEX_POINT('',#1560);
#1580=EDGE_CURVE('',#1570,#1490,#1550,.T.);
#1590=ORIENTED_EDGE('',*,*,#1580,.T.);
#1600=CARTESIAN_POINT('',(1.49096261607719,0.649999999999997,
3.55506603985588));
#1610=DIRECTION('',(-0.,-1.,-0.));
#1620=VECTOR('',#1610,1.);
#1630=LINE('',#1600,#1620);
#1640=EDGE_CURVE('',#1570,#530,#1630,.T.);
#1650=ORIENTED_EDGE('',*,*,#1640,.F.);
#1660=EDGE_LOOP('',(#1650,#1590,#1510,#1430));
#1670=FACE_OUTER_BOUND('',#1660,.T.);
#1680=ADVANCED_FACE('',(#1670),#1420,.T.);
#1690=CARTESIAN_POINT('',(1.23096261607719,0.149999999999997,
3.70887903985588));
#1700=DIRECTION('',(0.,0.,-1.));
#1710=DIRECTION('',(-1.,0.,-0.));
#1720=AXIS2_PLACEMENT_3D('',#1690,#1700,#1710);
#1730=CYLINDRICAL_SURFACE('',#1720,0.0499999999999974);
#1740=CARTESIAN_POINT('',(1.23096261607719,0.099999999999999,
3.70506603985589));
#1750=DIRECTION('',(0.,0.,-1.));
#1760=VECTOR('',#1750,1.);
#1770=LINE('',#1740,#1760);
#1780=CARTESIAN_POINT('',(1.23096261607719,0.099999999999999,
3.70506603985589));
#1790=VERTEX_POINT('',#1780);
#1800=CARTESIAN_POINT('',(1.23096261607719,0.099999999999999,
3.55506603985588));
#1810=VERTEX_POINT('',#1800);
#1820=EDGE_CURVE('',#1790,#1810,#1770,.T.);
#1830=ORIENTED_EDGE('',*,*,#1820,.T.);
#1840=CARTESIAN_POINT('',(1.23096261607719,0.149999999999997,
3.70506603985589));
#1850=DIRECTION('',(0.,0.,-1.));
#1860=DIRECTION('',(-1.,0.,-0.));
#1870=AXIS2_PLACEMENT_3D('',#1840,#1850,#1860);
#1880=CIRCLE('',#1870,0.0499999999999974);
#1890=CARTESIAN_POINT('',(1.18684496901837,0.126470588235293,
3.70506603985589));
#1900=VERTEX_POINT('',#1890);
#1910=EDGE_CURVE('',#1790,#1900,#1880,.T.);
#1920=ORIENTED_EDGE('',*,*,#1910,.F.);
#1930=CARTESIAN_POINT('',(1.18684496901837,0.126470588235293,
3.70506603985589));
#1940=DIRECTION('',(0.,0.,-1.));
#1950=VECTOR('',#1940,1.);
#1960=LINE('',#1930,#1950);
#1970=CARTESIAN_POINT('',(1.18684496901837,0.126470588235293,
3.55506603985588));
#1980=VERTEX_POINT('',#1970);
#1990=EDGE_CURVE('',#1900,#1980,#1960,.T.);
#2000=ORIENTED_EDGE('',*,*,#1990,.F.);
#2010=CARTESIAN_POINT('',(1.23096261607719,0.149999999999997,
3.55506603985588));
#2020=DIRECTION('',(0.,0.,-1.));
#2030=DIRECTION('',(-1.,0.,-0.));
#2040=AXIS2_PLACEMENT_3D('',#2010,#2020,#2030);
#2050=CIRCLE('',#2040,0.0499999999999974);
#2060=EDGE_CURVE('',#1810,#1980,#2050,.T.);
#2070=ORIENTED_EDGE('',*,*,#2060,.T.);
#2080=EDGE_LOOP('',(#2070,#2000,#1920,#1830));
#2090=FACE_OUTER_BOUND('',#2080,.T.);
#2100=ADVANCED_FACE('',(#2090),#1730,.F.);
#2110=CARTESIAN_POINT('',(1.1627258396066,0.171693955882352,
3.70881918985588));
#2120=DIRECTION('',(0.882352941176471,0.470588235294118,0.));
#2130=DIRECTION('',(0.470588235294118,-0.882352941176471,0.));
#2140=AXIS2_PLACEMENT_3D('',#2110,#2120,#2130);
#2150=PLANE('',#2140);
#2160=CARTESIAN_POINT('',(1.16331555725366,0.170588235294117,
3.70506603985589));
#2170=DIRECTION('',(0.,0.,-1.));
#2180=VECTOR('',#2170,1.);
#2190=LINE('',#2160,#2180);
#2200=CARTESIAN_POINT('',(1.16331555725366,0.170588235294117,
3.70506603985589));
#2210=VERTEX_POINT('',#2200);
#2220=CARTESIAN_POINT('',(1.16331555725366,0.170588235294117,
3.55506603985588));
#2230=VERTEX_POINT('',#2220);
#2240=EDGE_CURVE('',#2210,#2230,#2190,.T.);
#2250=ORIENTED_EDGE('',*,*,#2240,.F.);
#2260=CARTESIAN_POINT('',(0.907629282743856,0.649999999999997,
3.55506603985588));
#2270=DIRECTION('',(0.470588235294118,-0.882352941176471,-0.));
#2280=VECTOR('',#2270,1.);
#2290=LINE('',#2260,#2280);
#2300=EDGE_CURVE('',#2230,#1980,#2290,.T.);
#2310=ORIENTED_EDGE('',*,*,#2300,.F.);
#2320=ORIENTED_EDGE('',*,*,#1990,.T.);
#2330=CARTESIAN_POINT('',(0.907629282743856,0.649999999999997,
3.70506603985589));
#2340=DIRECTION('',(-0.470588235294118,0.882352941176471,-0.));
#2350=VECTOR('',#2340,1.);
#2360=LINE('',#2330,#2350);
#2370=EDGE_CURVE('',#1900,#2210,#2360,.T.);
#2380=ORIENTED_EDGE('',*,*,#2370,.F.);
#2390=EDGE_LOOP('',(#2380,#2320,#2310,#2250));
#2400=FACE_OUTER_BOUND('',#2390,.T.);
#2410=ADVANCED_FACE('',(#2400),#2150,.T.);
#2420=CARTESIAN_POINT('',(0.92845946607719,0.249999999999999,
3.70881918985588));
#2430=DIRECTION('',(0.,1.,0.));
#2440=DIRECTION('',(1.,-0.,0.));
#2450=AXIS2_PLACEMENT_3D('',#2420,#2430,#2440);
#2460=PLANE('',#2450);
#2470=CARTESIAN_POINT('',(0.860962616077189,0.249999999999999,
3.55506603985588));
#2480=DIRECTION('',(1.,-0.,0.));
#2490=VECTOR('',#2480,1.);
#2500=LINE('',#2470,#2490);
#2510=CARTESIAN_POINT('',(0.93096261607719,0.249999999999999,
3.55506603985588));
#2520=VERTEX_POINT('',#2510);
#2530=CARTESIAN_POINT('',(1.03096261607719,0.249999999999999,
3.55506603985588));
#2540=VERTEX_POINT('',#2530);
#2550=EDGE_CURVE('',#2520,#2540,#2500,.T.);
#2560=ORIENTED_EDGE('',*,*,#2550,.F.);
#2570=CARTESIAN_POINT('',(1.03096261607719,0.249999999999999,
3.70506603985589));
#2580=DIRECTION('',(0.,0.,-1.));
#2590=VECTOR('',#2580,1.);
#2600=LINE('',#2570,#2590);
#2610=CARTESIAN_POINT('',(1.03096261607719,0.249999999999999,
3.70506603985589));
#2620=VERTEX_POINT('',#2610);
#2630=EDGE_CURVE('',#2620,#2540,#2600,.T.);
#2640=ORIENTED_EDGE('',*,*,#2630,.T.);
#2650=CARTESIAN_POINT('',(0.860962616077189,0.249999999999999,
3.70506603985589));
#2660=DIRECTION('',(-1.,-0.,0.));
#2670=VECTOR('',#2660,1.);
#2680=LINE('',#2650,#2670);
#2690=CARTESIAN_POINT('',(0.93096261607719,0.249999999999999,
3.70506603985589));
#2700=VERTEX_POINT('',#2690);
#2710=EDGE_CURVE('',#2620,#2700,#2680,.T.);
#2720=ORIENTED_EDGE('',*,*,#2710,.F.);
#2730=CARTESIAN_POINT('',(0.930962616077187,0.249999999999999,
-3.32993396014411));
#2740=DIRECTION('',(-0.,-0.,1.));
#2750=VECTOR('',#2740,1.);
#2760=LINE('',#2730,#2750);
#2770=EDGE_CURVE('',#2520,#2700,#2760,.T.);
#2780=ORIENTED_EDGE('',*,*,#2770,.T.);
#2790=EDGE_LOOP('',(#2780,#2720,#2640,#2560));
#2800=FACE_OUTER_BOUND('',#2790,.T.);
#2810=ADVANCED_FACE('',(#2800),#2460,.T.);
#2820=CARTESIAN_POINT('',(-0.919037383922811,0.126496849999997,
4.29306918985588));
#2830=DIRECTION('',(-1.,0.,0.));
#2840=DIRECTION('',(0.,1.,0.));
#2850=AXIS2_PLACEMENT_3D('',#2820,#2830,#2840);
#2860=PLANE('',#2850);
#2870=CARTESIAN_POINT('',(-0.919037383922811,0.649999999999997,
3.30506603985588));
#2880=DIRECTION('',(0.,1.,-0.));
#2890=VECTOR('',#2880,1.);
#2900=LINE('',#2870,#2890);
#2910=CARTESIAN_POINT('',(-0.919037383922811,0.149999999999998,
3.30506603985588));
#2920=VERTEX_POINT('',#2910);
#2930=CARTESIAN_POINT('',(-0.919037383922811,0.249999999999998,
3.30506603985588));
#2940=VERTEX_POINT('',#2930);
#2950=EDGE_CURVE('',#2920,#2940,#2900,.T.);
#2960=ORIENTED_EDGE('',*,*,#2950,.F.);
#2970=CARTESIAN_POINT('',(-0.919037383922811,0.249999999999998,
-3.32993396014411));
#2980=DIRECTION('',(-0.,-0.,1.));
#2990=VECTOR('',#2980,1.);
#3000=LINE('',#2970,#2990);
#3010=CARTESIAN_POINT('',(-0.919037383922811,0.249999999999998,
3.15506603985589));
#3020=VERTEX_POINT('',#3010);
#3030=EDGE_CURVE('',#3020,#2940,#3000,.T.);
#3040=ORIENTED_EDGE('',*,*,#3030,.T.);
#3050=CARTESIAN_POINT('',(-0.919037383922811,0.649999999999997,
3.15506603985589));
#3060=DIRECTION('',(0.,-1.,-0.));
#3070=VECTOR('',#3060,1.);
#3080=LINE('',#3050,#3070);
#3090=CARTESIAN_POINT('',(-0.919037383922811,0.149999999999998,
3.15506603985589));
#3100=VERTEX_POINT('',#3090);
#3110=EDGE_CURVE('',#3020,#3100,#3080,.T.);
#3120=ORIENTED_EDGE('',*,*,#3110,.F.);
#3130=CARTESIAN_POINT('',(-0.919037383922811,0.15,-3.32993396014411));
#3140=DIRECTION('',(-0.,-0.,-1.));
#3150=VECTOR('',#3140,1.);
#3160=LINE('',#3130,#3150);
#3170=CARTESIAN_POINT('',(-0.919037383922811,0.149999999999999,
2.90506603985589));
#3180=VERTEX_POINT('',#3170);
#3190=EDGE_CURVE('',#3100,#3180,#3160,.T.);
#3200=ORIENTED_EDGE('',*,*,#3190,.F.);
#3210=CARTESIAN_POINT('',(-0.919037383922811,0.649999999999997,
2.90506603985589));
#3220=DIRECTION('',(0.,1.,-0.));
#3230=VECTOR('',#3220,1.);
#3240=LINE('',#3210,#3230);
#3250=CARTESIAN_POINT('',(-0.919037383922811,0.249999999999999,
2.90506603985589));
#3260=VERTEX_POINT('',#3250);
#3270=EDGE_CURVE('',#3180,#3260,#3240,.T.);
#3280=ORIENTED_EDGE('',*,*,#3270,.F.);
#3290=CARTESIAN_POINT('',(-0.919037383922811,0.249999999999999,
-3.32993396014411));
#3300=DIRECTION('',(-0.,-0.,1.));
#3310=VECTOR('',#3300,1.);
#3320=LINE('',#3290,#3310);
#3330=CARTESIAN_POINT('',(-0.919037383922811,0.249999999999999,
2.75506603985589));
#3340=VERTEX_POINT('',#3330);
#3350=EDGE_CURVE('',#3340,#3260,#3320,.T.);
#3360=ORIENTED_EDGE('',*,*,#3350,.T.);
#3370=CARTESIAN_POINT('',(-0.919037383922811,0.649999999999997,
2.75506603985589));
#3380=DIRECTION('',(0.,-1.,-0.));
#3390=VECTOR('',#3380,1.);
#3400=LINE('',#3370,#3390);
#3410=CARTESIAN_POINT('',(-0.919037383922811,0.149999999999999,
2.75506603985589));
#3420=VERTEX_POINT('',#3410);
#3430=EDGE_CURVE('',#3340,#3420,#3400,.T.);
#3440=ORIENTED_EDGE('',*,*,#3430,.F.);
#3450=CARTESIAN_POINT('',(-0.919037383922811,0.15,-3.32993396014411));
#3460=DIRECTION('',(-0.,-0.,-1.));
#3470=VECTOR('',#3460,1.);
#3480=LINE('',#3450,#3470);
#3490=CARTESIAN_POINT('',(-0.919037383922811,0.149999999999999,
2.50506603985589));
#3500=VERTEX_POINT('',#3490);
#3510=EDGE_CURVE('',#3420,#3500,#3480,.T.);
#3520=ORIENTED_EDGE('',*,*,#3510,.F.);
#3530=CARTESIAN_POINT('',(-0.919037383922811,0.649999999999997,
2.50506603985589));
#3540=DIRECTION('',(0.,1.,-0.));
#3550=VECTOR('',#3540,1.);
#3560=LINE('',#3530,#3550);
#3570=CARTESIAN_POINT('',(-0.919037383922811,0.249999999999999,
2.50506603985589));
#3580=VERTEX_POINT('',#3570);
#3590=EDGE_CURVE('',#3500,#3580,#3560,.T.);
#3600=ORIENTED_EDGE('',*,*,#3590,.F.);
#3610=CARTESIAN_POINT('',(-0.919037383922811,0.249999999999999,
-3.32993396014411));
#3620=DIRECTION('',(-0.,-0.,1.));
#3630=VECTOR('',#3620,1.);
#3640=LINE('',#3610,#3630);
#3650=CARTESIAN_POINT('',(-0.919037383922811,0.249999999999999,
2.35506603985588));
#3660=VERTEX_POINT('',#3650);
#3670=EDGE_CURVE('',#3660,#3580,#3640,.T.);
#3680=ORIENTED_EDGE('',*,*,#3670,.T.);
#3690=CARTESIAN_POINT('',(-0.919037383922811,0.649999999999997,
2.35506603985588));
#3700=DIRECTION('',(0.,-1.,-0.));
#3710=VECTOR('',#3700,1.);
#3720=LINE('',#3690,#3710);
#3730=CARTESIAN_POINT('',(-0.919037383922811,0.149999999999999,
2.35506603985588));
#3740=VERTEX_POINT('',#3730);
#3750=EDGE_CURVE('',#3660,#3740,#3720,.T.);
#3760=ORIENTED_EDGE('',*,*,#3750,.F.);
#3770=CARTESIAN_POINT('',(-0.919037383922811,0.15,-3.32993396014411));
#3780=DIRECTION('',(-0.,-0.,-1.));
#3790=VECTOR('',#3780,1.);
#3800=LINE('',#3770,#3790);
#3810=CARTESIAN_POINT('',(-0.919037383922811,0.149999999999999,
2.10506603985588));
#3820=VERTEX_POINT('',#3810);
#3830=EDGE_CURVE('',#3740,#3820,#3800,.T.);
#3840=ORIENTED_EDGE('',*,*,#3830,.F.);
#3850=CARTESIAN_POINT('',(-0.919037383922811,0.649999999999997,
2.10506603985588));
#3860=DIRECTION('',(0.,1.,-0.));
#3870=VECTOR('',#3860,1.);
#3880=LINE('',#3850,#3870);
#3890=CARTESIAN_POINT('',(-0.919037383922811,0.249999999999999,
2.10506603985588));
#3900=VERTEX_POINT('',#3890);
#3910=EDGE_CURVE('',#3820,#3900,#3880,.T.);
#3920=ORIENTED_EDGE('',*,*,#3910,.F.);
#3930=CARTESIAN_POINT('',(-0.919037383922811,0.249999999999999,
-3.32993396014411));
#3940=DIRECTION('',(-0.,-0.,1.));
#3950=VECTOR('',#3940,1.);
#3960=LINE('',#3930,#3950);
#3970=CARTESIAN_POINT('',(-0.919037383922811,0.249999999999999,
1.95506603985589));
#3980=VERTEX_POINT('',#3970);
#3990=EDGE_CURVE('',#3980,#3900,#3960,.T.);
#4000=ORIENTED_EDGE('',*,*,#3990,.T.);
#4010=CARTESIAN_POINT('',(-0.919037383922811,0.649999999999997,
1.95506603985589));
#4020=DIRECTION('',(0.,-1.,-0.));
#4030=VECTOR('',#4020,1.);
#4040=LINE('',#4010,#4030);
#4050=CARTESIAN_POINT('',(-0.919037383922811,0.149999999999999,
1.95506603985589));
#4060=VERTEX_POINT('',#4050);
#4070=EDGE_CURVE('',#3980,#4060,#4040,.T.);
#4080=ORIENTED_EDGE('',*,*,#4070,.F.);
#4090=CARTESIAN_POINT('',(-0.919037383922811,0.15,-3.32993396014411));
#4100=DIRECTION('',(-0.,-0.,-1.));
#4110=VECTOR('',#4100,1.);
#4120=LINE('',#4090,#4110);
#4130=CARTESIAN_POINT('',(-0.919037383922811,0.149999999999999,
1.70506603985589));
#4140=VERTEX_POINT('',#4130);
#4150=EDGE_CURVE('',#4060,#4140,#4120,.T.);
#4160=ORIENTED_EDGE('',*,*,#4150,.F.);
#4170=CARTESIAN_POINT('',(-0.919037383922811,0.649999999999997,
1.70506603985589));
#4180=DIRECTION('',(0.,1.,-0.));
#4190=VECTOR('',#4180,1.);
#4200=LINE('',#4170,#4190);
#4210=CARTESIAN_POINT('',(-0.919037383922811,0.249999999999999,
1.70506603985589));
#4220=VERTEX_POINT('',#4210);
#4230=EDGE_CURVE('',#4140,#4220,#4200,.T.);
#4240=ORIENTED_EDGE('',*,*,#4230,.F.);
#4250=CARTESIAN_POINT('',(-0.919037383922811,0.249999999999999,
-3.32993396014411));
#4260=DIRECTION('',(-0.,-0.,1.));
#4270=VECTOR('',#4260,1.);
#4280=LINE('',#4250,#4270);
#4290=CARTESIAN_POINT('',(-0.919037383922811,0.249999999999999,
1.55506603985588));
#4300=VERTEX_POINT('',#4290);
#4310=EDGE_CURVE('',#4300,#4220,#4280,.T.);
#4320=ORIENTED_EDGE('',*,*,#4310,.T.);
#4330=CARTESIAN_POINT('',(-0.919037383922811,0.649999999999997,
1.55506603985588));
#4340=DIRECTION('',(0.,-1.,-0.));
#4350=VECTOR('',#4340,1.);
#4360=LINE('',#4330,#4350);
#4370=CARTESIAN_POINT('',(-0.919037383922811,0.149999999999999,
1.55506603985588));
#4380=VERTEX_POINT('',#4370);
#4390=EDGE_CURVE('',#4300,#4380,#4360,.T.);
#4400=ORIENTED_EDGE('',*,*,#4390,.F.);
#4410=CARTESIAN_POINT('',(-0.919037383922811,0.15,-3.32993396014411));
#4420=DIRECTION('',(-0.,-0.,-1.));
#4430=VECTOR('',#4420,1.);
#4440=LINE('',#4410,#4430);
#4450=CARTESIAN_POINT('',(-0.919037383922811,0.149999999999999,
1.30506603985588));
#4460=VERTEX_POINT('',#4450);
#4470=EDGE_CURVE('',#4380,#4460,#4440,.T.);
#4480=ORIENTED_EDGE('',*,*,#4470,.F.);
#4490=CARTESIAN_POINT('',(-0.919037383922811,0.649999999999997,
1.30506603985588));
#4500=DIRECTION('',(0.,1.,-0.));
#4510=VECTOR('',#4500,1.);
#4520=LINE('',#4490,#4510);
#4530=CARTESIAN_POINT('',(-0.919037383922811,0.249999999999999,
1.30506603985588));
#4540=VERTEX_POINT('',#4530);
#4550=EDGE_CURVE('',#4460,#4540,#4520,.T.);
#4560=ORIENTED_EDGE('',*,*,#4550,.F.);
#4570=CARTESIAN_POINT('',(-0.919037383922811,0.249999999999999,
-3.32993396014411));
#4580=DIRECTION('',(-0.,-0.,1.));
#4590=VECTOR('',#4580,1.);
#4600=LINE('',#4570,#4590);
#4610=CARTESIAN_POINT('',(-0.919037383922811,0.249999999999999,
1.15506603985589));
#4620=VERTEX_POINT('',#4610);
#4630=EDGE_CURVE('',#4620,#4540,#4600,.T.);
#4640=ORIENTED_EDGE('',*,*,#4630,.T.);
#4650=CARTESIAN_POINT('',(-0.919037383922811,0.649999999999997,
1.15506603985589));
#4660=DIRECTION('',(0.,-1.,-0.));
#4670=VECTOR('',#4660,1.);
#4680=LINE('',#4650,#4670);
#4690=CARTESIAN_POINT('',(-0.919037383922811,0.149999999999999,
1.15506603985589));
#4700=VERTEX_POINT('',#4690);
#4710=EDGE_CURVE('',#4620,#4700,#4680,.T.);
#4720=ORIENTED_EDGE('',*,*,#4710,.F.);
#4730=CARTESIAN_POINT('',(-0.919037383922811,0.15,-3.32993396014411));
#4740=DIRECTION('',(-0.,-0.,-1.));
#4750=VECTOR('',#4740,1.);
#4760=LINE('',#4730,#4750);
#4770=CARTESIAN_POINT('',(-0.919037383922811,0.149999999999999,
0.905066039855885));
#4780=VERTEX_POINT('',#4770);
#4790=EDGE_CURVE('',#4700,#4780,#4760,.T.);
#4800=ORIENTED_EDGE('',*,*,#4790,.F.);
#4810=CARTESIAN_POINT('',(-0.919037383922811,0.649999999999997,
0.905066039855885));
#4820=DIRECTION('',(0.,1.,-0.));
#4830=VECTOR('',#4820,1.);
#4840=LINE('',#4810,#4830);
#4850=CARTESIAN_POINT('',(-0.919037383922811,0.249999999999999,
0.905066039855885));
#4860=VERTEX_POINT('',#4850);
#4870=EDGE_CURVE('',#4780,#4860,#4840,.T.);
#4880=ORIENTED_EDGE('',*,*,#4870,.F.);
#4890=CARTESIAN_POINT('',(-0.919037383922811,0.249999999999999,
-3.32993396014411));
#4900=DIRECTION('',(-0.,-0.,1.));
#4910=VECTOR('',#4900,1.);
#4920=LINE('',#4890,#4910);
#4930=CARTESIAN_POINT('',(-0.919037383922811,0.249999999999999,
0.755066039855885));
#4940=VERTEX_POINT('',#4930);
#4950=EDGE_CURVE('',#4940,#4860,#4920,.T.);
#4960=ORIENTED_EDGE('',*,*,#4950,.T.);
#4970=CARTESIAN_POINT('',(-0.919037383922811,0.649999999999997,
0.755066039855885));
#4980=DIRECTION('',(0.,-1.,-0.));
#4990=VECTOR('',#4980,1.);
#5000=LINE('',#4970,#4990);
#5010=CARTESIAN_POINT('',(-0.919037383922811,0.149999999999999,
0.755066039855885));
#5020=VERTEX_POINT('',#5010);
#5030=EDGE_CURVE('',#4940,#5020,#5000,.T.);
#5040=ORIENTED_EDGE('',*,*,#5030,.F.);
#5050=CARTESIAN_POINT('',(-0.919037383922811,0.15,-3.32993396014411));
#5060=DIRECTION('',(-0.,-0.,-1.));
#5070=VECTOR('',#5060,1.);
#5080=LINE('',#5050,#5070);
#5090=CARTESIAN_POINT('',(-0.919037383922811,0.149999999999999,
0.505066039855885));
#5100=VERTEX_POINT('',#5090);
#5110=EDGE_CURVE('',#5020,#5100,#5080,.T.);
#5120=ORIENTED_EDGE('',*,*,#5110,.F.);
#5130=CARTESIAN_POINT('',(-0.919037383922811,0.649999999999997,
0.505066039855885));
#5140=DIRECTION('',(0.,1.,-0.));
#5150=VECTOR('',#5140,1.);
#5160=LINE('',#5130,#5150);
#5170=CARTESIAN_POINT('',(-0.919037383922811,0.249999999999999,
0.505066039855885));
#5180=VERTEX_POINT('',#5170);
#5190=EDGE_CURVE('',#5100,#5180,#5160,.T.);
#5200=ORIENTED_EDGE('',*,*,#5190,.F.);
#5210=CARTESIAN_POINT('',(-0.919037383922811,0.249999999999999,
-3.32993396014411));
#5220=DIRECTION('',(-0.,-0.,1.));
#5230=VECTOR('',#5220,1.);
#5240=LINE('',#5210,#5230);
#5250=CARTESIAN_POINT('',(-0.919037383922811,0.249999999999999,
0.355066039855885));
#5260=VERTEX_POINT('',#5250);
#5270=EDGE_CURVE('',#5260,#5180,#5240,.T.);
#5280=ORIENTED_EDGE('',*,*,#5270,.T.);
#5290=CARTESIAN_POINT('',(-0.919037383922811,0.649999999999997,
0.355066039855885));
#5300=DIRECTION('',(0.,-1.,-0.));
#5310=VECTOR('',#5300,1.);
#5320=LINE('',#5290,#5310);
#5330=CARTESIAN_POINT('',(-0.919037383922811,0.149999999999999,
0.355066039855885));
#5340=VERTEX_POINT('',#5330);
#5350=EDGE_CURVE('',#5260,#5340,#5320,.T.);
#5360=ORIENTED_EDGE('',*,*,#5350,.F.);
#5370=CARTESIAN_POINT('',(-0.919037383922811,0.15,-3.32993396014411));
#5380=DIRECTION('',(-0.,-0.,-1.));
#5390=VECTOR('',#5380,1.);
#5400=LINE('',#5370,#5390);
#5410=CARTESIAN_POINT('',(-0.919037383922811,0.149999999999999,
0.105066039855885));
#5420=VERTEX_POINT('',#5410);
#5430=EDGE_CURVE('',#5340,#5420,#5400,.T.);
#5440=ORIENTED_EDGE('',*,*,#5430,.F.);
#5450=CARTESIAN_POINT('',(-0.919037383922811,0.649999999999997,
0.105066039855885));
#5460=DIRECTION('',(0.,1.,-0.));
#5470=VECTOR('',#5460,1.);
#5480=LINE('',#5450,#5470);
#5490=CARTESIAN_POINT('',(-0.919037383922811,0.249999999999999,
0.105066039855885));
#5500=VERTEX_POINT('',#5490);
#5510=EDGE_CURVE('',#5420,#5500,#5480,.T.);
#5520=ORIENTED_EDGE('',*,*,#5510,.F.);
#5530=CARTESIAN_POINT('',(-0.919037383922811,0.249999999999999,
-3.32993396014411));
#5540=DIRECTION('',(-0.,-0.,1.));
#5550=VECTOR('',#5540,1.);
#5560=LINE('',#5530,#5550);
#5570=CARTESIAN_POINT('',(-0.919037383922811,0.249999999999999,
-0.0449339601441148));
#5580=VERTEX_POINT('',#5570);
#5590=EDGE_CURVE('',#5580,#5500,#5560,.T.);
#5600=ORIENTED_EDGE('',*,*,#5590,.T.);
#5610=CARTESIAN_POINT('',(-0.919037383922811,0.649999999999997,
-0.0449339601441148));
#5620=DIRECTION('',(0.,-1.,-0.));
#5630=VECTOR('',#5620,1.);
#5640=LINE('',#5610,#5630);
#5650=CARTESIAN_POINT('',(-0.919037383922811,0.149999999999999,
-0.0449339601441148));
#5660=VERTEX_POINT('',#5650);
#5670=EDGE_CURVE('',#5580,#5660,#5640,.T.);
#5680=ORIENTED_EDGE('',*,*,#5670,.F.);
#5690=CARTESIAN_POINT('',(-0.919037383922811,0.15,-3.32993396014411));
#5700=DIRECTION('',(-0.,-0.,-1.));
#5710=VECTOR('',#5700,1.);
#5720=LINE('',#5690,#5710);
#5730=CARTESIAN_POINT('',(-0.919037383922811,0.149999999999999,
-0.294933960144115));
#5740=VERTEX_POINT('',#5730);
#5750=EDGE_CURVE('',#5660,#5740,#5720,.T.);
#5760=ORIENTED_EDGE('',*,*,#5750,.F.);
#5770=CARTESIAN_POINT('',(-0.919037383922811,0.649999999999997,
-0.294933960144115));
#5780=DIRECTION('',(0.,1.,-0.));
#5790=VECTOR('',#5780,1.);
#5800=LINE('',#5770,#5790);
#5810=CARTESIAN_POINT('',(-0.919037383922811,0.249999999999999,
-0.294933960144115));
#5820=VERTEX_POINT('',#5810);
#5830=EDGE_CURVE('',#5740,#5820,#5800,.T.);
#5840=ORIENTED_EDGE('',*,*,#5830,.F.);
#5850=CARTESIAN_POINT('',(-0.919037383922811,0.249999999999999,
-3.32993396014411));
#5860=DIRECTION('',(-0.,-0.,1.));
#5870=VECTOR('',#5860,1.);
#5880=LINE('',#5850,#5870);
#5890=CARTESIAN_POINT('',(-0.919037383922811,0.249999999999999,
-0.444933960144115));
#5900=VERTEX_POINT('',#5890);
#5910=EDGE_CURVE('',#5900,#5820,#5880,.T.);
#5920=ORIENTED_EDGE('',*,*,#5910,.T.);
#5930=CARTESIAN_POINT('',(-0.919037383922811,0.649999999999997,
-0.444933960144115));
#5940=DIRECTION('',(0.,-1.,-0.));
#5950=VECTOR('',#5940,1.);
#5960=LINE('',#5930,#5950);
#5970=CARTESIAN_POINT('',(-0.919037383922811,0.149999999999999,
-0.444933960144115));
#5980=VERTEX_POINT('',#5970);
#5990=EDGE_CURVE('',#5900,#5980,#5960,.T.);
#6000=ORIENTED_EDGE('',*,*,#5990,.F.);
#6010=CARTESIAN_POINT('',(-0.919037383922811,0.15,-3.32993396014411));
#6020=DIRECTION('',(-0.,-0.,-1.));
#6030=VECTOR('',#6020,1.);
#6040=LINE('',#6010,#6030);
#6050=CARTESIAN_POINT('',(-0.919037383922811,0.149999999999999,
-0.694933960144115));
#6060=VERTEX_POINT('',#6050);
#6070=EDGE_CURVE('',#5980,#6060,#6040,.T.);
#6080=ORIENTED_EDGE('',*,*,#6070,.F.);
#6090=CARTESIAN_POINT('',(-0.919037383922811,0.649999999999997,
-0.694933960144115));
#6100=DIRECTION('',(0.,1.,-0.));
#6110=VECTOR('',#6100,1.);
#6120=LINE('',#6090,#6110);
#6130=CARTESIAN_POINT('',(-0.919037383922811,0.249999999999999,
-0.694933960144115));
#6140=VERTEX_POINT('',#6130);
#6150=EDGE_CURVE('',#6060,#6140,#6120,.T.);
#6160=ORIENTED_EDGE('',*,*,#6150,.F.);
#6170=CARTESIAN_POINT('',(-0.919037383922811,0.249999999999999,
-3.32993396014411));
#6180=DIRECTION('',(-0.,-0.,1.));
#6190=VECTOR('',#6180,1.);
#6200=LINE('',#6170,#6190);
#6210=CARTESIAN_POINT('',(-0.919037383922811,0.249999999999999,
-0.844933960144115));
#6220=VERTEX_POINT('',#6210);
#6230=EDGE_CURVE('',#6220,#6140,#6200,.T.);
#6240=ORIENTED_EDGE('',*,*,#6230,.T.);
#6250=CARTESIAN_POINT('',(-0.919037383922811,0.649999999999997,
-0.844933960144115));
#6260=DIRECTION('',(0.,-1.,-0.));
#6270=VECTOR('',#6260,1.);
#6280=LINE('',#6250,#6270);
#6290=CARTESIAN_POINT('',(-0.919037383922811,0.149999999999999,
-0.844933960144115));
#6300=VERTEX_POINT('',#6290);
#6310=EDGE_CURVE('',#6220,#6300,#6280,.T.);
#6320=ORIENTED_EDGE('',*,*,#6310,.F.);
#6330=CARTESIAN_POINT('',(-0.919037383922811,0.15,-3.32993396014411));
#6340=DIRECTION('',(-0.,-0.,-1.));
#6350=VECTOR('',#6340,1.);
#6360=LINE('',#6330,#6350);
#6370=CARTESIAN_POINT('',(-0.919037383922811,0.149999999999999,
-1.09493396014412));
#6380=VERTEX_POINT('',#6370);
#6390=EDGE_CURVE('',#6300,#6380,#6360,.T.);
#6400=ORIENTED_EDGE('',*,*,#6390,.F.);
#6410=CARTESIAN_POINT('',(-0.919037383922811,0.649999999999997,
-1.09493396014412));
#6420=DIRECTION('',(0.,1.,-0.));
#6430=VECTOR('',#6420,1.);
#6440=LINE('',#6410,#6430);
#6450=CARTESIAN_POINT('',(-0.919037383922811,0.249999999999999,
-1.09493396014412));
#6460=VERTEX_POINT('',#6450);
#6470=EDGE_CURVE('',#6380,#6460,#6440,.T.);
#6480=ORIENTED_EDGE('',*,*,#6470,.F.);
#6490=CARTESIAN_POINT('',(-0.919037383922811,0.249999999999999,
-3.32993396014411));
#6500=DIRECTION('',(-0.,-0.,1.));
#6510=VECTOR('',#6500,1.);
#6520=LINE('',#6490,#6510);
#6530=CARTESIAN_POINT('',(-0.919037383922811,0.249999999999999,
-1.24493396014411));
#6540=VERTEX_POINT('',#6530);
#6550=EDGE_CURVE('',#6540,#6460,#6520,.T.);
#6560=ORIENTED_EDGE('',*,*,#6550,.T.);
#6570=CARTESIAN_POINT('',(-0.919037383922811,0.649999999999997,
-1.24493396014411));
#6580=DIRECTION('',(0.,-1.,-0.));
#6590=VECTOR('',#6580,1.);
#6600=LINE('',#6570,#6590);
#6610=CARTESIAN_POINT('',(-0.919037383922811,0.149999999999999,
-1.24493396014411));
#6620=VERTEX_POINT('',#6610);
#6630=EDGE_CURVE('',#6540,#6620,#6600,.T.);
#6640=ORIENTED_EDGE('',*,*,#6630,.F.);
#6650=CARTESIAN_POINT('',(-0.919037383922811,0.15,-3.32993396014411));
#6660=DIRECTION('',(-0.,-0.,-1.));
#6670=VECTOR('',#6660,1.);
#6680=LINE('',#6650,#6670);
#6690=CARTESIAN_POINT('',(-0.919037383922811,0.149999999999999,
-1.49493396014411));
#6700=VERTEX_POINT('',#6690);
#6710=EDGE_CURVE('',#6620,#6700,#6680,.T.);
#6720=ORIENTED_EDGE('',*,*,#6710,.F.);
#6730=CARTESIAN_POINT('',(-0.919037383922811,0.649999999999997,
-1.49493396014411));
#6740=DIRECTION('',(0.,1.,-0.));
#6750=VECTOR('',#6740,1.);
#6760=LINE('',#6730,#6750);
#6770=CARTESIAN_POINT('',(-0.919037383922811,0.249999999999999,
-1.49493396014411));
#6780=VERTEX_POINT('',#6770);
#6790=EDGE_CURVE('',#6700,#6780,#6760,.T.);
#6800=ORIENTED_EDGE('',*,*,#6790,.F.);
#6810=CARTESIAN_POINT('',(-0.919037383922811,0.249999999999999,
-3.32993396014411));
#6820=DIRECTION('',(-0.,-0.,1.));
#6830=VECTOR('',#6820,1.);
#6840=LINE('',#6810,#6830);
#6850=CARTESIAN_POINT('',(-0.919037383922811,0.249999999999999,
-1.64493396014411));
#6860=VERTEX_POINT('',#6850);
#6870=EDGE_CURVE('',#6860,#6780,#6840,.T.);
#6880=ORIENTED_EDGE('',*,*,#6870,.T.);
#6890=CARTESIAN_POINT('',(-0.919037383922811,0.649999999999997,
-1.64493396014411));
#6900=DIRECTION('',(0.,-1.,-0.));
#6910=VECTOR('',#6900,1.);
#6920=LINE('',#6890,#6910);
#6930=CARTESIAN_POINT('',(-0.919037383922811,0.149999999999999,
-1.64493396014411));
#6940=VERTEX_POINT('',#6930);
#6950=EDGE_CURVE('',#6860,#6940,#6920,.T.);
#6960=ORIENTED_EDGE('',*,*,#6950,.F.);
#6970=CARTESIAN_POINT('',(-0.919037383922811,0.15,-3.32993396014411));
#6980=DIRECTION('',(-0.,-0.,-1.));
#6990=VECTOR('',#6980,1.);
#7000=LINE('',#6970,#6990);
#7010=CARTESIAN_POINT('',(-0.919037383922811,0.149999999999999,
-1.89493396014411));
#7020=VERTEX_POINT('',#7010);
#7030=EDGE_CURVE('',#6940,#7020,#7000,.T.);
#7040=ORIENTED_EDGE('',*,*,#7030,.F.);
#7050=CARTESIAN_POINT('',(-0.919037383922811,0.649999999999997,
-1.89493396014411));
#7060=DIRECTION('',(0.,1.,-0.));
#7070=VECTOR('',#7060,1.);
#7080=LINE('',#7050,#7070);
#7090=CARTESIAN_POINT('',(-0.919037383922811,0.249999999999999,
-1.89493396014411));
#7100=VERTEX_POINT('',#7090);
#7110=EDGE_CURVE('',#7020,#7100,#7080,.T.);
#7120=ORIENTED_EDGE('',*,*,#7110,.F.);
#7130=CARTESIAN_POINT('',(-0.919037383922811,0.249999999999999,
-3.32993396014411));
#7140=DIRECTION('',(-0.,-0.,1.));
#7150=VECTOR('',#7140,1.);
#7160=LINE('',#7130,#7150);
#7170=CARTESIAN_POINT('',(-0.919037383922811,0.249999999999999,
-2.04493396014411));
#7180=VERTEX_POINT('',#7170);
#7190=EDGE_CURVE('',#7180,#7100,#7160,.T.);
#7200=ORIENTED_EDGE('',*,*,#7190,.T.);
#7210=CARTESIAN_POINT('',(-0.919037383922811,0.649999999999997,
-2.04493396014411));
#7220=DIRECTION('',(0.,-1.,-0.));
#7230=VECTOR('',#7220,1.);
#7240=LINE('',#7210,#7230);
#7250=CARTESIAN_POINT('',(-0.919037383922811,0.149999999999999,
-2.04493396014411));
#7260=VERTEX_POINT('',#7250);
#7270=EDGE_CURVE('',#7180,#7260,#7240,.T.);
#7280=ORIENTED_EDGE('',*,*,#7270,.F.);
#7290=CARTESIAN_POINT('',(-0.919037383922811,0.15,-3.32993396014411));
#7300=DIRECTION('',(-0.,-0.,-1.));
#7310=VECTOR('',#7300,1.);
#7320=LINE('',#7290,#7310);
#7330=CARTESIAN_POINT('',(-0.919037383922811,0.149999999999999,
-2.29493396014411));
#7340=VERTEX_POINT('',#7330);
#7350=EDGE_CURVE('',#7260,#7340,#7320,.T.);
#7360=ORIENTED_EDGE('',*,*,#7350,.F.);
#7370=CARTESIAN_POINT('',(-0.919037383922811,0.649999999999997,
-2.29493396014411));
#7380=DIRECTION('',(0.,1.,-0.));
#7390=VECTOR('',#7380,1.);
#7400=LINE('',#7370,#7390);
#7410=CARTESIAN_POINT('',(-0.919037383922811,0.249999999999999,
-2.29493396014411));
#7420=VERTEX_POINT('',#7410);
#7430=EDGE_CURVE('',#7340,#7420,#7400,.T.);
#7440=ORIENTED_EDGE('',*,*,#7430,.F.);
#7450=CARTESIAN_POINT('',(-0.919037383922811,0.249999999999999,
-3.32993396014411));
#7460=DIRECTION('',(-0.,-0.,1.));
#7470=VECTOR('',#7460,1.);
#7480=LINE('',#7450,#7470);
#7490=CARTESIAN_POINT('',(-0.919037383922811,0.249999999999999,
-2.44493396014412));
#7500=VERTEX_POINT('',#7490);
#7510=EDGE_CURVE('',#7500,#7420,#7480,.T.);
#7520=ORIENTED_EDGE('',*,*,#7510,.T.);
#7530=CARTESIAN_POINT('',(-0.919037383922811,0.649999999999997,
-2.44493396014412));
#7540=DIRECTION('',(0.,-1.,-0.));
#7550=VECTOR('',#7540,1.);
#7560=LINE('',#7530,#7550);
#7570=CARTESIAN_POINT('',(-0.919037383922811,0.149999999999999,
-2.44493396014412));
#7580=VERTEX_POINT('',#7570);
#7590=EDGE_CURVE('',#7500,#7580,#7560,.T.);
#7600=ORIENTED_EDGE('',*,*,#7590,.F.);
#7610=CARTESIAN_POINT('',(-0.919037383922811,0.15,-3.32993396014411));
#7620=DIRECTION('',(-0.,-0.,-1.));
#7630=VECTOR('',#7620,1.);
#7640=LINE('',#7610,#7630);
#7650=CARTESIAN_POINT('',(-0.919037383922811,0.149999999999999,
-2.69493396014412));
#7660=VERTEX_POINT('',#7650);
#7670=EDGE_CURVE('',#7580,#7660,#7640,.T.);
#7680=ORIENTED_EDGE('',*,*,#7670,.F.);
#7690=CARTESIAN_POINT('',(-0.919037383922811,0.649999999999997,
-2.69493396014412));
#7700=DIRECTION('',(0.,1.,-0.));
#7710=VECTOR('',#7700,1.);
#7720=LINE('',#7690,#7710);
#7730=CARTESIAN_POINT('',(-0.919037383922811,0.249999999999999,
-2.69493396014412));
#7740=VERTEX_POINT('',#7730);
#7750=EDGE_CURVE('',#7660,#7740,#7720,.T.);
#7760=ORIENTED_EDGE('',*,*,#7750,.F.);
#7770=CARTESIAN_POINT('',(-0.919037383922811,0.249999999999999,
-3.32993396014411));
#7780=DIRECTION('',(-0.,-0.,1.));
#7790=VECTOR('',#7780,1.);
#7800=LINE('',#7770,#7790);
#7810=CARTESIAN_POINT('',(-0.919037383922811,0.249999999999999,
-2.84493396014412));
#7820=VERTEX_POINT('',#7810);
#7830=EDGE_CURVE('',#7820,#7740,#7800,.T.);
#7840=ORIENTED_EDGE('',*,*,#7830,.T.);
#7850=CARTESIAN_POINT('',(-0.919037383922811,0.649999999999997,
-2.84493396014412));
#7860=DIRECTION('',(0.,-1.,-0.));
#7870=VECTOR('',#7860,1.);
#7880=LINE('',#7850,#7870);
#7890=CARTESIAN_POINT('',(-0.919037383922811,0.149999999999999,
-2.84493396014412));
#7900=VERTEX_POINT('',#7890);
#7910=EDGE_CURVE('',#7820,#7900,#7880,.T.);
#7920=ORIENTED_EDGE('',*,*,#7910,.F.);
#7930=CARTESIAN_POINT('',(-0.919037383922811,0.15,-3.32993396014411));
#7940=DIRECTION('',(-0.,-0.,-1.));
#7950=VECTOR('',#7940,1.);
#7960=LINE('',#7930,#7950);
#7970=CARTESIAN_POINT('',(-0.919037383922811,0.149999999999999,
-3.09493396014412));
#7980=VERTEX_POINT('',#7970);
#7990=EDGE_CURVE('',#7900,#7980,#7960,.T.);
#8000=ORIENTED_EDGE('',*,*,#7990,.F.);
#8010=CARTESIAN_POINT('',(-0.919037383922811,0.649999999999997,
-3.09493396014412));
#8020=DIRECTION('',(0.,1.,-0.));
#8030=VECTOR('',#8020,1.);
#8040=LINE('',#8010,#8030);
#8050=CARTESIAN_POINT('',(-0.919037383922811,0.249999999999999,
-3.09493396014412));
#8060=VERTEX_POINT('',#8050);
#8070=EDGE_CURVE('',#7980,#8060,#8040,.T.);
#8080=ORIENTED_EDGE('',*,*,#8070,.F.);
#8090=CARTESIAN_POINT('',(-0.919037383922811,0.249999999999999,
-3.32993396014411));
#8100=DIRECTION('',(-0.,-0.,1.));
#8110=VECTOR('',#8100,1.);
#8120=LINE('',#8090,#8110);
#8130=CARTESIAN_POINT('',(-0.919037383922811,0.249999999999999,
-3.24493396014411));
#8140=VERTEX_POINT('',#8130);
#8150=EDGE_CURVE('',#8140,#8060,#8120,.T.);
#8160=ORIENTED_EDGE('',*,*,#8150,.T.);
#8170=CARTESIAN_POINT('',(-0.919037383922811,0.649999999999997,
-3.24493396014411));
#8180=DIRECTION('',(0.,-1.,-0.));
#8190=VECTOR('',#8180,1.);
#8200=LINE('',#8170,#8190);
#8210=CARTESIAN_POINT('',(-0.919037383922811,0.149999999999999,
-3.24493396014411));
#8220=VERTEX_POINT('',#8210);
#8230=EDGE_CURVE('',#8140,#8220,#8200,.T.);
#8240=ORIENTED_EDGE('',*,*,#8230,.F.);
#8250=CARTESIAN_POINT('',(-0.919037383922811,0.15,-3.32993396014411));
#8260=DIRECTION('',(-0.,-0.,-1.));
#8270=VECTOR('',#8260,1.);
#8280=LINE('',#8250,#8270);
#8290=CARTESIAN_POINT('',(-0.919037383922811,0.149999999999999,
-3.49493396014411));
#8300=VERTEX_POINT('',#8290);
#8310=EDGE_CURVE('',#8220,#8300,#8280,.T.);
#8320=ORIENTED_EDGE('',*,*,#8310,.F.);
#8330=CARTESIAN_POINT('',(-0.919037383922811,0.649999999999997,
-3.49493396014411));
#8340=DIRECTION('',(0.,1.,-0.));
#8350=VECTOR('',#8340,1.);
#8360=LINE('',#8330,#8350);
#8370=CARTESIAN_POINT('',(-0.919037383922811,0.249999999999999,
-3.49493396014411));
#8380=VERTEX_POINT('',#8370);
#8390=EDGE_CURVE('',#8300,#8380,#8360,.T.);
#8400=ORIENTED_EDGE('',*,*,#8390,.F.);
#8410=CARTESIAN_POINT('',(-0.919037383922811,0.249999999999999,
-3.32993396014411));
#8420=DIRECTION('',(-0.,-0.,1.));
#8430=VECTOR('',#8420,1.);
#8440=LINE('',#8410,#8430);
#8450=CARTESIAN_POINT('',(-0.919037383922811,0.249999999999999,
-3.64493396014411));
#8460=VERTEX_POINT('',#8450);
#8470=EDGE_CURVE('',#8460,#8380,#8440,.T.);
#8480=ORIENTED_EDGE('',*,*,#8470,.T.);
#8490=CARTESIAN_POINT('',(-0.919037383922811,0.649999999999997,
-3.64493396014411));
#8500=DIRECTION('',(0.,-1.,-0.));
#8510=VECTOR('',#8500,1.);
#8520=LINE('',#8490,#8510);
#8530=CARTESIAN_POINT('',(-0.919037383922811,0.149999999999999,
-3.64493396014411));
#8540=VERTEX_POINT('',#8530);
#8550=EDGE_CURVE('',#8460,#8540,#8520,.T.);
#8560=ORIENTED_EDGE('',*,*,#8550,.F.);
#8570=CARTESIAN_POINT('',(-0.919037383922811,0.15,-3.32993396014411));
#8580=DIRECTION('',(-0.,-0.,-1.));
#8590=VECTOR('',#8580,1.);
#8600=LINE('',#8570,#8590);
#8610=CARTESIAN_POINT('',(-0.919037383922811,0.149999999999997,
-4.02993396014412));
#8620=VERTEX_POINT('',#8610);
#8630=EDGE_CURVE('',#8540,#8620,#8600,.T.);
#8640=ORIENTED_EDGE('',*,*,#8630,.F.);
#8650=CARTESIAN_POINT('',(-0.919037383922811,0.649999999999997,
-4.02993396014412));
#8660=DIRECTION('',(-0.,1.,0.));
#8670=VECTOR('',#8660,1.);
#8680=LINE('',#8650,#8670);
#8690=CARTESIAN_POINT('',(-0.919037383922811,1.09,-4.02993396014412));
#8700=VERTEX_POINT('',#8690);
#8710=EDGE_CURVE('',#8620,#8700,#8680,.T.);
#8720=ORIENTED_EDGE('',*,*,#8710,.F.);
#8730=CARTESIAN_POINT('',(-0.919037383922811,1.09,-3.32993396014411));
#8740=DIRECTION('',(-0.,-0.,1.));
#8750=VECTOR('',#8740,1.);
#8760=LINE('',#8730,#8750);
#8770=CARTESIAN_POINT('',(-0.919037383922811,1.09,4.09006603985589));
#8780=VERTEX_POINT('',#8770);
#8790=EDGE_CURVE('',#8700,#8780,#8760,.T.);
#8800=ORIENTED_EDGE('',*,*,#8790,.F.);
#8810=CARTESIAN_POINT('',(-0.919037383922811,0.649999999999997,
4.09006603985588));
#8820=DIRECTION('',(-0.,-1.,0.));
#8830=VECTOR('',#8820,1.);
#8840=LINE('',#8810,#8830);
#8850=CARTESIAN_POINT('',(-0.919037383922811,0.149999999999997,
4.09006603985589));
#8860=VERTEX_POINT('',#8850);
#8870=EDGE_CURVE('',#8780,#8860,#8840,.T.);
#8880=ORIENTED_EDGE('',*,*,#8870,.F.);
#8890=CARTESIAN_POINT('',(-0.919037383922811,0.15,-3.32993396014411));
#8900=DIRECTION('',(-0.,-0.,-1.));
#8910=VECTOR('',#8900,1.);
#8920=LINE('',#8890,#8910);
#8930=CARTESIAN_POINT('',(-0.919037383922811,0.149999999999998,
3.70506603985589));
#8940=VERTEX_POINT('',#8930);
#8950=EDGE_CURVE('',#8860,#8940,#8920,.T.);
#8960=ORIENTED_EDGE('',*,*,#8950,.F.);
#8970=CARTESIAN_POINT('',(-0.919037383922811,0.649999999999997,
3.70506603985589));
#8980=DIRECTION('',(0.,1.,-0.));
#8990=VECTOR('',#8980,1.);
#9000=LINE('',#8970,#8990);
#9010=CARTESIAN_POINT('',(-0.919037383922811,0.249999999999998,
3.70506603985589));
#9020=VERTEX_POINT('',#9010);
#9030=EDGE_CURVE('',#8940,#9020,#9000,.T.);
#9040=ORIENTED_EDGE('',*,*,#9030,.F.);
#9050=CARTESIAN_POINT('',(-0.919037383922811,0.249999999999998,
-3.32993396014411));
#9060=DIRECTION('',(-0.,-0.,1.));
#9070=VECTOR('',#9060,1.);
#9080=LINE('',#9050,#9070);
#9090=CARTESIAN_POINT('',(-0.919037383922811,0.249999999999998,
3.55506603985588));
#9100=VERTEX_POINT('',#9090);
#9110=EDGE_CURVE('',#9100,#9020,#9080,.T.);
#9120=ORIENTED_EDGE('',*,*,#9110,.T.);
#9130=CARTESIAN_POINT('',(-0.919037383922811,0.649999999999997,
3.55506603985588));
#9140=DIRECTION('',(0.,-1.,-0.));
#9150=VECTOR('',#9140,1.);
#9160=LINE('',#9130,#9150);
#9170=CARTESIAN_POINT('',(-0.919037383922811,0.149999999999998,
3.55506603985588));
#9180=VERTEX_POINT('',#9170);
#9190=EDGE_CURVE('',#9100,#9180,#9160,.T.);
#9200=ORIENTED_EDGE('',*,*,#9190,.F.);
#9210=CARTESIAN_POINT('',(-0.919037383922811,0.15,-3.32993396014411));
#9220=DIRECTION('',(-0.,-0.,-1.));
#9230=VECTOR('',#9220,1.);
#9240=LINE('',#9210,#9230);
#9250=EDGE_CURVE('',#9180,#2920,#9240,.T.);
#9260=ORIENTED_EDGE('',*,*,#9250,.F.);
#9270=EDGE_LOOP('',(#9260,#9200,#9120,#9040,#8960,#8880,#8800,#8720,
#8640,#8560,#8480,#8400,#8320,#8240,#8160,#8080,#8000,#7920,#7840,#7760,
#7680,#7600,#7520,#7440,#7360,#7280,#7200,#7120,#7040,#6960,#6880,#6800,
#6720,#6640,#6560,#6480,#6400,#6320,#6240,#6160,#6080,#6000,#5920,#5840,
#5760,#5680,#5600,#5520,#5440,#5360,#5280,#5200,#5120,#5040,#4960,#4880,
#4800,#4720,#4640,#4560,#4480,#4400,#4320,#4240,#4160,#4080,#4000,#3920,
#3840,#3760,#3680,#3600,#3520,#3440,#3360,#3280,#3200,#3120,#3040,#2960)
);
#9280=FACE_OUTER_BOUND('',#9270,.T.);
#9290=ADVANCED_FACE('',(#9280),#2860,.T.);
#9300=CARTESIAN_POINT('',(-0.905034233922811,-0.00625315000000193,
3.55506603985588));
#9310=DIRECTION('',(0.,0.,-1.));
#9320=DIRECTION('',(-1.,0.,-0.));
#9330=AXIS2_PLACEMENT_3D('',#9300,#9310,#9320);
#9340=PLANE('',#9330);
#9350=CARTESIAN_POINT('',(0.860962616077189,0.249999999999998,
3.55506603985588));
#9360=DIRECTION('',(-1.,0.,-0.));
#9370=VECTOR('',#9360,1.);
#9380=LINE('',#9350,#9370);
#9390=CARTESIAN_POINT('',(-1.01903738392281,0.249999999999998,
3.55506603985588));
#9400=VERTEX_POINT('',#9390);
#9410=EDGE_CURVE('',#9100,#9400,#9380,.T.);
#9420=ORIENTED_EDGE('',*,*,#9410,.F.);
#9430=CARTESIAN_POINT('',(-1.01903738392281,0.0999999999999928,
3.55506603985588));
#9440=DIRECTION('',(-0.,-0.,1.));
#9450=DIRECTION('',(-1.,0.,0.));
#9460=AXIS2_PLACEMENT_3D('',#9430,#9440,#9450);
#9470=CIRCLE('',#9460,0.150000000000006);
#9480=CARTESIAN_POINT('',(-1.15139032509928,0.170588235294116,
3.55506603985588));
#9490=VERTEX_POINT('',#9480);
#9500=EDGE_CURVE('',#9400,#9490,#9470,.T.);
#9510=ORIENTED_EDGE('',*,*,#9500,.F.);
#9520=CARTESIAN_POINT('',(-0.895704050589474,0.649999999999997,
3.55506603985588));
#9530=DIRECTION('',(-0.470588235294128,-0.882352941176465,-0.));
#9540=VECTOR('',#9530,1.);
#9550=LINE('',#9520,#9540);
#9560=CARTESIAN_POINT('',(-1.17491973686399,0.126470588235292,
3.55506603985588));
#9570=VERTEX_POINT('',#9560);
#9580=EDGE_CURVE('',#9490,#9570,#9550,.T.);
#9590=ORIENTED_EDGE('',*,*,#9580,.F.);
#9600=CARTESIAN_POINT('',(-1.21903738392281,0.149999999999992,
3.55506603985588));
#9610=DIRECTION('',(-0.,-0.,1.));
#9620=DIRECTION('',(-1.,0.,-0.));
#9630=AXIS2_PLACEMENT_3D('',#9600,#9610,#9620);
#9640=CIRCLE('',#9630,0.0499999999999942);
#9650=CARTESIAN_POINT('',(-1.21903738392281,0.099999999999998,
3.55506603985588));
#9660=VERTEX_POINT('',#9650);
#9670=EDGE_CURVE('',#9660,#9570,#9640,.T.);
#9680=ORIENTED_EDGE('',*,*,#9670,.T.);
#9690=CARTESIAN_POINT('',(0.860962616077189,0.099999999999998,
3.55506603985588));
#9700=DIRECTION('',(-1.,0.,-0.));
#9710=VECTOR('',#9700,1.);
#9720=LINE('',#9690,#9710);
#9730=CARTESIAN_POINT('',(-1.47903738392281,0.099999999999998,
3.55506603985588));
#9740=VERTEX_POINT('',#9730);
#9750=EDGE_CURVE('',#9660,#9740,#9720,.T.);
#9760=ORIENTED_EDGE('',*,*,#9750,.F.);
#9770=CARTESIAN_POINT('',(-1.47903738392282,0.649999999999997,
3.55506603985588));
#9780=DIRECTION('',(-0.,-1.,-0.));
#9790=VECTOR('',#9780,1.);
#9800=LINE('',#9770,#9790);
#9810=CARTESIAN_POINT('',(-1.47903738392282,-9.99200722162641E-16,
3.55506603985588));
#9820=VERTEX_POINT('',#9810);
#9830=EDGE_CURVE('',#9740,#9820,#9800,.T.);
#9840=ORIENTED_EDGE('',*,*,#9830,.F.);
#9850=CARTESIAN_POINT('',(0.860962616077189,-9.99200722162641E-16,
3.55506603985588));
#9860=DIRECTION('',(1.,0.,-0.));
#9870=VECTOR('',#9860,1.);
#9880=LINE('',#9850,#9870);
#9890=CARTESIAN_POINT('',(-1.21903738392281,-1.99840144432528E-15,
3.55506603985588));
#9900=VERTEX_POINT('',#9890);
#9910=EDGE_CURVE('',#9820,#9900,#9880,.T.);
#9920=ORIENTED_EDGE('',*,*,#9910,.F.);
#9930=CARTESIAN_POINT('',(-1.21903738392281,0.149999999999993,
3.55506603985588));
#9940=DIRECTION('',(-0.,-0.,1.));
#9950=DIRECTION('',(-1.,0.,0.));
#9960=AXIS2_PLACEMENT_3D('',#9930,#9940,#9950);
#9970=CIRCLE('',#9960,0.149999999999995);
#9980=CARTESIAN_POINT('',(-1.08668444274634,0.0794117647058811,
3.55506603985588));
#9990=VERTEX_POINT('',#9980);
#10000=EDGE_CURVE('',#9900,#9990,#9970,.T.);
#10010=ORIENTED_EDGE('',*,*,#10000,.F.);
#10020=CARTESIAN_POINT('',(-0.782370717256146,0.649999999999997,
3.55506603985588));
#10030=DIRECTION('',(0.470588235294125,0.882352941176467,-0.));
#10040=VECTOR('',#10030,1.);
#10050=LINE('',#10020,#10040);
#10060=CARTESIAN_POINT('',(-1.06315503098164,0.123529411764704,
3.55506603985588));
#10070=VERTEX_POINT('',#10060);
#10080=EDGE_CURVE('',#9990,#10070,#10050,.T.);
#10090=ORIENTED_EDGE('',*,*,#10080,.F.);
#10100=CARTESIAN_POINT('',(-1.01903738392281,0.0999999999999992,
3.55506603985588));
#10110=DIRECTION('',(-0.,-0.,1.));
#10120=DIRECTION('',(-1.,0.,-0.));
#10130=AXIS2_PLACEMENT_3D('',#10100,#10110,#10120);
#10140=CIRCLE('',#10130,0.0499999999999978);
#10150=CARTESIAN_POINT('',(-1.01903738392281,0.149999999999998,
3.55506603985588));
#10160=VERTEX_POINT('',#10150);
#10170=EDGE_CURVE('',#10160,#10070,#10140,.T.);
#10180=ORIENTED_EDGE('',*,*,#10170,.T.);
#10190=CARTESIAN_POINT('',(0.860962616077189,0.15,3.55506603985588));
#10200=DIRECTION('',(1.,0.,-0.));
#10210=VECTOR('',#10200,1.);
#10220=LINE('',#10190,#10210);
#10230=EDGE_CURVE('',#10160,#9180,#10220,.T.);
#10240=ORIENTED_EDGE('',*,*,#10230,.F.);
#10250=ORIENTED_EDGE('',*,*,#9190,.T.);
#10260=EDGE_LOOP('',(#10250,#10240,#10180,#10090,#10010,#9920,#9840,
#9760,#9680,#9590,#9510,#9420));
#10270=FACE_OUTER_BOUND('',#10260,.T.);
#10280=ADVANCED_FACE('',(#10270),#9340,.T.);
#10290=CARTESIAN_POINT('',(-1.02154053392281,0.249999999999998,
3.70881918985588));
#10300=DIRECTION('',(0.,1.,0.));
#10310=DIRECTION('',(1.,-0.,0.));
#10320=AXIS2_PLACEMENT_3D('',#10290,#10300,#10310);
#10330=PLANE('',#10320);
#10340=CARTESIAN_POINT('',(-1.01903738392281,0.249999999999998,
3.70506603985589));
#10350=DIRECTION('',(0.,0.,-1.));
#10360=VECTOR('',#10350,1.);
#10370=LINE('',#10340,#10360);
#10380=CARTESIAN_POINT('',(-1.01903738392281,0.249999999999998,
3.70506603985589));
#10390=VERTEX_POINT('',#10380);
#10400=EDGE_CURVE('',#10390,#9400,#10370,.T.);
#10410=ORIENTED_EDGE('',*,*,#10400,.F.);
#10420=ORIENTED_EDGE('',*,*,#9410,.T.);
#10430=ORIENTED_EDGE('',*,*,#9110,.F.);
#10440=CARTESIAN_POINT('',(0.860962616077189,0.249999999999998,
3.70506603985589));
#10450=DIRECTION('',(1.,0.,-0.));
#10460=VECTOR('',#10450,1.);
#10470=LINE('',#10440,#10460);
#10480=EDGE_CURVE('',#10390,#9020,#10470,.T.);
#10490=ORIENTED_EDGE('',*,*,#10480,.T.);
#10500=EDGE_LOOP('',(#10490,#10430,#10420,#10410));
#10510=FACE_OUTER_BOUND('',#10500,.T.);
#10520=ADVANCED_FACE('',(#10510),#10330,.T.);
#10530=CARTESIAN_POINT('',(-1.01903738392281,0.0999999999999928,
3.70883703985589));
#10540=DIRECTION('',(0.,0.,-1.));
#10550=DIRECTION('',(-1.,0.,-0.));
#10560=AXIS2_PLACEMENT_3D('',#10530,#10540,#10550);
#10570=CYLINDRICAL_SURFACE('',#10560,0.150000000000006);
#10580=CARTESIAN_POINT('',(-1.01903738392281,0.0999999999999928,
3.70506603985589));
#10590=DIRECTION('',(-0.,-0.,1.));
#10600=DIRECTION('',(-1.,0.,0.));
#10610=AXIS2_PLACEMENT_3D('',#10580,#10590,#10600);
#10620=CIRCLE('',#10610,0.150000000000006);
#10630=CARTESIAN_POINT('',(-1.15139032509928,0.170588235294116,
3.70506603985589));
#10640=VERTEX_POINT('',#10630);
#10650=EDGE_CURVE('',#10390,#10640,#10620,.T.);
#10660=ORIENTED_EDGE('',*,*,#10650,.F.);
#10670=CARTESIAN_POINT('',(-1.15139032509928,0.170588235294116,
3.70506603985589));
#10680=DIRECTION('',(0.,0.,-1.));
#10690=VECTOR('',#10680,1.);
#10700=LINE('',#10670,#10690);
#10710=EDGE_CURVE('',#10640,#9490,#10700,.T.);
#10720=ORIENTED_EDGE('',*,*,#10710,.F.);
#10730=ORIENTED_EDGE('',*,*,#9500,.T.);
#10740=ORIENTED_EDGE('',*,*,#10400,.T.);
#10750=EDGE_LOOP('',(#10740,#10730,#10720,#10660));
#10760=FACE_OUTER_BOUND('',#10750,.T.);
#10770=ADVANCED_FACE('',(#10760),#10570,.T.);
#10780=CARTESIAN_POINT('',(-1.49304053392282,-0.00625315000000193,
3.70506603985589));
#10790=DIRECTION('',(0.,0.,1.));
#10800=DIRECTION('',(1.,0.,-0.));
#10810=AXIS2_PLACEMENT_3D('',#10780,#10790,#10800);
#10820=PLANE('',#10810);
#10830=CARTESIAN_POINT('',(0.860962616077189,0.15,3.70506603985589));
#10840=DIRECTION('',(-1.,-0.,-0.));
#10850=VECTOR('',#10840,1.);
#10860=LINE('',#10830,#10850);
#10870=CARTESIAN_POINT('',(-1.01903738392281,0.149999999999998,
3.70506603985589));
#10880=VERTEX_POINT('',#10870);
#10890=EDGE_CURVE('',#8940,#10880,#10860,.T.);
#10900=ORIENTED_EDGE('',*,*,#10890,.F.);
#10910=CARTESIAN_POINT('',(-1.01903738392281,0.0999999999999992,
3.70506603985589));
#10920=DIRECTION('',(-0.,-0.,1.));
#10930=DIRECTION('',(-1.,0.,-0.));
#10940=AXIS2_PLACEMENT_3D('',#10910,#10920,#10930);
#10950=CIRCLE('',#10940,0.0499999999999978);
#10960=CARTESIAN_POINT('',(-1.06315503098164,0.123529411764704,
3.70506603985589));
#10970=VERTEX_POINT('',#10960);
#10980=EDGE_CURVE('',#10880,#10970,#10950,.T.);
#10990=ORIENTED_EDGE('',*,*,#10980,.F.);
#11000=CARTESIAN_POINT('',(-0.782370717256146,0.649999999999997,
3.70506603985589));
#11010=DIRECTION('',(-0.470588235294125,-0.882352941176467,-0.));
#11020=VECTOR('',#11010,1.);
#11030=LINE('',#11000,#11020);
#11040=CARTESIAN_POINT('',(-1.08668444274634,0.0794117647058801,
3.70506603985589));
#11050=VERTEX_POINT('',#11040);
#11060=EDGE_CURVE('',#10970,#11050,#11030,.T.);
#11070=ORIENTED_EDGE('',*,*,#11060,.F.);
#11080=CARTESIAN_POINT('',(-1.21903738392281,0.149999999999993,
3.70506603985589));
#11090=DIRECTION('',(-0.,-0.,1.));
#11100=DIRECTION('',(-1.,0.,0.));
#11110=AXIS2_PLACEMENT_3D('',#11080,#11090,#11100);
#11120=CIRCLE('',#11110,0.149999999999995);
#11130=CARTESIAN_POINT('',(-1.21903738392281,-9.99200722162641E-16,
3.70506603985589));
#11140=VERTEX_POINT('',#11130);
#11150=EDGE_CURVE('',#11140,#11050,#11120,.T.);
#11160=ORIENTED_EDGE('',*,*,#11150,.T.);
#11170=CARTESIAN_POINT('',(0.860962616077189,-9.99200722162641E-16,
3.70506603985589));
#11180=DIRECTION('',(-1.,-0.,-0.));
#11190=VECTOR('',#11180,1.);
#11200=LINE('',#11170,#11190);
#11210=CARTESIAN_POINT('',(-1.47903738392282,-9.99200722162641E-16,
3.70506603985589));
#11220=VERTEX_POINT('',#11210);
#11230=EDGE_CURVE('',#11140,#11220,#11200,.T.);
#11240=ORIENTED_EDGE('',*,*,#11230,.F.);
#11250=CARTESIAN_POINT('',(-1.47903738392282,0.649999999999997,
3.70506603985589));
#11260=DIRECTION('',(0.,1.,-0.));
#11270=VECTOR('',#11260,1.);
#11280=LINE('',#11250,#11270);
#11290=CARTESIAN_POINT('',(-1.47903738392281,0.099999999999998,
3.70506603985589));
#11300=VERTEX_POINT('',#11290);
#11310=EDGE_CURVE('',#11220,#11300,#11280,.T.);
#11320=ORIENTED_EDGE('',*,*,#11310,.F.);
#11330=CARTESIAN_POINT('',(0.860962616077189,0.099999999999998,
3.70506603985589));
#11340=DIRECTION('',(1.,-0.,-0.));
#11350=VECTOR('',#11340,1.);
#11360=LINE('',#11330,#11350);
#11370=CARTESIAN_POINT('',(-1.21903738392281,0.099999999999998,
3.70506603985589));
#11380=VERTEX_POINT('',#11370);
#11390=EDGE_CURVE('',#11300,#11380,#11360,.T.);
#11400=ORIENTED_EDGE('',*,*,#11390,.F.);
#11410=CARTESIAN_POINT('',(-1.21903738392281,0.149999999999992,
3.70506603985589));
#11420=DIRECTION('',(-0.,-0.,1.));
#11430=DIRECTION('',(-1.,0.,-0.));
#11440=AXIS2_PLACEMENT_3D('',#11410,#11420,#11430);
#11450=CIRCLE('',#11440,0.0499999999999942);
#11460=CARTESIAN_POINT('',(-1.17491973686399,0.126470588235292,
3.70506603985589));
#11470=VERTEX_POINT('',#11460);
#11480=EDGE_CURVE('',#11380,#11470,#11450,.T.);
#11490=ORIENTED_EDGE('',*,*,#11480,.F.);
#11500=CARTESIAN_POINT('',(-0.895704050589474,0.649999999999997,
3.70506603985589));
#11510=DIRECTION('',(0.470588235294128,0.882352941176465,-0.));
#11520=VECTOR('',#11510,1.);
#11530=LINE('',#11500,#11520);
#11540=EDGE_CURVE('',#11470,#10640,#11530,.T.);
#11550=ORIENTED_EDGE('',*,*,#11540,.F.);
#11560=ORIENTED_EDGE('',*,*,#10650,.T.);
#11570=ORIENTED_EDGE('',*,*,#10480,.F.);
#11580=ORIENTED_EDGE('',*,*,#9030,.T.);
#11590=EDGE_LOOP('',(#11580,#11570,#11560,#11550,#11490,#11400,#11320,
#11240,#11160,#11070,#10990,#10900));
#11600=FACE_OUTER_BOUND('',#11590,.T.);
#11610=ADVANCED_FACE('',(#11600),#10820,.T.);
#11620=CARTESIAN_POINT('',(-1.01903738392281,0.0999999999999992,
3.70887903985589));
#11630=DIRECTION('',(0.,0.,-1.));
#11640=DIRECTION('',(-1.,0.,-0.));
#11650=AXIS2_PLACEMENT_3D('',#11620,#11630,#11640);
#11660=CYLINDRICAL_SURFACE('',#11650,0.0499999999999978);
#11670=ORIENTED_EDGE('',*,*,#10170,.F.);
#11680=CARTESIAN_POINT('',(-1.06315503098164,0.123529411764704,
3.70506603985589));
#11690=DIRECTION('',(0.,0.,-1.));
#11700=VECTOR('',#11690,1.);
#11710=LINE('',#11680,#11700);
#11720=EDGE_CURVE('',#10970,#10070,#11710,.T.);
#11730=ORIENTED_EDGE('',*,*,#11720,.T.);
#11740=ORIENTED_EDGE('',*,*,#10980,.T.);
#11750=CARTESIAN_POINT('',(-1.01903738392281,0.149999999999998,
3.70506603985589));
#11760=DIRECTION('',(0.,0.,-1.));
#11770=VECTOR('',#11760,1.);
#11780=LINE('',#11750,#11770);
#11790=EDGE_CURVE('',#10880,#10160,#11780,.T.);
#11800=ORIENTED_EDGE('',*,*,#11790,.F.);
#11810=EDGE_LOOP('',(#11800,#11740,#11730,#11670));
#11820=FACE_OUTER_BOUND('',#11810,.T.);
#11830=ADVANCED_FACE('',(#11820),#11660,.F.);
#11840=CARTESIAN_POINT('',(-1.49304053392282,-0.00625315000000193,
3.30506603985588));
#11850=DIRECTION('',(0.,0.,1.));
#11860=DIRECTION('',(1.,0.,-0.));
#11870=AXIS2_PLACEMENT_3D('',#11840,#11850,#11860);
#11880=PLANE('',#11870);
#11890=CARTESIAN_POINT('',(0.860962616077189,0.15,3.30506603985588));
#11900=DIRECTION('',(-1.,-0.,-0.));
#11910=VECTOR('',#11900,1.);
#11920=LINE('',#11890,#11910);
#11930=CARTESIAN_POINT('',(-1.01903738392281,0.149999999999998,
3.30506603985588));
#11940=VERTEX_POINT('',#11930);
#11950=EDGE_CURVE('',#2920,#11940,#11920,.T.);
#11960=ORIENTED_EDGE('',*,*,#11950,.F.);
#11970=CARTESIAN_POINT('',(-1.01903738392281,0.0999999999999984,
3.30506603985588));
#11980=DIRECTION('',(-0.,-0.,1.));
#11990=DIRECTION('',(-1.,0.,-0.));
#12000=AXIS2_PLACEMENT_3D('',#11970,#11980,#11990);
#12010=CIRCLE('',#12000,0.0499999999999992);
#12020=CARTESIAN_POINT('',(-1.06315503098164,0.123529411764704,
3.30506603985588));
#12030=VERTEX_POINT('',#12020);
#12040=EDGE_CURVE('',#11940,#12030,#12010,.T.);
#12050=ORIENTED_EDGE('',*,*,#12040,.F.);
#12060=CARTESIAN_POINT('',(-0.782370717256146,0.649999999999997,
3.30506603985588));
#12070=DIRECTION('',(-0.470588235294125,-0.882352941176467,-0.));
#12080=VECTOR('',#12070,1.);
#12090=LINE('',#12060,#12080);
#12100=CARTESIAN_POINT('',(-1.08668444274634,0.0794117647058801,
3.30506603985588));
#12110=VERTEX_POINT('',#12100);
#12120=EDGE_CURVE('',#12030,#12110,#12090,.T.);
#12130=ORIENTED_EDGE('',*,*,#12120,.F.);
#12140=CARTESIAN_POINT('',(-1.21903738392281,0.149999999999997,
3.30506603985588));
#12150=DIRECTION('',(-0.,-0.,1.));
#12160=DIRECTION('',(-1.,0.,0.));
#12170=AXIS2_PLACEMENT_3D('',#12140,#12150,#12160);
#12180=CIRCLE('',#12170,0.149999999999999);
#12190=CARTESIAN_POINT('',(-1.21903738392281,-9.99200722162641E-16,
3.30506603985588));
#12200=VERTEX_POINT('',#12190);
#12210=EDGE_CURVE('',#12200,#12110,#12180,.T.);
#12220=ORIENTED_EDGE('',*,*,#12210,.T.);
#12230=CARTESIAN_POINT('',(0.860962616077189,-9.99200722162641E-16,
3.30506603985588));
#12240=DIRECTION('',(-1.,-0.,-0.));
#12250=VECTOR('',#12240,1.);
#12260=LINE('',#12230,#12250);
#12270=CARTESIAN_POINT('',(-1.47903738392282,-9.99200722162641E-16,
3.30506603985588));
#12280=VERTEX_POINT('',#12270);
#12290=EDGE_CURVE('',#12200,#12280,#12260,.T.);
#12300=ORIENTED_EDGE('',*,*,#12290,.F.);
#12310=CARTESIAN_POINT('',(-1.47903738392282,0.649999999999997,
3.30506603985588));
#12320=DIRECTION('',(0.,1.,-0.));
#12330=VECTOR('',#12320,1.);
#12340=LINE('',#12310,#12330);
#12350=CARTESIAN_POINT('',(-1.47903738392281,0.099999999999998,
3.30506603985588));
#12360=VERTEX_POINT('',#12350);
#12370=EDGE_CURVE('',#12280,#12360,#12340,.T.);
#12380=ORIENTED_EDGE('',*,*,#12370,.F.);
#12390=CARTESIAN_POINT('',(0.860962616077189,0.099999999999998,
3.30506603985588));
#12400=DIRECTION('',(1.,-0.,-0.));
#12410=VECTOR('',#12400,1.);
#12420=LINE('',#12390,#12410);
#12430=CARTESIAN_POINT('',(-1.21903738392281,0.099999999999998,
3.30506603985588));
#12440=VERTEX_POINT('',#12430);
#12450=EDGE_CURVE('',#12360,#12440,#12420,.T.);
#12460=ORIENTED_EDGE('',*,*,#12450,.F.);
#12470=CARTESIAN_POINT('',(-1.21903738392281,0.149999999999998,
3.30506603985588));
#12480=DIRECTION('',(-0.,-0.,1.));
#12490=DIRECTION('',(-1.,0.,-0.));
#12500=AXIS2_PLACEMENT_3D('',#12470,#12480,#12490);
#12510=CIRCLE('',#12500,0.0499999999999996);
#12520=CARTESIAN_POINT('',(-1.17491973686399,0.126470588235292,
3.30506603985588));
#12530=VERTEX_POINT('',#12520);
#12540=EDGE_CURVE('',#12440,#12530,#12510,.T.);
#12550=ORIENTED_EDGE('',*,*,#12540,.F.);
#12560=CARTESIAN_POINT('',(-0.895704050589474,0.649999999999997,
3.30506603985588));
#12570=DIRECTION('',(0.470588235294128,0.882352941176465,-0.));
#12580=VECTOR('',#12570,1.);
#12590=LINE('',#12560,#12580);
#12600=CARTESIAN_POINT('',(-1.15139032509928,0.170588235294116,
3.30506603985588));
#12610=VERTEX_POINT('',#12600);
#12620=EDGE_CURVE('',#12530,#12610,#12590,.T.);
#12630=ORIENTED_EDGE('',*,*,#12620,.F.);
#12640=CARTESIAN_POINT('',(-1.01903738392281,0.0999999999999928,
3.30506603985588));
#12650=DIRECTION('',(-0.,-0.,1.));
#12660=DIRECTION('',(-1.,0.,0.));
#12670=AXIS2_PLACEMENT_3D('',#12640,#12650,#12660);
#12680=CIRCLE('',#12670,0.150000000000006);
#12690=CARTESIAN_POINT('',(-1.01903738392281,0.249999999999998,
3.30506603985588));
#12700=VERTEX_POINT('',#12690);
#12710=EDGE_CURVE('',#12700,#12610,#12680,.T.);
#12720=ORIENTED_EDGE('',*,*,#12710,.T.);
#12730=CARTESIAN_POINT('',(0.860962616077189,0.249999999999998,
3.30506603985588));
#12740=DIRECTION('',(1.,-0.,-0.));
#12750=VECTOR('',#12740,1.);
#12760=LINE('',#12730,#12750);
#12770=EDGE_CURVE('',#12700,#2940,#12760,.T.);
#12780=ORIENTED_EDGE('',*,*,#12770,.F.);
#12790=ORIENTED_EDGE('',*,*,#2950,.T.);
#12800=EDGE_LOOP('',(#12790,#12780,#12720,#12630,#12550,#12460,#12380,
#12300,#12220,#12130,#12050,#11960));
#12810=FACE_OUTER_BOUND('',#12800,.T.);
#12820=ADVANCED_FACE('',(#12810),#11880,.T.);
#12830=CARTESIAN_POINT('',(-1.21253423392281,-9.99200722162641E-16,
3.30881918985588));
#12840=DIRECTION('',(0.,-1.,0.));
#12850=DIRECTION('',(-1.,-0.,0.));
#12860=AXIS2_PLACEMENT_3D('',#12830,#12840,#12850);
#12870=PLANE('',#12860);
#12880=ORIENTED_EDGE('',*,*,#12290,.T.);
#12890=CARTESIAN_POINT('',(-1.21903738392281,-1.99840144432528E-15,
3.30506603985588));
#12900=DIRECTION('',(0.,0.,-1.));
#12910=VECTOR('',#12900,1.);
#12920=LINE('',#12890,#12910);
#12930=CARTESIAN_POINT('',(-1.21903738392281,-1.99840144432528E-15,
3.15506603985589));
#12940=VERTEX_POINT('',#12930);
#12950=EDGE_CURVE('',#12200,#12940,#12920,.T.);
#12960=ORIENTED_EDGE('',*,*,#12950,.F.);
#12970=CARTESIAN_POINT('',(0.860962616077189,-9.99200722162641E-16,
3.15506603985589));
#12980=DIRECTION('',(1.,0.,0.));
#12990=VECTOR('',#12980,1.);
#13000=LINE('',#12970,#12990);
#13010=CARTESIAN_POINT('',(-1.47903738392282,-9.99200722162641E-16,
3.15506603985589));
#13020=VERTEX_POINT('',#13010);
#13030=EDGE_CURVE('',#13020,#12940,#13000,.T.);
#13040=ORIENTED_EDGE('',*,*,#13030,.T.);
#13050=CARTESIAN_POINT('',(-1.47903738392282,-9.99200722162641E-16,
-3.32993396014411));
#13060=DIRECTION('',(-0.,0.,-1.));
#13070=VECTOR('',#13060,1.);
#13080=LINE('',#13050,#13070);
#13090=EDGE_CURVE('',#12280,#13020,#13080,.T.);
#13100=ORIENTED_EDGE('',*,*,#13090,.T.);
#13110=EDGE_LOOP('',(#13100,#13040,#12960,#12880));
#13120=FACE_OUTER_BOUND('',#13110,.T.);
#13130=ADVANCED_FACE('',(#13120),#12870,.T.);
#13140=CARTESIAN_POINT('',(-1.47903738392282,-0.00250315000000101,
3.30881918985588));
#13150=DIRECTION('',(-1.,0.,0.));
#13160=DIRECTION('',(0.,1.,0.));
#13170=AXIS2_PLACEMENT_3D('',#13140,#13150,#13160);
#13180=PLANE('',#13170);
#13190=CARTESIAN_POINT('',(-1.47903738392282,0.099999999999998,
-3.32993396014411));
#13200=DIRECTION('',(-0.,-0.,1.));
#13210=VECTOR('',#13200,1.);
#13220=LINE('',#13190,#13210);
#13230=CARTESIAN_POINT('',(-1.47903738392281,0.099999999999998,
3.15506603985589));
#13240=VERTEX_POINT('',#13230);
#13250=EDGE_CURVE('',#13240,#12360,#13220,.T.);
#13260=ORIENTED_EDGE('',*,*,#13250,.F.);
#13270=ORIENTED_EDGE('',*,*,#12370,.T.);
#13280=ORIENTED_EDGE('',*,*,#13090,.F.);
#13290=CARTESIAN_POINT('',(-1.47903738392282,0.649999999999997,
3.15506603985589));
#13300=DIRECTION('',(0.,-1.,-0.));
#13310=VECTOR('',#13300,1.);
#13320=LINE('',#13290,#13310);
#13330=EDGE_CURVE('',#13240,#13020,#13320,.T.);
#13340=ORIENTED_EDGE('',*,*,#13330,.T.);
#13350=EDGE_LOOP('',(#13340,#13280,#13270,#13260));
#13360=FACE_OUTER_BOUND('',#13350,.T.);
#13370=ADVANCED_FACE('',(#13360),#13180,.T.);
#13380=CARTESIAN_POINT('',(-1.48554053392281,0.099999999999998,
3.30881918985588));
#13390=DIRECTION('',(0.,1.,0.));
#13400=DIRECTION('',(1.,-0.,0.));
#13410=AXIS2_PLACEMENT_3D('',#13380,#13390,#13400);
#13420=PLANE('',#13410);
#13430=ORIENTED_EDGE('',*,*,#13250,.T.);
#13440=CARTESIAN_POINT('',(0.860962616077189,0.099999999999998,
3.15506603985589));
#13450=DIRECTION('',(-1.,0.,-0.));
#13460=VECTOR('',#13450,1.);
#13470=LINE('',#13440,#13460);
#13480=CARTESIAN_POINT('',(-1.21903738392281,0.099999999999998,
3.15506603985589));
#13490=VERTEX_POINT('',#13480);
#13500=EDGE_CURVE('',#13490,#13240,#13470,.T.);
#13510=ORIENTED_EDGE('',*,*,#13500,.T.);
#13520=CARTESIAN_POINT('',(-1.21903738392281,0.099999999999998,
3.30506603985588));
#13530=DIRECTION('',(0.,0.,-1.));
#13540=VECTOR('',#13530,1.);
#13550=LINE('',#13520,#13540);
#13560=EDGE_CURVE('',#12440,#13490,#13550,.T.);
#13570=ORIENTED_EDGE('',*,*,#13560,.T.);
#13580=ORIENTED_EDGE('',*,*,#12450,.T.);
#13590=EDGE_LOOP('',(#13580,#13570,#13510,#13430));
#13600=FACE_OUTER_BOUND('',#13590,.T.);
#13610=ADVANCED_FACE('',(#13600),#13420,.T.);
#13620=CARTESIAN_POINT('',(-1.21903738392281,0.149999999999998,
3.30887903985589));
#13630=DIRECTION('',(0.,0.,-1.));
#13640=DIRECTION('',(-1.,0.,-0.));
#13650=AXIS2_PLACEMENT_3D('',#13620,#13630,#13640);
#13660=CYLINDRICAL_SURFACE('',#13650,0.0499999999999996);
#13670=CARTESIAN_POINT('',(-1.21903738392281,0.149999999999998,
3.15506603985589));
#13680=DIRECTION('',(-0.,-0.,1.));
#13690=DIRECTION('',(-1.,0.,-0.));
#13700=AXIS2_PLACEMENT_3D('',#13670,#13680,#13690);
#13710=CIRCLE('',#13700,0.0499999999999996);
#13720=CARTESIAN_POINT('',(-1.17491973686399,0.126470588235292,
3.15506603985589));
#13730=VERTEX_POINT('',#13720);
#13740=EDGE_CURVE('',#13490,#13730,#13710,.T.);
#13750=ORIENTED_EDGE('',*,*,#13740,.F.);
#13760=CARTESIAN_POINT('',(-1.17491973686399,0.126470588235292,
3.30506603985588));
#13770=DIRECTION('',(0.,0.,-1.));
#13780=VECTOR('',#13770,1.);
#13790=LINE('',#13760,#13780);
#13800=EDGE_CURVE('',#12530,#13730,#13790,.T.);
#13810=ORIENTED_EDGE('',*,*,#13800,.T.);
#13820=ORIENTED_EDGE('',*,*,#12540,.T.);
#13830=ORIENTED_EDGE('',*,*,#13560,.F.);
#13840=EDGE_LOOP('',(#13830,#13820,#13810,#13750));
#13850=FACE_OUTER_BOUND('',#13840,.T.);
#13860=ADVANCED_FACE('',(#13850),#13660,.F.);
#13870=CARTESIAN_POINT('',(-1.17550945451105,0.125364867647057,
3.30881918985588));
#13880=DIRECTION('',(-0.882352941176465,0.470588235294128,0.));
#13890=DIRECTION('',(0.470588235294128,0.882352941176465,0.));
#13900=AXIS2_PLACEMENT_3D('',#13870,#13880,#13890);
#13910=PLANE('',#13900);
#13920=ORIENTED_EDGE('',*,*,#13800,.F.);
#13930=CARTESIAN_POINT('',(-0.895704050589474,0.649999999999997,
3.15506603985589));
#13940=DIRECTION('',(-0.470588235294128,-0.882352941176465,0.));
#13950=VECTOR('',#13940,1.);
#13960=LINE('',#13930,#13950);
#13970=CARTESIAN_POINT('',(-1.15139032509928,0.170588235294116,
3.15506603985589));
#13980=VERTEX_POINT('',#13970);
#13990=EDGE_CURVE('',#13980,#13730,#13960,.T.);
#14000=ORIENTED_EDGE('',*,*,#13990,.T.);
#14010=CARTESIAN_POINT('',(-1.15139032509928,0.170588235294116,
3.30506603985588));
#14020=DIRECTION('',(0.,0.,-1.));
#14030=VECTOR('',#14020,1.);
#14040=LINE('',#14010,#14030);
#14050=EDGE_CURVE('',#12610,#13980,#14040,.T.);
#14060=ORIENTED_EDGE('',*,*,#14050,.T.);
#14070=ORIENTED_EDGE('',*,*,#12620,.T.);
#14080=EDGE_LOOP('',(#14070,#14060,#14000,#13920));
#14090=FACE_OUTER_BOUND('',#14080,.T.);
#14100=ADVANCED_FACE('',(#14090),#13910,.T.);
#14110=CARTESIAN_POINT('',(-1.01903738392281,0.0999999999999928,
3.30883703985589));
#14120=DIRECTION('',(0.,0.,-1.));
#14130=DIRECTION('',(-1.,0.,-0.));
#14140=AXIS2_PLACEMENT_3D('',#14110,#14120,#14130);
#14150=CYLINDRICAL_SURFACE('',#14140,0.150000000000006);
#14160=ORIENTED_EDGE('',*,*,#12710,.F.);
#14170=ORIENTED_EDGE('',*,*,#14050,.F.);
#14180=CARTESIAN_POINT('',(-1.01903738392281,0.0999999999999928,
3.15506603985589));
#14190=DIRECTION('',(-0.,-0.,1.));
#14200=DIRECTION('',(-1.,0.,0.));
#14210=AXIS2_PLACEMENT_3D('',#14180,#14190,#14200);
#14220=CIRCLE('',#14210,0.150000000000006);
#14230=CARTESIAN_POINT('',(-1.01903738392281,0.249999999999998,
3.15506603985589));
#14240=VERTEX_POINT('',#14230);
#14250=EDGE_CURVE('',#14240,#13980,#14220,.T.);
#14260=ORIENTED_EDGE('',*,*,#14250,.T.);
#14270=CARTESIAN_POINT('',(-1.01903738392281,0.249999999999998,
3.30506603985588));
#14280=DIRECTION('',(0.,0.,-1.));
#14290=VECTOR('',#14280,1.);
#14300=LINE('',#14270,#14290);
#14310=EDGE_CURVE('',#12700,#14240,#14300,.T.);
#14320=ORIENTED_EDGE('',*,*,#14310,.T.);
#14330=EDGE_LOOP('',(#14320,#14260,#14170,#14160));
#14340=FACE_OUTER_BOUND('',#14330,.T.);
#14350=ADVANCED_FACE('',(#14340),#14150,.T.);
#14360=CARTESIAN_POINT('',(-1.21903738392281,0.149999999999997,
3.30883703985589));
#14370=DIRECTION('',(0.,0.,-1.));
#14380=DIRECTION('',(-1.,0.,-0.));
#14390=AXIS2_PLACEMENT_3D('',#14360,#14370,#14380);
#14400=CYLINDRICAL_SURFACE('',#14390,0.149999999999999);
#14410=ORIENTED_EDGE('',*,*,#12210,.F.);
#14420=CARTESIAN_POINT('',(-1.08668444274634,0.0794117647058801,
3.30506603985588));
#14430=DIRECTION('',(0.,0.,-1.));
#14440=VECTOR('',#14430,1.);
#14450=LINE('',#14420,#14440);
#14460=CARTESIAN_POINT('',(-1.08668444274634,0.0794117647058811,
3.15506603985589));
#14470=VERTEX_POINT('',#14460);
#14480=EDGE_CURVE('',#12110,#14470,#14450,.T.);
#14490=ORIENTED_EDGE('',*,*,#14480,.F.);
#14500=CARTESIAN_POINT('',(-1.21903738392281,0.149999999999997,
3.15506603985589));
#14510=DIRECTION('',(-0.,-0.,1.));
#14520=DIRECTION('',(-1.,0.,0.));
#14530=AXIS2_PLACEMENT_3D('',#14500,#14510,#14520);
#14540=CIRCLE('',#14530,0.149999999999999);
#14550=EDGE_CURVE('',#12940,#14470,#14540,.T.);
#14560=ORIENTED_EDGE('',*,*,#14550,.T.);
#14570=ORIENTED_EDGE('',*,*,#12950,.T.);
#14580=EDGE_LOOP('',(#14570,#14560,#14490,#14410));
#14590=FACE_OUTER_BOUND('',#14580,.T.);
#14600=ADVANCED_FACE('',(#14590),#14400,.T.);
#14610=CARTESIAN_POINT('',(-0.905034233922811,-0.00625315000000193,
3.15506603985589));
#14620=DIRECTION('',(0.,0.,-1.));
#14630=DIRECTION('',(-1.,0.,-0.));
#14640=AXIS2_PLACEMENT_3D('',#14610,#14620,#14630);
#14650=PLANE('',#14640);
#14660=CARTESIAN_POINT('',(0.860962616077189,0.249999999999998,
3.15506603985589));
#14670=DIRECTION('',(-1.,0.,-0.));
#14680=VECTOR('',#14670,1.);
#14690=LINE('',#14660,#14680);
#14700=EDGE_CURVE('',#3020,#14240,#14690,.T.);
#14710=ORIENTED_EDGE('',*,*,#14700,.F.);
#14720=ORIENTED_EDGE('',*,*,#14250,.F.);
#14730=ORIENTED_EDGE('',*,*,#13990,.F.);
#14740=ORIENTED_EDGE('',*,*,#13740,.T.);
#14750=ORIENTED_EDGE('',*,*,#13500,.F.);
#14760=ORIENTED_EDGE('',*,*,#13330,.F.);
#14770=ORIENTED_EDGE('',*,*,#13030,.F.);
#14780=ORIENTED_EDGE('',*,*,#14550,.F.);
#14790=CARTESIAN_POINT('',(-0.782370717256146,0.649999999999997,
3.15506603985589));
#14800=DIRECTION('',(0.470588235294125,0.882352941176467,-0.));
#14810=VECTOR('',#14800,1.);
#14820=LINE('',#14790,#14810);
#14830=CARTESIAN_POINT('',(-1.06315503098164,0.123529411764704,
3.15506603985589));
#14840=VERTEX_POINT('',#14830);
#14850=EDGE_CURVE('',#14470,#14840,#14820,.T.);
#14860=ORIENTED_EDGE('',*,*,#14850,.F.);
#14870=CARTESIAN_POINT('',(-1.01903738392281,0.0999999999999984,
3.15506603985589));
#14880=DIRECTION('',(-0.,-0.,1.));
#14890=DIRECTION('',(-1.,0.,-0.));
#14900=AXIS2_PLACEMENT_3D('',#14870,#14880,#14890);
#14910=CIRCLE('',#14900,0.0499999999999992);
#14920=CARTESIAN_POINT('',(-1.01903738392281,0.149999999999998,
3.15506603985589));
#14930=VERTEX_POINT('',#14920);
#14940=EDGE_CURVE('',#14930,#14840,#14910,.T.);
#14950=ORIENTED_EDGE('',*,*,#14940,.T.);
#14960=CARTESIAN_POINT('',(0.860962616077189,0.15,3.15506603985589));
#14970=DIRECTION('',(1.,0.,-0.));
#14980=VECTOR('',#14970,1.);
#14990=LINE('',#14960,#14980);
#15000=EDGE_CURVE('',#14930,#3100,#14990,.T.);
#15010=ORIENTED_EDGE('',*,*,#15000,.F.);
#15020=ORIENTED_EDGE('',*,*,#3110,.T.);
#15030=EDGE_LOOP('',(#15020,#15010,#14950,#14860,#14780,#14770,#14760,
#14750,#14740,#14730,#14720,#14710));
#15040=FACE_OUTER_BOUND('',#15030,.T.);
#15050=ADVANCED_FACE('',(#15040),#14650,.T.);
#15060=CARTESIAN_POINT('',(-1.49304053392282,-0.00625315000000093,
2.90506603985589));
#15070=DIRECTION('',(0.,0.,1.));
#15080=DIRECTION('',(1.,0.,-0.));
#15090=AXIS2_PLACEMENT_3D('',#15060,#15070,#15080);
#15100=PLANE('',#15090);
#15110=CARTESIAN_POINT('',(0.860962616077189,0.15,2.90506603985589));
#15120=DIRECTION('',(-1.,-0.,-0.));
#15130=VECTOR('',#15120,1.);
#15140=LINE('',#15110,#15130);
#15150=CARTESIAN_POINT('',(-1.01903738392281,0.149999999999999,
2.90506603985589));
#15160=VERTEX_POINT('',#15150);
#15170=EDGE_CURVE('',#3180,#15160,#15140,.T.);
#15180=ORIENTED_EDGE('',*,*,#15170,.F.);
#15190=CARTESIAN_POINT('',(-1.01903738392281,0.1,2.90506603985589));
#15200=DIRECTION('',(-0.,-0.,1.));
#15210=DIRECTION('',(-1.,0.,-0.));
#15220=AXIS2_PLACEMENT_3D('',#15190,#15200,#15210);
#15230=CIRCLE('',#15220,0.0499999999999978);
#15240=CARTESIAN_POINT('',(-1.06315503098164,0.123529411764704,
2.90506603985589));
#15250=VERTEX_POINT('',#15240);
#15260=EDGE_CURVE('',#15160,#15250,#15230,.T.);
#15270=ORIENTED_EDGE('',*,*,#15260,.F.);
#15280=CARTESIAN_POINT('',(-0.78237071725615,0.649999999999997,
2.90506603985589));
#15290=DIRECTION('',(-0.470588235294119,-0.88235294117647,-0.));
#15300=VECTOR('',#15290,1.);
#15310=LINE('',#15280,#15300);
#15320=CARTESIAN_POINT('',(-1.08668444274634,0.0794117647058811,
2.90506603985589));
#15330=VERTEX_POINT('',#15320);
#15340=EDGE_CURVE('',#15250,#15330,#15310,.T.);
#15350=ORIENTED_EDGE('',*,*,#15340,.F.);
#15360=CARTESIAN_POINT('',(-1.21903738392281,0.149999999999999,
2.90506603985589));
#15370=DIRECTION('',(-0.,-0.,1.));
#15380=DIRECTION('',(-1.,0.,0.));
#15390=AXIS2_PLACEMENT_3D('',#15360,#15370,#15380);
#15400=CIRCLE('',#15390,0.149999999999999);
#15410=CARTESIAN_POINT('',(-1.21903738392281,-9.99200722162641E-16,
2.90506603985589));
#15420=VERTEX_POINT('',#15410);
#15430=EDGE_CURVE('',#15420,#15330,#15400,.T.);
#15440=ORIENTED_EDGE('',*,*,#15430,.T.);
#15450=CARTESIAN_POINT('',(0.860962616077189,-9.99200722162641E-16,
2.90506603985589));
#15460=DIRECTION('',(-1.,-0.,-0.));
#15470=VECTOR('',#15460,1.);
#15480=LINE('',#15450,#15470);
#15490=CARTESIAN_POINT('',(-1.47903738392282,-9.99200722162641E-16,
2.90506603985589));
#15500=VERTEX_POINT('',#15490);
#15510=EDGE_CURVE('',#15420,#15500,#15480,.T.);
#15520=ORIENTED_EDGE('',*,*,#15510,.F.);
#15530=CARTESIAN_POINT('',(-1.47903738392282,0.649999999999997,
2.90506603985589));
#15540=DIRECTION('',(0.,1.,-0.));
#15550=VECTOR('',#15540,1.);
#15560=LINE('',#15530,#15550);
#15570=CARTESIAN_POINT('',(-1.47903738392281,0.099999999999999,
2.90506603985589));
#15580=VERTEX_POINT('',#15570);
#15590=EDGE_CURVE('',#15500,#15580,#15560,.T.);
#15600=ORIENTED_EDGE('',*,*,#15590,.F.);
#15610=CARTESIAN_POINT('',(0.860962616077189,0.099999999999999,
2.90506603985589));
#15620=DIRECTION('',(1.,-0.,-0.));
#15630=VECTOR('',#15620,1.);
#15640=LINE('',#15610,#15630);
#15650=CARTESIAN_POINT('',(-1.21903738392281,0.099999999999999,
2.90506603985589));
#15660=VERTEX_POINT('',#15650);
#15670=EDGE_CURVE('',#15580,#15660,#15640,.T.);
#15680=ORIENTED_EDGE('',*,*,#15670,.F.);
#15690=CARTESIAN_POINT('',(-1.21903738392281,0.149999999999996,
2.90506603985589));
#15700=DIRECTION('',(-0.,-0.,1.));
#15710=DIRECTION('',(-1.,0.,-0.));
#15720=AXIS2_PLACEMENT_3D('',#15690,#15700,#15710);
#15730=CIRCLE('',#15720,0.0499999999999966);
#15740=CARTESIAN_POINT('',(-1.17491973686399,0.126470588235293,
2.90506603985589));
#15750=VERTEX_POINT('',#15740);
#15760=EDGE_CURVE('',#15660,#15750,#15730,.T.);
#15770=ORIENTED_EDGE('',*,*,#15760,.F.);
#15780=CARTESIAN_POINT('',(-0.895704050589468,0.649999999999997,
2.90506603985589));
#15790=DIRECTION('',(0.470588235294136,0.882352941176461,-0.));
#15800=VECTOR('',#15790,1.);
#15810=LINE('',#15780,#15800);
#15820=CARTESIAN_POINT('',(-1.15139032509928,0.170588235294116,
2.90506603985589));
#15830=VERTEX_POINT('',#15820);
#15840=EDGE_CURVE('',#15750,#15830,#15810,.T.);
#15850=ORIENTED_EDGE('',*,*,#15840,.F.);
#15860=CARTESIAN_POINT('',(-1.01903738392281,0.099999999999999,
2.90506603985589));
#15870=DIRECTION('',(-0.,-0.,1.));
#15880=DIRECTION('',(-1.,0.,0.));
#15890=AXIS2_PLACEMENT_3D('',#15860,#15870,#15880);
#15900=CIRCLE('',#15890,0.150000000000001);
#15910=CARTESIAN_POINT('',(-1.01903738392281,0.249999999999999,
2.90506603985589));
#15920=VERTEX_POINT('',#15910);
#15930=EDGE_CURVE('',#15920,#15830,#15900,.T.);
#15940=ORIENTED_EDGE('',*,*,#15930,.T.);
#15950=CARTESIAN_POINT('',(0.860962616077189,0.249999999999999,
2.90506603985589));
#15960=DIRECTION('',(1.,-0.,-0.));
#15970=VECTOR('',#15960,1.);
#15980=LINE('',#15950,#15970);
#15990=EDGE_CURVE('',#15920,#3260,#15980,.T.);
#16000=ORIENTED_EDGE('',*,*,#15990,.F.);
#16010=ORIENTED_EDGE('',*,*,#3270,.T.);
#16020=EDGE_LOOP('',(#16010,#16000,#15940,#15850,#15770,#15680,#15600,
#15520,#15440,#15350,#15270,#15180));
#16030=FACE_OUTER_BOUND('',#16020,.T.);
#16040=ADVANCED_FACE('',(#16030),#15100,.T.);
#16050=CARTESIAN_POINT('',(-1.06256531333458,0.124635132352939,
2.90881918985589));
#16060=DIRECTION('',(0.88235294117647,-0.470588235294119,0.));
#16070=DIRECTION('',(-0.470588235294119,-0.88235294117647,0.));
#16080=AXIS2_PLACEMENT_3D('',#16050,#16060,#16070);
#16090=PLANE('',#16080);
#16100=CARTESIAN_POINT('',(-1.06315503098164,0.123529411764704,
2.90506603985589));
#16110=DIRECTION('',(0.,0.,-1.));
#16120=VECTOR('',#16110,1.);
#16130=LINE('',#16100,#16120);
#16140=CARTESIAN_POINT('',(-1.06315503098164,0.123529411764704,
2.75506603985589));
#16150=VERTEX_POINT('',#16140);
#16160=EDGE_CURVE('',#15250,#16150,#16130,.T.);
#16170=ORIENTED_EDGE('',*,*,#16160,.F.);
#16180=CARTESIAN_POINT('',(-0.78237071725615,0.649999999999997,
2.75506603985589));
#16190=DIRECTION('',(0.470588235294119,0.88235294117647,0.));
#16200=VECTOR('',#16190,1.);
#16210=LINE('',#16180,#16200);
#16220=CARTESIAN_POINT('',(-1.08668444274634,0.0794117647058811,
2.75506603985589));
#16230=VERTEX_POINT('',#16220);
#16240=EDGE_CURVE('',#16230,#16150,#16210,.T.);
#16250=ORIENTED_EDGE('',*,*,#16240,.T.);
#16260=CARTESIAN_POINT('',(-1.08668444274634,0.0794117647058811,
2.90506603985589));
#16270=DIRECTION('',(0.,0.,-1.));
#16280=VECTOR('',#16270,1.);
#16290=LINE('',#16260,#16280);
#16300=EDGE_CURVE('',#15330,#16230,#16290,.T.);
#16310=ORIENTED_EDGE('',*,*,#16300,.T.);
#16320=ORIENTED_EDGE('',*,*,#15340,.T.);
#16330=EDGE_LOOP('',(#16320,#16310,#16250,#16170));
#16340=FACE_OUTER_BOUND('',#16330,.T.);
#16350=ADVANCED_FACE('',(#16340),#16090,.T.);
#16360=CARTESIAN_POINT('',(-1.49304053392282,-0.00625315000000093,
2.50506603985589));
#16370=DIRECTION('',(0.,0.,1.));
#16380=DIRECTION('',(1.,0.,-0.));
#16390=AXIS2_PLACEMENT_3D('',#16360,#16370,#16380);
#16400=PLANE('',#16390);
#16410=CARTESIAN_POINT('',(0.860962616077189,0.15,2.50506603985589));
#16420=DIRECTION('',(-1.,-0.,-0.));
#16430=VECTOR('',#16420,1.);
#16440=LINE('',#16410,#16430);
#16450=CARTESIAN_POINT('',(-1.01903738392281,0.149999999999999,
2.50506603985589));
#16460=VERTEX_POINT('',#16450);
#16470=EDGE_CURVE('',#3500,#16460,#16440,.T.);
#16480=ORIENTED_EDGE('',*,*,#16470,.F.);
#16490=CARTESIAN_POINT('',(-1.01903738392281,0.1,2.50506603985589));
#16500=DIRECTION('',(-0.,-0.,1.));
#16510=DIRECTION('',(-1.,0.,-0.));
#16520=AXIS2_PLACEMENT_3D('',#16490,#16500,#16510);
#16530=CIRCLE('',#16520,0.0499999999999978);
#16540=CARTESIAN_POINT('',(-1.06315503098164,0.123529411764704,
2.50506603985589));
#16550=VERTEX_POINT('',#16540);
#16560=EDGE_CURVE('',#16460,#16550,#16530,.T.);
#16570=ORIENTED_EDGE('',*,*,#16560,.F.);
#16580=CARTESIAN_POINT('',(-0.78237071725615,0.649999999999997,
2.50506603985589));
#16590=DIRECTION('',(-0.470588235294119,-0.88235294117647,-0.));
#16600=VECTOR('',#16590,1.);
#16610=LINE('',#16580,#16600);
#16620=CARTESIAN_POINT('',(-1.08668444274634,0.0794117647058811,
2.50506603985589));
#16630=VERTEX_POINT('',#16620);
#16640=EDGE_CURVE('',#16550,#16630,#16610,.T.);
#16650=ORIENTED_EDGE('',*,*,#16640,.F.);
#16660=CARTESIAN_POINT('',(-1.21903738392281,0.149999999999999,
2.50506603985589));
#16670=DIRECTION('',(-0.,-0.,1.));
#16680=DIRECTION('',(-1.,0.,0.));
#16690=AXIS2_PLACEMENT_3D('',#16660,#16670,#16680);
#16700=CIRCLE('',#16690,0.149999999999999);
#16710=CARTESIAN_POINT('',(-1.21903738392281,-9.99200722162641E-16,
2.50506603985589));
#16720=VERTEX_POINT('',#16710);
#16730=EDGE_CURVE('',#16720,#16630,#16700,.T.);
#16740=ORIENTED_EDGE('',*,*,#16730,.T.);
#16750=CARTESIAN_POINT('',(0.860962616077189,-9.99200722162641E-16,
2.50506603985589));
#16760=DIRECTION('',(-1.,-0.,-0.));
#16770=VECTOR('',#16760,1.);
#16780=LINE('',#16750,#16770);
#16790=CARTESIAN_POINT('',(-1.47903738392282,-9.99200722162641E-16,
2.50506603985589));
#16800=VERTEX_POINT('',#16790);
#16810=EDGE_CURVE('',#16720,#16800,#16780,.T.);
#16820=ORIENTED_EDGE('',*,*,#16810,.F.);
#16830=CARTESIAN_POINT('',(-1.47903738392282,0.649999999999997,
2.50506603985589));
#16840=DIRECTION('',(0.,1.,-0.));
#16850=VECTOR('',#16840,1.);
#16860=LINE('',#16830,#16850);
#16870=CARTESIAN_POINT('',(-1.47903738392281,0.099999999999999,
2.50506603985589));
#16880=VERTEX_POINT('',#16870);
#16890=EDGE_CURVE('',#16800,#16880,#16860,.T.);
#16900=ORIENTED_EDGE('',*,*,#16890,.F.);
#16910=CARTESIAN_POINT('',(0.860962616077189,0.099999999999999,
2.50506603985589));
#16920=DIRECTION('',(1.,-0.,-0.));
#16930=VECTOR('',#16920,1.);
#16940=LINE('',#16910,#16930);
#16950=CARTESIAN_POINT('',(-1.21903738392281,0.099999999999999,
2.50506603985589));
#16960=VERTEX_POINT('',#16950);
#16970=EDGE_CURVE('',#16880,#16960,#16940,.T.);
#16980=ORIENTED_EDGE('',*,*,#16970,.F.);
#16990=CARTESIAN_POINT('',(-1.21903738392281,0.149999999999996,
2.50506603985589));
#17000=DIRECTION('',(-0.,-0.,1.));
#17010=DIRECTION('',(-1.,0.,-0.));
#17020=AXIS2_PLACEMENT_3D('',#16990,#17000,#17010);
#17030=CIRCLE('',#17020,0.0499999999999966);
#17040=CARTESIAN_POINT('',(-1.17491973686399,0.126470588235293,
2.50506603985589));
#17050=VERTEX_POINT('',#17040);
#17060=EDGE_CURVE('',#16960,#17050,#17030,.T.);
#17070=ORIENTED_EDGE('',*,*,#17060,.F.);
#17080=CARTESIAN_POINT('',(-0.895704050589468,0.649999999999997,
2.50506603985589));
#17090=DIRECTION('',(0.470588235294136,0.882352941176461,-0.));
#17100=VECTOR('',#17090,1.);
#17110=LINE('',#17080,#17100);
#17120=CARTESIAN_POINT('',(-1.15139032509928,0.170588235294116,
2.50506603985589));
#17130=VERTEX_POINT('',#17120);
#17140=EDGE_CURVE('',#17050,#17130,#17110,.T.);
#17150=ORIENTED_EDGE('',*,*,#17140,.F.);
#17160=CARTESIAN_POINT('',(-1.01903738392281,0.099999999999999,
2.50506603985589));
#17170=DIRECTION('',(-0.,-0.,1.));
#17180=DIRECTION('',(-1.,0.,0.));
#17190=AXIS2_PLACEMENT_3D('',#17160,#17170,#17180);
#17200=CIRCLE('',#17190,0.150000000000001);
#17210=CARTESIAN_POINT('',(-1.01903738392281,0.249999999999999,
2.50506603985589));
#17220=VERTEX_POINT('',#17210);
#17230=EDGE_CURVE('',#17220,#17130,#17200,.T.);
#17240=ORIENTED_EDGE('',*,*,#17230,.T.);
#17250=CARTESIAN_POINT('',(0.860962616077189,0.249999999999999,
2.50506603985589));
#17260=DIRECTION('',(1.,-0.,-0.));
#17270=VECTOR('',#17260,1.);
#17280=LINE('',#17250,#17270);
#17290=EDGE_CURVE('',#17220,#3580,#17280,.T.);
#17300=ORIENTED_EDGE('',*,*,#17290,.F.);
#17310=ORIENTED_EDGE('',*,*,#3590,.T.);
#17320=EDGE_LOOP('',(#17310,#17300,#17240,#17150,#17070,#16980,#16900,
#16820,#16740,#16650,#16570,#16480));
#17330=FACE_OUTER_BOUND('',#17320,.T.);
#17340=ADVANCED_FACE('',(#17330),#16400,.T.);
#17350=CARTESIAN_POINT('',(-1.01903738392281,0.1,2.50887903985589));
#17360=DIRECTION('',(0.,0.,-1.));
#17370=DIRECTION('',(-1.,0.,-0.));
#17380=AXIS2_PLACEMENT_3D('',#17350,#17360,#17370);
#17390=CYLINDRICAL_SURFACE('',#17380,0.0499999999999978);
#17400=CARTESIAN_POINT('',(-1.01903738392281,0.1,2.35506603985588));
#17410=DIRECTION('',(-0.,-0.,1.));
#17420=DIRECTION('',(-1.,0.,-0.));
#17430=AXIS2_PLACEMENT_3D('',#17400,#17410,#17420);
#17440=CIRCLE('',#17430,0.0499999999999978);
#17450=CARTESIAN_POINT('',(-1.01903738392281,0.149999999999999,
2.35506603985588));
#17460=VERTEX_POINT('',#17450);
#17470=CARTESIAN_POINT('',(-1.06315503098164,0.123529411764704,
2.35506603985588));
#17480=VERTEX_POINT('',#17470);
#17490=EDGE_CURVE('',#17460,#17480,#17440,.T.);
#17500=ORIENTED_EDGE('',*,*,#17490,.F.);
#17510=CARTESIAN_POINT('',(-1.06315503098164,0.123529411764704,
2.50506603985589));
#17520=DIRECTION('',(0.,0.,-1.));
#17530=VECTOR('',#17520,1.);
#17540=LINE('',#17510,#17530);
#17550=EDGE_CURVE('',#16550,#17480,#17540,.T.);
#17560=ORIENTED_EDGE('',*,*,#17550,.T.);
#17570=ORIENTED_EDGE('',*,*,#16560,.T.);
#17580=CARTESIAN_POINT('',(-1.01903738392281,0.149999999999999,
2.50506603985589));
#17590=DIRECTION('',(0.,0.,-1.));
#17600=VECTOR('',#17590,1.);
#17610=LINE('',#17580,#17600);
#17620=EDGE_CURVE('',#16460,#17460,#17610,.T.);
#17630=ORIENTED_EDGE('',*,*,#17620,.F.);
#17640=EDGE_LOOP('',(#17630,#17570,#17560,#17500));
#17650=FACE_OUTER_BOUND('',#17640,.T.);
#17660=ADVANCED_FACE('',(#17650),#17390,.F.);
#17670=CARTESIAN_POINT('',(-1.06256531333458,0.124635132352939,
2.10881918985588));
#17680=DIRECTION('',(0.88235294117647,-0.470588235294119,0.));
#17690=DIRECTION('',(-0.470588235294119,-0.88235294117647,0.));
#17700=AXIS2_PLACEMENT_3D('',#17670,#17680,#17690);
#17710=PLANE('',#17700);
#17720=CARTESIAN_POINT('',(-1.06315503098164,0.123529411764704,
2.10506603985588));
#17730=DIRECTION('',(0.,0.,-1.));
#17740=VECTOR('',#17730,1.);
#17750=LINE('',#17720,#17740);
#17760=CARTESIAN_POINT('',(-1.06315503098164,0.123529411764704,
2.10506603985588));
#17770=VERTEX_POINT('',#17760);
#17780=CARTESIAN_POINT('',(-1.06315503098164,0.123529411764704,
1.95506603985589));
#17790=VERTEX_POINT('',#17780);
#17800=EDGE_CURVE('',#17770,#17790,#17750,.T.);
#17810=ORIENTED_EDGE('',*,*,#17800,.F.);
#17820=CARTESIAN_POINT('',(-0.78237071725615,0.649999999999997,
1.95506603985589));
#17830=DIRECTION('',(0.470588235294119,0.88235294117647,0.));
#17840=VECTOR('',#17830,1.);
#17850=LINE('',#17820,#17840);
#17860=CARTESIAN_POINT('',(-1.08668444274634,0.0794117647058811,
1.95506603985589));
#17870=VERTEX_POINT('',#17860);
#17880=EDGE_CURVE('',#17870,#17790,#17850,.T.);
#17890=ORIENTED_EDGE('',*,*,#17880,.T.);
#17900=CARTESIAN_POINT('',(-1.08668444274634,0.0794117647058811,
2.10506603985588));
#17910=DIRECTION('',(0.,0.,-1.));
#17920=VECTOR('',#17910,1.);
#17930=LINE('',#17900,#17920);
#17940=CARTESIAN_POINT('',(-1.08668444274634,0.0794117647058811,
2.10506603985588));
#17950=VERTEX_POINT('',#17940);
#17960=EDGE_CURVE('',#17950,#17870,#17930,.T.);
#17970=ORIENTED_EDGE('',*,*,#17960,.T.);
#17980=CARTESIAN_POINT('',(-0.78237071725615,0.649999999999997,
2.10506603985588));
#17990=DIRECTION('',(-0.470588235294119,-0.88235294117647,0.));
#18000=VECTOR('',#17990,1.);
#18010=LINE('',#17980,#18000);
#18020=EDGE_CURVE('',#17770,#17950,#18010,.T.);
#18030=ORIENTED_EDGE('',*,*,#18020,.T.);
#18040=EDGE_LOOP('',(#18030,#17970,#17890,#17810));
#18050=FACE_OUTER_BOUND('',#18040,.T.);
#18060=ADVANCED_FACE('',(#18050),#17710,.T.);
#18070=CARTESIAN_POINT('',(-1.21253423392281,-9.99200722162641E-16,
1.70881918985588));
#18080=DIRECTION('',(0.,-1.,0.));
#18090=DIRECTION('',(-1.,-0.,0.));
#18100=AXIS2_PLACEMENT_3D('',#18070,#18080,#18090);
#18110=PLANE('',#18100);
#18120=CARTESIAN_POINT('',(0.860962616077189,-9.99200722162641E-16,
1.70506603985589));
#18130=DIRECTION('',(-1.,0.,0.));
#18140=VECTOR('',#18130,1.);
#18150=LINE('',#18120,#18140);
#18160=CARTESIAN_POINT('',(-1.21903738392281,-9.99200722162641E-16,
1.70506603985589));
#18170=VERTEX_POINT('',#18160);
#18180=CARTESIAN_POINT('',(-1.47903738392282,-9.99200722162641E-16,
1.70506603985589));
#18190=VERTEX_POINT('',#18180);
#18200=EDGE_CURVE('',#18170,#18190,#18150,.T.);
#18210=ORIENTED_EDGE('',*,*,#18200,.T.);
#18220=CARTESIAN_POINT('',(-1.21903738392281,-9.99200722162641E-16,
1.70506603985589));
#18230=DIRECTION('',(0.,0.,-1.));
#18240=VECTOR('',#18230,1.);
#18250=LINE('',#18220,#18240);
#18260=CARTESIAN_POINT('',(-1.21903738392281,-9.99200722162641E-16,
1.55506603985588));
#18270=VERTEX_POINT('',#18260);
#18280=EDGE_CURVE('',#18170,#18270,#18250,.T.);
#18290=ORIENTED_EDGE('',*,*,#18280,.F.);
#18300=CARTESIAN_POINT('',(0.860962616077189,-9.99200722162641E-16,
1.55506603985588));
#18310=DIRECTION('',(1.,0.,0.));
#18320=VECTOR('',#18310,1.);
#18330=LINE('',#18300,#18320);
#18340=CARTESIAN_POINT('',(-1.47903738392282,-9.99200722162641E-16,
1.55506603985588));
#18350=VERTEX_POINT('',#18340);
#18360=EDGE_CURVE('',#18350,#18270,#18330,.T.);
#18370=ORIENTED_EDGE('',*,*,#18360,.T.);
#18380=CARTESIAN_POINT('',(-1.47903738392282,-9.99200722162641E-16,
-3.32993396014411));
#18390=DIRECTION('',(-0.,0.,-1.));
#18400=VECTOR('',#18390,1.);
#18410=LINE('',#18380,#18400);
#18420=EDGE_CURVE('',#18190,#18350,#18410,.T.);
#18430=ORIENTED_EDGE('',*,*,#18420,.T.);
#18440=EDGE_LOOP('',(#18430,#18370,#18290,#18210));
#18450=FACE_OUTER_BOUND('',#18440,.T.);
#18460=ADVANCED_FACE('',(#18450),#18110,.T.);
#18470=CARTESIAN_POINT('',(-1.21903738392281,0.149999999999999,
1.70883703985589));
#18480=DIRECTION('',(0.,0.,-1.));
#18490=DIRECTION('',(-1.,0.,-0.));
#18500=AXIS2_PLACEMENT_3D('',#18470,#18480,#18490);
#18510=CYLINDRICAL_SURFACE('',#18500,0.149999999999999);
#18520=CARTESIAN_POINT('',(-1.21903738392281,0.149999999999999,
1.70506603985589));
#18530=DIRECTION('',(-0.,-0.,1.));
#18540=DIRECTION('',(-1.,0.,0.));
#18550=AXIS2_PLACEMENT_3D('',#18520,#18530,#18540);
#18560=CIRCLE('',#18550,0.149999999999999);
#18570=CARTESIAN_POINT('',(-1.08668444274634,0.0794117647058811,
1.70506603985589));
#18580=VERTEX_POINT('',#18570);
#18590=EDGE_CURVE('',#18170,#18580,#18560,.T.);
#18600=ORIENTED_EDGE('',*,*,#18590,.F.);
#18610=CARTESIAN_POINT('',(-1.08668444274634,0.0794117647058811,
1.70506603985589));
#18620=DIRECTION('',(0.,0.,-1.));
#18630=VECTOR('',#18620,1.);
#18640=LINE('',#18610,#18630);
#18650=CARTESIAN_POINT('',(-1.08668444274634,0.0794117647058811,
1.55506603985588));
#18660=VERTEX_POINT('',#18650);
#18670=EDGE_CURVE('',#18580,#18660,#18640,.T.);
#18680=ORIENTED_EDGE('',*,*,#18670,.F.);
#18690=CARTESIAN_POINT('',(-1.21903738392281,0.149999999999999,
1.55506603985588));
#18700=DIRECTION('',(-0.,-0.,1.));
#18710=DIRECTION('',(-1.,0.,0.));
#18720=AXIS2_PLACEMENT_3D('',#18690,#18700,#18710);
#18730=CIRCLE('',#18720,0.149999999999999);
#18740=EDGE_CURVE('',#18270,#18660,#18730,.T.);
#18750=ORIENTED_EDGE('',*,*,#18740,.T.);
#18760=ORIENTED_EDGE('',*,*,#18280,.T.);
#18770=EDGE_LOOP('',(#18760,#18750,#18680,#18600));
#18780=FACE_OUTER_BOUND('',#18770,.T.);
#18790=ADVANCED_FACE('',(#18780),#18510,.T.);
#18800=CARTESIAN_POINT('',(-1.01903738392281,0.1,1.70887903985589));
#18810=DIRECTION('',(0.,0.,-1.));
#18820=DIRECTION('',(-1.,0.,-0.));
#18830=AXIS2_PLACEMENT_3D('',#18800,#18810,#18820);
#18840=CYLINDRICAL_SURFACE('',#18830,0.0499999999999978);
#18850=CARTESIAN_POINT('',(-1.01903738392281,0.1,1.55506603985588));
#18860=DIRECTION('',(-0.,-0.,1.));
#18870=DIRECTION('',(-1.,0.,-0.));
#18880=AXIS2_PLACEMENT_3D('',#18850,#18860,#18870);
#18890=CIRCLE('',#18880,0.0499999999999978);
#18900=CARTESIAN_POINT('',(-1.01903738392281,0.149999999999999,
1.55506603985588));
#18910=VERTEX_POINT('',#18900);
#18920=CARTESIAN_POINT('',(-1.06315503098164,0.123529411764704,
1.55506603985588));
#18930=VERTEX_POINT('',#18920);
#18940=EDGE_CURVE('',#18910,#18930,#18890,.T.);
#18950=ORIENTED_EDGE('',*,*,#18940,.F.);
#18960=CARTESIAN_POINT('',(-1.06315503098164,0.123529411764704,
1.70506603985589));
#18970=DIRECTION('',(0.,0.,-1.));
#18980=VECTOR('',#18970,1.);
#18990=LINE('',#18960,#18980);
#19000=CARTESIAN_POINT('',(-1.06315503098164,0.123529411764704,
1.70506603985589));
#19010=VERTEX_POINT('',#19000);
#19020=EDGE_CURVE('',#19010,#18930,#18990,.T.);
#19030=ORIENTED_EDGE('',*,*,#19020,.T.);
#19040=CARTESIAN_POINT('',(-1.01903738392281,0.1,1.70506603985589));
#19050=DIRECTION('',(-0.,-0.,1.));
#19060=DIRECTION('',(-1.,0.,-0.));
#19070=AXIS2_PLACEMENT_3D('',#19040,#19050,#19060);
#19080=CIRCLE('',#19070,0.0499999999999978);
#19090=CARTESIAN_POINT('',(-1.01903738392281,0.149999999999999,
1.70506603985589));
#19100=VERTEX_POINT('',#19090);
#19110=EDGE_CURVE('',#19100,#19010,#19080,.T.);
#19120=ORIENTED_EDGE('',*,*,#19110,.T.);
#19130=CARTESIAN_POINT('',(-1.01903738392281,0.149999999999999,
1.70506603985589));
#19140=DIRECTION('',(0.,0.,-1.));
#19150=VECTOR('',#19140,1.);
#19160=LINE('',#19130,#19150);
#19170=EDGE_CURVE('',#19100,#18910,#19160,.T.);
#19180=ORIENTED_EDGE('',*,*,#19170,.F.);
#19190=EDGE_LOOP('',(#19180,#19120,#19030,#18950));
#19200=FACE_OUTER_BOUND('',#19190,.T.);
#19210=ADVANCED_FACE('',(#19200),#18840,.F.);
#19220=CARTESIAN_POINT('',(-1.06256531333458,0.124635132352939,
1.70881918985588));
#19230=DIRECTION('',(0.88235294117647,-0.470588235294119,0.));
#19240=DIRECTION('',(-0.470588235294119,-0.88235294117647,0.));
#19250=AXIS2_PLACEMENT_3D('',#19220,#19230,#19240);
#19260=PLANE('',#19250);
#19270=ORIENTED_EDGE('',*,*,#19020,.F.);
#19280=CARTESIAN_POINT('',(-0.78237071725615,0.649999999999997,
1.55506603985588));
#19290=DIRECTION('',(0.470588235294119,0.88235294117647,0.));
#19300=VECTOR('',#19290,1.);
#19310=LINE('',#19280,#19300);
#19320=EDGE_CURVE('',#18660,#18930,#19310,.T.);
#19330=ORIENTED_EDGE('',*,*,#19320,.T.);
#19340=ORIENTED_EDGE('',*,*,#18670,.T.);
#19350=CARTESIAN_POINT('',(-0.78237071725615,0.649999999999997,
1.70506603985588));
#19360=DIRECTION('',(-0.470588235294119,-0.88235294117647,0.));
#19370=VECTOR('',#19360,1.);
#19380=LINE('',#19350,#19370);
#19390=EDGE_CURVE('',#19010,#18580,#19380,.T.);
#19400=ORIENTED_EDGE('',*,*,#19390,.T.);
#19410=EDGE_LOOP('',(#19400,#19340,#19330,#19270));
#19420=FACE_OUTER_BOUND('',#19410,.T.);
#19430=ADVANCED_FACE('',(#19420),#19260,.T.);
#19440=CARTESIAN_POINT('',(-0.905034233922811,-0.00625315000000093,
1.55506603985588));
#19450=DIRECTION('',(0.,0.,-1.));
#19460=DIRECTION('',(-1.,0.,-0.));
#19470=AXIS2_PLACEMENT_3D('',#19440,#19450,#19460);
#19480=PLANE('',#19470);
#19490=CARTESIAN_POINT('',(0.860962616077189,0.249999999999999,
1.55506603985588));
#19500=DIRECTION('',(-1.,0.,-0.));
#19510=VECTOR('',#19500,1.);
#19520=LINE('',#19490,#19510);
#19530=CARTESIAN_POINT('',(-1.01903738392281,0.249999999999999,
1.55506603985588));
#19540=VERTEX_POINT('',#19530);
#19550=EDGE_CURVE('',#4300,#19540,#19520,.T.);
#19560=ORIENTED_EDGE('',*,*,#19550,.F.);
#19570=CARTESIAN_POINT('',(-1.01903738392281,0.099999999999999,
1.55506603985588));
#19580=DIRECTION('',(-0.,-0.,1.));
#19590=DIRECTION('',(-1.,0.,0.));
#19600=AXIS2_PLACEMENT_3D('',#19570,#19580,#19590);
#19610=CIRCLE('',#19600,0.150000000000001);
#19620=CARTESIAN_POINT('',(-1.15139032509928,0.170588235294116,
1.55506603985588));
#19630=VERTEX_POINT('',#19620);
#19640=EDGE_CURVE('',#19540,#19630,#19610,.T.);
#19650=ORIENTED_EDGE('',*,*,#19640,.F.);
#19660=CARTESIAN_POINT('',(-0.895704050589468,0.649999999999997,
1.55506603985588));
#19670=DIRECTION('',(-0.470588235294136,-0.882352941176461,-0.));
#19680=VECTOR('',#19670,1.);
#19690=LINE('',#19660,#19680);
#19700=CARTESIAN_POINT('',(-1.17491973686399,0.126470588235293,
1.55506603985588));
#19710=VERTEX_POINT('',#19700);
#19720=EDGE_CURVE('',#19630,#19710,#19690,.T.);
#19730=ORIENTED_EDGE('',*,*,#19720,.F.);
#19740=CARTESIAN_POINT('',(-1.21903738392281,0.149999999999996,
1.55506603985588));
#19750=DIRECTION('',(-0.,-0.,1.));
#19760=DIRECTION('',(-1.,0.,-0.));
#19770=AXIS2_PLACEMENT_3D('',#19740,#19750,#19760);
#19780=CIRCLE('',#19770,0.0499999999999966);
#19790=CARTESIAN_POINT('',(-1.21903738392281,0.099999999999999,
1.55506603985588));
#19800=VERTEX_POINT('',#19790);
#19810=EDGE_CURVE('',#19800,#19710,#19780,.T.);
#19820=ORIENTED_EDGE('',*,*,#19810,.T.);
#19830=CARTESIAN_POINT('',(0.860962616077189,0.099999999999999,
1.55506603985588));
#19840=DIRECTION('',(-1.,0.,-0.));
#19850=VECTOR('',#19840,1.);
#19860=LINE('',#19830,#19850);
#19870=CARTESIAN_POINT('',(-1.47903738392281,0.099999999999999,
1.55506603985588));
#19880=VERTEX_POINT('',#19870);
#19890=EDGE_CURVE('',#19800,#19880,#19860,.T.);
#19900=ORIENTED_EDGE('',*,*,#19890,.F.);
#19910=CARTESIAN_POINT('',(-1.47903738392282,0.649999999999997,
1.55506603985588));
#19920=DIRECTION('',(-0.,-1.,-0.));
#19930=VECTOR('',#19920,1.);
#19940=LINE('',#19910,#19930);
#19950=EDGE_CURVE('',#19880,#18350,#19940,.T.);
#19960=ORIENTED_EDGE('',*,*,#19950,.F.);
#19970=ORIENTED_EDGE('',*,*,#18360,.F.);
#19980=ORIENTED_EDGE('',*,*,#18740,.F.);
#19990=ORIENTED_EDGE('',*,*,#19320,.F.);
#20000=ORIENTED_EDGE('',*,*,#18940,.T.);
#20010=CARTESIAN_POINT('',(0.860962616077189,0.15,1.55506603985588));
#20020=DIRECTION('',(1.,0.,-0.));
#20030=VECTOR('',#20020,1.);
#20040=LINE('',#20010,#20030);
#20050=EDGE_CURVE('',#18910,#4380,#20040,.T.);
#20060=ORIENTED_EDGE('',*,*,#20050,.F.);
#20070=ORIENTED_EDGE('',*,*,#4390,.T.);
#20080=EDGE_LOOP('',(#20070,#20060,#20000,#19990,#19980,#19970,#19960,
#19900,#19820,#19730,#19650,#19560));
#20090=FACE_OUTER_BOUND('',#20080,.T.);
#20100=ADVANCED_FACE('',(#20090),#19480,.T.);
#20110=CARTESIAN_POINT('',(-1.02154053392281,0.249999999999999,
1.70881918985588));
#20120=DIRECTION('',(0.,1.,0.));
#20130=DIRECTION('',(1.,-0.,0.));
#20140=AXIS2_PLACEMENT_3D('',#20110,#20120,#20130);
#20150=PLANE('',#20140);
#20160=CARTESIAN_POINT('',(-1.01903738392281,0.249999999999999,
1.70506603985589));
#20170=DIRECTION('',(0.,0.,-1.));
#20180=VECTOR('',#20170,1.);
#20190=LINE('',#20160,#20180);
#20200=CARTESIAN_POINT('',(-1.01903738392281,0.249999999999999,
1.70506603985589));
#20210=VERTEX_POINT('',#20200);
#20220=EDGE_CURVE('',#20210,#19540,#20190,.T.);
#20230=ORIENTED_EDGE('',*,*,#20220,.F.);
#20240=ORIENTED_EDGE('',*,*,#19550,.T.);
#20250=ORIENTED_EDGE('',*,*,#4310,.F.);
#20260=CARTESIAN_POINT('',(0.860962616077189,0.249999999999999,
1.70506603985589));
#20270=DIRECTION('',(1.,0.,-0.));
#20280=VECTOR('',#20270,1.);
#20290=LINE('',#20260,#20280);
#20300=EDGE_CURVE('',#20210,#4220,#20290,.T.);
#20310=ORIENTED_EDGE('',*,*,#20300,.T.);
#20320=EDGE_LOOP('',(#20310,#20250,#20240,#20230));
#20330=FACE_OUTER_BOUND('',#20320,.T.);
#20340=ADVANCED_FACE('',(#20330),#20150,.T.);
#20350=CARTESIAN_POINT('',(-1.01903738392281,0.099999999999999,
1.70883703985589));
#20360=DIRECTION('',(0.,0.,-1.));
#20370=DIRECTION('',(-1.,0.,-0.));
#20380=AXIS2_PLACEMENT_3D('',#20350,#20360,#20370);
#20390=CYLINDRICAL_SURFACE('',#20380,0.150000000000001);
#20400=CARTESIAN_POINT('',(-1.01903738392281,0.099999999999999,
1.70506603985589));
#20410=DIRECTION('',(-0.,-0.,1.));
#20420=DIRECTION('',(-1.,0.,0.));
#20430=AXIS2_PLACEMENT_3D('',#20400,#20410,#20420);
#20440=CIRCLE('',#20430,0.150000000000001);
#20450=CARTESIAN_POINT('',(-1.15139032509928,0.170588235294116,
1.70506603985589));
#20460=VERTEX_POINT('',#20450);
#20470=EDGE_CURVE('',#20210,#20460,#20440,.T.);
#20480=ORIENTED_EDGE('',*,*,#20470,.F.);
#20490=CARTESIAN_POINT('',(-1.15139032509928,0.170588235294116,
1.70506603985589));
#20500=DIRECTION('',(0.,0.,-1.));
#20510=VECTOR('',#20500,1.);
#20520=LINE('',#20490,#20510);
#20530=EDGE_CURVE('',#20460,#19630,#20520,.T.);
#20540=ORIENTED_EDGE('',*,*,#20530,.F.);
#20550=ORIENTED_EDGE('',*,*,#19640,.T.);
#20560=ORIENTED_EDGE('',*,*,#20220,.T.);
#20570=EDGE_LOOP('',(#20560,#20550,#20540,#20480));
#20580=FACE_OUTER_BOUND('',#20570,.T.);
#20590=ADVANCED_FACE('',(#20580),#20390,.T.);
#20600=CARTESIAN_POINT('',(-1.49304053392282,-0.00625315000000093,
1.30506603985588));
#20610=DIRECTION('',(0.,0.,1.));
#20620=DIRECTION('',(1.,0.,-0.));
#20630=AXIS2_PLACEMENT_3D('',#20600,#20610,#20620);
#20640=PLANE('',#20630);
#20650=CARTESIAN_POINT('',(0.860962616077189,0.15,1.30506603985588));
#20660=DIRECTION('',(-1.,-0.,-0.));
#20670=VECTOR('',#20660,1.);
#20680=LINE('',#20650,#20670);
#20690=CARTESIAN_POINT('',(-1.01903738392281,0.149999999999999,
1.30506603985588));
#20700=VERTEX_POINT('',#20690);
#20710=EDGE_CURVE('',#4460,#20700,#20680,.T.);
#20720=ORIENTED_EDGE('',*,*,#20710,.F.);
#20730=CARTESIAN_POINT('',(-1.01903738392281,0.1,1.30506603985588));
#20740=DIRECTION('',(-0.,-0.,1.));
#20750=DIRECTION('',(-1.,0.,-0.));
#20760=AXIS2_PLACEMENT_3D('',#20730,#20740,#20750);
#20770=CIRCLE('',#20760,0.0499999999999978);
#20780=CARTESIAN_POINT('',(-1.06315503098164,0.123529411764704,
1.30506603985588));
#20790=VERTEX_POINT('',#20780);
#20800=EDGE_CURVE('',#20700,#20790,#20770,.T.);
#20810=ORIENTED_EDGE('',*,*,#20800,.F.);
#20820=CARTESIAN_POINT('',(-0.78237071725615,0.649999999999997,
1.30506603985588));
#20830=DIRECTION('',(-0.470588235294119,-0.88235294117647,-0.));
#20840=VECTOR('',#20830,1.);
#20850=LINE('',#20820,#20840);
#20860=CARTESIAN_POINT('',(-1.08668444274634,0.0794117647058811,
1.30506603985588));
#20870=VERTEX_POINT('',#20860);
#20880=EDGE_CURVE('',#20790,#20870,#20850,.T.);
#20890=ORIENTED_EDGE('',*,*,#20880,.F.);
#20900=CARTESIAN_POINT('',(-1.21903738392281,0.149999999999999,
1.30506603985588));
#20910=DIRECTION('',(-0.,-0.,1.));
#20920=DIRECTION('',(-1.,0.,0.));
#20930=AXIS2_PLACEMENT_3D('',#20900,#20910,#20920);
#20940=CIRCLE('',#20930,0.149999999999999);
#20950=CARTESIAN_POINT('',(-1.21903738392281,-9.99200722162641E-16,
1.30506603985588));
#20960=VERTEX_POINT('',#20950);
#20970=EDGE_CURVE('',#20960,#20870,#20940,.T.);
#20980=ORIENTED_EDGE('',*,*,#20970,.T.);
#20990=CARTESIAN_POINT('',(0.860962616077189,-9.99200722162641E-16,
1.30506603985588));
#21000=DIRECTION('',(-1.,-0.,-0.));
#21010=VECTOR('',#21000,1.);
#21020=LINE('',#20990,#21010);
#21030=CARTESIAN_POINT('',(-1.47903738392282,-9.99200722162641E-16,
1.30506603985588));
#21040=VERTEX_POINT('',#21030);
#21050=EDGE_CURVE('',#20960,#21040,#21020,.T.);
#21060=ORIENTED_EDGE('',*,*,#21050,.F.);
#21070=CARTESIAN_POINT('',(-1.47903738392282,0.649999999999997,
1.30506603985588));
#21080=DIRECTION('',(0.,1.,-0.));
#21090=VECTOR('',#21080,1.);
#21100=LINE('',#21070,#21090);
#21110=CARTESIAN_POINT('',(-1.47903738392281,0.099999999999999,
1.30506603985588));
#21120=VERTEX_POINT('',#21110);
#21130=EDGE_CURVE('',#21040,#21120,#21100,.T.);
#21140=ORIENTED_EDGE('',*,*,#21130,.F.);
#21150=CARTESIAN_POINT('',(0.860962616077189,0.099999999999999,
1.30506603985588));
#21160=DIRECTION('',(1.,-0.,-0.));
#21170=VECTOR('',#21160,1.);
#21180=LINE('',#21150,#21170);
#21190=CARTESIAN_POINT('',(-1.21903738392281,0.099999999999999,
1.30506603985588));
#21200=VERTEX_POINT('',#21190);
#21210=EDGE_CURVE('',#21120,#21200,#21180,.T.);
#21220=ORIENTED_EDGE('',*,*,#21210,.F.);
#21230=CARTESIAN_POINT('',(-1.21903738392281,0.149999999999996,
1.30506603985588));
#21240=DIRECTION('',(-0.,-0.,1.));
#21250=DIRECTION('',(-1.,0.,-0.));
#21260=AXIS2_PLACEMENT_3D('',#21230,#21240,#21250);
#21270=CIRCLE('',#21260,0.0499999999999955);
#21280=CARTESIAN_POINT('',(-1.17491973686399,0.126470588235293,
1.30506603985588));
#21290=VERTEX_POINT('',#21280);
#21300=EDGE_CURVE('',#21200,#21290,#21270,.T.);
#21310=ORIENTED_EDGE('',*,*,#21300,.F.);
#21320=CARTESIAN_POINT('',(-0.895704050589468,0.649999999999997,
1.30506603985589));
#21330=DIRECTION('',(0.470588235294136,0.882352941176461,-0.));
#21340=VECTOR('',#21330,1.);
#21350=LINE('',#21320,#21340);
#21360=CARTESIAN_POINT('',(-1.15139032509928,0.170588235294116,
1.30506603985588));
#21370=VERTEX_POINT('',#21360);
#21380=EDGE_CURVE('',#21290,#21370,#21350,.T.);
#21390=ORIENTED_EDGE('',*,*,#21380,.F.);
#21400=CARTESIAN_POINT('',(-1.01903738392281,0.0999999999999993,
1.30506603985588));
#21410=DIRECTION('',(-0.,-0.,1.));
#21420=DIRECTION('',(-1.,0.,0.));
#21430=AXIS2_PLACEMENT_3D('',#21400,#21410,#21420);
#21440=CIRCLE('',#21430,0.15);
#21450=CARTESIAN_POINT('',(-1.01903738392281,0.249999999999999,
1.30506603985588));
#21460=VERTEX_POINT('',#21450);
#21470=EDGE_CURVE('',#21460,#21370,#21440,.T.);
#21480=ORIENTED_EDGE('',*,*,#21470,.T.);
#21490=CARTESIAN_POINT('',(0.860962616077189,0.249999999999999,
1.30506603985588));
#21500=DIRECTION('',(1.,-0.,-0.));
#21510=VECTOR('',#21500,1.);
#21520=LINE('',#21490,#21510);
#21530=EDGE_CURVE('',#21460,#4540,#21520,.T.);
#21540=ORIENTED_EDGE('',*,*,#21530,.F.);
#21550=ORIENTED_EDGE('',*,*,#4550,.T.);
#21560=EDGE_LOOP('',(#21550,#21540,#21480,#21390,#21310,#21220,#21140,
#21060,#20980,#20890,#20810,#20720));
#21570=FACE_OUTER_BOUND('',#21560,.T.);
#21580=ADVANCED_FACE('',(#21570),#20640,.T.);
#21590=CARTESIAN_POINT('',(-0.905034233922811,-0.00625315000000093,
1.15506603985589));
#21600=DIRECTION('',(0.,0.,-1.));
#21610=DIRECTION('',(-1.,0.,-0.));
#21620=AXIS2_PLACEMENT_3D('',#21590,#21600,#21610);
#21630=PLANE('',#21620);
#21640=CARTESIAN_POINT('',(0.860962616077189,0.249999999999999,
1.15506603985589));
#21650=DIRECTION('',(-1.,0.,-0.));
#21660=VECTOR('',#21650,1.);
#21670=LINE('',#21640,#21660);
#21680=CARTESIAN_POINT('',(-1.01903738392281,0.249999999999999,
1.15506603985589));
#21690=VERTEX_POINT('',#21680);
#21700=EDGE_CURVE('',#4620,#21690,#21670,.T.);
#21710=ORIENTED_EDGE('',*,*,#21700,.F.);
#21720=CARTESIAN_POINT('',(-1.01903738392281,0.0999999999999993,
1.15506603985589));
#21730=DIRECTION('',(-0.,-0.,1.));
#21740=DIRECTION('',(-1.,0.,0.));
#21750=AXIS2_PLACEMENT_3D('',#21720,#21730,#21740);
#21760=CIRCLE('',#21750,0.15);
#21770=CARTESIAN_POINT('',(-1.15139032509928,0.170588235294116,
1.15506603985589));
#21780=VERTEX_POINT('',#21770);
#21790=EDGE_CURVE('',#21690,#21780,#21760,.T.);
#21800=ORIENTED_EDGE('',*,*,#21790,.F.);
#21810=CARTESIAN_POINT('',(-0.895704050589468,0.649999999999997,
1.15506603985589));
#21820=DIRECTION('',(-0.470588235294136,-0.882352941176461,-0.));
#21830=VECTOR('',#21820,1.);
#21840=LINE('',#21810,#21830);
#21850=CARTESIAN_POINT('',(-1.17491973686399,0.126470588235293,
1.15506603985589));
#21860=VERTEX_POINT('',#21850);
#21870=EDGE_CURVE('',#21780,#21860,#21840,.T.);
#21880=ORIENTED_EDGE('',*,*,#21870,.F.);
#21890=CARTESIAN_POINT('',(-1.21903738392281,0.149999999999996,
1.15506603985589));
#21900=DIRECTION('',(-0.,-0.,1.));
#21910=DIRECTION('',(-1.,0.,-0.));
#21920=AXIS2_PLACEMENT_3D('',#21890,#21900,#21910);
#21930=CIRCLE('',#21920,0.0499999999999955);
#21940=CARTESIAN_POINT('',(-1.21903738392281,0.099999999999999,
1.15506603985589));
#21950=VERTEX_POINT('',#21940);
#21960=EDGE_CURVE('',#21950,#21860,#21930,.T.);
#21970=ORIENTED_EDGE('',*,*,#21960,.T.);
#21980=CARTESIAN_POINT('',(0.860962616077189,0.099999999999999,
1.15506603985589));
#21990=DIRECTION('',(-1.,0.,-0.));
#22000=VECTOR('',#21990,1.);
#22010=LINE('',#21980,#22000);
#22020=CARTESIAN_POINT('',(-1.47903738392281,0.099999999999999,
1.15506603985589));
#22030=VERTEX_POINT('',#22020);
#22040=EDGE_CURVE('',#21950,#22030,#22010,.T.);
#22050=ORIENTED_EDGE('',*,*,#22040,.F.);
#22060=CARTESIAN_POINT('',(-1.47903738392282,0.649999999999997,
1.15506603985589));
#22070=DIRECTION('',(-0.,-1.,-0.));
#22080=VECTOR('',#22070,1.);
#22090=LINE('',#22060,#22080);
#22100=CARTESIAN_POINT('',(-1.47903738392282,-9.99200722162641E-16,
1.15506603985589));
#22110=VERTEX_POINT('',#22100);
#22120=EDGE_CURVE('',#22030,#22110,#22090,.T.);
#22130=ORIENTED_EDGE('',*,*,#22120,.F.);
#22140=CARTESIAN_POINT('',(0.860962616077189,-9.99200722162641E-16,
1.15506603985589));
#22150=DIRECTION('',(1.,0.,-0.));
#22160=VECTOR('',#22150,1.);
#22170=LINE('',#22140,#22160);
#22180=CARTESIAN_POINT('',(-1.21903738392281,-9.99200722162641E-16,
1.15506603985589));
#22190=VERTEX_POINT('',#22180);
#22200=EDGE_CURVE('',#22110,#22190,#22170,.T.);
#22210=ORIENTED_EDGE('',*,*,#22200,.F.);
#22220=CARTESIAN_POINT('',(-1.21903738392281,0.149999999999999,
1.15506603985589));
#22230=DIRECTION('',(-0.,-0.,1.));
#22240=DIRECTION('',(-1.,0.,0.));
#22250=AXIS2_PLACEMENT_3D('',#22220,#22230,#22240);
#22260=CIRCLE('',#22250,0.149999999999999);
#22270=CARTESIAN_POINT('',(-1.08668444274634,0.0794117647058811,
1.15506603985589));
#22280=VERTEX_POINT('',#22270);
#22290=EDGE_CURVE('',#22190,#22280,#22260,.T.);
#22300=ORIENTED_EDGE('',*,*,#22290,.F.);
#22310=CARTESIAN_POINT('',(-0.78237071725615,0.649999999999997,
1.15506603985589));
#22320=DIRECTION('',(0.470588235294119,0.88235294117647,-0.));
#22330=VECTOR('',#22320,1.);
#22340=LINE('',#22310,#22330);
#22350=CARTESIAN_POINT('',(-1.06315503098164,0.123529411764704,
1.15506603985589));
#22360=VERTEX_POINT('',#22350);
#22370=EDGE_CURVE('',#22280,#22360,#22340,.T.);
#22380=ORIENTED_EDGE('',*,*,#22370,.F.);
#22390=CARTESIAN_POINT('',(-1.01903738392281,0.1,1.15506603985589));
#22400=DIRECTION('',(-0.,-0.,1.));
#22410=DIRECTION('',(-1.,0.,-0.));
#22420=AXIS2_PLACEMENT_3D('',#22390,#22400,#22410);
#22430=CIRCLE('',#22420,0.0499999999999978);
#22440=CARTESIAN_POINT('',(-1.01903738392281,0.149999999999999,
1.15506603985589));
#22450=VERTEX_POINT('',#22440);
#22460=EDGE_CURVE('',#22450,#22360,#22430,.T.);
#22470=ORIENTED_EDGE('',*,*,#22460,.T.);
#22480=CARTESIAN_POINT('',(0.860962616077189,0.15,1.15506603985589));
#22490=DIRECTION('',(1.,0.,-0.));
#22500=VECTOR('',#22490,1.);
#22510=LINE('',#22480,#22500);
#22520=EDGE_CURVE('',#22450,#4700,#22510,.T.);
#22530=ORIENTED_EDGE('',*,*,#22520,.F.);
#22540=ORIENTED_EDGE('',*,*,#4710,.T.);
#22550=EDGE_LOOP('',(#22540,#22530,#22470,#22380,#22300,#22210,#22130,
#22050,#21970,#21880,#21800,#21710));
#22560=FACE_OUTER_BOUND('',#22550,.T.);
#22570=ADVANCED_FACE('',(#22560),#21630,.T.);
#22580=CARTESIAN_POINT('',(-1.17550945451105,0.125364867647058,
0.908819189855885));
#22590=DIRECTION('',(-0.882352941176461,0.470588235294136,0.));
#22600=DIRECTION('',(0.470588235294136,0.882352941176461,0.));
#22610=AXIS2_PLACEMENT_3D('',#22580,#22590,#22600);
#22620=PLANE('',#22610);
#22630=CARTESIAN_POINT('',(-1.17491973686399,0.126470588235293,
0.905066039855885));
#22640=DIRECTION('',(0.,0.,-1.));
#22650=VECTOR('',#22640,1.);
#22660=LINE('',#22630,#22650);
#22670=CARTESIAN_POINT('',(-1.17491973686399,0.126470588235293,
0.905066039855885));
#22680=VERTEX_POINT('',#22670);
#22690=CARTESIAN_POINT('',(-1.17491973686399,0.126470588235293,
0.755066039855885));
#22700=VERTEX_POINT('',#22690);
#22710=EDGE_CURVE('',#22680,#22700,#22660,.T.);
#22720=ORIENTED_EDGE('',*,*,#22710,.F.);
#22730=CARTESIAN_POINT('',(-0.895704050589468,0.649999999999997,
0.755066039855885));
#22740=DIRECTION('',(-0.470588235294136,-0.882352941176461,0.));
#22750=VECTOR('',#22740,1.);
#22760=LINE('',#22730,#22750);
#22770=CARTESIAN_POINT('',(-1.15139032509928,0.170588235294116,
0.755066039855885));
#22780=VERTEX_POINT('',#22770);
#22790=EDGE_CURVE('',#22780,#22700,#22760,.T.);
#22800=ORIENTED_EDGE('',*,*,#22790,.T.);
#22810=CARTESIAN_POINT('',(-1.15139032509928,0.170588235294116,
0.905066039855885));
#22820=DIRECTION('',(0.,0.,-1.));
#22830=VECTOR('',#22820,1.);
#22840=LINE('',#22810,#22830);
#22850=CARTESIAN_POINT('',(-1.15139032509928,0.170588235294116,
0.905066039855885));
#22860=VERTEX_POINT('',#22850);
#22870=EDGE_CURVE('',#22860,#22780,#22840,.T.);
#22880=ORIENTED_EDGE('',*,*,#22870,.T.);
#22890=CARTESIAN_POINT('',(-0.895704050589468,0.649999999999997,
0.905066039855885));
#22900=DIRECTION('',(0.470588235294136,0.882352941176461,0.));
#22910=VECTOR('',#22900,1.);
#22920=LINE('',#22890,#22910);
#22930=EDGE_CURVE('',#22680,#22860,#22920,.T.);
#22940=ORIENTED_EDGE('',*,*,#22930,.T.);
#22950=EDGE_LOOP('',(#22940,#22880,#22800,#22720));
#22960=FACE_OUTER_BOUND('',#22950,.T.);
#22970=ADVANCED_FACE('',(#22960),#22620,.T.);
#22980=CARTESIAN_POINT('',(-1.48554053392281,0.099999999999999,
0.908819189855885));
#22990=DIRECTION('',(0.,1.,0.));
#23000=DIRECTION('',(1.,-0.,0.));
#23010=AXIS2_PLACEMENT_3D('',#22980,#22990,#23000);
#23020=PLANE('',#23010);
#23030=CARTESIAN_POINT('',(-1.47903738392282,0.099999999999999,
-3.32993396014411));
#23040=DIRECTION('',(0.,0.,1.));
#23050=VECTOR('',#23040,1.);
#23060=LINE('',#23030,#23050);
#23070=CARTESIAN_POINT('',(-1.47903738392281,0.099999999999999,
0.755066039855885));
#23080=VERTEX_POINT('',#23070);
#23090=CARTESIAN_POINT('',(-1.47903738392281,0.099999999999999,
0.905066039855885));
#23100=VERTEX_POINT('',#23090);
#23110=EDGE_CURVE('',#23080,#23100,#23060,.T.);
#23120=ORIENTED_EDGE('',*,*,#23110,.T.);
#23130=CARTESIAN_POINT('',(0.860962616077189,0.099999999999999,
0.755066039855885));
#23140=DIRECTION('',(-1.,0.,-0.));
#23150=VECTOR('',#23140,1.);
#23160=LINE('',#23130,#23150);
#23170=CARTESIAN_POINT('',(-1.21903738392281,0.099999999999999,
0.755066039855885));
#23180=VERTEX_POINT('',#23170);
#23190=EDGE_CURVE('',#23180,#23080,#23160,.T.);
#23200=ORIENTED_EDGE('',*,*,#23190,.T.);
#23210=CARTESIAN_POINT('',(-1.21903738392281,0.099999999999999,
0.905066039855885));
#23220=DIRECTION('',(0.,0.,-1.));
#23230=VECTOR('',#23220,1.);
#23240=LINE('',#23210,#23230);
#23250=CARTESIAN_POINT('',(-1.21903738392281,0.099999999999999,
0.905066039855885));
#23260=VERTEX_POINT('',#23250);
#23270=EDGE_CURVE('',#23260,#23180,#23240,.T.);
#23280=ORIENTED_EDGE('',*,*,#23270,.T.);
#23290=CARTESIAN_POINT('',(0.860962616077189,0.099999999999999,
0.905066039855885));
#23300=DIRECTION('',(1.,0.,-0.));
#23310=VECTOR('',#23300,1.);
#23320=LINE('',#23290,#23310);
#23330=EDGE_CURVE('',#23100,#23260,#23320,.T.);
#23340=ORIENTED_EDGE('',*,*,#23330,.T.);
#23350=EDGE_LOOP('',(#23340,#23280,#23200,#23120));
#23360=FACE_OUTER_BOUND('',#23350,.T.);
#23370=ADVANCED_FACE('',(#23360),#23020,.T.);
#23380=CARTESIAN_POINT('',(-0.905034233922811,-0.00625315000000093,
0.755066039855885));
#23390=DIRECTION('',(0.,0.,-1.));
#23400=DIRECTION('',(-1.,0.,-0.));
#23410=AXIS2_PLACEMENT_3D('',#23380,#23390,#23400);
#23420=PLANE('',#23410);
#23430=CARTESIAN_POINT('',(0.860962616077189,0.249999999999999,
0.755066039855885));
#23440=DIRECTION('',(-1.,0.,-0.));
#23450=VECTOR('',#23440,1.);
#23460=LINE('',#23430,#23450);
#23470=CARTESIAN_POINT('',(-1.01903738392281,0.249999999999999,
0.755066039855885));
#23480=VERTEX_POINT('',#23470);
#23490=EDGE_CURVE('',#4940,#23480,#23460,.T.);
#23500=ORIENTED_EDGE('',*,*,#23490,.F.);
#23510=CARTESIAN_POINT('',(-1.01903738392281,0.099999999999999,
0.755066039855885));
#23520=DIRECTION('',(-0.,-0.,1.));
#23530=DIRECTION('',(-1.,0.,0.));
#23540=AXIS2_PLACEMENT_3D('',#23510,#23520,#23530);
#23550=CIRCLE('',#23540,0.150000000000001);
#23560=EDGE_CURVE('',#23480,#22780,#23550,.T.);
#23570=ORIENTED_EDGE('',*,*,#23560,.F.);
#23580=ORIENTED_EDGE('',*,*,#22790,.F.);
#23590=CARTESIAN_POINT('',(-1.21903738392281,0.149999999999996,
0.755066039855885));
#23600=DIRECTION('',(-0.,-0.,1.));
#23610=DIRECTION('',(-1.,0.,-0.));
#23620=AXIS2_PLACEMENT_3D('',#23590,#23600,#23610);
#23630=CIRCLE('',#23620,0.0499999999999966);
#23640=EDGE_CURVE('',#23180,#22700,#23630,.T.);
#23650=ORIENTED_EDGE('',*,*,#23640,.T.);
#23660=ORIENTED_EDGE('',*,*,#23190,.F.);
#23670=CARTESIAN_POINT('',(-1.47903738392282,0.649999999999997,
0.755066039855885));
#23680=DIRECTION('',(-0.,-1.,-0.));
#23690=VECTOR('',#23680,1.);
#23700=LINE('',#23670,#23690);
#23710=CARTESIAN_POINT('',(-1.47903738392282,-9.99200722162641E-16,
0.755066039855885));
#23720=VERTEX_POINT('',#23710);
#23730=EDGE_CURVE('',#23080,#23720,#23700,.T.);
#23740=ORIENTED_EDGE('',*,*,#23730,.F.);
#23750=CARTESIAN_POINT('',(0.860962616077189,-9.99200722162641E-16,
0.755066039855885));
#23760=DIRECTION('',(1.,0.,-0.));
#23770=VECTOR('',#23760,1.);
#23780=LINE('',#23750,#23770);
#23790=CARTESIAN_POINT('',(-1.21903738392281,-9.99200722162641E-16,
0.755066039855885));
#23800=VERTEX_POINT('',#23790);
#23810=EDGE_CURVE('',#23720,#23800,#23780,.T.);
#23820=ORIENTED_EDGE('',*,*,#23810,.F.);
#23830=CARTESIAN_POINT('',(-1.21903738392281,0.149999999999999,
0.755066039855885));
#23840=DIRECTION('',(-0.,-0.,1.));
#23850=DIRECTION('',(-1.,0.,0.));
#23860=AXIS2_PLACEMENT_3D('',#23830,#23840,#23850);
#23870=CIRCLE('',#23860,0.149999999999999);
#23880=CARTESIAN_POINT('',(-1.08668444274634,0.0794117647058811,
0.755066039855885));
#23890=VERTEX_POINT('',#23880);
#23900=EDGE_CURVE('',#23800,#23890,#23870,.T.);
#23910=ORIENTED_EDGE('',*,*,#23900,.F.);
#23920=CARTESIAN_POINT('',(-0.782370717256146,0.649999999999997,
0.755066039855885));
#23930=DIRECTION('',(0.470588235294125,0.882352941176467,-0.));
#23940=VECTOR('',#23930,1.);
#23950=LINE('',#23920,#23940);
#23960=CARTESIAN_POINT('',(-1.06315503098164,0.123529411764705,
0.755066039855885));
#23970=VERTEX_POINT('',#23960);
#23980=EDGE_CURVE('',#23890,#23970,#23950,.T.);
#23990=ORIENTED_EDGE('',*,*,#23980,.F.);
#24000=CARTESIAN_POINT('',(-1.01903738392281,0.0999999999999994,
0.755066039855885));
#24010=DIRECTION('',(-0.,-0.,1.));
#24020=DIRECTION('',(-1.,0.,-0.));
#24030=AXIS2_PLACEMENT_3D('',#24000,#24010,#24020);
#24040=CIRCLE('',#24030,0.0500000000000001);
#24050=CARTESIAN_POINT('',(-1.01903738392281,0.149999999999999,
0.755066039855885));
#24060=VERTEX_POINT('',#24050);
#24070=EDGE_CURVE('',#24060,#23970,#24040,.T.);
#24080=ORIENTED_EDGE('',*,*,#24070,.T.);
#24090=CARTESIAN_POINT('',(0.860962616077189,0.15,0.755066039855885));
#24100=DIRECTION('',(1.,0.,-0.));
#24110=VECTOR('',#24100,1.);
#24120=LINE('',#24090,#24110);
#24130=EDGE_CURVE('',#24060,#5020,#24120,.T.);
#24140=ORIENTED_EDGE('',*,*,#24130,.F.);
#24150=ORIENTED_EDGE('',*,*,#5030,.T.);
#24160=EDGE_LOOP('',(#24150,#24140,#24080,#23990,#23910,#23820,#23740,
#23660,#23650,#23580,#23570,#23500));
#24170=FACE_OUTER_BOUND('',#24160,.T.);
#24180=ADVANCED_FACE('',(#24170),#23420,.T.);
#24190=CARTESIAN_POINT('',(-1.21253423392281,-9.99200722162641E-16,
0.908819189855885));
#24200=DIRECTION('',(0.,-1.,0.));
#24210=DIRECTION('',(-1.,-0.,0.));
#24220=AXIS2_PLACEMENT_3D('',#24190,#24200,#24210);
#24230=PLANE('',#24220);
#24240=CARTESIAN_POINT('',(0.860962616077189,-9.99200722162641E-16,
0.905066039855885));
#24250=DIRECTION('',(-1.,0.,0.));
#24260=VECTOR('',#24250,1.);
#24270=LINE('',#24240,#24260);
#24280=CARTESIAN_POINT('',(-1.21903738392281,-9.99200722162641E-16,
0.905066039855885));
#24290=VERTEX_POINT('',#24280);
#24300=CARTESIAN_POINT('',(-1.47903738392282,-9.99200722162641E-16,
0.905066039855885));
#24310=VERTEX_POINT('',#24300);
#24320=EDGE_CURVE('',#24290,#24310,#24270,.T.);
#24330=ORIENTED_EDGE('',*,*,#24320,.T.);
#24340=CARTESIAN_POINT('',(-1.21903738392281,-9.99200722162641E-16,
0.905066039855885));
#24350=DIRECTION('',(0.,0.,-1.));
#24360=VECTOR('',#24350,1.);
#24370=LINE('',#24340,#24360);
#24380=EDGE_CURVE('',#24290,#23800,#24370,.T.);
#24390=ORIENTED_EDGE('',*,*,#24380,.F.);
#24400=ORIENTED_EDGE('',*,*,#23810,.T.);
#24410=CARTESIAN_POINT('',(-1.47903738392282,-9.99200722162641E-16,
-3.32993396014411));
#24420=DIRECTION('',(-0.,0.,-1.));
#24430=VECTOR('',#24420,1.);
#24440=LINE('',#24410,#24430);
#24450=EDGE_CURVE('',#24310,#23720,#24440,.T.);
#24460=ORIENTED_EDGE('',*,*,#24450,.T.);
#24470=EDGE_LOOP('',(#24460,#24400,#24390,#24330));
#24480=FACE_OUTER_BOUND('',#24470,.T.);
#24490=ADVANCED_FACE('',(#24480),#24230,.T.);
#24500=CARTESIAN_POINT('',(-1.06256531333458,0.12463513235294,
0.908819189855885));
#24510=DIRECTION('',(0.882352941176467,-0.470588235294125,0.));
#24520=DIRECTION('',(-0.470588235294125,-0.882352941176467,0.));
#24530=AXIS2_PLACEMENT_3D('',#24500,#24510,#24520);
#24540=PLANE('',#24530);
#24550=CARTESIAN_POINT('',(-1.06315503098164,0.123529411764705,
0.905066039855885));
#24560=DIRECTION('',(0.,0.,-1.));
#24570=VECTOR('',#24560,1.);
#24580=LINE('',#24550,#24570);
#24590=CARTESIAN_POINT('',(-1.06315503098164,0.123529411764705,
0.905066039855885));
#24600=VERTEX_POINT('',#24590);
#24610=EDGE_CURVE('',#24600,#23970,#24580,.T.);
#24620=ORIENTED_EDGE('',*,*,#24610,.F.);
#24630=ORIENTED_EDGE('',*,*,#23980,.T.);
#24640=CARTESIAN_POINT('',(-1.08668444274634,0.0794117647058811,
0.905066039855885));
#24650=DIRECTION('',(0.,0.,-1.));
#24660=VECTOR('',#24650,1.);
#24670=LINE('',#24640,#24660);
#24680=CARTESIAN_POINT('',(-1.08668444274634,0.0794117647058811,
0.905066039855885));
#24690=VERTEX_POINT('',#24680);
#24700=EDGE_CURVE('',#24690,#23890,#24670,.T.);
#24710=ORIENTED_EDGE('',*,*,#24700,.T.);
#24720=CARTESIAN_POINT('',(-0.782370717256146,0.649999999999997,
0.905066039855885));
#24730=DIRECTION('',(-0.470588235294125,-0.882352941176467,0.));
#24740=VECTOR('',#24730,1.);
#24750=LINE('',#24720,#24740);
#24760=EDGE_CURVE('',#24600,#24690,#24750,.T.);
#24770=ORIENTED_EDGE('',*,*,#24760,.T.);
#24780=EDGE_LOOP('',(#24770,#24710,#24630,#24620));
#24790=FACE_OUTER_BOUND('',#24780,.T.);
#24800=ADVANCED_FACE('',(#24790),#24540,.T.);
#24810=CARTESIAN_POINT('',(-1.49304053392282,-0.00625315000000093,
0.905066039855885));
#24820=DIRECTION('',(0.,0.,1.));
#24830=DIRECTION('',(1.,0.,-0.));
#24840=AXIS2_PLACEMENT_3D('',#24810,#24820,#24830);
#24850=PLANE('',#24840);
#24860=CARTESIAN_POINT('',(0.860962616077189,0.15,0.905066039855885));
#24870=DIRECTION('',(-1.,-0.,-0.));
#24880=VECTOR('',#24870,1.);
#24890=LINE('',#24860,#24880);
#24900=CARTESIAN_POINT('',(-1.01903738392281,0.149999999999999,
0.905066039855885));
#24910=VERTEX_POINT('',#24900);
#24920=EDGE_CURVE('',#4780,#24910,#24890,.T.);
#24930=ORIENTED_EDGE('',*,*,#24920,.F.);
#24940=CARTESIAN_POINT('',(-1.01903738392281,0.0999999999999994,
0.905066039855885));
#24950=DIRECTION('',(-0.,-0.,1.));
#24960=DIRECTION('',(-1.,0.,-0.));
#24970=AXIS2_PLACEMENT_3D('',#24940,#24950,#24960);
#24980=CIRCLE('',#24970,0.0500000000000001);
#24990=EDGE_CURVE('',#24910,#24600,#24980,.T.);
#25000=ORIENTED_EDGE('',*,*,#24990,.F.);
#25010=ORIENTED_EDGE('',*,*,#24760,.F.);
#25020=CARTESIAN_POINT('',(-1.21903738392281,0.149999999999999,
0.905066039855885));
#25030=DIRECTION('',(-0.,-0.,1.));
#25040=DIRECTION('',(-1.,0.,0.));
#25050=AXIS2_PLACEMENT_3D('',#25020,#25030,#25040);
#25060=CIRCLE('',#25050,0.149999999999999);
#25070=EDGE_CURVE('',#24290,#24690,#25060,.T.);
#25080=ORIENTED_EDGE('',*,*,#25070,.T.);
#25090=ORIENTED_EDGE('',*,*,#24320,.F.);
#25100=CARTESIAN_POINT('',(-1.47903738392282,0.649999999999997,
0.905066039855885));
#25110=DIRECTION('',(0.,1.,-0.));
#25120=VECTOR('',#25110,1.);
#25130=LINE('',#25100,#25120);
#25140=EDGE_CURVE('',#24310,#23100,#25130,.T.);
#25150=ORIENTED_EDGE('',*,*,#25140,.F.);
#25160=ORIENTED_EDGE('',*,*,#23330,.F.);
#25170=CARTESIAN_POINT('',(-1.21903738392281,0.149999999999996,
0.905066039855885));
#25180=DIRECTION('',(-0.,-0.,1.));
#25190=DIRECTION('',(-1.,0.,-0.));
#25200=AXIS2_PLACEMENT_3D('',#25170,#25180,#25190);
#25210=CIRCLE('',#25200,0.0499999999999966);
#25220=EDGE_CURVE('',#23260,#22680,#25210,.T.);
#25230=ORIENTED_EDGE('',*,*,#25220,.F.);
#25240=ORIENTED_EDGE('',*,*,#22930,.F.);
#25250=CARTESIAN_POINT('',(-1.01903738392281,0.099999999999999,
0.905066039855885));
#25260=DIRECTION('',(-0.,-0.,1.));
#25270=DIRECTION('',(-1.,0.,0.));
#25280=AXIS2_PLACEMENT_3D('',#25250,#25260,#25270);
#25290=CIRCLE('',#25280,0.150000000000001);
#25300=CARTESIAN_POINT('',(-1.01903738392281,0.249999999999999,
0.905066039855885));
#25310=VERTEX_POINT('',#25300);
#25320=EDGE_CURVE('',#25310,#22860,#25290,.T.);
#25330=ORIENTED_EDGE('',*,*,#25320,.T.);
#25340=CARTESIAN_POINT('',(0.860962616077189,0.249999999999999,
0.905066039855885));
#25350=DIRECTION('',(1.,-0.,-0.));
#25360=VECTOR('',#25350,1.);
#25370=LINE('',#25340,#25360);
#25380=EDGE_CURVE('',#25310,#4860,#25370,.T.);
#25390=ORIENTED_EDGE('',*,*,#25380,.F.);
#25400=ORIENTED_EDGE('',*,*,#4870,.T.);
#25410=EDGE_LOOP('',(#25400,#25390,#25330,#25240,#25230,#25160,#25150,
#25090,#25080,#25010,#25000,#24930));
#25420=FACE_OUTER_BOUND('',#25410,.T.);
#25430=ADVANCED_FACE('',(#25420),#24850,.T.);
#25440=CARTESIAN_POINT('',(-1.21903738392281,0.149999999999999,
0.908837039855885));
#25450=DIRECTION('',(0.,0.,-1.));
#25460=DIRECTION('',(-1.,0.,-0.));
#25470=AXIS2_PLACEMENT_3D('',#25440,#25450,#25460);
#25480=CYLINDRICAL_SURFACE('',#25470,0.149999999999999);
#25490=ORIENTED_EDGE('',*,*,#25070,.F.);
#25500=ORIENTED_EDGE('',*,*,#24700,.F.);
#25510=ORIENTED_EDGE('',*,*,#23900,.T.);
#25520=ORIENTED_EDGE('',*,*,#24380,.T.);
#25530=EDGE_LOOP('',(#25520,#25510,#25500,#25490));
#25540=FACE_OUTER_BOUND('',#25530,.T.);
#25550=ADVANCED_FACE('',(#25540),#25480,.T.);
#25560=CARTESIAN_POINT('',(-1.02154053392281,0.249999999999999,
0.908819189855885));
#25570=DIRECTION('',(0.,1.,0.));
#25580=DIRECTION('',(1.,-0.,0.));
#25590=AXIS2_PLACEMENT_3D('',#25560,#25570,#25580);
#25600=PLANE('',#25590);
#25610=CARTESIAN_POINT('',(-1.01903738392281,0.249999999999999,
0.905066039855885));
#25620=DIRECTION('',(0.,0.,-1.));
#25630=VECTOR('',#25620,1.);
#25640=LINE('',#25610,#25630);
#25650=EDGE_CURVE('',#25310,#23480,#25640,.T.);
#25660=ORIENTED_EDGE('',*,*,#25650,.F.);
#25670=ORIENTED_EDGE('',*,*,#23490,.T.);
#25680=ORIENTED_EDGE('',*,*,#4950,.F.);
#25690=ORIENTED_EDGE('',*,*,#25380,.T.);
#25700=EDGE_LOOP('',(#25690,#25680,#25670,#25660));
#25710=FACE_OUTER_BOUND('',#25700,.T.);
#25720=ADVANCED_FACE('',(#25710),#25600,.T.);
#25730=CARTESIAN_POINT('',(-1.01903738392281,0.099999999999999,
0.908837039855887));
#25740=DIRECTION('',(0.,0.,-1.));
#25750=DIRECTION('',(-1.,0.,-0.));
#25760=AXIS2_PLACEMENT_3D('',#25730,#25740,#25750);
#25770=CYLINDRICAL_SURFACE('',#25760,0.150000000000001);
#25780=ORIENTED_EDGE('',*,*,#25320,.F.);
#25790=ORIENTED_EDGE('',*,*,#22870,.F.);
#25800=ORIENTED_EDGE('',*,*,#23560,.T.);
#25810=ORIENTED_EDGE('',*,*,#25650,.T.);
#25820=EDGE_LOOP('',(#25810,#25800,#25790,#25780));
#25830=FACE_OUTER_BOUND('',#25820,.T.);
#25840=ADVANCED_FACE('',(#25830),#25770,.T.);
#25850=CARTESIAN_POINT('',(-1.21903738392281,0.149999999999996,
0.908879039855885));
#25860=DIRECTION('',(0.,0.,-1.));
#25870=DIRECTION('',(-1.,0.,-0.));
#25880=AXIS2_PLACEMENT_3D('',#25850,#25860,#25870);
#25890=CYLINDRICAL_SURFACE('',#25880,0.0499999999999966);
#25900=ORIENTED_EDGE('',*,*,#23640,.F.);
#25910=ORIENTED_EDGE('',*,*,#22710,.T.);
#25920=ORIENTED_EDGE('',*,*,#25220,.T.);
#25930=ORIENTED_EDGE('',*,*,#23270,.F.);
#25940=EDGE_LOOP('',(#25930,#25920,#25910,#25900));
#25950=FACE_OUTER_BOUND('',#25940,.T.);
#25960=ADVANCED_FACE('',(#25950),#25890,.F.);
#25970=CARTESIAN_POINT('',(-1.47903738392282,-0.00250315000000101,
0.908819189855885));
#25980=DIRECTION('',(-1.,0.,0.));
#25990=DIRECTION('',(0.,1.,0.));
#26000=AXIS2_PLACEMENT_3D('',#25970,#25980,#25990);
#26010=PLANE('',#26000);
#26020=ORIENTED_EDGE('',*,*,#23110,.F.);
#26030=ORIENTED_EDGE('',*,*,#25140,.T.);
#26040=ORIENTED_EDGE('',*,*,#24450,.F.);
#26050=ORIENTED_EDGE('',*,*,#23730,.T.);
#26060=EDGE_LOOP('',(#26050,#26040,#26030,#26020));
#26070=FACE_OUTER_BOUND('',#26060,.T.);
#26080=ADVANCED_FACE('',(#26070),#26010,.T.);
#26090=CARTESIAN_POINT('',(0.92845946607719,0.249999999999999,
-3.49118081014411));
#26100=DIRECTION('',(0.,1.,0.));
#26110=DIRECTION('',(1.,-0.,0.));
#26120=AXIS2_PLACEMENT_3D('',#26090,#26100,#26110);
#26130=PLANE('',#26120);
#26140=CARTESIAN_POINT('',(0.860962616077189,0.249999999999999,
-3.64493396014411));
#26150=DIRECTION('',(1.,-0.,0.));
#26160=VECTOR('',#26150,1.);
#26170=LINE('',#26140,#26160);
#26180=CARTESIAN_POINT('',(0.93096261607719,0.249999999999999,
-3.64493396014411));
#26190=VERTEX_POINT('',#26180);
#26200=CARTESIAN_POINT('',(1.03096261607719,0.249999999999999,
-3.64493396014411));
#26210=VERTEX_POINT('',#26200);
#26220=EDGE_CURVE('',#26190,#26210,#26170,.T.);
#26230=ORIENTED_EDGE('',*,*,#26220,.F.);
#26240=CARTESIAN_POINT('',(1.03096261607719,0.249999999999999,
-3.49493396014411));
#26250=DIRECTION('',(0.,0.,-1.));
#26260=VECTOR('',#26250,1.);
#26270=LINE('',#26240,#26260);
#26280=CARTESIAN_POINT('',(1.03096261607719,0.249999999999999,
-3.49493396014411));
#26290=VERTEX_POINT('',#26280);
#26300=EDGE_CURVE('',#26290,#26210,#26270,.T.);
#26310=ORIENTED_EDGE('',*,*,#26300,.T.);
#26320=CARTESIAN_POINT('',(0.860962616077189,0.249999999999999,
-3.49493396014411));
#26330=DIRECTION('',(-1.,-0.,0.));
#26340=VECTOR('',#26330,1.);
#26350=LINE('',#26320,#26340);
#26360=CARTESIAN_POINT('',(0.93096261607719,0.249999999999999,
-3.49493396014411));
#26370=VERTEX_POINT('',#26360);
#26380=EDGE_CURVE('',#26290,#26370,#26350,.T.);
#26390=ORIENTED_EDGE('',*,*,#26380,.F.);
#26400=CARTESIAN_POINT('',(0.930962616077187,0.249999999999999,
-3.32993396014411));
#26410=DIRECTION('',(-0.,-0.,1.));
#26420=VECTOR('',#26410,1.);
#26430=LINE('',#26400,#26420);
#26440=EDGE_CURVE('',#26190,#26370,#26430,.T.);
#26450=ORIENTED_EDGE('',*,*,#26440,.T.);
#26460=EDGE_LOOP('',(#26450,#26390,#26310,#26230));
#26470=FACE_OUTER_BOUND('',#26460,.T.);
#26480=ADVANCED_FACE('',(#26470),#26130,.T.);
#26490=CARTESIAN_POINT('',(1.1627258396066,0.171693955882352,
2.50881918985588));
#26500=DIRECTION('',(0.882352941176471,0.470588235294118,0.));
#26510=DIRECTION('',(0.470588235294118,-0.882352941176471,0.));
#26520=AXIS2_PLACEMENT_3D('',#26490,#26500,#26510);
#26530=PLANE('',#26520);
#26540=CARTESIAN_POINT('',(1.16331555725366,0.170588235294117,
2.50506603985589));
#26550=DIRECTION('',(0.,0.,-1.));
#26560=VECTOR('',#26550,1.);
#26570=LINE('',#26540,#26560);
#26580=CARTESIAN_POINT('',(1.16331555725366,0.170588235294117,
2.50506603985589));
#26590=VERTEX_POINT('',#26580);
#26600=CARTESIAN_POINT('',(1.16331555725366,0.170588235294117,
2.35506603985588));
#26610=VERTEX_POINT('',#26600);
#26620=EDGE_CURVE('',#26590,#26610,#26570,.T.);
#26630=ORIENTED_EDGE('',*,*,#26620,.F.);
#26640=CARTESIAN_POINT('',(0.907629282743856,0.649999999999997,
2.35506603985588));
#26650=DIRECTION('',(0.470588235294118,-0.882352941176471,-0.));
#26660=VECTOR('',#26650,1.);
#26670=LINE('',#26640,#26660);
#26680=CARTESIAN_POINT('',(1.18684496901837,0.126470588235293,
2.35506603985588));
#26690=VERTEX_POINT('',#26680);
#26700=EDGE_CURVE('',#26610,#26690,#26670,.T.);
#26710=ORIENTED_EDGE('',*,*,#26700,.F.);
#26720=CARTESIAN_POINT('',(1.18684496901837,0.126470588235293,
2.50506603985589));
#26730=DIRECTION('',(0.,0.,-1.));
#26740=VECTOR('',#26730,1.);
#26750=LINE('',#26720,#26740);
#26760=CARTESIAN_POINT('',(1.18684496901837,0.126470588235293,
2.50506603985589));
#26770=VERTEX_POINT('',#26760);
#26780=EDGE_CURVE('',#26770,#26690,#26750,.T.);
#26790=ORIENTED_EDGE('',*,*,#26780,.T.);
#26800=CARTESIAN_POINT('',(0.907629282743856,0.649999999999997,
2.50506603985589));
#26810=DIRECTION('',(-0.470588235294118,0.882352941176471,-0.));
#26820=VECTOR('',#26810,1.);
#26830=LINE('',#26800,#26820);
#26840=EDGE_CURVE('',#26770,#26590,#26830,.T.);
#26850=ORIENTED_EDGE('',*,*,#26840,.F.);
#26860=EDGE_LOOP('',(#26850,#26790,#26710,#26630));
#26870=FACE_OUTER_BOUND('',#26860,.T.);
#26880=ADVANCED_FACE('',(#26870),#26530,.T.);
#26890=CARTESIAN_POINT('',(1.03096261607719,0.0999999999999989,
2.50883703985589));
#26900=DIRECTION('',(0.,0.,-1.));
#26910=DIRECTION('',(-1.,0.,-0.));
#26920=AXIS2_PLACEMENT_3D('',#26890,#26900,#26910);
#26930=CYLINDRICAL_SURFACE('',#26920,0.150000000000001);
#26940=CARTESIAN_POINT('',(1.03096261607719,0.249999999999999,
2.50506603985589));
#26950=DIRECTION('',(0.,0.,-1.));
#26960=VECTOR('',#26950,1.);
#26970=LINE('',#26940,#26960);
#26980=CARTESIAN_POINT('',(1.03096261607719,0.249999999999999,
2.50506603985589));
#26990=VERTEX_POINT('',#26980);
#27000=CARTESIAN_POINT('',(1.03096261607719,0.249999999999999,
2.35506603985588));
#27010=VERTEX_POINT('',#27000);
#27020=EDGE_CURVE('',#26990,#27010,#26970,.T.);
#27030=ORIENTED_EDGE('',*,*,#27020,.F.);
#27040=CARTESIAN_POINT('',(1.03096261607719,0.0999999999999989,
2.35506603985588));
#27050=DIRECTION('',(0.,0.,-1.));
#27060=DIRECTION('',(-1.,0.,0.));
#27070=AXIS2_PLACEMENT_3D('',#27040,#27050,#27060);
#27080=CIRCLE('',#27070,0.150000000000001);
#27090=EDGE_CURVE('',#27010,#26610,#27080,.T.);
#27100=ORIENTED_EDGE('',*,*,#27090,.F.);
#27110=ORIENTED_EDGE('',*,*,#26620,.T.);
#27120=CARTESIAN_POINT('',(1.03096261607719,0.0999999999999989,
2.50506603985589));
#27130=DIRECTION('',(0.,0.,-1.));
#27140=DIRECTION('',(-1.,0.,0.));
#27150=AXIS2_PLACEMENT_3D('',#27120,#27130,#27140);
#27160=CIRCLE('',#27150,0.150000000000001);
#27170=EDGE_CURVE('',#26990,#26590,#27160,.T.);
#27180=ORIENTED_EDGE('',*,*,#27170,.T.);
#27190=EDGE_LOOP('',(#27180,#27110,#27100,#27030));
#27200=FACE_OUTER_BOUND('',#27190,.T.);
#27210=ADVANCED_FACE('',(#27200),#26930,.T.);
#27220=CARTESIAN_POINT('',(1.23096261607719,0.149999999999997,
2.50887903985589));
#27230=DIRECTION('',(0.,0.,-1.));
#27240=DIRECTION('',(-1.,0.,-0.));
#27250=AXIS2_PLACEMENT_3D('',#27220,#27230,#27240);
#27260=CYLINDRICAL_SURFACE('',#27250,0.0499999999999974);
#27270=CARTESIAN_POINT('',(1.23096261607719,0.099999999999999,
2.50506603985589));
#27280=DIRECTION('',(0.,0.,-1.));
#27290=VECTOR('',#27280,1.);
#27300=LINE('',#27270,#27290);
#27310=CARTESIAN_POINT('',(1.23096261607719,0.099999999999999,
2.50506603985589));
#27320=VERTEX_POINT('',#27310);
#27330=CARTESIAN_POINT('',(1.23096261607719,0.099999999999999,
2.35506603985588));
#27340=VERTEX_POINT('',#27330);
#27350=EDGE_CURVE('',#27320,#27340,#27300,.T.);
#27360=ORIENTED_EDGE('',*,*,#27350,.T.);
#27370=CARTESIAN_POINT('',(1.23096261607719,0.149999999999997,
2.50506603985589));
#27380=DIRECTION('',(0.,0.,-1.));
#27390=DIRECTION('',(-1.,0.,-0.));
#27400=AXIS2_PLACEMENT_3D('',#27370,#27380,#27390);
#27410=CIRCLE('',#27400,0.0499999999999974);
#27420=EDGE_CURVE('',#27320,#26770,#27410,.T.);
#27430=ORIENTED_EDGE('',*,*,#27420,.F.);
#27440=ORIENTED_EDGE('',*,*,#26780,.F.);
#27450=CARTESIAN_POINT('',(1.23096261607719,0.149999999999997,
2.35506603985588));
#27460=DIRECTION('',(0.,0.,-1.));
#27470=DIRECTION('',(-1.,0.,-0.));
#27480=AXIS2_PLACEMENT_3D('',#27450,#27460,#27470);
#27490=CIRCLE('',#27480,0.0499999999999974);
#27500=EDGE_CURVE('',#27340,#26690,#27490,.T.);
#27510=ORIENTED_EDGE('',*,*,#27500,.T.);
#27520=EDGE_LOOP('',(#27510,#27440,#27430,#27360));
#27530=FACE_OUTER_BOUND('',#27520,.T.);
#27540=ADVANCED_FACE('',(#27530),#27260,.F.);
#27550=CARTESIAN_POINT('',(1.09919939254778,0.0783060441176461,
2.50881918985588));
#27560=DIRECTION('',(-0.882352941176466,-0.470588235294126,0.));
#27570=DIRECTION('',(-0.470588235294126,0.882352941176466,0.));
#27580=AXIS2_PLACEMENT_3D('',#27550,#27560,#27570);
#27590=PLANE('',#27580);
#27600=CARTESIAN_POINT('',(1.09860967490072,0.0794117647058811,
2.50506603985589));
#27610=DIRECTION('',(0.,0.,-1.));
#27620=VECTOR('',#27610,1.);
#27630=LINE('',#27600,#27620);
#27640=CARTESIAN_POINT('',(1.09860967490072,0.0794117647058811,
2.50506603985589));
#27650=VERTEX_POINT('',#27640);
#27660=CARTESIAN_POINT('',(1.09860967490072,0.0794117647058811,
2.35506603985588));
#27670=VERTEX_POINT('',#27660);
#27680=EDGE_CURVE('',#27650,#27670,#27630,.T.);
#27690=ORIENTED_EDGE('',*,*,#27680,.F.);
#27700=CARTESIAN_POINT('',(0.794295949410517,0.649999999999997,
2.35506603985588));
#27710=DIRECTION('',(-0.470588235294126,0.882352941176466,-0.));
#27720=VECTOR('',#27710,1.);
#27730=LINE('',#27700,#27720);
#27740=CARTESIAN_POINT('',(1.07508026313601,0.123529411764705,
2.35506603985588));
#27750=VERTEX_POINT('',#27740);
#27760=EDGE_CURVE('',#27670,#27750,#27730,.T.);
#27770=ORIENTED_EDGE('',*,*,#27760,.F.);
#27780=CARTESIAN_POINT('',(1.07508026313601,0.123529411764705,
2.50506603985589));
#27790=DIRECTION('',(0.,0.,-1.));
#27800=VECTOR('',#27790,1.);
#27810=LINE('',#27780,#27800);
#27820=CARTESIAN_POINT('',(1.07508026313601,0.123529411764705,
2.50506603985589));
#27830=VERTEX_POINT('',#27820);
#27840=EDGE_CURVE('',#27830,#27750,#27810,.T.);
#27850=ORIENTED_EDGE('',*,*,#27840,.T.);
#27860=CARTESIAN_POINT('',(0.794295949410517,0.649999999999997,
2.50506603985589));
#27870=DIRECTION('',(0.470588235294126,-0.882352941176466,-0.));
#27880=VECTOR('',#27870,1.);
#27890=LINE('',#27860,#27880);
#27900=EDGE_CURVE('',#27830,#27650,#27890,.T.);
#27910=ORIENTED_EDGE('',*,*,#27900,.F.);
#27920=EDGE_LOOP('',(#27910,#27850,#27770,#27690));
#27930=FACE_OUTER_BOUND('',#27920,.T.);
#27940=ADVANCED_FACE('',(#27930),#27590,.T.);
#27950=CARTESIAN_POINT('',(1.23096261607719,0.149999999999998,
2.50883703985589));
#27960=DIRECTION('',(0.,0.,-1.));
#27970=DIRECTION('',(-1.,0.,-0.));
#27980=AXIS2_PLACEMENT_3D('',#27950,#27960,#27970);
#27990=CYLINDRICAL_SURFACE('',#27980,0.149999999999999);
#28000=CARTESIAN_POINT('',(1.23096261607719,-9.99200722162641E-16,
2.50506603985589));
#28010=DIRECTION('',(0.,0.,-1.));
#28020=VECTOR('',#28010,1.);
#28030=LINE('',#28000,#28020);
#28040=CARTESIAN_POINT('',(1.23096261607719,0.,2.50506603985589));
#28050=VERTEX_POINT('',#28040);
#28060=CARTESIAN_POINT('',(1.23096261607719,-9.99200722162641E-16,
2.35506603985588));
#28070=VERTEX_POINT('',#28060);
#28080=EDGE_CURVE('',#28050,#28070,#28030,.T.);
#28090=ORIENTED_EDGE('',*,*,#28080,.F.);
#28100=CARTESIAN_POINT('',(1.23096261607719,0.149999999999998,
2.35506603985588));
#28110=DIRECTION('',(0.,0.,-1.));
#28120=DIRECTION('',(-1.,0.,0.));
#28130=AXIS2_PLACEMENT_3D('',#28100,#28110,#28120);
#28140=CIRCLE('',#28130,0.149999999999999);
#28150=EDGE_CURVE('',#28070,#27670,#28140,.T.);
#28160=ORIENTED_EDGE('',*,*,#28150,.F.);
#28170=ORIENTED_EDGE('',*,*,#27680,.T.);
#28180=CARTESIAN_POINT('',(1.23096261607719,0.149999999999998,
2.50506603985589));
#28190=DIRECTION('',(0.,0.,-1.));
#28200=DIRECTION('',(-1.,0.,0.));
#28210=AXIS2_PLACEMENT_3D('',#28180,#28190,#28200);
#28220=CIRCLE('',#28210,0.149999999999999);
#28230=EDGE_CURVE('',#28050,#27650,#28220,.T.);
#28240=ORIENTED_EDGE('',*,*,#28230,.T.);
#28250=EDGE_LOOP('',(#28240,#28170,#28160,#28090));
#28260=FACE_OUTER_BOUND('',#28250,.T.);
#28270=ADVANCED_FACE('',(#28260),#27990,.T.);
#28280=CARTESIAN_POINT('',(1.22445946607719,0.099999999999999,
1.30881918985588));
#28290=DIRECTION('',(0.,1.,0.));
#28300=DIRECTION('',(1.,-0.,0.));
#28310=AXIS2_PLACEMENT_3D('',#28280,#28290,#28300);
#28320=PLANE('',#28310);
#28330=CARTESIAN_POINT('',(1.23096261607719,0.099999999999999,
1.30506603985588));
#28340=DIRECTION('',(0.,0.,-1.));
#28350=VECTOR('',#28340,1.);
#28360=LINE('',#28330,#28350);
#28370=CARTESIAN_POINT('',(1.23096261607719,0.099999999999999,
1.30506603985588));
#28380=VERTEX_POINT('',#28370);
#28390=CARTESIAN_POINT('',(1.23096261607719,0.099999999999999,
1.15506603985589));
#28400=VERTEX_POINT('',#28390);
#28410=EDGE_CURVE('',#28380,#28400,#28360,.T.);
#28420=ORIENTED_EDGE('',*,*,#28410,.F.);
#28430=CARTESIAN_POINT('',(0.860962616077189,0.099999999999999,
1.15506603985589));
#28440=DIRECTION('',(1.,-0.,0.));
#28450=VECTOR('',#28440,1.);
#28460=LINE('',#28430,#28450);
#28470=CARTESIAN_POINT('',(1.49096261607719,0.099999999999999,
1.15506603985589));
#28480=VERTEX_POINT('',#28470);
#28490=EDGE_CURVE('',#28400,#28480,#28460,.T.);
#28500=ORIENTED_EDGE('',*,*,#28490,.F.);
#28510=CARTESIAN_POINT('',(1.49096261607719,0.099999999999999,
-3.32993396014411));
#28520=DIRECTION('',(-0.,-0.,1.));
#28530=VECTOR('',#28520,1.);
#28540=LINE('',#28510,#28530);
#28550=CARTESIAN_POINT('',(1.49096261607719,0.099999999999999,
1.30506603985588));
#28560=VERTEX_POINT('',#28550);
#28570=EDGE_CURVE('',#28480,#28560,#28540,.T.);
#28580=ORIENTED_EDGE('',*,*,#28570,.F.);
#28590=CARTESIAN_POINT('',(0.860962616077189,0.099999999999999,
1.30506603985588));
#28600=DIRECTION('',(-1.,-0.,0.));
#28610=VECTOR('',#28600,1.);
#28620=LINE('',#28590,#28610);
#28630=EDGE_CURVE('',#28560,#28380,#28620,.T.);
#28640=ORIENTED_EDGE('',*,*,#28630,.F.);
#28650=EDGE_LOOP('',(#28640,#28580,#28500,#28420));
#28660=FACE_OUTER_BOUND('',#28650,.T.);
#28670=ADVANCED_FACE('',(#28660),#28320,.T.);
#28680=CARTESIAN_POINT('',(0.92845946607719,0.249999999999999,
1.30881918985588));
#28690=DIRECTION('',(0.,1.,0.));
#28700=DIRECTION('',(1.,-0.,0.));
#28710=AXIS2_PLACEMENT_3D('',#28680,#28690,#28700);
#28720=PLANE('',#28710);
#28730=CARTESIAN_POINT('',(0.860962616077189,0.249999999999999,
1.15506603985589));
#28740=DIRECTION('',(1.,-0.,0.));
#28750=VECTOR('',#28740,1.);
#28760=LINE('',#28730,#28750);
#28770=CARTESIAN_POINT('',(0.93096261607719,0.249999999999999,
1.15506603985589));
#28780=VERTEX_POINT('',#28770);
#28790=CARTESIAN_POINT('',(1.03096261607719,0.249999999999999,
1.15506603985589));
#28800=VERTEX_POINT('',#28790);
#28810=EDGE_CURVE('',#28780,#28800,#28760,.T.);
#28820=ORIENTED_EDGE('',*,*,#28810,.F.);
#28830=CARTESIAN_POINT('',(1.03096261607719,0.249999999999999,
1.30506603985588));
#28840=DIRECTION('',(0.,0.,-1.));
#28850=VECTOR('',#28840,1.);
#28860=LINE('',#28830,#28850);
#28870=CARTESIAN_POINT('',(1.03096261607719,0.249999999999999,
1.30506603985588));
#28880=VERTEX_POINT('',#28870);
#28890=EDGE_CURVE('',#28880,#28800,#28860,.T.);
#28900=ORIENTED_EDGE('',*,*,#28890,.T.);
#28910=CARTESIAN_POINT('',(0.860962616077189,0.249999999999999,
1.30506603985588));
#28920=DIRECTION('',(-1.,-0.,0.));
#28930=VECTOR('',#28920,1.);
#28940=LINE('',#28910,#28930);
#28950=CARTESIAN_POINT('',(0.93096261607719,0.249999999999999,
1.30506603985588));
#28960=VERTEX_POINT('',#28950);
#28970=EDGE_CURVE('',#28880,#28960,#28940,.T.);
#28980=ORIENTED_EDGE('',*,*,#28970,.F.);
#28990=CARTESIAN_POINT('',(0.930962616077187,0.249999999999999,
-3.32993396014411));
#29000=DIRECTION('',(-0.,-0.,1.));
#29010=VECTOR('',#29000,1.);
#29020=LINE('',#28990,#29010);
#29030=EDGE_CURVE('',#28780,#28960,#29020,.T.);
#29040=ORIENTED_EDGE('',*,*,#29030,.T.);
#29050=EDGE_LOOP('',(#29040,#28980,#28900,#28820));
#29060=FACE_OUTER_BOUND('',#29050,.T.);
#29070=ADVANCED_FACE('',(#29060),#28720,.T.);
#29080=CARTESIAN_POINT('',(1.23096261607719,0.149999999999998,
1.30883703985588));
#29090=DIRECTION('',(0.,0.,-1.));
#29100=DIRECTION('',(-1.,0.,-0.));
#29110=AXIS2_PLACEMENT_3D('',#29080,#29090,#29100);
#29120=CYLINDRICAL_SURFACE('',#29110,0.149999999999999);
#29130=CARTESIAN_POINT('',(1.23096261607719,-9.99200722162641E-16,
1.30506603985588));
#29140=DIRECTION('',(0.,0.,-1.));
#29150=VECTOR('',#29140,1.);
#29160=LINE('',#29130,#29150);
#29170=CARTESIAN_POINT('',(1.23096261607719,0.,1.30506603985588));
#29180=VERTEX_POINT('',#29170);
#29190=CARTESIAN_POINT('',(1.23096261607719,-9.99200722162641E-16,
1.15506603985589));
#29200=VERTEX_POINT('',#29190);
#29210=EDGE_CURVE('',#29180,#29200,#29160,.T.);
#29220=ORIENTED_EDGE('',*,*,#29210,.F.);
#29230=CARTESIAN_POINT('',(1.23096261607719,0.149999999999998,
1.15506603985589));
#29240=DIRECTION('',(0.,0.,-1.));
#29250=DIRECTION('',(-1.,0.,0.));
#29260=AXIS2_PLACEMENT_3D('',#29230,#29240,#29250);
#29270=CIRCLE('',#29260,0.149999999999999);
#29280=CARTESIAN_POINT('',(1.09860967490072,0.0794117647058811,
1.15506603985589));
#29290=VERTEX_POINT('',#29280);
#29300=EDGE_CURVE('',#29200,#29290,#29270,.T.);
#29310=ORIENTED_EDGE('',*,*,#29300,.F.);
#29320=CARTESIAN_POINT('',(1.09860967490072,0.0794117647058811,
1.30506603985588));
#29330=DIRECTION('',(0.,0.,-1.));
#29340=VECTOR('',#29330,1.);
#29350=LINE('',#29320,#29340);
#29360=CARTESIAN_POINT('',(1.09860967490072,0.0794117647058811,
1.30506603985588));
#29370=VERTEX_POINT('',#29360);
#29380=EDGE_CURVE('',#29370,#29290,#29350,.T.);
#29390=ORIENTED_EDGE('',*,*,#29380,.T.);
#29400=CARTESIAN_POINT('',(1.23096261607719,0.149999999999998,
1.30506603985588));
#29410=DIRECTION('',(0.,0.,-1.));
#29420=DIRECTION('',(-1.,0.,0.));
#29430=AXIS2_PLACEMENT_3D('',#29400,#29410,#29420);
#29440=CIRCLE('',#29430,0.149999999999999);
#29450=EDGE_CURVE('',#29180,#29370,#29440,.T.);
#29460=ORIENTED_EDGE('',*,*,#29450,.T.);
#29470=EDGE_LOOP('',(#29460,#29390,#29310,#29220));
#29480=FACE_OUTER_BOUND('',#29470,.T.);
#29490=ADVANCED_FACE('',(#29480),#29120,.T.);
#29500=CARTESIAN_POINT('',(1.1627258396066,0.171693955882352,
1.30881918985588));
#29510=DIRECTION('',(0.88235294117647,0.470588235294118,0.));
#29520=DIRECTION('',(0.470588235294118,-0.88235294117647,0.));
#29530=AXIS2_PLACEMENT_3D('',#29500,#29510,#29520);
#29540=PLANE('',#29530);
#29550=CARTESIAN_POINT('',(1.16331555725366,0.170588235294117,
1.30506603985588));
#29560=DIRECTION('',(0.,0.,-1.));
#29570=VECTOR('',#29560,1.);
#29580=LINE('',#29550,#29570);
#29590=CARTESIAN_POINT('',(1.16331555725366,0.170588235294117,
1.30506603985588));
#29600=VERTEX_POINT('',#29590);
#29610=CARTESIAN_POINT('',(1.16331555725366,0.170588235294117,
1.15506603985589));
#29620=VERTEX_POINT('',#29610);
#29630=EDGE_CURVE('',#29600,#29620,#29580,.T.);
#29640=ORIENTED_EDGE('',*,*,#29630,.F.);
#29650=CARTESIAN_POINT('',(0.907629282743856,0.649999999999997,
1.15506603985589));
#29660=DIRECTION('',(0.470588235294118,-0.88235294117647,-0.));
#29670=VECTOR('',#29660,1.);
#29680=LINE('',#29650,#29670);
#29690=CARTESIAN_POINT('',(1.18684496901837,0.126470588235293,
1.15506603985589));
#29700=VERTEX_POINT('',#29690);
#29710=EDGE_CURVE('',#29620,#29700,#29680,.T.);
#29720=ORIENTED_EDGE('',*,*,#29710,.F.);
#29730=CARTESIAN_POINT('',(1.18684496901837,0.126470588235293,
1.30506603985588));
#29740=DIRECTION('',(0.,0.,-1.));
#29750=VECTOR('',#29740,1.);
#29760=LINE('',#29730,#29750);
#29770=CARTESIAN_POINT('',(1.18684496901837,0.126470588235293,
1.30506603985588));
#29780=VERTEX_POINT('',#29770);
#29790=EDGE_CURVE('',#29780,#29700,#29760,.T.);
#29800=ORIENTED_EDGE('',*,*,#29790,.T.);
#29810=CARTESIAN_POINT('',(0.907629282743856,0.649999999999997,
1.30506603985588));
#29820=DIRECTION('',(-0.470588235294118,0.88235294117647,-0.));
#29830=VECTOR('',#29820,1.);
#29840=LINE('',#29810,#29830);
#29850=EDGE_CURVE('',#29780,#29600,#29840,.T.);
#29860=ORIENTED_EDGE('',*,*,#29850,.F.);
#29870=EDGE_LOOP('',(#29860,#29800,#29720,#29640));
#29880=FACE_OUTER_BOUND('',#29870,.T.);
#29890=ADVANCED_FACE('',(#29880),#29540,.T.);
#29900=CARTESIAN_POINT('',(0.91695946607719,-0.00625315000000093,
1.30506603985588));
#29910=DIRECTION('',(0.,0.,1.));
#29920=DIRECTION('',(1.,0.,-0.));
#29930=AXIS2_PLACEMENT_3D('',#29900,#29910,#29920);
#29940=PLANE('',#29930);
#29950=ORIENTED_EDGE('',*,*,#28970,.T.);
#29960=CARTESIAN_POINT('',(1.03096261607719,0.0999999999999989,
1.30506603985588));
#29970=DIRECTION('',(0.,0.,-1.));
#29980=DIRECTION('',(-1.,0.,0.));
#29990=AXIS2_PLACEMENT_3D('',#29960,#29970,#29980);
#30000=CIRCLE('',#29990,0.150000000000001);
#30010=EDGE_CURVE('',#28880,#29600,#30000,.T.);
#30020=ORIENTED_EDGE('',*,*,#30010,.F.);
#30030=ORIENTED_EDGE('',*,*,#29850,.T.);
#30040=CARTESIAN_POINT('',(1.23096261607719,0.149999999999998,
1.30506603985588));
#30050=DIRECTION('',(0.,0.,-1.));
#30060=DIRECTION('',(-1.,0.,-0.));
#30070=AXIS2_PLACEMENT_3D('',#30040,#30050,#30060);
#30080=CIRCLE('',#30070,0.0499999999999991);
#30090=EDGE_CURVE('',#28380,#29780,#30080,.T.);
#30100=ORIENTED_EDGE('',*,*,#30090,.T.);
#30110=ORIENTED_EDGE('',*,*,#28630,.T.);
#30120=CARTESIAN_POINT('',(1.49096261607719,0.649999999999997,
1.30506603985588));
#30130=DIRECTION('',(-0.,1.,0.));
#30140=VECTOR('',#30130,1.);
#30150=LINE('',#30120,#30140);
#30160=CARTESIAN_POINT('',(1.49096261607719,0.,1.30506603985588));
#30170=VERTEX_POINT('',#30160);
#30180=EDGE_CURVE('',#30170,#28560,#30150,.T.);
#30190=ORIENTED_EDGE('',*,*,#30180,.T.);
#30200=CARTESIAN_POINT('',(0.860962616077189,0.,1.30506603985588));
#30210=DIRECTION('',(1.,0.,0.));
#30220=VECTOR('',#30210,1.);
#30230=LINE('',#30200,#30220);
#30240=EDGE_CURVE('',#29180,#30170,#30230,.T.);
#30250=ORIENTED_EDGE('',*,*,#30240,.T.);
#30260=ORIENTED_EDGE('',*,*,#29450,.F.);
#30270=CARTESIAN_POINT('',(0.794295949410517,0.649999999999997,
1.30506603985588));
#30280=DIRECTION('',(0.470588235294126,-0.882352941176466,0.));
#30290=VECTOR('',#30280,1.);
#30300=LINE('',#30270,#30290);
#30310=CARTESIAN_POINT('',(1.07508026313601,0.123529411764705,
1.30506603985588));
#30320=VERTEX_POINT('',#30310);
#30330=EDGE_CURVE('',#30320,#29370,#30300,.T.);
#30340=ORIENTED_EDGE('',*,*,#30330,.T.);
#30350=CARTESIAN_POINT('',(1.03096261607719,0.0999999999999981,
1.30506603985588));
#30360=DIRECTION('',(0.,0.,-1.));
#30370=DIRECTION('',(-1.,0.,-0.));
#30380=AXIS2_PLACEMENT_3D('',#30350,#30360,#30370);
#30390=CIRCLE('',#30380,0.0500000000000004);
#30400=CARTESIAN_POINT('',(1.03096261607719,0.149999999999999,
1.30506603985588));
#30410=VERTEX_POINT('',#30400);
#30420=EDGE_CURVE('',#30410,#30320,#30390,.T.);
#30430=ORIENTED_EDGE('',*,*,#30420,.T.);
#30440=CARTESIAN_POINT('',(0.860962616077189,0.15,1.30506603985588));
#30450=DIRECTION('',(1.,0.,0.));
#30460=VECTOR('',#30450,1.);
#30470=LINE('',#30440,#30460);
#30480=CARTESIAN_POINT('',(0.93096261607719,0.149999999999999,
1.30506603985588));
#30490=VERTEX_POINT('',#30480);
#30500=EDGE_CURVE('',#30490,#30410,#30470,.T.);
#30510=ORIENTED_EDGE('',*,*,#30500,.T.);
#30520=CARTESIAN_POINT('',(0.930962616077187,0.649999999999997,
1.30506603985588));
#30530=DIRECTION('',(-0.,1.,0.));
#30540=VECTOR('',#30530,1.);
#30550=LINE('',#30520,#30540);
#30560=EDGE_CURVE('',#30490,#28960,#30550,.T.);
#30570=ORIENTED_EDGE('',*,*,#30560,.F.);
#30580=EDGE_LOOP('',(#30570,#30510,#30430,#30340,#30260,#30250,#30190,
#30110,#30100,#30030,#30020,#29950));
#30590=FACE_OUTER_BOUND('',#30580,.T.);
#30600=ADVANCED_FACE('',(#30590),#29940,.T.);
#30610=CARTESIAN_POINT('',(1.03096261607719,0.0999999999999981,
1.30887903985588));
#30620=DIRECTION('',(0.,0.,-1.));
#30630=DIRECTION('',(-1.,0.,-0.));
#30640=AXIS2_PLACEMENT_3D('',#30610,#30620,#30630);
#30650=CYLINDRICAL_SURFACE('',#30640,0.0500000000000004);
#30660=CARTESIAN_POINT('',(1.03096261607719,0.149999999999999,
1.30506603985588));
#30670=DIRECTION('',(0.,0.,-1.));
#30680=VECTOR('',#30670,1.);
#30690=LINE('',#30660,#30680);
#30700=CARTESIAN_POINT('',(1.03096261607719,0.149999999999999,
1.15506603985589));
#30710=VERTEX_POINT('',#30700);
#30720=EDGE_CURVE('',#30410,#30710,#30690,.T.);
#30730=ORIENTED_EDGE('',*,*,#30720,.T.);
#30740=ORIENTED_EDGE('',*,*,#30420,.F.);
#30750=CARTESIAN_POINT('',(1.07508026313601,0.123529411764705,
1.30506603985588));
#30760=DIRECTION('',(0.,0.,-1.));
#30770=VECTOR('',#30760,1.);
#30780=LINE('',#30750,#30770);
#30790=CARTESIAN_POINT('',(1.07508026313601,0.123529411764705,
1.15506603985589));
#30800=VERTEX_POINT('',#30790);
#30810=EDGE_CURVE('',#30320,#30800,#30780,.T.);
#30820=ORIENTED_EDGE('',*,*,#30810,.F.);
#30830=CARTESIAN_POINT('',(1.03096261607719,0.0999999999999981,
1.15506603985589));
#30840=DIRECTION('',(0.,0.,-1.));
#30850=DIRECTION('',(-1.,0.,-0.));
#30860=AXIS2_PLACEMENT_3D('',#30830,#30840,#30850);
#30870=CIRCLE('',#30860,0.0500000000000004);
#30880=EDGE_CURVE('',#30710,#30800,#30870,.T.);
#30890=ORIENTED_EDGE('',*,*,#30880,.T.);
#30900=EDGE_LOOP('',(#30890,#30820,#30740,#30730));
#30910=FACE_OUTER_BOUND('',#30900,.T.);
#30920=ADVANCED_FACE('',(#30910),#30650,.F.);
#30930=CARTESIAN_POINT('',(1.09919939254778,0.0783060441176461,
1.70881918985588));
#30940=DIRECTION('',(-0.882352941176466,-0.470588235294126,0.));
#30950=DIRECTION('',(-0.470588235294126,0.882352941176466,0.));
#30960=AXIS2_PLACEMENT_3D('',#30930,#30940,#30950);
#30970=PLANE('',#30960);
#30980=CARTESIAN_POINT('',(1.09860967490072,0.0794117647058811,
1.70506603985589));
#30990=DIRECTION('',(0.,0.,-1.));
#31000=VECTOR('',#30990,1.);
#31010=LINE('',#30980,#31000);
#31020=CARTESIAN_POINT('',(1.09860967490072,0.0794117647058811,
1.70506603985589));
#31030=VERTEX_POINT('',#31020);
#31040=CARTESIAN_POINT('',(1.09860967490072,0.0794117647058811,
1.55506603985588));
#31050=VERTEX_POINT('',#31040);
#31060=EDGE_CURVE('',#31030,#31050,#31010,.T.);
#31070=ORIENTED_EDGE('',*,*,#31060,.F.);
#31080=CARTESIAN_POINT('',(0.794295949410517,0.649999999999997,
1.55506603985588));
#31090=DIRECTION('',(-0.470588235294126,0.882352941176466,-0.));
#31100=VECTOR('',#31090,1.);
#31110=LINE('',#31080,#31100);
#31120=CARTESIAN_POINT('',(1.07508026313601,0.123529411764705,
1.55506603985588));
#31130=VERTEX_POINT('',#31120);
#31140=EDGE_CURVE('',#31050,#31130,#31110,.T.);
#31150=ORIENTED_EDGE('',*,*,#31140,.F.);
#31160=CARTESIAN_POINT('',(1.07508026313601,0.123529411764705,
1.70506603985589));
#31170=DIRECTION('',(0.,0.,-1.));
#31180=VECTOR('',#31170,1.);
#31190=LINE('',#31160,#31180);
#31200=CARTESIAN_POINT('',(1.07508026313601,0.123529411764705,
1.70506603985589));
#31210=VERTEX_POINT('',#31200);
#31220=EDGE_CURVE('',#31210,#31130,#31190,.T.);
#31230=ORIENTED_EDGE('',*,*,#31220,.T.);
#31240=CARTESIAN_POINT('',(0.794295949410517,0.649999999999997,
1.70506603985588));
#31250=DIRECTION('',(0.470588235294126,-0.882352941176466,-0.));
#31260=VECTOR('',#31250,1.);
#31270=LINE('',#31240,#31260);
#31280=EDGE_CURVE('',#31210,#31030,#31270,.T.);
#31290=ORIENTED_EDGE('',*,*,#31280,.F.);
#31300=EDGE_LOOP('',(#31290,#31230,#31150,#31070));
#31310=FACE_OUTER_BOUND('',#31300,.T.);
#31320=ADVANCED_FACE('',(#31310),#30970,.T.);
#31330=CARTESIAN_POINT('',(0.930962616077187,1.11350315,4.29306918985588
));
#31340=DIRECTION('',(1.,0.,0.));
#31350=DIRECTION('',(0.,-1.,0.));
#31360=AXIS2_PLACEMENT_3D('',#31330,#31340,#31350);
#31370=PLANE('',#31360);
#31380=CARTESIAN_POINT('',(0.930962616077187,1.09,-3.32993396014411));
#31390=DIRECTION('',(0.,-0.,1.));
#31400=VECTOR('',#31390,1.);
#31410=LINE('',#31380,#31400);
#31420=CARTESIAN_POINT('',(0.930962616077187,1.09,-4.02993396014412));
#31430=VERTEX_POINT('',#31420);
#31440=CARTESIAN_POINT('',(0.930962616077187,1.09,4.09006603985589));
#31450=VERTEX_POINT('',#31440);
#31460=EDGE_CURVE('',#31430,#31450,#31410,.T.);
#31470=ORIENTED_EDGE('',*,*,#31460,.T.);
#31480=CARTESIAN_POINT('',(0.930962616077187,0.649999999999997,
-4.02993396014412));
#31490=DIRECTION('',(0.,1.,0.));
#31500=VECTOR('',#31490,1.);
#31510=LINE('',#31480,#31500);
#31520=CARTESIAN_POINT('',(0.93096261607719,0.15,-4.02993396014412));
#31530=VERTEX_POINT('',#31520);
#31540=EDGE_CURVE('',#31530,#31430,#31510,.T.);
#31550=ORIENTED_EDGE('',*,*,#31540,.T.);
#31560=CARTESIAN_POINT('',(0.930962616077187,0.15,-3.32993396014411));
#31570=DIRECTION('',(0.,-0.,-1.));
#31580=VECTOR('',#31570,1.);
#31590=LINE('',#31560,#31580);
#31600=CARTESIAN_POINT('',(0.93096261607719,0.149999999999999,
-3.64493396014411));
#31610=VERTEX_POINT('',#31600);
#31620=EDGE_CURVE('',#31610,#31530,#31590,.T.);
#31630=ORIENTED_EDGE('',*,*,#31620,.T.);
#31640=CARTESIAN_POINT('',(0.930962616077187,0.649999999999997,
-3.64493396014411));
#31650=DIRECTION('',(-0.,-1.,-0.));
#31660=VECTOR('',#31650,1.);
#31670=LINE('',#31640,#31660);
#31680=EDGE_CURVE('',#26190,#31610,#31670,.T.);
#31690=ORIENTED_EDGE('',*,*,#31680,.T.);
#31700=ORIENTED_EDGE('',*,*,#26440,.F.);
#31710=CARTESIAN_POINT('',(0.930962616077187,0.649999999999997,
-3.49493396014411));
#31720=DIRECTION('',(-0.,1.,-0.));
#31730=VECTOR('',#31720,1.);
#31740=LINE('',#31710,#31730);
#31750=CARTESIAN_POINT('',(0.93096261607719,0.149999999999999,
-3.49493396014411));
#31760=VERTEX_POINT('',#31750);
#31770=EDGE_CURVE('',#31760,#26370,#31740,.T.);
#31780=ORIENTED_EDGE('',*,*,#31770,.T.);
#31790=CARTESIAN_POINT('',(0.930962616077187,0.15,-3.32993396014411));
#31800=DIRECTION('',(0.,-0.,-1.));
#31810=VECTOR('',#31800,1.);
#31820=LINE('',#31790,#31810);
#31830=CARTESIAN_POINT('',(0.93096261607719,0.149999999999999,
-3.24493396014411));
#31840=VERTEX_POINT('',#31830);
#31850=EDGE_CURVE('',#31840,#31760,#31820,.T.);
#31860=ORIENTED_EDGE('',*,*,#31850,.T.);
#31870=CARTESIAN_POINT('',(0.930962616077187,0.649999999999997,
-3.24493396014411));
#31880=DIRECTION('',(-0.,-1.,-0.));
#31890=VECTOR('',#31880,1.);
#31900=LINE('',#31870,#31890);
#31910=CARTESIAN_POINT('',(0.93096261607719,0.249999999999999,
-3.24493396014411));
#31920=VERTEX_POINT('',#31910);
#31930=EDGE_CURVE('',#31920,#31840,#31900,.T.);
#31940=ORIENTED_EDGE('',*,*,#31930,.T.);
#31950=CARTESIAN_POINT('',(0.930962616077187,0.249999999999999,
-3.32993396014411));
#31960=DIRECTION('',(0.,-0.,1.));
#31970=VECTOR('',#31960,1.);
#31980=LINE('',#31950,#31970);
#31990=CARTESIAN_POINT('',(0.93096261607719,0.249999999999999,
-3.09493396014412));
#32000=VERTEX_POINT('',#31990);
#32010=EDGE_CURVE('',#31920,#32000,#31980,.T.);
#32020=ORIENTED_EDGE('',*,*,#32010,.F.);
#32030=CARTESIAN_POINT('',(0.930962616077187,0.649999999999997,
-3.09493396014412));
#32040=DIRECTION('',(-0.,1.,-0.));
#32050=VECTOR('',#32040,1.);
#32060=LINE('',#32030,#32050);
#32070=CARTESIAN_POINT('',(0.93096261607719,0.149999999999999,
-3.09493396014412));
#32080=VERTEX_POINT('',#32070);
#32090=EDGE_CURVE('',#32080,#32000,#32060,.T.);
#32100=ORIENTED_EDGE('',*,*,#32090,.T.);
#32110=CARTESIAN_POINT('',(0.930962616077187,0.15,-3.32993396014411));
#32120=DIRECTION('',(0.,-0.,-1.));
#32130=VECTOR('',#32120,1.);
#32140=LINE('',#32110,#32130);
#32150=CARTESIAN_POINT('',(0.93096261607719,0.149999999999999,
-2.84493396014412));
#32160=VERTEX_POINT('',#32150);
#32170=EDGE_CURVE('',#32160,#32080,#32140,.T.);
#32180=ORIENTED_EDGE('',*,*,#32170,.T.);
#32190=CARTESIAN_POINT('',(0.930962616077187,0.649999999999997,
-2.84493396014412));
#32200=DIRECTION('',(-0.,-1.,-0.));
#32210=VECTOR('',#32200,1.);
#32220=LINE('',#32190,#32210);
#32230=CARTESIAN_POINT('',(0.93096261607719,0.249999999999999,
-2.84493396014412));
#32240=VERTEX_POINT('',#32230);
#32250=EDGE_CURVE('',#32240,#32160,#32220,.T.);
#32260=ORIENTED_EDGE('',*,*,#32250,.T.);
#32270=CARTESIAN_POINT('',(0.930962616077187,0.249999999999999,
-3.32993396014411));
#32280=DIRECTION('',(0.,-0.,1.));
#32290=VECTOR('',#32280,1.);
#32300=LINE('',#32270,#32290);
#32310=CARTESIAN_POINT('',(0.93096261607719,0.249999999999999,
-2.69493396014412));
#32320=VERTEX_POINT('',#32310);
#32330=EDGE_CURVE('',#32240,#32320,#32300,.T.);
#32340=ORIENTED_EDGE('',*,*,#32330,.F.);
#32350=CARTESIAN_POINT('',(0.930962616077187,0.649999999999997,
-2.69493396014412));
#32360=DIRECTION('',(-0.,1.,-0.));
#32370=VECTOR('',#32360,1.);
#32380=LINE('',#32350,#32370);
#32390=CARTESIAN_POINT('',(0.93096261607719,0.149999999999999,
-2.69493396014412));
#32400=VERTEX_POINT('',#32390);
#32410=EDGE_CURVE('',#32400,#32320,#32380,.T.);
#32420=ORIENTED_EDGE('',*,*,#32410,.T.);
#32430=CARTESIAN_POINT('',(0.930962616077187,0.15,-3.32993396014411));
#32440=DIRECTION('',(0.,-0.,-1.));
#32450=VECTOR('',#32440,1.);
#32460=LINE('',#32430,#32450);
#32470=CARTESIAN_POINT('',(0.93096261607719,0.149999999999999,
-2.44493396014412));
#32480=VERTEX_POINT('',#32470);
#32490=EDGE_CURVE('',#32480,#32400,#32460,.T.);
#32500=ORIENTED_EDGE('',*,*,#32490,.T.);
#32510=CARTESIAN_POINT('',(0.930962616077187,0.649999999999997,
-2.44493396014412));
#32520=DIRECTION('',(-0.,-1.,-0.));
#32530=VECTOR('',#32520,1.);
#32540=LINE('',#32510,#32530);
#32550=CARTESIAN_POINT('',(0.93096261607719,0.249999999999999,
-2.44493396014412));
#32560=VERTEX_POINT('',#32550);
#32570=EDGE_CURVE('',#32560,#32480,#32540,.T.);
#32580=ORIENTED_EDGE('',*,*,#32570,.T.);
#32590=CARTESIAN_POINT('',(0.930962616077187,0.249999999999999,
-3.32993396014411));
#32600=DIRECTION('',(0.,-0.,1.));
#32610=VECTOR('',#32600,1.);
#32620=LINE('',#32590,#32610);
#32630=CARTESIAN_POINT('',(0.93096261607719,0.249999999999999,
-2.29493396014411));
#32640=VERTEX_POINT('',#32630);
#32650=EDGE_CURVE('',#32560,#32640,#32620,.T.);
#32660=ORIENTED_EDGE('',*,*,#32650,.F.);
#32670=CARTESIAN_POINT('',(0.930962616077187,0.649999999999997,
-2.29493396014411));
#32680=DIRECTION('',(-0.,1.,-0.));
#32690=VECTOR('',#32680,1.);
#32700=LINE('',#32670,#32690);
#32710=CARTESIAN_POINT('',(0.93096261607719,0.149999999999999,
-2.29493396014411));
#32720=VERTEX_POINT('',#32710);
#32730=EDGE_CURVE('',#32720,#32640,#32700,.T.);
#32740=ORIENTED_EDGE('',*,*,#32730,.T.);
#32750=CARTESIAN_POINT('',(0.930962616077187,0.15,-3.32993396014411));
#32760=DIRECTION('',(0.,-0.,-1.));
#32770=VECTOR('',#32760,1.);
#32780=LINE('',#32750,#32770);
#32790=CARTESIAN_POINT('',(0.93096261607719,0.149999999999999,
-2.04493396014411));
#32800=VERTEX_POINT('',#32790);
#32810=EDGE_CURVE('',#32800,#32720,#32780,.T.);
#32820=ORIENTED_EDGE('',*,*,#32810,.T.);
#32830=CARTESIAN_POINT('',(0.930962616077187,0.649999999999997,
-2.04493396014411));
#32840=DIRECTION('',(-0.,-1.,-0.));
#32850=VECTOR('',#32840,1.);
#32860=LINE('',#32830,#32850);
#32870=CARTESIAN_POINT('',(0.93096261607719,0.249999999999999,
-2.04493396014411));
#32880=VERTEX_POINT('',#32870);
#32890=EDGE_CURVE('',#32880,#32800,#32860,.T.);
#32900=ORIENTED_EDGE('',*,*,#32890,.T.);
#32910=CARTESIAN_POINT('',(0.930962616077187,0.249999999999999,
-3.32993396014411));
#32920=DIRECTION('',(0.,-0.,1.));
#32930=VECTOR('',#32920,1.);
#32940=LINE('',#32910,#32930);
#32950=CARTESIAN_POINT('',(0.93096261607719,0.249999999999999,
-1.89493396014411));
#32960=VERTEX_POINT('',#32950);
#32970=EDGE_CURVE('',#32880,#32960,#32940,.T.);
#32980=ORIENTED_EDGE('',*,*,#32970,.F.);
#32990=CARTESIAN_POINT('',(0.930962616077187,0.649999999999997,
-1.89493396014411));
#33000=DIRECTION('',(-0.,1.,-0.));
#33010=VECTOR('',#33000,1.);
#33020=LINE('',#32990,#33010);
#33030=CARTESIAN_POINT('',(0.93096261607719,0.149999999999999,
-1.89493396014411));
#33040=VERTEX_POINT('',#33030);
#33050=EDGE_CURVE('',#33040,#32960,#33020,.T.);
#33060=ORIENTED_EDGE('',*,*,#33050,.T.);
#33070=CARTESIAN_POINT('',(0.930962616077187,0.15,-3.32993396014411));
#33080=DIRECTION('',(0.,-0.,-1.));
#33090=VECTOR('',#33080,1.);
#33100=LINE('',#33070,#33090);
#33110=CARTESIAN_POINT('',(0.93096261607719,0.149999999999999,
-1.64493396014411));
#33120=VERTEX_POINT('',#33110);
#33130=EDGE_CURVE('',#33120,#33040,#33100,.T.);
#33140=ORIENTED_EDGE('',*,*,#33130,.T.);
#33150=CARTESIAN_POINT('',(0.930962616077187,0.649999999999997,
-1.64493396014411));
#33160=DIRECTION('',(-0.,-1.,-0.));
#33170=VECTOR('',#33160,1.);
#33180=LINE('',#33150,#33170);
#33190=CARTESIAN_POINT('',(0.93096261607719,0.249999999999999,
-1.64493396014411));
#33200=VERTEX_POINT('',#33190);
#33210=EDGE_CURVE('',#33200,#33120,#33180,.T.);
#33220=ORIENTED_EDGE('',*,*,#33210,.T.);
#33230=CARTESIAN_POINT('',(0.930962616077187,0.249999999999999,
-3.32993396014411));
#33240=DIRECTION('',(0.,-0.,1.));
#33250=VECTOR('',#33240,1.);
#33260=LINE('',#33230,#33250);
#33270=CARTESIAN_POINT('',(0.93096261607719,0.249999999999999,
-1.49493396014411));
#33280=VERTEX_POINT('',#33270);
#33290=EDGE_CURVE('',#33200,#33280,#33260,.T.);
#33300=ORIENTED_EDGE('',*,*,#33290,.F.);
#33310=CARTESIAN_POINT('',(0.930962616077187,0.649999999999997,
-1.49493396014411));
#33320=DIRECTION('',(-0.,1.,-0.));
#33330=VECTOR('',#33320,1.);
#33340=LINE('',#33310,#33330);
#33350=CARTESIAN_POINT('',(0.93096261607719,0.149999999999999,
-1.49493396014411));
#33360=VERTEX_POINT('',#33350);
#33370=EDGE_CURVE('',#33360,#33280,#33340,.T.);
#33380=ORIENTED_EDGE('',*,*,#33370,.T.);
#33390=CARTESIAN_POINT('',(0.930962616077187,0.15,-3.32993396014411));
#33400=DIRECTION('',(0.,-0.,-1.));
#33410=VECTOR('',#33400,1.);
#33420=LINE('',#33390,#33410);
#33430=CARTESIAN_POINT('',(0.93096261607719,0.149999999999999,
-1.24493396014411));
#33440=VERTEX_POINT('',#33430);
#33450=EDGE_CURVE('',#33440,#33360,#33420,.T.);
#33460=ORIENTED_EDGE('',*,*,#33450,.T.);
#33470=CARTESIAN_POINT('',(0.930962616077187,0.649999999999997,
-1.24493396014411));
#33480=DIRECTION('',(-0.,-1.,-0.));
#33490=VECTOR('',#33480,1.);
#33500=LINE('',#33470,#33490);
#33510=CARTESIAN_POINT('',(0.93096261607719,0.249999999999999,
-1.24493396014411));
#33520=VERTEX_POINT('',#33510);
#33530=EDGE_CURVE('',#33520,#33440,#33500,.T.);
#33540=ORIENTED_EDGE('',*,*,#33530,.T.);
#33550=CARTESIAN_POINT('',(0.930962616077187,0.249999999999999,
-3.32993396014411));
#33560=DIRECTION('',(0.,-0.,1.));
#33570=VECTOR('',#33560,1.);
#33580=LINE('',#33550,#33570);
#33590=CARTESIAN_POINT('',(0.93096261607719,0.249999999999999,
-1.09493396014412));
#33600=VERTEX_POINT('',#33590);
#33610=EDGE_CURVE('',#33520,#33600,#33580,.T.);
#33620=ORIENTED_EDGE('',*,*,#33610,.F.);
#33630=CARTESIAN_POINT('',(0.930962616077187,0.649999999999997,
-1.09493396014412));
#33640=DIRECTION('',(-0.,1.,-0.));
#33650=VECTOR('',#33640,1.);
#33660=LINE('',#33630,#33650);
#33670=CARTESIAN_POINT('',(0.93096261607719,0.149999999999999,
-1.09493396014412));
#33680=VERTEX_POINT('',#33670);
#33690=EDGE_CURVE('',#33680,#33600,#33660,.T.);
#33700=ORIENTED_EDGE('',*,*,#33690,.T.);
#33710=CARTESIAN_POINT('',(0.930962616077187,0.15,-3.32993396014411));
#33720=DIRECTION('',(0.,-0.,-1.));
#33730=VECTOR('',#33720,1.);
#33740=LINE('',#33710,#33730);
#33750=CARTESIAN_POINT('',(0.93096261607719,0.149999999999999,
-0.844933960144115));
#33760=VERTEX_POINT('',#33750);
#33770=EDGE_CURVE('',#33760,#33680,#33740,.T.);
#33780=ORIENTED_EDGE('',*,*,#33770,.T.);
#33790=CARTESIAN_POINT('',(0.930962616077187,0.649999999999997,
-0.844933960144115));
#33800=DIRECTION('',(-0.,-1.,-0.));
#33810=VECTOR('',#33800,1.);
#33820=LINE('',#33790,#33810);
#33830=CARTESIAN_POINT('',(0.93096261607719,0.249999999999999,
-0.844933960144115));
#33840=VERTEX_POINT('',#33830);
#33850=EDGE_CURVE('',#33840,#33760,#33820,.T.);
#33860=ORIENTED_EDGE('',*,*,#33850,.T.);
#33870=CARTESIAN_POINT('',(0.930962616077187,0.249999999999999,
-3.32993396014411));
#33880=DIRECTION('',(0.,-0.,1.));
#33890=VECTOR('',#33880,1.);
#33900=LINE('',#33870,#33890);
#33910=CARTESIAN_POINT('',(0.93096261607719,0.249999999999999,
-0.694933960144115));
#33920=VERTEX_POINT('',#33910);
#33930=EDGE_CURVE('',#33840,#33920,#33900,.T.);
#33940=ORIENTED_EDGE('',*,*,#33930,.F.);
#33950=CARTESIAN_POINT('',(0.930962616077187,0.649999999999997,
-0.694933960144115));
#33960=DIRECTION('',(-0.,1.,-0.));
#33970=VECTOR('',#33960,1.);
#33980=LINE('',#33950,#33970);
#33990=CARTESIAN_POINT('',(0.93096261607719,0.149999999999999,
-0.694933960144115));
#34000=VERTEX_POINT('',#33990);
#34010=EDGE_CURVE('',#34000,#33920,#33980,.T.);
#34020=ORIENTED_EDGE('',*,*,#34010,.T.);
#34030=CARTESIAN_POINT('',(0.930962616077187,0.15,-3.32993396014411));
#34040=DIRECTION('',(0.,-0.,-1.));
#34050=VECTOR('',#34040,1.);
#34060=LINE('',#34030,#34050);
#34070=CARTESIAN_POINT('',(0.93096261607719,0.149999999999999,
-0.444933960144115));
#34080=VERTEX_POINT('',#34070);
#34090=EDGE_CURVE('',#34080,#34000,#34060,.T.);
#34100=ORIENTED_EDGE('',*,*,#34090,.T.);
#34110=CARTESIAN_POINT('',(0.930962616077187,0.649999999999997,
-0.444933960144115));
#34120=DIRECTION('',(-0.,-1.,-0.));
#34130=VECTOR('',#34120,1.);
#34140=LINE('',#34110,#34130);
#34150=CARTESIAN_POINT('',(0.93096261607719,0.249999999999999,
-0.444933960144115));
#34160=VERTEX_POINT('',#34150);
#34170=EDGE_CURVE('',#34160,#34080,#34140,.T.);
#34180=ORIENTED_EDGE('',*,*,#34170,.T.);
#34190=CARTESIAN_POINT('',(0.930962616077187,0.249999999999999,
-3.32993396014411));
#34200=DIRECTION('',(0.,-0.,1.));
#34210=VECTOR('',#34200,1.);
#34220=LINE('',#34190,#34210);
#34230=CARTESIAN_POINT('',(0.93096261607719,0.249999999999999,
-0.294933960144115));
#34240=VERTEX_POINT('',#34230);
#34250=EDGE_CURVE('',#34160,#34240,#34220,.T.);
#34260=ORIENTED_EDGE('',*,*,#34250,.F.);
#34270=CARTESIAN_POINT('',(0.930962616077187,0.649999999999997,
-0.294933960144115));
#34280=DIRECTION('',(-0.,1.,-0.));
#34290=VECTOR('',#34280,1.);
#34300=LINE('',#34270,#34290);
#34310=CARTESIAN_POINT('',(0.93096261607719,0.149999999999999,
-0.294933960144115));
#34320=VERTEX_POINT('',#34310);
#34330=EDGE_CURVE('',#34320,#34240,#34300,.T.);
#34340=ORIENTED_EDGE('',*,*,#34330,.T.);
#34350=CARTESIAN_POINT('',(0.930962616077187,0.15,-3.32993396014411));
#34360=DIRECTION('',(0.,-0.,-1.));
#34370=VECTOR('',#34360,1.);
#34380=LINE('',#34350,#34370);
#34390=CARTESIAN_POINT('',(0.93096261607719,0.149999999999999,
-0.0449339601441148));
#34400=VERTEX_POINT('',#34390);
#34410=EDGE_CURVE('',#34400,#34320,#34380,.T.);
#34420=ORIENTED_EDGE('',*,*,#34410,.T.);
#34430=CARTESIAN_POINT('',(0.930962616077187,0.649999999999997,
-0.0449339601441148));
#34440=DIRECTION('',(-0.,-1.,-0.));
#34450=VECTOR('',#34440,1.);
#34460=LINE('',#34430,#34450);
#34470=CARTESIAN_POINT('',(0.93096261607719,0.249999999999999,
-0.0449339601441148));
#34480=VERTEX_POINT('',#34470);
#34490=EDGE_CURVE('',#34480,#34400,#34460,.T.);
#34500=ORIENTED_EDGE('',*,*,#34490,.T.);
#34510=CARTESIAN_POINT('',(0.930962616077187,0.249999999999999,
-3.32993396014411));
#34520=DIRECTION('',(0.,-0.,1.));
#34530=VECTOR('',#34520,1.);
#34540=LINE('',#34510,#34530);
#34550=CARTESIAN_POINT('',(0.93096261607719,0.249999999999999,
0.105066039855885));
#34560=VERTEX_POINT('',#34550);
#34570=EDGE_CURVE('',#34480,#34560,#34540,.T.);
#34580=ORIENTED_EDGE('',*,*,#34570,.F.);
#34590=CARTESIAN_POINT('',(0.930962616077187,0.649999999999997,
0.105066039855885));
#34600=DIRECTION('',(-0.,1.,-0.));
#34610=VECTOR('',#34600,1.);
#34620=LINE('',#34590,#34610);
#34630=CARTESIAN_POINT('',(0.93096261607719,0.149999999999999,
0.105066039855885));
#34640=VERTEX_POINT('',#34630);
#34650=EDGE_CURVE('',#34640,#34560,#34620,.T.);
#34660=ORIENTED_EDGE('',*,*,#34650,.T.);
#34670=CARTESIAN_POINT('',(0.930962616077187,0.15,-3.32993396014411));
#34680=DIRECTION('',(0.,-0.,-1.));
#34690=VECTOR('',#34680,1.);
#34700=LINE('',#34670,#34690);
#34710=CARTESIAN_POINT('',(0.93096261607719,0.149999999999999,
0.355066039855885));
#34720=VERTEX_POINT('',#34710);
#34730=EDGE_CURVE('',#34720,#34640,#34700,.T.);
#34740=ORIENTED_EDGE('',*,*,#34730,.T.);
#34750=CARTESIAN_POINT('',(0.930962616077187,0.649999999999997,
0.355066039855885));
#34760=DIRECTION('',(-0.,-1.,-0.));
#34770=VECTOR('',#34760,1.);
#34780=LINE('',#34750,#34770);
#34790=CARTESIAN_POINT('',(0.93096261607719,0.249999999999999,
0.355066039855885));
#34800=VERTEX_POINT('',#34790);
#34810=EDGE_CURVE('',#34800,#34720,#34780,.T.);
#34820=ORIENTED_EDGE('',*,*,#34810,.T.);
#34830=CARTESIAN_POINT('',(0.930962616077187,0.249999999999999,
-3.32993396014411));
#34840=DIRECTION('',(0.,-0.,1.));
#34850=VECTOR('',#34840,1.);
#34860=LINE('',#34830,#34850);
#34870=CARTESIAN_POINT('',(0.93096261607719,0.249999999999999,
0.505066039855885));
#34880=VERTEX_POINT('',#34870);
#34890=EDGE_CURVE('',#34800,#34880,#34860,.T.);
#34900=ORIENTED_EDGE('',*,*,#34890,.F.);
#34910=CARTESIAN_POINT('',(0.930962616077187,0.649999999999997,
0.505066039855885));
#34920=DIRECTION('',(-0.,1.,-0.));
#34930=VECTOR('',#34920,1.);
#34940=LINE('',#34910,#34930);
#34950=CARTESIAN_POINT('',(0.93096261607719,0.149999999999999,
0.505066039855885));
#34960=VERTEX_POINT('',#34950);
#34970=EDGE_CURVE('',#34960,#34880,#34940,.T.);
#34980=ORIENTED_EDGE('',*,*,#34970,.T.);
#34990=CARTESIAN_POINT('',(0.930962616077187,0.15,-3.32993396014411));
#35000=DIRECTION('',(0.,-0.,-1.));
#35010=VECTOR('',#35000,1.);
#35020=LINE('',#34990,#35010);
#35030=CARTESIAN_POINT('',(0.93096261607719,0.149999999999999,
0.755066039855885));
#35040=VERTEX_POINT('',#35030);
#35050=EDGE_CURVE('',#35040,#34960,#35020,.T.);
#35060=ORIENTED_EDGE('',*,*,#35050,.T.);
#35070=CARTESIAN_POINT('',(0.930962616077187,0.649999999999997,
0.755066039855885));
#35080=DIRECTION('',(-0.,-1.,-0.));
#35090=VECTOR('',#35080,1.);
#35100=LINE('',#35070,#35090);
#35110=CARTESIAN_POINT('',(0.93096261607719,0.249999999999999,
0.755066039855885));
#35120=VERTEX_POINT('',#35110);
#35130=EDGE_CURVE('',#35120,#35040,#35100,.T.);
#35140=ORIENTED_EDGE('',*,*,#35130,.T.);
#35150=CARTESIAN_POINT('',(0.930962616077187,0.249999999999999,
-3.32993396014411));
#35160=DIRECTION('',(0.,-0.,1.));
#35170=VECTOR('',#35160,1.);
#35180=LINE('',#35150,#35170);
#35190=CARTESIAN_POINT('',(0.93096261607719,0.249999999999999,
0.905066039855885));
#35200=VERTEX_POINT('',#35190);
#35210=EDGE_CURVE('',#35120,#35200,#35180,.T.);
#35220=ORIENTED_EDGE('',*,*,#35210,.F.);
#35230=CARTESIAN_POINT('',(0.930962616077187,0.649999999999997,
0.905066039855885));
#35240=DIRECTION('',(-0.,1.,-0.));
#35250=VECTOR('',#35240,1.);
#35260=LINE('',#35230,#35250);
#35270=CARTESIAN_POINT('',(0.93096261607719,0.149999999999999,
0.905066039855885));
#35280=VERTEX_POINT('',#35270);
#35290=EDGE_CURVE('',#35280,#35200,#35260,.T.);
#35300=ORIENTED_EDGE('',*,*,#35290,.T.);
#35310=CARTESIAN_POINT('',(0.930962616077187,0.15,-3.32993396014411));
#35320=DIRECTION('',(0.,-0.,-1.));
#35330=VECTOR('',#35320,1.);
#35340=LINE('',#35310,#35330);
#35350=CARTESIAN_POINT('',(0.93096261607719,0.149999999999999,
1.15506603985589));
#35360=VERTEX_POINT('',#35350);
#35370=EDGE_CURVE('',#35360,#35280,#35340,.T.);
#35380=ORIENTED_EDGE('',*,*,#35370,.T.);
#35390=CARTESIAN_POINT('',(0.930962616077187,0.649999999999997,
1.15506603985589));
#35400=DIRECTION('',(-0.,-1.,-0.));
#35410=VECTOR('',#35400,1.);
#35420=LINE('',#35390,#35410);
#35430=EDGE_CURVE('',#28780,#35360,#35420,.T.);
#35440=ORIENTED_EDGE('',*,*,#35430,.T.);
#35450=ORIENTED_EDGE('',*,*,#29030,.F.);
#35460=ORIENTED_EDGE('',*,*,#30560,.T.);
#35470=CARTESIAN_POINT('',(0.930962616077187,0.15,-3.32993396014411));
#35480=DIRECTION('',(0.,-0.,-1.));
#35490=VECTOR('',#35480,1.);
#35500=LINE('',#35470,#35490);
#35510=CARTESIAN_POINT('',(0.93096261607719,0.149999999999999,
1.55506603985588));
#35520=VERTEX_POINT('',#35510);
#35530=EDGE_CURVE('',#35520,#30490,#35500,.T.);
#35540=ORIENTED_EDGE('',*,*,#35530,.T.);
#35550=CARTESIAN_POINT('',(0.930962616077187,0.649999999999997,
1.55506603985588));
#35560=DIRECTION('',(-0.,-1.,-0.));
#35570=VECTOR('',#35560,1.);
#35580=LINE('',#35550,#35570);
#35590=CARTESIAN_POINT('',(0.93096261607719,0.249999999999999,
1.55506603985588));
#35600=VERTEX_POINT('',#35590);
#35610=EDGE_CURVE('',#35600,#35520,#35580,.T.);
#35620=ORIENTED_EDGE('',*,*,#35610,.T.);
#35630=CARTESIAN_POINT('',(0.930962616077187,0.249999999999999,
-3.32993396014411));
#35640=DIRECTION('',(0.,-0.,1.));
#35650=VECTOR('',#35640,1.);
#35660=LINE('',#35630,#35650);
#35670=CARTESIAN_POINT('',(0.93096261607719,0.249999999999999,
1.70506603985589));
#35680=VERTEX_POINT('',#35670);
#35690=EDGE_CURVE('',#35600,#35680,#35660,.T.);
#35700=ORIENTED_EDGE('',*,*,#35690,.F.);
#35710=CARTESIAN_POINT('',(0.930962616077187,0.649999999999997,
1.70506603985589));
#35720=DIRECTION('',(-0.,1.,-0.));
#35730=VECTOR('',#35720,1.);
#35740=LINE('',#35710,#35730);
#35750=CARTESIAN_POINT('',(0.93096261607719,0.149999999999999,
1.70506603985589));
#35760=VERTEX_POINT('',#35750);
#35770=EDGE_CURVE('',#35760,#35680,#35740,.T.);
#35780=ORIENTED_EDGE('',*,*,#35770,.T.);
#35790=CARTESIAN_POINT('',(0.930962616077187,0.15,-3.32993396014411));
#35800=DIRECTION('',(0.,-0.,-1.));
#35810=VECTOR('',#35800,1.);
#35820=LINE('',#35790,#35810);
#35830=CARTESIAN_POINT('',(0.93096261607719,0.149999999999999,
1.95506603985589));
#35840=VERTEX_POINT('',#35830);
#35850=EDGE_CURVE('',#35840,#35760,#35820,.T.);
#35860=ORIENTED_EDGE('',*,*,#35850,.T.);
#35870=CARTESIAN_POINT('',(0.930962616077187,0.649999999999997,
1.95506603985589));
#35880=DIRECTION('',(-0.,-1.,-0.));
#35890=VECTOR('',#35880,1.);
#35900=LINE('',#35870,#35890);
#35910=CARTESIAN_POINT('',(0.93096261607719,0.249999999999999,
1.95506603985589));
#35920=VERTEX_POINT('',#35910);
#35930=EDGE_CURVE('',#35920,#35840,#35900,.T.);
#35940=ORIENTED_EDGE('',*,*,#35930,.T.);
#35950=CARTESIAN_POINT('',(0.930962616077187,0.249999999999999,
-3.32993396014411));
#35960=DIRECTION('',(0.,-0.,1.));
#35970=VECTOR('',#35960,1.);
#35980=LINE('',#35950,#35970);
#35990=CARTESIAN_POINT('',(0.93096261607719,0.249999999999999,
2.10506603985588));
#36000=VERTEX_POINT('',#35990);
#36010=EDGE_CURVE('',#35920,#36000,#35980,.T.);
#36020=ORIENTED_EDGE('',*,*,#36010,.F.);
#36030=CARTESIAN_POINT('',(0.930962616077187,0.649999999999997,
2.10506603985588));
#36040=DIRECTION('',(-0.,1.,-0.));
#36050=VECTOR('',#36040,1.);
#36060=LINE('',#36030,#36050);
#36070=CARTESIAN_POINT('',(0.93096261607719,0.149999999999999,
2.10506603985588));
#36080=VERTEX_POINT('',#36070);
#36090=EDGE_CURVE('',#36080,#36000,#36060,.T.);
#36100=ORIENTED_EDGE('',*,*,#36090,.T.);
#36110=CARTESIAN_POINT('',(0.930962616077187,0.15,-3.32993396014411));
#36120=DIRECTION('',(0.,-0.,-1.));
#36130=VECTOR('',#36120,1.);
#36140=LINE('',#36110,#36130);
#36150=CARTESIAN_POINT('',(0.93096261607719,0.149999999999999,
2.35506603985588));
#36160=VERTEX_POINT('',#36150);
#36170=EDGE_CURVE('',#36160,#36080,#36140,.T.);
#36180=ORIENTED_EDGE('',*,*,#36170,.T.);
#36190=CARTESIAN_POINT('',(0.930962616077187,0.649999999999997,
2.35506603985588));
#36200=DIRECTION('',(-0.,-1.,-0.));
#36210=VECTOR('',#36200,1.);
#36220=LINE('',#36190,#36210);
#36230=CARTESIAN_POINT('',(0.93096261607719,0.249999999999999,
2.35506603985588));
#36240=VERTEX_POINT('',#36230);
#36250=EDGE_CURVE('',#36240,#36160,#36220,.T.);
#36260=ORIENTED_EDGE('',*,*,#36250,.T.);
#36270=CARTESIAN_POINT('',(0.930962616077187,0.249999999999999,
-3.32993396014411));
#36280=DIRECTION('',(0.,-0.,1.));
#36290=VECTOR('',#36280,1.);
#36300=LINE('',#36270,#36290);
#36310=CARTESIAN_POINT('',(0.93096261607719,0.249999999999999,
2.50506603985589));
#36320=VERTEX_POINT('',#36310);
#36330=EDGE_CURVE('',#36240,#36320,#36300,.T.);
#36340=ORIENTED_EDGE('',*,*,#36330,.F.);
#36350=CARTESIAN_POINT('',(0.930962616077187,0.649999999999997,
2.50506603985589));
#36360=DIRECTION('',(-0.,1.,-0.));
#36370=VECTOR('',#36360,1.);
#36380=LINE('',#36350,#36370);
#36390=CARTESIAN_POINT('',(0.93096261607719,0.149999999999999,
2.50506603985589));
#36400=VERTEX_POINT('',#36390);
#36410=EDGE_CURVE('',#36400,#36320,#36380,.T.);
#36420=ORIENTED_EDGE('',*,*,#36410,.T.);
#36430=CARTESIAN_POINT('',(0.930962616077187,0.15,-3.32993396014411));
#36440=DIRECTION('',(0.,-0.,-1.));
#36450=VECTOR('',#36440,1.);
#36460=LINE('',#36430,#36450);
#36470=CARTESIAN_POINT('',(0.93096261607719,0.149999999999999,
2.75506603985589));
#36480=VERTEX_POINT('',#36470);
#36490=EDGE_CURVE('',#36480,#36400,#36460,.T.);
#36500=ORIENTED_EDGE('',*,*,#36490,.T.);
#36510=CARTESIAN_POINT('',(0.930962616077187,0.649999999999997,
2.75506603985589));
#36520=DIRECTION('',(-0.,-1.,-0.));
#36530=VECTOR('',#36520,1.);
#36540=LINE('',#36510,#36530);
#36550=CARTESIAN_POINT('',(0.93096261607719,0.249999999999999,
2.75506603985589));
#36560=VERTEX_POINT('',#36550);
#36570=EDGE_CURVE('',#36560,#36480,#36540,.T.);
#36580=ORIENTED_EDGE('',*,*,#36570,.T.);
#36590=CARTESIAN_POINT('',(0.930962616077187,0.249999999999999,
-3.32993396014411));
#36600=DIRECTION('',(0.,-0.,1.));
#36610=VECTOR('',#36600,1.);
#36620=LINE('',#36590,#36610);
#36630=CARTESIAN_POINT('',(0.93096261607719,0.249999999999999,
2.90506603985589));
#36640=VERTEX_POINT('',#36630);
#36650=EDGE_CURVE('',#36560,#36640,#36620,.T.);
#36660=ORIENTED_EDGE('',*,*,#36650,.F.);
#36670=CARTESIAN_POINT('',(0.930962616077187,0.649999999999997,
2.90506603985589));
#36680=DIRECTION('',(-0.,1.,-0.));
#36690=VECTOR('',#36680,1.);
#36700=LINE('',#36670,#36690);
#36710=CARTESIAN_POINT('',(0.93096261607719,0.149999999999999,
2.90506603985589));
#36720=VERTEX_POINT('',#36710);
#36730=EDGE_CURVE('',#36720,#36640,#36700,.T.);
#36740=ORIENTED_EDGE('',*,*,#36730,.T.);
#36750=CARTESIAN_POINT('',(0.930962616077187,0.15,-3.32993396014411));
#36760=DIRECTION('',(0.,-0.,-1.));
#36770=VECTOR('',#36760,1.);
#36780=LINE('',#36750,#36770);
#36790=CARTESIAN_POINT('',(0.93096261607719,0.149999999999999,
3.15506603985589));
#36800=VERTEX_POINT('',#36790);
#36810=EDGE_CURVE('',#36800,#36720,#36780,.T.);
#36820=ORIENTED_EDGE('',*,*,#36810,.T.);
#36830=CARTESIAN_POINT('',(0.930962616077187,0.649999999999997,
3.15506603985589));
#36840=DIRECTION('',(-0.,-1.,-0.));
#36850=VECTOR('',#36840,1.);
#36860=LINE('',#36830,#36850);
#36870=CARTESIAN_POINT('',(0.93096261607719,0.249999999999999,
3.15506603985589));
#36880=VERTEX_POINT('',#36870);
#36890=EDGE_CURVE('',#36880,#36800,#36860,.T.);
#36900=ORIENTED_EDGE('',*,*,#36890,.T.);
#36910=CARTESIAN_POINT('',(0.930962616077187,0.249999999999999,
-3.32993396014411));
#36920=DIRECTION('',(0.,-0.,1.));
#36930=VECTOR('',#36920,1.);
#36940=LINE('',#36910,#36930);
#36950=CARTESIAN_POINT('',(0.93096261607719,0.249999999999999,
3.30506603985588));
#36960=VERTEX_POINT('',#36950);
#36970=EDGE_CURVE('',#36880,#36960,#36940,.T.);
#36980=ORIENTED_EDGE('',*,*,#36970,.F.);
#36990=CARTESIAN_POINT('',(0.930962616077187,0.649999999999997,
3.30506603985588));
#37000=DIRECTION('',(-0.,1.,-0.));
#37010=VECTOR('',#37000,1.);
#37020=LINE('',#36990,#37010);
#37030=CARTESIAN_POINT('',(0.93096261607719,0.149999999999999,
3.30506603985588));
#37040=VERTEX_POINT('',#37030);
#37050=EDGE_CURVE('',#37040,#36960,#37020,.T.);
#37060=ORIENTED_EDGE('',*,*,#37050,.T.);
#37070=CARTESIAN_POINT('',(0.930962616077187,0.15,-3.32993396014411));
#37080=DIRECTION('',(0.,-0.,-1.));
#37090=VECTOR('',#37080,1.);
#37100=LINE('',#37070,#37090);
#37110=CARTESIAN_POINT('',(0.93096261607719,0.149999999999999,
3.55506603985588));
#37120=VERTEX_POINT('',#37110);
#37130=EDGE_CURVE('',#37120,#37040,#37100,.T.);
#37140=ORIENTED_EDGE('',*,*,#37130,.T.);
#37150=CARTESIAN_POINT('',(0.930962616077187,0.649999999999997,
3.55506603985588));
#37160=DIRECTION('',(-0.,-1.,-0.));
#37170=VECTOR('',#37160,1.);
#37180=LINE('',#37150,#37170);
#37190=EDGE_CURVE('',#2520,#37120,#37180,.T.);
#37200=ORIENTED_EDGE('',*,*,#37190,.T.);
#37210=ORIENTED_EDGE('',*,*,#2770,.F.);
#37220=CARTESIAN_POINT('',(0.930962616077187,0.649999999999997,
3.70506603985589));
#37230=DIRECTION('',(-0.,1.,-0.));
#37240=VECTOR('',#37230,1.);
#37250=LINE('',#37220,#37240);
#37260=CARTESIAN_POINT('',(0.93096261607719,0.149999999999999,
3.70506603985589));
#37270=VERTEX_POINT('',#37260);
#37280=EDGE_CURVE('',#37270,#2700,#37250,.T.);
#37290=ORIENTED_EDGE('',*,*,#37280,.T.);
#37300=CARTESIAN_POINT('',(0.930962616077187,0.15,-3.32993396014411));
#37310=DIRECTION('',(0.,-0.,-1.));
#37320=VECTOR('',#37310,1.);
#37330=LINE('',#37300,#37320);
#37340=CARTESIAN_POINT('',(0.930962616077189,0.15,4.09006603985589));
#37350=VERTEX_POINT('',#37340);
#37360=EDGE_CURVE('',#37350,#37270,#37330,.T.);
#37370=ORIENTED_EDGE('',*,*,#37360,.T.);
#37380=CARTESIAN_POINT('',(0.930962616077187,0.649999999999997,
4.09006603985588));
#37390=DIRECTION('',(0.,-1.,0.));
#37400=VECTOR('',#37390,1.);
#37410=LINE('',#37380,#37400);
#37420=EDGE_CURVE('',#31450,#37350,#37410,.T.);
#37430=ORIENTED_EDGE('',*,*,#37420,.T.);
#37440=EDGE_LOOP('',(#37430,#37370,#37290,#37210,#37200,#37140,#37060,
#36980,#36900,#36820,#36740,#36660,#36580,#36500,#36420,#36340,#36260,
#36180,#36100,#36020,#35940,#35860,#35780,#35700,#35620,#35540,#35460,
#35450,#35440,#35380,#35300,#35220,#35140,#35060,#34980,#34900,#34820,
#34740,#34660,#34580,#34500,#34420,#34340,#34260,#34180,#34100,#34020,
#33940,#33860,#33780,#33700,#33620,#33540,#33460,#33380,#33300,#33220,
#33140,#33060,#32980,#32900,#32820,#32740,#32660,#32580,#32500,#32420,
#32340,#32260,#32180,#32100,#32020,#31940,#31860,#31780,#31700,#31690,
#31630,#31550,#31470));
#37450=FACE_OUTER_BOUND('',#37440,.T.);
#37460=ADVANCED_FACE('',(#37450),#31370,.T.);
#37470=CARTESIAN_POINT('',(1.03546576607719,0.15,4.37706918985588));
#37480=DIRECTION('',(0.,-1.,0.));
#37490=DIRECTION('',(-1.,-0.,0.));
#37500=AXIS2_PLACEMENT_3D('',#37470,#37480,#37490);
#37510=PLANE('',#37500);
#37520=CARTESIAN_POINT('',(8.35096261607708,0.15,-3.32993396014411));
#37530=DIRECTION('',(-0.707106781186543,0.,0.707106781186553));
#37540=VECTOR('',#37530,1.);
#37550=LINE('',#37520,#37540);
#37560=CARTESIAN_POINT('',(0.85096261607719,0.15,4.17006603985589));
#37570=VERTEX_POINT('',#37560);
#37580=EDGE_CURVE('',#37350,#37570,#37550,.T.);
#37590=ORIENTED_EDGE('',*,*,#37580,.T.);
#37600=ORIENTED_EDGE('',*,*,#37360,.F.);
#37610=CARTESIAN_POINT('',(0.860962616077189,0.15,3.70506603985589));
#37620=DIRECTION('',(1.,-0.,-0.));
#37630=VECTOR('',#37620,1.);
#37640=LINE('',#37610,#37630);
#37650=EDGE_CURVE('',#37270,#110,#37640,.T.);
#37660=ORIENTED_EDGE('',*,*,#37650,.F.);
#37670=ORIENTED_EDGE('',*,*,#140,.F.);
#37680=CARTESIAN_POINT('',(0.860962616077189,0.15,3.55506603985588));
#37690=DIRECTION('',(-1.,-0.,-0.));
#37700=VECTOR('',#37690,1.);
#37710=LINE('',#37680,#37700);
#37720=EDGE_CURVE('',#130,#37120,#37710,.T.);
#37730=ORIENTED_EDGE('',*,*,#37720,.F.);
#37740=ORIENTED_EDGE('',*,*,#37130,.F.);
#37750=CARTESIAN_POINT('',(0.860962616077189,0.15,3.30506603985588));
#37760=DIRECTION('',(1.,-0.,-0.));
#37770=VECTOR('',#37760,1.);
#37780=LINE('',#37750,#37770);
#37790=CARTESIAN_POINT('',(1.03096261607719,0.149999999999999,
3.30506603985588));
#37800=VERTEX_POINT('',#37790);
#37810=EDGE_CURVE('',#37040,#37800,#37780,.T.);
#37820=ORIENTED_EDGE('',*,*,#37810,.F.);
#37830=CARTESIAN_POINT('',(1.03096261607719,0.149999999999999,
3.30506603985588));
#37840=DIRECTION('',(0.,0.,-1.));
#37850=VECTOR('',#37840,1.);
#37860=LINE('',#37830,#37850);
#37870=CARTESIAN_POINT('',(1.03096261607719,0.149999999999999,
3.15506603985589));
#37880=VERTEX_POINT('',#37870);
#37890=EDGE_CURVE('',#37800,#37880,#37860,.T.);
#37900=ORIENTED_EDGE('',*,*,#37890,.F.);
#37910=CARTESIAN_POINT('',(0.860962616077189,0.15,3.15506603985589));
#37920=DIRECTION('',(-1.,-0.,-0.));
#37930=VECTOR('',#37920,1.);
#37940=LINE('',#37910,#37930);
#37950=EDGE_CURVE('',#37880,#36800,#37940,.T.);
#37960=ORIENTED_EDGE('',*,*,#37950,.F.);
#37970=ORIENTED_EDGE('',*,*,#36810,.F.);
#37980=CARTESIAN_POINT('',(0.860962616077189,0.15,2.90506603985589));
#37990=DIRECTION('',(1.,-0.,-0.));
#38000=VECTOR('',#37990,1.);
#38010=LINE('',#37980,#38000);
#38020=CARTESIAN_POINT('',(1.03096261607719,0.149999999999999,
2.90506603985589));
#38030=VERTEX_POINT('',#38020);
#38040=EDGE_CURVE('',#36720,#38030,#38010,.T.);
#38050=ORIENTED_EDGE('',*,*,#38040,.F.);
#38060=CARTESIAN_POINT('',(1.03096261607719,0.149999999999999,
2.90506603985589));
#38070=DIRECTION('',(0.,0.,-1.));
#38080=VECTOR('',#38070,1.);
#38090=LINE('',#38060,#38080);
#38100=CARTESIAN_POINT('',(1.03096261607719,0.149999999999999,
2.75506603985589));
#38110=VERTEX_POINT('',#38100);
#38120=EDGE_CURVE('',#38030,#38110,#38090,.T.);
#38130=ORIENTED_EDGE('',*,*,#38120,.F.);
#38140=CARTESIAN_POINT('',(0.860962616077189,0.15,2.75506603985589));
#38150=DIRECTION('',(-1.,-0.,-0.));
#38160=VECTOR('',#38150,1.);
#38170=LINE('',#38140,#38160);
#38180=EDGE_CURVE('',#38110,#36480,#38170,.T.);
#38190=ORIENTED_EDGE('',*,*,#38180,.F.);
#38200=ORIENTED_EDGE('',*,*,#36490,.F.);
#38210=CARTESIAN_POINT('',(0.860962616077189,0.15,2.50506603985589));
#38220=DIRECTION('',(1.,-0.,-0.));
#38230=VECTOR('',#38220,1.);
#38240=LINE('',#38210,#38230);
#38250=CARTESIAN_POINT('',(1.03096261607719,0.149999999999999,
2.50506603985589));
#38260=VERTEX_POINT('',#38250);
#38270=EDGE_CURVE('',#36400,#38260,#38240,.T.);
#38280=ORIENTED_EDGE('',*,*,#38270,.F.);
#38290=CARTESIAN_POINT('',(1.03096261607719,0.149999999999999,
2.50506603985589));
#38300=DIRECTION('',(0.,0.,-1.));
#38310=VECTOR('',#38300,1.);
#38320=LINE('',#38290,#38310);
#38330=CARTESIAN_POINT('',(1.03096261607719,0.149999999999999,
2.35506603985588));
#38340=VERTEX_POINT('',#38330);
#38350=EDGE_CURVE('',#38260,#38340,#38320,.T.);
#38360=ORIENTED_EDGE('',*,*,#38350,.F.);
#38370=CARTESIAN_POINT('',(0.860962616077189,0.15,2.35506603985588));
#38380=DIRECTION('',(-1.,-0.,-0.));
#38390=VECTOR('',#38380,1.);
#38400=LINE('',#38370,#38390);
#38410=EDGE_CURVE('',#38340,#36160,#38400,.T.);
#38420=ORIENTED_EDGE('',*,*,#38410,.F.);
#38430=ORIENTED_EDGE('',*,*,#36170,.F.);
#38440=CARTESIAN_POINT('',(0.860962616077189,0.15,2.10506603985588));
#38450=DIRECTION('',(1.,-0.,-0.));
#38460=VECTOR('',#38450,1.);
#38470=LINE('',#38440,#38460);
#38480=CARTESIAN_POINT('',(1.03096261607719,0.149999999999999,
2.10506603985588));
#38490=VERTEX_POINT('',#38480);
#38500=EDGE_CURVE('',#36080,#38490,#38470,.T.);
#38510=ORIENTED_EDGE('',*,*,#38500,.F.);
#38520=CARTESIAN_POINT('',(1.03096261607719,0.149999999999999,
2.10506603985588));
#38530=DIRECTION('',(0.,0.,-1.));
#38540=VECTOR('',#38530,1.);
#38550=LINE('',#38520,#38540);
#38560=CARTESIAN_POINT('',(1.03096261607719,0.149999999999999,
1.95506603985589));
#38570=VERTEX_POINT('',#38560);
#38580=EDGE_CURVE('',#38490,#38570,#38550,.T.);
#38590=ORIENTED_EDGE('',*,*,#38580,.F.);
#38600=CARTESIAN_POINT('',(0.860962616077189,0.15,1.95506603985589));
#38610=DIRECTION('',(-1.,-0.,-0.));
#38620=VECTOR('',#38610,1.);
#38630=LINE('',#38600,#38620);
#38640=EDGE_CURVE('',#38570,#35840,#38630,.T.);
#38650=ORIENTED_EDGE('',*,*,#38640,.F.);
#38660=ORIENTED_EDGE('',*,*,#35850,.F.);
#38670=CARTESIAN_POINT('',(0.860962616077189,0.15,1.70506603985589));
#38680=DIRECTION('',(1.,-0.,-0.));
#38690=VECTOR('',#38680,1.);
#38700=LINE('',#38670,#38690);
#38710=CARTESIAN_POINT('',(1.03096261607719,0.149999999999999,
1.70506603985589));
#38720=VERTEX_POINT('',#38710);
#38730=EDGE_CURVE('',#35760,#38720,#38700,.T.);
#38740=ORIENTED_EDGE('',*,*,#38730,.F.);
#38750=CARTESIAN_POINT('',(1.03096261607719,0.149999999999999,
1.70506603985589));
#38760=DIRECTION('',(0.,0.,-1.));
#38770=VECTOR('',#38760,1.);
#38780=LINE('',#38750,#38770);
#38790=CARTESIAN_POINT('',(1.03096261607719,0.149999999999999,
1.55506603985588));
#38800=VERTEX_POINT('',#38790);
#38810=EDGE_CURVE('',#38720,#38800,#38780,.T.);
#38820=ORIENTED_EDGE('',*,*,#38810,.F.);
#38830=CARTESIAN_POINT('',(0.860962616077189,0.15,1.55506603985588));
#38840=DIRECTION('',(-1.,-0.,-0.));
#38850=VECTOR('',#38840,1.);
#38860=LINE('',#38830,#38850);
#38870=EDGE_CURVE('',#38800,#35520,#38860,.T.);
#38880=ORIENTED_EDGE('',*,*,#38870,.F.);
#38890=ORIENTED_EDGE('',*,*,#35530,.F.);
#38900=ORIENTED_EDGE('',*,*,#30500,.F.);
#38910=ORIENTED_EDGE('',*,*,#30720,.F.);
#38920=CARTESIAN_POINT('',(0.860962616077189,0.15,1.15506603985589));
#38930=DIRECTION('',(-1.,-0.,-0.));
#38940=VECTOR('',#38930,1.);
#38950=LINE('',#38920,#38940);
#38960=EDGE_CURVE('',#30710,#35360,#38950,.T.);
#38970=ORIENTED_EDGE('',*,*,#38960,.F.);
#38980=ORIENTED_EDGE('',*,*,#35370,.F.);
#38990=CARTESIAN_POINT('',(0.860962616077189,0.15,0.905066039855885));
#39000=DIRECTION('',(1.,-0.,-0.));
#39010=VECTOR('',#39000,1.);
#39020=LINE('',#38990,#39010);
#39030=CARTESIAN_POINT('',(1.03096261607719,0.149999999999999,
0.905066039855885));
#39040=VERTEX_POINT('',#39030);
#39050=EDGE_CURVE('',#35280,#39040,#39020,.T.);
#39060=ORIENTED_EDGE('',*,*,#39050,.F.);
#39070=CARTESIAN_POINT('',(1.03096261607719,0.149999999999999,
0.905066039855885));
#39080=DIRECTION('',(0.,0.,-1.));
#39090=VECTOR('',#39080,1.);
#39100=LINE('',#39070,#39090);
#39110=CARTESIAN_POINT('',(1.03096261607719,0.149999999999999,
0.755066039855885));
#39120=VERTEX_POINT('',#39110);
#39130=EDGE_CURVE('',#39040,#39120,#39100,.T.);
#39140=ORIENTED_EDGE('',*,*,#39130,.F.);
#39150=CARTESIAN_POINT('',(0.860962616077189,0.15,0.755066039855885));
#39160=DIRECTION('',(-1.,-0.,-0.));
#39170=VECTOR('',#39160,1.);
#39180=LINE('',#39150,#39170);
#39190=EDGE_CURVE('',#39120,#35040,#39180,.T.);
#39200=ORIENTED_EDGE('',*,*,#39190,.F.);
#39210=ORIENTED_EDGE('',*,*,#35050,.F.);
#39220=CARTESIAN_POINT('',(0.860962616077189,0.15,0.505066039855885));
#39230=DIRECTION('',(1.,-0.,-0.));
#39240=VECTOR('',#39230,1.);
#39250=LINE('',#39220,#39240);
#39260=CARTESIAN_POINT('',(1.03096261607719,0.149999999999999,
0.505066039855885));
#39270=VERTEX_POINT('',#39260);
#39280=EDGE_CURVE('',#34960,#39270,#39250,.T.);
#39290=ORIENTED_EDGE('',*,*,#39280,.F.);
#39300=CARTESIAN_POINT('',(1.03096261607719,0.149999999999999,
0.505066039855885));
#39310=DIRECTION('',(0.,0.,-1.));
#39320=VECTOR('',#39310,1.);
#39330=LINE('',#39300,#39320);
#39340=CARTESIAN_POINT('',(1.03096261607719,0.149999999999999,
0.355066039855885));
#39350=VERTEX_POINT('',#39340);
#39360=EDGE_CURVE('',#39270,#39350,#39330,.T.);
#39370=ORIENTED_EDGE('',*,*,#39360,.F.);
#39380=CARTESIAN_POINT('',(0.860962616077189,0.15,0.355066039855885));
#39390=DIRECTION('',(-1.,-0.,-0.));
#39400=VECTOR('',#39390,1.);
#39410=LINE('',#39380,#39400);
#39420=EDGE_CURVE('',#39350,#34720,#39410,.T.);
#39430=ORIENTED_EDGE('',*,*,#39420,.F.);
#39440=ORIENTED_EDGE('',*,*,#34730,.F.);
#39450=CARTESIAN_POINT('',(0.860962616077189,0.15,0.105066039855885));
#39460=DIRECTION('',(1.,-0.,-0.));
#39470=VECTOR('',#39460,1.);
#39480=LINE('',#39450,#39470);
#39490=CARTESIAN_POINT('',(1.03096261607719,0.149999999999999,
0.105066039855885));
#39500=VERTEX_POINT('',#39490);
#39510=EDGE_CURVE('',#34640,#39500,#39480,.T.);
#39520=ORIENTED_EDGE('',*,*,#39510,.F.);
#39530=CARTESIAN_POINT('',(1.03096261607719,0.149999999999999,
0.105066039855885));
#39540=DIRECTION('',(0.,0.,-1.));
#39550=VECTOR('',#39540,1.);
#39560=LINE('',#39530,#39550);
#39570=CARTESIAN_POINT('',(1.03096261607719,0.149999999999999,
-0.0449339601441148));
#39580=VERTEX_POINT('',#39570);
#39590=EDGE_CURVE('',#39500,#39580,#39560,.T.);
#39600=ORIENTED_EDGE('',*,*,#39590,.F.);
#39610=CARTESIAN_POINT('',(0.860962616077189,0.15,-0.0449339601441148));
#39620=DIRECTION('',(-1.,-0.,-0.));
#39630=VECTOR('',#39620,1.);
#39640=LINE('',#39610,#39630);
#39650=EDGE_CURVE('',#39580,#34400,#39640,.T.);
#39660=ORIENTED_EDGE('',*,*,#39650,.F.);
#39670=ORIENTED_EDGE('',*,*,#34410,.F.);
#39680=CARTESIAN_POINT('',(0.860962616077189,0.15,-0.294933960144115));
#39690=DIRECTION('',(1.,-0.,-0.));
#39700=VECTOR('',#39690,1.);
#39710=LINE('',#39680,#39700);
#39720=CARTESIAN_POINT('',(1.03096261607719,0.149999999999999,
-0.294933960144115));
#39730=VERTEX_POINT('',#39720);
#39740=EDGE_CURVE('',#34320,#39730,#39710,.T.);
#39750=ORIENTED_EDGE('',*,*,#39740,.F.);
#39760=CARTESIAN_POINT('',(1.03096261607719,0.149999999999999,
-0.294933960144115));
#39770=DIRECTION('',(0.,0.,-1.));
#39780=VECTOR('',#39770,1.);
#39790=LINE('',#39760,#39780);
#39800=CARTESIAN_POINT('',(1.03096261607719,0.149999999999999,
-0.444933960144115));
#39810=VERTEX_POINT('',#39800);
#39820=EDGE_CURVE('',#39730,#39810,#39790,.T.);
#39830=ORIENTED_EDGE('',*,*,#39820,.F.);
#39840=CARTESIAN_POINT('',(0.860962616077189,0.15,-0.444933960144115));
#39850=DIRECTION('',(-1.,-0.,-0.));
#39860=VECTOR('',#39850,1.);
#39870=LINE('',#39840,#39860);
#39880=EDGE_CURVE('',#39810,#34080,#39870,.T.);
#39890=ORIENTED_EDGE('',*,*,#39880,.F.);
#39900=ORIENTED_EDGE('',*,*,#34090,.F.);
#39910=CARTESIAN_POINT('',(0.860962616077189,0.15,-0.694933960144115));
#39920=DIRECTION('',(1.,-0.,-0.));
#39930=VECTOR('',#39920,1.);
#39940=LINE('',#39910,#39930);
#39950=CARTESIAN_POINT('',(1.03096261607719,0.149999999999999,
-0.694933960144115));
#39960=VERTEX_POINT('',#39950);
#39970=EDGE_CURVE('',#34000,#39960,#39940,.T.);
#39980=ORIENTED_EDGE('',*,*,#39970,.F.);
#39990=CARTESIAN_POINT('',(1.03096261607719,0.149999999999999,
-0.694933960144115));
#40000=DIRECTION('',(0.,0.,-1.));
#40010=VECTOR('',#40000,1.);
#40020=LINE('',#39990,#40010);
#40030=CARTESIAN_POINT('',(1.03096261607719,0.149999999999999,
-0.844933960144115));
#40040=VERTEX_POINT('',#40030);
#40050=EDGE_CURVE('',#39960,#40040,#40020,.T.);
#40060=ORIENTED_EDGE('',*,*,#40050,.F.);
#40070=CARTESIAN_POINT('',(0.860962616077189,0.15,-0.844933960144115));
#40080=DIRECTION('',(-1.,-0.,-0.));
#40090=VECTOR('',#40080,1.);
#40100=LINE('',#40070,#40090);
#40110=EDGE_CURVE('',#40040,#33760,#40100,.T.);
#40120=ORIENTED_EDGE('',*,*,#40110,.F.);
#40130=ORIENTED_EDGE('',*,*,#33770,.F.);
#40140=CARTESIAN_POINT('',(0.860962616077189,0.15,-1.09493396014412));
#40150=DIRECTION('',(1.,-0.,-0.));
#40160=VECTOR('',#40150,1.);
#40170=LINE('',#40140,#40160);
#40180=CARTESIAN_POINT('',(1.03096261607719,0.149999999999999,
-1.09493396014412));
#40190=VERTEX_POINT('',#40180);
#40200=EDGE_CURVE('',#33680,#40190,#40170,.T.);
#40210=ORIENTED_EDGE('',*,*,#40200,.F.);
#40220=CARTESIAN_POINT('',(1.03096261607719,0.149999999999999,
-1.09493396014412));
#40230=DIRECTION('',(0.,0.,-1.));
#40240=VECTOR('',#40230,1.);
#40250=LINE('',#40220,#40240);
#40260=CARTESIAN_POINT('',(1.03096261607719,0.149999999999999,
-1.24493396014411));
#40270=VERTEX_POINT('',#40260);
#40280=EDGE_CURVE('',#40190,#40270,#40250,.T.);
#40290=ORIENTED_EDGE('',*,*,#40280,.F.);
#40300=CARTESIAN_POINT('',(0.860962616077189,0.15,-1.24493396014411));
#40310=DIRECTION('',(-1.,-0.,-0.));
#40320=VECTOR('',#40310,1.);
#40330=LINE('',#40300,#40320);
#40340=EDGE_CURVE('',#40270,#33440,#40330,.T.);
#40350=ORIENTED_EDGE('',*,*,#40340,.F.);
#40360=ORIENTED_EDGE('',*,*,#33450,.F.);
#40370=CARTESIAN_POINT('',(0.860962616077189,0.15,-1.49493396014411));
#40380=DIRECTION('',(1.,-0.,-0.));
#40390=VECTOR('',#40380,1.);
#40400=LINE('',#40370,#40390);
#40410=CARTESIAN_POINT('',(1.03096261607719,0.149999999999999,
-1.49493396014411));
#40420=VERTEX_POINT('',#40410);
#40430=EDGE_CURVE('',#33360,#40420,#40400,.T.);
#40440=ORIENTED_EDGE('',*,*,#40430,.F.);
#40450=CARTESIAN_POINT('',(1.03096261607719,0.149999999999999,
-1.49493396014411));
#40460=DIRECTION('',(0.,0.,-1.));
#40470=VECTOR('',#40460,1.);
#40480=LINE('',#40450,#40470);
#40490=CARTESIAN_POINT('',(1.03096261607719,0.149999999999999,
-1.64493396014411));
#40500=VERTEX_POINT('',#40490);
#40510=EDGE_CURVE('',#40420,#40500,#40480,.T.);
#40520=ORIENTED_EDGE('',*,*,#40510,.F.);
#40530=CARTESIAN_POINT('',(0.860962616077189,0.15,-1.64493396014411));
#40540=DIRECTION('',(-1.,-0.,-0.));
#40550=VECTOR('',#40540,1.);
#40560=LINE('',#40530,#40550);
#40570=EDGE_CURVE('',#40500,#33120,#40560,.T.);
#40580=ORIENTED_EDGE('',*,*,#40570,.F.);
#40590=ORIENTED_EDGE('',*,*,#33130,.F.);
#40600=CARTESIAN_POINT('',(0.860962616077189,0.15,-1.89493396014411));
#40610=DIRECTION('',(1.,-0.,-0.));
#40620=VECTOR('',#40610,1.);
#40630=LINE('',#40600,#40620);
#40640=CARTESIAN_POINT('',(1.03096261607719,0.149999999999999,
-1.89493396014411));
#40650=VERTEX_POINT('',#40640);
#40660=EDGE_CURVE('',#33040,#40650,#40630,.T.);
#40670=ORIENTED_EDGE('',*,*,#40660,.F.);
#40680=CARTESIAN_POINT('',(1.03096261607719,0.149999999999999,
-1.89493396014411));
#40690=DIRECTION('',(0.,0.,-1.));
#40700=VECTOR('',#40690,1.);
#40710=LINE('',#40680,#40700);
#40720=CARTESIAN_POINT('',(1.03096261607719,0.149999999999999,
-2.04493396014411));
#40730=VERTEX_POINT('',#40720);
#40740=EDGE_CURVE('',#40650,#40730,#40710,.T.);
#40750=ORIENTED_EDGE('',*,*,#40740,.F.);
#40760=CARTESIAN_POINT('',(0.860962616077189,0.15,-2.04493396014411));
#40770=DIRECTION('',(-1.,-0.,-0.));
#40780=VECTOR('',#40770,1.);
#40790=LINE('',#40760,#40780);
#40800=EDGE_CURVE('',#40730,#32800,#40790,.T.);
#40810=ORIENTED_EDGE('',*,*,#40800,.F.);
#40820=ORIENTED_EDGE('',*,*,#32810,.F.);
#40830=CARTESIAN_POINT('',(0.860962616077189,0.15,-2.29493396014411));
#40840=DIRECTION('',(1.,-0.,-0.));
#40850=VECTOR('',#40840,1.);
#40860=LINE('',#40830,#40850);
#40870=CARTESIAN_POINT('',(1.03096261607719,0.149999999999999,
-2.29493396014411));
#40880=VERTEX_POINT('',#40870);
#40890=EDGE_CURVE('',#32720,#40880,#40860,.T.);
#40900=ORIENTED_EDGE('',*,*,#40890,.F.);
#40910=CARTESIAN_POINT('',(1.03096261607719,0.149999999999999,
-2.29493396014411));
#40920=DIRECTION('',(0.,0.,-1.));
#40930=VECTOR('',#40920,1.);
#40940=LINE('',#40910,#40930);
#40950=CARTESIAN_POINT('',(1.03096261607719,0.149999999999999,
-2.44493396014412));
#40960=VERTEX_POINT('',#40950);
#40970=EDGE_CURVE('',#40880,#40960,#40940,.T.);
#40980=ORIENTED_EDGE('',*,*,#40970,.F.);
#40990=CARTESIAN_POINT('',(0.860962616077189,0.15,-2.44493396014412));
#41000=DIRECTION('',(-1.,-0.,-0.));
#41010=VECTOR('',#41000,1.);
#41020=LINE('',#40990,#41010);
#41030=EDGE_CURVE('',#40960,#32480,#41020,.T.);
#41040=ORIENTED_EDGE('',*,*,#41030,.F.);
#41050=ORIENTED_EDGE('',*,*,#32490,.F.);
#41060=CARTESIAN_POINT('',(0.860962616077189,0.15,-2.69493396014412));
#41070=DIRECTION('',(1.,-0.,-0.));
#41080=VECTOR('',#41070,1.);
#41090=LINE('',#41060,#41080);
#41100=CARTESIAN_POINT('',(1.03096261607719,0.149999999999999,
-2.69493396014412));
#41110=VERTEX_POINT('',#41100);
#41120=EDGE_CURVE('',#32400,#41110,#41090,.T.);
#41130=ORIENTED_EDGE('',*,*,#41120,.F.);
#41140=CARTESIAN_POINT('',(1.03096261607719,0.149999999999999,
-2.69493396014412));
#41150=DIRECTION('',(0.,0.,-1.));
#41160=VECTOR('',#41150,1.);
#41170=LINE('',#41140,#41160);
#41180=CARTESIAN_POINT('',(1.03096261607719,0.149999999999999,
-2.84493396014412));
#41190=VERTEX_POINT('',#41180);
#41200=EDGE_CURVE('',#41110,#41190,#41170,.T.);
#41210=ORIENTED_EDGE('',*,*,#41200,.F.);
#41220=CARTESIAN_POINT('',(0.860962616077189,0.15,-2.84493396014412));
#41230=DIRECTION('',(-1.,-0.,-0.));
#41240=VECTOR('',#41230,1.);
#41250=LINE('',#41220,#41240);
#41260=EDGE_CURVE('',#41190,#32160,#41250,.T.);
#41270=ORIENTED_EDGE('',*,*,#41260,.F.);
#41280=ORIENTED_EDGE('',*,*,#32170,.F.);
#41290=CARTESIAN_POINT('',(0.860962616077189,0.15,-3.09493396014412));
#41300=DIRECTION('',(1.,-0.,-0.));
#41310=VECTOR('',#41300,1.);
#41320=LINE('',#41290,#41310);
#41330=CARTESIAN_POINT('',(1.03096261607719,0.149999999999999,
-3.09493396014412));
#41340=VERTEX_POINT('',#41330);
#41350=EDGE_CURVE('',#32080,#41340,#41320,.T.);
#41360=ORIENTED_EDGE('',*,*,#41350,.F.);
#41370=CARTESIAN_POINT('',(1.03096261607719,0.149999999999999,
-3.09493396014412));
#41380=DIRECTION('',(0.,0.,-1.));
#41390=VECTOR('',#41380,1.);
#41400=LINE('',#41370,#41390);
#41410=CARTESIAN_POINT('',(1.03096261607719,0.149999999999999,
-3.24493396014411));
#41420=VERTEX_POINT('',#41410);
#41430=EDGE_CURVE('',#41340,#41420,#41400,.T.);
#41440=ORIENTED_EDGE('',*,*,#41430,.F.);
#41450=CARTESIAN_POINT('',(0.860962616077189,0.15,-3.24493396014411));
#41460=DIRECTION('',(-1.,-0.,-0.));
#41470=VECTOR('',#41460,1.);
#41480=LINE('',#41450,#41470);
#41490=EDGE_CURVE('',#41420,#31840,#41480,.T.);
#41500=ORIENTED_EDGE('',*,*,#41490,.F.);
#41510=ORIENTED_EDGE('',*,*,#31850,.F.);
#41520=CARTESIAN_POINT('',(0.860962616077189,0.15,-3.49493396014411));
#41530=DIRECTION('',(1.,-0.,-0.));
#41540=VECTOR('',#41530,1.);
#41550=LINE('',#41520,#41540);
#41560=CARTESIAN_POINT('',(1.03096261607719,0.149999999999999,
-3.49493396014411));
#41570=VERTEX_POINT('',#41560);
#41580=EDGE_CURVE('',#31760,#41570,#41550,.T.);
#41590=ORIENTED_EDGE('',*,*,#41580,.F.);
#41600=CARTESIAN_POINT('',(1.03096261607719,0.149999999999999,
-3.49493396014411));
#41610=DIRECTION('',(0.,0.,-1.));
#41620=VECTOR('',#41610,1.);
#41630=LINE('',#41600,#41620);
#41640=CARTESIAN_POINT('',(1.03096261607719,0.149999999999999,
-3.64493396014411));
#41650=VERTEX_POINT('',#41640);
#41660=EDGE_CURVE('',#41570,#41650,#41630,.T.);
#41670=ORIENTED_EDGE('',*,*,#41660,.F.);
#41680=CARTESIAN_POINT('',(0.860962616077189,0.15,-3.64493396014411));
#41690=DIRECTION('',(-1.,-0.,-0.));
#41700=VECTOR('',#41690,1.);
#41710=LINE('',#41680,#41700);
#41720=EDGE_CURVE('',#41650,#31610,#41710,.T.);
#41730=ORIENTED_EDGE('',*,*,#41720,.F.);
#41740=ORIENTED_EDGE('',*,*,#31620,.F.);
#41750=CARTESIAN_POINT('',(1.63096261607719,0.15,-3.32993396014411));
#41760=DIRECTION('',(0.707106781186547,0.,0.707106781186548));
#41770=VECTOR('',#41760,1.);
#41780=LINE('',#41750,#41770);
#41790=CARTESIAN_POINT('',(0.85096261607719,0.15,-4.10993396014412));
#41800=VERTEX_POINT('',#41790);
#41810=EDGE_CURVE('',#41800,#31530,#41780,.T.);
#41820=ORIENTED_EDGE('',*,*,#41810,.T.);
#41830=CARTESIAN_POINT('',(0.85096261607719,0.15,-3.32993396014411));
#41840=DIRECTION('',(-0.,0.,1.));
#41850=VECTOR('',#41840,1.);
#41860=LINE('',#41830,#41850);
#41870=EDGE_CURVE('',#41800,#37570,#41860,.T.);
#41880=ORIENTED_EDGE('',*,*,#41870,.F.);
#41890=EDGE_LOOP('',(#41880,#41820,#41740,#41730,#41670,#41590,#41510,
#41500,#41440,#41360,#41280,#41270,#41210,#41130,#41050,#41040,#40980,
#40900,#40820,#40810,#40750,#40670,#40590,#40580,#40520,#40440,#40360,
#40350,#40290,#40210,#40130,#40120,#40060,#39980,#39900,#39890,#39830,
#39750,#39670,#39660,#39600,#39520,#39440,#39430,#39370,#39290,#39210,
#39200,#39140,#39060,#38980,#38970,#38910,#38900,#38890,#38880,#38820,
#38740,#38660,#38650,#38590,#38510,#38430,#38420,#38360,#38280,#38200,
#38190,#38130,#38050,#37970,#37960,#37900,#37820,#37740,#37730,#37670,
#37660,#37600,#37590));
#41900=FACE_OUTER_BOUND('',#41890,.T.);
#41910=ADVANCED_FACE('',(#41900),#37510,.T.);
#41920=CARTESIAN_POINT('',(0.85096261607719,0.15250315,4.37706918985589)
);
#41930=DIRECTION('',(1.,0.,0.));
#41940=DIRECTION('',(0.,-1.,0.));
#41950=AXIS2_PLACEMENT_3D('',#41920,#41930,#41940);
#41960=PLANE('',#41950);
#41970=CARTESIAN_POINT('',(0.85096261607719,0.649999999999997,
4.17006603985588));
#41980=DIRECTION('',(0.,-1.,0.));
#41990=VECTOR('',#41980,1.);
#42000=LINE('',#41970,#41990);
#42010=CARTESIAN_POINT('',(0.85096261607719,0.05,4.17006603985589));
#42020=VERTEX_POINT('',#42010);
#42030=EDGE_CURVE('',#37570,#42020,#42000,.T.);
#42040=ORIENTED_EDGE('',*,*,#42030,.T.);
#42050=ORIENTED_EDGE('',*,*,#41870,.T.);
#42060=CARTESIAN_POINT('',(0.85096261607719,0.649999999999997,
-4.10993396014412));
#42070=DIRECTION('',(0.,1.,0.));
#42080=VECTOR('',#42070,1.);
#42090=LINE('',#42060,#42080);
#42100=CARTESIAN_POINT('',(0.85096261607719,0.05,-4.10993396014412));
#42110=VERTEX_POINT('',#42100);
#42120=EDGE_CURVE('',#42110,#41800,#42090,.T.);
#42130=ORIENTED_EDGE('',*,*,#42120,.T.);
#42140=CARTESIAN_POINT('',(0.85096261607719,0.049999999999997,
-3.32993396014411));
#42150=DIRECTION('',(-0.,0.,1.));
#42160=VECTOR('',#42150,1.);
#42170=LINE('',#42140,#42160);
#42180=EDGE_CURVE('',#42110,#42020,#42170,.T.);
#42190=ORIENTED_EDGE('',*,*,#42180,.F.);
#42200=EDGE_LOOP('',(#42190,#42130,#42050,#42040));
#42210=FACE_OUTER_BOUND('',#42200,.T.);
#42220=ADVANCED_FACE('',(#42210),#41960,.T.);
#42230=CARTESIAN_POINT('',(0.893215766077191,0.049999999999997,
4.39806918985589));
#42240=DIRECTION('',(0.,-1.,0.));
#42250=DIRECTION('',(-1.,-0.,0.));
#42260=AXIS2_PLACEMENT_3D('',#42230,#42240,#42250);
#42270=PLANE('',#42260);
#42280=CARTESIAN_POINT('',(0.860962616077189,0.049999999999997,
5.87006603985588));
#42290=DIRECTION('',(0.707106781186549,-0.,0.707106781186546));
#42300=VECTOR('',#42290,1.);
#42310=LINE('',#42280,#42300);
#42320=CARTESIAN_POINT('',(-0.839037383922811,0.049999999999997,
4.17006603985589));
#42330=VERTEX_POINT('',#42320);
#42340=CARTESIAN_POINT('',(-0.819037383922811,0.049999999999997,
4.19006603985588));
#42350=VERTEX_POINT('',#42340);
#42360=EDGE_CURVE('',#42330,#42350,#42310,.T.);
#42370=ORIENTED_EDGE('',*,*,#42360,.F.);
#42380=CARTESIAN_POINT('',(0.860962616077189,0.049999999999997,
4.19006603985588));
#42390=DIRECTION('',(-1.,0.,0.));
#42400=VECTOR('',#42390,1.);
#42410=LINE('',#42380,#42400);
#42420=CARTESIAN_POINT('',(0.830962616077189,0.049999999999997,
4.19006603985588));
#42430=VERTEX_POINT('',#42420);
#42440=EDGE_CURVE('',#42430,#42350,#42410,.T.);
#42450=ORIENTED_EDGE('',*,*,#42440,.T.);
#42460=CARTESIAN_POINT('',(8.35096261607708,0.049999999999997,
-3.32993396014411));
#42470=DIRECTION('',(-0.707106781186543,0.,0.707106781186553));
#42480=VECTOR('',#42470,1.);
#42490=LINE('',#42460,#42480);
#42500=EDGE_CURVE('',#42020,#42430,#42490,.T.);
#42510=ORIENTED_EDGE('',*,*,#42500,.T.);
#42520=ORIENTED_EDGE('',*,*,#42180,.T.);
#42530=CARTESIAN_POINT('',(1.63096261607719,0.049999999999997,
-3.32993396014411));
#42540=DIRECTION('',(0.707106781186547,0.,0.707106781186548));
#42550=VECTOR('',#42540,1.);
#42560=LINE('',#42530,#42550);
#42570=CARTESIAN_POINT('',(0.83096261607719,0.049999999999997,
-4.12993396014411));
#42580=VERTEX_POINT('',#42570);
#42590=EDGE_CURVE('',#42580,#42110,#42560,.T.);
#42600=ORIENTED_EDGE('',*,*,#42590,.T.);
#42610=CARTESIAN_POINT('',(0.860962616077189,0.049999999999997,
-4.12993396014411));
#42620=DIRECTION('',(1.,0.,0.));
#42630=VECTOR('',#42620,1.);
#42640=LINE('',#42610,#42630);
#42650=CARTESIAN_POINT('',(-0.819037383922811,0.049999999999997,
-4.12993396014411));
#42660=VERTEX_POINT('',#42650);
#42670=EDGE_CURVE('',#42660,#42580,#42640,.T.);
#42680=ORIENTED_EDGE('',*,*,#42670,.T.);
#42690=CARTESIAN_POINT('',(-1.61903738392281,0.049999999999997,
-3.32993396014411));
#42700=DIRECTION('',(-0.707106781186548,-0.,0.707106781186548));
#42710=VECTOR('',#42700,1.);
#42720=LINE('',#42690,#42710);
#42730=CARTESIAN_POINT('',(-0.839037383922811,0.049999999999997,
-4.10993396014412));
#42740=VERTEX_POINT('',#42730);
#42750=EDGE_CURVE('',#42660,#42740,#42720,.T.);
#42760=ORIENTED_EDGE('',*,*,#42750,.F.);
#42770=CARTESIAN_POINT('',(-0.839037383922811,0.049999999999997,
-3.32993396014411));
#42780=DIRECTION('',(0.,-0.,1.));
#42790=VECTOR('',#42780,1.);
#42800=LINE('',#42770,#42790);
#42810=EDGE_CURVE('',#42740,#42330,#42800,.T.);
#42820=ORIENTED_EDGE('',*,*,#42810,.F.);
#42830=EDGE_LOOP('',(#42820,#42760,#42680,#42600,#42520,#42510,#42450,
#42370));
#42840=FACE_OUTER_BOUND('',#42830,.T.);
#42850=ADVANCED_FACE('',(#42840),#42270,.T.);
#42860=CARTESIAN_POINT('',(-0.860290533922811,0.0239968499999971,
4.19006603985588));
#42870=DIRECTION('',(0.,0.,1.));
#42880=DIRECTION('',(1.,0.,-0.));
#42890=AXIS2_PLACEMENT_3D('',#42860,#42870,#42880);
#42900=PLANE('',#42890);
#42910=CARTESIAN_POINT('',(0.860962616077189,1.09,4.19006603985588));
#42920=DIRECTION('',(1.,-0.,-0.));
#42930=VECTOR('',#42920,1.);
#42940=LINE('',#42910,#42930);
#42950=CARTESIAN_POINT('',(-0.819037383922811,1.08999999999999,
4.19006603985588));
#42960=VERTEX_POINT('',#42950);
#42970=CARTESIAN_POINT('',(0.830962616077186,1.09,4.19006603985588));
#42980=VERTEX_POINT('',#42970);
#42990=EDGE_CURVE('',#42960,#42980,#42940,.T.);
#43000=ORIENTED_EDGE('',*,*,#42990,.F.);
#43010=CARTESIAN_POINT('',(0.830962616077188,0.649999999999997,
4.19006603985589));
#43020=DIRECTION('',(-0.,1.,0.));
#43030=VECTOR('',#43020,1.);
#43040=LINE('',#43010,#43030);
#43050=EDGE_CURVE('',#42430,#42980,#43040,.T.);
#43060=ORIENTED_EDGE('',*,*,#43050,.T.);
#43070=ORIENTED_EDGE('',*,*,#42440,.F.);
#43080=CARTESIAN_POINT('',(-0.819037383922811,0.649999999999997,
4.19006603985589));
#43090=DIRECTION('',(0.,1.,-0.));
#43100=VECTOR('',#43090,1.);
#43110=LINE('',#43080,#43100);
#43120=EDGE_CURVE('',#42350,#42960,#43110,.T.);
#43130=ORIENTED_EDGE('',*,*,#43120,.F.);
#43140=EDGE_LOOP('',(#43130,#43070,#43060,#43000));
#43150=FACE_OUTER_BOUND('',#43140,.T.);
#43160=ADVANCED_FACE('',(#43150),#42900,.T.);
#43170=CARTESIAN_POINT('',(0.828460388690825,0.022746849999997,
4.19256826724225));
#43180=DIRECTION('',(0.707106781186553,0.,0.707106781186543));
#43190=DIRECTION('',(0.707106781186543,0.,-0.707106781186553));
#43200=AXIS2_PLACEMENT_3D('',#43170,#43180,#43190);
#43210=PLANE('',#43200);
#43220=CARTESIAN_POINT('',(8.35096261607708,-6.32999999999989,
-3.32993396014411));
#43230=DIRECTION('',(-0.577350269189623,0.577350269189623,
0.577350269189631));
#43240=VECTOR('',#43230,1.);
#43250=LINE('',#43220,#43240);
#43260=CARTESIAN_POINT('',(0.880962616077187,1.14,4.14006603985588));
#43270=VERTEX_POINT('',#43260);
#43280=EDGE_CURVE('',#31450,#43270,#43250,.T.);
#43290=ORIENTED_EDGE('',*,*,#43280,.T.);
#43300=ORIENTED_EDGE('',*,*,#37420,.F.);
#43310=ORIENTED_EDGE('',*,*,#37580,.F.);
#43320=ORIENTED_EDGE('',*,*,#42030,.F.);
#43330=ORIENTED_EDGE('',*,*,#42500,.F.);
#43340=ORIENTED_EDGE('',*,*,#43050,.F.);
#43350=CARTESIAN_POINT('',(8.35096261607708,8.60999999999996,
-3.32993396014411));
#43360=DIRECTION('',(0.577350269189621,0.577350269189627,
-0.577350269189629));
#43370=VECTOR('',#43360,1.);
#43380=LINE('',#43350,#43370);
#43390=EDGE_CURVE('',#42980,#43270,#43380,.T.);
#43400=ORIENTED_EDGE('',*,*,#43390,.F.);
#43410=EDGE_LOOP('',(#43400,#43340,#43330,#43320,#43310,#43300,#43290));
#43420=FACE_OUTER_BOUND('',#43410,.T.);
#43430=ADVANCED_FACE('',(#43420),#43210,.T.);
#43440=CARTESIAN_POINT('',(1.23096261607719,0.149999999999997,
0.908879039855885));
#43450=DIRECTION('',(0.,0.,-1.));
#43460=DIRECTION('',(-1.,0.,-0.));
#43470=AXIS2_PLACEMENT_3D('',#43440,#43450,#43460);
#43480=CYLINDRICAL_SURFACE('',#43470,0.0499999999999974);
#43490=CARTESIAN_POINT('',(1.23096261607719,0.099999999999999,
0.905066039855885));
#43500=DIRECTION('',(0.,0.,-1.));
#43510=VECTOR('',#43500,1.);
#43520=LINE('',#43490,#43510);
#43530=CARTESIAN_POINT('',(1.23096261607719,0.099999999999999,
0.905066039855885));
#43540=VERTEX_POINT('',#43530);
#43550=CARTESIAN_POINT('',(1.23096261607719,0.099999999999999,
0.755066039855885));
#43560=VERTEX_POINT('',#43550);
#43570=EDGE_CURVE('',#43540,#43560,#43520,.T.);
#43580=ORIENTED_EDGE('',*,*,#43570,.T.);
#43590=CARTESIAN_POINT('',(1.23096261607719,0.149999999999997,
0.905066039855885));
#43600=DIRECTION('',(0.,0.,-1.));
#43610=DIRECTION('',(-1.,0.,-0.));
#43620=AXIS2_PLACEMENT_3D('',#43590,#43600,#43610);
#43630=CIRCLE('',#43620,0.0499999999999974);
#43640=CARTESIAN_POINT('',(1.18684496901837,0.126470588235293,
0.905066039855885));
#43650=VERTEX_POINT('',#43640);
#43660=EDGE_CURVE('',#43540,#43650,#43630,.T.);
#43670=ORIENTED_EDGE('',*,*,#43660,.F.);
#43680=CARTESIAN_POINT('',(1.18684496901837,0.126470588235293,
0.905066039855885));
#43690=DIRECTION('',(0.,0.,-1.));
#43700=VECTOR('',#43690,1.);
#43710=LINE('',#43680,#43700);
#43720=CARTESIAN_POINT('',(1.18684496901837,0.126470588235293,
0.755066039855885));
#43730=VERTEX_POINT('',#43720);
#43740=EDGE_CURVE('',#43650,#43730,#43710,.T.);
#43750=ORIENTED_EDGE('',*,*,#43740,.F.);
#43760=CARTESIAN_POINT('',(1.23096261607719,0.149999999999997,
0.755066039855885));
#43770=DIRECTION('',(0.,0.,-1.));
#43780=DIRECTION('',(-1.,0.,-0.));
#43790=AXIS2_PLACEMENT_3D('',#43760,#43770,#43780);
#43800=CIRCLE('',#43790,0.0499999999999974);
#43810=EDGE_CURVE('',#43560,#43730,#43800,.T.);
#43820=ORIENTED_EDGE('',*,*,#43810,.T.);
#43830=EDGE_LOOP('',(#43820,#43750,#43670,#43580));
#43840=FACE_OUTER_BOUND('',#43830,.T.);
#43850=ADVANCED_FACE('',(#43840),#43480,.F.);
#43860=CARTESIAN_POINT('',(1.1627258396066,0.171693955882352,
0.908819189855885));
#43870=DIRECTION('',(0.882352941176471,0.470588235294118,0.));
#43880=DIRECTION('',(0.470588235294118,-0.882352941176471,0.));
#43890=AXIS2_PLACEMENT_3D('',#43860,#43870,#43880);
#43900=PLANE('',#43890);
#43910=CARTESIAN_POINT('',(1.16331555725366,0.170588235294117,
0.905066039855885));
#43920=DIRECTION('',(0.,0.,-1.));
#43930=VECTOR('',#43920,1.);
#43940=LINE('',#43910,#43930);
#43950=CARTESIAN_POINT('',(1.16331555725366,0.170588235294117,
0.905066039855885));
#43960=VERTEX_POINT('',#43950);
#43970=CARTESIAN_POINT('',(1.16331555725366,0.170588235294117,
0.755066039855885));
#43980=VERTEX_POINT('',#43970);
#43990=EDGE_CURVE('',#43960,#43980,#43940,.T.);
#44000=ORIENTED_EDGE('',*,*,#43990,.F.);
#44010=CARTESIAN_POINT('',(0.907629282743856,0.649999999999997,
0.755066039855885));
#44020=DIRECTION('',(0.470588235294118,-0.882352941176471,-0.));
#44030=VECTOR('',#44020,1.);
#44040=LINE('',#44010,#44030);
#44050=EDGE_CURVE('',#43980,#43730,#44040,.T.);
#44060=ORIENTED_EDGE('',*,*,#44050,.F.);
#44070=ORIENTED_EDGE('',*,*,#43740,.T.);
#44080=CARTESIAN_POINT('',(0.907629282743856,0.649999999999997,
0.905066039855885));
#44090=DIRECTION('',(-0.470588235294118,0.882352941176471,-0.));
#44100=VECTOR('',#44090,1.);
#44110=LINE('',#44080,#44100);
#44120=EDGE_CURVE('',#43650,#43960,#44110,.T.);
#44130=ORIENTED_EDGE('',*,*,#44120,.F.);
#44140=EDGE_LOOP('',(#44130,#44070,#44060,#44000));
#44150=FACE_OUTER_BOUND('',#44140,.T.);
#44160=ADVANCED_FACE('',(#44150),#43900,.T.);
#44170=CARTESIAN_POINT('',(1.03096261607719,0.0999999999999989,
0.908837039855885));
#44180=DIRECTION('',(0.,0.,-1.));
#44190=DIRECTION('',(-1.,0.,-0.));
#44200=AXIS2_PLACEMENT_3D('',#44170,#44180,#44190);
#44210=CYLINDRICAL_SURFACE('',#44200,0.150000000000001);
#44220=CARTESIAN_POINT('',(1.03096261607719,0.249999999999999,
0.905066039855885));
#44230=DIRECTION('',(0.,0.,-1.));
#44240=VECTOR('',#44230,1.);
#44250=LINE('',#44220,#44240);
#44260=CARTESIAN_POINT('',(1.03096261607719,0.249999999999999,
0.905066039855885));
#44270=VERTEX_POINT('',#44260);
#44280=CARTESIAN_POINT('',(1.03096261607719,0.249999999999999,
0.755066039855885));
#44290=VERTEX_POINT('',#44280);
#44300=EDGE_CURVE('',#44270,#44290,#44250,.T.);
#44310=ORIENTED_EDGE('',*,*,#44300,.F.);
#44320=CARTESIAN_POINT('',(1.03096261607719,0.0999999999999989,
0.755066039855885));
#44330=DIRECTION('',(0.,0.,-1.));
#44340=DIRECTION('',(-1.,0.,0.));
#44350=AXIS2_PLACEMENT_3D('',#44320,#44330,#44340);
#44360=CIRCLE('',#44350,0.150000000000001);
#44370=EDGE_CURVE('',#44290,#43980,#44360,.T.);
#44380=ORIENTED_EDGE('',*,*,#44370,.F.);
#44390=ORIENTED_EDGE('',*,*,#43990,.T.);
#44400=CARTESIAN_POINT('',(1.03096261607719,0.0999999999999989,
0.905066039855885));
#44410=DIRECTION('',(0.,0.,-1.));
#44420=DIRECTION('',(-1.,0.,0.));
#44430=AXIS2_PLACEMENT_3D('',#44400,#44410,#44420);
#44440=CIRCLE('',#44430,0.150000000000001);
#44450=EDGE_CURVE('',#44270,#43960,#44440,.T.);
#44460=ORIENTED_EDGE('',*,*,#44450,.T.);
#44470=EDGE_LOOP('',(#44460,#44390,#44380,#44310));
#44480=FACE_OUTER_BOUND('',#44470,.T.);
#44490=ADVANCED_FACE('',(#44480),#44210,.T.);
#44500=CARTESIAN_POINT('',(0.91695946607719,-0.00625315000000093,
0.905066039855885));
#44510=DIRECTION('',(0.,0.,1.));
#44520=DIRECTION('',(1.,0.,-0.));
#44530=AXIS2_PLACEMENT_3D('',#44500,#44510,#44520);
#44540=PLANE('',#44530);
#44550=CARTESIAN_POINT('',(0.860962616077189,0.249999999999999,
0.905066039855885));
#44560=DIRECTION('',(-1.,0.,0.));
#44570=VECTOR('',#44560,1.);
#44580=LINE('',#44550,#44570);
#44590=EDGE_CURVE('',#44270,#35200,#44580,.T.);
#44600=ORIENTED_EDGE('',*,*,#44590,.T.);
#44610=ORIENTED_EDGE('',*,*,#44450,.F.);
#44620=ORIENTED_EDGE('',*,*,#44120,.T.);
#44630=ORIENTED_EDGE('',*,*,#43660,.T.);
#44640=CARTESIAN_POINT('',(0.860962616077189,0.099999999999999,
0.905066039855885));
#44650=DIRECTION('',(-1.,0.,0.));
#44660=VECTOR('',#44650,1.);
#44670=LINE('',#44640,#44660);
#44680=CARTESIAN_POINT('',(1.49096261607719,0.099999999999999,
0.905066039855885));
#44690=VERTEX_POINT('',#44680);
#44700=EDGE_CURVE('',#44690,#43540,#44670,.T.);
#44710=ORIENTED_EDGE('',*,*,#44700,.T.);
#44720=CARTESIAN_POINT('',(1.49096261607719,0.649999999999997,
0.905066039855885));
#44730=DIRECTION('',(-0.,1.,0.));
#44740=VECTOR('',#44730,1.);
#44750=LINE('',#44720,#44740);
#44760=CARTESIAN_POINT('',(1.49096261607719,0.,0.905066039855885));
#44770=VERTEX_POINT('',#44760);
#44780=EDGE_CURVE('',#44770,#44690,#44750,.T.);
#44790=ORIENTED_EDGE('',*,*,#44780,.T.);
#44800=CARTESIAN_POINT('',(0.860962616077189,0.,0.905066039855885));
#44810=DIRECTION('',(1.,0.,0.));
#44820=VECTOR('',#44810,1.);
#44830=LINE('',#44800,#44820);
#44840=CARTESIAN_POINT('',(1.23096261607719,0.,0.905066039855885));
#44850=VERTEX_POINT('',#44840);
#44860=EDGE_CURVE('',#44850,#44770,#44830,.T.);
#44870=ORIENTED_EDGE('',*,*,#44860,.T.);
#44880=CARTESIAN_POINT('',(1.23096261607719,0.149999999999998,
0.905066039855885));
#44890=DIRECTION('',(0.,0.,-1.));
#44900=DIRECTION('',(-1.,0.,0.));
#44910=AXIS2_PLACEMENT_3D('',#44880,#44890,#44900);
#44920=CIRCLE('',#44910,0.149999999999999);
#44930=CARTESIAN_POINT('',(1.09860967490072,0.0794117647058811,
0.905066039855885));
#44940=VERTEX_POINT('',#44930);
#44950=EDGE_CURVE('',#44850,#44940,#44920,.T.);
#44960=ORIENTED_EDGE('',*,*,#44950,.F.);
#44970=CARTESIAN_POINT('',(0.794295949410517,0.649999999999997,
0.905066039855885));
#44980=DIRECTION('',(0.470588235294126,-0.882352941176466,0.));
#44990=VECTOR('',#44980,1.);
#45000=LINE('',#44970,#44990);
#45010=CARTESIAN_POINT('',(1.07508026313601,0.123529411764705,
0.905066039855885));
#45020=VERTEX_POINT('',#45010);
#45030=EDGE_CURVE('',#45020,#44940,#45000,.T.);
#45040=ORIENTED_EDGE('',*,*,#45030,.T.);
#45050=CARTESIAN_POINT('',(1.03096261607719,0.1,0.905066039855885));
#45060=DIRECTION('',(0.,0.,-1.));
#45070=DIRECTION('',(-1.,0.,-0.));
#45080=AXIS2_PLACEMENT_3D('',#45050,#45060,#45070);
#45090=CIRCLE('',#45080,0.0499999999999985);
#45100=EDGE_CURVE('',#39040,#45020,#45090,.T.);
#45110=ORIENTED_EDGE('',*,*,#45100,.T.);
#45120=ORIENTED_EDGE('',*,*,#39050,.T.);
#45130=ORIENTED_EDGE('',*,*,#35290,.F.);
#45140=EDGE_LOOP('',(#45130,#45120,#45110,#45040,#44960,#44870,#44790,
#44710,#44630,#44620,#44610,#44600));
#45150=FACE_OUTER_BOUND('',#45140,.T.);
#45160=ADVANCED_FACE('',(#45150),#44540,.T.);
#45170=CARTESIAN_POINT('',(1.49096261607719,0.102503149999999,
0.908819189855885));
#45180=DIRECTION('',(1.,0.,0.));
#45190=DIRECTION('',(0.,-1.,0.));
#45200=AXIS2_PLACEMENT_3D('',#45170,#45180,#45190);
#45210=PLANE('',#45200);
#45220=CARTESIAN_POINT('',(1.49096261607719,0.,-3.32993396014411));
#45230=DIRECTION('',(0.,-0.,-1.));
#45240=VECTOR('',#45230,1.);
#45250=LINE('',#45220,#45240);
#45260=CARTESIAN_POINT('',(1.49096261607719,0.,0.755066039855885));
#45270=VERTEX_POINT('',#45260);
#45280=EDGE_CURVE('',#44770,#45270,#45250,.T.);
#45290=ORIENTED_EDGE('',*,*,#45280,.T.);
#45300=ORIENTED_EDGE('',*,*,#44780,.F.);
#45310=CARTESIAN_POINT('',(1.49096261607719,0.099999999999999,
-3.32993396014411));
#45320=DIRECTION('',(0.,-0.,1.));
#45330=VECTOR('',#45320,1.);
#45340=LINE('',#45310,#45330);
#45350=CARTESIAN_POINT('',(1.49096261607719,0.099999999999999,
0.755066039855885));
#45360=VERTEX_POINT('',#45350);
#45370=EDGE_CURVE('',#45360,#44690,#45340,.T.);
#45380=ORIENTED_EDGE('',*,*,#45370,.T.);
#45390=CARTESIAN_POINT('',(1.49096261607719,0.649999999999997,
0.755066039855885));
#45400=DIRECTION('',(-0.,-1.,-0.));
#45410=VECTOR('',#45400,1.);
#45420=LINE('',#45390,#45410);
#45430=EDGE_CURVE('',#45360,#45270,#45420,.T.);
#45440=ORIENTED_EDGE('',*,*,#45430,.F.);
#45450=EDGE_LOOP('',(#45440,#45380,#45300,#45290));
#45460=FACE_OUTER_BOUND('',#45450,.T.);
#45470=ADVANCED_FACE('',(#45460),#45210,.T.);
#45480=CARTESIAN_POINT('',(1.50496576607719,-0.00625315000000093,
0.755066039855885));
#45490=DIRECTION('',(0.,0.,-1.));
#45500=DIRECTION('',(-1.,0.,-0.));
#45510=AXIS2_PLACEMENT_3D('',#45480,#45490,#45500);
#45520=PLANE('',#45510);
#45530=ORIENTED_EDGE('',*,*,#39190,.T.);
#45540=CARTESIAN_POINT('',(1.03096261607719,0.1,0.755066039855885));
#45550=DIRECTION('',(0.,0.,-1.));
#45560=DIRECTION('',(-1.,0.,-0.));
#45570=AXIS2_PLACEMENT_3D('',#45540,#45550,#45560);
#45580=CIRCLE('',#45570,0.0499999999999985);
#45590=CARTESIAN_POINT('',(1.07508026313601,0.123529411764705,
0.755066039855885));
#45600=VERTEX_POINT('',#45590);
#45610=EDGE_CURVE('',#39120,#45600,#45580,.T.);
#45620=ORIENTED_EDGE('',*,*,#45610,.F.);
#45630=CARTESIAN_POINT('',(0.794295949410517,0.649999999999997,
0.755066039855885));
#45640=DIRECTION('',(-0.470588235294126,0.882352941176466,0.));
#45650=VECTOR('',#45640,1.);
#45660=LINE('',#45630,#45650);
#45670=CARTESIAN_POINT('',(1.09860967490072,0.0794117647058811,
0.755066039855885));
#45680=VERTEX_POINT('',#45670);
#45690=EDGE_CURVE('',#45680,#45600,#45660,.T.);
#45700=ORIENTED_EDGE('',*,*,#45690,.T.);
#45710=CARTESIAN_POINT('',(1.23096261607719,0.149999999999998,
0.755066039855885));
#45720=DIRECTION('',(0.,0.,-1.));
#45730=DIRECTION('',(-1.,0.,0.));
#45740=AXIS2_PLACEMENT_3D('',#45710,#45720,#45730);
#45750=CIRCLE('',#45740,0.149999999999999);
#45760=CARTESIAN_POINT('',(1.23096261607719,-9.99200722162641E-16,
0.755066039855885));
#45770=VERTEX_POINT('',#45760);
#45780=EDGE_CURVE('',#45770,#45680,#45750,.T.);
#45790=ORIENTED_EDGE('',*,*,#45780,.T.);
#45800=CARTESIAN_POINT('',(0.860962616077189,0.,0.755066039855885));
#45810=DIRECTION('',(-1.,-0.,0.));
#45820=VECTOR('',#45810,1.);
#45830=LINE('',#45800,#45820);
#45840=EDGE_CURVE('',#45270,#45770,#45830,.T.);
#45850=ORIENTED_EDGE('',*,*,#45840,.T.);
#45860=ORIENTED_EDGE('',*,*,#45430,.T.);
#45870=CARTESIAN_POINT('',(0.860962616077189,0.099999999999999,
0.755066039855885));
#45880=DIRECTION('',(1.,-0.,0.));
#45890=VECTOR('',#45880,1.);
#45900=LINE('',#45870,#45890);
#45910=EDGE_CURVE('',#43560,#45360,#45900,.T.);
#45920=ORIENTED_EDGE('',*,*,#45910,.T.);
#45930=ORIENTED_EDGE('',*,*,#43810,.F.);
#45940=ORIENTED_EDGE('',*,*,#44050,.T.);
#45950=ORIENTED_EDGE('',*,*,#44370,.T.);
#45960=CARTESIAN_POINT('',(0.860962616077189,0.249999999999999,
0.755066039855885));
#45970=DIRECTION('',(1.,-0.,0.));
#45980=VECTOR('',#45970,1.);
#45990=LINE('',#45960,#45980);
#46000=EDGE_CURVE('',#35120,#44290,#45990,.T.);
#46010=ORIENTED_EDGE('',*,*,#46000,.T.);
#46020=ORIENTED_EDGE('',*,*,#35130,.F.);
#46030=EDGE_LOOP('',(#46020,#46010,#45950,#45940,#45930,#45920,#45860,
#45850,#45790,#45700,#45620,#45530));
#46040=FACE_OUTER_BOUND('',#46030,.T.);
#46050=ADVANCED_FACE('',(#46040),#45520,.T.);
#46060=CARTESIAN_POINT('',(1.03096261607719,0.1,0.908879039855885));
#46070=DIRECTION('',(0.,0.,-1.));
#46080=DIRECTION('',(-1.,0.,-0.));
#46090=AXIS2_PLACEMENT_3D('',#46060,#46070,#46080);
#46100=CYLINDRICAL_SURFACE('',#46090,0.0499999999999985);
#46110=ORIENTED_EDGE('',*,*,#39130,.T.);
#46120=ORIENTED_EDGE('',*,*,#45100,.F.);
#46130=CARTESIAN_POINT('',(1.07508026313601,0.123529411764705,
0.905066039855885));
#46140=DIRECTION('',(0.,0.,-1.));
#46150=VECTOR('',#46140,1.);
#46160=LINE('',#46130,#46150);
#46170=EDGE_CURVE('',#45020,#45600,#46160,.T.);
#46180=ORIENTED_EDGE('',*,*,#46170,.F.);
#46190=ORIENTED_EDGE('',*,*,#45610,.T.);
#46200=EDGE_LOOP('',(#46190,#46180,#46120,#46110));
#46210=FACE_OUTER_BOUND('',#46200,.T.);
#46220=ADVANCED_FACE('',(#46210),#46100,.F.);
#46230=CARTESIAN_POINT('',(1.23096261607719,0.149999999999998,
0.908837039855885));
#46240=DIRECTION('',(0.,0.,-1.));
#46250=DIRECTION('',(-1.,0.,-0.));
#46260=AXIS2_PLACEMENT_3D('',#46230,#46240,#46250);
#46270=CYLINDRICAL_SURFACE('',#46260,0.149999999999999);
#46280=CARTESIAN_POINT('',(1.23096261607719,-9.99200722162641E-16,
0.905066039855885));
#46290=DIRECTION('',(0.,0.,-1.));
#46300=VECTOR('',#46290,1.);
#46310=LINE('',#46280,#46300);
#46320=EDGE_CURVE('',#44850,#45770,#46310,.T.);
#46330=ORIENTED_EDGE('',*,*,#46320,.F.);
#46340=ORIENTED_EDGE('',*,*,#45780,.F.);
#46350=CARTESIAN_POINT('',(1.09860967490072,0.0794117647058811,
0.905066039855885));
#46360=DIRECTION('',(0.,0.,-1.));
#46370=VECTOR('',#46360,1.);
#46380=LINE('',#46350,#46370);
#46390=EDGE_CURVE('',#44940,#45680,#46380,.T.);
#46400=ORIENTED_EDGE('',*,*,#46390,.T.);
#46410=ORIENTED_EDGE('',*,*,#44950,.T.);
#46420=EDGE_LOOP('',(#46410,#46400,#46340,#46330));
#46430=FACE_OUTER_BOUND('',#46420,.T.);
#46440=ADVANCED_FACE('',(#46430),#46270,.T.);
#46450=CARTESIAN_POINT('',(1.49746576607719,0.,0.908819189855885));
#46460=DIRECTION('',(0.,-1.,0.));
#46470=DIRECTION('',(-1.,-0.,0.));
#46480=AXIS2_PLACEMENT_3D('',#46450,#46460,#46470);
#46490=PLANE('',#46480);
#46500=ORIENTED_EDGE('',*,*,#45840,.F.);
#46510=ORIENTED_EDGE('',*,*,#46320,.T.);
#46520=ORIENTED_EDGE('',*,*,#44860,.F.);
#46530=ORIENTED_EDGE('',*,*,#45280,.F.);
#46540=EDGE_LOOP('',(#46530,#46520,#46510,#46500));
#46550=FACE_OUTER_BOUND('',#46540,.T.);
#46560=ADVANCED_FACE('',(#46550),#46490,.T.);
#46570=CARTESIAN_POINT('',(0.92845946607719,0.249999999999999,
0.908819189855885));
#46580=DIRECTION('',(0.,1.,0.));
#46590=DIRECTION('',(1.,-0.,0.));
#46600=AXIS2_PLACEMENT_3D('',#46570,#46580,#46590);
#46610=PLANE('',#46600);
#46620=ORIENTED_EDGE('',*,*,#46000,.F.);
#46630=ORIENTED_EDGE('',*,*,#44300,.T.);
#46640=ORIENTED_EDGE('',*,*,#44590,.F.);
#46650=ORIENTED_EDGE('',*,*,#35210,.T.);
#46660=EDGE_LOOP('',(#46650,#46640,#46630,#46620));
#46670=FACE_OUTER_BOUND('',#46660,.T.);
#46680=ADVANCED_FACE('',(#46670),#46610,.T.);
#46690=CARTESIAN_POINT('',(1.22445946607719,0.099999999999999,
0.908819189855885));
#46700=DIRECTION('',(0.,1.,0.));
#46710=DIRECTION('',(1.,-0.,0.));
#46720=AXIS2_PLACEMENT_3D('',#46690,#46700,#46710);
#46730=PLANE('',#46720);
#46740=ORIENTED_EDGE('',*,*,#43570,.F.);
#46750=ORIENTED_EDGE('',*,*,#45910,.F.);
#46760=ORIENTED_EDGE('',*,*,#45370,.F.);
#46770=ORIENTED_EDGE('',*,*,#44700,.F.);
#46780=EDGE_LOOP('',(#46770,#46760,#46750,#46740));
#46790=FACE_OUTER_BOUND('',#46780,.T.);
#46800=ADVANCED_FACE('',(#46790),#46730,.T.);
#46810=CARTESIAN_POINT('',(1.09919939254778,0.0783060441176461,
0.908819189855885));
#46820=DIRECTION('',(-0.882352941176466,-0.470588235294126,0.));
#46830=DIRECTION('',(-0.470588235294126,0.882352941176466,0.));
#46840=AXIS2_PLACEMENT_3D('',#46810,#46820,#46830);
#46850=PLANE('',#46840);
#46860=ORIENTED_EDGE('',*,*,#46390,.F.);
#46870=ORIENTED_EDGE('',*,*,#45690,.F.);
#46880=ORIENTED_EDGE('',*,*,#46170,.T.);
#46890=ORIENTED_EDGE('',*,*,#45030,.F.);
#46900=EDGE_LOOP('',(#46890,#46880,#46870,#46860));
#46910=FACE_OUTER_BOUND('',#46900,.T.);
#46920=ADVANCED_FACE('',(#46910),#46850,.T.);
#46930=CARTESIAN_POINT('',(1.03096261607719,0.0999999999999989,
1.70883703985589));
#46940=DIRECTION('',(0.,0.,-1.));
#46950=DIRECTION('',(-1.,0.,-0.));
#46960=AXIS2_PLACEMENT_3D('',#46930,#46940,#46950);
#46970=CYLINDRICAL_SURFACE('',#46960,0.150000000000001);
#46980=CARTESIAN_POINT('',(1.03096261607719,0.249999999999999,
1.70506603985589));
#46990=DIRECTION('',(0.,0.,-1.));
#47000=VECTOR('',#46990,1.);
#47010=LINE('',#46980,#47000);
#47020=CARTESIAN_POINT('',(1.03096261607719,0.249999999999999,
1.70506603985589));
#47030=VERTEX_POINT('',#47020);
#47040=CARTESIAN_POINT('',(1.03096261607719,0.249999999999999,
1.55506603985588));
#47050=VERTEX_POINT('',#47040);
#47060=EDGE_CURVE('',#47030,#47050,#47010,.T.);
#47070=ORIENTED_EDGE('',*,*,#47060,.F.);
#47080=CARTESIAN_POINT('',(1.03096261607719,0.0999999999999989,
1.55506603985588));
#47090=DIRECTION('',(0.,0.,-1.));
#47100=DIRECTION('',(-1.,0.,0.));
#47110=AXIS2_PLACEMENT_3D('',#47080,#47090,#47100);
#47120=CIRCLE('',#47110,0.150000000000001);
#47130=CARTESIAN_POINT('',(1.16331555725366,0.170588235294117,
1.55506603985588));
#47140=VERTEX_POINT('',#47130);
#47150=EDGE_CURVE('',#47050,#47140,#47120,.T.);
#47160=ORIENTED_EDGE('',*,*,#47150,.F.);
#47170=CARTESIAN_POINT('',(1.16331555725366,0.170588235294117,
1.70506603985589));
#47180=DIRECTION('',(0.,0.,-1.));
#47190=VECTOR('',#47180,1.);
#47200=LINE('',#47170,#47190);
#47210=CARTESIAN_POINT('',(1.16331555725366,0.170588235294117,
1.70506603985589));
#47220=VERTEX_POINT('',#47210);
#47230=EDGE_CURVE('',#47220,#47140,#47200,.T.);
#47240=ORIENTED_EDGE('',*,*,#47230,.T.);
#47250=CARTESIAN_POINT('',(1.03096261607719,0.0999999999999989,
1.70506603985589));
#47260=DIRECTION('',(0.,0.,-1.));
#47270=DIRECTION('',(-1.,0.,0.));
#47280=AXIS2_PLACEMENT_3D('',#47250,#47260,#47270);
#47290=CIRCLE('',#47280,0.150000000000001);
#47300=EDGE_CURVE('',#47030,#47220,#47290,.T.);
#47310=ORIENTED_EDGE('',*,*,#47300,.T.);
#47320=EDGE_LOOP('',(#47310,#47240,#47160,#47070));
#47330=FACE_OUTER_BOUND('',#47320,.T.);
#47340=ADVANCED_FACE('',(#47330),#46970,.T.);
#47350=CARTESIAN_POINT('',(0.92845946607719,0.249999999999999,
1.70881918985588));
#47360=DIRECTION('',(0.,1.,0.));
#47370=DIRECTION('',(1.,-0.,0.));
#47380=AXIS2_PLACEMENT_3D('',#47350,#47360,#47370);
#47390=PLANE('',#47380);
#47400=CARTESIAN_POINT('',(0.860962616077189,0.249999999999999,
1.55506603985588));
#47410=DIRECTION('',(1.,-0.,0.));
#47420=VECTOR('',#47410,1.);
#47430=LINE('',#47400,#47420);
#47440=EDGE_CURVE('',#35600,#47050,#47430,.T.);
#47450=ORIENTED_EDGE('',*,*,#47440,.F.);
#47460=ORIENTED_EDGE('',*,*,#47060,.T.);
#47470=CARTESIAN_POINT('',(0.860962616077189,0.249999999999999,
1.70506603985589));
#47480=DIRECTION('',(-1.,-0.,0.));
#47490=VECTOR('',#47480,1.);
#47500=LINE('',#47470,#47490);
#47510=EDGE_CURVE('',#47030,#35680,#47500,.T.);
#47520=ORIENTED_EDGE('',*,*,#47510,.F.);
#47530=ORIENTED_EDGE('',*,*,#35690,.T.);
#47540=EDGE_LOOP('',(#47530,#47520,#47460,#47450));
#47550=FACE_OUTER_BOUND('',#47540,.T.);
#47560=ADVANCED_FACE('',(#47550),#47390,.T.);
#47570=CARTESIAN_POINT('',(1.23096261607719,0.149999999999997,
1.70887903985589));
#47580=DIRECTION('',(0.,0.,-1.));
#47590=DIRECTION('',(-1.,0.,-0.));
#47600=AXIS2_PLACEMENT_3D('',#47570,#47580,#47590);
#47610=CYLINDRICAL_SURFACE('',#47600,0.0499999999999974);
#47620=CARTESIAN_POINT('',(1.23096261607719,0.099999999999999,
1.70506603985589));
#47630=DIRECTION('',(0.,0.,-1.));
#47640=VECTOR('',#47630,1.);
#47650=LINE('',#47620,#47640);
#47660=CARTESIAN_POINT('',(1.23096261607719,0.099999999999999,
1.70506603985589));
#47670=VERTEX_POINT('',#47660);
#47680=CARTESIAN_POINT('',(1.23096261607719,0.099999999999999,
1.55506603985588));
#47690=VERTEX_POINT('',#47680);
#47700=EDGE_CURVE('',#47670,#47690,#47650,.T.);
#47710=ORIENTED_EDGE('',*,*,#47700,.T.);
#47720=CARTESIAN_POINT('',(1.23096261607719,0.149999999999997,
1.70506603985589));
#47730=DIRECTION('',(0.,0.,-1.));
#47740=DIRECTION('',(-1.,0.,-0.));
#47750=AXIS2_PLACEMENT_3D('',#47720,#47730,#47740);
#47760=CIRCLE('',#47750,0.0499999999999974);
#47770=CARTESIAN_POINT('',(1.18684496901837,0.126470588235293,
1.70506603985589));
#47780=VERTEX_POINT('',#47770);
#47790=EDGE_CURVE('',#47670,#47780,#47760,.T.);
#47800=ORIENTED_EDGE('',*,*,#47790,.F.);
#47810=CARTESIAN_POINT('',(1.18684496901837,0.126470588235293,
1.70506603985589));
#47820=DIRECTION('',(0.,0.,-1.));
#47830=VECTOR('',#47820,1.);
#47840=LINE('',#47810,#47830);
#47850=CARTESIAN_POINT('',(1.18684496901837,0.126470588235293,
1.55506603985588));
#47860=VERTEX_POINT('',#47850);
#47870=EDGE_CURVE('',#47780,#47860,#47840,.T.);
#47880=ORIENTED_EDGE('',*,*,#47870,.F.);
#47890=CARTESIAN_POINT('',(1.23096261607719,0.149999999999997,
1.55506603985588));
#47900=DIRECTION('',(0.,0.,-1.));
#47910=DIRECTION('',(-1.,0.,-0.));
#47920=AXIS2_PLACEMENT_3D('',#47890,#47900,#47910);
#47930=CIRCLE('',#47920,0.0499999999999974);
#47940=EDGE_CURVE('',#47690,#47860,#47930,.T.);
#47950=ORIENTED_EDGE('',*,*,#47940,.T.);
#47960=EDGE_LOOP('',(#47950,#47880,#47800,#47710));
#47970=FACE_OUTER_BOUND('',#47960,.T.);
#47980=ADVANCED_FACE('',(#47970),#47610,.F.);
#47990=CARTESIAN_POINT('',(0.91695946607719,-0.00625315000000093,
1.70506603985589));
#48000=DIRECTION('',(0.,0.,1.));
#48010=DIRECTION('',(1.,0.,-0.));
#48020=AXIS2_PLACEMENT_3D('',#47990,#48000,#48010);
#48030=PLANE('',#48020);
#48040=ORIENTED_EDGE('',*,*,#47510,.T.);
#48050=ORIENTED_EDGE('',*,*,#47300,.F.);
#48060=CARTESIAN_POINT('',(0.907629282743856,0.649999999999997,
1.70506603985589));
#48070=DIRECTION('',(-0.470588235294118,0.882352941176471,0.));
#48080=VECTOR('',#48070,1.);
#48090=LINE('',#48060,#48080);
#48100=EDGE_CURVE('',#47780,#47220,#48090,.T.);
#48110=ORIENTED_EDGE('',*,*,#48100,.T.);
#48120=ORIENTED_EDGE('',*,*,#47790,.T.);
#48130=CARTESIAN_POINT('',(0.860962616077189,0.099999999999999,
1.70506603985589));
#48140=DIRECTION('',(-1.,0.,0.));
#48150=VECTOR('',#48140,1.);
#48160=LINE('',#48130,#48150);
#48170=CARTESIAN_POINT('',(1.49096261607719,0.099999999999999,
1.70506603985589));
#48180=VERTEX_POINT('',#48170);
#48190=EDGE_CURVE('',#48180,#47670,#48160,.T.);
#48200=ORIENTED_EDGE('',*,*,#48190,.T.);
#48210=CARTESIAN_POINT('',(1.49096261607719,0.649999999999997,
1.70506603985589));
#48220=DIRECTION('',(-0.,1.,0.));
#48230=VECTOR('',#48220,1.);
#48240=LINE('',#48210,#48230);
#48250=CARTESIAN_POINT('',(1.49096261607719,0.,1.70506603985589));
#48260=VERTEX_POINT('',#48250);
#48270=EDGE_CURVE('',#48260,#48180,#48240,.T.);
#48280=ORIENTED_EDGE('',*,*,#48270,.T.);
#48290=CARTESIAN_POINT('',(0.860962616077189,0.,1.70506603985589));
#48300=DIRECTION('',(1.,0.,0.));
#48310=VECTOR('',#48300,1.);
#48320=LINE('',#48290,#48310);
#48330=CARTESIAN_POINT('',(1.23096261607719,0.,1.70506603985589));
#48340=VERTEX_POINT('',#48330);
#48350=EDGE_CURVE('',#48340,#48260,#48320,.T.);
#48360=ORIENTED_EDGE('',*,*,#48350,.T.);
#48370=CARTESIAN_POINT('',(1.23096261607719,0.149999999999998,
1.70506603985589));
#48380=DIRECTION('',(0.,0.,-1.));
#48390=DIRECTION('',(-1.,0.,0.));
#48400=AXIS2_PLACEMENT_3D('',#48370,#48380,#48390);
#48410=CIRCLE('',#48400,0.149999999999999);
#48420=EDGE_CURVE('',#48340,#31030,#48410,.T.);
#48430=ORIENTED_EDGE('',*,*,#48420,.F.);
#48440=ORIENTED_EDGE('',*,*,#31280,.T.);
#48450=CARTESIAN_POINT('',(1.03096261607719,0.1,1.70506603985589));
#48460=DIRECTION('',(0.,0.,-1.));
#48470=DIRECTION('',(-1.,0.,-0.));
#48480=AXIS2_PLACEMENT_3D('',#48450,#48460,#48470);
#48490=CIRCLE('',#48480,0.0499999999999985);
#48500=EDGE_CURVE('',#38720,#31210,#48490,.T.);
#48510=ORIENTED_EDGE('',*,*,#48500,.T.);
#48520=ORIENTED_EDGE('',*,*,#38730,.T.);
#48530=ORIENTED_EDGE('',*,*,#35770,.F.);
#48540=EDGE_LOOP('',(#48530,#48520,#48510,#48440,#48430,#48360,#48280,
#48200,#48120,#48110,#48050,#48040));
#48550=FACE_OUTER_BOUND('',#48540,.T.);
#48560=ADVANCED_FACE('',(#48550),#48030,.T.);
#48570=CARTESIAN_POINT('',(1.49096261607719,0.102503149999999,
1.70881918985588));
#48580=DIRECTION('',(1.,0.,0.));
#48590=DIRECTION('',(0.,-1.,0.));
#48600=AXIS2_PLACEMENT_3D('',#48570,#48580,#48590);
#48610=PLANE('',#48600);
#48620=CARTESIAN_POINT('',(1.49096261607719,0.,-3.32993396014411));
#48630=DIRECTION('',(0.,-0.,-1.));
#48640=VECTOR('',#48630,1.);
#48650=LINE('',#48620,#48640);
#48660=CARTESIAN_POINT('',(1.49096261607719,0.,1.55506603985588));
#48670=VERTEX_POINT('',#48660);
#48680=EDGE_CURVE('',#48260,#48670,#48650,.T.);
#48690=ORIENTED_EDGE('',*,*,#48680,.T.);
#48700=ORIENTED_EDGE('',*,*,#48270,.F.);
#48710=CARTESIAN_POINT('',(1.49096261607719,0.099999999999999,
-3.32993396014411));
#48720=DIRECTION('',(0.,-0.,1.));
#48730=VECTOR('',#48720,1.);
#48740=LINE('',#48710,#48730);
#48750=CARTESIAN_POINT('',(1.49096261607719,0.099999999999999,
1.55506603985588));
#48760=VERTEX_POINT('',#48750);
#48770=EDGE_CURVE('',#48760,#48180,#48740,.T.);
#48780=ORIENTED_EDGE('',*,*,#48770,.T.);
#48790=CARTESIAN_POINT('',(1.49096261607719,0.649999999999997,
1.55506603985588));
#48800=DIRECTION('',(-0.,-1.,-0.));
#48810=VECTOR('',#48800,1.);
#48820=LINE('',#48790,#48810);
#48830=EDGE_CURVE('',#48760,#48670,#48820,.T.);
#48840=ORIENTED_EDGE('',*,*,#48830,.F.);
#48850=EDGE_LOOP('',(#48840,#48780,#48700,#48690));
#48860=FACE_OUTER_BOUND('',#48850,.T.);
#48870=ADVANCED_FACE('',(#48860),#48610,.T.);
#48880=CARTESIAN_POINT('',(1.50496576607719,-0.00625315000000093,
1.55506603985588));
#48890=DIRECTION('',(0.,0.,-1.));
#48900=DIRECTION('',(-1.,0.,-0.));
#48910=AXIS2_PLACEMENT_3D('',#48880,#48890,#48900);
#48920=PLANE('',#48910);
#48930=ORIENTED_EDGE('',*,*,#38870,.T.);
#48940=CARTESIAN_POINT('',(1.03096261607719,0.1,1.55506603985588));
#48950=DIRECTION('',(0.,0.,-1.));
#48960=DIRECTION('',(-1.,0.,-0.));
#48970=AXIS2_PLACEMENT_3D('',#48940,#48950,#48960);
#48980=CIRCLE('',#48970,0.0499999999999985);
#48990=EDGE_CURVE('',#38800,#31130,#48980,.T.);
#49000=ORIENTED_EDGE('',*,*,#48990,.F.);
#49010=ORIENTED_EDGE('',*,*,#31140,.T.);
#49020=CARTESIAN_POINT('',(1.23096261607719,0.149999999999998,
1.55506603985588));
#49030=DIRECTION('',(0.,0.,-1.));
#49040=DIRECTION('',(-1.,0.,0.));
#49050=AXIS2_PLACEMENT_3D('',#49020,#49030,#49040);
#49060=CIRCLE('',#49050,0.149999999999999);
#49070=CARTESIAN_POINT('',(1.23096261607719,-9.99200722162641E-16,
1.55506603985588));
#49080=VERTEX_POINT('',#49070);
#49090=EDGE_CURVE('',#49080,#31050,#49060,.T.);
#49100=ORIENTED_EDGE('',*,*,#49090,.T.);
#49110=CARTESIAN_POINT('',(0.860962616077189,0.,1.55506603985588));
#49120=DIRECTION('',(-1.,-0.,0.));
#49130=VECTOR('',#49120,1.);
#49140=LINE('',#49110,#49130);
#49150=EDGE_CURVE('',#48670,#49080,#49140,.T.);
#49160=ORIENTED_EDGE('',*,*,#49150,.T.);
#49170=ORIENTED_EDGE('',*,*,#48830,.T.);
#49180=CARTESIAN_POINT('',(0.860962616077189,0.099999999999999,
1.55506603985588));
#49190=DIRECTION('',(1.,-0.,0.));
#49200=VECTOR('',#49190,1.);
#49210=LINE('',#49180,#49200);
#49220=EDGE_CURVE('',#47690,#48760,#49210,.T.);
#49230=ORIENTED_EDGE('',*,*,#49220,.T.);
#49240=ORIENTED_EDGE('',*,*,#47940,.F.);
#49250=CARTESIAN_POINT('',(0.907629282743856,0.649999999999997,
1.55506603985588));
#49260=DIRECTION('',(0.470588235294118,-0.882352941176471,0.));
#49270=VECTOR('',#49260,1.);
#49280=LINE('',#49250,#49270);
#49290=EDGE_CURVE('',#47140,#47860,#49280,.T.);
#49300=ORIENTED_EDGE('',*,*,#49290,.T.);
#49310=ORIENTED_EDGE('',*,*,#47150,.T.);
#49320=ORIENTED_EDGE('',*,*,#47440,.T.);
#49330=ORIENTED_EDGE('',*,*,#35610,.F.);
#49340=EDGE_LOOP('',(#49330,#49320,#49310,#49300,#49240,#49230,#49170,
#49160,#49100,#49010,#49000,#48930));
#49350=FACE_OUTER_BOUND('',#49340,.T.);
#49360=ADVANCED_FACE('',(#49350),#48920,.T.);
#49370=CARTESIAN_POINT('',(1.49746576607719,0.,1.70881918985588));
#49380=DIRECTION('',(0.,-1.,0.));
#49390=DIRECTION('',(-1.,-0.,0.));
#49400=AXIS2_PLACEMENT_3D('',#49370,#49380,#49390);
#49410=PLANE('',#49400);
#49420=ORIENTED_EDGE('',*,*,#49150,.F.);
#49430=CARTESIAN_POINT('',(1.23096261607719,-9.99200722162641E-16,
1.70506603985589));
#49440=DIRECTION('',(0.,0.,-1.));
#49450=VECTOR('',#49440,1.);
#49460=LINE('',#49430,#49450);
#49470=EDGE_CURVE('',#48340,#49080,#49460,.T.);
#49480=ORIENTED_EDGE('',*,*,#49470,.T.);
#49490=ORIENTED_EDGE('',*,*,#48350,.F.);
#49500=ORIENTED_EDGE('',*,*,#48680,.F.);
#49510=EDGE_LOOP('',(#49500,#49490,#49480,#49420));
#49520=FACE_OUTER_BOUND('',#49510,.T.);
#49530=ADVANCED_FACE('',(#49520),#49410,.T.);
#49540=CARTESIAN_POINT('',(1.23096261607719,0.149999999999998,
1.70883703985589));
#49550=DIRECTION('',(0.,0.,-1.));
#49560=DIRECTION('',(-1.,0.,-0.));
#49570=AXIS2_PLACEMENT_3D('',#49540,#49550,#49560);
#49580=CYLINDRICAL_SURFACE('',#49570,0.149999999999999);
#49590=ORIENTED_EDGE('',*,*,#49470,.F.);
#49600=ORIENTED_EDGE('',*,*,#49090,.F.);
#49610=ORIENTED_EDGE('',*,*,#31060,.T.);
#49620=ORIENTED_EDGE('',*,*,#48420,.T.);
#49630=EDGE_LOOP('',(#49620,#49610,#49600,#49590));
#49640=FACE_OUTER_BOUND('',#49630,.T.);
#49650=ADVANCED_FACE('',(#49640),#49580,.T.);
#49660=CARTESIAN_POINT('',(1.1627258396066,0.171693955882352,
1.70881918985588));
#49670=DIRECTION('',(0.882352941176471,0.470588235294118,0.));
#49680=DIRECTION('',(0.470588235294118,-0.882352941176471,0.));
#49690=AXIS2_PLACEMENT_3D('',#49660,#49670,#49680);
#49700=PLANE('',#49690);
#49710=ORIENTED_EDGE('',*,*,#47230,.F.);
#49720=ORIENTED_EDGE('',*,*,#49290,.F.);
#49730=ORIENTED_EDGE('',*,*,#47870,.T.);
#49740=ORIENTED_EDGE('',*,*,#48100,.F.);
#49750=EDGE_LOOP('',(#49740,#49730,#49720,#49710));
#49760=FACE_OUTER_BOUND('',#49750,.T.);
#49770=ADVANCED_FACE('',(#49760),#49700,.T.);
#49780=CARTESIAN_POINT('',(1.22445946607719,0.099999999999999,
1.70881918985588));
#49790=DIRECTION('',(0.,1.,0.));
#49800=DIRECTION('',(1.,-0.,0.));
#49810=AXIS2_PLACEMENT_3D('',#49780,#49790,#49800);
#49820=PLANE('',#49810);
#49830=ORIENTED_EDGE('',*,*,#47700,.F.);
#49840=ORIENTED_EDGE('',*,*,#49220,.F.);
#49850=ORIENTED_EDGE('',*,*,#48770,.F.);
#49860=ORIENTED_EDGE('',*,*,#48190,.F.);
#49870=EDGE_LOOP('',(#49860,#49850,#49840,#49830));
#49880=FACE_OUTER_BOUND('',#49870,.T.);
#49890=ADVANCED_FACE('',(#49880),#49820,.T.);
#49900=CARTESIAN_POINT('',(1.23096261607719,0.149999999999998,
2.10887903985588));
#49910=DIRECTION('',(0.,0.,-1.));
#49920=DIRECTION('',(-1.,0.,-0.));
#49930=AXIS2_PLACEMENT_3D('',#49900,#49910,#49920);
#49940=CYLINDRICAL_SURFACE('',#49930,0.0499999999999991);
#49950=CARTESIAN_POINT('',(1.23096261607719,0.099999999999999,
2.10506603985588));
#49960=DIRECTION('',(0.,0.,-1.));
#49970=VECTOR('',#49960,1.);
#49980=LINE('',#49950,#49970);
#49990=CARTESIAN_POINT('',(1.23096261607719,0.099999999999999,
2.10506603985588));
#50000=VERTEX_POINT('',#49990);
#50010=CARTESIAN_POINT('',(1.23096261607719,0.099999999999999,
1.95506603985589));
#50020=VERTEX_POINT('',#50010);
#50030=EDGE_CURVE('',#50000,#50020,#49980,.T.);
#50040=ORIENTED_EDGE('',*,*,#50030,.T.);
#50050=CARTESIAN_POINT('',(1.23096261607719,0.149999999999998,
2.10506603985588));
#50060=DIRECTION('',(0.,0.,-1.));
#50070=DIRECTION('',(-1.,0.,-0.));
#50080=AXIS2_PLACEMENT_3D('',#50050,#50060,#50070);
#50090=CIRCLE('',#50080,0.0499999999999991);
#50100=CARTESIAN_POINT('',(1.18684496901837,0.126470588235293,
2.10506603985588));
#50110=VERTEX_POINT('',#50100);
#50120=EDGE_CURVE('',#50000,#50110,#50090,.T.);
#50130=ORIENTED_EDGE('',*,*,#50120,.F.);
#50140=CARTESIAN_POINT('',(1.18684496901837,0.126470588235293,
2.10506603985588));
#50150=DIRECTION('',(0.,0.,-1.));
#50160=VECTOR('',#50150,1.);
#50170=LINE('',#50140,#50160);
#50180=CARTESIAN_POINT('',(1.18684496901837,0.126470588235293,
1.95506603985589));
#50190=VERTEX_POINT('',#50180);
#50200=EDGE_CURVE('',#50110,#50190,#50170,.T.);
#50210=ORIENTED_EDGE('',*,*,#50200,.F.);
#50220=CARTESIAN_POINT('',(1.23096261607719,0.149999999999998,
1.95506603985589));
#50230=DIRECTION('',(0.,0.,-1.));
#50240=DIRECTION('',(-1.,0.,-0.));
#50250=AXIS2_PLACEMENT_3D('',#50220,#50230,#50240);
#50260=CIRCLE('',#50250,0.0499999999999991);
#50270=EDGE_CURVE('',#50020,#50190,#50260,.T.);
#50280=ORIENTED_EDGE('',*,*,#50270,.T.);
#50290=EDGE_LOOP('',(#50280,#50210,#50130,#50040));
#50300=FACE_OUTER_BOUND('',#50290,.T.);
#50310=ADVANCED_FACE('',(#50300),#49940,.F.);
#50320=CARTESIAN_POINT('',(1.1627258396066,0.171693955882352,
2.10881918985588));
#50330=DIRECTION('',(0.88235294117647,0.470588235294118,0.));
#50340=DIRECTION('',(0.470588235294118,-0.88235294117647,0.));
#50350=AXIS2_PLACEMENT_3D('',#50320,#50330,#50340);
#50360=PLANE('',#50350);
#50370=CARTESIAN_POINT('',(1.16331555725366,0.170588235294117,
2.10506603985588));
#50380=DIRECTION('',(0.,0.,-1.));
#50390=VECTOR('',#50380,1.);
#50400=LINE('',#50370,#50390);
#50410=CARTESIAN_POINT('',(1.16331555725366,0.170588235294117,
2.10506603985588));
#50420=VERTEX_POINT('',#50410);
#50430=CARTESIAN_POINT('',(1.16331555725366,0.170588235294117,
1.95506603985589));
#50440=VERTEX_POINT('',#50430);
#50450=EDGE_CURVE('',#50420,#50440,#50400,.T.);
#50460=ORIENTED_EDGE('',*,*,#50450,.F.);
#50470=CARTESIAN_POINT('',(0.907629282743856,0.649999999999997,
1.95506603985588));
#50480=DIRECTION('',(0.470588235294118,-0.88235294117647,-0.));
#50490=VECTOR('',#50480,1.);
#50500=LINE('',#50470,#50490);
#50510=EDGE_CURVE('',#50440,#50190,#50500,.T.);
#50520=ORIENTED_EDGE('',*,*,#50510,.F.);
#50530=ORIENTED_EDGE('',*,*,#50200,.T.);
#50540=CARTESIAN_POINT('',(0.907629282743856,0.649999999999997,
2.10506603985588));
#50550=DIRECTION('',(-0.470588235294118,0.88235294117647,-0.));
#50560=VECTOR('',#50550,1.);
#50570=LINE('',#50540,#50560);
#50580=EDGE_CURVE('',#50110,#50420,#50570,.T.);
#50590=ORIENTED_EDGE('',*,*,#50580,.F.);
#50600=EDGE_LOOP('',(#50590,#50530,#50520,#50460));
#50610=FACE_OUTER_BOUND('',#50600,.T.);
#50620=ADVANCED_FACE('',(#50610),#50360,.T.);
#50630=CARTESIAN_POINT('',(1.03096261607719,0.0999999999999989,
2.10883703985589));
#50640=DIRECTION('',(0.,0.,-1.));
#50650=DIRECTION('',(-1.,0.,-0.));
#50660=AXIS2_PLACEMENT_3D('',#50630,#50640,#50650);
#50670=CYLINDRICAL_SURFACE('',#50660,0.150000000000001);
#50680=CARTESIAN_POINT('',(1.03096261607719,0.249999999999999,
2.10506603985588));
#50690=DIRECTION('',(0.,0.,-1.));
#50700=VECTOR('',#50690,1.);
#50710=LINE('',#50680,#50700);
#50720=CARTESIAN_POINT('',(1.03096261607719,0.249999999999999,
2.10506603985588));
#50730=VERTEX_POINT('',#50720);
#50740=CARTESIAN_POINT('',(1.03096261607719,0.249999999999999,
1.95506603985589));
#50750=VERTEX_POINT('',#50740);
#50760=EDGE_CURVE('',#50730,#50750,#50710,.T.);
#50770=ORIENTED_EDGE('',*,*,#50760,.F.);
#50780=CARTESIAN_POINT('',(1.03096261607719,0.0999999999999989,
1.95506603985589));
#50790=DIRECTION('',(0.,0.,-1.));
#50800=DIRECTION('',(-1.,0.,0.));
#50810=AXIS2_PLACEMENT_3D('',#50780,#50790,#50800);
#50820=CIRCLE('',#50810,0.150000000000001);
#50830=EDGE_CURVE('',#50750,#50440,#50820,.T.);
#50840=ORIENTED_EDGE('',*,*,#50830,.F.);
#50850=ORIENTED_EDGE('',*,*,#50450,.T.);
#50860=CARTESIAN_POINT('',(1.03096261607719,0.0999999999999989,
2.10506603985588));
#50870=DIRECTION('',(0.,0.,-1.));
#50880=DIRECTION('',(-1.,0.,0.));
#50890=AXIS2_PLACEMENT_3D('',#50860,#50870,#50880);
#50900=CIRCLE('',#50890,0.150000000000001);
#50910=EDGE_CURVE('',#50730,#50420,#50900,.T.);
#50920=ORIENTED_EDGE('',*,*,#50910,.T.);
#50930=EDGE_LOOP('',(#50920,#50850,#50840,#50770));
#50940=FACE_OUTER_BOUND('',#50930,.T.);
#50950=ADVANCED_FACE('',(#50940),#50670,.T.);
#50960=CARTESIAN_POINT('',(0.92845946607719,0.249999999999999,
2.10881918985588));
#50970=DIRECTION('',(0.,1.,0.));
#50980=DIRECTION('',(1.,-0.,0.));
#50990=AXIS2_PLACEMENT_3D('',#50960,#50970,#50980);
#51000=PLANE('',#50990);
#51010=CARTESIAN_POINT('',(0.860962616077189,0.249999999999999,
1.95506603985589));
#51020=DIRECTION('',(1.,-0.,0.));
#51030=VECTOR('',#51020,1.);
#51040=LINE('',#51010,#51030);
#51050=EDGE_CURVE('',#35920,#50750,#51040,.T.);
#51060=ORIENTED_EDGE('',*,*,#51050,.F.);
#51070=ORIENTED_EDGE('',*,*,#50760,.T.);
#51080=CARTESIAN_POINT('',(0.860962616077189,0.249999999999999,
2.10506603985588));
#51090=DIRECTION('',(-1.,-0.,0.));
#51100=VECTOR('',#51090,1.);
#51110=LINE('',#51080,#51100);
#51120=EDGE_CURVE('',#50730,#36000,#51110,.T.);
#51130=ORIENTED_EDGE('',*,*,#51120,.F.);
#51140=ORIENTED_EDGE('',*,*,#36010,.T.);
#51150=EDGE_LOOP('',(#51140,#51130,#51070,#51060));
#51160=FACE_OUTER_BOUND('',#51150,.T.);
#51170=ADVANCED_FACE('',(#51160),#51000,.T.);
#51180=CARTESIAN_POINT('',(1.49096261607719,0.102503149999999,
2.10881918985588));
#51190=DIRECTION('',(1.,0.,0.));
#51200=DIRECTION('',(0.,-1.,0.));
#51210=AXIS2_PLACEMENT_3D('',#51180,#51190,#51200);
#51220=PLANE('',#51210);
#51230=CARTESIAN_POINT('',(1.49096261607719,0.,-3.32993396014411));
#51240=DIRECTION('',(0.,-0.,-1.));
#51250=VECTOR('',#51240,1.);
#51260=LINE('',#51230,#51250);
#51270=CARTESIAN_POINT('',(1.49096261607719,0.,2.10506603985588));
#51280=VERTEX_POINT('',#51270);
#51290=CARTESIAN_POINT('',(1.49096261607719,0.,1.95506603985589));
#51300=VERTEX_POINT('',#51290);
#51310=EDGE_CURVE('',#51280,#51300,#51260,.T.);
#51320=ORIENTED_EDGE('',*,*,#51310,.T.);
#51330=CARTESIAN_POINT('',(1.49096261607719,0.649999999999997,
2.10506603985588));
#51340=DIRECTION('',(-0.,1.,-0.));
#51350=VECTOR('',#51340,1.);
#51360=LINE('',#51330,#51350);
#51370=CARTESIAN_POINT('',(1.49096261607719,0.099999999999999,
2.10506603985588));
#51380=VERTEX_POINT('',#51370);
#51390=EDGE_CURVE('',#51280,#51380,#51360,.T.);
#51400=ORIENTED_EDGE('',*,*,#51390,.F.);
#51410=CARTESIAN_POINT('',(1.49096261607719,0.099999999999999,
-3.32993396014411));
#51420=DIRECTION('',(0.,-0.,1.));
#51430=VECTOR('',#51420,1.);
#51440=LINE('',#51410,#51430);
#51450=CARTESIAN_POINT('',(1.49096261607719,0.099999999999999,
1.95506603985589));
#51460=VERTEX_POINT('',#51450);
#51470=EDGE_CURVE('',#51460,#51380,#51440,.T.);
#51480=ORIENTED_EDGE('',*,*,#51470,.T.);
#51490=CARTESIAN_POINT('',(1.49096261607719,0.649999999999997,
1.95506603985589));
#51500=DIRECTION('',(-0.,-1.,-0.));
#51510=VECTOR('',#51500,1.);
#51520=LINE('',#51490,#51510);
#51530=EDGE_CURVE('',#51460,#51300,#51520,.T.);
#51540=ORIENTED_EDGE('',*,*,#51530,.F.);
#51550=EDGE_LOOP('',(#51540,#51480,#51400,#51320));
#51560=FACE_OUTER_BOUND('',#51550,.T.);
#51570=ADVANCED_FACE('',(#51560),#51220,.T.);
#51580=CARTESIAN_POINT('',(0.91695946607719,-0.00625315000000093,
2.10506603985588));
#51590=DIRECTION('',(0.,0.,1.));
#51600=DIRECTION('',(1.,0.,-0.));
#51610=AXIS2_PLACEMENT_3D('',#51580,#51590,#51600);
#51620=PLANE('',#51610);
#51630=ORIENTED_EDGE('',*,*,#51120,.T.);
#51640=ORIENTED_EDGE('',*,*,#50910,.F.);
#51650=ORIENTED_EDGE('',*,*,#50580,.T.);
#51660=ORIENTED_EDGE('',*,*,#50120,.T.);
#51670=CARTESIAN_POINT('',(0.860962616077189,0.099999999999999,
2.10506603985588));
#51680=DIRECTION('',(-1.,0.,0.));
#51690=VECTOR('',#51680,1.);
#51700=LINE('',#51670,#51690);
#51710=EDGE_CURVE('',#51380,#50000,#51700,.T.);
#51720=ORIENTED_EDGE('',*,*,#51710,.T.);
#51730=ORIENTED_EDGE('',*,*,#51390,.T.);
#51740=CARTESIAN_POINT('',(0.860962616077189,0.,2.10506603985588));
#51750=DIRECTION('',(1.,0.,0.));
#51760=VECTOR('',#51750,1.);
#51770=LINE('',#51740,#51760);
#51780=CARTESIAN_POINT('',(1.23096261607719,0.,2.10506603985588));
#51790=VERTEX_POINT('',#51780);
#51800=EDGE_CURVE('',#51790,#51280,#51770,.T.);
#51810=ORIENTED_EDGE('',*,*,#51800,.T.);
#51820=CARTESIAN_POINT('',(1.23096261607719,0.149999999999998,
2.10506603985588));
#51830=DIRECTION('',(0.,0.,-1.));
#51840=DIRECTION('',(-1.,0.,0.));
#51850=AXIS2_PLACEMENT_3D('',#51820,#51830,#51840);
#51860=CIRCLE('',#51850,0.149999999999999);
#51870=CARTESIAN_POINT('',(1.09860967490072,0.0794117647058811,
2.10506603985588));
#51880=VERTEX_POINT('',#51870);
#51890=EDGE_CURVE('',#51790,#51880,#51860,.T.);
#51900=ORIENTED_EDGE('',*,*,#51890,.F.);
#51910=CARTESIAN_POINT('',(0.794295949410517,0.649999999999997,
2.10506603985588));
#51920=DIRECTION('',(0.470588235294126,-0.882352941176466,0.));
#51930=VECTOR('',#51920,1.);
#51940=LINE('',#51910,#51930);
#51950=CARTESIAN_POINT('',(1.07508026313601,0.123529411764705,
2.10506603985588));
#51960=VERTEX_POINT('',#51950);
#51970=EDGE_CURVE('',#51960,#51880,#51940,.T.);
#51980=ORIENTED_EDGE('',*,*,#51970,.T.);
#51990=CARTESIAN_POINT('',(1.03096261607719,0.0999999999999981,
2.10506603985588));
#52000=DIRECTION('',(0.,0.,-1.));
#52010=DIRECTION('',(-1.,0.,-0.));
#52020=AXIS2_PLACEMENT_3D('',#51990,#52000,#52010);
#52030=CIRCLE('',#52020,0.0500000000000004);
#52040=EDGE_CURVE('',#38490,#51960,#52030,.T.);
#52050=ORIENTED_EDGE('',*,*,#52040,.T.);
#52060=ORIENTED_EDGE('',*,*,#38500,.T.);
#52070=ORIENTED_EDGE('',*,*,#36090,.F.);
#52080=EDGE_LOOP('',(#52070,#52060,#52050,#51980,#51900,#51810,#51730,
#51720,#51660,#51650,#51640,#51630));
#52090=FACE_OUTER_BOUND('',#52080,.T.);
#52100=ADVANCED_FACE('',(#52090),#51620,.T.);
#52110=CARTESIAN_POINT('',(1.23096261607719,0.149999999999998,
2.10883703985589));
#52120=DIRECTION('',(0.,0.,-1.));
#52130=DIRECTION('',(-1.,0.,-0.));
#52140=AXIS2_PLACEMENT_3D('',#52110,#52120,#52130);
#52150=CYLINDRICAL_SURFACE('',#52140,0.149999999999999);
#52160=CARTESIAN_POINT('',(1.23096261607719,-9.99200722162641E-16,
2.10506603985588));
#52170=DIRECTION('',(0.,0.,-1.));
#52180=VECTOR('',#52170,1.);
#52190=LINE('',#52160,#52180);
#52200=CARTESIAN_POINT('',(1.23096261607719,-9.99200722162641E-16,
1.95506603985589));
#52210=VERTEX_POINT('',#52200);
#52220=EDGE_CURVE('',#51790,#52210,#52190,.T.);
#52230=ORIENTED_EDGE('',*,*,#52220,.F.);
#52240=CARTESIAN_POINT('',(1.23096261607719,0.149999999999998,
1.95506603985589));
#52250=DIRECTION('',(0.,0.,-1.));
#52260=DIRECTION('',(-1.,0.,0.));
#52270=AXIS2_PLACEMENT_3D('',#52240,#52250,#52260);
#52280=CIRCLE('',#52270,0.149999999999999);
#52290=CARTESIAN_POINT('',(1.09860967490072,0.0794117647058811,
1.95506603985589));
#52300=VERTEX_POINT('',#52290);
#52310=EDGE_CURVE('',#52210,#52300,#52280,.T.);
#52320=ORIENTED_EDGE('',*,*,#52310,.F.);
#52330=CARTESIAN_POINT('',(1.09860967490072,0.0794117647058811,
2.10506603985588));
#52340=DIRECTION('',(0.,0.,-1.));
#52350=VECTOR('',#52340,1.);
#52360=LINE('',#52330,#52350);
#52370=EDGE_CURVE('',#51880,#52300,#52360,.T.);
#52380=ORIENTED_EDGE('',*,*,#52370,.T.);
#52390=ORIENTED_EDGE('',*,*,#51890,.T.);
#52400=EDGE_LOOP('',(#52390,#52380,#52320,#52230));
#52410=FACE_OUTER_BOUND('',#52400,.T.);
#52420=ADVANCED_FACE('',(#52410),#52150,.T.);
#52430=CARTESIAN_POINT('',(1.09919939254778,0.0783060441176461,
2.10881918985588));
#52440=DIRECTION('',(-0.882352941176466,-0.470588235294126,0.));
#52450=DIRECTION('',(-0.470588235294126,0.882352941176466,0.));
#52460=AXIS2_PLACEMENT_3D('',#52430,#52440,#52450);
#52470=PLANE('',#52460);
#52480=ORIENTED_EDGE('',*,*,#52370,.F.);
#52490=CARTESIAN_POINT('',(0.794295949410517,0.649999999999997,
1.95506603985589));
#52500=DIRECTION('',(-0.470588235294126,0.882352941176466,-0.));
#52510=VECTOR('',#52500,1.);
#52520=LINE('',#52490,#52510);
#52530=CARTESIAN_POINT('',(1.07508026313601,0.123529411764705,
1.95506603985589));
#52540=VERTEX_POINT('',#52530);
#52550=EDGE_CURVE('',#52300,#52540,#52520,.T.);
#52560=ORIENTED_EDGE('',*,*,#52550,.F.);
#52570=CARTESIAN_POINT('',(1.07508026313601,0.123529411764705,
2.10506603985588));
#52580=DIRECTION('',(0.,0.,-1.));
#52590=VECTOR('',#52580,1.);
#52600=LINE('',#52570,#52590);
#52610=EDGE_CURVE('',#51960,#52540,#52600,.T.);
#52620=ORIENTED_EDGE('',*,*,#52610,.T.);
#52630=ORIENTED_EDGE('',*,*,#51970,.F.);
#52640=EDGE_LOOP('',(#52630,#52620,#52560,#52480));
#52650=FACE_OUTER_BOUND('',#52640,.T.);
#52660=ADVANCED_FACE('',(#52650),#52470,.T.);
#52670=CARTESIAN_POINT('',(1.03096261607719,0.1,2.50887903985589));
#52680=DIRECTION('',(0.,0.,-1.));
#52690=DIRECTION('',(-1.,0.,-0.));
#52700=AXIS2_PLACEMENT_3D('',#52670,#52680,#52690);
#52710=CYLINDRICAL_SURFACE('',#52700,0.0499999999999985);
#52720=ORIENTED_EDGE('',*,*,#38350,.T.);
#52730=CARTESIAN_POINT('',(1.03096261607719,0.1,2.50506603985589));
#52740=DIRECTION('',(0.,0.,-1.));
#52750=DIRECTION('',(-1.,0.,-0.));
#52760=AXIS2_PLACEMENT_3D('',#52730,#52740,#52750);
#52770=CIRCLE('',#52760,0.0499999999999985);
#52780=EDGE_CURVE('',#38260,#27830,#52770,.T.);
#52790=ORIENTED_EDGE('',*,*,#52780,.F.);
#52800=ORIENTED_EDGE('',*,*,#27840,.F.);
#52810=CARTESIAN_POINT('',(1.03096261607719,0.1,2.35506603985588));
#52820=DIRECTION('',(0.,0.,-1.));
#52830=DIRECTION('',(-1.,0.,-0.));
#52840=AXIS2_PLACEMENT_3D('',#52810,#52820,#52830);
#52850=CIRCLE('',#52840,0.0499999999999985);
#52860=EDGE_CURVE('',#38340,#27750,#52850,.T.);
#52870=ORIENTED_EDGE('',*,*,#52860,.T.);
#52880=EDGE_LOOP('',(#52870,#52800,#52790,#52720));
#52890=FACE_OUTER_BOUND('',#52880,.T.);
#52900=ADVANCED_FACE('',(#52890),#52710,.F.);
#52910=CARTESIAN_POINT('',(1.03096261607719,0.0999999999999989,
2.90883703985589));
#52920=DIRECTION('',(0.,0.,-1.));
#52930=DIRECTION('',(-1.,0.,-0.));
#52940=AXIS2_PLACEMENT_3D('',#52910,#52920,#52930);
#52950=CYLINDRICAL_SURFACE('',#52940,0.150000000000001);
#52960=CARTESIAN_POINT('',(1.03096261607719,0.249999999999999,
2.90506603985589));
#52970=DIRECTION('',(0.,0.,-1.));
#52980=VECTOR('',#52970,1.);
#52990=LINE('',#52960,#52980);
#53000=CARTESIAN_POINT('',(1.03096261607719,0.249999999999999,
2.90506603985589));
#53010=VERTEX_POINT('',#53000);
#53020=CARTESIAN_POINT('',(1.03096261607719,0.249999999999999,
2.75506603985589));
#53030=VERTEX_POINT('',#53020);
#53040=EDGE_CURVE('',#53010,#53030,#52990,.T.);
#53050=ORIENTED_EDGE('',*,*,#53040,.F.);
#53060=CARTESIAN_POINT('',(1.03096261607719,0.0999999999999989,
2.75506603985589));
#53070=DIRECTION('',(0.,0.,-1.));
#53080=DIRECTION('',(-1.,0.,0.));
#53090=AXIS2_PLACEMENT_3D('',#53060,#53070,#53080);
#53100=CIRCLE('',#53090,0.150000000000001);
#53110=CARTESIAN_POINT('',(1.16331555725366,0.170588235294117,
2.75506603985589));
#53120=VERTEX_POINT('',#53110);
#53130=EDGE_CURVE('',#53030,#53120,#53100,.T.);
#53140=ORIENTED_EDGE('',*,*,#53130,.F.);
#53150=CARTESIAN_POINT('',(1.16331555725366,0.170588235294117,
2.90506603985589));
#53160=DIRECTION('',(0.,0.,-1.));
#53170=VECTOR('',#53160,1.);
#53180=LINE('',#53150,#53170);
#53190=CARTESIAN_POINT('',(1.16331555725366,0.170588235294117,
2.90506603985589));
#53200=VERTEX_POINT('',#53190);
#53210=EDGE_CURVE('',#53200,#53120,#53180,.T.);
#53220=ORIENTED_EDGE('',*,*,#53210,.T.);
#53230=CARTESIAN_POINT('',(1.03096261607719,0.0999999999999989,
2.90506603985589));
#53240=DIRECTION('',(0.,0.,-1.));
#53250=DIRECTION('',(-1.,0.,0.));
#53260=AXIS2_PLACEMENT_3D('',#53230,#53240,#53250);
#53270=CIRCLE('',#53260,0.150000000000001);
#53280=EDGE_CURVE('',#53010,#53200,#53270,.T.);
#53290=ORIENTED_EDGE('',*,*,#53280,.T.);
#53300=EDGE_LOOP('',(#53290,#53220,#53140,#53050));
#53310=FACE_OUTER_BOUND('',#53300,.T.);
#53320=ADVANCED_FACE('',(#53310),#52950,.T.);
#53330=CARTESIAN_POINT('',(0.91695946607719,-0.00625315000000093,
2.90506603985589));
#53340=DIRECTION('',(0.,0.,1.));
#53350=DIRECTION('',(1.,0.,-0.));
#53360=AXIS2_PLACEMENT_3D('',#53330,#53340,#53350);
#53370=PLANE('',#53360);
#53380=CARTESIAN_POINT('',(0.860962616077189,0.249999999999999,
2.90506603985589));
#53390=DIRECTION('',(-1.,0.,0.));
#53400=VECTOR('',#53390,1.);
#53410=LINE('',#53380,#53400);
#53420=EDGE_CURVE('',#53010,#36640,#53410,.T.);
#53430=ORIENTED_EDGE('',*,*,#53420,.T.);
#53440=ORIENTED_EDGE('',*,*,#53280,.F.);
#53450=CARTESIAN_POINT('',(0.907629282743856,0.649999999999997,
2.90506603985589));
#53460=DIRECTION('',(-0.470588235294118,0.882352941176471,0.));
#53470=VECTOR('',#53460,1.);
#53480=LINE('',#53450,#53470);
#53490=CARTESIAN_POINT('',(1.18684496901837,0.126470588235293,
2.90506603985589));
#53500=VERTEX_POINT('',#53490);
#53510=EDGE_CURVE('',#53500,#53200,#53480,.T.);
#53520=ORIENTED_EDGE('',*,*,#53510,.T.);
#53530=CARTESIAN_POINT('',(1.23096261607719,0.149999999999997,
2.90506603985589));
#53540=DIRECTION('',(0.,0.,-1.));
#53550=DIRECTION('',(-1.,0.,-0.));
#53560=AXIS2_PLACEMENT_3D('',#53530,#53540,#53550);
#53570=CIRCLE('',#53560,0.0499999999999974);
#53580=CARTESIAN_POINT('',(1.23096261607719,0.099999999999999,
2.90506603985589));
#53590=VERTEX_POINT('',#53580);
#53600=EDGE_CURVE('',#53590,#53500,#53570,.T.);
#53610=ORIENTED_EDGE('',*,*,#53600,.T.);
#53620=CARTESIAN_POINT('',(0.860962616077189,0.099999999999999,
2.90506603985589));
#53630=DIRECTION('',(-1.,0.,0.));
#53640=VECTOR('',#53630,1.);
#53650=LINE('',#53620,#53640);
#53660=CARTESIAN_POINT('',(1.49096261607719,0.099999999999999,
2.90506603985589));
#53670=VERTEX_POINT('',#53660);
#53680=EDGE_CURVE('',#53670,#53590,#53650,.T.);
#53690=ORIENTED_EDGE('',*,*,#53680,.T.);
#53700=CARTESIAN_POINT('',(1.49096261607719,0.649999999999997,
2.90506603985589));
#53710=DIRECTION('',(-0.,1.,0.));
#53720=VECTOR('',#53710,1.);
#53730=LINE('',#53700,#53720);
#53740=CARTESIAN_POINT('',(1.49096261607719,0.,2.90506603985589));
#53750=VERTEX_POINT('',#53740);
#53760=EDGE_CURVE('',#53750,#53670,#53730,.T.);
#53770=ORIENTED_EDGE('',*,*,#53760,.T.);
#53780=CARTESIAN_POINT('',(0.860962616077189,0.,2.90506603985589));
#53790=DIRECTION('',(1.,0.,0.));
#53800=VECTOR('',#53790,1.);
#53810=LINE('',#53780,#53800);
#53820=CARTESIAN_POINT('',(1.23096261607719,0.,2.90506603985589));
#53830=VERTEX_POINT('',#53820);
#53840=EDGE_CURVE('',#53830,#53750,#53810,.T.);
#53850=ORIENTED_EDGE('',*,*,#53840,.T.);
#53860=CARTESIAN_POINT('',(1.23096261607719,0.149999999999998,
2.90506603985589));
#53870=DIRECTION('',(0.,0.,-1.));
#53880=DIRECTION('',(-1.,0.,0.));
#53890=AXIS2_PLACEMENT_3D('',#53860,#53870,#53880);
#53900=CIRCLE('',#53890,0.149999999999999);
#53910=CARTESIAN_POINT('',(1.09860967490072,0.0794117647058811,
2.90506603985589));
#53920=VERTEX_POINT('',#53910);
#53930=EDGE_CURVE('',#53830,#53920,#53900,.T.);
#53940=ORIENTED_EDGE('',*,*,#53930,.F.);
#53950=CARTESIAN_POINT('',(0.794295949410517,0.649999999999997,
2.90506603985589));
#53960=DIRECTION('',(0.470588235294126,-0.882352941176466,0.));
#53970=VECTOR('',#53960,1.);
#53980=LINE('',#53950,#53970);
#53990=CARTESIAN_POINT('',(1.07508026313601,0.123529411764705,
2.90506603985589));
#54000=VERTEX_POINT('',#53990);
#54010=EDGE_CURVE('',#54000,#53920,#53980,.T.);
#54020=ORIENTED_EDGE('',*,*,#54010,.T.);
#54030=CARTESIAN_POINT('',(1.03096261607719,0.1,2.90506603985589));
#54040=DIRECTION('',(0.,0.,-1.));
#54050=DIRECTION('',(-1.,0.,-0.));
#54060=AXIS2_PLACEMENT_3D('',#54030,#54040,#54050);
#54070=CIRCLE('',#54060,0.0499999999999985);
#54080=EDGE_CURVE('',#38030,#54000,#54070,.T.);
#54090=ORIENTED_EDGE('',*,*,#54080,.T.);
#54100=ORIENTED_EDGE('',*,*,#38040,.T.);
#54110=ORIENTED_EDGE('',*,*,#36730,.F.);
#54120=EDGE_LOOP('',(#54110,#54100,#54090,#54020,#53940,#53850,#53770,
#53690,#53610,#53520,#53440,#53430));
#54130=FACE_OUTER_BOUND('',#54120,.T.);
#54140=ADVANCED_FACE('',(#54130),#53370,.T.);
#54150=CARTESIAN_POINT('',(1.23096261607719,0.149999999999998,
2.90883703985588));
#54160=DIRECTION('',(0.,0.,-1.));
#54170=DIRECTION('',(-1.,0.,-0.));
#54180=AXIS2_PLACEMENT_3D('',#54150,#54160,#54170);
#54190=CYLINDRICAL_SURFACE('',#54180,0.149999999999999);
#54200=CARTESIAN_POINT('',(1.23096261607719,-9.99200722162641E-16,
2.90506603985589));
#54210=DIRECTION('',(0.,0.,-1.));
#54220=VECTOR('',#54210,1.);
#54230=LINE('',#54200,#54220);
#54240=CARTESIAN_POINT('',(1.23096261607719,-9.99200722162641E-16,
2.75506603985589));
#54250=VERTEX_POINT('',#54240);
#54260=EDGE_CURVE('',#53830,#54250,#54230,.T.);
#54270=ORIENTED_EDGE('',*,*,#54260,.F.);
#54280=CARTESIAN_POINT('',(1.23096261607719,0.149999999999998,
2.75506603985589));
#54290=DIRECTION('',(0.,0.,-1.));
#54300=DIRECTION('',(-1.,0.,0.));
#54310=AXIS2_PLACEMENT_3D('',#54280,#54290,#54300);
#54320=CIRCLE('',#54310,0.149999999999999);
#54330=CARTESIAN_POINT('',(1.09860967490072,0.0794117647058811,
2.75506603985589));
#54340=VERTEX_POINT('',#54330);
#54350=EDGE_CURVE('',#54250,#54340,#54320,.T.);
#54360=ORIENTED_EDGE('',*,*,#54350,.F.);
#54370=CARTESIAN_POINT('',(1.09860967490072,0.0794117647058811,
2.90506603985589));
#54380=DIRECTION('',(0.,0.,-1.));
#54390=VECTOR('',#54380,1.);
#54400=LINE('',#54370,#54390);
#54410=EDGE_CURVE('',#53920,#54340,#54400,.T.);
#54420=ORIENTED_EDGE('',*,*,#54410,.T.);
#54430=ORIENTED_EDGE('',*,*,#53930,.T.);
#54440=EDGE_LOOP('',(#54430,#54420,#54360,#54270));
#54450=FACE_OUTER_BOUND('',#54440,.T.);
#54460=ADVANCED_FACE('',(#54450),#54190,.T.);
#54470=CARTESIAN_POINT('',(1.50496576607719,-0.00625315000000093,
2.75506603985589));
#54480=DIRECTION('',(0.,0.,-1.));
#54490=DIRECTION('',(-1.,0.,-0.));
#54500=AXIS2_PLACEMENT_3D('',#54470,#54480,#54490);
#54510=PLANE('',#54500);
#54520=ORIENTED_EDGE('',*,*,#38180,.T.);
#54530=CARTESIAN_POINT('',(1.03096261607719,0.1,2.75506603985589));
#54540=DIRECTION('',(0.,0.,-1.));
#54550=DIRECTION('',(-1.,0.,-0.));
#54560=AXIS2_PLACEMENT_3D('',#54530,#54540,#54550);
#54570=CIRCLE('',#54560,0.0499999999999985);
#54580=CARTESIAN_POINT('',(1.07508026313601,0.123529411764705,
2.75506603985589));
#54590=VERTEX_POINT('',#54580);
#54600=EDGE_CURVE('',#38110,#54590,#54570,.T.);
#54610=ORIENTED_EDGE('',*,*,#54600,.F.);
#54620=CARTESIAN_POINT('',(0.794295949410517,0.649999999999997,
2.75506603985589));
#54630=DIRECTION('',(-0.470588235294126,0.882352941176466,0.));
#54640=VECTOR('',#54630,1.);
#54650=LINE('',#54620,#54640);
#54660=EDGE_CURVE('',#54340,#54590,#54650,.T.);
#54670=ORIENTED_EDGE('',*,*,#54660,.T.);
#54680=ORIENTED_EDGE('',*,*,#54350,.T.);
#54690=CARTESIAN_POINT('',(0.860962616077189,0.,2.75506603985589));
#54700=DIRECTION('',(-1.,-0.,0.));
#54710=VECTOR('',#54700,1.);
#54720=LINE('',#54690,#54710);
#54730=CARTESIAN_POINT('',(1.49096261607719,0.,2.75506603985589));
#54740=VERTEX_POINT('',#54730);
#54750=EDGE_CURVE('',#54740,#54250,#54720,.T.);
#54760=ORIENTED_EDGE('',*,*,#54750,.T.);
#54770=CARTESIAN_POINT('',(1.49096261607719,0.649999999999997,
2.75506603985589));
#54780=DIRECTION('',(0.,-1.,0.));
#54790=VECTOR('',#54780,1.);
#54800=LINE('',#54770,#54790);
#54810=CARTESIAN_POINT('',(1.49096261607719,0.099999999999999,
2.75506603985589));
#54820=VERTEX_POINT('',#54810);
#54830=EDGE_CURVE('',#54820,#54740,#54800,.T.);
#54840=ORIENTED_EDGE('',*,*,#54830,.T.);
#54850=CARTESIAN_POINT('',(0.860962616077189,0.099999999999999,
2.75506603985589));
#54860=DIRECTION('',(1.,-0.,0.));
#54870=VECTOR('',#54860,1.);
#54880=LINE('',#54850,#54870);
#54890=CARTESIAN_POINT('',(1.23096261607719,0.099999999999999,
2.75506603985589));
#54900=VERTEX_POINT('',#54890);
#54910=EDGE_CURVE('',#54900,#54820,#54880,.T.);
#54920=ORIENTED_EDGE('',*,*,#54910,.T.);
#54930=CARTESIAN_POINT('',(1.23096261607719,0.149999999999997,
2.75506603985589));
#54940=DIRECTION('',(0.,0.,-1.));
#54950=DIRECTION('',(-1.,0.,-0.));
#54960=AXIS2_PLACEMENT_3D('',#54930,#54940,#54950);
#54970=CIRCLE('',#54960,0.0499999999999974);
#54980=CARTESIAN_POINT('',(1.18684496901837,0.126470588235293,
2.75506603985589));
#54990=VERTEX_POINT('',#54980);
#55000=EDGE_CURVE('',#54900,#54990,#54970,.T.);
#55010=ORIENTED_EDGE('',*,*,#55000,.F.);
#55020=CARTESIAN_POINT('',(0.907629282743856,0.649999999999997,
2.75506603985589));
#55030=DIRECTION('',(0.470588235294118,-0.882352941176471,0.));
#55040=VECTOR('',#55030,1.);
#55050=LINE('',#55020,#55040);
#55060=EDGE_CURVE('',#53120,#54990,#55050,.T.);
#55070=ORIENTED_EDGE('',*,*,#55060,.T.);
#55080=ORIENTED_EDGE('',*,*,#53130,.T.);
#55090=CARTESIAN_POINT('',(0.860962616077189,0.249999999999999,
2.75506603985589));
#55100=DIRECTION('',(1.,-0.,0.));
#55110=VECTOR('',#55100,1.);
#55120=LINE('',#55090,#55110);
#55130=EDGE_CURVE('',#36560,#53030,#55120,.T.);
#55140=ORIENTED_EDGE('',*,*,#55130,.T.);
#55150=ORIENTED_EDGE('',*,*,#36570,.F.);
#55160=EDGE_LOOP('',(#55150,#55140,#55080,#55070,#55010,#54920,#54840,
#54760,#54680,#54670,#54610,#54520));
#55170=FACE_OUTER_BOUND('',#55160,.T.);
#55180=ADVANCED_FACE('',(#55170),#54510,.T.);
#55190=CARTESIAN_POINT('',(1.09919939254778,0.0783060441176461,
2.90881918985589));
#55200=DIRECTION('',(-0.882352941176466,-0.470588235294126,0.));
#55210=DIRECTION('',(-0.470588235294126,0.882352941176466,0.));
#55220=AXIS2_PLACEMENT_3D('',#55190,#55200,#55210);
#55230=PLANE('',#55220);
#55240=ORIENTED_EDGE('',*,*,#54410,.F.);
#55250=ORIENTED_EDGE('',*,*,#54660,.F.);
#55260=CARTESIAN_POINT('',(1.07508026313601,0.123529411764705,
2.90506603985589));
#55270=DIRECTION('',(0.,0.,-1.));
#55280=VECTOR('',#55270,1.);
#55290=LINE('',#55260,#55280);
#55300=EDGE_CURVE('',#54000,#54590,#55290,.T.);
#55310=ORIENTED_EDGE('',*,*,#55300,.T.);
#55320=ORIENTED_EDGE('',*,*,#54010,.F.);
#55330=EDGE_LOOP('',(#55320,#55310,#55250,#55240));
#55340=FACE_OUTER_BOUND('',#55330,.T.);
#55350=ADVANCED_FACE('',(#55340),#55230,.T.);
#55360=CARTESIAN_POINT('',(0.91695946607719,-0.00625315000000093,
3.30506603985588));
#55370=DIRECTION('',(0.,0.,1.));
#55380=DIRECTION('',(1.,0.,-0.));
#55390=AXIS2_PLACEMENT_3D('',#55360,#55370,#55380);
#55400=PLANE('',#55390);
#55410=CARTESIAN_POINT('',(0.860962616077189,0.249999999999999,
3.30506603985588));
#55420=DIRECTION('',(-1.,0.,0.));
#55430=VECTOR('',#55420,1.);
#55440=LINE('',#55410,#55430);
#55450=CARTESIAN_POINT('',(1.03096261607719,0.249999999999999,
3.30506603985588));
#55460=VERTEX_POINT('',#55450);
#55470=EDGE_CURVE('',#55460,#36960,#55440,.T.);
#55480=ORIENTED_EDGE('',*,*,#55470,.T.);
#55490=CARTESIAN_POINT('',(1.03096261607719,0.0999999999999989,
3.30506603985588));
#55500=DIRECTION('',(0.,0.,-1.));
#55510=DIRECTION('',(-1.,0.,0.));
#55520=AXIS2_PLACEMENT_3D('',#55490,#55500,#55510);
#55530=CIRCLE('',#55520,0.150000000000001);
#55540=CARTESIAN_POINT('',(1.16331555725366,0.170588235294117,
3.30506603985588));
#55550=VERTEX_POINT('',#55540);
#55560=EDGE_CURVE('',#55460,#55550,#55530,.T.);
#55570=ORIENTED_EDGE('',*,*,#55560,.F.);
#55580=CARTESIAN_POINT('',(0.907629282743856,0.649999999999997,
3.30506603985588));
#55590=DIRECTION('',(-0.470588235294118,0.88235294117647,0.));
#55600=VECTOR('',#55590,1.);
#55610=LINE('',#55580,#55600);
#55620=CARTESIAN_POINT('',(1.18684496901837,0.126470588235293,
3.30506603985588));
#55630=VERTEX_POINT('',#55620);
#55640=EDGE_CURVE('',#55630,#55550,#55610,.T.);
#55650=ORIENTED_EDGE('',*,*,#55640,.T.);
#55660=CARTESIAN_POINT('',(1.23096261607719,0.149999999999998,
3.30506603985588));
#55670=DIRECTION('',(0.,0.,-1.));
#55680=DIRECTION('',(-1.,0.,-0.));
#55690=AXIS2_PLACEMENT_3D('',#55660,#55670,#55680);
#55700=CIRCLE('',#55690,0.0499999999999991);
#55710=CARTESIAN_POINT('',(1.23096261607719,0.099999999999999,
3.30506603985588));
#55720=VERTEX_POINT('',#55710);
#55730=EDGE_CURVE('',#55720,#55630,#55700,.T.);
#55740=ORIENTED_EDGE('',*,*,#55730,.T.);
#55750=CARTESIAN_POINT('',(0.860962616077189,0.099999999999999,
3.30506603985588));
#55760=DIRECTION('',(-1.,0.,0.));
#55770=VECTOR('',#55760,1.);
#55780=LINE('',#55750,#55770);
#55790=CARTESIAN_POINT('',(1.49096261607719,0.099999999999999,
3.30506603985588));
#55800=VERTEX_POINT('',#55790);
#55810=EDGE_CURVE('',#55800,#55720,#55780,.T.);
#55820=ORIENTED_EDGE('',*,*,#55810,.T.);
#55830=CARTESIAN_POINT('',(1.49096261607719,0.649999999999997,
3.30506603985588));
#55840=DIRECTION('',(-0.,1.,0.));
#55850=VECTOR('',#55840,1.);
#55860=LINE('',#55830,#55850);
#55870=CARTESIAN_POINT('',(1.49096261607719,0.,3.30506603985588));
#55880=VERTEX_POINT('',#55870);
#55890=EDGE_CURVE('',#55880,#55800,#55860,.T.);
#55900=ORIENTED_EDGE('',*,*,#55890,.T.);
#55910=CARTESIAN_POINT('',(0.860962616077189,0.,3.30506603985588));
#55920=DIRECTION('',(1.,0.,0.));
#55930=VECTOR('',#55920,1.);
#55940=LINE('',#55910,#55930);
#55950=CARTESIAN_POINT('',(1.23096261607719,0.,3.30506603985588));
#55960=VERTEX_POINT('',#55950);
#55970=EDGE_CURVE('',#55960,#55880,#55940,.T.);
#55980=ORIENTED_EDGE('',*,*,#55970,.T.);
#55990=CARTESIAN_POINT('',(1.23096261607719,0.149999999999998,
3.30506603985588));
#56000=DIRECTION('',(0.,0.,-1.));
#56010=DIRECTION('',(-1.,0.,0.));
#56020=AXIS2_PLACEMENT_3D('',#55990,#56000,#56010);
#56030=CIRCLE('',#56020,0.149999999999999);
#56040=CARTESIAN_POINT('',(1.09860967490072,0.0794117647058811,
3.30506603985588));
#56050=VERTEX_POINT('',#56040);
#56060=EDGE_CURVE('',#55960,#56050,#56030,.T.);
#56070=ORIENTED_EDGE('',*,*,#56060,.F.);
#56080=CARTESIAN_POINT('',(0.794295949410517,0.649999999999997,
3.30506603985589));
#56090=DIRECTION('',(0.470588235294126,-0.882352941176466,0.));
#56100=VECTOR('',#56090,1.);
#56110=LINE('',#56080,#56100);
#56120=CARTESIAN_POINT('',(1.07508026313601,0.123529411764705,
3.30506603985588));
#56130=VERTEX_POINT('',#56120);
#56140=EDGE_CURVE('',#56130,#56050,#56110,.T.);
#56150=ORIENTED_EDGE('',*,*,#56140,.T.);
#56160=CARTESIAN_POINT('',(1.03096261607719,0.0999999999999981,
3.30506603985588));
#56170=DIRECTION('',(0.,0.,-1.));
#56180=DIRECTION('',(-1.,0.,-0.));
#56190=AXIS2_PLACEMENT_3D('',#56160,#56170,#56180);
#56200=CIRCLE('',#56190,0.0500000000000004);
#56210=EDGE_CURVE('',#37800,#56130,#56200,.T.);
#56220=ORIENTED_EDGE('',*,*,#56210,.T.);
#56230=ORIENTED_EDGE('',*,*,#37810,.T.);
#56240=ORIENTED_EDGE('',*,*,#37050,.F.);
#56250=EDGE_LOOP('',(#56240,#56230,#56220,#56150,#56070,#55980,#55900,
#55820,#55740,#55650,#55570,#55480));
#56260=FACE_OUTER_BOUND('',#56250,.T.);
#56270=ADVANCED_FACE('',(#56260),#55400,.T.);
#56280=CARTESIAN_POINT('',(1.03096261607719,0.0999999999999989,
3.30883703985589));
#56290=DIRECTION('',(0.,0.,-1.));
#56300=DIRECTION('',(-1.,0.,-0.));
#56310=AXIS2_PLACEMENT_3D('',#56280,#56290,#56300);
#56320=CYLINDRICAL_SURFACE('',#56310,0.150000000000001);
#56330=CARTESIAN_POINT('',(1.03096261607719,0.249999999999999,
3.30506603985588));
#56340=DIRECTION('',(0.,0.,-1.));
#56350=VECTOR('',#56340,1.);
#56360=LINE('',#56330,#56350);
#56370=CARTESIAN_POINT('',(1.03096261607719,0.249999999999999,
3.15506603985589));
#56380=VERTEX_POINT('',#56370);
#56390=EDGE_CURVE('',#55460,#56380,#56360,.T.);
#56400=ORIENTED_EDGE('',*,*,#56390,.F.);
#56410=CARTESIAN_POINT('',(1.03096261607719,0.0999999999999989,
3.15506603985589));
#56420=DIRECTION('',(0.,0.,-1.));
#56430=DIRECTION('',(-1.,0.,0.));
#56440=AXIS2_PLACEMENT_3D('',#56410,#56420,#56430);
#56450=CIRCLE('',#56440,0.150000000000001);
#56460=CARTESIAN_POINT('',(1.16331555725366,0.170588235294117,
3.15506603985589));
#56470=VERTEX_POINT('',#56460);
#56480=EDGE_CURVE('',#56380,#56470,#56450,.T.);
#56490=ORIENTED_EDGE('',*,*,#56480,.F.);
#56500=CARTESIAN_POINT('',(1.16331555725366,0.170588235294117,
3.30506603985588));
#56510=DIRECTION('',(0.,0.,-1.));
#56520=VECTOR('',#56510,1.);
#56530=LINE('',#56500,#56520);
#56540=EDGE_CURVE('',#55550,#56470,#56530,.T.);
#56550=ORIENTED_EDGE('',*,*,#56540,.T.);
#56560=ORIENTED_EDGE('',*,*,#55560,.T.);
#56570=EDGE_LOOP('',(#56560,#56550,#56490,#56400));
#56580=FACE_OUTER_BOUND('',#56570,.T.);
#56590=ADVANCED_FACE('',(#56580),#56320,.T.);
#56600=CARTESIAN_POINT('',(1.23096261607719,0.149999999999998,
3.30887903985589));
#56610=DIRECTION('',(0.,0.,-1.));
#56620=DIRECTION('',(-1.,0.,-0.));
#56630=AXIS2_PLACEMENT_3D('',#56600,#56610,#56620);
#56640=CYLINDRICAL_SURFACE('',#56630,0.0499999999999991);
#56650=CARTESIAN_POINT('',(1.23096261607719,0.099999999999999,
3.30506603985588));
#56660=DIRECTION('',(0.,0.,-1.));
#56670=VECTOR('',#56660,1.);
#56680=LINE('',#56650,#56670);
#56690=CARTESIAN_POINT('',(1.23096261607719,0.099999999999999,
3.15506603985589));
#56700=VERTEX_POINT('',#56690);
#56710=EDGE_CURVE('',#55720,#56700,#56680,.T.);
#56720=ORIENTED_EDGE('',*,*,#56710,.T.);
#56730=ORIENTED_EDGE('',*,*,#55730,.F.);
#56740=CARTESIAN_POINT('',(1.18684496901837,0.126470588235293,
3.30506603985588));
#56750=DIRECTION('',(0.,0.,-1.));
#56760=VECTOR('',#56750,1.);
#56770=LINE('',#56740,#56760);
#56780=CARTESIAN_POINT('',(1.18684496901837,0.126470588235293,
3.15506603985589));
#56790=VERTEX_POINT('',#56780);
#56800=EDGE_CURVE('',#55630,#56790,#56770,.T.);
#56810=ORIENTED_EDGE('',*,*,#56800,.F.);
#56820=CARTESIAN_POINT('',(1.23096261607719,0.149999999999998,
3.15506603985589));
#56830=DIRECTION('',(0.,0.,-1.));
#56840=DIRECTION('',(-1.,0.,-0.));
#56850=AXIS2_PLACEMENT_3D('',#56820,#56830,#56840);
#56860=CIRCLE('',#56850,0.0499999999999991);
#56870=EDGE_CURVE('',#56700,#56790,#56860,.T.);
#56880=ORIENTED_EDGE('',*,*,#56870,.T.);
#56890=EDGE_LOOP('',(#56880,#56810,#56730,#56720));
#56900=FACE_OUTER_BOUND('',#56890,.T.);
#56910=ADVANCED_FACE('',(#56900),#56640,.F.);
#56920=CARTESIAN_POINT('',(1.49096261607719,0.102503149999999,
3.30881918985588));
#56930=DIRECTION('',(1.,0.,0.));
#56940=DIRECTION('',(0.,-1.,0.));
#56950=AXIS2_PLACEMENT_3D('',#56920,#56930,#56940);
#56960=PLANE('',#56950);
#56970=CARTESIAN_POINT('',(1.49096261607719,0.,-3.32993396014411));
#56980=DIRECTION('',(0.,-0.,-1.));
#56990=VECTOR('',#56980,1.);
#57000=LINE('',#56970,#56990);
#57010=CARTESIAN_POINT('',(1.49096261607719,0.,3.15506603985589));
#57020=VERTEX_POINT('',#57010);
#57030=EDGE_CURVE('',#55880,#57020,#57000,.T.);
#57040=ORIENTED_EDGE('',*,*,#57030,.T.);
#57050=ORIENTED_EDGE('',*,*,#55890,.F.);
#57060=CARTESIAN_POINT('',(1.49096261607719,0.099999999999999,
-3.32993396014411));
#57070=DIRECTION('',(0.,-0.,1.));
#57080=VECTOR('',#57070,1.);
#57090=LINE('',#57060,#57080);
#57100=CARTESIAN_POINT('',(1.49096261607719,0.099999999999999,
3.15506603985589));
#57110=VERTEX_POINT('',#57100);
#57120=EDGE_CURVE('',#57110,#55800,#57090,.T.);
#57130=ORIENTED_EDGE('',*,*,#57120,.T.);
#57140=CARTESIAN_POINT('',(1.49096261607719,0.649999999999997,
3.15506603985589));
#57150=DIRECTION('',(-0.,-1.,-0.));
#57160=VECTOR('',#57150,1.);
#57170=LINE('',#57140,#57160);
#57180=EDGE_CURVE('',#57110,#57020,#57170,.T.);
#57190=ORIENTED_EDGE('',*,*,#57180,.F.);
#57200=EDGE_LOOP('',(#57190,#57130,#57050,#57040));
#57210=FACE_OUTER_BOUND('',#57200,.T.);
#57220=ADVANCED_FACE('',(#57210),#56960,.T.);
#57230=CARTESIAN_POINT('',(1.23096261607719,0.149999999999998,
3.30883703985589));
#57240=DIRECTION('',(0.,0.,-1.));
#57250=DIRECTION('',(-1.,0.,-0.));
#57260=AXIS2_PLACEMENT_3D('',#57230,#57240,#57250);
#57270=CYLINDRICAL_SURFACE('',#57260,0.149999999999999);
#57280=CARTESIAN_POINT('',(1.23096261607719,-9.99200722162641E-16,
3.30506603985588));
#57290=DIRECTION('',(0.,0.,-1.));
#57300=VECTOR('',#57290,1.);
#57310=LINE('',#57280,#57300);
#57320=CARTESIAN_POINT('',(1.23096261607719,-9.99200722162641E-16,
3.15506603985589));
#57330=VERTEX_POINT('',#57320);
#57340=EDGE_CURVE('',#55960,#57330,#57310,.T.);
#57350=ORIENTED_EDGE('',*,*,#57340,.F.);
#57360=CARTESIAN_POINT('',(1.23096261607719,0.149999999999998,
3.15506603985589));
#57370=DIRECTION('',(0.,0.,-1.));
#57380=DIRECTION('',(-1.,0.,0.));
#57390=AXIS2_PLACEMENT_3D('',#57360,#57370,#57380);
#57400=CIRCLE('',#57390,0.149999999999999);
#57410=CARTESIAN_POINT('',(1.09860967490072,0.0794117647058811,
3.15506603985589));
#57420=VERTEX_POINT('',#57410);
#57430=EDGE_CURVE('',#57330,#57420,#57400,.T.);
#57440=ORIENTED_EDGE('',*,*,#57430,.F.);
#57450=CARTESIAN_POINT('',(1.09860967490072,0.0794117647058811,
3.30506603985588));
#57460=DIRECTION('',(0.,0.,-1.));
#57470=VECTOR('',#57460,1.);
#57480=LINE('',#57450,#57470);
#57490=EDGE_CURVE('',#56050,#57420,#57480,.T.);
#57500=ORIENTED_EDGE('',*,*,#57490,.T.);
#57510=ORIENTED_EDGE('',*,*,#56060,.T.);
#57520=EDGE_LOOP('',(#57510,#57500,#57440,#57350));
#57530=FACE_OUTER_BOUND('',#57520,.T.);
#57540=ADVANCED_FACE('',(#57530),#57270,.T.);
#57550=CARTESIAN_POINT('',(0.91695946607719,-0.00625315000000093,
3.70506603985589));
#57560=DIRECTION('',(0.,0.,1.));
#57570=DIRECTION('',(1.,0.,-0.));
#57580=AXIS2_PLACEMENT_3D('',#57550,#57560,#57570);
#57590=PLANE('',#57580);
#57600=ORIENTED_EDGE('',*,*,#2710,.T.);
#57610=CARTESIAN_POINT('',(1.03096261607719,0.0999999999999989,
3.70506603985589));
#57620=DIRECTION('',(0.,0.,-1.));
#57630=DIRECTION('',(-1.,0.,0.));
#57640=AXIS2_PLACEMENT_3D('',#57610,#57620,#57630);
#57650=CIRCLE('',#57640,0.150000000000001);
#57660=EDGE_CURVE('',#2620,#2210,#57650,.T.);
#57670=ORIENTED_EDGE('',*,*,#57660,.F.);
#57680=ORIENTED_EDGE('',*,*,#2370,.T.);
#57690=ORIENTED_EDGE('',*,*,#1910,.T.);
#57700=CARTESIAN_POINT('',(0.860962616077189,0.099999999999999,
3.70506603985589));
#57710=DIRECTION('',(-1.,0.,0.));
#57720=VECTOR('',#57710,1.);
#57730=LINE('',#57700,#57720);
#57740=EDGE_CURVE('',#1490,#1790,#57730,.T.);
#57750=ORIENTED_EDGE('',*,*,#57740,.T.);
#57760=ORIENTED_EDGE('',*,*,#1500,.T.);
#57770=ORIENTED_EDGE('',*,*,#720,.T.);
#57780=ORIENTED_EDGE('',*,*,#1110,.F.);
#57790=ORIENTED_EDGE('',*,*,#1330,.T.);
#57800=ORIENTED_EDGE('',*,*,#230,.T.);
#57810=ORIENTED_EDGE('',*,*,#37650,.T.);
#57820=ORIENTED_EDGE('',*,*,#37280,.F.);
#57830=EDGE_LOOP('',(#57820,#57810,#57800,#57790,#57780,#57770,#57760,
#57750,#57690,#57680,#57670,#57600));
#57840=FACE_OUTER_BOUND('',#57830,.T.);
#57850=ADVANCED_FACE('',(#57840),#57590,.T.);
#57860=CARTESIAN_POINT('',(1.03096261607719,0.0999999999999981,
3.30887903985588));
#57870=DIRECTION('',(0.,0.,-1.));
#57880=DIRECTION('',(-1.,0.,-0.));
#57890=AXIS2_PLACEMENT_3D('',#57860,#57870,#57880);
#57900=CYLINDRICAL_SURFACE('',#57890,0.0500000000000004);
#57910=ORIENTED_EDGE('',*,*,#37890,.T.);
#57920=ORIENTED_EDGE('',*,*,#56210,.F.);
#57930=CARTESIAN_POINT('',(1.07508026313601,0.123529411764705,
3.30506603985588));
#57940=DIRECTION('',(0.,0.,-1.));
#57950=VECTOR('',#57940,1.);
#57960=LINE('',#57930,#57950);
#57970=CARTESIAN_POINT('',(1.07508026313601,0.123529411764705,
3.15506603985589));
#57980=VERTEX_POINT('',#57970);
#57990=EDGE_CURVE('',#56130,#57980,#57960,.T.);
#58000=ORIENTED_EDGE('',*,*,#57990,.F.);
#58010=CARTESIAN_POINT('',(1.03096261607719,0.0999999999999981,
3.15506603985589));
#58020=DIRECTION('',(0.,0.,-1.));
#58030=DIRECTION('',(-1.,0.,-0.));
#58040=AXIS2_PLACEMENT_3D('',#58010,#58020,#58030);
#58050=CIRCLE('',#58040,0.0500000000000004);
#58060=EDGE_CURVE('',#37880,#57980,#58050,.T.);
#58070=ORIENTED_EDGE('',*,*,#58060,.T.);
#58080=EDGE_LOOP('',(#58070,#58000,#57920,#57910));
#58090=FACE_OUTER_BOUND('',#58080,.T.);
#58100=ADVANCED_FACE('',(#58090),#57900,.F.);
#58110=CARTESIAN_POINT('',(1.50496576607719,-0.00625315000000093,
3.15506603985589));
#58120=DIRECTION('',(0.,0.,-1.));
#58130=DIRECTION('',(-1.,0.,-0.));
#58140=AXIS2_PLACEMENT_3D('',#58110,#58120,#58130);
#58150=PLANE('',#58140);
#58160=ORIENTED_EDGE('',*,*,#37950,.T.);
#58170=ORIENTED_EDGE('',*,*,#58060,.F.);
#58180=CARTESIAN_POINT('',(0.794295949410517,0.649999999999997,
3.15506603985589));
#58190=DIRECTION('',(-0.470588235294126,0.882352941176466,0.));
#58200=VECTOR('',#58190,1.);
#58210=LINE('',#58180,#58200);
#58220=EDGE_CURVE('',#57420,#57980,#58210,.T.);
#58230=ORIENTED_EDGE('',*,*,#58220,.T.);
#58240=ORIENTED_EDGE('',*,*,#57430,.T.);
#58250=CARTESIAN_POINT('',(0.860962616077189,0.,3.15506603985589));
#58260=DIRECTION('',(-1.,-0.,0.));
#58270=VECTOR('',#58260,1.);
#58280=LINE('',#58250,#58270);
#58290=EDGE_CURVE('',#57020,#57330,#58280,.T.);
#58300=ORIENTED_EDGE('',*,*,#58290,.T.);
#58310=ORIENTED_EDGE('',*,*,#57180,.T.);
#58320=CARTESIAN_POINT('',(0.860962616077189,0.099999999999999,
3.15506603985589));
#58330=DIRECTION('',(1.,-0.,0.));
#58340=VECTOR('',#58330,1.);
#58350=LINE('',#58320,#58340);
#58360=EDGE_CURVE('',#56700,#57110,#58350,.T.);
#58370=ORIENTED_EDGE('',*,*,#58360,.T.);
#58380=ORIENTED_EDGE('',*,*,#56870,.F.);
#58390=CARTESIAN_POINT('',(0.907629282743856,0.649999999999997,
3.15506603985589));
#58400=DIRECTION('',(0.470588235294118,-0.88235294117647,0.));
#58410=VECTOR('',#58400,1.);
#58420=LINE('',#58390,#58410);
#58430=EDGE_CURVE('',#56470,#56790,#58420,.T.);
#58440=ORIENTED_EDGE('',*,*,#58430,.T.);
#58450=ORIENTED_EDGE('',*,*,#56480,.T.);
#58460=CARTESIAN_POINT('',(0.860962616077189,0.249999999999999,
3.15506603985589));
#58470=DIRECTION('',(1.,-0.,0.));
#58480=VECTOR('',#58470,1.);
#58490=LINE('',#58460,#58480);
#58500=EDGE_CURVE('',#36880,#56380,#58490,.T.);
#58510=ORIENTED_EDGE('',*,*,#58500,.T.);
#58520=ORIENTED_EDGE('',*,*,#36890,.F.);
#58530=EDGE_LOOP('',(#58520,#58510,#58450,#58440,#58380,#58370,#58310,
#58300,#58240,#58230,#58170,#58160));
#58540=FACE_OUTER_BOUND('',#58530,.T.);
#58550=ADVANCED_FACE('',(#58540),#58150,.T.);
#58560=CARTESIAN_POINT('',(1.49746576607719,0.,3.30881918985588));
#58570=DIRECTION('',(0.,-1.,0.));
#58580=DIRECTION('',(-1.,-0.,0.));
#58590=AXIS2_PLACEMENT_3D('',#58560,#58570,#58580);
#58600=PLANE('',#58590);
#58610=ORIENTED_EDGE('',*,*,#58290,.F.);
#58620=ORIENTED_EDGE('',*,*,#57340,.T.);
#58630=ORIENTED_EDGE('',*,*,#55970,.F.);
#58640=ORIENTED_EDGE('',*,*,#57030,.F.);
#58650=EDGE_LOOP('',(#58640,#58630,#58620,#58610));
#58660=FACE_OUTER_BOUND('',#58650,.T.);
#58670=ADVANCED_FACE('',(#58660),#58600,.T.);
#58680=CARTESIAN_POINT('',(1.1627258396066,0.171693955882352,
3.30881918985588));
#58690=DIRECTION('',(0.88235294117647,0.470588235294118,0.));
#58700=DIRECTION('',(0.470588235294118,-0.88235294117647,0.));
#58710=AXIS2_PLACEMENT_3D('',#58680,#58690,#58700);
#58720=PLANE('',#58710);
#58730=ORIENTED_EDGE('',*,*,#56540,.F.);
#58740=ORIENTED_EDGE('',*,*,#58430,.F.);
#58750=ORIENTED_EDGE('',*,*,#56800,.T.);
#58760=ORIENTED_EDGE('',*,*,#55640,.F.);
#58770=EDGE_LOOP('',(#58760,#58750,#58740,#58730));
#58780=FACE_OUTER_BOUND('',#58770,.T.);
#58790=ADVANCED_FACE('',(#58780),#58720,.T.);
#58800=CARTESIAN_POINT('',(1.22445946607719,0.099999999999999,
3.30881918985588));
#58810=DIRECTION('',(0.,1.,0.));
#58820=DIRECTION('',(1.,-0.,0.));
#58830=AXIS2_PLACEMENT_3D('',#58800,#58810,#58820);
#58840=PLANE('',#58830);
#58850=ORIENTED_EDGE('',*,*,#56710,.F.);
#58860=ORIENTED_EDGE('',*,*,#58360,.F.);
#58870=ORIENTED_EDGE('',*,*,#57120,.F.);
#58880=ORIENTED_EDGE('',*,*,#55810,.F.);
#58890=EDGE_LOOP('',(#58880,#58870,#58860,#58850));
#58900=FACE_OUTER_BOUND('',#58890,.T.);
#58910=ADVANCED_FACE('',(#58900),#58840,.T.);
#58920=CARTESIAN_POINT('',(1.09919939254778,0.0783060441176461,
3.30881918985588));
#58930=DIRECTION('',(-0.882352941176466,-0.470588235294126,0.));
#58940=DIRECTION('',(-0.470588235294126,0.882352941176466,0.));
#58950=AXIS2_PLACEMENT_3D('',#58920,#58930,#58940);
#58960=PLANE('',#58950);
#58970=ORIENTED_EDGE('',*,*,#57490,.F.);
#58980=ORIENTED_EDGE('',*,*,#58220,.F.);
#58990=ORIENTED_EDGE('',*,*,#57990,.T.);
#59000=ORIENTED_EDGE('',*,*,#56140,.F.);
#59010=EDGE_LOOP('',(#59000,#58990,#58980,#58970));
#59020=FACE_OUTER_BOUND('',#59010,.T.);
#59030=ADVANCED_FACE('',(#59020),#58960,.T.);
#59040=CARTESIAN_POINT('',(0.92845946607719,0.249999999999999,
2.90881918985589));
#59050=DIRECTION('',(0.,1.,0.));
#59060=DIRECTION('',(1.,-0.,0.));
#59070=AXIS2_PLACEMENT_3D('',#59040,#59050,#59060);
#59080=PLANE('',#59070);
#59090=ORIENTED_EDGE('',*,*,#55130,.F.);
#59100=ORIENTED_EDGE('',*,*,#53040,.T.);
#59110=ORIENTED_EDGE('',*,*,#53420,.F.);
#59120=ORIENTED_EDGE('',*,*,#36650,.T.);
#59130=EDGE_LOOP('',(#59120,#59110,#59100,#59090));
#59140=FACE_OUTER_BOUND('',#59130,.T.);
#59150=ADVANCED_FACE('',(#59140),#59080,.T.);
#59160=CARTESIAN_POINT('',(1.03096261607719,0.1,2.90887903985589));
#59170=DIRECTION('',(0.,0.,-1.));
#59180=DIRECTION('',(-1.,0.,-0.));
#59190=AXIS2_PLACEMENT_3D('',#59160,#59170,#59180);
#59200=CYLINDRICAL_SURFACE('',#59190,0.0499999999999985);
#59210=ORIENTED_EDGE('',*,*,#38120,.T.);
#59220=ORIENTED_EDGE('',*,*,#54080,.F.);
#59230=ORIENTED_EDGE('',*,*,#55300,.F.);
#59240=ORIENTED_EDGE('',*,*,#54600,.T.);
#59250=EDGE_LOOP('',(#59240,#59230,#59220,#59210));
#59260=FACE_OUTER_BOUND('',#59250,.T.);
#59270=ADVANCED_FACE('',(#59260),#59200,.F.);
#59280=CARTESIAN_POINT('',(1.49746576607719,0.,2.90881918985589));
#59290=DIRECTION('',(0.,-1.,0.));
#59300=DIRECTION('',(-1.,-0.,0.));
#59310=AXIS2_PLACEMENT_3D('',#59280,#59290,#59300);
#59320=PLANE('',#59310);
#59330=ORIENTED_EDGE('',*,*,#54750,.F.);
#59340=ORIENTED_EDGE('',*,*,#54260,.T.);
#59350=ORIENTED_EDGE('',*,*,#53840,.F.);
#59360=CARTESIAN_POINT('',(1.49096261607719,0.,-3.32993396014411));
#59370=DIRECTION('',(0.,-0.,-1.));
#59380=VECTOR('',#59370,1.);
#59390=LINE('',#59360,#59380);
#59400=EDGE_CURVE('',#53750,#54740,#59390,.T.);
#59410=ORIENTED_EDGE('',*,*,#59400,.F.);
#59420=EDGE_LOOP('',(#59410,#59350,#59340,#59330));
#59430=FACE_OUTER_BOUND('',#59420,.T.);
#59440=ADVANCED_FACE('',(#59430),#59320,.T.);
#59450=CARTESIAN_POINT('',(1.23096261607719,0.149999999999997,
2.90887903985589));
#59460=DIRECTION('',(0.,0.,-1.));
#59470=DIRECTION('',(-1.,0.,-0.));
#59480=AXIS2_PLACEMENT_3D('',#59450,#59460,#59470);
#59490=CYLINDRICAL_SURFACE('',#59480,0.0499999999999974);
#59500=CARTESIAN_POINT('',(1.23096261607719,0.099999999999999,
2.90506603985589));
#59510=DIRECTION('',(0.,0.,-1.));
#59520=VECTOR('',#59510,1.);
#59530=LINE('',#59500,#59520);
#59540=EDGE_CURVE('',#53590,#54900,#59530,.T.);
#59550=ORIENTED_EDGE('',*,*,#59540,.T.);
#59560=ORIENTED_EDGE('',*,*,#53600,.F.);
#59570=CARTESIAN_POINT('',(1.18684496901837,0.126470588235293,
2.90506603985589));
#59580=DIRECTION('',(0.,0.,-1.));
#59590=VECTOR('',#59580,1.);
#59600=LINE('',#59570,#59590);
#59610=EDGE_CURVE('',#53500,#54990,#59600,.T.);
#59620=ORIENTED_EDGE('',*,*,#59610,.F.);
#59630=ORIENTED_EDGE('',*,*,#55000,.T.);
#59640=EDGE_LOOP('',(#59630,#59620,#59560,#59550));
#59650=FACE_OUTER_BOUND('',#59640,.T.);
#59660=ADVANCED_FACE('',(#59650),#59490,.F.);
#59670=CARTESIAN_POINT('',(1.22445946607719,0.099999999999999,
2.90881918985589));
#59680=DIRECTION('',(0.,1.,0.));
#59690=DIRECTION('',(1.,-0.,0.));
#59700=AXIS2_PLACEMENT_3D('',#59670,#59680,#59690);
#59710=PLANE('',#59700);
#59720=ORIENTED_EDGE('',*,*,#59540,.F.);
#59730=ORIENTED_EDGE('',*,*,#54910,.F.);
#59740=CARTESIAN_POINT('',(1.49096261607719,0.099999999999999,
-3.32993396014411));
#59750=DIRECTION('',(-0.,-0.,1.));
#59760=VECTOR('',#59750,1.);
#59770=LINE('',#59740,#59760);
#59780=EDGE_CURVE('',#54820,#53670,#59770,.T.);
#59790=ORIENTED_EDGE('',*,*,#59780,.F.);
#59800=ORIENTED_EDGE('',*,*,#53680,.F.);
#59810=EDGE_LOOP('',(#59800,#59790,#59730,#59720));
#59820=FACE_OUTER_BOUND('',#59810,.T.);
#59830=ADVANCED_FACE('',(#59820),#59710,.T.);
#59840=CARTESIAN_POINT('',(1.1627258396066,0.171693955882352,
2.90881918985589));
#59850=DIRECTION('',(0.882352941176471,0.470588235294118,0.));
#59860=DIRECTION('',(0.470588235294118,-0.882352941176471,0.));
#59870=AXIS2_PLACEMENT_3D('',#59840,#59850,#59860);
#59880=PLANE('',#59870);
#59890=ORIENTED_EDGE('',*,*,#53210,.F.);
#59900=ORIENTED_EDGE('',*,*,#55060,.F.);
#59910=ORIENTED_EDGE('',*,*,#59610,.T.);
#59920=ORIENTED_EDGE('',*,*,#53510,.F.);
#59930=EDGE_LOOP('',(#59920,#59910,#59900,#59890));
#59940=FACE_OUTER_BOUND('',#59930,.T.);
#59950=ADVANCED_FACE('',(#59940),#59880,.T.);
#59960=CARTESIAN_POINT('',(1.49096261607719,0.102503149999999,
2.90881918985589));
#59970=DIRECTION('',(1.,0.,0.));
#59980=DIRECTION('',(0.,-1.,0.));
#59990=AXIS2_PLACEMENT_3D('',#59960,#59970,#59980);
#60000=PLANE('',#59990);
#60010=ORIENTED_EDGE('',*,*,#59400,.T.);
#60020=ORIENTED_EDGE('',*,*,#53760,.F.);
#60030=ORIENTED_EDGE('',*,*,#59780,.T.);
#60040=ORIENTED_EDGE('',*,*,#54830,.F.);
#60050=EDGE_LOOP('',(#60040,#60030,#60020,#60010));
#60060=FACE_OUTER_BOUND('',#60050,.T.);
#60070=ADVANCED_FACE('',(#60060),#60000,.T.);
#60080=CARTESIAN_POINT('',(1.50496576607719,-0.00625315000000093,
2.35506603985588));
#60090=DIRECTION('',(0.,0.,-1.));
#60100=DIRECTION('',(-1.,0.,-0.));
#60110=AXIS2_PLACEMENT_3D('',#60080,#60090,#60100);
#60120=PLANE('',#60110);
#60130=ORIENTED_EDGE('',*,*,#38410,.T.);
#60140=ORIENTED_EDGE('',*,*,#52860,.F.);
#60150=ORIENTED_EDGE('',*,*,#27760,.T.);
#60160=ORIENTED_EDGE('',*,*,#28150,.T.);
#60170=CARTESIAN_POINT('',(0.860962616077189,0.,2.35506603985588));
#60180=DIRECTION('',(-1.,-0.,0.));
#60190=VECTOR('',#60180,1.);
#60200=LINE('',#60170,#60190);
#60210=CARTESIAN_POINT('',(1.49096261607719,0.,2.35506603985588));
#60220=VERTEX_POINT('',#60210);
#60230=EDGE_CURVE('',#60220,#28070,#60200,.T.);
#60240=ORIENTED_EDGE('',*,*,#60230,.T.);
#60250=CARTESIAN_POINT('',(1.49096261607719,0.649999999999997,
2.35506603985588));
#60260=DIRECTION('',(0.,-1.,0.));
#60270=VECTOR('',#60260,1.);
#60280=LINE('',#60250,#60270);
#60290=CARTESIAN_POINT('',(1.49096261607719,0.099999999999999,
2.35506603985588));
#60300=VERTEX_POINT('',#60290);
#60310=EDGE_CURVE('',#60300,#60220,#60280,.T.);
#60320=ORIENTED_EDGE('',*,*,#60310,.T.);
#60330=CARTESIAN_POINT('',(0.860962616077189,0.099999999999999,
2.35506603985588));
#60340=DIRECTION('',(1.,-0.,0.));
#60350=VECTOR('',#60340,1.);
#60360=LINE('',#60330,#60350);
#60370=EDGE_CURVE('',#27340,#60300,#60360,.T.);
#60380=ORIENTED_EDGE('',*,*,#60370,.T.);
#60390=ORIENTED_EDGE('',*,*,#27500,.F.);
#60400=ORIENTED_EDGE('',*,*,#26700,.T.);
#60410=ORIENTED_EDGE('',*,*,#27090,.T.);
#60420=CARTESIAN_POINT('',(0.860962616077189,0.249999999999999,
2.35506603985588));
#60430=DIRECTION('',(1.,-0.,0.));
#60440=VECTOR('',#60430,1.);
#60450=LINE('',#60420,#60440);
#60460=EDGE_CURVE('',#36240,#27010,#60450,.T.);
#60470=ORIENTED_EDGE('',*,*,#60460,.T.);
#60480=ORIENTED_EDGE('',*,*,#36250,.F.);
#60490=EDGE_LOOP('',(#60480,#60470,#60410,#60400,#60390,#60380,#60320,
#60240,#60160,#60150,#60140,#60130));
#60500=FACE_OUTER_BOUND('',#60490,.T.);
#60510=ADVANCED_FACE('',(#60500),#60120,.T.);
#60520=CARTESIAN_POINT('',(1.03096261607719,0.0999999999999981,
2.10887903985588));
#60530=DIRECTION('',(0.,0.,-1.));
#60540=DIRECTION('',(-1.,0.,-0.));
#60550=AXIS2_PLACEMENT_3D('',#60520,#60530,#60540);
#60560=CYLINDRICAL_SURFACE('',#60550,0.0500000000000004);
#60570=ORIENTED_EDGE('',*,*,#38580,.T.);
#60580=ORIENTED_EDGE('',*,*,#52040,.F.);
#60590=ORIENTED_EDGE('',*,*,#52610,.F.);
#60600=CARTESIAN_POINT('',(1.03096261607719,0.0999999999999981,
1.95506603985589));
#60610=DIRECTION('',(0.,0.,-1.));
#60620=DIRECTION('',(-1.,0.,-0.));
#60630=AXIS2_PLACEMENT_3D('',#60600,#60610,#60620);
#60640=CIRCLE('',#60630,0.0500000000000004);
#60650=EDGE_CURVE('',#38570,#52540,#60640,.T.);
#60660=ORIENTED_EDGE('',*,*,#60650,.T.);
#60670=EDGE_LOOP('',(#60660,#60590,#60580,#60570));
#60680=FACE_OUTER_BOUND('',#60670,.T.);
#60690=ADVANCED_FACE('',(#60680),#60560,.F.);
#60700=CARTESIAN_POINT('',(1.50496576607719,-0.00625315000000093,
1.95506603985589));
#60710=DIRECTION('',(0.,0.,-1.));
#60720=DIRECTION('',(-1.,0.,-0.));
#60730=AXIS2_PLACEMENT_3D('',#60700,#60710,#60720);
#60740=PLANE('',#60730);
#60750=ORIENTED_EDGE('',*,*,#38640,.T.);
#60760=ORIENTED_EDGE('',*,*,#60650,.F.);
#60770=ORIENTED_EDGE('',*,*,#52550,.T.);
#60780=ORIENTED_EDGE('',*,*,#52310,.T.);
#60790=CARTESIAN_POINT('',(0.860962616077189,0.,1.95506603985589));
#60800=DIRECTION('',(-1.,-0.,0.));
#60810=VECTOR('',#60800,1.);
#60820=LINE('',#60790,#60810);
#60830=EDGE_CURVE('',#51300,#52210,#60820,.T.);
#60840=ORIENTED_EDGE('',*,*,#60830,.T.);
#60850=ORIENTED_EDGE('',*,*,#51530,.T.);
#60860=CARTESIAN_POINT('',(0.860962616077189,0.099999999999999,
1.95506603985589));
#60870=DIRECTION('',(1.,-0.,0.));
#60880=VECTOR('',#60870,1.);
#60890=LINE('',#60860,#60880);
#60900=EDGE_CURVE('',#50020,#51460,#60890,.T.);
#60910=ORIENTED_EDGE('',*,*,#60900,.T.);
#60920=ORIENTED_EDGE('',*,*,#50270,.F.);
#60930=ORIENTED_EDGE('',*,*,#50510,.T.);
#60940=ORIENTED_EDGE('',*,*,#50830,.T.);
#60950=ORIENTED_EDGE('',*,*,#51050,.T.);
#60960=ORIENTED_EDGE('',*,*,#35930,.F.);
#60970=EDGE_LOOP('',(#60960,#60950,#60940,#60930,#60920,#60910,#60850,
#60840,#60780,#60770,#60760,#60750));
#60980=FACE_OUTER_BOUND('',#60970,.T.);
#60990=ADVANCED_FACE('',(#60980),#60740,.T.);
#61000=CARTESIAN_POINT('',(1.49746576607719,0.,2.10881918985588));
#61010=DIRECTION('',(0.,-1.,0.));
#61020=DIRECTION('',(-1.,-0.,0.));
#61030=AXIS2_PLACEMENT_3D('',#61000,#61010,#61020);
#61040=PLANE('',#61030);
#61050=ORIENTED_EDGE('',*,*,#60830,.F.);
#61060=ORIENTED_EDGE('',*,*,#52220,.T.);
#61070=ORIENTED_EDGE('',*,*,#51800,.F.);
#61080=ORIENTED_EDGE('',*,*,#51310,.F.);
#61090=EDGE_LOOP('',(#61080,#61070,#61060,#61050));
#61100=FACE_OUTER_BOUND('',#61090,.T.);
#61110=ADVANCED_FACE('',(#61100),#61040,.T.);
#61120=CARTESIAN_POINT('',(1.22445946607719,0.099999999999999,
2.10881918985588));
#61130=DIRECTION('',(0.,1.,0.));
#61140=DIRECTION('',(1.,-0.,0.));
#61150=AXIS2_PLACEMENT_3D('',#61120,#61130,#61140);
#61160=PLANE('',#61150);
#61170=ORIENTED_EDGE('',*,*,#50030,.F.);
#61180=ORIENTED_EDGE('',*,*,#60900,.F.);
#61190=ORIENTED_EDGE('',*,*,#51470,.F.);
#61200=ORIENTED_EDGE('',*,*,#51710,.F.);
#61210=EDGE_LOOP('',(#61200,#61190,#61180,#61170));
#61220=FACE_OUTER_BOUND('',#61210,.T.);
#61230=ADVANCED_FACE('',(#61220),#61160,.T.);
#61240=CARTESIAN_POINT('',(1.03096261607719,0.1,1.70887903985589));
#61250=DIRECTION('',(0.,0.,-1.));
#61260=DIRECTION('',(-1.,0.,-0.));
#61270=AXIS2_PLACEMENT_3D('',#61240,#61250,#61260);
#61280=CYLINDRICAL_SURFACE('',#61270,0.0499999999999985);
#61290=ORIENTED_EDGE('',*,*,#38810,.T.);
#61300=ORIENTED_EDGE('',*,*,#48500,.F.);
#61310=ORIENTED_EDGE('',*,*,#31220,.F.);
#61320=ORIENTED_EDGE('',*,*,#48990,.T.);
#61330=EDGE_LOOP('',(#61320,#61310,#61300,#61290));
#61340=FACE_OUTER_BOUND('',#61330,.T.);
#61350=ADVANCED_FACE('',(#61340),#61280,.F.);
#61360=CARTESIAN_POINT('',(1.50496576607719,-0.00625315000000093,
1.15506603985589));
#61370=DIRECTION('',(0.,0.,-1.));
#61380=DIRECTION('',(-1.,0.,-0.));
#61390=AXIS2_PLACEMENT_3D('',#61360,#61370,#61380);
#61400=PLANE('',#61390);
#61410=ORIENTED_EDGE('',*,*,#38960,.T.);
#61420=ORIENTED_EDGE('',*,*,#30880,.F.);
#61430=CARTESIAN_POINT('',(0.794295949410517,0.649999999999997,
1.15506603985589));
#61440=DIRECTION('',(-0.470588235294126,0.882352941176466,0.));
#61450=VECTOR('',#61440,1.);
#61460=LINE('',#61430,#61450);
#61470=EDGE_CURVE('',#29290,#30800,#61460,.T.);
#61480=ORIENTED_EDGE('',*,*,#61470,.T.);
#61490=ORIENTED_EDGE('',*,*,#29300,.T.);
#61500=CARTESIAN_POINT('',(0.860962616077189,0.,1.15506603985589));
#61510=DIRECTION('',(-1.,-0.,0.));
#61520=VECTOR('',#61510,1.);
#61530=LINE('',#61500,#61520);
#61540=CARTESIAN_POINT('',(1.49096261607719,0.,1.15506603985589));
#61550=VERTEX_POINT('',#61540);
#61560=EDGE_CURVE('',#61550,#29200,#61530,.T.);
#61570=ORIENTED_EDGE('',*,*,#61560,.T.);
#61580=CARTESIAN_POINT('',(1.49096261607719,0.649999999999997,
1.15506603985589));
#61590=DIRECTION('',(0.,-1.,0.));
#61600=VECTOR('',#61590,1.);
#61610=LINE('',#61580,#61600);
#61620=EDGE_CURVE('',#28480,#61550,#61610,.T.);
#61630=ORIENTED_EDGE('',*,*,#61620,.T.);
#61640=ORIENTED_EDGE('',*,*,#28490,.T.);
#61650=CARTESIAN_POINT('',(1.23096261607719,0.149999999999998,
1.15506603985589));
#61660=DIRECTION('',(0.,0.,-1.));
#61670=DIRECTION('',(-1.,0.,-0.));
#61680=AXIS2_PLACEMENT_3D('',#61650,#61660,#61670);
#61690=CIRCLE('',#61680,0.0499999999999991);
#61700=EDGE_CURVE('',#28400,#29700,#61690,.T.);
#61710=ORIENTED_EDGE('',*,*,#61700,.F.);
#61720=ORIENTED_EDGE('',*,*,#29710,.T.);
#61730=CARTESIAN_POINT('',(1.03096261607719,0.0999999999999989,
1.15506603985589));
#61740=DIRECTION('',(0.,0.,-1.));
#61750=DIRECTION('',(-1.,0.,0.));
#61760=AXIS2_PLACEMENT_3D('',#61730,#61740,#61750);
#61770=CIRCLE('',#61760,0.150000000000001);
#61780=EDGE_CURVE('',#28800,#29620,#61770,.T.);
#61790=ORIENTED_EDGE('',*,*,#61780,.T.);
#61800=ORIENTED_EDGE('',*,*,#28810,.T.);
#61810=ORIENTED_EDGE('',*,*,#35430,.F.);
#61820=EDGE_LOOP('',(#61810,#61800,#61790,#61720,#61710,#61640,#61630,
#61570,#61490,#61480,#61420,#61410));
#61830=FACE_OUTER_BOUND('',#61820,.T.);
#61840=ADVANCED_FACE('',(#61830),#61400,.T.);
#61850=CARTESIAN_POINT('',(1.09919939254778,0.0783060441176461,
1.30881918985588));
#61860=DIRECTION('',(-0.882352941176466,-0.470588235294126,0.));
#61870=DIRECTION('',(-0.470588235294126,0.882352941176466,0.));
#61880=AXIS2_PLACEMENT_3D('',#61850,#61860,#61870);
#61890=PLANE('',#61880);
#61900=ORIENTED_EDGE('',*,*,#29380,.F.);
#61910=ORIENTED_EDGE('',*,*,#61470,.F.);
#61920=ORIENTED_EDGE('',*,*,#30810,.T.);
#61930=ORIENTED_EDGE('',*,*,#30330,.F.);
#61940=EDGE_LOOP('',(#61930,#61920,#61910,#61900));
#61950=FACE_OUTER_BOUND('',#61940,.T.);
#61960=ADVANCED_FACE('',(#61950),#61890,.T.);
#61970=CARTESIAN_POINT('',(1.49096261607719,0.102503149999999,
1.30881918985588));
#61980=DIRECTION('',(1.,0.,0.));
#61990=DIRECTION('',(0.,-1.,0.));
#62000=AXIS2_PLACEMENT_3D('',#61970,#61980,#61990);
#62010=PLANE('',#62000);
#62020=CARTESIAN_POINT('',(1.49096261607719,0.,-3.32993396014411));
#62030=DIRECTION('',(0.,-0.,-1.));
#62040=VECTOR('',#62030,1.);
#62050=LINE('',#62020,#62040);
#62060=EDGE_CURVE('',#30170,#61550,#62050,.T.);
#62070=ORIENTED_EDGE('',*,*,#62060,.T.);
#62080=ORIENTED_EDGE('',*,*,#30180,.F.);
#62090=ORIENTED_EDGE('',*,*,#28570,.T.);
#62100=ORIENTED_EDGE('',*,*,#61620,.F.);
#62110=EDGE_LOOP('',(#62100,#62090,#62080,#62070));
#62120=FACE_OUTER_BOUND('',#62110,.T.);
#62130=ADVANCED_FACE('',(#62120),#62010,.T.);
#62140=CARTESIAN_POINT('',(1.49746576607719,0.,1.30881918985588));
#62150=DIRECTION('',(0.,-1.,0.));
#62160=DIRECTION('',(-1.,-0.,0.));
#62170=AXIS2_PLACEMENT_3D('',#62140,#62150,#62160);
#62180=PLANE('',#62170);
#62190=ORIENTED_EDGE('',*,*,#61560,.F.);
#62200=ORIENTED_EDGE('',*,*,#29210,.T.);
#62210=ORIENTED_EDGE('',*,*,#30240,.F.);
#62220=ORIENTED_EDGE('',*,*,#62060,.F.);
#62230=EDGE_LOOP('',(#62220,#62210,#62200,#62190));
#62240=FACE_OUTER_BOUND('',#62230,.T.);
#62250=ADVANCED_FACE('',(#62240),#62180,.T.);
#62260=CARTESIAN_POINT('',(1.23096261607719,0.149999999999998,
1.30887903985588));
#62270=DIRECTION('',(0.,0.,-1.));
#62280=DIRECTION('',(-1.,0.,-0.));
#62290=AXIS2_PLACEMENT_3D('',#62260,#62270,#62280);
#62300=CYLINDRICAL_SURFACE('',#62290,0.0499999999999991);
#62310=ORIENTED_EDGE('',*,*,#28410,.T.);
#62320=ORIENTED_EDGE('',*,*,#30090,.F.);
#62330=ORIENTED_EDGE('',*,*,#29790,.F.);
#62340=ORIENTED_EDGE('',*,*,#61700,.T.);
#62350=EDGE_LOOP('',(#62340,#62330,#62320,#62310));
#62360=FACE_OUTER_BOUND('',#62350,.T.);
#62370=ADVANCED_FACE('',(#62360),#62300,.F.);
#62380=CARTESIAN_POINT('',(1.03096261607719,0.0999999999999989,
1.30883703985588));
#62390=DIRECTION('',(0.,0.,-1.));
#62400=DIRECTION('',(-1.,0.,-0.));
#62410=AXIS2_PLACEMENT_3D('',#62380,#62390,#62400);
#62420=CYLINDRICAL_SURFACE('',#62410,0.150000000000001);
#62430=ORIENTED_EDGE('',*,*,#28890,.F.);
#62440=ORIENTED_EDGE('',*,*,#61780,.F.);
#62450=ORIENTED_EDGE('',*,*,#29630,.T.);
#62460=ORIENTED_EDGE('',*,*,#30010,.T.);
#62470=EDGE_LOOP('',(#62460,#62450,#62440,#62430));
#62480=FACE_OUTER_BOUND('',#62470,.T.);
#62490=ADVANCED_FACE('',(#62480),#62420,.T.);
#62500=CARTESIAN_POINT('',(0.92845946607719,0.249999999999999,
2.50881918985588));
#62510=DIRECTION('',(0.,1.,0.));
#62520=DIRECTION('',(1.,-0.,0.));
#62530=AXIS2_PLACEMENT_3D('',#62500,#62510,#62520);
#62540=PLANE('',#62530);
#62550=ORIENTED_EDGE('',*,*,#60460,.F.);
#62560=ORIENTED_EDGE('',*,*,#27020,.T.);
#62570=CARTESIAN_POINT('',(0.860962616077189,0.249999999999999,
2.50506603985589));
#62580=DIRECTION('',(-1.,-0.,0.));
#62590=VECTOR('',#62580,1.);
#62600=LINE('',#62570,#62590);
#62610=EDGE_CURVE('',#26990,#36320,#62600,.T.);
#62620=ORIENTED_EDGE('',*,*,#62610,.F.);
#62630=ORIENTED_EDGE('',*,*,#36330,.T.);
#62640=EDGE_LOOP('',(#62630,#62620,#62560,#62550));
#62650=FACE_OUTER_BOUND('',#62640,.T.);
#62660=ADVANCED_FACE('',(#62650),#62540,.T.);
#62670=CARTESIAN_POINT('',(1.49746576607719,0.,2.50881918985588));
#62680=DIRECTION('',(0.,-1.,0.));
#62690=DIRECTION('',(-1.,-0.,0.));
#62700=AXIS2_PLACEMENT_3D('',#62670,#62680,#62690);
#62710=PLANE('',#62700);
#62720=ORIENTED_EDGE('',*,*,#60230,.F.);
#62730=ORIENTED_EDGE('',*,*,#28080,.T.);
#62740=CARTESIAN_POINT('',(0.860962616077189,0.,2.50506603985589));
#62750=DIRECTION('',(1.,-0.,-0.));
#62760=VECTOR('',#62750,1.);
#62770=LINE('',#62740,#62760);
#62780=CARTESIAN_POINT('',(1.49096261607719,0.,2.50506603985589));
#62790=VERTEX_POINT('',#62780);
#62800=EDGE_CURVE('',#28050,#62790,#62770,.T.);
#62810=ORIENTED_EDGE('',*,*,#62800,.F.);
#62820=CARTESIAN_POINT('',(1.49096261607719,0.,-3.32993396014411));
#62830=DIRECTION('',(0.,-0.,-1.));
#62840=VECTOR('',#62830,1.);
#62850=LINE('',#62820,#62840);
#62860=EDGE_CURVE('',#62790,#60220,#62850,.T.);
#62870=ORIENTED_EDGE('',*,*,#62860,.F.);
#62880=EDGE_LOOP('',(#62870,#62810,#62730,#62720));
#62890=FACE_OUTER_BOUND('',#62880,.T.);
#62900=ADVANCED_FACE('',(#62890),#62710,.T.);
#62910=CARTESIAN_POINT('',(1.49096261607719,0.102503149999999,
2.50881918985588));
#62920=DIRECTION('',(1.,0.,0.));
#62930=DIRECTION('',(0.,-1.,0.));
#62940=AXIS2_PLACEMENT_3D('',#62910,#62920,#62930);
#62950=PLANE('',#62940);
#62960=ORIENTED_EDGE('',*,*,#62860,.T.);
#62970=CARTESIAN_POINT('',(1.49096261607719,0.649999999999997,
2.50506603985589));
#62980=DIRECTION('',(-0.,1.,-0.));
#62990=VECTOR('',#62980,1.);
#63000=LINE('',#62970,#62990);
#63010=CARTESIAN_POINT('',(1.49096261607719,0.099999999999999,
2.50506603985589));
#63020=VERTEX_POINT('',#63010);
#63030=EDGE_CURVE('',#62790,#63020,#63000,.T.);
#63040=ORIENTED_EDGE('',*,*,#63030,.F.);
#63050=CARTESIAN_POINT('',(1.49096261607719,0.099999999999999,
-3.32993396014411));
#63060=DIRECTION('',(0.,-0.,1.));
#63070=VECTOR('',#63060,1.);
#63080=LINE('',#63050,#63070);
#63090=EDGE_CURVE('',#60300,#63020,#63080,.T.);
#63100=ORIENTED_EDGE('',*,*,#63090,.T.);
#63110=ORIENTED_EDGE('',*,*,#60310,.F.);
#63120=EDGE_LOOP('',(#63110,#63100,#63040,#62960));
#63130=FACE_OUTER_BOUND('',#63120,.T.);
#63140=ADVANCED_FACE('',(#63130),#62950,.T.);
#63150=CARTESIAN_POINT('',(1.22445946607719,0.099999999999999,
2.50881918985588));
#63160=DIRECTION('',(0.,1.,0.));
#63170=DIRECTION('',(1.,-0.,0.));
#63180=AXIS2_PLACEMENT_3D('',#63150,#63160,#63170);
#63190=PLANE('',#63180);
#63200=ORIENTED_EDGE('',*,*,#27350,.F.);
#63210=ORIENTED_EDGE('',*,*,#60370,.F.);
#63220=ORIENTED_EDGE('',*,*,#63090,.F.);
#63230=CARTESIAN_POINT('',(0.860962616077189,0.099999999999999,
2.50506603985589));
#63240=DIRECTION('',(-1.,-0.,0.));
#63250=VECTOR('',#63240,1.);
#63260=LINE('',#63230,#63250);
#63270=EDGE_CURVE('',#63020,#27320,#63260,.T.);
#63280=ORIENTED_EDGE('',*,*,#63270,.F.);
#63290=EDGE_LOOP('',(#63280,#63220,#63210,#63200));
#63300=FACE_OUTER_BOUND('',#63290,.T.);
#63310=ADVANCED_FACE('',(#63300),#63190,.T.);
#63320=CARTESIAN_POINT('',(0.91695946607719,-0.00625315000000093,
2.50506603985589));
#63330=DIRECTION('',(0.,0.,1.));
#63340=DIRECTION('',(1.,0.,-0.));
#63350=AXIS2_PLACEMENT_3D('',#63320,#63330,#63340);
#63360=PLANE('',#63350);
#63370=ORIENTED_EDGE('',*,*,#62610,.T.);
#63380=ORIENTED_EDGE('',*,*,#27170,.F.);
#63390=ORIENTED_EDGE('',*,*,#26840,.T.);
#63400=ORIENTED_EDGE('',*,*,#27420,.T.);
#63410=ORIENTED_EDGE('',*,*,#63270,.T.);
#63420=ORIENTED_EDGE('',*,*,#63030,.T.);
#63430=ORIENTED_EDGE('',*,*,#62800,.T.);
#63440=ORIENTED_EDGE('',*,*,#28230,.F.);
#63450=ORIENTED_EDGE('',*,*,#27900,.T.);
#63460=ORIENTED_EDGE('',*,*,#52780,.T.);
#63470=ORIENTED_EDGE('',*,*,#38270,.T.);
#63480=ORIENTED_EDGE('',*,*,#36410,.F.);
#63490=EDGE_LOOP('',(#63480,#63470,#63460,#63450,#63440,#63430,#63420,
#63410,#63400,#63390,#63380,#63370));
#63500=FACE_OUTER_BOUND('',#63490,.T.);
#63510=ADVANCED_FACE('',(#63500),#63360,.T.);
#63520=CARTESIAN_POINT('',(0.92845946607719,0.249999999999999,
3.30881918985588));
#63530=DIRECTION('',(0.,1.,0.));
#63540=DIRECTION('',(1.,-0.,0.));
#63550=AXIS2_PLACEMENT_3D('',#63520,#63530,#63540);
#63560=PLANE('',#63550);
#63570=ORIENTED_EDGE('',*,*,#58500,.F.);
#63580=ORIENTED_EDGE('',*,*,#56390,.T.);
#63590=ORIENTED_EDGE('',*,*,#55470,.F.);
#63600=ORIENTED_EDGE('',*,*,#36970,.T.);
#63610=EDGE_LOOP('',(#63600,#63590,#63580,#63570));
#63620=FACE_OUTER_BOUND('',#63610,.T.);
#63630=ADVANCED_FACE('',(#63620),#63560,.T.);
#63640=CARTESIAN_POINT('',(-0.912790533922811,1.14,4.34556918985588));
#63650=DIRECTION('',(0.,1.,0.));
#63660=DIRECTION('',(1.,-0.,0.));
#63670=AXIS2_PLACEMENT_3D('',#63640,#63650,#63660);
#63680=PLANE('',#63670);
#63690=CARTESIAN_POINT('',(0.860962616077189,1.14,4.14006603985588));
#63700=DIRECTION('',(-1.,-0.,0.));
#63710=VECTOR('',#63700,1.);
#63720=LINE('',#63690,#63710);
#63730=CARTESIAN_POINT('',(-0.869037383922811,1.13999999999999,
4.14006603985588));
#63740=VERTEX_POINT('',#63730);
#63750=EDGE_CURVE('',#43270,#63740,#63720,.T.);
#63760=ORIENTED_EDGE('',*,*,#63750,.F.);
#63770=CARTESIAN_POINT('',(-0.869037383922806,1.14,-3.32993396014411));
#63780=DIRECTION('',(-0.,-0.,-1.));
#63790=VECTOR('',#63780,1.);
#63800=LINE('',#63770,#63790);
#63810=CARTESIAN_POINT('',(-0.869037383922811,1.13999999999999,
-4.07993396014411));
#63820=VERTEX_POINT('',#63810);
#63830=EDGE_CURVE('',#63740,#63820,#63800,.T.);
#63840=ORIENTED_EDGE('',*,*,#63830,.F.);
#63850=CARTESIAN_POINT('',(0.860962616077189,1.14,-4.07993396014412));
#63860=DIRECTION('',(1.,-0.,0.));
#63870=VECTOR('',#63860,1.);
#63880=LINE('',#63850,#63870);
#63890=CARTESIAN_POINT('',(0.880962616077187,1.14,-4.07993396014411));
#63900=VERTEX_POINT('',#63890);
#63910=EDGE_CURVE('',#63820,#63900,#63880,.T.);
#63920=ORIENTED_EDGE('',*,*,#63910,.F.);
#63930=CARTESIAN_POINT('',(0.880962616077189,1.14,-3.32993396014411));
#63940=DIRECTION('',(0.,0.,-1.));
#63950=VECTOR('',#63940,1.);
#63960=LINE('',#63930,#63950);
#63970=EDGE_CURVE('',#43270,#63900,#63960,.T.);
#63980=ORIENTED_EDGE('',*,*,#63970,.T.);
#63990=EDGE_LOOP('',(#63980,#63920,#63840,#63760));
#64000=FACE_OUTER_BOUND('',#63990,.T.);
#64010=CARTESIAN_POINT('',(0.860962616077189,1.14,-3.73993396014412));
#64020=DIRECTION('',(1.,0.,-0.));
#64030=VECTOR('',#64020,1.);
#64040=LINE('',#64010,#64030);
#64050=CARTESIAN_POINT('',(0.405962616077187,1.14,-3.73993396014412));
#64060=VERTEX_POINT('',#64050);
#64070=CARTESIAN_POINT('',(0.720962616077188,1.14,-3.73993396014412));
#64080=VERTEX_POINT('',#64070);
#64090=EDGE_CURVE('',#64060,#64080,#64040,.T.);
#64100=ORIENTED_EDGE('',*,*,#64090,.T.);
#64110=CARTESIAN_POINT('',(0.405962616077187,1.14,-3.32993396014411));
#64120=DIRECTION('',(0.,0.,-1.));
#64130=VECTOR('',#64120,1.);
#64140=LINE('',#64110,#64130);
#64150=CARTESIAN_POINT('',(0.405962616077187,1.14,-3.63993396014412));
#64160=VERTEX_POINT('',#64150);
#64170=EDGE_CURVE('',#64160,#64060,#64140,.T.);
#64180=ORIENTED_EDGE('',*,*,#64170,.T.);
#64190=CARTESIAN_POINT('',(0.860962616077189,1.14,-3.63993396014411));
#64200=DIRECTION('',(1.,0.,-0.));
#64210=VECTOR('',#64200,1.);
#64220=LINE('',#64190,#64210);
#64230=CARTESIAN_POINT('',(-0.394037383922811,1.14,-3.63993396014412));
#64240=VERTEX_POINT('',#64230);
#64250=EDGE_CURVE('',#64240,#64160,#64220,.T.);
#64260=ORIENTED_EDGE('',*,*,#64250,.T.);
#64270=CARTESIAN_POINT('',(-0.394037383922811,1.14,-3.32993396014411));
#64280=DIRECTION('',(-0.,-0.,-1.));
#64290=VECTOR('',#64280,1.);
#64300=LINE('',#64270,#64290);
#64310=CARTESIAN_POINT('',(-0.394037383922811,1.14,-3.73993396014412));
#64320=VERTEX_POINT('',#64310);
#64330=EDGE_CURVE('',#64240,#64320,#64300,.T.);
#64340=ORIENTED_EDGE('',*,*,#64330,.F.);
#64350=CARTESIAN_POINT('',(0.860962616077189,1.14,-3.73993396014412));
#64360=DIRECTION('',(-1.,-0.,0.));
#64370=VECTOR('',#64360,1.);
#64380=LINE('',#64350,#64370);
#64390=CARTESIAN_POINT('',(-0.709037383922811,1.14,-3.73993396014412));
#64400=VERTEX_POINT('',#64390);
#64410=EDGE_CURVE('',#64320,#64400,#64380,.T.);
#64420=ORIENTED_EDGE('',*,*,#64410,.F.);
#64430=CARTESIAN_POINT('',(-0.709037383922811,1.14,-3.73993396014412));
#64440=DIRECTION('',(0.,0.,1.));
#64450=VECTOR('',#64440,1.);
#64460=LINE('',#64430,#64450);
#64470=CARTESIAN_POINT('',(-0.709037383922811,1.14000000000001,
3.80006603985589));
#64480=VERTEX_POINT('',#64470);
#64490=EDGE_CURVE('',#64400,#64480,#64460,.T.);
#64500=ORIENTED_EDGE('',*,*,#64490,.F.);
#64510=CARTESIAN_POINT('',(0.860962616077189,1.14,3.80006603985589));
#64520=DIRECTION('',(-1.,0.,-0.));
#64530=VECTOR('',#64520,1.);
#64540=LINE('',#64510,#64530);
#64550=CARTESIAN_POINT('',(-0.394037383922811,1.14,3.80006603985589));
#64560=VERTEX_POINT('',#64550);
#64570=EDGE_CURVE('',#64560,#64480,#64540,.T.);
#64580=ORIENTED_EDGE('',*,*,#64570,.T.);
#64590=CARTESIAN_POINT('',(-0.394037383922812,1.14,-3.32993396014411));
#64600=DIRECTION('',(-0.,-0.,-1.));
#64610=VECTOR('',#64600,1.);
#64620=LINE('',#64590,#64610);
#64630=CARTESIAN_POINT('',(-0.394037383922811,1.14,3.70006603985589));
#64640=VERTEX_POINT('',#64630);
#64650=EDGE_CURVE('',#64560,#64640,#64620,.T.);
#64660=ORIENTED_EDGE('',*,*,#64650,.F.);
#64670=CARTESIAN_POINT('',(0.860962616077189,1.14,3.70006603985589));
#64680=DIRECTION('',(-1.,0.,-0.));
#64690=VECTOR('',#64680,1.);
#64700=LINE('',#64670,#64690);
#64710=CARTESIAN_POINT('',(0.405962616077187,1.14,3.70006603985589));
#64720=VERTEX_POINT('',#64710);
#64730=EDGE_CURVE('',#64720,#64640,#64700,.T.);
#64740=ORIENTED_EDGE('',*,*,#64730,.T.);
#64750=CARTESIAN_POINT('',(0.405962616077186,1.14,-3.32993396014411));
#64760=DIRECTION('',(-0.,-0.,1.));
#64770=VECTOR('',#64760,1.);
#64780=LINE('',#64750,#64770);
#64790=CARTESIAN_POINT('',(0.405962616077187,1.14,3.80006603985589));
#64800=VERTEX_POINT('',#64790);
#64810=EDGE_CURVE('',#64720,#64800,#64780,.T.);
#64820=ORIENTED_EDGE('',*,*,#64810,.F.);
#64830=CARTESIAN_POINT('',(0.860962616077189,1.14,3.80006603985589));
#64840=DIRECTION('',(-1.,0.,-0.));
#64850=VECTOR('',#64840,1.);
#64860=LINE('',#64830,#64850);
#64870=CARTESIAN_POINT('',(0.720962616077188,1.14,3.80006603985589));
#64880=VERTEX_POINT('',#64870);
#64890=EDGE_CURVE('',#64880,#64800,#64860,.T.);
#64900=ORIENTED_EDGE('',*,*,#64890,.T.);
#64910=CARTESIAN_POINT('',(0.720962616077188,1.14,3.80006603985589));
#64920=DIRECTION('',(0.,0.,-1.));
#64930=VECTOR('',#64920,1.);
#64940=LINE('',#64910,#64930);
#64950=EDGE_CURVE('',#64880,#64080,#64940,.T.);
#64960=ORIENTED_EDGE('',*,*,#64950,.F.);
#64970=EDGE_LOOP('',(#64960,#64900,#64820,#64740,#64660,#64580,#64500,
#64420,#64340,#64260,#64180,#64100));
#64980=FACE_BOUND('',#64970,.T.);
#64990=ADVANCED_FACE('',(#64000,#64980),#63680,.T.);
#65000=CARTESIAN_POINT('',(0.924715766077188,1.08874777261363,
4.19131826724225));
#65010=DIRECTION('',(0.,0.707106781186549,0.707106781186546));
#65020=DIRECTION('',(0.,0.707106781186546,-0.707106781186549));
#65030=AXIS2_PLACEMENT_3D('',#65000,#65010,#65020);
#65040=PLANE('',#65030);
#65050=ORIENTED_EDGE('',*,*,#43390,.T.);
#65060=ORIENTED_EDGE('',*,*,#42990,.T.);
#65070=CARTESIAN_POINT('',(0.860962616077189,-0.58999999999999,
5.87006603985588));
#65080=DIRECTION('',(-0.577350269189629,0.577350269189623,
-0.577350269189626));
#65090=VECTOR('',#65080,1.);
#65100=LINE('',#65070,#65090);
#65110=EDGE_CURVE('',#42960,#63740,#65100,.T.);
#65120=ORIENTED_EDGE('',*,*,#65110,.F.);
#65130=ORIENTED_EDGE('',*,*,#63750,.T.);
#65140=EDGE_LOOP('',(#65130,#65120,#65060,#65050));
#65150=FACE_OUTER_BOUND('',#65140,.T.);
#65160=ADVANCED_FACE('',(#65150),#65040,.T.);
#65170=CARTESIAN_POINT('',(-0.921539611309174,0.022746849999997,
4.08756381246952));
#65180=DIRECTION('',(-0.707106781186546,0.,0.707106781186549));
#65190=DIRECTION('',(0.707106781186549,0.,0.707106781186546));
#65200=AXIS2_PLACEMENT_3D('',#65170,#65180,#65190);
#65210=PLANE('',#65200);
#65220=CARTESIAN_POINT('',(0.860962616077189,2.86999999999987,
5.87006603985588));
#65230=DIRECTION('',(-0.577350269189641,-0.577350269189599,
-0.577350269189638));
#65240=VECTOR('',#65230,1.);
#65250=LINE('',#65220,#65240);
#65260=EDGE_CURVE('',#63740,#8780,#65250,.T.);
#65270=ORIENTED_EDGE('',*,*,#65260,.T.);
#65280=ORIENTED_EDGE('',*,*,#65110,.T.);
#65290=ORIENTED_EDGE('',*,*,#43120,.T.);
#65300=ORIENTED_EDGE('',*,*,#42360,.T.);
#65310=CARTESIAN_POINT('',(-0.839037383922811,0.649999999999997,
4.17006603985588));
#65320=DIRECTION('',(-0.,-1.,0.));
#65330=VECTOR('',#65320,1.);
#65340=LINE('',#65310,#65330);
#65350=CARTESIAN_POINT('',(-0.839037383922811,0.149999999999997,
4.17006603985589));
#65360=VERTEX_POINT('',#65350);
#65370=EDGE_CURVE('',#65360,#42330,#65340,.T.);
#65380=ORIENTED_EDGE('',*,*,#65370,.T.);
#65390=CARTESIAN_POINT('',(0.860962616077189,0.15,5.87006603985588));
#65400=DIRECTION('',(0.707106781186549,0.,0.707106781186546));
#65410=VECTOR('',#65400,1.);
#65420=LINE('',#65390,#65410);
#65430=EDGE_CURVE('',#8860,#65360,#65420,.T.);
#65440=ORIENTED_EDGE('',*,*,#65430,.T.);
#65450=ORIENTED_EDGE('',*,*,#8870,.T.);
#65460=EDGE_LOOP('',(#65450,#65440,#65380,#65300,#65290,#65280,#65270));
#65470=FACE_OUTER_BOUND('',#65460,.T.);
#65480=ADVANCED_FACE('',(#65470),#65210,.T.);
#65490=CARTESIAN_POINT('',(-0.839037383922811,0.047496849999997,
4.37706918985589));
#65500=DIRECTION('',(-1.,0.,0.));
#65510=DIRECTION('',(0.,1.,0.));
#65520=AXIS2_PLACEMENT_3D('',#65490,#65500,#65510);
#65530=PLANE('',#65520);
#65540=ORIENTED_EDGE('',*,*,#65370,.F.);
#65550=ORIENTED_EDGE('',*,*,#42810,.T.);
#65560=CARTESIAN_POINT('',(-0.839037383922811,0.649999999999997,
-4.10993396014412));
#65570=DIRECTION('',(-0.,1.,0.));
#65580=VECTOR('',#65570,1.);
#65590=LINE('',#65560,#65580);
#65600=CARTESIAN_POINT('',(-0.839037383922811,0.149999999999997,
-4.10993396014412));
#65610=VERTEX_POINT('',#65600);
#65620=EDGE_CURVE('',#42740,#65610,#65590,.T.);
#65630=ORIENTED_EDGE('',*,*,#65620,.F.);
#65640=CARTESIAN_POINT('',(-0.839037383922811,0.15,-3.32993396014411));
#65650=DIRECTION('',(0.,0.,1.));
#65660=VECTOR('',#65650,1.);
#65670=LINE('',#65640,#65660);
#65680=EDGE_CURVE('',#65610,#65360,#65670,.T.);
#65690=ORIENTED_EDGE('',*,*,#65680,.F.);
#65700=EDGE_LOOP('',(#65690,#65630,#65550,#65540));
#65710=FACE_OUTER_BOUND('',#65700,.T.);
#65720=ADVANCED_FACE('',(#65710),#65530,.T.);
#65730=CARTESIAN_POINT('',(-1.47903738392282,-0.00250315000000101,
0.508819189855885));
#65740=DIRECTION('',(-1.,0.,0.));
#65750=DIRECTION('',(0.,1.,0.));
#65760=AXIS2_PLACEMENT_3D('',#65730,#65740,#65750);
#65770=PLANE('',#65760);
#65780=CARTESIAN_POINT('',(-1.47903738392282,0.099999999999999,
-3.32993396014411));
#65790=DIRECTION('',(-0.,-0.,1.));
#65800=VECTOR('',#65790,1.);
#65810=LINE('',#65780,#65800);
#65820=CARTESIAN_POINT('',(-1.47903738392281,0.099999999999999,
0.355066039855885));
#65830=VERTEX_POINT('',#65820);
#65840=CARTESIAN_POINT('',(-1.47903738392281,0.099999999999999,
0.505066039855885));
#65850=VERTEX_POINT('',#65840);
#65860=EDGE_CURVE('',#65830,#65850,#65810,.T.);
#65870=ORIENTED_EDGE('',*,*,#65860,.F.);
#65880=CARTESIAN_POINT('',(-1.47903738392282,0.649999999999997,
0.505066039855885));
#65890=DIRECTION('',(0.,1.,-0.));
#65900=VECTOR('',#65890,1.);
#65910=LINE('',#65880,#65900);
#65920=CARTESIAN_POINT('',(-1.47903738392282,-9.99200722162641E-16,
0.505066039855885));
#65930=VERTEX_POINT('',#65920);
#65940=EDGE_CURVE('',#65930,#65850,#65910,.T.);
#65950=ORIENTED_EDGE('',*,*,#65940,.T.);
#65960=CARTESIAN_POINT('',(-1.47903738392282,-9.99200722162641E-16,
-3.32993396014411));
#65970=DIRECTION('',(-0.,-0.,-1.));
#65980=VECTOR('',#65970,1.);
#65990=LINE('',#65960,#65980);
#66000=CARTESIAN_POINT('',(-1.47903738392282,-9.99200722162641E-16,
0.355066039855885));
#66010=VERTEX_POINT('',#66000);
#66020=EDGE_CURVE('',#65930,#66010,#65990,.T.);
#66030=ORIENTED_EDGE('',*,*,#66020,.F.);
#66040=CARTESIAN_POINT('',(-1.47903738392282,0.649999999999997,
0.355066039855885));
#66050=DIRECTION('',(0.,-1.,-0.));
#66060=VECTOR('',#66050,1.);
#66070=LINE('',#66040,#66060);
#66080=EDGE_CURVE('',#65830,#66010,#66070,.T.);
#66090=ORIENTED_EDGE('',*,*,#66080,.T.);
#66100=EDGE_LOOP('',(#66090,#66030,#65950,#65870));
#66110=FACE_OUTER_BOUND('',#66100,.T.);
#66120=ADVANCED_FACE('',(#66110),#65770,.T.);
#66130=CARTESIAN_POINT('',(-1.01903738392281,0.0999999999999994,
0.908879039855885));
#66140=DIRECTION('',(0.,0.,-1.));
#66150=DIRECTION('',(-1.,0.,-0.));
#66160=AXIS2_PLACEMENT_3D('',#66130,#66140,#66150);
#66170=CYLINDRICAL_SURFACE('',#66160,0.0500000000000001);
#66180=ORIENTED_EDGE('',*,*,#24070,.F.);
#66190=ORIENTED_EDGE('',*,*,#24610,.T.);
#66200=ORIENTED_EDGE('',*,*,#24990,.T.);
#66210=CARTESIAN_POINT('',(-1.01903738392281,0.149999999999999,
0.905066039855885));
#66220=DIRECTION('',(0.,0.,-1.));
#66230=VECTOR('',#66220,1.);
#66240=LINE('',#66210,#66230);
#66250=EDGE_CURVE('',#24910,#24060,#66240,.T.);
#66260=ORIENTED_EDGE('',*,*,#66250,.F.);
#66270=EDGE_LOOP('',(#66260,#66200,#66190,#66180));
#66280=FACE_OUTER_BOUND('',#66270,.T.);
#66290=ADVANCED_FACE('',(#66280),#66170,.F.);
#66300=CARTESIAN_POINT('',(-1.01903738392281,0.1,1.30887903985588));
#66310=DIRECTION('',(0.,0.,-1.));
#66320=DIRECTION('',(-1.,0.,-0.));
#66330=AXIS2_PLACEMENT_3D('',#66300,#66310,#66320);
#66340=CYLINDRICAL_SURFACE('',#66330,0.0499999999999978);
#66350=ORIENTED_EDGE('',*,*,#22460,.F.);
#66360=CARTESIAN_POINT('',(-1.06315503098164,0.123529411764704,
1.30506603985588));
#66370=DIRECTION('',(0.,0.,-1.));
#66380=VECTOR('',#66370,1.);
#66390=LINE('',#66360,#66380);
#66400=EDGE_CURVE('',#20790,#22360,#66390,.T.);
#66410=ORIENTED_EDGE('',*,*,#66400,.T.);
#66420=ORIENTED_EDGE('',*,*,#20800,.T.);
#66430=CARTESIAN_POINT('',(-1.01903738392281,0.149999999999999,
1.30506603985588));
#66440=DIRECTION('',(0.,0.,-1.));
#66450=VECTOR('',#66440,1.);
#66460=LINE('',#66430,#66450);
#66470=EDGE_CURVE('',#20700,#22450,#66460,.T.);
#66480=ORIENTED_EDGE('',*,*,#66470,.F.);
#66490=EDGE_LOOP('',(#66480,#66420,#66410,#66350));
#66500=FACE_OUTER_BOUND('',#66490,.T.);
#66510=ADVANCED_FACE('',(#66500),#66340,.F.);
#66520=CARTESIAN_POINT('',(-1.06256531333458,0.124635132352939,
1.30881918985588));
#66530=DIRECTION('',(0.88235294117647,-0.470588235294119,0.));
#66540=DIRECTION('',(-0.470588235294119,-0.88235294117647,0.));
#66550=AXIS2_PLACEMENT_3D('',#66520,#66530,#66540);
#66560=PLANE('',#66550);
#66570=ORIENTED_EDGE('',*,*,#66400,.F.);
#66580=ORIENTED_EDGE('',*,*,#22370,.T.);
#66590=CARTESIAN_POINT('',(-1.08668444274634,0.0794117647058811,
1.30506603985588));
#66600=DIRECTION('',(0.,0.,-1.));
#66610=VECTOR('',#66600,1.);
#66620=LINE('',#66590,#66610);
#66630=EDGE_CURVE('',#20870,#22280,#66620,.T.);
#66640=ORIENTED_EDGE('',*,*,#66630,.T.);
#66650=ORIENTED_EDGE('',*,*,#20880,.T.);
#66660=EDGE_LOOP('',(#66650,#66640,#66580,#66570));
#66670=FACE_OUTER_BOUND('',#66660,.T.);
#66680=ADVANCED_FACE('',(#66670),#66560,.T.);
#66690=CARTESIAN_POINT('',(-1.21903738392281,0.149999999999999,
1.30883703985589));
#66700=DIRECTION('',(0.,0.,-1.));
#66710=DIRECTION('',(-1.,0.,-0.));
#66720=AXIS2_PLACEMENT_3D('',#66690,#66700,#66710);
#66730=CYLINDRICAL_SURFACE('',#66720,0.149999999999999);
#66740=ORIENTED_EDGE('',*,*,#20970,.F.);
#66750=ORIENTED_EDGE('',*,*,#66630,.F.);
#66760=ORIENTED_EDGE('',*,*,#22290,.T.);
#66770=CARTESIAN_POINT('',(-1.21903738392281,-9.99200722162641E-16,
1.30506603985588));
#66780=DIRECTION('',(0.,0.,-1.));
#66790=VECTOR('',#66780,1.);
#66800=LINE('',#66770,#66790);
#66810=EDGE_CURVE('',#20960,#22190,#66800,.T.);
#66820=ORIENTED_EDGE('',*,*,#66810,.T.);
#66830=EDGE_LOOP('',(#66820,#66760,#66750,#66740));
#66840=FACE_OUTER_BOUND('',#66830,.T.);
#66850=ADVANCED_FACE('',(#66840),#66730,.T.);
#66860=CARTESIAN_POINT('',(-1.21253423392281,-9.99200722162641E-16,
1.30881918985588));
#66870=DIRECTION('',(0.,-1.,0.));
#66880=DIRECTION('',(-1.,-0.,0.));
#66890=AXIS2_PLACEMENT_3D('',#66860,#66870,#66880);
#66900=PLANE('',#66890);
#66910=ORIENTED_EDGE('',*,*,#21050,.T.);
#66920=ORIENTED_EDGE('',*,*,#66810,.F.);
#66930=ORIENTED_EDGE('',*,*,#22200,.T.);
#66940=CARTESIAN_POINT('',(-1.47903738392282,-9.99200722162641E-16,
-3.32993396014411));
#66950=DIRECTION('',(-0.,0.,-1.));
#66960=VECTOR('',#66950,1.);
#66970=LINE('',#66940,#66960);
#66980=EDGE_CURVE('',#21040,#22110,#66970,.T.);
#66990=ORIENTED_EDGE('',*,*,#66980,.T.);
#67000=EDGE_LOOP('',(#66990,#66930,#66920,#66910));
#67010=FACE_OUTER_BOUND('',#67000,.T.);
#67020=ADVANCED_FACE('',(#67010),#66900,.T.);
#67030=CARTESIAN_POINT('',(-1.21903738392281,0.149999999999996,
1.30887903985588));
#67040=DIRECTION('',(0.,0.,-1.));
#67050=DIRECTION('',(-1.,0.,-0.));
#67060=AXIS2_PLACEMENT_3D('',#67030,#67040,#67050);
#67070=CYLINDRICAL_SURFACE('',#67060,0.0499999999999955);
#67080=ORIENTED_EDGE('',*,*,#21960,.F.);
#67090=CARTESIAN_POINT('',(-1.17491973686399,0.126470588235293,
1.30506603985588));
#67100=DIRECTION('',(0.,0.,-1.));
#67110=VECTOR('',#67100,1.);
#67120=LINE('',#67090,#67110);
#67130=EDGE_CURVE('',#21290,#21860,#67120,.T.);
#67140=ORIENTED_EDGE('',*,*,#67130,.T.);
#67150=ORIENTED_EDGE('',*,*,#21300,.T.);
#67160=CARTESIAN_POINT('',(-1.21903738392281,0.099999999999999,
1.30506603985588));
#67170=DIRECTION('',(0.,0.,-1.));
#67180=VECTOR('',#67170,1.);
#67190=LINE('',#67160,#67180);
#67200=EDGE_CURVE('',#21200,#21950,#67190,.T.);
#67210=ORIENTED_EDGE('',*,*,#67200,.F.);
#67220=EDGE_LOOP('',(#67210,#67150,#67140,#67080));
#67230=FACE_OUTER_BOUND('',#67220,.T.);
#67240=ADVANCED_FACE('',(#67230),#67070,.F.);
#67250=CARTESIAN_POINT('',(-1.17550945451105,0.125364867647058,
1.30881918985588));
#67260=DIRECTION('',(-0.882352941176461,0.470588235294136,0.));
#67270=DIRECTION('',(0.470588235294136,0.882352941176461,0.));
#67280=AXIS2_PLACEMENT_3D('',#67250,#67260,#67270);
#67290=PLANE('',#67280);
#67300=ORIENTED_EDGE('',*,*,#67130,.F.);
#67310=ORIENTED_EDGE('',*,*,#21870,.T.);
#67320=CARTESIAN_POINT('',(-1.15139032509928,0.170588235294116,
1.30506603985588));
#67330=DIRECTION('',(0.,0.,-1.));
#67340=VECTOR('',#67330,1.);
#67350=LINE('',#67320,#67340);
#67360=EDGE_CURVE('',#21370,#21780,#67350,.T.);
#67370=ORIENTED_EDGE('',*,*,#67360,.T.);
#67380=ORIENTED_EDGE('',*,*,#21380,.T.);
#67390=EDGE_LOOP('',(#67380,#67370,#67310,#67300));
#67400=FACE_OUTER_BOUND('',#67390,.T.);
#67410=ADVANCED_FACE('',(#67400),#67290,.T.);
#67420=CARTESIAN_POINT('',(-1.48554053392281,0.099999999999999,
1.30881918985588));
#67430=DIRECTION('',(0.,1.,0.));
#67440=DIRECTION('',(1.,-0.,0.));
#67450=AXIS2_PLACEMENT_3D('',#67420,#67430,#67440);
#67460=PLANE('',#67450);
#67470=CARTESIAN_POINT('',(-1.47903738392282,0.099999999999999,
-3.32993396014411));
#67480=DIRECTION('',(0.,0.,1.));
#67490=VECTOR('',#67480,1.);
#67500=LINE('',#67470,#67490);
#67510=EDGE_CURVE('',#22030,#21120,#67500,.T.);
#67520=ORIENTED_EDGE('',*,*,#67510,.T.);
#67530=ORIENTED_EDGE('',*,*,#22040,.T.);
#67540=ORIENTED_EDGE('',*,*,#67200,.T.);
#67550=ORIENTED_EDGE('',*,*,#21210,.T.);
#67560=EDGE_LOOP('',(#67550,#67540,#67530,#67520));
#67570=FACE_OUTER_BOUND('',#67560,.T.);
#67580=ADVANCED_FACE('',(#67570),#67460,.T.);
#67590=CARTESIAN_POINT('',(-1.02154053392281,0.249999999999999,
1.30881918985588));
#67600=DIRECTION('',(0.,1.,0.));
#67610=DIRECTION('',(1.,-0.,0.));
#67620=AXIS2_PLACEMENT_3D('',#67590,#67600,#67610);
#67630=PLANE('',#67620);
#67640=CARTESIAN_POINT('',(-1.01903738392281,0.249999999999999,
1.30506603985588));
#67650=DIRECTION('',(0.,0.,-1.));
#67660=VECTOR('',#67650,1.);
#67670=LINE('',#67640,#67660);
#67680=EDGE_CURVE('',#21460,#21690,#67670,.T.);
#67690=ORIENTED_EDGE('',*,*,#67680,.F.);
#67700=ORIENTED_EDGE('',*,*,#21700,.T.);
#67710=ORIENTED_EDGE('',*,*,#4630,.F.);
#67720=ORIENTED_EDGE('',*,*,#21530,.T.);
#67730=EDGE_LOOP('',(#67720,#67710,#67700,#67690));
#67740=FACE_OUTER_BOUND('',#67730,.T.);
#67750=ADVANCED_FACE('',(#67740),#67630,.T.);
#67760=CARTESIAN_POINT('',(-1.01903738392281,0.0999999999999993,
1.30883703985589));
#67770=DIRECTION('',(0.,0.,-1.));
#67780=DIRECTION('',(-1.,0.,-0.));
#67790=AXIS2_PLACEMENT_3D('',#67760,#67770,#67780);
#67800=CYLINDRICAL_SURFACE('',#67790,0.15);
#67810=ORIENTED_EDGE('',*,*,#21470,.F.);
#67820=ORIENTED_EDGE('',*,*,#67360,.F.);
#67830=ORIENTED_EDGE('',*,*,#21790,.T.);
#67840=ORIENTED_EDGE('',*,*,#67680,.T.);
#67850=EDGE_LOOP('',(#67840,#67830,#67820,#67810));
#67860=FACE_OUTER_BOUND('',#67850,.T.);
#67870=ADVANCED_FACE('',(#67860),#67800,.T.);
#67880=CARTESIAN_POINT('',(-1.47903738392282,-0.00250315000000101,
1.30881918985588));
#67890=DIRECTION('',(-1.,0.,0.));
#67900=DIRECTION('',(0.,1.,0.));
#67910=AXIS2_PLACEMENT_3D('',#67880,#67890,#67900);
#67920=PLANE('',#67910);
#67930=ORIENTED_EDGE('',*,*,#67510,.F.);
#67940=ORIENTED_EDGE('',*,*,#21130,.T.);
#67950=ORIENTED_EDGE('',*,*,#66980,.F.);
#67960=ORIENTED_EDGE('',*,*,#22120,.T.);
#67970=EDGE_LOOP('',(#67960,#67950,#67940,#67930));
#67980=FACE_OUTER_BOUND('',#67970,.T.);
#67990=ADVANCED_FACE('',(#67980),#67920,.T.);
#68000=CARTESIAN_POINT('',(-1.01903738392281,0.1,2.10887903985588));
#68010=DIRECTION('',(0.,0.,-1.));
#68020=DIRECTION('',(-1.,0.,-0.));
#68030=AXIS2_PLACEMENT_3D('',#68000,#68010,#68020);
#68040=CYLINDRICAL_SURFACE('',#68030,0.0499999999999978);
#68050=CARTESIAN_POINT('',(-1.01903738392281,0.1,1.95506603985589));
#68060=DIRECTION('',(-0.,-0.,1.));
#68070=DIRECTION('',(-1.,0.,-0.));
#68080=AXIS2_PLACEMENT_3D('',#68050,#68060,#68070);
#68090=CIRCLE('',#68080,0.0499999999999978);
#68100=CARTESIAN_POINT('',(-1.01903738392281,0.149999999999999,
1.95506603985589));
#68110=VERTEX_POINT('',#68100);
#68120=EDGE_CURVE('',#68110,#17790,#68090,.T.);
#68130=ORIENTED_EDGE('',*,*,#68120,.F.);
#68140=ORIENTED_EDGE('',*,*,#17800,.T.);
#68150=CARTESIAN_POINT('',(-1.01903738392281,0.1,2.10506603985588));
#68160=DIRECTION('',(-0.,-0.,1.));
#68170=DIRECTION('',(-1.,0.,-0.));
#68180=AXIS2_PLACEMENT_3D('',#68150,#68160,#68170);
#68190=CIRCLE('',#68180,0.0499999999999978);
#68200=CARTESIAN_POINT('',(-1.01903738392281,0.149999999999999,
2.10506603985588));
#68210=VERTEX_POINT('',#68200);
#68220=EDGE_CURVE('',#68210,#17770,#68190,.T.);
#68230=ORIENTED_EDGE('',*,*,#68220,.T.);
#68240=CARTESIAN_POINT('',(-1.01903738392281,0.149999999999999,
2.10506603985588));
#68250=DIRECTION('',(0.,0.,-1.));
#68260=VECTOR('',#68250,1.);
#68270=LINE('',#68240,#68260);
#68280=EDGE_CURVE('',#68210,#68110,#68270,.T.);
#68290=ORIENTED_EDGE('',*,*,#68280,.F.);
#68300=EDGE_LOOP('',(#68290,#68230,#68140,#68130));
#68310=FACE_OUTER_BOUND('',#68300,.T.);
#68320=ADVANCED_FACE('',(#68310),#68040,.F.);
#68330=CARTESIAN_POINT('',(-0.905034233922811,-0.00625315000000093,
1.95506603985589));
#68340=DIRECTION('',(0.,0.,-1.));
#68350=DIRECTION('',(-1.,0.,-0.));
#68360=AXIS2_PLACEMENT_3D('',#68330,#68340,#68350);
#68370=PLANE('',#68360);
#68380=CARTESIAN_POINT('',(0.860962616077189,0.249999999999999,
1.95506603985589));
#68390=DIRECTION('',(-1.,0.,-0.));
#68400=VECTOR('',#68390,1.);
#68410=LINE('',#68380,#68400);
#68420=CARTESIAN_POINT('',(-1.01903738392281,0.249999999999999,
1.95506603985589));
#68430=VERTEX_POINT('',#68420);
#68440=EDGE_CURVE('',#3980,#68430,#68410,.T.);
#68450=ORIENTED_EDGE('',*,*,#68440,.F.);
#68460=CARTESIAN_POINT('',(-1.01903738392281,0.099999999999999,
1.95506603985589));
#68470=DIRECTION('',(-0.,-0.,1.));
#68480=DIRECTION('',(-1.,0.,0.));
#68490=AXIS2_PLACEMENT_3D('',#68460,#68470,#68480);
#68500=CIRCLE('',#68490,0.150000000000001);
#68510=CARTESIAN_POINT('',(-1.15139032509928,0.170588235294116,
1.95506603985589));
#68520=VERTEX_POINT('',#68510);
#68530=EDGE_CURVE('',#68430,#68520,#68500,.T.);
#68540=ORIENTED_EDGE('',*,*,#68530,.F.);
#68550=CARTESIAN_POINT('',(-0.895704050589468,0.649999999999997,
1.95506603985589));
#68560=DIRECTION('',(-0.470588235294136,-0.882352941176461,-0.));
#68570=VECTOR('',#68560,1.);
#68580=LINE('',#68550,#68570);
#68590=CARTESIAN_POINT('',(-1.17491973686399,0.126470588235293,
1.95506603985589));
#68600=VERTEX_POINT('',#68590);
#68610=EDGE_CURVE('',#68520,#68600,#68580,.T.);
#68620=ORIENTED_EDGE('',*,*,#68610,.F.);
#68630=CARTESIAN_POINT('',(-1.21903738392281,0.149999999999996,
1.95506603985589));
#68640=DIRECTION('',(-0.,-0.,1.));
#68650=DIRECTION('',(-1.,0.,-0.));
#68660=AXIS2_PLACEMENT_3D('',#68630,#68640,#68650);
#68670=CIRCLE('',#68660,0.0499999999999955);
#68680=CARTESIAN_POINT('',(-1.21903738392281,0.099999999999999,
1.95506603985589));
#68690=VERTEX_POINT('',#68680);
#68700=EDGE_CURVE('',#68690,#68600,#68670,.T.);
#68710=ORIENTED_EDGE('',*,*,#68700,.T.);
#68720=CARTESIAN_POINT('',(0.860962616077189,0.099999999999999,
1.95506603985589));
#68730=DIRECTION('',(-1.,0.,-0.));
#68740=VECTOR('',#68730,1.);
#68750=LINE('',#68720,#68740);
#68760=CARTESIAN_POINT('',(-1.47903738392281,0.099999999999999,
1.95506603985589));
#68770=VERTEX_POINT('',#68760);
#68780=EDGE_CURVE('',#68690,#68770,#68750,.T.);
#68790=ORIENTED_EDGE('',*,*,#68780,.F.);
#68800=CARTESIAN_POINT('',(-1.47903738392282,0.649999999999997,
1.95506603985589));
#68810=DIRECTION('',(-0.,-1.,-0.));
#68820=VECTOR('',#68810,1.);
#68830=LINE('',#68800,#68820);
#68840=CARTESIAN_POINT('',(-1.47903738392282,-9.99200722162641E-16,
1.95506603985589));
#68850=VERTEX_POINT('',#68840);
#68860=EDGE_CURVE('',#68770,#68850,#68830,.T.);
#68870=ORIENTED_EDGE('',*,*,#68860,.F.);
#68880=CARTESIAN_POINT('',(0.860962616077189,-9.99200722162641E-16,
1.95506603985589));
#68890=DIRECTION('',(1.,0.,-0.));
#68900=VECTOR('',#68890,1.);
#68910=LINE('',#68880,#68900);
#68920=CARTESIAN_POINT('',(-1.21903738392281,-9.99200722162641E-16,
1.95506603985589));
#68930=VERTEX_POINT('',#68920);
#68940=EDGE_CURVE('',#68850,#68930,#68910,.T.);
#68950=ORIENTED_EDGE('',*,*,#68940,.F.);
#68960=CARTESIAN_POINT('',(-1.21903738392281,0.150000000000001,
1.95506603985589));
#68970=DIRECTION('',(-0.,-0.,1.));
#68980=DIRECTION('',(-1.,0.,0.));
#68990=AXIS2_PLACEMENT_3D('',#68960,#68970,#68980);
#69000=CIRCLE('',#68990,0.150000000000002);
#69010=EDGE_CURVE('',#68930,#17870,#69000,.T.);
#69020=ORIENTED_EDGE('',*,*,#69010,.F.);
#69030=ORIENTED_EDGE('',*,*,#17880,.F.);
#69040=ORIENTED_EDGE('',*,*,#68120,.T.);
#69050=CARTESIAN_POINT('',(0.860962616077189,0.15,1.95506603985589));
#69060=DIRECTION('',(1.,0.,-0.));
#69070=VECTOR('',#69060,1.);
#69080=LINE('',#69050,#69070);
#69090=EDGE_CURVE('',#68110,#4060,#69080,.T.);
#69100=ORIENTED_EDGE('',*,*,#69090,.F.);
#69110=ORIENTED_EDGE('',*,*,#4070,.T.);
#69120=EDGE_LOOP('',(#69110,#69100,#69040,#69030,#69020,#68950,#68870,
#68790,#68710,#68620,#68540,#68450));
#69130=FACE_OUTER_BOUND('',#69120,.T.);
#69140=ADVANCED_FACE('',(#69130),#68370,.T.);
#69150=CARTESIAN_POINT('',(-1.48554053392281,0.099999999999999,
2.10881918985588));
#69160=DIRECTION('',(0.,1.,0.));
#69170=DIRECTION('',(1.,-0.,0.));
#69180=AXIS2_PLACEMENT_3D('',#69150,#69160,#69170);
#69190=PLANE('',#69180);
#69200=CARTESIAN_POINT('',(-1.47903738392282,0.099999999999999,
-3.32993396014411));
#69210=DIRECTION('',(0.,0.,1.));
#69220=VECTOR('',#69210,1.);
#69230=LINE('',#69200,#69220);
#69240=CARTESIAN_POINT('',(-1.47903738392281,0.099999999999999,
2.10506603985588));
#69250=VERTEX_POINT('',#69240);
#69260=EDGE_CURVE('',#68770,#69250,#69230,.T.);
#69270=ORIENTED_EDGE('',*,*,#69260,.T.);
#69280=ORIENTED_EDGE('',*,*,#68780,.T.);
#69290=CARTESIAN_POINT('',(-1.21903738392281,0.099999999999999,
2.10506603985588));
#69300=DIRECTION('',(0.,0.,-1.));
#69310=VECTOR('',#69300,1.);
#69320=LINE('',#69290,#69310);
#69330=CARTESIAN_POINT('',(-1.21903738392281,0.099999999999999,
2.10506603985588));
#69340=VERTEX_POINT('',#69330);
#69350=EDGE_CURVE('',#69340,#68690,#69320,.T.);
#69360=ORIENTED_EDGE('',*,*,#69350,.T.);
#69370=CARTESIAN_POINT('',(0.860962616077189,0.099999999999999,
2.10506603985588));
#69380=DIRECTION('',(1.,0.,-0.));
#69390=VECTOR('',#69380,1.);
#69400=LINE('',#69370,#69390);
#69410=EDGE_CURVE('',#69250,#69340,#69400,.T.);
#69420=ORIENTED_EDGE('',*,*,#69410,.T.);
#69430=EDGE_LOOP('',(#69420,#69360,#69280,#69270));
#69440=FACE_OUTER_BOUND('',#69430,.T.);
#69450=ADVANCED_FACE('',(#69440),#69190,.T.);
#69460=CARTESIAN_POINT('',(-1.49304053392282,-0.00625315000000093,
2.10506603985588));
#69470=DIRECTION('',(0.,0.,1.));
#69480=DIRECTION('',(1.,0.,-0.));
#69490=AXIS2_PLACEMENT_3D('',#69460,#69470,#69480);
#69500=PLANE('',#69490);
#69510=CARTESIAN_POINT('',(0.860962616077189,0.15,2.10506603985588));
#69520=DIRECTION('',(-1.,-0.,-0.));
#69530=VECTOR('',#69520,1.);
#69540=LINE('',#69510,#69530);
#69550=EDGE_CURVE('',#3820,#68210,#69540,.T.);
#69560=ORIENTED_EDGE('',*,*,#69550,.F.);
#69570=ORIENTED_EDGE('',*,*,#68220,.F.);
#69580=ORIENTED_EDGE('',*,*,#18020,.F.);
#69590=CARTESIAN_POINT('',(-1.21903738392281,0.150000000000001,
2.10506603985588));
#69600=DIRECTION('',(-0.,-0.,1.));
#69610=DIRECTION('',(-1.,0.,0.));
#69620=AXIS2_PLACEMENT_3D('',#69590,#69600,#69610);
#69630=CIRCLE('',#69620,0.150000000000002);
#69640=CARTESIAN_POINT('',(-1.21903738392281,-9.99200722162641E-16,
2.10506603985588));
#69650=VERTEX_POINT('',#69640);
#69660=EDGE_CURVE('',#69650,#17950,#69630,.T.);
#69670=ORIENTED_EDGE('',*,*,#69660,.T.);
#69680=CARTESIAN_POINT('',(0.860962616077189,-9.99200722162641E-16,
2.10506603985588));
#69690=DIRECTION('',(-1.,-0.,-0.));
#69700=VECTOR('',#69690,1.);
#69710=LINE('',#69680,#69700);
#69720=CARTESIAN_POINT('',(-1.47903738392282,-9.99200722162641E-16,
2.10506603985588));
#69730=VERTEX_POINT('',#69720);
#69740=EDGE_CURVE('',#69650,#69730,#69710,.T.);
#69750=ORIENTED_EDGE('',*,*,#69740,.F.);
#69760=CARTESIAN_POINT('',(-1.47903738392282,0.649999999999997,
2.10506603985588));
#69770=DIRECTION('',(0.,1.,-0.));
#69780=VECTOR('',#69770,1.);
#69790=LINE('',#69760,#69780);
#69800=EDGE_CURVE('',#69730,#69250,#69790,.T.);
#69810=ORIENTED_EDGE('',*,*,#69800,.F.);
#69820=ORIENTED_EDGE('',*,*,#69410,.F.);
#69830=CARTESIAN_POINT('',(-1.21903738392281,0.149999999999996,
2.10506603985588));
#69840=DIRECTION('',(-0.,-0.,1.));
#69850=DIRECTION('',(-1.,0.,-0.));
#69860=AXIS2_PLACEMENT_3D('',#69830,#69840,#69850);
#69870=CIRCLE('',#69860,0.0499999999999955);
#69880=CARTESIAN_POINT('',(-1.17491973686399,0.126470588235293,
2.10506603985588));
#69890=VERTEX_POINT('',#69880);
#69900=EDGE_CURVE('',#69340,#69890,#69870,.T.);
#69910=ORIENTED_EDGE('',*,*,#69900,.F.);
#69920=CARTESIAN_POINT('',(-0.895704050589468,0.649999999999997,
2.10506603985588));
#69930=DIRECTION('',(0.470588235294136,0.882352941176461,-0.));
#69940=VECTOR('',#69930,1.);
#69950=LINE('',#69920,#69940);
#69960=CARTESIAN_POINT('',(-1.15139032509928,0.170588235294116,
2.10506603985588));
#69970=VERTEX_POINT('',#69960);
#69980=EDGE_CURVE('',#69890,#69970,#69950,.T.);
#69990=ORIENTED_EDGE('',*,*,#69980,.F.);
#70000=CARTESIAN_POINT('',(-1.01903738392281,0.099999999999999,
2.10506603985588));
#70010=DIRECTION('',(-0.,-0.,1.));
#70020=DIRECTION('',(-1.,0.,0.));
#70030=AXIS2_PLACEMENT_3D('',#70000,#70010,#70020);
#70040=CIRCLE('',#70030,0.150000000000001);
#70050=CARTESIAN_POINT('',(-1.01903738392281,0.249999999999999,
2.10506603985588));
#70060=VERTEX_POINT('',#70050);
#70070=EDGE_CURVE('',#70060,#69970,#70040,.T.);
#70080=ORIENTED_EDGE('',*,*,#70070,.T.);
#70090=CARTESIAN_POINT('',(0.860962616077189,0.249999999999999,
2.10506603985588));
#70100=DIRECTION('',(1.,-0.,-0.));
#70110=VECTOR('',#70100,1.);
#70120=LINE('',#70090,#70110);
#70130=EDGE_CURVE('',#70060,#3900,#70120,.T.);
#70140=ORIENTED_EDGE('',*,*,#70130,.F.);
#70150=ORIENTED_EDGE('',*,*,#3910,.T.);
#70160=EDGE_LOOP('',(#70150,#70140,#70080,#69990,#69910,#69820,#69810,
#69750,#69670,#69580,#69570,#69560));
#70170=FACE_OUTER_BOUND('',#70160,.T.);
#70180=ADVANCED_FACE('',(#70170),#69500,.T.);
#70190=CARTESIAN_POINT('',(-1.21253423392281,-9.99200722162641E-16,
2.10881918985588));
#70200=DIRECTION('',(0.,-1.,0.));
#70210=DIRECTION('',(-1.,-0.,0.));
#70220=AXIS2_PLACEMENT_3D('',#70190,#70200,#70210);
#70230=PLANE('',#70220);
#70240=ORIENTED_EDGE('',*,*,#69740,.T.);
#70250=CARTESIAN_POINT('',(-1.21903738392281,-9.99200722162641E-16,
2.10506603985588));
#70260=DIRECTION('',(0.,0.,-1.));
#70270=VECTOR('',#70260,1.);
#70280=LINE('',#70250,#70270);
#70290=EDGE_CURVE('',#69650,#68930,#70280,.T.);
#70300=ORIENTED_EDGE('',*,*,#70290,.F.);
#70310=ORIENTED_EDGE('',*,*,#68940,.T.);
#70320=CARTESIAN_POINT('',(-1.47903738392282,-9.99200722162641E-16,
-3.32993396014411));
#70330=DIRECTION('',(-0.,0.,-1.));
#70340=VECTOR('',#70330,1.);
#70350=LINE('',#70320,#70340);
#70360=EDGE_CURVE('',#69730,#68850,#70350,.T.);
#70370=ORIENTED_EDGE('',*,*,#70360,.T.);
#70380=EDGE_LOOP('',(#70370,#70310,#70300,#70240));
#70390=FACE_OUTER_BOUND('',#70380,.T.);
#70400=ADVANCED_FACE('',(#70390),#70230,.T.);
#70410=CARTESIAN_POINT('',(-1.47903738392282,-0.00250315000000101,
2.10881918985588));
#70420=DIRECTION('',(-1.,0.,0.));
#70430=DIRECTION('',(0.,1.,0.));
#70440=AXIS2_PLACEMENT_3D('',#70410,#70420,#70430);
#70450=PLANE('',#70440);
#70460=ORIENTED_EDGE('',*,*,#69260,.F.);
#70470=ORIENTED_EDGE('',*,*,#69800,.T.);
#70480=ORIENTED_EDGE('',*,*,#70360,.F.);
#70490=ORIENTED_EDGE('',*,*,#68860,.T.);
#70500=EDGE_LOOP('',(#70490,#70480,#70470,#70460));
#70510=FACE_OUTER_BOUND('',#70500,.T.);
#70520=ADVANCED_FACE('',(#70510),#70450,.T.);
#70530=CARTESIAN_POINT('',(-1.17550945451105,0.125364867647058,
2.10881918985588));
#70540=DIRECTION('',(-0.882352941176461,0.470588235294136,0.));
#70550=DIRECTION('',(0.470588235294136,0.882352941176461,0.));
#70560=AXIS2_PLACEMENT_3D('',#70530,#70540,#70550);
#70570=PLANE('',#70560);
#70580=CARTESIAN_POINT('',(-1.17491973686399,0.126470588235293,
2.10506603985588));
#70590=DIRECTION('',(0.,0.,-1.));
#70600=VECTOR('',#70590,1.);
#70610=LINE('',#70580,#70600);
#70620=EDGE_CURVE('',#69890,#68600,#70610,.T.);
#70630=ORIENTED_EDGE('',*,*,#70620,.F.);
#70640=ORIENTED_EDGE('',*,*,#68610,.T.);
#70650=CARTESIAN_POINT('',(-1.15139032509928,0.170588235294116,
2.10506603985588));
#70660=DIRECTION('',(0.,0.,-1.));
#70670=VECTOR('',#70660,1.);
#70680=LINE('',#70650,#70670);
#70690=EDGE_CURVE('',#69970,#68520,#70680,.T.);
#70700=ORIENTED_EDGE('',*,*,#70690,.T.);
#70710=ORIENTED_EDGE('',*,*,#69980,.T.);
#70720=EDGE_LOOP('',(#70710,#70700,#70640,#70630));
#70730=FACE_OUTER_BOUND('',#70720,.T.);
#70740=ADVANCED_FACE('',(#70730),#70570,.T.);
#70750=CARTESIAN_POINT('',(-1.02154053392281,0.249999999999999,
2.10881918985588));
#70760=DIRECTION('',(0.,1.,0.));
#70770=DIRECTION('',(1.,-0.,0.));
#70780=AXIS2_PLACEMENT_3D('',#70750,#70760,#70770);
#70790=PLANE('',#70780);
#70800=CARTESIAN_POINT('',(-1.01903738392281,0.249999999999999,
2.10506603985588));
#70810=DIRECTION('',(0.,0.,-1.));
#70820=VECTOR('',#70810,1.);
#70830=LINE('',#70800,#70820);
#70840=EDGE_CURVE('',#70060,#68430,#70830,.T.);
#70850=ORIENTED_EDGE('',*,*,#70840,.F.);
#70860=ORIENTED_EDGE('',*,*,#68440,.T.);
#70870=ORIENTED_EDGE('',*,*,#3990,.F.);
#70880=ORIENTED_EDGE('',*,*,#70130,.T.);
#70890=EDGE_LOOP('',(#70880,#70870,#70860,#70850));
#70900=FACE_OUTER_BOUND('',#70890,.T.);
#70910=ADVANCED_FACE('',(#70900),#70790,.T.);
#70920=CARTESIAN_POINT('',(-1.01903738392281,0.099999999999999,
2.10883703985589));
#70930=DIRECTION('',(0.,0.,-1.));
#70940=DIRECTION('',(-1.,0.,-0.));
#70950=AXIS2_PLACEMENT_3D('',#70920,#70930,#70940);
#70960=CYLINDRICAL_SURFACE('',#70950,0.150000000000001);
#70970=ORIENTED_EDGE('',*,*,#70070,.F.);
#70980=ORIENTED_EDGE('',*,*,#70690,.F.);
#70990=ORIENTED_EDGE('',*,*,#68530,.T.);
#71000=ORIENTED_EDGE('',*,*,#70840,.T.);
#71010=EDGE_LOOP('',(#71000,#70990,#70980,#70970));
#71020=FACE_OUTER_BOUND('',#71010,.T.);
#71030=ADVANCED_FACE('',(#71020),#70960,.T.);
#71040=CARTESIAN_POINT('',(-1.21903738392281,0.149999999999996,
2.10887903985588));
#71050=DIRECTION('',(0.,0.,-1.));
#71060=DIRECTION('',(-1.,0.,-0.));
#71070=AXIS2_PLACEMENT_3D('',#71040,#71050,#71060);
#71080=CYLINDRICAL_SURFACE('',#71070,0.0499999999999955);
#71090=ORIENTED_EDGE('',*,*,#68700,.F.);
#71100=ORIENTED_EDGE('',*,*,#70620,.T.);
#71110=ORIENTED_EDGE('',*,*,#69900,.T.);
#71120=ORIENTED_EDGE('',*,*,#69350,.F.);
#71130=EDGE_LOOP('',(#71120,#71110,#71100,#71090));
#71140=FACE_OUTER_BOUND('',#71130,.T.);
#71150=ADVANCED_FACE('',(#71140),#71080,.F.);
#71160=CARTESIAN_POINT('',(-1.21903738392281,0.150000000000001,
2.10883703985589));
#71170=DIRECTION('',(0.,0.,-1.));
#71180=DIRECTION('',(-1.,0.,-0.));
#71190=AXIS2_PLACEMENT_3D('',#71160,#71170,#71180);
#71200=CYLINDRICAL_SURFACE('',#71190,0.150000000000002);
#71210=ORIENTED_EDGE('',*,*,#69660,.F.);
#71220=ORIENTED_EDGE('',*,*,#17960,.F.);
#71230=ORIENTED_EDGE('',*,*,#69010,.T.);
#71240=ORIENTED_EDGE('',*,*,#70290,.T.);
#71250=EDGE_LOOP('',(#71240,#71230,#71220,#71210));
#71260=FACE_OUTER_BOUND('',#71250,.T.);
#71270=ADVANCED_FACE('',(#71260),#71200,.T.);
#71280=CARTESIAN_POINT('',(-1.06256531333458,0.124635132352939,
2.50881918985588));
#71290=DIRECTION('',(0.88235294117647,-0.470588235294119,0.));
#71300=DIRECTION('',(-0.470588235294119,-0.88235294117647,0.));
#71310=AXIS2_PLACEMENT_3D('',#71280,#71290,#71300);
#71320=PLANE('',#71310);
#71330=ORIENTED_EDGE('',*,*,#17550,.F.);
#71340=CARTESIAN_POINT('',(-0.78237071725615,0.649999999999997,
2.35506603985588));
#71350=DIRECTION('',(0.470588235294119,0.88235294117647,0.));
#71360=VECTOR('',#71350,1.);
#71370=LINE('',#71340,#71360);
#71380=CARTESIAN_POINT('',(-1.08668444274634,0.0794117647058811,
2.35506603985588));
#71390=VERTEX_POINT('',#71380);
#71400=EDGE_CURVE('',#71390,#17480,#71370,.T.);
#71410=ORIENTED_EDGE('',*,*,#71400,.T.);
#71420=CARTESIAN_POINT('',(-1.08668444274634,0.0794117647058811,
2.50506603985589));
#71430=DIRECTION('',(0.,0.,-1.));
#71440=VECTOR('',#71430,1.);
#71450=LINE('',#71420,#71440);
#71460=EDGE_CURVE('',#16630,#71390,#71450,.T.);
#71470=ORIENTED_EDGE('',*,*,#71460,.T.);
#71480=ORIENTED_EDGE('',*,*,#16640,.T.);
#71490=EDGE_LOOP('',(#71480,#71470,#71410,#71330));
#71500=FACE_OUTER_BOUND('',#71490,.T.);
#71510=ADVANCED_FACE('',(#71500),#71320,.T.);
#71520=CARTESIAN_POINT('',(-1.21903738392281,0.149999999999999,
2.50883703985588));
#71530=DIRECTION('',(0.,0.,-1.));
#71540=DIRECTION('',(-1.,0.,-0.));
#71550=AXIS2_PLACEMENT_3D('',#71520,#71530,#71540);
#71560=CYLINDRICAL_SURFACE('',#71550,0.149999999999999);
#71570=ORIENTED_EDGE('',*,*,#16730,.F.);
#71580=ORIENTED_EDGE('',*,*,#71460,.F.);
#71590=CARTESIAN_POINT('',(-1.21903738392281,0.149999999999999,
2.35506603985588));
#71600=DIRECTION('',(-0.,-0.,1.));
#71610=DIRECTION('',(-1.,0.,0.));
#71620=AXIS2_PLACEMENT_3D('',#71590,#71600,#71610);
#71630=CIRCLE('',#71620,0.149999999999999);
#71640=CARTESIAN_POINT('',(-1.21903738392281,-9.99200722162641E-16,
2.35506603985588));
#71650=VERTEX_POINT('',#71640);
#71660=EDGE_CURVE('',#71650,#71390,#71630,.T.);
#71670=ORIENTED_EDGE('',*,*,#71660,.T.);
#71680=CARTESIAN_POINT('',(-1.21903738392281,-9.99200722162641E-16,
2.50506603985589));
#71690=DIRECTION('',(0.,0.,-1.));
#71700=VECTOR('',#71690,1.);
#71710=LINE('',#71680,#71700);
#71720=EDGE_CURVE('',#16720,#71650,#71710,.T.);
#71730=ORIENTED_EDGE('',*,*,#71720,.T.);
#71740=EDGE_LOOP('',(#71730,#71670,#71580,#71570));
#71750=FACE_OUTER_BOUND('',#71740,.T.);
#71760=ADVANCED_FACE('',(#71750),#71560,.T.);
#71770=CARTESIAN_POINT('',(-1.21253423392281,-9.99200722162641E-16,
2.50881918985588));
#71780=DIRECTION('',(0.,-1.,0.));
#71790=DIRECTION('',(-1.,-0.,0.));
#71800=AXIS2_PLACEMENT_3D('',#71770,#71780,#71790);
#71810=PLANE('',#71800);
#71820=ORIENTED_EDGE('',*,*,#16810,.T.);
#71830=ORIENTED_EDGE('',*,*,#71720,.F.);
#71840=CARTESIAN_POINT('',(0.860962616077189,-9.99200722162641E-16,
2.35506603985588));
#71850=DIRECTION('',(1.,0.,0.));
#71860=VECTOR('',#71850,1.);
#71870=LINE('',#71840,#71860);
#71880=CARTESIAN_POINT('',(-1.47903738392282,-9.99200722162641E-16,
2.35506603985588));
#71890=VERTEX_POINT('',#71880);
#71900=EDGE_CURVE('',#71890,#71650,#71870,.T.);
#71910=ORIENTED_EDGE('',*,*,#71900,.T.);
#71920=CARTESIAN_POINT('',(-1.47903738392282,-9.99200722162641E-16,
-3.32993396014411));
#71930=DIRECTION('',(-0.,0.,-1.));
#71940=VECTOR('',#71930,1.);
#71950=LINE('',#71920,#71940);
#71960=EDGE_CURVE('',#16800,#71890,#71950,.T.);
#71970=ORIENTED_EDGE('',*,*,#71960,.T.);
#71980=EDGE_LOOP('',(#71970,#71910,#71830,#71820));
#71990=FACE_OUTER_BOUND('',#71980,.T.);
#72000=ADVANCED_FACE('',(#71990),#71810,.T.);
#72010=CARTESIAN_POINT('',(-1.21903738392281,0.149999999999996,
2.50887903985589));
#72020=DIRECTION('',(0.,0.,-1.));
#72030=DIRECTION('',(-1.,0.,-0.));
#72040=AXIS2_PLACEMENT_3D('',#72010,#72020,#72030);
#72050=CYLINDRICAL_SURFACE('',#72040,0.0499999999999966);
#72060=CARTESIAN_POINT('',(-1.21903738392281,0.149999999999996,
2.35506603985588));
#72070=DIRECTION('',(-0.,-0.,1.));
#72080=DIRECTION('',(-1.,0.,-0.));
#72090=AXIS2_PLACEMENT_3D('',#72060,#72070,#72080);
#72100=CIRCLE('',#72090,0.0499999999999966);
#72110=CARTESIAN_POINT('',(-1.21903738392281,0.099999999999999,
2.35506603985588));
#72120=VERTEX_POINT('',#72110);
#72130=CARTESIAN_POINT('',(-1.17491973686399,0.126470588235293,
2.35506603985588));
#72140=VERTEX_POINT('',#72130);
#72150=EDGE_CURVE('',#72120,#72140,#72100,.T.);
#72160=ORIENTED_EDGE('',*,*,#72150,.F.);
#72170=CARTESIAN_POINT('',(-1.17491973686399,0.126470588235293,
2.50506603985589));
#72180=DIRECTION('',(0.,0.,-1.));
#72190=VECTOR('',#72180,1.);
#72200=LINE('',#72170,#72190);
#72210=EDGE_CURVE('',#17050,#72140,#72200,.T.);
#72220=ORIENTED_EDGE('',*,*,#72210,.T.);
#72230=ORIENTED_EDGE('',*,*,#17060,.T.);
#72240=CARTESIAN_POINT('',(-1.21903738392281,0.099999999999999,
2.50506603985589));
#72250=DIRECTION('',(0.,0.,-1.));
#72260=VECTOR('',#72250,1.);
#72270=LINE('',#72240,#72260);
#72280=EDGE_CURVE('',#16960,#72120,#72270,.T.);
#72290=ORIENTED_EDGE('',*,*,#72280,.F.);
#72300=EDGE_LOOP('',(#72290,#72230,#72220,#72160));
#72310=FACE_OUTER_BOUND('',#72300,.T.);
#72320=ADVANCED_FACE('',(#72310),#72050,.F.);
#72330=CARTESIAN_POINT('',(-1.17550945451105,0.125364867647058,
2.50881918985588));
#72340=DIRECTION('',(-0.882352941176461,0.470588235294136,0.));
#72350=DIRECTION('',(0.470588235294136,0.882352941176461,0.));
#72360=AXIS2_PLACEMENT_3D('',#72330,#72340,#72350);
#72370=PLANE('',#72360);
#72380=ORIENTED_EDGE('',*,*,#72210,.F.);
#72390=CARTESIAN_POINT('',(-0.895704050589468,0.649999999999997,
2.35506603985588));
#72400=DIRECTION('',(-0.470588235294136,-0.882352941176461,0.));
#72410=VECTOR('',#72400,1.);
#72420=LINE('',#72390,#72410);
#72430=CARTESIAN_POINT('',(-1.15139032509928,0.170588235294116,
2.35506603985588));
#72440=VERTEX_POINT('',#72430);
#72450=EDGE_CURVE('',#72440,#72140,#72420,.T.);
#72460=ORIENTED_EDGE('',*,*,#72450,.T.);
#72470=CARTESIAN_POINT('',(-1.15139032509928,0.170588235294116,
2.50506603985589));
#72480=DIRECTION('',(0.,0.,-1.));
#72490=VECTOR('',#72480,1.);
#72500=LINE('',#72470,#72490);
#72510=EDGE_CURVE('',#17130,#72440,#72500,.T.);
#72520=ORIENTED_EDGE('',*,*,#72510,.T.);
#72530=ORIENTED_EDGE('',*,*,#17140,.T.);
#72540=EDGE_LOOP('',(#72530,#72520,#72460,#72380));
#72550=FACE_OUTER_BOUND('',#72540,.T.);
#72560=ADVANCED_FACE('',(#72550),#72370,.T.);
#72570=CARTESIAN_POINT('',(-1.02154053392281,0.249999999999999,
2.50881918985588));
#72580=DIRECTION('',(0.,1.,0.));
#72590=DIRECTION('',(1.,-0.,0.));
#72600=AXIS2_PLACEMENT_3D('',#72570,#72580,#72590);
#72610=PLANE('',#72600);
#72620=CARTESIAN_POINT('',(-1.01903738392281,0.249999999999999,
2.50506603985589));
#72630=DIRECTION('',(0.,0.,-1.));
#72640=VECTOR('',#72630,1.);
#72650=LINE('',#72620,#72640);
#72660=CARTESIAN_POINT('',(-1.01903738392281,0.249999999999999,
2.35506603985588));
#72670=VERTEX_POINT('',#72660);
#72680=EDGE_CURVE('',#17220,#72670,#72650,.T.);
#72690=ORIENTED_EDGE('',*,*,#72680,.F.);
#72700=CARTESIAN_POINT('',(0.860962616077189,0.249999999999999,
2.35506603985588));
#72710=DIRECTION('',(-1.,0.,-0.));
#72720=VECTOR('',#72710,1.);
#72730=LINE('',#72700,#72720);
#72740=EDGE_CURVE('',#3660,#72670,#72730,.T.);
#72750=ORIENTED_EDGE('',*,*,#72740,.T.);
#72760=ORIENTED_EDGE('',*,*,#3670,.F.);
#72770=ORIENTED_EDGE('',*,*,#17290,.T.);
#72780=EDGE_LOOP('',(#72770,#72760,#72750,#72690));
#72790=FACE_OUTER_BOUND('',#72780,.T.);
#72800=ADVANCED_FACE('',(#72790),#72610,.T.);
#72810=CARTESIAN_POINT('',(-1.01903738392281,0.099999999999999,
2.50883703985589));
#72820=DIRECTION('',(0.,0.,-1.));
#72830=DIRECTION('',(-1.,0.,-0.));
#72840=AXIS2_PLACEMENT_3D('',#72810,#72820,#72830);
#72850=CYLINDRICAL_SURFACE('',#72840,0.150000000000001);
#72860=ORIENTED_EDGE('',*,*,#17230,.F.);
#72870=ORIENTED_EDGE('',*,*,#72510,.F.);
#72880=CARTESIAN_POINT('',(-1.01903738392281,0.099999999999999,
2.35506603985588));
#72890=DIRECTION('',(-0.,-0.,1.));
#72900=DIRECTION('',(-1.,0.,0.));
#72910=AXIS2_PLACEMENT_3D('',#72880,#72890,#72900);
#72920=CIRCLE('',#72910,0.150000000000001);
#72930=EDGE_CURVE('',#72670,#72440,#72920,.T.);
#72940=ORIENTED_EDGE('',*,*,#72930,.T.);
#72950=ORIENTED_EDGE('',*,*,#72680,.T.);
#72960=EDGE_LOOP('',(#72950,#72940,#72870,#72860));
#72970=FACE_OUTER_BOUND('',#72960,.T.);
#72980=ADVANCED_FACE('',(#72970),#72850,.T.);
#72990=CARTESIAN_POINT('',(-0.905034233922811,-0.00625315000000093,
2.35506603985588));
#73000=DIRECTION('',(0.,0.,-1.));
#73010=DIRECTION('',(-1.,0.,-0.));
#73020=AXIS2_PLACEMENT_3D('',#72990,#73000,#73010);
#73030=PLANE('',#73020);
#73040=ORIENTED_EDGE('',*,*,#72740,.F.);
#73050=ORIENTED_EDGE('',*,*,#72930,.F.);
#73060=ORIENTED_EDGE('',*,*,#72450,.F.);
#73070=ORIENTED_EDGE('',*,*,#72150,.T.);
#73080=CARTESIAN_POINT('',(0.860962616077189,0.099999999999999,
2.35506603985588));
#73090=DIRECTION('',(-1.,0.,-0.));
#73100=VECTOR('',#73090,1.);
#73110=LINE('',#73080,#73100);
#73120=CARTESIAN_POINT('',(-1.47903738392281,0.099999999999999,
2.35506603985588));
#73130=VERTEX_POINT('',#73120);
#73140=EDGE_CURVE('',#72120,#73130,#73110,.T.);
#73150=ORIENTED_EDGE('',*,*,#73140,.F.);
#73160=CARTESIAN_POINT('',(-1.47903738392282,0.649999999999997,
2.35506603985588));
#73170=DIRECTION('',(-0.,-1.,-0.));
#73180=VECTOR('',#73170,1.);
#73190=LINE('',#73160,#73180);
#73200=EDGE_CURVE('',#73130,#71890,#73190,.T.);
#73210=ORIENTED_EDGE('',*,*,#73200,.F.);
#73220=ORIENTED_EDGE('',*,*,#71900,.F.);
#73230=ORIENTED_EDGE('',*,*,#71660,.F.);
#73240=ORIENTED_EDGE('',*,*,#71400,.F.);
#73250=ORIENTED_EDGE('',*,*,#17490,.T.);
#73260=CARTESIAN_POINT('',(0.860962616077189,0.15,2.35506603985588));
#73270=DIRECTION('',(1.,0.,-0.));
#73280=VECTOR('',#73270,1.);
#73290=LINE('',#73260,#73280);
#73300=EDGE_CURVE('',#17460,#3740,#73290,.T.);
#73310=ORIENTED_EDGE('',*,*,#73300,.F.);
#73320=ORIENTED_EDGE('',*,*,#3750,.T.);
#73330=EDGE_LOOP('',(#73320,#73310,#73250,#73240,#73230,#73220,#73210,
#73150,#73070,#73060,#73050,#73040));
#73340=FACE_OUTER_BOUND('',#73330,.T.);
#73350=ADVANCED_FACE('',(#73340),#73030,.T.);
#73360=CARTESIAN_POINT('',(-1.48554053392281,0.099999999999999,
2.50881918985588));
#73370=DIRECTION('',(0.,1.,0.));
#73380=DIRECTION('',(1.,-0.,0.));
#73390=AXIS2_PLACEMENT_3D('',#73360,#73370,#73380);
#73400=PLANE('',#73390);
#73410=CARTESIAN_POINT('',(-1.47903738392282,0.099999999999999,
-3.32993396014411));
#73420=DIRECTION('',(0.,0.,1.));
#73430=VECTOR('',#73420,1.);
#73440=LINE('',#73410,#73430);
#73450=EDGE_CURVE('',#73130,#16880,#73440,.T.);
#73460=ORIENTED_EDGE('',*,*,#73450,.T.);
#73470=ORIENTED_EDGE('',*,*,#73140,.T.);
#73480=ORIENTED_EDGE('',*,*,#72280,.T.);
#73490=ORIENTED_EDGE('',*,*,#16970,.T.);
#73500=EDGE_LOOP('',(#73490,#73480,#73470,#73460));
#73510=FACE_OUTER_BOUND('',#73500,.T.);
#73520=ADVANCED_FACE('',(#73510),#73400,.T.);
#73530=CARTESIAN_POINT('',(-1.47903738392282,-0.00250315000000101,
2.50881918985588));
#73540=DIRECTION('',(-1.,0.,0.));
#73550=DIRECTION('',(0.,1.,0.));
#73560=AXIS2_PLACEMENT_3D('',#73530,#73540,#73550);
#73570=PLANE('',#73560);
#73580=ORIENTED_EDGE('',*,*,#73450,.F.);
#73590=ORIENTED_EDGE('',*,*,#16890,.T.);
#73600=ORIENTED_EDGE('',*,*,#71960,.F.);
#73610=ORIENTED_EDGE('',*,*,#73200,.T.);
#73620=EDGE_LOOP('',(#73610,#73600,#73590,#73580));
#73630=FACE_OUTER_BOUND('',#73620,.T.);
#73640=ADVANCED_FACE('',(#73630),#73570,.T.);
#73650=CARTESIAN_POINT('',(-1.01903738392281,0.1,2.90887903985589));
#73660=DIRECTION('',(0.,0.,-1.));
#73670=DIRECTION('',(-1.,0.,-0.));
#73680=AXIS2_PLACEMENT_3D('',#73650,#73660,#73670);
#73690=CYLINDRICAL_SURFACE('',#73680,0.0499999999999978);
#73700=CARTESIAN_POINT('',(-1.01903738392281,0.1,2.75506603985589));
#73710=DIRECTION('',(-0.,-0.,1.));
#73720=DIRECTION('',(-1.,0.,-0.));
#73730=AXIS2_PLACEMENT_3D('',#73700,#73710,#73720);
#73740=CIRCLE('',#73730,0.0499999999999978);
#73750=CARTESIAN_POINT('',(-1.01903738392281,0.149999999999999,
2.75506603985589));
#73760=VERTEX_POINT('',#73750);
#73770=EDGE_CURVE('',#73760,#16150,#73740,.T.);
#73780=ORIENTED_EDGE('',*,*,#73770,.F.);
#73790=ORIENTED_EDGE('',*,*,#16160,.T.);
#73800=ORIENTED_EDGE('',*,*,#15260,.T.);
#73810=CARTESIAN_POINT('',(-1.01903738392281,0.149999999999999,
2.90506603985589));
#73820=DIRECTION('',(0.,0.,-1.));
#73830=VECTOR('',#73820,1.);
#73840=LINE('',#73810,#73830);
#73850=EDGE_CURVE('',#15160,#73760,#73840,.T.);
#73860=ORIENTED_EDGE('',*,*,#73850,.F.);
#73870=EDGE_LOOP('',(#73860,#73800,#73790,#73780));
#73880=FACE_OUTER_BOUND('',#73870,.T.);
#73890=ADVANCED_FACE('',(#73880),#73690,.F.);
#73900=CARTESIAN_POINT('',(-1.21253423392281,-9.99200722162641E-16,
2.90881918985589));
#73910=DIRECTION('',(0.,-1.,0.));
#73920=DIRECTION('',(-1.,-0.,0.));
#73930=AXIS2_PLACEMENT_3D('',#73900,#73910,#73920);
#73940=PLANE('',#73930);
#73950=ORIENTED_EDGE('',*,*,#15510,.T.);
#73960=CARTESIAN_POINT('',(-1.21903738392281,-9.99200722162641E-16,
2.90506603985589));
#73970=DIRECTION('',(0.,0.,-1.));
#73980=VECTOR('',#73970,1.);
#73990=LINE('',#73960,#73980);
#74000=CARTESIAN_POINT('',(-1.21903738392281,-9.99200722162641E-16,
2.75506603985589));
#74010=VERTEX_POINT('',#74000);
#74020=EDGE_CURVE('',#15420,#74010,#73990,.T.);
#74030=ORIENTED_EDGE('',*,*,#74020,.F.);
#74040=CARTESIAN_POINT('',(0.860962616077189,-9.99200722162641E-16,
2.75506603985589));
#74050=DIRECTION('',(1.,0.,0.));
#74060=VECTOR('',#74050,1.);
#74070=LINE('',#74040,#74060);
#74080=CARTESIAN_POINT('',(-1.47903738392282,-9.99200722162641E-16,
2.75506603985589));
#74090=VERTEX_POINT('',#74080);
#74100=EDGE_CURVE('',#74090,#74010,#74070,.T.);
#74110=ORIENTED_EDGE('',*,*,#74100,.T.);
#74120=CARTESIAN_POINT('',(-1.47903738392282,-9.99200722162641E-16,
-3.32993396014411));
#74130=DIRECTION('',(-0.,0.,-1.));
#74140=VECTOR('',#74130,1.);
#74150=LINE('',#74120,#74140);
#74160=EDGE_CURVE('',#15500,#74090,#74150,.T.);
#74170=ORIENTED_EDGE('',*,*,#74160,.T.);
#74180=EDGE_LOOP('',(#74170,#74110,#74030,#73950));
#74190=FACE_OUTER_BOUND('',#74180,.T.);
#74200=ADVANCED_FACE('',(#74190),#73940,.T.);
#74210=CARTESIAN_POINT('',(-1.02154053392281,0.249999999999999,
2.90881918985589));
#74220=DIRECTION('',(0.,1.,0.));
#74230=DIRECTION('',(1.,-0.,0.));
#74240=AXIS2_PLACEMENT_3D('',#74210,#74220,#74230);
#74250=PLANE('',#74240);
#74260=CARTESIAN_POINT('',(-1.01903738392281,0.249999999999999,
2.90506603985589));
#74270=DIRECTION('',(0.,0.,-1.));
#74280=VECTOR('',#74270,1.);
#74290=LINE('',#74260,#74280);
#74300=CARTESIAN_POINT('',(-1.01903738392281,0.249999999999999,
2.75506603985589));
#74310=VERTEX_POINT('',#74300);
#74320=EDGE_CURVE('',#15920,#74310,#74290,.T.);
#74330=ORIENTED_EDGE('',*,*,#74320,.F.);
#74340=CARTESIAN_POINT('',(0.860962616077189,0.249999999999999,
2.75506603985589));
#74350=DIRECTION('',(-1.,0.,-0.));
#74360=VECTOR('',#74350,1.);
#74370=LINE('',#74340,#74360);
#74380=EDGE_CURVE('',#3340,#74310,#74370,.T.);
#74390=ORIENTED_EDGE('',*,*,#74380,.T.);
#74400=ORIENTED_EDGE('',*,*,#3350,.F.);
#74410=ORIENTED_EDGE('',*,*,#15990,.T.);
#74420=EDGE_LOOP('',(#74410,#74400,#74390,#74330));
#74430=FACE_OUTER_BOUND('',#74420,.T.);
#74440=ADVANCED_FACE('',(#74430),#74250,.T.);
#74450=CARTESIAN_POINT('',(-1.01903738392281,0.099999999999999,
2.90883703985589));
#74460=DIRECTION('',(0.,0.,-1.));
#74470=DIRECTION('',(-1.,0.,-0.));
#74480=AXIS2_PLACEMENT_3D('',#74450,#74460,#74470);
#74490=CYLINDRICAL_SURFACE('',#74480,0.150000000000001);
#74500=ORIENTED_EDGE('',*,*,#15930,.F.);
#74510=CARTESIAN_POINT('',(-1.15139032509928,0.170588235294116,
2.90506603985589));
#74520=DIRECTION('',(0.,0.,-1.));
#74530=VECTOR('',#74520,1.);
#74540=LINE('',#74510,#74530);
#74550=CARTESIAN_POINT('',(-1.15139032509928,0.170588235294116,
2.75506603985589));
#74560=VERTEX_POINT('',#74550);
#74570=EDGE_CURVE('',#15830,#74560,#74540,.T.);
#74580=ORIENTED_EDGE('',*,*,#74570,.F.);
#74590=CARTESIAN_POINT('',(-1.01903738392281,0.099999999999999,
2.75506603985589));
#74600=DIRECTION('',(-0.,-0.,1.));
#74610=DIRECTION('',(-1.,0.,0.));
#74620=AXIS2_PLACEMENT_3D('',#74590,#74600,#74610);
#74630=CIRCLE('',#74620,0.150000000000001);
#74640=EDGE_CURVE('',#74310,#74560,#74630,.T.);
#74650=ORIENTED_EDGE('',*,*,#74640,.T.);
#74660=ORIENTED_EDGE('',*,*,#74320,.T.);
#74670=EDGE_LOOP('',(#74660,#74650,#74580,#74500));
#74680=FACE_OUTER_BOUND('',#74670,.T.);
#74690=ADVANCED_FACE('',(#74680),#74490,.T.);
#74700=CARTESIAN_POINT('',(-1.21903738392281,0.149999999999996,
2.90887903985588));
#74710=DIRECTION('',(0.,0.,-1.));
#74720=DIRECTION('',(-1.,0.,-0.));
#74730=AXIS2_PLACEMENT_3D('',#74700,#74710,#74720);
#74740=CYLINDRICAL_SURFACE('',#74730,0.0499999999999966);
#74750=CARTESIAN_POINT('',(-1.21903738392281,0.149999999999996,
2.75506603985589));
#74760=DIRECTION('',(-0.,-0.,1.));
#74770=DIRECTION('',(-1.,0.,-0.));
#74780=AXIS2_PLACEMENT_3D('',#74750,#74760,#74770);
#74790=CIRCLE('',#74780,0.0499999999999966);
#74800=CARTESIAN_POINT('',(-1.21903738392281,0.099999999999999,
2.75506603985589));
#74810=VERTEX_POINT('',#74800);
#74820=CARTESIAN_POINT('',(-1.17491973686399,0.126470588235293,
2.75506603985589));
#74830=VERTEX_POINT('',#74820);
#74840=EDGE_CURVE('',#74810,#74830,#74790,.T.);
#74850=ORIENTED_EDGE('',*,*,#74840,.F.);
#74860=CARTESIAN_POINT('',(-1.17491973686399,0.126470588235293,
2.90506603985589));
#74870=DIRECTION('',(0.,0.,-1.));
#74880=VECTOR('',#74870,1.);
#74890=LINE('',#74860,#74880);
#74900=EDGE_CURVE('',#15750,#74830,#74890,.T.);
#74910=ORIENTED_EDGE('',*,*,#74900,.T.);
#74920=ORIENTED_EDGE('',*,*,#15760,.T.);
#74930=CARTESIAN_POINT('',(-1.21903738392281,0.099999999999999,
2.90506603985589));
#74940=DIRECTION('',(0.,0.,-1.));
#74950=VECTOR('',#74940,1.);
#74960=LINE('',#74930,#74950);
#74970=EDGE_CURVE('',#15660,#74810,#74960,.T.);
#74980=ORIENTED_EDGE('',*,*,#74970,.F.);
#74990=EDGE_LOOP('',(#74980,#74920,#74910,#74850));
#75000=FACE_OUTER_BOUND('',#74990,.T.);
#75010=ADVANCED_FACE('',(#75000),#74740,.F.);
#75020=CARTESIAN_POINT('',(-1.17550945451105,0.125364867647058,
2.90881918985589));
#75030=DIRECTION('',(-0.882352941176461,0.470588235294136,0.));
#75040=DIRECTION('',(0.470588235294136,0.882352941176461,0.));
#75050=AXIS2_PLACEMENT_3D('',#75020,#75030,#75040);
#75060=PLANE('',#75050);
#75070=ORIENTED_EDGE('',*,*,#74900,.F.);
#75080=CARTESIAN_POINT('',(-0.895704050589468,0.649999999999997,
2.75506603985589));
#75090=DIRECTION('',(-0.470588235294136,-0.882352941176461,0.));
#75100=VECTOR('',#75090,1.);
#75110=LINE('',#75080,#75100);
#75120=EDGE_CURVE('',#74560,#74830,#75110,.T.);
#75130=ORIENTED_EDGE('',*,*,#75120,.T.);
#75140=ORIENTED_EDGE('',*,*,#74570,.T.);
#75150=ORIENTED_EDGE('',*,*,#15840,.T.);
#75160=EDGE_LOOP('',(#75150,#75140,#75130,#75070));
#75170=FACE_OUTER_BOUND('',#75160,.T.);
#75180=ADVANCED_FACE('',(#75170),#75060,.T.);
#75190=CARTESIAN_POINT('',(-0.905034233922811,-0.00625315000000093,
2.75506603985589));
#75200=DIRECTION('',(0.,0.,-1.));
#75210=DIRECTION('',(-1.,0.,-0.));
#75220=AXIS2_PLACEMENT_3D('',#75190,#75200,#75210);
#75230=PLANE('',#75220);
#75240=ORIENTED_EDGE('',*,*,#74380,.F.);
#75250=ORIENTED_EDGE('',*,*,#74640,.F.);
#75260=ORIENTED_EDGE('',*,*,#75120,.F.);
#75270=ORIENTED_EDGE('',*,*,#74840,.T.);
#75280=CARTESIAN_POINT('',(0.860962616077189,0.099999999999999,
2.75506603985589));
#75290=DIRECTION('',(-1.,0.,-0.));
#75300=VECTOR('',#75290,1.);
#75310=LINE('',#75280,#75300);
#75320=CARTESIAN_POINT('',(-1.47903738392281,0.099999999999999,
2.75506603985589));
#75330=VERTEX_POINT('',#75320);
#75340=EDGE_CURVE('',#74810,#75330,#75310,.T.);
#75350=ORIENTED_EDGE('',*,*,#75340,.F.);
#75360=CARTESIAN_POINT('',(-1.47903738392282,0.649999999999997,
2.75506603985589));
#75370=DIRECTION('',(-0.,-1.,-0.));
#75380=VECTOR('',#75370,1.);
#75390=LINE('',#75360,#75380);
#75400=EDGE_CURVE('',#75330,#74090,#75390,.T.);
#75410=ORIENTED_EDGE('',*,*,#75400,.F.);
#75420=ORIENTED_EDGE('',*,*,#74100,.F.);
#75430=CARTESIAN_POINT('',(-1.21903738392281,0.149999999999999,
2.75506603985589));
#75440=DIRECTION('',(-0.,-0.,1.));
#75450=DIRECTION('',(-1.,0.,0.));
#75460=AXIS2_PLACEMENT_3D('',#75430,#75440,#75450);
#75470=CIRCLE('',#75460,0.149999999999999);
#75480=EDGE_CURVE('',#74010,#16230,#75470,.T.);
#75490=ORIENTED_EDGE('',*,*,#75480,.F.);
#75500=ORIENTED_EDGE('',*,*,#16240,.F.);
#75510=ORIENTED_EDGE('',*,*,#73770,.T.);
#75520=CARTESIAN_POINT('',(0.860962616077189,0.15,2.75506603985589));
#75530=DIRECTION('',(1.,0.,-0.));
#75540=VECTOR('',#75530,1.);
#75550=LINE('',#75520,#75540);
#75560=EDGE_CURVE('',#73760,#3420,#75550,.T.);
#75570=ORIENTED_EDGE('',*,*,#75560,.F.);
#75580=ORIENTED_EDGE('',*,*,#3430,.T.);
#75590=EDGE_LOOP('',(#75580,#75570,#75510,#75500,#75490,#75420,#75410,
#75350,#75270,#75260,#75250,#75240));
#75600=FACE_OUTER_BOUND('',#75590,.T.);
#75610=ADVANCED_FACE('',(#75600),#75230,.T.);
#75620=CARTESIAN_POINT('',(-1.48554053392281,0.099999999999999,
2.90881918985589));
#75630=DIRECTION('',(0.,1.,0.));
#75640=DIRECTION('',(1.,-0.,0.));
#75650=AXIS2_PLACEMENT_3D('',#75620,#75630,#75640);
#75660=PLANE('',#75650);
#75670=CARTESIAN_POINT('',(-1.47903738392282,0.099999999999999,
-3.32993396014411));
#75680=DIRECTION('',(0.,0.,1.));
#75690=VECTOR('',#75680,1.);
#75700=LINE('',#75670,#75690);
#75710=EDGE_CURVE('',#75330,#15580,#75700,.T.);
#75720=ORIENTED_EDGE('',*,*,#75710,.T.);
#75730=ORIENTED_EDGE('',*,*,#75340,.T.);
#75740=ORIENTED_EDGE('',*,*,#74970,.T.);
#75750=ORIENTED_EDGE('',*,*,#15670,.T.);
#75760=EDGE_LOOP('',(#75750,#75740,#75730,#75720));
#75770=FACE_OUTER_BOUND('',#75760,.T.);
#75780=ADVANCED_FACE('',(#75770),#75660,.T.);
#75790=CARTESIAN_POINT('',(-1.47903738392282,-0.00250315000000101,
2.90881918985589));
#75800=DIRECTION('',(-1.,0.,0.));
#75810=DIRECTION('',(0.,1.,0.));
#75820=AXIS2_PLACEMENT_3D('',#75790,#75800,#75810);
#75830=PLANE('',#75820);
#75840=ORIENTED_EDGE('',*,*,#75710,.F.);
#75850=ORIENTED_EDGE('',*,*,#15590,.T.);
#75860=ORIENTED_EDGE('',*,*,#74160,.F.);
#75870=ORIENTED_EDGE('',*,*,#75400,.T.);
#75880=EDGE_LOOP('',(#75870,#75860,#75850,#75840));
#75890=FACE_OUTER_BOUND('',#75880,.T.);
#75900=ADVANCED_FACE('',(#75890),#75830,.T.);
#75910=CARTESIAN_POINT('',(-1.21903738392281,0.149999999999999,
2.90883703985588));
#75920=DIRECTION('',(0.,0.,-1.));
#75930=DIRECTION('',(-1.,0.,-0.));
#75940=AXIS2_PLACEMENT_3D('',#75910,#75920,#75930);
#75950=CYLINDRICAL_SURFACE('',#75940,0.149999999999999);
#75960=ORIENTED_EDGE('',*,*,#15430,.F.);
#75970=ORIENTED_EDGE('',*,*,#16300,.F.);
#75980=ORIENTED_EDGE('',*,*,#75480,.T.);
#75990=ORIENTED_EDGE('',*,*,#74020,.T.);
#76000=EDGE_LOOP('',(#75990,#75980,#75970,#75960));
#76010=FACE_OUTER_BOUND('',#76000,.T.);
#76020=ADVANCED_FACE('',(#76010),#75950,.T.);
#76030=CARTESIAN_POINT('',(-1.02154053392281,0.249999999999998,
3.30881918985588));
#76040=DIRECTION('',(0.,1.,0.));
#76050=DIRECTION('',(1.,-0.,0.));
#76060=AXIS2_PLACEMENT_3D('',#76030,#76040,#76050);
#76070=PLANE('',#76060);
#76080=ORIENTED_EDGE('',*,*,#14310,.F.);
#76090=ORIENTED_EDGE('',*,*,#14700,.T.);
#76100=ORIENTED_EDGE('',*,*,#3030,.F.);
#76110=ORIENTED_EDGE('',*,*,#12770,.T.);
#76120=EDGE_LOOP('',(#76110,#76100,#76090,#76080));
#76130=FACE_OUTER_BOUND('',#76120,.T.);
#76140=ADVANCED_FACE('',(#76130),#76070,.T.);
#76150=CARTESIAN_POINT('',(-1.01903738392281,0.0999999999999984,
3.30887903985588));
#76160=DIRECTION('',(0.,0.,-1.));
#76170=DIRECTION('',(-1.,0.,-0.));
#76180=AXIS2_PLACEMENT_3D('',#76150,#76160,#76170);
#76190=CYLINDRICAL_SURFACE('',#76180,0.0499999999999992);
#76200=ORIENTED_EDGE('',*,*,#14940,.F.);
#76210=CARTESIAN_POINT('',(-1.06315503098164,0.123529411764704,
3.30506603985588));
#76220=DIRECTION('',(0.,0.,-1.));
#76230=VECTOR('',#76220,1.);
#76240=LINE('',#76210,#76230);
#76250=EDGE_CURVE('',#12030,#14840,#76240,.T.);
#76260=ORIENTED_EDGE('',*,*,#76250,.T.);
#76270=ORIENTED_EDGE('',*,*,#12040,.T.);
#76280=CARTESIAN_POINT('',(-1.01903738392281,0.149999999999998,
3.30506603985588));
#76290=DIRECTION('',(0.,0.,-1.));
#76300=VECTOR('',#76290,1.);
#76310=LINE('',#76280,#76300);
#76320=EDGE_CURVE('',#11940,#14930,#76310,.T.);
#76330=ORIENTED_EDGE('',*,*,#76320,.F.);
#76340=EDGE_LOOP('',(#76330,#76270,#76260,#76200));
#76350=FACE_OUTER_BOUND('',#76340,.T.);
#76360=ADVANCED_FACE('',(#76350),#76190,.F.);
#76370=CARTESIAN_POINT('',(-1.06256531333458,0.124635132352939,
3.30881918985588));
#76380=DIRECTION('',(0.882352941176467,-0.470588235294125,0.));
#76390=DIRECTION('',(-0.470588235294125,-0.882352941176467,0.));
#76400=AXIS2_PLACEMENT_3D('',#76370,#76380,#76390);
#76410=PLANE('',#76400);
#76420=ORIENTED_EDGE('',*,*,#76250,.F.);
#76430=ORIENTED_EDGE('',*,*,#14850,.T.);
#76440=ORIENTED_EDGE('',*,*,#14480,.T.);
#76450=ORIENTED_EDGE('',*,*,#12120,.T.);
#76460=EDGE_LOOP('',(#76450,#76440,#76430,#76420));
#76470=FACE_OUTER_BOUND('',#76460,.T.);
#76480=ADVANCED_FACE('',(#76470),#76410,.T.);
#76490=CARTESIAN_POINT('',(-1.21253423392281,-9.99200722162641E-16,
3.70881918985588));
#76500=DIRECTION('',(0.,-1.,0.));
#76510=DIRECTION('',(-1.,-0.,0.));
#76520=AXIS2_PLACEMENT_3D('',#76490,#76500,#76510);
#76530=PLANE('',#76520);
#76540=ORIENTED_EDGE('',*,*,#11230,.T.);
#76550=CARTESIAN_POINT('',(-1.21903738392281,-1.99840144432528E-15,
3.70506603985589));
#76560=DIRECTION('',(0.,0.,-1.));
#76570=VECTOR('',#76560,1.);
#76580=LINE('',#76550,#76570);
#76590=EDGE_CURVE('',#11140,#9900,#76580,.T.);
#76600=ORIENTED_EDGE('',*,*,#76590,.F.);
#76610=ORIENTED_EDGE('',*,*,#9910,.T.);
#76620=CARTESIAN_POINT('',(-1.47903738392282,-9.99200722162641E-16,
-3.32993396014411));
#76630=DIRECTION('',(-0.,0.,-1.));
#76640=VECTOR('',#76630,1.);
#76650=LINE('',#76620,#76640);
#76660=EDGE_CURVE('',#11220,#9820,#76650,.T.);
#76670=ORIENTED_EDGE('',*,*,#76660,.T.);
#76680=EDGE_LOOP('',(#76670,#76610,#76600,#76540));
#76690=FACE_OUTER_BOUND('',#76680,.T.);
#76700=ADVANCED_FACE('',(#76690),#76530,.T.);
#76710=CARTESIAN_POINT('',(-1.21903738392281,0.149999999999993,
3.70883703985589));
#76720=DIRECTION('',(0.,0.,-1.));
#76730=DIRECTION('',(-1.,0.,-0.));
#76740=AXIS2_PLACEMENT_3D('',#76710,#76720,#76730);
#76750=CYLINDRICAL_SURFACE('',#76740,0.149999999999995);
#76760=ORIENTED_EDGE('',*,*,#11150,.F.);
#76770=CARTESIAN_POINT('',(-1.08668444274634,0.0794117647058801,
3.70506603985589));
#76780=DIRECTION('',(0.,0.,-1.));
#76790=VECTOR('',#76780,1.);
#76800=LINE('',#76770,#76790);
#76810=EDGE_CURVE('',#11050,#9990,#76800,.T.);
#76820=ORIENTED_EDGE('',*,*,#76810,.F.);
#76830=ORIENTED_EDGE('',*,*,#10000,.T.);
#76840=ORIENTED_EDGE('',*,*,#76590,.T.);
#76850=EDGE_LOOP('',(#76840,#76830,#76820,#76760));
#76860=FACE_OUTER_BOUND('',#76850,.T.);
#76870=ADVANCED_FACE('',(#76860),#76750,.T.);
#76880=CARTESIAN_POINT('',(-1.06256531333458,0.124635132352939,
3.70881918985588));
#76890=DIRECTION('',(0.882352941176467,-0.470588235294125,0.));
#76900=DIRECTION('',(-0.470588235294125,-0.882352941176467,0.));
#76910=AXIS2_PLACEMENT_3D('',#76880,#76890,#76900);
#76920=PLANE('',#76910);
#76930=ORIENTED_EDGE('',*,*,#11720,.F.);
#76940=ORIENTED_EDGE('',*,*,#10080,.T.);
#76950=ORIENTED_EDGE('',*,*,#76810,.T.);
#76960=ORIENTED_EDGE('',*,*,#11060,.T.);
#76970=EDGE_LOOP('',(#76960,#76950,#76940,#76930));
#76980=FACE_OUTER_BOUND('',#76970,.T.);
#76990=ADVANCED_FACE('',(#76980),#76920,.T.);
#77000=CARTESIAN_POINT('',(-1.48554053392281,0.099999999999998,
3.70881918985588));
#77010=DIRECTION('',(0.,1.,0.));
#77020=DIRECTION('',(1.,-0.,0.));
#77030=AXIS2_PLACEMENT_3D('',#77000,#77010,#77020);
#77040=PLANE('',#77030);
#77050=CARTESIAN_POINT('',(-1.47903738392282,0.099999999999998,
-3.32993396014411));
#77060=DIRECTION('',(0.,0.,1.));
#77070=VECTOR('',#77060,1.);
#77080=LINE('',#77050,#77070);
#77090=EDGE_CURVE('',#9740,#11300,#77080,.T.);
#77100=ORIENTED_EDGE('',*,*,#77090,.T.);
#77110=ORIENTED_EDGE('',*,*,#9750,.T.);
#77120=CARTESIAN_POINT('',(-1.21903738392281,0.099999999999998,
3.70506603985589));
#77130=DIRECTION('',(0.,0.,-1.));
#77140=VECTOR('',#77130,1.);
#77150=LINE('',#77120,#77140);
#77160=EDGE_CURVE('',#11380,#9660,#77150,.T.);
#77170=ORIENTED_EDGE('',*,*,#77160,.T.);
#77180=ORIENTED_EDGE('',*,*,#11390,.T.);
#77190=EDGE_LOOP('',(#77180,#77170,#77110,#77100));
#77200=FACE_OUTER_BOUND('',#77190,.T.);
#77210=ADVANCED_FACE('',(#77200),#77040,.T.);
#77220=CARTESIAN_POINT('',(-1.21903738392281,0.149999999999992,
3.70887903985589));
#77230=DIRECTION('',(0.,0.,-1.));
#77240=DIRECTION('',(-1.,0.,-0.));
#77250=AXIS2_PLACEMENT_3D('',#77220,#77230,#77240);
#77260=CYLINDRICAL_SURFACE('',#77250,0.0499999999999942);
#77270=ORIENTED_EDGE('',*,*,#9670,.F.);
#77280=CARTESIAN_POINT('',(-1.17491973686399,0.126470588235292,
3.70506603985589));
#77290=DIRECTION('',(0.,0.,-1.));
#77300=VECTOR('',#77290,1.);
#77310=LINE('',#77280,#77300);
#77320=EDGE_CURVE('',#11470,#9570,#77310,.T.);
#77330=ORIENTED_EDGE('',*,*,#77320,.T.);
#77340=ORIENTED_EDGE('',*,*,#11480,.T.);
#77350=ORIENTED_EDGE('',*,*,#77160,.F.);
#77360=EDGE_LOOP('',(#77350,#77340,#77330,#77270));
#77370=FACE_OUTER_BOUND('',#77360,.T.);
#77380=ADVANCED_FACE('',(#77370),#77260,.F.);
#77390=CARTESIAN_POINT('',(-1.17550945451105,0.125364867647057,
3.70881918985588));
#77400=DIRECTION('',(-0.882352941176465,0.470588235294128,0.));
#77410=DIRECTION('',(0.470588235294128,0.882352941176465,0.));
#77420=AXIS2_PLACEMENT_3D('',#77390,#77400,#77410);
#77430=PLANE('',#77420);
#77440=ORIENTED_EDGE('',*,*,#77320,.F.);
#77450=ORIENTED_EDGE('',*,*,#9580,.T.);
#77460=ORIENTED_EDGE('',*,*,#10710,.T.);
#77470=ORIENTED_EDGE('',*,*,#11540,.T.);
#77480=EDGE_LOOP('',(#77470,#77460,#77450,#77440));
#77490=FACE_OUTER_BOUND('',#77480,.T.);
#77500=ADVANCED_FACE('',(#77490),#77430,.T.);
#77510=CARTESIAN_POINT('',(-1.47903738392282,-0.00250315000000101,
3.70881918985588));
#77520=DIRECTION('',(-1.,0.,0.));
#77530=DIRECTION('',(0.,1.,0.));
#77540=AXIS2_PLACEMENT_3D('',#77510,#77520,#77530);
#77550=PLANE('',#77540);
#77560=ORIENTED_EDGE('',*,*,#77090,.F.);
#77570=ORIENTED_EDGE('',*,*,#11310,.T.);
#77580=ORIENTED_EDGE('',*,*,#76660,.F.);
#77590=ORIENTED_EDGE('',*,*,#9830,.T.);
#77600=EDGE_LOOP('',(#77590,#77580,#77570,#77560));
#77610=FACE_OUTER_BOUND('',#77600,.T.);
#77620=ADVANCED_FACE('',(#77610),#77550,.T.);
#77630=CARTESIAN_POINT('',(-1.49304053392282,-0.00625315000000093,
1.70506603985589));
#77640=DIRECTION('',(0.,0.,1.));
#77650=DIRECTION('',(1.,0.,-0.));
#77660=AXIS2_PLACEMENT_3D('',#77630,#77640,#77650);
#77670=PLANE('',#77660);
#77680=CARTESIAN_POINT('',(0.860962616077189,0.15,1.70506603985589));
#77690=DIRECTION('',(-1.,-0.,-0.));
#77700=VECTOR('',#77690,1.);
#77710=LINE('',#77680,#77700);
#77720=EDGE_CURVE('',#4140,#19100,#77710,.T.);
#77730=ORIENTED_EDGE('',*,*,#77720,.F.);
#77740=ORIENTED_EDGE('',*,*,#19110,.F.);
#77750=ORIENTED_EDGE('',*,*,#19390,.F.);
#77760=ORIENTED_EDGE('',*,*,#18590,.T.);
#77770=ORIENTED_EDGE('',*,*,#18200,.F.);
#77780=CARTESIAN_POINT('',(-1.47903738392282,0.649999999999997,
1.70506603985589));
#77790=DIRECTION('',(0.,1.,-0.));
#77800=VECTOR('',#77790,1.);
#77810=LINE('',#77780,#77800);
#77820=CARTESIAN_POINT('',(-1.47903738392281,0.099999999999999,
1.70506603985589));
#77830=VERTEX_POINT('',#77820);
#77840=EDGE_CURVE('',#18190,#77830,#77810,.T.);
#77850=ORIENTED_EDGE('',*,*,#77840,.F.);
#77860=CARTESIAN_POINT('',(0.860962616077189,0.099999999999999,
1.70506603985589));
#77870=DIRECTION('',(1.,-0.,-0.));
#77880=VECTOR('',#77870,1.);
#77890=LINE('',#77860,#77880);
#77900=CARTESIAN_POINT('',(-1.21903738392281,0.099999999999999,
1.70506603985589));
#77910=VERTEX_POINT('',#77900);
#77920=EDGE_CURVE('',#77830,#77910,#77890,.T.);
#77930=ORIENTED_EDGE('',*,*,#77920,.F.);
#77940=CARTESIAN_POINT('',(-1.21903738392281,0.149999999999996,
1.70506603985589));
#77950=DIRECTION('',(-0.,-0.,1.));
#77960=DIRECTION('',(-1.,0.,-0.));
#77970=AXIS2_PLACEMENT_3D('',#77940,#77950,#77960);
#77980=CIRCLE('',#77970,0.0499999999999966);
#77990=CARTESIAN_POINT('',(-1.17491973686399,0.126470588235293,
1.70506603985589));
#78000=VERTEX_POINT('',#77990);
#78010=EDGE_CURVE('',#77910,#78000,#77980,.T.);
#78020=ORIENTED_EDGE('',*,*,#78010,.F.);
#78030=CARTESIAN_POINT('',(-0.895704050589468,0.649999999999997,
1.70506603985589));
#78040=DIRECTION('',(0.470588235294136,0.882352941176461,-0.));
#78050=VECTOR('',#78040,1.);
#78060=LINE('',#78030,#78050);
#78070=EDGE_CURVE('',#78000,#20460,#78060,.T.);
#78080=ORIENTED_EDGE('',*,*,#78070,.F.);
#78090=ORIENTED_EDGE('',*,*,#20470,.T.);
#78100=ORIENTED_EDGE('',*,*,#20300,.F.);
#78110=ORIENTED_EDGE('',*,*,#4230,.T.);
#78120=EDGE_LOOP('',(#78110,#78100,#78090,#78080,#78020,#77930,#77850,
#77770,#77760,#77750,#77740,#77730));
#78130=FACE_OUTER_BOUND('',#78120,.T.);
#78140=ADVANCED_FACE('',(#78130),#77670,.T.);
#78150=CARTESIAN_POINT('',(-1.21903738392281,0.149999999999996,
1.70887903985589));
#78160=DIRECTION('',(0.,0.,-1.));
#78170=DIRECTION('',(-1.,0.,-0.));
#78180=AXIS2_PLACEMENT_3D('',#78150,#78160,#78170);
#78190=CYLINDRICAL_SURFACE('',#78180,0.0499999999999966);
#78200=ORIENTED_EDGE('',*,*,#19810,.F.);
#78210=CARTESIAN_POINT('',(-1.17491973686399,0.126470588235293,
1.70506603985589));
#78220=DIRECTION('',(0.,0.,-1.));
#78230=VECTOR('',#78220,1.);
#78240=LINE('',#78210,#78230);
#78250=EDGE_CURVE('',#78000,#19710,#78240,.T.);
#78260=ORIENTED_EDGE('',*,*,#78250,.T.);
#78270=ORIENTED_EDGE('',*,*,#78010,.T.);
#78280=CARTESIAN_POINT('',(-1.21903738392281,0.099999999999999,
1.70506603985589));
#78290=DIRECTION('',(0.,0.,-1.));
#78300=VECTOR('',#78290,1.);
#78310=LINE('',#78280,#78300);
#78320=EDGE_CURVE('',#77910,#19800,#78310,.T.);
#78330=ORIENTED_EDGE('',*,*,#78320,.F.);
#78340=EDGE_LOOP('',(#78330,#78270,#78260,#78200));
#78350=FACE_OUTER_BOUND('',#78340,.T.);
#78360=ADVANCED_FACE('',(#78350),#78190,.F.);
#78370=CARTESIAN_POINT('',(-1.48554053392281,0.099999999999999,
1.70881918985588));
#78380=DIRECTION('',(0.,1.,0.));
#78390=DIRECTION('',(1.,-0.,0.));
#78400=AXIS2_PLACEMENT_3D('',#78370,#78380,#78390);
#78410=PLANE('',#78400);
#78420=CARTESIAN_POINT('',(-1.47903738392282,0.099999999999999,
-3.32993396014411));
#78430=DIRECTION('',(0.,0.,1.));
#78440=VECTOR('',#78430,1.);
#78450=LINE('',#78420,#78440);
#78460=EDGE_CURVE('',#19880,#77830,#78450,.T.);
#78470=ORIENTED_EDGE('',*,*,#78460,.T.);
#78480=ORIENTED_EDGE('',*,*,#19890,.T.);
#78490=ORIENTED_EDGE('',*,*,#78320,.T.);
#78500=ORIENTED_EDGE('',*,*,#77920,.T.);
#78510=EDGE_LOOP('',(#78500,#78490,#78480,#78470));
#78520=FACE_OUTER_BOUND('',#78510,.T.);
#78530=ADVANCED_FACE('',(#78520),#78410,.T.);
#78540=CARTESIAN_POINT('',(-1.47903738392282,-0.00250315000000101,
1.70881918985588));
#78550=DIRECTION('',(-1.,0.,0.));
#78560=DIRECTION('',(0.,1.,0.));
#78570=AXIS2_PLACEMENT_3D('',#78540,#78550,#78560);
#78580=PLANE('',#78570);
#78590=ORIENTED_EDGE('',*,*,#78460,.F.);
#78600=ORIENTED_EDGE('',*,*,#77840,.T.);
#78610=ORIENTED_EDGE('',*,*,#18420,.F.);
#78620=ORIENTED_EDGE('',*,*,#19950,.T.);
#78630=EDGE_LOOP('',(#78620,#78610,#78600,#78590));
#78640=FACE_OUTER_BOUND('',#78630,.T.);
#78650=ADVANCED_FACE('',(#78640),#78580,.T.);
#78660=CARTESIAN_POINT('',(-1.17550945451105,0.125364867647058,
1.70881918985588));
#78670=DIRECTION('',(-0.882352941176461,0.470588235294136,0.));
#78680=DIRECTION('',(0.470588235294136,0.882352941176461,0.));
#78690=AXIS2_PLACEMENT_3D('',#78660,#78670,#78680);
#78700=PLANE('',#78690);
#78710=ORIENTED_EDGE('',*,*,#78250,.F.);
#78720=ORIENTED_EDGE('',*,*,#19720,.T.);
#78730=ORIENTED_EDGE('',*,*,#20530,.T.);
#78740=ORIENTED_EDGE('',*,*,#78070,.T.);
#78750=EDGE_LOOP('',(#78740,#78730,#78720,#78710));
#78760=FACE_OUTER_BOUND('',#78750,.T.);
#78770=ADVANCED_FACE('',(#78760),#78700,.T.);
#78780=CARTESIAN_POINT('',(1.50496576607719,-0.00625315000000093,
3.55506603985588));
#78790=DIRECTION('',(0.,0.,-1.));
#78800=DIRECTION('',(-1.,0.,-0.));
#78810=AXIS2_PLACEMENT_3D('',#78780,#78790,#78800);
#78820=PLANE('',#78810);
#78830=ORIENTED_EDGE('',*,*,#37720,.T.);
#78840=ORIENTED_EDGE('',*,*,#380,.F.);
#78850=ORIENTED_EDGE('',*,*,#1260,.T.);
#78860=ORIENTED_EDGE('',*,*,#960,.T.);
#78870=ORIENTED_EDGE('',*,*,#560,.T.);
#78880=ORIENTED_EDGE('',*,*,#1640,.T.);
#78890=CARTESIAN_POINT('',(0.860962616077189,0.099999999999999,
3.55506603985588));
#78900=DIRECTION('',(1.,-0.,0.));
#78910=VECTOR('',#78900,1.);
#78920=LINE('',#78890,#78910);
#78930=EDGE_CURVE('',#1810,#1570,#78920,.T.);
#78940=ORIENTED_EDGE('',*,*,#78930,.T.);
#78950=ORIENTED_EDGE('',*,*,#2060,.F.);
#78960=ORIENTED_EDGE('',*,*,#2300,.T.);
#78970=CARTESIAN_POINT('',(1.03096261607719,0.0999999999999989,
3.55506603985588));
#78980=DIRECTION('',(0.,0.,-1.));
#78990=DIRECTION('',(-1.,0.,0.));
#79000=AXIS2_PLACEMENT_3D('',#78970,#78980,#78990);
#79010=CIRCLE('',#79000,0.150000000000001);
#79020=EDGE_CURVE('',#2540,#2230,#79010,.T.);
#79030=ORIENTED_EDGE('',*,*,#79020,.T.);
#79040=ORIENTED_EDGE('',*,*,#2550,.T.);
#79050=ORIENTED_EDGE('',*,*,#37190,.F.);
#79060=EDGE_LOOP('',(#79050,#79040,#79030,#78960,#78950,#78940,#78880,
#78870,#78860,#78850,#78840,#78830));
#79070=FACE_OUTER_BOUND('',#79060,.T.);
#79080=ADVANCED_FACE('',(#79070),#78820,.T.);
#79090=CARTESIAN_POINT('',(-0.394037383922812,0.934996849999996,
3.80344128287914));
#79100=DIRECTION('',(-1.,0.,0.));
#79110=DIRECTION('',(0.,1.,0.));
#79120=AXIS2_PLACEMENT_3D('',#79090,#79100,#79110);
#79130=PLANE('',#79120);
#79140=CARTESIAN_POINT('',(-0.394037383922812,0.649999999999997,
3.80006603985589));
#79150=DIRECTION('',(-0.,1.,0.));
#79160=VECTOR('',#79150,1.);
#79170=LINE('',#79140,#79160);
#79180=CARTESIAN_POINT('',(-0.394037383922811,0.939999999999996,
3.80006603985589));
#79190=VERTEX_POINT('',#79180);
#79200=EDGE_CURVE('',#79190,#64560,#79170,.T.);
#79210=ORIENTED_EDGE('',*,*,#79200,.T.);
#79220=CARTESIAN_POINT('',(-0.394037383922812,0.939999999999996,
-3.32993396014411));
#79230=DIRECTION('',(0.,0.,-1.));
#79240=VECTOR('',#79230,1.);
#79250=LINE('',#79220,#79240);
#79260=CARTESIAN_POINT('',(-0.394037383922811,0.939999999999996,
3.66518231892566));
#79270=VERTEX_POINT('',#79260);
#79280=EDGE_CURVE('',#79190,#79270,#79250,.T.);
#79290=ORIENTED_EDGE('',*,*,#79280,.F.);
#79300=CARTESIAN_POINT('',(-0.394037383922812,0.649999999999997,
3.61460092357682));
#79310=DIRECTION('',(-0.,0.985127563031391,0.171824574947336));
#79320=VECTOR('',#79310,1.);
#79330=LINE('',#79300,#79320);
#79340=EDGE_CURVE('',#79270,#64640,#79330,.T.);
#79350=ORIENTED_EDGE('',*,*,#79340,.F.);
#79360=ORIENTED_EDGE('',*,*,#64650,.T.);
#79370=EDGE_LOOP('',(#79360,#79350,#79290,#79210));
#79380=FACE_OUTER_BOUND('',#79370,.T.);
#79390=ADVANCED_FACE('',(#79380),#79130,.T.);
#79400=CARTESIAN_POINT('',(-0.524290533922811,0.279999999999994,
3.67310645311368));
#79410=DIRECTION('',(0.,1.,0.));
#79420=DIRECTION('',(1.,-0.,0.));
#79430=AXIS2_PLACEMENT_3D('',#79400,#79410,#79420);
#79440=PLANE('',#79430);
#79450=CARTESIAN_POINT('',(-0.499037383922811,0.279999999999995,
-3.43949325848488));
#79460=DIRECTION('',(1.,0.,0.));
#79470=VECTOR('',#79460,1.);
#79480=LINE('',#79450,#79470);
#79490=CARTESIAN_POINT('',(-0.499037383922811,0.279999999999995,
-3.43949325848488));
#79500=VERTEX_POINT('',#79490);
#79510=CARTESIAN_POINT('',(0.510962616077189,0.279999999999999,
-3.43949325848488));
#79520=VERTEX_POINT('',#79510);
#79530=EDGE_CURVE('',#79500,#79520,#79480,.T.);
#79540=ORIENTED_EDGE('',*,*,#79530,.F.);
#79550=CARTESIAN_POINT('',(0.510962616077189,0.279999999999999,
3.49962533819664));
#79560=DIRECTION('',(0.,0.,-1.));
#79570=VECTOR('',#79560,1.);
#79580=LINE('',#79550,#79570);
#79590=CARTESIAN_POINT('',(0.510962616077189,0.279999999999999,
3.49962533819664));
#79600=VERTEX_POINT('',#79590);
#79610=EDGE_CURVE('',#79600,#79520,#79580,.T.);
#79620=ORIENTED_EDGE('',*,*,#79610,.T.);
#79630=CARTESIAN_POINT('',(0.510962616077189,0.279999999999999,
3.49962533819664));
#79640=DIRECTION('',(-1.,0.,0.));
#79650=VECTOR('',#79640,1.);
#79660=LINE('',#79630,#79650);
#79670=CARTESIAN_POINT('',(-0.499037383922811,0.279999999999995,
3.49962533819664));
#79680=VERTEX_POINT('',#79670);
#79690=EDGE_CURVE('',#79600,#79680,#79660,.T.);
#79700=ORIENTED_EDGE('',*,*,#79690,.F.);
#79710=CARTESIAN_POINT('',(-0.499037383922811,0.279999999999995,
3.49962533819664));
#79720=DIRECTION('',(0.,0.,-1.));
#79730=VECTOR('',#79720,1.);
#79740=LINE('',#79710,#79730);
#79750=EDGE_CURVE('',#79680,#79500,#79740,.T.);
#79760=ORIENTED_EDGE('',*,*,#79750,.F.);
#79770=EDGE_LOOP('',(#79760,#79700,#79620,#79540));
#79780=FACE_OUTER_BOUND('',#79770,.T.);
#79790=CARTESIAN_POINT('',(0.00596261607718873,0.279999999999997,
2.4200660398559));
#79800=DIRECTION('',(0.,-1.,0.));
#79810=DIRECTION('',(-1.,-0.,0.));
#79820=AXIS2_PLACEMENT_3D('',#79790,#79800,#79810);
#79830=CIRCLE('',#79820,0.369999999999991);
#79840=CARTESIAN_POINT('',(0.190962616077191,0.279999999999998,
2.74049543925613));
#79850=VERTEX_POINT('',#79840);
#79860=CARTESIAN_POINT('',(-0.179037383922812,0.279999999999996,
2.74049543925613));
#79870=VERTEX_POINT('',#79860);
#79880=EDGE_CURVE('',#79850,#79870,#79830,.T.);
#79890=ORIENTED_EDGE('',*,*,#79880,.T.);
#79900=CARTESIAN_POINT('',(0.140962616077181,0.279999999999997,
2.65389289887768));
#79910=DIRECTION('',(0.,-1.,0.));
#79920=DIRECTION('',(-1.,-0.,0.));
#79930=AXIS2_PLACEMENT_3D('',#79900,#79910,#79920);
#79940=CIRCLE('',#79930,0.100000000000009);
#79950=CARTESIAN_POINT('',(0.240962616077189,0.279999999999998,
2.65389289887769));
#79960=VERTEX_POINT('',#79950);
#79970=EDGE_CURVE('',#79960,#79850,#79940,.T.);
#79980=ORIENTED_EDGE('',*,*,#79970,.T.);
#79990=CARTESIAN_POINT('',(0.240962616077189,0.279999999999998,
1.39123918083409));
#80000=DIRECTION('',(0.,0.,1.));
#80010=VECTOR('',#80000,1.);
#80020=LINE('',#79990,#80010);
#80030=CARTESIAN_POINT('',(0.240962616077189,0.279999999999998,
1.39123918083409));
#80040=VERTEX_POINT('',#80030);
#80050=EDGE_CURVE('',#80040,#79960,#80020,.T.);
#80060=ORIENTED_EDGE('',*,*,#80050,.T.);
#80070=CARTESIAN_POINT('',(0.140962616077182,0.279999999999997,
1.39123918083409));
#80080=DIRECTION('',(0.,1.,0.));
#80090=DIRECTION('',(1.,-0.,0.));
#80100=AXIS2_PLACEMENT_3D('',#80070,#80080,#80090);
#80110=CIRCLE('',#80100,0.100000000000007);
#80120=CARTESIAN_POINT('',(0.190962616077191,0.279999999999997,
1.30463664045564));
#80130=VERTEX_POINT('',#80120);
#80140=EDGE_CURVE('',#80040,#80130,#80110,.T.);
#80150=ORIENTED_EDGE('',*,*,#80140,.F.);
#80160=CARTESIAN_POINT('',(0.00596261607718929,0.279999999999997,
1.62506603985589));
#80170=DIRECTION('',(0.,-1.,0.));
#80180=DIRECTION('',(-1.,-0.,0.));
#80190=AXIS2_PLACEMENT_3D('',#80160,#80170,#80180);
#80200=CIRCLE('',#80190,0.370000000000004);
#80210=CARTESIAN_POINT('',(-0.179037383922812,0.279999999999996,
1.30463664045564));
#80220=VERTEX_POINT('',#80210);
#80230=EDGE_CURVE('',#80220,#80130,#80200,.T.);
#80240=ORIENTED_EDGE('',*,*,#80230,.T.);
#80250=CARTESIAN_POINT('',(-0.129037383922805,0.279999999999996,
1.39123918083409));
#80260=DIRECTION('',(0.,-1.,0.));
#80270=DIRECTION('',(-1.,-0.,0.));
#80280=AXIS2_PLACEMENT_3D('',#80250,#80260,#80270);
#80290=CIRCLE('',#80280,0.100000000000006);
#80300=CARTESIAN_POINT('',(-0.229037383922811,0.279999999999996,
1.39123918083409));
#80310=VERTEX_POINT('',#80300);
#80320=EDGE_CURVE('',#80310,#80220,#80290,.T.);
#80330=ORIENTED_EDGE('',*,*,#80320,.T.);
#80340=CARTESIAN_POINT('',(-0.229037383922811,0.279999999999996,
2.65389289887769));
#80350=DIRECTION('',(0.,0.,-1.));
#80360=VECTOR('',#80350,1.);
#80370=LINE('',#80340,#80360);
#80380=CARTESIAN_POINT('',(-0.229037383922811,0.279999999999996,
2.65389289887769));
#80390=VERTEX_POINT('',#80380);
#80400=EDGE_CURVE('',#80390,#80310,#80370,.T.);
#80410=ORIENTED_EDGE('',*,*,#80400,.T.);
#80420=CARTESIAN_POINT('',(-0.129037383922805,0.279999999999996,
2.65389289887768));
#80430=DIRECTION('',(0.,1.,0.));
#80440=DIRECTION('',(1.,-0.,0.));
#80450=AXIS2_PLACEMENT_3D('',#80420,#80430,#80440);
#80460=CIRCLE('',#80450,0.100000000000005);
#80470=EDGE_CURVE('',#80390,#79870,#80460,.T.);
#80480=ORIENTED_EDGE('',*,*,#80470,.F.);
#80490=EDGE_LOOP('',(#80480,#80410,#80330,#80240,#80150,#80060,#79980,
#79890));
#80500=FACE_BOUND('',#80490,.T.);
#80510=CARTESIAN_POINT('',(0.140962616077191,0.279999999999997,
-2.59376081916592));
#80520=DIRECTION('',(0.,1.,0.));
#80530=DIRECTION('',(1.,-0.,0.));
#80540=AXIS2_PLACEMENT_3D('',#80510,#80520,#80530);
#80550=CIRCLE('',#80540,0.0999999999999982);
#80560=CARTESIAN_POINT('',(0.240962616077189,0.279999999999998,
-2.59376081916592));
#80570=VERTEX_POINT('',#80560);
#80580=CARTESIAN_POINT('',(0.19096261607719,0.279999999999998,
-2.68036335954436));
#80590=VERTEX_POINT('',#80580);
#80600=EDGE_CURVE('',#80570,#80590,#80550,.T.);
#80610=ORIENTED_EDGE('',*,*,#80600,.F.);
#80620=CARTESIAN_POINT('',(0.00596261607718895,0.279999999999997,
-2.35993396014412));
#80630=DIRECTION('',(0.,1.,0.));
#80640=DIRECTION('',(1.,-0.,0.));
#80650=AXIS2_PLACEMENT_3D('',#80620,#80630,#80640);
#80660=CIRCLE('',#80650,0.37);
#80670=CARTESIAN_POINT('',(-0.179037383922812,0.279999999999996,
-2.68036335954436));
#80680=VERTEX_POINT('',#80670);
#80690=EDGE_CURVE('',#80590,#80680,#80660,.T.);
#80700=ORIENTED_EDGE('',*,*,#80690,.F.);
#80710=CARTESIAN_POINT('',(-0.12903738392281,0.279999999999996,
-2.59376081916591));
#80720=DIRECTION('',(0.,-1.,0.));
#80730=DIRECTION('',(-1.,-0.,0.));
#80740=AXIS2_PLACEMENT_3D('',#80710,#80720,#80730);
#80750=CIRCLE('',#80740,0.100000000000002);
#80760=CARTESIAN_POINT('',(-0.229037383922811,0.279999999999996,
-2.59376081916592));
#80770=VERTEX_POINT('',#80760);
#80780=EDGE_CURVE('',#80770,#80680,#80750,.T.);
#80790=ORIENTED_EDGE('',*,*,#80780,.T.);
#80800=CARTESIAN_POINT('',(-0.229037383922811,0.279999999999996,
-2.59376081916592));
#80810=DIRECTION('',(0.,0.,1.));
#80820=VECTOR('',#80810,1.);
#80830=LINE('',#80800,#80820);
#80840=CARTESIAN_POINT('',(-0.229037383922811,0.279999999999996,
-1.33110710112232));
#80850=VERTEX_POINT('',#80840);
#80860=EDGE_CURVE('',#80770,#80850,#80830,.T.);
#80870=ORIENTED_EDGE('',*,*,#80860,.F.);
#80880=CARTESIAN_POINT('',(-0.129037383922812,0.279999999999996,
-1.33110710112231));
#80890=DIRECTION('',(0.,1.,0.));
#80900=DIRECTION('',(1.,-0.,0.));
#80910=AXIS2_PLACEMENT_3D('',#80880,#80890,#80900);
#80920=CIRCLE('',#80910,0.0999999999999991);
#80930=CARTESIAN_POINT('',(-0.179037383922812,0.279999999999996,
-1.24450456074387));
#80940=VERTEX_POINT('',#80930);
#80950=EDGE_CURVE('',#80850,#80940,#80920,.T.);
#80960=ORIENTED_EDGE('',*,*,#80950,.F.);
#80970=CARTESIAN_POINT('',(0.00596261607718895,0.279999999999997,
-1.56493396014411));
#80980=DIRECTION('',(0.,1.,0.));
#80990=DIRECTION('',(1.,-0.,0.));
#81000=AXIS2_PLACEMENT_3D('',#80970,#80980,#80990);
#81010=CIRCLE('',#81000,0.369999999999998);
#81020=CARTESIAN_POINT('',(0.19096261607719,0.279999999999998,
-1.24450456074387));
#81030=VERTEX_POINT('',#81020);
#81040=EDGE_CURVE('',#80940,#81030,#81010,.T.);
#81050=ORIENTED_EDGE('',*,*,#81040,.F.);
#81060=CARTESIAN_POINT('',(0.140962616077188,0.279999999999997,
-1.33110710112232));
#81070=DIRECTION('',(0.,-1.,0.));
#81080=DIRECTION('',(-1.,-0.,0.));
#81090=AXIS2_PLACEMENT_3D('',#81060,#81070,#81080);
#81100=CIRCLE('',#81090,0.100000000000001);
#81110=CARTESIAN_POINT('',(0.240962616077189,0.279999999999998,
-1.33110710112232));
#81120=VERTEX_POINT('',#81110);
#81130=EDGE_CURVE('',#81120,#81030,#81100,.T.);
#81140=ORIENTED_EDGE('',*,*,#81130,.T.);
#81150=CARTESIAN_POINT('',(0.240962616077189,0.279999999999998,
-1.33110710112232));
#81160=DIRECTION('',(0.,0.,-1.));
#81170=VECTOR('',#81160,1.);
#81180=LINE('',#81150,#81170);
#81190=EDGE_CURVE('',#81120,#80570,#81180,.T.);
#81200=ORIENTED_EDGE('',*,*,#81190,.F.);
#81210=EDGE_LOOP('',(#81200,#81140,#81050,#80960,#80870,#80790,#80700,
#80610));
#81220=FACE_BOUND('',#81210,.T.);
#81230=ADVANCED_FACE('',(#79780,#80500,#81220),#79440,.T.);
#81240=CARTESIAN_POINT('',(0.510962616077188,0.34,3.73710691194891));
#81250=DIRECTION('',(0.,0.,-1.));
#81260=DIRECTION('',(-1.,0.,-0.));
#81270=AXIS2_PLACEMENT_3D('',#81240,#81250,#81260);
#81280=CYLINDRICAL_SURFACE('',#81270,0.0600000000000013);
#81290=CARTESIAN_POINT('',(0.570962616077189,0.339999999999999,
3.56053115613495));
#81300=DIRECTION('',(0.,0.,-1.));
#81310=VECTOR('',#81300,1.);
#81320=LINE('',#81290,#81310);
#81330=CARTESIAN_POINT('',(0.570962616077189,0.339999999999999,
3.56053115613495));
#81340=VERTEX_POINT('',#81330);
#81350=CARTESIAN_POINT('',(0.570962616077189,0.339999999999999,
-3.50039907642318));
#81360=VERTEX_POINT('',#81350);
#81370=EDGE_CURVE('',#81340,#81360,#81320,.T.);
#81380=ORIENTED_EDGE('',*,*,#81370,.T.);
#81390=CARTESIAN_POINT('',(0.570070269859074,0.329690525503166,
3.55873299197853));
#81400=CARTESIAN_POINT('',(0.57021862452475,0.330541092253045,
3.55888134664421));
#81410=CARTESIAN_POINT('',(0.570348616566959,0.331394860910921,
3.55903025978221));
#81420=CARTESIAN_POINT('',(0.570571633697676,0.333107214552555,
3.55932892611505));
#81430=CARTESIAN_POINT('',(0.570664658562881,0.333965797820081,
3.55947867901055));
#81440=CARTESIAN_POINT('',(0.570813567923515,0.335686180811148,
3.55977874581132));
#81450=CARTESIAN_POINT('',(0.570869452269919,0.336547978811299,
3.559929059416));
#81460=CARTESIAN_POINT('',(0.570943976384035,0.33827318540457,
3.56022996754273));
#81470=CARTESIAN_POINT('',(0.570962616077189,0.339136592270004,
3.56038056176344));
#81480=CARTESIAN_POINT('',(0.570962616077189,0.339999999999999,
3.56053115613495));
#81490=B_SPLINE_CURVE_WITH_KNOTS('',3,(#81390,#81400,#81410,#81420,
#81430,#81440,#81450,#81460,#81470,#81480),.UNSPECIFIED.,.F.,.F.,(4,2,2,
2,4),(0.,0.249952299876653,0.499945385782695,0.749965828644095,1.),
.UNSPECIFIED.);
#81500=CARTESIAN_POINT('',(0.570070269859074,0.329690525503165,
3.55873299197853));
#81510=VERTEX_POINT('',#81500);
#81520=EDGE_CURVE('',#81510,#81340,#81490,.T.);
#81530=ORIENTED_EDGE('',*,*,#81520,.T.);
#81540=CARTESIAN_POINT('',(0.510962616077189,0.279999999999999,
3.49962533819664));
#81550=CARTESIAN_POINT('',(0.51426931639079,0.279999999999999,
3.50293203851025));
#81560=CARTESIAN_POINT('',(0.517764285987051,0.280289644271472,
3.50642700810651));
#81570=CARTESIAN_POINT('',(0.521209317322948,0.280881130457793,
3.5098720394424));
#81580=CARTESIAN_POINT('',(0.521581047061696,0.280946765147752,
3.51024376918115));
#81590=CARTESIAN_POINT('',(0.524926305384684,0.281553751695693,
3.51358902750414));
#81600=CARTESIAN_POINT('',(0.528310666334945,0.282470267736399,
3.5169733884544));
#81610=CARTESIAN_POINT('',(0.531420108872999,0.283595211852188,
3.52008283099246));
#81620=CARTESIAN_POINT('',(0.531604857531993,0.283662551721881,
3.52026757965145));
#81630=CARTESIAN_POINT('',(0.534820790822638,0.284843975268621,
3.52348351294209));
#81640=CARTESIAN_POINT('',(0.537997209985547,0.286330454792673,
3.526659932105));
#81650=CARTESIAN_POINT('',(0.540938598315078,0.288024570164057,
3.52960132043453));
#81660=CARTESIAN_POINT('',(0.541060562411911,0.288095099117701,
3.52972328453137));
#81670=CARTESIAN_POINT('',(0.544032794970884,0.289820982032149,
3.53269551709034));
#81680=CARTESIAN_POINT('',(0.546903493205827,0.291835921192165,
3.53556621532528));
#81690=CARTESIAN_POINT('',(0.549527593860916,0.294035384090917,
3.53819031598037));
#81700=CARTESIAN_POINT('',(0.549618152431106,0.294111514721277,
3.53828087455056));
#81710=CARTESIAN_POINT('',(0.552247975717587,0.296329080246803,
3.54091069783704));
#81720=CARTESIAN_POINT('',(0.554725149941632,0.29881194810665,
3.54338787206109));
#81730=CARTESIAN_POINT('',(0.556934204750915,0.301443338790238,
3.54559692687037));
#81740=CARTESIAN_POINT('',(0.557006177124028,0.301529313969696,
3.54566889924348));
#81750=CARTESIAN_POINT('',(0.559207889411112,0.304166970410379,
3.54787061153057));
#81760=CARTESIAN_POINT('',(0.561216081834111,0.307042264356447,
3.54987880395357));
#81770=CARTESIAN_POINT('',(0.562935906659822,0.310020329469673,
3.55159862877928));
#81780=CARTESIAN_POINT('',(0.562996080329466,0.31012488835142,
3.55165880244892));
#81790=CARTESIAN_POINT('',(0.564696923689946,0.313090747881905,
3.5533596458094));
#81800=CARTESIAN_POINT('',(0.566175462472079,0.316270692073328,
3.55483818459154));
#81810=CARTESIAN_POINT('',(0.567351210677934,0.319497993037761,
3.55601393279739));
#81820=CARTESIAN_POINT('',(0.567403940622707,0.319643600883404,
3.55606666274216));
#81830=CARTESIAN_POINT('',(0.568587799672776,0.322932784337608,
3.55725052179223));
#81840=CARTESIAN_POINT('',(0.569483041329555,0.326323748600588,
3.55814576344901));
#81850=CARTESIAN_POINT('',(0.570070269859074,0.329690525503166,
3.55873299197853));
#81860=B_SPLINE_CURVE_WITH_KNOTS('',3,(#81540,#81550,#81560,#81570,
#81580,#81590,#81600,#81610,#81620,#81630,#81640,#81650,#81660,#81670,
#81680,#81690,#81700,#81710,#81720,#81730,#81740,#81750,#81760,#81770,
#81780,#81790,#81800,#81810,#81820,#81830,#81840,#81850),.UNSPECIFIED.,
.F.,.F.,(4,1,2,1,1,2,1,1,2,1,1,2,1,1,2,1,1,2,1,1,2,1,4),(0.,
0.134229001639161,0.141890515534076,0.149437280510962,0.277833691528003,
0.281655891916855,0.285578245160761,0.41464470646269,0.417339018543428,
0.419997018187585,0.545147008800693,0.547323993657749,0.549430310654261,
0.668559018772018,0.670517764013131,0.672394518764561,0.784551019642403,
0.786536656444772,0.788438733928926,0.893474844702805,0.895875479041008,
0.898202102955408,1.),.UNSPECIFIED.);
#81870=EDGE_CURVE('',#79600,#81510,#81860,.T.);
#81880=ORIENTED_EDGE('',*,*,#81870,.T.);
#81890=ORIENTED_EDGE('',*,*,#79610,.F.);
#81900=CARTESIAN_POINT('',(0.510962616077189,0.279999999999999,
-3.43949325848488));
#81910=CARTESIAN_POINT('',(0.514269316390781,0.279999999999999,
-3.44279995879847));
#81920=CARTESIAN_POINT('',(0.517764285987038,0.28028964427147,
-3.44629492839473));
#81930=CARTESIAN_POINT('',(0.521209317322939,0.280881130457792,
-3.44973995973062));
#81940=CARTESIAN_POINT('',(0.521581047061705,0.280946765147753,
-3.45011168946939));
#81950=CARTESIAN_POINT('',(0.524926305384689,0.281553751695695,
-3.45345694779238));
#81960=CARTESIAN_POINT('',(0.528310666334949,0.2824702677364,
-3.45684130874263));
#81970=CARTESIAN_POINT('',(0.531420108872994,0.283595211852186,
-3.45995075128068));
#81980=CARTESIAN_POINT('',(0.531604857531994,0.283662551721881,
-3.46013549993968));
#81990=CARTESIAN_POINT('',(0.534820790822639,0.284843975268622,
-3.46335143323033));
#82000=CARTESIAN_POINT('',(0.537997209985551,0.286330454792675,
-3.46652785239324));
#82010=CARTESIAN_POINT('',(0.540938598315078,0.288024570164056,
-3.46946924072277));
#82020=CARTESIAN_POINT('',(0.541060562411907,0.288095099117698,
-3.46959120481959));
#82030=CARTESIAN_POINT('',(0.544032794970882,0.289820982032146,
-3.47256343737857));
#82040=CARTESIAN_POINT('',(0.546903493205819,0.291835921192158,
-3.47543413561351));
#82050=CARTESIAN_POINT('',(0.549527593860913,0.294035384090914,
-3.4780582362686));
#82060=CARTESIAN_POINT('',(0.549618152431105,0.294111514721276,
-3.47814879483879));
#82070=CARTESIAN_POINT('',(0.552247975717583,0.2963290802468,
-3.48077861812527));
#82080=CARTESIAN_POINT('',(0.554725149941629,0.298811948106648,
-3.48325579234932));
#82090=CARTESIAN_POINT('',(0.556934204750911,0.301443338790233,
-3.4854648471586));
#82100=CARTESIAN_POINT('',(0.557006177124025,0.301529313969692,
-3.48553681953171));
#82110=CARTESIAN_POINT('',(0.559207889411109,0.304166970410375,
-3.4877385318188));
#82120=CARTESIAN_POINT('',(0.561216081834109,0.307042264356444,
-3.4897467242418));
#82130=CARTESIAN_POINT('',(0.56293590665982,0.310020329469669,
-3.49146654906751));
#82140=CARTESIAN_POINT('',(0.562996080329464,0.310124888351416,
-3.49152672273715));
#82150=CARTESIAN_POINT('',(0.564696923689944,0.313090747881901,
-3.49322756609763));
#82160=CARTESIAN_POINT('',(0.566175462472077,0.316270692073322,
-3.49470610487976));
#82170=CARTESIAN_POINT('',(0.567351210677932,0.319497993037756,
-3.49588185308562));
#82180=CARTESIAN_POINT('',(0.567403940622704,0.319643600883397,
-3.49593458303039));
#82190=CARTESIAN_POINT('',(0.568587799672775,0.322932784337603,
-3.49711844208046));
#82200=CARTESIAN_POINT('',(0.569483041329553,0.326323748600581,
-3.49801368373724));
#82210=CARTESIAN_POINT('',(0.570070269859073,0.329690525503159,
-3.49860091226676));
#82220=B_SPLINE_CURVE_WITH_KNOTS('',3,(#81900,#81910,#81920,#81930,
#81940,#81950,#81960,#81970,#81980,#81990,#82000,#82010,#82020,#82030,
#82040,#82050,#82060,#82070,#82080,#82090,#82100,#82110,#82120,#82130,
#82140,#82150,#82160,#82170,#82180,#82190,#82200,#82210),.UNSPECIFIED.,
.F.,.F.,(4,1,2,1,1,2,1,1,2,1,1,2,1,1,2,1,1,2,1,1,2,1,4),(0.,
0.134229001638804,0.141890515534079,0.149437280511318,0.277833691527872,
0.281655891916842,0.285578245160882,0.41464470646278,0.417339018543426,
0.419997018187495,0.545147008800626,0.547323993657756,0.549430310654337,
0.668559018771989,0.670517764013125,0.672394518764577,0.784551019642411,
0.786536656444774,0.788438733928922,0.893474844702817,0.895875479041007,
0.898202102955394,1.),.UNSPECIFIED.);
#82230=CARTESIAN_POINT('',(0.570070269859073,0.329690525503159,
-3.49860091226676));
#82240=VERTEX_POINT('',#82230);
#82250=EDGE_CURVE('',#79520,#82240,#82220,.T.);
#82260=ORIENTED_EDGE('',*,*,#82250,.F.);
#82270=CARTESIAN_POINT('',(0.570962616077189,0.339999999999999,
-3.50039907642318));
#82280=CARTESIAN_POINT('',(0.570962616077189,0.339136592270004,
-3.50024848205167));
#82290=CARTESIAN_POINT('',(0.570943976384035,0.338273185404569,
-3.50009788783096));
#82300=CARTESIAN_POINT('',(0.570869452269919,0.336547978811296,
-3.49979697970422));
#82310=CARTESIAN_POINT('',(0.570813567923515,0.335686180811146,
-3.49964666609955));
#82320=CARTESIAN_POINT('',(0.570664658562881,0.333965797820077,
-3.49934659929878));
#82330=CARTESIAN_POINT('',(0.570571633697675,0.33310721455255,
-3.49919684640328));
#82340=CARTESIAN_POINT('',(0.570348616566958,0.331394860910915,
-3.49889818007044));
#82350=CARTESIAN_POINT('',(0.570218624524749,0.330541092253039,
-3.49874926693244));
#82360=CARTESIAN_POINT('',(0.570070269859073,0.329690525503159,
-3.49860091226676));
#82370=B_SPLINE_CURVE_WITH_KNOTS('',3,(#82270,#82280,#82290,#82300,
#82310,#82320,#82330,#82340,#82350,#82360),.UNSPECIFIED.,.F.,.F.,(4,2,2,
2,4),(0.,0.250034171355926,0.500054614217262,0.750047700123331,1.),
.UNSPECIFIED.);
#82380=EDGE_CURVE('',#81360,#82240,#82370,.T.);
#82390=ORIENTED_EDGE('',*,*,#82380,.T.);
#82400=EDGE_LOOP('',(#82390,#82260,#81890,#81880,#81530,#81380));
#82410=FACE_OUTER_BOUND('',#82400,.T.);
#82420=ADVANCED_FACE('',(#82410),#81280,.F.);
#82430=CARTESIAN_POINT('',(0.570962616077189,0.323746849999999,
3.98856918985589));
#82440=DIRECTION('',(-1.,0.,0.));
#82450=DIRECTION('',(0.,1.,0.));
#82460=AXIS2_PLACEMENT_3D('',#82430,#82440,#82450);
#82470=PLANE('',#82460);
#82480=CARTESIAN_POINT('',(0.570962616077189,0.649999999999997,
-3.55446884386504));
#82490=DIRECTION('',(0.,0.985127563031391,-0.171824574947334));
#82500=VECTOR('',#82490,1.);
#82510=LINE('',#82480,#82500);
#82520=CARTESIAN_POINT('',(0.570962616077189,0.939999999999999,
-3.60505023921388));
#82530=VERTEX_POINT('',#82520);
#82540=EDGE_CURVE('',#81360,#82530,#82510,.T.);
#82550=ORIENTED_EDGE('',*,*,#82540,.F.);
#82560=CARTESIAN_POINT('',(0.570962616077189,0.939999999999999,
-3.32993396014411));
#82570=DIRECTION('',(-0.,-0.,1.));
#82580=VECTOR('',#82570,1.);
#82590=LINE('',#82560,#82580);
#82600=CARTESIAN_POINT('',(0.570962616077187,0.939999999999999,
-3.73993396014412));
#82610=VERTEX_POINT('',#82600);
#82620=EDGE_CURVE('',#82610,#82530,#82590,.T.);
#82630=ORIENTED_EDGE('',*,*,#82620,.T.);
#82640=CARTESIAN_POINT('',(0.570962616077189,0.649999999999997,
-3.73993396014412));
#82650=DIRECTION('',(-0.,-1.,0.));
#82660=VECTOR('',#82650,1.);
#82670=LINE('',#82640,#82660);
#82680=CARTESIAN_POINT('',(0.570962616077189,0.989999999999999,
-3.73993396014412));
#82690=VERTEX_POINT('',#82680);
#82700=EDGE_CURVE('',#82690,#82610,#82670,.T.);
#82710=ORIENTED_EDGE('',*,*,#82700,.T.);
#82720=CARTESIAN_POINT('',(0.570962616077189,0.989999999999999,
3.80006603985589));
#82730=DIRECTION('',(0.,0.,-1.));
#82740=VECTOR('',#82730,1.);
#82750=LINE('',#82720,#82740);
#82760=CARTESIAN_POINT('',(0.570962616077189,0.989999999999999,
3.80006603985589));
#82770=VERTEX_POINT('',#82760);
#82780=EDGE_CURVE('',#82770,#82690,#82750,.T.);
#82790=ORIENTED_EDGE('',*,*,#82780,.T.);
#82800=CARTESIAN_POINT('',(0.570962616077189,0.649999999999997,
3.80006603985589));
#82810=DIRECTION('',(-0.,1.,0.));
#82820=VECTOR('',#82810,1.);
#82830=LINE('',#82800,#82820);
#82840=CARTESIAN_POINT('',(0.570962616077187,0.939999999999999,
3.80006603985589));
#82850=VERTEX_POINT('',#82840);
#82860=EDGE_CURVE('',#82850,#82770,#82830,.T.);
#82870=ORIENTED_EDGE('',*,*,#82860,.T.);
#82880=CARTESIAN_POINT('',(0.570962616077189,0.939999999999999,
-3.32993396014411));
#82890=DIRECTION('',(-0.,-0.,1.));
#82900=VECTOR('',#82890,1.);
#82910=LINE('',#82880,#82900);
#82920=CARTESIAN_POINT('',(0.570962616077189,0.939999999999999,
3.66518231892566));
#82930=VERTEX_POINT('',#82920);
#82940=EDGE_CURVE('',#82930,#82850,#82910,.T.);
#82950=ORIENTED_EDGE('',*,*,#82940,.T.);
#82960=CARTESIAN_POINT('',(0.570962616077189,0.649999999999997,
3.61460092357682));
#82970=DIRECTION('',(0.,-0.985127563031391,-0.171824574947336));
#82980=VECTOR('',#82970,1.);
#82990=LINE('',#82960,#82980);
#83000=EDGE_CURVE('',#82930,#81340,#82990,.T.);
#83010=ORIENTED_EDGE('',*,*,#83000,.F.);
#83020=ORIENTED_EDGE('',*,*,#81370,.F.);
#83030=EDGE_LOOP('',(#83020,#83010,#82950,#82870,#82790,#82710,#82630,
#82550));
#83040=FACE_OUTER_BOUND('',#83030,.T.);
#83050=ADVANCED_FACE('',(#83040),#82470,.T.);
#83060=CARTESIAN_POINT('',(0.401834466077187,0.939999999999999,
3.80344128287914));
#83070=DIRECTION('',(0.,1.,0.));
#83080=DIRECTION('',(1.,-0.,0.));
#83090=AXIS2_PLACEMENT_3D('',#83060,#83070,#83080);
#83100=PLANE('',#83090);
#83110=ORIENTED_EDGE('',*,*,#82940,.F.);
#83120=CARTESIAN_POINT('',(0.860962616077189,0.939999999999999,
3.80006603985589));
#83130=DIRECTION('',(-1.,0.,-0.));
#83140=VECTOR('',#83130,1.);
#83150=LINE('',#83120,#83140);
#83160=CARTESIAN_POINT('',(0.405962616077187,0.939999999999998,
3.80006603985589));
#83170=VERTEX_POINT('',#83160);
#83180=EDGE_CURVE('',#82850,#83170,#83150,.T.);
#83190=ORIENTED_EDGE('',*,*,#83180,.F.);
#83200=CARTESIAN_POINT('',(0.405962616077186,0.939999999999999,
-3.32993396014411));
#83210=DIRECTION('',(0.,0.,-1.));
#83220=VECTOR('',#83210,1.);
#83230=LINE('',#83200,#83220);
#83240=CARTESIAN_POINT('',(0.405962616077187,0.940000000000002,
3.66518231892566));
#83250=VERTEX_POINT('',#83240);
#83260=EDGE_CURVE('',#83170,#83250,#83230,.T.);
#83270=ORIENTED_EDGE('',*,*,#83260,.F.);
#83280=CARTESIAN_POINT('',(0.860962616077189,0.939999999999999,
3.66518231892565));
#83290=DIRECTION('',(1.,-0.,0.));
#83300=VECTOR('',#83290,1.);
#83310=LINE('',#83280,#83300);
#83320=EDGE_CURVE('',#83250,#82930,#83310,.T.);
#83330=ORIENTED_EDGE('',*,*,#83320,.F.);
#83340=EDGE_LOOP('',(#83330,#83270,#83190,#83110));
#83350=FACE_OUTER_BOUND('',#83340,.T.);
#83360=ADVANCED_FACE('',(#83350),#83100,.T.);
#83370=CARTESIAN_POINT('',(0.728840766077188,0.934996849999998,
3.80006603985589));
#83380=DIRECTION('',(0.,0.,-1.));
#83390=DIRECTION('',(-1.,0.,-0.));
#83400=AXIS2_PLACEMENT_3D('',#83370,#83380,#83390);
#83410=PLANE('',#83400);
#83420=ORIENTED_EDGE('',*,*,#83180,.T.);
#83430=ORIENTED_EDGE('',*,*,#82860,.F.);
#83440=CARTESIAN_POINT('',(0.720962616077189,0.989999999999999,
3.80006603985589));
#83450=DIRECTION('',(0.,0.,-1.));
#83460=DIRECTION('',(-1.,0.,0.));
#83470=AXIS2_PLACEMENT_3D('',#83440,#83450,#83460);
#83480=CIRCLE('',#83470,0.15);
#83490=EDGE_CURVE('',#82770,#64880,#83480,.T.);
#83500=ORIENTED_EDGE('',*,*,#83490,.F.);
#83510=ORIENTED_EDGE('',*,*,#64890,.F.);
#83520=CARTESIAN_POINT('',(0.405962616077186,0.649999999999997,
3.80006603985589));
#83530=DIRECTION('',(0.,-1.,0.));
#83540=VECTOR('',#83530,1.);
#83550=LINE('',#83520,#83540);
#83560=EDGE_CURVE('',#64800,#83170,#83550,.T.);
#83570=ORIENTED_EDGE('',*,*,#83560,.F.);
#83580=EDGE_LOOP('',(#83570,#83510,#83500,#83430,#83420));
#83590=FACE_OUTER_BOUND('',#83580,.T.);
#83600=ADVANCED_FACE('',(#83590),#83410,.T.);
#83610=CARTESIAN_POINT('',(0.599215766077189,1.16026084001424,
3.70359990730023));
#83620=DIRECTION('',(0.,0.171824574947336,-0.985127563031391));
#83630=DIRECTION('',(0.,-0.985127563031391,-0.171824574947336));
#83640=AXIS2_PLACEMENT_3D('',#83610,#83620,#83630);
#83650=PLANE('',#83640);
#83660=ORIENTED_EDGE('',*,*,#83000,.T.);
#83670=ORIENTED_EDGE('',*,*,#83320,.T.);
#83680=CARTESIAN_POINT('',(0.405962616077186,0.649999999999997,
3.61460092357682));
#83690=DIRECTION('',(0.,-0.985127563031391,-0.171824574947336));
#83700=VECTOR('',#83690,1.);
#83710=LINE('',#83680,#83700);
#83720=EDGE_CURVE('',#64720,#83250,#83710,.T.);
#83730=ORIENTED_EDGE('',*,*,#83720,.T.);
#83740=ORIENTED_EDGE('',*,*,#64730,.F.);
#83750=ORIENTED_EDGE('',*,*,#79340,.T.);
#83760=CARTESIAN_POINT('',(0.860962616077189,0.939999999999996,
3.66518231892565));
#83770=DIRECTION('',(1.,-0.,0.));
#83780=VECTOR('',#83770,1.);
#83790=LINE('',#83760,#83780);
#83800=CARTESIAN_POINT('',(-0.559037383922811,0.940000000000001,
3.66518231892566));
#83810=VERTEX_POINT('',#83800);
#83820=EDGE_CURVE('',#83810,#79270,#83790,.T.);
#83830=ORIENTED_EDGE('',*,*,#83820,.T.);
#83840=CARTESIAN_POINT('',(-0.559037383922811,0.649999999999997,
3.61460092357682));
#83850=DIRECTION('',(0.,-0.985127563031391,-0.171824574947336));
#83860=VECTOR('',#83850,1.);
#83870=LINE('',#83840,#83860);
#83880=CARTESIAN_POINT('',(-0.559037383922811,0.339999999999995,
3.56053115613495));
#83890=VERTEX_POINT('',#83880);
#83900=EDGE_CURVE('',#83810,#83890,#83870,.T.);
#83910=ORIENTED_EDGE('',*,*,#83900,.F.);
#83920=CARTESIAN_POINT('',(-0.559037383922811,0.339999999999995,
3.56053115613495));
#83930=CARTESIAN_POINT('',(-0.559037383922811,0.33913659227,
3.56038056176344));
#83940=CARTESIAN_POINT('',(-0.559018744229657,0.338273185404564,
3.56022996754273));
#83950=CARTESIAN_POINT('',(-0.558944220115541,0.33654797881129,
3.559929059416));
#83960=CARTESIAN_POINT('',(-0.558888335769136,0.33568618081114,
3.55977874581132));
#83970=CARTESIAN_POINT('',(-0.558739426408503,0.333965797820071,
3.55947867901055));
#83980=CARTESIAN_POINT('',(-0.558646401543297,0.333107214552542,
3.55932892611505));
#83990=CARTESIAN_POINT('',(-0.55842338441258,0.331394860910908,
3.55903025978221));
#84000=CARTESIAN_POINT('',(-0.558293392370371,0.33054109225303,
3.55888134664421));
#84010=CARTESIAN_POINT('',(-0.558145037704694,0.329690525503151,
3.55873299197853));
#84020=B_SPLINE_CURVE_WITH_KNOTS('',3,(#83920,#83930,#83940,#83950,
#83960,#83970,#83980,#83990,#84000,#84010),.UNSPECIFIED.,.F.,.F.,(4,2,2,
2,4),(0.,0.250034171355916,0.500054614217245,0.750047700123322,1.),
.UNSPECIFIED.);
#84030=CARTESIAN_POINT('',(-0.558145037704691,0.32969052550315,
3.55873299197853));
#84040=VERTEX_POINT('',#84030);
#84050=EDGE_CURVE('',#83890,#84040,#84020,.T.);
#84060=ORIENTED_EDGE('',*,*,#84050,.F.);
#84070=CARTESIAN_POINT('',(0.570070269859074,0.329690525503159,
3.55873299197853));
#84080=DIRECTION('',(-1.,0.,0.));
#84090=VECTOR('',#84080,1.);
#84100=LINE('',#84070,#84090);
#84110=EDGE_CURVE('',#81510,#84040,#84100,.T.);
#84120=ORIENTED_EDGE('',*,*,#84110,.T.);
#84130=ORIENTED_EDGE('',*,*,#81520,.F.);
#84140=EDGE_LOOP('',(#84130,#84120,#84060,#83910,#83830,#83750,#83740,
#83730,#83670,#83660));
#84150=FACE_OUTER_BOUND('',#84140,.T.);
#84160=ADVANCED_FACE('',(#84150),#83650,.T.);
#84170=CARTESIAN_POINT('',(-0.499037383922809,0.339999999999997,
3.73710691194891));
#84180=DIRECTION('',(0.,0.,-1.));
#84190=DIRECTION('',(-1.,0.,-0.));
#84200=AXIS2_PLACEMENT_3D('',#84170,#84180,#84190);
#84210=CYLINDRICAL_SURFACE('',#84200,0.0600000000000032);
#84220=ORIENTED_EDGE('',*,*,#79750,.T.);
#84230=CARTESIAN_POINT('',(-0.499037383922811,0.279999999999995,
3.49962533819664));
#84240=CARTESIAN_POINT('',(-0.502344084236409,0.279999999999995,
3.50293203851024));
#84250=CARTESIAN_POINT('',(-0.505839053832666,0.280289644271467,
3.5064270081065));
#84260=CARTESIAN_POINT('',(-0.509284085168565,0.280881130457789,
3.5098720394424));
#84270=CARTESIAN_POINT('',(-0.509655814907321,0.280946765147748,
3.51024376918115));
#84280=CARTESIAN_POINT('',(-0.513001073230305,0.28155375169569,
3.51358902750414));
#84290=CARTESIAN_POINT('',(-0.516385434180563,0.282470267736394,
3.5169733884544));
#84300=CARTESIAN_POINT('',(-0.519494876718615,0.283595211852182,
3.52008283099245));
#84310=CARTESIAN_POINT('',(-0.519679625377616,0.283662551721877,
3.52026757965145));
#84320=CARTESIAN_POINT('',(-0.52289555866826,0.284843975268617,
3.52348351294209));
#84330=CARTESIAN_POINT('',(-0.526071977831171,0.28633045479267,
3.52665993210501));
#84340=CARTESIAN_POINT('',(-0.529013366160698,0.288024570164052,
3.52960132043453));
#84350=CARTESIAN_POINT('',(-0.52913533025753,0.288095099117695,
3.52972328453136));
#84360=CARTESIAN_POINT('',(-0.532107562816502,0.289820982032141,
3.53269551709034));
#84370=CARTESIAN_POINT('',(-0.534978261051444,0.291835921192156,
3.53556621532528));
#84380=CARTESIAN_POINT('',(-0.537602361706534,0.294035384090909,
3.53819031598037));
#84390=CARTESIAN_POINT('',(-0.537692920276724,0.29411151472127,
3.53828087455056));
#84400=CARTESIAN_POINT('',(-0.540322743563202,0.296329080246793,
3.54091069783704));
#84410=CARTESIAN_POINT('',(-0.542799917787248,0.298811948106641,
3.54338787206108));
#84420=CARTESIAN_POINT('',(-0.545008972596532,0.301443338790227,
3.54559692687037));
#84430=CARTESIAN_POINT('',(-0.545080944969647,0.301529313969686,
3.54566889924348));
#84440=CARTESIAN_POINT('',(-0.547282657256728,0.304166970410368,
3.54787061153056));
#84450=CARTESIAN_POINT('',(-0.549290849679732,0.30704226435644,
3.54987880395356));
#84460=CARTESIAN_POINT('',(-0.55101067450544,0.310020329469663,
3.55159862877927));
#84470=CARTESIAN_POINT('',(-0.551070848175084,0.310124888351408,
3.55165880244892));
#84480=CARTESIAN_POINT('',(-0.552771691535566,0.313090747881895,
3.5533596458094));
#84490=CARTESIAN_POINT('',(-0.554250230317698,0.316270692073316,
3.55483818459153));
#84500=CARTESIAN_POINT('',(-0.555425978523554,0.319497993037749,
3.55601393279739));
#84510=CARTESIAN_POINT('',(-0.555478708468325,0.31964360088339,
3.55606666274216));
#84520=CARTESIAN_POINT('',(-0.556662567518396,0.322932784337596,
3.55725052179223));
#84530=CARTESIAN_POINT('',(-0.557557809175174,0.32632374860057,
3.55814576344901));
#84540=CARTESIAN_POINT('',(-0.558145037704694,0.329690525503151,
3.55873299197853));
#84550=B_SPLINE_CURVE_WITH_KNOTS('',3,(#84230,#84240,#84250,#84260,
#84270,#84280,#84290,#84300,#84310,#84320,#84330,#84340,#84350,#84360,
#84370,#84380,#84390,#84400,#84410,#84420,#84430,#84440,#84450,#84460,
#84470,#84480,#84490,#84500,#84510,#84520,#84530,#84540),.UNSPECIFIED.,
.F.,.F.,(4,1,2,1,1,2,1,1,2,1,1,2,1,1,2,1,1,2,1,1,2,1,4),(0.,
0.134229001639016,0.14189051553408,0.14943728051111,0.277833691527847,
0.28165589191684,0.285578245160896,0.414644706462724,0.41733901854343,
0.419997018187558,0.545147008800656,0.547323993657747,0.549430310654292,
0.668559018771971,0.670517764013129,0.672394518764601,0.784551019642425,
0.786536656444767,0.788438733928897,0.89347484470285,0.89587547904101,
0.898202102955368,1.),.UNSPECIFIED.);
#84560=EDGE_CURVE('',#79680,#84040,#84550,.T.);
#84570=ORIENTED_EDGE('',*,*,#84560,.F.);
#84580=ORIENTED_EDGE('',*,*,#84050,.T.);
#84590=CARTESIAN_POINT('',(-0.559037383922811,0.339999999999995,
3.56053115613495));
#84600=DIRECTION('',(0.,0.,-1.));
#84610=VECTOR('',#84600,1.);
#84620=LINE('',#84590,#84610);
#84630=CARTESIAN_POINT('',(-0.559037383922811,0.339999999999995,
-3.50039907642318));
#84640=VERTEX_POINT('',#84630);
#84650=EDGE_CURVE('',#83890,#84640,#84620,.T.);
#84660=ORIENTED_EDGE('',*,*,#84650,.F.);
#84670=CARTESIAN_POINT('',(-0.558145037704694,0.329690525503153,
-3.49860091226676));
#84680=CARTESIAN_POINT('',(-0.558293392370371,0.330541092253033,
-3.49874926693244));
#84690=CARTESIAN_POINT('',(-0.55842338441258,0.33139486091091,
-3.49889818007044));
#84700=CARTESIAN_POINT('',(-0.558646401543297,0.333107214552545,
-3.49919684640328));
#84710=CARTESIAN_POINT('',(-0.558739426408503,0.333965797820072,
-3.49934659929878));
#84720=CARTESIAN_POINT('',(-0.558888335769137,0.335686180811141,
-3.49964666609955));
#84730=CARTESIAN_POINT('',(-0.558944220115541,0.336547978811291,
-3.49979697970422));
#84740=CARTESIAN_POINT('',(-0.559018744229657,0.338273185404564,
-3.50009788783096));
#84750=CARTESIAN_POINT('',(-0.559037383922811,0.33913659227,
-3.50024848205167));
#84760=CARTESIAN_POINT('',(-0.559037383922811,0.339999999999995,
-3.50039907642318));
#84770=B_SPLINE_CURVE_WITH_KNOTS('',3,(#84670,#84680,#84690,#84700,
#84710,#84720,#84730,#84740,#84750,#84760),.UNSPECIFIED.,.F.,.F.,(4,2,2,
2,4),(0.,0.249952299876728,0.499945385782747,0.749965828644124,1.),
.UNSPECIFIED.);
#84780=CARTESIAN_POINT('',(-0.558145037704691,0.329690525503154,
-3.49860091226676));
#84790=VERTEX_POINT('',#84780);
#84800=EDGE_CURVE('',#84790,#84640,#84770,.T.);
#84810=ORIENTED_EDGE('',*,*,#84800,.T.);
#84820=CARTESIAN_POINT('',(-0.499037383922811,0.279999999999995,
-3.43949325848488));
#84830=CARTESIAN_POINT('',(-0.502344084236405,0.279999999999995,
-3.44279995879847));
#84840=CARTESIAN_POINT('',(-0.505839053832662,0.280289644271467,
-3.44629492839473));
#84850=CARTESIAN_POINT('',(-0.509284085168562,0.280881130457788,
-3.44973995973063));
#84860=CARTESIAN_POINT('',(-0.509655814907324,0.280946765147749,
-3.45011168946939));
#84870=CARTESIAN_POINT('',(-0.513001073230309,0.28155375169569,
-3.45345694779237));
#84880=CARTESIAN_POINT('',(-0.516385434180568,0.282470267736396,
-3.45684130874263));
#84890=CARTESIAN_POINT('',(-0.519494876718616,0.283595211852182,
-3.45995075128068));
#84900=CARTESIAN_POINT('',(-0.519679625377616,0.283662551721877,
-3.46013549993968));
#84910=CARTESIAN_POINT('',(-0.522895558668261,0.284843975268618,
-3.46335143323033));
#84920=CARTESIAN_POINT('',(-0.526071977831174,0.286330454792672,
-3.46652785239324));
#84930=CARTESIAN_POINT('',(-0.5290133661607,0.288024570164052,
-3.46946924072277));
#84940=CARTESIAN_POINT('',(-0.529135330257529,0.288095099117694,
-3.46959120481959));
#84950=CARTESIAN_POINT('',(-0.532107562816503,0.289820982032142,
-3.47256343737857));
#84960=CARTESIAN_POINT('',(-0.534978261051441,0.291835921192154,
-3.47543413561351));
#84970=CARTESIAN_POINT('',(-0.537602361706534,0.294035384090909,
-3.4780582362686));
#84980=CARTESIAN_POINT('',(-0.537692920276726,0.294111514721271,
-3.47814879483879));
#84990=CARTESIAN_POINT('',(-0.540322743563204,0.296329080246796,
-3.48077861812527));
#85000=CARTESIAN_POINT('',(-0.54279991778725,0.298811948106643,
-3.48325579234931));
#85010=CARTESIAN_POINT('',(-0.545008972596534,0.301443338790229,
-3.4854648471586));
#85020=CARTESIAN_POINT('',(-0.545080944969648,0.301529313969688,
-3.48553681953171));
#85030=CARTESIAN_POINT('',(-0.54728265725673,0.304166970410371,
-3.4877385318188));
#85040=CARTESIAN_POINT('',(-0.549290849679731,0.30704226435644,
-3.4897467242418));
#85050=CARTESIAN_POINT('',(-0.551010674505441,0.310020329469664,
-3.49146654906751));
#85060=CARTESIAN_POINT('',(-0.551070848175085,0.31012488835141,
-3.49152672273715));
#85070=CARTESIAN_POINT('',(-0.552771691535567,0.313090747881897,
-3.49322756609763));
#85080=CARTESIAN_POINT('',(-0.554250230317699,0.316270692073317,
-3.49470610487976));
#85090=CARTESIAN_POINT('',(-0.555425978523554,0.319497993037752,
-3.49588185308562));
#85100=CARTESIAN_POINT('',(-0.555478708468325,0.319643600883391,
-3.49593458303039));
#85110=CARTESIAN_POINT('',(-0.556662567518397,0.322932784337597,
-3.49711844208046));
#85120=CARTESIAN_POINT('',(-0.557557809175175,0.326323748600574,
-3.49801368373724));
#85130=CARTESIAN_POINT('',(-0.558145037704694,0.329690525503153,
-3.49860091226676));
#85140=B_SPLINE_CURVE_WITH_KNOTS('',3,(#84820,#84830,#84840,#84850,
#84860,#84870,#84880,#84890,#84900,#84910,#84920,#84930,#84940,#84950,
#84960,#84970,#84980,#84990,#85000,#85010,#85020,#85030,#85040,#85050,
#85060,#85070,#85080,#85090,#85100,#85110,#85120,#85130),.UNSPECIFIED.,
.F.,.F.,(4,1,2,1,1,2,1,1,2,1,1,2,1,1,2,1,1,2,1,1,2,1,4),(0.,
0.134229001638873,0.141890515534075,0.149437280511243,0.277833691527862,
0.281655891916847,0.2855782451609,0.414644706462798,0.417339018543434,
0.419997018187492,0.54514700880064,0.547323993657749,0.549430310654311,
0.668559018771996,0.670517764013138,0.672394518764595,0.784551019642424,
0.786536656444766,0.788438733928896,0.893474844702858,0.895875479041011,
0.898202102955362,1.),.UNSPECIFIED.);
#85150=EDGE_CURVE('',#79500,#84790,#85140,.T.);
#85160=ORIENTED_EDGE('',*,*,#85150,.T.);
#85170=EDGE_LOOP('',(#85160,#84810,#84660,#84580,#84570,#84220));
#85180=FACE_OUTER_BOUND('',#85170,.T.);
#85190=ADVANCED_FACE('',(#85180),#84210,.F.);
#85200=CARTESIAN_POINT('',(0.599521555894324,0.340000000000003,
3.49962533819664));
#85210=DIRECTION('',(-1.,0.,0.));
#85220=DIRECTION('',(0.,1.,0.));
#85230=AXIS2_PLACEMENT_3D('',#85200,#85210,#85220);
#85240=CYLINDRICAL_SURFACE('',#85230,0.060000000000004);
#85250=ORIENTED_EDGE('',*,*,#84560,.T.);
#85260=ORIENTED_EDGE('',*,*,#79690,.T.);
#85270=ORIENTED_EDGE('',*,*,#81870,.F.);
#85280=ORIENTED_EDGE('',*,*,#84110,.F.);
#85290=EDGE_LOOP('',(#85280,#85270,#85260,#85250));
#85300=FACE_OUTER_BOUND('',#85290,.T.);
#85310=ADVANCED_FACE('',(#85300),#85240,.F.);
#85320=CARTESIAN_POINT('',(-1.02154053392281,0.249999999999999,
0.508819189855885));
#85330=DIRECTION('',(0.,1.,0.));
#85340=DIRECTION('',(1.,-0.,0.));
#85350=AXIS2_PLACEMENT_3D('',#85320,#85330,#85340);
#85360=PLANE('',#85350);
#85370=CARTESIAN_POINT('',(-1.01903738392281,0.249999999999999,
0.505066039855885));
#85380=DIRECTION('',(0.,0.,-1.));
#85390=VECTOR('',#85380,1.);
#85400=LINE('',#85370,#85390);
#85410=CARTESIAN_POINT('',(-1.01903738392281,0.249999999999999,
0.505066039855885));
#85420=VERTEX_POINT('',#85410);
#85430=CARTESIAN_POINT('',(-1.01903738392281,0.249999999999999,
0.355066039855885));
#85440=VERTEX_POINT('',#85430);
#85450=EDGE_CURVE('',#85420,#85440,#85400,.T.);
#85460=ORIENTED_EDGE('',*,*,#85450,.F.);
#85470=CARTESIAN_POINT('',(0.860962616077189,0.249999999999999,
0.355066039855885));
#85480=DIRECTION('',(-1.,0.,-0.));
#85490=VECTOR('',#85480,1.);
#85500=LINE('',#85470,#85490);
#85510=EDGE_CURVE('',#5260,#85440,#85500,.T.);
#85520=ORIENTED_EDGE('',*,*,#85510,.T.);
#85530=ORIENTED_EDGE('',*,*,#5270,.F.);
#85540=CARTESIAN_POINT('',(0.860962616077189,0.249999999999999,
0.505066039855885));
#85550=DIRECTION('',(1.,0.,-0.));
#85560=VECTOR('',#85550,1.);
#85570=LINE('',#85540,#85560);
#85580=EDGE_CURVE('',#85420,#5180,#85570,.T.);
#85590=ORIENTED_EDGE('',*,*,#85580,.T.);
#85600=EDGE_LOOP('',(#85590,#85530,#85520,#85460));
#85610=FACE_OUTER_BOUND('',#85600,.T.);
#85620=ADVANCED_FACE('',(#85610),#85360,.T.);
#85630=CARTESIAN_POINT('',(-1.21903738392281,0.150000000000001,
0.508837039855885));
#85640=DIRECTION('',(0.,0.,-1.));
#85650=DIRECTION('',(-1.,0.,-0.));
#85660=AXIS2_PLACEMENT_3D('',#85630,#85640,#85650);
#85670=CYLINDRICAL_SURFACE('',#85660,0.150000000000002);
#85680=CARTESIAN_POINT('',(-1.21903738392281,0.150000000000001,
0.505066039855885));
#85690=DIRECTION('',(-0.,-0.,1.));
#85700=DIRECTION('',(-1.,0.,0.));
#85710=AXIS2_PLACEMENT_3D('',#85680,#85690,#85700);
#85720=CIRCLE('',#85710,0.150000000000002);
#85730=CARTESIAN_POINT('',(-1.21903738392281,-9.99200722162641E-16,
0.505066039855885));
#85740=VERTEX_POINT('',#85730);
#85750=CARTESIAN_POINT('',(-1.08668444274634,0.0794117647058811,
0.505066039855885));
#85760=VERTEX_POINT('',#85750);
#85770=EDGE_CURVE('',#85740,#85760,#85720,.T.);
#85780=ORIENTED_EDGE('',*,*,#85770,.F.);
#85790=CARTESIAN_POINT('',(-1.08668444274634,0.0794117647058811,
0.505066039855885));
#85800=DIRECTION('',(0.,0.,-1.));
#85810=VECTOR('',#85800,1.);
#85820=LINE('',#85790,#85810);
#85830=CARTESIAN_POINT('',(-1.08668444274634,0.0794117647058811,
0.355066039855885));
#85840=VERTEX_POINT('',#85830);
#85850=EDGE_CURVE('',#85760,#85840,#85820,.T.);
#85860=ORIENTED_EDGE('',*,*,#85850,.F.);
#85870=CARTESIAN_POINT('',(-1.21903738392281,0.150000000000001,
0.355066039855885));
#85880=DIRECTION('',(-0.,-0.,1.));
#85890=DIRECTION('',(-1.,0.,0.));
#85900=AXIS2_PLACEMENT_3D('',#85870,#85880,#85890);
#85910=CIRCLE('',#85900,0.150000000000002);
#85920=CARTESIAN_POINT('',(-1.21903738392281,-9.99200722162641E-16,
0.355066039855885));
#85930=VERTEX_POINT('',#85920);
#85940=EDGE_CURVE('',#85930,#85840,#85910,.T.);
#85950=ORIENTED_EDGE('',*,*,#85940,.T.);
#85960=CARTESIAN_POINT('',(-1.21903738392281,-9.99200722162641E-16,
0.505066039855885));
#85970=DIRECTION('',(0.,0.,-1.));
#85980=VECTOR('',#85970,1.);
#85990=LINE('',#85960,#85980);
#86000=EDGE_CURVE('',#85740,#85930,#85990,.T.);
#86010=ORIENTED_EDGE('',*,*,#86000,.T.);
#86020=EDGE_LOOP('',(#86010,#85950,#85860,#85780));
#86030=FACE_OUTER_BOUND('',#86020,.T.);
#86040=ADVANCED_FACE('',(#86030),#85670,.T.);
#86050=CARTESIAN_POINT('',(-0.386159233922811,0.934996849999995,
3.80006603985589));
#86060=DIRECTION('',(0.,0.,-1.));
#86070=DIRECTION('',(-1.,0.,-0.));
#86080=AXIS2_PLACEMENT_3D('',#86050,#86060,#86070);
#86090=PLANE('',#86080);
#86100=CARTESIAN_POINT('',(-0.559037383922811,0.649999999999997,
3.80006603985589));
#86110=DIRECTION('',(0.,-1.,0.));
#86120=VECTOR('',#86110,1.);
#86130=LINE('',#86100,#86120);
#86140=CARTESIAN_POINT('',(-0.559037383922811,0.989999999999999,
3.80006603985589));
#86150=VERTEX_POINT('',#86140);
#86160=CARTESIAN_POINT('',(-0.559037383922811,0.939999999999995,
3.80006603985589));
#86170=VERTEX_POINT('',#86160);
#86180=EDGE_CURVE('',#86150,#86170,#86130,.T.);
#86190=ORIENTED_EDGE('',*,*,#86180,.F.);
#86200=CARTESIAN_POINT('',(0.860962616077189,0.939999999999996,
3.80006603985589));
#86210=DIRECTION('',(-1.,0.,-0.));
#86220=VECTOR('',#86210,1.);
#86230=LINE('',#86200,#86220);
#86240=EDGE_CURVE('',#79190,#86170,#86230,.T.);
#86250=ORIENTED_EDGE('',*,*,#86240,.T.);
#86260=ORIENTED_EDGE('',*,*,#79200,.F.);
#86270=ORIENTED_EDGE('',*,*,#64570,.F.);
#86280=CARTESIAN_POINT('',(-0.709037383922811,0.989999999999999,
3.80006603985589));
#86290=DIRECTION('',(-0.,-0.,1.));
#86300=DIRECTION('',(-1.,0.,0.));
#86310=AXIS2_PLACEMENT_3D('',#86280,#86290,#86300);
#86320=CIRCLE('',#86310,0.15);
#86330=EDGE_CURVE('',#86150,#64480,#86320,.T.);
#86340=ORIENTED_EDGE('',*,*,#86330,.T.);
#86350=EDGE_LOOP('',(#86340,#86270,#86260,#86250,#86190));
#86360=FACE_OUTER_BOUND('',#86350,.T.);
#86370=ADVANCED_FACE('',(#86360),#86090,.T.);
#86380=CARTESIAN_POINT('',(-0.563165533922811,0.939999999999996,
3.80344128287914));
#86390=DIRECTION('',(0.,1.,0.));
#86400=DIRECTION('',(1.,-0.,0.));
#86410=AXIS2_PLACEMENT_3D('',#86380,#86390,#86400);
#86420=PLANE('',#86410);
#86430=CARTESIAN_POINT('',(-0.559037383922811,0.939999999999996,
-3.32993396014411));
#86440=DIRECTION('',(0.,0.,-1.));
#86450=VECTOR('',#86440,1.);
#86460=LINE('',#86430,#86450);
#86470=EDGE_CURVE('',#86170,#83810,#86460,.T.);
#86480=ORIENTED_EDGE('',*,*,#86470,.F.);
#86490=ORIENTED_EDGE('',*,*,#83820,.F.);
#86500=ORIENTED_EDGE('',*,*,#79280,.T.);
#86510=ORIENTED_EDGE('',*,*,#86240,.F.);
#86520=EDGE_LOOP('',(#86510,#86500,#86490,#86480));
#86530=FACE_OUTER_BOUND('',#86520,.T.);
#86540=ADVANCED_FACE('',(#86530),#86420,.T.);
#86550=CARTESIAN_POINT('',(0.405962616077186,1.14500315,3.80344128287914
));
#86560=DIRECTION('',(1.,0.,0.));
#86570=DIRECTION('',(0.,-1.,0.));
#86580=AXIS2_PLACEMENT_3D('',#86550,#86560,#86570);
#86590=PLANE('',#86580);
#86600=ORIENTED_EDGE('',*,*,#83560,.T.);
#86610=ORIENTED_EDGE('',*,*,#64810,.T.);
#86620=ORIENTED_EDGE('',*,*,#83720,.F.);
#86630=ORIENTED_EDGE('',*,*,#83260,.T.);
#86640=EDGE_LOOP('',(#86630,#86620,#86610,#86600));
#86650=FACE_OUTER_BOUND('',#86640,.T.);
#86660=ADVANCED_FACE('',(#86650),#86590,.T.);
#86670=CARTESIAN_POINT('',(-1.48554053392281,0.099999999999999,
0.508819189855885));
#86680=DIRECTION('',(0.,1.,0.));
#86690=DIRECTION('',(1.,-0.,0.));
#86700=AXIS2_PLACEMENT_3D('',#86670,#86680,#86690);
#86710=PLANE('',#86700);
#86720=ORIENTED_EDGE('',*,*,#65860,.T.);
#86730=CARTESIAN_POINT('',(0.860962616077189,0.099999999999999,
0.355066039855885));
#86740=DIRECTION('',(-1.,0.,-0.));
#86750=VECTOR('',#86740,1.);
#86760=LINE('',#86730,#86750);
#86770=CARTESIAN_POINT('',(-1.21903738392281,0.099999999999999,
0.355066039855885));
#86780=VERTEX_POINT('',#86770);
#86790=EDGE_CURVE('',#86780,#65830,#86760,.T.);
#86800=ORIENTED_EDGE('',*,*,#86790,.T.);
#86810=CARTESIAN_POINT('',(-1.21903738392281,0.099999999999999,
0.505066039855885));
#86820=DIRECTION('',(0.,0.,-1.));
#86830=VECTOR('',#86820,1.);
#86840=LINE('',#86810,#86830);
#86850=CARTESIAN_POINT('',(-1.21903738392281,0.099999999999999,
0.505066039855885));
#86860=VERTEX_POINT('',#86850);
#86870=EDGE_CURVE('',#86860,#86780,#86840,.T.);
#86880=ORIENTED_EDGE('',*,*,#86870,.T.);
#86890=CARTESIAN_POINT('',(0.860962616077189,0.099999999999999,
0.505066039855885));
#86900=DIRECTION('',(1.,0.,-0.));
#86910=VECTOR('',#86900,1.);
#86920=LINE('',#86890,#86910);
#86930=EDGE_CURVE('',#65850,#86860,#86920,.T.);
#86940=ORIENTED_EDGE('',*,*,#86930,.T.);
#86950=EDGE_LOOP('',(#86940,#86880,#86800,#86720));
#86960=FACE_OUTER_BOUND('',#86950,.T.);
#86970=ADVANCED_FACE('',(#86960),#86710,.T.);
#86980=CARTESIAN_POINT('',(-0.920289611309172,1.08874777261364,
4.34556918985588));
#86990=DIRECTION('',(-0.707106781186522,0.707106781186573,0.));
#87000=DIRECTION('',(0.707106781186573,0.707106781186522,0.));
#87010=AXIS2_PLACEMENT_3D('',#86980,#86990,#87000);
#87020=PLANE('',#87010);
#87030=CARTESIAN_POINT('',(-1.61903738392281,0.390000000000048,
-3.32993396014411));
#87040=DIRECTION('',(0.57735026918964,0.577350269189598,
-0.57735026918964));
#87050=VECTOR('',#87040,1.);
#87060=LINE('',#87030,#87050);
#87070=EDGE_CURVE('',#8700,#63820,#87060,.T.);
#87080=ORIENTED_EDGE('',*,*,#87070,.F.);
#87090=ORIENTED_EDGE('',*,*,#63830,.T.);
#87100=ORIENTED_EDGE('',*,*,#65260,.F.);
#87110=ORIENTED_EDGE('',*,*,#8790,.T.);
#87120=EDGE_LOOP('',(#87110,#87100,#87090,#87080));
#87130=FACE_OUTER_BOUND('',#87120,.T.);
#87140=ADVANCED_FACE('',(#87130),#87020,.T.);
#87150=CARTESIAN_POINT('',(1.03096261607719,0.0999999999999989,
3.70883703985589));
#87160=DIRECTION('',(0.,0.,-1.));
#87170=DIRECTION('',(-1.,0.,-0.));
#87180=AXIS2_PLACEMENT_3D('',#87150,#87160,#87170);
#87190=CYLINDRICAL_SURFACE('',#87180,0.150000000000001);
#87200=ORIENTED_EDGE('',*,*,#2630,.F.);
#87210=ORIENTED_EDGE('',*,*,#79020,.F.);
#87220=ORIENTED_EDGE('',*,*,#2240,.T.);
#87230=ORIENTED_EDGE('',*,*,#57660,.T.);
#87240=EDGE_LOOP('',(#87230,#87220,#87210,#87200));
#87250=FACE_OUTER_BOUND('',#87240,.T.);
#87260=ADVANCED_FACE('',(#87250),#87190,.T.);
#87270=CARTESIAN_POINT('',(1.22445946607719,0.099999999999999,
3.70881918985588));
#87280=DIRECTION('',(0.,1.,0.));
#87290=DIRECTION('',(1.,-0.,0.));
#87300=AXIS2_PLACEMENT_3D('',#87270,#87280,#87290);
#87310=PLANE('',#87300);
#87320=ORIENTED_EDGE('',*,*,#1820,.F.);
#87330=ORIENTED_EDGE('',*,*,#78930,.F.);
#87340=ORIENTED_EDGE('',*,*,#1580,.F.);
#87350=ORIENTED_EDGE('',*,*,#57740,.F.);
#87360=EDGE_LOOP('',(#87350,#87340,#87330,#87320));
#87370=FACE_OUTER_BOUND('',#87360,.T.);
#87380=ADVANCED_FACE('',(#87370),#87310,.T.);
#87390=CARTESIAN_POINT('',(-1.21253423392281,-9.99200722162641E-16,
0.508819189855885));
#87400=DIRECTION('',(0.,-1.,0.));
#87410=DIRECTION('',(-1.,-0.,0.));
#87420=AXIS2_PLACEMENT_3D('',#87390,#87400,#87410);
#87430=PLANE('',#87420);
#87440=CARTESIAN_POINT('',(0.860962616077189,-9.99200722162641E-16,
0.505066039855885));
#87450=DIRECTION('',(-1.,0.,0.));
#87460=VECTOR('',#87450,1.);
#87470=LINE('',#87440,#87460);
#87480=EDGE_CURVE('',#85740,#65930,#87470,.T.);
#87490=ORIENTED_EDGE('',*,*,#87480,.T.);
#87500=ORIENTED_EDGE('',*,*,#86000,.F.);
#87510=CARTESIAN_POINT('',(0.860962616077189,-9.99200722162641E-16,
0.355066039855885));
#87520=DIRECTION('',(1.,0.,0.));
#87530=VECTOR('',#87520,1.);
#87540=LINE('',#87510,#87530);
#87550=EDGE_CURVE('',#66010,#85930,#87540,.T.);
#87560=ORIENTED_EDGE('',*,*,#87550,.T.);
#87570=ORIENTED_EDGE('',*,*,#66020,.T.);
#87580=EDGE_LOOP('',(#87570,#87560,#87500,#87490));
#87590=FACE_OUTER_BOUND('',#87580,.T.);
#87600=ADVANCED_FACE('',(#87590),#87430,.T.);
#87610=CARTESIAN_POINT('',(-1.01903738392281,0.099999999999999,
0.508837039855886));
#87620=DIRECTION('',(0.,0.,-1.));
#87630=DIRECTION('',(-1.,0.,-0.));
#87640=AXIS2_PLACEMENT_3D('',#87610,#87620,#87630);
#87650=CYLINDRICAL_SURFACE('',#87640,0.150000000000001);
#87660=CARTESIAN_POINT('',(-1.01903738392281,0.099999999999999,
0.505066039855885));
#87670=DIRECTION('',(-0.,-0.,1.));
#87680=DIRECTION('',(-1.,0.,0.));
#87690=AXIS2_PLACEMENT_3D('',#87660,#87670,#87680);
#87700=CIRCLE('',#87690,0.150000000000001);
#87710=CARTESIAN_POINT('',(-1.15139032509928,0.170588235294116,
0.505066039855885));
#87720=VERTEX_POINT('',#87710);
#87730=EDGE_CURVE('',#85420,#87720,#87700,.T.);
#87740=ORIENTED_EDGE('',*,*,#87730,.F.);
#87750=CARTESIAN_POINT('',(-1.15139032509928,0.170588235294116,
0.505066039855885));
#87760=DIRECTION('',(0.,0.,-1.));
#87770=VECTOR('',#87760,1.);
#87780=LINE('',#87750,#87770);
#87790=CARTESIAN_POINT('',(-1.15139032509928,0.170588235294116,
0.355066039855885));
#87800=VERTEX_POINT('',#87790);
#87810=EDGE_CURVE('',#87720,#87800,#87780,.T.);
#87820=ORIENTED_EDGE('',*,*,#87810,.F.);
#87830=CARTESIAN_POINT('',(-1.01903738392281,0.099999999999999,
0.355066039855885));
#87840=DIRECTION('',(-0.,-0.,1.));
#87850=DIRECTION('',(-1.,0.,0.));
#87860=AXIS2_PLACEMENT_3D('',#87830,#87840,#87850);
#87870=CIRCLE('',#87860,0.150000000000001);
#87880=EDGE_CURVE('',#85440,#87800,#87870,.T.);
#87890=ORIENTED_EDGE('',*,*,#87880,.T.);
#87900=ORIENTED_EDGE('',*,*,#85450,.T.);
#87910=EDGE_LOOP('',(#87900,#87890,#87820,#87740));
#87920=FACE_OUTER_BOUND('',#87910,.T.);
#87930=ADVANCED_FACE('',(#87920),#87650,.T.);
#87940=CARTESIAN_POINT('',(1.50496576607719,-0.00625315000000093,
-0.0449339601441148));
#87950=DIRECTION('',(0.,0.,-1.));
#87960=DIRECTION('',(-1.,0.,-0.));
#87970=AXIS2_PLACEMENT_3D('',#87940,#87950,#87960);
#87980=PLANE('',#87970);
#87990=ORIENTED_EDGE('',*,*,#39650,.T.);
#88000=CARTESIAN_POINT('',(1.03096261607719,0.1,-0.0449339601441148));
#88010=DIRECTION('',(0.,0.,-1.));
#88020=DIRECTION('',(-1.,0.,-0.));
#88030=AXIS2_PLACEMENT_3D('',#88000,#88010,#88020);
#88040=CIRCLE('',#88030,0.0499999999999985);
#88050=CARTESIAN_POINT('',(1.07508026313601,0.123529411764705,
-0.0449339601441148));
#88060=VERTEX_POINT('',#88050);
#88070=EDGE_CURVE('',#39580,#88060,#88040,.T.);
#88080=ORIENTED_EDGE('',*,*,#88070,.F.);
#88090=CARTESIAN_POINT('',(0.794295949410517,0.649999999999997,
-0.0449339601441148));
#88100=DIRECTION('',(-0.470588235294126,0.882352941176466,0.));
#88110=VECTOR('',#88100,1.);
#88120=LINE('',#88090,#88110);
#88130=CARTESIAN_POINT('',(1.09860967490072,0.0794117647058811,
-0.0449339601441148));
#88140=VERTEX_POINT('',#88130);
#88150=EDGE_CURVE('',#88140,#88060,#88120,.T.);
#88160=ORIENTED_EDGE('',*,*,#88150,.T.);
#88170=CARTESIAN_POINT('',(1.23096261607719,0.149999999999998,
-0.0449339601441148));
#88180=DIRECTION('',(0.,0.,-1.));
#88190=DIRECTION('',(-1.,0.,0.));
#88200=AXIS2_PLACEMENT_3D('',#88170,#88180,#88190);
#88210=CIRCLE('',#88200,0.149999999999999);
#88220=CARTESIAN_POINT('',(1.23096261607719,-9.99200722162641E-16,
-0.0449339601441148));
#88230=VERTEX_POINT('',#88220);
#88240=EDGE_CURVE('',#88230,#88140,#88210,.T.);
#88250=ORIENTED_EDGE('',*,*,#88240,.T.);
#88260=CARTESIAN_POINT('',(0.860962616077189,0.,-0.0449339601441148));
#88270=DIRECTION('',(-1.,-0.,0.));
#88280=VECTOR('',#88270,1.);
#88290=LINE('',#88260,#88280);
#88300=CARTESIAN_POINT('',(1.49096261607719,0.,-0.0449339601441148));
#88310=VERTEX_POINT('',#88300);
#88320=EDGE_CURVE('',#88310,#88230,#88290,.T.);
#88330=ORIENTED_EDGE('',*,*,#88320,.T.);
#88340=CARTESIAN_POINT('',(1.49096261607719,0.649999999999997,
-0.0449339601441148));
#88350=DIRECTION('',(0.,-1.,0.));
#88360=VECTOR('',#88350,1.);
#88370=LINE('',#88340,#88360);
#88380=CARTESIAN_POINT('',(1.49096261607719,0.099999999999999,
-0.0449339601441148));
#88390=VERTEX_POINT('',#88380);
#88400=EDGE_CURVE('',#88390,#88310,#88370,.T.);
#88410=ORIENTED_EDGE('',*,*,#88400,.T.);
#88420=CARTESIAN_POINT('',(0.860962616077189,0.099999999999999,
-0.0449339601441148));
#88430=DIRECTION('',(1.,-0.,0.));
#88440=VECTOR('',#88430,1.);
#88450=LINE('',#88420,#88440);
#88460=CARTESIAN_POINT('',(1.23096261607719,0.099999999999999,
-0.0449339601441148));
#88470=VERTEX_POINT('',#88460);
#88480=EDGE_CURVE('',#88470,#88390,#88450,.T.);
#88490=ORIENTED_EDGE('',*,*,#88480,.T.);
#88500=CARTESIAN_POINT('',(1.23096261607719,0.149999999999998,
-0.0449339601441148));
#88510=DIRECTION('',(0.,0.,-1.));
#88520=DIRECTION('',(-1.,0.,-0.));
#88530=AXIS2_PLACEMENT_3D('',#88500,#88510,#88520);
#88540=CIRCLE('',#88530,0.0499999999999981);
#88550=CARTESIAN_POINT('',(1.18684496901837,0.126470588235293,
-0.0449339601441148));
#88560=VERTEX_POINT('',#88550);
#88570=EDGE_CURVE('',#88470,#88560,#88540,.T.);
#88580=ORIENTED_EDGE('',*,*,#88570,.F.);
#88590=CARTESIAN_POINT('',(0.907629282743856,0.649999999999997,
-0.0449339601441152));
#88600=DIRECTION('',(0.470588235294118,-0.88235294117647,0.));
#88610=VECTOR('',#88600,1.);
#88620=LINE('',#88590,#88610);
#88630=CARTESIAN_POINT('',(1.16331555725366,0.170588235294117,
-0.0449339601441148));
#88640=VERTEX_POINT('',#88630);
#88650=EDGE_CURVE('',#88640,#88560,#88620,.T.);
#88660=ORIENTED_EDGE('',*,*,#88650,.T.);
#88670=CARTESIAN_POINT('',(1.03096261607719,0.0999999999999989,
-0.0449339601441148));
#88680=DIRECTION('',(0.,0.,-1.));
#88690=DIRECTION('',(-1.,0.,0.));
#88700=AXIS2_PLACEMENT_3D('',#88670,#88680,#88690);
#88710=CIRCLE('',#88700,0.150000000000001);
#88720=CARTESIAN_POINT('',(1.03096261607719,0.249999999999999,
-0.0449339601441148));
#88730=VERTEX_POINT('',#88720);
#88740=EDGE_CURVE('',#88730,#88640,#88710,.T.);
#88750=ORIENTED_EDGE('',*,*,#88740,.T.);
#88760=CARTESIAN_POINT('',(0.860962616077189,0.249999999999999,
-0.0449339601441148));
#88770=DIRECTION('',(1.,-0.,0.));
#88780=VECTOR('',#88770,1.);
#88790=LINE('',#88760,#88780);
#88800=EDGE_CURVE('',#34480,#88730,#88790,.T.);
#88810=ORIENTED_EDGE('',*,*,#88800,.T.);
#88820=ORIENTED_EDGE('',*,*,#34490,.F.);
#88830=EDGE_LOOP('',(#88820,#88810,#88750,#88660,#88580,#88490,#88410,
#88330,#88250,#88160,#88080,#87990));
#88840=FACE_OUTER_BOUND('',#88830,.T.);
#88850=ADVANCED_FACE('',(#88840),#87980,.T.);
#88860=CARTESIAN_POINT('',(-1.21253423392281,-9.99200722162641E-16,
-0.291180810144115));
#88870=DIRECTION('',(0.,-1.,0.));
#88880=DIRECTION('',(-1.,-0.,0.));
#88890=AXIS2_PLACEMENT_3D('',#88860,#88870,#88880);
#88900=PLANE('',#88890);
#88910=CARTESIAN_POINT('',(0.860962616077189,-9.99200722162641E-16,
-0.294933960144115));
#88920=DIRECTION('',(-1.,0.,0.));
#88930=VECTOR('',#88920,1.);
#88940=LINE('',#88910,#88930);
#88950=CARTESIAN_POINT('',(-1.21903738392281,-9.99200722162641E-16,
-0.294933960144115));
#88960=VERTEX_POINT('',#88950);
#88970=CARTESIAN_POINT('',(-1.47903738392282,-9.99200722162641E-16,
-0.294933960144115));
#88980=VERTEX_POINT('',#88970);
#88990=EDGE_CURVE('',#88960,#88980,#88940,.T.);
#89000=ORIENTED_EDGE('',*,*,#88990,.T.);
#89010=CARTESIAN_POINT('',(-1.21903738392281,-9.99200722162641E-16,
-0.294933960144115));
#89020=DIRECTION('',(0.,0.,-1.));
#89030=VECTOR('',#89020,1.);
#89040=LINE('',#89010,#89030);
#89050=CARTESIAN_POINT('',(-1.21903738392281,-9.99200722162641E-16,
-0.444933960144115));
#89060=VERTEX_POINT('',#89050);
#89070=EDGE_CURVE('',#88960,#89060,#89040,.T.);
#89080=ORIENTED_EDGE('',*,*,#89070,.F.);
#89090=CARTESIAN_POINT('',(0.860962616077189,-9.99200722162641E-16,
-0.444933960144115));
#89100=DIRECTION('',(1.,0.,0.));
#89110=VECTOR('',#89100,1.);
#89120=LINE('',#89090,#89110);
#89130=CARTESIAN_POINT('',(-1.47903738392282,-9.99200722162641E-16,
-0.444933960144115));
#89140=VERTEX_POINT('',#89130);
#89150=EDGE_CURVE('',#89140,#89060,#89120,.T.);
#89160=ORIENTED_EDGE('',*,*,#89150,.T.);
#89170=CARTESIAN_POINT('',(-1.47903738392282,-9.99200722162641E-16,
-3.32993396014411));
#89180=DIRECTION('',(-0.,0.,-1.));
#89190=VECTOR('',#89180,1.);
#89200=LINE('',#89170,#89190);
#89210=EDGE_CURVE('',#88980,#89140,#89200,.T.);
#89220=ORIENTED_EDGE('',*,*,#89210,.T.);
#89230=EDGE_LOOP('',(#89220,#89160,#89080,#89000));
#89240=FACE_OUTER_BOUND('',#89230,.T.);
#89250=ADVANCED_FACE('',(#89240),#88900,.T.);
#89260=CARTESIAN_POINT('',(1.23096261607719,0.149999999999998,
0.508837039855884));
#89270=DIRECTION('',(0.,0.,-1.));
#89280=DIRECTION('',(-1.,0.,-0.));
#89290=AXIS2_PLACEMENT_3D('',#89260,#89270,#89280);
#89300=CYLINDRICAL_SURFACE('',#89290,0.149999999999999);
#89310=CARTESIAN_POINT('',(1.23096261607719,-9.99200722162641E-16,
0.505066039855885));
#89320=DIRECTION('',(0.,0.,-1.));
#89330=VECTOR('',#89320,1.);
#89340=LINE('',#89310,#89330);
#89350=CARTESIAN_POINT('',(1.23096261607719,0.,0.505066039855885));
#89360=VERTEX_POINT('',#89350);
#89370=CARTESIAN_POINT('',(1.23096261607719,-9.99200722162641E-16,
0.355066039855885));
#89380=VERTEX_POINT('',#89370);
#89390=EDGE_CURVE('',#89360,#89380,#89340,.T.);
#89400=ORIENTED_EDGE('',*,*,#89390,.F.);
#89410=CARTESIAN_POINT('',(1.23096261607719,0.149999999999998,
0.355066039855885));
#89420=DIRECTION('',(0.,0.,-1.));
#89430=DIRECTION('',(-1.,0.,0.));
#89440=AXIS2_PLACEMENT_3D('',#89410,#89420,#89430);
#89450=CIRCLE('',#89440,0.149999999999999);
#89460=CARTESIAN_POINT('',(1.09860967490072,0.0794117647058811,
0.355066039855885));
#89470=VERTEX_POINT('',#89460);
#89480=EDGE_CURVE('',#89380,#89470,#89450,.T.);
#89490=ORIENTED_EDGE('',*,*,#89480,.F.);
#89500=CARTESIAN_POINT('',(1.09860967490072,0.0794117647058811,
0.505066039855885));
#89510=DIRECTION('',(0.,0.,-1.));
#89520=VECTOR('',#89510,1.);
#89530=LINE('',#89500,#89520);
#89540=CARTESIAN_POINT('',(1.09860967490072,0.0794117647058811,
0.505066039855885));
#89550=VERTEX_POINT('',#89540);
#89560=EDGE_CURVE('',#89550,#89470,#89530,.T.);
#89570=ORIENTED_EDGE('',*,*,#89560,.T.);
#89580=CARTESIAN_POINT('',(1.23096261607719,0.149999999999998,
0.505066039855885));
#89590=DIRECTION('',(0.,0.,-1.));
#89600=DIRECTION('',(-1.,0.,0.));
#89610=AXIS2_PLACEMENT_3D('',#89580,#89590,#89600);
#89620=CIRCLE('',#89610,0.149999999999999);
#89630=EDGE_CURVE('',#89360,#89550,#89620,.T.);
#89640=ORIENTED_EDGE('',*,*,#89630,.T.);
#89650=EDGE_LOOP('',(#89640,#89570,#89490,#89400));
#89660=FACE_OUTER_BOUND('',#89650,.T.);
#89670=ADVANCED_FACE('',(#89660),#89300,.T.);
#89680=CARTESIAN_POINT('',(1.03096261607719,0.0999999999999989,
0.508837039855885));
#89690=DIRECTION('',(0.,0.,-1.));
#89700=DIRECTION('',(-1.,0.,-0.));
#89710=AXIS2_PLACEMENT_3D('',#89680,#89690,#89700);
#89720=CYLINDRICAL_SURFACE('',#89710,0.150000000000001);
#89730=CARTESIAN_POINT('',(1.03096261607719,0.249999999999999,
0.505066039855885));
#89740=DIRECTION('',(0.,0.,-1.));
#89750=VECTOR('',#89740,1.);
#89760=LINE('',#89730,#89750);
#89770=CARTESIAN_POINT('',(1.03096261607719,0.249999999999999,
0.505066039855885));
#89780=VERTEX_POINT('',#89770);
#89790=CARTESIAN_POINT('',(1.03096261607719,0.249999999999999,
0.355066039855885));
#89800=VERTEX_POINT('',#89790);
#89810=EDGE_CURVE('',#89780,#89800,#89760,.T.);
#89820=ORIENTED_EDGE('',*,*,#89810,.F.);
#89830=CARTESIAN_POINT('',(1.03096261607719,0.0999999999999989,
0.355066039855885));
#89840=DIRECTION('',(0.,0.,-1.));
#89850=DIRECTION('',(-1.,0.,0.));
#89860=AXIS2_PLACEMENT_3D('',#89830,#89840,#89850);
#89870=CIRCLE('',#89860,0.150000000000001);
#89880=CARTESIAN_POINT('',(1.16331555725366,0.170588235294117,
0.355066039855885));
#89890=VERTEX_POINT('',#89880);
#89900=EDGE_CURVE('',#89800,#89890,#89870,.T.);
#89910=ORIENTED_EDGE('',*,*,#89900,.F.);
#89920=CARTESIAN_POINT('',(1.16331555725366,0.170588235294117,
0.505066039855885));
#89930=DIRECTION('',(0.,0.,-1.));
#89940=VECTOR('',#89930,1.);
#89950=LINE('',#89920,#89940);
#89960=CARTESIAN_POINT('',(1.16331555725366,0.170588235294117,
0.505066039855885));
#89970=VERTEX_POINT('',#89960);
#89980=EDGE_CURVE('',#89970,#89890,#89950,.T.);
#89990=ORIENTED_EDGE('',*,*,#89980,.T.);
#90000=CARTESIAN_POINT('',(1.03096261607719,0.0999999999999989,
0.505066039855885));
#90010=DIRECTION('',(0.,0.,-1.));
#90020=DIRECTION('',(-1.,0.,0.));
#90030=AXIS2_PLACEMENT_3D('',#90000,#90010,#90020);
#90040=CIRCLE('',#90030,0.150000000000001);
#90050=EDGE_CURVE('',#89780,#89970,#90040,.T.);
#90060=ORIENTED_EDGE('',*,*,#90050,.T.);
#90070=EDGE_LOOP('',(#90060,#89990,#89910,#89820));
#90080=FACE_OUTER_BOUND('',#90070,.T.);
#90090=ADVANCED_FACE('',(#90080),#89720,.T.);
#90100=CARTESIAN_POINT('',(1.03096261607719,0.0999999999999989,
-3.09116296014412));
#90110=DIRECTION('',(0.,0.,-1.));
#90120=DIRECTION('',(-1.,0.,-0.));
#90130=AXIS2_PLACEMENT_3D('',#90100,#90110,#90120);
#90140=CYLINDRICAL_SURFACE('',#90130,0.150000000000001);
#90150=CARTESIAN_POINT('',(1.03096261607719,0.249999999999999,
-3.09493396014412));
#90160=DIRECTION('',(0.,0.,-1.));
#90170=VECTOR('',#90160,1.);
#90180=LINE('',#90150,#90170);
#90190=CARTESIAN_POINT('',(1.03096261607719,0.249999999999999,
-3.09493396014412));
#90200=VERTEX_POINT('',#90190);
#90210=CARTESIAN_POINT('',(1.03096261607719,0.249999999999999,
-3.24493396014411));
#90220=VERTEX_POINT('',#90210);
#90230=EDGE_CURVE('',#90200,#90220,#90180,.T.);
#90240=ORIENTED_EDGE('',*,*,#90230,.F.);
#90250=CARTESIAN_POINT('',(1.03096261607719,0.0999999999999989,
-3.24493396014411));
#90260=DIRECTION('',(0.,0.,-1.));
#90270=DIRECTION('',(-1.,0.,0.));
#90280=AXIS2_PLACEMENT_3D('',#90250,#90260,#90270);
#90290=CIRCLE('',#90280,0.150000000000001);
#90300=CARTESIAN_POINT('',(1.16331555725366,0.170588235294117,
-3.24493396014411));
#90310=VERTEX_POINT('',#90300);
#90320=EDGE_CURVE('',#90220,#90310,#90290,.T.);
#90330=ORIENTED_EDGE('',*,*,#90320,.F.);
#90340=CARTESIAN_POINT('',(1.16331555725366,0.170588235294117,
-3.09493396014412));
#90350=DIRECTION('',(0.,0.,-1.));
#90360=VECTOR('',#90350,1.);
#90370=LINE('',#90340,#90360);
#90380=CARTESIAN_POINT('',(1.16331555725366,0.170588235294117,
-3.09493396014412));
#90390=VERTEX_POINT('',#90380);
#90400=EDGE_CURVE('',#90390,#90310,#90370,.T.);
#90410=ORIENTED_EDGE('',*,*,#90400,.T.);
#90420=CARTESIAN_POINT('',(1.03096261607719,0.0999999999999989,
-3.09493396014412));
#90430=DIRECTION('',(0.,0.,-1.));
#90440=DIRECTION('',(-1.,0.,0.));
#90450=AXIS2_PLACEMENT_3D('',#90420,#90430,#90440);
#90460=CIRCLE('',#90450,0.150000000000001);
#90470=EDGE_CURVE('',#90200,#90390,#90460,.T.);
#90480=ORIENTED_EDGE('',*,*,#90470,.T.);
#90490=EDGE_LOOP('',(#90480,#90410,#90330,#90240));
#90500=FACE_OUTER_BOUND('',#90490,.T.);
#90510=ADVANCED_FACE('',(#90500),#90140,.T.);
#90520=CARTESIAN_POINT('',(-1.01903738392281,0.0999999999999994,
0.508879039855885));
#90530=DIRECTION('',(0.,0.,-1.));
#90540=DIRECTION('',(-1.,0.,-0.));
#90550=AXIS2_PLACEMENT_3D('',#90520,#90530,#90540);
#90560=CYLINDRICAL_SURFACE('',#90550,0.0500000000000001);
#90570=CARTESIAN_POINT('',(-1.01903738392281,0.0999999999999994,
0.355066039855885));
#90580=DIRECTION('',(-0.,-0.,1.));
#90590=DIRECTION('',(-1.,0.,-0.));
#90600=AXIS2_PLACEMENT_3D('',#90570,#90580,#90590);
#90610=CIRCLE('',#90600,0.0500000000000001);
#90620=CARTESIAN_POINT('',(-1.01903738392281,0.149999999999999,
0.355066039855885));
#90630=VERTEX_POINT('',#90620);
#90640=CARTESIAN_POINT('',(-1.06315503098164,0.123529411764705,
0.355066039855885));
#90650=VERTEX_POINT('',#90640);
#90660=EDGE_CURVE('',#90630,#90650,#90610,.T.);
#90670=ORIENTED_EDGE('',*,*,#90660,.F.);
#90680=CARTESIAN_POINT('',(-1.06315503098164,0.123529411764705,
0.505066039855885));
#90690=DIRECTION('',(0.,0.,-1.));
#90700=VECTOR('',#90690,1.);
#90710=LINE('',#90680,#90700);
#90720=CARTESIAN_POINT('',(-1.06315503098164,0.123529411764705,
0.505066039855885));
#90730=VERTEX_POINT('',#90720);
#90740=EDGE_CURVE('',#90730,#90650,#90710,.T.);
#90750=ORIENTED_EDGE('',*,*,#90740,.T.);
#90760=CARTESIAN_POINT('',(-1.01903738392281,0.0999999999999994,
0.505066039855885));
#90770=DIRECTION('',(-0.,-0.,1.));
#90780=DIRECTION('',(-1.,0.,-0.));
#90790=AXIS2_PLACEMENT_3D('',#90760,#90770,#90780);
#90800=CIRCLE('',#90790,0.0500000000000001);
#90810=CARTESIAN_POINT('',(-1.01903738392281,0.149999999999999,
0.505066039855885));
#90820=VERTEX_POINT('',#90810);
#90830=EDGE_CURVE('',#90820,#90730,#90800,.T.);
#90840=ORIENTED_EDGE('',*,*,#90830,.T.);
#90850=CARTESIAN_POINT('',(-1.01903738392281,0.149999999999999,
0.505066039855885));
#90860=DIRECTION('',(0.,0.,-1.));
#90870=VECTOR('',#90860,1.);
#90880=LINE('',#90850,#90870);
#90890=EDGE_CURVE('',#90820,#90630,#90880,.T.);
#90900=ORIENTED_EDGE('',*,*,#90890,.F.);
#90910=EDGE_LOOP('',(#90900,#90840,#90750,#90670));
#90920=FACE_OUTER_BOUND('',#90910,.T.);
#90930=ADVANCED_FACE('',(#90920),#90560,.F.);
#90940=CARTESIAN_POINT('',(-1.21903738392281,0.149999999999998,
0.508879039855885));
#90950=DIRECTION('',(0.,0.,-1.));
#90960=DIRECTION('',(-1.,0.,-0.));
#90970=AXIS2_PLACEMENT_3D('',#90940,#90950,#90960);
#90980=CYLINDRICAL_SURFACE('',#90970,0.0499999999999988);
#90990=CARTESIAN_POINT('',(-1.21903738392281,0.149999999999998,
0.355066039855885));
#91000=DIRECTION('',(-0.,-0.,1.));
#91010=DIRECTION('',(-1.,0.,-0.));
#91020=AXIS2_PLACEMENT_3D('',#90990,#91000,#91010);
#91030=CIRCLE('',#91020,0.0499999999999988);
#91040=CARTESIAN_POINT('',(-1.17491973686399,0.126470588235293,
0.355066039855885));
#91050=VERTEX_POINT('',#91040);
#91060=EDGE_CURVE('',#86780,#91050,#91030,.T.);
#91070=ORIENTED_EDGE('',*,*,#91060,.F.);
#91080=CARTESIAN_POINT('',(-1.17491973686399,0.126470588235293,
0.505066039855885));
#91090=DIRECTION('',(0.,0.,-1.));
#91100=VECTOR('',#91090,1.);
#91110=LINE('',#91080,#91100);
#91120=CARTESIAN_POINT('',(-1.17491973686399,0.126470588235293,
0.505066039855885));
#91130=VERTEX_POINT('',#91120);
#91140=EDGE_CURVE('',#91130,#91050,#91110,.T.);
#91150=ORIENTED_EDGE('',*,*,#91140,.T.);
#91160=CARTESIAN_POINT('',(-1.21903738392281,0.149999999999998,
0.505066039855885));
#91170=DIRECTION('',(-0.,-0.,1.));
#91180=DIRECTION('',(-1.,0.,-0.));
#91190=AXIS2_PLACEMENT_3D('',#91160,#91170,#91180);
#91200=CIRCLE('',#91190,0.0499999999999988);
#91210=EDGE_CURVE('',#86860,#91130,#91200,.T.);
#91220=ORIENTED_EDGE('',*,*,#91210,.T.);
#91230=ORIENTED_EDGE('',*,*,#86870,.F.);
#91240=EDGE_LOOP('',(#91230,#91220,#91150,#91070));
#91250=FACE_OUTER_BOUND('',#91240,.T.);
#91260=ADVANCED_FACE('',(#91250),#90980,.F.);
#91270=CARTESIAN_POINT('',(1.49746576607719,0.,0.508819189855885));
#91280=DIRECTION('',(0.,-1.,0.));
#91290=DIRECTION('',(-1.,-0.,0.));
#91300=AXIS2_PLACEMENT_3D('',#91270,#91280,#91290);
#91310=PLANE('',#91300);
#91320=CARTESIAN_POINT('',(0.860962616077189,0.,0.355066039855885));
#91330=DIRECTION('',(-1.,-0.,-0.));
#91340=VECTOR('',#91330,1.);
#91350=LINE('',#91320,#91340);
#91360=CARTESIAN_POINT('',(1.49096261607719,0.,0.355066039855885));
#91370=VERTEX_POINT('',#91360);
#91380=EDGE_CURVE('',#91370,#89380,#91350,.T.);
#91390=ORIENTED_EDGE('',*,*,#91380,.F.);
#91400=ORIENTED_EDGE('',*,*,#89390,.T.);
#91410=CARTESIAN_POINT('',(0.860962616077189,0.,0.505066039855885));
#91420=DIRECTION('',(1.,-0.,-0.));
#91430=VECTOR('',#91420,1.);
#91440=LINE('',#91410,#91430);
#91450=CARTESIAN_POINT('',(1.49096261607719,0.,0.505066039855885));
#91460=VERTEX_POINT('',#91450);
#91470=EDGE_CURVE('',#89360,#91460,#91440,.T.);
#91480=ORIENTED_EDGE('',*,*,#91470,.F.);
#91490=CARTESIAN_POINT('',(1.49096261607719,0.,-3.32993396014411));
#91500=DIRECTION('',(0.,-0.,-1.));
#91510=VECTOR('',#91500,1.);
#91520=LINE('',#91490,#91510);
#91530=EDGE_CURVE('',#91460,#91370,#91520,.T.);
#91540=ORIENTED_EDGE('',*,*,#91530,.F.);
#91550=EDGE_LOOP('',(#91540,#91480,#91400,#91390));
#91560=FACE_OUTER_BOUND('',#91550,.T.);
#91570=ADVANCED_FACE('',(#91560),#91310,.T.);
#91580=CARTESIAN_POINT('',(1.50496576607719,-0.00625315000000093,
0.355066039855885));
#91590=DIRECTION('',(0.,0.,-1.));
#91600=DIRECTION('',(-1.,0.,-0.));
#91610=AXIS2_PLACEMENT_3D('',#91580,#91590,#91600);
#91620=PLANE('',#91610);
#91630=ORIENTED_EDGE('',*,*,#39420,.T.);
#91640=CARTESIAN_POINT('',(1.03096261607719,0.1,0.355066039855885));
#91650=DIRECTION('',(0.,0.,-1.));
#91660=DIRECTION('',(-1.,0.,-0.));
#91670=AXIS2_PLACEMENT_3D('',#91640,#91650,#91660);
#91680=CIRCLE('',#91670,0.0499999999999985);
#91690=CARTESIAN_POINT('',(1.07508026313601,0.123529411764705,
0.355066039855885));
#91700=VERTEX_POINT('',#91690);
#91710=EDGE_CURVE('',#39350,#91700,#91680,.T.);
#91720=ORIENTED_EDGE('',*,*,#91710,.F.);
#91730=CARTESIAN_POINT('',(0.794295949410517,0.649999999999997,
0.355066039855885));
#91740=DIRECTION('',(-0.470588235294126,0.882352941176466,0.));
#91750=VECTOR('',#91740,1.);
#91760=LINE('',#91730,#91750);
#91770=EDGE_CURVE('',#89470,#91700,#91760,.T.);
#91780=ORIENTED_EDGE('',*,*,#91770,.T.);
#91790=ORIENTED_EDGE('',*,*,#89480,.T.);
#91800=ORIENTED_EDGE('',*,*,#91380,.T.);
#91810=CARTESIAN_POINT('',(1.49096261607719,0.649999999999997,
0.355066039855885));
#91820=DIRECTION('',(0.,-1.,0.));
#91830=VECTOR('',#91820,1.);
#91840=LINE('',#91810,#91830);
#91850=CARTESIAN_POINT('',(1.49096261607719,0.099999999999999,
0.355066039855885));
#91860=VERTEX_POINT('',#91850);
#91870=EDGE_CURVE('',#91860,#91370,#91840,.T.);
#91880=ORIENTED_EDGE('',*,*,#91870,.T.);
#91890=CARTESIAN_POINT('',(0.860962616077189,0.099999999999999,
0.355066039855885));
#91900=DIRECTION('',(1.,-0.,0.));
#91910=VECTOR('',#91900,1.);
#91920=LINE('',#91890,#91910);
#91930=CARTESIAN_POINT('',(1.23096261607719,0.099999999999999,
0.355066039855885));
#91940=VERTEX_POINT('',#91930);
#91950=EDGE_CURVE('',#91940,#91860,#91920,.T.);
#91960=ORIENTED_EDGE('',*,*,#91950,.T.);
#91970=CARTESIAN_POINT('',(1.23096261607719,0.149999999999998,
0.355066039855885));
#91980=DIRECTION('',(0.,0.,-1.));
#91990=DIRECTION('',(-1.,0.,-0.));
#92000=AXIS2_PLACEMENT_3D('',#91970,#91980,#91990);
#92010=CIRCLE('',#92000,0.0499999999999981);
#92020=CARTESIAN_POINT('',(1.18684496901837,0.126470588235293,
0.355066039855885));
#92030=VERTEX_POINT('',#92020);
#92040=EDGE_CURVE('',#91940,#92030,#92010,.T.);
#92050=ORIENTED_EDGE('',*,*,#92040,.F.);
#92060=CARTESIAN_POINT('',(0.907629282743856,0.649999999999997,
0.355066039855885));
#92070=DIRECTION('',(0.470588235294118,-0.88235294117647,0.));
#92080=VECTOR('',#92070,1.);
#92090=LINE('',#92060,#92080);
#92100=EDGE_CURVE('',#89890,#92030,#92090,.T.);
#92110=ORIENTED_EDGE('',*,*,#92100,.T.);
#92120=ORIENTED_EDGE('',*,*,#89900,.T.);
#92130=CARTESIAN_POINT('',(0.860962616077189,0.249999999999999,
0.355066039855885));
#92140=DIRECTION('',(1.,-0.,0.));
#92150=VECTOR('',#92140,1.);
#92160=LINE('',#92130,#92150);
#92170=EDGE_CURVE('',#34800,#89800,#92160,.T.);
#92180=ORIENTED_EDGE('',*,*,#92170,.T.);
#92190=ORIENTED_EDGE('',*,*,#34810,.F.);
#92200=EDGE_LOOP('',(#92190,#92180,#92120,#92110,#92050,#91960,#91880,
#91800,#91790,#91780,#91720,#91630));
#92210=FACE_OUTER_BOUND('',#92200,.T.);
#92220=ADVANCED_FACE('',(#92210),#91620,.T.);
#92230=CARTESIAN_POINT('',(1.23096261607719,0.149999999999998,
0.508879039855885));
#92240=DIRECTION('',(0.,0.,-1.));
#92250=DIRECTION('',(-1.,0.,-0.));
#92260=AXIS2_PLACEMENT_3D('',#92230,#92240,#92250);
#92270=CYLINDRICAL_SURFACE('',#92260,0.0499999999999981);
#92280=CARTESIAN_POINT('',(1.23096261607719,0.099999999999999,
0.505066039855885));
#92290=DIRECTION('',(0.,0.,-1.));
#92300=VECTOR('',#92290,1.);
#92310=LINE('',#92280,#92300);
#92320=CARTESIAN_POINT('',(1.23096261607719,0.099999999999999,
0.505066039855885));
#92330=VERTEX_POINT('',#92320);
#92340=EDGE_CURVE('',#92330,#91940,#92310,.T.);
#92350=ORIENTED_EDGE('',*,*,#92340,.T.);
#92360=CARTESIAN_POINT('',(1.23096261607719,0.149999999999998,
0.505066039855885));
#92370=DIRECTION('',(0.,0.,-1.));
#92380=DIRECTION('',(-1.,0.,-0.));
#92390=AXIS2_PLACEMENT_3D('',#92360,#92370,#92380);
#92400=CIRCLE('',#92390,0.0499999999999981);
#92410=CARTESIAN_POINT('',(1.18684496901837,0.126470588235293,
0.505066039855885));
#92420=VERTEX_POINT('',#92410);
#92430=EDGE_CURVE('',#92330,#92420,#92400,.T.);
#92440=ORIENTED_EDGE('',*,*,#92430,.F.);
#92450=CARTESIAN_POINT('',(1.18684496901837,0.126470588235293,
0.505066039855885));
#92460=DIRECTION('',(0.,0.,-1.));
#92470=VECTOR('',#92460,1.);
#92480=LINE('',#92450,#92470);
#92490=EDGE_CURVE('',#92420,#92030,#92480,.T.);
#92500=ORIENTED_EDGE('',*,*,#92490,.F.);
#92510=ORIENTED_EDGE('',*,*,#92040,.T.);
#92520=EDGE_LOOP('',(#92510,#92500,#92440,#92350));
#92530=FACE_OUTER_BOUND('',#92520,.T.);
#92540=ADVANCED_FACE('',(#92530),#92270,.F.);
#92550=CARTESIAN_POINT('',(1.1627258396066,0.171693955882352,
0.508819189855885));
#92560=DIRECTION('',(0.88235294117647,0.470588235294118,0.));
#92570=DIRECTION('',(0.470588235294118,-0.88235294117647,0.));
#92580=AXIS2_PLACEMENT_3D('',#92550,#92560,#92570);
#92590=PLANE('',#92580);
#92600=ORIENTED_EDGE('',*,*,#89980,.F.);
#92610=ORIENTED_EDGE('',*,*,#92100,.F.);
#92620=ORIENTED_EDGE('',*,*,#92490,.T.);
#92630=CARTESIAN_POINT('',(0.907629282743856,0.649999999999997,
0.505066039855885));
#92640=DIRECTION('',(-0.470588235294118,0.88235294117647,-0.));
#92650=VECTOR('',#92640,1.);
#92660=LINE('',#92630,#92650);
#92670=EDGE_CURVE('',#92420,#89970,#92660,.T.);
#92680=ORIENTED_EDGE('',*,*,#92670,.F.);
#92690=EDGE_LOOP('',(#92680,#92620,#92610,#92600));
#92700=FACE_OUTER_BOUND('',#92690,.T.);
#92710=ADVANCED_FACE('',(#92700),#92590,.T.);
#92720=CARTESIAN_POINT('',(1.49096261607719,0.102503149999999,
0.508819189855885));
#92730=DIRECTION('',(1.,0.,0.));
#92740=DIRECTION('',(0.,-1.,0.));
#92750=AXIS2_PLACEMENT_3D('',#92720,#92730,#92740);
#92760=PLANE('',#92750);
#92770=ORIENTED_EDGE('',*,*,#91530,.T.);
#92780=CARTESIAN_POINT('',(1.49096261607719,0.649999999999997,
0.505066039855885));
#92790=DIRECTION('',(-0.,1.,-0.));
#92800=VECTOR('',#92790,1.);
#92810=LINE('',#92780,#92800);
#92820=CARTESIAN_POINT('',(1.49096261607719,0.099999999999999,
0.505066039855885));
#92830=VERTEX_POINT('',#92820);
#92840=EDGE_CURVE('',#91460,#92830,#92810,.T.);
#92850=ORIENTED_EDGE('',*,*,#92840,.F.);
#92860=CARTESIAN_POINT('',(1.49096261607719,0.099999999999999,
-3.32993396014411));
#92870=DIRECTION('',(0.,-0.,1.));
#92880=VECTOR('',#92870,1.);
#92890=LINE('',#92860,#92880);
#92900=EDGE_CURVE('',#91860,#92830,#92890,.T.);
#92910=ORIENTED_EDGE('',*,*,#92900,.T.);
#92920=ORIENTED_EDGE('',*,*,#91870,.F.);
#92930=EDGE_LOOP('',(#92920,#92910,#92850,#92770));
#92940=FACE_OUTER_BOUND('',#92930,.T.);
#92950=ADVANCED_FACE('',(#92940),#92760,.T.);
#92960=CARTESIAN_POINT('',(1.22445946607719,0.099999999999999,
0.508819189855885));
#92970=DIRECTION('',(0.,1.,0.));
#92980=DIRECTION('',(1.,-0.,0.));
#92990=AXIS2_PLACEMENT_3D('',#92960,#92970,#92980);
#93000=PLANE('',#92990);
#93010=ORIENTED_EDGE('',*,*,#92340,.F.);
#93020=ORIENTED_EDGE('',*,*,#91950,.F.);
#93030=ORIENTED_EDGE('',*,*,#92900,.F.);
#93040=CARTESIAN_POINT('',(0.860962616077189,0.099999999999999,
0.505066039855885));
#93050=DIRECTION('',(-1.,-0.,0.));
#93060=VECTOR('',#93050,1.);
#93070=LINE('',#93040,#93060);
#93080=EDGE_CURVE('',#92830,#92330,#93070,.T.);
#93090=ORIENTED_EDGE('',*,*,#93080,.F.);
#93100=EDGE_LOOP('',(#93090,#93030,#93020,#93010));
#93110=FACE_OUTER_BOUND('',#93100,.T.);
#93120=ADVANCED_FACE('',(#93110),#93000,.T.);
#93130=CARTESIAN_POINT('',(0.92845946607719,0.249999999999999,
0.508819189855885));
#93140=DIRECTION('',(0.,1.,0.));
#93150=DIRECTION('',(1.,-0.,0.));
#93160=AXIS2_PLACEMENT_3D('',#93130,#93140,#93150);
#93170=PLANE('',#93160);
#93180=ORIENTED_EDGE('',*,*,#92170,.F.);
#93190=ORIENTED_EDGE('',*,*,#89810,.T.);
#93200=CARTESIAN_POINT('',(0.860962616077189,0.249999999999999,
0.505066039855885));
#93210=DIRECTION('',(-1.,-0.,0.));
#93220=VECTOR('',#93210,1.);
#93230=LINE('',#93200,#93220);
#93240=EDGE_CURVE('',#89780,#34880,#93230,.T.);
#93250=ORIENTED_EDGE('',*,*,#93240,.F.);
#93260=ORIENTED_EDGE('',*,*,#34890,.T.);
#93270=EDGE_LOOP('',(#93260,#93250,#93190,#93180));
#93280=FACE_OUTER_BOUND('',#93270,.T.);
#93290=ADVANCED_FACE('',(#93280),#93170,.T.);
#93300=CARTESIAN_POINT('',(1.09919939254778,0.0783060441176461,
0.508819189855885));
#93310=DIRECTION('',(-0.882352941176466,-0.470588235294126,0.));
#93320=DIRECTION('',(-0.470588235294126,0.882352941176466,0.));
#93330=AXIS2_PLACEMENT_3D('',#93300,#93310,#93320);
#93340=PLANE('',#93330);
#93350=ORIENTED_EDGE('',*,*,#89560,.F.);
#93360=ORIENTED_EDGE('',*,*,#91770,.F.);
#93370=CARTESIAN_POINT('',(1.07508026313601,0.123529411764705,
0.505066039855885));
#93380=DIRECTION('',(0.,0.,-1.));
#93390=VECTOR('',#93380,1.);
#93400=LINE('',#93370,#93390);
#93410=CARTESIAN_POINT('',(1.07508026313601,0.123529411764705,
0.505066039855885));
#93420=VERTEX_POINT('',#93410);
#93430=EDGE_CURVE('',#93420,#91700,#93400,.T.);
#93440=ORIENTED_EDGE('',*,*,#93430,.T.);
#93450=CARTESIAN_POINT('',(0.794295949410517,0.649999999999997,
0.505066039855885));
#93460=DIRECTION('',(0.470588235294126,-0.882352941176466,-0.));
#93470=VECTOR('',#93460,1.);
#93480=LINE('',#93450,#93470);
#93490=EDGE_CURVE('',#93420,#89550,#93480,.T.);
#93500=ORIENTED_EDGE('',*,*,#93490,.F.);
#93510=EDGE_LOOP('',(#93500,#93440,#93360,#93350));
#93520=FACE_OUTER_BOUND('',#93510,.T.);
#93530=ADVANCED_FACE('',(#93520),#93340,.T.);
#93540=CARTESIAN_POINT('',(1.03096261607719,0.1,0.508879039855886));
#93550=DIRECTION('',(0.,0.,-1.));
#93560=DIRECTION('',(-1.,0.,-0.));
#93570=AXIS2_PLACEMENT_3D('',#93540,#93550,#93560);
#93580=CYLINDRICAL_SURFACE('',#93570,0.0499999999999985);
#93590=ORIENTED_EDGE('',*,*,#39360,.T.);
#93600=CARTESIAN_POINT('',(1.03096261607719,0.1,0.505066039855885));
#93610=DIRECTION('',(0.,0.,-1.));
#93620=DIRECTION('',(-1.,0.,-0.));
#93630=AXIS2_PLACEMENT_3D('',#93600,#93610,#93620);
#93640=CIRCLE('',#93630,0.0499999999999985);
#93650=EDGE_CURVE('',#39270,#93420,#93640,.T.);
#93660=ORIENTED_EDGE('',*,*,#93650,.F.);
#93670=ORIENTED_EDGE('',*,*,#93430,.F.);
#93680=ORIENTED_EDGE('',*,*,#91710,.T.);
#93690=EDGE_LOOP('',(#93680,#93670,#93660,#93590));
#93700=FACE_OUTER_BOUND('',#93690,.T.);
#93710=ADVANCED_FACE('',(#93700),#93580,.F.);
#93720=CARTESIAN_POINT('',(-1.06256531333458,0.12463513235294,
0.508819189855885));
#93730=DIRECTION('',(0.882352941176467,-0.470588235294125,0.));
#93740=DIRECTION('',(-0.470588235294125,-0.882352941176467,0.));
#93750=AXIS2_PLACEMENT_3D('',#93720,#93730,#93740);
#93760=PLANE('',#93750);
#93770=ORIENTED_EDGE('',*,*,#90740,.F.);
#93780=CARTESIAN_POINT('',(-0.782370717256146,0.649999999999997,
0.355066039855885));
#93790=DIRECTION('',(0.470588235294125,0.882352941176467,0.));
#93800=VECTOR('',#93790,1.);
#93810=LINE('',#93780,#93800);
#93820=EDGE_CURVE('',#85840,#90650,#93810,.T.);
#93830=ORIENTED_EDGE('',*,*,#93820,.T.);
#93840=ORIENTED_EDGE('',*,*,#85850,.T.);
#93850=CARTESIAN_POINT('',(-0.782370717256146,0.649999999999997,
0.505066039855885));
#93860=DIRECTION('',(-0.470588235294125,-0.882352941176467,0.));
#93870=VECTOR('',#93860,1.);
#93880=LINE('',#93850,#93870);
#93890=EDGE_CURVE('',#90730,#85760,#93880,.T.);
#93900=ORIENTED_EDGE('',*,*,#93890,.T.);
#93910=EDGE_LOOP('',(#93900,#93840,#93830,#93770));
#93920=FACE_OUTER_BOUND('',#93910,.T.);
#93930=ADVANCED_FACE('',(#93920),#93760,.T.);
#93940=CARTESIAN_POINT('',(0.91695946607719,-0.00625315000000093,
0.505066039855885));
#93950=DIRECTION('',(0.,0.,1.));
#93960=DIRECTION('',(1.,0.,-0.));
#93970=AXIS2_PLACEMENT_3D('',#93940,#93950,#93960);
#93980=PLANE('',#93970);
#93990=ORIENTED_EDGE('',*,*,#93240,.T.);
#94000=ORIENTED_EDGE('',*,*,#90050,.F.);
#94010=ORIENTED_EDGE('',*,*,#92670,.T.);
#94020=ORIENTED_EDGE('',*,*,#92430,.T.);
#94030=ORIENTED_EDGE('',*,*,#93080,.T.);
#94040=ORIENTED_EDGE('',*,*,#92840,.T.);
#94050=ORIENTED_EDGE('',*,*,#91470,.T.);
#94060=ORIENTED_EDGE('',*,*,#89630,.F.);
#94070=ORIENTED_EDGE('',*,*,#93490,.T.);
#94080=ORIENTED_EDGE('',*,*,#93650,.T.);
#94090=ORIENTED_EDGE('',*,*,#39280,.T.);
#94100=ORIENTED_EDGE('',*,*,#34970,.F.);
#94110=EDGE_LOOP('',(#94100,#94090,#94080,#94070,#94060,#94050,#94040,
#94030,#94020,#94010,#94000,#93990));
#94120=FACE_OUTER_BOUND('',#94110,.T.);
#94130=ADVANCED_FACE('',(#94120),#93980,.T.);
#94140=CARTESIAN_POINT('',(-1.17550945451105,0.125364867647058,
0.508819189855885));
#94150=DIRECTION('',(-0.882352941176461,0.470588235294136,0.));
#94160=DIRECTION('',(0.470588235294136,0.882352941176461,0.));
#94170=AXIS2_PLACEMENT_3D('',#94140,#94150,#94160);
#94180=PLANE('',#94170);
#94190=ORIENTED_EDGE('',*,*,#91140,.F.);
#94200=CARTESIAN_POINT('',(-0.895704050589468,0.649999999999997,
0.355066039855885));
#94210=DIRECTION('',(-0.470588235294136,-0.882352941176461,0.));
#94220=VECTOR('',#94210,1.);
#94230=LINE('',#94200,#94220);
#94240=EDGE_CURVE('',#87800,#91050,#94230,.T.);
#94250=ORIENTED_EDGE('',*,*,#94240,.T.);
#94260=ORIENTED_EDGE('',*,*,#87810,.T.);
#94270=CARTESIAN_POINT('',(-0.895704050589468,0.649999999999997,
0.505066039855885));
#94280=DIRECTION('',(0.470588235294136,0.882352941176461,0.));
#94290=VECTOR('',#94280,1.);
#94300=LINE('',#94270,#94290);
#94310=EDGE_CURVE('',#91130,#87720,#94300,.T.);
#94320=ORIENTED_EDGE('',*,*,#94310,.T.);
#94330=EDGE_LOOP('',(#94320,#94260,#94250,#94190));
#94340=FACE_OUTER_BOUND('',#94330,.T.);
#94350=ADVANCED_FACE('',(#94340),#94180,.T.);
#94360=CARTESIAN_POINT('',(-0.905034233922811,-0.00625315000000093,
0.355066039855885));
#94370=DIRECTION('',(0.,0.,-1.));
#94380=DIRECTION('',(-1.,0.,-0.));
#94390=AXIS2_PLACEMENT_3D('',#94360,#94370,#94380);
#94400=PLANE('',#94390);
#94410=ORIENTED_EDGE('',*,*,#85510,.F.);
#94420=ORIENTED_EDGE('',*,*,#87880,.F.);
#94430=ORIENTED_EDGE('',*,*,#94240,.F.);
#94440=ORIENTED_EDGE('',*,*,#91060,.T.);
#94450=ORIENTED_EDGE('',*,*,#86790,.F.);
#94460=ORIENTED_EDGE('',*,*,#66080,.F.);
#94470=ORIENTED_EDGE('',*,*,#87550,.F.);
#94480=ORIENTED_EDGE('',*,*,#85940,.F.);
#94490=ORIENTED_EDGE('',*,*,#93820,.F.);
#94500=ORIENTED_EDGE('',*,*,#90660,.T.);
#94510=CARTESIAN_POINT('',(0.860962616077189,0.15,0.355066039855885));
#94520=DIRECTION('',(1.,0.,-0.));
#94530=VECTOR('',#94520,1.);
#94540=LINE('',#94510,#94530);
#94550=EDGE_CURVE('',#90630,#5340,#94540,.T.);
#94560=ORIENTED_EDGE('',*,*,#94550,.F.);
#94570=ORIENTED_EDGE('',*,*,#5350,.T.);
#94580=EDGE_LOOP('',(#94570,#94560,#94500,#94490,#94480,#94470,#94460,
#94450,#94440,#94430,#94420,#94410));
#94590=FACE_OUTER_BOUND('',#94580,.T.);
#94600=ADVANCED_FACE('',(#94590),#94400,.T.);
#94610=CARTESIAN_POINT('',(-1.49304053392282,-0.00625315000000093,
0.505066039855885));
#94620=DIRECTION('',(0.,0.,1.));
#94630=DIRECTION('',(1.,0.,-0.));
#94640=AXIS2_PLACEMENT_3D('',#94610,#94620,#94630);
#94650=PLANE('',#94640);
#94660=CARTESIAN_POINT('',(0.860962616077189,0.15,0.505066039855885));
#94670=DIRECTION('',(-1.,-0.,-0.));
#94680=VECTOR('',#94670,1.);
#94690=LINE('',#94660,#94680);
#94700=EDGE_CURVE('',#5100,#90820,#94690,.T.);
#94710=ORIENTED_EDGE('',*,*,#94700,.F.);
#94720=ORIENTED_EDGE('',*,*,#90830,.F.);
#94730=ORIENTED_EDGE('',*,*,#93890,.F.);
#94740=ORIENTED_EDGE('',*,*,#85770,.T.);
#94750=ORIENTED_EDGE('',*,*,#87480,.F.);
#94760=ORIENTED_EDGE('',*,*,#65940,.F.);
#94770=ORIENTED_EDGE('',*,*,#86930,.F.);
#94780=ORIENTED_EDGE('',*,*,#91210,.F.);
#94790=ORIENTED_EDGE('',*,*,#94310,.F.);
#94800=ORIENTED_EDGE('',*,*,#87730,.T.);
#94810=ORIENTED_EDGE('',*,*,#85580,.F.);
#94820=ORIENTED_EDGE('',*,*,#5190,.T.);
#94830=EDGE_LOOP('',(#94820,#94810,#94800,#94790,#94780,#94770,#94760,
#94750,#94740,#94730,#94720,#94710));
#94840=FACE_OUTER_BOUND('',#94830,.T.);
#94850=ADVANCED_FACE('',(#94840),#94650,.T.);
#94860=CARTESIAN_POINT('',(1.03096261607719,0.0999999999999989,
0.108837039855885));
#94870=DIRECTION('',(0.,0.,-1.));
#94880=DIRECTION('',(-1.,0.,-0.));
#94890=AXIS2_PLACEMENT_3D('',#94860,#94870,#94880);
#94900=CYLINDRICAL_SURFACE('',#94890,0.150000000000001);
#94910=CARTESIAN_POINT('',(1.03096261607719,0.249999999999999,
0.105066039855885));
#94920=DIRECTION('',(0.,0.,-1.));
#94930=VECTOR('',#94920,1.);
#94940=LINE('',#94910,#94930);
#94950=CARTESIAN_POINT('',(1.03096261607719,0.249999999999999,
0.105066039855885));
#94960=VERTEX_POINT('',#94950);
#94970=EDGE_CURVE('',#94960,#88730,#94940,.T.);
#94980=ORIENTED_EDGE('',*,*,#94970,.F.);
#94990=ORIENTED_EDGE('',*,*,#88740,.F.);
#95000=CARTESIAN_POINT('',(1.16331555725366,0.170588235294117,
0.105066039855885));
#95010=DIRECTION('',(0.,0.,-1.));
#95020=VECTOR('',#95010,1.);
#95030=LINE('',#95000,#95020);
#95040=CARTESIAN_POINT('',(1.16331555725366,0.170588235294117,
0.105066039855885));
#95050=VERTEX_POINT('',#95040);
#95060=EDGE_CURVE('',#95050,#88640,#95030,.T.);
#95070=ORIENTED_EDGE('',*,*,#95060,.T.);
#95080=CARTESIAN_POINT('',(1.03096261607719,0.0999999999999989,
0.105066039855885));
#95090=DIRECTION('',(0.,0.,-1.));
#95100=DIRECTION('',(-1.,0.,0.));
#95110=AXIS2_PLACEMENT_3D('',#95080,#95090,#95100);
#95120=CIRCLE('',#95110,0.150000000000001);
#95130=EDGE_CURVE('',#94960,#95050,#95120,.T.);
#95140=ORIENTED_EDGE('',*,*,#95130,.T.);
#95150=EDGE_LOOP('',(#95140,#95070,#94990,#94980));
#95160=FACE_OUTER_BOUND('',#95150,.T.);
#95170=ADVANCED_FACE('',(#95160),#94900,.T.);
#95180=CARTESIAN_POINT('',(1.22445946607719,0.099999999999999,
0.108819189855885));
#95190=DIRECTION('',(0.,1.,0.));
#95200=DIRECTION('',(1.,-0.,0.));
#95210=AXIS2_PLACEMENT_3D('',#95180,#95190,#95200);
#95220=PLANE('',#95210);
#95230=CARTESIAN_POINT('',(1.23096261607719,0.099999999999999,
0.105066039855885));
#95240=DIRECTION('',(0.,0.,-1.));
#95250=VECTOR('',#95240,1.);
#95260=LINE('',#95230,#95250);
#95270=CARTESIAN_POINT('',(1.23096261607719,0.099999999999999,
0.105066039855885));
#95280=VERTEX_POINT('',#95270);
#95290=EDGE_CURVE('',#95280,#88470,#95260,.T.);
#95300=ORIENTED_EDGE('',*,*,#95290,.F.);
#95310=ORIENTED_EDGE('',*,*,#88480,.F.);
#95320=CARTESIAN_POINT('',(1.49096261607719,0.099999999999999,
-3.32993396014411));
#95330=DIRECTION('',(-0.,-0.,1.));
#95340=VECTOR('',#95330,1.);
#95350=LINE('',#95320,#95340);
#95360=CARTESIAN_POINT('',(1.49096261607719,0.099999999999999,
0.105066039855885));
#95370=VERTEX_POINT('',#95360);
#95380=EDGE_CURVE('',#88390,#95370,#95350,.T.);
#95390=ORIENTED_EDGE('',*,*,#95380,.F.);
#95400=CARTESIAN_POINT('',(0.860962616077189,0.099999999999999,
0.105066039855885));
#95410=DIRECTION('',(-1.,-0.,0.));
#95420=VECTOR('',#95410,1.);
#95430=LINE('',#95400,#95420);
#95440=EDGE_CURVE('',#95370,#95280,#95430,.T.);
#95450=ORIENTED_EDGE('',*,*,#95440,.F.);
#95460=EDGE_LOOP('',(#95450,#95390,#95310,#95300));
#95470=FACE_OUTER_BOUND('',#95460,.T.);
#95480=ADVANCED_FACE('',(#95470),#95220,.T.);
#95490=CARTESIAN_POINT('',(1.09919939254778,0.0783060441176461,
0.108819189855885));
#95500=DIRECTION('',(-0.882352941176466,-0.470588235294126,0.));
#95510=DIRECTION('',(-0.470588235294126,0.882352941176466,0.));
#95520=AXIS2_PLACEMENT_3D('',#95490,#95500,#95510);
#95530=PLANE('',#95520);
#95540=CARTESIAN_POINT('',(1.09860967490072,0.0794117647058811,
0.105066039855885));
#95550=DIRECTION('',(0.,0.,-1.));
#95560=VECTOR('',#95550,1.);
#95570=LINE('',#95540,#95560);
#95580=CARTESIAN_POINT('',(1.09860967490072,0.0794117647058811,
0.105066039855885));
#95590=VERTEX_POINT('',#95580);
#95600=EDGE_CURVE('',#95590,#88140,#95570,.T.);
#95610=ORIENTED_EDGE('',*,*,#95600,.F.);
#95620=ORIENTED_EDGE('',*,*,#88150,.F.);
#95630=CARTESIAN_POINT('',(1.07508026313601,0.123529411764705,
0.105066039855885));
#95640=DIRECTION('',(0.,0.,-1.));
#95650=VECTOR('',#95640,1.);
#95660=LINE('',#95630,#95650);
#95670=CARTESIAN_POINT('',(1.07508026313601,0.123529411764705,
0.105066039855885));
#95680=VERTEX_POINT('',#95670);
#95690=EDGE_CURVE('',#95680,#88060,#95660,.T.);
#95700=ORIENTED_EDGE('',*,*,#95690,.T.);
#95710=CARTESIAN_POINT('',(0.794295949410517,0.649999999999997,
0.105066039855885));
#95720=DIRECTION('',(0.470588235294126,-0.882352941176466,-0.));
#95730=VECTOR('',#95720,1.);
#95740=LINE('',#95710,#95730);
#95750=EDGE_CURVE('',#95680,#95590,#95740,.T.);
#95760=ORIENTED_EDGE('',*,*,#95750,.F.);
#95770=EDGE_LOOP('',(#95760,#95700,#95620,#95610));
#95780=FACE_OUTER_BOUND('',#95770,.T.);
#95790=ADVANCED_FACE('',(#95780),#95530,.T.);
#95800=CARTESIAN_POINT('',(1.49096261607719,0.102503149999999,
0.108819189855885));
#95810=DIRECTION('',(1.,0.,0.));
#95820=DIRECTION('',(0.,-1.,0.));
#95830=AXIS2_PLACEMENT_3D('',#95800,#95810,#95820);
#95840=PLANE('',#95830);
#95850=CARTESIAN_POINT('',(1.49096261607719,0.,-3.32993396014411));
#95860=DIRECTION('',(0.,-0.,-1.));
#95870=VECTOR('',#95860,1.);
#95880=LINE('',#95850,#95870);
#95890=CARTESIAN_POINT('',(1.49096261607719,0.,0.105066039855885));
#95900=VERTEX_POINT('',#95890);
#95910=EDGE_CURVE('',#95900,#88310,#95880,.T.);
#95920=ORIENTED_EDGE('',*,*,#95910,.T.);
#95930=CARTESIAN_POINT('',(1.49096261607719,0.649999999999997,
0.105066039855885));
#95940=DIRECTION('',(-0.,1.,-0.));
#95950=VECTOR('',#95940,1.);
#95960=LINE('',#95930,#95950);
#95970=EDGE_CURVE('',#95900,#95370,#95960,.T.);
#95980=ORIENTED_EDGE('',*,*,#95970,.F.);
#95990=ORIENTED_EDGE('',*,*,#95380,.T.);
#96000=ORIENTED_EDGE('',*,*,#88400,.F.);
#96010=EDGE_LOOP('',(#96000,#95990,#95980,#95920));
#96020=FACE_OUTER_BOUND('',#96010,.T.);
#96030=ADVANCED_FACE('',(#96020),#95840,.T.);
#96040=CARTESIAN_POINT('',(1.49746576607719,0.,0.108819189855885));
#96050=DIRECTION('',(0.,-1.,0.));
#96060=DIRECTION('',(-1.,-0.,0.));
#96070=AXIS2_PLACEMENT_3D('',#96040,#96050,#96060);
#96080=PLANE('',#96070);
#96090=ORIENTED_EDGE('',*,*,#88320,.F.);
#96100=CARTESIAN_POINT('',(1.23096261607719,-9.99200722162641E-16,
0.105066039855885));
#96110=DIRECTION('',(0.,0.,-1.));
#96120=VECTOR('',#96110,1.);
#96130=LINE('',#96100,#96120);
#96140=CARTESIAN_POINT('',(1.23096261607719,0.,0.105066039855885));
#96150=VERTEX_POINT('',#96140);
#96160=EDGE_CURVE('',#96150,#88230,#96130,.T.);
#96170=ORIENTED_EDGE('',*,*,#96160,.T.);
#96180=CARTESIAN_POINT('',(0.860962616077189,0.,0.105066039855885));
#96190=DIRECTION('',(1.,-0.,-0.));
#96200=VECTOR('',#96190,1.);
#96210=LINE('',#96180,#96200);
#96220=EDGE_CURVE('',#96150,#95900,#96210,.T.);
#96230=ORIENTED_EDGE('',*,*,#96220,.F.);
#96240=ORIENTED_EDGE('',*,*,#95910,.F.);
#96250=EDGE_LOOP('',(#96240,#96230,#96170,#96090));
#96260=FACE_OUTER_BOUND('',#96250,.T.);
#96270=ADVANCED_FACE('',(#96260),#96080,.T.);
#96280=CARTESIAN_POINT('',(1.23096261607719,0.149999999999998,
0.108837039855885));
#96290=DIRECTION('',(0.,0.,-1.));
#96300=DIRECTION('',(-1.,0.,-0.));
#96310=AXIS2_PLACEMENT_3D('',#96280,#96290,#96300);
#96320=CYLINDRICAL_SURFACE('',#96310,0.149999999999999);
#96330=ORIENTED_EDGE('',*,*,#96160,.F.);
#96340=ORIENTED_EDGE('',*,*,#88240,.F.);
#96350=ORIENTED_EDGE('',*,*,#95600,.T.);
#96360=CARTESIAN_POINT('',(1.23096261607719,0.149999999999998,
0.105066039855885));
#96370=DIRECTION('',(0.,0.,-1.));
#96380=DIRECTION('',(-1.,0.,0.));
#96390=AXIS2_PLACEMENT_3D('',#96360,#96370,#96380);
#96400=CIRCLE('',#96390,0.149999999999999);
#96410=EDGE_CURVE('',#96150,#95590,#96400,.T.);
#96420=ORIENTED_EDGE('',*,*,#96410,.T.);
#96430=EDGE_LOOP('',(#96420,#96350,#96340,#96330));
#96440=FACE_OUTER_BOUND('',#96430,.T.);
#96450=ADVANCED_FACE('',(#96440),#96320,.T.);
#96460=CARTESIAN_POINT('',(-1.17550945451105,0.125364867647058,
0.108819189855885));
#96470=DIRECTION('',(-0.882352941176461,0.470588235294136,0.));
#96480=DIRECTION('',(0.470588235294136,0.882352941176461,0.));
#96490=AXIS2_PLACEMENT_3D('',#96460,#96470,#96480);
#96500=PLANE('',#96490);
#96510=CARTESIAN_POINT('',(-1.17491973686399,0.126470588235293,
0.105066039855885));
#96520=DIRECTION('',(0.,0.,-1.));
#96530=VECTOR('',#96520,1.);
#96540=LINE('',#96510,#96530);
#96550=CARTESIAN_POINT('',(-1.17491973686399,0.126470588235293,
0.105066039855885));
#96560=VERTEX_POINT('',#96550);
#96570=CARTESIAN_POINT('',(-1.17491973686399,0.126470588235293,
-0.0449339601441148));
#96580=VERTEX_POINT('',#96570);
#96590=EDGE_CURVE('',#96560,#96580,#96540,.T.);
#96600=ORIENTED_EDGE('',*,*,#96590,.F.);
#96610=CARTESIAN_POINT('',(-0.895704050589468,0.649999999999997,
-0.0449339601441148));
#96620=DIRECTION('',(-0.470588235294136,-0.882352941176461,0.));
#96630=VECTOR('',#96620,1.);
#96640=LINE('',#96610,#96630);
#96650=CARTESIAN_POINT('',(-1.15139032509928,0.170588235294116,
-0.0449339601441148));
#96660=VERTEX_POINT('',#96650);
#96670=EDGE_CURVE('',#96660,#96580,#96640,.T.);
#96680=ORIENTED_EDGE('',*,*,#96670,.T.);
#96690=CARTESIAN_POINT('',(-1.15139032509928,0.170588235294116,
0.105066039855885));
#96700=DIRECTION('',(0.,0.,-1.));
#96710=VECTOR('',#96700,1.);
#96720=LINE('',#96690,#96710);
#96730=CARTESIAN_POINT('',(-1.15139032509928,0.170588235294116,
0.105066039855885));
#96740=VERTEX_POINT('',#96730);
#96750=EDGE_CURVE('',#96740,#96660,#96720,.T.);
#96760=ORIENTED_EDGE('',*,*,#96750,.T.);
#96770=CARTESIAN_POINT('',(-0.895704050589468,0.649999999999997,
0.105066039855885));
#96780=DIRECTION('',(0.470588235294136,0.882352941176461,0.));
#96790=VECTOR('',#96780,1.);
#96800=LINE('',#96770,#96790);
#96810=EDGE_CURVE('',#96560,#96740,#96800,.T.);
#96820=ORIENTED_EDGE('',*,*,#96810,.T.);
#96830=EDGE_LOOP('',(#96820,#96760,#96680,#96600));
#96840=FACE_OUTER_BOUND('',#96830,.T.);
#96850=ADVANCED_FACE('',(#96840),#96500,.T.);
#96860=CARTESIAN_POINT('',(-0.905034233922811,-0.00625315000000093,
-0.0449339601441148));
#96870=DIRECTION('',(0.,0.,-1.));
#96880=DIRECTION('',(-1.,0.,-0.));
#96890=AXIS2_PLACEMENT_3D('',#96860,#96870,#96880);
#96900=PLANE('',#96890);
#96910=CARTESIAN_POINT('',(0.860962616077189,0.249999999999999,
-0.0449339601441148));
#96920=DIRECTION('',(-1.,0.,-0.));
#96930=VECTOR('',#96920,1.);
#96940=LINE('',#96910,#96930);
#96950=CARTESIAN_POINT('',(-1.01903738392281,0.249999999999999,
-0.0449339601441148));
#96960=VERTEX_POINT('',#96950);
#96970=EDGE_CURVE('',#5580,#96960,#96940,.T.);
#96980=ORIENTED_EDGE('',*,*,#96970,.F.);
#96990=CARTESIAN_POINT('',(-1.01903738392281,0.099999999999999,
-0.0449339601441148));
#97000=DIRECTION('',(-0.,-0.,1.));
#97010=DIRECTION('',(-1.,0.,0.));
#97020=AXIS2_PLACEMENT_3D('',#96990,#97000,#97010);
#97030=CIRCLE('',#97020,0.150000000000001);
#97040=EDGE_CURVE('',#96960,#96660,#97030,.T.);
#97050=ORIENTED_EDGE('',*,*,#97040,.F.);
#97060=ORIENTED_EDGE('',*,*,#96670,.F.);
#97070=CARTESIAN_POINT('',(-1.21903738392281,0.149999999999998,
-0.0449339601441148));
#97080=DIRECTION('',(-0.,-0.,1.));
#97090=DIRECTION('',(-1.,0.,-0.));
#97100=AXIS2_PLACEMENT_3D('',#97070,#97080,#97090);
#97110=CIRCLE('',#97100,0.0499999999999988);
#97120=CARTESIAN_POINT('',(-1.21903738392281,0.099999999999999,
-0.0449339601441148));
#97130=VERTEX_POINT('',#97120);
#97140=EDGE_CURVE('',#97130,#96580,#97110,.T.);
#97150=ORIENTED_EDGE('',*,*,#97140,.T.);
#97160=CARTESIAN_POINT('',(0.860962616077189,0.099999999999999,
-0.0449339601441148));
#97170=DIRECTION('',(-1.,0.,-0.));
#97180=VECTOR('',#97170,1.);
#97190=LINE('',#97160,#97180);
#97200=CARTESIAN_POINT('',(-1.47903738392281,0.099999999999999,
-0.0449339601441148));
#97210=VERTEX_POINT('',#97200);
#97220=EDGE_CURVE('',#97130,#97210,#97190,.T.);
#97230=ORIENTED_EDGE('',*,*,#97220,.F.);
#97240=CARTESIAN_POINT('',(-1.47903738392282,0.649999999999997,
-0.0449339601441148));
#97250=DIRECTION('',(-0.,-1.,-0.));
#97260=VECTOR('',#97250,1.);
#97270=LINE('',#97240,#97260);
#97280=CARTESIAN_POINT('',(-1.47903738392282,-9.99200722162641E-16,
-0.0449339601441148));
#97290=VERTEX_POINT('',#97280);
#97300=EDGE_CURVE('',#97210,#97290,#97270,.T.);
#97310=ORIENTED_EDGE('',*,*,#97300,.F.);
#97320=CARTESIAN_POINT('',(0.860962616077189,-9.99200722162641E-16,
-0.0449339601441148));
#97330=DIRECTION('',(1.,0.,-0.));
#97340=VECTOR('',#97330,1.);
#97350=LINE('',#97320,#97340);
#97360=CARTESIAN_POINT('',(-1.21903738392281,-9.99200722162641E-16,
-0.0449339601441148));
#97370=VERTEX_POINT('',#97360);
#97380=EDGE_CURVE('',#97290,#97370,#97350,.T.);
#97390=ORIENTED_EDGE('',*,*,#97380,.F.);
#97400=CARTESIAN_POINT('',(-1.21903738392281,0.150000000000001,
-0.0449339601441148));
#97410=DIRECTION('',(-0.,-0.,1.));
#97420=DIRECTION('',(-1.,0.,0.));
#97430=AXIS2_PLACEMENT_3D('',#97400,#97410,#97420);
#97440=CIRCLE('',#97430,0.150000000000002);
#97450=CARTESIAN_POINT('',(-1.08668444274634,0.0794117647058811,
-0.0449339601441148));
#97460=VERTEX_POINT('',#97450);
#97470=EDGE_CURVE('',#97370,#97460,#97440,.T.);
#97480=ORIENTED_EDGE('',*,*,#97470,.F.);
#97490=CARTESIAN_POINT('',(-0.782370717256146,0.649999999999997,
-0.0449339601441148));
#97500=DIRECTION('',(0.470588235294125,0.882352941176467,-0.));
#97510=VECTOR('',#97500,1.);
#97520=LINE('',#97490,#97510);
#97530=CARTESIAN_POINT('',(-1.06315503098164,0.123529411764705,
-0.0449339601441148));
#97540=VERTEX_POINT('',#97530);
#97550=EDGE_CURVE('',#97460,#97540,#97520,.T.);
#97560=ORIENTED_EDGE('',*,*,#97550,.F.);
#97570=CARTESIAN_POINT('',(-1.01903738392281,0.0999999999999994,
-0.0449339601441148));
#97580=DIRECTION('',(-0.,-0.,1.));
#97590=DIRECTION('',(-1.,0.,-0.));
#97600=AXIS2_PLACEMENT_3D('',#97570,#97580,#97590);
#97610=CIRCLE('',#97600,0.0500000000000001);
#97620=CARTESIAN_POINT('',(-1.01903738392281,0.149999999999999,
-0.0449339601441148));
#97630=VERTEX_POINT('',#97620);
#97640=EDGE_CURVE('',#97630,#97540,#97610,.T.);
#97650=ORIENTED_EDGE('',*,*,#97640,.T.);
#97660=CARTESIAN_POINT('',(0.860962616077189,0.15,-0.0449339601441148));
#97670=DIRECTION('',(1.,0.,-0.));
#97680=VECTOR('',#97670,1.);
#97690=LINE('',#97660,#97680);
#97700=EDGE_CURVE('',#97630,#5660,#97690,.T.);
#97710=ORIENTED_EDGE('',*,*,#97700,.F.);
#97720=ORIENTED_EDGE('',*,*,#5670,.T.);
#97730=EDGE_LOOP('',(#97720,#97710,#97650,#97560,#97480,#97390,#97310,
#97230,#97150,#97060,#97050,#96980));
#97740=FACE_OUTER_BOUND('',#97730,.T.);
#97750=ADVANCED_FACE('',(#97740),#96900,.T.);
#97760=CARTESIAN_POINT('',(-1.49304053392282,-0.00625315000000093,
0.105066039855885));
#97770=DIRECTION('',(0.,0.,1.));
#97780=DIRECTION('',(1.,0.,-0.));
#97790=AXIS2_PLACEMENT_3D('',#97760,#97770,#97780);
#97800=PLANE('',#97790);
#97810=CARTESIAN_POINT('',(0.860962616077189,0.15,0.105066039855885));
#97820=DIRECTION('',(-1.,-0.,-0.));
#97830=VECTOR('',#97820,1.);
#97840=LINE('',#97810,#97830);
#97850=CARTESIAN_POINT('',(-1.01903738392281,0.149999999999999,
0.105066039855885));
#97860=VERTEX_POINT('',#97850);
#97870=EDGE_CURVE('',#5420,#97860,#97840,.T.);
#97880=ORIENTED_EDGE('',*,*,#97870,.F.);
#97890=CARTESIAN_POINT('',(-1.01903738392281,0.0999999999999994,
0.105066039855885));
#97900=DIRECTION('',(-0.,-0.,1.));
#97910=DIRECTION('',(-1.,0.,-0.));
#97920=AXIS2_PLACEMENT_3D('',#97890,#97900,#97910);
#97930=CIRCLE('',#97920,0.0500000000000001);
#97940=CARTESIAN_POINT('',(-1.06315503098164,0.123529411764705,
0.105066039855885));
#97950=VERTEX_POINT('',#97940);
#97960=EDGE_CURVE('',#97860,#97950,#97930,.T.);
#97970=ORIENTED_EDGE('',*,*,#97960,.F.);
#97980=CARTESIAN_POINT('',(-0.782370717256146,0.649999999999997,
0.105066039855886));
#97990=DIRECTION('',(-0.470588235294125,-0.882352941176467,-0.));
#98000=VECTOR('',#97990,1.);
#98010=LINE('',#97980,#98000);
#98020=CARTESIAN_POINT('',(-1.08668444274634,0.0794117647058811,
0.105066039855885));
#98030=VERTEX_POINT('',#98020);
#98040=EDGE_CURVE('',#97950,#98030,#98010,.T.);
#98050=ORIENTED_EDGE('',*,*,#98040,.F.);
#98060=CARTESIAN_POINT('',(-1.21903738392281,0.150000000000001,
0.105066039855885));
#98070=DIRECTION('',(-0.,-0.,1.));
#98080=DIRECTION('',(-1.,0.,0.));
#98090=AXIS2_PLACEMENT_3D('',#98060,#98070,#98080);
#98100=CIRCLE('',#98090,0.150000000000002);
#98110=CARTESIAN_POINT('',(-1.21903738392281,-9.99200722162641E-16,
0.105066039855885));
#98120=VERTEX_POINT('',#98110);
#98130=EDGE_CURVE('',#98120,#98030,#98100,.T.);
#98140=ORIENTED_EDGE('',*,*,#98130,.T.);
#98150=CARTESIAN_POINT('',(0.860962616077189,-9.99200722162641E-16,
0.105066039855885));
#98160=DIRECTION('',(-1.,-0.,-0.));
#98170=VECTOR('',#98160,1.);
#98180=LINE('',#98150,#98170);
#98190=CARTESIAN_POINT('',(-1.47903738392282,-9.99200722162641E-16,
0.105066039855885));
#98200=VERTEX_POINT('',#98190);
#98210=EDGE_CURVE('',#98120,#98200,#98180,.T.);
#98220=ORIENTED_EDGE('',*,*,#98210,.F.);
#98230=CARTESIAN_POINT('',(-1.47903738392282,0.649999999999997,
0.105066039855885));
#98240=DIRECTION('',(0.,1.,-0.));
#98250=VECTOR('',#98240,1.);
#98260=LINE('',#98230,#98250);
#98270=CARTESIAN_POINT('',(-1.47903738392281,0.099999999999999,
0.105066039855885));
#98280=VERTEX_POINT('',#98270);
#98290=EDGE_CURVE('',#98200,#98280,#98260,.T.);
#98300=ORIENTED_EDGE('',*,*,#98290,.F.);
#98310=CARTESIAN_POINT('',(0.860962616077189,0.099999999999999,
0.105066039855885));
#98320=DIRECTION('',(1.,-0.,-0.));
#98330=VECTOR('',#98320,1.);
#98340=LINE('',#98310,#98330);
#98350=CARTESIAN_POINT('',(-1.21903738392281,0.099999999999999,
0.105066039855885));
#98360=VERTEX_POINT('',#98350);
#98370=EDGE_CURVE('',#98280,#98360,#98340,.T.);
#98380=ORIENTED_EDGE('',*,*,#98370,.F.);
#98390=CARTESIAN_POINT('',(-1.21903738392281,0.149999999999998,
0.105066039855885));
#98400=DIRECTION('',(-0.,-0.,1.));
#98410=DIRECTION('',(-1.,0.,-0.));
#98420=AXIS2_PLACEMENT_3D('',#98390,#98400,#98410);
#98430=CIRCLE('',#98420,0.0499999999999988);
#98440=EDGE_CURVE('',#98360,#96560,#98430,.T.);
#98450=ORIENTED_EDGE('',*,*,#98440,.F.);
#98460=ORIENTED_EDGE('',*,*,#96810,.F.);
#98470=CARTESIAN_POINT('',(-1.01903738392281,0.099999999999999,
0.105066039855885));
#98480=DIRECTION('',(-0.,-0.,1.));
#98490=DIRECTION('',(-1.,0.,0.));
#98500=AXIS2_PLACEMENT_3D('',#98470,#98480,#98490);
#98510=CIRCLE('',#98500,0.150000000000001);
#98520=CARTESIAN_POINT('',(-1.01903738392281,0.249999999999999,
0.105066039855885));
#98530=VERTEX_POINT('',#98520);
#98540=EDGE_CURVE('',#98530,#96740,#98510,.T.);
#98550=ORIENTED_EDGE('',*,*,#98540,.T.);
#98560=CARTESIAN_POINT('',(0.860962616077189,0.249999999999999,
0.105066039855885));
#98570=DIRECTION('',(1.,-0.,-0.));
#98580=VECTOR('',#98570,1.);
#98590=LINE('',#98560,#98580);
#98600=EDGE_CURVE('',#98530,#5500,#98590,.T.);
#98610=ORIENTED_EDGE('',*,*,#98600,.F.);
#98620=ORIENTED_EDGE('',*,*,#5510,.T.);
#98630=EDGE_LOOP('',(#98620,#98610,#98550,#98460,#98450,#98380,#98300,
#98220,#98140,#98050,#97970,#97880));
#98640=FACE_OUTER_BOUND('',#98630,.T.);
#98650=ADVANCED_FACE('',(#98640),#97800,.T.);
#98660=CARTESIAN_POINT('',(1.1627258396066,0.171693955882352,
0.108819189855885));
#98670=DIRECTION('',(0.88235294117647,0.470588235294118,0.));
#98680=DIRECTION('',(0.470588235294118,-0.88235294117647,0.));
#98690=AXIS2_PLACEMENT_3D('',#98660,#98670,#98680);
#98700=PLANE('',#98690);
#98710=ORIENTED_EDGE('',*,*,#95060,.F.);
#98720=ORIENTED_EDGE('',*,*,#88650,.F.);
#98730=CARTESIAN_POINT('',(1.18684496901837,0.126470588235293,
0.105066039855885));
#98740=DIRECTION('',(0.,0.,-1.));
#98750=VECTOR('',#98740,1.);
#98760=LINE('',#98730,#98750);
#98770=CARTESIAN_POINT('',(1.18684496901837,0.126470588235293,
0.105066039855885));
#98780=VERTEX_POINT('',#98770);
#98790=EDGE_CURVE('',#98780,#88560,#98760,.T.);
#98800=ORIENTED_EDGE('',*,*,#98790,.T.);
#98810=CARTESIAN_POINT('',(0.907629282743856,0.649999999999997,
0.105066039855885));
#98820=DIRECTION('',(-0.470588235294118,0.88235294117647,-0.));
#98830=VECTOR('',#98820,1.);
#98840=LINE('',#98810,#98830);
#98850=EDGE_CURVE('',#98780,#95050,#98840,.T.);
#98860=ORIENTED_EDGE('',*,*,#98850,.F.);
#98870=EDGE_LOOP('',(#98860,#98800,#98720,#98710));
#98880=FACE_OUTER_BOUND('',#98870,.T.);
#98890=ADVANCED_FACE('',(#98880),#98700,.T.);
#98900=CARTESIAN_POINT('',(-1.01903738392281,0.099999999999999,
0.108837039855886));
#98910=DIRECTION('',(0.,0.,-1.));
#98920=DIRECTION('',(-1.,0.,-0.));
#98930=AXIS2_PLACEMENT_3D('',#98900,#98910,#98920);
#98940=CYLINDRICAL_SURFACE('',#98930,0.150000000000001);
#98950=ORIENTED_EDGE('',*,*,#98540,.F.);
#98960=ORIENTED_EDGE('',*,*,#96750,.F.);
#98970=ORIENTED_EDGE('',*,*,#97040,.T.);
#98980=CARTESIAN_POINT('',(-1.01903738392281,0.249999999999999,
0.105066039855885));
#98990=DIRECTION('',(0.,0.,-1.));
#99000=VECTOR('',#98990,1.);
#99010=LINE('',#98980,#99000);
#99020=EDGE_CURVE('',#98530,#96960,#99010,.T.);
#99030=ORIENTED_EDGE('',*,*,#99020,.T.);
#99040=EDGE_LOOP('',(#99030,#98970,#98960,#98950));
#99050=FACE_OUTER_BOUND('',#99040,.T.);
#99060=ADVANCED_FACE('',(#99050),#98940,.T.);
#99070=CARTESIAN_POINT('',(-1.02154053392281,0.249999999999999,
0.108819189855885));
#99080=DIRECTION('',(0.,1.,0.));
#99090=DIRECTION('',(1.,-0.,0.));
#99100=AXIS2_PLACEMENT_3D('',#99070,#99080,#99090);
#99110=PLANE('',#99100);
#99120=ORIENTED_EDGE('',*,*,#99020,.F.);
#99130=ORIENTED_EDGE('',*,*,#96970,.T.);
#99140=ORIENTED_EDGE('',*,*,#5590,.F.);
#99150=ORIENTED_EDGE('',*,*,#98600,.T.);
#99160=EDGE_LOOP('',(#99150,#99140,#99130,#99120));
#99170=FACE_OUTER_BOUND('',#99160,.T.);
#99180=ADVANCED_FACE('',(#99170),#99110,.T.);
#99190=CARTESIAN_POINT('',(-1.48554053392281,0.099999999999999,
0.108819189855885));
#99200=DIRECTION('',(0.,1.,0.));
#99210=DIRECTION('',(1.,-0.,0.));
#99220=AXIS2_PLACEMENT_3D('',#99190,#99200,#99210);
#99230=PLANE('',#99220);
#99240=CARTESIAN_POINT('',(-1.47903738392282,0.099999999999999,
-3.32993396014411));
#99250=DIRECTION('',(0.,0.,1.));
#99260=VECTOR('',#99250,1.);
#99270=LINE('',#99240,#99260);
#99280=EDGE_CURVE('',#97210,#98280,#99270,.T.);
#99290=ORIENTED_EDGE('',*,*,#99280,.T.);
#99300=ORIENTED_EDGE('',*,*,#97220,.T.);
#99310=CARTESIAN_POINT('',(-1.21903738392281,0.099999999999999,
0.105066039855885));
#99320=DIRECTION('',(0.,0.,-1.));
#99330=VECTOR('',#99320,1.);
#99340=LINE('',#99310,#99330);
#99350=EDGE_CURVE('',#98360,#97130,#99340,.T.);
#99360=ORIENTED_EDGE('',*,*,#99350,.T.);
#99370=ORIENTED_EDGE('',*,*,#98370,.T.);
#99380=EDGE_LOOP('',(#99370,#99360,#99300,#99290));
#99390=FACE_OUTER_BOUND('',#99380,.T.);
#99400=ADVANCED_FACE('',(#99390),#99230,.T.);
#99410=CARTESIAN_POINT('',(-1.01903738392281,0.0999999999999994,
0.108879039855885));
#99420=DIRECTION('',(0.,0.,-1.));
#99430=DIRECTION('',(-1.,0.,-0.));
#99440=AXIS2_PLACEMENT_3D('',#99410,#99420,#99430);
#99450=CYLINDRICAL_SURFACE('',#99440,0.0500000000000001);
#99460=ORIENTED_EDGE('',*,*,#97640,.F.);
#99470=CARTESIAN_POINT('',(-1.06315503098164,0.123529411764705,
0.105066039855885));
#99480=DIRECTION('',(0.,0.,-1.));
#99490=VECTOR('',#99480,1.);
#99500=LINE('',#99470,#99490);
#99510=EDGE_CURVE('',#97950,#97540,#99500,.T.);
#99520=ORIENTED_EDGE('',*,*,#99510,.T.);
#99530=ORIENTED_EDGE('',*,*,#97960,.T.);
#99540=CARTESIAN_POINT('',(-1.01903738392281,0.149999999999999,
0.105066039855885));
#99550=DIRECTION('',(0.,0.,-1.));
#99560=VECTOR('',#99550,1.);
#99570=LINE('',#99540,#99560);
#99580=EDGE_CURVE('',#97860,#97630,#99570,.T.);
#99590=ORIENTED_EDGE('',*,*,#99580,.F.);
#99600=EDGE_LOOP('',(#99590,#99530,#99520,#99460));
#99610=FACE_OUTER_BOUND('',#99600,.T.);
#99620=ADVANCED_FACE('',(#99610),#99450,.F.);
#99630=CARTESIAN_POINT('',(-1.21903738392281,0.150000000000001,
0.108837039855886));
#99640=DIRECTION('',(0.,0.,-1.));
#99650=DIRECTION('',(-1.,0.,-0.));
#99660=AXIS2_PLACEMENT_3D('',#99630,#99640,#99650);
#99670=CYLINDRICAL_SURFACE('',#99660,0.150000000000002);
#99680=ORIENTED_EDGE('',*,*,#98130,.F.);
#99690=CARTESIAN_POINT('',(-1.08668444274634,0.0794117647058811,
0.105066039855885));
#99700=DIRECTION('',(0.,0.,-1.));
#99710=VECTOR('',#99700,1.);
#99720=LINE('',#99690,#99710);
#99730=EDGE_CURVE('',#98030,#97460,#99720,.T.);
#99740=ORIENTED_EDGE('',*,*,#99730,.F.);
#99750=ORIENTED_EDGE('',*,*,#97470,.T.);
#99760=CARTESIAN_POINT('',(-1.21903738392281,-9.99200722162641E-16,
0.105066039855885));
#99770=DIRECTION('',(0.,0.,-1.));
#99780=VECTOR('',#99770,1.);
#99790=LINE('',#99760,#99780);
#99800=EDGE_CURVE('',#98120,#97370,#99790,.T.);
#99810=ORIENTED_EDGE('',*,*,#99800,.T.);
#99820=EDGE_LOOP('',(#99810,#99750,#99740,#99680));
#99830=FACE_OUTER_BOUND('',#99820,.T.);
#99840=ADVANCED_FACE('',(#99830),#99670,.T.);
#99850=CARTESIAN_POINT('',(-1.47903738392282,-0.00250315000000101,
0.108819189855885));
#99860=DIRECTION('',(-1.,0.,0.));
#99870=DIRECTION('',(0.,1.,0.));
#99880=AXIS2_PLACEMENT_3D('',#99850,#99860,#99870);
#99890=PLANE('',#99880);
#99900=ORIENTED_EDGE('',*,*,#99280,.F.);
#99910=ORIENTED_EDGE('',*,*,#98290,.T.);
#99920=CARTESIAN_POINT('',(-1.47903738392282,-9.99200722162641E-16,
-3.32993396014411));
#99930=DIRECTION('',(-0.,-0.,-1.));
#99940=VECTOR('',#99930,1.);
#99950=LINE('',#99920,#99940);
#99960=EDGE_CURVE('',#98200,#97290,#99950,.T.);
#99970=ORIENTED_EDGE('',*,*,#99960,.F.);
#99980=ORIENTED_EDGE('',*,*,#97300,.T.);
#99990=EDGE_LOOP('',(#99980,#99970,#99910,#99900));
#100000=FACE_OUTER_BOUND('',#99990,.T.);
#100010=ADVANCED_FACE('',(#100000),#99890,.T.);
#100020=CARTESIAN_POINT('',(-1.21903738392281,0.149999999999998,
0.108879039855886));
#100030=DIRECTION('',(0.,0.,-1.));
#100040=DIRECTION('',(-1.,0.,-0.));
#100050=AXIS2_PLACEMENT_3D('',#100020,#100030,#100040);
#100060=CYLINDRICAL_SURFACE('',#100050,0.0499999999999988);
#100070=ORIENTED_EDGE('',*,*,#97140,.F.);
#100080=ORIENTED_EDGE('',*,*,#96590,.T.);
#100090=ORIENTED_EDGE('',*,*,#98440,.T.);
#100100=ORIENTED_EDGE('',*,*,#99350,.F.);
#100110=EDGE_LOOP('',(#100100,#100090,#100080,#100070));
#100120=FACE_OUTER_BOUND('',#100110,.T.);
#100130=ADVANCED_FACE('',(#100120),#100060,.F.);
#100140=CARTESIAN_POINT('',(-1.21253423392281,-9.99200722162641E-16,
0.108819189855885));
#100150=DIRECTION('',(0.,-1.,0.));
#100160=DIRECTION('',(-1.,-0.,0.));
#100170=AXIS2_PLACEMENT_3D('',#100140,#100150,#100160);
#100180=PLANE('',#100170);
#100190=ORIENTED_EDGE('',*,*,#98210,.T.);
#100200=ORIENTED_EDGE('',*,*,#99800,.F.);
#100210=ORIENTED_EDGE('',*,*,#97380,.T.);
#100220=ORIENTED_EDGE('',*,*,#99960,.T.);
#100230=EDGE_LOOP('',(#100220,#100210,#100200,#100190));
#100240=FACE_OUTER_BOUND('',#100230,.T.);
#100250=ADVANCED_FACE('',(#100240),#100180,.T.);
#100260=CARTESIAN_POINT('',(-1.21903738392281,0.149999999999996,
-0.291120960144115));
#100270=DIRECTION('',(0.,0.,-1.));
#100280=DIRECTION('',(-1.,0.,-0.));
#100290=AXIS2_PLACEMENT_3D('',#100260,#100270,#100280);
#100300=CYLINDRICAL_SURFACE('',#100290,0.0499999999999966);
#100310=CARTESIAN_POINT('',(-1.21903738392281,0.149999999999996,
-0.444933960144115));
#100320=DIRECTION('',(-0.,-0.,1.));
#100330=DIRECTION('',(-1.,0.,-0.));
#100340=AXIS2_PLACEMENT_3D('',#100310,#100320,#100330);
#100350=CIRCLE('',#100340,0.0499999999999966);
#100360=CARTESIAN_POINT('',(-1.21903738392281,0.099999999999999,
-0.444933960144115));
#100370=VERTEX_POINT('',#100360);
#100380=CARTESIAN_POINT('',(-1.17491973686399,0.126470588235293,
-0.444933960144115));
#100390=VERTEX_POINT('',#100380);
#100400=EDGE_CURVE('',#100370,#100390,#100350,.T.);
#100410=ORIENTED_EDGE('',*,*,#100400,.F.);
#100420=CARTESIAN_POINT('',(-1.17491973686399,0.126470588235293,
-0.294933960144115));
#100430=DIRECTION('',(0.,0.,-1.));
#100440=VECTOR('',#100430,1.);
#100450=LINE('',#100420,#100440);
#100460=CARTESIAN_POINT('',(-1.17491973686399,0.126470588235293,
-0.294933960144115));
#100470=VERTEX_POINT('',#100460);
#100480=EDGE_CURVE('',#100470,#100390,#100450,.T.);
#100490=ORIENTED_EDGE('',*,*,#100480,.T.);
#100500=CARTESIAN_POINT('',(-1.21903738392281,0.149999999999996,
-0.294933960144115));
#100510=DIRECTION('',(-0.,-0.,1.));
#100520=DIRECTION('',(-1.,0.,-0.));
#100530=AXIS2_PLACEMENT_3D('',#100500,#100510,#100520);
#100540=CIRCLE('',#100530,0.0499999999999966);
#100550=CARTESIAN_POINT('',(-1.21903738392281,0.099999999999999,
-0.294933960144115));
#100560=VERTEX_POINT('',#100550);
#100570=EDGE_CURVE('',#100560,#100470,#100540,.T.);
#100580=ORIENTED_EDGE('',*,*,#100570,.T.);
#100590=CARTESIAN_POINT('',(-1.21903738392281,0.099999999999999,
-0.294933960144115));
#100600=DIRECTION('',(0.,0.,-1.));
#100610=VECTOR('',#100600,1.);
#100620=LINE('',#100590,#100610);
#100630=EDGE_CURVE('',#100560,#100370,#100620,.T.);
#100640=ORIENTED_EDGE('',*,*,#100630,.F.);
#100650=EDGE_LOOP('',(#100640,#100580,#100490,#100410));
#100660=FACE_OUTER_BOUND('',#100650,.T.);
#100670=ADVANCED_FACE('',(#100660),#100300,.F.);
#100680=CARTESIAN_POINT('',(-1.06256531333458,0.12463513235294,
0.108819189855885));
#100690=DIRECTION('',(0.882352941176467,-0.470588235294125,0.));
#100700=DIRECTION('',(-0.470588235294125,-0.882352941176467,0.));
#100710=AXIS2_PLACEMENT_3D('',#100680,#100690,#100700);
#100720=PLANE('',#100710);
#100730=ORIENTED_EDGE('',*,*,#99510,.F.);
#100740=ORIENTED_EDGE('',*,*,#97550,.T.);
#100750=ORIENTED_EDGE('',*,*,#99730,.T.);
#100760=ORIENTED_EDGE('',*,*,#98040,.T.);
#100770=EDGE_LOOP('',(#100760,#100750,#100740,#100730));
#100780=FACE_OUTER_BOUND('',#100770,.T.);
#100790=ADVANCED_FACE('',(#100780),#100720,.T.);
#100800=CARTESIAN_POINT('',(0.91695946607719,-0.00625315000000093,
0.105066039855885));
#100810=DIRECTION('',(0.,0.,1.));
#100820=DIRECTION('',(1.,0.,-0.));
#100830=AXIS2_PLACEMENT_3D('',#100800,#100810,#100820);
#100840=PLANE('',#100830);
#100850=CARTESIAN_POINT('',(0.860962616077189,0.249999999999999,
0.105066039855885));
#100860=DIRECTION('',(-1.,0.,0.));
#100870=VECTOR('',#100860,1.);
#100880=LINE('',#100850,#100870);
#100890=EDGE_CURVE('',#94960,#34560,#100880,.T.);
#100900=ORIENTED_EDGE('',*,*,#100890,.T.);
#100910=ORIENTED_EDGE('',*,*,#95130,.F.);
#100920=ORIENTED_EDGE('',*,*,#98850,.T.);
#100930=CARTESIAN_POINT('',(1.23096261607719,0.149999999999998,
0.105066039855885));
#100940=DIRECTION('',(0.,0.,-1.));
#100950=DIRECTION('',(-1.,0.,-0.));
#100960=AXIS2_PLACEMENT_3D('',#100930,#100940,#100950);
#100970=CIRCLE('',#100960,0.0499999999999981);
#100980=EDGE_CURVE('',#95280,#98780,#100970,.T.);
#100990=ORIENTED_EDGE('',*,*,#100980,.T.);
#101000=ORIENTED_EDGE('',*,*,#95440,.T.);
#101010=ORIENTED_EDGE('',*,*,#95970,.T.);
#101020=ORIENTED_EDGE('',*,*,#96220,.T.);
#101030=ORIENTED_EDGE('',*,*,#96410,.F.);
#101040=ORIENTED_EDGE('',*,*,#95750,.T.);
#101050=CARTESIAN_POINT('',(1.03096261607719,0.1,0.105066039855885));
#101060=DIRECTION('',(0.,0.,-1.));
#101070=DIRECTION('',(-1.,0.,-0.));
#101080=AXIS2_PLACEMENT_3D('',#101050,#101060,#101070);
#101090=CIRCLE('',#101080,0.0499999999999985);
#101100=EDGE_CURVE('',#39500,#95680,#101090,.T.);
#101110=ORIENTED_EDGE('',*,*,#101100,.T.);
#101120=ORIENTED_EDGE('',*,*,#39510,.T.);
#101130=ORIENTED_EDGE('',*,*,#34650,.F.);
#101140=EDGE_LOOP('',(#101130,#101120,#101110,#101040,#101030,#101020,
#101010,#101000,#100990,#100920,#100910,#100900));
#101150=FACE_OUTER_BOUND('',#101140,.T.);
#101160=ADVANCED_FACE('',(#101150),#100840,.T.);
#101170=CARTESIAN_POINT('',(0.92845946607719,0.249999999999999,
0.108819189855885));
#101180=DIRECTION('',(0.,1.,0.));
#101190=DIRECTION('',(1.,-0.,0.));
#101200=AXIS2_PLACEMENT_3D('',#101170,#101180,#101190);
#101210=PLANE('',#101200);
#101220=ORIENTED_EDGE('',*,*,#88800,.F.);
#101230=ORIENTED_EDGE('',*,*,#94970,.T.);
#101240=ORIENTED_EDGE('',*,*,#100890,.F.);
#101250=ORIENTED_EDGE('',*,*,#34570,.T.);
#101260=EDGE_LOOP('',(#101250,#101240,#101230,#101220));
#101270=FACE_OUTER_BOUND('',#101260,.T.);
#101280=ADVANCED_FACE('',(#101270),#101210,.T.);
#101290=CARTESIAN_POINT('',(-1.49304053392282,-0.00625315000000093,
-0.294933960144115));
#101300=DIRECTION('',(0.,0.,1.));
#101310=DIRECTION('',(1.,0.,-0.));
#101320=AXIS2_PLACEMENT_3D('',#101290,#101300,#101310);
#101330=PLANE('',#101320);
#101340=CARTESIAN_POINT('',(0.860962616077189,0.15,-0.294933960144115));
#101350=DIRECTION('',(-1.,-0.,-0.));
#101360=VECTOR('',#101350,1.);
#101370=LINE('',#101340,#101360);
#101380=CARTESIAN_POINT('',(-1.01903738392281,0.149999999999999,
-0.294933960144115));
#101390=VERTEX_POINT('',#101380);
#101400=EDGE_CURVE('',#5740,#101390,#101370,.T.);
#101410=ORIENTED_EDGE('',*,*,#101400,.F.);
#101420=CARTESIAN_POINT('',(-1.01903738392281,0.0999999999999994,
-0.294933960144115));
#101430=DIRECTION('',(-0.,-0.,1.));
#101440=DIRECTION('',(-1.,0.,-0.));
#101450=AXIS2_PLACEMENT_3D('',#101420,#101430,#101440);
#101460=CIRCLE('',#101450,0.0500000000000001);
#101470=CARTESIAN_POINT('',(-1.06315503098164,0.123529411764705,
-0.294933960144115));
#101480=VERTEX_POINT('',#101470);
#101490=EDGE_CURVE('',#101390,#101480,#101460,.T.);
#101500=ORIENTED_EDGE('',*,*,#101490,.F.);
#101510=CARTESIAN_POINT('',(-0.782370717256146,0.649999999999997,
-0.294933960144115));
#101520=DIRECTION('',(-0.470588235294125,-0.882352941176467,-0.));
#101530=VECTOR('',#101520,1.);
#101540=LINE('',#101510,#101530);
#101550=CARTESIAN_POINT('',(-1.08668444274634,0.0794117647058811,
-0.294933960144115));
#101560=VERTEX_POINT('',#101550);
#101570=EDGE_CURVE('',#101480,#101560,#101540,.T.);
#101580=ORIENTED_EDGE('',*,*,#101570,.F.);
#101590=CARTESIAN_POINT('',(-1.21903738392281,0.150000000000001,
-0.294933960144115));
#101600=DIRECTION('',(-0.,-0.,1.));
#101610=DIRECTION('',(-1.,0.,0.));
#101620=AXIS2_PLACEMENT_3D('',#101590,#101600,#101610);
#101630=CIRCLE('',#101620,0.150000000000002);
#101640=EDGE_CURVE('',#88960,#101560,#101630,.T.);
#101650=ORIENTED_EDGE('',*,*,#101640,.T.);
#101660=ORIENTED_EDGE('',*,*,#88990,.F.);
#101670=CARTESIAN_POINT('',(-1.47903738392282,0.649999999999997,
-0.294933960144115));
#101680=DIRECTION('',(0.,1.,-0.));
#101690=VECTOR('',#101680,1.);
#101700=LINE('',#101670,#101690);
#101710=CARTESIAN_POINT('',(-1.47903738392281,0.099999999999999,
-0.294933960144115));
#101720=VERTEX_POINT('',#101710);
#101730=EDGE_CURVE('',#88980,#101720,#101700,.T.);
#101740=ORIENTED_EDGE('',*,*,#101730,.F.);
#101750=CARTESIAN_POINT('',(0.860962616077189,0.099999999999999,
-0.294933960144115));
#101760=DIRECTION('',(1.,-0.,-0.));
#101770=VECTOR('',#101760,1.);
#101780=LINE('',#101750,#101770);
#101790=EDGE_CURVE('',#101720,#100560,#101780,.T.);
#101800=ORIENTED_EDGE('',*,*,#101790,.F.);
#101810=ORIENTED_EDGE('',*,*,#100570,.F.);
#101820=CARTESIAN_POINT('',(-0.895704050589468,0.649999999999997,
-0.294933960144115));
#101830=DIRECTION('',(0.470588235294136,0.882352941176461,-0.));
#101840=VECTOR('',#101830,1.);
#101850=LINE('',#101820,#101840);
#101860=CARTESIAN_POINT('',(-1.15139032509928,0.170588235294116,
-0.294933960144115));
#101870=VERTEX_POINT('',#101860);
#101880=EDGE_CURVE('',#100470,#101870,#101850,.T.);
#101890=ORIENTED_EDGE('',*,*,#101880,.F.);
#101900=CARTESIAN_POINT('',(-1.01903738392281,0.0999999999999993,
-0.294933960144115));
#101910=DIRECTION('',(-0.,-0.,1.));
#101920=DIRECTION('',(-1.,0.,0.));
#101930=AXIS2_PLACEMENT_3D('',#101900,#101910,#101920);
#101940=CIRCLE('',#101930,0.15);
#101950=CARTESIAN_POINT('',(-1.01903738392281,0.249999999999999,
-0.294933960144115));
#101960=VERTEX_POINT('',#101950);
#101970=EDGE_CURVE('',#101960,#101870,#101940,.T.);
#101980=ORIENTED_EDGE('',*,*,#101970,.T.);
#101990=CARTESIAN_POINT('',(0.860962616077189,0.249999999999999,
-0.294933960144115));
#102000=DIRECTION('',(1.,-0.,-0.));
#102010=VECTOR('',#102000,1.);
#102020=LINE('',#101990,#102010);
#102030=EDGE_CURVE('',#101960,#5820,#102020,.T.);
#102040=ORIENTED_EDGE('',*,*,#102030,.F.);
#102050=ORIENTED_EDGE('',*,*,#5830,.T.);
#102060=EDGE_LOOP('',(#102050,#102040,#101980,#101890,#101810,#101800,
#101740,#101660,#101650,#101580,#101500,#101410));
#102070=FACE_OUTER_BOUND('',#102060,.T.);
#102080=ADVANCED_FACE('',(#102070),#101330,.T.);
#102090=CARTESIAN_POINT('',(1.03096261607719,0.1,0.108879039855885));
#102100=DIRECTION('',(0.,0.,-1.));
#102110=DIRECTION('',(-1.,0.,-0.));
#102120=AXIS2_PLACEMENT_3D('',#102090,#102100,#102110);
#102130=CYLINDRICAL_SURFACE('',#102120,0.0499999999999985);
#102140=ORIENTED_EDGE('',*,*,#39590,.T.);
#102150=ORIENTED_EDGE('',*,*,#101100,.F.);
#102160=ORIENTED_EDGE('',*,*,#95690,.F.);
#102170=ORIENTED_EDGE('',*,*,#88070,.T.);
#102180=EDGE_LOOP('',(#102170,#102160,#102150,#102140));
#102190=FACE_OUTER_BOUND('',#102180,.T.);
#102200=ADVANCED_FACE('',(#102190),#102130,.F.);
#102210=CARTESIAN_POINT('',(1.23096261607719,0.149999999999998,
0.108879039855885));
#102220=DIRECTION('',(0.,0.,-1.));
#102230=DIRECTION('',(-1.,0.,-0.));
#102240=AXIS2_PLACEMENT_3D('',#102210,#102220,#102230);
#102250=CYLINDRICAL_SURFACE('',#102240,0.0499999999999981);
#102260=ORIENTED_EDGE('',*,*,#95290,.T.);
#102270=ORIENTED_EDGE('',*,*,#100980,.F.);
#102280=ORIENTED_EDGE('',*,*,#98790,.F.);
#102290=ORIENTED_EDGE('',*,*,#88570,.T.);
#102300=EDGE_LOOP('',(#102290,#102280,#102270,#102260));
#102310=FACE_OUTER_BOUND('',#102300,.T.);
#102320=ADVANCED_FACE('',(#102310),#102250,.F.);
#102330=CARTESIAN_POINT('',(1.03096261607719,0.0999999999999989,
-0.291162960144114));
#102340=DIRECTION('',(0.,0.,-1.));
#102350=DIRECTION('',(-1.,0.,-0.));
#102360=AXIS2_PLACEMENT_3D('',#102330,#102340,#102350);
#102370=CYLINDRICAL_SURFACE('',#102360,0.150000000000001);
#102380=CARTESIAN_POINT('',(1.03096261607719,0.249999999999999,
-0.294933960144115));
#102390=DIRECTION('',(0.,0.,-1.));
#102400=VECTOR('',#102390,1.);
#102410=LINE('',#102380,#102400);
#102420=CARTESIAN_POINT('',(1.03096261607719,0.249999999999999,
-0.294933960144115));
#102430=VERTEX_POINT('',#102420);
#102440=CARTESIAN_POINT('',(1.03096261607719,0.249999999999999,
-0.444933960144115));
#102450=VERTEX_POINT('',#102440);
#102460=EDGE_CURVE('',#102430,#102450,#102410,.T.);
#102470=ORIENTED_EDGE('',*,*,#102460,.F.);
#102480=CARTESIAN_POINT('',(1.03096261607719,0.0999999999999989,
-0.444933960144115));
#102490=DIRECTION('',(0.,0.,-1.));
#102500=DIRECTION('',(-1.,0.,0.));
#102510=AXIS2_PLACEMENT_3D('',#102480,#102490,#102500);
#102520=CIRCLE('',#102510,0.150000000000001);
#102530=CARTESIAN_POINT('',(1.16331555725366,0.170588235294117,
-0.444933960144115));
#102540=VERTEX_POINT('',#102530);
#102550=EDGE_CURVE('',#102450,#102540,#102520,.T.);
#102560=ORIENTED_EDGE('',*,*,#102550,.F.);
#102570=CARTESIAN_POINT('',(1.16331555725366,0.170588235294117,
-0.294933960144115));
#102580=DIRECTION('',(0.,0.,-1.));
#102590=VECTOR('',#102580,1.);
#102600=LINE('',#102570,#102590);
#102610=CARTESIAN_POINT('',(1.16331555725366,0.170588235294117,
-0.294933960144115));
#102620=VERTEX_POINT('',#102610);
#102630=EDGE_CURVE('',#102620,#102540,#102600,.T.);
#102640=ORIENTED_EDGE('',*,*,#102630,.T.);
#102650=CARTESIAN_POINT('',(1.03096261607719,0.0999999999999989,
-0.294933960144115));
#102660=DIRECTION('',(0.,0.,-1.));
#102670=DIRECTION('',(-1.,0.,0.));
#102680=AXIS2_PLACEMENT_3D('',#102650,#102660,#102670);
#102690=CIRCLE('',#102680,0.150000000000001);
#102700=EDGE_CURVE('',#102430,#102620,#102690,.T.);
#102710=ORIENTED_EDGE('',*,*,#102700,.T.);
#102720=EDGE_LOOP('',(#102710,#102640,#102560,#102470));
#102730=FACE_OUTER_BOUND('',#102720,.T.);
#102740=ADVANCED_FACE('',(#102730),#102370,.T.);
#102750=CARTESIAN_POINT('',(0.91695946607719,-0.00625315000000093,
-0.294933960144115));
#102760=DIRECTION('',(0.,0.,1.));
#102770=DIRECTION('',(1.,0.,-0.));
#102780=AXIS2_PLACEMENT_3D('',#102750,#102760,#102770);
#102790=PLANE('',#102780);
#102800=CARTESIAN_POINT('',(0.860962616077189,0.249999999999999,
-0.294933960144115));
#102810=DIRECTION('',(-1.,0.,0.));
#102820=VECTOR('',#102810,1.);
#102830=LINE('',#102800,#102820);
#102840=EDGE_CURVE('',#102430,#34240,#102830,.T.);
#102850=ORIENTED_EDGE('',*,*,#102840,.T.);
#102860=ORIENTED_EDGE('',*,*,#102700,.F.);
#102870=CARTESIAN_POINT('',(0.907629282743856,0.649999999999997,
-0.294933960144114));
#102880=DIRECTION('',(-0.470588235294118,0.882352941176471,0.));
#102890=VECTOR('',#102880,1.);
#102900=LINE('',#102870,#102890);
#102910=CARTESIAN_POINT('',(1.18684496901837,0.126470588235293,
-0.294933960144115));
#102920=VERTEX_POINT('',#102910);
#102930=EDGE_CURVE('',#102920,#102620,#102900,.T.);
#102940=ORIENTED_EDGE('',*,*,#102930,.T.);
#102950=CARTESIAN_POINT('',(1.23096261607719,0.149999999999997,
-0.294933960144115));
#102960=DIRECTION('',(0.,0.,-1.));
#102970=DIRECTION('',(-1.,0.,-0.));
#102980=AXIS2_PLACEMENT_3D('',#102950,#102960,#102970);
#102990=CIRCLE('',#102980,0.0499999999999974);
#103000=CARTESIAN_POINT('',(1.23096261607719,0.099999999999999,
-0.294933960144115));
#103010=VERTEX_POINT('',#103000);
#103020=EDGE_CURVE('',#103010,#102920,#102990,.T.);
#103030=ORIENTED_EDGE('',*,*,#103020,.T.);
#103040=CARTESIAN_POINT('',(0.860962616077189,0.099999999999999,
-0.294933960144115));
#103050=DIRECTION('',(-1.,0.,0.));
#103060=VECTOR('',#103050,1.);
#103070=LINE('',#103040,#103060);
#103080=CARTESIAN_POINT('',(1.49096261607719,0.099999999999999,
-0.294933960144115));
#103090=VERTEX_POINT('',#103080);
#103100=EDGE_CURVE('',#103090,#103010,#103070,.T.);
#103110=ORIENTED_EDGE('',*,*,#103100,.T.);
#103120=CARTESIAN_POINT('',(1.49096261607719,0.649999999999997,
-0.294933960144115));
#103130=DIRECTION('',(-0.,1.,0.));
#103140=VECTOR('',#103130,1.);
#103150=LINE('',#103120,#103140);
#103160=CARTESIAN_POINT('',(1.49096261607719,0.,-0.294933960144115));
#103170=VERTEX_POINT('',#103160);
#103180=EDGE_CURVE('',#103170,#103090,#103150,.T.);
#103190=ORIENTED_EDGE('',*,*,#103180,.T.);
#103200=CARTESIAN_POINT('',(0.860962616077189,0.,-0.294933960144115));
#103210=DIRECTION('',(1.,0.,0.));
#103220=VECTOR('',#103210,1.);
#103230=LINE('',#103200,#103220);
#103240=CARTESIAN_POINT('',(1.23096261607719,0.,-0.294933960144115));
#103250=VERTEX_POINT('',#103240);
#103260=EDGE_CURVE('',#103250,#103170,#103230,.T.);
#103270=ORIENTED_EDGE('',*,*,#103260,.T.);
#103280=CARTESIAN_POINT('',(1.23096261607719,0.149999999999998,
-0.294933960144115));
#103290=DIRECTION('',(0.,0.,-1.));
#103300=DIRECTION('',(-1.,0.,0.));
#103310=AXIS2_PLACEMENT_3D('',#103280,#103290,#103300);
#103320=CIRCLE('',#103310,0.149999999999999);
#103330=CARTESIAN_POINT('',(1.09860967490072,0.0794117647058811,
-0.294933960144115));
#103340=VERTEX_POINT('',#103330);
#103350=EDGE_CURVE('',#103250,#103340,#103320,.T.);
#103360=ORIENTED_EDGE('',*,*,#103350,.F.);
#103370=CARTESIAN_POINT('',(0.794295949410517,0.649999999999997,
-0.294933960144115));
#103380=DIRECTION('',(0.470588235294126,-0.882352941176466,0.));
#103390=VECTOR('',#103380,1.);
#103400=LINE('',#103370,#103390);
#103410=CARTESIAN_POINT('',(1.07508026313601,0.123529411764705,
-0.294933960144115));
#103420=VERTEX_POINT('',#103410);
#103430=EDGE_CURVE('',#103420,#103340,#103400,.T.);
#103440=ORIENTED_EDGE('',*,*,#103430,.T.);
#103450=CARTESIAN_POINT('',(1.03096261607719,0.0999999999999981,
-0.294933960144115));
#103460=DIRECTION('',(0.,0.,-1.));
#103470=DIRECTION('',(-1.,0.,-0.));
#103480=AXIS2_PLACEMENT_3D('',#103450,#103460,#103470);
#103490=CIRCLE('',#103480,0.0500000000000004);
#103500=EDGE_CURVE('',#39730,#103420,#103490,.T.);
#103510=ORIENTED_EDGE('',*,*,#103500,.T.);
#103520=ORIENTED_EDGE('',*,*,#39740,.T.);
#103530=ORIENTED_EDGE('',*,*,#34330,.F.);
#103540=EDGE_LOOP('',(#103530,#103520,#103510,#103440,#103360,#103270,
#103190,#103110,#103030,#102940,#102860,#102850));
#103550=FACE_OUTER_BOUND('',#103540,.T.);
#103560=ADVANCED_FACE('',(#103550),#102790,.T.);
#103570=CARTESIAN_POINT('',(0.92845946607719,0.249999999999999,
-0.291180810144115));
#103580=DIRECTION('',(0.,1.,0.));
#103590=DIRECTION('',(1.,-0.,0.));
#103600=AXIS2_PLACEMENT_3D('',#103570,#103580,#103590);
#103610=PLANE('',#103600);
#103620=CARTESIAN_POINT('',(0.860962616077189,0.249999999999999,
-0.444933960144115));
#103630=DIRECTION('',(1.,-0.,0.));
#103640=VECTOR('',#103630,1.);
#103650=LINE('',#103620,#103640);
#103660=EDGE_CURVE('',#34160,#102450,#103650,.T.);
#103670=ORIENTED_EDGE('',*,*,#103660,.F.);
#103680=ORIENTED_EDGE('',*,*,#102460,.T.);
#103690=ORIENTED_EDGE('',*,*,#102840,.F.);
#103700=ORIENTED_EDGE('',*,*,#34250,.T.);
#103710=EDGE_LOOP('',(#103700,#103690,#103680,#103670));
#103720=FACE_OUTER_BOUND('',#103710,.T.);
#103730=ADVANCED_FACE('',(#103720),#103610,.T.);
#103740=CARTESIAN_POINT('',(-1.01903738392281,0.0999999999999993,
-0.291162960144114));
#103750=DIRECTION('',(0.,0.,-1.));
#103760=DIRECTION('',(-1.,0.,-0.));
#103770=AXIS2_PLACEMENT_3D('',#103740,#103750,#103760);
#103780=CYLINDRICAL_SURFACE('',#103770,0.15);
#103790=ORIENTED_EDGE('',*,*,#101970,.F.);
#103800=CARTESIAN_POINT('',(-1.15139032509928,0.170588235294116,
-0.294933960144115));
#103810=DIRECTION('',(0.,0.,-1.));
#103820=VECTOR('',#103810,1.);
#103830=LINE('',#103800,#103820);
#103840=CARTESIAN_POINT('',(-1.15139032509928,0.170588235294116,
-0.444933960144115));
#103850=VERTEX_POINT('',#103840);
#103860=EDGE_CURVE('',#101870,#103850,#103830,.T.);
#103870=ORIENTED_EDGE('',*,*,#103860,.F.);
#103880=CARTESIAN_POINT('',(-1.01903738392281,0.0999999999999993,
-0.444933960144115));
#103890=DIRECTION('',(-0.,-0.,1.));
#103900=DIRECTION('',(-1.,0.,0.));
#103910=AXIS2_PLACEMENT_3D('',#103880,#103890,#103900);
#103920=CIRCLE('',#103910,0.15);
#103930=CARTESIAN_POINT('',(-1.01903738392281,0.249999999999999,
-0.444933960144115));
#103940=VERTEX_POINT('',#103930);
#103950=EDGE_CURVE('',#103940,#103850,#103920,.T.);
#103960=ORIENTED_EDGE('',*,*,#103950,.T.);
#103970=CARTESIAN_POINT('',(-1.01903738392281,0.249999999999999,
-0.294933960144115));
#103980=DIRECTION('',(0.,0.,-1.));
#103990=VECTOR('',#103980,1.);
#104000=LINE('',#103970,#103990);
#104010=EDGE_CURVE('',#101960,#103940,#104000,.T.);
#104020=ORIENTED_EDGE('',*,*,#104010,.T.);
#104030=EDGE_LOOP('',(#104020,#103960,#103870,#103790));
#104040=FACE_OUTER_BOUND('',#104030,.T.);
#104050=ADVANCED_FACE('',(#104040),#103780,.T.);
#104060=CARTESIAN_POINT('',(-0.905034233922811,-0.00625315000000093,
-0.444933960144115));
#104070=DIRECTION('',(0.,0.,-1.));
#104080=DIRECTION('',(-1.,0.,-0.));
#104090=AXIS2_PLACEMENT_3D('',#104060,#104070,#104080);
#104100=PLANE('',#104090);
#104110=CARTESIAN_POINT('',(0.860962616077189,0.249999999999999,
-0.444933960144115));
#104120=DIRECTION('',(-1.,0.,-0.));
#104130=VECTOR('',#104120,1.);
#104140=LINE('',#104110,#104130);
#104150=EDGE_CURVE('',#5900,#103940,#104140,.T.);
#104160=ORIENTED_EDGE('',*,*,#104150,.F.);
#104170=ORIENTED_EDGE('',*,*,#103950,.F.);
#104180=CARTESIAN_POINT('',(-0.895704050589468,0.649999999999997,
-0.444933960144115));
#104190=DIRECTION('',(-0.470588235294136,-0.882352941176461,-0.));
#104200=VECTOR('',#104190,1.);
#104210=LINE('',#104180,#104200);
#104220=EDGE_CURVE('',#103850,#100390,#104210,.T.);
#104230=ORIENTED_EDGE('',*,*,#104220,.F.);
#104240=ORIENTED_EDGE('',*,*,#100400,.T.);
#104250=CARTESIAN_POINT('',(0.860962616077189,0.099999999999999,
-0.444933960144115));
#104260=DIRECTION('',(-1.,0.,-0.));
#104270=VECTOR('',#104260,1.);
#104280=LINE('',#104250,#104270);
#104290=CARTESIAN_POINT('',(-1.47903738392281,0.099999999999999,
-0.444933960144115));
#104300=VERTEX_POINT('',#104290);
#104310=EDGE_CURVE('',#100370,#104300,#104280,.T.);
#104320=ORIENTED_EDGE('',*,*,#104310,.F.);
#104330=CARTESIAN_POINT('',(-1.47903738392282,0.649999999999997,
-0.444933960144115));
#104340=DIRECTION('',(-0.,-1.,-0.));
#104350=VECTOR('',#104340,1.);
#104360=LINE('',#104330,#104350);
#104370=EDGE_CURVE('',#104300,#89140,#104360,.T.);
#104380=ORIENTED_EDGE('',*,*,#104370,.F.);
#104390=ORIENTED_EDGE('',*,*,#89150,.F.);
#104400=CARTESIAN_POINT('',(-1.21903738392281,0.150000000000001,
-0.444933960144115));
#104410=DIRECTION('',(-0.,-0.,1.));
#104420=DIRECTION('',(-1.,0.,0.));
#104430=AXIS2_PLACEMENT_3D('',#104400,#104410,#104420);
#104440=CIRCLE('',#104430,0.150000000000002);
#104450=CARTESIAN_POINT('',(-1.08668444274634,0.0794117647058811,
-0.444933960144115));
#104460=VERTEX_POINT('',#104450);
#104470=EDGE_CURVE('',#89060,#104460,#104440,.T.);
#104480=ORIENTED_EDGE('',*,*,#104470,.F.);
#104490=CARTESIAN_POINT('',(-0.782370717256146,0.649999999999997,
-0.444933960144115));
#104500=DIRECTION('',(0.470588235294125,0.882352941176467,-0.));
#104510=VECTOR('',#104500,1.);
#104520=LINE('',#104490,#104510);
#104530=CARTESIAN_POINT('',(-1.06315503098164,0.123529411764705,
-0.444933960144115));
#104540=VERTEX_POINT('',#104530);
#104550=EDGE_CURVE('',#104460,#104540,#104520,.T.);
#104560=ORIENTED_EDGE('',*,*,#104550,.F.);
#104570=CARTESIAN_POINT('',(-1.01903738392281,0.0999999999999994,
-0.444933960144115));
#104580=DIRECTION('',(-0.,-0.,1.));
#104590=DIRECTION('',(-1.,0.,-0.));
#104600=AXIS2_PLACEMENT_3D('',#104570,#104580,#104590);
#104610=CIRCLE('',#104600,0.0500000000000001);
#104620=CARTESIAN_POINT('',(-1.01903738392281,0.149999999999999,
-0.444933960144115));
#104630=VERTEX_POINT('',#104620);
#104640=EDGE_CURVE('',#104630,#104540,#104610,.T.);
#104650=ORIENTED_EDGE('',*,*,#104640,.T.);
#104660=CARTESIAN_POINT('',(0.860962616077189,0.15,-0.444933960144115));
#104670=DIRECTION('',(1.,0.,-0.));
#104680=VECTOR('',#104670,1.);
#104690=LINE('',#104660,#104680);
#104700=EDGE_CURVE('',#104630,#5980,#104690,.T.);
#104710=ORIENTED_EDGE('',*,*,#104700,.F.);
#104720=ORIENTED_EDGE('',*,*,#5990,.T.);
#104730=EDGE_LOOP('',(#104720,#104710,#104650,#104560,#104480,#104390,
#104380,#104320,#104240,#104230,#104170,#104160));
#104740=FACE_OUTER_BOUND('',#104730,.T.);
#104750=ADVANCED_FACE('',(#104740),#104100,.T.);
#104760=CARTESIAN_POINT('',(-1.47903738392282,-0.00250315000000101,
-0.291180810144115));
#104770=DIRECTION('',(-1.,0.,0.));
#104780=DIRECTION('',(0.,1.,0.));
#104790=AXIS2_PLACEMENT_3D('',#104760,#104770,#104780);
#104800=PLANE('',#104790);
#104810=CARTESIAN_POINT('',(-1.47903738392282,0.099999999999999,
-3.32993396014411));
#104820=DIRECTION('',(-0.,-0.,1.));
#104830=VECTOR('',#104820,1.);
#104840=LINE('',#104810,#104830);
#104850=EDGE_CURVE('',#104300,#101720,#104840,.T.);
#104860=ORIENTED_EDGE('',*,*,#104850,.F.);
#104870=ORIENTED_EDGE('',*,*,#101730,.T.);
#104880=ORIENTED_EDGE('',*,*,#89210,.F.);
#104890=ORIENTED_EDGE('',*,*,#104370,.T.);
#104900=EDGE_LOOP('',(#104890,#104880,#104870,#104860));
#104910=FACE_OUTER_BOUND('',#104900,.T.);
#104920=ADVANCED_FACE('',(#104910),#104800,.T.);
#104930=CARTESIAN_POINT('',(-1.02154053392281,0.249999999999999,
-0.291180810144115));
#104940=DIRECTION('',(0.,1.,0.));
#104950=DIRECTION('',(1.,-0.,0.));
#104960=AXIS2_PLACEMENT_3D('',#104930,#104940,#104950);
#104970=PLANE('',#104960);
#104980=ORIENTED_EDGE('',*,*,#104010,.F.);
#104990=ORIENTED_EDGE('',*,*,#104150,.T.);
#105000=ORIENTED_EDGE('',*,*,#5910,.F.);
#105010=ORIENTED_EDGE('',*,*,#102030,.T.);
#105020=EDGE_LOOP('',(#105010,#105000,#104990,#104980));
#105030=FACE_OUTER_BOUND('',#105020,.T.);
#105040=ADVANCED_FACE('',(#105030),#104970,.T.);
#105050=CARTESIAN_POINT('',(-1.17550945451105,0.125364867647058,
-0.291180810144115));
#105060=DIRECTION('',(-0.882352941176461,0.470588235294136,0.));
#105070=DIRECTION('',(0.470588235294136,0.882352941176461,0.));
#105080=AXIS2_PLACEMENT_3D('',#105050,#105060,#105070);
#105090=PLANE('',#105080);
#105100=ORIENTED_EDGE('',*,*,#100480,.F.);
#105110=ORIENTED_EDGE('',*,*,#104220,.T.);
#105120=ORIENTED_EDGE('',*,*,#103860,.T.);
#105130=ORIENTED_EDGE('',*,*,#101880,.T.);
#105140=EDGE_LOOP('',(#105130,#105120,#105110,#105100));
#105150=FACE_OUTER_BOUND('',#105140,.T.);
#105160=ADVANCED_FACE('',(#105150),#105090,.T.);
#105170=CARTESIAN_POINT('',(-1.48554053392281,0.099999999999999,
-0.291180810144115));
#105180=DIRECTION('',(0.,1.,0.));
#105190=DIRECTION('',(1.,-0.,0.));
#105200=AXIS2_PLACEMENT_3D('',#105170,#105180,#105190);
#105210=PLANE('',#105200);
#105220=ORIENTED_EDGE('',*,*,#104850,.T.);
#105230=ORIENTED_EDGE('',*,*,#104310,.T.);
#105240=ORIENTED_EDGE('',*,*,#100630,.T.);
#105250=ORIENTED_EDGE('',*,*,#101790,.T.);
#105260=EDGE_LOOP('',(#105250,#105240,#105230,#105220));
#105270=FACE_OUTER_BOUND('',#105260,.T.);
#105280=ADVANCED_FACE('',(#105270),#105210,.T.);
#105290=CARTESIAN_POINT('',(1.23096261607719,0.149999999999998,
-3.49116296014412));
#105300=DIRECTION('',(0.,0.,-1.));
#105310=DIRECTION('',(-1.,0.,-0.));
#105320=AXIS2_PLACEMENT_3D('',#105290,#105300,#105310);
#105330=CYLINDRICAL_SURFACE('',#105320,0.149999999999999);
#105340=CARTESIAN_POINT('',(1.23096261607719,-9.99200722162641E-16,
-3.49493396014411));
#105350=DIRECTION('',(0.,0.,-1.));
#105360=VECTOR('',#105350,1.);
#105370=LINE('',#105340,#105360);
#105380=CARTESIAN_POINT('',(1.23096261607719,0.,-3.49493396014411));
#105390=VERTEX_POINT('',#105380);
#105400=CARTESIAN_POINT('',(1.23096261607719,-9.99200722162641E-16,
-3.64493396014411));
#105410=VERTEX_POINT('',#105400);
#105420=EDGE_CURVE('',#105390,#105410,#105370,.T.);
#105430=ORIENTED_EDGE('',*,*,#105420,.F.);
#105440=CARTESIAN_POINT('',(1.23096261607719,0.149999999999998,
-3.64493396014411));
#105450=DIRECTION('',(0.,0.,-1.));
#105460=DIRECTION('',(-1.,0.,0.));
#105470=AXIS2_PLACEMENT_3D('',#105440,#105450,#105460);
#105480=CIRCLE('',#105470,0.149999999999999);
#105490=CARTESIAN_POINT('',(1.09860967490072,0.0794117647058811,
-3.64493396014411));
#105500=VERTEX_POINT('',#105490);
#105510=EDGE_CURVE('',#105410,#105500,#105480,.T.);
#105520=ORIENTED_EDGE('',*,*,#105510,.F.);
#105530=CARTESIAN_POINT('',(1.09860967490072,0.0794117647058811,
-3.49493396014411));
#105540=DIRECTION('',(0.,0.,-1.));
#105550=VECTOR('',#105540,1.);
#105560=LINE('',#105530,#105550);
#105570=CARTESIAN_POINT('',(1.09860967490072,0.0794117647058811,
-3.49493396014411));
#105580=VERTEX_POINT('',#105570);
#105590=EDGE_CURVE('',#105580,#105500,#105560,.T.);
#105600=ORIENTED_EDGE('',*,*,#105590,.T.);
#105610=CARTESIAN_POINT('',(1.23096261607719,0.149999999999998,
-3.49493396014411));
#105620=DIRECTION('',(0.,0.,-1.));
#105630=DIRECTION('',(-1.,0.,0.));
#105640=AXIS2_PLACEMENT_3D('',#105610,#105620,#105630);
#105650=CIRCLE('',#105640,0.149999999999999);
#105660=EDGE_CURVE('',#105390,#105580,#105650,.T.);
#105670=ORIENTED_EDGE('',*,*,#105660,.T.);
#105680=EDGE_LOOP('',(#105670,#105600,#105520,#105430));
#105690=FACE_OUTER_BOUND('',#105680,.T.);
#105700=ADVANCED_FACE('',(#105690),#105330,.T.);
#105710=CARTESIAN_POINT('',(1.23096261607719,0.149999999999998,
-0.291162960144114));
#105720=DIRECTION('',(0.,0.,-1.));
#105730=DIRECTION('',(-1.,0.,-0.));
#105740=AXIS2_PLACEMENT_3D('',#105710,#105720,#105730);
#105750=CYLINDRICAL_SURFACE('',#105740,0.149999999999999);
#105760=CARTESIAN_POINT('',(1.23096261607719,-9.99200722162641E-16,
-0.294933960144115));
#105770=DIRECTION('',(0.,0.,-1.));
#105780=VECTOR('',#105770,1.);
#105790=LINE('',#105760,#105780);
#105800=CARTESIAN_POINT('',(1.23096261607719,-9.99200722162641E-16,
-0.444933960144115));
#105810=VERTEX_POINT('',#105800);
#105820=EDGE_CURVE('',#103250,#105810,#105790,.T.);
#105830=ORIENTED_EDGE('',*,*,#105820,.F.);
#105840=CARTESIAN_POINT('',(1.23096261607719,0.149999999999998,
-0.444933960144115));
#105850=DIRECTION('',(0.,0.,-1.));
#105860=DIRECTION('',(-1.,0.,0.));
#105870=AXIS2_PLACEMENT_3D('',#105840,#105850,#105860);
#105880=CIRCLE('',#105870,0.149999999999999);
#105890=CARTESIAN_POINT('',(1.09860967490072,0.0794117647058811,
-0.444933960144115));
#105900=VERTEX_POINT('',#105890);
#105910=EDGE_CURVE('',#105810,#105900,#105880,.T.);
#105920=ORIENTED_EDGE('',*,*,#105910,.F.);
#105930=CARTESIAN_POINT('',(1.09860967490072,0.0794117647058811,
-0.294933960144115));
#105940=DIRECTION('',(0.,0.,-1.));
#105950=VECTOR('',#105940,1.);
#105960=LINE('',#105930,#105950);
#105970=EDGE_CURVE('',#103340,#105900,#105960,.T.);
#105980=ORIENTED_EDGE('',*,*,#105970,.T.);
#105990=ORIENTED_EDGE('',*,*,#103350,.T.);
#106000=EDGE_LOOP('',(#105990,#105980,#105920,#105830));
#106010=FACE_OUTER_BOUND('',#106000,.T.);
#106020=ADVANCED_FACE('',(#106010),#105750,.T.);
#106030=CARTESIAN_POINT('',(-1.01903738392281,0.0999999999999994,
-0.291120960144114));
#106040=DIRECTION('',(0.,0.,-1.));
#106050=DIRECTION('',(-1.,0.,-0.));
#106060=AXIS2_PLACEMENT_3D('',#106030,#106040,#106050);
#106070=CYLINDRICAL_SURFACE('',#106060,0.0500000000000001);
#106080=ORIENTED_EDGE('',*,*,#104640,.F.);
#106090=CARTESIAN_POINT('',(-1.06315503098164,0.123529411764705,
-0.294933960144115));
#106100=DIRECTION('',(0.,0.,-1.));
#106110=VECTOR('',#106100,1.);
#106120=LINE('',#106090,#106110);
#106130=EDGE_CURVE('',#101480,#104540,#106120,.T.);
#106140=ORIENTED_EDGE('',*,*,#106130,.T.);
#106150=ORIENTED_EDGE('',*,*,#101490,.T.);
#106160=CARTESIAN_POINT('',(-1.01903738392281,0.149999999999999,
-0.294933960144115));
#106170=DIRECTION('',(0.,0.,-1.));
#106180=VECTOR('',#106170,1.);
#106190=LINE('',#106160,#106180);
#106200=EDGE_CURVE('',#101390,#104630,#106190,.T.);
#106210=ORIENTED_EDGE('',*,*,#106200,.F.);
#106220=EDGE_LOOP('',(#106210,#106150,#106140,#106080));
#106230=FACE_OUTER_BOUND('',#106220,.T.);
#106240=ADVANCED_FACE('',(#106230),#106070,.F.);
#106250=CARTESIAN_POINT('',(-1.06256531333458,0.12463513235294,
-0.291180810144115));
#106260=DIRECTION('',(0.882352941176467,-0.470588235294125,0.));
#106270=DIRECTION('',(-0.470588235294125,-0.882352941176467,0.));
#106280=AXIS2_PLACEMENT_3D('',#106250,#106260,#106270);
#106290=PLANE('',#106280);
#106300=ORIENTED_EDGE('',*,*,#106130,.F.);
#106310=ORIENTED_EDGE('',*,*,#104550,.T.);
#106320=CARTESIAN_POINT('',(-1.08668444274634,0.0794117647058811,
-0.294933960144115));
#106330=DIRECTION('',(0.,0.,-1.));
#106340=VECTOR('',#106330,1.);
#106350=LINE('',#106320,#106340);
#106360=EDGE_CURVE('',#101560,#104460,#106350,.T.);
#106370=ORIENTED_EDGE('',*,*,#106360,.T.);
#106380=ORIENTED_EDGE('',*,*,#101570,.T.);
#106390=EDGE_LOOP('',(#106380,#106370,#106310,#106300));
#106400=FACE_OUTER_BOUND('',#106390,.T.);
#106410=ADVANCED_FACE('',(#106400),#106290,.T.);
#106420=CARTESIAN_POINT('',(-0.559037383922811,1.00625315,
3.98856918985588));
#106430=DIRECTION('',(1.,0.,0.));
#106440=DIRECTION('',(0.,-1.,0.));
#106450=AXIS2_PLACEMENT_3D('',#106420,#106430,#106440);
#106460=PLANE('',#106450);
#106470=CARTESIAN_POINT('',(-0.559037383922811,0.939999999999999,
-3.32993396014411));
#106480=DIRECTION('',(0.,-0.,1.));
#106490=VECTOR('',#106480,1.);
#106500=LINE('',#106470,#106490);
#106510=CARTESIAN_POINT('',(-0.559037383922811,0.939999999999999,
-3.73993396014412));
#106520=VERTEX_POINT('',#106510);
#106530=CARTESIAN_POINT('',(-0.559037383922811,0.939999999999999,
-3.60505023921388));
#106540=VERTEX_POINT('',#106530);
#106550=EDGE_CURVE('',#106520,#106540,#106500,.T.);
#106560=ORIENTED_EDGE('',*,*,#106550,.F.);
#106570=CARTESIAN_POINT('',(-0.559037383922811,0.649999999999997,
-3.55446884386504));
#106580=DIRECTION('',(-0.,0.985127563031391,-0.171824574947334));
#106590=VECTOR('',#106580,1.);
#106600=LINE('',#106570,#106590);
#106610=EDGE_CURVE('',#84640,#106540,#106600,.T.);
#106620=ORIENTED_EDGE('',*,*,#106610,.T.);
#106630=ORIENTED_EDGE('',*,*,#84650,.T.);
#106640=ORIENTED_EDGE('',*,*,#83900,.T.);
#106650=ORIENTED_EDGE('',*,*,#86470,.T.);
#106660=ORIENTED_EDGE('',*,*,#86180,.T.);
#106670=CARTESIAN_POINT('',(-0.559037383922811,0.989999999999999,
3.80006603985589));
#106680=DIRECTION('',(0.,0.,-1.));
#106690=VECTOR('',#106680,1.);
#106700=LINE('',#106670,#106690);
#106710=CARTESIAN_POINT('',(-0.559037383922811,0.989999999999999,
-3.73993396014412));
#106720=VERTEX_POINT('',#106710);
#106730=EDGE_CURVE('',#86150,#106720,#106700,.T.);
#106740=ORIENTED_EDGE('',*,*,#106730,.F.);
#106750=CARTESIAN_POINT('',(-0.559037383922811,0.649999999999997,
-3.73993396014412));
#106760=DIRECTION('',(0.,-1.,0.));
#106770=VECTOR('',#106760,1.);
#106780=LINE('',#106750,#106770);
#106790=EDGE_CURVE('',#106720,#106520,#106780,.T.);
#106800=ORIENTED_EDGE('',*,*,#106790,.F.);
#106810=EDGE_LOOP('',(#106800,#106740,#106660,#106650,#106640,#106630,
#106620,#106560));
#106820=FACE_OUTER_BOUND('',#106810,.T.);
#106830=ADVANCED_FACE('',(#106820),#106460,.T.);
#106840=CARTESIAN_POINT('',(-1.21903738392281,0.150000000000001,
-0.291162960144114));
#106850=DIRECTION('',(0.,0.,-1.));
#106860=DIRECTION('',(-1.,0.,-0.));
#106870=AXIS2_PLACEMENT_3D('',#106840,#106850,#106860);
#106880=CYLINDRICAL_SURFACE('',#106870,0.150000000000002);
#106890=ORIENTED_EDGE('',*,*,#101640,.F.);
#106900=ORIENTED_EDGE('',*,*,#106360,.F.);
#106910=ORIENTED_EDGE('',*,*,#104470,.T.);
#106920=ORIENTED_EDGE('',*,*,#89070,.T.);
#106930=EDGE_LOOP('',(#106920,#106910,#106900,#106890));
#106940=FACE_OUTER_BOUND('',#106930,.T.);
#106950=ADVANCED_FACE('',(#106940),#106880,.T.);
#106960=CARTESIAN_POINT('',(-0.83453423392281,0.15,4.37706918985588));
#106970=DIRECTION('',(0.,-1.,0.));
#106980=DIRECTION('',(-1.,-0.,0.));
#106990=AXIS2_PLACEMENT_3D('',#106960,#106970,#106980);
#107000=PLANE('',#106990);
#107010=ORIENTED_EDGE('',*,*,#99580,.T.);
#107020=ORIENTED_EDGE('',*,*,#97870,.T.);
#107030=ORIENTED_EDGE('',*,*,#5430,.T.);
#107040=ORIENTED_EDGE('',*,*,#94550,.T.);
#107050=ORIENTED_EDGE('',*,*,#90890,.T.);
#107060=ORIENTED_EDGE('',*,*,#94700,.T.);
#107070=ORIENTED_EDGE('',*,*,#5110,.T.);
#107080=ORIENTED_EDGE('',*,*,#24130,.T.);
#107090=ORIENTED_EDGE('',*,*,#66250,.T.);
#107100=ORIENTED_EDGE('',*,*,#24920,.T.);
#107110=ORIENTED_EDGE('',*,*,#4790,.T.);
#107120=ORIENTED_EDGE('',*,*,#22520,.T.);
#107130=ORIENTED_EDGE('',*,*,#66470,.T.);
#107140=ORIENTED_EDGE('',*,*,#20710,.T.);
#107150=ORIENTED_EDGE('',*,*,#4470,.T.);
#107160=ORIENTED_EDGE('',*,*,#20050,.T.);
#107170=ORIENTED_EDGE('',*,*,#19170,.T.);
#107180=ORIENTED_EDGE('',*,*,#77720,.T.);
#107190=ORIENTED_EDGE('',*,*,#4150,.T.);
#107200=ORIENTED_EDGE('',*,*,#69090,.T.);
#107210=ORIENTED_EDGE('',*,*,#68280,.T.);
#107220=ORIENTED_EDGE('',*,*,#69550,.T.);
#107230=ORIENTED_EDGE('',*,*,#3830,.T.);
#107240=ORIENTED_EDGE('',*,*,#73300,.T.);
#107250=ORIENTED_EDGE('',*,*,#17620,.T.);
#107260=ORIENTED_EDGE('',*,*,#16470,.T.);
#107270=ORIENTED_EDGE('',*,*,#3510,.T.);
#107280=ORIENTED_EDGE('',*,*,#75560,.T.);
#107290=ORIENTED_EDGE('',*,*,#73850,.T.);
#107300=ORIENTED_EDGE('',*,*,#15170,.T.);
#107310=ORIENTED_EDGE('',*,*,#3190,.T.);
#107320=ORIENTED_EDGE('',*,*,#15000,.T.);
#107330=ORIENTED_EDGE('',*,*,#76320,.T.);
#107340=ORIENTED_EDGE('',*,*,#11950,.T.);
#107350=ORIENTED_EDGE('',*,*,#9250,.T.);
#107360=ORIENTED_EDGE('',*,*,#10230,.T.);
#107370=ORIENTED_EDGE('',*,*,#11790,.T.);
#107380=ORIENTED_EDGE('',*,*,#10890,.T.);
#107390=ORIENTED_EDGE('',*,*,#8950,.T.);
#107400=ORIENTED_EDGE('',*,*,#65430,.F.);
#107410=ORIENTED_EDGE('',*,*,#65680,.T.);
#107420=CARTESIAN_POINT('',(-1.61903738392281,0.15,-3.32993396014411));
#107430=DIRECTION('',(-0.707106781186548,-0.,0.707106781186548));
#107440=VECTOR('',#107430,1.);
#107450=LINE('',#107420,#107440);
#107460=EDGE_CURVE('',#65610,#8620,#107450,.T.);
#107470=ORIENTED_EDGE('',*,*,#107460,.F.);
#107480=ORIENTED_EDGE('',*,*,#8630,.T.);
#107490=CARTESIAN_POINT('',(0.860962616077189,0.15,-3.64493396014411));
#107500=DIRECTION('',(1.,0.,0.));
#107510=VECTOR('',#107500,1.);
#107520=LINE('',#107490,#107510);
#107530=CARTESIAN_POINT('',(-1.01903738392281,0.149999999999999,
-3.64493396014411));
#107540=VERTEX_POINT('',#107530);
#107550=EDGE_CURVE('',#107540,#8540,#107520,.T.);
#107560=ORIENTED_EDGE('',*,*,#107550,.T.);
#107570=CARTESIAN_POINT('',(-1.01903738392281,0.149999999999999,
-3.49493396014411));
#107580=DIRECTION('',(0.,0.,-1.));
#107590=VECTOR('',#107580,1.);
#107600=LINE('',#107570,#107590);
#107610=CARTESIAN_POINT('',(-1.01903738392281,0.149999999999999,
-3.49493396014411));
#107620=VERTEX_POINT('',#107610);
#107630=EDGE_CURVE('',#107620,#107540,#107600,.T.);
#107640=ORIENTED_EDGE('',*,*,#107630,.T.);
#107650=CARTESIAN_POINT('',(0.860962616077189,0.15,-3.49493396014411));
#107660=DIRECTION('',(-1.,0.,0.));
#107670=VECTOR('',#107660,1.);
#107680=LINE('',#107650,#107670);
#107690=EDGE_CURVE('',#8300,#107620,#107680,.T.);
#107700=ORIENTED_EDGE('',*,*,#107690,.T.);
#107710=ORIENTED_EDGE('',*,*,#8310,.T.);
#107720=CARTESIAN_POINT('',(0.860962616077189,0.15,-3.24493396014411));
#107730=DIRECTION('',(1.,0.,0.));
#107740=VECTOR('',#107730,1.);
#107750=LINE('',#107720,#107740);
#107760=CARTESIAN_POINT('',(-1.01903738392281,0.149999999999999,
-3.24493396014411));
#107770=VERTEX_POINT('',#107760);
#107780=EDGE_CURVE('',#107770,#8220,#107750,.T.);
#107790=ORIENTED_EDGE('',*,*,#107780,.T.);
#107800=CARTESIAN_POINT('',(-1.01903738392281,0.149999999999999,
-3.09493396014412));
#107810=DIRECTION('',(0.,0.,-1.));
#107820=VECTOR('',#107810,1.);
#107830=LINE('',#107800,#107820);
#107840=CARTESIAN_POINT('',(-1.01903738392281,0.149999999999999,
-3.09493396014412));
#107850=VERTEX_POINT('',#107840);
#107860=EDGE_CURVE('',#107850,#107770,#107830,.T.);
#107870=ORIENTED_EDGE('',*,*,#107860,.T.);
#107880=CARTESIAN_POINT('',(0.860962616077189,0.15,-3.09493396014412));
#107890=DIRECTION('',(-1.,0.,0.));
#107900=VECTOR('',#107890,1.);
#107910=LINE('',#107880,#107900);
#107920=EDGE_CURVE('',#7980,#107850,#107910,.T.);
#107930=ORIENTED_EDGE('',*,*,#107920,.T.);
#107940=ORIENTED_EDGE('',*,*,#7990,.T.);
#107950=CARTESIAN_POINT('',(0.860962616077189,0.15,-2.84493396014412));
#107960=DIRECTION('',(1.,0.,0.));
#107970=VECTOR('',#107960,1.);
#107980=LINE('',#107950,#107970);
#107990=CARTESIAN_POINT('',(-1.01903738392281,0.149999999999999,
-2.84493396014412));
#108000=VERTEX_POINT('',#107990);
#108010=EDGE_CURVE('',#108000,#7900,#107980,.T.);
#108020=ORIENTED_EDGE('',*,*,#108010,.T.);
#108030=CARTESIAN_POINT('',(-1.01903738392281,0.149999999999999,
-2.69493396014412));
#108040=DIRECTION('',(0.,0.,-1.));
#108050=VECTOR('',#108040,1.);
#108060=LINE('',#108030,#108050);
#108070=CARTESIAN_POINT('',(-1.01903738392281,0.149999999999999,
-2.69493396014412));
#108080=VERTEX_POINT('',#108070);
#108090=EDGE_CURVE('',#108080,#108000,#108060,.T.);
#108100=ORIENTED_EDGE('',*,*,#108090,.T.);
#108110=CARTESIAN_POINT('',(0.860962616077189,0.15,-2.69493396014412));
#108120=DIRECTION('',(-1.,0.,0.));
#108130=VECTOR('',#108120,1.);
#108140=LINE('',#108110,#108130);
#108150=EDGE_CURVE('',#7660,#108080,#108140,.T.);
#108160=ORIENTED_EDGE('',*,*,#108150,.T.);
#108170=ORIENTED_EDGE('',*,*,#7670,.T.);
#108180=CARTESIAN_POINT('',(0.860962616077189,0.15,-2.44493396014412));
#108190=DIRECTION('',(1.,0.,0.));
#108200=VECTOR('',#108190,1.);
#108210=LINE('',#108180,#108200);
#108220=CARTESIAN_POINT('',(-1.01903738392281,0.149999999999999,
-2.44493396014412));
#108230=VERTEX_POINT('',#108220);
#108240=EDGE_CURVE('',#108230,#7580,#108210,.T.);
#108250=ORIENTED_EDGE('',*,*,#108240,.T.);
#108260=CARTESIAN_POINT('',(-1.01903738392281,0.149999999999999,
-2.29493396014411));
#108270=DIRECTION('',(0.,0.,-1.));
#108280=VECTOR('',#108270,1.);
#108290=LINE('',#108260,#108280);
#108300=CARTESIAN_POINT('',(-1.01903738392281,0.149999999999999,
-2.29493396014411));
#108310=VERTEX_POINT('',#108300);
#108320=EDGE_CURVE('',#108310,#108230,#108290,.T.);
#108330=ORIENTED_EDGE('',*,*,#108320,.T.);
#108340=CARTESIAN_POINT('',(0.860962616077189,0.15,-2.29493396014411));
#108350=DIRECTION('',(-1.,0.,0.));
#108360=VECTOR('',#108350,1.);
#108370=LINE('',#108340,#108360);
#108380=EDGE_CURVE('',#7340,#108310,#108370,.T.);
#108390=ORIENTED_EDGE('',*,*,#108380,.T.);
#108400=ORIENTED_EDGE('',*,*,#7350,.T.);
#108410=CARTESIAN_POINT('',(0.860962616077189,0.15,-2.04493396014411));
#108420=DIRECTION('',(1.,0.,0.));
#108430=VECTOR('',#108420,1.);
#108440=LINE('',#108410,#108430);
#108450=CARTESIAN_POINT('',(-1.01903738392281,0.149999999999999,
-2.04493396014411));
#108460=VERTEX_POINT('',#108450);
#108470=EDGE_CURVE('',#108460,#7260,#108440,.T.);
#108480=ORIENTED_EDGE('',*,*,#108470,.T.);
#108490=CARTESIAN_POINT('',(-1.01903738392281,0.149999999999999,
-1.89493396014411));
#108500=DIRECTION('',(0.,0.,-1.));
#108510=VECTOR('',#108500,1.);
#108520=LINE('',#108490,#108510);
#108530=CARTESIAN_POINT('',(-1.01903738392281,0.149999999999999,
-1.89493396014411));
#108540=VERTEX_POINT('',#108530);
#108550=EDGE_CURVE('',#108540,#108460,#108520,.T.);
#108560=ORIENTED_EDGE('',*,*,#108550,.T.);
#108570=CARTESIAN_POINT('',(0.860962616077189,0.15,-1.89493396014411));
#108580=DIRECTION('',(-1.,0.,0.));
#108590=VECTOR('',#108580,1.);
#108600=LINE('',#108570,#108590);
#108610=EDGE_CURVE('',#7020,#108540,#108600,.T.);
#108620=ORIENTED_EDGE('',*,*,#108610,.T.);
#108630=ORIENTED_EDGE('',*,*,#7030,.T.);
#108640=CARTESIAN_POINT('',(0.860962616077189,0.15,-1.64493396014411));
#108650=DIRECTION('',(1.,0.,0.));
#108660=VECTOR('',#108650,1.);
#108670=LINE('',#108640,#108660);
#108680=CARTESIAN_POINT('',(-1.01903738392281,0.149999999999999,
-1.64493396014411));
#108690=VERTEX_POINT('',#108680);
#108700=EDGE_CURVE('',#108690,#6940,#108670,.T.);
#108710=ORIENTED_EDGE('',*,*,#108700,.T.);
#108720=CARTESIAN_POINT('',(-1.01903738392281,0.149999999999999,
-1.49493396014411));
#108730=DIRECTION('',(0.,0.,-1.));
#108740=VECTOR('',#108730,1.);
#108750=LINE('',#108720,#108740);
#108760=CARTESIAN_POINT('',(-1.01903738392281,0.149999999999999,
-1.49493396014411));
#108770=VERTEX_POINT('',#108760);
#108780=EDGE_CURVE('',#108770,#108690,#108750,.T.);
#108790=ORIENTED_EDGE('',*,*,#108780,.T.);
#108800=CARTESIAN_POINT('',(0.860962616077189,0.15,-1.49493396014411));
#108810=DIRECTION('',(-1.,0.,0.));
#108820=VECTOR('',#108810,1.);
#108830=LINE('',#108800,#108820);
#108840=EDGE_CURVE('',#6700,#108770,#108830,.T.);
#108850=ORIENTED_EDGE('',*,*,#108840,.T.);
#108860=ORIENTED_EDGE('',*,*,#6710,.T.);
#108870=CARTESIAN_POINT('',(0.860962616077189,0.15,-1.24493396014411));
#108880=DIRECTION('',(1.,0.,0.));
#108890=VECTOR('',#108880,1.);
#108900=LINE('',#108870,#108890);
#108910=CARTESIAN_POINT('',(-1.01903738392281,0.149999999999999,
-1.24493396014411));
#108920=VERTEX_POINT('',#108910);
#108930=EDGE_CURVE('',#108920,#6620,#108900,.T.);
#108940=ORIENTED_EDGE('',*,*,#108930,.T.);
#108950=CARTESIAN_POINT('',(-1.01903738392281,0.149999999999999,
-1.09493396014412));
#108960=DIRECTION('',(0.,0.,-1.));
#108970=VECTOR('',#108960,1.);
#108980=LINE('',#108950,#108970);
#108990=CARTESIAN_POINT('',(-1.01903738392281,0.149999999999999,
-1.09493396014412));
#109000=VERTEX_POINT('',#108990);
#109010=EDGE_CURVE('',#109000,#108920,#108980,.T.);
#109020=ORIENTED_EDGE('',*,*,#109010,.T.);
#109030=CARTESIAN_POINT('',(0.860962616077189,0.15,-1.09493396014412));
#109040=DIRECTION('',(-1.,0.,0.));
#109050=VECTOR('',#109040,1.);
#109060=LINE('',#109030,#109050);
#109070=EDGE_CURVE('',#6380,#109000,#109060,.T.);
#109080=ORIENTED_EDGE('',*,*,#109070,.T.);
#109090=ORIENTED_EDGE('',*,*,#6390,.T.);
#109100=CARTESIAN_POINT('',(0.860962616077189,0.15,-0.844933960144115));
#109110=DIRECTION('',(1.,0.,0.));
#109120=VECTOR('',#109110,1.);
#109130=LINE('',#109100,#109120);
#109140=CARTESIAN_POINT('',(-1.01903738392281,0.149999999999999,
-0.844933960144115));
#109150=VERTEX_POINT('',#109140);
#109160=EDGE_CURVE('',#109150,#6300,#109130,.T.);
#109170=ORIENTED_EDGE('',*,*,#109160,.T.);
#109180=CARTESIAN_POINT('',(-1.01903738392281,0.149999999999999,
-0.694933960144115));
#109190=DIRECTION('',(0.,0.,-1.));
#109200=VECTOR('',#109190,1.);
#109210=LINE('',#109180,#109200);
#109220=CARTESIAN_POINT('',(-1.01903738392281,0.149999999999999,
-0.694933960144115));
#109230=VERTEX_POINT('',#109220);
#109240=EDGE_CURVE('',#109230,#109150,#109210,.T.);
#109250=ORIENTED_EDGE('',*,*,#109240,.T.);
#109260=CARTESIAN_POINT('',(0.860962616077189,0.15,-0.694933960144115));
#109270=DIRECTION('',(-1.,0.,0.));
#109280=VECTOR('',#109270,1.);
#109290=LINE('',#109260,#109280);
#109300=EDGE_CURVE('',#6060,#109230,#109290,.T.);
#109310=ORIENTED_EDGE('',*,*,#109300,.T.);
#109320=ORIENTED_EDGE('',*,*,#6070,.T.);
#109330=ORIENTED_EDGE('',*,*,#104700,.T.);
#109340=ORIENTED_EDGE('',*,*,#106200,.T.);
#109350=ORIENTED_EDGE('',*,*,#101400,.T.);
#109360=ORIENTED_EDGE('',*,*,#5750,.T.);
#109370=ORIENTED_EDGE('',*,*,#97700,.T.);
#109380=EDGE_LOOP('',(#109370,#109360,#109350,#109340,#109330,#109320,
#109310,#109250,#109170,#109090,#109080,#109020,#108940,#108860,#108850,
#108790,#108710,#108630,#108620,#108560,#108480,#108400,#108390,#108330,
#108250,#108170,#108160,#108100,#108020,#107940,#107930,#107870,#107790,
#107710,#107700,#107640,#107560,#107480,#107470,#107410,#107400,#107390,
#107380,#107370,#107360,#107350,#107340,#107330,#107320,#107310,#107300,
#107290,#107280,#107270,#107260,#107250,#107240,#107230,#107220,#107210,
#107200,#107190,#107180,#107170,#107160,#107150,#107140,#107130,#107120,
#107110,#107100,#107090,#107080,#107070,#107060,#107050,#107040,#107030,
#107020,#107010));
#109390=FACE_OUTER_BOUND('',#109380,.T.);
#109400=ADVANCED_FACE('',(#109390),#107000,.T.);
#109410=CARTESIAN_POINT('',(1.50496576607719,-0.00625315000000093,
-0.444933960144115));
#109420=DIRECTION('',(0.,0.,-1.));
#109430=DIRECTION('',(-1.,0.,-0.));
#109440=AXIS2_PLACEMENT_3D('',#109410,#109420,#109430);
#109450=PLANE('',#109440);
#109460=ORIENTED_EDGE('',*,*,#39880,.T.);
#109470=CARTESIAN_POINT('',(1.03096261607719,0.0999999999999981,
-0.444933960144115));
#109480=DIRECTION('',(0.,0.,-1.));
#109490=DIRECTION('',(-1.,0.,-0.));
#109500=AXIS2_PLACEMENT_3D('',#109470,#109480,#109490);
#109510=CIRCLE('',#109500,0.0500000000000004);
#109520=CARTESIAN_POINT('',(1.07508026313601,0.123529411764705,
-0.444933960144115));
#109530=VERTEX_POINT('',#109520);
#109540=EDGE_CURVE('',#39810,#109530,#109510,.T.);
#109550=ORIENTED_EDGE('',*,*,#109540,.F.);
#109560=CARTESIAN_POINT('',(0.794295949410517,0.649999999999997,
-0.444933960144115));
#109570=DIRECTION('',(-0.470588235294126,0.882352941176466,0.));
#109580=VECTOR('',#109570,1.);
#109590=LINE('',#109560,#109580);
#109600=EDGE_CURVE('',#105900,#109530,#109590,.T.);
#109610=ORIENTED_EDGE('',*,*,#109600,.T.);
#109620=ORIENTED_EDGE('',*,*,#105910,.T.);
#109630=CARTESIAN_POINT('',(0.860962616077189,0.,-0.444933960144115));
#109640=DIRECTION('',(-1.,-0.,0.));
#109650=VECTOR('',#109640,1.);
#109660=LINE('',#109630,#109650);
#109670=CARTESIAN_POINT('',(1.49096261607719,0.,-0.444933960144115));
#109680=VERTEX_POINT('',#109670);
#109690=EDGE_CURVE('',#109680,#105810,#109660,.T.);
#109700=ORIENTED_EDGE('',*,*,#109690,.T.);
#109710=CARTESIAN_POINT('',(1.49096261607719,0.649999999999997,
-0.444933960144115));
#109720=DIRECTION('',(0.,-1.,0.));
#109730=VECTOR('',#109720,1.);
#109740=LINE('',#109710,#109730);
#109750=CARTESIAN_POINT('',(1.49096261607719,0.099999999999999,
-0.444933960144115));
#109760=VERTEX_POINT('',#109750);
#109770=EDGE_CURVE('',#109760,#109680,#109740,.T.);
#109780=ORIENTED_EDGE('',*,*,#109770,.T.);
#109790=CARTESIAN_POINT('',(0.860962616077189,0.099999999999999,
-0.444933960144115));
#109800=DIRECTION('',(1.,-0.,0.));
#109810=VECTOR('',#109800,1.);
#109820=LINE('',#109790,#109810);
#109830=CARTESIAN_POINT('',(1.23096261607719,0.099999999999999,
-0.444933960144115));
#109840=VERTEX_POINT('',#109830);
#109850=EDGE_CURVE('',#109840,#109760,#109820,.T.);
#109860=ORIENTED_EDGE('',*,*,#109850,.T.);
#109870=CARTESIAN_POINT('',(1.23096261607719,0.149999999999997,
-0.444933960144115));
#109880=DIRECTION('',(0.,0.,-1.));
#109890=DIRECTION('',(-1.,0.,-0.));
#109900=AXIS2_PLACEMENT_3D('',#109870,#109880,#109890);
#109910=CIRCLE('',#109900,0.0499999999999974);
#109920=CARTESIAN_POINT('',(1.18684496901837,0.126470588235293,
-0.444933960144115));
#109930=VERTEX_POINT('',#109920);
#109940=EDGE_CURVE('',#109840,#109930,#109910,.T.);
#109950=ORIENTED_EDGE('',*,*,#109940,.F.);
#109960=CARTESIAN_POINT('',(0.907629282743856,0.649999999999997,
-0.444933960144115));
#109970=DIRECTION('',(0.470588235294118,-0.882352941176471,0.));
#109980=VECTOR('',#109970,1.);
#109990=LINE('',#109960,#109980);
#110000=EDGE_CURVE('',#102540,#109930,#109990,.T.);
#110010=ORIENTED_EDGE('',*,*,#110000,.T.);
#110020=ORIENTED_EDGE('',*,*,#102550,.T.);
#110030=ORIENTED_EDGE('',*,*,#103660,.T.);
#110040=ORIENTED_EDGE('',*,*,#34170,.F.);
#110050=EDGE_LOOP('',(#110040,#110030,#110020,#110010,#109950,#109860,
#109780,#109700,#109620,#109610,#109550,#109460));
#110060=FACE_OUTER_BOUND('',#110050,.T.);
#110070=ADVANCED_FACE('',(#110060),#109450,.T.);
#110080=CARTESIAN_POINT('',(1.09919939254778,0.0783060441176461,
-0.291180810144115));
#110090=DIRECTION('',(-0.882352941176466,-0.470588235294126,0.));
#110100=DIRECTION('',(-0.470588235294126,0.882352941176466,0.));
#110110=AXIS2_PLACEMENT_3D('',#110080,#110090,#110100);
#110120=PLANE('',#110110);
#110130=ORIENTED_EDGE('',*,*,#105970,.F.);
#110140=ORIENTED_EDGE('',*,*,#109600,.F.);
#110150=CARTESIAN_POINT('',(1.07508026313601,0.123529411764705,
-0.294933960144115));
#110160=DIRECTION('',(0.,0.,-1.));
#110170=VECTOR('',#110160,1.);
#110180=LINE('',#110150,#110170);
#110190=EDGE_CURVE('',#103420,#109530,#110180,.T.);
#110200=ORIENTED_EDGE('',*,*,#110190,.T.);
#110210=ORIENTED_EDGE('',*,*,#103430,.F.);
#110220=EDGE_LOOP('',(#110210,#110200,#110140,#110130));
#110230=FACE_OUTER_BOUND('',#110220,.T.);
#110240=ADVANCED_FACE('',(#110230),#110120,.T.);
#110250=CARTESIAN_POINT('',(1.03096261607719,0.0999999999999981,
-0.291120960144115));
#110260=DIRECTION('',(0.,0.,-1.));
#110270=DIRECTION('',(-1.,0.,-0.));
#110280=AXIS2_PLACEMENT_3D('',#110250,#110260,#110270);
#110290=CYLINDRICAL_SURFACE('',#110280,0.0500000000000004);
#110300=ORIENTED_EDGE('',*,*,#39820,.T.);
#110310=ORIENTED_EDGE('',*,*,#103500,.F.);
#110320=ORIENTED_EDGE('',*,*,#110190,.F.);
#110330=ORIENTED_EDGE('',*,*,#109540,.T.);
#110340=EDGE_LOOP('',(#110330,#110320,#110310,#110300));
#110350=FACE_OUTER_BOUND('',#110340,.T.);
#110360=ADVANCED_FACE('',(#110350),#110290,.F.);
#110370=CARTESIAN_POINT('',(1.22445946607719,0.099999999999999,
-0.291180810144115));
#110380=DIRECTION('',(0.,1.,0.));
#110390=DIRECTION('',(1.,-0.,0.));
#110400=AXIS2_PLACEMENT_3D('',#110370,#110380,#110390);
#110410=PLANE('',#110400);
#110420=CARTESIAN_POINT('',(1.23096261607719,0.099999999999999,
-0.294933960144115));
#110430=DIRECTION('',(0.,0.,-1.));
#110440=VECTOR('',#110430,1.);
#110450=LINE('',#110420,#110440);
#110460=EDGE_CURVE('',#103010,#109840,#110450,.T.);
#110470=ORIENTED_EDGE('',*,*,#110460,.F.);
#110480=ORIENTED_EDGE('',*,*,#109850,.F.);
#110490=CARTESIAN_POINT('',(1.49096261607719,0.099999999999999,
-3.32993396014411));
#110500=DIRECTION('',(-0.,-0.,1.));
#110510=VECTOR('',#110500,1.);
#110520=LINE('',#110490,#110510);
#110530=EDGE_CURVE('',#109760,#103090,#110520,.T.);
#110540=ORIENTED_EDGE('',*,*,#110530,.F.);
#110550=ORIENTED_EDGE('',*,*,#103100,.F.);
#110560=EDGE_LOOP('',(#110550,#110540,#110480,#110470));
#110570=FACE_OUTER_BOUND('',#110560,.T.);
#110580=ADVANCED_FACE('',(#110570),#110410,.T.);
#110590=CARTESIAN_POINT('',(1.23096261607719,0.149999999999997,
-0.291120960144114));
#110600=DIRECTION('',(0.,0.,-1.));
#110610=DIRECTION('',(-1.,0.,-0.));
#110620=AXIS2_PLACEMENT_3D('',#110590,#110600,#110610);
#110630=CYLINDRICAL_SURFACE('',#110620,0.0499999999999974);
#110640=ORIENTED_EDGE('',*,*,#110460,.T.);
#110650=ORIENTED_EDGE('',*,*,#103020,.F.);
#110660=CARTESIAN_POINT('',(1.18684496901837,0.126470588235293,
-0.294933960144115));
#110670=DIRECTION('',(0.,0.,-1.));
#110680=VECTOR('',#110670,1.);
#110690=LINE('',#110660,#110680);
#110700=EDGE_CURVE('',#102920,#109930,#110690,.T.);
#110710=ORIENTED_EDGE('',*,*,#110700,.F.);
#110720=ORIENTED_EDGE('',*,*,#109940,.T.);
#110730=EDGE_LOOP('',(#110720,#110710,#110650,#110640));
#110740=FACE_OUTER_BOUND('',#110730,.T.);
#110750=ADVANCED_FACE('',(#110740),#110630,.F.);
#110760=CARTESIAN_POINT('',(1.1627258396066,0.171693955882352,
-0.291180810144115));
#110770=DIRECTION('',(0.882352941176471,0.470588235294118,0.));
#110780=DIRECTION('',(0.470588235294118,-0.882352941176471,0.));
#110790=AXIS2_PLACEMENT_3D('',#110760,#110770,#110780);
#110800=PLANE('',#110790);
#110810=ORIENTED_EDGE('',*,*,#102630,.F.);
#110820=ORIENTED_EDGE('',*,*,#110000,.F.);
#110830=ORIENTED_EDGE('',*,*,#110700,.T.);
#110840=ORIENTED_EDGE('',*,*,#102930,.F.);
#110850=EDGE_LOOP('',(#110840,#110830,#110820,#110810));
#110860=FACE_OUTER_BOUND('',#110850,.T.);
#110870=ADVANCED_FACE('',(#110860),#110800,.T.);
#110880=CARTESIAN_POINT('',(1.49096261607719,0.102503149999999,
-0.291180810144115));
#110890=DIRECTION('',(1.,0.,0.));
#110900=DIRECTION('',(0.,-1.,0.));
#110910=AXIS2_PLACEMENT_3D('',#110880,#110890,#110900);
#110920=PLANE('',#110910);
#110930=CARTESIAN_POINT('',(1.49096261607719,0.,-3.32993396014411));
#110940=DIRECTION('',(0.,-0.,-1.));
#110950=VECTOR('',#110940,1.);
#110960=LINE('',#110930,#110950);
#110970=EDGE_CURVE('',#103170,#109680,#110960,.T.);
#110980=ORIENTED_EDGE('',*,*,#110970,.T.);
#110990=ORIENTED_EDGE('',*,*,#103180,.F.);
#111000=ORIENTED_EDGE('',*,*,#110530,.T.);
#111010=ORIENTED_EDGE('',*,*,#109770,.F.);
#111020=EDGE_LOOP('',(#111010,#111000,#110990,#110980));
#111030=FACE_OUTER_BOUND('',#111020,.T.);
#111040=ADVANCED_FACE('',(#111030),#110920,.T.);
#111050=CARTESIAN_POINT('',(1.49746576607719,0.,-0.291180810144115));
#111060=DIRECTION('',(0.,-1.,0.));
#111070=DIRECTION('',(-1.,-0.,0.));
#111080=AXIS2_PLACEMENT_3D('',#111050,#111060,#111070);
#111090=PLANE('',#111080);
#111100=ORIENTED_EDGE('',*,*,#109690,.F.);
#111110=ORIENTED_EDGE('',*,*,#105820,.T.);
#111120=ORIENTED_EDGE('',*,*,#103260,.F.);
#111130=ORIENTED_EDGE('',*,*,#110970,.F.);
#111140=EDGE_LOOP('',(#111130,#111120,#111110,#111100));
#111150=FACE_OUTER_BOUND('',#111140,.T.);
#111160=ADVANCED_FACE('',(#111150),#111090,.T.);
#111170=CARTESIAN_POINT('',(1.1627258396066,0.171693955882352,
-3.09118081014411));
#111180=DIRECTION('',(0.88235294117647,0.470588235294118,0.));
#111190=DIRECTION('',(0.470588235294118,-0.88235294117647,0.));
#111200=AXIS2_PLACEMENT_3D('',#111170,#111180,#111190);
#111210=PLANE('',#111200);
#111220=ORIENTED_EDGE('',*,*,#90400,.F.);
#111230=CARTESIAN_POINT('',(0.907629282743856,0.649999999999997,
-3.24493396014411));
#111240=DIRECTION('',(0.470588235294118,-0.88235294117647,-0.));
#111250=VECTOR('',#111240,1.);
#111260=LINE('',#111230,#111250);
#111270=CARTESIAN_POINT('',(1.18684496901837,0.126470588235293,
-3.24493396014411));
#111280=VERTEX_POINT('',#111270);
#111290=EDGE_CURVE('',#90310,#111280,#111260,.T.);
#111300=ORIENTED_EDGE('',*,*,#111290,.F.);
#111310=CARTESIAN_POINT('',(1.18684496901837,0.126470588235293,
-3.09493396014412));
#111320=DIRECTION('',(0.,0.,-1.));
#111330=VECTOR('',#111320,1.);
#111340=LINE('',#111310,#111330);
#111350=CARTESIAN_POINT('',(1.18684496901837,0.126470588235293,
-3.09493396014412));
#111360=VERTEX_POINT('',#111350);
#111370=EDGE_CURVE('',#111360,#111280,#111340,.T.);
#111380=ORIENTED_EDGE('',*,*,#111370,.T.);
#111390=CARTESIAN_POINT('',(0.907629282743856,0.649999999999997,
-3.09493396014412));
#111400=DIRECTION('',(-0.470588235294118,0.88235294117647,-0.));
#111410=VECTOR('',#111400,1.);
#111420=LINE('',#111390,#111410);
#111430=EDGE_CURVE('',#111360,#90390,#111420,.T.);
#111440=ORIENTED_EDGE('',*,*,#111430,.F.);
#111450=EDGE_LOOP('',(#111440,#111380,#111300,#111220));
#111460=FACE_OUTER_BOUND('',#111450,.T.);
#111470=ADVANCED_FACE('',(#111460),#111210,.T.);
#111480=CARTESIAN_POINT('',(0.91695946607719,-0.00625315000000093,
-3.09493396014412));
#111490=DIRECTION('',(0.,0.,1.));
#111500=DIRECTION('',(1.,0.,-0.));
#111510=AXIS2_PLACEMENT_3D('',#111480,#111490,#111500);
#111520=PLANE('',#111510);
#111530=CARTESIAN_POINT('',(0.860962616077189,0.249999999999999,
-3.09493396014412));
#111540=DIRECTION('',(-1.,0.,0.));
#111550=VECTOR('',#111540,1.);
#111560=LINE('',#111530,#111550);
#111570=EDGE_CURVE('',#90200,#32000,#111560,.T.);
#111580=ORIENTED_EDGE('',*,*,#111570,.T.);
#111590=ORIENTED_EDGE('',*,*,#90470,.F.);
#111600=ORIENTED_EDGE('',*,*,#111430,.T.);
#111610=CARTESIAN_POINT('',(1.23096261607719,0.149999999999997,
-3.09493396014412));
#111620=DIRECTION('',(0.,0.,-1.));
#111630=DIRECTION('',(-1.,0.,-0.));
#111640=AXIS2_PLACEMENT_3D('',#111610,#111620,#111630);
#111650=CIRCLE('',#111640,0.0499999999999974);
#111660=CARTESIAN_POINT('',(1.23096261607719,0.099999999999999,
-3.09493396014412));
#111670=VERTEX_POINT('',#111660);
#111680=EDGE_CURVE('',#111670,#111360,#111650,.T.);
#111690=ORIENTED_EDGE('',*,*,#111680,.T.);
#111700=CARTESIAN_POINT('',(0.860962616077189,0.099999999999999,
-3.09493396014412));
#111710=DIRECTION('',(-1.,0.,0.));
#111720=VECTOR('',#111710,1.);
#111730=LINE('',#111700,#111720);
#111740=CARTESIAN_POINT('',(1.49096261607719,0.099999999999999,
-3.09493396014412));
#111750=VERTEX_POINT('',#111740);
#111760=EDGE_CURVE('',#111750,#111670,#111730,.T.);
#111770=ORIENTED_EDGE('',*,*,#111760,.T.);
#111780=CARTESIAN_POINT('',(1.49096261607719,0.649999999999997,
-3.09493396014412));
#111790=DIRECTION('',(-0.,1.,0.));
#111800=VECTOR('',#111790,1.);
#111810=LINE('',#111780,#111800);
#111820=CARTESIAN_POINT('',(1.49096261607719,0.,-3.09493396014412));
#111830=VERTEX_POINT('',#111820);
#111840=EDGE_CURVE('',#111830,#111750,#111810,.T.);
#111850=ORIENTED_EDGE('',*,*,#111840,.T.);
#111860=CARTESIAN_POINT('',(0.860962616077189,0.,-3.09493396014412));
#111870=DIRECTION('',(1.,0.,0.));
#111880=VECTOR('',#111870,1.);
#111890=LINE('',#111860,#111880);
#111900=CARTESIAN_POINT('',(1.23096261607719,0.,-3.09493396014412));
#111910=VERTEX_POINT('',#111900);
#111920=EDGE_CURVE('',#111910,#111830,#111890,.T.);
#111930=ORIENTED_EDGE('',*,*,#111920,.T.);
#111940=CARTESIAN_POINT('',(1.23096261607719,0.149999999999998,
-3.09493396014412));
#111950=DIRECTION('',(0.,0.,-1.));
#111960=DIRECTION('',(-1.,0.,0.));
#111970=AXIS2_PLACEMENT_3D('',#111940,#111950,#111960);
#111980=CIRCLE('',#111970,0.149999999999999);
#111990=CARTESIAN_POINT('',(1.09860967490072,0.0794117647058811,
-3.09493396014412));
#112000=VERTEX_POINT('',#111990);
#112010=EDGE_CURVE('',#111910,#112000,#111980,.T.);
#112020=ORIENTED_EDGE('',*,*,#112010,.F.);
#112030=CARTESIAN_POINT('',(0.794295949410517,0.649999999999997,
-3.09493396014412));
#112040=DIRECTION('',(0.470588235294126,-0.882352941176466,0.));
#112050=VECTOR('',#112040,1.);
#112060=LINE('',#112030,#112050);
#112070=CARTESIAN_POINT('',(1.07508026313601,0.123529411764705,
-3.09493396014412));
#112080=VERTEX_POINT('',#112070);
#112090=EDGE_CURVE('',#112080,#112000,#112060,.T.);
#112100=ORIENTED_EDGE('',*,*,#112090,.T.);
#112110=CARTESIAN_POINT('',(1.03096261607719,0.0999999999999981,
-3.09493396014412));
#112120=DIRECTION('',(0.,0.,-1.));
#112130=DIRECTION('',(-1.,0.,-0.));
#112140=AXIS2_PLACEMENT_3D('',#112110,#112120,#112130);
#112150=CIRCLE('',#112140,0.0500000000000004);
#112160=EDGE_CURVE('',#41340,#112080,#112150,.T.);
#112170=ORIENTED_EDGE('',*,*,#112160,.T.);
#112180=ORIENTED_EDGE('',*,*,#41350,.T.);
#112190=ORIENTED_EDGE('',*,*,#32090,.F.);
#112200=EDGE_LOOP('',(#112190,#112180,#112170,#112100,#112020,#111930,
#111850,#111770,#111690,#111600,#111590,#111580));
#112210=FACE_OUTER_BOUND('',#112200,.T.);
#112220=ADVANCED_FACE('',(#112210),#111520,.T.);
#112230=CARTESIAN_POINT('',(1.23096261607719,0.149999999999997,
-3.09112096014412));
#112240=DIRECTION('',(0.,0.,-1.));
#112250=DIRECTION('',(-1.,0.,-0.));
#112260=AXIS2_PLACEMENT_3D('',#112230,#112240,#112250);
#112270=CYLINDRICAL_SURFACE('',#112260,0.0499999999999974);
#112280=CARTESIAN_POINT('',(1.23096261607719,0.099999999999999,
-3.09493396014412));
#112290=DIRECTION('',(0.,0.,-1.));
#112300=VECTOR('',#112290,1.);
#112310=LINE('',#112280,#112300);
#112320=CARTESIAN_POINT('',(1.23096261607719,0.099999999999999,
-3.24493396014411));
#112330=VERTEX_POINT('',#112320);
#112340=EDGE_CURVE('',#111670,#112330,#112310,.T.);
#112350=ORIENTED_EDGE('',*,*,#112340,.T.);
#112360=ORIENTED_EDGE('',*,*,#111680,.F.);
#112370=ORIENTED_EDGE('',*,*,#111370,.F.);
#112380=CARTESIAN_POINT('',(1.23096261607719,0.149999999999997,
-3.24493396014411));
#112390=DIRECTION('',(0.,0.,-1.));
#112400=DIRECTION('',(-1.,0.,-0.));
#112410=AXIS2_PLACEMENT_3D('',#112380,#112390,#112400);
#112420=CIRCLE('',#112410,0.0499999999999974);
#112430=EDGE_CURVE('',#112330,#111280,#112420,.T.);
#112440=ORIENTED_EDGE('',*,*,#112430,.T.);
#112450=EDGE_LOOP('',(#112440,#112370,#112360,#112350));
#112460=FACE_OUTER_BOUND('',#112450,.T.);
#112470=ADVANCED_FACE('',(#112460),#112270,.F.);
#112480=CARTESIAN_POINT('',(1.22445946607719,0.099999999999999,
-3.09118081014411));
#112490=DIRECTION('',(0.,1.,0.));
#112500=DIRECTION('',(1.,-0.,0.));
#112510=AXIS2_PLACEMENT_3D('',#112480,#112490,#112500);
#112520=PLANE('',#112510);
#112530=ORIENTED_EDGE('',*,*,#112340,.F.);
#112540=CARTESIAN_POINT('',(0.860962616077189,0.099999999999999,
-3.24493396014411));
#112550=DIRECTION('',(1.,-0.,0.));
#112560=VECTOR('',#112550,1.);
#112570=LINE('',#112540,#112560);
#112580=CARTESIAN_POINT('',(1.49096261607719,0.099999999999999,
-3.24493396014411));
#112590=VERTEX_POINT('',#112580);
#112600=EDGE_CURVE('',#112330,#112590,#112570,.T.);
#112610=ORIENTED_EDGE('',*,*,#112600,.F.);
#112620=CARTESIAN_POINT('',(1.49096261607719,0.099999999999999,
-3.32993396014411));
#112630=DIRECTION('',(-0.,-0.,1.));
#112640=VECTOR('',#112630,1.);
#112650=LINE('',#112620,#112640);
#112660=EDGE_CURVE('',#112590,#111750,#112650,.T.);
#112670=ORIENTED_EDGE('',*,*,#112660,.F.);
#112680=ORIENTED_EDGE('',*,*,#111760,.F.);
#112690=EDGE_LOOP('',(#112680,#112670,#112610,#112530));
#112700=FACE_OUTER_BOUND('',#112690,.T.);
#112710=ADVANCED_FACE('',(#112700),#112520,.T.);
#112720=CARTESIAN_POINT('',(1.49096261607719,0.102503149999999,
-3.09118081014411));
#112730=DIRECTION('',(1.,0.,0.));
#112740=DIRECTION('',(0.,-1.,0.));
#112750=AXIS2_PLACEMENT_3D('',#112720,#112730,#112740);
#112760=PLANE('',#112750);
#112770=CARTESIAN_POINT('',(1.49096261607719,0.,-3.32993396014411));
#112780=DIRECTION('',(0.,-0.,-1.));
#112790=VECTOR('',#112780,1.);
#112800=LINE('',#112770,#112790);
#112810=CARTESIAN_POINT('',(1.49096261607719,0.,-3.24493396014411));
#112820=VERTEX_POINT('',#112810);
#112830=EDGE_CURVE('',#111830,#112820,#112800,.T.);
#112840=ORIENTED_EDGE('',*,*,#112830,.T.);
#112850=ORIENTED_EDGE('',*,*,#111840,.F.);
#112860=ORIENTED_EDGE('',*,*,#112660,.T.);
#112870=CARTESIAN_POINT('',(1.49096261607719,0.649999999999997,
-3.24493396014411));
#112880=DIRECTION('',(-0.,-1.,-0.));
#112890=VECTOR('',#112880,1.);
#112900=LINE('',#112870,#112890);
#112910=EDGE_CURVE('',#112590,#112820,#112900,.T.);
#112920=ORIENTED_EDGE('',*,*,#112910,.F.);
#112930=EDGE_LOOP('',(#112920,#112860,#112850,#112840));
#112940=FACE_OUTER_BOUND('',#112930,.T.);
#112950=ADVANCED_FACE('',(#112940),#112760,.T.);
#112960=CARTESIAN_POINT('',(1.49746576607719,0.,-3.09118081014411));
#112970=DIRECTION('',(0.,-1.,0.));
#112980=DIRECTION('',(-1.,-0.,0.));
#112990=AXIS2_PLACEMENT_3D('',#112960,#112970,#112980);
#113000=PLANE('',#112990);
#113010=CARTESIAN_POINT('',(0.860962616077189,0.,-3.24493396014411));
#113020=DIRECTION('',(-1.,-0.,-0.));
#113030=VECTOR('',#113020,1.);
#113040=LINE('',#113010,#113030);
#113050=CARTESIAN_POINT('',(1.23096261607719,-9.99200722162641E-16,
-3.24493396014411));
#113060=VERTEX_POINT('',#113050);
#113070=EDGE_CURVE('',#112820,#113060,#113040,.T.);
#113080=ORIENTED_EDGE('',*,*,#113070,.F.);
#113090=CARTESIAN_POINT('',(1.23096261607719,-9.99200722162641E-16,
-3.09493396014412));
#113100=DIRECTION('',(0.,0.,-1.));
#113110=VECTOR('',#113100,1.);
#113120=LINE('',#113090,#113110);
#113130=EDGE_CURVE('',#111910,#113060,#113120,.T.);
#113140=ORIENTED_EDGE('',*,*,#113130,.T.);
#113150=ORIENTED_EDGE('',*,*,#111920,.F.);
#113160=ORIENTED_EDGE('',*,*,#112830,.F.);
#113170=EDGE_LOOP('',(#113160,#113150,#113140,#113080));
#113180=FACE_OUTER_BOUND('',#113170,.T.);
#113190=ADVANCED_FACE('',(#113180),#113000,.T.);
#113200=CARTESIAN_POINT('',(1.09919939254778,0.0783060441176461,
-3.09118081014411));
#113210=DIRECTION('',(-0.882352941176466,-0.470588235294126,0.));
#113220=DIRECTION('',(-0.470588235294126,0.882352941176466,0.));
#113230=AXIS2_PLACEMENT_3D('',#113200,#113210,#113220);
#113240=PLANE('',#113230);
#113250=CARTESIAN_POINT('',(1.09860967490072,0.0794117647058811,
-3.09493396014412));
#113260=DIRECTION('',(0.,0.,-1.));
#113270=VECTOR('',#113260,1.);
#113280=LINE('',#113250,#113270);
#113290=CARTESIAN_POINT('',(1.09860967490072,0.0794117647058811,
-3.24493396014411));
#113300=VERTEX_POINT('',#113290);
#113310=EDGE_CURVE('',#112000,#113300,#113280,.T.);
#113320=ORIENTED_EDGE('',*,*,#113310,.F.);
#113330=CARTESIAN_POINT('',(0.794295949410517,0.649999999999997,
-3.24493396014411));
#113340=DIRECTION('',(-0.470588235294126,0.882352941176466,-0.));
#113350=VECTOR('',#113340,1.);
#113360=LINE('',#113330,#113350);
#113370=CARTESIAN_POINT('',(1.07508026313601,0.123529411764705,
-3.24493396014411));
#113380=VERTEX_POINT('',#113370);
#113390=EDGE_CURVE('',#113300,#113380,#113360,.T.);
#113400=ORIENTED_EDGE('',*,*,#113390,.F.);
#113410=CARTESIAN_POINT('',(1.07508026313601,0.123529411764705,
-3.09493396014412));
#113420=DIRECTION('',(0.,0.,-1.));
#113430=VECTOR('',#113420,1.);
#113440=LINE('',#113410,#113430);
#113450=EDGE_CURVE('',#112080,#113380,#113440,.T.);
#113460=ORIENTED_EDGE('',*,*,#113450,.T.);
#113470=ORIENTED_EDGE('',*,*,#112090,.F.);
#113480=EDGE_LOOP('',(#113470,#113460,#113400,#113320));
#113490=FACE_OUTER_BOUND('',#113480,.T.);
#113500=ADVANCED_FACE('',(#113490),#113240,.T.);
#113510=CARTESIAN_POINT('',(1.50496576607719,-0.00625315000000093,
-3.24493396014411));
#113520=DIRECTION('',(0.,0.,-1.));
#113530=DIRECTION('',(-1.,0.,-0.));
#113540=AXIS2_PLACEMENT_3D('',#113510,#113520,#113530);
#113550=PLANE('',#113540);
#113560=ORIENTED_EDGE('',*,*,#41490,.T.);
#113570=CARTESIAN_POINT('',(1.03096261607719,0.0999999999999981,
-3.24493396014411));
#113580=DIRECTION('',(0.,0.,-1.));
#113590=DIRECTION('',(-1.,0.,-0.));
#113600=AXIS2_PLACEMENT_3D('',#113570,#113580,#113590);
#113610=CIRCLE('',#113600,0.0500000000000004);
#113620=EDGE_CURVE('',#41420,#113380,#113610,.T.);
#113630=ORIENTED_EDGE('',*,*,#113620,.F.);
#113640=ORIENTED_EDGE('',*,*,#113390,.T.);
#113650=CARTESIAN_POINT('',(1.23096261607719,0.149999999999998,
-3.24493396014411));
#113660=DIRECTION('',(0.,0.,-1.));
#113670=DIRECTION('',(-1.,0.,0.));
#113680=AXIS2_PLACEMENT_3D('',#113650,#113660,#113670);
#113690=CIRCLE('',#113680,0.149999999999999);
#113700=EDGE_CURVE('',#113060,#113300,#113690,.T.);
#113710=ORIENTED_EDGE('',*,*,#113700,.T.);
#113720=ORIENTED_EDGE('',*,*,#113070,.T.);
#113730=ORIENTED_EDGE('',*,*,#112910,.T.);
#113740=ORIENTED_EDGE('',*,*,#112600,.T.);
#113750=ORIENTED_EDGE('',*,*,#112430,.F.);
#113760=ORIENTED_EDGE('',*,*,#111290,.T.);
#113770=ORIENTED_EDGE('',*,*,#90320,.T.);
#113780=CARTESIAN_POINT('',(0.860962616077189,0.249999999999999,
-3.24493396014411));
#113790=DIRECTION('',(1.,-0.,0.));
#113800=VECTOR('',#113790,1.);
#113810=LINE('',#113780,#113800);
#113820=EDGE_CURVE('',#31920,#90220,#113810,.T.);
#113830=ORIENTED_EDGE('',*,*,#113820,.T.);
#113840=ORIENTED_EDGE('',*,*,#31930,.F.);
#113850=EDGE_LOOP('',(#113840,#113830,#113770,#113760,#113750,#113740,
#113730,#113720,#113710,#113640,#113630,#113560));
#113860=FACE_OUTER_BOUND('',#113850,.T.);
#113870=ADVANCED_FACE('',(#113860),#113550,.T.);
#113880=CARTESIAN_POINT('',(0.92845946607719,0.249999999999999,
-3.09118081014411));
#113890=DIRECTION('',(0.,1.,0.));
#113900=DIRECTION('',(1.,-0.,0.));
#113910=AXIS2_PLACEMENT_3D('',#113880,#113890,#113900);
#113920=PLANE('',#113910);
#113930=ORIENTED_EDGE('',*,*,#113820,.F.);
#113940=ORIENTED_EDGE('',*,*,#90230,.T.);
#113950=ORIENTED_EDGE('',*,*,#111570,.F.);
#113960=ORIENTED_EDGE('',*,*,#32010,.T.);
#113970=EDGE_LOOP('',(#113960,#113950,#113940,#113930));
#113980=FACE_OUTER_BOUND('',#113970,.T.);
#113990=ADVANCED_FACE('',(#113980),#113920,.T.);
#114000=CARTESIAN_POINT('',(1.1627258396066,0.171693955882352,
-3.49118081014411));
#114010=DIRECTION('',(0.88235294117647,0.470588235294118,0.));
#114020=DIRECTION('',(0.470588235294118,-0.88235294117647,0.));
#114030=AXIS2_PLACEMENT_3D('',#114000,#114010,#114020);
#114040=PLANE('',#114030);
#114050=CARTESIAN_POINT('',(1.16331555725366,0.170588235294117,
-3.49493396014411));
#114060=DIRECTION('',(0.,0.,-1.));
#114070=VECTOR('',#114060,1.);
#114080=LINE('',#114050,#114070);
#114090=CARTESIAN_POINT('',(1.16331555725366,0.170588235294117,
-3.49493396014411));
#114100=VERTEX_POINT('',#114090);
#114110=CARTESIAN_POINT('',(1.16331555725366,0.170588235294117,
-3.64493396014411));
#114120=VERTEX_POINT('',#114110);
#114130=EDGE_CURVE('',#114100,#114120,#114080,.T.);
#114140=ORIENTED_EDGE('',*,*,#114130,.F.);
#114150=CARTESIAN_POINT('',(0.907629282743856,0.649999999999997,
-3.64493396014411));
#114160=DIRECTION('',(0.470588235294118,-0.88235294117647,-0.));
#114170=VECTOR('',#114160,1.);
#114180=LINE('',#114150,#114170);
#114190=CARTESIAN_POINT('',(1.18684496901837,0.126470588235293,
-3.64493396014411));
#114200=VERTEX_POINT('',#114190);
#114210=EDGE_CURVE('',#114120,#114200,#114180,.T.);
#114220=ORIENTED_EDGE('',*,*,#114210,.F.);
#114230=CARTESIAN_POINT('',(1.18684496901837,0.126470588235293,
-3.49493396014411));
#114240=DIRECTION('',(0.,0.,-1.));
#114250=VECTOR('',#114240,1.);
#114260=LINE('',#114230,#114250);
#114270=CARTESIAN_POINT('',(1.18684496901837,0.126470588235293,
-3.49493396014411));
#114280=VERTEX_POINT('',#114270);
#114290=EDGE_CURVE('',#114280,#114200,#114260,.T.);
#114300=ORIENTED_EDGE('',*,*,#114290,.T.);
#114310=CARTESIAN_POINT('',(0.907629282743856,0.649999999999997,
-3.49493396014411));
#114320=DIRECTION('',(-0.470588235294118,0.88235294117647,-0.));
#114330=VECTOR('',#114320,1.);
#114340=LINE('',#114310,#114330);
#114350=EDGE_CURVE('',#114280,#114100,#114340,.T.);
#114360=ORIENTED_EDGE('',*,*,#114350,.F.);
#114370=EDGE_LOOP('',(#114360,#114300,#114220,#114140));
#114380=FACE_OUTER_BOUND('',#114370,.T.);
#114390=ADVANCED_FACE('',(#114380),#114040,.T.);
#114400=CARTESIAN_POINT('',(-1.49304053392282,-0.00625315000000093,
-0.694933960144115));
#114410=DIRECTION('',(0.,0.,1.));
#114420=DIRECTION('',(1.,0.,-0.));
#114430=AXIS2_PLACEMENT_3D('',#114400,#114410,#114420);
#114440=PLANE('',#114430);
#114450=ORIENTED_EDGE('',*,*,#109300,.F.);
#114460=CARTESIAN_POINT('',(-1.01903738392281,0.0999999999999994,
-0.694933960144115));
#114470=DIRECTION('',(-0.,-0.,1.));
#114480=DIRECTION('',(-1.,0.,-0.));
#114490=AXIS2_PLACEMENT_3D('',#114460,#114470,#114480);
#114500=CIRCLE('',#114490,0.0500000000000001);
#114510=CARTESIAN_POINT('',(-1.06315503098164,0.123529411764705,
-0.694933960144115));
#114520=VERTEX_POINT('',#114510);
#114530=EDGE_CURVE('',#109230,#114520,#114500,.T.);
#114540=ORIENTED_EDGE('',*,*,#114530,.F.);
#114550=CARTESIAN_POINT('',(-0.782370717256146,0.649999999999997,
-0.694933960144115));
#114560=DIRECTION('',(-0.470588235294125,-0.882352941176467,-0.));
#114570=VECTOR('',#114560,1.);
#114580=LINE('',#114550,#114570);
#114590=CARTESIAN_POINT('',(-1.08668444274634,0.0794117647058811,
-0.694933960144115));
#114600=VERTEX_POINT('',#114590);
#114610=EDGE_CURVE('',#114520,#114600,#114580,.T.);
#114620=ORIENTED_EDGE('',*,*,#114610,.F.);
#114630=CARTESIAN_POINT('',(-1.21903738392281,0.150000000000001,
-0.694933960144115));
#114640=DIRECTION('',(-0.,-0.,1.));
#114650=DIRECTION('',(-1.,0.,0.));
#114660=AXIS2_PLACEMENT_3D('',#114630,#114640,#114650);
#114670=CIRCLE('',#114660,0.150000000000002);
#114680=CARTESIAN_POINT('',(-1.21903738392281,-9.99200722162641E-16,
-0.694933960144115));
#114690=VERTEX_POINT('',#114680);
#114700=EDGE_CURVE('',#114690,#114600,#114670,.T.);
#114710=ORIENTED_EDGE('',*,*,#114700,.T.);
#114720=CARTESIAN_POINT('',(0.860962616077189,-9.99200722162641E-16,
-0.694933960144115));
#114730=DIRECTION('',(-1.,-0.,-0.));
#114740=VECTOR('',#114730,1.);
#114750=LINE('',#114720,#114740);
#114760=CARTESIAN_POINT('',(-1.47903738392282,-9.99200722162641E-16,
-0.694933960144115));
#114770=VERTEX_POINT('',#114760);
#114780=EDGE_CURVE('',#114690,#114770,#114750,.T.);
#114790=ORIENTED_EDGE('',*,*,#114780,.F.);
#114800=CARTESIAN_POINT('',(-1.47903738392282,0.649999999999997,
-0.694933960144115));
#114810=DIRECTION('',(0.,1.,-0.));
#114820=VECTOR('',#114810,1.);
#114830=LINE('',#114800,#114820);
#114840=CARTESIAN_POINT('',(-1.47903738392281,0.099999999999999,
-0.694933960144115));
#114850=VERTEX_POINT('',#114840);
#114860=EDGE_CURVE('',#114770,#114850,#114830,.T.);
#114870=ORIENTED_EDGE('',*,*,#114860,.F.);
#114880=CARTESIAN_POINT('',(0.860962616077189,0.099999999999999,
-0.694933960144115));
#114890=DIRECTION('',(1.,-0.,-0.));
#114900=VECTOR('',#114890,1.);
#114910=LINE('',#114880,#114900);
#114920=CARTESIAN_POINT('',(-1.21903738392281,0.099999999999999,
-0.694933960144115));
#114930=VERTEX_POINT('',#114920);
#114940=EDGE_CURVE('',#114850,#114930,#114910,.T.);
#114950=ORIENTED_EDGE('',*,*,#114940,.F.);
#114960=CARTESIAN_POINT('',(-1.21903738392281,0.149999999999998,
-0.694933960144115));
#114970=DIRECTION('',(-0.,-0.,1.));
#114980=DIRECTION('',(-1.,0.,-0.));
#114990=AXIS2_PLACEMENT_3D('',#114960,#114970,#114980);
#115000=CIRCLE('',#114990,0.0499999999999988);
#115010=CARTESIAN_POINT('',(-1.17491973686399,0.126470588235293,
-0.694933960144115));
#115020=VERTEX_POINT('',#115010);
#115030=EDGE_CURVE('',#114930,#115020,#115000,.T.);
#115040=ORIENTED_EDGE('',*,*,#115030,.F.);
#115050=CARTESIAN_POINT('',(-0.895704050589468,0.649999999999997,
-0.694933960144115));
#115060=DIRECTION('',(0.470588235294136,0.882352941176461,-0.));
#115070=VECTOR('',#115060,1.);
#115080=LINE('',#115050,#115070);
#115090=CARTESIAN_POINT('',(-1.15139032509928,0.170588235294116,
-0.694933960144115));
#115100=VERTEX_POINT('',#115090);
#115110=EDGE_CURVE('',#115020,#115100,#115080,.T.);
#115120=ORIENTED_EDGE('',*,*,#115110,.F.);
#115130=CARTESIAN_POINT('',(-1.01903738392281,0.099999999999999,
-0.694933960144115));
#115140=DIRECTION('',(-0.,-0.,1.));
#115150=DIRECTION('',(-1.,0.,0.));
#115160=AXIS2_PLACEMENT_3D('',#115130,#115140,#115150);
#115170=CIRCLE('',#115160,0.150000000000001);
#115180=CARTESIAN_POINT('',(-1.01903738392281,0.249999999999999,
-0.694933960144115));
#115190=VERTEX_POINT('',#115180);
#115200=EDGE_CURVE('',#115190,#115100,#115170,.T.);
#115210=ORIENTED_EDGE('',*,*,#115200,.T.);
#115220=CARTESIAN_POINT('',(0.860962616077189,0.249999999999999,
-0.694933960144115));
#115230=DIRECTION('',(1.,-0.,-0.));
#115240=VECTOR('',#115230,1.);
#115250=LINE('',#115220,#115240);
#115260=EDGE_CURVE('',#115190,#6140,#115250,.T.);
#115270=ORIENTED_EDGE('',*,*,#115260,.F.);
#115280=ORIENTED_EDGE('',*,*,#6150,.T.);
#115290=EDGE_LOOP('',(#115280,#115270,#115210,#115120,#115040,#114950,
#114870,#114790,#114710,#114620,#114540,#114450));
#115300=FACE_OUTER_BOUND('',#115290,.T.);
#115310=ADVANCED_FACE('',(#115300),#114440,.T.);
#115320=CARTESIAN_POINT('',(1.03096261607719,0.1,-3.49112096014411));
#115330=DIRECTION('',(0.,0.,-1.));
#115340=DIRECTION('',(-1.,0.,-0.));
#115350=AXIS2_PLACEMENT_3D('',#115320,#115330,#115340);
#115360=CYLINDRICAL_SURFACE('',#115350,0.0499999999999985);
#115370=ORIENTED_EDGE('',*,*,#41660,.T.);
#115380=CARTESIAN_POINT('',(1.03096261607719,0.1,-3.49493396014411));
#115390=DIRECTION('',(0.,0.,-1.));
#115400=DIRECTION('',(-1.,0.,-0.));
#115410=AXIS2_PLACEMENT_3D('',#115380,#115390,#115400);
#115420=CIRCLE('',#115410,0.0499999999999985);
#115430=CARTESIAN_POINT('',(1.07508026313601,0.123529411764705,
-3.49493396014411));
#115440=VERTEX_POINT('',#115430);
#115450=EDGE_CURVE('',#41570,#115440,#115420,.T.);
#115460=ORIENTED_EDGE('',*,*,#115450,.F.);
#115470=CARTESIAN_POINT('',(1.07508026313601,0.123529411764705,
-3.49493396014411));
#115480=DIRECTION('',(0.,0.,-1.));
#115490=VECTOR('',#115480,1.);
#115500=LINE('',#115470,#115490);
#115510=CARTESIAN_POINT('',(1.07508026313601,0.123529411764705,
-3.64493396014411));
#115520=VERTEX_POINT('',#115510);
#115530=EDGE_CURVE('',#115440,#115520,#115500,.T.);
#115540=ORIENTED_EDGE('',*,*,#115530,.F.);
#115550=CARTESIAN_POINT('',(1.03096261607719,0.1,-3.64493396014411));
#115560=DIRECTION('',(0.,0.,-1.));
#115570=DIRECTION('',(-1.,0.,-0.));
#115580=AXIS2_PLACEMENT_3D('',#115550,#115560,#115570);
#115590=CIRCLE('',#115580,0.0499999999999985);
#115600=EDGE_CURVE('',#41650,#115520,#115590,.T.);
#115610=ORIENTED_EDGE('',*,*,#115600,.T.);
#115620=EDGE_LOOP('',(#115610,#115540,#115460,#115370));
#115630=FACE_OUTER_BOUND('',#115620,.T.);
#115640=ADVANCED_FACE('',(#115630),#115360,.F.);
#115650=CARTESIAN_POINT('',(-1.02154053392281,0.249999999999999,
-0.691180810144115));
#115660=DIRECTION('',(0.,1.,0.));
#115670=DIRECTION('',(1.,-0.,0.));
#115680=AXIS2_PLACEMENT_3D('',#115650,#115660,#115670);
#115690=PLANE('',#115680);
#115700=CARTESIAN_POINT('',(-1.01903738392281,0.249999999999999,
-0.694933960144115));
#115710=DIRECTION('',(0.,0.,-1.));
#115720=VECTOR('',#115710,1.);
#115730=LINE('',#115700,#115720);
#115740=CARTESIAN_POINT('',(-1.01903738392281,0.249999999999999,
-0.844933960144115));
#115750=VERTEX_POINT('',#115740);
#115760=EDGE_CURVE('',#115190,#115750,#115730,.T.);
#115770=ORIENTED_EDGE('',*,*,#115760,.F.);
#115780=CARTESIAN_POINT('',(0.860962616077189,0.249999999999999,
-0.844933960144115));
#115790=DIRECTION('',(-1.,0.,-0.));
#115800=VECTOR('',#115790,1.);
#115810=LINE('',#115780,#115800);
#115820=EDGE_CURVE('',#6220,#115750,#115810,.T.);
#115830=ORIENTED_EDGE('',*,*,#115820,.T.);
#115840=ORIENTED_EDGE('',*,*,#6230,.F.);
#115850=ORIENTED_EDGE('',*,*,#115260,.T.);
#115860=EDGE_LOOP('',(#115850,#115840,#115830,#115770));
#115870=FACE_OUTER_BOUND('',#115860,.T.);
#115880=ADVANCED_FACE('',(#115870),#115690,.T.);
#115890=CARTESIAN_POINT('',(-0.905034233922811,-0.00625315000000093,
-0.844933960144115));
#115900=DIRECTION('',(0.,0.,-1.));
#115910=DIRECTION('',(-1.,0.,-0.));
#115920=AXIS2_PLACEMENT_3D('',#115890,#115900,#115910);
#115930=PLANE('',#115920);
#115940=ORIENTED_EDGE('',*,*,#115820,.F.);
#115950=CARTESIAN_POINT('',(-1.01903738392281,0.099999999999999,
-0.844933960144115));
#115960=DIRECTION('',(-0.,-0.,1.));
#115970=DIRECTION('',(-1.,0.,0.));
#115980=AXIS2_PLACEMENT_3D('',#115950,#115960,#115970);
#115990=CIRCLE('',#115980,0.150000000000001);
#116000=CARTESIAN_POINT('',(-1.15139032509928,0.170588235294116,
-0.844933960144115));
#116010=VERTEX_POINT('',#116000);
#116020=EDGE_CURVE('',#115750,#116010,#115990,.T.);
#116030=ORIENTED_EDGE('',*,*,#116020,.F.);
#116040=CARTESIAN_POINT('',(-0.895704050589468,0.649999999999997,
-0.844933960144115));
#116050=DIRECTION('',(-0.470588235294136,-0.882352941176461,-0.));
#116060=VECTOR('',#116050,1.);
#116070=LINE('',#116040,#116060);
#116080=CARTESIAN_POINT('',(-1.17491973686399,0.126470588235293,
-0.844933960144115));
#116090=VERTEX_POINT('',#116080);
#116100=EDGE_CURVE('',#116010,#116090,#116070,.T.);
#116110=ORIENTED_EDGE('',*,*,#116100,.F.);
#116120=CARTESIAN_POINT('',(-1.21903738392281,0.149999999999998,
-0.844933960144115));
#116130=DIRECTION('',(-0.,-0.,1.));
#116140=DIRECTION('',(-1.,0.,-0.));
#116150=AXIS2_PLACEMENT_3D('',#116120,#116130,#116140);
#116160=CIRCLE('',#116150,0.0499999999999988);
#116170=CARTESIAN_POINT('',(-1.21903738392281,0.099999999999999,
-0.844933960144115));
#116180=VERTEX_POINT('',#116170);
#116190=EDGE_CURVE('',#116180,#116090,#116160,.T.);
#116200=ORIENTED_EDGE('',*,*,#116190,.T.);
#116210=CARTESIAN_POINT('',(0.860962616077189,0.099999999999999,
-0.844933960144115));
#116220=DIRECTION('',(-1.,0.,-0.));
#116230=VECTOR('',#116220,1.);
#116240=LINE('',#116210,#116230);
#116250=CARTESIAN_POINT('',(-1.47903738392281,0.099999999999999,
-0.844933960144115));
#116260=VERTEX_POINT('',#116250);
#116270=EDGE_CURVE('',#116180,#116260,#116240,.T.);
#116280=ORIENTED_EDGE('',*,*,#116270,.F.);
#116290=CARTESIAN_POINT('',(-1.47903738392282,0.649999999999997,
-0.844933960144115));
#116300=DIRECTION('',(-0.,-1.,-0.));
#116310=VECTOR('',#116300,1.);
#116320=LINE('',#116290,#116310);
#116330=CARTESIAN_POINT('',(-1.47903738392282,-9.99200722162641E-16,
-0.844933960144115));
#116340=VERTEX_POINT('',#116330);
#116350=EDGE_CURVE('',#116260,#116340,#116320,.T.);
#116360=ORIENTED_EDGE('',*,*,#116350,.F.);
#116370=CARTESIAN_POINT('',(0.860962616077189,-9.99200722162641E-16,
-0.844933960144115));
#116380=DIRECTION('',(1.,0.,-0.));
#116390=VECTOR('',#116380,1.);
#116400=LINE('',#116370,#116390);
#116410=CARTESIAN_POINT('',(-1.21903738392281,-9.99200722162641E-16,
-0.844933960144115));
#116420=VERTEX_POINT('',#116410);
#116430=EDGE_CURVE('',#116340,#116420,#116400,.T.);
#116440=ORIENTED_EDGE('',*,*,#116430,.F.);
#116450=CARTESIAN_POINT('',(-1.21903738392281,0.150000000000001,
-0.844933960144115));
#116460=DIRECTION('',(-0.,-0.,1.));
#116470=DIRECTION('',(-1.,0.,0.));
#116480=AXIS2_PLACEMENT_3D('',#116450,#116460,#116470);
#116490=CIRCLE('',#116480,0.150000000000002);
#116500=CARTESIAN_POINT('',(-1.08668444274634,0.0794117647058811,
-0.844933960144115));
#116510=VERTEX_POINT('',#116500);
#116520=EDGE_CURVE('',#116420,#116510,#116490,.T.);
#116530=ORIENTED_EDGE('',*,*,#116520,.F.);
#116540=CARTESIAN_POINT('',(-0.782370717256146,0.649999999999997,
-0.844933960144115));
#116550=DIRECTION('',(0.470588235294125,0.882352941176467,-0.));
#116560=VECTOR('',#116550,1.);
#116570=LINE('',#116540,#116560);
#116580=CARTESIAN_POINT('',(-1.06315503098164,0.123529411764705,
-0.844933960144115));
#116590=VERTEX_POINT('',#116580);
#116600=EDGE_CURVE('',#116510,#116590,#116570,.T.);
#116610=ORIENTED_EDGE('',*,*,#116600,.F.);
#116620=CARTESIAN_POINT('',(-1.01903738392281,0.0999999999999994,
-0.844933960144115));
#116630=DIRECTION('',(-0.,-0.,1.));
#116640=DIRECTION('',(-1.,0.,-0.));
#116650=AXIS2_PLACEMENT_3D('',#116620,#116630,#116640);
#116660=CIRCLE('',#116650,0.0500000000000001);
#116670=EDGE_CURVE('',#109150,#116590,#116660,.T.);
#116680=ORIENTED_EDGE('',*,*,#116670,.T.);
#116690=ORIENTED_EDGE('',*,*,#109160,.F.);
#116700=ORIENTED_EDGE('',*,*,#6310,.T.);
#116710=EDGE_LOOP('',(#116700,#116690,#116680,#116610,#116530,#116440,
#116360,#116280,#116200,#116110,#116030,#115940));
#116720=FACE_OUTER_BOUND('',#116710,.T.);
#116730=ADVANCED_FACE('',(#116720),#115930,.T.);
#116740=CARTESIAN_POINT('',(-1.01903738392281,0.099999999999999,
-0.691162960144114));
#116750=DIRECTION('',(0.,0.,-1.));
#116760=DIRECTION('',(-1.,0.,-0.));
#116770=AXIS2_PLACEMENT_3D('',#116740,#116750,#116760);
#116780=CYLINDRICAL_SURFACE('',#116770,0.150000000000001);
#116790=ORIENTED_EDGE('',*,*,#115200,.F.);
#116800=CARTESIAN_POINT('',(-1.15139032509928,0.170588235294116,
-0.694933960144115));
#116810=DIRECTION('',(0.,0.,-1.));
#116820=VECTOR('',#116810,1.);
#116830=LINE('',#116800,#116820);
#116840=EDGE_CURVE('',#115100,#116010,#116830,.T.);
#116850=ORIENTED_EDGE('',*,*,#116840,.F.);
#116860=ORIENTED_EDGE('',*,*,#116020,.T.);
#116870=ORIENTED_EDGE('',*,*,#115760,.T.);
#116880=EDGE_LOOP('',(#116870,#116860,#116850,#116790));
#116890=FACE_OUTER_BOUND('',#116880,.T.);
#116900=ADVANCED_FACE('',(#116890),#116780,.T.);
#116910=CARTESIAN_POINT('',(-1.47903738392282,-0.00250315000000101,
-0.691180810144115));
#116920=DIRECTION('',(-1.,0.,0.));
#116930=DIRECTION('',(0.,1.,0.));
#116940=AXIS2_PLACEMENT_3D('',#116910,#116920,#116930);
#116950=PLANE('',#116940);
#116960=CARTESIAN_POINT('',(-1.47903738392282,0.099999999999999,
-3.32993396014411));
#116970=DIRECTION('',(-0.,-0.,1.));
#116980=VECTOR('',#116970,1.);
#116990=LINE('',#116960,#116980);
#117000=EDGE_CURVE('',#116260,#114850,#116990,.T.);
#117010=ORIENTED_EDGE('',*,*,#117000,.F.);
#117020=ORIENTED_EDGE('',*,*,#114860,.T.);
#117030=CARTESIAN_POINT('',(-1.47903738392282,-9.99200722162641E-16,
-3.32993396014411));
#117040=DIRECTION('',(-0.,-0.,-1.));
#117050=VECTOR('',#117040,1.);
#117060=LINE('',#117030,#117050);
#117070=EDGE_CURVE('',#114770,#116340,#117060,.T.);
#117080=ORIENTED_EDGE('',*,*,#117070,.F.);
#117090=ORIENTED_EDGE('',*,*,#116350,.T.);
#117100=EDGE_LOOP('',(#117090,#117080,#117020,#117010));
#117110=FACE_OUTER_BOUND('',#117100,.T.);
#117120=ADVANCED_FACE('',(#117110),#116950,.T.);
#117130=CARTESIAN_POINT('',(-1.48554053392281,0.099999999999999,
-0.691180810144115));
#117140=DIRECTION('',(0.,1.,0.));
#117150=DIRECTION('',(1.,-0.,0.));
#117160=AXIS2_PLACEMENT_3D('',#117130,#117140,#117150);
#117170=PLANE('',#117160);
#117180=ORIENTED_EDGE('',*,*,#117000,.T.);
#117190=ORIENTED_EDGE('',*,*,#116270,.T.);
#117200=CARTESIAN_POINT('',(-1.21903738392281,0.099999999999999,
-0.694933960144115));
#117210=DIRECTION('',(0.,0.,-1.));
#117220=VECTOR('',#117210,1.);
#117230=LINE('',#117200,#117220);
#117240=EDGE_CURVE('',#114930,#116180,#117230,.T.);
#117250=ORIENTED_EDGE('',*,*,#117240,.T.);
#117260=ORIENTED_EDGE('',*,*,#114940,.T.);
#117270=EDGE_LOOP('',(#117260,#117250,#117190,#117180));
#117280=FACE_OUTER_BOUND('',#117270,.T.);
#117290=ADVANCED_FACE('',(#117280),#117170,.T.);
#117300=CARTESIAN_POINT('',(-1.21253423392281,-9.99200722162641E-16,
-0.691180810144115));
#117310=DIRECTION('',(0.,-1.,0.));
#117320=DIRECTION('',(-1.,-0.,0.));
#117330=AXIS2_PLACEMENT_3D('',#117300,#117310,#117320);
#117340=PLANE('',#117330);
#117350=ORIENTED_EDGE('',*,*,#114780,.T.);
#117360=CARTESIAN_POINT('',(-1.21903738392281,-9.99200722162641E-16,
-0.694933960144115));
#117370=DIRECTION('',(0.,0.,-1.));
#117380=VECTOR('',#117370,1.);
#117390=LINE('',#117360,#117380);
#117400=EDGE_CURVE('',#114690,#116420,#117390,.T.);
#117410=ORIENTED_EDGE('',*,*,#117400,.F.);
#117420=ORIENTED_EDGE('',*,*,#116430,.T.);
#117430=ORIENTED_EDGE('',*,*,#117070,.T.);
#117440=EDGE_LOOP('',(#117430,#117420,#117410,#117350));
#117450=FACE_OUTER_BOUND('',#117440,.T.);
#117460=ADVANCED_FACE('',(#117450),#117340,.T.);
#117470=CARTESIAN_POINT('',(-1.21903738392281,0.150000000000001,
-0.691162960144114));
#117480=DIRECTION('',(0.,0.,-1.));
#117490=DIRECTION('',(-1.,0.,-0.));
#117500=AXIS2_PLACEMENT_3D('',#117470,#117480,#117490);
#117510=CYLINDRICAL_SURFACE('',#117500,0.150000000000002);
#117520=ORIENTED_EDGE('',*,*,#114700,.F.);
#117530=CARTESIAN_POINT('',(-1.08668444274634,0.0794117647058811,
-0.694933960144115));
#117540=DIRECTION('',(0.,0.,-1.));
#117550=VECTOR('',#117540,1.);
#117560=LINE('',#117530,#117550);
#117570=EDGE_CURVE('',#114600,#116510,#117560,.T.);
#117580=ORIENTED_EDGE('',*,*,#117570,.F.);
#117590=ORIENTED_EDGE('',*,*,#116520,.T.);
#117600=ORIENTED_EDGE('',*,*,#117400,.T.);
#117610=EDGE_LOOP('',(#117600,#117590,#117580,#117520));
#117620=FACE_OUTER_BOUND('',#117610,.T.);
#117630=ADVANCED_FACE('',(#117620),#117510,.T.);
#117640=CARTESIAN_POINT('',(-1.06256531333458,0.12463513235294,
-0.691180810144115));
#117650=DIRECTION('',(0.882352941176467,-0.470588235294125,0.));
#117660=DIRECTION('',(-0.470588235294125,-0.882352941176467,0.));
#117670=AXIS2_PLACEMENT_3D('',#117640,#117650,#117660);
#117680=PLANE('',#117670);
#117690=CARTESIAN_POINT('',(-1.06315503098164,0.123529411764705,
-0.694933960144115));
#117700=DIRECTION('',(0.,0.,-1.));
#117710=VECTOR('',#117700,1.);
#117720=LINE('',#117690,#117710);
#117730=EDGE_CURVE('',#114520,#116590,#117720,.T.);
#117740=ORIENTED_EDGE('',*,*,#117730,.F.);
#117750=ORIENTED_EDGE('',*,*,#116600,.T.);
#117760=ORIENTED_EDGE('',*,*,#117570,.T.);
#117770=ORIENTED_EDGE('',*,*,#114610,.T.);
#117780=EDGE_LOOP('',(#117770,#117760,#117750,#117740));
#117790=FACE_OUTER_BOUND('',#117780,.T.);
#117800=ADVANCED_FACE('',(#117790),#117680,.T.);
#117810=CARTESIAN_POINT('',(-1.21903738392281,0.149999999999998,
-0.691120960144116));
#117820=DIRECTION('',(0.,0.,-1.));
#117830=DIRECTION('',(-1.,0.,-0.));
#117840=AXIS2_PLACEMENT_3D('',#117810,#117820,#117830);
#117850=CYLINDRICAL_SURFACE('',#117840,0.0499999999999988);
#117860=ORIENTED_EDGE('',*,*,#116190,.F.);
#117870=CARTESIAN_POINT('',(-1.17491973686399,0.126470588235293,
-0.694933960144115));
#117880=DIRECTION('',(0.,0.,-1.));
#117890=VECTOR('',#117880,1.);
#117900=LINE('',#117870,#117890);
#117910=EDGE_CURVE('',#115020,#116090,#117900,.T.);
#117920=ORIENTED_EDGE('',*,*,#117910,.T.);
#117930=ORIENTED_EDGE('',*,*,#115030,.T.);
#117940=ORIENTED_EDGE('',*,*,#117240,.F.);
#117950=EDGE_LOOP('',(#117940,#117930,#117920,#117860));
#117960=FACE_OUTER_BOUND('',#117950,.T.);
#117970=ADVANCED_FACE('',(#117960),#117850,.F.);
#117980=CARTESIAN_POINT('',(-1.17550945451105,0.125364867647058,
-0.691180810144115));
#117990=DIRECTION('',(-0.882352941176461,0.470588235294136,0.));
#118000=DIRECTION('',(0.470588235294136,0.882352941176461,0.));
#118010=AXIS2_PLACEMENT_3D('',#117980,#117990,#118000);
#118020=PLANE('',#118010);
#118030=ORIENTED_EDGE('',*,*,#117910,.F.);
#118040=ORIENTED_EDGE('',*,*,#116100,.T.);
#118050=ORIENTED_EDGE('',*,*,#116840,.T.);
#118060=ORIENTED_EDGE('',*,*,#115110,.T.);
#118070=EDGE_LOOP('',(#118060,#118050,#118040,#118030));
#118080=FACE_OUTER_BOUND('',#118070,.T.);
#118090=ADVANCED_FACE('',(#118080),#118020,.T.);
#118100=CARTESIAN_POINT('',(-1.21903738392281,0.149999999999996,
-1.09112096014412));
#118110=DIRECTION('',(0.,0.,-1.));
#118120=DIRECTION('',(-1.,0.,-0.));
#118130=AXIS2_PLACEMENT_3D('',#118100,#118110,#118120);
#118140=CYLINDRICAL_SURFACE('',#118130,0.0499999999999966);
#118150=CARTESIAN_POINT('',(-1.21903738392281,0.149999999999996,
-1.24493396014411));
#118160=DIRECTION('',(-0.,-0.,1.));
#118170=DIRECTION('',(-1.,0.,-0.));
#118180=AXIS2_PLACEMENT_3D('',#118150,#118160,#118170);
#118190=CIRCLE('',#118180,0.0499999999999966);
#118200=CARTESIAN_POINT('',(-1.21903738392281,0.099999999999999,
-1.24493396014411));
#118210=VERTEX_POINT('',#118200);
#118220=CARTESIAN_POINT('',(-1.17491973686399,0.126470588235293,
-1.24493396014411));
#118230=VERTEX_POINT('',#118220);
#118240=EDGE_CURVE('',#118210,#118230,#118190,.T.);
#118250=ORIENTED_EDGE('',*,*,#118240,.F.);
#118260=CARTESIAN_POINT('',(-1.17491973686399,0.126470588235293,
-1.09493396014412));
#118270=DIRECTION('',(0.,0.,-1.));
#118280=VECTOR('',#118270,1.);
#118290=LINE('',#118260,#118280);
#118300=CARTESIAN_POINT('',(-1.17491973686399,0.126470588235293,
-1.09493396014412));
#118310=VERTEX_POINT('',#118300);
#118320=EDGE_CURVE('',#118310,#118230,#118290,.T.);
#118330=ORIENTED_EDGE('',*,*,#118320,.T.);
#118340=CARTESIAN_POINT('',(-1.21903738392281,0.149999999999996,
-1.09493396014412));
#118350=DIRECTION('',(-0.,-0.,1.));
#118360=DIRECTION('',(-1.,0.,-0.));
#118370=AXIS2_PLACEMENT_3D('',#118340,#118350,#118360);
#118380=CIRCLE('',#118370,0.0499999999999966);
#118390=CARTESIAN_POINT('',(-1.21903738392281,0.099999999999999,
-1.09493396014412));
#118400=VERTEX_POINT('',#118390);
#118410=EDGE_CURVE('',#118400,#118310,#118380,.T.);
#118420=ORIENTED_EDGE('',*,*,#118410,.T.);
#118430=CARTESIAN_POINT('',(-1.21903738392281,0.099999999999999,
-1.09493396014412));
#118440=DIRECTION('',(0.,0.,-1.));
#118450=VECTOR('',#118440,1.);
#118460=LINE('',#118430,#118450);
#118470=EDGE_CURVE('',#118400,#118210,#118460,.T.);
#118480=ORIENTED_EDGE('',*,*,#118470,.F.);
#118490=EDGE_LOOP('',(#118480,#118420,#118330,#118250));
#118500=FACE_OUTER_BOUND('',#118490,.T.);
#118510=ADVANCED_FACE('',(#118500),#118140,.F.);
#118520=CARTESIAN_POINT('',(-1.47903738392282,-0.00250315000000101,
-1.09118081014411));
#118530=DIRECTION('',(-1.,0.,0.));
#118540=DIRECTION('',(0.,1.,0.));
#118550=AXIS2_PLACEMENT_3D('',#118520,#118530,#118540);
#118560=PLANE('',#118550);
#118570=CARTESIAN_POINT('',(-1.47903738392282,0.099999999999999,
-3.32993396014411));
#118580=DIRECTION('',(-0.,-0.,1.));
#118590=VECTOR('',#118580,1.);
#118600=LINE('',#118570,#118590);
#118610=CARTESIAN_POINT('',(-1.47903738392281,0.099999999999999,
-1.24493396014411));
#118620=VERTEX_POINT('',#118610);
#118630=CARTESIAN_POINT('',(-1.47903738392281,0.099999999999999,
-1.09493396014412));
#118640=VERTEX_POINT('',#118630);
#118650=EDGE_CURVE('',#118620,#118640,#118600,.T.);
#118660=ORIENTED_EDGE('',*,*,#118650,.F.);
#118670=CARTESIAN_POINT('',(-1.47903738392282,0.649999999999997,
-1.09493396014412));
#118680=DIRECTION('',(0.,1.,-0.));
#118690=VECTOR('',#118680,1.);
#118700=LINE('',#118670,#118690);
#118710=CARTESIAN_POINT('',(-1.47903738392282,-9.99200722162641E-16,
-1.09493396014412));
#118720=VERTEX_POINT('',#118710);
#118730=EDGE_CURVE('',#118720,#118640,#118700,.T.);
#118740=ORIENTED_EDGE('',*,*,#118730,.T.);
#118750=CARTESIAN_POINT('',(-1.47903738392282,-9.99200722162641E-16,
-3.32993396014411));
#118760=DIRECTION('',(-0.,-0.,-1.));
#118770=VECTOR('',#118760,1.);
#118780=LINE('',#118750,#118770);
#118790=CARTESIAN_POINT('',(-1.47903738392282,-9.99200722162641E-16,
-1.24493396014411));
#118800=VERTEX_POINT('',#118790);
#118810=EDGE_CURVE('',#118720,#118800,#118780,.T.);
#118820=ORIENTED_EDGE('',*,*,#118810,.F.);
#118830=CARTESIAN_POINT('',(-1.47903738392282,0.649999999999997,
-1.24493396014411));
#118840=DIRECTION('',(0.,-1.,-0.));
#118850=VECTOR('',#118840,1.);
#118860=LINE('',#118830,#118850);
#118870=EDGE_CURVE('',#118620,#118800,#118860,.T.);
#118880=ORIENTED_EDGE('',*,*,#118870,.T.);
#118890=EDGE_LOOP('',(#118880,#118820,#118740,#118660));
#118900=FACE_OUTER_BOUND('',#118890,.T.);
#118910=ADVANCED_FACE('',(#118900),#118560,.T.);
#118920=CARTESIAN_POINT('',(-0.905034233922811,-0.00625315000000093,
-1.24493396014411));
#118930=DIRECTION('',(0.,0.,-1.));
#118940=DIRECTION('',(-1.,0.,-0.));
#118950=AXIS2_PLACEMENT_3D('',#118920,#118930,#118940);
#118960=PLANE('',#118950);
#118970=CARTESIAN_POINT('',(0.860962616077189,0.249999999999999,
-1.24493396014411));
#118980=DIRECTION('',(-1.,0.,-0.));
#118990=VECTOR('',#118980,1.);
#119000=LINE('',#118970,#118990);
#119010=CARTESIAN_POINT('',(-1.01903738392281,0.249999999999999,
-1.24493396014411));
#119020=VERTEX_POINT('',#119010);
#119030=EDGE_CURVE('',#6540,#119020,#119000,.T.);
#119040=ORIENTED_EDGE('',*,*,#119030,.F.);
#119050=CARTESIAN_POINT('',(-1.01903738392281,0.099999999999999,
-1.24493396014411));
#119060=DIRECTION('',(-0.,-0.,1.));
#119070=DIRECTION('',(-1.,0.,0.));
#119080=AXIS2_PLACEMENT_3D('',#119050,#119060,#119070);
#119090=CIRCLE('',#119080,0.150000000000001);
#119100=CARTESIAN_POINT('',(-1.15139032509928,0.170588235294116,
-1.24493396014411));
#119110=VERTEX_POINT('',#119100);
#119120=EDGE_CURVE('',#119020,#119110,#119090,.T.);
#119130=ORIENTED_EDGE('',*,*,#119120,.F.);
#119140=CARTESIAN_POINT('',(-0.895704050589468,0.649999999999997,
-1.24493396014411));
#119150=DIRECTION('',(-0.470588235294136,-0.882352941176461,-0.));
#119160=VECTOR('',#119150,1.);
#119170=LINE('',#119140,#119160);
#119180=EDGE_CURVE('',#119110,#118230,#119170,.T.);
#119190=ORIENTED_EDGE('',*,*,#119180,.F.);
#119200=ORIENTED_EDGE('',*,*,#118240,.T.);
#119210=CARTESIAN_POINT('',(0.860962616077189,0.099999999999999,
-1.24493396014411));
#119220=DIRECTION('',(-1.,0.,-0.));
#119230=VECTOR('',#119220,1.);
#119240=LINE('',#119210,#119230);
#119250=EDGE_CURVE('',#118210,#118620,#119240,.T.);
#119260=ORIENTED_EDGE('',*,*,#119250,.F.);
#119270=ORIENTED_EDGE('',*,*,#118870,.F.);
#119280=CARTESIAN_POINT('',(0.860962616077189,-9.99200722162641E-16,
-1.24493396014411));
#119290=DIRECTION('',(1.,0.,-0.));
#119300=VECTOR('',#119290,1.);
#119310=LINE('',#119280,#119300);
#119320=CARTESIAN_POINT('',(-1.21903738392281,-9.99200722162641E-16,
-1.24493396014411));
#119330=VERTEX_POINT('',#119320);
#119340=EDGE_CURVE('',#118800,#119330,#119310,.T.);
#119350=ORIENTED_EDGE('',*,*,#119340,.F.);
#119360=CARTESIAN_POINT('',(-1.21903738392281,0.149999999999999,
-1.24493396014411));
#119370=DIRECTION('',(-0.,-0.,1.));
#119380=DIRECTION('',(-1.,0.,0.));
#119390=AXIS2_PLACEMENT_3D('',#119360,#119370,#119380);
#119400=CIRCLE('',#119390,0.149999999999999);
#119410=CARTESIAN_POINT('',(-1.08668444274634,0.0794117647058811,
-1.24493396014411));
#119420=VERTEX_POINT('',#119410);
#119430=EDGE_CURVE('',#119330,#119420,#119400,.T.);
#119440=ORIENTED_EDGE('',*,*,#119430,.F.);
#119450=CARTESIAN_POINT('',(-0.782370717256146,0.649999999999997,
-1.24493396014411));
#119460=DIRECTION('',(0.470588235294125,0.882352941176467,-0.));
#119470=VECTOR('',#119460,1.);
#119480=LINE('',#119450,#119470);
#119490=CARTESIAN_POINT('',(-1.06315503098164,0.123529411764705,
-1.24493396014411));
#119500=VERTEX_POINT('',#119490);
#119510=EDGE_CURVE('',#119420,#119500,#119480,.T.);
#119520=ORIENTED_EDGE('',*,*,#119510,.F.);
#119530=CARTESIAN_POINT('',(-1.01903738392281,0.0999999999999994,
-1.24493396014411));
#119540=DIRECTION('',(-0.,-0.,1.));
#119550=DIRECTION('',(-1.,0.,-0.));
#119560=AXIS2_PLACEMENT_3D('',#119530,#119540,#119550);
#119570=CIRCLE('',#119560,0.0500000000000001);
#119580=EDGE_CURVE('',#108920,#119500,#119570,.T.);
#119590=ORIENTED_EDGE('',*,*,#119580,.T.);
#119600=ORIENTED_EDGE('',*,*,#108930,.F.);
#119610=ORIENTED_EDGE('',*,*,#6630,.T.);
#119620=EDGE_LOOP('',(#119610,#119600,#119590,#119520,#119440,#119350,
#119270,#119260,#119200,#119190,#119130,#119040));
#119630=FACE_OUTER_BOUND('',#119620,.T.);
#119640=ADVANCED_FACE('',(#119630),#118960,.T.);
#119650=CARTESIAN_POINT('',(-1.21253423392281,-9.99200722162641E-16,
-1.09118081014411));
#119660=DIRECTION('',(0.,-1.,0.));
#119670=DIRECTION('',(-1.,-0.,0.));
#119680=AXIS2_PLACEMENT_3D('',#119650,#119660,#119670);
#119690=PLANE('',#119680);
#119700=CARTESIAN_POINT('',(0.860962616077189,-9.99200722162641E-16,
-1.09493396014412));
#119710=DIRECTION('',(-1.,0.,0.));
#119720=VECTOR('',#119710,1.);
#119730=LINE('',#119700,#119720);
#119740=CARTESIAN_POINT('',(-1.21903738392281,-9.99200722162641E-16,
-1.09493396014412));
#119750=VERTEX_POINT('',#119740);
#119760=EDGE_CURVE('',#119750,#118720,#119730,.T.);
#119770=ORIENTED_EDGE('',*,*,#119760,.T.);
#119780=CARTESIAN_POINT('',(-1.21903738392281,-9.99200722162641E-16,
-1.09493396014412));
#119790=DIRECTION('',(0.,0.,-1.));
#119800=VECTOR('',#119790,1.);
#119810=LINE('',#119780,#119800);
#119820=EDGE_CURVE('',#119750,#119330,#119810,.T.);
#119830=ORIENTED_EDGE('',*,*,#119820,.F.);
#119840=ORIENTED_EDGE('',*,*,#119340,.T.);
#119850=ORIENTED_EDGE('',*,*,#118810,.T.);
#119860=EDGE_LOOP('',(#119850,#119840,#119830,#119770));
#119870=FACE_OUTER_BOUND('',#119860,.T.);
#119880=ADVANCED_FACE('',(#119870),#119690,.T.);
#119890=CARTESIAN_POINT('',(-1.06256531333458,0.12463513235294,
-1.49118081014411));
#119900=DIRECTION('',(0.882352941176467,-0.470588235294125,0.));
#119910=DIRECTION('',(-0.470588235294125,-0.882352941176467,0.));
#119920=AXIS2_PLACEMENT_3D('',#119890,#119900,#119910);
#119930=PLANE('',#119920);
#119940=CARTESIAN_POINT('',(-1.06315503098164,0.123529411764705,
-1.49493396014411));
#119950=DIRECTION('',(0.,0.,-1.));
#119960=VECTOR('',#119950,1.);
#119970=LINE('',#119940,#119960);
#119980=CARTESIAN_POINT('',(-1.06315503098164,0.123529411764705,
-1.49493396014411));
#119990=VERTEX_POINT('',#119980);
#120000=CARTESIAN_POINT('',(-1.06315503098164,0.123529411764705,
-1.64493396014411));
#120010=VERTEX_POINT('',#120000);
#120020=EDGE_CURVE('',#119990,#120010,#119970,.T.);
#120030=ORIENTED_EDGE('',*,*,#120020,.F.);
#120040=CARTESIAN_POINT('',(-0.782370717256146,0.649999999999997,
-1.64493396014411));
#120050=DIRECTION('',(0.470588235294125,0.882352941176467,0.));
#120060=VECTOR('',#120050,1.);
#120070=LINE('',#120040,#120060);
#120080=CARTESIAN_POINT('',(-1.08668444274634,0.0794117647058811,
-1.64493396014411));
#120090=VERTEX_POINT('',#120080);
#120100=EDGE_CURVE('',#120090,#120010,#120070,.T.);
#120110=ORIENTED_EDGE('',*,*,#120100,.T.);
#120120=CARTESIAN_POINT('',(-1.08668444274634,0.0794117647058811,
-1.49493396014411));
#120130=DIRECTION('',(0.,0.,-1.));
#120140=VECTOR('',#120130,1.);
#120150=LINE('',#120120,#120140);
#120160=CARTESIAN_POINT('',(-1.08668444274634,0.0794117647058811,
-1.49493396014411));
#120170=VERTEX_POINT('',#120160);
#120180=EDGE_CURVE('',#120170,#120090,#120150,.T.);
#120190=ORIENTED_EDGE('',*,*,#120180,.T.);
#120200=CARTESIAN_POINT('',(-0.782370717256146,0.649999999999997,
-1.49493396014411));
#120210=DIRECTION('',(-0.470588235294125,-0.882352941176467,0.));
#120220=VECTOR('',#120210,1.);
#120230=LINE('',#120200,#120220);
#120240=EDGE_CURVE('',#119990,#120170,#120230,.T.);
#120250=ORIENTED_EDGE('',*,*,#120240,.T.);
#120260=EDGE_LOOP('',(#120250,#120190,#120110,#120030));
#120270=FACE_OUTER_BOUND('',#120260,.T.);
#120280=ADVANCED_FACE('',(#120270),#119930,.T.);
#120290=CARTESIAN_POINT('',(-1.01903738392281,0.100000000000001,
-1.49116296014412));
#120300=DIRECTION('',(0.,0.,-1.));
#120310=DIRECTION('',(-1.,0.,-0.));
#120320=AXIS2_PLACEMENT_3D('',#120290,#120300,#120310);
#120330=CYLINDRICAL_SURFACE('',#120320,0.149999999999998);
#120340=CARTESIAN_POINT('',(-1.01903738392281,0.100000000000001,
-1.49493396014411));
#120350=DIRECTION('',(-0.,-0.,1.));
#120360=DIRECTION('',(-1.,0.,0.));
#120370=AXIS2_PLACEMENT_3D('',#120340,#120350,#120360);
#120380=CIRCLE('',#120370,0.149999999999998);
#120390=CARTESIAN_POINT('',(-1.01903738392281,0.249999999999999,
-1.49493396014411));
#120400=VERTEX_POINT('',#120390);
#120410=CARTESIAN_POINT('',(-1.15139032509928,0.170588235294117,
-1.49493396014411));
#120420=VERTEX_POINT('',#120410);
#120430=EDGE_CURVE('',#120400,#120420,#120380,.T.);
#120440=ORIENTED_EDGE('',*,*,#120430,.F.);
#120450=CARTESIAN_POINT('',(-1.15139032509928,0.170588235294117,
-1.49493396014411));
#120460=DIRECTION('',(0.,0.,-1.));
#120470=VECTOR('',#120460,1.);
#120480=LINE('',#120450,#120470);
#120490=CARTESIAN_POINT('',(-1.15139032509928,0.170588235294117,
-1.64493396014411));
#120500=VERTEX_POINT('',#120490);
#120510=EDGE_CURVE('',#120420,#120500,#120480,.T.);
#120520=ORIENTED_EDGE('',*,*,#120510,.F.);
#120530=CARTESIAN_POINT('',(-1.01903738392281,0.100000000000001,
-1.64493396014411));
#120540=DIRECTION('',(-0.,-0.,1.));
#120550=DIRECTION('',(-1.,0.,0.));
#120560=AXIS2_PLACEMENT_3D('',#120530,#120540,#120550);
#120570=CIRCLE('',#120560,0.149999999999998);
#120580=CARTESIAN_POINT('',(-1.01903738392281,0.249999999999999,
-1.64493396014411));
#120590=VERTEX_POINT('',#120580);
#120600=EDGE_CURVE('',#120590,#120500,#120570,.T.);
#120610=ORIENTED_EDGE('',*,*,#120600,.T.);
#120620=CARTESIAN_POINT('',(-1.01903738392281,0.249999999999999,
-1.49493396014411));
#120630=DIRECTION('',(0.,0.,-1.));
#120640=VECTOR('',#120630,1.);
#120650=LINE('',#120620,#120640);
#120660=EDGE_CURVE('',#120400,#120590,#120650,.T.);
#120670=ORIENTED_EDGE('',*,*,#120660,.T.);
#120680=EDGE_LOOP('',(#120670,#120610,#120520,#120440));
#120690=FACE_OUTER_BOUND('',#120680,.T.);
#120700=ADVANCED_FACE('',(#120690),#120330,.T.);
#120710=CARTESIAN_POINT('',(-0.905034233922811,-0.00625315000000093,
-1.64493396014411));
#120720=DIRECTION('',(0.,0.,-1.));
#120730=DIRECTION('',(-1.,0.,-0.));
#120740=AXIS2_PLACEMENT_3D('',#120710,#120720,#120730);
#120750=PLANE('',#120740);
#120760=CARTESIAN_POINT('',(0.860962616077189,0.249999999999999,
-1.64493396014411));
#120770=DIRECTION('',(-1.,0.,-0.));
#120780=VECTOR('',#120770,1.);
#120790=LINE('',#120760,#120780);
#120800=EDGE_CURVE('',#6860,#120590,#120790,.T.);
#120810=ORIENTED_EDGE('',*,*,#120800,.F.);
#120820=ORIENTED_EDGE('',*,*,#120600,.F.);
#120830=CARTESIAN_POINT('',(-0.895704050589474,0.649999999999997,
-1.64493396014411));
#120840=DIRECTION('',(-0.470588235294128,-0.882352941176465,-0.));
#120850=VECTOR('',#120840,1.);
#120860=LINE('',#120830,#120850);
#120870=CARTESIAN_POINT('',(-1.17491973686399,0.126470588235293,
-1.64493396014411));
#120880=VERTEX_POINT('',#120870);
#120890=EDGE_CURVE('',#120500,#120880,#120860,.T.);
#120900=ORIENTED_EDGE('',*,*,#120890,.F.);
#120910=CARTESIAN_POINT('',(-1.21903738392281,0.149999999999998,
-1.64493396014411));
#120920=DIRECTION('',(-0.,-0.,1.));
#120930=DIRECTION('',(-1.,0.,-0.));
#120940=AXIS2_PLACEMENT_3D('',#120910,#120920,#120930);
#120950=CIRCLE('',#120940,0.0499999999999988);
#120960=CARTESIAN_POINT('',(-1.21903738392281,0.099999999999999,
-1.64493396014411));
#120970=VERTEX_POINT('',#120960);
#120980=EDGE_CURVE('',#120970,#120880,#120950,.T.);
#120990=ORIENTED_EDGE('',*,*,#120980,.T.);
#121000=CARTESIAN_POINT('',(0.860962616077189,0.099999999999999,
-1.64493396014411));
#121010=DIRECTION('',(-1.,0.,-0.));
#121020=VECTOR('',#121010,1.);
#121030=LINE('',#121000,#121020);
#121040=CARTESIAN_POINT('',(-1.47903738392281,0.099999999999999,
-1.64493396014411));
#121050=VERTEX_POINT('',#121040);
#121060=EDGE_CURVE('',#120970,#121050,#121030,.T.);
#121070=ORIENTED_EDGE('',*,*,#121060,.F.);
#121080=CARTESIAN_POINT('',(-1.47903738392282,0.649999999999997,
-1.64493396014411));
#121090=DIRECTION('',(-0.,-1.,-0.));
#121100=VECTOR('',#121090,1.);
#121110=LINE('',#121080,#121100);
#121120=CARTESIAN_POINT('',(-1.47903738392282,0.,-1.64493396014411));
#121130=VERTEX_POINT('',#121120);
#121140=EDGE_CURVE('',#121050,#121130,#121110,.T.);
#121150=ORIENTED_EDGE('',*,*,#121140,.F.);
#121160=CARTESIAN_POINT('',(0.860962616077189,0.,-1.64493396014411));
#121170=DIRECTION('',(1.,0.,-0.));
#121180=VECTOR('',#121170,1.);
#121190=LINE('',#121160,#121180);
#121200=CARTESIAN_POINT('',(-1.21903738392281,-9.99200722162641E-16,
-1.64493396014411));
#121210=VERTEX_POINT('',#121200);
#121220=EDGE_CURVE('',#121130,#121210,#121190,.T.);
#121230=ORIENTED_EDGE('',*,*,#121220,.F.);
#121240=CARTESIAN_POINT('',(-1.21903738392281,0.150000000000001,
-1.64493396014411));
#121250=DIRECTION('',(-0.,-0.,1.));
#121260=DIRECTION('',(-1.,0.,0.));
#121270=AXIS2_PLACEMENT_3D('',#121240,#121250,#121260);
#121280=CIRCLE('',#121270,0.150000000000002);
#121290=EDGE_CURVE('',#121210,#120090,#121280,.T.);
#121300=ORIENTED_EDGE('',*,*,#121290,.F.);
#121310=ORIENTED_EDGE('',*,*,#120100,.F.);
#121320=CARTESIAN_POINT('',(-1.01903738392281,0.0999999999999994,
-1.64493396014411));
#121330=DIRECTION('',(-0.,-0.,1.));
#121340=DIRECTION('',(-1.,0.,-0.));
#121350=AXIS2_PLACEMENT_3D('',#121320,#121330,#121340);
#121360=CIRCLE('',#121350,0.0500000000000001);
#121370=EDGE_CURVE('',#108690,#120010,#121360,.T.);
#121380=ORIENTED_EDGE('',*,*,#121370,.T.);
#121390=ORIENTED_EDGE('',*,*,#108700,.F.);
#121400=ORIENTED_EDGE('',*,*,#6950,.T.);
#121410=EDGE_LOOP('',(#121400,#121390,#121380,#121310,#121300,#121230,
#121150,#121070,#120990,#120900,#120820,#120810));
#121420=FACE_OUTER_BOUND('',#121410,.T.);
#121430=ADVANCED_FACE('',(#121420),#120750,.T.);
#121440=CARTESIAN_POINT('',(-1.49304053392282,-0.00625315000000093,
-1.49493396014411));
#121450=DIRECTION('',(0.,0.,1.));
#121460=DIRECTION('',(1.,0.,-0.));
#121470=AXIS2_PLACEMENT_3D('',#121440,#121450,#121460);
#121480=PLANE('',#121470);
#121490=ORIENTED_EDGE('',*,*,#108840,.F.);
#121500=CARTESIAN_POINT('',(-1.01903738392281,0.0999999999999994,
-1.49493396014411));
#121510=DIRECTION('',(-0.,-0.,1.));
#121520=DIRECTION('',(-1.,0.,-0.));
#121530=AXIS2_PLACEMENT_3D('',#121500,#121510,#121520);
#121540=CIRCLE('',#121530,0.0500000000000001);
#121550=EDGE_CURVE('',#108770,#119990,#121540,.T.);
#121560=ORIENTED_EDGE('',*,*,#121550,.F.);
#121570=ORIENTED_EDGE('',*,*,#120240,.F.);
#121580=CARTESIAN_POINT('',(-1.21903738392281,0.150000000000001,
-1.49493396014411));
#121590=DIRECTION('',(-0.,-0.,1.));
#121600=DIRECTION('',(-1.,0.,0.));
#121610=AXIS2_PLACEMENT_3D('',#121580,#121590,#121600);
#121620=CIRCLE('',#121610,0.150000000000002);
#121630=CARTESIAN_POINT('',(-1.21903738392281,-9.99200722162641E-16,
-1.49493396014411));
#121640=VERTEX_POINT('',#121630);
#121650=EDGE_CURVE('',#121640,#120170,#121620,.T.);
#121660=ORIENTED_EDGE('',*,*,#121650,.T.);
#121670=CARTESIAN_POINT('',(0.860962616077189,0.,-1.49493396014411));
#121680=DIRECTION('',(-1.,-0.,-0.));
#121690=VECTOR('',#121680,1.);
#121700=LINE('',#121670,#121690);
#121710=CARTESIAN_POINT('',(-1.47903738392282,-9.99200722162641E-16,
-1.49493396014411));
#121720=VERTEX_POINT('',#121710);
#121730=EDGE_CURVE('',#121640,#121720,#121700,.T.);
#121740=ORIENTED_EDGE('',*,*,#121730,.F.);
#121750=CARTESIAN_POINT('',(-1.47903738392282,0.649999999999997,
-1.49493396014411));
#121760=DIRECTION('',(0.,1.,-0.));
#121770=VECTOR('',#121760,1.);
#121780=LINE('',#121750,#121770);
#121790=CARTESIAN_POINT('',(-1.47903738392281,0.099999999999999,
-1.49493396014411));
#121800=VERTEX_POINT('',#121790);
#121810=EDGE_CURVE('',#121720,#121800,#121780,.T.);
#121820=ORIENTED_EDGE('',*,*,#121810,.F.);
#121830=CARTESIAN_POINT('',(0.860962616077189,0.099999999999999,
-1.49493396014411));
#121840=DIRECTION('',(1.,-0.,-0.));
#121850=VECTOR('',#121840,1.);
#121860=LINE('',#121830,#121850);
#121870=CARTESIAN_POINT('',(-1.21903738392281,0.099999999999999,
-1.49493396014411));
#121880=VERTEX_POINT('',#121870);
#121890=EDGE_CURVE('',#121800,#121880,#121860,.T.);
#121900=ORIENTED_EDGE('',*,*,#121890,.F.);
#121910=CARTESIAN_POINT('',(-1.21903738392281,0.149999999999998,
-1.49493396014411));
#121920=DIRECTION('',(-0.,-0.,1.));
#121930=DIRECTION('',(-1.,0.,-0.));
#121940=AXIS2_PLACEMENT_3D('',#121910,#121920,#121930);
#121950=CIRCLE('',#121940,0.0499999999999988);
#121960=CARTESIAN_POINT('',(-1.17491973686399,0.126470588235293,
-1.49493396014411));
#121970=VERTEX_POINT('',#121960);
#121980=EDGE_CURVE('',#121880,#121970,#121950,.T.);
#121990=ORIENTED_EDGE('',*,*,#121980,.F.);
#122000=CARTESIAN_POINT('',(-0.895704050589474,0.649999999999997,
-1.49493396014411));
#122010=DIRECTION('',(0.470588235294128,0.882352941176465,-0.));
#122020=VECTOR('',#122010,1.);
#122030=LINE('',#122000,#122020);
#122040=EDGE_CURVE('',#121970,#120420,#122030,.T.);
#122050=ORIENTED_EDGE('',*,*,#122040,.F.);
#122060=ORIENTED_EDGE('',*,*,#120430,.T.);
#122070=CARTESIAN_POINT('',(0.860962616077189,0.249999999999999,
-1.49493396014411));
#122080=DIRECTION('',(1.,-0.,-0.));
#122090=VECTOR('',#122080,1.);
#122100=LINE('',#122070,#122090);
#122110=EDGE_CURVE('',#120400,#6780,#122100,.T.);
#122120=ORIENTED_EDGE('',*,*,#122110,.F.);
#122130=ORIENTED_EDGE('',*,*,#6790,.T.);
#122140=EDGE_LOOP('',(#122130,#122120,#122060,#122050,#121990,#121900,
#121820,#121740,#121660,#121570,#121560,#121490));
#122150=FACE_OUTER_BOUND('',#122140,.T.);
#122160=ADVANCED_FACE('',(#122150),#121480,.T.);
#122170=CARTESIAN_POINT('',(-1.02154053392281,0.249999999999999,
-1.49118081014411));
#122180=DIRECTION('',(0.,1.,0.));
#122190=DIRECTION('',(1.,-0.,0.));
#122200=AXIS2_PLACEMENT_3D('',#122170,#122180,#122190);
#122210=PLANE('',#122200);
#122220=ORIENTED_EDGE('',*,*,#120660,.F.);
#122230=ORIENTED_EDGE('',*,*,#120800,.T.);
#122240=ORIENTED_EDGE('',*,*,#6870,.F.);
#122250=ORIENTED_EDGE('',*,*,#122110,.T.);
#122260=EDGE_LOOP('',(#122250,#122240,#122230,#122220));
#122270=FACE_OUTER_BOUND('',#122260,.T.);
#122280=ADVANCED_FACE('',(#122270),#122210,.T.);
#122290=CARTESIAN_POINT('',(-1.21903738392281,0.150000000000001,
-1.49116296014412));
#122300=DIRECTION('',(0.,0.,-1.));
#122310=DIRECTION('',(-1.,0.,-0.));
#122320=AXIS2_PLACEMENT_3D('',#122290,#122300,#122310);
#122330=CYLINDRICAL_SURFACE('',#122320,0.150000000000002);
#122340=ORIENTED_EDGE('',*,*,#121650,.F.);
#122350=ORIENTED_EDGE('',*,*,#120180,.F.);
#122360=ORIENTED_EDGE('',*,*,#121290,.T.);
#122370=CARTESIAN_POINT('',(-1.21903738392281,-9.99200722162641E-16,
-1.49493396014411));
#122380=DIRECTION('',(0.,0.,-1.));
#122390=VECTOR('',#122380,1.);
#122400=LINE('',#122370,#122390);
#122410=EDGE_CURVE('',#121640,#121210,#122400,.T.);
#122420=ORIENTED_EDGE('',*,*,#122410,.T.);
#122430=EDGE_LOOP('',(#122420,#122360,#122350,#122340));
#122440=FACE_OUTER_BOUND('',#122430,.T.);
#122450=ADVANCED_FACE('',(#122440),#122330,.T.);
#122460=CARTESIAN_POINT('',(-1.21253423392281,0.,-1.49118081014411));
#122470=DIRECTION('',(0.,-1.,0.));
#122480=DIRECTION('',(-1.,-0.,0.));
#122490=AXIS2_PLACEMENT_3D('',#122460,#122470,#122480);
#122500=PLANE('',#122490);
#122510=ORIENTED_EDGE('',*,*,#121730,.T.);
#122520=ORIENTED_EDGE('',*,*,#122410,.F.);
#122530=ORIENTED_EDGE('',*,*,#121220,.T.);
#122540=CARTESIAN_POINT('',(-1.47903738392282,0.,-3.32993396014411));
#122550=DIRECTION('',(-0.,0.,-1.));
#122560=VECTOR('',#122550,1.);
#122570=LINE('',#122540,#122560);
#122580=EDGE_CURVE('',#121720,#121130,#122570,.T.);
#122590=ORIENTED_EDGE('',*,*,#122580,.T.);
#122600=EDGE_LOOP('',(#122590,#122530,#122520,#122510));
#122610=FACE_OUTER_BOUND('',#122600,.T.);
#122620=ADVANCED_FACE('',(#122610),#122500,.T.);
#122630=CARTESIAN_POINT('',(-1.48554053392281,0.099999999999999,
-1.49118081014411));
#122640=DIRECTION('',(0.,1.,0.));
#122650=DIRECTION('',(1.,-0.,0.));
#122660=AXIS2_PLACEMENT_3D('',#122630,#122640,#122650);
#122670=PLANE('',#122660);
#122680=CARTESIAN_POINT('',(-1.47903738392282,0.099999999999999,
-3.32993396014411));
#122690=DIRECTION('',(0.,0.,1.));
#122700=VECTOR('',#122690,1.);
#122710=LINE('',#122680,#122700);
#122720=EDGE_CURVE('',#121050,#121800,#122710,.T.);
#122730=ORIENTED_EDGE('',*,*,#122720,.T.);
#122740=ORIENTED_EDGE('',*,*,#121060,.T.);
#122750=CARTESIAN_POINT('',(-1.21903738392281,0.099999999999999,
-1.49493396014411));
#122760=DIRECTION('',(0.,0.,-1.));
#122770=VECTOR('',#122760,1.);
#122780=LINE('',#122750,#122770);
#122790=EDGE_CURVE('',#121880,#120970,#122780,.T.);
#122800=ORIENTED_EDGE('',*,*,#122790,.T.);
#122810=ORIENTED_EDGE('',*,*,#121890,.T.);
#122820=EDGE_LOOP('',(#122810,#122800,#122740,#122730));
#122830=FACE_OUTER_BOUND('',#122820,.T.);
#122840=ADVANCED_FACE('',(#122830),#122670,.T.);
#122850=CARTESIAN_POINT('',(-1.21903738392281,0.149999999999998,
-1.49112096014411));
#122860=DIRECTION('',(0.,0.,-1.));
#122870=DIRECTION('',(-1.,0.,-0.));
#122880=AXIS2_PLACEMENT_3D('',#122850,#122860,#122870);
#122890=CYLINDRICAL_SURFACE('',#122880,0.0499999999999988);
#122900=ORIENTED_EDGE('',*,*,#120980,.F.);
#122910=CARTESIAN_POINT('',(-1.17491973686399,0.126470588235293,
-1.49493396014411));
#122920=DIRECTION('',(0.,0.,-1.));
#122930=VECTOR('',#122920,1.);
#122940=LINE('',#122910,#122930);
#122950=EDGE_CURVE('',#121970,#120880,#122940,.T.);
#122960=ORIENTED_EDGE('',*,*,#122950,.T.);
#122970=ORIENTED_EDGE('',*,*,#121980,.T.);
#122980=ORIENTED_EDGE('',*,*,#122790,.F.);
#122990=EDGE_LOOP('',(#122980,#122970,#122960,#122900));
#123000=FACE_OUTER_BOUND('',#122990,.T.);
#123010=ADVANCED_FACE('',(#123000),#122890,.F.);
#123020=CARTESIAN_POINT('',(-1.17550945451105,0.125364867647058,
-1.49118081014411));
#123030=DIRECTION('',(-0.882352941176465,0.470588235294128,0.));
#123040=DIRECTION('',(0.470588235294128,0.882352941176465,0.));
#123050=AXIS2_PLACEMENT_3D('',#123020,#123030,#123040);
#123060=PLANE('',#123050);
#123070=ORIENTED_EDGE('',*,*,#122950,.F.);
#123080=ORIENTED_EDGE('',*,*,#120890,.T.);
#123090=ORIENTED_EDGE('',*,*,#120510,.T.);
#123100=ORIENTED_EDGE('',*,*,#122040,.T.);
#123110=EDGE_LOOP('',(#123100,#123090,#123080,#123070));
#123120=FACE_OUTER_BOUND('',#123110,.T.);
#123130=ADVANCED_FACE('',(#123120),#123060,.T.);
#123140=CARTESIAN_POINT('',(-1.47903738392282,-0.00250315000000101,
-1.49118081014411));
#123150=DIRECTION('',(-1.,0.,0.));
#123160=DIRECTION('',(0.,1.,0.));
#123170=AXIS2_PLACEMENT_3D('',#123140,#123150,#123160);
#123180=PLANE('',#123170);
#123190=ORIENTED_EDGE('',*,*,#122720,.F.);
#123200=ORIENTED_EDGE('',*,*,#121810,.T.);
#123210=ORIENTED_EDGE('',*,*,#122580,.F.);
#123220=ORIENTED_EDGE('',*,*,#121140,.T.);
#123230=EDGE_LOOP('',(#123220,#123210,#123200,#123190));
#123240=FACE_OUTER_BOUND('',#123230,.T.);
#123250=ADVANCED_FACE('',(#123240),#123180,.T.);
#123260=CARTESIAN_POINT('',(-1.17550945451105,0.125364867647058,
-1.89118081014412));
#123270=DIRECTION('',(-0.882352941176465,0.470588235294128,0.));
#123280=DIRECTION('',(0.470588235294128,0.882352941176465,0.));
#123290=AXIS2_PLACEMENT_3D('',#123260,#123270,#123280);
#123300=PLANE('',#123290);
#123310=CARTESIAN_POINT('',(-1.17491973686399,0.126470588235293,
-1.89493396014411));
#123320=DIRECTION('',(0.,0.,-1.));
#123330=VECTOR('',#123320,1.);
#123340=LINE('',#123310,#123330);
#123350=CARTESIAN_POINT('',(-1.17491973686399,0.126470588235293,
-1.89493396014411));
#123360=VERTEX_POINT('',#123350);
#123370=CARTESIAN_POINT('',(-1.17491973686399,0.126470588235293,
-2.04493396014411));
#123380=VERTEX_POINT('',#123370);
#123390=EDGE_CURVE('',#123360,#123380,#123340,.T.);
#123400=ORIENTED_EDGE('',*,*,#123390,.F.);
#123410=CARTESIAN_POINT('',(-0.895704050589474,0.649999999999997,
-2.04493396014411));
#123420=DIRECTION('',(-0.470588235294128,-0.882352941176465,0.));
#123430=VECTOR('',#123420,1.);
#123440=LINE('',#123410,#123430);
#123450=CARTESIAN_POINT('',(-1.15139032509928,0.170588235294117,
-2.04493396014411));
#123460=VERTEX_POINT('',#123450);
#123470=EDGE_CURVE('',#123460,#123380,#123440,.T.);
#123480=ORIENTED_EDGE('',*,*,#123470,.T.);
#123490=CARTESIAN_POINT('',(-1.15139032509928,0.170588235294117,
-1.89493396014411));
#123500=DIRECTION('',(0.,0.,-1.));
#123510=VECTOR('',#123500,1.);
#123520=LINE('',#123490,#123510);
#123530=CARTESIAN_POINT('',(-1.15139032509928,0.170588235294117,
-1.89493396014411));
#123540=VERTEX_POINT('',#123530);
#123550=EDGE_CURVE('',#123540,#123460,#123520,.T.);
#123560=ORIENTED_EDGE('',*,*,#123550,.T.);
#123570=CARTESIAN_POINT('',(-0.895704050589474,0.649999999999997,
-1.89493396014411));
#123580=DIRECTION('',(0.470588235294128,0.882352941176465,0.));
#123590=VECTOR('',#123580,1.);
#123600=LINE('',#123570,#123590);
#123610=EDGE_CURVE('',#123360,#123540,#123600,.T.);
#123620=ORIENTED_EDGE('',*,*,#123610,.T.);
#123630=EDGE_LOOP('',(#123620,#123560,#123480,#123400));
#123640=FACE_OUTER_BOUND('',#123630,.T.);
#123650=ADVANCED_FACE('',(#123640),#123300,.T.);
#123660=CARTESIAN_POINT('',(-1.49304053392282,-0.00625315000000093,
-1.89493396014411));
#123670=DIRECTION('',(0.,0.,1.));
#123680=DIRECTION('',(1.,0.,-0.));
#123690=AXIS2_PLACEMENT_3D('',#123660,#123670,#123680);
#123700=PLANE('',#123690);
#123710=ORIENTED_EDGE('',*,*,#108610,.F.);
#123720=CARTESIAN_POINT('',(-1.01903738392281,0.0999999999999989,
-1.89493396014411));
#123730=DIRECTION('',(-0.,-0.,1.));
#123740=DIRECTION('',(-1.,0.,-0.));
#123750=AXIS2_PLACEMENT_3D('',#123720,#123730,#123740);
#123760=CIRCLE('',#123750,0.0500000000000014);
#123770=CARTESIAN_POINT('',(-1.06315503098164,0.123529411764705,
-1.89493396014411));
#123780=VERTEX_POINT('',#123770);
#123790=EDGE_CURVE('',#108540,#123780,#123760,.T.);
#123800=ORIENTED_EDGE('',*,*,#123790,.F.);
#123810=CARTESIAN_POINT('',(-0.782370717256146,0.649999999999997,
-1.89493396014411));
#123820=DIRECTION('',(-0.470588235294124,-0.882352941176467,-0.));
#123830=VECTOR('',#123820,1.);
#123840=LINE('',#123810,#123830);
#123850=CARTESIAN_POINT('',(-1.08668444274634,0.0794117647058811,
-1.89493396014411));
#123860=VERTEX_POINT('',#123850);
#123870=EDGE_CURVE('',#123780,#123860,#123840,.T.);
#123880=ORIENTED_EDGE('',*,*,#123870,.F.);
#123890=CARTESIAN_POINT('',(-1.21903738392281,0.150000000000001,
-1.89493396014411));
#123900=DIRECTION('',(-0.,-0.,1.));
#123910=DIRECTION('',(-1.,0.,0.));
#123920=AXIS2_PLACEMENT_3D('',#123890,#123900,#123910);
#123930=CIRCLE('',#123920,0.150000000000002);
#123940=CARTESIAN_POINT('',(-1.21903738392281,-9.99200722162641E-16,
-1.89493396014411));
#123950=VERTEX_POINT('',#123940);
#123960=EDGE_CURVE('',#123950,#123860,#123930,.T.);
#123970=ORIENTED_EDGE('',*,*,#123960,.T.);
#123980=CARTESIAN_POINT('',(0.860962616077189,0.,-1.89493396014411));
#123990=DIRECTION('',(-1.,-0.,-0.));
#124000=VECTOR('',#123990,1.);
#124010=LINE('',#123980,#124000);
#124020=CARTESIAN_POINT('',(-1.47903738392282,-9.99200722162641E-16,
-1.89493396014411));
#124030=VERTEX_POINT('',#124020);
#124040=EDGE_CURVE('',#123950,#124030,#124010,.T.);
#124050=ORIENTED_EDGE('',*,*,#124040,.F.);
#124060=CARTESIAN_POINT('',(-1.47903738392282,0.649999999999997,
-1.89493396014411));
#124070=DIRECTION('',(0.,1.,-0.));
#124080=VECTOR('',#124070,1.);
#124090=LINE('',#124060,#124080);
#124100=CARTESIAN_POINT('',(-1.47903738392281,0.099999999999999,
-1.89493396014411));
#124110=VERTEX_POINT('',#124100);
#124120=EDGE_CURVE('',#124030,#124110,#124090,.T.);
#124130=ORIENTED_EDGE('',*,*,#124120,.F.);
#124140=CARTESIAN_POINT('',(0.860962616077189,0.099999999999999,
-1.89493396014411));
#124150=DIRECTION('',(1.,-0.,-0.));
#124160=VECTOR('',#124150,1.);
#124170=LINE('',#124140,#124160);
#124180=CARTESIAN_POINT('',(-1.21903738392281,0.099999999999999,
-1.89493396014411));
#124190=VERTEX_POINT('',#124180);
#124200=EDGE_CURVE('',#124110,#124190,#124170,.T.);
#124210=ORIENTED_EDGE('',*,*,#124200,.F.);
#124220=CARTESIAN_POINT('',(-1.21903738392281,0.149999999999998,
-1.89493396014411));
#124230=DIRECTION('',(-0.,-0.,1.));
#124240=DIRECTION('',(-1.,0.,-0.));
#124250=AXIS2_PLACEMENT_3D('',#124220,#124230,#124240);
#124260=CIRCLE('',#124250,0.0499999999999988);
#124270=EDGE_CURVE('',#124190,#123360,#124260,.T.);
#124280=ORIENTED_EDGE('',*,*,#124270,.F.);
#124290=ORIENTED_EDGE('',*,*,#123610,.F.);
#124300=CARTESIAN_POINT('',(-1.01903738392281,0.100000000000001,
-1.89493396014411));
#124310=DIRECTION('',(-0.,-0.,1.));
#124320=DIRECTION('',(-1.,0.,0.));
#124330=AXIS2_PLACEMENT_3D('',#124300,#124310,#124320);
#124340=CIRCLE('',#124330,0.149999999999998);
#124350=CARTESIAN_POINT('',(-1.01903738392281,0.249999999999999,
-1.89493396014411));
#124360=VERTEX_POINT('',#124350);
#124370=EDGE_CURVE('',#124360,#123540,#124340,.T.);
#124380=ORIENTED_EDGE('',*,*,#124370,.T.);
#124390=CARTESIAN_POINT('',(0.860962616077189,0.249999999999999,
-1.89493396014411));
#124400=DIRECTION('',(1.,-0.,-0.));
#124410=VECTOR('',#124400,1.);
#124420=LINE('',#124390,#124410);
#124430=EDGE_CURVE('',#124360,#7100,#124420,.T.);
#124440=ORIENTED_EDGE('',*,*,#124430,.F.);
#124450=ORIENTED_EDGE('',*,*,#7110,.T.);
#124460=EDGE_LOOP('',(#124450,#124440,#124380,#124290,#124280,#124210,
#124130,#124050,#123970,#123880,#123800,#123710));
#124470=FACE_OUTER_BOUND('',#124460,.T.);
#124480=ADVANCED_FACE('',(#124470),#123700,.T.);
#124490=CARTESIAN_POINT('',(-1.01903738392281,0.0999999999999989,
-1.89112096014412));
#124500=DIRECTION('',(0.,0.,-1.));
#124510=DIRECTION('',(-1.,0.,-0.));
#124520=AXIS2_PLACEMENT_3D('',#124490,#124500,#124510);
#124530=CYLINDRICAL_SURFACE('',#124520,0.0500000000000014);
#124540=CARTESIAN_POINT('',(-1.01903738392281,0.0999999999999989,
-2.04493396014411));
#124550=DIRECTION('',(-0.,-0.,1.));
#124560=DIRECTION('',(-1.,0.,-0.));
#124570=AXIS2_PLACEMENT_3D('',#124540,#124550,#124560);
#124580=CIRCLE('',#124570,0.0500000000000014);
#124590=CARTESIAN_POINT('',(-1.06315503098164,0.123529411764705,
-2.04493396014411));
#124600=VERTEX_POINT('',#124590);
#124610=EDGE_CURVE('',#108460,#124600,#124580,.T.);
#124620=ORIENTED_EDGE('',*,*,#124610,.F.);
#124630=CARTESIAN_POINT('',(-1.06315503098164,0.123529411764705,
-1.89493396014411));
#124640=DIRECTION('',(0.,0.,-1.));
#124650=VECTOR('',#124640,1.);
#124660=LINE('',#124630,#124650);
#124670=EDGE_CURVE('',#123780,#124600,#124660,.T.);
#124680=ORIENTED_EDGE('',*,*,#124670,.T.);
#124690=ORIENTED_EDGE('',*,*,#123790,.T.);
#124700=ORIENTED_EDGE('',*,*,#108550,.F.);
#124710=EDGE_LOOP('',(#124700,#124690,#124680,#124620));
#124720=FACE_OUTER_BOUND('',#124710,.T.);
#124730=ADVANCED_FACE('',(#124720),#124530,.F.);
#124740=CARTESIAN_POINT('',(-1.48554053392281,0.099999999999999,
-2.29118081014412));
#124750=DIRECTION('',(0.,1.,0.));
#124760=DIRECTION('',(1.,-0.,0.));
#124770=AXIS2_PLACEMENT_3D('',#124740,#124750,#124760);
#124780=PLANE('',#124770);
#124790=CARTESIAN_POINT('',(-1.47903738392282,0.099999999999999,
-3.32993396014411));
#124800=DIRECTION('',(0.,0.,1.));
#124810=VECTOR('',#124800,1.);
#124820=LINE('',#124790,#124810);
#124830=CARTESIAN_POINT('',(-1.47903738392281,0.099999999999999,
-2.44493396014412));
#124840=VERTEX_POINT('',#124830);
#124850=CARTESIAN_POINT('',(-1.47903738392281,0.099999999999999,
-2.29493396014411));
#124860=VERTEX_POINT('',#124850);
#124870=EDGE_CURVE('',#124840,#124860,#124820,.T.);
#124880=ORIENTED_EDGE('',*,*,#124870,.T.);
#124890=CARTESIAN_POINT('',(0.860962616077189,0.099999999999999,
-2.44493396014412));
#124900=DIRECTION('',(-1.,0.,-0.));
#124910=VECTOR('',#124900,1.);
#124920=LINE('',#124890,#124910);
#124930=CARTESIAN_POINT('',(-1.21903738392281,0.099999999999999,
-2.44493396014412));
#124940=VERTEX_POINT('',#124930);
#124950=EDGE_CURVE('',#124940,#124840,#124920,.T.);
#124960=ORIENTED_EDGE('',*,*,#124950,.T.);
#124970=CARTESIAN_POINT('',(-1.21903738392281,0.099999999999999,
-2.29493396014411));
#124980=DIRECTION('',(0.,0.,-1.));
#124990=VECTOR('',#124980,1.);
#125000=LINE('',#124970,#124990);
#125010=CARTESIAN_POINT('',(-1.21903738392281,0.099999999999999,
-2.29493396014411));
#125020=VERTEX_POINT('',#125010);
#125030=EDGE_CURVE('',#125020,#124940,#125000,.T.);
#125040=ORIENTED_EDGE('',*,*,#125030,.T.);
#125050=CARTESIAN_POINT('',(0.860962616077189,0.099999999999999,
-2.29493396014411));
#125060=DIRECTION('',(1.,0.,-0.));
#125070=VECTOR('',#125060,1.);
#125080=LINE('',#125050,#125070);
#125090=EDGE_CURVE('',#124860,#125020,#125080,.T.);
#125100=ORIENTED_EDGE('',*,*,#125090,.T.);
#125110=EDGE_LOOP('',(#125100,#125040,#124960,#124880));
#125120=FACE_OUTER_BOUND('',#125110,.T.);
#125130=ADVANCED_FACE('',(#125120),#124780,.T.);
#125140=CARTESIAN_POINT('',(-1.06256531333458,0.12463513235294,
-2.29118081014412));
#125150=DIRECTION('',(0.882352941176467,-0.470588235294124,0.));
#125160=DIRECTION('',(-0.470588235294124,-0.882352941176467,0.));
#125170=AXIS2_PLACEMENT_3D('',#125140,#125150,#125160);
#125180=PLANE('',#125170);
#125190=CARTESIAN_POINT('',(-1.06315503098164,0.123529411764705,
-2.29493396014411));
#125200=DIRECTION('',(0.,0.,-1.));
#125210=VECTOR('',#125200,1.);
#125220=LINE('',#125190,#125210);
#125230=CARTESIAN_POINT('',(-1.06315503098164,0.123529411764705,
-2.29493396014411));
#125240=VERTEX_POINT('',#125230);
#125250=CARTESIAN_POINT('',(-1.06315503098164,0.123529411764705,
-2.44493396014412));
#125260=VERTEX_POINT('',#125250);
#125270=EDGE_CURVE('',#125240,#125260,#125220,.T.);
#125280=ORIENTED_EDGE('',*,*,#125270,.F.);
#125290=CARTESIAN_POINT('',(-0.782370717256146,0.649999999999997,
-2.44493396014412));
#125300=DIRECTION('',(0.470588235294124,0.882352941176467,0.));
#125310=VECTOR('',#125300,1.);
#125320=LINE('',#125290,#125310);
#125330=CARTESIAN_POINT('',(-1.08668444274634,0.0794117647058811,
-2.44493396014412));
#125340=VERTEX_POINT('',#125330);
#125350=EDGE_CURVE('',#125340,#125260,#125320,.T.);
#125360=ORIENTED_EDGE('',*,*,#125350,.T.);
#125370=CARTESIAN_POINT('',(-1.08668444274634,0.0794117647058811,
-2.29493396014411));
#125380=DIRECTION('',(0.,0.,-1.));
#125390=VECTOR('',#125380,1.);
#125400=LINE('',#125370,#125390);
#125410=CARTESIAN_POINT('',(-1.08668444274634,0.0794117647058811,
-2.29493396014411));
#125420=VERTEX_POINT('',#125410);
#125430=EDGE_CURVE('',#125420,#125340,#125400,.T.);
#125440=ORIENTED_EDGE('',*,*,#125430,.T.);
#125450=CARTESIAN_POINT('',(-0.782370717256146,0.649999999999997,
-2.29493396014411));
#125460=DIRECTION('',(-0.470588235294124,-0.882352941176467,0.));
#125470=VECTOR('',#125460,1.);
#125480=LINE('',#125450,#125470);
#125490=EDGE_CURVE('',#125240,#125420,#125480,.T.);
#125500=ORIENTED_EDGE('',*,*,#125490,.T.);
#125510=EDGE_LOOP('',(#125500,#125440,#125360,#125280));
#125520=FACE_OUTER_BOUND('',#125510,.T.);
#125530=ADVANCED_FACE('',(#125520),#125180,.T.);
#125540=CARTESIAN_POINT('',(-1.49304053392282,-0.00625315000000093,
-2.29493396014411));
#125550=DIRECTION('',(0.,0.,1.));
#125560=DIRECTION('',(1.,0.,-0.));
#125570=AXIS2_PLACEMENT_3D('',#125540,#125550,#125560);
#125580=PLANE('',#125570);
#125590=ORIENTED_EDGE('',*,*,#108380,.F.);
#125600=CARTESIAN_POINT('',(-1.01903738392281,0.0999999999999994,
-2.29493396014411));
#125610=DIRECTION('',(-0.,-0.,1.));
#125620=DIRECTION('',(-1.,0.,-0.));
#125630=AXIS2_PLACEMENT_3D('',#125600,#125610,#125620);
#125640=CIRCLE('',#125630,0.0500000000000001);
#125650=EDGE_CURVE('',#108310,#125240,#125640,.T.);
#125660=ORIENTED_EDGE('',*,*,#125650,.F.);
#125670=ORIENTED_EDGE('',*,*,#125490,.F.);
#125680=CARTESIAN_POINT('',(-1.21903738392281,0.150000000000001,
-2.29493396014411));
#125690=DIRECTION('',(-0.,-0.,1.));
#125700=DIRECTION('',(-1.,0.,0.));
#125710=AXIS2_PLACEMENT_3D('',#125680,#125690,#125700);
#125720=CIRCLE('',#125710,0.150000000000002);
#125730=CARTESIAN_POINT('',(-1.21903738392281,-9.99200722162641E-16,
-2.29493396014411));
#125740=VERTEX_POINT('',#125730);
#125750=EDGE_CURVE('',#125740,#125420,#125720,.T.);
#125760=ORIENTED_EDGE('',*,*,#125750,.T.);
#125770=CARTESIAN_POINT('',(0.860962616077189,0.,-2.29493396014411));
#125780=DIRECTION('',(-1.,-0.,-0.));
#125790=VECTOR('',#125780,1.);
#125800=LINE('',#125770,#125790);
#125810=CARTESIAN_POINT('',(-1.47903738392282,-9.99200722162641E-16,
-2.29493396014411));
#125820=VERTEX_POINT('',#125810);
#125830=EDGE_CURVE('',#125740,#125820,#125800,.T.);
#125840=ORIENTED_EDGE('',*,*,#125830,.F.);
#125850=CARTESIAN_POINT('',(-1.47903738392282,0.649999999999997,
-2.29493396014411));
#125860=DIRECTION('',(0.,1.,-0.));
#125870=VECTOR('',#125860,1.);
#125880=LINE('',#125850,#125870);
#125890=EDGE_CURVE('',#125820,#124860,#125880,.T.);
#125900=ORIENTED_EDGE('',*,*,#125890,.F.);
#125910=ORIENTED_EDGE('',*,*,#125090,.F.);
#125920=CARTESIAN_POINT('',(-1.21903738392281,0.149999999999998,
-2.29493396014411));
#125930=DIRECTION('',(-0.,-0.,1.));
#125940=DIRECTION('',(-1.,0.,-0.));
#125950=AXIS2_PLACEMENT_3D('',#125920,#125930,#125940);
#125960=CIRCLE('',#125950,0.0499999999999988);
#125970=CARTESIAN_POINT('',(-1.17491973686399,0.126470588235293,
-2.29493396014411));
#125980=VERTEX_POINT('',#125970);
#125990=EDGE_CURVE('',#125020,#125980,#125960,.T.);
#126000=ORIENTED_EDGE('',*,*,#125990,.F.);
#126010=CARTESIAN_POINT('',(-0.895704050589474,0.649999999999997,
-2.29493396014411));
#126020=DIRECTION('',(0.470588235294128,0.882352941176465,-0.));
#126030=VECTOR('',#126020,1.);
#126040=LINE('',#126010,#126030);
#126050=CARTESIAN_POINT('',(-1.15139032509928,0.170588235294117,
-2.29493396014411));
#126060=VERTEX_POINT('',#126050);
#126070=EDGE_CURVE('',#125980,#126060,#126040,.T.);
#126080=ORIENTED_EDGE('',*,*,#126070,.F.);
#126090=CARTESIAN_POINT('',(-1.01903738392281,0.100000000000001,
-2.29493396014411));
#126100=DIRECTION('',(-0.,-0.,1.));
#126110=DIRECTION('',(-1.,0.,0.));
#126120=AXIS2_PLACEMENT_3D('',#126090,#126100,#126110);
#126130=CIRCLE('',#126120,0.149999999999998);
#126140=CARTESIAN_POINT('',(-1.01903738392281,0.249999999999999,
-2.29493396014411));
#126150=VERTEX_POINT('',#126140);
#126160=EDGE_CURVE('',#126150,#126060,#126130,.T.);
#126170=ORIENTED_EDGE('',*,*,#126160,.T.);
#126180=CARTESIAN_POINT('',(0.860962616077189,0.249999999999999,
-2.29493396014411));
#126190=DIRECTION('',(1.,-0.,-0.));
#126200=VECTOR('',#126190,1.);
#126210=LINE('',#126180,#126200);
#126220=EDGE_CURVE('',#126150,#7420,#126210,.T.);
#126230=ORIENTED_EDGE('',*,*,#126220,.F.);
#126240=ORIENTED_EDGE('',*,*,#7430,.T.);
#126250=EDGE_LOOP('',(#126240,#126230,#126170,#126080,#126000,#125910,
#125900,#125840,#125760,#125670,#125660,#125590));
#126260=FACE_OUTER_BOUND('',#126250,.T.);
#126270=ADVANCED_FACE('',(#126260),#125580,.T.);
#126280=CARTESIAN_POINT('',(-1.21253423392281,0.,-2.29118081014412));
#126290=DIRECTION('',(0.,-1.,0.));
#126300=DIRECTION('',(-1.,-0.,0.));
#126310=AXIS2_PLACEMENT_3D('',#126280,#126290,#126300);
#126320=PLANE('',#126310);
#126330=ORIENTED_EDGE('',*,*,#125830,.T.);
#126340=CARTESIAN_POINT('',(-1.21903738392281,-9.99200722162641E-16,
-2.29493396014411));
#126350=DIRECTION('',(0.,0.,-1.));
#126360=VECTOR('',#126350,1.);
#126370=LINE('',#126340,#126360);
#126380=CARTESIAN_POINT('',(-1.21903738392281,-9.99200722162641E-16,
-2.44493396014412));
#126390=VERTEX_POINT('',#126380);
#126400=EDGE_CURVE('',#125740,#126390,#126370,.T.);
#126410=ORIENTED_EDGE('',*,*,#126400,.F.);
#126420=CARTESIAN_POINT('',(0.860962616077189,0.,-2.44493396014412));
#126430=DIRECTION('',(1.,0.,0.));
#126440=VECTOR('',#126430,1.);
#126450=LINE('',#126420,#126440);
#126460=CARTESIAN_POINT('',(-1.47903738392282,0.,-2.44493396014412));
#126470=VERTEX_POINT('',#126460);
#126480=EDGE_CURVE('',#126470,#126390,#126450,.T.);
#126490=ORIENTED_EDGE('',*,*,#126480,.T.);
#126500=CARTESIAN_POINT('',(-1.47903738392282,0.,-3.32993396014411));
#126510=DIRECTION('',(-0.,0.,-1.));
#126520=VECTOR('',#126510,1.);
#126530=LINE('',#126500,#126520);
#126540=EDGE_CURVE('',#125820,#126470,#126530,.T.);
#126550=ORIENTED_EDGE('',*,*,#126540,.T.);
#126560=EDGE_LOOP('',(#126550,#126490,#126410,#126330));
#126570=FACE_OUTER_BOUND('',#126560,.T.);
#126580=ADVANCED_FACE('',(#126570),#126320,.T.);
#126590=CARTESIAN_POINT('',(-1.02154053392281,0.249999999999999,
-2.29118081014412));
#126600=DIRECTION('',(0.,1.,0.));
#126610=DIRECTION('',(1.,-0.,0.));
#126620=AXIS2_PLACEMENT_3D('',#126590,#126600,#126610);
#126630=PLANE('',#126620);
#126640=CARTESIAN_POINT('',(-1.01903738392281,0.249999999999999,
-2.29493396014411));
#126650=DIRECTION('',(0.,0.,-1.));
#126660=VECTOR('',#126650,1.);
#126670=LINE('',#126640,#126660);
#126680=CARTESIAN_POINT('',(-1.01903738392281,0.249999999999999,
-2.44493396014412));
#126690=VERTEX_POINT('',#126680);
#126700=EDGE_CURVE('',#126150,#126690,#126670,.T.);
#126710=ORIENTED_EDGE('',*,*,#126700,.F.);
#126720=CARTESIAN_POINT('',(0.860962616077189,0.249999999999999,
-2.44493396014412));
#126730=DIRECTION('',(-1.,0.,-0.));
#126740=VECTOR('',#126730,1.);
#126750=LINE('',#126720,#126740);
#126760=EDGE_CURVE('',#7500,#126690,#126750,.T.);
#126770=ORIENTED_EDGE('',*,*,#126760,.T.);
#126780=ORIENTED_EDGE('',*,*,#7510,.F.);
#126790=ORIENTED_EDGE('',*,*,#126220,.T.);
#126800=EDGE_LOOP('',(#126790,#126780,#126770,#126710));
#126810=FACE_OUTER_BOUND('',#126800,.T.);
#126820=ADVANCED_FACE('',(#126810),#126630,.T.);
#126830=CARTESIAN_POINT('',(-1.01903738392281,0.100000000000001,
-2.29116296014411));
#126840=DIRECTION('',(0.,0.,-1.));
#126850=DIRECTION('',(-1.,0.,-0.));
#126860=AXIS2_PLACEMENT_3D('',#126830,#126840,#126850);
#126870=CYLINDRICAL_SURFACE('',#126860,0.149999999999998);
#126880=ORIENTED_EDGE('',*,*,#126160,.F.);
#126890=CARTESIAN_POINT('',(-1.15139032509928,0.170588235294117,
-2.29493396014411));
#126900=DIRECTION('',(0.,0.,-1.));
#126910=VECTOR('',#126900,1.);
#126920=LINE('',#126890,#126910);
#126930=CARTESIAN_POINT('',(-1.15139032509928,0.170588235294117,
-2.44493396014412));
#126940=VERTEX_POINT('',#126930);
#126950=EDGE_CURVE('',#126060,#126940,#126920,.T.);
#126960=ORIENTED_EDGE('',*,*,#126950,.F.);
#126970=CARTESIAN_POINT('',(-1.01903738392281,0.100000000000001,
-2.44493396014412));
#126980=DIRECTION('',(-0.,-0.,1.));
#126990=DIRECTION('',(-1.,0.,0.));
#127000=AXIS2_PLACEMENT_3D('',#126970,#126980,#126990);
#127010=CIRCLE('',#127000,0.149999999999998);
#127020=EDGE_CURVE('',#126690,#126940,#127010,.T.);
#127030=ORIENTED_EDGE('',*,*,#127020,.T.);
#127040=ORIENTED_EDGE('',*,*,#126700,.T.);
#127050=EDGE_LOOP('',(#127040,#127030,#126960,#126880));
#127060=FACE_OUTER_BOUND('',#127050,.T.);
#127070=ADVANCED_FACE('',(#127060),#126870,.T.);
#127080=CARTESIAN_POINT('',(-1.21903738392281,0.150000000000001,
-2.69116296014411));
#127090=DIRECTION('',(0.,0.,-1.));
#127100=DIRECTION('',(-1.,0.,-0.));
#127110=AXIS2_PLACEMENT_3D('',#127080,#127090,#127100);
#127120=CYLINDRICAL_SURFACE('',#127110,0.150000000000002);
#127130=CARTESIAN_POINT('',(-1.21903738392281,0.150000000000001,
-2.69493396014412));
#127140=DIRECTION('',(-0.,-0.,1.));
#127150=DIRECTION('',(-1.,0.,0.));
#127160=AXIS2_PLACEMENT_3D('',#127130,#127140,#127150);
#127170=CIRCLE('',#127160,0.150000000000002);
#127180=CARTESIAN_POINT('',(-1.21903738392281,-9.99200722162641E-16,
-2.69493396014412));
#127190=VERTEX_POINT('',#127180);
#127200=CARTESIAN_POINT('',(-1.08668444274634,0.0794117647058811,
-2.69493396014412));
#127210=VERTEX_POINT('',#127200);
#127220=EDGE_CURVE('',#127190,#127210,#127170,.T.);
#127230=ORIENTED_EDGE('',*,*,#127220,.F.);
#127240=CARTESIAN_POINT('',(-1.08668444274634,0.0794117647058811,
-2.69493396014412));
#127250=DIRECTION('',(0.,0.,-1.));
#127260=VECTOR('',#127250,1.);
#127270=LINE('',#127240,#127260);
#127280=CARTESIAN_POINT('',(-1.08668444274634,0.0794117647058811,
-2.84493396014412));
#127290=VERTEX_POINT('',#127280);
#127300=EDGE_CURVE('',#127210,#127290,#127270,.T.);
#127310=ORIENTED_EDGE('',*,*,#127300,.F.);
#127320=CARTESIAN_POINT('',(-1.21903738392281,0.150000000000001,
-2.84493396014412));
#127330=DIRECTION('',(-0.,-0.,1.));
#127340=DIRECTION('',(-1.,0.,0.));
#127350=AXIS2_PLACEMENT_3D('',#127320,#127330,#127340);
#127360=CIRCLE('',#127350,0.150000000000002);
#127370=CARTESIAN_POINT('',(-1.21903738392281,-9.99200722162641E-16,
-2.84493396014412));
#127380=VERTEX_POINT('',#127370);
#127390=EDGE_CURVE('',#127380,#127290,#127360,.T.);
#127400=ORIENTED_EDGE('',*,*,#127390,.T.);
#127410=CARTESIAN_POINT('',(-1.21903738392281,-9.99200722162641E-16,
-2.69493396014412));
#127420=DIRECTION('',(0.,0.,-1.));
#127430=VECTOR('',#127420,1.);
#127440=LINE('',#127410,#127430);
#127450=EDGE_CURVE('',#127190,#127380,#127440,.T.);
#127460=ORIENTED_EDGE('',*,*,#127450,.T.);
#127470=EDGE_LOOP('',(#127460,#127400,#127310,#127230));
#127480=FACE_OUTER_BOUND('',#127470,.T.);
#127490=ADVANCED_FACE('',(#127480),#127120,.T.);
#127500=CARTESIAN_POINT('',(-1.01903738392281,0.0999999999999994,
-2.69112096014412));
#127510=DIRECTION('',(0.,0.,-1.));
#127520=DIRECTION('',(-1.,0.,-0.));
#127530=AXIS2_PLACEMENT_3D('',#127500,#127510,#127520);
#127540=CYLINDRICAL_SURFACE('',#127530,0.0500000000000001);
#127550=CARTESIAN_POINT('',(-1.01903738392281,0.0999999999999994,
-2.84493396014412));
#127560=DIRECTION('',(-0.,-0.,1.));
#127570=DIRECTION('',(-1.,0.,-0.));
#127580=AXIS2_PLACEMENT_3D('',#127550,#127560,#127570);
#127590=CIRCLE('',#127580,0.0500000000000001);
#127600=CARTESIAN_POINT('',(-1.06315503098164,0.123529411764705,
-2.84493396014412));
#127610=VERTEX_POINT('',#127600);
#127620=EDGE_CURVE('',#108000,#127610,#127590,.T.);
#127630=ORIENTED_EDGE('',*,*,#127620,.F.);
#127640=CARTESIAN_POINT('',(-1.06315503098164,0.123529411764705,
-2.69493396014412));
#127650=DIRECTION('',(0.,0.,-1.));
#127660=VECTOR('',#127650,1.);
#127670=LINE('',#127640,#127660);
#127680=CARTESIAN_POINT('',(-1.06315503098164,0.123529411764705,
-2.69493396014412));
#127690=VERTEX_POINT('',#127680);
#127700=EDGE_CURVE('',#127690,#127610,#127670,.T.);
#127710=ORIENTED_EDGE('',*,*,#127700,.T.);
#127720=CARTESIAN_POINT('',(-1.01903738392281,0.0999999999999994,
-2.69493396014412));
#127730=DIRECTION('',(-0.,-0.,1.));
#127740=DIRECTION('',(-1.,0.,-0.));
#127750=AXIS2_PLACEMENT_3D('',#127720,#127730,#127740);
#127760=CIRCLE('',#127750,0.0500000000000001);
#127770=EDGE_CURVE('',#108080,#127690,#127760,.T.);
#127780=ORIENTED_EDGE('',*,*,#127770,.T.);
#127790=ORIENTED_EDGE('',*,*,#108090,.F.);
#127800=EDGE_LOOP('',(#127790,#127780,#127710,#127630));
#127810=FACE_OUTER_BOUND('',#127800,.T.);
#127820=ADVANCED_FACE('',(#127810),#127540,.F.);
#127830=CARTESIAN_POINT('',(-1.49304053392282,-0.00625315000000093,
-2.69493396014412));
#127840=DIRECTION('',(0.,0.,1.));
#127850=DIRECTION('',(1.,0.,-0.));
#127860=AXIS2_PLACEMENT_3D('',#127830,#127840,#127850);
#127870=PLANE('',#127860);
#127880=ORIENTED_EDGE('',*,*,#108150,.F.);
#127890=ORIENTED_EDGE('',*,*,#127770,.F.);
#127900=CARTESIAN_POINT('',(-0.782370717256146,0.649999999999997,
-2.69493396014412));
#127910=DIRECTION('',(-0.470588235294124,-0.882352941176467,-0.));
#127920=VECTOR('',#127910,1.);
#127930=LINE('',#127900,#127920);
#127940=EDGE_CURVE('',#127690,#127210,#127930,.T.);
#127950=ORIENTED_EDGE('',*,*,#127940,.F.);
#127960=ORIENTED_EDGE('',*,*,#127220,.T.);
#127970=CARTESIAN_POINT('',(0.860962616077189,0.,-2.69493396014412));
#127980=DIRECTION('',(-1.,-0.,-0.));
#127990=VECTOR('',#127980,1.);
#128000=LINE('',#127970,#127990);
#128010=CARTESIAN_POINT('',(-1.47903738392282,-9.99200722162641E-16,
-2.69493396014412));
#128020=VERTEX_POINT('',#128010);
#128030=EDGE_CURVE('',#127190,#128020,#128000,.T.);
#128040=ORIENTED_EDGE('',*,*,#128030,.F.);
#128050=CARTESIAN_POINT('',(-1.47903738392282,0.649999999999997,
-2.69493396014412));
#128060=DIRECTION('',(0.,1.,-0.));
#128070=VECTOR('',#128060,1.);
#128080=LINE('',#128050,#128070);
#128090=CARTESIAN_POINT('',(-1.47903738392281,0.099999999999999,
-2.69493396014412));
#128100=VERTEX_POINT('',#128090);
#128110=EDGE_CURVE('',#128020,#128100,#128080,.T.);
#128120=ORIENTED_EDGE('',*,*,#128110,.F.);
#128130=CARTESIAN_POINT('',(0.860962616077189,0.099999999999999,
-2.69493396014412));
#128140=DIRECTION('',(1.,-0.,-0.));
#128150=VECTOR('',#128140,1.);
#128160=LINE('',#128130,#128150);
#128170=CARTESIAN_POINT('',(-1.21903738392281,0.099999999999999,
-2.69493396014412));
#128180=VERTEX_POINT('',#128170);
#128190=EDGE_CURVE('',#128100,#128180,#128160,.T.);
#128200=ORIENTED_EDGE('',*,*,#128190,.F.);
#128210=CARTESIAN_POINT('',(-1.21903738392281,0.149999999999996,
-2.69493396014412));
#128220=DIRECTION('',(-0.,-0.,1.));
#128230=DIRECTION('',(-1.,0.,-0.));
#128240=AXIS2_PLACEMENT_3D('',#128210,#128220,#128230);
#128250=CIRCLE('',#128240,0.0499999999999966);
#128260=CARTESIAN_POINT('',(-1.17491973686399,0.126470588235293,
-2.69493396014412));
#128270=VERTEX_POINT('',#128260);
#128280=EDGE_CURVE('',#128180,#128270,#128250,.T.);
#128290=ORIENTED_EDGE('',*,*,#128280,.F.);
#128300=CARTESIAN_POINT('',(-0.895704050589474,0.649999999999997,
-2.69493396014412));
#128310=DIRECTION('',(0.470588235294128,0.882352941176465,-0.));
#128320=VECTOR('',#128310,1.);
#128330=LINE('',#128300,#128320);
#128340=CARTESIAN_POINT('',(-1.15139032509928,0.170588235294117,
-2.69493396014412));
#128350=VERTEX_POINT('',#128340);
#128360=EDGE_CURVE('',#128270,#128350,#128330,.T.);
#128370=ORIENTED_EDGE('',*,*,#128360,.F.);
#128380=CARTESIAN_POINT('',(-1.01903738392281,0.0999999999999981,
-2.69493396014412));
#128390=DIRECTION('',(-0.,-0.,1.));
#128400=DIRECTION('',(-1.,0.,0.));
#128410=AXIS2_PLACEMENT_3D('',#128380,#128390,#128400);
#128420=CIRCLE('',#128410,0.150000000000001);
#128430=CARTESIAN_POINT('',(-1.01903738392281,0.249999999999999,
-2.69493396014412));
#128440=VERTEX_POINT('',#128430);
#128450=EDGE_CURVE('',#128440,#128350,#128420,.T.);
#128460=ORIENTED_EDGE('',*,*,#128450,.T.);
#128470=CARTESIAN_POINT('',(0.860962616077189,0.249999999999999,
-2.69493396014412));
#128480=DIRECTION('',(1.,-0.,-0.));
#128490=VECTOR('',#128480,1.);
#128500=LINE('',#128470,#128490);
#128510=EDGE_CURVE('',#128440,#7740,#128500,.T.);
#128520=ORIENTED_EDGE('',*,*,#128510,.F.);
#128530=ORIENTED_EDGE('',*,*,#7750,.T.);
#128540=EDGE_LOOP('',(#128530,#128520,#128460,#128370,#128290,#128200,
#128120,#128040,#127960,#127950,#127890,#127880));
#128550=FACE_OUTER_BOUND('',#128540,.T.);
#128560=ADVANCED_FACE('',(#128550),#127870,.T.);
#128570=CARTESIAN_POINT('',(-1.47903738392282,-0.00250315000000101,
-2.69118081014412));
#128580=DIRECTION('',(-1.,0.,0.));
#128590=DIRECTION('',(0.,1.,0.));
#128600=AXIS2_PLACEMENT_3D('',#128570,#128580,#128590);
#128610=PLANE('',#128600);
#128620=CARTESIAN_POINT('',(-1.47903738392282,0.099999999999999,
-3.32993396014411));
#128630=DIRECTION('',(-0.,-0.,1.));
#128640=VECTOR('',#128630,1.);
#128650=LINE('',#128620,#128640);
#128660=CARTESIAN_POINT('',(-1.47903738392281,0.099999999999999,
-2.84493396014412));
#128670=VERTEX_POINT('',#128660);
#128680=EDGE_CURVE('',#128670,#128100,#128650,.T.);
#128690=ORIENTED_EDGE('',*,*,#128680,.F.);
#128700=ORIENTED_EDGE('',*,*,#128110,.T.);
#128710=CARTESIAN_POINT('',(-1.47903738392282,0.,-3.32993396014411));
#128720=DIRECTION('',(-0.,-0.,-1.));
#128730=VECTOR('',#128720,1.);
#128740=LINE('',#128710,#128730);
#128750=CARTESIAN_POINT('',(-1.47903738392282,0.,-2.84493396014412));
#128760=VERTEX_POINT('',#128750);
#128770=EDGE_CURVE('',#128020,#128760,#128740,.T.);
#128780=ORIENTED_EDGE('',*,*,#128770,.F.);
#128790=CARTESIAN_POINT('',(-1.47903738392282,0.649999999999997,
-2.84493396014412));
#128800=DIRECTION('',(0.,-1.,-0.));
#128810=VECTOR('',#128800,1.);
#128820=LINE('',#128790,#128810);
#128830=EDGE_CURVE('',#128670,#128760,#128820,.T.);
#128840=ORIENTED_EDGE('',*,*,#128830,.T.);
#128850=EDGE_LOOP('',(#128840,#128780,#128700,#128690));
#128860=FACE_OUTER_BOUND('',#128850,.T.);
#128870=ADVANCED_FACE('',(#128860),#128610,.T.);
#128880=CARTESIAN_POINT('',(-1.21903738392281,0.149999999999996,
-2.69112096014412));
#128890=DIRECTION('',(0.,0.,-1.));
#128900=DIRECTION('',(-1.,0.,-0.));
#128910=AXIS2_PLACEMENT_3D('',#128880,#128890,#128900);
#128920=CYLINDRICAL_SURFACE('',#128910,0.0499999999999966);
#128930=CARTESIAN_POINT('',(-1.21903738392281,0.149999999999996,
-2.84493396014412));
#128940=DIRECTION('',(-0.,-0.,1.));
#128950=DIRECTION('',(-1.,0.,-0.));
#128960=AXIS2_PLACEMENT_3D('',#128930,#128940,#128950);
#128970=CIRCLE('',#128960,0.0499999999999966);
#128980=CARTESIAN_POINT('',(-1.21903738392281,0.099999999999999,
-2.84493396014412));
#128990=VERTEX_POINT('',#128980);
#129000=CARTESIAN_POINT('',(-1.17491973686399,0.126470588235293,
-2.84493396014412));
#129010=VERTEX_POINT('',#129000);
#129020=EDGE_CURVE('',#128990,#129010,#128970,.T.);
#129030=ORIENTED_EDGE('',*,*,#129020,.F.);
#129040=CARTESIAN_POINT('',(-1.17491973686399,0.126470588235293,
-2.69493396014412));
#129050=DIRECTION('',(0.,0.,-1.));
#129060=VECTOR('',#129050,1.);
#129070=LINE('',#129040,#129060);
#129080=EDGE_CURVE('',#128270,#129010,#129070,.T.);
#129090=ORIENTED_EDGE('',*,*,#129080,.T.);
#129100=ORIENTED_EDGE('',*,*,#128280,.T.);
#129110=CARTESIAN_POINT('',(-1.21903738392281,0.099999999999999,
-2.69493396014412));
#129120=DIRECTION('',(0.,0.,-1.));
#129130=VECTOR('',#129120,1.);
#129140=LINE('',#129110,#129130);
#129150=EDGE_CURVE('',#128180,#128990,#129140,.T.);
#129160=ORIENTED_EDGE('',*,*,#129150,.F.);
#129170=EDGE_LOOP('',(#129160,#129100,#129090,#129030));
#129180=FACE_OUTER_BOUND('',#129170,.T.);
#129190=ADVANCED_FACE('',(#129180),#128920,.F.);
#129200=CARTESIAN_POINT('',(-0.905034233922811,-0.00625315000000093,
-2.84493396014412));
#129210=DIRECTION('',(0.,0.,-1.));
#129220=DIRECTION('',(-1.,0.,-0.));
#129230=AXIS2_PLACEMENT_3D('',#129200,#129210,#129220);
#129240=PLANE('',#129230);
#129250=CARTESIAN_POINT('',(0.860962616077189,0.249999999999999,
-2.84493396014412));
#129260=DIRECTION('',(-1.,0.,-0.));
#129270=VECTOR('',#129260,1.);
#129280=LINE('',#129250,#129270);
#129290=CARTESIAN_POINT('',(-1.01903738392281,0.249999999999999,
-2.84493396014412));
#129300=VERTEX_POINT('',#129290);
#129310=EDGE_CURVE('',#7820,#129300,#129280,.T.);
#129320=ORIENTED_EDGE('',*,*,#129310,.F.);
#129330=CARTESIAN_POINT('',(-1.01903738392281,0.0999999999999981,
-2.84493396014412));
#129340=DIRECTION('',(-0.,-0.,1.));
#129350=DIRECTION('',(-1.,0.,0.));
#129360=AXIS2_PLACEMENT_3D('',#129330,#129340,#129350);
#129370=CIRCLE('',#129360,0.150000000000001);
#129380=CARTESIAN_POINT('',(-1.15139032509928,0.170588235294117,
-2.84493396014412));
#129390=VERTEX_POINT('',#129380);
#129400=EDGE_CURVE('',#129300,#129390,#129370,.T.);
#129410=ORIENTED_EDGE('',*,*,#129400,.F.);
#129420=CARTESIAN_POINT('',(-0.895704050589474,0.649999999999997,
-2.84493396014412));
#129430=DIRECTION('',(-0.470588235294128,-0.882352941176465,-0.));
#129440=VECTOR('',#129430,1.);
#129450=LINE('',#129420,#129440);
#129460=EDGE_CURVE('',#129390,#129010,#129450,.T.);
#129470=ORIENTED_EDGE('',*,*,#129460,.F.);
#129480=ORIENTED_EDGE('',*,*,#129020,.T.);
#129490=CARTESIAN_POINT('',(0.860962616077189,0.099999999999999,
-2.84493396014412));
#129500=DIRECTION('',(-1.,0.,-0.));
#129510=VECTOR('',#129500,1.);
#129520=LINE('',#129490,#129510);
#129530=EDGE_CURVE('',#128990,#128670,#129520,.T.);
#129540=ORIENTED_EDGE('',*,*,#129530,.F.);
#129550=ORIENTED_EDGE('',*,*,#128830,.F.);
#129560=CARTESIAN_POINT('',(0.860962616077189,0.,-2.84493396014412));
#129570=DIRECTION('',(1.,0.,-0.));
#129580=VECTOR('',#129570,1.);
#129590=LINE('',#129560,#129580);
#129600=EDGE_CURVE('',#128760,#127380,#129590,.T.);
#129610=ORIENTED_EDGE('',*,*,#129600,.F.);
#129620=ORIENTED_EDGE('',*,*,#127390,.F.);
#129630=CARTESIAN_POINT('',(-0.782370717256146,0.649999999999997,
-2.84493396014412));
#129640=DIRECTION('',(0.470588235294124,0.882352941176467,-0.));
#129650=VECTOR('',#129640,1.);
#129660=LINE('',#129630,#129650);
#129670=EDGE_CURVE('',#127290,#127610,#129660,.T.);
#129680=ORIENTED_EDGE('',*,*,#129670,.F.);
#129690=ORIENTED_EDGE('',*,*,#127620,.T.);
#129700=ORIENTED_EDGE('',*,*,#108010,.F.);
#129710=ORIENTED_EDGE('',*,*,#7910,.T.);
#129720=EDGE_LOOP('',(#129710,#129700,#129690,#129680,#129620,#129610,
#129550,#129540,#129480,#129470,#129410,#129320));
#129730=FACE_OUTER_BOUND('',#129720,.T.);
#129740=ADVANCED_FACE('',(#129730),#129240,.T.);
#129750=CARTESIAN_POINT('',(-1.17550945451105,0.125364867647058,
-2.69118081014412));
#129760=DIRECTION('',(-0.882352941176465,0.470588235294128,0.));
#129770=DIRECTION('',(0.470588235294128,0.882352941176465,0.));
#129780=AXIS2_PLACEMENT_3D('',#129750,#129760,#129770);
#129790=PLANE('',#129780);
#129800=ORIENTED_EDGE('',*,*,#129080,.F.);
#129810=ORIENTED_EDGE('',*,*,#129460,.T.);
#129820=CARTESIAN_POINT('',(-1.15139032509928,0.170588235294117,
-2.69493396014412));
#129830=DIRECTION('',(0.,0.,-1.));
#129840=VECTOR('',#129830,1.);
#129850=LINE('',#129820,#129840);
#129860=EDGE_CURVE('',#128350,#129390,#129850,.T.);
#129870=ORIENTED_EDGE('',*,*,#129860,.T.);
#129880=ORIENTED_EDGE('',*,*,#128360,.T.);
#129890=EDGE_LOOP('',(#129880,#129870,#129810,#129800));
#129900=FACE_OUTER_BOUND('',#129890,.T.);
#129910=ADVANCED_FACE('',(#129900),#129790,.T.);
#129920=CARTESIAN_POINT('',(-1.02154053392281,0.249999999999999,
-2.69118081014412));
#129930=DIRECTION('',(0.,1.,0.));
#129940=DIRECTION('',(1.,-0.,0.));
#129950=AXIS2_PLACEMENT_3D('',#129920,#129930,#129940);
#129960=PLANE('',#129950);
#129970=CARTESIAN_POINT('',(-1.01903738392281,0.249999999999999,
-2.69493396014412));
#129980=DIRECTION('',(0.,0.,-1.));
#129990=VECTOR('',#129980,1.);
#130000=LINE('',#129970,#129990);
#130010=EDGE_CURVE('',#128440,#129300,#130000,.T.);
#130020=ORIENTED_EDGE('',*,*,#130010,.F.);
#130030=ORIENTED_EDGE('',*,*,#129310,.T.);
#130040=ORIENTED_EDGE('',*,*,#7830,.F.);
#130050=ORIENTED_EDGE('',*,*,#128510,.T.);
#130060=EDGE_LOOP('',(#130050,#130040,#130030,#130020));
#130070=FACE_OUTER_BOUND('',#130060,.T.);
#130080=ADVANCED_FACE('',(#130070),#129960,.T.);
#130090=CARTESIAN_POINT('',(-1.06256531333458,0.12463513235294,
-3.09118081014411));
#130100=DIRECTION('',(0.882352941176467,-0.470588235294124,0.));
#130110=DIRECTION('',(-0.470588235294124,-0.882352941176467,0.));
#130120=AXIS2_PLACEMENT_3D('',#130090,#130100,#130110);
#130130=PLANE('',#130120);
#130140=CARTESIAN_POINT('',(-1.06315503098164,0.123529411764705,
-3.09493396014412));
#130150=DIRECTION('',(0.,0.,-1.));
#130160=VECTOR('',#130150,1.);
#130170=LINE('',#130140,#130160);
#130180=CARTESIAN_POINT('',(-1.06315503098164,0.123529411764705,
-3.09493396014412));
#130190=VERTEX_POINT('',#130180);
#130200=CARTESIAN_POINT('',(-1.06315503098164,0.123529411764705,
-3.24493396014411));
#130210=VERTEX_POINT('',#130200);
#130220=EDGE_CURVE('',#130190,#130210,#130170,.T.);
#130230=ORIENTED_EDGE('',*,*,#130220,.F.);
#130240=CARTESIAN_POINT('',(-0.782370717256146,0.649999999999997,
-3.24493396014411));
#130250=DIRECTION('',(0.470588235294124,0.882352941176467,0.));
#130260=VECTOR('',#130250,1.);
#130270=LINE('',#130240,#130260);
#130280=CARTESIAN_POINT('',(-1.08668444274634,0.0794117647058811,
-3.24493396014411));
#130290=VERTEX_POINT('',#130280);
#130300=EDGE_CURVE('',#130290,#130210,#130270,.T.);
#130310=ORIENTED_EDGE('',*,*,#130300,.T.);
#130320=CARTESIAN_POINT('',(-1.08668444274634,0.0794117647058811,
-3.09493396014412));
#130330=DIRECTION('',(0.,0.,-1.));
#130340=VECTOR('',#130330,1.);
#130350=LINE('',#130320,#130340);
#130360=CARTESIAN_POINT('',(-1.08668444274634,0.0794117647058811,
-3.09493396014412));
#130370=VERTEX_POINT('',#130360);
#130380=EDGE_CURVE('',#130370,#130290,#130350,.T.);
#130390=ORIENTED_EDGE('',*,*,#130380,.T.);
#130400=CARTESIAN_POINT('',(-0.782370717256146,0.649999999999997,
-3.09493396014412));
#130410=DIRECTION('',(-0.470588235294124,-0.882352941176467,0.));
#130420=VECTOR('',#130410,1.);
#130430=LINE('',#130400,#130420);
#130440=EDGE_CURVE('',#130190,#130370,#130430,.T.);
#130450=ORIENTED_EDGE('',*,*,#130440,.T.);
#130460=EDGE_LOOP('',(#130450,#130390,#130310,#130230));
#130470=FACE_OUTER_BOUND('',#130460,.T.);
#130480=ADVANCED_FACE('',(#130470),#130130,.T.);
#130490=CARTESIAN_POINT('',(-1.17550945451105,0.125364867647058,
-3.09118081014411));
#130500=DIRECTION('',(-0.882352941176465,0.470588235294128,0.));
#130510=DIRECTION('',(0.470588235294128,0.882352941176465,0.));
#130520=AXIS2_PLACEMENT_3D('',#130490,#130500,#130510);
#130530=PLANE('',#130520);
#130540=CARTESIAN_POINT('',(-1.17491973686399,0.126470588235293,
-3.09493396014412));
#130550=DIRECTION('',(0.,0.,-1.));
#130560=VECTOR('',#130550,1.);
#130570=LINE('',#130540,#130560);
#130580=CARTESIAN_POINT('',(-1.17491973686399,0.126470588235293,
-3.09493396014412));
#130590=VERTEX_POINT('',#130580);
#130600=CARTESIAN_POINT('',(-1.17491973686399,0.126470588235293,
-3.24493396014411));
#130610=VERTEX_POINT('',#130600);
#130620=EDGE_CURVE('',#130590,#130610,#130570,.T.);
#130630=ORIENTED_EDGE('',*,*,#130620,.F.);
#130640=CARTESIAN_POINT('',(-0.895704050589474,0.649999999999997,
-3.24493396014411));
#130650=DIRECTION('',(-0.470588235294128,-0.882352941176465,0.));
#130660=VECTOR('',#130650,1.);
#130670=LINE('',#130640,#130660);
#130680=CARTESIAN_POINT('',(-1.15139032509928,0.170588235294117,
-3.24493396014411));
#130690=VERTEX_POINT('',#130680);
#130700=EDGE_CURVE('',#130690,#130610,#130670,.T.);
#130710=ORIENTED_EDGE('',*,*,#130700,.T.);
#130720=CARTESIAN_POINT('',(-1.15139032509928,0.170588235294117,
-3.09493396014412));
#130730=DIRECTION('',(0.,0.,-1.));
#130740=VECTOR('',#130730,1.);
#130750=LINE('',#130720,#130740);
#130760=CARTESIAN_POINT('',(-1.15139032509928,0.170588235294117,
-3.09493396014412));
#130770=VERTEX_POINT('',#130760);
#130780=EDGE_CURVE('',#130770,#130690,#130750,.T.);
#130790=ORIENTED_EDGE('',*,*,#130780,.T.);
#130800=CARTESIAN_POINT('',(-0.895704050589474,0.649999999999997,
-3.09493396014412));
#130810=DIRECTION('',(0.470588235294128,0.882352941176465,0.));
#130820=VECTOR('',#130810,1.);
#130830=LINE('',#130800,#130820);
#130840=EDGE_CURVE('',#130590,#130770,#130830,.T.);
#130850=ORIENTED_EDGE('',*,*,#130840,.T.);
#130860=EDGE_LOOP('',(#130850,#130790,#130710,#130630));
#130870=FACE_OUTER_BOUND('',#130860,.T.);
#130880=ADVANCED_FACE('',(#130870),#130530,.T.);
#130890=CARTESIAN_POINT('',(-0.905034233922811,-0.00625315000000093,
-3.24493396014411));
#130900=DIRECTION('',(0.,0.,-1.));
#130910=DIRECTION('',(-1.,0.,-0.));
#130920=AXIS2_PLACEMENT_3D('',#130890,#130900,#130910);
#130930=PLANE('',#130920);
#130940=CARTESIAN_POINT('',(0.860962616077189,0.249999999999999,
-3.24493396014411));
#130950=DIRECTION('',(-1.,0.,-0.));
#130960=VECTOR('',#130950,1.);
#130970=LINE('',#130940,#130960);
#130980=CARTESIAN_POINT('',(-1.01903738392281,0.249999999999999,
-3.24493396014411));
#130990=VERTEX_POINT('',#130980);
#131000=EDGE_CURVE('',#8140,#130990,#130970,.T.);
#131010=ORIENTED_EDGE('',*,*,#131000,.F.);
#131020=CARTESIAN_POINT('',(-1.01903738392281,0.100000000000001,
-3.24493396014411));
#131030=DIRECTION('',(-0.,-0.,1.));
#131040=DIRECTION('',(-1.,0.,0.));
#131050=AXIS2_PLACEMENT_3D('',#131020,#131030,#131040);
#131060=CIRCLE('',#131050,0.149999999999998);
#131070=EDGE_CURVE('',#130990,#130690,#131060,.T.);
#131080=ORIENTED_EDGE('',*,*,#131070,.F.);
#131090=ORIENTED_EDGE('',*,*,#130700,.F.);
#131100=CARTESIAN_POINT('',(-1.21903738392281,0.149999999999998,
-3.24493396014411));
#131110=DIRECTION('',(-0.,-0.,1.));
#131120=DIRECTION('',(-1.,0.,-0.));
#131130=AXIS2_PLACEMENT_3D('',#131100,#131110,#131120);
#131140=CIRCLE('',#131130,0.0499999999999988);
#131150=CARTESIAN_POINT('',(-1.21903738392281,0.099999999999999,
-3.24493396014411));
#131160=VERTEX_POINT('',#131150);
#131170=EDGE_CURVE('',#131160,#130610,#131140,.T.);
#131180=ORIENTED_EDGE('',*,*,#131170,.T.);
#131190=CARTESIAN_POINT('',(0.860962616077189,0.099999999999999,
-3.24493396014411));
#131200=DIRECTION('',(-1.,0.,-0.));
#131210=VECTOR('',#131200,1.);
#131220=LINE('',#131190,#131210);
#131230=CARTESIAN_POINT('',(-1.47903738392281,0.099999999999999,
-3.24493396014411));
#131240=VERTEX_POINT('',#131230);
#131250=EDGE_CURVE('',#131160,#131240,#131220,.T.);
#131260=ORIENTED_EDGE('',*,*,#131250,.F.);
#131270=CARTESIAN_POINT('',(-1.47903738392282,0.649999999999997,
-3.24493396014411));
#131280=DIRECTION('',(-0.,-1.,-0.));
#131290=VECTOR('',#131280,1.);
#131300=LINE('',#131270,#131290);
#131310=CARTESIAN_POINT('',(-1.47903738392282,0.,-3.24493396014411));
#131320=VERTEX_POINT('',#131310);
#131330=EDGE_CURVE('',#131240,#131320,#131300,.T.);
#131340=ORIENTED_EDGE('',*,*,#131330,.F.);
#131350=CARTESIAN_POINT('',(0.860962616077189,0.,-3.24493396014411));
#131360=DIRECTION('',(1.,0.,-0.));
#131370=VECTOR('',#131360,1.);
#131380=LINE('',#131350,#131370);
#131390=CARTESIAN_POINT('',(-1.21903738392281,-9.99200722162641E-16,
-3.24493396014411));
#131400=VERTEX_POINT('',#131390);
#131410=EDGE_CURVE('',#131320,#131400,#131380,.T.);
#131420=ORIENTED_EDGE('',*,*,#131410,.F.);
#131430=CARTESIAN_POINT('',(-1.21903738392281,0.150000000000001,
-3.24493396014411));
#131440=DIRECTION('',(-0.,-0.,1.));
#131450=DIRECTION('',(-1.,0.,0.));
#131460=AXIS2_PLACEMENT_3D('',#131430,#131440,#131450);
#131470=CIRCLE('',#131460,0.150000000000002);
#131480=EDGE_CURVE('',#131400,#130290,#131470,.T.);
#131490=ORIENTED_EDGE('',*,*,#131480,.F.);
#131500=ORIENTED_EDGE('',*,*,#130300,.F.);
#131510=CARTESIAN_POINT('',(-1.01903738392281,0.0999999999999943,
-3.24493396014411));
#131520=DIRECTION('',(-0.,-0.,1.));
#131530=DIRECTION('',(-1.,0.,-0.));
#131540=AXIS2_PLACEMENT_3D('',#131510,#131520,#131530);
#131550=CIRCLE('',#131540,0.0500000000000045);
#131560=EDGE_CURVE('',#107770,#130210,#131550,.T.);
#131570=ORIENTED_EDGE('',*,*,#131560,.T.);
#131580=ORIENTED_EDGE('',*,*,#107780,.F.);
#131590=ORIENTED_EDGE('',*,*,#8230,.T.);
#131600=EDGE_LOOP('',(#131590,#131580,#131570,#131500,#131490,#131420,
#131340,#131260,#131180,#131090,#131080,#131010));
#131610=FACE_OUTER_BOUND('',#131600,.T.);
#131620=ADVANCED_FACE('',(#131610),#130930,.T.);
#131630=CARTESIAN_POINT('',(-1.48554053392281,0.099999999999999,
-3.09118081014411));
#131640=DIRECTION('',(0.,1.,0.));
#131650=DIRECTION('',(1.,-0.,0.));
#131660=AXIS2_PLACEMENT_3D('',#131630,#131640,#131650);
#131670=PLANE('',#131660);
#131680=CARTESIAN_POINT('',(-1.47903738392282,0.099999999999999,
-3.32993396014411));
#131690=DIRECTION('',(0.,0.,1.));
#131700=VECTOR('',#131690,1.);
#131710=LINE('',#131680,#131700);
#131720=CARTESIAN_POINT('',(-1.47903738392281,0.099999999999999,
-3.09493396014412));
#131730=VERTEX_POINT('',#131720);
#131740=EDGE_CURVE('',#131240,#131730,#131710,.T.);
#131750=ORIENTED_EDGE('',*,*,#131740,.T.);
#131760=ORIENTED_EDGE('',*,*,#131250,.T.);
#131770=CARTESIAN_POINT('',(-1.21903738392281,0.099999999999999,
-3.09493396014412));
#131780=DIRECTION('',(0.,0.,-1.));
#131790=VECTOR('',#131780,1.);
#131800=LINE('',#131770,#131790);
#131810=CARTESIAN_POINT('',(-1.21903738392281,0.099999999999999,
-3.09493396014412));
#131820=VERTEX_POINT('',#131810);
#131830=EDGE_CURVE('',#131820,#131160,#131800,.T.);
#131840=ORIENTED_EDGE('',*,*,#131830,.T.);
#131850=CARTESIAN_POINT('',(0.860962616077189,0.099999999999999,
-3.09493396014412));
#131860=DIRECTION('',(1.,0.,-0.));
#131870=VECTOR('',#131860,1.);
#131880=LINE('',#131850,#131870);
#131890=EDGE_CURVE('',#131730,#131820,#131880,.T.);
#131900=ORIENTED_EDGE('',*,*,#131890,.T.);
#131910=EDGE_LOOP('',(#131900,#131840,#131760,#131750));
#131920=FACE_OUTER_BOUND('',#131910,.T.);
#131930=ADVANCED_FACE('',(#131920),#131670,.T.);
#131940=CARTESIAN_POINT('',(-1.49304053392282,-0.00625315000000093,
-3.09493396014412));
#131950=DIRECTION('',(0.,0.,1.));
#131960=DIRECTION('',(1.,0.,-0.));
#131970=AXIS2_PLACEMENT_3D('',#131940,#131950,#131960);
#131980=PLANE('',#131970);
#131990=ORIENTED_EDGE('',*,*,#107920,.F.);
#132000=CARTESIAN_POINT('',(-1.01903738392281,0.0999999999999943,
-3.09493396014412));
#132010=DIRECTION('',(-0.,-0.,1.));
#132020=DIRECTION('',(-1.,0.,-0.));
#132030=AXIS2_PLACEMENT_3D('',#132000,#132010,#132020);
#132040=CIRCLE('',#132030,0.0500000000000045);
#132050=EDGE_CURVE('',#107850,#130190,#132040,.T.);
#132060=ORIENTED_EDGE('',*,*,#132050,.F.);
#132070=ORIENTED_EDGE('',*,*,#130440,.F.);
#132080=CARTESIAN_POINT('',(-1.21903738392281,0.150000000000001,
-3.09493396014412));
#132090=DIRECTION('',(-0.,-0.,1.));
#132100=DIRECTION('',(-1.,0.,0.));
#132110=AXIS2_PLACEMENT_3D('',#132080,#132090,#132100);
#132120=CIRCLE('',#132110,0.150000000000002);
#132130=CARTESIAN_POINT('',(-1.21903738392281,-9.99200722162641E-16,
-3.09493396014412));
#132140=VERTEX_POINT('',#132130);
#132150=EDGE_CURVE('',#132140,#130370,#132120,.T.);
#132160=ORIENTED_EDGE('',*,*,#132150,.T.);
#132170=CARTESIAN_POINT('',(0.860962616077189,0.,-3.09493396014412));
#132180=DIRECTION('',(-1.,-0.,-0.));
#132190=VECTOR('',#132180,1.);
#132200=LINE('',#132170,#132190);
#132210=CARTESIAN_POINT('',(-1.47903738392282,-9.99200722162641E-16,
-3.09493396014412));
#132220=VERTEX_POINT('',#132210);
#132230=EDGE_CURVE('',#132140,#132220,#132200,.T.);
#132240=ORIENTED_EDGE('',*,*,#132230,.F.);
#132250=CARTESIAN_POINT('',(-1.47903738392282,0.649999999999997,
-3.09493396014412));
#132260=DIRECTION('',(0.,1.,-0.));
#132270=VECTOR('',#132260,1.);
#132280=LINE('',#132250,#132270);
#132290=EDGE_CURVE('',#132220,#131730,#132280,.T.);
#132300=ORIENTED_EDGE('',*,*,#132290,.F.);
#132310=ORIENTED_EDGE('',*,*,#131890,.F.);
#132320=CARTESIAN_POINT('',(-1.21903738392281,0.149999999999998,
-3.09493396014412));
#132330=DIRECTION('',(-0.,-0.,1.));
#132340=DIRECTION('',(-1.,0.,-0.));
#132350=AXIS2_PLACEMENT_3D('',#132320,#132330,#132340);
#132360=CIRCLE('',#132350,0.0499999999999988);
#132370=EDGE_CURVE('',#131820,#130590,#132360,.T.);
#132380=ORIENTED_EDGE('',*,*,#132370,.F.);
#132390=ORIENTED_EDGE('',*,*,#130840,.F.);
#132400=CARTESIAN_POINT('',(-1.01903738392281,0.100000000000001,
-3.09493396014412));
#132410=DIRECTION('',(-0.,-0.,1.));
#132420=DIRECTION('',(-1.,0.,0.));
#132430=AXIS2_PLACEMENT_3D('',#132400,#132410,#132420);
#132440=CIRCLE('',#132430,0.149999999999998);
#132450=CARTESIAN_POINT('',(-1.01903738392281,0.249999999999999,
-3.09493396014412));
#132460=VERTEX_POINT('',#132450);
#132470=EDGE_CURVE('',#132460,#130770,#132440,.T.);
#132480=ORIENTED_EDGE('',*,*,#132470,.T.);
#132490=CARTESIAN_POINT('',(0.860962616077189,0.249999999999999,
-3.09493396014412));
#132500=DIRECTION('',(1.,-0.,-0.));
#132510=VECTOR('',#132500,1.);
#132520=LINE('',#132490,#132510);
#132530=EDGE_CURVE('',#132460,#8060,#132520,.T.);
#132540=ORIENTED_EDGE('',*,*,#132530,.F.);
#132550=ORIENTED_EDGE('',*,*,#8070,.T.);
#132560=EDGE_LOOP('',(#132550,#132540,#132480,#132390,#132380,#132310,
#132300,#132240,#132160,#132070,#132060,#131990));
#132570=FACE_OUTER_BOUND('',#132560,.T.);
#132580=ADVANCED_FACE('',(#132570),#131980,.T.);
#132590=CARTESIAN_POINT('',(-1.47903738392282,-0.00250315000000101,
-3.09118081014411));
#132600=DIRECTION('',(-1.,0.,0.));
#132610=DIRECTION('',(0.,1.,0.));
#132620=AXIS2_PLACEMENT_3D('',#132590,#132600,#132610);
#132630=PLANE('',#132620);
#132640=ORIENTED_EDGE('',*,*,#131740,.F.);
#132650=ORIENTED_EDGE('',*,*,#132290,.T.);
#132660=CARTESIAN_POINT('',(-1.47903738392282,0.,-3.32993396014411));
#132670=DIRECTION('',(-0.,-0.,-1.));
#132680=VECTOR('',#132670,1.);
#132690=LINE('',#132660,#132680);
#132700=EDGE_CURVE('',#132220,#131320,#132690,.T.);
#132710=ORIENTED_EDGE('',*,*,#132700,.F.);
#132720=ORIENTED_EDGE('',*,*,#131330,.T.);
#132730=EDGE_LOOP('',(#132720,#132710,#132650,#132640));
#132740=FACE_OUTER_BOUND('',#132730,.T.);
#132750=ADVANCED_FACE('',(#132740),#132630,.T.);
#132760=CARTESIAN_POINT('',(-1.02154053392281,0.249999999999999,
-3.09118081014411));
#132770=DIRECTION('',(0.,1.,0.));
#132780=DIRECTION('',(1.,-0.,0.));
#132790=AXIS2_PLACEMENT_3D('',#132760,#132770,#132780);
#132800=PLANE('',#132790);
#132810=CARTESIAN_POINT('',(-1.01903738392281,0.249999999999999,
-3.09493396014412));
#132820=DIRECTION('',(0.,0.,-1.));
#132830=VECTOR('',#132820,1.);
#132840=LINE('',#132810,#132830);
#132850=EDGE_CURVE('',#132460,#130990,#132840,.T.);
#132860=ORIENTED_EDGE('',*,*,#132850,.F.);
#132870=ORIENTED_EDGE('',*,*,#131000,.T.);
#132880=ORIENTED_EDGE('',*,*,#8150,.F.);
#132890=ORIENTED_EDGE('',*,*,#132530,.T.);
#132900=EDGE_LOOP('',(#132890,#132880,#132870,#132860));
#132910=FACE_OUTER_BOUND('',#132900,.T.);
#132920=ADVANCED_FACE('',(#132910),#132800,.T.);
#132930=CARTESIAN_POINT('',(-1.01903738392281,0.100000000000001,
-3.09116296014412));
#132940=DIRECTION('',(0.,0.,-1.));
#132950=DIRECTION('',(-1.,0.,-0.));
#132960=AXIS2_PLACEMENT_3D('',#132930,#132940,#132950);
#132970=CYLINDRICAL_SURFACE('',#132960,0.149999999999998);
#132980=ORIENTED_EDGE('',*,*,#132470,.F.);
#132990=ORIENTED_EDGE('',*,*,#130780,.F.);
#133000=ORIENTED_EDGE('',*,*,#131070,.T.);
#133010=ORIENTED_EDGE('',*,*,#132850,.T.);
#133020=EDGE_LOOP('',(#133010,#133000,#132990,#132980));
#133030=FACE_OUTER_BOUND('',#133020,.T.);
#133040=ADVANCED_FACE('',(#133030),#132970,.T.);
#133050=CARTESIAN_POINT('',(-1.21903738392281,0.149999999999998,
-3.09112096014412));
#133060=DIRECTION('',(0.,0.,-1.));
#133070=DIRECTION('',(-1.,0.,-0.));
#133080=AXIS2_PLACEMENT_3D('',#133050,#133060,#133070);
#133090=CYLINDRICAL_SURFACE('',#133080,0.0499999999999988);
#133100=ORIENTED_EDGE('',*,*,#131170,.F.);
#133110=ORIENTED_EDGE('',*,*,#130620,.T.);
#133120=ORIENTED_EDGE('',*,*,#132370,.T.);
#133130=ORIENTED_EDGE('',*,*,#131830,.F.);
#133140=EDGE_LOOP('',(#133130,#133120,#133110,#133100));
#133150=FACE_OUTER_BOUND('',#133140,.T.);
#133160=ADVANCED_FACE('',(#133150),#133090,.F.);
#133170=CARTESIAN_POINT('',(-1.21903738392281,0.150000000000001,
-3.09116296014412));
#133180=DIRECTION('',(0.,0.,-1.));
#133190=DIRECTION('',(-1.,0.,-0.));
#133200=AXIS2_PLACEMENT_3D('',#133170,#133180,#133190);
#133210=CYLINDRICAL_SURFACE('',#133200,0.150000000000002);
#133220=ORIENTED_EDGE('',*,*,#132150,.F.);
#133230=ORIENTED_EDGE('',*,*,#130380,.F.);
#133240=ORIENTED_EDGE('',*,*,#131480,.T.);
#133250=CARTESIAN_POINT('',(-1.21903738392281,-9.99200722162641E-16,
-3.09493396014412));
#133260=DIRECTION('',(0.,0.,-1.));
#133270=VECTOR('',#133260,1.);
#133280=LINE('',#133250,#133270);
#133290=EDGE_CURVE('',#132140,#131400,#133280,.T.);
#133300=ORIENTED_EDGE('',*,*,#133290,.T.);
#133310=EDGE_LOOP('',(#133300,#133240,#133230,#133220));
#133320=FACE_OUTER_BOUND('',#133310,.T.);
#133330=ADVANCED_FACE('',(#133320),#133210,.T.);
#133340=CARTESIAN_POINT('',(-1.21253423392281,0.,-3.09118081014411));
#133350=DIRECTION('',(0.,-1.,0.));
#133360=DIRECTION('',(-1.,-0.,0.));
#133370=AXIS2_PLACEMENT_3D('',#133340,#133350,#133360);
#133380=PLANE('',#133370);
#133390=ORIENTED_EDGE('',*,*,#132230,.T.);
#133400=ORIENTED_EDGE('',*,*,#133290,.F.);
#133410=ORIENTED_EDGE('',*,*,#131410,.T.);
#133420=ORIENTED_EDGE('',*,*,#132700,.T.);
#133430=EDGE_LOOP('',(#133420,#133410,#133400,#133390));
#133440=FACE_OUTER_BOUND('',#133430,.T.);
#133450=ADVANCED_FACE('',(#133440),#133380,.T.);
#133460=CARTESIAN_POINT('',(-1.47903738392282,-0.00250315000000001,
-3.49118081014411));
#133470=DIRECTION('',(-1.,0.,0.));
#133480=DIRECTION('',(0.,1.,0.));
#133490=AXIS2_PLACEMENT_3D('',#133460,#133470,#133480);
#133500=PLANE('',#133490);
#133510=CARTESIAN_POINT('',(-1.47903738392282,0.099999999999999,
-3.32993396014411));
#133520=DIRECTION('',(-0.,-0.,1.));
#133530=VECTOR('',#133520,1.);
#133540=LINE('',#133510,#133530);
#133550=CARTESIAN_POINT('',(-1.47903738392281,0.099999999999999,
-3.64493396014411));
#133560=VERTEX_POINT('',#133550);
#133570=CARTESIAN_POINT('',(-1.47903738392281,0.099999999999999,
-3.49493396014411));
#133580=VERTEX_POINT('',#133570);
#133590=EDGE_CURVE('',#133560,#133580,#133540,.T.);
#133600=ORIENTED_EDGE('',*,*,#133590,.F.);
#133610=CARTESIAN_POINT('',(-1.47903738392282,0.649999999999997,
-3.49493396014411));
#133620=DIRECTION('',(0.,1.,-0.));
#133630=VECTOR('',#133620,1.);
#133640=LINE('',#133610,#133630);
#133650=CARTESIAN_POINT('',(-1.47903738392282,0.,-3.49493396014411));
#133660=VERTEX_POINT('',#133650);
#133670=EDGE_CURVE('',#133660,#133580,#133640,.T.);
#133680=ORIENTED_EDGE('',*,*,#133670,.T.);
#133690=CARTESIAN_POINT('',(-1.47903738392282,0.,-3.32993396014411));
#133700=DIRECTION('',(-0.,-0.,-1.));
#133710=VECTOR('',#133700,1.);
#133720=LINE('',#133690,#133710);
#133730=CARTESIAN_POINT('',(-1.47903738392282,0.,-3.64493396014411));
#133740=VERTEX_POINT('',#133730);
#133750=EDGE_CURVE('',#133660,#133740,#133720,.T.);
#133760=ORIENTED_EDGE('',*,*,#133750,.F.);
#133770=CARTESIAN_POINT('',(-1.47903738392282,0.649999999999997,
-3.64493396014411));
#133780=DIRECTION('',(0.,-1.,-0.));
#133790=VECTOR('',#133780,1.);
#133800=LINE('',#133770,#133790);
#133810=EDGE_CURVE('',#133560,#133740,#133800,.T.);
#133820=ORIENTED_EDGE('',*,*,#133810,.T.);
#133830=EDGE_LOOP('',(#133820,#133760,#133680,#133600));
#133840=FACE_OUTER_BOUND('',#133830,.T.);
#133850=ADVANCED_FACE('',(#133840),#133500,.T.);
#133860=CARTESIAN_POINT('',(-1.21903738392281,0.149999999999999,
-3.49116296014412));
#133870=DIRECTION('',(0.,0.,-1.));
#133880=DIRECTION('',(-1.,0.,-0.));
#133890=AXIS2_PLACEMENT_3D('',#133860,#133870,#133880);
#133900=CYLINDRICAL_SURFACE('',#133890,0.149999999999999);
#133910=CARTESIAN_POINT('',(-1.21903738392281,0.149999999999999,
-3.49493396014411));
#133920=DIRECTION('',(-0.,-0.,1.));
#133930=DIRECTION('',(-1.,0.,0.));
#133940=AXIS2_PLACEMENT_3D('',#133910,#133920,#133930);
#133950=CIRCLE('',#133940,0.149999999999999);
#133960=CARTESIAN_POINT('',(-1.21903738392281,0.,-3.49493396014411));
#133970=VERTEX_POINT('',#133960);
#133980=CARTESIAN_POINT('',(-1.08668444274634,0.0794117647058811,
-3.49493396014411));
#133990=VERTEX_POINT('',#133980);
#134000=EDGE_CURVE('',#133970,#133990,#133950,.T.);
#134010=ORIENTED_EDGE('',*,*,#134000,.F.);
#134020=CARTESIAN_POINT('',(-1.08668444274634,0.0794117647058811,
-3.49493396014411));
#134030=DIRECTION('',(0.,0.,-1.));
#134040=VECTOR('',#134030,1.);
#134050=LINE('',#134020,#134040);
#134060=CARTESIAN_POINT('',(-1.08668444274634,0.0794117647058811,
-3.64493396014411));
#134070=VERTEX_POINT('',#134060);
#134080=EDGE_CURVE('',#133990,#134070,#134050,.T.);
#134090=ORIENTED_EDGE('',*,*,#134080,.F.);
#134100=CARTESIAN_POINT('',(-1.21903738392281,0.149999999999999,
-3.64493396014411));
#134110=DIRECTION('',(-0.,-0.,1.));
#134120=DIRECTION('',(-1.,0.,0.));
#134130=AXIS2_PLACEMENT_3D('',#134100,#134110,#134120);
#134140=CIRCLE('',#134130,0.149999999999999);
#134150=CARTESIAN_POINT('',(-1.21903738392281,-9.99200722162641E-16,
-3.64493396014411));
#134160=VERTEX_POINT('',#134150);
#134170=EDGE_CURVE('',#134160,#134070,#134140,.T.);
#134180=ORIENTED_EDGE('',*,*,#134170,.T.);
#134190=CARTESIAN_POINT('',(-1.21903738392281,-9.99200722162641E-16,
-3.49493396014411));
#134200=DIRECTION('',(0.,0.,-1.));
#134210=VECTOR('',#134200,1.);
#134220=LINE('',#134190,#134210);
#134230=EDGE_CURVE('',#133970,#134160,#134220,.T.);
#134240=ORIENTED_EDGE('',*,*,#134230,.T.);
#134250=EDGE_LOOP('',(#134240,#134180,#134090,#134010));
#134260=FACE_OUTER_BOUND('',#134250,.T.);
#134270=ADVANCED_FACE('',(#134260),#133900,.T.);
#134280=CARTESIAN_POINT('',(-1.49304053392282,-0.00625315000000093,
-3.49493396014411));
#134290=DIRECTION('',(0.,0.,1.));
#134300=DIRECTION('',(1.,0.,-0.));
#134310=AXIS2_PLACEMENT_3D('',#134280,#134290,#134300);
#134320=PLANE('',#134310);
#134330=ORIENTED_EDGE('',*,*,#107690,.F.);
#134340=CARTESIAN_POINT('',(-1.01903738392281,0.0999999999999994,
-3.49493396014411));
#134350=DIRECTION('',(-0.,-0.,1.));
#134360=DIRECTION('',(-1.,0.,-0.));
#134370=AXIS2_PLACEMENT_3D('',#134340,#134350,#134360);
#134380=CIRCLE('',#134370,0.0500000000000001);
#134390=CARTESIAN_POINT('',(-1.06315503098164,0.123529411764705,
-3.49493396014411));
#134400=VERTEX_POINT('',#134390);
#134410=EDGE_CURVE('',#107620,#134400,#134380,.T.);
#134420=ORIENTED_EDGE('',*,*,#134410,.F.);
#134430=CARTESIAN_POINT('',(-0.782370717256146,0.649999999999997,
-3.49493396014411));
#134440=DIRECTION('',(-0.470588235294124,-0.882352941176467,-0.));
#134450=VECTOR('',#134440,1.);
#134460=LINE('',#134430,#134450);
#134470=EDGE_CURVE('',#134400,#133990,#134460,.T.);
#134480=ORIENTED_EDGE('',*,*,#134470,.F.);
#134490=ORIENTED_EDGE('',*,*,#134000,.T.);
#134500=CARTESIAN_POINT('',(0.860962616077189,0.,-3.49493396014411));
#134510=DIRECTION('',(-1.,-0.,-0.));
#134520=VECTOR('',#134510,1.);
#134530=LINE('',#134500,#134520);
#134540=EDGE_CURVE('',#133970,#133660,#134530,.T.);
#134550=ORIENTED_EDGE('',*,*,#134540,.F.);
#134560=ORIENTED_EDGE('',*,*,#133670,.F.);
#134570=CARTESIAN_POINT('',(0.860962616077189,0.099999999999999,
-3.49493396014411));
#134580=DIRECTION('',(1.,-0.,-0.));
#134590=VECTOR('',#134580,1.);
#134600=LINE('',#134570,#134590);
#134610=CARTESIAN_POINT('',(-1.21903738392281,0.099999999999999,
-3.49493396014411));
#134620=VERTEX_POINT('',#134610);
#134630=EDGE_CURVE('',#133580,#134620,#134600,.T.);
#134640=ORIENTED_EDGE('',*,*,#134630,.F.);
#134650=CARTESIAN_POINT('',(-1.21903738392281,0.149999999999998,
-3.49493396014411));
#134660=DIRECTION('',(-0.,-0.,1.));
#134670=DIRECTION('',(-1.,0.,-0.));
#134680=AXIS2_PLACEMENT_3D('',#134650,#134660,#134670);
#134690=CIRCLE('',#134680,0.0499999999999988);
#134700=CARTESIAN_POINT('',(-1.17491973686399,0.126470588235293,
-3.49493396014411));
#134710=VERTEX_POINT('',#134700);
#134720=EDGE_CURVE('',#134620,#134710,#134690,.T.);
#134730=ORIENTED_EDGE('',*,*,#134720,.F.);
#134740=CARTESIAN_POINT('',(-0.895704050589474,0.649999999999997,
-3.49493396014411));
#134750=DIRECTION('',(0.470588235294128,0.882352941176465,-0.));
#134760=VECTOR('',#134750,1.);
#134770=LINE('',#134740,#134760);
#134780=CARTESIAN_POINT('',(-1.15139032509928,0.170588235294117,
-3.49493396014411));
#134790=VERTEX_POINT('',#134780);
#134800=EDGE_CURVE('',#134710,#134790,#134770,.T.);
#134810=ORIENTED_EDGE('',*,*,#134800,.F.);
#134820=CARTESIAN_POINT('',(-1.01903738392281,0.0999999999999981,
-3.49493396014411));
#134830=DIRECTION('',(-0.,-0.,1.));
#134840=DIRECTION('',(-1.,0.,0.));
#134850=AXIS2_PLACEMENT_3D('',#134820,#134830,#134840);
#134860=CIRCLE('',#134850,0.150000000000001);
#134870=CARTESIAN_POINT('',(-1.01903738392281,0.249999999999999,
-3.49493396014411));
#134880=VERTEX_POINT('',#134870);
#134890=EDGE_CURVE('',#134880,#134790,#134860,.T.);
#134900=ORIENTED_EDGE('',*,*,#134890,.T.);
#134910=CARTESIAN_POINT('',(0.860962616077189,0.249999999999999,
-3.49493396014411));
#134920=DIRECTION('',(1.,-0.,-0.));
#134930=VECTOR('',#134920,1.);
#134940=LINE('',#134910,#134930);
#134950=EDGE_CURVE('',#134880,#8380,#134940,.T.);
#134960=ORIENTED_EDGE('',*,*,#134950,.F.);
#134970=ORIENTED_EDGE('',*,*,#8390,.T.);
#134980=EDGE_LOOP('',(#134970,#134960,#134900,#134810,#134730,#134640,
#134560,#134550,#134490,#134480,#134420,#134330));
#134990=FACE_OUTER_BOUND('',#134980,.T.);
#135000=ADVANCED_FACE('',(#134990),#134320,.T.);
#135010=CARTESIAN_POINT('',(-1.01903738392281,0.0999999999999994,
-3.49112096014411));
#135020=DIRECTION('',(0.,0.,-1.));
#135030=DIRECTION('',(-1.,0.,-0.));
#135040=AXIS2_PLACEMENT_3D('',#135010,#135020,#135030);
#135050=CYLINDRICAL_SURFACE('',#135040,0.0500000000000001);
#135060=CARTESIAN_POINT('',(-1.01903738392281,0.0999999999999994,
-3.64493396014411));
#135070=DIRECTION('',(-0.,-0.,1.));
#135080=DIRECTION('',(-1.,0.,-0.));
#135090=AXIS2_PLACEMENT_3D('',#135060,#135070,#135080);
#135100=CIRCLE('',#135090,0.0500000000000001);
#135110=CARTESIAN_POINT('',(-1.06315503098164,0.123529411764705,
-3.64493396014411));
#135120=VERTEX_POINT('',#135110);
#135130=EDGE_CURVE('',#107540,#135120,#135100,.T.);
#135140=ORIENTED_EDGE('',*,*,#135130,.F.);
#135150=CARTESIAN_POINT('',(-1.06315503098164,0.123529411764705,
-3.49493396014411));
#135160=DIRECTION('',(0.,0.,-1.));
#135170=VECTOR('',#135160,1.);
#135180=LINE('',#135150,#135170);
#135190=EDGE_CURVE('',#134400,#135120,#135180,.T.);
#135200=ORIENTED_EDGE('',*,*,#135190,.T.);
#135210=ORIENTED_EDGE('',*,*,#134410,.T.);
#135220=ORIENTED_EDGE('',*,*,#107630,.F.);
#135230=EDGE_LOOP('',(#135220,#135210,#135200,#135140));
#135240=FACE_OUTER_BOUND('',#135230,.T.);
#135250=ADVANCED_FACE('',(#135240),#135050,.F.);
#135260=CARTESIAN_POINT('',(0.924715766077187,1.14125222738636,
-4.07868173275775));
#135270=DIRECTION('',(0.,0.707106781186555,-0.70710678118654));
#135280=DIRECTION('',(0.,-0.70710678118654,-0.707106781186555));
#135290=AXIS2_PLACEMENT_3D('',#135260,#135270,#135280);
#135300=PLANE('',#135290);
#135310=CARTESIAN_POINT('',(-1.61903738392281,1.88999999999998,
-3.32993396014411));
#135320=DIRECTION('',(0.57735026918963,-0.577350269189618,
-0.57735026918963));
#135330=VECTOR('',#135320,1.);
#135340=LINE('',#135310,#135330);
#135350=CARTESIAN_POINT('',(-0.819037383922811,1.08999999999999,
-4.12993396014411));
#135360=VERTEX_POINT('',#135350);
#135370=EDGE_CURVE('',#63820,#135360,#135340,.T.);
#135380=ORIENTED_EDGE('',*,*,#135370,.F.);
#135390=CARTESIAN_POINT('',(0.860962616077189,1.09,-4.12993396014411));
#135400=DIRECTION('',(1.,-0.,0.));
#135410=VECTOR('',#135400,1.);
#135420=LINE('',#135390,#135410);
#135430=CARTESIAN_POINT('',(0.830962616077187,1.09,-4.12993396014411));
#135440=VERTEX_POINT('',#135430);
#135450=EDGE_CURVE('',#135360,#135440,#135420,.T.);
#135460=ORIENTED_EDGE('',*,*,#135450,.F.);
#135470=CARTESIAN_POINT('',(1.63096261607719,1.88999999999998,
-3.32993396014411));
#135480=DIRECTION('',(-0.57735026918963,-0.577350269189618,
-0.57735026918963));
#135490=VECTOR('',#135480,1.);
#135500=LINE('',#135470,#135490);
#135510=EDGE_CURVE('',#63900,#135440,#135500,.T.);
#135520=ORIENTED_EDGE('',*,*,#135510,.T.);
#135530=ORIENTED_EDGE('',*,*,#63910,.T.);
#135540=EDGE_LOOP('',(#135530,#135520,#135460,#135380));
#135550=FACE_OUTER_BOUND('',#135540,.T.);
#135560=ADVANCED_FACE('',(#135550),#135300,.T.);
#135570=CARTESIAN_POINT('',(-0.816535156536449,0.022746849999997,
-4.13243618753048));
#135580=DIRECTION('',(-0.707106781186548,0.,-0.707106781186548));
#135590=DIRECTION('',(-0.707106781186548,0.,0.707106781186548));
#135600=AXIS2_PLACEMENT_3D('',#135570,#135580,#135590);
#135610=PLANE('',#135600);
#135620=ORIENTED_EDGE('',*,*,#135370,.T.);
#135630=ORIENTED_EDGE('',*,*,#87070,.T.);
#135640=ORIENTED_EDGE('',*,*,#8710,.T.);
#135650=ORIENTED_EDGE('',*,*,#107460,.T.);
#135660=ORIENTED_EDGE('',*,*,#65620,.T.);
#135670=ORIENTED_EDGE('',*,*,#42750,.T.);
#135680=CARTESIAN_POINT('',(-0.819037383922811,0.649999999999997,
-4.12993396014411));
#135690=DIRECTION('',(-0.,1.,0.));
#135700=VECTOR('',#135690,1.);
#135710=LINE('',#135680,#135700);
#135720=EDGE_CURVE('',#42660,#135360,#135710,.T.);
#135730=ORIENTED_EDGE('',*,*,#135720,.F.);
#135740=EDGE_LOOP('',(#135730,#135670,#135660,#135650,#135640,#135630,
#135620));
#135750=FACE_OUTER_BOUND('',#135740,.T.);
#135760=ADVANCED_FACE('',(#135750),#135610,.T.);
#135770=CARTESIAN_POINT('',(0.87221576607719,0.0239968499999971,
-4.12993396014411));
#135780=DIRECTION('',(0.,0.,-1.));
#135790=DIRECTION('',(-1.,0.,-0.));
#135800=AXIS2_PLACEMENT_3D('',#135770,#135780,#135790);
#135810=PLANE('',#135800);
#135820=ORIENTED_EDGE('',*,*,#135720,.T.);
#135830=ORIENTED_EDGE('',*,*,#42670,.F.);
#135840=CARTESIAN_POINT('',(0.830962616077191,0.649999999999997,
-4.12993396014411));
#135850=DIRECTION('',(-0.,1.,-0.));
#135860=VECTOR('',#135850,1.);
#135870=LINE('',#135840,#135860);
#135880=EDGE_CURVE('',#42580,#135440,#135870,.T.);
#135890=ORIENTED_EDGE('',*,*,#135880,.F.);
#135900=ORIENTED_EDGE('',*,*,#135450,.T.);
#135910=EDGE_LOOP('',(#135900,#135890,#135830,#135820));
#135920=FACE_OUTER_BOUND('',#135910,.T.);
#135930=ADVANCED_FACE('',(#135920),#135810,.T.);
#135940=CARTESIAN_POINT('',(1.50496576607719,-0.00625315000000093,
-3.64493396014411));
#135950=DIRECTION('',(0.,0.,-1.));
#135960=DIRECTION('',(-1.,0.,-0.));
#135970=AXIS2_PLACEMENT_3D('',#135940,#135950,#135960);
#135980=PLANE('',#135970);
#135990=ORIENTED_EDGE('',*,*,#41720,.T.);
#136000=ORIENTED_EDGE('',*,*,#115600,.F.);
#136010=CARTESIAN_POINT('',(0.794295949410517,0.649999999999997,
-3.64493396014411));
#136020=DIRECTION('',(-0.470588235294126,0.882352941176466,0.));
#136030=VECTOR('',#136020,1.);
#136040=LINE('',#136010,#136030);
#136050=EDGE_CURVE('',#105500,#115520,#136040,.T.);
#136060=ORIENTED_EDGE('',*,*,#136050,.T.);
#136070=ORIENTED_EDGE('',*,*,#105510,.T.);
#136080=CARTESIAN_POINT('',(0.860962616077189,0.,-3.64493396014411));
#136090=DIRECTION('',(-1.,-0.,0.));
#136100=VECTOR('',#136090,1.);
#136110=LINE('',#136080,#136100);
#136120=CARTESIAN_POINT('',(1.49096261607719,0.,-3.64493396014411));
#136130=VERTEX_POINT('',#136120);
#136140=EDGE_CURVE('',#136130,#105410,#136110,.T.);
#136150=ORIENTED_EDGE('',*,*,#136140,.T.);
#136160=CARTESIAN_POINT('',(1.49096261607719,0.649999999999997,
-3.64493396014411));
#136170=DIRECTION('',(0.,-1.,0.));
#136180=VECTOR('',#136170,1.);
#136190=LINE('',#136160,#136180);
#136200=CARTESIAN_POINT('',(1.49096261607719,0.099999999999999,
-3.64493396014411));
#136210=VERTEX_POINT('',#136200);
#136220=EDGE_CURVE('',#136210,#136130,#136190,.T.);
#136230=ORIENTED_EDGE('',*,*,#136220,.T.);
#136240=CARTESIAN_POINT('',(0.860962616077189,0.099999999999999,
-3.64493396014411));
#136250=DIRECTION('',(1.,-0.,0.));
#136260=VECTOR('',#136250,1.);
#136270=LINE('',#136240,#136260);
#136280=CARTESIAN_POINT('',(1.23096261607719,0.099999999999999,
-3.64493396014411));
#136290=VERTEX_POINT('',#136280);
#136300=EDGE_CURVE('',#136290,#136210,#136270,.T.);
#136310=ORIENTED_EDGE('',*,*,#136300,.T.);
#136320=CARTESIAN_POINT('',(1.23096261607719,0.15,-3.64493396014411));
#136330=DIRECTION('',(0.,0.,-1.));
#136340=DIRECTION('',(-1.,0.,-0.));
#136350=AXIS2_PLACEMENT_3D('',#136320,#136330,#136340);
#136360=CIRCLE('',#136350,0.0500000000000008);
#136370=EDGE_CURVE('',#136290,#114200,#136360,.T.);
#136380=ORIENTED_EDGE('',*,*,#136370,.F.);
#136390=ORIENTED_EDGE('',*,*,#114210,.T.);
#136400=CARTESIAN_POINT('',(1.03096261607719,0.0999999999999989,
-3.64493396014411));
#136410=DIRECTION('',(0.,0.,-1.));
#136420=DIRECTION('',(-1.,0.,0.));
#136430=AXIS2_PLACEMENT_3D('',#136400,#136410,#136420);
#136440=CIRCLE('',#136430,0.150000000000001);
#136450=EDGE_CURVE('',#26210,#114120,#136440,.T.);
#136460=ORIENTED_EDGE('',*,*,#136450,.T.);
#136470=ORIENTED_EDGE('',*,*,#26220,.T.);
#136480=ORIENTED_EDGE('',*,*,#31680,.F.);
#136490=EDGE_LOOP('',(#136480,#136470,#136460,#136390,#136380,#136310,
#136230,#136150,#136070,#136060,#136000,#135990));
#136500=FACE_OUTER_BOUND('',#136490,.T.);
#136510=ADVANCED_FACE('',(#136500),#135980,.T.);
#136520=CARTESIAN_POINT('',(1.23096261607719,0.149999999999998,
-3.09116296014412));
#136530=DIRECTION('',(0.,0.,-1.));
#136540=DIRECTION('',(-1.,0.,-0.));
#136550=AXIS2_PLACEMENT_3D('',#136520,#136530,#136540);
#136560=CYLINDRICAL_SURFACE('',#136550,0.149999999999999);
#136570=ORIENTED_EDGE('',*,*,#113130,.F.);
#136580=ORIENTED_EDGE('',*,*,#113700,.F.);
#136590=ORIENTED_EDGE('',*,*,#113310,.T.);
#136600=ORIENTED_EDGE('',*,*,#112010,.T.);
#136610=EDGE_LOOP('',(#136600,#136590,#136580,#136570));
#136620=FACE_OUTER_BOUND('',#136610,.T.);
#136630=ADVANCED_FACE('',(#136620),#136560,.T.);
#136640=CARTESIAN_POINT('',(-1.06256531333458,0.12463513235294,
-3.49118081014411));
#136650=DIRECTION('',(0.882352941176467,-0.470588235294124,0.));
#136660=DIRECTION('',(-0.470588235294124,-0.882352941176467,0.));
#136670=AXIS2_PLACEMENT_3D('',#136640,#136650,#136660);
#136680=PLANE('',#136670);
#136690=ORIENTED_EDGE('',*,*,#135190,.F.);
#136700=CARTESIAN_POINT('',(-0.782370717256146,0.649999999999997,
-3.64493396014411));
#136710=DIRECTION('',(0.470588235294124,0.882352941176467,0.));
#136720=VECTOR('',#136710,1.);
#136730=LINE('',#136700,#136720);
#136740=EDGE_CURVE('',#134070,#135120,#136730,.T.);
#136750=ORIENTED_EDGE('',*,*,#136740,.T.);
#136760=ORIENTED_EDGE('',*,*,#134080,.T.);
#136770=ORIENTED_EDGE('',*,*,#134470,.T.);
#136780=EDGE_LOOP('',(#136770,#136760,#136750,#136690));
#136790=FACE_OUTER_BOUND('',#136780,.T.);
#136800=ADVANCED_FACE('',(#136790),#136680,.T.);
#136810=CARTESIAN_POINT('',(-0.905034233922811,-0.00625315000000093,
-3.64493396014411));
#136820=DIRECTION('',(0.,0.,-1.));
#136830=DIRECTION('',(-1.,0.,-0.));
#136840=AXIS2_PLACEMENT_3D('',#136810,#136820,#136830);
#136850=PLANE('',#136840);
#136860=CARTESIAN_POINT('',(0.860962616077189,0.249999999999999,
-3.64493396014411));
#136870=DIRECTION('',(-1.,0.,-0.));
#136880=VECTOR('',#136870,1.);
#136890=LINE('',#136860,#136880);
#136900=CARTESIAN_POINT('',(-1.01903738392281,0.249999999999999,
-3.64493396014411));
#136910=VERTEX_POINT('',#136900);
#136920=EDGE_CURVE('',#8460,#136910,#136890,.T.);
#136930=ORIENTED_EDGE('',*,*,#136920,.F.);
#136940=CARTESIAN_POINT('',(-1.01903738392281,0.0999999999999981,
-3.64493396014411));
#136950=DIRECTION('',(-0.,-0.,1.));
#136960=DIRECTION('',(-1.,0.,0.));
#136970=AXIS2_PLACEMENT_3D('',#136940,#136950,#136960);
#136980=CIRCLE('',#136970,0.150000000000001);
#136990=CARTESIAN_POINT('',(-1.15139032509928,0.170588235294117,
-3.64493396014411));
#137000=VERTEX_POINT('',#136990);
#137010=EDGE_CURVE('',#136910,#137000,#136980,.T.);
#137020=ORIENTED_EDGE('',*,*,#137010,.F.);
#137030=CARTESIAN_POINT('',(-0.895704050589474,0.649999999999997,
-3.64493396014411));
#137040=DIRECTION('',(-0.470588235294128,-0.882352941176465,-0.));
#137050=VECTOR('',#137040,1.);
#137060=LINE('',#137030,#137050);
#137070=CARTESIAN_POINT('',(-1.17491973686399,0.126470588235293,
-3.64493396014411));
#137080=VERTEX_POINT('',#137070);
#137090=EDGE_CURVE('',#137000,#137080,#137060,.T.);
#137100=ORIENTED_EDGE('',*,*,#137090,.F.);
#137110=CARTESIAN_POINT('',(-1.21903738392281,0.149999999999998,
-3.64493396014411));
#137120=DIRECTION('',(-0.,-0.,1.));
#137130=DIRECTION('',(-1.,0.,-0.));
#137140=AXIS2_PLACEMENT_3D('',#137110,#137120,#137130);
#137150=CIRCLE('',#137140,0.0499999999999988);
#137160=CARTESIAN_POINT('',(-1.21903738392281,0.099999999999999,
-3.64493396014411));
#137170=VERTEX_POINT('',#137160);
#137180=EDGE_CURVE('',#137170,#137080,#137150,.T.);
#137190=ORIENTED_EDGE('',*,*,#137180,.T.);
#137200=CARTESIAN_POINT('',(0.860962616077189,0.099999999999999,
-3.64493396014411));
#137210=DIRECTION('',(-1.,0.,-0.));
#137220=VECTOR('',#137210,1.);
#137230=LINE('',#137200,#137220);
#137240=EDGE_CURVE('',#137170,#133560,#137230,.T.);
#137250=ORIENTED_EDGE('',*,*,#137240,.F.);
#137260=ORIENTED_EDGE('',*,*,#133810,.F.);
#137270=CARTESIAN_POINT('',(0.860962616077189,0.,-3.64493396014411));
#137280=DIRECTION('',(1.,0.,-0.));
#137290=VECTOR('',#137280,1.);
#137300=LINE('',#137270,#137290);
#137310=EDGE_CURVE('',#133740,#134160,#137300,.T.);
#137320=ORIENTED_EDGE('',*,*,#137310,.F.);
#137330=ORIENTED_EDGE('',*,*,#134170,.F.);
#137340=ORIENTED_EDGE('',*,*,#136740,.F.);
#137350=ORIENTED_EDGE('',*,*,#135130,.T.);
#137360=ORIENTED_EDGE('',*,*,#107550,.F.);
#137370=ORIENTED_EDGE('',*,*,#8550,.T.);
#137380=EDGE_LOOP('',(#137370,#137360,#137350,#137340,#137330,#137320,
#137260,#137250,#137190,#137100,#137020,#136930));
#137390=FACE_OUTER_BOUND('',#137380,.T.);
#137400=ADVANCED_FACE('',(#137390),#136850,.T.);
#137410=CARTESIAN_POINT('',(-1.01903738392281,0.0999999999999981,
-3.49116296014412));
#137420=DIRECTION('',(0.,0.,-1.));
#137430=DIRECTION('',(-1.,0.,-0.));
#137440=AXIS2_PLACEMENT_3D('',#137410,#137420,#137430);
#137450=CYLINDRICAL_SURFACE('',#137440,0.150000000000001);
#137460=ORIENTED_EDGE('',*,*,#134890,.F.);
#137470=CARTESIAN_POINT('',(-1.15139032509928,0.170588235294117,
-3.49493396014411));
#137480=DIRECTION('',(0.,0.,-1.));
#137490=VECTOR('',#137480,1.);
#137500=LINE('',#137470,#137490);
#137510=EDGE_CURVE('',#134790,#137000,#137500,.T.);
#137520=ORIENTED_EDGE('',*,*,#137510,.F.);
#137530=ORIENTED_EDGE('',*,*,#137010,.T.);
#137540=CARTESIAN_POINT('',(-1.01903738392281,0.249999999999999,
-3.49493396014411));
#137550=DIRECTION('',(0.,0.,-1.));
#137560=VECTOR('',#137550,1.);
#137570=LINE('',#137540,#137560);
#137580=EDGE_CURVE('',#134880,#136910,#137570,.T.);
#137590=ORIENTED_EDGE('',*,*,#137580,.T.);
#137600=EDGE_LOOP('',(#137590,#137530,#137520,#137460));
#137610=FACE_OUTER_BOUND('',#137600,.T.);
#137620=ADVANCED_FACE('',(#137610),#137450,.T.);
#137630=CARTESIAN_POINT('',(-1.17550945451105,0.125364867647058,
-3.49118081014411));
#137640=DIRECTION('',(-0.882352941176465,0.470588235294128,0.));
#137650=DIRECTION('',(0.470588235294128,0.882352941176465,0.));
#137660=AXIS2_PLACEMENT_3D('',#137630,#137640,#137650);
#137670=PLANE('',#137660);
#137680=CARTESIAN_POINT('',(-1.17491973686399,0.126470588235293,
-3.49493396014411));
#137690=DIRECTION('',(0.,0.,-1.));
#137700=VECTOR('',#137690,1.);
#137710=LINE('',#137680,#137700);
#137720=EDGE_CURVE('',#134710,#137080,#137710,.T.);
#137730=ORIENTED_EDGE('',*,*,#137720,.F.);
#137740=ORIENTED_EDGE('',*,*,#137090,.T.);
#137750=ORIENTED_EDGE('',*,*,#137510,.T.);
#137760=ORIENTED_EDGE('',*,*,#134800,.T.);
#137770=EDGE_LOOP('',(#137760,#137750,#137740,#137730));
#137780=FACE_OUTER_BOUND('',#137770,.T.);
#137790=ADVANCED_FACE('',(#137780),#137670,.T.);
#137800=CARTESIAN_POINT('',(-1.02154053392281,0.249999999999999,
-3.49118081014411));
#137810=DIRECTION('',(0.,1.,0.));
#137820=DIRECTION('',(1.,-0.,0.));
#137830=AXIS2_PLACEMENT_3D('',#137800,#137810,#137820);
#137840=PLANE('',#137830);
#137850=ORIENTED_EDGE('',*,*,#137580,.F.);
#137860=ORIENTED_EDGE('',*,*,#136920,.T.);
#137870=ORIENTED_EDGE('',*,*,#8470,.F.);
#137880=ORIENTED_EDGE('',*,*,#134950,.T.);
#137890=EDGE_LOOP('',(#137880,#137870,#137860,#137850));
#137900=FACE_OUTER_BOUND('',#137890,.T.);
#137910=ADVANCED_FACE('',(#137900),#137840,.T.);
#137920=CARTESIAN_POINT('',(-1.48554053392281,0.099999999999999,
-3.49118081014411));
#137930=DIRECTION('',(0.,1.,0.));
#137940=DIRECTION('',(1.,-0.,0.));
#137950=AXIS2_PLACEMENT_3D('',#137920,#137930,#137940);
#137960=PLANE('',#137950);
#137970=ORIENTED_EDGE('',*,*,#133590,.T.);
#137980=ORIENTED_EDGE('',*,*,#137240,.T.);
#137990=CARTESIAN_POINT('',(-1.21903738392281,0.099999999999999,
-3.49493396014411));
#138000=DIRECTION('',(0.,0.,-1.));
#138010=VECTOR('',#138000,1.);
#138020=LINE('',#137990,#138010);
#138030=EDGE_CURVE('',#134620,#137170,#138020,.T.);
#138040=ORIENTED_EDGE('',*,*,#138030,.T.);
#138050=ORIENTED_EDGE('',*,*,#134630,.T.);
#138060=EDGE_LOOP('',(#138050,#138040,#137980,#137970));
#138070=FACE_OUTER_BOUND('',#138060,.T.);
#138080=ADVANCED_FACE('',(#138070),#137960,.T.);
#138090=CARTESIAN_POINT('',(-1.21903738392281,0.149999999999998,
-3.49112096014411));
#138100=DIRECTION('',(0.,0.,-1.));
#138110=DIRECTION('',(-1.,0.,-0.));
#138120=AXIS2_PLACEMENT_3D('',#138090,#138100,#138110);
#138130=CYLINDRICAL_SURFACE('',#138120,0.0499999999999988);
#138140=ORIENTED_EDGE('',*,*,#137180,.F.);
#138150=ORIENTED_EDGE('',*,*,#137720,.T.);
#138160=ORIENTED_EDGE('',*,*,#134720,.T.);
#138170=ORIENTED_EDGE('',*,*,#138030,.F.);
#138180=EDGE_LOOP('',(#138170,#138160,#138150,#138140));
#138190=FACE_OUTER_BOUND('',#138180,.T.);
#138200=ADVANCED_FACE('',(#138190),#138130,.F.);
#138210=CARTESIAN_POINT('',(-1.21253423392281,0.,-3.49118081014411));
#138220=DIRECTION('',(0.,-1.,0.));
#138230=DIRECTION('',(-1.,-0.,0.));
#138240=AXIS2_PLACEMENT_3D('',#138210,#138220,#138230);
#138250=PLANE('',#138240);
#138260=ORIENTED_EDGE('',*,*,#134540,.T.);
#138270=ORIENTED_EDGE('',*,*,#134230,.F.);
#138280=ORIENTED_EDGE('',*,*,#137310,.T.);
#138290=ORIENTED_EDGE('',*,*,#133750,.T.);
#138300=EDGE_LOOP('',(#138290,#138280,#138270,#138260));
#138310=FACE_OUTER_BOUND('',#138300,.T.);
#138320=ADVANCED_FACE('',(#138310),#138250,.T.);
#138330=CARTESIAN_POINT('',(-1.01903738392281,0.0999999999999943,
-3.09112096014412));
#138340=DIRECTION('',(0.,0.,-1.));
#138350=DIRECTION('',(-1.,0.,-0.));
#138360=AXIS2_PLACEMENT_3D('',#138330,#138340,#138350);
#138370=CYLINDRICAL_SURFACE('',#138360,0.0500000000000045);
#138380=ORIENTED_EDGE('',*,*,#131560,.F.);
#138390=ORIENTED_EDGE('',*,*,#130220,.T.);
#138400=ORIENTED_EDGE('',*,*,#132050,.T.);
#138410=ORIENTED_EDGE('',*,*,#107860,.F.);
#138420=EDGE_LOOP('',(#138410,#138400,#138390,#138380));
#138430=FACE_OUTER_BOUND('',#138420,.T.);
#138440=ADVANCED_FACE('',(#138430),#138370,.F.);
#138450=CARTESIAN_POINT('',(-1.01903738392281,0.0999999999999981,
-2.69116296014411));
#138460=DIRECTION('',(0.,0.,-1.));
#138470=DIRECTION('',(-1.,0.,-0.));
#138480=AXIS2_PLACEMENT_3D('',#138450,#138460,#138470);
#138490=CYLINDRICAL_SURFACE('',#138480,0.150000000000001);
#138500=ORIENTED_EDGE('',*,*,#128450,.F.);
#138510=ORIENTED_EDGE('',*,*,#129860,.F.);
#138520=ORIENTED_EDGE('',*,*,#129400,.T.);
#138530=ORIENTED_EDGE('',*,*,#130010,.T.);
#138540=EDGE_LOOP('',(#138530,#138520,#138510,#138500));
#138550=FACE_OUTER_BOUND('',#138540,.T.);
#138560=ADVANCED_FACE('',(#138550),#138490,.T.);
#138570=CARTESIAN_POINT('',(-1.21253423392281,0.,-2.69118081014412));
#138580=DIRECTION('',(0.,-1.,0.));
#138590=DIRECTION('',(-1.,-0.,0.));
#138600=AXIS2_PLACEMENT_3D('',#138570,#138580,#138590);
#138610=PLANE('',#138600);
#138620=ORIENTED_EDGE('',*,*,#128030,.T.);
#138630=ORIENTED_EDGE('',*,*,#127450,.F.);
#138640=ORIENTED_EDGE('',*,*,#129600,.T.);
#138650=ORIENTED_EDGE('',*,*,#128770,.T.);
#138660=EDGE_LOOP('',(#138650,#138640,#138630,#138620));
#138670=FACE_OUTER_BOUND('',#138660,.T.);
#138680=ADVANCED_FACE('',(#138670),#138610,.T.);
#138690=CARTESIAN_POINT('',(-1.48554053392281,0.099999999999999,
-2.69118081014412));
#138700=DIRECTION('',(0.,1.,0.));
#138710=DIRECTION('',(1.,-0.,0.));
#138720=AXIS2_PLACEMENT_3D('',#138690,#138700,#138710);
#138730=PLANE('',#138720);
#138740=ORIENTED_EDGE('',*,*,#128680,.T.);
#138750=ORIENTED_EDGE('',*,*,#129530,.T.);
#138760=ORIENTED_EDGE('',*,*,#129150,.T.);
#138770=ORIENTED_EDGE('',*,*,#128190,.T.);
#138780=EDGE_LOOP('',(#138770,#138760,#138750,#138740));
#138790=FACE_OUTER_BOUND('',#138780,.T.);
#138800=ADVANCED_FACE('',(#138790),#138730,.T.);
#138810=CARTESIAN_POINT('',(-1.06256531333458,0.12463513235294,
-2.69118081014412));
#138820=DIRECTION('',(0.882352941176467,-0.470588235294124,0.));
#138830=DIRECTION('',(-0.470588235294124,-0.882352941176467,0.));
#138840=AXIS2_PLACEMENT_3D('',#138810,#138820,#138830);
#138850=PLANE('',#138840);
#138860=ORIENTED_EDGE('',*,*,#127700,.F.);
#138870=ORIENTED_EDGE('',*,*,#129670,.T.);
#138880=ORIENTED_EDGE('',*,*,#127300,.T.);
#138890=ORIENTED_EDGE('',*,*,#127940,.T.);
#138900=EDGE_LOOP('',(#138890,#138880,#138870,#138860));
#138910=FACE_OUTER_BOUND('',#138900,.T.);
#138920=ADVANCED_FACE('',(#138910),#138850,.T.);
#138930=CARTESIAN_POINT('',(-1.01903738392281,0.0999999999999994,
-2.29112096014411));
#138940=DIRECTION('',(0.,0.,-1.));
#138950=DIRECTION('',(-1.,0.,-0.));
#138960=AXIS2_PLACEMENT_3D('',#138930,#138940,#138950);
#138970=CYLINDRICAL_SURFACE('',#138960,0.0500000000000001);
#138980=CARTESIAN_POINT('',(-1.01903738392281,0.0999999999999994,
-2.44493396014412));
#138990=DIRECTION('',(-0.,-0.,1.));
#139000=DIRECTION('',(-1.,0.,-0.));
#139010=AXIS2_PLACEMENT_3D('',#138980,#138990,#139000);
#139020=CIRCLE('',#139010,0.0500000000000001);
#139030=EDGE_CURVE('',#108230,#125260,#139020,.T.);
#139040=ORIENTED_EDGE('',*,*,#139030,.F.);
#139050=ORIENTED_EDGE('',*,*,#125270,.T.);
#139060=ORIENTED_EDGE('',*,*,#125650,.T.);
#139070=ORIENTED_EDGE('',*,*,#108320,.F.);
#139080=EDGE_LOOP('',(#139070,#139060,#139050,#139040));
#139090=FACE_OUTER_BOUND('',#139080,.T.);
#139100=ADVANCED_FACE('',(#139090),#138970,.F.);
#139110=CARTESIAN_POINT('',(-0.905034233922811,-0.00625315000000093,
-2.44493396014412));
#139120=DIRECTION('',(0.,0.,-1.));
#139130=DIRECTION('',(-1.,0.,-0.));
#139140=AXIS2_PLACEMENT_3D('',#139110,#139120,#139130);
#139150=PLANE('',#139140);
#139160=ORIENTED_EDGE('',*,*,#126760,.F.);
#139170=ORIENTED_EDGE('',*,*,#127020,.F.);
#139180=CARTESIAN_POINT('',(-0.895704050589474,0.649999999999997,
-2.44493396014412));
#139190=DIRECTION('',(-0.470588235294128,-0.882352941176465,-0.));
#139200=VECTOR('',#139190,1.);
#139210=LINE('',#139180,#139200);
#139220=CARTESIAN_POINT('',(-1.17491973686399,0.126470588235293,
-2.44493396014412));
#139230=VERTEX_POINT('',#139220);
#139240=EDGE_CURVE('',#126940,#139230,#139210,.T.);
#139250=ORIENTED_EDGE('',*,*,#139240,.F.);
#139260=CARTESIAN_POINT('',(-1.21903738392281,0.149999999999998,
-2.44493396014412));
#139270=DIRECTION('',(-0.,-0.,1.));
#139280=DIRECTION('',(-1.,0.,-0.));
#139290=AXIS2_PLACEMENT_3D('',#139260,#139270,#139280);
#139300=CIRCLE('',#139290,0.0499999999999988);
#139310=EDGE_CURVE('',#124940,#139230,#139300,.T.);
#139320=ORIENTED_EDGE('',*,*,#139310,.T.);
#139330=ORIENTED_EDGE('',*,*,#124950,.F.);
#139340=CARTESIAN_POINT('',(-1.47903738392282,0.649999999999997,
-2.44493396014412));
#139350=DIRECTION('',(-0.,-1.,-0.));
#139360=VECTOR('',#139350,1.);
#139370=LINE('',#139340,#139360);
#139380=EDGE_CURVE('',#124840,#126470,#139370,.T.);
#139390=ORIENTED_EDGE('',*,*,#139380,.F.);
#139400=ORIENTED_EDGE('',*,*,#126480,.F.);
#139410=CARTESIAN_POINT('',(-1.21903738392281,0.150000000000001,
-2.44493396014412));
#139420=DIRECTION('',(-0.,-0.,1.));
#139430=DIRECTION('',(-1.,0.,0.));
#139440=AXIS2_PLACEMENT_3D('',#139410,#139420,#139430);
#139450=CIRCLE('',#139440,0.150000000000002);
#139460=EDGE_CURVE('',#126390,#125340,#139450,.T.);
#139470=ORIENTED_EDGE('',*,*,#139460,.F.);
#139480=ORIENTED_EDGE('',*,*,#125350,.F.);
#139490=ORIENTED_EDGE('',*,*,#139030,.T.);
#139500=ORIENTED_EDGE('',*,*,#108240,.F.);
#139510=ORIENTED_EDGE('',*,*,#7590,.T.);
#139520=EDGE_LOOP('',(#139510,#139500,#139490,#139480,#139470,#139400,
#139390,#139330,#139320,#139250,#139170,#139160));
#139530=FACE_OUTER_BOUND('',#139520,.T.);
#139540=ADVANCED_FACE('',(#139530),#139150,.T.);
#139550=CARTESIAN_POINT('',(-1.21903738392281,0.149999999999998,
-2.29112096014411));
#139560=DIRECTION('',(0.,0.,-1.));
#139570=DIRECTION('',(-1.,0.,-0.));
#139580=AXIS2_PLACEMENT_3D('',#139550,#139560,#139570);
#139590=CYLINDRICAL_SURFACE('',#139580,0.0499999999999988);
#139600=ORIENTED_EDGE('',*,*,#139310,.F.);
#139610=CARTESIAN_POINT('',(-1.17491973686399,0.126470588235293,
-2.29493396014411));
#139620=DIRECTION('',(0.,0.,-1.));
#139630=VECTOR('',#139620,1.);
#139640=LINE('',#139610,#139630);
#139650=EDGE_CURVE('',#125980,#139230,#139640,.T.);
#139660=ORIENTED_EDGE('',*,*,#139650,.T.);
#139670=ORIENTED_EDGE('',*,*,#125990,.T.);
#139680=ORIENTED_EDGE('',*,*,#125030,.F.);
#139690=EDGE_LOOP('',(#139680,#139670,#139660,#139600));
#139700=FACE_OUTER_BOUND('',#139690,.T.);
#139710=ADVANCED_FACE('',(#139700),#139590,.F.);
#139720=CARTESIAN_POINT('',(-1.17550945451105,0.125364867647058,
-2.29118081014412));
#139730=DIRECTION('',(-0.882352941176465,0.470588235294128,0.));
#139740=DIRECTION('',(0.470588235294128,0.882352941176465,0.));
#139750=AXIS2_PLACEMENT_3D('',#139720,#139730,#139740);
#139760=PLANE('',#139750);
#139770=ORIENTED_EDGE('',*,*,#139650,.F.);
#139780=ORIENTED_EDGE('',*,*,#139240,.T.);
#139790=ORIENTED_EDGE('',*,*,#126950,.T.);
#139800=ORIENTED_EDGE('',*,*,#126070,.T.);
#139810=EDGE_LOOP('',(#139800,#139790,#139780,#139770));
#139820=FACE_OUTER_BOUND('',#139810,.T.);
#139830=ADVANCED_FACE('',(#139820),#139760,.T.);
#139840=CARTESIAN_POINT('',(-1.47903738392282,-0.00250315000000101,
-2.29118081014412));
#139850=DIRECTION('',(-1.,0.,0.));
#139860=DIRECTION('',(0.,1.,0.));
#139870=AXIS2_PLACEMENT_3D('',#139840,#139850,#139860);
#139880=PLANE('',#139870);
#139890=ORIENTED_EDGE('',*,*,#124870,.F.);
#139900=ORIENTED_EDGE('',*,*,#125890,.T.);
#139910=ORIENTED_EDGE('',*,*,#126540,.F.);
#139920=ORIENTED_EDGE('',*,*,#139380,.T.);
#139930=EDGE_LOOP('',(#139920,#139910,#139900,#139890));
#139940=FACE_OUTER_BOUND('',#139930,.T.);
#139950=ADVANCED_FACE('',(#139940),#139880,.T.);
#139960=CARTESIAN_POINT('',(-1.21903738392281,0.150000000000001,
-2.29116296014411));
#139970=DIRECTION('',(0.,0.,-1.));
#139980=DIRECTION('',(-1.,0.,-0.));
#139990=AXIS2_PLACEMENT_3D('',#139960,#139970,#139980);
#140000=CYLINDRICAL_SURFACE('',#139990,0.150000000000002);
#140010=ORIENTED_EDGE('',*,*,#125750,.F.);
#140020=ORIENTED_EDGE('',*,*,#125430,.F.);
#140030=ORIENTED_EDGE('',*,*,#139460,.T.);
#140040=ORIENTED_EDGE('',*,*,#126400,.T.);
#140050=EDGE_LOOP('',(#140040,#140030,#140020,#140010));
#140060=FACE_OUTER_BOUND('',#140050,.T.);
#140070=ADVANCED_FACE('',(#140060),#140000,.T.);
#140080=CARTESIAN_POINT('',(-1.06256531333458,0.12463513235294,
-1.89118081014412));
#140090=DIRECTION('',(0.882352941176467,-0.470588235294124,0.));
#140100=DIRECTION('',(-0.470588235294124,-0.882352941176467,0.));
#140110=AXIS2_PLACEMENT_3D('',#140080,#140090,#140100);
#140120=PLANE('',#140110);
#140130=ORIENTED_EDGE('',*,*,#124670,.F.);
#140140=CARTESIAN_POINT('',(-0.782370717256146,0.649999999999997,
-2.04493396014411));
#140150=DIRECTION('',(0.470588235294124,0.882352941176467,0.));
#140160=VECTOR('',#140150,1.);
#140170=LINE('',#140140,#140160);
#140180=CARTESIAN_POINT('',(-1.08668444274634,0.0794117647058811,
-2.04493396014411));
#140190=VERTEX_POINT('',#140180);
#140200=EDGE_CURVE('',#140190,#124600,#140170,.T.);
#140210=ORIENTED_EDGE('',*,*,#140200,.T.);
#140220=CARTESIAN_POINT('',(-1.08668444274634,0.0794117647058811,
-1.89493396014411));
#140230=DIRECTION('',(0.,0.,-1.));
#140240=VECTOR('',#140230,1.);
#140250=LINE('',#140220,#140240);
#140260=EDGE_CURVE('',#123860,#140190,#140250,.T.);
#140270=ORIENTED_EDGE('',*,*,#140260,.T.);
#140280=ORIENTED_EDGE('',*,*,#123870,.T.);
#140290=EDGE_LOOP('',(#140280,#140270,#140210,#140130));
#140300=FACE_OUTER_BOUND('',#140290,.T.);
#140310=ADVANCED_FACE('',(#140300),#140120,.T.);
#140320=CARTESIAN_POINT('',(-1.21903738392281,0.150000000000001,
-1.89116296014411));
#140330=DIRECTION('',(0.,0.,-1.));
#140340=DIRECTION('',(-1.,0.,-0.));
#140350=AXIS2_PLACEMENT_3D('',#140320,#140330,#140340);
#140360=CYLINDRICAL_SURFACE('',#140350,0.150000000000002);
#140370=ORIENTED_EDGE('',*,*,#123960,.F.);
#140380=ORIENTED_EDGE('',*,*,#140260,.F.);
#140390=CARTESIAN_POINT('',(-1.21903738392281,0.150000000000001,
-2.04493396014411));
#140400=DIRECTION('',(-0.,-0.,1.));
#140410=DIRECTION('',(-1.,0.,0.));
#140420=AXIS2_PLACEMENT_3D('',#140390,#140400,#140410);
#140430=CIRCLE('',#140420,0.150000000000002);
#140440=CARTESIAN_POINT('',(-1.21903738392281,-9.99200722162641E-16,
-2.04493396014411));
#140450=VERTEX_POINT('',#140440);
#140460=EDGE_CURVE('',#140450,#140190,#140430,.T.);
#140470=ORIENTED_EDGE('',*,*,#140460,.T.);
#140480=CARTESIAN_POINT('',(-1.21903738392281,-9.99200722162641E-16,
-1.89493396014411));
#140490=DIRECTION('',(0.,0.,-1.));
#140500=VECTOR('',#140490,1.);
#140510=LINE('',#140480,#140500);
#140520=EDGE_CURVE('',#123950,#140450,#140510,.T.);
#140530=ORIENTED_EDGE('',*,*,#140520,.T.);
#140540=EDGE_LOOP('',(#140530,#140470,#140380,#140370));
#140550=FACE_OUTER_BOUND('',#140540,.T.);
#140560=ADVANCED_FACE('',(#140550),#140360,.T.);
#140570=CARTESIAN_POINT('',(-1.47903738392282,-0.00250315000000101,
-1.89118081014412));
#140580=DIRECTION('',(-1.,0.,0.));
#140590=DIRECTION('',(0.,1.,0.));
#140600=AXIS2_PLACEMENT_3D('',#140570,#140580,#140590);
#140610=PLANE('',#140600);
#140620=CARTESIAN_POINT('',(-1.47903738392282,0.099999999999999,
-3.32993396014411));
#140630=DIRECTION('',(-0.,-0.,1.));
#140640=VECTOR('',#140630,1.);
#140650=LINE('',#140620,#140640);
#140660=CARTESIAN_POINT('',(-1.47903738392281,0.099999999999999,
-2.04493396014411));
#140670=VERTEX_POINT('',#140660);
#140680=EDGE_CURVE('',#140670,#124110,#140650,.T.);
#140690=ORIENTED_EDGE('',*,*,#140680,.F.);
#140700=ORIENTED_EDGE('',*,*,#124120,.T.);
#140710=CARTESIAN_POINT('',(-1.47903738392282,0.,-3.32993396014411));
#140720=DIRECTION('',(-0.,-0.,-1.));
#140730=VECTOR('',#140720,1.);
#140740=LINE('',#140710,#140730);
#140750=CARTESIAN_POINT('',(-1.47903738392282,0.,-2.04493396014411));
#140760=VERTEX_POINT('',#140750);
#140770=EDGE_CURVE('',#124030,#140760,#140740,.T.);
#140780=ORIENTED_EDGE('',*,*,#140770,.F.);
#140790=CARTESIAN_POINT('',(-1.47903738392282,0.649999999999997,
-2.04493396014411));
#140800=DIRECTION('',(0.,-1.,-0.));
#140810=VECTOR('',#140800,1.);
#140820=LINE('',#140790,#140810);
#140830=EDGE_CURVE('',#140670,#140760,#140820,.T.);
#140840=ORIENTED_EDGE('',*,*,#140830,.T.);
#140850=EDGE_LOOP('',(#140840,#140780,#140700,#140690));
#140860=FACE_OUTER_BOUND('',#140850,.T.);
#140870=ADVANCED_FACE('',(#140860),#140610,.T.);
#140880=CARTESIAN_POINT('',(-0.905034233922811,-0.00625315000000093,
-2.04493396014411));
#140890=DIRECTION('',(0.,0.,-1.));
#140900=DIRECTION('',(-1.,0.,-0.));
#140910=AXIS2_PLACEMENT_3D('',#140880,#140890,#140900);
#140920=PLANE('',#140910);
#140930=CARTESIAN_POINT('',(0.860962616077189,0.249999999999999,
-2.04493396014411));
#140940=DIRECTION('',(-1.,0.,-0.));
#140950=VECTOR('',#140940,1.);
#140960=LINE('',#140930,#140950);
#140970=CARTESIAN_POINT('',(-1.01903738392281,0.249999999999999,
-2.04493396014411));
#140980=VERTEX_POINT('',#140970);
#140990=EDGE_CURVE('',#7180,#140980,#140960,.T.);
#141000=ORIENTED_EDGE('',*,*,#140990,.F.);
#141010=CARTESIAN_POINT('',(-1.01903738392281,0.100000000000001,
-2.04493396014411));
#141020=DIRECTION('',(-0.,-0.,1.));
#141030=DIRECTION('',(-1.,0.,0.));
#141040=AXIS2_PLACEMENT_3D('',#141010,#141020,#141030);
#141050=CIRCLE('',#141040,0.149999999999998);
#141060=EDGE_CURVE('',#140980,#123460,#141050,.T.);
#141070=ORIENTED_EDGE('',*,*,#141060,.F.);
#141080=ORIENTED_EDGE('',*,*,#123470,.F.);
#141090=CARTESIAN_POINT('',(-1.21903738392281,0.149999999999998,
-2.04493396014411));
#141100=DIRECTION('',(-0.,-0.,1.));
#141110=DIRECTION('',(-1.,0.,-0.));
#141120=AXIS2_PLACEMENT_3D('',#141090,#141100,#141110);
#141130=CIRCLE('',#141120,0.0499999999999988);
#141140=CARTESIAN_POINT('',(-1.21903738392281,0.099999999999999,
-2.04493396014411));
#141150=VERTEX_POINT('',#141140);
#141160=EDGE_CURVE('',#141150,#123380,#141130,.T.);
#141170=ORIENTED_EDGE('',*,*,#141160,.T.);
#141180=CARTESIAN_POINT('',(0.860962616077189,0.099999999999999,
-2.04493396014411));
#141190=DIRECTION('',(-1.,0.,-0.));
#141200=VECTOR('',#141190,1.);
#141210=LINE('',#141180,#141200);
#141220=EDGE_CURVE('',#141150,#140670,#141210,.T.);
#141230=ORIENTED_EDGE('',*,*,#141220,.F.);
#141240=ORIENTED_EDGE('',*,*,#140830,.F.);
#141250=CARTESIAN_POINT('',(0.860962616077189,0.,-2.04493396014411));
#141260=DIRECTION('',(1.,0.,-0.));
#141270=VECTOR('',#141260,1.);
#141280=LINE('',#141250,#141270);
#141290=EDGE_CURVE('',#140760,#140450,#141280,.T.);
#141300=ORIENTED_EDGE('',*,*,#141290,.F.);
#141310=ORIENTED_EDGE('',*,*,#140460,.F.);
#141320=ORIENTED_EDGE('',*,*,#140200,.F.);
#141330=ORIENTED_EDGE('',*,*,#124610,.T.);
#141340=ORIENTED_EDGE('',*,*,#108470,.F.);
#141350=ORIENTED_EDGE('',*,*,#7270,.T.);
#141360=EDGE_LOOP('',(#141350,#141340,#141330,#141320,#141310,#141300,
#141240,#141230,#141170,#141080,#141070,#141000));
#141370=FACE_OUTER_BOUND('',#141360,.T.);
#141380=ADVANCED_FACE('',(#141370),#140920,.T.);
#141390=CARTESIAN_POINT('',(-1.48554053392281,0.099999999999999,
-1.89118081014412));
#141400=DIRECTION('',(0.,1.,0.));
#141410=DIRECTION('',(1.,-0.,0.));
#141420=AXIS2_PLACEMENT_3D('',#141390,#141400,#141410);
#141430=PLANE('',#141420);
#141440=ORIENTED_EDGE('',*,*,#140680,.T.);
#141450=ORIENTED_EDGE('',*,*,#141220,.T.);
#141460=CARTESIAN_POINT('',(-1.21903738392281,0.099999999999999,
-1.89493396014411));
#141470=DIRECTION('',(0.,0.,-1.));
#141480=VECTOR('',#141470,1.);
#141490=LINE('',#141460,#141480);
#141500=EDGE_CURVE('',#124190,#141150,#141490,.T.);
#141510=ORIENTED_EDGE('',*,*,#141500,.T.);
#141520=ORIENTED_EDGE('',*,*,#124200,.T.);
#141530=EDGE_LOOP('',(#141520,#141510,#141450,#141440));
#141540=FACE_OUTER_BOUND('',#141530,.T.);
#141550=ADVANCED_FACE('',(#141540),#141430,.T.);
#141560=CARTESIAN_POINT('',(-1.02154053392281,0.249999999999999,
-1.89118081014412));
#141570=DIRECTION('',(0.,1.,0.));
#141580=DIRECTION('',(1.,-0.,0.));
#141590=AXIS2_PLACEMENT_3D('',#141560,#141570,#141580);
#141600=PLANE('',#141590);
#141610=CARTESIAN_POINT('',(-1.01903738392281,0.249999999999999,
-1.89493396014411));
#141620=DIRECTION('',(0.,0.,-1.));
#141630=VECTOR('',#141620,1.);
#141640=LINE('',#141610,#141630);
#141650=EDGE_CURVE('',#124360,#140980,#141640,.T.);
#141660=ORIENTED_EDGE('',*,*,#141650,.F.);
#141670=ORIENTED_EDGE('',*,*,#140990,.T.);
#141680=ORIENTED_EDGE('',*,*,#7190,.F.);
#141690=ORIENTED_EDGE('',*,*,#124430,.T.);
#141700=EDGE_LOOP('',(#141690,#141680,#141670,#141660));
#141710=FACE_OUTER_BOUND('',#141700,.T.);
#141720=ADVANCED_FACE('',(#141710),#141600,.T.);
#141730=CARTESIAN_POINT('',(-1.01903738392281,0.100000000000001,
-1.89116296014411));
#141740=DIRECTION('',(0.,0.,-1.));
#141750=DIRECTION('',(-1.,0.,-0.));
#141760=AXIS2_PLACEMENT_3D('',#141730,#141740,#141750);
#141770=CYLINDRICAL_SURFACE('',#141760,0.149999999999998);
#141780=ORIENTED_EDGE('',*,*,#124370,.F.);
#141790=ORIENTED_EDGE('',*,*,#123550,.F.);
#141800=ORIENTED_EDGE('',*,*,#141060,.T.);
#141810=ORIENTED_EDGE('',*,*,#141650,.T.);
#141820=EDGE_LOOP('',(#141810,#141800,#141790,#141780));
#141830=FACE_OUTER_BOUND('',#141820,.T.);
#141840=ADVANCED_FACE('',(#141830),#141770,.T.);
#141850=CARTESIAN_POINT('',(-1.21903738392281,0.149999999999998,
-1.89112096014411));
#141860=DIRECTION('',(0.,0.,-1.));
#141870=DIRECTION('',(-1.,0.,-0.));
#141880=AXIS2_PLACEMENT_3D('',#141850,#141860,#141870);
#141890=CYLINDRICAL_SURFACE('',#141880,0.0499999999999988);
#141900=ORIENTED_EDGE('',*,*,#141160,.F.);
#141910=ORIENTED_EDGE('',*,*,#123390,.T.);
#141920=ORIENTED_EDGE('',*,*,#124270,.T.);
#141930=ORIENTED_EDGE('',*,*,#141500,.F.);
#141940=EDGE_LOOP('',(#141930,#141920,#141910,#141900));
#141950=FACE_OUTER_BOUND('',#141940,.T.);
#141960=ADVANCED_FACE('',(#141950),#141890,.F.);
#141970=CARTESIAN_POINT('',(-1.21253423392281,0.,-1.89118081014412));
#141980=DIRECTION('',(0.,-1.,0.));
#141990=DIRECTION('',(-1.,-0.,0.));
#142000=AXIS2_PLACEMENT_3D('',#141970,#141980,#141990);
#142010=PLANE('',#142000);
#142020=ORIENTED_EDGE('',*,*,#124040,.T.);
#142030=ORIENTED_EDGE('',*,*,#140520,.F.);
#142040=ORIENTED_EDGE('',*,*,#141290,.T.);
#142050=ORIENTED_EDGE('',*,*,#140770,.T.);
#142060=EDGE_LOOP('',(#142050,#142040,#142030,#142020));
#142070=FACE_OUTER_BOUND('',#142060,.T.);
#142080=ADVANCED_FACE('',(#142070),#142010,.T.);
#142090=CARTESIAN_POINT('',(-1.01903738392281,0.0999999999999994,
-1.49112096014412));
#142100=DIRECTION('',(0.,0.,-1.));
#142110=DIRECTION('',(-1.,0.,-0.));
#142120=AXIS2_PLACEMENT_3D('',#142090,#142100,#142110);
#142130=CYLINDRICAL_SURFACE('',#142120,0.0500000000000001);
#142140=ORIENTED_EDGE('',*,*,#121370,.F.);
#142150=ORIENTED_EDGE('',*,*,#120020,.T.);
#142160=ORIENTED_EDGE('',*,*,#121550,.T.);
#142170=ORIENTED_EDGE('',*,*,#108780,.F.);
#142180=EDGE_LOOP('',(#142170,#142160,#142150,#142140));
#142190=FACE_OUTER_BOUND('',#142180,.T.);
#142200=ADVANCED_FACE('',(#142190),#142130,.F.);
#142210=CARTESIAN_POINT('',(-1.01903738392281,0.0999999999999994,
-1.09112096014412));
#142220=DIRECTION('',(0.,0.,-1.));
#142230=DIRECTION('',(-1.,0.,-0.));
#142240=AXIS2_PLACEMENT_3D('',#142210,#142220,#142230);
#142250=CYLINDRICAL_SURFACE('',#142240,0.0500000000000001);
#142260=ORIENTED_EDGE('',*,*,#119580,.F.);
#142270=CARTESIAN_POINT('',(-1.06315503098164,0.123529411764705,
-1.09493396014412));
#142280=DIRECTION('',(0.,0.,-1.));
#142290=VECTOR('',#142280,1.);
#142300=LINE('',#142270,#142290);
#142310=CARTESIAN_POINT('',(-1.06315503098164,0.123529411764705,
-1.09493396014412));
#142320=VERTEX_POINT('',#142310);
#142330=EDGE_CURVE('',#142320,#119500,#142300,.T.);
#142340=ORIENTED_EDGE('',*,*,#142330,.T.);
#142350=CARTESIAN_POINT('',(-1.01903738392281,0.0999999999999994,
-1.09493396014412));
#142360=DIRECTION('',(-0.,-0.,1.));
#142370=DIRECTION('',(-1.,0.,-0.));
#142380=AXIS2_PLACEMENT_3D('',#142350,#142360,#142370);
#142390=CIRCLE('',#142380,0.0500000000000001);
#142400=EDGE_CURVE('',#109000,#142320,#142390,.T.);
#142410=ORIENTED_EDGE('',*,*,#142400,.T.);
#142420=ORIENTED_EDGE('',*,*,#109010,.F.);
#142430=EDGE_LOOP('',(#142420,#142410,#142340,#142260));
#142440=FACE_OUTER_BOUND('',#142430,.T.);
#142450=ADVANCED_FACE('',(#142440),#142250,.F.);
#142460=CARTESIAN_POINT('',(-1.49304053392282,-0.00625315000000093,
-1.09493396014412));
#142470=DIRECTION('',(0.,0.,1.));
#142480=DIRECTION('',(1.,0.,-0.));
#142490=AXIS2_PLACEMENT_3D('',#142460,#142470,#142480);
#142500=PLANE('',#142490);
#142510=ORIENTED_EDGE('',*,*,#109070,.F.);
#142520=ORIENTED_EDGE('',*,*,#142400,.F.);
#142530=CARTESIAN_POINT('',(-0.782370717256146,0.649999999999997,
-1.09493396014412));
#142540=DIRECTION('',(-0.470588235294125,-0.882352941176467,-0.));
#142550=VECTOR('',#142540,1.);
#142560=LINE('',#142530,#142550);
#142570=CARTESIAN_POINT('',(-1.08668444274634,0.0794117647058811,
-1.09493396014412));
#142580=VERTEX_POINT('',#142570);
#142590=EDGE_CURVE('',#142320,#142580,#142560,.T.);
#142600=ORIENTED_EDGE('',*,*,#142590,.F.);
#142610=CARTESIAN_POINT('',(-1.21903738392281,0.149999999999999,
-1.09493396014412));
#142620=DIRECTION('',(-0.,-0.,1.));
#142630=DIRECTION('',(-1.,0.,0.));
#142640=AXIS2_PLACEMENT_3D('',#142610,#142620,#142630);
#142650=CIRCLE('',#142640,0.149999999999999);
#142660=EDGE_CURVE('',#119750,#142580,#142650,.T.);
#142670=ORIENTED_EDGE('',*,*,#142660,.T.);
#142680=ORIENTED_EDGE('',*,*,#119760,.F.);
#142690=ORIENTED_EDGE('',*,*,#118730,.F.);
#142700=CARTESIAN_POINT('',(0.860962616077189,0.099999999999999,
-1.09493396014412));
#142710=DIRECTION('',(1.,-0.,-0.));
#142720=VECTOR('',#142710,1.);
#142730=LINE('',#142700,#142720);
#142740=EDGE_CURVE('',#118640,#118400,#142730,.T.);
#142750=ORIENTED_EDGE('',*,*,#142740,.F.);
#142760=ORIENTED_EDGE('',*,*,#118410,.F.);
#142770=CARTESIAN_POINT('',(-0.895704050589468,0.649999999999997,
-1.09493396014412));
#142780=DIRECTION('',(0.470588235294136,0.882352941176461,-0.));
#142790=VECTOR('',#142780,1.);
#142800=LINE('',#142770,#142790);
#142810=CARTESIAN_POINT('',(-1.15139032509928,0.170588235294116,
-1.09493396014412));
#142820=VERTEX_POINT('',#142810);
#142830=EDGE_CURVE('',#118310,#142820,#142800,.T.);
#142840=ORIENTED_EDGE('',*,*,#142830,.F.);
#142850=CARTESIAN_POINT('',(-1.01903738392281,0.099999999999999,
-1.09493396014412));
#142860=DIRECTION('',(-0.,-0.,1.));
#142870=DIRECTION('',(-1.,0.,0.));
#142880=AXIS2_PLACEMENT_3D('',#142850,#142860,#142870);
#142890=CIRCLE('',#142880,0.150000000000001);
#142900=CARTESIAN_POINT('',(-1.01903738392281,0.249999999999999,
-1.09493396014412));
#142910=VERTEX_POINT('',#142900);
#142920=EDGE_CURVE('',#142910,#142820,#142890,.T.);
#142930=ORIENTED_EDGE('',*,*,#142920,.T.);
#142940=CARTESIAN_POINT('',(0.860962616077189,0.249999999999999,
-1.09493396014412));
#142950=DIRECTION('',(1.,-0.,-0.));
#142960=VECTOR('',#142950,1.);
#142970=LINE('',#142940,#142960);
#142980=EDGE_CURVE('',#142910,#6460,#142970,.T.);
#142990=ORIENTED_EDGE('',*,*,#142980,.F.);
#143000=ORIENTED_EDGE('',*,*,#6470,.T.);
#143010=EDGE_LOOP('',(#143000,#142990,#142930,#142840,#142760,#142750,
#142690,#142680,#142670,#142600,#142520,#142510));
#143020=FACE_OUTER_BOUND('',#143010,.T.);
#143030=ADVANCED_FACE('',(#143020),#142500,.T.);
#143040=CARTESIAN_POINT('',(-1.21903738392281,0.149999999999999,
-1.09116296014412));
#143050=DIRECTION('',(0.,0.,-1.));
#143060=DIRECTION('',(-1.,0.,-0.));
#143070=AXIS2_PLACEMENT_3D('',#143040,#143050,#143060);
#143080=CYLINDRICAL_SURFACE('',#143070,0.149999999999999);
#143090=ORIENTED_EDGE('',*,*,#142660,.F.);
#143100=CARTESIAN_POINT('',(-1.08668444274634,0.0794117647058811,
-1.09493396014412));
#143110=DIRECTION('',(0.,0.,-1.));
#143120=VECTOR('',#143110,1.);
#143130=LINE('',#143100,#143120);
#143140=EDGE_CURVE('',#142580,#119420,#143130,.T.);
#143150=ORIENTED_EDGE('',*,*,#143140,.F.);
#143160=ORIENTED_EDGE('',*,*,#119430,.T.);
#143170=ORIENTED_EDGE('',*,*,#119820,.T.);
#143180=EDGE_LOOP('',(#143170,#143160,#143150,#143090));
#143190=FACE_OUTER_BOUND('',#143180,.T.);
#143200=ADVANCED_FACE('',(#143190),#143080,.T.);
#143210=CARTESIAN_POINT('',(-1.02154053392281,0.249999999999999,
-1.09118081014411));
#143220=DIRECTION('',(0.,1.,0.));
#143230=DIRECTION('',(1.,-0.,0.));
#143240=AXIS2_PLACEMENT_3D('',#143210,#143220,#143230);
#143250=PLANE('',#143240);
#143260=CARTESIAN_POINT('',(-1.01903738392281,0.249999999999999,
-1.09493396014412));
#143270=DIRECTION('',(0.,0.,-1.));
#143280=VECTOR('',#143270,1.);
#143290=LINE('',#143260,#143280);
#143300=EDGE_CURVE('',#142910,#119020,#143290,.T.);
#143310=ORIENTED_EDGE('',*,*,#143300,.F.);
#143320=ORIENTED_EDGE('',*,*,#119030,.T.);
#143330=ORIENTED_EDGE('',*,*,#6550,.F.);
#143340=ORIENTED_EDGE('',*,*,#142980,.T.);
#143350=EDGE_LOOP('',(#143340,#143330,#143320,#143310));
#143360=FACE_OUTER_BOUND('',#143350,.T.);
#143370=ADVANCED_FACE('',(#143360),#143250,.T.);
#143380=CARTESIAN_POINT('',(-1.17550945451105,0.125364867647058,
-1.09118081014411));
#143390=DIRECTION('',(-0.882352941176461,0.470588235294136,0.));
#143400=DIRECTION('',(0.470588235294136,0.882352941176461,0.));
#143410=AXIS2_PLACEMENT_3D('',#143380,#143390,#143400);
#143420=PLANE('',#143410);
#143430=ORIENTED_EDGE('',*,*,#118320,.F.);
#143440=ORIENTED_EDGE('',*,*,#119180,.T.);
#143450=CARTESIAN_POINT('',(-1.15139032509928,0.170588235294116,
-1.09493396014412));
#143460=DIRECTION('',(0.,0.,-1.));
#143470=VECTOR('',#143460,1.);
#143480=LINE('',#143450,#143470);
#143490=EDGE_CURVE('',#142820,#119110,#143480,.T.);
#143500=ORIENTED_EDGE('',*,*,#143490,.T.);
#143510=ORIENTED_EDGE('',*,*,#142830,.T.);
#143520=EDGE_LOOP('',(#143510,#143500,#143440,#143430));
#143530=FACE_OUTER_BOUND('',#143520,.T.);
#143540=ADVANCED_FACE('',(#143530),#143420,.T.);
#143550=CARTESIAN_POINT('',(-1.01903738392281,0.099999999999999,
-1.09116296014411));
#143560=DIRECTION('',(0.,0.,-1.));
#143570=DIRECTION('',(-1.,0.,-0.));
#143580=AXIS2_PLACEMENT_3D('',#143550,#143560,#143570);
#143590=CYLINDRICAL_SURFACE('',#143580,0.150000000000001);
#143600=ORIENTED_EDGE('',*,*,#142920,.F.);
#143610=ORIENTED_EDGE('',*,*,#143490,.F.);
#143620=ORIENTED_EDGE('',*,*,#119120,.T.);
#143630=ORIENTED_EDGE('',*,*,#143300,.T.);
#143640=EDGE_LOOP('',(#143630,#143620,#143610,#143600));
#143650=FACE_OUTER_BOUND('',#143640,.T.);
#143660=ADVANCED_FACE('',(#143650),#143590,.T.);
#143670=CARTESIAN_POINT('',(-1.48554053392281,0.099999999999999,
-1.09118081014411));
#143680=DIRECTION('',(0.,1.,0.));
#143690=DIRECTION('',(1.,-0.,0.));
#143700=AXIS2_PLACEMENT_3D('',#143670,#143680,#143690);
#143710=PLANE('',#143700);
#143720=ORIENTED_EDGE('',*,*,#118650,.T.);
#143730=ORIENTED_EDGE('',*,*,#119250,.T.);
#143740=ORIENTED_EDGE('',*,*,#118470,.T.);
#143750=ORIENTED_EDGE('',*,*,#142740,.T.);
#143760=EDGE_LOOP('',(#143750,#143740,#143730,#143720));
#143770=FACE_OUTER_BOUND('',#143760,.T.);
#143780=ADVANCED_FACE('',(#143770),#143710,.T.);
#143790=CARTESIAN_POINT('',(-1.06256531333458,0.12463513235294,
-1.09118081014411));
#143800=DIRECTION('',(0.882352941176467,-0.470588235294125,0.));
#143810=DIRECTION('',(-0.470588235294125,-0.882352941176467,0.));
#143820=AXIS2_PLACEMENT_3D('',#143790,#143800,#143810);
#143830=PLANE('',#143820);
#143840=ORIENTED_EDGE('',*,*,#142330,.F.);
#143850=ORIENTED_EDGE('',*,*,#119510,.T.);
#143860=ORIENTED_EDGE('',*,*,#143140,.T.);
#143870=ORIENTED_EDGE('',*,*,#142590,.T.);
#143880=EDGE_LOOP('',(#143870,#143860,#143850,#143840));
#143890=FACE_OUTER_BOUND('',#143880,.T.);
#143900=ADVANCED_FACE('',(#143890),#143830,.T.);
#143910=CARTESIAN_POINT('',(-1.01903738392281,0.0999999999999994,
-0.691120960144116));
#143920=DIRECTION('',(0.,0.,-1.));
#143930=DIRECTION('',(-1.,0.,-0.));
#143940=AXIS2_PLACEMENT_3D('',#143910,#143920,#143930);
#143950=CYLINDRICAL_SURFACE('',#143940,0.0500000000000001);
#143960=ORIENTED_EDGE('',*,*,#116670,.F.);
#143970=ORIENTED_EDGE('',*,*,#117730,.T.);
#143980=ORIENTED_EDGE('',*,*,#114530,.T.);
#143990=ORIENTED_EDGE('',*,*,#109240,.F.);
#144000=EDGE_LOOP('',(#143990,#143980,#143970,#143960));
#144010=FACE_OUTER_BOUND('',#144000,.T.);
#144020=ADVANCED_FACE('',(#144010),#143950,.F.);
#144030=CARTESIAN_POINT('',(1.49746576607719,0.,-3.49118081014411));
#144040=DIRECTION('',(0.,-1.,0.));
#144050=DIRECTION('',(-1.,-0.,0.));
#144060=AXIS2_PLACEMENT_3D('',#144030,#144040,#144050);
#144070=PLANE('',#144060);
#144080=ORIENTED_EDGE('',*,*,#136140,.F.);
#144090=ORIENTED_EDGE('',*,*,#105420,.T.);
#144100=CARTESIAN_POINT('',(0.860962616077189,0.,-3.49493396014411));
#144110=DIRECTION('',(1.,-0.,-0.));
#144120=VECTOR('',#144110,1.);
#144130=LINE('',#144100,#144120);
#144140=CARTESIAN_POINT('',(1.49096261607719,0.,-3.49493396014411));
#144150=VERTEX_POINT('',#144140);
#144160=EDGE_CURVE('',#105390,#144150,#144130,.T.);
#144170=ORIENTED_EDGE('',*,*,#144160,.F.);
#144180=CARTESIAN_POINT('',(1.49096261607719,0.,-3.32993396014411));
#144190=DIRECTION('',(0.,-0.,-1.));
#144200=VECTOR('',#144190,1.);
#144210=LINE('',#144180,#144200);
#144220=EDGE_CURVE('',#144150,#136130,#144210,.T.);
#144230=ORIENTED_EDGE('',*,*,#144220,.F.);
#144240=EDGE_LOOP('',(#144230,#144170,#144090,#144080));
#144250=FACE_OUTER_BOUND('',#144240,.T.);
#144260=ADVANCED_FACE('',(#144250),#144070,.T.);
#144270=CARTESIAN_POINT('',(0.405962616077187,1.14500315,
-3.60167499619063));
#144280=DIRECTION('',(1.,0.,0.));
#144290=DIRECTION('',(0.,-1.,0.));
#144300=AXIS2_PLACEMENT_3D('',#144270,#144280,#144290);
#144310=PLANE('',#144300);
#144320=CARTESIAN_POINT('',(0.405962616077187,0.649999999999997,
-3.73993396014412));
#144330=DIRECTION('',(-0.,1.,-0.));
#144340=VECTOR('',#144330,1.);
#144350=LINE('',#144320,#144340);
#144360=CARTESIAN_POINT('',(0.405962616077187,0.939999999999998,
-3.73993396014412));
#144370=VERTEX_POINT('',#144360);
#144380=EDGE_CURVE('',#144370,#64060,#144350,.T.);
#144390=ORIENTED_EDGE('',*,*,#144380,.T.);
#144400=CARTESIAN_POINT('',(0.405962616077187,0.939999999999999,
-3.32993396014411));
#144410=DIRECTION('',(0.,-0.,1.));
#144420=VECTOR('',#144410,1.);
#144430=LINE('',#144400,#144420);
#144440=CARTESIAN_POINT('',(0.405962616077187,0.939999999999998,
-3.60505023921388));
#144450=VERTEX_POINT('',#144440);
#144460=EDGE_CURVE('',#144370,#144450,#144430,.T.);
#144470=ORIENTED_EDGE('',*,*,#144460,.F.);
#144480=CARTESIAN_POINT('',(0.405962616077187,0.649999999999997,
-3.55446884386504));
#144490=DIRECTION('',(-0.,0.985127563031391,-0.171824574947334));
#144500=VECTOR('',#144490,1.);
#144510=LINE('',#144480,#144500);
#144520=EDGE_CURVE('',#144450,#64160,#144510,.T.);
#144530=ORIENTED_EDGE('',*,*,#144520,.F.);
#144540=ORIENTED_EDGE('',*,*,#64170,.F.);
#144550=EDGE_LOOP('',(#144540,#144530,#144470,#144390));
#144560=FACE_OUTER_BOUND('',#144550,.T.);
#144570=ADVANCED_FACE('',(#144560),#144310,.T.);
#144580=CARTESIAN_POINT('',(0.599215766077189,0.309429685488908,
-3.49506704482241));
#144590=DIRECTION('',(0.,0.171824574947334,0.985127563031391));
#144600=DIRECTION('',(0.,0.985127563031391,-0.171824574947334));
#144610=AXIS2_PLACEMENT_3D('',#144580,#144590,#144600);
#144620=PLANE('',#144610);
#144630=ORIENTED_EDGE('',*,*,#82540,.T.);
#144640=ORIENTED_EDGE('',*,*,#82380,.F.);
#144650=CARTESIAN_POINT('',(-0.558145037704691,0.329690525503155,
-3.49860091226676));
#144660=DIRECTION('',(1.,0.,0.));
#144670=VECTOR('',#144660,1.);
#144680=LINE('',#144650,#144670);
#144690=EDGE_CURVE('',#84790,#82240,#144680,.T.);
#144700=ORIENTED_EDGE('',*,*,#144690,.T.);
#144710=ORIENTED_EDGE('',*,*,#84800,.F.);
#144720=ORIENTED_EDGE('',*,*,#106610,.F.);
#144730=CARTESIAN_POINT('',(0.860962616077189,0.939999999999999,
-3.60505023921388));
#144740=DIRECTION('',(-1.,0.,0.));
#144750=VECTOR('',#144740,1.);
#144760=LINE('',#144730,#144750);
#144770=CARTESIAN_POINT('',(-0.394037383922811,0.939999999999998,
-3.60505023921388));
#144780=VERTEX_POINT('',#144770);
#144790=EDGE_CURVE('',#144780,#106540,#144760,.T.);
#144800=ORIENTED_EDGE('',*,*,#144790,.T.);
#144810=CARTESIAN_POINT('',(-0.394037383922811,0.649999999999997,
-3.55446884386504));
#144820=DIRECTION('',(-0.,0.985127563031391,-0.171824574947334));
#144830=VECTOR('',#144820,1.);
#144840=LINE('',#144810,#144830);
#144850=EDGE_CURVE('',#144780,#64240,#144840,.T.);
#144860=ORIENTED_EDGE('',*,*,#144850,.F.);
#144870=ORIENTED_EDGE('',*,*,#64250,.F.);
#144880=ORIENTED_EDGE('',*,*,#144520,.T.);
#144890=CARTESIAN_POINT('',(0.860962616077189,0.939999999999999,
-3.60505023921388));
#144900=DIRECTION('',(1.,-0.,-0.));
#144910=VECTOR('',#144900,1.);
#144920=LINE('',#144890,#144910);
#144930=EDGE_CURVE('',#144450,#82530,#144920,.T.);
#144940=ORIENTED_EDGE('',*,*,#144930,.F.);
#144950=EDGE_LOOP('',(#144940,#144880,#144870,#144860,#144800,#144720,
#144710,#144700,#144640,#144630));
#144960=FACE_OUTER_BOUND('',#144950,.T.);
#144970=ADVANCED_FACE('',(#144960),#144620,.T.);
#144980=CARTESIAN_POINT('',(1.09919939254778,0.0783060441176461,
-3.49118081014411));
#144990=DIRECTION('',(-0.882352941176466,-0.470588235294126,0.));
#145000=DIRECTION('',(-0.470588235294126,0.882352941176466,0.));
#145010=AXIS2_PLACEMENT_3D('',#144980,#144990,#145000);
#145020=PLANE('',#145010);
#145030=ORIENTED_EDGE('',*,*,#105590,.F.);
#145040=ORIENTED_EDGE('',*,*,#136050,.F.);
#145050=ORIENTED_EDGE('',*,*,#115530,.T.);
#145060=CARTESIAN_POINT('',(0.794295949410517,0.649999999999997,
-3.49493396014411));
#145070=DIRECTION('',(0.470588235294126,-0.882352941176466,-0.));
#145080=VECTOR('',#145070,1.);
#145090=LINE('',#145060,#145080);
#145100=EDGE_CURVE('',#115440,#105580,#145090,.T.);
#145110=ORIENTED_EDGE('',*,*,#145100,.F.);
#145120=EDGE_LOOP('',(#145110,#145050,#145040,#145030));
#145130=FACE_OUTER_BOUND('',#145120,.T.);
#145140=ADVANCED_FACE('',(#145130),#145020,.T.);
#145150=CARTESIAN_POINT('',(-0.587596323739935,0.339999999999994,
-3.43949325848488));
#145160=DIRECTION('',(1.,0.,0.));
#145170=DIRECTION('',(0.,-1.,0.));
#145180=AXIS2_PLACEMENT_3D('',#145150,#145160,#145170);
#145190=CYLINDRICAL_SURFACE('',#145180,0.0599999999999993);
#145200=ORIENTED_EDGE('',*,*,#82250,.T.);
#145210=ORIENTED_EDGE('',*,*,#79530,.T.);
#145220=ORIENTED_EDGE('',*,*,#85150,.F.);
#145230=ORIENTED_EDGE('',*,*,#144690,.F.);
#145240=EDGE_LOOP('',(#145230,#145220,#145210,#145200));
#145250=FACE_OUTER_BOUND('',#145240,.T.);
#145260=ADVANCED_FACE('',(#145250),#145190,.F.);
#145270=CARTESIAN_POINT('',(1.03096261607719,0.0999999999999981,
-3.09112096014412));
#145280=DIRECTION('',(0.,0.,-1.));
#145290=DIRECTION('',(-1.,0.,-0.));
#145300=AXIS2_PLACEMENT_3D('',#145270,#145280,#145290);
#145310=CYLINDRICAL_SURFACE('',#145300,0.0500000000000004);
#145320=ORIENTED_EDGE('',*,*,#41430,.T.);
#145330=ORIENTED_EDGE('',*,*,#112160,.F.);
#145340=ORIENTED_EDGE('',*,*,#113450,.F.);
#145350=ORIENTED_EDGE('',*,*,#113620,.T.);
#145360=EDGE_LOOP('',(#145350,#145340,#145330,#145320));
#145370=FACE_OUTER_BOUND('',#145360,.T.);
#145380=ADVANCED_FACE('',(#145370),#145310,.F.);
#145390=CARTESIAN_POINT('',(0.933464843463551,0.022746849999997,
-4.02743173275775));
#145400=DIRECTION('',(0.707106781186548,0.,-0.707106781186547));
#145410=DIRECTION('',(-0.707106781186547,0.,-0.707106781186548));
#145420=AXIS2_PLACEMENT_3D('',#145390,#145400,#145410);
#145430=PLANE('',#145420);
#145440=ORIENTED_EDGE('',*,*,#135510,.F.);
#145450=ORIENTED_EDGE('',*,*,#135880,.T.);
#145460=ORIENTED_EDGE('',*,*,#42590,.F.);
#145470=ORIENTED_EDGE('',*,*,#42120,.F.);
#145480=ORIENTED_EDGE('',*,*,#41810,.F.);
#145490=ORIENTED_EDGE('',*,*,#31540,.F.);
#145500=CARTESIAN_POINT('',(1.63096261607719,0.389999999999997,
-3.32993396014411));
#145510=DIRECTION('',(0.577350269189626,-0.577350269189626,
0.577350269189626));
#145520=VECTOR('',#145510,1.);
#145530=LINE('',#145500,#145520);
#145540=EDGE_CURVE('',#63900,#31430,#145530,.T.);
#145550=ORIENTED_EDGE('',*,*,#145540,.T.);
#145560=EDGE_LOOP('',(#145550,#145490,#145480,#145470,#145460,#145450,
#145440));
#145570=FACE_OUTER_BOUND('',#145560,.T.);
#145580=ADVANCED_FACE('',(#145570),#145430,.T.);
#145590=CARTESIAN_POINT('',(-0.716915533922811,0.934996849999998,
-3.73993396014412));
#145600=DIRECTION('',(0.,0.,1.));
#145610=DIRECTION('',(1.,0.,-0.));
#145620=AXIS2_PLACEMENT_3D('',#145590,#145600,#145610);
#145630=PLANE('',#145620);
#145640=CARTESIAN_POINT('',(-0.709037383922811,0.989999999999999,
-3.73993396014412));
#145650=DIRECTION('',(-0.,-0.,1.));
#145660=DIRECTION('',(-1.,0.,0.));
#145670=AXIS2_PLACEMENT_3D('',#145640,#145650,#145660);
#145680=CIRCLE('',#145670,0.15);
#145690=EDGE_CURVE('',#106720,#64400,#145680,.T.);
#145700=ORIENTED_EDGE('',*,*,#145690,.F.);
#145710=ORIENTED_EDGE('',*,*,#64410,.T.);
#145720=CARTESIAN_POINT('',(-0.394037383922811,0.649999999999997,
-3.73993396014412));
#145730=DIRECTION('',(-0.,-1.,0.));
#145740=VECTOR('',#145730,1.);
#145750=LINE('',#145720,#145740);
#145760=CARTESIAN_POINT('',(-0.394037383922811,0.939999999999998,
-3.73993396014412));
#145770=VERTEX_POINT('',#145760);
#145780=EDGE_CURVE('',#64320,#145770,#145750,.T.);
#145790=ORIENTED_EDGE('',*,*,#145780,.F.);
#145800=CARTESIAN_POINT('',(0.860962616077189,0.939999999999999,
-3.73993396014412));
#145810=DIRECTION('',(1.,-0.,-0.));
#145820=VECTOR('',#145810,1.);
#145830=LINE('',#145800,#145820);
#145840=EDGE_CURVE('',#106520,#145770,#145830,.T.);
#145850=ORIENTED_EDGE('',*,*,#145840,.T.);
#145860=ORIENTED_EDGE('',*,*,#106790,.T.);
#145870=EDGE_LOOP('',(#145860,#145850,#145790,#145710,#145700));
#145880=FACE_OUTER_BOUND('',#145870,.T.);
#145890=ADVANCED_FACE('',(#145880),#145630,.T.);
#145900=CARTESIAN_POINT('',(-0.394037383922811,0.934996849999998,
-3.60167499619063));
#145910=DIRECTION('',(-1.,0.,0.));
#145920=DIRECTION('',(0.,1.,0.));
#145930=AXIS2_PLACEMENT_3D('',#145900,#145910,#145920);
#145940=PLANE('',#145930);
#145950=CARTESIAN_POINT('',(-0.394037383922811,0.939999999999999,
-3.32993396014411));
#145960=DIRECTION('',(-0.,-0.,1.));
#145970=VECTOR('',#145960,1.);
#145980=LINE('',#145950,#145970);
#145990=EDGE_CURVE('',#145770,#144780,#145980,.T.);
#146000=ORIENTED_EDGE('',*,*,#145990,.T.);
#146010=ORIENTED_EDGE('',*,*,#145780,.T.);
#146020=ORIENTED_EDGE('',*,*,#64330,.T.);
#146030=ORIENTED_EDGE('',*,*,#144850,.T.);
#146040=EDGE_LOOP('',(#146030,#146020,#146010,#146000));
#146050=FACE_OUTER_BOUND('',#146040,.T.);
#146060=ADVANCED_FACE('',(#146050),#145940,.T.);
#146070=CARTESIAN_POINT('',(-0.563165533922811,0.939999999999999,
-3.60167499619063));
#146080=DIRECTION('',(0.,1.,0.));
#146090=DIRECTION('',(1.,-0.,0.));
#146100=AXIS2_PLACEMENT_3D('',#146070,#146080,#146090);
#146110=PLANE('',#146100);
#146120=ORIENTED_EDGE('',*,*,#145990,.F.);
#146130=ORIENTED_EDGE('',*,*,#144790,.F.);
#146140=ORIENTED_EDGE('',*,*,#106550,.T.);
#146150=ORIENTED_EDGE('',*,*,#145840,.F.);
#146160=EDGE_LOOP('',(#146150,#146140,#146130,#146120));
#146170=FACE_OUTER_BOUND('',#146160,.T.);
#146180=ADVANCED_FACE('',(#146170),#146110,.T.);
#146190=CARTESIAN_POINT('',(-0.709037383922811,0.989999999999999,
3.98858703985589));
#146200=DIRECTION('',(0.,0.,-1.));
#146210=DIRECTION('',(-1.,0.,-0.));
#146220=AXIS2_PLACEMENT_3D('',#146190,#146200,#146210);
#146230=CYLINDRICAL_SURFACE('',#146220,0.15);
#146240=ORIENTED_EDGE('',*,*,#86330,.F.);
#146250=ORIENTED_EDGE('',*,*,#64490,.T.);
#146260=ORIENTED_EDGE('',*,*,#145690,.T.);
#146270=ORIENTED_EDGE('',*,*,#106730,.T.);
#146280=EDGE_LOOP('',(#146270,#146260,#146250,#146240));
#146290=FACE_OUTER_BOUND('',#146280,.T.);
#146300=ADVANCED_FACE('',(#146290),#146230,.T.);
#146310=CARTESIAN_POINT('',(1.22445946607719,0.099999999999999,
-3.49118081014411));
#146320=DIRECTION('',(0.,1.,0.));
#146330=DIRECTION('',(1.,-0.,0.));
#146340=AXIS2_PLACEMENT_3D('',#146310,#146320,#146330);
#146350=PLANE('',#146340);
#146360=CARTESIAN_POINT('',(1.23096261607719,0.099999999999999,
-3.49493396014411));
#146370=DIRECTION('',(0.,0.,-1.));
#146380=VECTOR('',#146370,1.);
#146390=LINE('',#146360,#146380);
#146400=CARTESIAN_POINT('',(1.23096261607719,0.099999999999999,
-3.49493396014411));
#146410=VERTEX_POINT('',#146400);
#146420=EDGE_CURVE('',#146410,#136290,#146390,.T.);
#146430=ORIENTED_EDGE('',*,*,#146420,.F.);
#146440=ORIENTED_EDGE('',*,*,#136300,.F.);
#146450=CARTESIAN_POINT('',(1.49096261607719,0.099999999999999,
-3.32993396014411));
#146460=DIRECTION('',(-0.,-0.,1.));
#146470=VECTOR('',#146460,1.);
#146480=LINE('',#146450,#146470);
#146490=CARTESIAN_POINT('',(1.49096261607719,0.099999999999999,
-3.49493396014411));
#146500=VERTEX_POINT('',#146490);
#146510=EDGE_CURVE('',#136210,#146500,#146480,.T.);
#146520=ORIENTED_EDGE('',*,*,#146510,.F.);
#146530=CARTESIAN_POINT('',(0.860962616077189,0.099999999999999,
-3.49493396014411));
#146540=DIRECTION('',(-1.,-0.,0.));
#146550=VECTOR('',#146540,1.);
#146560=LINE('',#146530,#146550);
#146570=EDGE_CURVE('',#146500,#146410,#146560,.T.);
#146580=ORIENTED_EDGE('',*,*,#146570,.F.);
#146590=EDGE_LOOP('',(#146580,#146520,#146440,#146430));
#146600=FACE_OUTER_BOUND('',#146590,.T.);
#146610=ADVANCED_FACE('',(#146600),#146350,.T.);
#146620=CARTESIAN_POINT('',(0.398084466077187,0.934996849999998,
-3.73993396014412));
#146630=DIRECTION('',(0.,0.,1.));
#146640=DIRECTION('',(1.,0.,-0.));
#146650=AXIS2_PLACEMENT_3D('',#146620,#146630,#146640);
#146660=PLANE('',#146650);
#146670=CARTESIAN_POINT('',(0.720962616077189,0.989999999999999,
-3.73993396014412));
#146680=DIRECTION('',(0.,0.,-1.));
#146690=DIRECTION('',(-1.,0.,0.));
#146700=AXIS2_PLACEMENT_3D('',#146670,#146680,#146690);
#146710=CIRCLE('',#146700,0.15);
#146720=EDGE_CURVE('',#82690,#64080,#146710,.T.);
#146730=ORIENTED_EDGE('',*,*,#146720,.T.);
#146740=ORIENTED_EDGE('',*,*,#82700,.F.);
#146750=CARTESIAN_POINT('',(0.860962616077189,0.939999999999999,
-3.73993396014412));
#146760=DIRECTION('',(1.,-0.,-0.));
#146770=VECTOR('',#146760,1.);
#146780=LINE('',#146750,#146770);
#146790=EDGE_CURVE('',#144370,#82610,#146780,.T.);
#146800=ORIENTED_EDGE('',*,*,#146790,.T.);
#146810=ORIENTED_EDGE('',*,*,#144380,.F.);
#146820=ORIENTED_EDGE('',*,*,#64090,.F.);
#146830=EDGE_LOOP('',(#146820,#146810,#146800,#146740,#146730));
#146840=FACE_OUTER_BOUND('',#146830,.T.);
#146850=ADVANCED_FACE('',(#146840),#146660,.T.);
#146860=CARTESIAN_POINT('',(0.720962616077189,0.989999999999999,
3.98858703985589));
#146870=DIRECTION('',(0.,0.,-1.));
#146880=DIRECTION('',(-1.,0.,-0.));
#146890=AXIS2_PLACEMENT_3D('',#146860,#146870,#146880);
#146900=CYLINDRICAL_SURFACE('',#146890,0.15);
#146910=ORIENTED_EDGE('',*,*,#83490,.T.);
#146920=ORIENTED_EDGE('',*,*,#82780,.F.);
#146930=ORIENTED_EDGE('',*,*,#146720,.F.);
#146940=ORIENTED_EDGE('',*,*,#64950,.T.);
#146950=EDGE_LOOP('',(#146940,#146930,#146920,#146910));
#146960=FACE_OUTER_BOUND('',#146950,.T.);
#146970=ADVANCED_FACE('',(#146960),#146900,.T.);
#146980=CARTESIAN_POINT('',(1.23096261607719,0.15,-3.49112096014411));
#146990=DIRECTION('',(0.,0.,-1.));
#147000=DIRECTION('',(-1.,0.,-0.));
#147010=AXIS2_PLACEMENT_3D('',#146980,#146990,#147000);
#147020=CYLINDRICAL_SURFACE('',#147010,0.0500000000000008);
#147030=ORIENTED_EDGE('',*,*,#146420,.T.);
#147040=CARTESIAN_POINT('',(1.23096261607719,0.15,-3.49493396014411));
#147050=DIRECTION('',(0.,0.,-1.));
#147060=DIRECTION('',(-1.,0.,-0.));
#147070=AXIS2_PLACEMENT_3D('',#147040,#147050,#147060);
#147080=CIRCLE('',#147070,0.0500000000000008);
#147090=EDGE_CURVE('',#146410,#114280,#147080,.T.);
#147100=ORIENTED_EDGE('',*,*,#147090,.F.);
#147110=ORIENTED_EDGE('',*,*,#114290,.F.);
#147120=ORIENTED_EDGE('',*,*,#136370,.T.);
#147130=EDGE_LOOP('',(#147120,#147110,#147100,#147030));
#147140=FACE_OUTER_BOUND('',#147130,.T.);
#147150=ADVANCED_FACE('',(#147140),#147020,.F.);
#147160=CARTESIAN_POINT('',(0.91695946607719,-0.00625315000000093,
-3.49493396014411));
#147170=DIRECTION('',(0.,0.,1.));
#147180=DIRECTION('',(1.,0.,-0.));
#147190=AXIS2_PLACEMENT_3D('',#147160,#147170,#147180);
#147200=PLANE('',#147190);
#147210=ORIENTED_EDGE('',*,*,#26380,.T.);
#147220=CARTESIAN_POINT('',(1.03096261607719,0.0999999999999989,
-3.49493396014411));
#147230=DIRECTION('',(0.,0.,-1.));
#147240=DIRECTION('',(-1.,0.,0.));
#147250=AXIS2_PLACEMENT_3D('',#147220,#147230,#147240);
#147260=CIRCLE('',#147250,0.150000000000001);
#147270=EDGE_CURVE('',#26290,#114100,#147260,.T.);
#147280=ORIENTED_EDGE('',*,*,#147270,.F.);
#147290=ORIENTED_EDGE('',*,*,#114350,.T.);
#147300=ORIENTED_EDGE('',*,*,#147090,.T.);
#147310=ORIENTED_EDGE('',*,*,#146570,.T.);
#147320=CARTESIAN_POINT('',(1.49096261607719,0.649999999999997,
-3.49493396014411));
#147330=DIRECTION('',(-0.,1.,0.));
#147340=VECTOR('',#147330,1.);
#147350=LINE('',#147320,#147340);
#147360=EDGE_CURVE('',#144150,#146500,#147350,.T.);
#147370=ORIENTED_EDGE('',*,*,#147360,.T.);
#147380=ORIENTED_EDGE('',*,*,#144160,.T.);
#147390=ORIENTED_EDGE('',*,*,#105660,.F.);
#147400=ORIENTED_EDGE('',*,*,#145100,.T.);
#147410=ORIENTED_EDGE('',*,*,#115450,.T.);
#147420=ORIENTED_EDGE('',*,*,#41580,.T.);
#147430=ORIENTED_EDGE('',*,*,#31770,.F.);
#147440=EDGE_LOOP('',(#147430,#147420,#147410,#147400,#147390,#147380,
#147370,#147310,#147300,#147290,#147280,#147210));
#147450=FACE_OUTER_BOUND('',#147440,.T.);
#147460=ADVANCED_FACE('',(#147450),#147200,.T.);
#147470=CARTESIAN_POINT('',(0.879710388690824,1.14125222738636,
4.34556918985588));
#147480=DIRECTION('',(0.707106781186547,0.707106781186548,0.));
#147490=DIRECTION('',(0.707106781186548,-0.707106781186547,0.));
#147500=AXIS2_PLACEMENT_3D('',#147470,#147480,#147490);
#147510=PLANE('',#147500);
#147520=ORIENTED_EDGE('',*,*,#31460,.F.);
#147530=ORIENTED_EDGE('',*,*,#43280,.F.);
#147540=ORIENTED_EDGE('',*,*,#63970,.F.);
#147550=ORIENTED_EDGE('',*,*,#145540,.F.);
#147560=EDGE_LOOP('',(#147550,#147540,#147530,#147520));
#147570=FACE_OUTER_BOUND('',#147560,.T.);
#147580=ADVANCED_FACE('',(#147570),#147510,.T.);
#147590=CARTESIAN_POINT('',(0.91695946607719,-0.00625315000000093,
-0.694933960144115));
#147600=DIRECTION('',(0.,0.,1.));
#147610=DIRECTION('',(1.,0.,-0.));
#147620=AXIS2_PLACEMENT_3D('',#147590,#147600,#147610);
#147630=PLANE('',#147620);
#147640=CARTESIAN_POINT('',(0.860962616077189,0.249999999999999,
-0.694933960144115));
#147650=DIRECTION('',(-1.,0.,0.));
#147660=VECTOR('',#147650,1.);
#147670=LINE('',#147640,#147660);
#147680=CARTESIAN_POINT('',(1.03096261607719,0.249999999999999,
-0.694933960144115));
#147690=VERTEX_POINT('',#147680);
#147700=EDGE_CURVE('',#147690,#33920,#147670,.T.);
#147710=ORIENTED_EDGE('',*,*,#147700,.T.);
#147720=CARTESIAN_POINT('',(1.03096261607719,0.0999999999999989,
-0.694933960144115));
#147730=DIRECTION('',(0.,0.,-1.));
#147740=DIRECTION('',(-1.,0.,0.));
#147750=AXIS2_PLACEMENT_3D('',#147720,#147730,#147740);
#147760=CIRCLE('',#147750,0.150000000000001);
#147770=CARTESIAN_POINT('',(1.16331555725366,0.170588235294117,
-0.694933960144115));
#147780=VERTEX_POINT('',#147770);
#147790=EDGE_CURVE('',#147690,#147780,#147760,.T.);
#147800=ORIENTED_EDGE('',*,*,#147790,.F.);
#147810=CARTESIAN_POINT('',(0.907629282743856,0.649999999999997,
-0.694933960144115));
#147820=DIRECTION('',(-0.470588235294118,0.88235294117647,0.));
#147830=VECTOR('',#147820,1.);
#147840=LINE('',#147810,#147830);
#147850=CARTESIAN_POINT('',(1.18684496901837,0.126470588235293,
-0.694933960144115));
#147860=VERTEX_POINT('',#147850);
#147870=EDGE_CURVE('',#147860,#147780,#147840,.T.);
#147880=ORIENTED_EDGE('',*,*,#147870,.T.);
#147890=CARTESIAN_POINT('',(1.23096261607719,0.149999999999998,
-0.694933960144115));
#147900=DIRECTION('',(0.,0.,-1.));
#147910=DIRECTION('',(-1.,0.,-0.));
#147920=AXIS2_PLACEMENT_3D('',#147890,#147900,#147910);
#147930=CIRCLE('',#147920,0.0499999999999981);
#147940=CARTESIAN_POINT('',(1.23096261607719,0.099999999999999,
-0.694933960144115));
#147950=VERTEX_POINT('',#147940);
#147960=EDGE_CURVE('',#147950,#147860,#147930,.T.);
#147970=ORIENTED_EDGE('',*,*,#147960,.T.);
#147980=CARTESIAN_POINT('',(0.860962616077189,0.099999999999999,
-0.694933960144115));
#147990=DIRECTION('',(-1.,0.,0.));
#148000=VECTOR('',#147990,1.);
#148010=LINE('',#147980,#148000);
#148020=CARTESIAN_POINT('',(1.49096261607719,0.099999999999999,
-0.694933960144115));
#148030=VERTEX_POINT('',#148020);
#148040=EDGE_CURVE('',#148030,#147950,#148010,.T.);
#148050=ORIENTED_EDGE('',*,*,#148040,.T.);
#148060=CARTESIAN_POINT('',(1.49096261607719,0.649999999999997,
-0.694933960144115));
#148070=DIRECTION('',(-0.,1.,0.));
#148080=VECTOR('',#148070,1.);
#148090=LINE('',#148060,#148080);
#148100=CARTESIAN_POINT('',(1.49096261607719,0.,-0.694933960144115));
#148110=VERTEX_POINT('',#148100);
#148120=EDGE_CURVE('',#148110,#148030,#148090,.T.);
#148130=ORIENTED_EDGE('',*,*,#148120,.T.);
#148140=CARTESIAN_POINT('',(0.860962616077189,0.,-0.694933960144115));
#148150=DIRECTION('',(1.,0.,0.));
#148160=VECTOR('',#148150,1.);
#148170=LINE('',#148140,#148160);
#148180=CARTESIAN_POINT('',(1.23096261607719,0.,-0.694933960144115));
#148190=VERTEX_POINT('',#148180);
#148200=EDGE_CURVE('',#148190,#148110,#148170,.T.);
#148210=ORIENTED_EDGE('',*,*,#148200,.T.);
#148220=CARTESIAN_POINT('',(1.23096261607719,0.149999999999998,
-0.694933960144115));
#148230=DIRECTION('',(0.,0.,-1.));
#148240=DIRECTION('',(-1.,0.,0.));
#148250=AXIS2_PLACEMENT_3D('',#148220,#148230,#148240);
#148260=CIRCLE('',#148250,0.149999999999999);
#148270=CARTESIAN_POINT('',(1.09860967490072,0.0794117647058811,
-0.694933960144115));
#148280=VERTEX_POINT('',#148270);
#148290=EDGE_CURVE('',#148190,#148280,#148260,.T.);
#148300=ORIENTED_EDGE('',*,*,#148290,.F.);
#148310=CARTESIAN_POINT('',(0.794295949410517,0.649999999999997,
-0.694933960144115));
#148320=DIRECTION('',(0.470588235294126,-0.882352941176466,0.));
#148330=VECTOR('',#148320,1.);
#148340=LINE('',#148310,#148330);
#148350=CARTESIAN_POINT('',(1.07508026313601,0.123529411764705,
-0.694933960144115));
#148360=VERTEX_POINT('',#148350);
#148370=EDGE_CURVE('',#148360,#148280,#148340,.T.);
#148380=ORIENTED_EDGE('',*,*,#148370,.T.);
#148390=CARTESIAN_POINT('',(1.03096261607719,0.1,-0.694933960144115));
#148400=DIRECTION('',(0.,0.,-1.));
#148410=DIRECTION('',(-1.,0.,-0.));
#148420=AXIS2_PLACEMENT_3D('',#148390,#148400,#148410);
#148430=CIRCLE('',#148420,0.0499999999999985);
#148440=EDGE_CURVE('',#39960,#148360,#148430,.T.);
#148450=ORIENTED_EDGE('',*,*,#148440,.T.);
#148460=ORIENTED_EDGE('',*,*,#39970,.T.);
#148470=ORIENTED_EDGE('',*,*,#34010,.F.);
#148480=EDGE_LOOP('',(#148470,#148460,#148450,#148380,#148300,#148210,
#148130,#148050,#147970,#147880,#147800,#147710));
#148490=FACE_OUTER_BOUND('',#148480,.T.);
#148500=ADVANCED_FACE('',(#148490),#147630,.T.);
#148510=CARTESIAN_POINT('',(1.23096261607719,0.149999999999998,
-0.691162960144115));
#148520=DIRECTION('',(0.,0.,-1.));
#148530=DIRECTION('',(-1.,0.,-0.));
#148540=AXIS2_PLACEMENT_3D('',#148510,#148520,#148530);
#148550=CYLINDRICAL_SURFACE('',#148540,0.149999999999999);
#148560=CARTESIAN_POINT('',(1.23096261607719,-9.99200722162641E-16,
-0.694933960144115));
#148570=DIRECTION('',(0.,0.,-1.));
#148580=VECTOR('',#148570,1.);
#148590=LINE('',#148560,#148580);
#148600=CARTESIAN_POINT('',(1.23096261607719,-9.99200722162641E-16,
-0.844933960144115));
#148610=VERTEX_POINT('',#148600);
#148620=EDGE_CURVE('',#148190,#148610,#148590,.T.);
#148630=ORIENTED_EDGE('',*,*,#148620,.F.);
#148640=CARTESIAN_POINT('',(1.23096261607719,0.149999999999998,
-0.844933960144115));
#148650=DIRECTION('',(0.,0.,-1.));
#148660=DIRECTION('',(-1.,0.,0.));
#148670=AXIS2_PLACEMENT_3D('',#148640,#148650,#148660);
#148680=CIRCLE('',#148670,0.149999999999999);
#148690=CARTESIAN_POINT('',(1.09860967490072,0.0794117647058811,
-0.844933960144115));
#148700=VERTEX_POINT('',#148690);
#148710=EDGE_CURVE('',#148610,#148700,#148680,.T.);
#148720=ORIENTED_EDGE('',*,*,#148710,.F.);
#148730=CARTESIAN_POINT('',(1.09860967490072,0.0794117647058811,
-0.694933960144115));
#148740=DIRECTION('',(0.,0.,-1.));
#148750=VECTOR('',#148740,1.);
#148760=LINE('',#148730,#148750);
#148770=EDGE_CURVE('',#148280,#148700,#148760,.T.);
#148780=ORIENTED_EDGE('',*,*,#148770,.T.);
#148790=ORIENTED_EDGE('',*,*,#148290,.T.);
#148800=EDGE_LOOP('',(#148790,#148780,#148720,#148630));
#148810=FACE_OUTER_BOUND('',#148800,.T.);
#148820=ADVANCED_FACE('',(#148810),#148550,.T.);
#148830=CARTESIAN_POINT('',(1.09919939254778,0.0783060441176461,
-0.691180810144115));
#148840=DIRECTION('',(-0.882352941176466,-0.470588235294126,0.));
#148850=DIRECTION('',(-0.470588235294126,0.882352941176466,0.));
#148860=AXIS2_PLACEMENT_3D('',#148830,#148840,#148850);
#148870=PLANE('',#148860);
#148880=ORIENTED_EDGE('',*,*,#148770,.F.);
#148890=CARTESIAN_POINT('',(0.794295949410517,0.649999999999997,
-0.844933960144115));
#148900=DIRECTION('',(-0.470588235294126,0.882352941176466,-0.));
#148910=VECTOR('',#148900,1.);
#148920=LINE('',#148890,#148910);
#148930=CARTESIAN_POINT('',(1.07508026313601,0.123529411764705,
-0.844933960144115));
#148940=VERTEX_POINT('',#148930);
#148950=EDGE_CURVE('',#148700,#148940,#148920,.T.);
#148960=ORIENTED_EDGE('',*,*,#148950,.F.);
#148970=CARTESIAN_POINT('',(1.07508026313601,0.123529411764705,
-0.694933960144115));
#148980=DIRECTION('',(0.,0.,-1.));
#148990=VECTOR('',#148980,1.);
#149000=LINE('',#148970,#148990);
#149010=EDGE_CURVE('',#148360,#148940,#149000,.T.);
#149020=ORIENTED_EDGE('',*,*,#149010,.T.);
#149030=ORIENTED_EDGE('',*,*,#148370,.F.);
#149040=EDGE_LOOP('',(#149030,#149020,#148960,#148880));
#149050=FACE_OUTER_BOUND('',#149040,.T.);
#149060=ADVANCED_FACE('',(#149050),#148870,.T.);
#149070=CARTESIAN_POINT('',(1.23096261607719,0.149999999999997,
-1.09112096014412));
#149080=DIRECTION('',(0.,0.,-1.));
#149090=DIRECTION('',(-1.,0.,-0.));
#149100=AXIS2_PLACEMENT_3D('',#149070,#149080,#149090);
#149110=CYLINDRICAL_SURFACE('',#149100,0.0499999999999974);
#149120=CARTESIAN_POINT('',(1.23096261607719,0.099999999999999,
-1.09493396014412));
#149130=DIRECTION('',(0.,0.,-1.));
#149140=VECTOR('',#149130,1.);
#149150=LINE('',#149120,#149140);
#149160=CARTESIAN_POINT('',(1.23096261607719,0.099999999999999,
-1.09493396014412));
#149170=VERTEX_POINT('',#149160);
#149180=CARTESIAN_POINT('',(1.23096261607719,0.099999999999999,
-1.24493396014411));
#149190=VERTEX_POINT('',#149180);
#149200=EDGE_CURVE('',#149170,#149190,#149150,.T.);
#149210=ORIENTED_EDGE('',*,*,#149200,.T.);
#149220=CARTESIAN_POINT('',(1.23096261607719,0.149999999999997,
-1.09493396014412));
#149230=DIRECTION('',(0.,0.,-1.));
#149240=DIRECTION('',(-1.,0.,-0.));
#149250=AXIS2_PLACEMENT_3D('',#149220,#149230,#149240);
#149260=CIRCLE('',#149250,0.0499999999999974);
#149270=CARTESIAN_POINT('',(1.18684496901837,0.126470588235293,
-1.09493396014412));
#149280=VERTEX_POINT('',#149270);
#149290=EDGE_CURVE('',#149170,#149280,#149260,.T.);
#149300=ORIENTED_EDGE('',*,*,#149290,.F.);
#149310=CARTESIAN_POINT('',(1.18684496901837,0.126470588235293,
-1.09493396014412));
#149320=DIRECTION('',(0.,0.,-1.));
#149330=VECTOR('',#149320,1.);
#149340=LINE('',#149310,#149330);
#149350=CARTESIAN_POINT('',(1.18684496901837,0.126470588235293,
-1.24493396014411));
#149360=VERTEX_POINT('',#149350);
#149370=EDGE_CURVE('',#149280,#149360,#149340,.T.);
#149380=ORIENTED_EDGE('',*,*,#149370,.F.);
#149390=CARTESIAN_POINT('',(1.23096261607719,0.149999999999997,
-1.24493396014411));
#149400=DIRECTION('',(0.,0.,-1.));
#149410=DIRECTION('',(-1.,0.,-0.));
#149420=AXIS2_PLACEMENT_3D('',#149390,#149400,#149410);
#149430=CIRCLE('',#149420,0.0499999999999974);
#149440=EDGE_CURVE('',#149190,#149360,#149430,.T.);
#149450=ORIENTED_EDGE('',*,*,#149440,.T.);
#149460=EDGE_LOOP('',(#149450,#149380,#149300,#149210));
#149470=FACE_OUTER_BOUND('',#149460,.T.);
#149480=ADVANCED_FACE('',(#149470),#149110,.F.);
#149490=CARTESIAN_POINT('',(1.03096261607719,0.0999999999999989,
-1.09116296014412));
#149500=DIRECTION('',(0.,0.,-1.));
#149510=DIRECTION('',(-1.,0.,-0.));
#149520=AXIS2_PLACEMENT_3D('',#149490,#149500,#149510);
#149530=CYLINDRICAL_SURFACE('',#149520,0.150000000000001);
#149540=CARTESIAN_POINT('',(1.03096261607719,0.249999999999999,
-1.09493396014412));
#149550=DIRECTION('',(0.,0.,-1.));
#149560=VECTOR('',#149550,1.);
#149570=LINE('',#149540,#149560);
#149580=CARTESIAN_POINT('',(1.03096261607719,0.249999999999999,
-1.09493396014412));
#149590=VERTEX_POINT('',#149580);
#149600=CARTESIAN_POINT('',(1.03096261607719,0.249999999999999,
-1.24493396014411));
#149610=VERTEX_POINT('',#149600);
#149620=EDGE_CURVE('',#149590,#149610,#149570,.T.);
#149630=ORIENTED_EDGE('',*,*,#149620,.F.);
#149640=CARTESIAN_POINT('',(1.03096261607719,0.0999999999999989,
-1.24493396014411));
#149650=DIRECTION('',(0.,0.,-1.));
#149660=DIRECTION('',(-1.,0.,0.));
#149670=AXIS2_PLACEMENT_3D('',#149640,#149650,#149660);
#149680=CIRCLE('',#149670,0.150000000000001);
#149690=CARTESIAN_POINT('',(1.16331555725366,0.170588235294117,
-1.24493396014411));
#149700=VERTEX_POINT('',#149690);
#149710=EDGE_CURVE('',#149610,#149700,#149680,.T.);
#149720=ORIENTED_EDGE('',*,*,#149710,.F.);
#149730=CARTESIAN_POINT('',(1.16331555725366,0.170588235294117,
-1.09493396014412));
#149740=DIRECTION('',(0.,0.,-1.));
#149750=VECTOR('',#149740,1.);
#149760=LINE('',#149730,#149750);
#149770=CARTESIAN_POINT('',(1.16331555725366,0.170588235294117,
-1.09493396014412));
#149780=VERTEX_POINT('',#149770);
#149790=EDGE_CURVE('',#149780,#149700,#149760,.T.);
#149800=ORIENTED_EDGE('',*,*,#149790,.T.);
#149810=CARTESIAN_POINT('',(1.03096261607719,0.0999999999999989,
-1.09493396014412));
#149820=DIRECTION('',(0.,0.,-1.));
#149830=DIRECTION('',(-1.,0.,0.));
#149840=AXIS2_PLACEMENT_3D('',#149810,#149820,#149830);
#149850=CIRCLE('',#149840,0.150000000000001);
#149860=EDGE_CURVE('',#149590,#149780,#149850,.T.);
#149870=ORIENTED_EDGE('',*,*,#149860,.T.);
#149880=EDGE_LOOP('',(#149870,#149800,#149720,#149630));
#149890=FACE_OUTER_BOUND('',#149880,.T.);
#149900=ADVANCED_FACE('',(#149890),#149530,.T.);
#149910=CARTESIAN_POINT('',(1.1627258396066,0.171693955882352,
-1.09118081014411));
#149920=DIRECTION('',(0.88235294117647,0.470588235294118,0.));
#149930=DIRECTION('',(0.470588235294118,-0.88235294117647,0.));
#149940=AXIS2_PLACEMENT_3D('',#149910,#149920,#149930);
#149950=PLANE('',#149940);
#149960=ORIENTED_EDGE('',*,*,#149790,.F.);
#149970=CARTESIAN_POINT('',(0.907629282743856,0.649999999999997,
-1.24493396014411));
#149980=DIRECTION('',(0.470588235294118,-0.88235294117647,-0.));
#149990=VECTOR('',#149980,1.);
#150000=LINE('',#149970,#149990);
#150010=EDGE_CURVE('',#149700,#149360,#150000,.T.);
#150020=ORIENTED_EDGE('',*,*,#150010,.F.);
#150030=ORIENTED_EDGE('',*,*,#149370,.T.);
#150040=CARTESIAN_POINT('',(0.907629282743856,0.649999999999997,
-1.09493396014412));
#150050=DIRECTION('',(-0.470588235294118,0.88235294117647,-0.));
#150060=VECTOR('',#150050,1.);
#150070=LINE('',#150040,#150060);
#150080=EDGE_CURVE('',#149280,#149780,#150070,.T.);
#150090=ORIENTED_EDGE('',*,*,#150080,.F.);
#150100=EDGE_LOOP('',(#150090,#150030,#150020,#149960));
#150110=FACE_OUTER_BOUND('',#150100,.T.);
#150120=ADVANCED_FACE('',(#150110),#149950,.T.);
#150130=CARTESIAN_POINT('',(1.49096261607719,0.102503149999999,
-1.09118081014411));
#150140=DIRECTION('',(1.,0.,0.));
#150150=DIRECTION('',(0.,-1.,0.));
#150160=AXIS2_PLACEMENT_3D('',#150130,#150140,#150150);
#150170=PLANE('',#150160);
#150180=CARTESIAN_POINT('',(1.49096261607719,0.,-3.32993396014411));
#150190=DIRECTION('',(0.,-0.,-1.));
#150200=VECTOR('',#150190,1.);
#150210=LINE('',#150180,#150200);
#150220=CARTESIAN_POINT('',(1.49096261607719,0.,-1.09493396014412));
#150230=VERTEX_POINT('',#150220);
#150240=CARTESIAN_POINT('',(1.49096261607719,0.,-1.24493396014411));
#150250=VERTEX_POINT('',#150240);
#150260=EDGE_CURVE('',#150230,#150250,#150210,.T.);
#150270=ORIENTED_EDGE('',*,*,#150260,.T.);
#150280=CARTESIAN_POINT('',(1.49096261607719,0.649999999999997,
-1.09493396014412));
#150290=DIRECTION('',(-0.,1.,-0.));
#150300=VECTOR('',#150290,1.);
#150310=LINE('',#150280,#150300);
#150320=CARTESIAN_POINT('',(1.49096261607719,0.099999999999999,
-1.09493396014412));
#150330=VERTEX_POINT('',#150320);
#150340=EDGE_CURVE('',#150230,#150330,#150310,.T.);
#150350=ORIENTED_EDGE('',*,*,#150340,.F.);
#150360=CARTESIAN_POINT('',(1.49096261607719,0.099999999999999,
-3.32993396014411));
#150370=DIRECTION('',(0.,-0.,1.));
#150380=VECTOR('',#150370,1.);
#150390=LINE('',#150360,#150380);
#150400=CARTESIAN_POINT('',(1.49096261607719,0.099999999999999,
-1.24493396014411));
#150410=VERTEX_POINT('',#150400);
#150420=EDGE_CURVE('',#150410,#150330,#150390,.T.);
#150430=ORIENTED_EDGE('',*,*,#150420,.T.);
#150440=CARTESIAN_POINT('',(1.49096261607719,0.649999999999997,
-1.24493396014411));
#150450=DIRECTION('',(-0.,-1.,-0.));
#150460=VECTOR('',#150450,1.);
#150470=LINE('',#150440,#150460);
#150480=EDGE_CURVE('',#150410,#150250,#150470,.T.);
#150490=ORIENTED_EDGE('',*,*,#150480,.F.);
#150500=EDGE_LOOP('',(#150490,#150430,#150350,#150270));
#150510=FACE_OUTER_BOUND('',#150500,.T.);
#150520=ADVANCED_FACE('',(#150510),#150170,.T.);
#150530=CARTESIAN_POINT('',(1.09919939254778,0.0783060441176461,
-1.09118081014411));
#150540=DIRECTION('',(-0.882352941176466,-0.470588235294126,0.));
#150550=DIRECTION('',(-0.470588235294126,0.882352941176466,0.));
#150560=AXIS2_PLACEMENT_3D('',#150530,#150540,#150550);
#150570=PLANE('',#150560);
#150580=CARTESIAN_POINT('',(1.09860967490072,0.0794117647058811,
-1.09493396014412));
#150590=DIRECTION('',(0.,0.,-1.));
#150600=VECTOR('',#150590,1.);
#150610=LINE('',#150580,#150600);
#150620=CARTESIAN_POINT('',(1.09860967490072,0.0794117647058811,
-1.09493396014412));
#150630=VERTEX_POINT('',#150620);
#150640=CARTESIAN_POINT('',(1.09860967490072,0.0794117647058811,
-1.24493396014411));
#150650=VERTEX_POINT('',#150640);
#150660=EDGE_CURVE('',#150630,#150650,#150610,.T.);
#150670=ORIENTED_EDGE('',*,*,#150660,.F.);
#150680=CARTESIAN_POINT('',(0.794295949410517,0.649999999999997,
-1.24493396014411));
#150690=DIRECTION('',(-0.470588235294126,0.882352941176466,-0.));
#150700=VECTOR('',#150690,1.);
#150710=LINE('',#150680,#150700);
#150720=CARTESIAN_POINT('',(1.07508026313601,0.123529411764705,
-1.24493396014411));
#150730=VERTEX_POINT('',#150720);
#150740=EDGE_CURVE('',#150650,#150730,#150710,.T.);
#150750=ORIENTED_EDGE('',*,*,#150740,.F.);
#150760=CARTESIAN_POINT('',(1.07508026313601,0.123529411764705,
-1.09493396014412));
#150770=DIRECTION('',(0.,0.,-1.));
#150780=VECTOR('',#150770,1.);
#150790=LINE('',#150760,#150780);
#150800=CARTESIAN_POINT('',(1.07508026313601,0.123529411764705,
-1.09493396014412));
#150810=VERTEX_POINT('',#150800);
#150820=EDGE_CURVE('',#150810,#150730,#150790,.T.);
#150830=ORIENTED_EDGE('',*,*,#150820,.T.);
#150840=CARTESIAN_POINT('',(0.794295949410517,0.649999999999997,
-1.09493396014412));
#150850=DIRECTION('',(0.470588235294126,-0.882352941176466,-0.));
#150860=VECTOR('',#150850,1.);
#150870=LINE('',#150840,#150860);
#150880=EDGE_CURVE('',#150810,#150630,#150870,.T.);
#150890=ORIENTED_EDGE('',*,*,#150880,.F.);
#150900=EDGE_LOOP('',(#150890,#150830,#150750,#150670));
#150910=FACE_OUTER_BOUND('',#150900,.T.);
#150920=ADVANCED_FACE('',(#150910),#150570,.T.);
#150930=CARTESIAN_POINT('',(1.03096261607719,0.0999999999999981,
-1.09112096014412));
#150940=DIRECTION('',(0.,0.,-1.));
#150950=DIRECTION('',(-1.,0.,-0.));
#150960=AXIS2_PLACEMENT_3D('',#150930,#150940,#150950);
#150970=CYLINDRICAL_SURFACE('',#150960,0.0500000000000004);
#150980=ORIENTED_EDGE('',*,*,#40280,.T.);
#150990=CARTESIAN_POINT('',(1.03096261607719,0.0999999999999981,
-1.09493396014412));
#151000=DIRECTION('',(0.,0.,-1.));
#151010=DIRECTION('',(-1.,0.,-0.));
#151020=AXIS2_PLACEMENT_3D('',#150990,#151000,#151010);
#151030=CIRCLE('',#151020,0.0500000000000004);
#151040=EDGE_CURVE('',#40190,#150810,#151030,.T.);
#151050=ORIENTED_EDGE('',*,*,#151040,.F.);
#151060=ORIENTED_EDGE('',*,*,#150820,.F.);
#151070=CARTESIAN_POINT('',(1.03096261607719,0.0999999999999981,
-1.24493396014411));
#151080=DIRECTION('',(0.,0.,-1.));
#151090=DIRECTION('',(-1.,0.,-0.));
#151100=AXIS2_PLACEMENT_3D('',#151070,#151080,#151090);
#151110=CIRCLE('',#151100,0.0500000000000004);
#151120=EDGE_CURVE('',#40270,#150730,#151110,.T.);
#151130=ORIENTED_EDGE('',*,*,#151120,.T.);
#151140=EDGE_LOOP('',(#151130,#151060,#151050,#150980));
#151150=FACE_OUTER_BOUND('',#151140,.T.);
#151160=ADVANCED_FACE('',(#151150),#150970,.F.);
#151170=CARTESIAN_POINT('',(1.23096261607719,0.149999999999998,
-1.09116296014412));
#151180=DIRECTION('',(0.,0.,-1.));
#151190=DIRECTION('',(-1.,0.,-0.));
#151200=AXIS2_PLACEMENT_3D('',#151170,#151180,#151190);
#151210=CYLINDRICAL_SURFACE('',#151200,0.149999999999999);
#151220=CARTESIAN_POINT('',(1.23096261607719,-9.99200722162641E-16,
-1.09493396014412));
#151230=DIRECTION('',(0.,0.,-1.));
#151240=VECTOR('',#151230,1.);
#151250=LINE('',#151220,#151240);
#151260=CARTESIAN_POINT('',(1.23096261607719,0.,-1.09493396014412));
#151270=VERTEX_POINT('',#151260);
#151280=CARTESIAN_POINT('',(1.23096261607719,-9.99200722162641E-16,
-1.24493396014411));
#151290=VERTEX_POINT('',#151280);
#151300=EDGE_CURVE('',#151270,#151290,#151250,.T.);
#151310=ORIENTED_EDGE('',*,*,#151300,.F.);
#151320=CARTESIAN_POINT('',(1.23096261607719,0.149999999999998,
-1.24493396014411));
#151330=DIRECTION('',(0.,0.,-1.));
#151340=DIRECTION('',(-1.,0.,0.));
#151350=AXIS2_PLACEMENT_3D('',#151320,#151330,#151340);
#151360=CIRCLE('',#151350,0.149999999999999);
#151370=EDGE_CURVE('',#151290,#150650,#151360,.T.);
#151380=ORIENTED_EDGE('',*,*,#151370,.F.);
#151390=ORIENTED_EDGE('',*,*,#150660,.T.);
#151400=CARTESIAN_POINT('',(1.23096261607719,0.149999999999998,
-1.09493396014412));
#151410=DIRECTION('',(0.,0.,-1.));
#151420=DIRECTION('',(-1.,0.,0.));
#151430=AXIS2_PLACEMENT_3D('',#151400,#151410,#151420);
#151440=CIRCLE('',#151430,0.149999999999999);
#151450=EDGE_CURVE('',#151270,#150630,#151440,.T.);
#151460=ORIENTED_EDGE('',*,*,#151450,.T.);
#151470=EDGE_LOOP('',(#151460,#151390,#151380,#151310));
#151480=FACE_OUTER_BOUND('',#151470,.T.);
#151490=ADVANCED_FACE('',(#151480),#151210,.T.);
#151500=CARTESIAN_POINT('',(1.49746576607719,0.,-1.09118081014411));
#151510=DIRECTION('',(0.,-1.,0.));
#151520=DIRECTION('',(-1.,-0.,0.));
#151530=AXIS2_PLACEMENT_3D('',#151500,#151510,#151520);
#151540=PLANE('',#151530);
#151550=CARTESIAN_POINT('',(0.860962616077189,0.,-1.24493396014411));
#151560=DIRECTION('',(-1.,-0.,-0.));
#151570=VECTOR('',#151560,1.);
#151580=LINE('',#151550,#151570);
#151590=EDGE_CURVE('',#150250,#151290,#151580,.T.);
#151600=ORIENTED_EDGE('',*,*,#151590,.F.);
#151610=ORIENTED_EDGE('',*,*,#151300,.T.);
#151620=CARTESIAN_POINT('',(0.860962616077189,0.,-1.09493396014412));
#151630=DIRECTION('',(1.,-0.,-0.));
#151640=VECTOR('',#151630,1.);
#151650=LINE('',#151620,#151640);
#151660=EDGE_CURVE('',#151270,#150230,#151650,.T.);
#151670=ORIENTED_EDGE('',*,*,#151660,.F.);
#151680=ORIENTED_EDGE('',*,*,#150260,.F.);
#151690=EDGE_LOOP('',(#151680,#151670,#151610,#151600));
#151700=FACE_OUTER_BOUND('',#151690,.T.);
#151710=ADVANCED_FACE('',(#151700),#151540,.T.);
#151720=CARTESIAN_POINT('',(1.22445946607719,0.099999999999999,
-1.09118081014411));
#151730=DIRECTION('',(0.,1.,0.));
#151740=DIRECTION('',(1.,-0.,0.));
#151750=AXIS2_PLACEMENT_3D('',#151720,#151730,#151740);
#151760=PLANE('',#151750);
#151770=ORIENTED_EDGE('',*,*,#149200,.F.);
#151780=CARTESIAN_POINT('',(0.860962616077189,0.099999999999999,
-1.24493396014411));
#151790=DIRECTION('',(1.,-0.,0.));
#151800=VECTOR('',#151790,1.);
#151810=LINE('',#151780,#151800);
#151820=EDGE_CURVE('',#149190,#150410,#151810,.T.);
#151830=ORIENTED_EDGE('',*,*,#151820,.F.);
#151840=ORIENTED_EDGE('',*,*,#150420,.F.);
#151850=CARTESIAN_POINT('',(0.860962616077189,0.099999999999999,
-1.09493396014412));
#151860=DIRECTION('',(-1.,-0.,0.));
#151870=VECTOR('',#151860,1.);
#151880=LINE('',#151850,#151870);
#151890=EDGE_CURVE('',#150330,#149170,#151880,.T.);
#151900=ORIENTED_EDGE('',*,*,#151890,.F.);
#151910=EDGE_LOOP('',(#151900,#151840,#151830,#151770));
#151920=FACE_OUTER_BOUND('',#151910,.T.);
#151930=ADVANCED_FACE('',(#151920),#151760,.T.);
#151940=CARTESIAN_POINT('',(0.91695946607719,-0.00625315000000093,
-1.09493396014412));
#151950=DIRECTION('',(0.,0.,1.));
#151960=DIRECTION('',(1.,0.,-0.));
#151970=AXIS2_PLACEMENT_3D('',#151940,#151950,#151960);
#151980=PLANE('',#151970);
#151990=CARTESIAN_POINT('',(0.860962616077189,0.249999999999999,
-1.09493396014412));
#152000=DIRECTION('',(-1.,0.,0.));
#152010=VECTOR('',#152000,1.);
#152020=LINE('',#151990,#152010);
#152030=EDGE_CURVE('',#149590,#33600,#152020,.T.);
#152040=ORIENTED_EDGE('',*,*,#152030,.T.);
#152050=ORIENTED_EDGE('',*,*,#149860,.F.);
#152060=ORIENTED_EDGE('',*,*,#150080,.T.);
#152070=ORIENTED_EDGE('',*,*,#149290,.T.);
#152080=ORIENTED_EDGE('',*,*,#151890,.T.);
#152090=ORIENTED_EDGE('',*,*,#150340,.T.);
#152100=ORIENTED_EDGE('',*,*,#151660,.T.);
#152110=ORIENTED_EDGE('',*,*,#151450,.F.);
#152120=ORIENTED_EDGE('',*,*,#150880,.T.);
#152130=ORIENTED_EDGE('',*,*,#151040,.T.);
#152140=ORIENTED_EDGE('',*,*,#40200,.T.);
#152150=ORIENTED_EDGE('',*,*,#33690,.F.);
#152160=EDGE_LOOP('',(#152150,#152140,#152130,#152120,#152110,#152100,
#152090,#152080,#152070,#152060,#152050,#152040));
#152170=FACE_OUTER_BOUND('',#152160,.T.);
#152180=ADVANCED_FACE('',(#152170),#151980,.T.);
#152190=CARTESIAN_POINT('',(1.03096261607719,0.1,-1.49112096014411));
#152200=DIRECTION('',(0.,0.,-1.));
#152210=DIRECTION('',(-1.,0.,-0.));
#152220=AXIS2_PLACEMENT_3D('',#152190,#152200,#152210);
#152230=CYLINDRICAL_SURFACE('',#152220,0.0499999999999985);
#152240=ORIENTED_EDGE('',*,*,#40510,.T.);
#152250=CARTESIAN_POINT('',(1.03096261607719,0.1,-1.49493396014411));
#152260=DIRECTION('',(0.,0.,-1.));
#152270=DIRECTION('',(-1.,0.,-0.));
#152280=AXIS2_PLACEMENT_3D('',#152250,#152260,#152270);
#152290=CIRCLE('',#152280,0.0499999999999985);
#152300=CARTESIAN_POINT('',(1.07508026313601,0.123529411764705,
-1.49493396014411));
#152310=VERTEX_POINT('',#152300);
#152320=EDGE_CURVE('',#40420,#152310,#152290,.T.);
#152330=ORIENTED_EDGE('',*,*,#152320,.F.);
#152340=CARTESIAN_POINT('',(1.07508026313601,0.123529411764705,
-1.49493396014411));
#152350=DIRECTION('',(0.,0.,-1.));
#152360=VECTOR('',#152350,1.);
#152370=LINE('',#152340,#152360);
#152380=CARTESIAN_POINT('',(1.07508026313601,0.123529411764705,
-1.64493396014411));
#152390=VERTEX_POINT('',#152380);
#152400=EDGE_CURVE('',#152310,#152390,#152370,.T.);
#152410=ORIENTED_EDGE('',*,*,#152400,.F.);
#152420=CARTESIAN_POINT('',(1.03096261607719,0.1,-1.64493396014411));
#152430=DIRECTION('',(0.,0.,-1.));
#152440=DIRECTION('',(-1.,0.,-0.));
#152450=AXIS2_PLACEMENT_3D('',#152420,#152430,#152440);
#152460=CIRCLE('',#152450,0.0499999999999985);
#152470=EDGE_CURVE('',#40500,#152390,#152460,.T.);
#152480=ORIENTED_EDGE('',*,*,#152470,.T.);
#152490=EDGE_LOOP('',(#152480,#152410,#152330,#152240));
#152500=FACE_OUTER_BOUND('',#152490,.T.);
#152510=ADVANCED_FACE('',(#152500),#152230,.F.);
#152520=CARTESIAN_POINT('',(1.23096261607719,0.149999999999998,
-1.49116296014412));
#152530=DIRECTION('',(0.,0.,-1.));
#152540=DIRECTION('',(-1.,0.,-0.));
#152550=AXIS2_PLACEMENT_3D('',#152520,#152530,#152540);
#152560=CYLINDRICAL_SURFACE('',#152550,0.149999999999999);
#152570=CARTESIAN_POINT('',(1.23096261607719,-9.99200722162641E-16,
-1.49493396014411));
#152580=DIRECTION('',(0.,0.,-1.));
#152590=VECTOR('',#152580,1.);
#152600=LINE('',#152570,#152590);
#152610=CARTESIAN_POINT('',(1.23096261607719,0.,-1.49493396014411));
#152620=VERTEX_POINT('',#152610);
#152630=CARTESIAN_POINT('',(1.23096261607719,-9.99200722162641E-16,
-1.64493396014411));
#152640=VERTEX_POINT('',#152630);
#152650=EDGE_CURVE('',#152620,#152640,#152600,.T.);
#152660=ORIENTED_EDGE('',*,*,#152650,.F.);
#152670=CARTESIAN_POINT('',(1.23096261607719,0.149999999999998,
-1.64493396014411));
#152680=DIRECTION('',(0.,0.,-1.));
#152690=DIRECTION('',(-1.,0.,0.));
#152700=AXIS2_PLACEMENT_3D('',#152670,#152680,#152690);
#152710=CIRCLE('',#152700,0.149999999999999);
#152720=CARTESIAN_POINT('',(1.09860967490072,0.0794117647058811,
-1.64493396014411));
#152730=VERTEX_POINT('',#152720);
#152740=EDGE_CURVE('',#152640,#152730,#152710,.T.);
#152750=ORIENTED_EDGE('',*,*,#152740,.F.);
#152760=CARTESIAN_POINT('',(1.09860967490072,0.0794117647058811,
-1.49493396014411));
#152770=DIRECTION('',(0.,0.,-1.));
#152780=VECTOR('',#152770,1.);
#152790=LINE('',#152760,#152780);
#152800=CARTESIAN_POINT('',(1.09860967490072,0.0794117647058811,
-1.49493396014411));
#152810=VERTEX_POINT('',#152800);
#152820=EDGE_CURVE('',#152810,#152730,#152790,.T.);
#152830=ORIENTED_EDGE('',*,*,#152820,.T.);
#152840=CARTESIAN_POINT('',(1.23096261607719,0.149999999999998,
-1.49493396014411));
#152850=DIRECTION('',(0.,0.,-1.));
#152860=DIRECTION('',(-1.,0.,0.));
#152870=AXIS2_PLACEMENT_3D('',#152840,#152850,#152860);
#152880=CIRCLE('',#152870,0.149999999999999);
#152890=EDGE_CURVE('',#152620,#152810,#152880,.T.);
#152900=ORIENTED_EDGE('',*,*,#152890,.T.);
#152910=EDGE_LOOP('',(#152900,#152830,#152750,#152660));
#152920=FACE_OUTER_BOUND('',#152910,.T.);
#152930=ADVANCED_FACE('',(#152920),#152560,.T.);
#152940=CARTESIAN_POINT('',(1.23096261607719,0.149999999999998,
-1.49112096014411));
#152950=DIRECTION('',(0.,0.,-1.));
#152960=DIRECTION('',(-1.,0.,-0.));
#152970=AXIS2_PLACEMENT_3D('',#152940,#152950,#152960);
#152980=CYLINDRICAL_SURFACE('',#152970,0.0499999999999981);
#152990=CARTESIAN_POINT('',(1.23096261607719,0.099999999999999,
-1.49493396014411));
#153000=DIRECTION('',(0.,0.,-1.));
#153010=VECTOR('',#153000,1.);
#153020=LINE('',#152990,#153010);
#153030=CARTESIAN_POINT('',(1.23096261607719,0.099999999999999,
-1.49493396014411));
#153040=VERTEX_POINT('',#153030);
#153050=CARTESIAN_POINT('',(1.23096261607719,0.099999999999999,
-1.64493396014411));
#153060=VERTEX_POINT('',#153050);
#153070=EDGE_CURVE('',#153040,#153060,#153020,.T.);
#153080=ORIENTED_EDGE('',*,*,#153070,.T.);
#153090=CARTESIAN_POINT('',(1.23096261607719,0.149999999999998,
-1.49493396014411));
#153100=DIRECTION('',(0.,0.,-1.));
#153110=DIRECTION('',(-1.,0.,-0.));
#153120=AXIS2_PLACEMENT_3D('',#153090,#153100,#153110);
#153130=CIRCLE('',#153120,0.0499999999999981);
#153140=CARTESIAN_POINT('',(1.18684496901837,0.126470588235293,
-1.49493396014411));
#153150=VERTEX_POINT('',#153140);
#153160=EDGE_CURVE('',#153040,#153150,#153130,.T.);
#153170=ORIENTED_EDGE('',*,*,#153160,.F.);
#153180=CARTESIAN_POINT('',(1.18684496901837,0.126470588235293,
-1.49493396014411));
#153190=DIRECTION('',(0.,0.,-1.));
#153200=VECTOR('',#153190,1.);
#153210=LINE('',#153180,#153200);
#153220=CARTESIAN_POINT('',(1.18684496901837,0.126470588235293,
-1.64493396014411));
#153230=VERTEX_POINT('',#153220);
#153240=EDGE_CURVE('',#153150,#153230,#153210,.T.);
#153250=ORIENTED_EDGE('',*,*,#153240,.F.);
#153260=CARTESIAN_POINT('',(1.23096261607719,0.149999999999998,
-1.64493396014411));
#153270=DIRECTION('',(0.,0.,-1.));
#153280=DIRECTION('',(-1.,0.,-0.));
#153290=AXIS2_PLACEMENT_3D('',#153260,#153270,#153280);
#153300=CIRCLE('',#153290,0.0499999999999981);
#153310=EDGE_CURVE('',#153060,#153230,#153300,.T.);
#153320=ORIENTED_EDGE('',*,*,#153310,.T.);
#153330=EDGE_LOOP('',(#153320,#153250,#153170,#153080));
#153340=FACE_OUTER_BOUND('',#153330,.T.);
#153350=ADVANCED_FACE('',(#153340),#152980,.F.);
#153360=CARTESIAN_POINT('',(1.22445946607719,0.099999999999999,
-1.49118081014411));
#153370=DIRECTION('',(0.,1.,0.));
#153380=DIRECTION('',(1.,-0.,0.));
#153390=AXIS2_PLACEMENT_3D('',#153360,#153370,#153380);
#153400=PLANE('',#153390);
#153410=ORIENTED_EDGE('',*,*,#153070,.F.);
#153420=CARTESIAN_POINT('',(0.860962616077189,0.099999999999999,
-1.64493396014411));
#153430=DIRECTION('',(1.,-0.,0.));
#153440=VECTOR('',#153430,1.);
#153450=LINE('',#153420,#153440);
#153460=CARTESIAN_POINT('',(1.49096261607719,0.099999999999999,
-1.64493396014411));
#153470=VERTEX_POINT('',#153460);
#153480=EDGE_CURVE('',#153060,#153470,#153450,.T.);
#153490=ORIENTED_EDGE('',*,*,#153480,.F.);
#153500=CARTESIAN_POINT('',(1.49096261607719,0.099999999999999,
-3.32993396014411));
#153510=DIRECTION('',(-0.,-0.,1.));
#153520=VECTOR('',#153510,1.);
#153530=LINE('',#153500,#153520);
#153540=CARTESIAN_POINT('',(1.49096261607719,0.099999999999999,
-1.49493396014411));
#153550=VERTEX_POINT('',#153540);
#153560=EDGE_CURVE('',#153470,#153550,#153530,.T.);
#153570=ORIENTED_EDGE('',*,*,#153560,.F.);
#153580=CARTESIAN_POINT('',(0.860962616077189,0.099999999999999,
-1.49493396014411));
#153590=DIRECTION('',(-1.,-0.,0.));
#153600=VECTOR('',#153590,1.);
#153610=LINE('',#153580,#153600);
#153620=EDGE_CURVE('',#153550,#153040,#153610,.T.);
#153630=ORIENTED_EDGE('',*,*,#153620,.F.);
#153640=EDGE_LOOP('',(#153630,#153570,#153490,#153410));
#153650=FACE_OUTER_BOUND('',#153640,.T.);
#153660=ADVANCED_FACE('',(#153650),#153400,.T.);
#153670=CARTESIAN_POINT('',(1.49096261607719,0.102503149999999,
-1.49118081014411));
#153680=DIRECTION('',(1.,0.,0.));
#153690=DIRECTION('',(0.,-1.,0.));
#153700=AXIS2_PLACEMENT_3D('',#153670,#153680,#153690);
#153710=PLANE('',#153700);
#153720=CARTESIAN_POINT('',(1.49096261607719,0.,-3.32993396014411));
#153730=DIRECTION('',(0.,-0.,-1.));
#153740=VECTOR('',#153730,1.);
#153750=LINE('',#153720,#153740);
#153760=CARTESIAN_POINT('',(1.49096261607719,0.,-1.49493396014411));
#153770=VERTEX_POINT('',#153760);
#153780=CARTESIAN_POINT('',(1.49096261607719,0.,-1.64493396014411));
#153790=VERTEX_POINT('',#153780);
#153800=EDGE_CURVE('',#153770,#153790,#153750,.T.);
#153810=ORIENTED_EDGE('',*,*,#153800,.T.);
#153820=CARTESIAN_POINT('',(1.49096261607719,0.649999999999997,
-1.49493396014411));
#153830=DIRECTION('',(-0.,1.,-0.));
#153840=VECTOR('',#153830,1.);
#153850=LINE('',#153820,#153840);
#153860=EDGE_CURVE('',#153770,#153550,#153850,.T.);
#153870=ORIENTED_EDGE('',*,*,#153860,.F.);
#153880=ORIENTED_EDGE('',*,*,#153560,.T.);
#153890=CARTESIAN_POINT('',(1.49096261607719,0.649999999999997,
-1.64493396014411));
#153900=DIRECTION('',(-0.,-1.,-0.));
#153910=VECTOR('',#153900,1.);
#153920=LINE('',#153890,#153910);
#153930=EDGE_CURVE('',#153470,#153790,#153920,.T.);
#153940=ORIENTED_EDGE('',*,*,#153930,.F.);
#153950=EDGE_LOOP('',(#153940,#153880,#153870,#153810));
#153960=FACE_OUTER_BOUND('',#153950,.T.);
#153970=ADVANCED_FACE('',(#153960),#153710,.T.);
#153980=CARTESIAN_POINT('',(0.92845946607719,0.249999999999999,
-1.49118081014411));
#153990=DIRECTION('',(0.,1.,0.));
#154000=DIRECTION('',(1.,-0.,0.));
#154010=AXIS2_PLACEMENT_3D('',#153980,#153990,#154000);
#154020=PLANE('',#154010);
#154030=CARTESIAN_POINT('',(0.860962616077189,0.249999999999999,
-1.64493396014411));
#154040=DIRECTION('',(1.,-0.,0.));
#154050=VECTOR('',#154040,1.);
#154060=LINE('',#154030,#154050);
#154070=CARTESIAN_POINT('',(1.03096261607719,0.249999999999999,
-1.64493396014411));
#154080=VERTEX_POINT('',#154070);
#154090=EDGE_CURVE('',#33200,#154080,#154060,.T.);
#154100=ORIENTED_EDGE('',*,*,#154090,.F.);
#154110=CARTESIAN_POINT('',(1.03096261607719,0.249999999999999,
-1.49493396014411));
#154120=DIRECTION('',(0.,0.,-1.));
#154130=VECTOR('',#154120,1.);
#154140=LINE('',#154110,#154130);
#154150=CARTESIAN_POINT('',(1.03096261607719,0.249999999999999,
-1.49493396014411));
#154160=VERTEX_POINT('',#154150);
#154170=EDGE_CURVE('',#154160,#154080,#154140,.T.);
#154180=ORIENTED_EDGE('',*,*,#154170,.T.);
#154190=CARTESIAN_POINT('',(0.860962616077189,0.249999999999999,
-1.49493396014411));
#154200=DIRECTION('',(-1.,-0.,0.));
#154210=VECTOR('',#154200,1.);
#154220=LINE('',#154190,#154210);
#154230=EDGE_CURVE('',#154160,#33280,#154220,.T.);
#154240=ORIENTED_EDGE('',*,*,#154230,.F.);
#154250=ORIENTED_EDGE('',*,*,#33290,.T.);
#154260=EDGE_LOOP('',(#154250,#154240,#154180,#154100));
#154270=FACE_OUTER_BOUND('',#154260,.T.);
#154280=ADVANCED_FACE('',(#154270),#154020,.T.);
#154290=CARTESIAN_POINT('',(1.03096261607719,0.0999999999999989,
-1.49116296014412));
#154300=DIRECTION('',(0.,0.,-1.));
#154310=DIRECTION('',(-1.,0.,-0.));
#154320=AXIS2_PLACEMENT_3D('',#154290,#154300,#154310);
#154330=CYLINDRICAL_SURFACE('',#154320,0.150000000000001);
#154340=ORIENTED_EDGE('',*,*,#154170,.F.);
#154350=CARTESIAN_POINT('',(1.03096261607719,0.0999999999999989,
-1.64493396014411));
#154360=DIRECTION('',(0.,0.,-1.));
#154370=DIRECTION('',(-1.,0.,0.));
#154380=AXIS2_PLACEMENT_3D('',#154350,#154360,#154370);
#154390=CIRCLE('',#154380,0.150000000000001);
#154400=CARTESIAN_POINT('',(1.16331555725366,0.170588235294117,
-1.64493396014411));
#154410=VERTEX_POINT('',#154400);
#154420=EDGE_CURVE('',#154080,#154410,#154390,.T.);
#154430=ORIENTED_EDGE('',*,*,#154420,.F.);
#154440=CARTESIAN_POINT('',(1.16331555725366,0.170588235294117,
-1.49493396014411));
#154450=DIRECTION('',(0.,0.,-1.));
#154460=VECTOR('',#154450,1.);
#154470=LINE('',#154440,#154460);
#154480=CARTESIAN_POINT('',(1.16331555725366,0.170588235294117,
-1.49493396014411));
#154490=VERTEX_POINT('',#154480);
#154500=EDGE_CURVE('',#154490,#154410,#154470,.T.);
#154510=ORIENTED_EDGE('',*,*,#154500,.T.);
#154520=CARTESIAN_POINT('',(1.03096261607719,0.0999999999999989,
-1.49493396014411));
#154530=DIRECTION('',(0.,0.,-1.));
#154540=DIRECTION('',(-1.,0.,0.));
#154550=AXIS2_PLACEMENT_3D('',#154520,#154530,#154540);
#154560=CIRCLE('',#154550,0.150000000000001);
#154570=EDGE_CURVE('',#154160,#154490,#154560,.T.);
#154580=ORIENTED_EDGE('',*,*,#154570,.T.);
#154590=EDGE_LOOP('',(#154580,#154510,#154430,#154340));
#154600=FACE_OUTER_BOUND('',#154590,.T.);
#154610=ADVANCED_FACE('',(#154600),#154330,.T.);
#154620=CARTESIAN_POINT('',(1.1627258396066,0.171693955882352,
-1.49118081014411));
#154630=DIRECTION('',(0.88235294117647,0.470588235294118,0.));
#154640=DIRECTION('',(0.470588235294118,-0.88235294117647,0.));
#154650=AXIS2_PLACEMENT_3D('',#154620,#154630,#154640);
#154660=PLANE('',#154650);
#154670=ORIENTED_EDGE('',*,*,#154500,.F.);
#154680=CARTESIAN_POINT('',(0.907629282743856,0.649999999999997,
-1.64493396014411));
#154690=DIRECTION('',(0.470588235294118,-0.88235294117647,-0.));
#154700=VECTOR('',#154690,1.);
#154710=LINE('',#154680,#154700);
#154720=EDGE_CURVE('',#154410,#153230,#154710,.T.);
#154730=ORIENTED_EDGE('',*,*,#154720,.F.);
#154740=ORIENTED_EDGE('',*,*,#153240,.T.);
#154750=CARTESIAN_POINT('',(0.907629282743856,0.649999999999997,
-1.49493396014411));
#154760=DIRECTION('',(-0.470588235294118,0.88235294117647,-0.));
#154770=VECTOR('',#154760,1.);
#154780=LINE('',#154750,#154770);
#154790=EDGE_CURVE('',#153150,#154490,#154780,.T.);
#154800=ORIENTED_EDGE('',*,*,#154790,.F.);
#154810=EDGE_LOOP('',(#154800,#154740,#154730,#154670));
#154820=FACE_OUTER_BOUND('',#154810,.T.);
#154830=ADVANCED_FACE('',(#154820),#154660,.T.);
#154840=CARTESIAN_POINT('',(1.50496576607719,-0.00625315000000093,
-2.04493396014411));
#154850=DIRECTION('',(0.,0.,-1.));
#154860=DIRECTION('',(-1.,0.,-0.));
#154870=AXIS2_PLACEMENT_3D('',#154840,#154850,#154860);
#154880=PLANE('',#154870);
#154890=ORIENTED_EDGE('',*,*,#40800,.T.);
#154900=CARTESIAN_POINT('',(1.03096261607719,0.1,-2.04493396014411));
#154910=DIRECTION('',(0.,0.,-1.));
#154920=DIRECTION('',(-1.,0.,-0.));
#154930=AXIS2_PLACEMENT_3D('',#154900,#154910,#154920);
#154940=CIRCLE('',#154930,0.0499999999999985);
#154950=CARTESIAN_POINT('',(1.07508026313601,0.123529411764705,
-2.04493396014411));
#154960=VERTEX_POINT('',#154950);
#154970=EDGE_CURVE('',#40730,#154960,#154940,.T.);
#154980=ORIENTED_EDGE('',*,*,#154970,.F.);
#154990=CARTESIAN_POINT('',(0.794295949410517,0.649999999999997,
-2.04493396014411));
#155000=DIRECTION('',(-0.470588235294126,0.882352941176466,0.));
#155010=VECTOR('',#155000,1.);
#155020=LINE('',#154990,#155010);
#155030=CARTESIAN_POINT('',(1.09860967490072,0.0794117647058811,
-2.04493396014411));
#155040=VERTEX_POINT('',#155030);
#155050=EDGE_CURVE('',#155040,#154960,#155020,.T.);
#155060=ORIENTED_EDGE('',*,*,#155050,.T.);
#155070=CARTESIAN_POINT('',(1.23096261607719,0.149999999999998,
-2.04493396014411));
#155080=DIRECTION('',(0.,0.,-1.));
#155090=DIRECTION('',(-1.,0.,0.));
#155100=AXIS2_PLACEMENT_3D('',#155070,#155080,#155090);
#155110=CIRCLE('',#155100,0.149999999999999);
#155120=CARTESIAN_POINT('',(1.23096261607719,-9.99200722162641E-16,
-2.04493396014411));
#155130=VERTEX_POINT('',#155120);
#155140=EDGE_CURVE('',#155130,#155040,#155110,.T.);
#155150=ORIENTED_EDGE('',*,*,#155140,.T.);
#155160=CARTESIAN_POINT('',(0.860962616077189,0.,-2.04493396014411));
#155170=DIRECTION('',(-1.,-0.,0.));
#155180=VECTOR('',#155170,1.);
#155190=LINE('',#155160,#155180);
#155200=CARTESIAN_POINT('',(1.49096261607719,0.,-2.04493396014411));
#155210=VERTEX_POINT('',#155200);
#155220=EDGE_CURVE('',#155210,#155130,#155190,.T.);
#155230=ORIENTED_EDGE('',*,*,#155220,.T.);
#155240=CARTESIAN_POINT('',(1.49096261607719,0.649999999999997,
-2.04493396014411));
#155250=DIRECTION('',(0.,-1.,0.));
#155260=VECTOR('',#155250,1.);
#155270=LINE('',#155240,#155260);
#155280=CARTESIAN_POINT('',(1.49096261607719,0.099999999999999,
-2.04493396014411));
#155290=VERTEX_POINT('',#155280);
#155300=EDGE_CURVE('',#155290,#155210,#155270,.T.);
#155310=ORIENTED_EDGE('',*,*,#155300,.T.);
#155320=CARTESIAN_POINT('',(0.860962616077189,0.099999999999999,
-2.04493396014411));
#155330=DIRECTION('',(1.,-0.,0.));
#155340=VECTOR('',#155330,1.);
#155350=LINE('',#155320,#155340);
#155360=CARTESIAN_POINT('',(1.23096261607719,0.099999999999999,
-2.04493396014411));
#155370=VERTEX_POINT('',#155360);
#155380=EDGE_CURVE('',#155370,#155290,#155350,.T.);
#155390=ORIENTED_EDGE('',*,*,#155380,.T.);
#155400=CARTESIAN_POINT('',(1.23096261607719,0.149999999999998,
-2.04493396014411));
#155410=DIRECTION('',(0.,0.,-1.));
#155420=DIRECTION('',(-1.,0.,-0.));
#155430=AXIS2_PLACEMENT_3D('',#155400,#155410,#155420);
#155440=CIRCLE('',#155430,0.0499999999999981);
#155450=CARTESIAN_POINT('',(1.18684496901837,0.126470588235293,
-2.04493396014411));
#155460=VERTEX_POINT('',#155450);
#155470=EDGE_CURVE('',#155370,#155460,#155440,.T.);
#155480=ORIENTED_EDGE('',*,*,#155470,.F.);
#155490=CARTESIAN_POINT('',(0.907629282743856,0.649999999999997,
-2.04493396014411));
#155500=DIRECTION('',(0.470588235294118,-0.88235294117647,0.));
#155510=VECTOR('',#155500,1.);
#155520=LINE('',#155490,#155510);
#155530=CARTESIAN_POINT('',(1.16331555725366,0.170588235294117,
-2.04493396014411));
#155540=VERTEX_POINT('',#155530);
#155550=EDGE_CURVE('',#155540,#155460,#155520,.T.);
#155560=ORIENTED_EDGE('',*,*,#155550,.T.);
#155570=CARTESIAN_POINT('',(1.03096261607719,0.0999999999999989,
-2.04493396014411));
#155580=DIRECTION('',(0.,0.,-1.));
#155590=DIRECTION('',(-1.,0.,0.));
#155600=AXIS2_PLACEMENT_3D('',#155570,#155580,#155590);
#155610=CIRCLE('',#155600,0.150000000000001);
#155620=CARTESIAN_POINT('',(1.03096261607719,0.249999999999999,
-2.04493396014411));
#155630=VERTEX_POINT('',#155620);
#155640=EDGE_CURVE('',#155630,#155540,#155610,.T.);
#155650=ORIENTED_EDGE('',*,*,#155640,.T.);
#155660=CARTESIAN_POINT('',(0.860962616077189,0.249999999999999,
-2.04493396014411));
#155670=DIRECTION('',(1.,-0.,0.));
#155680=VECTOR('',#155670,1.);
#155690=LINE('',#155660,#155680);
#155700=EDGE_CURVE('',#32880,#155630,#155690,.T.);
#155710=ORIENTED_EDGE('',*,*,#155700,.T.);
#155720=ORIENTED_EDGE('',*,*,#32890,.F.);
#155730=EDGE_LOOP('',(#155720,#155710,#155650,#155560,#155480,#155390,
#155310,#155230,#155150,#155060,#154980,#154890));
#155740=FACE_OUTER_BOUND('',#155730,.T.);
#155750=ADVANCED_FACE('',(#155740),#154880,.T.);
#155760=CARTESIAN_POINT('',(1.23096261607719,0.149999999999998,
-1.89112096014412));
#155770=DIRECTION('',(0.,0.,-1.));
#155780=DIRECTION('',(-1.,0.,-0.));
#155790=AXIS2_PLACEMENT_3D('',#155760,#155770,#155780);
#155800=CYLINDRICAL_SURFACE('',#155790,0.0499999999999981);
#155810=CARTESIAN_POINT('',(1.23096261607719,0.099999999999999,
-1.89493396014411));
#155820=DIRECTION('',(0.,0.,-1.));
#155830=VECTOR('',#155820,1.);
#155840=LINE('',#155810,#155830);
#155850=CARTESIAN_POINT('',(1.23096261607719,0.099999999999999,
-1.89493396014411));
#155860=VERTEX_POINT('',#155850);
#155870=EDGE_CURVE('',#155860,#155370,#155840,.T.);
#155880=ORIENTED_EDGE('',*,*,#155870,.T.);
#155890=CARTESIAN_POINT('',(1.23096261607719,0.149999999999998,
-1.89493396014411));
#155900=DIRECTION('',(0.,0.,-1.));
#155910=DIRECTION('',(-1.,0.,-0.));
#155920=AXIS2_PLACEMENT_3D('',#155890,#155900,#155910);
#155930=CIRCLE('',#155920,0.0499999999999981);
#155940=CARTESIAN_POINT('',(1.18684496901837,0.126470588235293,
-1.89493396014411));
#155950=VERTEX_POINT('',#155940);
#155960=EDGE_CURVE('',#155860,#155950,#155930,.T.);
#155970=ORIENTED_EDGE('',*,*,#155960,.F.);
#155980=CARTESIAN_POINT('',(1.18684496901837,0.126470588235293,
-1.89493396014411));
#155990=DIRECTION('',(0.,0.,-1.));
#156000=VECTOR('',#155990,1.);
#156010=LINE('',#155980,#156000);
#156020=EDGE_CURVE('',#155950,#155460,#156010,.T.);
#156030=ORIENTED_EDGE('',*,*,#156020,.F.);
#156040=ORIENTED_EDGE('',*,*,#155470,.T.);
#156050=EDGE_LOOP('',(#156040,#156030,#155970,#155880));
#156060=FACE_OUTER_BOUND('',#156050,.T.);
#156070=ADVANCED_FACE('',(#156060),#155800,.F.);
#156080=CARTESIAN_POINT('',(1.03096261607719,0.0999999999999989,
-1.89116296014411));
#156090=DIRECTION('',(0.,0.,-1.));
#156100=DIRECTION('',(-1.,0.,-0.));
#156110=AXIS2_PLACEMENT_3D('',#156080,#156090,#156100);
#156120=CYLINDRICAL_SURFACE('',#156110,0.150000000000001);
#156130=CARTESIAN_POINT('',(1.03096261607719,0.249999999999999,
-1.89493396014411));
#156140=DIRECTION('',(0.,0.,-1.));
#156150=VECTOR('',#156140,1.);
#156160=LINE('',#156130,#156150);
#156170=CARTESIAN_POINT('',(1.03096261607719,0.249999999999999,
-1.89493396014411));
#156180=VERTEX_POINT('',#156170);
#156190=EDGE_CURVE('',#156180,#155630,#156160,.T.);
#156200=ORIENTED_EDGE('',*,*,#156190,.F.);
#156210=ORIENTED_EDGE('',*,*,#155640,.F.);
#156220=CARTESIAN_POINT('',(1.16331555725366,0.170588235294117,
-1.89493396014411));
#156230=DIRECTION('',(0.,0.,-1.));
#156240=VECTOR('',#156230,1.);
#156250=LINE('',#156220,#156240);
#156260=CARTESIAN_POINT('',(1.16331555725366,0.170588235294117,
-1.89493396014411));
#156270=VERTEX_POINT('',#156260);
#156280=EDGE_CURVE('',#156270,#155540,#156250,.T.);
#156290=ORIENTED_EDGE('',*,*,#156280,.T.);
#156300=CARTESIAN_POINT('',(1.03096261607719,0.0999999999999989,
-1.89493396014411));
#156310=DIRECTION('',(0.,0.,-1.));
#156320=DIRECTION('',(-1.,0.,0.));
#156330=AXIS2_PLACEMENT_3D('',#156300,#156310,#156320);
#156340=CIRCLE('',#156330,0.150000000000001);
#156350=EDGE_CURVE('',#156180,#156270,#156340,.T.);
#156360=ORIENTED_EDGE('',*,*,#156350,.T.);
#156370=EDGE_LOOP('',(#156360,#156290,#156210,#156200));
#156380=FACE_OUTER_BOUND('',#156370,.T.);
#156390=ADVANCED_FACE('',(#156380),#156120,.T.);
#156400=CARTESIAN_POINT('',(1.03096261607719,0.0999999999999981,
-2.69112096014412));
#156410=DIRECTION('',(0.,0.,-1.));
#156420=DIRECTION('',(-1.,0.,-0.));
#156430=AXIS2_PLACEMENT_3D('',#156400,#156410,#156420);
#156440=CYLINDRICAL_SURFACE('',#156430,0.0500000000000004);
#156450=ORIENTED_EDGE('',*,*,#41200,.T.);
#156460=CARTESIAN_POINT('',(1.03096261607719,0.0999999999999981,
-2.69493396014412));
#156470=DIRECTION('',(0.,0.,-1.));
#156480=DIRECTION('',(-1.,0.,-0.));
#156490=AXIS2_PLACEMENT_3D('',#156460,#156470,#156480);
#156500=CIRCLE('',#156490,0.0500000000000004);
#156510=CARTESIAN_POINT('',(1.07508026313601,0.123529411764705,
-2.69493396014412));
#156520=VERTEX_POINT('',#156510);
#156530=EDGE_CURVE('',#41110,#156520,#156500,.T.);
#156540=ORIENTED_EDGE('',*,*,#156530,.F.);
#156550=CARTESIAN_POINT('',(1.07508026313601,0.123529411764705,
-2.69493396014412));
#156560=DIRECTION('',(0.,0.,-1.));
#156570=VECTOR('',#156560,1.);
#156580=LINE('',#156550,#156570);
#156590=CARTESIAN_POINT('',(1.07508026313601,0.123529411764705,
-2.84493396014412));
#156600=VERTEX_POINT('',#156590);
#156610=EDGE_CURVE('',#156520,#156600,#156580,.T.);
#156620=ORIENTED_EDGE('',*,*,#156610,.F.);
#156630=CARTESIAN_POINT('',(1.03096261607719,0.0999999999999981,
-2.84493396014412));
#156640=DIRECTION('',(0.,0.,-1.));
#156650=DIRECTION('',(-1.,0.,-0.));
#156660=AXIS2_PLACEMENT_3D('',#156630,#156640,#156650);
#156670=CIRCLE('',#156660,0.0500000000000004);
#156680=EDGE_CURVE('',#41190,#156600,#156670,.T.);
#156690=ORIENTED_EDGE('',*,*,#156680,.T.);
#156700=EDGE_LOOP('',(#156690,#156620,#156540,#156450));
#156710=FACE_OUTER_BOUND('',#156700,.T.);
#156720=ADVANCED_FACE('',(#156710),#156440,.F.);
#156730=CARTESIAN_POINT('',(1.23096261607719,0.149999999999998,
-2.69116296014412));
#156740=DIRECTION('',(0.,0.,-1.));
#156750=DIRECTION('',(-1.,0.,-0.));
#156760=AXIS2_PLACEMENT_3D('',#156730,#156740,#156750);
#156770=CYLINDRICAL_SURFACE('',#156760,0.149999999999999);
#156780=CARTESIAN_POINT('',(1.23096261607719,-9.99200722162641E-16,
-2.69493396014412));
#156790=DIRECTION('',(0.,0.,-1.));
#156800=VECTOR('',#156790,1.);
#156810=LINE('',#156780,#156800);
#156820=CARTESIAN_POINT('',(1.23096261607719,0.,-2.69493396014412));
#156830=VERTEX_POINT('',#156820);
#156840=CARTESIAN_POINT('',(1.23096261607719,-9.99200722162641E-16,
-2.84493396014412));
#156850=VERTEX_POINT('',#156840);
#156860=EDGE_CURVE('',#156830,#156850,#156810,.T.);
#156870=ORIENTED_EDGE('',*,*,#156860,.F.);
#156880=CARTESIAN_POINT('',(1.23096261607719,0.149999999999998,
-2.84493396014412));
#156890=DIRECTION('',(0.,0.,-1.));
#156900=DIRECTION('',(-1.,0.,0.));
#156910=AXIS2_PLACEMENT_3D('',#156880,#156890,#156900);
#156920=CIRCLE('',#156910,0.149999999999999);
#156930=CARTESIAN_POINT('',(1.09860967490072,0.0794117647058811,
-2.84493396014412));
#156940=VERTEX_POINT('',#156930);
#156950=EDGE_CURVE('',#156850,#156940,#156920,.T.);
#156960=ORIENTED_EDGE('',*,*,#156950,.F.);
#156970=CARTESIAN_POINT('',(1.09860967490072,0.0794117647058811,
-2.69493396014412));
#156980=DIRECTION('',(0.,0.,-1.));
#156990=VECTOR('',#156980,1.);
#157000=LINE('',#156970,#156990);
#157010=CARTESIAN_POINT('',(1.09860967490072,0.0794117647058811,
-2.69493396014412));
#157020=VERTEX_POINT('',#157010);
#157030=EDGE_CURVE('',#157020,#156940,#157000,.T.);
#157040=ORIENTED_EDGE('',*,*,#157030,.T.);
#157050=CARTESIAN_POINT('',(1.23096261607719,0.149999999999998,
-2.69493396014412));
#157060=DIRECTION('',(0.,0.,-1.));
#157070=DIRECTION('',(-1.,0.,0.));
#157080=AXIS2_PLACEMENT_3D('',#157050,#157060,#157070);
#157090=CIRCLE('',#157080,0.149999999999999);
#157100=EDGE_CURVE('',#156830,#157020,#157090,.T.);
#157110=ORIENTED_EDGE('',*,*,#157100,.T.);
#157120=EDGE_LOOP('',(#157110,#157040,#156960,#156870));
#157130=FACE_OUTER_BOUND('',#157120,.T.);
#157140=ADVANCED_FACE('',(#157130),#156770,.T.);
#157150=CARTESIAN_POINT('',(1.23096261607719,0.15,-2.69112096014412));
#157160=DIRECTION('',(0.,0.,-1.));
#157170=DIRECTION('',(-1.,0.,-0.));
#157180=AXIS2_PLACEMENT_3D('',#157150,#157160,#157170);
#157190=CYLINDRICAL_SURFACE('',#157180,0.0500000000000006);
#157200=CARTESIAN_POINT('',(1.23096261607719,0.099999999999999,
-2.69493396014412));
#157210=DIRECTION('',(0.,0.,-1.));
#157220=VECTOR('',#157210,1.);
#157230=LINE('',#157200,#157220);
#157240=CARTESIAN_POINT('',(1.23096261607719,0.099999999999999,
-2.69493396014412));
#157250=VERTEX_POINT('',#157240);
#157260=CARTESIAN_POINT('',(1.23096261607719,0.099999999999999,
-2.84493396014412));
#157270=VERTEX_POINT('',#157260);
#157280=EDGE_CURVE('',#157250,#157270,#157230,.T.);
#157290=ORIENTED_EDGE('',*,*,#157280,.T.);
#157300=CARTESIAN_POINT('',(1.23096261607719,0.15,-2.69493396014412));
#157310=DIRECTION('',(0.,0.,-1.));
#157320=DIRECTION('',(-1.,0.,-0.));
#157330=AXIS2_PLACEMENT_3D('',#157300,#157310,#157320);
#157340=CIRCLE('',#157330,0.0500000000000006);
#157350=CARTESIAN_POINT('',(1.18684496901837,0.126470588235293,
-2.69493396014412));
#157360=VERTEX_POINT('',#157350);
#157370=EDGE_CURVE('',#157250,#157360,#157340,.T.);
#157380=ORIENTED_EDGE('',*,*,#157370,.F.);
#157390=CARTESIAN_POINT('',(1.18684496901837,0.126470588235293,
-2.69493396014412));
#157400=DIRECTION('',(0.,0.,-1.));
#157410=VECTOR('',#157400,1.);
#157420=LINE('',#157390,#157410);
#157430=CARTESIAN_POINT('',(1.18684496901837,0.126470588235293,
-2.84493396014412));
#157440=VERTEX_POINT('',#157430);
#157450=EDGE_CURVE('',#157360,#157440,#157420,.T.);
#157460=ORIENTED_EDGE('',*,*,#157450,.F.);
#157470=CARTESIAN_POINT('',(1.23096261607719,0.15,-2.84493396014412));
#157480=DIRECTION('',(0.,0.,-1.));
#157490=DIRECTION('',(-1.,0.,-0.));
#157500=AXIS2_PLACEMENT_3D('',#157470,#157480,#157490);
#157510=CIRCLE('',#157500,0.0500000000000006);
#157520=EDGE_CURVE('',#157270,#157440,#157510,.T.);
#157530=ORIENTED_EDGE('',*,*,#157520,.T.);
#157540=EDGE_LOOP('',(#157530,#157460,#157380,#157290));
#157550=FACE_OUTER_BOUND('',#157540,.T.);
#157560=ADVANCED_FACE('',(#157550),#157190,.F.);
#157570=CARTESIAN_POINT('',(1.03096261607719,0.0999999999999989,
-2.69116296014411));
#157580=DIRECTION('',(0.,0.,-1.));
#157590=DIRECTION('',(-1.,0.,-0.));
#157600=AXIS2_PLACEMENT_3D('',#157570,#157580,#157590);
#157610=CYLINDRICAL_SURFACE('',#157600,0.150000000000001);
#157620=CARTESIAN_POINT('',(1.03096261607719,0.249999999999999,
-2.69493396014412));
#157630=DIRECTION('',(0.,0.,-1.));
#157640=VECTOR('',#157630,1.);
#157650=LINE('',#157620,#157640);
#157660=CARTESIAN_POINT('',(1.03096261607719,0.249999999999999,
-2.69493396014412));
#157670=VERTEX_POINT('',#157660);
#157680=CARTESIAN_POINT('',(1.03096261607719,0.249999999999999,
-2.84493396014412));
#157690=VERTEX_POINT('',#157680);
#157700=EDGE_CURVE('',#157670,#157690,#157650,.T.);
#157710=ORIENTED_EDGE('',*,*,#157700,.F.);
#157720=CARTESIAN_POINT('',(1.03096261607719,0.0999999999999989,
-2.84493396014412));
#157730=DIRECTION('',(0.,0.,-1.));
#157740=DIRECTION('',(-1.,0.,0.));
#157750=AXIS2_PLACEMENT_3D('',#157720,#157730,#157740);
#157760=CIRCLE('',#157750,0.150000000000001);
#157770=CARTESIAN_POINT('',(1.16331555725366,0.170588235294117,
-2.84493396014412));
#157780=VERTEX_POINT('',#157770);
#157790=EDGE_CURVE('',#157690,#157780,#157760,.T.);
#157800=ORIENTED_EDGE('',*,*,#157790,.F.);
#157810=CARTESIAN_POINT('',(1.16331555725366,0.170588235294117,
-2.69493396014412));
#157820=DIRECTION('',(0.,0.,-1.));
#157830=VECTOR('',#157820,1.);
#157840=LINE('',#157810,#157830);
#157850=CARTESIAN_POINT('',(1.16331555725366,0.170588235294117,
-2.69493396014412));
#157860=VERTEX_POINT('',#157850);
#157870=EDGE_CURVE('',#157860,#157780,#157840,.T.);
#157880=ORIENTED_EDGE('',*,*,#157870,.T.);
#157890=CARTESIAN_POINT('',(1.03096261607719,0.0999999999999989,
-2.69493396014412));
#157900=DIRECTION('',(0.,0.,-1.));
#157910=DIRECTION('',(-1.,0.,0.));
#157920=AXIS2_PLACEMENT_3D('',#157890,#157900,#157910);
#157930=CIRCLE('',#157920,0.150000000000001);
#157940=EDGE_CURVE('',#157670,#157860,#157930,.T.);
#157950=ORIENTED_EDGE('',*,*,#157940,.T.);
#157960=EDGE_LOOP('',(#157950,#157880,#157800,#157710));
#157970=FACE_OUTER_BOUND('',#157960,.T.);
#157980=ADVANCED_FACE('',(#157970),#157610,.T.);
#157990=CARTESIAN_POINT('',(1.1627258396066,0.171693955882352,
-2.69118081014412));
#158000=DIRECTION('',(0.88235294117647,0.470588235294118,0.));
#158010=DIRECTION('',(0.470588235294118,-0.88235294117647,0.));
#158020=AXIS2_PLACEMENT_3D('',#157990,#158000,#158010);
#158030=PLANE('',#158020);
#158040=ORIENTED_EDGE('',*,*,#157870,.F.);
#158050=CARTESIAN_POINT('',(0.907629282743856,0.649999999999997,
-2.84493396014412));
#158060=DIRECTION('',(0.470588235294118,-0.88235294117647,-0.));
#158070=VECTOR('',#158060,1.);
#158080=LINE('',#158050,#158070);
#158090=EDGE_CURVE('',#157780,#157440,#158080,.T.);
#158100=ORIENTED_EDGE('',*,*,#158090,.F.);
#158110=ORIENTED_EDGE('',*,*,#157450,.T.);
#158120=CARTESIAN_POINT('',(0.907629282743856,0.649999999999997,
-2.69493396014412));
#158130=DIRECTION('',(-0.470588235294118,0.88235294117647,-0.));
#158140=VECTOR('',#158130,1.);
#158150=LINE('',#158120,#158140);
#158160=EDGE_CURVE('',#157360,#157860,#158150,.T.);
#158170=ORIENTED_EDGE('',*,*,#158160,.F.);
#158180=EDGE_LOOP('',(#158170,#158110,#158100,#158040));
#158190=FACE_OUTER_BOUND('',#158180,.T.);
#158200=ADVANCED_FACE('',(#158190),#158030,.T.);
#158210=CARTESIAN_POINT('',(1.22445946607719,0.099999999999999,
-2.69118081014412));
#158220=DIRECTION('',(0.,1.,0.));
#158230=DIRECTION('',(1.,-0.,0.));
#158240=AXIS2_PLACEMENT_3D('',#158210,#158220,#158230);
#158250=PLANE('',#158240);
#158260=ORIENTED_EDGE('',*,*,#157280,.F.);
#158270=CARTESIAN_POINT('',(0.860962616077189,0.099999999999999,
-2.84493396014412));
#158280=DIRECTION('',(1.,-0.,0.));
#158290=VECTOR('',#158280,1.);
#158300=LINE('',#158270,#158290);
#158310=CARTESIAN_POINT('',(1.49096261607719,0.099999999999999,
-2.84493396014412));
#158320=VERTEX_POINT('',#158310);
#158330=EDGE_CURVE('',#157270,#158320,#158300,.T.);
#158340=ORIENTED_EDGE('',*,*,#158330,.F.);
#158350=CARTESIAN_POINT('',(1.49096261607719,0.099999999999999,
-3.32993396014411));
#158360=DIRECTION('',(-0.,-0.,1.));
#158370=VECTOR('',#158360,1.);
#158380=LINE('',#158350,#158370);
#158390=CARTESIAN_POINT('',(1.49096261607719,0.099999999999999,
-2.69493396014412));
#158400=VERTEX_POINT('',#158390);
#158410=EDGE_CURVE('',#158320,#158400,#158380,.T.);
#158420=ORIENTED_EDGE('',*,*,#158410,.F.);
#158430=CARTESIAN_POINT('',(0.860962616077189,0.099999999999999,
-2.69493396014412));
#158440=DIRECTION('',(-1.,-0.,0.));
#158450=VECTOR('',#158440,1.);
#158460=LINE('',#158430,#158450);
#158470=EDGE_CURVE('',#158400,#157250,#158460,.T.);
#158480=ORIENTED_EDGE('',*,*,#158470,.F.);
#158490=EDGE_LOOP('',(#158480,#158420,#158340,#158260));
#158500=FACE_OUTER_BOUND('',#158490,.T.);
#158510=ADVANCED_FACE('',(#158500),#158250,.T.);
#158520=CARTESIAN_POINT('',(1.49096261607719,0.102503149999999,
-2.69118081014412));
#158530=DIRECTION('',(1.,0.,0.));
#158540=DIRECTION('',(0.,-1.,0.));
#158550=AXIS2_PLACEMENT_3D('',#158520,#158530,#158540);
#158560=PLANE('',#158550);
#158570=CARTESIAN_POINT('',(1.49096261607719,0.,-3.32993396014411));
#158580=DIRECTION('',(0.,-0.,-1.));
#158590=VECTOR('',#158580,1.);
#158600=LINE('',#158570,#158590);
#158610=CARTESIAN_POINT('',(1.49096261607719,0.,-2.69493396014412));
#158620=VERTEX_POINT('',#158610);
#158630=CARTESIAN_POINT('',(1.49096261607719,0.,-2.84493396014412));
#158640=VERTEX_POINT('',#158630);
#158650=EDGE_CURVE('',#158620,#158640,#158600,.T.);
#158660=ORIENTED_EDGE('',*,*,#158650,.T.);
#158670=CARTESIAN_POINT('',(1.49096261607719,0.649999999999997,
-2.69493396014412));
#158680=DIRECTION('',(-0.,1.,-0.));
#158690=VECTOR('',#158680,1.);
#158700=LINE('',#158670,#158690);
#158710=EDGE_CURVE('',#158620,#158400,#158700,.T.);
#158720=ORIENTED_EDGE('',*,*,#158710,.F.);
#158730=ORIENTED_EDGE('',*,*,#158410,.T.);
#158740=CARTESIAN_POINT('',(1.49096261607719,0.649999999999997,
-2.84493396014412));
#158750=DIRECTION('',(-0.,-1.,-0.));
#158760=VECTOR('',#158750,1.);
#158770=LINE('',#158740,#158760);
#158780=EDGE_CURVE('',#158320,#158640,#158770,.T.);
#158790=ORIENTED_EDGE('',*,*,#158780,.F.);
#158800=EDGE_LOOP('',(#158790,#158730,#158720,#158660));
#158810=FACE_OUTER_BOUND('',#158800,.T.);
#158820=ADVANCED_FACE('',(#158810),#158560,.T.);
#158830=CARTESIAN_POINT('',(1.49746576607719,0.,-2.69118081014412));
#158840=DIRECTION('',(0.,-1.,0.));
#158850=DIRECTION('',(-1.,-0.,0.));
#158860=AXIS2_PLACEMENT_3D('',#158830,#158840,#158850);
#158870=PLANE('',#158860);
#158880=CARTESIAN_POINT('',(0.860962616077189,0.,-2.84493396014412));
#158890=DIRECTION('',(-1.,-0.,-0.));
#158900=VECTOR('',#158890,1.);
#158910=LINE('',#158880,#158900);
#158920=EDGE_CURVE('',#158640,#156850,#158910,.T.);
#158930=ORIENTED_EDGE('',*,*,#158920,.F.);
#158940=ORIENTED_EDGE('',*,*,#156860,.T.);
#158950=CARTESIAN_POINT('',(0.860962616077189,0.,-2.69493396014412));
#158960=DIRECTION('',(1.,-0.,-0.));
#158970=VECTOR('',#158960,1.);
#158980=LINE('',#158950,#158970);
#158990=EDGE_CURVE('',#156830,#158620,#158980,.T.);
#159000=ORIENTED_EDGE('',*,*,#158990,.F.);
#159010=ORIENTED_EDGE('',*,*,#158650,.F.);
#159020=EDGE_LOOP('',(#159010,#159000,#158940,#158930));
#159030=FACE_OUTER_BOUND('',#159020,.T.);
#159040=ADVANCED_FACE('',(#159030),#158870,.T.);
#159050=CARTESIAN_POINT('',(1.09919939254778,0.0783060441176461,
-2.69118081014412));
#159060=DIRECTION('',(-0.882352941176466,-0.470588235294126,0.));
#159070=DIRECTION('',(-0.470588235294126,0.882352941176466,0.));
#159080=AXIS2_PLACEMENT_3D('',#159050,#159060,#159070);
#159090=PLANE('',#159080);
#159100=ORIENTED_EDGE('',*,*,#157030,.F.);
#159110=CARTESIAN_POINT('',(0.794295949410517,0.649999999999997,
-2.84493396014412));
#159120=DIRECTION('',(-0.470588235294126,0.882352941176466,-0.));
#159130=VECTOR('',#159120,1.);
#159140=LINE('',#159110,#159130);
#159150=EDGE_CURVE('',#156940,#156600,#159140,.T.);
#159160=ORIENTED_EDGE('',*,*,#159150,.F.);
#159170=ORIENTED_EDGE('',*,*,#156610,.T.);
#159180=CARTESIAN_POINT('',(0.794295949410517,0.649999999999997,
-2.69493396014412));
#159190=DIRECTION('',(0.470588235294126,-0.882352941176466,-0.));
#159200=VECTOR('',#159190,1.);
#159210=LINE('',#159180,#159200);
#159220=EDGE_CURVE('',#156520,#157020,#159210,.T.);
#159230=ORIENTED_EDGE('',*,*,#159220,.F.);
#159240=EDGE_LOOP('',(#159230,#159170,#159160,#159100));
#159250=FACE_OUTER_BOUND('',#159240,.T.);
#159260=ADVANCED_FACE('',(#159250),#159090,.T.);
#159270=CARTESIAN_POINT('',(1.49096261607719,0.102503149999999,
-3.49118081014411));
#159280=DIRECTION('',(1.,0.,0.));
#159290=DIRECTION('',(0.,-1.,0.));
#159300=AXIS2_PLACEMENT_3D('',#159270,#159280,#159290);
#159310=PLANE('',#159300);
#159320=ORIENTED_EDGE('',*,*,#144220,.T.);
#159330=ORIENTED_EDGE('',*,*,#147360,.F.);
#159340=ORIENTED_EDGE('',*,*,#146510,.T.);
#159350=ORIENTED_EDGE('',*,*,#136220,.F.);
#159360=EDGE_LOOP('',(#159350,#159340,#159330,#159320));
#159370=FACE_OUTER_BOUND('',#159360,.T.);
#159380=ADVANCED_FACE('',(#159370),#159310,.T.);
#159390=CARTESIAN_POINT('',(0.92845946607719,0.249999999999999,
-2.29118081014412));
#159400=DIRECTION('',(0.,1.,0.));
#159410=DIRECTION('',(1.,-0.,0.));
#159420=AXIS2_PLACEMENT_3D('',#159390,#159400,#159410);
#159430=PLANE('',#159420);
#159440=CARTESIAN_POINT('',(0.860962616077189,0.249999999999999,
-2.44493396014412));
#159450=DIRECTION('',(1.,-0.,0.));
#159460=VECTOR('',#159450,1.);
#159470=LINE('',#159440,#159460);
#159480=CARTESIAN_POINT('',(1.03096261607719,0.249999999999999,
-2.44493396014412));
#159490=VERTEX_POINT('',#159480);
#159500=EDGE_CURVE('',#32560,#159490,#159470,.T.);
#159510=ORIENTED_EDGE('',*,*,#159500,.F.);
#159520=CARTESIAN_POINT('',(1.03096261607719,0.249999999999999,
-2.29493396014411));
#159530=DIRECTION('',(0.,0.,-1.));
#159540=VECTOR('',#159530,1.);
#159550=LINE('',#159520,#159540);
#159560=CARTESIAN_POINT('',(1.03096261607719,0.249999999999999,
-2.29493396014411));
#159570=VERTEX_POINT('',#159560);
#159580=EDGE_CURVE('',#159570,#159490,#159550,.T.);
#159590=ORIENTED_EDGE('',*,*,#159580,.T.);
#159600=CARTESIAN_POINT('',(0.860962616077189,0.249999999999999,
-2.29493396014411));
#159610=DIRECTION('',(-1.,-0.,0.));
#159620=VECTOR('',#159610,1.);
#159630=LINE('',#159600,#159620);
#159640=EDGE_CURVE('',#159570,#32640,#159630,.T.);
#159650=ORIENTED_EDGE('',*,*,#159640,.F.);
#159660=ORIENTED_EDGE('',*,*,#32650,.T.);
#159670=EDGE_LOOP('',(#159660,#159650,#159590,#159510));
#159680=FACE_OUTER_BOUND('',#159670,.T.);
#159690=ADVANCED_FACE('',(#159680),#159430,.T.);
#159700=CARTESIAN_POINT('',(0.91695946607719,-0.00625315000000093,
-2.29493396014411));
#159710=DIRECTION('',(0.,0.,1.));
#159720=DIRECTION('',(1.,0.,-0.));
#159730=AXIS2_PLACEMENT_3D('',#159700,#159710,#159720);
#159740=PLANE('',#159730);
#159750=ORIENTED_EDGE('',*,*,#159640,.T.);
#159760=CARTESIAN_POINT('',(1.03096261607719,0.0999999999999989,
-2.29493396014411));
#159770=DIRECTION('',(0.,0.,-1.));
#159780=DIRECTION('',(-1.,0.,0.));
#159790=AXIS2_PLACEMENT_3D('',#159760,#159770,#159780);
#159800=CIRCLE('',#159790,0.150000000000001);
#159810=CARTESIAN_POINT('',(1.16331555725366,0.170588235294117,
-2.29493396014411));
#159820=VERTEX_POINT('',#159810);
#159830=EDGE_CURVE('',#159570,#159820,#159800,.T.);
#159840=ORIENTED_EDGE('',*,*,#159830,.F.);
#159850=CARTESIAN_POINT('',(0.907629282743856,0.649999999999997,
-2.29493396014411));
#159860=DIRECTION('',(-0.470588235294118,0.88235294117647,0.));
#159870=VECTOR('',#159860,1.);
#159880=LINE('',#159850,#159870);
#159890=CARTESIAN_POINT('',(1.18684496901837,0.126470588235293,
-2.29493396014411));
#159900=VERTEX_POINT('',#159890);
#159910=EDGE_CURVE('',#159900,#159820,#159880,.T.);
#159920=ORIENTED_EDGE('',*,*,#159910,.T.);
#159930=CARTESIAN_POINT('',(1.23096261607719,0.149999999999998,
-2.29493396014411));
#159940=DIRECTION('',(0.,0.,-1.));
#159950=DIRECTION('',(-1.,0.,-0.));
#159960=AXIS2_PLACEMENT_3D('',#159930,#159940,#159950);
#159970=CIRCLE('',#159960,0.0499999999999981);
#159980=CARTESIAN_POINT('',(1.23096261607719,0.099999999999999,
-2.29493396014411));
#159990=VERTEX_POINT('',#159980);
#160000=EDGE_CURVE('',#159990,#159900,#159970,.T.);
#160010=ORIENTED_EDGE('',*,*,#160000,.T.);
#160020=CARTESIAN_POINT('',(0.860962616077189,0.099999999999999,
-2.29493396014411));
#160030=DIRECTION('',(-1.,0.,0.));
#160040=VECTOR('',#160030,1.);
#160050=LINE('',#160020,#160040);
#160060=CARTESIAN_POINT('',(1.49096261607719,0.099999999999999,
-2.29493396014411));
#160070=VERTEX_POINT('',#160060);
#160080=EDGE_CURVE('',#160070,#159990,#160050,.T.);
#160090=ORIENTED_EDGE('',*,*,#160080,.T.);
#160100=CARTESIAN_POINT('',(1.49096261607719,0.649999999999997,
-2.29493396014411));
#160110=DIRECTION('',(-0.,1.,0.));
#160120=VECTOR('',#160110,1.);
#160130=LINE('',#160100,#160120);
#160140=CARTESIAN_POINT('',(1.49096261607719,0.,-2.29493396014411));
#160150=VERTEX_POINT('',#160140);
#160160=EDGE_CURVE('',#160150,#160070,#160130,.T.);
#160170=ORIENTED_EDGE('',*,*,#160160,.T.);
#160180=CARTESIAN_POINT('',(0.860962616077189,0.,-2.29493396014411));
#160190=DIRECTION('',(1.,0.,0.));
#160200=VECTOR('',#160190,1.);
#160210=LINE('',#160180,#160200);
#160220=CARTESIAN_POINT('',(1.23096261607719,0.,-2.29493396014411));
#160230=VERTEX_POINT('',#160220);
#160240=EDGE_CURVE('',#160230,#160150,#160210,.T.);
#160250=ORIENTED_EDGE('',*,*,#160240,.T.);
#160260=CARTESIAN_POINT('',(1.23096261607719,0.149999999999998,
-2.29493396014411));
#160270=DIRECTION('',(0.,0.,-1.));
#160280=DIRECTION('',(-1.,0.,0.));
#160290=AXIS2_PLACEMENT_3D('',#160260,#160270,#160280);
#160300=CIRCLE('',#160290,0.149999999999999);
#160310=CARTESIAN_POINT('',(1.09860967490072,0.0794117647058811,
-2.29493396014411));
#160320=VERTEX_POINT('',#160310);
#160330=EDGE_CURVE('',#160230,#160320,#160300,.T.);
#160340=ORIENTED_EDGE('',*,*,#160330,.F.);
#160350=CARTESIAN_POINT('',(0.794295949410517,0.649999999999997,
-2.29493396014411));
#160360=DIRECTION('',(0.470588235294126,-0.882352941176466,0.));
#160370=VECTOR('',#160360,1.);
#160380=LINE('',#160350,#160370);
#160390=CARTESIAN_POINT('',(1.07508026313601,0.123529411764705,
-2.29493396014411));
#160400=VERTEX_POINT('',#160390);
#160410=EDGE_CURVE('',#160400,#160320,#160380,.T.);
#160420=ORIENTED_EDGE('',*,*,#160410,.T.);
#160430=CARTESIAN_POINT('',(1.03096261607719,0.1,-2.29493396014411));
#160440=DIRECTION('',(0.,0.,-1.));
#160450=DIRECTION('',(-1.,0.,-0.));
#160460=AXIS2_PLACEMENT_3D('',#160430,#160440,#160450);
#160470=CIRCLE('',#160460,0.0499999999999985);
#160480=EDGE_CURVE('',#40880,#160400,#160470,.T.);
#160490=ORIENTED_EDGE('',*,*,#160480,.T.);
#160500=ORIENTED_EDGE('',*,*,#40890,.T.);
#160510=ORIENTED_EDGE('',*,*,#32730,.F.);
#160520=EDGE_LOOP('',(#160510,#160500,#160490,#160420,#160340,#160250,
#160170,#160090,#160010,#159920,#159840,#159750));
#160530=FACE_OUTER_BOUND('',#160520,.T.);
#160540=ADVANCED_FACE('',(#160530),#159740,.T.);
#160550=CARTESIAN_POINT('',(1.1627258396066,0.171693955882352,
-2.29118081014412));
#160560=DIRECTION('',(0.88235294117647,0.470588235294118,0.));
#160570=DIRECTION('',(0.470588235294118,-0.88235294117647,0.));
#160580=AXIS2_PLACEMENT_3D('',#160550,#160560,#160570);
#160590=PLANE('',#160580);
#160600=CARTESIAN_POINT('',(1.16331555725366,0.170588235294117,
-2.29493396014411));
#160610=DIRECTION('',(0.,0.,-1.));
#160620=VECTOR('',#160610,1.);
#160630=LINE('',#160600,#160620);
#160640=CARTESIAN_POINT('',(1.16331555725366,0.170588235294117,
-2.44493396014412));
#160650=VERTEX_POINT('',#160640);
#160660=EDGE_CURVE('',#159820,#160650,#160630,.T.);
#160670=ORIENTED_EDGE('',*,*,#160660,.F.);
#160680=CARTESIAN_POINT('',(0.907629282743856,0.649999999999997,
-2.44493396014412));
#160690=DIRECTION('',(0.470588235294118,-0.88235294117647,-0.));
#160700=VECTOR('',#160690,1.);
#160710=LINE('',#160680,#160700);
#160720=CARTESIAN_POINT('',(1.18684496901837,0.126470588235293,
-2.44493396014412));
#160730=VERTEX_POINT('',#160720);
#160740=EDGE_CURVE('',#160650,#160730,#160710,.T.);
#160750=ORIENTED_EDGE('',*,*,#160740,.F.);
#160760=CARTESIAN_POINT('',(1.18684496901837,0.126470588235293,
-2.29493396014411));
#160770=DIRECTION('',(0.,0.,-1.));
#160780=VECTOR('',#160770,1.);
#160790=LINE('',#160760,#160780);
#160800=EDGE_CURVE('',#159900,#160730,#160790,.T.);
#160810=ORIENTED_EDGE('',*,*,#160800,.T.);
#160820=ORIENTED_EDGE('',*,*,#159910,.F.);
#160830=EDGE_LOOP('',(#160820,#160810,#160750,#160670));
#160840=FACE_OUTER_BOUND('',#160830,.T.);
#160850=ADVANCED_FACE('',(#160840),#160590,.T.);
#160860=CARTESIAN_POINT('',(1.22445946607719,0.099999999999999,
-2.29118081014412));
#160870=DIRECTION('',(0.,1.,0.));
#160880=DIRECTION('',(1.,-0.,0.));
#160890=AXIS2_PLACEMENT_3D('',#160860,#160870,#160880);
#160900=PLANE('',#160890);
#160910=CARTESIAN_POINT('',(1.23096261607719,0.099999999999999,
-2.29493396014411));
#160920=DIRECTION('',(0.,0.,-1.));
#160930=VECTOR('',#160920,1.);
#160940=LINE('',#160910,#160930);
#160950=CARTESIAN_POINT('',(1.23096261607719,0.099999999999999,
-2.44493396014412));
#160960=VERTEX_POINT('',#160950);
#160970=EDGE_CURVE('',#159990,#160960,#160940,.T.);
#160980=ORIENTED_EDGE('',*,*,#160970,.F.);
#160990=CARTESIAN_POINT('',(0.860962616077189,0.099999999999999,
-2.44493396014412));
#161000=DIRECTION('',(1.,-0.,0.));
#161010=VECTOR('',#161000,1.);
#161020=LINE('',#160990,#161010);
#161030=CARTESIAN_POINT('',(1.49096261607719,0.099999999999999,
-2.44493396014412));
#161040=VERTEX_POINT('',#161030);
#161050=EDGE_CURVE('',#160960,#161040,#161020,.T.);
#161060=ORIENTED_EDGE('',*,*,#161050,.F.);
#161070=CARTESIAN_POINT('',(1.49096261607719,0.099999999999999,
-3.32993396014411));
#161080=DIRECTION('',(-0.,-0.,1.));
#161090=VECTOR('',#161080,1.);
#161100=LINE('',#161070,#161090);
#161110=EDGE_CURVE('',#161040,#160070,#161100,.T.);
#161120=ORIENTED_EDGE('',*,*,#161110,.F.);
#161130=ORIENTED_EDGE('',*,*,#160080,.F.);
#161140=EDGE_LOOP('',(#161130,#161120,#161060,#160980));
#161150=FACE_OUTER_BOUND('',#161140,.T.);
#161160=ADVANCED_FACE('',(#161150),#160900,.T.);
#161170=CARTESIAN_POINT('',(1.49746576607719,0.,-2.29118081014412));
#161180=DIRECTION('',(0.,-1.,0.));
#161190=DIRECTION('',(-1.,-0.,0.));
#161200=AXIS2_PLACEMENT_3D('',#161170,#161180,#161190);
#161210=PLANE('',#161200);
#161220=CARTESIAN_POINT('',(0.860962616077189,0.,-2.44493396014412));
#161230=DIRECTION('',(-1.,-0.,-0.));
#161240=VECTOR('',#161230,1.);
#161250=LINE('',#161220,#161240);
#161260=CARTESIAN_POINT('',(1.49096261607719,0.,-2.44493396014412));
#161270=VERTEX_POINT('',#161260);
#161280=CARTESIAN_POINT('',(1.23096261607719,-9.99200722162641E-16,
-2.44493396014412));
#161290=VERTEX_POINT('',#161280);
#161300=EDGE_CURVE('',#161270,#161290,#161250,.T.);
#161310=ORIENTED_EDGE('',*,*,#161300,.F.);
#161320=CARTESIAN_POINT('',(1.23096261607719,-9.99200722162641E-16,
-2.29493396014411));
#161330=DIRECTION('',(0.,0.,-1.));
#161340=VECTOR('',#161330,1.);
#161350=LINE('',#161320,#161340);
#161360=EDGE_CURVE('',#160230,#161290,#161350,.T.);
#161370=ORIENTED_EDGE('',*,*,#161360,.T.);
#161380=ORIENTED_EDGE('',*,*,#160240,.F.);
#161390=CARTESIAN_POINT('',(1.49096261607719,0.,-3.32993396014411));
#161400=DIRECTION('',(0.,-0.,-1.));
#161410=VECTOR('',#161400,1.);
#161420=LINE('',#161390,#161410);
#161430=EDGE_CURVE('',#160150,#161270,#161420,.T.);
#161440=ORIENTED_EDGE('',*,*,#161430,.F.);
#161450=EDGE_LOOP('',(#161440,#161380,#161370,#161310));
#161460=FACE_OUTER_BOUND('',#161450,.T.);
#161470=ADVANCED_FACE('',(#161460),#161210,.T.);
#161480=CARTESIAN_POINT('',(1.09919939254778,0.0783060441176461,
-2.29118081014412));
#161490=DIRECTION('',(-0.882352941176466,-0.470588235294126,0.));
#161500=DIRECTION('',(-0.470588235294126,0.882352941176466,0.));
#161510=AXIS2_PLACEMENT_3D('',#161480,#161490,#161500);
#161520=PLANE('',#161510);
#161530=CARTESIAN_POINT('',(1.09860967490072,0.0794117647058811,
-2.29493396014411));
#161540=DIRECTION('',(0.,0.,-1.));
#161550=VECTOR('',#161540,1.);
#161560=LINE('',#161530,#161550);
#161570=CARTESIAN_POINT('',(1.09860967490072,0.0794117647058811,
-2.44493396014412));
#161580=VERTEX_POINT('',#161570);
#161590=EDGE_CURVE('',#160320,#161580,#161560,.T.);
#161600=ORIENTED_EDGE('',*,*,#161590,.F.);
#161610=CARTESIAN_POINT('',(0.794295949410517,0.649999999999997,
-2.44493396014412));
#161620=DIRECTION('',(-0.470588235294126,0.882352941176466,-0.));
#161630=VECTOR('',#161620,1.);
#161640=LINE('',#161610,#161630);
#161650=CARTESIAN_POINT('',(1.07508026313601,0.123529411764705,
-2.44493396014412));
#161660=VERTEX_POINT('',#161650);
#161670=EDGE_CURVE('',#161580,#161660,#161640,.T.);
#161680=ORIENTED_EDGE('',*,*,#161670,.F.);
#161690=CARTESIAN_POINT('',(1.07508026313601,0.123529411764705,
-2.29493396014411));
#161700=DIRECTION('',(0.,0.,-1.));
#161710=VECTOR('',#161700,1.);
#161720=LINE('',#161690,#161710);
#161730=EDGE_CURVE('',#160400,#161660,#161720,.T.);
#161740=ORIENTED_EDGE('',*,*,#161730,.T.);
#161750=ORIENTED_EDGE('',*,*,#160410,.F.);
#161760=EDGE_LOOP('',(#161750,#161740,#161680,#161600));
#161770=FACE_OUTER_BOUND('',#161760,.T.);
#161780=ADVANCED_FACE('',(#161770),#161520,.T.);
#161790=CARTESIAN_POINT('',(1.50496576607719,-0.00625315000000093,
-2.44493396014412));
#161800=DIRECTION('',(0.,0.,-1.));
#161810=DIRECTION('',(-1.,0.,-0.));
#161820=AXIS2_PLACEMENT_3D('',#161790,#161800,#161810);
#161830=PLANE('',#161820);
#161840=ORIENTED_EDGE('',*,*,#41030,.T.);
#161850=CARTESIAN_POINT('',(1.03096261607719,0.1,-2.44493396014412));
#161860=DIRECTION('',(0.,0.,-1.));
#161870=DIRECTION('',(-1.,0.,-0.));
#161880=AXIS2_PLACEMENT_3D('',#161850,#161860,#161870);
#161890=CIRCLE('',#161880,0.0499999999999985);
#161900=EDGE_CURVE('',#40960,#161660,#161890,.T.);
#161910=ORIENTED_EDGE('',*,*,#161900,.F.);
#161920=ORIENTED_EDGE('',*,*,#161670,.T.);
#161930=CARTESIAN_POINT('',(1.23096261607719,0.149999999999998,
-2.44493396014412));
#161940=DIRECTION('',(0.,0.,-1.));
#161950=DIRECTION('',(-1.,0.,0.));
#161960=AXIS2_PLACEMENT_3D('',#161930,#161940,#161950);
#161970=CIRCLE('',#161960,0.149999999999999);
#161980=EDGE_CURVE('',#161290,#161580,#161970,.T.);
#161990=ORIENTED_EDGE('',*,*,#161980,.T.);
#162000=ORIENTED_EDGE('',*,*,#161300,.T.);
#162010=CARTESIAN_POINT('',(1.49096261607719,0.649999999999997,
-2.44493396014412));
#162020=DIRECTION('',(0.,-1.,0.));
#162030=VECTOR('',#162020,1.);
#162040=LINE('',#162010,#162030);
#162050=EDGE_CURVE('',#161040,#161270,#162040,.T.);
#162060=ORIENTED_EDGE('',*,*,#162050,.T.);
#162070=ORIENTED_EDGE('',*,*,#161050,.T.);
#162080=CARTESIAN_POINT('',(1.23096261607719,0.149999999999998,
-2.44493396014412));
#162090=DIRECTION('',(0.,0.,-1.));
#162100=DIRECTION('',(-1.,0.,-0.));
#162110=AXIS2_PLACEMENT_3D('',#162080,#162090,#162100);
#162120=CIRCLE('',#162110,0.0499999999999981);
#162130=EDGE_CURVE('',#160960,#160730,#162120,.T.);
#162140=ORIENTED_EDGE('',*,*,#162130,.F.);
#162150=ORIENTED_EDGE('',*,*,#160740,.T.);
#162160=CARTESIAN_POINT('',(1.03096261607719,0.0999999999999989,
-2.44493396014412));
#162170=DIRECTION('',(0.,0.,-1.));
#162180=DIRECTION('',(-1.,0.,0.));
#162190=AXIS2_PLACEMENT_3D('',#162160,#162170,#162180);
#162200=CIRCLE('',#162190,0.150000000000001);
#162210=EDGE_CURVE('',#159490,#160650,#162200,.T.);
#162220=ORIENTED_EDGE('',*,*,#162210,.T.);
#162230=ORIENTED_EDGE('',*,*,#159500,.T.);
#162240=ORIENTED_EDGE('',*,*,#32570,.F.);
#162250=EDGE_LOOP('',(#162240,#162230,#162220,#162150,#162140,#162070,
#162060,#162000,#161990,#161920,#161910,#161840));
#162260=FACE_OUTER_BOUND('',#162250,.T.);
#162270=ADVANCED_FACE('',(#162260),#161830,.T.);
#162280=CARTESIAN_POINT('',(1.23096261607719,0.149999999999998,
-2.29112096014411));
#162290=DIRECTION('',(0.,0.,-1.));
#162300=DIRECTION('',(-1.,0.,-0.));
#162310=AXIS2_PLACEMENT_3D('',#162280,#162290,#162300);
#162320=CYLINDRICAL_SURFACE('',#162310,0.0499999999999981);
#162330=ORIENTED_EDGE('',*,*,#160970,.T.);
#162340=ORIENTED_EDGE('',*,*,#160000,.F.);
#162350=ORIENTED_EDGE('',*,*,#160800,.F.);
#162360=ORIENTED_EDGE('',*,*,#162130,.T.);
#162370=EDGE_LOOP('',(#162360,#162350,#162340,#162330));
#162380=FACE_OUTER_BOUND('',#162370,.T.);
#162390=ADVANCED_FACE('',(#162380),#162320,.F.);
#162400=CARTESIAN_POINT('',(1.03096261607719,0.0999999999999989,
-2.29116296014412));
#162410=DIRECTION('',(0.,0.,-1.));
#162420=DIRECTION('',(-1.,0.,-0.));
#162430=AXIS2_PLACEMENT_3D('',#162400,#162410,#162420);
#162440=CYLINDRICAL_SURFACE('',#162430,0.150000000000001);
#162450=ORIENTED_EDGE('',*,*,#159580,.F.);
#162460=ORIENTED_EDGE('',*,*,#162210,.F.);
#162470=ORIENTED_EDGE('',*,*,#160660,.T.);
#162480=ORIENTED_EDGE('',*,*,#159830,.T.);
#162490=EDGE_LOOP('',(#162480,#162470,#162460,#162450));
#162500=FACE_OUTER_BOUND('',#162490,.T.);
#162510=ADVANCED_FACE('',(#162500),#162440,.T.);
#162520=CARTESIAN_POINT('',(1.49096261607719,0.102503149999999,
-2.29118081014412));
#162530=DIRECTION('',(1.,0.,0.));
#162540=DIRECTION('',(0.,-1.,0.));
#162550=AXIS2_PLACEMENT_3D('',#162520,#162530,#162540);
#162560=PLANE('',#162550);
#162570=ORIENTED_EDGE('',*,*,#161430,.T.);
#162580=ORIENTED_EDGE('',*,*,#160160,.F.);
#162590=ORIENTED_EDGE('',*,*,#161110,.T.);
#162600=ORIENTED_EDGE('',*,*,#162050,.F.);
#162610=EDGE_LOOP('',(#162600,#162590,#162580,#162570));
#162620=FACE_OUTER_BOUND('',#162610,.T.);
#162630=ADVANCED_FACE('',(#162620),#162560,.T.);
#162640=CARTESIAN_POINT('',(1.23096261607719,0.149999999999998,
-2.29116296014412));
#162650=DIRECTION('',(0.,0.,-1.));
#162660=DIRECTION('',(-1.,0.,-0.));
#162670=AXIS2_PLACEMENT_3D('',#162640,#162650,#162660);
#162680=CYLINDRICAL_SURFACE('',#162670,0.149999999999999);
#162690=ORIENTED_EDGE('',*,*,#161360,.F.);
#162700=ORIENTED_EDGE('',*,*,#161980,.F.);
#162710=ORIENTED_EDGE('',*,*,#161590,.T.);
#162720=ORIENTED_EDGE('',*,*,#160330,.T.);
#162730=EDGE_LOOP('',(#162720,#162710,#162700,#162690));
#162740=FACE_OUTER_BOUND('',#162730,.T.);
#162750=ADVANCED_FACE('',(#162740),#162680,.T.);
#162760=CARTESIAN_POINT('',(1.23096261607719,0.149999999999998,
-1.89116296014411));
#162770=DIRECTION('',(0.,0.,-1.));
#162780=DIRECTION('',(-1.,0.,-0.));
#162790=AXIS2_PLACEMENT_3D('',#162760,#162770,#162780);
#162800=CYLINDRICAL_SURFACE('',#162790,0.149999999999999);
#162810=CARTESIAN_POINT('',(1.23096261607719,-9.99200722162641E-16,
-1.89493396014411));
#162820=DIRECTION('',(0.,0.,-1.));
#162830=VECTOR('',#162820,1.);
#162840=LINE('',#162810,#162830);
#162850=CARTESIAN_POINT('',(1.23096261607719,0.,-1.89493396014411));
#162860=VERTEX_POINT('',#162850);
#162870=EDGE_CURVE('',#162860,#155130,#162840,.T.);
#162880=ORIENTED_EDGE('',*,*,#162870,.F.);
#162890=ORIENTED_EDGE('',*,*,#155140,.F.);
#162900=CARTESIAN_POINT('',(1.09860967490072,0.0794117647058811,
-1.89493396014411));
#162910=DIRECTION('',(0.,0.,-1.));
#162920=VECTOR('',#162910,1.);
#162930=LINE('',#162900,#162920);
#162940=CARTESIAN_POINT('',(1.09860967490072,0.0794117647058811,
-1.89493396014411));
#162950=VERTEX_POINT('',#162940);
#162960=EDGE_CURVE('',#162950,#155040,#162930,.T.);
#162970=ORIENTED_EDGE('',*,*,#162960,.T.);
#162980=CARTESIAN_POINT('',(1.23096261607719,0.149999999999998,
-1.89493396014411));
#162990=DIRECTION('',(0.,0.,-1.));
#163000=DIRECTION('',(-1.,0.,0.));
#163010=AXIS2_PLACEMENT_3D('',#162980,#162990,#163000);
#163020=CIRCLE('',#163010,0.149999999999999);
#163030=EDGE_CURVE('',#162860,#162950,#163020,.T.);
#163040=ORIENTED_EDGE('',*,*,#163030,.T.);
#163050=EDGE_LOOP('',(#163040,#162970,#162890,#162880));
#163060=FACE_OUTER_BOUND('',#163050,.T.);
#163070=ADVANCED_FACE('',(#163060),#162800,.T.);
#163080=CARTESIAN_POINT('',(1.49746576607719,0.,-1.89118081014412));
#163090=DIRECTION('',(0.,-1.,0.));
#163100=DIRECTION('',(-1.,-0.,0.));
#163110=AXIS2_PLACEMENT_3D('',#163080,#163090,#163100);
#163120=PLANE('',#163110);
#163130=ORIENTED_EDGE('',*,*,#155220,.F.);
#163140=ORIENTED_EDGE('',*,*,#162870,.T.);
#163150=CARTESIAN_POINT('',(0.860962616077189,0.,-1.89493396014411));
#163160=DIRECTION('',(1.,-0.,-0.));
#163170=VECTOR('',#163160,1.);
#163180=LINE('',#163150,#163170);
#163190=CARTESIAN_POINT('',(1.49096261607719,0.,-1.89493396014411));
#163200=VERTEX_POINT('',#163190);
#163210=EDGE_CURVE('',#162860,#163200,#163180,.T.);
#163220=ORIENTED_EDGE('',*,*,#163210,.F.);
#163230=CARTESIAN_POINT('',(1.49096261607719,0.,-3.32993396014411));
#163240=DIRECTION('',(0.,-0.,-1.));
#163250=VECTOR('',#163240,1.);
#163260=LINE('',#163230,#163250);
#163270=EDGE_CURVE('',#163200,#155210,#163260,.T.);
#163280=ORIENTED_EDGE('',*,*,#163270,.F.);
#163290=EDGE_LOOP('',(#163280,#163220,#163140,#163130));
#163300=FACE_OUTER_BOUND('',#163290,.T.);
#163310=ADVANCED_FACE('',(#163300),#163120,.T.);
#163320=CARTESIAN_POINT('',(1.09919939254778,0.0783060441176461,
-1.89118081014412));
#163330=DIRECTION('',(-0.882352941176466,-0.470588235294126,0.));
#163340=DIRECTION('',(-0.470588235294126,0.882352941176466,0.));
#163350=AXIS2_PLACEMENT_3D('',#163320,#163330,#163340);
#163360=PLANE('',#163350);
#163370=ORIENTED_EDGE('',*,*,#162960,.F.);
#163380=ORIENTED_EDGE('',*,*,#155050,.F.);
#163390=CARTESIAN_POINT('',(1.07508026313601,0.123529411764705,
-1.89493396014411));
#163400=DIRECTION('',(0.,0.,-1.));
#163410=VECTOR('',#163400,1.);
#163420=LINE('',#163390,#163410);
#163430=CARTESIAN_POINT('',(1.07508026313601,0.123529411764705,
-1.89493396014411));
#163440=VERTEX_POINT('',#163430);
#163450=EDGE_CURVE('',#163440,#154960,#163420,.T.);
#163460=ORIENTED_EDGE('',*,*,#163450,.T.);
#163470=CARTESIAN_POINT('',(0.794295949410517,0.649999999999997,
-1.89493396014411));
#163480=DIRECTION('',(0.470588235294126,-0.882352941176466,-0.));
#163490=VECTOR('',#163480,1.);
#163500=LINE('',#163470,#163490);
#163510=EDGE_CURVE('',#163440,#162950,#163500,.T.);
#163520=ORIENTED_EDGE('',*,*,#163510,.F.);
#163530=EDGE_LOOP('',(#163520,#163460,#163380,#163370));
#163540=FACE_OUTER_BOUND('',#163530,.T.);
#163550=ADVANCED_FACE('',(#163540),#163360,.T.);
#163560=CARTESIAN_POINT('',(1.03096261607719,0.1,-1.89112096014411));
#163570=DIRECTION('',(0.,0.,-1.));
#163580=DIRECTION('',(-1.,0.,-0.));
#163590=AXIS2_PLACEMENT_3D('',#163560,#163570,#163580);
#163600=CYLINDRICAL_SURFACE('',#163590,0.0499999999999985);
#163610=ORIENTED_EDGE('',*,*,#40740,.T.);
#163620=CARTESIAN_POINT('',(1.03096261607719,0.1,-1.89493396014411));
#163630=DIRECTION('',(0.,0.,-1.));
#163640=DIRECTION('',(-1.,0.,-0.));
#163650=AXIS2_PLACEMENT_3D('',#163620,#163630,#163640);
#163660=CIRCLE('',#163650,0.0499999999999985);
#163670=EDGE_CURVE('',#40650,#163440,#163660,.T.);
#163680=ORIENTED_EDGE('',*,*,#163670,.F.);
#163690=ORIENTED_EDGE('',*,*,#163450,.F.);
#163700=ORIENTED_EDGE('',*,*,#154970,.T.);
#163710=EDGE_LOOP('',(#163700,#163690,#163680,#163610));
#163720=FACE_OUTER_BOUND('',#163710,.T.);
#163730=ADVANCED_FACE('',(#163720),#163600,.F.);
#163740=CARTESIAN_POINT('',(1.03096261607719,0.1,-2.29112096014411));
#163750=DIRECTION('',(0.,0.,-1.));
#163760=DIRECTION('',(-1.,0.,-0.));
#163770=AXIS2_PLACEMENT_3D('',#163740,#163750,#163760);
#163780=CYLINDRICAL_SURFACE('',#163770,0.0499999999999985);
#163790=ORIENTED_EDGE('',*,*,#40970,.T.);
#163800=ORIENTED_EDGE('',*,*,#160480,.F.);
#163810=ORIENTED_EDGE('',*,*,#161730,.F.);
#163820=ORIENTED_EDGE('',*,*,#161900,.T.);
#163830=EDGE_LOOP('',(#163820,#163810,#163800,#163790));
#163840=FACE_OUTER_BOUND('',#163830,.T.);
#163850=ADVANCED_FACE('',(#163840),#163780,.F.);
#163860=CARTESIAN_POINT('',(0.92845946607719,0.249999999999999,
-2.69118081014412));
#163870=DIRECTION('',(0.,1.,0.));
#163880=DIRECTION('',(1.,-0.,0.));
#163890=AXIS2_PLACEMENT_3D('',#163860,#163870,#163880);
#163900=PLANE('',#163890);
#163910=CARTESIAN_POINT('',(0.860962616077189,0.249999999999999,
-2.84493396014412));
#163920=DIRECTION('',(1.,-0.,0.));
#163930=VECTOR('',#163920,1.);
#163940=LINE('',#163910,#163930);
#163950=EDGE_CURVE('',#32240,#157690,#163940,.T.);
#163960=ORIENTED_EDGE('',*,*,#163950,.F.);
#163970=ORIENTED_EDGE('',*,*,#157700,.T.);
#163980=CARTESIAN_POINT('',(0.860962616077189,0.249999999999999,
-2.69493396014412));
#163990=DIRECTION('',(-1.,-0.,0.));
#164000=VECTOR('',#163990,1.);
#164010=LINE('',#163980,#164000);
#164020=EDGE_CURVE('',#157670,#32320,#164010,.T.);
#164030=ORIENTED_EDGE('',*,*,#164020,.F.);
#164040=ORIENTED_EDGE('',*,*,#32330,.T.);
#164050=EDGE_LOOP('',(#164040,#164030,#163970,#163960));
#164060=FACE_OUTER_BOUND('',#164050,.T.);
#164070=ADVANCED_FACE('',(#164060),#163900,.T.);
#164080=CARTESIAN_POINT('',(1.50496576607719,-0.00625315000000093,
-2.84493396014412));
#164090=DIRECTION('',(0.,0.,-1.));
#164100=DIRECTION('',(-1.,0.,-0.));
#164110=AXIS2_PLACEMENT_3D('',#164080,#164090,#164100);
#164120=PLANE('',#164110);
#164130=ORIENTED_EDGE('',*,*,#41260,.T.);
#164140=ORIENTED_EDGE('',*,*,#156680,.F.);
#164150=ORIENTED_EDGE('',*,*,#159150,.T.);
#164160=ORIENTED_EDGE('',*,*,#156950,.T.);
#164170=ORIENTED_EDGE('',*,*,#158920,.T.);
#164180=ORIENTED_EDGE('',*,*,#158780,.T.);
#164190=ORIENTED_EDGE('',*,*,#158330,.T.);
#164200=ORIENTED_EDGE('',*,*,#157520,.F.);
#164210=ORIENTED_EDGE('',*,*,#158090,.T.);
#164220=ORIENTED_EDGE('',*,*,#157790,.T.);
#164230=ORIENTED_EDGE('',*,*,#163950,.T.);
#164240=ORIENTED_EDGE('',*,*,#32250,.F.);
#164250=EDGE_LOOP('',(#164240,#164230,#164220,#164210,#164200,#164190,
#164180,#164170,#164160,#164150,#164140,#164130));
#164260=FACE_OUTER_BOUND('',#164250,.T.);
#164270=ADVANCED_FACE('',(#164260),#164120,.T.);
#164280=CARTESIAN_POINT('',(0.91695946607719,-0.00625315000000093,
-2.69493396014412));
#164290=DIRECTION('',(0.,0.,1.));
#164300=DIRECTION('',(1.,0.,-0.));
#164310=AXIS2_PLACEMENT_3D('',#164280,#164290,#164300);
#164320=PLANE('',#164310);
#164330=ORIENTED_EDGE('',*,*,#164020,.T.);
#164340=ORIENTED_EDGE('',*,*,#157940,.F.);
#164350=ORIENTED_EDGE('',*,*,#158160,.T.);
#164360=ORIENTED_EDGE('',*,*,#157370,.T.);
#164370=ORIENTED_EDGE('',*,*,#158470,.T.);
#164380=ORIENTED_EDGE('',*,*,#158710,.T.);
#164390=ORIENTED_EDGE('',*,*,#158990,.T.);
#164400=ORIENTED_EDGE('',*,*,#157100,.F.);
#164410=ORIENTED_EDGE('',*,*,#159220,.T.);
#164420=ORIENTED_EDGE('',*,*,#156530,.T.);
#164430=ORIENTED_EDGE('',*,*,#41120,.T.);
#164440=ORIENTED_EDGE('',*,*,#32410,.F.);
#164450=EDGE_LOOP('',(#164440,#164430,#164420,#164410,#164400,#164390,
#164380,#164370,#164360,#164350,#164340,#164330));
#164460=FACE_OUTER_BOUND('',#164450,.T.);
#164470=ADVANCED_FACE('',(#164460),#164320,.T.);
#164480=CARTESIAN_POINT('',(1.49096261607719,0.102503149999999,
-1.89118081014412));
#164490=DIRECTION('',(1.,0.,0.));
#164500=DIRECTION('',(0.,-1.,0.));
#164510=AXIS2_PLACEMENT_3D('',#164480,#164490,#164500);
#164520=PLANE('',#164510);
#164530=ORIENTED_EDGE('',*,*,#163270,.T.);
#164540=CARTESIAN_POINT('',(1.49096261607719,0.649999999999997,
-1.89493396014411));
#164550=DIRECTION('',(-0.,1.,-0.));
#164560=VECTOR('',#164550,1.);
#164570=LINE('',#164540,#164560);
#164580=CARTESIAN_POINT('',(1.49096261607719,0.099999999999999,
-1.89493396014411));
#164590=VERTEX_POINT('',#164580);
#164600=EDGE_CURVE('',#163200,#164590,#164570,.T.);
#164610=ORIENTED_EDGE('',*,*,#164600,.F.);
#164620=CARTESIAN_POINT('',(1.49096261607719,0.099999999999999,
-3.32993396014411));
#164630=DIRECTION('',(0.,-0.,1.));
#164640=VECTOR('',#164630,1.);
#164650=LINE('',#164620,#164640);
#164660=EDGE_CURVE('',#155290,#164590,#164650,.T.);
#164670=ORIENTED_EDGE('',*,*,#164660,.T.);
#164680=ORIENTED_EDGE('',*,*,#155300,.F.);
#164690=EDGE_LOOP('',(#164680,#164670,#164610,#164530));
#164700=FACE_OUTER_BOUND('',#164690,.T.);
#164710=ADVANCED_FACE('',(#164700),#164520,.T.);
#164720=CARTESIAN_POINT('',(0.91695946607719,-0.00625315000000093,
-1.89493396014411));
#164730=DIRECTION('',(0.,0.,1.));
#164740=DIRECTION('',(1.,0.,-0.));
#164750=AXIS2_PLACEMENT_3D('',#164720,#164730,#164740);
#164760=PLANE('',#164750);
#164770=CARTESIAN_POINT('',(0.860962616077189,0.249999999999999,
-1.89493396014411));
#164780=DIRECTION('',(-1.,0.,0.));
#164790=VECTOR('',#164780,1.);
#164800=LINE('',#164770,#164790);
#164810=EDGE_CURVE('',#156180,#32960,#164800,.T.);
#164820=ORIENTED_EDGE('',*,*,#164810,.T.);
#164830=ORIENTED_EDGE('',*,*,#156350,.F.);
#164840=CARTESIAN_POINT('',(0.907629282743856,0.649999999999997,
-1.89493396014411));
#164850=DIRECTION('',(-0.470588235294118,0.88235294117647,0.));
#164860=VECTOR('',#164850,1.);
#164870=LINE('',#164840,#164860);
#164880=EDGE_CURVE('',#155950,#156270,#164870,.T.);
#164890=ORIENTED_EDGE('',*,*,#164880,.T.);
#164900=ORIENTED_EDGE('',*,*,#155960,.T.);
#164910=CARTESIAN_POINT('',(0.860962616077189,0.099999999999999,
-1.89493396014411));
#164920=DIRECTION('',(-1.,0.,0.));
#164930=VECTOR('',#164920,1.);
#164940=LINE('',#164910,#164930);
#164950=EDGE_CURVE('',#164590,#155860,#164940,.T.);
#164960=ORIENTED_EDGE('',*,*,#164950,.T.);
#164970=ORIENTED_EDGE('',*,*,#164600,.T.);
#164980=ORIENTED_EDGE('',*,*,#163210,.T.);
#164990=ORIENTED_EDGE('',*,*,#163030,.F.);
#165000=ORIENTED_EDGE('',*,*,#163510,.T.);
#165010=ORIENTED_EDGE('',*,*,#163670,.T.);
#165020=ORIENTED_EDGE('',*,*,#40660,.T.);
#165030=ORIENTED_EDGE('',*,*,#33050,.F.);
#165040=EDGE_LOOP('',(#165030,#165020,#165010,#165000,#164990,#164980,
#164970,#164960,#164900,#164890,#164830,#164820));
#165050=FACE_OUTER_BOUND('',#165040,.T.);
#165060=ADVANCED_FACE('',(#165050),#164760,.T.);
#165070=CARTESIAN_POINT('',(0.92845946607719,0.249999999999999,
-1.89118081014412));
#165080=DIRECTION('',(0.,1.,0.));
#165090=DIRECTION('',(1.,-0.,0.));
#165100=AXIS2_PLACEMENT_3D('',#165070,#165080,#165090);
#165110=PLANE('',#165100);
#165120=ORIENTED_EDGE('',*,*,#155700,.F.);
#165130=ORIENTED_EDGE('',*,*,#156190,.T.);
#165140=ORIENTED_EDGE('',*,*,#164810,.F.);
#165150=ORIENTED_EDGE('',*,*,#32970,.T.);
#165160=EDGE_LOOP('',(#165150,#165140,#165130,#165120));
#165170=FACE_OUTER_BOUND('',#165160,.T.);
#165180=ADVANCED_FACE('',(#165170),#165110,.T.);
#165190=CARTESIAN_POINT('',(1.1627258396066,0.171693955882352,
-1.89118081014412));
#165200=DIRECTION('',(0.88235294117647,0.470588235294118,0.));
#165210=DIRECTION('',(0.470588235294118,-0.88235294117647,0.));
#165220=AXIS2_PLACEMENT_3D('',#165190,#165200,#165210);
#165230=PLANE('',#165220);
#165240=ORIENTED_EDGE('',*,*,#156280,.F.);
#165250=ORIENTED_EDGE('',*,*,#155550,.F.);
#165260=ORIENTED_EDGE('',*,*,#156020,.T.);
#165270=ORIENTED_EDGE('',*,*,#164880,.F.);
#165280=EDGE_LOOP('',(#165270,#165260,#165250,#165240));
#165290=FACE_OUTER_BOUND('',#165280,.T.);
#165300=ADVANCED_FACE('',(#165290),#165230,.T.);
#165310=CARTESIAN_POINT('',(1.22445946607719,0.099999999999999,
-1.89118081014412));
#165320=DIRECTION('',(0.,1.,0.));
#165330=DIRECTION('',(1.,-0.,0.));
#165340=AXIS2_PLACEMENT_3D('',#165310,#165320,#165330);
#165350=PLANE('',#165340);
#165360=ORIENTED_EDGE('',*,*,#155870,.F.);
#165370=ORIENTED_EDGE('',*,*,#155380,.F.);
#165380=ORIENTED_EDGE('',*,*,#164660,.F.);
#165390=ORIENTED_EDGE('',*,*,#164950,.F.);
#165400=EDGE_LOOP('',(#165390,#165380,#165370,#165360));
#165410=FACE_OUTER_BOUND('',#165400,.T.);
#165420=ADVANCED_FACE('',(#165410),#165350,.T.);
#165430=CARTESIAN_POINT('',(0.91695946607719,-0.00625315000000093,
-1.49493396014411));
#165440=DIRECTION('',(0.,0.,1.));
#165450=DIRECTION('',(1.,0.,-0.));
#165460=AXIS2_PLACEMENT_3D('',#165430,#165440,#165450);
#165470=PLANE('',#165460);
#165480=ORIENTED_EDGE('',*,*,#154230,.T.);
#165490=ORIENTED_EDGE('',*,*,#154570,.F.);
#165500=ORIENTED_EDGE('',*,*,#154790,.T.);
#165510=ORIENTED_EDGE('',*,*,#153160,.T.);
#165520=ORIENTED_EDGE('',*,*,#153620,.T.);
#165530=ORIENTED_EDGE('',*,*,#153860,.T.);
#165540=CARTESIAN_POINT('',(0.860962616077189,0.,-1.49493396014411));
#165550=DIRECTION('',(1.,0.,0.));
#165560=VECTOR('',#165550,1.);
#165570=LINE('',#165540,#165560);
#165580=EDGE_CURVE('',#152620,#153770,#165570,.T.);
#165590=ORIENTED_EDGE('',*,*,#165580,.T.);
#165600=ORIENTED_EDGE('',*,*,#152890,.F.);
#165610=CARTESIAN_POINT('',(0.794295949410517,0.649999999999997,
-1.49493396014411));
#165620=DIRECTION('',(0.470588235294126,-0.882352941176466,0.));
#165630=VECTOR('',#165620,1.);
#165640=LINE('',#165610,#165630);
#165650=EDGE_CURVE('',#152310,#152810,#165640,.T.);
#165660=ORIENTED_EDGE('',*,*,#165650,.T.);
#165670=ORIENTED_EDGE('',*,*,#152320,.T.);
#165680=ORIENTED_EDGE('',*,*,#40430,.T.);
#165690=ORIENTED_EDGE('',*,*,#33370,.F.);
#165700=EDGE_LOOP('',(#165690,#165680,#165670,#165660,#165600,#165590,
#165530,#165520,#165510,#165500,#165490,#165480));
#165710=FACE_OUTER_BOUND('',#165700,.T.);
#165720=ADVANCED_FACE('',(#165710),#165470,.T.);
#165730=CARTESIAN_POINT('',(1.49746576607719,0.,-1.49118081014411));
#165740=DIRECTION('',(0.,-1.,0.));
#165750=DIRECTION('',(-1.,-0.,0.));
#165760=AXIS2_PLACEMENT_3D('',#165730,#165740,#165750);
#165770=PLANE('',#165760);
#165780=CARTESIAN_POINT('',(0.860962616077189,0.,-1.64493396014411));
#165790=DIRECTION('',(-1.,-0.,-0.));
#165800=VECTOR('',#165790,1.);
#165810=LINE('',#165780,#165800);
#165820=EDGE_CURVE('',#153790,#152640,#165810,.T.);
#165830=ORIENTED_EDGE('',*,*,#165820,.F.);
#165840=ORIENTED_EDGE('',*,*,#152650,.T.);
#165850=ORIENTED_EDGE('',*,*,#165580,.F.);
#165860=ORIENTED_EDGE('',*,*,#153800,.F.);
#165870=EDGE_LOOP('',(#165860,#165850,#165840,#165830));
#165880=FACE_OUTER_BOUND('',#165870,.T.);
#165890=ADVANCED_FACE('',(#165880),#165770,.T.);
#165900=CARTESIAN_POINT('',(1.09919939254778,0.0783060441176461,
-1.49118081014411));
#165910=DIRECTION('',(-0.882352941176466,-0.470588235294126,0.));
#165920=DIRECTION('',(-0.470588235294126,0.882352941176466,0.));
#165930=AXIS2_PLACEMENT_3D('',#165900,#165910,#165920);
#165940=PLANE('',#165930);
#165950=ORIENTED_EDGE('',*,*,#152820,.F.);
#165960=CARTESIAN_POINT('',(0.794295949410517,0.649999999999997,
-1.64493396014411));
#165970=DIRECTION('',(-0.470588235294126,0.882352941176466,-0.));
#165980=VECTOR('',#165970,1.);
#165990=LINE('',#165960,#165980);
#166000=EDGE_CURVE('',#152730,#152390,#165990,.T.);
#166010=ORIENTED_EDGE('',*,*,#166000,.F.);
#166020=ORIENTED_EDGE('',*,*,#152400,.T.);
#166030=ORIENTED_EDGE('',*,*,#165650,.F.);
#166040=EDGE_LOOP('',(#166030,#166020,#166010,#165950));
#166050=FACE_OUTER_BOUND('',#166040,.T.);
#166060=ADVANCED_FACE('',(#166050),#165940,.T.);
#166070=CARTESIAN_POINT('',(1.50496576607719,-0.00625315000000093,
-1.64493396014411));
#166080=DIRECTION('',(0.,0.,-1.));
#166090=DIRECTION('',(-1.,0.,-0.));
#166100=AXIS2_PLACEMENT_3D('',#166070,#166080,#166090);
#166110=PLANE('',#166100);
#166120=ORIENTED_EDGE('',*,*,#40570,.T.);
#166130=ORIENTED_EDGE('',*,*,#152470,.F.);
#166140=ORIENTED_EDGE('',*,*,#166000,.T.);
#166150=ORIENTED_EDGE('',*,*,#152740,.T.);
#166160=ORIENTED_EDGE('',*,*,#165820,.T.);
#166170=ORIENTED_EDGE('',*,*,#153930,.T.);
#166180=ORIENTED_EDGE('',*,*,#153480,.T.);
#166190=ORIENTED_EDGE('',*,*,#153310,.F.);
#166200=ORIENTED_EDGE('',*,*,#154720,.T.);
#166210=ORIENTED_EDGE('',*,*,#154420,.T.);
#166220=ORIENTED_EDGE('',*,*,#154090,.T.);
#166230=ORIENTED_EDGE('',*,*,#33210,.F.);
#166240=EDGE_LOOP('',(#166230,#166220,#166210,#166200,#166190,#166180,
#166170,#166160,#166150,#166140,#166130,#166120));
#166250=FACE_OUTER_BOUND('',#166240,.T.);
#166260=ADVANCED_FACE('',(#166250),#166110,.T.);
#166270=CARTESIAN_POINT('',(0.92845946607719,0.249999999999999,
-1.09118081014411));
#166280=DIRECTION('',(0.,1.,0.));
#166290=DIRECTION('',(1.,-0.,0.));
#166300=AXIS2_PLACEMENT_3D('',#166270,#166280,#166290);
#166310=PLANE('',#166300);
#166320=CARTESIAN_POINT('',(0.860962616077189,0.249999999999999,
-1.24493396014411));
#166330=DIRECTION('',(1.,-0.,0.));
#166340=VECTOR('',#166330,1.);
#166350=LINE('',#166320,#166340);
#166360=EDGE_CURVE('',#33520,#149610,#166350,.T.);
#166370=ORIENTED_EDGE('',*,*,#166360,.F.);
#166380=ORIENTED_EDGE('',*,*,#149620,.T.);
#166390=ORIENTED_EDGE('',*,*,#152030,.F.);
#166400=ORIENTED_EDGE('',*,*,#33610,.T.);
#166410=EDGE_LOOP('',(#166400,#166390,#166380,#166370));
#166420=FACE_OUTER_BOUND('',#166410,.T.);
#166430=ADVANCED_FACE('',(#166420),#166310,.T.);
#166440=CARTESIAN_POINT('',(1.50496576607719,-0.00625315000000093,
-1.24493396014411));
#166450=DIRECTION('',(0.,0.,-1.));
#166460=DIRECTION('',(-1.,0.,-0.));
#166470=AXIS2_PLACEMENT_3D('',#166440,#166450,#166460);
#166480=PLANE('',#166470);
#166490=ORIENTED_EDGE('',*,*,#40340,.T.);
#166500=ORIENTED_EDGE('',*,*,#151120,.F.);
#166510=ORIENTED_EDGE('',*,*,#150740,.T.);
#166520=ORIENTED_EDGE('',*,*,#151370,.T.);
#166530=ORIENTED_EDGE('',*,*,#151590,.T.);
#166540=ORIENTED_EDGE('',*,*,#150480,.T.);
#166550=ORIENTED_EDGE('',*,*,#151820,.T.);
#166560=ORIENTED_EDGE('',*,*,#149440,.F.);
#166570=ORIENTED_EDGE('',*,*,#150010,.T.);
#166580=ORIENTED_EDGE('',*,*,#149710,.T.);
#166590=ORIENTED_EDGE('',*,*,#166360,.T.);
#166600=ORIENTED_EDGE('',*,*,#33530,.F.);
#166610=EDGE_LOOP('',(#166600,#166590,#166580,#166570,#166560,#166550,
#166540,#166530,#166520,#166510,#166500,#166490));
#166620=FACE_OUTER_BOUND('',#166610,.T.);
#166630=ADVANCED_FACE('',(#166620),#166480,.T.);
#166640=CARTESIAN_POINT('',(1.50496576607719,-0.00625315000000093,
-0.844933960144115));
#166650=DIRECTION('',(0.,0.,-1.));
#166660=DIRECTION('',(-1.,0.,-0.));
#166670=AXIS2_PLACEMENT_3D('',#166640,#166650,#166660);
#166680=PLANE('',#166670);
#166690=ORIENTED_EDGE('',*,*,#40110,.T.);
#166700=CARTESIAN_POINT('',(1.03096261607719,0.1,-0.844933960144115));
#166710=DIRECTION('',(0.,0.,-1.));
#166720=DIRECTION('',(-1.,0.,-0.));
#166730=AXIS2_PLACEMENT_3D('',#166700,#166710,#166720);
#166740=CIRCLE('',#166730,0.0499999999999985);
#166750=EDGE_CURVE('',#40040,#148940,#166740,.T.);
#166760=ORIENTED_EDGE('',*,*,#166750,.F.);
#166770=ORIENTED_EDGE('',*,*,#148950,.T.);
#166780=ORIENTED_EDGE('',*,*,#148710,.T.);
#166790=CARTESIAN_POINT('',(0.860962616077189,0.,-0.844933960144115));
#166800=DIRECTION('',(-1.,-0.,0.));
#166810=VECTOR('',#166800,1.);
#166820=LINE('',#166790,#166810);
#166830=CARTESIAN_POINT('',(1.49096261607719,0.,-0.844933960144115));
#166840=VERTEX_POINT('',#166830);
#166850=EDGE_CURVE('',#166840,#148610,#166820,.T.);
#166860=ORIENTED_EDGE('',*,*,#166850,.T.);
#166870=CARTESIAN_POINT('',(1.49096261607719,0.649999999999997,
-0.844933960144115));
#166880=DIRECTION('',(0.,-1.,0.));
#166890=VECTOR('',#166880,1.);
#166900=LINE('',#166870,#166890);
#166910=CARTESIAN_POINT('',(1.49096261607719,0.099999999999999,
-0.844933960144115));
#166920=VERTEX_POINT('',#166910);
#166930=EDGE_CURVE('',#166920,#166840,#166900,.T.);
#166940=ORIENTED_EDGE('',*,*,#166930,.T.);
#166950=CARTESIAN_POINT('',(0.860962616077189,0.099999999999999,
-0.844933960144115));
#166960=DIRECTION('',(1.,-0.,0.));
#166970=VECTOR('',#166960,1.);
#166980=LINE('',#166950,#166970);
#166990=CARTESIAN_POINT('',(1.23096261607719,0.099999999999999,
-0.844933960144115));
#167000=VERTEX_POINT('',#166990);
#167010=EDGE_CURVE('',#167000,#166920,#166980,.T.);
#167020=ORIENTED_EDGE('',*,*,#167010,.T.);
#167030=CARTESIAN_POINT('',(1.23096261607719,0.149999999999998,
-0.844933960144115));
#167040=DIRECTION('',(0.,0.,-1.));
#167050=DIRECTION('',(-1.,0.,-0.));
#167060=AXIS2_PLACEMENT_3D('',#167030,#167040,#167050);
#167070=CIRCLE('',#167060,0.0499999999999981);
#167080=CARTESIAN_POINT('',(1.18684496901837,0.126470588235293,
-0.844933960144115));
#167090=VERTEX_POINT('',#167080);
#167100=EDGE_CURVE('',#167000,#167090,#167070,.T.);
#167110=ORIENTED_EDGE('',*,*,#167100,.F.);
#167120=CARTESIAN_POINT('',(0.907629282743856,0.649999999999997,
-0.844933960144115));
#167130=DIRECTION('',(0.470588235294118,-0.88235294117647,0.));
#167140=VECTOR('',#167130,1.);
#167150=LINE('',#167120,#167140);
#167160=CARTESIAN_POINT('',(1.16331555725366,0.170588235294117,
-0.844933960144115));
#167170=VERTEX_POINT('',#167160);
#167180=EDGE_CURVE('',#167170,#167090,#167150,.T.);
#167190=ORIENTED_EDGE('',*,*,#167180,.T.);
#167200=CARTESIAN_POINT('',(1.03096261607719,0.0999999999999989,
-0.844933960144115));
#167210=DIRECTION('',(0.,0.,-1.));
#167220=DIRECTION('',(-1.,0.,0.));
#167230=AXIS2_PLACEMENT_3D('',#167200,#167210,#167220);
#167240=CIRCLE('',#167230,0.150000000000001);
#167250=CARTESIAN_POINT('',(1.03096261607719,0.249999999999999,
-0.844933960144115));
#167260=VERTEX_POINT('',#167250);
#167270=EDGE_CURVE('',#167260,#167170,#167240,.T.);
#167280=ORIENTED_EDGE('',*,*,#167270,.T.);
#167290=CARTESIAN_POINT('',(0.860962616077189,0.249999999999999,
-0.844933960144115));
#167300=DIRECTION('',(1.,-0.,0.));
#167310=VECTOR('',#167300,1.);
#167320=LINE('',#167290,#167310);
#167330=EDGE_CURVE('',#33840,#167260,#167320,.T.);
#167340=ORIENTED_EDGE('',*,*,#167330,.T.);
#167350=ORIENTED_EDGE('',*,*,#33850,.F.);
#167360=EDGE_LOOP('',(#167350,#167340,#167280,#167190,#167110,#167020,
#166940,#166860,#166780,#166770,#166760,#166690));
#167370=FACE_OUTER_BOUND('',#167360,.T.);
#167380=ADVANCED_FACE('',(#167370),#166680,.T.);
#167390=CARTESIAN_POINT('',(1.03096261607719,0.1,-0.691120960144116));
#167400=DIRECTION('',(0.,0.,-1.));
#167410=DIRECTION('',(-1.,0.,-0.));
#167420=AXIS2_PLACEMENT_3D('',#167390,#167400,#167410);
#167430=CYLINDRICAL_SURFACE('',#167420,0.0499999999999985);
#167440=ORIENTED_EDGE('',*,*,#40050,.T.);
#167450=ORIENTED_EDGE('',*,*,#148440,.F.);
#167460=ORIENTED_EDGE('',*,*,#149010,.F.);
#167470=ORIENTED_EDGE('',*,*,#166750,.T.);
#167480=EDGE_LOOP('',(#167470,#167460,#167450,#167440));
#167490=FACE_OUTER_BOUND('',#167480,.T.);
#167500=ADVANCED_FACE('',(#167490),#167430,.F.);
#167510=CARTESIAN_POINT('',(1.49746576607719,0.,-0.691180810144115));
#167520=DIRECTION('',(0.,-1.,0.));
#167530=DIRECTION('',(-1.,-0.,0.));
#167540=AXIS2_PLACEMENT_3D('',#167510,#167520,#167530);
#167550=PLANE('',#167540);
#167560=ORIENTED_EDGE('',*,*,#166850,.F.);
#167570=ORIENTED_EDGE('',*,*,#148620,.T.);
#167580=ORIENTED_EDGE('',*,*,#148200,.F.);
#167590=CARTESIAN_POINT('',(1.49096261607719,0.,-3.32993396014411));
#167600=DIRECTION('',(0.,-0.,-1.));
#167610=VECTOR('',#167600,1.);
#167620=LINE('',#167590,#167610);
#167630=EDGE_CURVE('',#148110,#166840,#167620,.T.);
#167640=ORIENTED_EDGE('',*,*,#167630,.F.);
#167650=EDGE_LOOP('',(#167640,#167580,#167570,#167560));
#167660=FACE_OUTER_BOUND('',#167650,.T.);
#167670=ADVANCED_FACE('',(#167660),#167550,.T.);
#167680=CARTESIAN_POINT('',(1.22445946607719,0.099999999999999,
-0.691180810144115));
#167690=DIRECTION('',(0.,1.,0.));
#167700=DIRECTION('',(1.,-0.,0.));
#167710=AXIS2_PLACEMENT_3D('',#167680,#167690,#167700);
#167720=PLANE('',#167710);
#167730=CARTESIAN_POINT('',(1.23096261607719,0.099999999999999,
-0.694933960144115));
#167740=DIRECTION('',(0.,0.,-1.));
#167750=VECTOR('',#167740,1.);
#167760=LINE('',#167730,#167750);
#167770=EDGE_CURVE('',#147950,#167000,#167760,.T.);
#167780=ORIENTED_EDGE('',*,*,#167770,.F.);
#167790=ORIENTED_EDGE('',*,*,#167010,.F.);
#167800=CARTESIAN_POINT('',(1.49096261607719,0.099999999999999,
-3.32993396014411));
#167810=DIRECTION('',(-0.,-0.,1.));
#167820=VECTOR('',#167810,1.);
#167830=LINE('',#167800,#167820);
#167840=EDGE_CURVE('',#166920,#148030,#167830,.T.);
#167850=ORIENTED_EDGE('',*,*,#167840,.F.);
#167860=ORIENTED_EDGE('',*,*,#148040,.F.);
#167870=EDGE_LOOP('',(#167860,#167850,#167790,#167780));
#167880=FACE_OUTER_BOUND('',#167870,.T.);
#167890=ADVANCED_FACE('',(#167880),#167720,.T.);
#167900=CARTESIAN_POINT('',(1.1627258396066,0.171693955882352,
-0.691180810144115));
#167910=DIRECTION('',(0.88235294117647,0.470588235294118,0.));
#167920=DIRECTION('',(0.470588235294118,-0.88235294117647,0.));
#167930=AXIS2_PLACEMENT_3D('',#167900,#167910,#167920);
#167940=PLANE('',#167930);
#167950=CARTESIAN_POINT('',(1.16331555725366,0.170588235294117,
-0.694933960144115));
#167960=DIRECTION('',(0.,0.,-1.));
#167970=VECTOR('',#167960,1.);
#167980=LINE('',#167950,#167970);
#167990=EDGE_CURVE('',#147780,#167170,#167980,.T.);
#168000=ORIENTED_EDGE('',*,*,#167990,.F.);
#168010=ORIENTED_EDGE('',*,*,#167180,.F.);
#168020=CARTESIAN_POINT('',(1.18684496901837,0.126470588235293,
-0.694933960144115));
#168030=DIRECTION('',(0.,0.,-1.));
#168040=VECTOR('',#168030,1.);
#168050=LINE('',#168020,#168040);
#168060=EDGE_CURVE('',#147860,#167090,#168050,.T.);
#168070=ORIENTED_EDGE('',*,*,#168060,.T.);
#168080=ORIENTED_EDGE('',*,*,#147870,.F.);
#168090=EDGE_LOOP('',(#168080,#168070,#168010,#168000));
#168100=FACE_OUTER_BOUND('',#168090,.T.);
#168110=ADVANCED_FACE('',(#168100),#167940,.T.);
#168120=CARTESIAN_POINT('',(0.92845946607719,0.249999999999999,
-0.691180810144115));
#168130=DIRECTION('',(0.,1.,0.));
#168140=DIRECTION('',(1.,-0.,0.));
#168150=AXIS2_PLACEMENT_3D('',#168120,#168130,#168140);
#168160=PLANE('',#168150);
#168170=ORIENTED_EDGE('',*,*,#167330,.F.);
#168180=CARTESIAN_POINT('',(1.03096261607719,0.249999999999999,
-0.694933960144115));
#168190=DIRECTION('',(0.,0.,-1.));
#168200=VECTOR('',#168190,1.);
#168210=LINE('',#168180,#168200);
#168220=EDGE_CURVE('',#147690,#167260,#168210,.T.);
#168230=ORIENTED_EDGE('',*,*,#168220,.T.);
#168240=ORIENTED_EDGE('',*,*,#147700,.F.);
#168250=ORIENTED_EDGE('',*,*,#33930,.T.);
#168260=EDGE_LOOP('',(#168250,#168240,#168230,#168170));
#168270=FACE_OUTER_BOUND('',#168260,.T.);
#168280=ADVANCED_FACE('',(#168270),#168160,.T.);
#168290=CARTESIAN_POINT('',(1.03096261607719,0.0999999999999989,
-0.691162960144115));
#168300=DIRECTION('',(0.,0.,-1.));
#168310=DIRECTION('',(-1.,0.,-0.));
#168320=AXIS2_PLACEMENT_3D('',#168290,#168300,#168310);
#168330=CYLINDRICAL_SURFACE('',#168320,0.150000000000001);
#168340=ORIENTED_EDGE('',*,*,#168220,.F.);
#168350=ORIENTED_EDGE('',*,*,#167270,.F.);
#168360=ORIENTED_EDGE('',*,*,#167990,.T.);
#168370=ORIENTED_EDGE('',*,*,#147790,.T.);
#168380=EDGE_LOOP('',(#168370,#168360,#168350,#168340));
#168390=FACE_OUTER_BOUND('',#168380,.T.);
#168400=ADVANCED_FACE('',(#168390),#168330,.T.);
#168410=CARTESIAN_POINT('',(1.23096261607719,0.149999999999998,
-0.691120960144115));
#168420=DIRECTION('',(0.,0.,-1.));
#168430=DIRECTION('',(-1.,0.,-0.));
#168440=AXIS2_PLACEMENT_3D('',#168410,#168420,#168430);
#168450=CYLINDRICAL_SURFACE('',#168440,0.0499999999999981);
#168460=ORIENTED_EDGE('',*,*,#167770,.T.);
#168470=ORIENTED_EDGE('',*,*,#147960,.F.);
#168480=ORIENTED_EDGE('',*,*,#168060,.F.);
#168490=ORIENTED_EDGE('',*,*,#167100,.T.);
#168500=EDGE_LOOP('',(#168490,#168480,#168470,#168460));
#168510=FACE_OUTER_BOUND('',#168500,.T.);
#168520=ADVANCED_FACE('',(#168510),#168450,.F.);
#168530=CARTESIAN_POINT('',(1.49096261607719,0.102503149999999,
-0.691180810144115));
#168540=DIRECTION('',(1.,0.,0.));
#168550=DIRECTION('',(0.,-1.,0.));
#168560=AXIS2_PLACEMENT_3D('',#168530,#168540,#168550);
#168570=PLANE('',#168560);
#168580=ORIENTED_EDGE('',*,*,#167630,.T.);
#168590=ORIENTED_EDGE('',*,*,#148120,.F.);
#168600=ORIENTED_EDGE('',*,*,#167840,.T.);
#168610=ORIENTED_EDGE('',*,*,#166930,.F.);
#168620=EDGE_LOOP('',(#168610,#168600,#168590,#168580));
#168630=FACE_OUTER_BOUND('',#168620,.T.);
#168640=ADVANCED_FACE('',(#168630),#168570,.T.);
#168650=CARTESIAN_POINT('',(0.401834466077187,0.939999999999999,
-3.60167499619063));
#168660=DIRECTION('',(0.,1.,0.));
#168670=DIRECTION('',(1.,-0.,0.));
#168680=AXIS2_PLACEMENT_3D('',#168650,#168660,#168670);
#168690=PLANE('',#168680);
#168700=ORIENTED_EDGE('',*,*,#82620,.F.);
#168710=ORIENTED_EDGE('',*,*,#144930,.T.);
#168720=ORIENTED_EDGE('',*,*,#144460,.T.);
#168730=ORIENTED_EDGE('',*,*,#146790,.F.);
#168740=EDGE_LOOP('',(#168730,#168720,#168710,#168700));
#168750=FACE_OUTER_BOUND('',#168740,.T.);
#168760=ADVANCED_FACE('',(#168750),#168690,.T.);
#168770=CARTESIAN_POINT('',(1.03096261607719,0.0999999999999989,
-3.49116296014412));
#168780=DIRECTION('',(0.,0.,-1.));
#168790=DIRECTION('',(-1.,0.,-0.));
#168800=AXIS2_PLACEMENT_3D('',#168770,#168780,#168790);
#168810=CYLINDRICAL_SURFACE('',#168800,0.150000000000001);
#168820=ORIENTED_EDGE('',*,*,#26300,.F.);
#168830=ORIENTED_EDGE('',*,*,#136450,.F.);
#168840=ORIENTED_EDGE('',*,*,#114130,.T.);
#168850=ORIENTED_EDGE('',*,*,#147270,.T.);
#168860=EDGE_LOOP('',(#168850,#168840,#168830,#168820));
#168870=FACE_OUTER_BOUND('',#168860,.T.);
#168880=ADVANCED_FACE('',(#168870),#168810,.T.);
#168890=CARTESIAN_POINT('',(-0.129037383922818,0.329999999999994,
2.65389289887769));
#168900=DIRECTION('',(-0.,1.,-0.));
#168910=DIRECTION('',(-1.,0.,0.));
#168920=AXIS2_PLACEMENT_3D('',#168890,#168900,#168910);
#168930=TOROIDAL_SURFACE('',#168920,0.0999999999999932,
0.0499999999999979);
#168940=CARTESIAN_POINT('',(-0.129037383922802,0.329999999999996,
2.65389289887768));
#168950=DIRECTION('',(0.,1.,0.));
#168960=DIRECTION('',(1.,-0.,0.));
#168970=AXIS2_PLACEMENT_3D('',#168940,#168950,#168960);
#168980=CIRCLE('',#168970,0.0500000000000089);
#168990=CARTESIAN_POINT('',(-0.179037383922811,0.329999999999996,
2.65389289887769));
#169000=VERTEX_POINT('',#168990);
#169010=CARTESIAN_POINT('',(-0.154037383922811,0.329999999999996,
2.69719416906691));
#169020=VERTEX_POINT('',#169010);
#169030=EDGE_CURVE('',#169000,#169020,#168980,.T.);
#169040=ORIENTED_EDGE('',*,*,#169030,.F.);
#169050=CARTESIAN_POINT('',(-0.179037383922808,0.329999999999994,
2.74049543925612));
#169060=DIRECTION('',(-0.866025403784461,0.,-0.499999999999962));
#169070=DIRECTION('',(-0.499999999999962,0.,0.866025403784461));
#169080=AXIS2_PLACEMENT_3D('',#169050,#169060,#169070);
#169090=CIRCLE('',#169080,0.0499999999999974);
#169100=EDGE_CURVE('',#169020,#79870,#169090,.T.);
#169110=ORIENTED_EDGE('',*,*,#169100,.F.);
#169120=ORIENTED_EDGE('',*,*,#80470,.T.);
#169130=CARTESIAN_POINT('',(-0.229037383922811,0.329999999999996,
2.65389289887768));
#169140=DIRECTION('',(0.,0.,1.));
#169150=DIRECTION('',(1.,0.,-0.));
#169160=AXIS2_PLACEMENT_3D('',#169130,#169140,#169150);
#169170=CIRCLE('',#169160,0.0500000000000002);
#169180=EDGE_CURVE('',#80390,#169000,#169170,.T.);
#169190=ORIENTED_EDGE('',*,*,#169180,.F.);
#169200=EDGE_LOOP('',(#169190,#169120,#169110,#169040));
#169210=FACE_OUTER_BOUND('',#169200,.T.);
#169220=ADVANCED_FACE('',(#169210),#168930,.F.);
#169230=CARTESIAN_POINT('',(0.00596261607719217,0.329999999999999,
2.42006603985589));
#169240=DIRECTION('',(-0.,-1.,-0.));
#169250=DIRECTION('',(1.,0.,0.));
#169260=AXIS2_PLACEMENT_3D('',#169230,#169240,#169250);
#169270=TOROIDAL_SURFACE('',#169260,0.369999999999995,0.0500000000000007
);
#169280=CARTESIAN_POINT('',(0.00596261607718929,0.329999999999997,
2.42006603985589));
#169290=DIRECTION('',(0.,-1.,0.));
#169300=DIRECTION('',(-1.,-0.,0.));
#169310=AXIS2_PLACEMENT_3D('',#169280,#169290,#169300);
#169320=CIRCLE('',#169310,0.319999999999997);
#169330=CARTESIAN_POINT('',(0.165962616077189,0.329999999999997,
2.69719416906691));
#169340=VERTEX_POINT('',#169330);
#169350=EDGE_CURVE('',#169340,#169020,#169320,.T.);
#169360=ORIENTED_EDGE('',*,*,#169350,.T.);
#169370=CARTESIAN_POINT('',(0.190962616077191,0.329999999999998,
2.74049543925612));
#169380=DIRECTION('',(-0.866025403784421,0.,0.500000000000031));
#169390=DIRECTION('',(0.500000000000031,0.,0.866025403784421));
#169400=AXIS2_PLACEMENT_3D('',#169370,#169380,#169390);
#169410=CIRCLE('',#169400,0.0500000000000008);
#169420=EDGE_CURVE('',#169340,#79850,#169410,.T.);
#169430=ORIENTED_EDGE('',*,*,#169420,.F.);
#169440=ORIENTED_EDGE('',*,*,#79880,.F.);
#169450=ORIENTED_EDGE('',*,*,#169100,.T.);
#169460=EDGE_LOOP('',(#169450,#169440,#169430,#169360));
#169470=FACE_OUTER_BOUND('',#169460,.T.);
#169480=ADVANCED_FACE('',(#169470),#169270,.F.);
#169490=CARTESIAN_POINT('',(-0.182164611309172,0.401872772613635,
2.75546875309042));
#169500=DIRECTION('',(-0.707106781186553,0.707106781186542,0.));
#169510=DIRECTION('',(0.707106781186542,0.707106781186553,0.));
#169520=AXIS2_PLACEMENT_3D('',#169490,#169500,#169510);
#169530=PLANE('',#169520);
#169540=CARTESIAN_POINT('',(-0.179037383922812,0.404999999999996,
1.39123918083409));
#169550=CARTESIAN_POINT('',(-0.179037383922812,0.404999999999996,
1.38694046205971));
#169560=CARTESIAN_POINT('',(-0.17847247895002,0.405564904972788,
1.38258238175334));
#169570=CARTESIAN_POINT('',(-0.177351047075669,0.406686336847138,
1.37836306116251));
#169580=CARTESIAN_POINT('',(-0.177316305599015,0.406721078323792,
1.3782334042065));
#169590=CARTESIAN_POINT('',(-0.176188635839194,0.407848748083614,
1.37405864742569));
#169600=CARTESIAN_POINT('',(-0.174503734880027,0.409533649042781,
1.36999979859139));
#169610=CARTESIAN_POINT('',(-0.172359104868636,0.411678279054172,
1.36627460258357));
#169620=CARTESIAN_POINT('',(-0.172317887854667,0.411719496068141,
1.36620321262124));
#169630=CARTESIAN_POINT('',(-0.170149982360447,0.413887401562361,
1.36245911647998));
#169640=CARTESIAN_POINT('',(-0.167473507987801,0.416563875935007,
1.35897168661935));
#169650=CARTESIAN_POINT('',(-0.164419824441302,0.419617559481505,
1.35591094323392));
#169660=CARTESIAN_POINT('',(-0.164365365749817,0.41967201817299,
1.35585648454244));
#169670=CARTESIAN_POINT('',(-0.161275691876638,0.422761692046169,
1.35277400709748));
#169680=CARTESIAN_POINT('',(-0.157783831381302,0.426253552541506,
1.35010092309353));
#169690=CARTESIAN_POINT('',(-0.154037383922812,0.429999999999996,
1.34793791064486));
#169700=B_SPLINE_CURVE_WITH_KNOTS('',3,(#169540,#169550,#169560,#169570,
#169580,#169590,#169600,#169610,#169620,#169630,#169640,#169650,#169660,
#169670,#169680,#169690),.UNSPECIFIED.,.F.,.F.,(4,1,2,1,1,2,1,1,2,1,4),(
0.,0.22018304339394,0.223620886332633,0.227262515475586,
0.458278121649283,0.460497425244929,0.462955536586543,0.716561297041054,
0.718829533609402,0.721322014835423,1.),.UNSPECIFIED.);
#169710=CARTESIAN_POINT('',(-0.179037383922811,0.404999999999996,
1.39123918083409));
#169720=VERTEX_POINT('',#169710);
#169730=CARTESIAN_POINT('',(-0.154037383922811,0.429999999999996,
1.34793791064487));
#169740=VERTEX_POINT('',#169730);
#169750=EDGE_CURVE('',#169720,#169740,#169700,.T.);
#169760=ORIENTED_EDGE('',*,*,#169750,.F.);
#169770=CARTESIAN_POINT('',(-0.154037383922811,0.429999999999996,
1.34793791064486));
#169780=CARTESIAN_POINT('',(-0.150311046157122,0.433726337765685,
1.34578650853275));
#169790=CARTESIAN_POINT('',(-0.146276461839962,0.437760922082843,
1.34356440786299));
#169800=CARTESIAN_POINT('',(-0.142195678314941,0.441841705607823,
1.34143033831492));
#169810=CARTESIAN_POINT('',(-0.141659518657114,0.442377865265637,
1.34115091746497));
#169820=CARTESIAN_POINT('',(-0.137852598341652,0.446184785580942,
1.33917378779884));
#169830=CARTESIAN_POINT('',(-0.133723218158827,0.450314165763292,
1.3371335414039));
#169840=CARTESIAN_POINT('',(-0.129827922219996,0.454209461701288,
1.33530574378313));
#169850=CARTESIAN_POINT('',(-0.129236411927065,0.454800971994043,
1.33502925466153));
#169860=CARTESIAN_POINT('',(-0.125372320504829,0.458665063414793,
1.33323051139585));
#169870=CARTESIAN_POINT('',(-0.121158687365794,0.462878696551544,
1.331370551368));
#169880=CARTESIAN_POINT('',(-0.117220872076629,0.466816511838513,
1.32972565012535));
#169890=CARTESIAN_POINT('',(-0.116562650029093,0.467474733885631,
1.32945193995839));
#169900=CARTESIAN_POINT('',(-0.112307458767923,0.471729925143848,
1.32769114396814));
#169910=CARTESIAN_POINT('',(-0.108014415900719,0.476022968008857,
1.32602227654086));
#169920=CARTESIAN_POINT('',(-0.104037383885028,0.480000000024548,
1.32456645581817));
#169930=B_SPLINE_CURVE_WITH_KNOTS('',3,(#169770,#169780,#169790,#169800,
#169810,#169820,#169830,#169840,#169850,#169860,#169870,#169880,#169890,
#169900,#169910,#169920),.UNSPECIFIED.,.F.,.F.,(4,1,2,1,1,2,1,1,2,1,4),(
0.,0.230321363160611,0.246502979987734,0.262845584245442,
0.478408105285671,0.49545836518341,0.513873186773581,0.727982370662291,
0.746687547979298,0.767039618646735,1.),.UNSPECIFIED.);
#169940=CARTESIAN_POINT('',(-0.104037383885028,0.480000000024548,
1.32456645581817));
#169950=VERTEX_POINT('',#169940);
#169960=EDGE_CURVE('',#169740,#169950,#169930,.T.);
#169970=ORIENTED_EDGE('',*,*,#169960,.F.);
#169980=CARTESIAN_POINT('',(-0.054037383922812,0.529999999999997,
1.36181710823413));
#169990=CARTESIAN_POINT('',(-0.058138550101002,0.525898833821807,
1.35854550940136));
#170000=CARTESIAN_POINT('',(-0.062258342854898,0.521779041067036,
1.3553199866868));
#170010=CARTESIAN_POINT('',(-0.0705315639061029,0.51350582001583,
1.34895431237644));
#170020=CARTESIAN_POINT('',(-0.074685001478783,0.509352382438316,
1.34581416033307));
#170030=CARTESIAN_POINT('',(-0.083022348483921,0.501015035433179,
1.33961324522079));
#170040=CARTESIAN_POINT('',(-0.087206265140845,0.496831118770465,
1.33655248218754));
#170050=CARTESIAN_POINT('',(-0.0956017364852649,0.488435647426045,
1.33050505987683));
#170060=CARTESIAN_POINT('',(-0.09981329681305,0.484224087096526,
1.32751840095355));
#170070=CARTESIAN_POINT('',(-0.104037383885028,0.480000000024548,
1.32456645581817));
#170080=B_SPLINE_CURVE_WITH_KNOTS('',3,(#169980,#169990,#170000,#170010,
#170020,#170030,#170040,#170050,#170060,#170070),.UNSPECIFIED.,.F.,.F.,(
4,2,2,2,4),(0.,0.249939037101081,0.499915003303652,0.749935290261486,1.)
,.UNSPECIFIED.);
#170090=CARTESIAN_POINT('',(-0.054037383922812,0.529999999999997,
1.36181710823413));
#170100=VERTEX_POINT('',#170090);
#170110=EDGE_CURVE('',#170100,#169950,#170080,.T.);
#170120=ORIENTED_EDGE('',*,*,#170110,.T.);
#170130=CARTESIAN_POINT('',(-0.0540373839228122,0.529999999999997,
-3.32993396014411));
#170140=DIRECTION('',(0.,0.,-1.));
#170150=VECTOR('',#170140,1.);
#170160=LINE('',#170130,#170150);
#170170=CARTESIAN_POINT('',(-0.054037383922812,0.529999999999997,
2.68331497147766));
#170180=VERTEX_POINT('',#170170);
#170190=EDGE_CURVE('',#170180,#170100,#170160,.T.);
#170200=ORIENTED_EDGE('',*,*,#170190,.T.);
#170210=CARTESIAN_POINT('',(-0.054037383922812,0.529999999999997,
2.68331497147766));
#170220=CARTESIAN_POINT('',(-0.058138550100913,0.525898833821897,
2.68658657031036));
#170230=CARTESIAN_POINT('',(-0.062258342854728,0.521779041067204,
2.68981209302485));
#170240=CARTESIAN_POINT('',(-0.070531563906078,0.513505820015787,
2.696177767335));
#170250=CARTESIAN_POINT('',(-0.074685001479458,0.509352382437412,
2.69931791937814));
#170260=CARTESIAN_POINT('',(-0.083022348488486,0.501015035427551,
2.7055188344895));
#170270=CARTESIAN_POINT('',(-0.0872062651491039,0.496831118760372,
2.70857959752194));
#170280=CARTESIAN_POINT('',(-0.095601736501903,0.488435647405823,
2.71462701983084));
#170290=CARTESIAN_POINT('',(-0.0998132968333409,0.484224087071883,
2.71761367875333));
#170300=CARTESIAN_POINT('',(-0.104037383905227,0.479999999999996,
2.72056562388866));
#170310=B_SPLINE_CURVE_WITH_KNOTS('',3,(#170210,#170220,#170230,#170240,
#170250,#170260,#170270,#170280,#170290,#170300),.UNSPECIFIED.,.F.,.F.,(
4,2,2,2,4),(0.,0.249939037016053,0.499915003173836,0.749935290209257,1.)
,.UNSPECIFIED.);
#170320=CARTESIAN_POINT('',(-0.104037383905227,0.479999999999996,
2.72056562388866));
#170330=VERTEX_POINT('',#170320);
#170340=EDGE_CURVE('',#170180,#170330,#170310,.T.);
#170350=ORIENTED_EDGE('',*,*,#170340,.F.);
#170360=CARTESIAN_POINT('',(-0.104037383905227,0.479999999999996,
2.72056562388866));
#170370=CARTESIAN_POINT('',(-0.108027686502119,0.476009697403104,
2.71910494537545));
#170380=CARTESIAN_POINT('',(-0.112320624479223,0.471716759428927,
2.71743579144283));
#170390=CARTESIAN_POINT('',(-0.116575698598764,0.467461685313313,
2.71567471373456));
#170400=CARTESIAN_POINT('',(-0.117232864758638,0.466804519153991,
2.71540144263996));
#170410=CARTESIAN_POINT('',(-0.121192873138062,0.462844510777501,
2.71374698770289));
#170420=CARTESIAN_POINT('',(-0.125406186465111,0.458631197453483,
2.71188629236058));
#170430=CARTESIAN_POINT('',(-0.129258299127092,0.454779084793466,
2.71009259433642));
#170440=CARTESIAN_POINT('',(-0.129849884709113,0.454187499211675,
2.70981607002245));
#170450=CARTESIAN_POINT('',(-0.133755114783597,0.4502822691383,
2.70798306936888));
#170460=CARTESIAN_POINT('',(-0.137884151290594,0.446153232631933,
2.70594213939025));
#170470=CARTESIAN_POINT('',(-0.141669453257998,0.442367930664736,
2.70397598480651));
#170480=CARTESIAN_POINT('',(-0.142206298296616,0.441831085626133,
2.70369620676876));
#170490=CARTESIAN_POINT('',(-0.146286962319585,0.437750421603219,
2.70156190794332));
#170500=CARTESIAN_POINT('',(-0.150321417364652,0.433715966558155,
2.69933958335956));
#170510=CARTESIAN_POINT('',(-0.154037383922811,0.429999999999996,
2.69719416906691));
#170520=B_SPLINE_CURVE_WITH_KNOTS('',3,(#170360,#170370,#170380,#170390,
#170400,#170410,#170420,#170430,#170440,#170450,#170460,#170470,#170480,
#170490,#170500,#170510),.UNSPECIFIED.,.F.,.F.,(4,1,2,1,1,2,1,1,2,1,4),(
0.,0.233737724873878,0.253312452019599,0.272726194475071,
0.487444862115577,0.504541634815519,0.522902506838842,0.737760045774501,
0.753497020011434,0.770319671131948,1.),.UNSPECIFIED.);
#170530=CARTESIAN_POINT('',(-0.154037383922811,0.429999999999996,
2.69719416906691));
#170540=VERTEX_POINT('',#170530);
#170550=EDGE_CURVE('',#170330,#170540,#170520,.T.);
#170560=ORIENTED_EDGE('',*,*,#170550,.F.);
#170570=CARTESIAN_POINT('',(-0.154037383922812,0.429999999999996,
2.69719416906691));
#170580=CARTESIAN_POINT('',(-0.157783998310189,0.426253385612619,
2.69503106024181));
#170590=CARTESIAN_POINT('',(-0.161275845968996,0.422761537953812,
2.6923579543728));
#170600=CARTESIAN_POINT('',(-0.164365502036926,0.419671881885881,
2.68927545888223));
#170610=CARTESIAN_POINT('',(-0.16441994848765,0.419617435435157,
2.6892210124315));
#170620=CARTESIAN_POINT('',(-0.167473986628123,0.416563397294685,
2.68615988127702));
#170630=CARTESIAN_POINT('',(-0.170150391779772,0.413886992143036,
2.68267239141132));
#170640=CARTESIAN_POINT('',(-0.172318150410204,0.411719233512604,
2.678928412331));
#170650=CARTESIAN_POINT('',(-0.172359344070015,0.411678039852793,
2.67885706281926));
#170660=CARTESIAN_POINT('',(-0.17450408334679,0.409533300576018,
2.67513155290229));
#170670=CARTESIAN_POINT('',(-0.176188886296702,0.407848497626105,
2.67107266590719));
#170680=CARTESIAN_POINT('',(-0.177316390288699,0.406720993634108,
2.66689835943906));
#170690=CARTESIAN_POINT('',(-0.177351127801399,0.406686256121408,
2.66676871727674));
#170700=CARTESIAN_POINT('',(-0.178472519936796,0.405564863986011,
2.66254938662696));
#170710=CARTESIAN_POINT('',(-0.179037383922812,0.404999999999996,
2.6581913057578));
#170720=CARTESIAN_POINT('',(-0.179037383922812,0.404999999999996,
2.65389289887769));
#170730=B_SPLINE_CURVE_WITH_KNOTS('',3,(#170570,#170580,#170590,#170600,
#170610,#170620,#170630,#170640,#170650,#170660,#170670,#170680,#170690,
#170700,#170710,#170720),.UNSPECIFIED.,.F.,.F.,(4,1,2,1,1,2,1,1,2,1,4),(
0.,0.278690402102631,0.281170466390598,0.283449084926231,
0.537075542231993,0.539502574755069,0.541747836338021,0.772755240128566,
0.776379113667365,0.779832932024098,1.),.UNSPECIFIED.);
#170740=CARTESIAN_POINT('',(-0.179037383922811,0.404999999999996,
2.65389289887769));
#170750=VERTEX_POINT('',#170740);
#170760=EDGE_CURVE('',#170540,#170750,#170730,.T.);
#170770=ORIENTED_EDGE('',*,*,#170760,.F.);
#170780=CARTESIAN_POINT('',(-0.179037383922812,0.404999999999995,
-3.32993396014411));
#170790=DIRECTION('',(0.,0.,1.));
#170800=VECTOR('',#170790,1.);
#170810=LINE('',#170780,#170800);
#170820=EDGE_CURVE('',#169720,#170750,#170810,.T.);
#170830=ORIENTED_EDGE('',*,*,#170820,.T.);
#170840=EDGE_LOOP('',(#170830,#170770,#170560,#170350,#170200,#170120,
#169970,#169760));
#170850=FACE_OUTER_BOUND('',#170840,.T.);
#170860=ADVANCED_FACE('',(#170850),#169530,.T.);
#170870=CARTESIAN_POINT('',(0.140962616077183,0.330000000000002,
1.39123918083409));
#170880=DIRECTION('',(-0.,1.,-0.));
#170890=DIRECTION('',(-1.,0.,0.));
#170900=AXIS2_PLACEMENT_3D('',#170870,#170880,#170890);
#170910=TOROIDAL_SURFACE('',#170900,0.10000000000001,0.0500000000000047)
;
#170920=CARTESIAN_POINT('',(0.140962616077195,0.329999999999997,
1.39123918083408));
#170930=DIRECTION('',(0.,1.,0.));
#170940=DIRECTION('',(1.,-0.,0.));
#170950=AXIS2_PLACEMENT_3D('',#170920,#170930,#170940);
#170960=CIRCLE('',#170950,0.0499999999999946);
#170970=CARTESIAN_POINT('',(0.190962616077189,0.329999999999998,
1.39123918083409));
#170980=VERTEX_POINT('',#170970);
#170990=CARTESIAN_POINT('',(0.165962616077189,0.329999999999998,
1.34793791064487));
#171000=VERTEX_POINT('',#170990);
#171010=EDGE_CURVE('',#170980,#171000,#170960,.T.);
#171020=ORIENTED_EDGE('',*,*,#171010,.F.);
#171030=CARTESIAN_POINT('',(0.190962616077188,0.329999999999996,
1.30463664045565));
#171040=DIRECTION('',(-0.866025403784448,0.,-0.499999999999984));
#171050=DIRECTION('',(-0.499999999999984,0.,0.866025403784448));
#171060=AXIS2_PLACEMENT_3D('',#171030,#171040,#171050);
#171070=CIRCLE('',#171060,0.0499999999999987);
#171080=EDGE_CURVE('',#80130,#171000,#171070,.T.);
#171090=ORIENTED_EDGE('',*,*,#171080,.T.);
#171100=ORIENTED_EDGE('',*,*,#80140,.T.);
#171110=CARTESIAN_POINT('',(0.240962616077189,0.329999999999998,
1.39123918083409));
#171120=DIRECTION('',(0.,0.,-1.));
#171130=DIRECTION('',(-1.,0.,-0.));
#171140=AXIS2_PLACEMENT_3D('',#171110,#171120,#171130);
#171150=CIRCLE('',#171140,0.0499999999999998);
#171160=EDGE_CURVE('',#80040,#170980,#171150,.T.);
#171170=ORIENTED_EDGE('',*,*,#171160,.F.);
#171180=EDGE_LOOP('',(#171170,#171100,#171090,#171020));
#171190=FACE_OUTER_BOUND('',#171180,.T.);
#171200=ADVANCED_FACE('',(#171190),#170910,.F.);
#171210=CARTESIAN_POINT('',(0.140962616077179,0.330000000000001,
2.65389289887768));
#171220=DIRECTION('',(-0.,-1.,-0.));
#171230=DIRECTION('',(1.,0.,0.));
#171240=AXIS2_PLACEMENT_3D('',#171210,#171220,#171230);
#171250=TOROIDAL_SURFACE('',#171240,0.100000000000012,0.0500000000000037
);
#171260=CARTESIAN_POINT('',(0.140962616077185,0.329999999999997,
2.65389289887768));
#171270=DIRECTION('',(0.,-1.,0.));
#171280=DIRECTION('',(-1.,-0.,0.));
#171290=AXIS2_PLACEMENT_3D('',#171260,#171270,#171280);
#171300=CIRCLE('',#171290,0.0500000000000037);
#171310=CARTESIAN_POINT('',(0.190962616077189,0.329999999999997,
2.65389289887769));
#171320=VERTEX_POINT('',#171310);
#171330=EDGE_CURVE('',#171320,#169340,#171300,.T.);
#171340=ORIENTED_EDGE('',*,*,#171330,.T.);
#171350=CARTESIAN_POINT('',(0.240962616077189,0.329999999999998,
2.65389289887768));
#171360=DIRECTION('',(0.,0.,1.));
#171370=DIRECTION('',(1.,0.,-0.));
#171380=AXIS2_PLACEMENT_3D('',#171350,#171360,#171370);
#171390=CIRCLE('',#171380,0.0499999999999998);
#171400=EDGE_CURVE('',#171320,#79960,#171390,.T.);
#171410=ORIENTED_EDGE('',*,*,#171400,.F.);
#171420=ORIENTED_EDGE('',*,*,#79970,.F.);
#171430=ORIENTED_EDGE('',*,*,#169420,.T.);
#171440=EDGE_LOOP('',(#171430,#171420,#171410,#171340));
#171450=FACE_OUTER_BOUND('',#171440,.T.);
#171460=ADVANCED_FACE('',(#171450),#171250,.F.);
#171470=CARTESIAN_POINT('',(0.140962616077191,0.327421026024862,
2.65389289887769));
#171480=DIRECTION('',(0.,1.,0.));
#171490=DIRECTION('',(1.,-0.,0.));
#171500=AXIS2_PLACEMENT_3D('',#171470,#171480,#171490);
#171510=CYLINDRICAL_SURFACE('',#171500,0.0499999999999967);
#171520=CARTESIAN_POINT('',(0.190962616077189,0.329999999999997,
2.65389289887769));
#171530=DIRECTION('',(0.,1.,0.));
#171540=VECTOR('',#171530,1.);
#171550=LINE('',#171520,#171540);
#171560=CARTESIAN_POINT('',(0.190962616077189,0.404999999999997,
2.65389289887769));
#171570=VERTEX_POINT('',#171560);
#171580=EDGE_CURVE('',#171320,#171570,#171550,.T.);
#171590=ORIENTED_EDGE('',*,*,#171580,.T.);
#171600=ORIENTED_EDGE('',*,*,#171330,.F.);
#171610=CARTESIAN_POINT('',(0.16596261607719,0.329999999999997,
2.69719416906691));
#171620=DIRECTION('',(0.,1.,0.));
#171630=VECTOR('',#171620,1.);
#171640=LINE('',#171610,#171630);
#171650=CARTESIAN_POINT('',(0.165962616077189,0.429999999999997,
2.69719416906691));
#171660=VERTEX_POINT('',#171650);
#171670=EDGE_CURVE('',#169340,#171660,#171640,.T.);
#171680=ORIENTED_EDGE('',*,*,#171670,.F.);
#171690=CARTESIAN_POINT('',(0.165962616077189,0.429999999999996,
2.69719416906691));
#171700=CARTESIAN_POINT('',(0.169709230464566,0.426253385612618,
2.69503106024181));
#171710=CARTESIAN_POINT('',(0.173201078123374,0.422761537953812,
2.6923579543728));
#171720=CARTESIAN_POINT('',(0.176290734191303,0.419671881885882,
2.68927545888223));
#171730=CARTESIAN_POINT('',(0.176345180642027,0.419617435435158,
2.6892210124315));
#171740=CARTESIAN_POINT('',(0.179399218782501,0.416563397294684,
2.68615988127702));
#171750=CARTESIAN_POINT('',(0.182075623934147,0.413886992143038,
2.68267239141133));
#171760=CARTESIAN_POINT('',(0.18424338256458,0.411719233512605,
2.678928412331));
#171770=CARTESIAN_POINT('',(0.184284576224391,0.411678039852794,
2.67885706281926));
#171780=CARTESIAN_POINT('',(0.186429315501167,0.409533300576019,
2.67513155290229));
#171790=CARTESIAN_POINT('',(0.18811411845108,0.407848497626106,
2.67107266590719));
#171800=CARTESIAN_POINT('',(0.189241622443076,0.40672099363411,
2.66689835943906));
#171810=CARTESIAN_POINT('',(0.189276359955776,0.40668625612141,
2.66676871727674));
#171820=CARTESIAN_POINT('',(0.190397752091172,0.405564863986013,
2.66254938662696));
#171830=CARTESIAN_POINT('',(0.190962616077188,0.404999999999997,
2.65819130575779));
#171840=CARTESIAN_POINT('',(0.190962616077188,0.404999999999997,
2.65389289887769));
#171850=B_SPLINE_CURVE_WITH_KNOTS('',3,(#171690,#171700,#171710,#171720,
#171730,#171740,#171750,#171760,#171770,#171780,#171790,#171800,#171810,
#171820,#171830,#171840),.UNSPECIFIED.,.F.,.F.,(4,1,2,1,1,2,1,1,2,1,4),(
0.,0.278690402102659,0.281170466390601,0.283449084926211,
0.537075542231981,0.539502574755059,0.541747836338014,0.772755240128566,
0.776379113667362,0.77983293202409,1.),.UNSPECIFIED.);
#171860=EDGE_CURVE('',#171660,#171570,#171850,.T.);
#171870=ORIENTED_EDGE('',*,*,#171860,.F.);
#171880=EDGE_LOOP('',(#171870,#171680,#171600,#171590));
#171890=FACE_OUTER_BOUND('',#171880,.T.);
#171900=ADVANCED_FACE('',(#171890),#171510,.T.);
#171910=CARTESIAN_POINT('',(0.00596261607718851,0.326222806745658,
1.62506603985587));
#171920=DIRECTION('',(0.,1.,0.));
#171930=DIRECTION('',(1.,-0.,0.));
#171940=AXIS2_PLACEMENT_3D('',#171910,#171920,#171930);
#171950=CYLINDRICAL_SURFACE('',#171940,0.31999999999999);
#171960=CARTESIAN_POINT('',(0.00596261607718884,0.479999999999977,
1.62506603985587));
#171970=DIRECTION('',(2.23381583631354E-15,-1.,-8.24793539561921E-15));
#171980=DIRECTION('',(1.,2.23381583631354E-15,1.84243687036251E-29));
#171990=AXIS2_PLACEMENT_3D('',#171960,#171970,#171980);
#172000=CIRCLE('',#171990,0.31999999999999);
#172010=CARTESIAN_POINT('',(0.115962616045469,0.480000000018484,
1.32456645581393));
#172020=VERTEX_POINT('',#172010);
#172030=EDGE_CURVE('',#169950,#172020,#172000,.T.);
#172040=ORIENTED_EDGE('',*,*,#172030,.T.);
#172050=ORIENTED_EDGE('',*,*,#169960,.T.);
#172060=CARTESIAN_POINT('',(-0.154037383922811,0.329999999999996,
1.34793791064487));
#172070=DIRECTION('',(0.,1.,0.));
#172080=VECTOR('',#172070,1.);
#172090=LINE('',#172060,#172080);
#172100=CARTESIAN_POINT('',(-0.154037383922811,0.329999999999996,
1.34793791064487));
#172110=VERTEX_POINT('',#172100);
#172120=EDGE_CURVE('',#172110,#169740,#172090,.T.);
#172130=ORIENTED_EDGE('',*,*,#172120,.T.);
#172140=CARTESIAN_POINT('',(0.00596261607718906,0.329999999999997,
1.62506603985588));
#172150=DIRECTION('',(0.,-1.,0.));
#172160=DIRECTION('',(-1.,-0.,0.));
#172170=AXIS2_PLACEMENT_3D('',#172140,#172150,#172160);
#172180=CIRCLE('',#172170,0.319999999999997);
#172190=EDGE_CURVE('',#172110,#171000,#172180,.T.);
#172200=ORIENTED_EDGE('',*,*,#172190,.F.);
#172210=CARTESIAN_POINT('',(0.165962616077189,0.329999999999998,
1.34793791064487));
#172220=DIRECTION('',(0.,1.,0.));
#172230=VECTOR('',#172220,1.);
#172240=LINE('',#172210,#172230);
#172250=CARTESIAN_POINT('',(0.165962616077189,0.429999999999997,
1.34793791064487));
#172260=VERTEX_POINT('',#172250);
#172270=EDGE_CURVE('',#171000,#172260,#172240,.T.);
#172280=ORIENTED_EDGE('',*,*,#172270,.F.);
#172290=CARTESIAN_POINT('',(0.165962616077189,0.429999999999997,
1.34793791064487));
#172300=CARTESIAN_POINT('',(0.162236278311851,0.433726337765334,
1.34578650853296));
#172310=CARTESIAN_POINT('',(0.15820169399508,0.437760922082103,
1.3435644078634));
#172320=CARTESIAN_POINT('',(0.154120910470462,0.44184170560668,
1.34143033831549));
#172330=CARTESIAN_POINT('',(0.153584750812697,0.442377865264432,
1.34115091746557));
#172340=CARTESIAN_POINT('',(0.149777830497617,0.446184785579355,
1.33917378779954));
#172350=CARTESIAN_POINT('',(0.145648450315237,0.450314165761258,
1.33713354140455));
#172360=CARTESIAN_POINT('',(0.141753154376858,0.454209461698803,
1.33530574378354));
#172370=CARTESIAN_POINT('',(0.14116164408401,0.454800971991475,
1.33502925466188));
#172380=CARTESIAN_POINT('',(0.137297552662546,0.458665063411453,
1.33323051139578));
#172390=CARTESIAN_POINT('',(0.133083919524126,0.462878696547588,
1.33137055136702));
#172400=CARTESIAN_POINT('',(0.129146104235539,0.466816511833981,
1.32972565012346));
#172410=CARTESIAN_POINT('',(0.128487882187548,0.467474733881554,
1.32945193995609));
#172420=CARTESIAN_POINT('',(0.12423269092705,0.471729925139098,
1.32769114396462));
#172430=CARTESIAN_POINT('',(0.119939648060462,0.476022968003491,
1.32602227653643));
#172440=CARTESIAN_POINT('',(0.115962616045469,0.480000000018484,
1.32456645581393));
#172450=B_SPLINE_CURVE_WITH_KNOTS('',3,(#172290,#172300,#172310,#172320,
#172330,#172340,#172350,#172360,#172370,#172380,#172390,#172400,#172410,
#172420,#172430,#172440),.UNSPECIFIED.,.F.,.F.,(4,1,2,1,1,2,1,1,2,1,4),(
0.,0.230321363160358,0.24650297998718,0.262845584244617,
0.478408105285318,0.495458365182801,0.513873186772744,0.727982370646686,
0.746687547979565,0.767039618664153,1.),.UNSPECIFIED.);
#172460=EDGE_CURVE('',#172260,#172020,#172450,.T.);
#172470=ORIENTED_EDGE('',*,*,#172460,.F.);
#172480=EDGE_LOOP('',(#172470,#172280,#172200,#172130,#172050,#172040));
#172490=FACE_OUTER_BOUND('',#172480,.T.);
#172500=ADVANCED_FACE('',(#172490),#171950,.T.);
#172510=CARTESIAN_POINT('',(0.00596261607718929,0.476945183092034,
1.62506603985586));
#172520=DIRECTION('',(4.46763167262707E-15,-1.,-1.64958707912384E-14));
#172530=DIRECTION('',(0.,-1.64958707912384E-14,1.));
#172540=AXIS2_PLACEMENT_3D('',#172510,#172520,#172530);
#172550=CONICAL_SURFACE('',#172540,0.323054816907931,0.785398163397417);
#172560=ORIENTED_EDGE('',*,*,#172030,.F.);
#172570=CARTESIAN_POINT('',(0.065962616077188,0.529999999999997,
1.36181710823413));
#172580=CARTESIAN_POINT('',(0.0700637822554691,0.525898833821716,
1.35854550940129));
#172590=CARTESIAN_POINT('',(0.0741835750098571,0.521779041066453,
1.35531998668634));
#172600=CARTESIAN_POINT('',(0.082456796062465,0.513505820013844,
1.34895431237492));
#172610=CARTESIAN_POINT('',(0.086610233635646,0.50935238243583,
1.3458141603312));
#172620=CARTESIAN_POINT('',(0.0949475806417971,0.50101503542968,
1.33961324521821));
#172630=CARTESIAN_POINT('',(0.0991314972992331,0.496831118766455,
1.33655248218462));
#172640=CARTESIAN_POINT('',(0.107526968644675,0.488435647421013,
1.33050505987323));
#172650=CARTESIAN_POINT('',(0.111738528972973,0.48422408709098,
1.32751840094963));
#172660=CARTESIAN_POINT('',(0.115962616045469,0.480000000018484,
1.32456645581393));
#172670=B_SPLINE_CURVE_WITH_KNOTS('',3,(#172570,#172580,#172590,#172600,
#172610,#172620,#172630,#172640,#172650,#172660),.UNSPECIFIED.,.F.,.F.,(
4,2,2,2,4),(0.,0.249939037101035,0.499915003303709,0.749935290261475,1.)
,.UNSPECIFIED.);
#172680=CARTESIAN_POINT('',(0.065962616077188,0.529999999999997,
1.36181710823413));
#172690=VERTEX_POINT('',#172680);
#172700=EDGE_CURVE('',#172690,#172020,#172670,.T.);
#172710=ORIENTED_EDGE('',*,*,#172700,.T.);
#172720=CARTESIAN_POINT('',(0.00596261607718906,0.530000000000015,
1.62506603985586));
#172730=DIRECTION('',(-4.46763167262707E-15,1.,1.64958707912384E-14));
#172740=DIRECTION('',(0.,-1.64958707912384E-14,1.));
#172750=AXIS2_PLACEMENT_3D('',#172720,#172730,#172740);
#172760=CIRCLE('',#172750,0.269999999999953);
#172770=EDGE_CURVE('',#172690,#170100,#172760,.T.);
#172780=ORIENTED_EDGE('',*,*,#172770,.F.);
#172790=ORIENTED_EDGE('',*,*,#170110,.F.);
#172800=EDGE_LOOP('',(#172790,#172780,#172710,#172560));
#172810=FACE_OUTER_BOUND('',#172800,.T.);
#172820=ADVANCED_FACE('',(#172810),#172550,.T.);
#172830=CARTESIAN_POINT('',(-0.0570405339228129,0.529999999999997,
2.72344418985588));
#172840=DIRECTION('',(0.,1.,0.));
#172850=DIRECTION('',(1.,-0.,0.));
#172860=AXIS2_PLACEMENT_3D('',#172830,#172840,#172850);
#172870=PLANE('',#172860);
#172880=CARTESIAN_POINT('',(0.0659626160771871,0.529999999999997,
-3.32993396014411));
#172890=DIRECTION('',(0.,0.,-1.));
#172900=VECTOR('',#172890,1.);
#172910=LINE('',#172880,#172900);
#172920=CARTESIAN_POINT('',(0.065962616077188,0.529999999999997,
2.68331497147766));
#172930=VERTEX_POINT('',#172920);
#172940=EDGE_CURVE('',#172930,#172690,#172910,.T.);
#172950=ORIENTED_EDGE('',*,*,#172940,.T.);
#172960=CARTESIAN_POINT('',(0.0059626160771884,0.529999999999999,
2.42006603985585));
#172970=DIRECTION('',(-2.40564782368463E-15,1.,5.49862359699345E-15));
#172980=DIRECTION('',(0.,-5.49862359699345E-15,1.));
#172990=AXIS2_PLACEMENT_3D('',#172960,#172970,#172980);
#173000=CIRCLE('',#172990,0.270000000000026);
#173010=EDGE_CURVE('',#170180,#172930,#173000,.T.);
#173020=ORIENTED_EDGE('',*,*,#173010,.T.);
#173030=ORIENTED_EDGE('',*,*,#170190,.F.);
#173040=ORIENTED_EDGE('',*,*,#172770,.T.);
#173050=EDGE_LOOP('',(#173040,#173030,#173020,#172950));
#173060=FACE_OUTER_BOUND('',#173050,.T.);
#173070=ADVANCED_FACE('',(#173060),#172870,.T.);
#173080=CARTESIAN_POINT('',(0.140962616077192,0.434065293497427,
1.39123918083408));
#173090=DIRECTION('',(0.,-1.,0.));
#173100=DIRECTION('',(-1.,-0.,0.));
#173110=AXIS2_PLACEMENT_3D('',#173080,#173090,#173100);
#173120=CYLINDRICAL_SURFACE('',#173110,0.0499999999999964);
#173130=ORIENTED_EDGE('',*,*,#172270,.T.);
#173140=ORIENTED_EDGE('',*,*,#171010,.T.);
#173150=CARTESIAN_POINT('',(0.190962616077189,0.404999999999997,
1.39123918083409));
#173160=DIRECTION('',(0.,-1.,0.));
#173170=VECTOR('',#173160,1.);
#173180=LINE('',#173150,#173170);
#173190=CARTESIAN_POINT('',(0.190962616077189,0.404999999999997,
1.39123918083409));
#173200=VERTEX_POINT('',#173190);
#173210=EDGE_CURVE('',#173200,#170980,#173180,.T.);
#173220=ORIENTED_EDGE('',*,*,#173210,.T.);
#173230=CARTESIAN_POINT('',(0.190962616077189,0.404999999999997,
1.39123918083409));
#173240=CARTESIAN_POINT('',(0.190962616077189,0.404999999999997,
1.38694046205971));
#173250=CARTESIAN_POINT('',(0.190397711104397,0.405564904972789,
1.38258238175334));
#173260=CARTESIAN_POINT('',(0.189276279230047,0.40668633684714,
1.37836306116251));
#173270=CARTESIAN_POINT('',(0.189241537753393,0.406721078323794,
1.3782334042065));
#173280=CARTESIAN_POINT('',(0.188113867993571,0.407848748083615,
1.37405864742569));
#173290=CARTESIAN_POINT('',(0.186428967034404,0.409533649042783,
1.36999979859139));
#173300=CARTESIAN_POINT('',(0.184284337023013,0.411678279054173,
1.36627460258357));
#173310=CARTESIAN_POINT('',(0.184243120009043,0.411719496068143,
1.36620321262124));
#173320=CARTESIAN_POINT('',(0.182075214514824,0.413887401562363,
1.36245911647998));
#173330=CARTESIAN_POINT('',(0.179398740142178,0.416563875935008,
1.35897168661935));
#173340=CARTESIAN_POINT('',(0.17634505659568,0.419617559481506,
1.35591094323392));
#173350=CARTESIAN_POINT('',(0.176290597904195,0.419672018172991,
1.35585648454244));
#173360=CARTESIAN_POINT('',(0.173200924031015,0.422761692046172,
1.35277400709748));
#173370=CARTESIAN_POINT('',(0.16970906353568,0.426253552541507,
1.35010092309353));
#173380=CARTESIAN_POINT('',(0.16596261607719,0.429999999999997,
1.34793791064486));
#173390=B_SPLINE_CURVE_WITH_KNOTS('',3,(#173230,#173240,#173250,#173260,
#173270,#173280,#173290,#173300,#173310,#173320,#173330,#173340,#173350,
#173360,#173370,#173380),.UNSPECIFIED.,.F.,.F.,(4,1,2,1,1,2,1,1,2,1,4),(
0.,0.220183043393943,0.223620886332637,0.22726251547559,
0.458278121649272,0.460497425244926,0.462955536586549,0.716561297041041,
0.7188295336094,0.721322014835435,1.),.UNSPECIFIED.);
#173400=EDGE_CURVE('',#173200,#172260,#173390,.T.);
#173410=ORIENTED_EDGE('',*,*,#173400,.F.);
#173420=EDGE_LOOP('',(#173410,#173220,#173140,#173130));
#173430=FACE_OUTER_BOUND('',#173420,.T.);
#173440=ADVANCED_FACE('',(#173430),#173120,.T.);
#173450=CARTESIAN_POINT('',(0.190962616077189,0.406878149999997,
2.68546239182878));
#173460=DIRECTION('',(1.,0.,0.));
#173470=DIRECTION('',(0.,-1.,0.));
#173480=AXIS2_PLACEMENT_3D('',#173450,#173460,#173470);
#173490=PLANE('',#173480);
#173500=CARTESIAN_POINT('',(0.190962616077189,0.329999999999998,
1.39123918083409));
#173510=DIRECTION('',(0.,0.,1.));
#173520=VECTOR('',#173510,1.);
#173530=LINE('',#173500,#173520);
#173540=EDGE_CURVE('',#170980,#171320,#173530,.T.);
#173550=ORIENTED_EDGE('',*,*,#173540,.F.);
#173560=ORIENTED_EDGE('',*,*,#171580,.F.);
#173570=CARTESIAN_POINT('',(0.190962616077189,0.404999999999997,
-3.32993396014411));
#173580=DIRECTION('',(0.,-0.,1.));
#173590=VECTOR('',#173580,1.);
#173600=LINE('',#173570,#173590);
#173610=EDGE_CURVE('',#173200,#171570,#173600,.T.);
#173620=ORIENTED_EDGE('',*,*,#173610,.T.);
#173630=ORIENTED_EDGE('',*,*,#173210,.F.);
#173640=EDGE_LOOP('',(#173630,#173620,#173560,#173550));
#173650=FACE_OUTER_BOUND('',#173640,.T.);
#173660=ADVANCED_FACE('',(#173650),#173490,.T.);
#173670=CARTESIAN_POINT('',(0.24096261607719,0.329999999999998,
1.35960983788299));
#173680=DIRECTION('',(0.,0.,1.));
#173690=DIRECTION('',(1.,0.,-0.));
#173700=AXIS2_PLACEMENT_3D('',#173670,#173680,#173690);
#173710=CYLINDRICAL_SURFACE('',#173700,0.0500000000000004);
#173720=ORIENTED_EDGE('',*,*,#171160,.T.);
#173730=ORIENTED_EDGE('',*,*,#80050,.F.);
#173740=ORIENTED_EDGE('',*,*,#171400,.T.);
#173750=ORIENTED_EDGE('',*,*,#173540,.T.);
#173760=EDGE_LOOP('',(#173750,#173740,#173730,#173720));
#173770=FACE_OUTER_BOUND('',#173760,.T.);
#173780=ADVANCED_FACE('',(#173770),#173710,.F.);
#173790=CARTESIAN_POINT('',(0.00596261607718696,0.329999999999995,
1.62506603985588));
#173800=DIRECTION('',(-0.,-1.,-0.));
#173810=DIRECTION('',(1.,0.,0.));
#173820=AXIS2_PLACEMENT_3D('',#173790,#173800,#173810);
#173830=TOROIDAL_SURFACE('',#173820,0.369999999999993,0.0499999999999999
);
#173840=ORIENTED_EDGE('',*,*,#172190,.T.);
#173850=CARTESIAN_POINT('',(-0.179037383922813,0.329999999999997,
1.30463664045565));
#173860=DIRECTION('',(0.866025403784421,0.,-0.500000000000031));
#173870=DIRECTION('',(-0.500000000000031,0.,-0.866025403784421));
#173880=AXIS2_PLACEMENT_3D('',#173850,#173860,#173870);
#173890=CIRCLE('',#173880,0.0500000000000008);
#173900=EDGE_CURVE('',#172110,#80220,#173890,.T.);
#173910=ORIENTED_EDGE('',*,*,#173900,.F.);
#173920=ORIENTED_EDGE('',*,*,#80230,.F.);
#173930=ORIENTED_EDGE('',*,*,#171080,.F.);
#173940=EDGE_LOOP('',(#173930,#173920,#173910,#173840));
#173950=FACE_OUTER_BOUND('',#173940,.T.);
#173960=ADVANCED_FACE('',(#173950),#173830,.F.);
#173970=CARTESIAN_POINT('',(-0.129037383922806,0.329999999999996,
1.39123918083409));
#173980=DIRECTION('',(-0.,-1.,-0.));
#173990=DIRECTION('',(1.,0.,0.));
#174000=AXIS2_PLACEMENT_3D('',#173970,#173980,#173990);
#174010=TOROIDAL_SURFACE('',#174000,0.100000000000005,0.0499999999999996
);
#174020=ORIENTED_EDGE('',*,*,#80320,.F.);
#174030=ORIENTED_EDGE('',*,*,#173900,.T.);
#174040=CARTESIAN_POINT('',(-0.129037383922811,0.329999999999996,
1.39123918083409));
#174050=DIRECTION('',(0.,-1.,0.));
#174060=DIRECTION('',(-1.,-0.,0.));
#174070=AXIS2_PLACEMENT_3D('',#174040,#174050,#174060);
#174080=CIRCLE('',#174070,0.0499999999999998);
#174090=CARTESIAN_POINT('',(-0.179037383922811,0.329999999999996,
1.39123918083409));
#174100=VERTEX_POINT('',#174090);
#174110=EDGE_CURVE('',#174100,#172110,#174080,.T.);
#174120=ORIENTED_EDGE('',*,*,#174110,.T.);
#174130=CARTESIAN_POINT('',(-0.229037383922811,0.329999999999996,
1.39123918083409));
#174140=DIRECTION('',(0.,0.,-1.));
#174150=DIRECTION('',(-1.,0.,-0.));
#174160=AXIS2_PLACEMENT_3D('',#174130,#174140,#174150);
#174170=CIRCLE('',#174160,0.0499999999999998);
#174180=EDGE_CURVE('',#174100,#80310,#174170,.T.);
#174190=ORIENTED_EDGE('',*,*,#174180,.F.);
#174200=EDGE_LOOP('',(#174190,#174120,#174030,#174020));
#174210=FACE_OUTER_BOUND('',#174200,.T.);
#174220=ADVANCED_FACE('',(#174210),#174010,.F.);
#174230=CARTESIAN_POINT('',(-0.129037383922813,0.327421026024861,
1.39123918083409));
#174240=DIRECTION('',(0.,1.,0.));
#174250=DIRECTION('',(1.,-0.,0.));
#174260=AXIS2_PLACEMENT_3D('',#174230,#174240,#174250);
#174270=CYLINDRICAL_SURFACE('',#174260,0.0499999999999983);
#174280=CARTESIAN_POINT('',(-0.179037383922811,0.329999999999996,
1.39123918083409));
#174290=DIRECTION('',(0.,1.,0.));
#174300=VECTOR('',#174290,1.);
#174310=LINE('',#174280,#174300);
#174320=EDGE_CURVE('',#174100,#169720,#174310,.T.);
#174330=ORIENTED_EDGE('',*,*,#174320,.T.);
#174340=ORIENTED_EDGE('',*,*,#174110,.F.);
#174350=ORIENTED_EDGE('',*,*,#172120,.F.);
#174360=ORIENTED_EDGE('',*,*,#169750,.T.);
#174370=EDGE_LOOP('',(#174360,#174350,#174340,#174330));
#174380=FACE_OUTER_BOUND('',#174370,.T.);
#174390=ADVANCED_FACE('',(#174380),#174270,.T.);
#174400=CARTESIAN_POINT('',(-0.179037383922812,0.328121849999996,
2.68546239182878));
#174410=DIRECTION('',(-1.,0.,0.));
#174420=DIRECTION('',(0.,1.,0.));
#174430=AXIS2_PLACEMENT_3D('',#174400,#174410,#174420);
#174440=PLANE('',#174430);
#174450=ORIENTED_EDGE('',*,*,#174320,.F.);
#174460=ORIENTED_EDGE('',*,*,#170820,.F.);
#174470=CARTESIAN_POINT('',(-0.179037383922812,0.404999999999996,
2.65389289887769));
#174480=DIRECTION('',(0.,-1.,0.));
#174490=VECTOR('',#174480,1.);
#174500=LINE('',#174470,#174490);
#174510=EDGE_CURVE('',#170750,#169000,#174500,.T.);
#174520=ORIENTED_EDGE('',*,*,#174510,.F.);
#174530=CARTESIAN_POINT('',(-0.179037383922811,0.329999999999996,
2.65389289887769));
#174540=DIRECTION('',(0.,0.,-1.));
#174550=VECTOR('',#174540,1.);
#174560=LINE('',#174530,#174550);
#174570=EDGE_CURVE('',#169000,#174100,#174560,.T.);
#174580=ORIENTED_EDGE('',*,*,#174570,.F.);
#174590=EDGE_LOOP('',(#174580,#174520,#174460,#174450));
#174600=FACE_OUTER_BOUND('',#174590,.T.);
#174610=ADVANCED_FACE('',(#174600),#174440,.T.);
#174620=CARTESIAN_POINT('',(0.00596261607718707,0.326222806746326,
2.42006603985591));
#174630=DIRECTION('',(0.,1.,0.));
#174640=DIRECTION('',(1.,-0.,0.));
#174650=AXIS2_PLACEMENT_3D('',#174620,#174630,#174640);
#174660=CYLINDRICAL_SURFACE('',#174650,0.319999999999982);
#174670=ORIENTED_EDGE('',*,*,#169350,.F.);
#174680=CARTESIAN_POINT('',(-0.154037383922811,0.329999999999996,
2.69719416906691));
#174690=DIRECTION('',(0.,1.,0.));
#174700=VECTOR('',#174690,1.);
#174710=LINE('',#174680,#174700);
#174720=EDGE_CURVE('',#169020,#170540,#174710,.T.);
#174730=ORIENTED_EDGE('',*,*,#174720,.F.);
#174740=ORIENTED_EDGE('',*,*,#170550,.T.);
#174750=CARTESIAN_POINT('',(0.00596261607718773,0.480000000000044,
2.42006603985588));
#174760=DIRECTION('',(-1.20282391184232E-15,1.,2.74931179849672E-15));
#174770=DIRECTION('',(1.,1.20282391184232E-15,3.30693797234207E-30));
#174780=AXIS2_PLACEMENT_3D('',#174750,#174760,#174770);
#174790=CIRCLE('',#174780,0.319999999999981);
#174800=CARTESIAN_POINT('',(0.115962616059603,0.479999999999997,
2.72056562388866));
#174810=VERTEX_POINT('',#174800);
#174820=EDGE_CURVE('',#170330,#174810,#174790,.T.);
#174830=ORIENTED_EDGE('',*,*,#174820,.F.);
#174840=CARTESIAN_POINT('',(0.115962616059603,0.479999999999997,
2.72056562388866));
#174850=CARTESIAN_POINT('',(0.1199529186565,0.4760096974031,
2.71910494537544));
#174860=CARTESIAN_POINT('',(0.124245856633604,0.471716759428923,
2.71743579144283));
#174870=CARTESIAN_POINT('',(0.128500930753146,0.467461685313309,
2.71567471373456));
#174880=CARTESIAN_POINT('',(0.12915809691301,0.466804519153997,
2.71540144263997));
#174890=CARTESIAN_POINT('',(0.133118105292435,0.462844510777505,
2.71374698770289));
#174900=CARTESIAN_POINT('',(0.137331418619483,0.458631197453489,
2.71188629236058));
#174910=CARTESIAN_POINT('',(0.14118353128147,0.454779084793466,
2.71009259433642));
#174920=CARTESIAN_POINT('',(0.141775116863489,0.454187499211678,
2.70981607002245));
#174930=CARTESIAN_POINT('',(0.145680346937983,0.450282269138292,
2.70798306936888));
#174940=CARTESIAN_POINT('',(0.149809383444979,0.446153232631926,
2.70594213939024));
#174950=CARTESIAN_POINT('',(0.153594685412384,0.442367930664727,
2.7039759848065));
#174960=CARTESIAN_POINT('',(0.154131530450983,0.441831085626145,
2.70369620676876));
#174970=CARTESIAN_POINT('',(0.158212194473954,0.437750421603228,
2.70156190794333));
#174980=CARTESIAN_POINT('',(0.162246649519021,0.433715966558165,
2.69933958335956));
#174990=CARTESIAN_POINT('',(0.165962616077189,0.429999999999997,
2.69719416906691));
#175000=B_SPLINE_CURVE_WITH_KNOTS('',3,(#174840,#174850,#174860,#174870,
#174880,#174890,#174900,#174910,#174920,#174930,#174940,#174950,#174960,
#174970,#174980,#174990),.UNSPECIFIED.,.F.,.F.,(4,1,2,1,1,2,1,1,2,1,4),(
0.,0.23373772487418,0.253312452019603,0.272726194474778,
0.487444862115646,0.504541634815516,0.522902506838737,0.737760045775069,
0.753497020011426,0.770319671131317,1.),.UNSPECIFIED.);
#175010=EDGE_CURVE('',#174810,#171660,#175000,.T.);
#175020=ORIENTED_EDGE('',*,*,#175010,.F.);
#175030=ORIENTED_EDGE('',*,*,#171670,.T.);
#175040=EDGE_LOOP('',(#175030,#175020,#174830,#174740,#174730,#174670));
#175050=FACE_OUTER_BOUND('',#175040,.T.);
#175060=ADVANCED_FACE('',(#175050),#174660,.T.);
#175070=CARTESIAN_POINT('',(0.00596261607718851,0.476945183087022,
2.42006603985585));
#175080=DIRECTION('',(2.40564782368463E-15,-1.,-5.49862359699345E-15));
#175090=DIRECTION('',(0.,-5.49862359699345E-15,1.));
#175100=AXIS2_PLACEMENT_3D('',#175070,#175080,#175090);
#175110=CONICAL_SURFACE('',#175100,0.323054816913002,0.785398163397443);
#175120=ORIENTED_EDGE('',*,*,#174820,.T.);
#175130=ORIENTED_EDGE('',*,*,#170340,.T.);
#175140=ORIENTED_EDGE('',*,*,#173010,.F.);
#175150=CARTESIAN_POINT('',(0.065962616077188,0.529999999999997,
2.68331497147766));
#175160=CARTESIAN_POINT('',(0.0700637822548881,0.525898833822297,
2.68658657031003));
#175170=CARTESIAN_POINT('',(0.0741835750087001,0.521779041067609,
2.68981209302453));
#175180=CARTESIAN_POINT('',(0.0824567960604551,0.513505820015786,
2.69617776733499));
#175190=CARTESIAN_POINT('',(0.086610233633835,0.509352382437412,
2.69931791937815));
#175200=CARTESIAN_POINT('',(0.094947580642863,0.501015035427551,
2.7055188344895));
#175210=CARTESIAN_POINT('',(0.099131497303481,0.496831118760372,
2.70857959752194));
#175220=CARTESIAN_POINT('',(0.107526968656276,0.488435647405825,
2.71462701983084));
#175230=CARTESIAN_POINT('',(0.111738528987716,0.484224087071883,
2.71761367875333));
#175240=CARTESIAN_POINT('',(0.115962616059603,0.479999999999997,
2.72056562388866));
#175250=B_SPLINE_CURVE_WITH_KNOTS('',3,(#175150,#175160,#175170,#175180,
#175190,#175200,#175210,#175220,#175230,#175240),.UNSPECIFIED.,.F.,.F.,(
4,2,2,2,4),(0.,0.249939037016,0.499915003173801,0.749935290209238,1.),
.UNSPECIFIED.);
#175260=EDGE_CURVE('',#172930,#174810,#175250,.T.);
#175270=ORIENTED_EDGE('',*,*,#175260,.F.);
#175280=EDGE_LOOP('',(#175270,#175140,#175130,#175120));
#175290=FACE_OUTER_BOUND('',#175280,.T.);
#175300=ADVANCED_FACE('',(#175290),#175110,.T.);
#175310=CARTESIAN_POINT('',(0.0628353886908271,0.533127227386357,
2.75546875309052));
#175320=DIRECTION('',(0.707106781186542,0.707106781186553,0.));
#175330=DIRECTION('',(0.707106781186553,-0.707106781186542,0.));
#175340=AXIS2_PLACEMENT_3D('',#175310,#175320,#175330);
#175350=PLANE('',#175340);
#175360=ORIENTED_EDGE('',*,*,#175010,.T.);
#175370=ORIENTED_EDGE('',*,*,#175260,.T.);
#175380=ORIENTED_EDGE('',*,*,#172940,.F.);
#175390=ORIENTED_EDGE('',*,*,#172700,.F.);
#175400=ORIENTED_EDGE('',*,*,#172460,.T.);
#175410=ORIENTED_EDGE('',*,*,#173400,.T.);
#175420=ORIENTED_EDGE('',*,*,#173610,.F.);
#175430=ORIENTED_EDGE('',*,*,#171860,.T.);
#175440=EDGE_LOOP('',(#175430,#175420,#175410,#175400,#175390,#175380,
#175370,#175360));
#175450=FACE_OUTER_BOUND('',#175440,.T.);
#175460=ADVANCED_FACE('',(#175450),#175350,.T.);
#175470=CARTESIAN_POINT('',(-0.229037383922813,0.329999999999997,
2.68552224182877));
#175480=DIRECTION('',(0.,0.,-1.));
#175490=DIRECTION('',(-1.,0.,-0.));
#175500=AXIS2_PLACEMENT_3D('',#175470,#175480,#175490);
#175510=CYLINDRICAL_SURFACE('',#175500,0.0500000000000015);
#175520=ORIENTED_EDGE('',*,*,#169180,.T.);
#175530=ORIENTED_EDGE('',*,*,#80400,.F.);
#175540=ORIENTED_EDGE('',*,*,#174180,.T.);
#175550=ORIENTED_EDGE('',*,*,#174570,.T.);
#175560=EDGE_LOOP('',(#175550,#175540,#175530,#175520));
#175570=FACE_OUTER_BOUND('',#175560,.T.);
#175580=ADVANCED_FACE('',(#175570),#175510,.F.);
#175590=CARTESIAN_POINT('',(-0.129037383922818,0.434065293497427,
2.65389289887769));
#175600=DIRECTION('',(0.,-1.,0.));
#175610=DIRECTION('',(-1.,-0.,0.));
#175620=AXIS2_PLACEMENT_3D('',#175590,#175600,#175610);
#175630=CYLINDRICAL_SURFACE('',#175620,0.0499999999999946);
#175640=ORIENTED_EDGE('',*,*,#174720,.T.);
#175650=ORIENTED_EDGE('',*,*,#169030,.T.);
#175660=ORIENTED_EDGE('',*,*,#174510,.T.);
#175670=ORIENTED_EDGE('',*,*,#170760,.T.);
#175680=EDGE_LOOP('',(#175670,#175660,#175650,#175640));
#175690=FACE_OUTER_BOUND('',#175680,.T.);
#175700=ADVANCED_FACE('',(#175690),#175630,.T.);
#175710=CARTESIAN_POINT('',(0.00596261607718995,0.329999999999997,
-2.35993396014412));
#175720=DIRECTION('',(-0.,1.,-0.));
#175730=DIRECTION('',(-1.,0.,0.));
#175740=AXIS2_PLACEMENT_3D('',#175710,#175720,#175730);
#175750=TOROIDAL_SURFACE('',#175740,0.369999999999998,0.0499999999999993
);
#175760=CARTESIAN_POINT('',(0.00596261607718906,0.329999999999997,
-2.35993396014412));
#175770=DIRECTION('',(0.,1.,0.));
#175780=DIRECTION('',(1.,-0.,0.));
#175790=AXIS2_PLACEMENT_3D('',#175760,#175770,#175780);
#175800=CIRCLE('',#175790,0.32);
#175810=CARTESIAN_POINT('',(0.165962616077189,0.329999999999998,
-2.63706208935514));
#175820=VERTEX_POINT('',#175810);
#175830=CARTESIAN_POINT('',(-0.154037383922811,0.329999999999996,
-2.63706208935514));
#175840=VERTEX_POINT('',#175830);
#175850=EDGE_CURVE('',#175820,#175840,#175800,.T.);
#175860=ORIENTED_EDGE('',*,*,#175850,.F.);
#175870=CARTESIAN_POINT('',(-0.179037383922811,0.329999999999996,
-2.68036335954435));
#175880=DIRECTION('',(-0.866025403784439,0.,0.5));
#175890=DIRECTION('',(0.5,0.,0.866025403784439));
#175900=AXIS2_PLACEMENT_3D('',#175870,#175880,#175890);
#175910=CIRCLE('',#175900,0.0499999999999998);
#175920=EDGE_CURVE('',#80680,#175840,#175910,.T.);
#175930=ORIENTED_EDGE('',*,*,#175920,.T.);
#175940=ORIENTED_EDGE('',*,*,#80690,.T.);
#175950=CARTESIAN_POINT('',(0.190962616077189,0.329999999999997,
-2.68036335954436));
#175960=DIRECTION('',(-0.866025403784436,0.,-0.500000000000004));
#175970=DIRECTION('',(-0.500000000000004,0.,0.866025403784436));
#175980=AXIS2_PLACEMENT_3D('',#175950,#175960,#175970);
#175990=CIRCLE('',#175980,0.05);
#176000=EDGE_CURVE('',#80590,#175820,#175990,.T.);
#176010=ORIENTED_EDGE('',*,*,#176000,.F.);
#176020=EDGE_LOOP('',(#176010,#175940,#175930,#175860));
#176030=FACE_OUTER_BOUND('',#176020,.T.);
#176040=ADVANCED_FACE('',(#176030),#175750,.F.);
#176050=CARTESIAN_POINT('',(0.140962616077191,0.329999999999997,
-2.59376081916592));
#176060=DIRECTION('',(-0.,1.,-0.));
#176070=DIRECTION('',(-1.,0.,0.));
#176080=AXIS2_PLACEMENT_3D('',#176050,#176060,#176070);
#176090=TOROIDAL_SURFACE('',#176080,0.0999999999999984,
0.0499999999999996);
#176100=CARTESIAN_POINT('',(0.140962616077189,0.329999999999997,
-2.59376081916592));
#176110=DIRECTION('',(0.,1.,0.));
#176120=DIRECTION('',(1.,-0.,0.));
#176130=AXIS2_PLACEMENT_3D('',#176100,#176110,#176120);
#176140=CIRCLE('',#176130,0.0500000000000004);
#176150=CARTESIAN_POINT('',(0.190962616077189,0.329999999999998,
-2.59376081916592));
#176160=VERTEX_POINT('',#176150);
#176170=EDGE_CURVE('',#176160,#175820,#176140,.T.);
#176180=ORIENTED_EDGE('',*,*,#176170,.F.);
#176190=ORIENTED_EDGE('',*,*,#176000,.T.);
#176200=ORIENTED_EDGE('',*,*,#80600,.T.);
#176210=CARTESIAN_POINT('',(0.240962616077189,0.329999999999998,
-2.59376081916592));
#176220=DIRECTION('',(0.,0.,-1.));
#176230=DIRECTION('',(-1.,0.,-0.));
#176240=AXIS2_PLACEMENT_3D('',#176210,#176220,#176230);
#176250=CIRCLE('',#176240,0.0499999999999998);
#176260=EDGE_CURVE('',#80570,#176160,#176250,.T.);
#176270=ORIENTED_EDGE('',*,*,#176260,.F.);
#176280=EDGE_LOOP('',(#176270,#176200,#176190,#176180));
#176290=FACE_OUTER_BOUND('',#176280,.T.);
#176300=ADVANCED_FACE('',(#176290),#176090,.F.);
#176310=CARTESIAN_POINT('',(0.00596261607718973,0.326222806745656,
-2.35993396014411));
#176320=DIRECTION('',(0.,1.,0.));
#176330=DIRECTION('',(1.,-0.,0.));
#176340=AXIS2_PLACEMENT_3D('',#176310,#176320,#176330);
#176350=CYLINDRICAL_SURFACE('',#176340,0.320000000000002);
#176360=ORIENTED_EDGE('',*,*,#175850,.T.);
#176370=CARTESIAN_POINT('',(0.16596261607719,0.329999999999998,
-2.63706208935514));
#176380=DIRECTION('',(0.,1.,0.));
#176390=VECTOR('',#176380,1.);
#176400=LINE('',#176370,#176390);
#176410=CARTESIAN_POINT('',(0.165962616077188,0.429999999999998,
-2.63706208935514));
#176420=VERTEX_POINT('',#176410);
#176430=EDGE_CURVE('',#175820,#176420,#176400,.T.);
#176440=ORIENTED_EDGE('',*,*,#176430,.F.);
#176450=CARTESIAN_POINT('',(0.115962616045468,0.480000000018484,
-2.66043354418608));
#176460=CARTESIAN_POINT('',(0.119952918643797,0.476009697420155,
-2.65897286567259));
#176470=CARTESIAN_POINT('',(0.124245856621926,0.471716759444228,
-2.65730371173915));
#176480=CARTESIAN_POINT('',(0.128500930742316,0.467461685326794,
-2.65554263402981));
#176490=CARTESIAN_POINT('',(0.129158096902212,0.466804519167314,
-2.6552693629351));
#176500=CARTESIAN_POINT('',(0.133118105282725,0.462844510789008,
-2.65361490799708));
#176510=CARTESIAN_POINT('',(0.137331418610737,0.458631197463278,
-2.65175421265379));
#176520=CARTESIAN_POINT('',(0.141183531273774,0.454779084801719,
-2.64996051462879));
#176530=CARTESIAN_POINT('',(0.141775116855567,0.454187499220099,
-2.64968399031489));
#176540=CARTESIAN_POINT('',(0.145680346931387,0.450282269145113,
-2.64785098966056));
#176550=CARTESIAN_POINT('',(0.149809383439671,0.446153232637304,
-2.64581005968124));
#176560=CARTESIAN_POINT('',(0.153594685408501,0.442367930668629,
-2.64384390509677));
#176570=CARTESIAN_POINT('',(0.154131530446902,0.44183108563024,
-2.64356412705914));
#176580=CARTESIAN_POINT('',(0.15821219447122,0.437750421605963,
-2.64142982823306));
#176590=CARTESIAN_POINT('',(0.162246649517616,0.43371596655957,
-2.6392075036486));
#176600=CARTESIAN_POINT('',(0.165962616077188,0.429999999999998,
-2.63706208935514));
#176610=B_SPLINE_CURVE_WITH_KNOTS('',3,(#176450,#176460,#176470,#176480,
#176490,#176500,#176510,#176520,#176530,#176540,#176550,#176560,#176570,
#176580,#176590,#176600),.UNSPECIFIED.,.F.,.F.,(4,1,2,1,1,2,1,1,2,1,4),(
0.,0.233737724878145,0.253312452020441,0.272726194472518,
0.487444862128426,0.504541634817215,0.5229025068282,0.737760045787002,
0.753497020012819,0.770319671120478,1.),.UNSPECIFIED.);
#176620=CARTESIAN_POINT('',(0.115962616045468,0.480000000018484,
-2.66043354418608));
#176630=VERTEX_POINT('',#176620);
#176640=EDGE_CURVE('',#176630,#176420,#176610,.T.);
#176650=ORIENTED_EDGE('',*,*,#176640,.T.);
#176660=CARTESIAN_POINT('',(0.00596261607718873,0.479999999999988,
-2.35993396014412));
#176670=DIRECTION('',(0.,1.,6.87327949634573E-16));
#176680=DIRECTION('',(1.,0.,0.));
#176690=AXIS2_PLACEMENT_3D('',#176660,#176670,#176680);
#176700=CIRCLE('',#176690,0.320000000000003);
#176710=CARTESIAN_POINT('',(-0.104037383884945,0.48000000002463,
-2.66043354418178));
#176720=VERTEX_POINT('',#176710);
#176730=EDGE_CURVE('',#176630,#176720,#176700,.T.);
#176740=ORIENTED_EDGE('',*,*,#176730,.F.);
#176750=CARTESIAN_POINT('',(-0.104037383884945,0.48000000002463,
-2.66043354418178));
#176760=CARTESIAN_POINT('',(-0.10802768648398,0.476009697425595,
-2.65897286566811));
#176770=CARTESIAN_POINT('',(-0.112320624462734,0.471716759449043,
-2.65730371173558));
#176780=CARTESIAN_POINT('',(-0.116575698583806,0.467461685330927,
-2.65554263402749));
#176790=CARTESIAN_POINT('',(-0.117232864743224,0.466804519171925,
-2.6552693629332));
#176800=CARTESIAN_POINT('',(-0.12119287312433,0.462844510793026,
-2.65361490799609));
#176810=CARTESIAN_POINT('',(-0.125406186452966,0.458631197466671,
-2.65175421265373));
#176820=CARTESIAN_POINT('',(-0.1292582991168,0.454779084804315,
-2.64996051462914));
#176830=CARTESIAN_POINT('',(-0.129849884698647,0.454187499222641,
-2.64968399031531));
#176840=CARTESIAN_POINT('',(-0.133755114774926,0.450282269147196,
-2.64785098966123));
#176850=CARTESIAN_POINT('',(-0.137884151283662,0.446153232638933,
-2.64581005968196));
#176860=CARTESIAN_POINT('',(-0.141669453252902,0.442367930669849,
-2.64384390509737));
#176870=CARTESIAN_POINT('',(-0.142206298291368,0.441831085631396,
-2.64356412705972));
#176880=CARTESIAN_POINT('',(-0.146286962316092,0.437750421606712,
-2.64142982823347));
#176890=CARTESIAN_POINT('',(-0.150321417362884,0.433715966559923,
-2.63920750364881));
#176900=CARTESIAN_POINT('',(-0.154037383922811,0.429999999999996,
-2.63706208935514));
#176910=B_SPLINE_CURVE_WITH_KNOTS('',3,(#176750,#176760,#176770,#176780,
#176790,#176800,#176810,#176820,#176830,#176840,#176850,#176860,#176870,
#176880,#176890,#176900),.UNSPECIFIED.,.F.,.F.,(4,1,2,1,1,2,1,1,2,1,4),(
0.,0.233737724895678,0.253312452020698,0.272726194455551,
0.487444862127784,0.504541634816576,0.522902506826277,0.737760045786107,
0.753497020012267,0.770319671120232,1.),.UNSPECIFIED.);
#176920=CARTESIAN_POINT('',(-0.154037383922811,0.429999999999996,
-2.63706208935514));
#176930=VERTEX_POINT('',#176920);
#176940=EDGE_CURVE('',#176720,#176930,#176910,.T.);
#176950=ORIENTED_EDGE('',*,*,#176940,.F.);
#176960=CARTESIAN_POINT('',(-0.154037383922811,0.329999999999996,
-2.63706208935514));
#176970=DIRECTION('',(0.,1.,0.));
#176980=VECTOR('',#176970,1.);
#176990=LINE('',#176960,#176980);
#177000=EDGE_CURVE('',#175840,#176930,#176990,.T.);
#177010=ORIENTED_EDGE('',*,*,#177000,.T.);
#177020=EDGE_LOOP('',(#177010,#176950,#176740,#176650,#176440,#176360));
#177030=FACE_OUTER_BOUND('',#177020,.T.);
#177040=ADVANCED_FACE('',(#177030),#176350,.T.);
#177050=CARTESIAN_POINT('',(0.140962616077186,0.327400358695183,
-2.59376081916591));
#177060=DIRECTION('',(0.,1.,0.));
#177070=DIRECTION('',(1.,-0.,0.));
#177080=AXIS2_PLACEMENT_3D('',#177050,#177060,#177070);
#177090=CYLINDRICAL_SURFACE('',#177080,0.0500000000000035);
#177100=ORIENTED_EDGE('',*,*,#176430,.T.);
#177110=ORIENTED_EDGE('',*,*,#176170,.T.);
#177120=CARTESIAN_POINT('',(0.190962616077189,0.329999999999998,
-2.59376081916592));
#177130=DIRECTION('',(0.,1.,0.));
#177140=VECTOR('',#177130,1.);
#177150=LINE('',#177120,#177140);
#177160=CARTESIAN_POINT('',(0.190962616077189,0.404999999999998,
-2.59376081916592));
#177170=VERTEX_POINT('',#177160);
#177180=EDGE_CURVE('',#176160,#177170,#177150,.T.);
#177190=ORIENTED_EDGE('',*,*,#177180,.F.);
#177200=CARTESIAN_POINT('',(0.165962616077188,0.429999999999997,
-2.63706208935514));
#177210=CARTESIAN_POINT('',(0.169709230464565,0.42625338561262,
-2.63489898053003));
#177220=CARTESIAN_POINT('',(0.173201078123374,0.422761537953812,
-2.63222587466103));
#177230=CARTESIAN_POINT('',(0.176290734191303,0.419671881885883,
-2.62914337917046));
#177240=CARTESIAN_POINT('',(0.176345180642027,0.419617435435159,
-2.62908893271973));
#177250=CARTESIAN_POINT('',(0.179399218782499,0.416563397294686,
-2.62602780156525));
#177260=CARTESIAN_POINT('',(0.182075623934148,0.413886992143037,
-2.62254031169955));
#177270=CARTESIAN_POINT('',(0.18424338256458,0.411719233512605,
-2.61879633261923));
#177280=CARTESIAN_POINT('',(0.184284576224391,0.411678039852794,
-2.61872498310749));
#177290=CARTESIAN_POINT('',(0.186429315501166,0.409533300576019,
-2.61499947319053));
#177300=CARTESIAN_POINT('',(0.18811411845108,0.407848497626106,
-2.61094058619542));
#177310=CARTESIAN_POINT('',(0.189241622443076,0.40672099363411,
-2.60676627972729));
#177320=CARTESIAN_POINT('',(0.189276359955776,0.40668625612141,
-2.60663663756497));
#177330=CARTESIAN_POINT('',(0.190397752091173,0.405564863986013,
-2.60241730691519));
#177340=CARTESIAN_POINT('',(0.190962616077188,0.404999999999997,
-2.59805922604602));
#177350=CARTESIAN_POINT('',(0.190962616077188,0.404999999999997,
-2.59376081916592));
#177360=B_SPLINE_CURVE_WITH_KNOTS('',3,(#177200,#177210,#177220,#177230,
#177240,#177250,#177260,#177270,#177280,#177290,#177300,#177310,#177320,
#177330,#177340,#177350),.UNSPECIFIED.,.F.,.F.,(4,1,2,1,1,2,1,1,2,1,4),(
0.,0.278690402102651,0.281170466390604,0.283449084926223,
0.537075542231984,0.539502574755073,0.541747836338037,0.772755240128607,
0.776379113667365,0.779832932024057,1.),.UNSPECIFIED.);
#177370=EDGE_CURVE('',#176420,#177170,#177360,.T.);
#177380=ORIENTED_EDGE('',*,*,#177370,.T.);
#177390=EDGE_LOOP('',(#177380,#177190,#177110,#177100));
#177400=FACE_OUTER_BOUND('',#177390,.T.);
#177410=ADVANCED_FACE('',(#177400),#177090,.T.);
#177420=CARTESIAN_POINT('',(-0.229037383922811,0.329999999999995,
-2.62539016211701));
#177430=DIRECTION('',(0.,0.,1.));
#177440=DIRECTION('',(1.,0.,-0.));
#177450=AXIS2_PLACEMENT_3D('',#177420,#177430,#177440);
#177460=CYLINDRICAL_SURFACE('',#177450,0.0499999999999988);
#177470=CARTESIAN_POINT('',(-0.229037383922811,0.329999999999996,
-1.33110710112232));
#177480=DIRECTION('',(0.,0.,1.));
#177490=DIRECTION('',(1.,0.,-0.));
#177500=AXIS2_PLACEMENT_3D('',#177470,#177480,#177490);
#177510=CIRCLE('',#177500,0.0500000000000002);
#177520=CARTESIAN_POINT('',(-0.179037383922811,0.329999999999996,
-1.33110710112232));
#177530=VERTEX_POINT('',#177520);
#177540=EDGE_CURVE('',#80850,#177530,#177510,.T.);
#177550=ORIENTED_EDGE('',*,*,#177540,.T.);
#177560=ORIENTED_EDGE('',*,*,#80860,.T.);
#177570=CARTESIAN_POINT('',(-0.229037383922811,0.329999999999996,
-2.59376081916592));
#177580=DIRECTION('',(0.,0.,-1.));
#177590=DIRECTION('',(-1.,0.,-0.));
#177600=AXIS2_PLACEMENT_3D('',#177570,#177580,#177590);
#177610=CIRCLE('',#177600,0.0499999999999998);
#177620=CARTESIAN_POINT('',(-0.179037383922811,0.329999999999996,
-2.59376081916592));
#177630=VERTEX_POINT('',#177620);
#177640=EDGE_CURVE('',#177630,#80770,#177610,.T.);
#177650=ORIENTED_EDGE('',*,*,#177640,.T.);
#177660=CARTESIAN_POINT('',(-0.179037383922811,0.329999999999996,
-2.59376081916592));
#177670=DIRECTION('',(0.,0.,1.));
#177680=VECTOR('',#177670,1.);
#177690=LINE('',#177660,#177680);
#177700=EDGE_CURVE('',#177630,#177530,#177690,.T.);
#177710=ORIENTED_EDGE('',*,*,#177700,.F.);
#177720=EDGE_LOOP('',(#177710,#177650,#177560,#177550));
#177730=FACE_OUTER_BOUND('',#177720,.T.);
#177740=ADVANCED_FACE('',(#177730),#177460,.F.);
#177750=CARTESIAN_POINT('',(0.140962616077189,0.433217932980536,
-1.33110710112231));
#177760=DIRECTION('',(0.,-1.,0.));
#177770=DIRECTION('',(-1.,-0.,0.));
#177780=AXIS2_PLACEMENT_3D('',#177750,#177760,#177770);
#177790=CYLINDRICAL_SURFACE('',#177780,0.0499999999999993);
#177800=CARTESIAN_POINT('',(0.190962616077189,0.404999999999997,
-1.33110710112232));
#177810=DIRECTION('',(0.,-1.,0.));
#177820=VECTOR('',#177810,1.);
#177830=LINE('',#177800,#177820);
#177840=CARTESIAN_POINT('',(0.190962616077189,0.404999999999997,
-1.33110710112232));
#177850=VERTEX_POINT('',#177840);
#177860=CARTESIAN_POINT('',(0.190962616077189,0.329999999999998,
-1.33110710112232));
#177870=VERTEX_POINT('',#177860);
#177880=EDGE_CURVE('',#177850,#177870,#177830,.T.);
#177890=ORIENTED_EDGE('',*,*,#177880,.F.);
#177900=CARTESIAN_POINT('',(0.140962616077191,0.329999999999997,
-1.33110710112231));
#177910=DIRECTION('',(0.,-1.,0.));
#177920=DIRECTION('',(-1.,-0.,0.));
#177930=AXIS2_PLACEMENT_3D('',#177900,#177910,#177920);
#177940=CIRCLE('',#177930,0.0499999999999986);
#177950=CARTESIAN_POINT('',(0.165962616077189,0.329999999999998,
-1.28780583093309));
#177960=VERTEX_POINT('',#177950);
#177970=EDGE_CURVE('',#177870,#177960,#177940,.T.);
#177980=ORIENTED_EDGE('',*,*,#177970,.F.);
#177990=CARTESIAN_POINT('',(0.165962616077189,0.329999999999998,
-1.28780583093309));
#178000=DIRECTION('',(0.,1.,0.));
#178010=VECTOR('',#178000,1.);
#178020=LINE('',#177990,#178010);
#178030=CARTESIAN_POINT('',(0.165962616077188,0.429999999999998,
-1.28780583093309));
#178040=VERTEX_POINT('',#178030);
#178050=EDGE_CURVE('',#177960,#178040,#178020,.T.);
#178060=ORIENTED_EDGE('',*,*,#178050,.F.);
#178070=CARTESIAN_POINT('',(0.190962616077189,0.404999999999997,
-1.33110710112232));
#178080=CARTESIAN_POINT('',(0.190962616077189,0.404999999999997,
-1.32680838234794));
#178090=CARTESIAN_POINT('',(0.190397711104397,0.405564904972789,
-1.32245030204157));
#178100=CARTESIAN_POINT('',(0.189276279230047,0.40668633684714,
-1.31823098145073));
#178110=CARTESIAN_POINT('',(0.189241537753393,0.406721078323794,
-1.31810132449473));
#178120=CARTESIAN_POINT('',(0.18811386799357,0.407848748083616,
-1.31392656771391));
#178130=CARTESIAN_POINT('',(0.186428967034405,0.409533649042782,
-1.30986771887962));
#178140=CARTESIAN_POINT('',(0.184284337023012,0.411678279054173,
-1.3061425228718));
#178150=CARTESIAN_POINT('',(0.184243120009044,0.411719496068142,
-1.30607113290947));
#178160=CARTESIAN_POINT('',(0.182075214514825,0.413887401562361,
-1.30232703676821));
#178170=CARTESIAN_POINT('',(0.179398740142178,0.416563875935008,
-1.29883960690758));
#178180=CARTESIAN_POINT('',(0.176345056595679,0.419617559481507,
-1.29577886352215));
#178190=CARTESIAN_POINT('',(0.176290597904194,0.419672018172992,
-1.29572440483067));
#178200=CARTESIAN_POINT('',(0.173200924031013,0.422761692046174,
-1.2926419273857));
#178210=CARTESIAN_POINT('',(0.169709063535679,0.426253552541508,
-1.28996884338176));
#178220=CARTESIAN_POINT('',(0.165962616077189,0.429999999999998,
-1.28780583093309));
#178230=B_SPLINE_CURVE_WITH_KNOTS('',3,(#178070,#178080,#178090,#178100,
#178110,#178120,#178130,#178140,#178150,#178160,#178170,#178180,#178190,
#178200,#178210,#178220),.UNSPECIFIED.,.F.,.F.,(4,1,2,1,1,2,1,1,2,1,4),(
0.,0.220183043393901,0.223620886332634,0.227262515475628,
0.458278121649298,0.460497425244923,0.462955536586514,0.716561297041029,
0.7188295336094,0.721322014835445,1.),.UNSPECIFIED.);
#178240=EDGE_CURVE('',#177850,#178040,#178230,.T.);
#178250=ORIENTED_EDGE('',*,*,#178240,.T.);
#178260=EDGE_LOOP('',(#178250,#178060,#177980,#177890));
#178270=FACE_OUTER_BOUND('',#178260,.T.);
#178280=ADVANCED_FACE('',(#178270),#177790,.T.);
#178290=CARTESIAN_POINT('',(0.00596261607718929,0.329999999999995,
-1.56493396014412));
#178300=DIRECTION('',(-0.,1.,-0.));
#178310=DIRECTION('',(-1.,0.,0.));
#178320=AXIS2_PLACEMENT_3D('',#178290,#178300,#178310);
#178330=TOROIDAL_SURFACE('',#178320,0.370000000000001,0.0499999999999989
);
#178340=CARTESIAN_POINT('',(0.00596261607718918,0.329999999999997,
-1.56493396014411));
#178350=DIRECTION('',(0.,1.,0.));
#178360=DIRECTION('',(1.,-0.,0.));
#178370=AXIS2_PLACEMENT_3D('',#178340,#178350,#178360);
#178380=CIRCLE('',#178370,0.319999999999998);
#178390=CARTESIAN_POINT('',(-0.154037383922811,0.329999999999996,
-1.28780583093309));
#178400=VERTEX_POINT('',#178390);
#178410=EDGE_CURVE('',#178400,#177960,#178380,.T.);
#178420=ORIENTED_EDGE('',*,*,#178410,.F.);
#178430=CARTESIAN_POINT('',(0.190962616077189,0.329999999999997,
-1.24450456074387));
#178440=DIRECTION('',(-0.866025403784437,0.,0.500000000000002));
#178450=DIRECTION('',(0.500000000000002,0.,0.866025403784437));
#178460=AXIS2_PLACEMENT_3D('',#178430,#178440,#178450);
#178470=CIRCLE('',#178460,0.0499999999999998);
#178480=EDGE_CURVE('',#177960,#81030,#178470,.T.);
#178490=ORIENTED_EDGE('',*,*,#178480,.F.);
#178500=ORIENTED_EDGE('',*,*,#81040,.T.);
#178510=CARTESIAN_POINT('',(-0.179037383922812,0.329999999999996,
-1.24450456074387));
#178520=DIRECTION('',(0.866025403784433,0.,0.500000000000009));
#178530=DIRECTION('',(0.500000000000009,0.,-0.866025403784433));
#178540=AXIS2_PLACEMENT_3D('',#178510,#178520,#178530);
#178550=CIRCLE('',#178540,0.05);
#178560=EDGE_CURVE('',#80940,#178400,#178550,.T.);
#178570=ORIENTED_EDGE('',*,*,#178560,.F.);
#178580=EDGE_LOOP('',(#178570,#178500,#178490,#178420));
#178590=FACE_OUTER_BOUND('',#178580,.T.);
#178600=ADVANCED_FACE('',(#178590),#178330,.F.);
#178610=CARTESIAN_POINT('',(0.140962616077186,0.329999999999998,
-1.33110710112232));
#178620=DIRECTION('',(-0.,-1.,-0.));
#178630=DIRECTION('',(1.,0.,0.));
#178640=AXIS2_PLACEMENT_3D('',#178610,#178620,#178630);
#178650=TOROIDAL_SURFACE('',#178640,0.100000000000003,0.0500000000000013
);
#178660=ORIENTED_EDGE('',*,*,#177970,.T.);
#178670=CARTESIAN_POINT('',(0.240962616077189,0.329999999999998,
-1.33110710112232));
#178680=DIRECTION('',(0.,0.,1.));
#178690=DIRECTION('',(1.,0.,-0.));
#178700=AXIS2_PLACEMENT_3D('',#178670,#178680,#178690);
#178710=CIRCLE('',#178700,0.05);
#178720=EDGE_CURVE('',#177870,#81120,#178710,.T.);
#178730=ORIENTED_EDGE('',*,*,#178720,.F.);
#178740=ORIENTED_EDGE('',*,*,#81130,.F.);
#178750=ORIENTED_EDGE('',*,*,#178480,.T.);
#178760=EDGE_LOOP('',(#178750,#178740,#178730,#178660));
#178770=FACE_OUTER_BOUND('',#178760,.T.);
#178780=ADVANCED_FACE('',(#178770),#178650,.F.);
#178790=CARTESIAN_POINT('',(0.062835388690843,0.533127227386341,
-1.22953124690947));
#178800=DIRECTION('',(0.707106781186545,0.70710678118655,0.));
#178810=DIRECTION('',(0.70710678118655,-0.707106781186545,0.));
#178820=AXIS2_PLACEMENT_3D('',#178790,#178800,#178810);
#178830=PLANE('',#178820);
#178840=CARTESIAN_POINT('',(0.165962616077188,0.429999999999998,
-1.28780583093309));
#178850=CARTESIAN_POINT('',(0.162236278312602,0.433726337764584,
-1.28565442882162));
#178860=CARTESIAN_POINT('',(0.158201693996513,0.437760922080672,
-1.28343232815242));
#178870=CARTESIAN_POINT('',(0.154120910472605,0.44184170560458,
-1.28129825860485));
#178880=CARTESIAN_POINT('',(0.153584750814665,0.44237786526252,
-1.28101883775484));
#178890=CARTESIAN_POINT('',(0.149777830500436,0.446184785576749,
-1.27904170808925));
#178900=CARTESIAN_POINT('',(0.145648450318964,0.450314165758222,
-1.27700146169477));
#178910=CARTESIAN_POINT('',(0.141753154381745,0.45420946169544,
-1.27517366407445));
#178920=CARTESIAN_POINT('',(0.141161644088766,0.454800971988419,
-1.27489717495277));
#178930=CARTESIAN_POINT('',(0.137297552668451,0.458665063408734,
-1.27309843168753));
#178940=CARTESIAN_POINT('',(0.133083919531716,0.462878696545469,
-1.27123847166005));
#178950=CARTESIAN_POINT('',(0.129146104244897,0.466816511832288,
-1.26959357041776));
#178960=CARTESIAN_POINT('',(0.128487882197468,0.467474733879717,
-1.26931986025073));
#178970=CARTESIAN_POINT('',(0.124232690938948,0.471729925138237,
-1.26755906426079));
#178980=CARTESIAN_POINT('',(0.119939648074032,0.476022968003153,
-1.26589019683378));
#178990=CARTESIAN_POINT('',(0.115962616059604,0.480000000017581,
-1.26443437611134));
#179000=B_SPLINE_CURVE_WITH_KNOTS('',3,(#178840,#178850,#178860,#178870,
#178880,#178890,#178900,#178910,#178920,#178930,#178940,#178950,#178960,
#178970,#178980,#178990),.UNSPECIFIED.,.F.,.F.,(4,1,2,1,1,2,1,1,2,1,4),(
0.,0.230321363153424,0.246502979988504,0.262845584254211,
0.478408105278368,0.495458365184382,0.513873186784087,0.727982370655359,
0.74668754797998,0.767039618656505,1.),.UNSPECIFIED.);
#179010=CARTESIAN_POINT('',(0.115962616059604,0.480000000017582,
-1.26443437611134));
#179020=VERTEX_POINT('',#179010);
#179030=EDGE_CURVE('',#178040,#179020,#179000,.T.);
#179040=ORIENTED_EDGE('',*,*,#179030,.F.);
#179050=CARTESIAN_POINT('',(0.065962616077204,0.529999999999981,
-1.30168502852233));
#179060=CARTESIAN_POINT('',(0.070063782255767,0.525898833821418,
-1.29841342968927));
#179070=CARTESIAN_POINT('',(0.074183575010042,0.52177904106627,
-1.29518790697443));
#179080=CARTESIAN_POINT('',(0.0824567960622401,0.513505820014275,
-1.28882223266363));
#179090=CARTESIAN_POINT('',(0.0866102336358791,0.509352382436294,
-1.2856820806203));
#179100=CARTESIAN_POINT('',(0.094947580644769,0.501015035429937,
-1.27948116550904));
#179110=CARTESIAN_POINT('',(0.0991314973048441,0.496831118766423,
-1.27642040247699));
#179120=CARTESIAN_POINT('',(0.10752696865631,0.488435647420279,
-1.27037298016906));
#179130=CARTESIAN_POINT('',(0.111738528987233,0.484224087089953,
-1.26738632124696));
#179140=CARTESIAN_POINT('',(0.115962616059604,0.480000000017582,
-1.26443437611134));
#179150=B_SPLINE_CURVE_WITH_KNOTS('',3,(#179050,#179060,#179070,#179080,
#179090,#179100,#179110,#179120,#179130,#179140),.UNSPECIFIED.,.F.,.F.,(
4,2,2,2,4),(0.,0.249939037077783,0.499915003267936,0.7499352902469,1.),
.UNSPECIFIED.);
#179160=CARTESIAN_POINT('',(0.065962616077204,0.529999999999981,
-1.30168502852233));
#179170=VERTEX_POINT('',#179160);
#179180=EDGE_CURVE('',#179170,#179020,#179150,.T.);
#179190=ORIENTED_EDGE('',*,*,#179180,.T.);
#179200=CARTESIAN_POINT('',(0.0659626160771871,0.529999999999997,
-3.32993396014411));
#179210=DIRECTION('',(-0.,0.,-1.));
#179220=VECTOR('',#179210,1.);
#179230=LINE('',#179200,#179220);
#179240=CARTESIAN_POINT('',(0.065962616077204,0.529999999999981,
-2.62318289176589));
#179250=VERTEX_POINT('',#179240);
#179260=EDGE_CURVE('',#179170,#179250,#179230,.T.);
#179270=ORIENTED_EDGE('',*,*,#179260,.F.);
#179280=CARTESIAN_POINT('',(0.065962616077204,0.529999999999981,
-2.62318289176589));
#179290=CARTESIAN_POINT('',(0.0700637822558841,0.525898833821301,
-2.62645449059904));
#179300=CARTESIAN_POINT('',(0.0741835750102731,0.521779041066036,
-2.62968001331399));
#179310=CARTESIAN_POINT('',(0.082456796062471,0.513505820013839,
-2.63604568762509));
#179320=CARTESIAN_POINT('',(0.086610233635651,0.509352382435826,
-2.63918583966881));
#179330=CARTESIAN_POINT('',(0.0949475806418001,0.501015035429677,
-2.64538675478179));
#179340=CARTESIAN_POINT('',(0.0991314972992291,0.496831118766458,
-2.64844751781538));
#179350=CARTESIAN_POINT('',(0.107526968644674,0.488435647421014,
-2.65449494012677));
#179360=CARTESIAN_POINT('',(0.111738528972972,0.48422408709098,
-2.65748159905037));
#179370=CARTESIAN_POINT('',(0.115962616045468,0.480000000018484,
-2.66043354418608));
#179380=B_SPLINE_CURVE_WITH_KNOTS('',3,(#179280,#179290,#179300,#179310,
#179320,#179330,#179340,#179350,#179360,#179370),.UNSPECIFIED.,.F.,.F.,(
4,2,2,2,4),(0.,0.249939037100975,0.499915003303549,0.749935290261371,1.)
,.UNSPECIFIED.);
#179390=EDGE_CURVE('',#179250,#176630,#179380,.T.);
#179400=ORIENTED_EDGE('',*,*,#179390,.F.);
#179410=ORIENTED_EDGE('',*,*,#176640,.F.);
#179420=ORIENTED_EDGE('',*,*,#177370,.F.);
#179430=CARTESIAN_POINT('',(0.190962616077189,0.404999999999996,
-3.32993396014411));
#179440=DIRECTION('',(-0.,-0.,1.));
#179450=VECTOR('',#179440,1.);
#179460=LINE('',#179430,#179450);
#179470=EDGE_CURVE('',#177170,#177850,#179460,.T.);
#179480=ORIENTED_EDGE('',*,*,#179470,.F.);
#179490=ORIENTED_EDGE('',*,*,#178240,.F.);
#179500=EDGE_LOOP('',(#179490,#179480,#179420,#179410,#179400,#179270,
#179190,#179040));
#179510=FACE_OUTER_BOUND('',#179500,.T.);
#179520=ADVANCED_FACE('',(#179510),#178830,.T.);
#179530=CARTESIAN_POINT('',(0.0059626160771884,0.326222806745742,
-1.56493396014412));
#179540=DIRECTION('',(0.,1.,0.));
#179550=DIRECTION('',(1.,-0.,0.));
#179560=AXIS2_PLACEMENT_3D('',#179530,#179540,#179550);
#179570=CYLINDRICAL_SURFACE('',#179560,0.320000000000001);
#179580=ORIENTED_EDGE('',*,*,#178410,.T.);
#179590=CARTESIAN_POINT('',(-0.154037383922811,0.329999999999996,
-1.28780583093309));
#179600=DIRECTION('',(0.,1.,0.));
#179610=VECTOR('',#179600,1.);
#179620=LINE('',#179590,#179610);
#179630=CARTESIAN_POINT('',(-0.154037383922811,0.429999999999996,
-1.28780583093309));
#179640=VERTEX_POINT('',#179630);
#179650=EDGE_CURVE('',#178400,#179640,#179620,.T.);
#179660=ORIENTED_EDGE('',*,*,#179650,.F.);
#179670=CARTESIAN_POINT('',(-0.154037383922811,0.429999999999996,
-1.28780583093309));
#179680=CARTESIAN_POINT('',(-0.150311046158864,0.433726337763944,
-1.28565442882199));
#179690=CARTESIAN_POINT('',(-0.146276461843422,0.437760922079382,
-1.28343232815312));
#179700=CARTESIAN_POINT('',(-0.142195678320151,0.441841705602599,
-1.28129825860586));
#179710=CARTESIAN_POINT('',(-0.141659518662195,0.442377865260538,
-1.28101883775584));
#179720=CARTESIAN_POINT('',(-0.13785259834854,0.446184785573984,
-1.27904170809053));
#179730=CARTESIAN_POINT('',(-0.133723218167449,0.450314165754443,
-1.27700146169622));
#179740=CARTESIAN_POINT('',(-0.129827922230402,0.45420946169038,
-1.27517366407597));
#179750=CARTESIAN_POINT('',(-0.129236411937294,0.454800971983254,
-1.27489717495423));
#179760=CARTESIAN_POINT('',(-0.12537232051687,0.458665063401702,
-1.27309843168897));
#179770=CARTESIAN_POINT('',(-0.121158687379415,0.462878696536122,
-1.27123847166119));
#179780=CARTESIAN_POINT('',(-0.117220872091952,0.466816511820668,
-1.2695935704186));
#179790=CARTESIAN_POINT('',(-0.116562650043989,0.467474733868076,
-1.26931986025134));
#179800=CARTESIAN_POINT('',(-0.11230745878434,0.4717299251238,
-1.26755906426093));
#179810=CARTESIAN_POINT('',(-0.108014415918779,0.476022967986444,
-1.26589019683358));
#179820=CARTESIAN_POINT('',(-0.104037383905227,0.479999999999996,
-1.26443437611134));
#179830=B_SPLINE_CURVE_WITH_KNOTS('',3,(#179670,#179680,#179690,#179700,
#179710,#179720,#179730,#179740,#179750,#179760,#179770,#179780,#179790,
#179800,#179810,#179820),.UNSPECIFIED.,.F.,.F.,(4,1,2,1,1,2,1,1,2,1,4),(
0.,0.230321363150614,0.246502979988566,0.262845584257171,
0.47840810527519,0.495458365184479,0.513873186787973,0.727982370644982,
0.746687547980401,0.767039618668945,1.),.UNSPECIFIED.);
#179840=CARTESIAN_POINT('',(-0.104037383905227,0.479999999999996,
-1.26443437611134));
#179850=VERTEX_POINT('',#179840);
#179860=EDGE_CURVE('',#179640,#179850,#179830,.T.);
#179870=ORIENTED_EDGE('',*,*,#179860,.F.);
#179880=CARTESIAN_POINT('',(0.00596261607718862,0.48000000000001,
-1.56493396014412));
#179890=DIRECTION('',(2.40564782368445E-15,-1.,-5.84228757180509E-15));
#179900=DIRECTION('',(1.,2.40564782368445E-15,1.40544863824516E-29));
#179910=AXIS2_PLACEMENT_3D('',#179880,#179890,#179900);
#179920=CIRCLE('',#179910,0.320000000000001);
#179930=EDGE_CURVE('',#179020,#179850,#179920,.T.);
#179940=ORIENTED_EDGE('',*,*,#179930,.T.);
#179950=ORIENTED_EDGE('',*,*,#179030,.T.);
#179960=ORIENTED_EDGE('',*,*,#178050,.T.);
#179970=EDGE_LOOP('',(#179960,#179950,#179940,#179870,#179660,#179580));
#179980=FACE_OUTER_BOUND('',#179970,.T.);
#179990=ADVANCED_FACE('',(#179980),#179570,.T.);
#180000=CARTESIAN_POINT('',(-0.129037383922816,0.327400358695181,
-1.33110710112231));
#180010=DIRECTION('',(0.,1.,0.));
#180020=DIRECTION('',(1.,-0.,0.));
#180030=AXIS2_PLACEMENT_3D('',#180000,#180010,#180020);
#180040=CYLINDRICAL_SURFACE('',#180030,0.0499999999999947);
#180050=ORIENTED_EDGE('',*,*,#179650,.T.);
#180060=CARTESIAN_POINT('',(-0.12903738392281,0.329999999999996,
-1.33110710112231));
#180070=DIRECTION('',(0.,1.,0.));
#180080=DIRECTION('',(1.,-0.,0.));
#180090=AXIS2_PLACEMENT_3D('',#180060,#180070,#180080);
#180100=CIRCLE('',#180090,0.0499999999999995);
#180110=EDGE_CURVE('',#177530,#178400,#180100,.T.);
#180120=ORIENTED_EDGE('',*,*,#180110,.T.);
#180130=CARTESIAN_POINT('',(-0.179037383922811,0.329999999999996,
-1.33110710112232));
#180140=DIRECTION('',(0.,1.,0.));
#180150=VECTOR('',#180140,1.);
#180160=LINE('',#180130,#180150);
#180170=CARTESIAN_POINT('',(-0.179037383922811,0.404999999999996,
-1.33110710112232));
#180180=VERTEX_POINT('',#180170);
#180190=EDGE_CURVE('',#177530,#180180,#180160,.T.);
#180200=ORIENTED_EDGE('',*,*,#180190,.F.);
#180210=CARTESIAN_POINT('',(-0.179037383922812,0.404999999999996,
-1.33110710112232));
#180220=CARTESIAN_POINT('',(-0.179037383922812,0.404999999999996,
-1.32680838234794));
#180230=CARTESIAN_POINT('',(-0.17847247895002,0.405564904972788,
-1.32245030204157));
#180240=CARTESIAN_POINT('',(-0.177351047075669,0.406686336847138,
-1.31823098145073));
#180250=CARTESIAN_POINT('',(-0.177316305599015,0.406721078323792,
-1.31810132449473));
#180260=CARTESIAN_POINT('',(-0.176188635839193,0.407848748083614,
-1.31392656771391));
#180270=CARTESIAN_POINT('',(-0.174503734880028,0.40953364904278,
-1.30986771887962));
#180280=CARTESIAN_POINT('',(-0.172359104868636,0.411678279054172,
-1.3061425228718));
#180290=CARTESIAN_POINT('',(-0.172317887854667,0.411719496068141,
-1.30607113290947));
#180300=CARTESIAN_POINT('',(-0.170149982360449,0.413887401562359,
-1.30232703676821));
#180310=CARTESIAN_POINT('',(-0.1674735079878,0.416563875935008,
-1.29883960690757));
#180320=CARTESIAN_POINT('',(-0.164419824441302,0.419617559481505,
-1.29577886352215));
#180330=CARTESIAN_POINT('',(-0.164365365749817,0.41967201817299,
-1.29572440483067));
#180340=CARTESIAN_POINT('',(-0.161275691876636,0.422761692046171,
-1.2926419273857));
#180350=CARTESIAN_POINT('',(-0.157783831381301,0.426253552541507,
-1.28996884338176));
#180360=CARTESIAN_POINT('',(-0.154037383922812,0.429999999999996,
-1.28780583093309));
#180370=B_SPLINE_CURVE_WITH_KNOTS('',3,(#180210,#180220,#180230,#180240,
#180250,#180260,#180270,#180280,#180290,#180300,#180310,#180320,#180330,
#180340,#180350,#180360),.UNSPECIFIED.,.F.,.F.,(4,1,2,1,1,2,1,1,2,1,4),(
0.,0.220183043393906,0.223620886332636,0.227262515475626,
0.458278121649304,0.460497425244927,0.462955536586515,0.716561297041019,
0.718829533609397,0.721322014835452,1.),.UNSPECIFIED.);
#180380=EDGE_CURVE('',#180180,#179640,#180370,.T.);
#180390=ORIENTED_EDGE('',*,*,#180380,.F.);
#180400=EDGE_LOOP('',(#180390,#180200,#180120,#180050));
#180410=FACE_OUTER_BOUND('',#180400,.T.);
#180420=ADVANCED_FACE('',(#180410),#180040,.T.);
#180430=CARTESIAN_POINT('',(-0.129037383922807,0.329999999999994,
-2.59376081916591));
#180440=DIRECTION('',(-0.,-1.,-0.));
#180450=DIRECTION('',(1.,0.,0.));
#180460=AXIS2_PLACEMENT_3D('',#180430,#180440,#180450);
#180470=TOROIDAL_SURFACE('',#180460,0.100000000000005,0.0500000000000009
);
#180480=ORIENTED_EDGE('',*,*,#80780,.F.);
#180490=ORIENTED_EDGE('',*,*,#175920,.F.);
#180500=CARTESIAN_POINT('',(-0.129037383922811,0.329999999999996,
-2.59376081916591));
#180510=DIRECTION('',(0.,-1.,0.));
#180520=DIRECTION('',(-1.,-0.,0.));
#180530=AXIS2_PLACEMENT_3D('',#180500,#180510,#180520);
#180540=CIRCLE('',#180530,0.0500000000000004);
#180550=EDGE_CURVE('',#177630,#175840,#180540,.T.);
#180560=ORIENTED_EDGE('',*,*,#180550,.T.);
#180570=ORIENTED_EDGE('',*,*,#177640,.F.);
#180580=EDGE_LOOP('',(#180570,#180560,#180490,#180480));
#180590=FACE_OUTER_BOUND('',#180580,.T.);
#180600=ADVANCED_FACE('',(#180590),#180470,.F.);
#180610=CARTESIAN_POINT('',(-0.129037383922814,0.433217932980532,
-2.59376081916591));
#180620=DIRECTION('',(0.,-1.,0.));
#180630=DIRECTION('',(-1.,-0.,0.));
#180640=AXIS2_PLACEMENT_3D('',#180610,#180620,#180630);
#180650=CYLINDRICAL_SURFACE('',#180640,0.0499999999999988);
#180660=CARTESIAN_POINT('',(-0.179037383922812,0.404999999999996,
-2.59376081916592));
#180670=DIRECTION('',(0.,-1.,0.));
#180680=VECTOR('',#180670,1.);
#180690=LINE('',#180660,#180680);
#180700=CARTESIAN_POINT('',(-0.179037383922811,0.404999999999996,
-2.59376081916592));
#180710=VERTEX_POINT('',#180700);
#180720=EDGE_CURVE('',#180710,#177630,#180690,.T.);
#180730=ORIENTED_EDGE('',*,*,#180720,.F.);
#180740=ORIENTED_EDGE('',*,*,#180550,.F.);
#180750=ORIENTED_EDGE('',*,*,#177000,.F.);
#180760=CARTESIAN_POINT('',(-0.154037383922812,0.429999999999996,
-2.63706208935514));
#180770=CARTESIAN_POINT('',(-0.15778399831019,0.426253385612619,
-2.63489898053003));
#180780=CARTESIAN_POINT('',(-0.161275845968998,0.42276153795381,
-2.63222587466103));
#180790=CARTESIAN_POINT('',(-0.164365502036926,0.419671881885881,
-2.62914337917046));
#180800=CARTESIAN_POINT('',(-0.16441994848765,0.419617435435157,
-2.62908893271973));
#180810=CARTESIAN_POINT('',(-0.167473986628123,0.416563397294684,
-2.62602780156525));
#180820=CARTESIAN_POINT('',(-0.170150391779771,0.413886992143036,
-2.62254031169955));
#180830=CARTESIAN_POINT('',(-0.172318150410204,0.411719233512604,
-2.61879633261923));
#180840=CARTESIAN_POINT('',(-0.172359344070015,0.411678039852793,
-2.61872498310749));
#180850=CARTESIAN_POINT('',(-0.174504083346789,0.409533300576018,
-2.61499947319053));
#180860=CARTESIAN_POINT('',(-0.176188886296703,0.407848497626104,
-2.61094058619542));
#180870=CARTESIAN_POINT('',(-0.177316390288699,0.406720993634108,
-2.60676627972729));
#180880=CARTESIAN_POINT('',(-0.177351127801399,0.406686256121408,
-2.60663663756497));
#180890=CARTESIAN_POINT('',(-0.178472519936796,0.405564863986011,
-2.60241730691519));
#180900=CARTESIAN_POINT('',(-0.179037383922812,0.404999999999996,
-2.59805922604602));
#180910=CARTESIAN_POINT('',(-0.179037383922812,0.404999999999996,
-2.59376081916592));
#180920=B_SPLINE_CURVE_WITH_KNOTS('',3,(#180760,#180770,#180780,#180790,
#180800,#180810,#180820,#180830,#180840,#180850,#180860,#180870,#180880,
#180890,#180900,#180910),.UNSPECIFIED.,.F.,.F.,(4,1,2,1,1,2,1,1,2,1,4),(
0.,0.278690402102656,0.281170466390603,0.283449084926217,
0.53707554223198,0.539502574755073,0.541747836338041,0.772755240128594,
0.776379113667365,0.77983293202407,1.),.UNSPECIFIED.);
#180930=EDGE_CURVE('',#176930,#180710,#180920,.T.);
#180940=ORIENTED_EDGE('',*,*,#180930,.F.);
#180950=EDGE_LOOP('',(#180940,#180750,#180740,#180730));
#180960=FACE_OUTER_BOUND('',#180950,.T.);
#180970=ADVANCED_FACE('',(#180960),#180650,.T.);
#180980=CARTESIAN_POINT('',(-0.179037383922812,0.328121849999996,
-1.29953760817122));
#180990=DIRECTION('',(-1.,0.,0.));
#181000=DIRECTION('',(0.,1.,0.));
#181010=AXIS2_PLACEMENT_3D('',#180980,#180990,#181000);
#181020=PLANE('',#181010);
#181030=ORIENTED_EDGE('',*,*,#177700,.T.);
#181040=ORIENTED_EDGE('',*,*,#180720,.T.);
#181050=CARTESIAN_POINT('',(-0.179037383922812,0.404999999999995,
-3.32993396014411));
#181060=DIRECTION('',(-0.,-0.,1.));
#181070=VECTOR('',#181060,1.);
#181080=LINE('',#181050,#181070);
#181090=EDGE_CURVE('',#180710,#180180,#181080,.T.);
#181100=ORIENTED_EDGE('',*,*,#181090,.F.);
#181110=ORIENTED_EDGE('',*,*,#180190,.T.);
#181120=EDGE_LOOP('',(#181110,#181100,#181040,#181030));
#181130=FACE_OUTER_BOUND('',#181120,.T.);
#181140=ADVANCED_FACE('',(#181130),#181020,.T.);
#181150=CARTESIAN_POINT('',(-0.182164611309172,0.401872772613635,
-1.22953124690958));
#181160=DIRECTION('',(-0.707106781186553,0.707106781186542,0.));
#181170=DIRECTION('',(0.707106781186542,0.707106781186553,0.));
#181180=AXIS2_PLACEMENT_3D('',#181150,#181160,#181170);
#181190=PLANE('',#181180);
#181200=ORIENTED_EDGE('',*,*,#181090,.T.);
#181210=ORIENTED_EDGE('',*,*,#180930,.T.);
#181220=ORIENTED_EDGE('',*,*,#176940,.T.);
#181230=CARTESIAN_POINT('',(-0.054037383922842,0.529999999999966,
-2.62318289176591));
#181240=CARTESIAN_POINT('',(-0.058138550100624,0.525898833822185,
-2.62645449059834));
#181250=CARTESIAN_POINT('',(-0.0622583428545069,0.521779041067426,
-2.62968001331291));
#181260=CARTESIAN_POINT('',(-0.0705315639060929,0.513505820015839,
-2.63604568762355));
#181270=CARTESIAN_POINT('',(-0.074685001478763,0.509352382438337,
-2.63918583966692));
#181280=CARTESIAN_POINT('',(-0.0830223484838829,0.501015035433216,
-2.64538675477919));
#181290=CARTESIAN_POINT('',(-0.087206265140797,0.496831118770514,
-2.64844751781242));
#181300=CARTESIAN_POINT('',(-0.095601736485201,0.48843564742611,
-2.65449494012312));
#181310=CARTESIAN_POINT('',(-0.0998132968129749,0.4842240870966,
-2.65748159904641));
#181320=CARTESIAN_POINT('',(-0.104037383884945,0.48000000002463,
-2.66043354418178));
#181330=B_SPLINE_CURVE_WITH_KNOTS('',3,(#181230,#181240,#181250,#181260,
#181270,#181280,#181290,#181300,#181310,#181320),.UNSPECIFIED.,.F.,.F.,(
4,2,2,2,4),(0.,0.249939037101006,0.499915003303588,0.749935290261446,1.)
,.UNSPECIFIED.);
#181340=CARTESIAN_POINT('',(-0.054037383922842,0.529999999999966,
-2.62318289176591));
#181350=VERTEX_POINT('',#181340);
#181360=EDGE_CURVE('',#181350,#176720,#181330,.T.);
#181370=ORIENTED_EDGE('',*,*,#181360,.T.);
#181380=CARTESIAN_POINT('',(-0.0540373839228119,0.529999999999997,
-3.32993396014411));
#181390=DIRECTION('',(0.,0.,-1.));
#181400=VECTOR('',#181390,1.);
#181410=LINE('',#181380,#181400);
#181420=CARTESIAN_POINT('',(-0.054037383922852,0.529999999999956,
-1.30168502852231));
#181430=VERTEX_POINT('',#181420);
#181440=EDGE_CURVE('',#181430,#181350,#181410,.T.);
#181450=ORIENTED_EDGE('',*,*,#181440,.T.);
#181460=CARTESIAN_POINT('',(-0.054037383922852,0.529999999999956,
-1.30168502852231));
#181470=CARTESIAN_POINT('',(-0.0581385501015239,0.525898833821284,
-1.29841342968917));
#181480=CARTESIAN_POINT('',(-0.0622583428559069,0.521779041066024,
-1.29518790697424));
#181490=CARTESIAN_POINT('',(-0.070531563908303,0.513505820013561,
-1.2888222326633));
#181500=CARTESIAN_POINT('',(-0.074685001482003,0.509352382434867,
-1.28568208061992));
#181510=CARTESIAN_POINT('',(-0.083022348490853,0.501015035425185,
-1.27948116550868));
#181520=CARTESIAN_POINT('',(-0.087206265150802,0.496831118758673,
-1.27642040247673));
#181530=CARTESIAN_POINT('',(-0.0956017365019459,0.488435647405777,
-1.27037298016904));
#181540=CARTESIAN_POINT('',(-0.099813296832741,0.484224087072481,
-1.26738632124703));
#181550=CARTESIAN_POINT('',(-0.104037383905227,0.479999999999996,
-1.26443437611134));
#181560=B_SPLINE_CURVE_WITH_KNOTS('',3,(#181460,#181470,#181480,#181490,
#181500,#181510,#181520,#181530,#181540,#181550),.UNSPECIFIED.,.F.,.F.,(
4,2,2,2,4),(0.,0.249939037050315,0.499915003225987,0.749935290230027,1.)
,.UNSPECIFIED.);
#181570=EDGE_CURVE('',#181430,#179850,#181560,.T.);
#181580=ORIENTED_EDGE('',*,*,#181570,.F.);
#181590=ORIENTED_EDGE('',*,*,#179860,.T.);
#181600=ORIENTED_EDGE('',*,*,#180380,.T.);
#181610=EDGE_LOOP('',(#181600,#181590,#181580,#181450,#181370,#181220,
#181210,#181200));
#181620=FACE_OUTER_BOUND('',#181610,.T.);
#181630=ADVANCED_FACE('',(#181620),#181190,.T.);
#181640=CARTESIAN_POINT('',(0.00596261607718773,0.476945183091869,
-2.35993396014412));
#181650=DIRECTION('',(0.,-1.,-2.74931179853829E-15));
#181660=DIRECTION('',(0.,-1.37465589926915E-15,1.));
#181670=AXIS2_PLACEMENT_3D('',#181640,#181650,#181660);
#181680=CONICAL_SURFACE('',#181670,0.323054816908124,0.785398163397452);
#181690=ORIENTED_EDGE('',*,*,#179390,.T.);
#181700=CARTESIAN_POINT('',(0.00596261607718773,0.529999999999998,
-2.35993396014412));
#181710=DIRECTION('',(0.,-1.,-1.37465589926915E-15));
#181720=DIRECTION('',(0.,-1.37465589926915E-15,1.));
#181730=AXIS2_PLACEMENT_3D('',#181700,#181710,#181720);
#181740=CIRCLE('',#181730,0.269999999999993);
#181750=EDGE_CURVE('',#181350,#179250,#181740,.T.);
#181760=ORIENTED_EDGE('',*,*,#181750,.T.);
#181770=ORIENTED_EDGE('',*,*,#181360,.F.);
#181780=ORIENTED_EDGE('',*,*,#176730,.T.);
#181790=EDGE_LOOP('',(#181780,#181770,#181760,#181690));
#181800=FACE_OUTER_BOUND('',#181790,.T.);
#181810=ADVANCED_FACE('',(#181800),#181680,.T.);
#181820=CARTESIAN_POINT('',(0.00596261607718884,0.476945183086965,
-1.56493396014412));
#181830=DIRECTION('',(4.8112956473689E-15,-1.,-1.16845751436102E-14));
#181840=DIRECTION('',(0.,-1.16845751436102E-14,1.));
#181850=AXIS2_PLACEMENT_3D('',#181820,#181830,#181840);
#181860=CONICAL_SURFACE('',#181850,0.323054816913045,0.785398163397471);
#181870=ORIENTED_EDGE('',*,*,#181570,.T.);
#181880=CARTESIAN_POINT('',(0.00596261607718862,0.530000000000001,
-1.56493396014412));
#181890=DIRECTION('',(4.8112956473689E-15,-1.,-1.16845751436102E-14));
#181900=DIRECTION('',(0.,-1.16845751436102E-14,1.));
#181910=AXIS2_PLACEMENT_3D('',#181880,#181890,#181900);
#181920=CIRCLE('',#181910,0.270000000000007);
#181930=EDGE_CURVE('',#179170,#181430,#181920,.T.);
#181940=ORIENTED_EDGE('',*,*,#181930,.T.);
#181950=ORIENTED_EDGE('',*,*,#179180,.F.);
#181960=ORIENTED_EDGE('',*,*,#179930,.F.);
#181970=EDGE_LOOP('',(#181960,#181950,#181940,#181870));
#181980=FACE_OUTER_BOUND('',#181970,.T.);
#181990=ADVANCED_FACE('',(#181980),#181860,.T.);
#182000=CARTESIAN_POINT('',(-0.129037383922819,0.329999999999998,
-1.33110710112231));
#182010=DIRECTION('',(-0.,1.,-0.));
#182020=DIRECTION('',(-1.,0.,0.));
#182030=AXIS2_PLACEMENT_3D('',#182000,#182010,#182020);
#182040=TOROIDAL_SURFACE('',#182030,0.0999999999999915,
0.0500000000000008);
#182050=ORIENTED_EDGE('',*,*,#180110,.F.);
#182060=ORIENTED_EDGE('',*,*,#178560,.T.);
#182070=ORIENTED_EDGE('',*,*,#80950,.T.);
#182080=ORIENTED_EDGE('',*,*,#177540,.F.);
#182090=EDGE_LOOP('',(#182080,#182070,#182060,#182050));
#182100=FACE_OUTER_BOUND('',#182090,.T.);
#182110=ADVANCED_FACE('',(#182100),#182040,.F.);
#182120=CARTESIAN_POINT('',(-0.0570405339228529,0.529999999999997,
-1.26155581014412));
#182130=DIRECTION('',(0.,1.,0.));
#182140=DIRECTION('',(1.,-0.,0.));
#182150=AXIS2_PLACEMENT_3D('',#182120,#182130,#182140);
#182160=PLANE('',#182150);
#182170=ORIENTED_EDGE('',*,*,#181440,.F.);
#182180=ORIENTED_EDGE('',*,*,#181750,.F.);
#182190=ORIENTED_EDGE('',*,*,#179260,.T.);
#182200=ORIENTED_EDGE('',*,*,#181930,.F.);
#182210=EDGE_LOOP('',(#182200,#182190,#182180,#182170));
#182220=FACE_OUTER_BOUND('',#182210,.T.);
#182230=ADVANCED_FACE('',(#182220),#182160,.T.);
#182240=CARTESIAN_POINT('',(0.240962616077189,0.329999999999999,
-1.29947775817122));
#182250=DIRECTION('',(0.,0.,-1.));
#182260=DIRECTION('',(-1.,0.,-0.));
#182270=AXIS2_PLACEMENT_3D('',#182240,#182250,#182260);
#182280=CYLINDRICAL_SURFACE('',#182270,0.0500000000000009);
#182290=ORIENTED_EDGE('',*,*,#176260,.T.);
#182300=ORIENTED_EDGE('',*,*,#81190,.T.);
#182310=ORIENTED_EDGE('',*,*,#178720,.T.);
#182320=CARTESIAN_POINT('',(0.190962616077189,0.329999999999998,
-1.33110710112232));
#182330=DIRECTION('',(0.,0.,-1.));
#182340=VECTOR('',#182330,1.);
#182350=LINE('',#182320,#182340);
#182360=EDGE_CURVE('',#177870,#176160,#182350,.T.);
#182370=ORIENTED_EDGE('',*,*,#182360,.F.);
#182380=EDGE_LOOP('',(#182370,#182310,#182300,#182290));
#182390=FACE_OUTER_BOUND('',#182380,.T.);
#182400=ADVANCED_FACE('',(#182390),#182280,.F.);
#182410=CARTESIAN_POINT('',(0.190962616077189,0.406878149999998,
-1.29953760817122));
#182420=DIRECTION('',(1.,0.,0.));
#182430=DIRECTION('',(0.,-1.,0.));
#182440=AXIS2_PLACEMENT_3D('',#182410,#182420,#182430);
#182450=PLANE('',#182440);
#182460=ORIENTED_EDGE('',*,*,#177180,.T.);
#182470=ORIENTED_EDGE('',*,*,#182360,.T.);
#182480=ORIENTED_EDGE('',*,*,#177880,.T.);
#182490=ORIENTED_EDGE('',*,*,#179470,.T.);
#182500=EDGE_LOOP('',(#182490,#182480,#182470,#182460));
#182510=FACE_OUTER_BOUND('',#182500,.T.);
#182520=ADVANCED_FACE('',(#182510),#182450,.T.);
#182530=CLOSED_SHELL('',(#420,#820,#1150,#1370,#1680,#2100,#2410,#2810,
#9290,#10280,#10520,#10770,#11610,#11830,#12820,#13130,#13370,#13610,
#13860,#14100,#14350,#14600,#15050,#16040,#16350,#17340,#17660,#18060,
#18460,#18790,#19210,#19430,#20100,#20340,#20590,#21580,#22570,#22970,
#23370,#24180,#24490,#24800,#25430,#25550,#25720,#25840,#25960,#26080,
#26480,#26880,#27210,#27540,#27940,#28270,#28670,#29070,#29490,#29890,
#30600,#30920,#31320,#37460,#41910,#42220,#42850,#43160,#43430,#43850,
#44160,#44490,#45160,#45470,#46050,#46220,#46440,#46560,#46680,#46800,
#46920,#47340,#47560,#47980,#48560,#48870,#49360,#49530,#49650,#49770,
#49890,#50310,#50620,#50950,#51170,#51570,#52100,#52420,#52660,#52900,
#53320,#54140,#54460,#55180,#55350,#56270,#56590,#56910,#57220,#57540,
#57850,#58100,#58550,#58670,#58790,#58910,#59030,#59150,#59270,#59440,
#59660,#59830,#59950,#60070,#60510,#60690,#60990,#61110,#61230,#61350,
#61840,#61960,#62130,#62250,#62370,#62490,#62660,#62900,#63140,#63310,
#63510,#63630,#64990,#65160,#65480,#65720,#66120,#66290,#66510,#66680,
#66850,#67020,#67240,#67410,#67580,#67750,#67870,#67990,#68320,#69140,
#69450,#70180,#70400,#70520,#70740,#70910,#71030,#71150,#71270,#71510,
#71760,#72000,#72320,#72560,#72800,#72980,#73350,#73520,#73640,#73890,
#74200,#74440,#74690,#75010,#75180,#75610,#75780,#75900,#76020,#76140,
#76360,#76480,#76700,#76870,#76990,#77210,#77380,#77500,#77620,#78140,
#78360,#78530,#78650,#78770,#79080,#79390,#81230,#82420,#83050,#83360,
#83600,#84160,#85190,#85310,#85620,#86040,#86370,#86540,#86660,#86970,
#87140,#87260,#87380,#87600,#87930,#88850,#89250,#89670,#90090,#90510,
#90930,#91260,#91570,#92220,#92540,#92710,#92950,#93120,#93290,#93530,
#93710,#93930,#94130,#94350,#94600,#94850,#95170,#95480,#95790,#96030,
#96270,#96450,#96850,#97750,#98650,#98890,#99060,#99180,#99400,#99620,
#99840,#100010,#100130,#100250,#100670,#100790,#101160,#101280,#102080,
#102200,#102320,#102740,#103560,#103730,#104050,#104750,#104920,#105040,
#105160,#105280,#105700,#106020,#106240,#106410,#106830,#106950,#109400,
#110070,#110240,#110360,#110580,#110750,#110870,#111040,#111160,#111470,
#112220,#112470,#112710,#112950,#113190,#113500,#113870,#113990,#114390,
#115310,#115640,#115880,#116730,#116900,#117120,#117290,#117460,#117630,
#117800,#117970,#118090,#118510,#118910,#119640,#119880,#120280,#120700,
#121430,#122160,#122280,#122450,#122620,#122840,#123010,#123130,#123250,
#123650,#124480,#124730,#125130,#125530,#126270,#126580,#126820,#127070,
#127490,#127820,#128560,#128870,#129190,#129740,#129910,#130080,#130480,
#130880,#131620,#131930,#132580,#132750,#132920,#133040,#133160,#133330,
#133450,#133850,#134270,#135000,#135250,#135560,#135760,#135930,#136510,
#136630,#136800,#137400,#137620,#137790,#137910,#138080,#138200,#138320,
#138440,#138560,#138680,#138800,#138920,#139100,#139540,#139710,#139830,
#139950,#140070,#140310,#140560,#140870,#141380,#141550,#141720,#141840,
#141960,#142080,#142200,#142450,#143030,#143200,#143370,#143540,#143660,
#143780,#143900,#144020,#144260,#144570,#144970,#145140,#145260,#145380,
#145580,#145890,#146060,#146180,#146300,#146610,#146850,#146970,#147150,
#147460,#147580,#148500,#148820,#149060,#149480,#149900,#150120,#150520,
#150920,#151160,#151490,#151710,#151930,#152180,#152510,#152930,#153350,
#153660,#153970,#154280,#154610,#154830,#155750,#156070,#156390,#156720,
#157140,#157560,#157980,#158200,#158510,#158820,#159040,#159260,#159380,
#159690,#160540,#160850,#161160,#161470,#161780,#162270,#162390,#162510,
#162630,#162750,#163070,#163310,#163550,#163730,#163850,#164070,#164270,
#164470,#164710,#165060,#165180,#165300,#165420,#165720,#165890,#166060,
#166260,#166430,#166630,#167380,#167500,#167670,#167890,#168110,#168280,
#168400,#168520,#168640,#168760,#168880,#169220,#169480,#170860,#171200,
#171460,#171900,#172500,#172820,#173070,#173440,#173660,#173780,#173960,
#174220,#174390,#174610,#175060,#175300,#175460,#175580,#175700,#176040,
#176300,#177040,#177410,#177740,#178280,#178600,#178780,#179520,#179990,
#180420,#180600,#180970,#181140,#181630,#181810,#181990,#182110,#182230,
#182400,#182520));
#182540=MANIFOLD_SOLID_BREP('',#182530);
#182550=CARTESIAN_POINT('',(0.,0.,0.));
#182560=DIRECTION('',(0.,0.,1.));
#182570=DIRECTION('',(1.,0.,0.));
#182580=AXIS2_PLACEMENT_3D('',#182550,#182560,#182570);
#182590=APPLICATION_CONTEXT(' ');
#182600=APPLICATION_PROTOCOL_DEFINITION(' ','automotive_design',1998,
#182590);
#182610=PRODUCT_CONTEXT('',#182590,'mechanical');
#182620=PRODUCT_DEFINITION_CONTEXT('part definition',#182590,'design');
#182630=PRODUCT('DF40C-34DP-0.4V','DF40C-34DP-0.4V','',(#182610));
#182640=PRODUCT_RELATED_PRODUCT_CATEGORY('part',' ',(#182630));
#182650=PRODUCT_DEFINITION_FORMATION_WITH_SPECIFIED_SOURCE('','',#182630
,.BOUGHT.);
#182660=PRODUCT_DEFINITION('',' ',#182650,#182620);
#182670=PRODUCT_DEFINITION_SHAPE('','',#182660);
#182680=DIMENSIONAL_EXPONENTS(1.,0.,0.,0.,0.,0.,0.);
#182690=DIMENSIONAL_EXPONENTS(0.,0.,0.,0.,0.,0.,0.);
#182700=DIMENSIONAL_EXPONENTS(0.,0.,0.,0.,0.,0.,0.);
#182710=(LENGTH_UNIT() NAMED_UNIT(*) SI_UNIT(.MILLI.,.METRE.));
#182720=(NAMED_UNIT(*) PLANE_ANGLE_UNIT() SI_UNIT($,.RADIAN.));
#182730=(NAMED_UNIT(*) SI_UNIT($,.STERADIAN.) SOLID_ANGLE_UNIT());
#182740=(GEOMETRIC_REPRESENTATION_CONTEXT(3) 
GLOBAL_UNCERTAINTY_ASSIGNED_CONTEXT((#182750)) 
GLOBAL_UNIT_ASSIGNED_CONTEXT((#182710,#182720,#182730)) 
REPRESENTATION_CONTEXT('',''));
#182750=UNCERTAINTY_MEASURE_WITH_UNIT(LENGTH_MEASURE(1.E-6),#182710,
'distance_accuracy_value','maximum gap value');
#182760=ADVANCED_BREP_SHAPE_REPRESENTATION('',(#182580,#182540),#182740)
;
#182770=SHAPE_DEFINITION_REPRESENTATION(#182670,#182760);
#182780=COLOUR_RGB('',0.600000023841858,0.600000023841858,
0.600000023841858);
#182790=FILL_AREA_STYLE_COLOUR('',#182780);
#182800=FILL_AREA_STYLE('',(#182790));
#182810=SURFACE_STYLE_FILL_AREA(#182800);
#182820=SURFACE_SIDE_STYLE('',(#182810));
#182830=SURFACE_STYLE_USAGE(.BOTH.,#182820);
#182840=PRESENTATION_STYLE_ASSIGNMENT((#182830));
#182850=STYLED_ITEM('',(#182840),#182540);
#182860=DRAUGHTING_MODEL('',(#182850),#182740);
ENDSEC;
END-ISO-10303-21;
