ISO-10303-21;
HEADER;
FILE_DESCRIPTION (( 'STEP AP214' ),
    '1' );
FILE_NAME ('DFEG7030D-5R6M=P3.STEP',
    '2020-01-28T22:02:11',
    ( '' ),
    ( '' ),
    'SwSTEP 2.0',
    'SolidWorks 2018',
    '' );
FILE_SCHEMA (( 'AUTOMOTIVE_DESIGN' ));
ENDSEC;

DATA;
#1 = FILL_AREA_STYLE_COLOUR ( '', #10 ) ;
#2 = LINE ( 'NONE', #2621, #240 ) ;
#3 = CARTESIAN_POINT ( 'NONE',  ( 2.425304832720495352, 1.500000000000000000, -3.393933982822017192 ) ) ;
#4 = AXIS2_PLACEMENT_3D ( 'NONE', #2046, #3830, #3848 ) ;
#5 = EDGE_CURVE ( 'NONE', #3787, #2579, #3335, .T. ) ;
#6 = VECTOR ( 'NONE', #1064, 1000.000000000000000 ) ;
#7 = CARTESIAN_POINT ( 'NONE',  ( 2.687753564820996477, 2.299376065731598917, 2.626405296022231717 ) ) ;
#8 = CARTESIAN_POINT ( 'NONE',  ( 2.686780461782949825, 1.300000000000012923, -3.049615641284955103 ) ) ;
#9 =( NAMED_UNIT ( * ) PLANE_ANGLE_UNIT ( ) SI_UNIT ( $, .RADIAN. ) );
#10 = COLOUR_RGB ( '',0.5372549019607842924, 0.3490196078431372362, 0.3372549019607843368 ) ;
#11 = FACE_OUTER_BOUND ( 'NONE', #3785, .T. ) ;
#12 = CARTESIAN_POINT ( 'NONE',  ( 3.086780461782949736, 1.400000000000002798, -2.649615641284943646 ) ) ;
#13 = DIRECTION ( 'NONE',  ( -1.000000000000000000, 0.0000000000000000000, 9.018912902434378532E-17 ) ) ;
#14 = CARTESIAN_POINT ( 'NONE',  ( -1.600000000000001199, 0.1999999999999996503, -3.299999999999999378 ) ) ;
#15 = CARTESIAN_POINT ( 'NONE',  ( -1.458571428571429518, 2.717142857142856194, 3.499999999999999556 ) ) ;
#16 = ADVANCED_FACE ( 'NONE', ( #702 ), #3845, .T. ) ;
#17 = DIRECTION ( 'NONE',  ( 0.0000000000000000000, -1.000000000000000000, 0.0000000000000000000 ) ) ;
#18 = CARTESIAN_POINT ( 'NONE',  ( 3.069534554875181342, 1.705504430940429694, 3.031324527897908183 ) ) ;
#19 = CARTESIAN_POINT ( 'NONE',  ( 2.286780461782947693, 0.2999999999999994893, -3.049615641284945333 ) ) ;
#20 = FILL_AREA_STYLE_COLOUR ( '', #3794 ) ;
#21 = LINE ( 'NONE', #3246, #459 ) ;
#22 =( LENGTH_UNIT ( ) NAMED_UNIT ( * ) SI_UNIT ( .MILLI., .METRE. ) );
#23 = DIRECTION ( 'NONE',  ( 0.4991356957649066839, -0.7275894061853068751, -0.4706136560069151265 ) ) ;
#24 = LINE ( 'NONE', #3079, #2426 ) ;
#25 = ORIENTED_EDGE ( 'NONE', *, *, #2525, .F. ) ;
#26 = ORIENTED_EDGE ( 'NONE', *, *, #3090, .F. ) ;
#27 = PRESENTATION_LAYER_ASSIGNMENT (  '', '', ( #3699 ) ) ;
#29 = VECTOR ( 'NONE', #790, 1000.000000000000000 ) ;
#28 = SURFACE_STYLE_USAGE ( .BOTH. , #972 ) ;
#30 = EDGE_CURVE ( 'NONE', #2972, #3632, #1683, .T. ) ;
#31 =( GEOMETRIC_REPRESENTATION_CONTEXT ( 3 ) GLOBAL_UNCERTAINTY_ASSIGNED_CONTEXT ( ( #1707 ) ) GLOBAL_UNIT_ASSIGNED_CONTEXT ( ( #3338, #3924, #3039 ) ) REPRESENTATION_CONTEXT ( 'NONE', 'WORKASPACE' ) );
#32 = VERTEX_POINT ( 'NONE', #2991 ) ;
#33 = ORIENTED_EDGE ( 'NONE', *, *, #3869, .F. ) ;
#34 = CARTESIAN_POINT ( 'NONE',  ( 2.526297727388277181, 1.733935457656006873, 2.479406680563321697 ) ) ;
#35 = VERTEX_POINT ( 'NONE', #2030 ) ;
#36 = ORIENTED_EDGE ( 'NONE', *, *, #472, .F. ) ;
#37 = CARTESIAN_POINT ( 'NONE',  ( 2.686780461782905416, 0.7000000000000099476, 3.049615641284944889 ) ) ;
#38 = CARTESIAN_POINT ( 'NONE',  ( 2.686773543670430531, 1.520071940625131512, -2.649608303892879491 ) ) ;
#39 = VERTEX_POINT ( 'NONE', #122 ) ;
#40 = CARTESIAN_POINT ( 'NONE',  ( 3.083268699130425450, 1.604069324462002566, -3.045891044532273106 ) ) ;
#41 = DIRECTION ( 'NONE',  ( 0.0000000000000000000, -1.000000000000000000, 0.0000000000000000000 ) ) ;
#42 = ORIENTED_EDGE ( 'NONE', *, *, #231, .F. ) ;
#43 = ORIENTED_EDGE ( 'NONE', *, *, #3417, .F. ) ;
#44 = ORIENTED_EDGE ( 'NONE', *, *, #3499, .T. ) ;
#45 = VERTEX_POINT ( 'NONE', #1682 ) ;
#46 = CARTESIAN_POINT ( 'NONE',  ( 1.599999999999998979, 0.1499999999999995226, 3.299999999999999378 ) ) ;
#47 = CARTESIAN_POINT ( 'NONE',  ( 1.599999999999998979, 0.1499999999999995226, -3.299999999999999378 ) ) ;
#48 = ORIENTED_EDGE ( 'NONE', *, *, #2183, .T. ) ;
#49 = VECTOR ( 'NONE', #2473, 1000.000000000000000 ) ;
#50 = CARTESIAN_POINT ( 'NONE',  ( 2.286958250307872031, 1.494731326254584713, 2.649804204871994084 ) ) ;
#51 = CARTESIAN_POINT ( 'NONE',  ( 2.686780461782970697, 0.9999999999999933387, -2.649615641284944534 ) ) ;
#52 = CARTESIAN_POINT ( 'NONE',  ( 2.286780461782949025, 1.250000000000001554, -3.049615641284944001 ) ) ;
#53 = AXIS2_PLACEMENT_3D ( 'NONE', #1159, #3346, #1479 ) ;
#54 = FACE_OUTER_BOUND ( 'NONE', #3965, .T. ) ;
#55 = FACE_OUTER_BOUND ( 'NONE', #1188, .T. ) ;
#56 = EDGE_CURVE ( 'NONE', #1043, #1737, #2531, .T. ) ;
#57 = VECTOR ( 'NONE', #2675, 1000.000000000000114 ) ;
#58 = VECTOR ( 'NONE', #2617, 1000.000000000000000 ) ;
#59 = EDGE_CURVE ( 'NONE', #1150, #4022, #2625, .T. ) ;
#60 = DIRECTION ( 'NONE',  ( 0.0000000000000000000, 1.000000000000000000, 0.0000000000000000000 ) ) ;
#61 = CARTESIAN_POINT ( 'NONE',  ( 2.205498257377713767, 1.722791269255264490, 2.963407242673291808 ) ) ;
#62 = CARTESIAN_POINT ( 'NONE',  ( 2.286780461782904617, 0.7000000000000101696, -2.649615641284944534 ) ) ;
#63 = CARTESIAN_POINT ( 'NONE',  ( 2.686764936945440496, 1.529594619542975487, -3.049599175548189489 ) ) ;
#64 = CARTESIAN_POINT ( 'NONE',  ( 1.599999999999998757, 0.0000000000000000000, 2.000000000000000000 ) ) ;
#65 = DIRECTION ( 'NONE',  ( 0.0000000000000000000, -1.000000000000000000, 0.0000000000000000000 ) ) ;
#66 = AXIS2_PLACEMENT_3D ( 'NONE', #3793, #315, #1252 ) ;
#67 = LINE ( 'NONE', #3023, #1734 ) ;
#68 = CARTESIAN_POINT ( 'NONE',  ( 2.685752753388507497, 1.530455622698589702, 2.648525647533271243 ) ) ;
#69 = CARTESIAN_POINT ( 'NONE',  ( 2.285679692969154075, 1.532620731573986816, 3.048448159209719677 ) ) ;
#70 = CARTESIAN_POINT ( 'NONE',  ( 2.863557157079585913, 1.500000000000000000, 2.531417589750997621 ) ) ;
#71 = CARTESIAN_POINT ( 'NONE',  ( 2.288171723640674671, 1.487080666942038887, -2.651091222043129303 ) ) ;
#72 = FACE_OUTER_BOUND ( 'NONE', #1042, .T. ) ;
#73 = AXIS2_PLACEMENT_3D ( 'NONE', #2276, #355, #3811 ) ;
#74 = VERTEX_POINT ( 'NONE', #2624 ) ;
#75 = EDGE_CURVE ( 'NONE', #332, #1991, #2241, .T. ) ;
#76 = CARTESIAN_POINT ( 'NONE',  ( 2.286780461782904617, 0.7000000000000101696, -3.049615641284944889 ) ) ;
#77 = ORIENTED_EDGE ( 'NONE', *, *, #955, .T. ) ;
#78 = EDGE_LOOP ( 'NONE', ( #811, #3783, #1638, #3675 ) ) ;
#79 =( GEOMETRIC_REPRESENTATION_CONTEXT ( 3 ) GLOBAL_UNCERTAINTY_ASSIGNED_CONTEXT ( ( #2857 ) ) GLOBAL_UNIT_ASSIGNED_CONTEXT ( ( #2837, #9, #1902 ) ) REPRESENTATION_CONTEXT ( 'NONE', 'WORKASPACE' ) );
#80 = CARTESIAN_POINT ( 'NONE',  ( 1.650000000000001243, 1.500000000000000000, 3.250000000000000000 ) ) ;
#81 = EDGE_CURVE ( 'NONE', #264, #3855, #2043, .T. ) ;
#82 = ORIENTED_EDGE ( 'NONE', *, *, #339, .F. ) ;
#83 = DIRECTION ( 'NONE',  ( -0.0000000000000000000, -1.000000000000000000, -0.0000000000000000000 ) ) ;
#84 = CARTESIAN_POINT ( 'NONE',  ( 2.615859994619405882, 1.820269960651880403, 2.974396963990294296 ) ) ;
#85 = CARTESIAN_POINT ( 'NONE',  ( 2.686780461782948493, 0.2999999999999992673, 2.849615641284945600 ) ) ;
#86 = CARTESIAN_POINT ( 'NONE',  ( 2.686780461782949381, 1.500000000000000000, -2.708194285047634597 ) ) ;
#87 = CARTESIAN_POINT ( 'NONE',  ( 2.205498257377713767, 1.722791269255264490, -2.963407242673291808 ) ) ;
#88 = EDGE_LOOP ( 'NONE', ( #1048, #1851, #33, #169 ) ) ;
#89 = DIRECTION ( 'NONE',  ( 0.0000000000000000000, 0.0000000000000000000, -1.000000000000000000 ) ) ;
#90 = ORIENTED_EDGE ( 'NONE', *, *, #828, .F. ) ;
#91 = LINE ( 'NONE', #1221, #1655 ) ;
#92 = DIRECTION ( 'NONE',  ( 0.0000000000000000000, 0.0000000000000000000, 1.000000000000000000 ) ) ;
#93 = CARTESIAN_POINT ( 'NONE',  ( -1.650000000000001021, 0.1999999999999996503, -3.349999999999999645 ) ) ;
#95 = VECTOR ( 'NONE', #3511, 1000.000000000000000 ) ;
#94 = PLANE ( 'NONE',  #3036 ) ;
#96 = LINE ( 'NONE', #1685, #1464 ) ;
#97 = CARTESIAN_POINT ( 'NONE',  ( 2.286780461782949025, 1.449999999999994404, -2.649615641284943646 ) ) ;
#98 = DIRECTION ( 'NONE',  ( -0.0000000000000000000, -1.000000000000000000, -0.0000000000000000000 ) ) ;
#99 = EDGE_CURVE ( 'NONE', #2978, #127, #556, .T. ) ;
#100 = VECTOR ( 'NONE', #1990, 1000.000000000000114 ) ;
#101 = CARTESIAN_POINT ( 'NONE',  ( -1.600000000000001199, 0.1499999999999995226, -3.299999999999999378 ) ) ;
#102 = CARTESIAN_POINT ( 'NONE',  ( 2.686773543670430531, 1.520071940625131512, 2.649608303892879491 ) ) ;
#103 = LINE ( 'NONE', #1652, #3842 ) ;
#104 = CARTESIAN_POINT ( 'NONE',  ( 2.686787425812671160, 1.479794837000475871, 2.649623027377072670 ) ) ;
#105 = CARTESIAN_POINT ( 'NONE',  ( 2.898912496138913664, 0.3000000000000004885, -2.920326319403598880 ) ) ;
#106 = DIRECTION ( 'NONE',  ( -0.0000000000000000000, 0.0000000000000000000, 1.000000000000000000 ) ) ;
#107 = LINE ( 'NONE', #1311, #3328 ) ;
#109 = LINE ( 'NONE', #1459, #3996 ) ;
#108 = DIRECTION ( 'NONE',  ( -1.445602896647339706E-15, 0.0000000000000000000, -1.000000000000000000 ) ) ;
#110 = CARTESIAN_POINT ( 'NONE',  ( 2.655177182770872335, 1.642717347057615962, 2.616097012029726887 ) ) ;
#111 = EDGE_CURVE ( 'NONE', #2587, #263, #979, .T. ) ;
#112 = VERTEX_POINT ( 'NONE', #2977 ) ;
#113 = CARTESIAN_POINT ( 'NONE',  ( 2.898912496138913664, 1.500000000000000000, -2.920326319403598880 ) ) ;
#114 = ORIENTED_EDGE ( 'NONE', *, *, #878, .T. ) ;
#115 = ORIENTED_EDGE ( 'NONE', *, *, #2540, .F. ) ;
#116 = CARTESIAN_POINT ( 'NONE',  ( 2.898912496138913664, 1.500000000000000000, -2.920326319403598880 ) ) ;
#117 = ORIENTED_EDGE ( 'NONE', *, *, #571, .T. ) ;
#118 = ORIENTED_EDGE ( 'NONE', *, *, #393, .T. ) ;
#119 = EDGE_CURVE ( 'NONE', #892, #2579, #2286, .T. ) ;
#120 = CARTESIAN_POINT ( 'NONE',  ( 2.686780461782949381, 1.250000000000001332, -2.649615641284944090 ) ) ;
#121 = PLANE ( 'NONE',  #905 ) ;
#122 = CARTESIAN_POINT ( 'NONE',  ( 2.898912496138913664, 1.500000000000000000, 2.920326319403598880 ) ) ;
#123 = ORIENTED_EDGE ( 'NONE', *, *, #2884, .T. ) ;
#124 = CARTESIAN_POINT ( 'NONE',  ( 2.898912496138913664, 1.500000000000000000, 2.778904963166289210 ) ) ;
#125 = CARTESIAN_POINT ( 'NONE',  ( -1.600000000000001199, 0.3000000000000004885, 3.499999999999999556 ) ) ;
#126 = EDGE_CURVE ( 'NONE', #3105, #1903, #3580, .T. ) ;
#127 = VERTEX_POINT ( 'NONE', #2374 ) ;
#128 = CARTESIAN_POINT ( 'NONE',  ( 2.686780461782905416, 0.7000000000000099476, 2.649615641284944534 ) ) ;
#129 = ORIENTED_EDGE ( 'NONE', *, *, #1606, .T. ) ;
#130 = VERTEX_POINT ( 'NONE', #1378 ) ;
#131 = ORIENTED_EDGE ( 'NONE', *, *, #2806, .T. ) ;
#132 = CARTESIAN_POINT ( 'NONE',  ( 2.757491139901603994, 0.3000000000000004885, -2.637483606928980873 ) ) ;
#133 = CARTESIAN_POINT ( 'NONE',  ( 2.686780461782949381, 1.099999999999994760, 2.649615641284944090 ) ) ;
#134 = CARTESIAN_POINT ( 'NONE',  ( 2.425304832720495352, 1.500000000000000000, 3.393933982822017192 ) ) ;
#135 = ORIENTED_EDGE ( 'NONE', *, *, #2758, .F. ) ;
#136 = ADVANCED_FACE ( 'NONE', ( #747 ), #1186, .F. ) ;
#137 = CARTESIAN_POINT ( 'NONE',  ( 2.286780461782949025, 1.374999999999991784, -2.649615641284938761 ) ) ;
#138 = VECTOR ( 'NONE', #1686, 1000.000000000000000 ) ;
#139 = DIRECTION ( 'NONE',  ( -1.000000000000000000, 0.0000000000000000000, 1.355252715606880789E-16 ) ) ;
#140 = EDGE_CURVE ( 'NONE', #1903, #2909, #1083, .T. ) ;
#141 = CARTESIAN_POINT ( 'NONE',  ( 3.086780461782949736, 1.374999999999991784, 3.049615641284938672 ) ) ;
#142 = CARTESIAN_POINT ( 'NONE',  ( 1.650000000000001688, 0.3000000000000004885, -3.499999999999999556 ) ) ;
#143 = CARTESIAN_POINT ( 'NONE',  ( 2.686780461782949825, 1.374999999999991784, 2.649615641284938317 ) ) ;
#144 = VECTOR ( 'NONE', #1120, 1000.000000000000000 ) ;
#145 = VECTOR ( 'NONE', #2906, 1000.000000000000114 ) ;
#146 = CARTESIAN_POINT ( 'NONE',  ( -3.300000000000000711, 3.000000000000000000, 3.349999999999999645 ) ) ;
#148 = FACE_OUTER_BOUND ( 'NONE', #1250, .T. ) ;
#147 = CARTESIAN_POINT ( 'NONE',  ( 2.686780461782949825, 1.449999999999993960, -2.649615641284943646 ) ) ;
#149 = DIRECTION ( 'NONE',  ( -0.0000000000000000000, 1.000000000000000000, -0.0000000000000000000 ) ) ;
#150 = DIRECTION ( 'NONE',  ( 0.0000000000000000000, 1.000000000000000000, 0.0000000000000000000 ) ) ;
#151 = EDGE_CURVE ( 'NONE', #3542, #2956, #3955, .T. ) ;
#152 = AXIS2_PLACEMENT_3D ( 'NONE', #3001, #1423, #1070 ) ;
#153 = ADVANCED_FACE ( 'NONE', ( #3385 ), #2136, .F. ) ;
#154 = CARTESIAN_POINT ( 'NONE',  ( 2.686780461782948493, 0.2999999999999992673, 2.649615641284945422 ) ) ;
#155 = VECTOR ( 'NONE', #3887, 1000.000000000000000 ) ;
#156 = DIRECTION ( 'NONE',  ( 0.0000000000000000000, 1.000000000000000000, 0.0000000000000000000 ) ) ;
#157 = PLANE ( 'NONE',  #2627 ) ;
#158 = DIRECTION ( 'NONE',  ( 1.000000000000000000, 0.0000000000000000000, 0.0000000000000000000 ) ) ;
#159 = VECTOR ( 'NONE', #3786, 1000.000000000000000 ) ;
#160 = EDGE_CURVE ( 'NONE', #3778, #1993, #3765, .T. ) ;
#161 = CARTESIAN_POINT ( 'NONE',  ( 1.826776695296637776, 1.500000000000000000, 3.426776695296636532 ) ) ;
#162 = DIRECTION ( 'NONE',  ( -0.0000000000000000000, 1.000000000000000000, -0.0000000000000000000 ) ) ;
#163 = VECTOR ( 'NONE', #533, 1000.000000000000000 ) ;
#164 = ORIENTED_EDGE ( 'NONE', *, *, #3068, .T. ) ;
#165 = DIRECTION ( 'NONE',  ( -1.000000000000000000, 0.0000000000000000000, 0.0000000000000000000 ) ) ;
#166 = ORIENTED_EDGE ( 'NONE', *, *, #253, .T. ) ;
#167 = ORIENTED_EDGE ( 'NONE', *, *, #1269, .F. ) ;
#168 = ORIENTED_EDGE ( 'NONE', *, *, #3484, .F. ) ;
#169 = ORIENTED_EDGE ( 'NONE', *, *, #751, .T. ) ;
#170 = CARTESIAN_POINT ( 'NONE',  ( 2.686780461782948493, 0.5000000000000098810, -2.649615641284945422 ) ) ;
#171 = CARTESIAN_POINT ( 'NONE',  ( 1.599999999999998979, 0.3000000000000004885, -3.499999999999999556 ) ) ;
#172 = DIRECTION ( 'NONE',  ( 0.0000000000000000000, 1.000000000000000000, 0.0000000000000000000 ) ) ;
#173 = EDGE_LOOP ( 'NONE', ( #1595, #3239, #3907, #1283 ) ) ;
#174 = ADVANCED_FACE ( 'NONE', ( #1285 ), #3375, .F. ) ;
#175 = AXIS2_PLACEMENT_3D ( 'NONE', #1674, #2935, #418 ) ;
#176 = EDGE_CURVE ( 'NONE', #2437, #754, #1583, .T. ) ;
#177 = ORIENTED_EDGE ( 'NONE', *, *, #904, .F. ) ;
#178 = DIRECTION ( 'NONE',  ( -0.0000000000000000000, -1.000000000000000000, 0.0000000000000000000 ) ) ;
#179 = DIRECTION ( 'NONE',  ( -0.7071067811865474617, 0.0000000000000000000, -0.7071067811865474617 ) ) ;
#180 = ORIENTED_EDGE ( 'NONE', *, *, #611, .F. ) ;
#181 = DIRECTION ( 'NONE',  ( 0.0000000000000000000, -1.000000000000000000, 0.0000000000000000000 ) ) ;
#182 = ORIENTED_EDGE ( 'NONE', *, *, #1248, .F. ) ;
#183 = EDGE_LOOP ( 'NONE', ( #44, #2778, #3437, #3641 ) ) ;
#184 = PLANE ( 'NONE',  #2851 ) ;
#185 = AXIS2_PLACEMENT_3D ( 'NONE', #1379, #766, #3890 ) ;
#186 =( NAMED_UNIT ( * ) PLANE_ANGLE_UNIT ( ) SI_UNIT ( $, .RADIAN. ) );
#187 = CIRCLE ( 'NONE', #2551, 0.2500000000000002220 ) ;
#188 = DIRECTION ( 'NONE',  ( -1.000000000000000000, -0.0000000000000000000, 0.0000000000000000000 ) ) ;
#189 = DIRECTION ( 'NONE',  ( -1.000000000000000000, -0.0000000000000000000, -0.0000000000000000000 ) ) ;
#190 = CARTESIAN_POINT ( 'NONE',  ( -1.600000000000001199, 0.1999999999999996503, -3.499999999999999556 ) ) ;
#191 = FACE_OUTER_BOUND ( 'NONE', #1690, .T. ) ;
#192 = CARTESIAN_POINT ( 'NONE',  ( 3.086765428758293517, 1.529050466461958413, -2.649599697167883683 ) ) ;
#193 = VECTOR ( 'NONE', #165, 1000.000000000000000 ) ;
#194 = VECTOR ( 'NONE', #158, 1000.000000000000000 ) ;
#195 = DIRECTION ( 'NONE',  ( -0.0000000000000000000, -1.000000000000000000, -0.0000000000000000000 ) ) ;
#196 = AXIS2_PLACEMENT_3D ( 'NONE', #2285, #3517, #442 ) ;
#197 = ADVANCED_FACE ( 'NONE', ( #1736 ), #3187, .T. ) ;
#198 = CARTESIAN_POINT ( 'NONE',  ( 2.510003766486312404, 0.3000000000000004885, -2.531417589750997621 ) ) ;
#199 = VECTOR ( 'NONE', #2555, 1000.000000000000000 ) ;
#200 = CARTESIAN_POINT ( 'NONE',  ( 2.686780461782949825, 1.374999999999991784, -2.649615641284938317 ) ) ;
#201 = EDGE_CURVE ( 'NONE', #3873, #39, #1435, .T. ) ;
#202 = DIRECTION ( 'NONE',  ( 0.0000000000000000000, 0.0000000000000000000, 1.000000000000000000 ) ) ;
#203 = DIRECTION ( 'NONE',  ( 0.7071067811865467956, 0.0000000000000000000, 0.7071067811865483499 ) ) ;
#204 = DIRECTION ( 'NONE',  ( -0.0000000000000000000, -1.000000000000000000, 0.0000000000000000000 ) ) ;
#205 = CARTESIAN_POINT ( 'NONE',  ( 2.610893133999959925, 1.708004128343627581, -2.569129081515074908 ) ) ;
#206 = EDGE_CURVE ( 'NONE', #2859, #420, #1489, .T. ) ;
#207 = DIRECTION ( 'NONE',  ( 1.000000000000000000, 0.0000000000000000000, 0.0000000000000000000 ) ) ;
#208 = VECTOR ( 'NONE', #2549, 1000.000000000000000 ) ;
#209 = ORIENTED_EDGE ( 'NONE', *, *, #1618, .F. ) ;
#210 = LINE ( 'NONE', #1016, #3051 ) ;
#211 = VECTOR ( 'NONE', #2970, 1000.000000000000000 ) ;
#212 = ORIENTED_EDGE ( 'NONE', *, *, #3899, .F. ) ;
#213 = CARTESIAN_POINT ( 'NONE',  ( 1.650000000000001465, 0.3000000000000004885, -3.349999999999999645 ) ) ;
#214 = CARTESIAN_POINT ( 'NONE',  ( 3.004978513316895583, 0.3000000000000004885, 2.672838945988307291 ) ) ;
#215 = DIRECTION ( 'NONE',  ( -0.7071067811865507924, 0.0000000000000000000, 0.7071067811865441310 ) ) ;
#216 = ADVANCED_FACE ( 'NONE', ( #3196 ), #1938, .T. ) ;
#217 = ORIENTED_EDGE ( 'NONE', *, *, #5, .F. ) ;
#218 = EDGE_LOOP ( 'NONE', ( #573, #2822, #2332, #3621 ) ) ;
#219 = ORIENTED_EDGE ( 'NONE', *, *, #1015, .T. ) ;
#220 = DIRECTION ( 'NONE',  ( -0.0000000000000000000, -1.000000000000000000, -0.0000000000000000000 ) ) ;
#221 = DIRECTION ( 'NONE',  ( 1.000000000000000000, 0.0000000000000000000, -9.018912902434378532E-17 ) ) ;
#222 = DIRECTION ( 'NONE',  ( 1.000000000000000000, 0.0000000000000000000, 0.0000000000000000000 ) ) ;
#223 = ORIENTED_EDGE ( 'NONE', *, *, #788, .F. ) ;
#224 = ORIENTED_EDGE ( 'NONE', *, *, #1136, .T. ) ;
#225 = ORIENTED_EDGE ( 'NONE', *, *, #1513, .T. ) ;
#226 = EDGE_CURVE ( 'NONE', #562, #3643, #1533, .T. ) ;
#227 = CARTESIAN_POINT ( 'NONE',  ( -1.458571428571429518, 2.717142857142856194, 3.349999999999999645 ) ) ;
#228 = VERTEX_POINT ( 'NONE', #1330 ) ;
#229 = ORIENTED_EDGE ( 'NONE', *, *, #81, .T. ) ;
#230 = ORIENTED_EDGE ( 'NONE', *, *, #3775, .T. ) ;
#231 = EDGE_CURVE ( 'NONE', #3630, #3693, #3055, .T. ) ;
#232 = AXIS2_PLACEMENT_3D ( 'NONE', #2280, #1334, #1977 ) ;
#233 = CARTESIAN_POINT ( 'NONE',  ( -1.600000000000001199, 0.1999999999999996503, -3.349999999999999645 ) ) ;
#234 = DIRECTION ( 'NONE',  ( 0.0000000000000000000, 0.0000000000000000000, -1.000000000000000000 ) ) ;
#235 = SURFACE_STYLE_USAGE ( .BOTH. , #3653 ) ;
#236 = ORIENTED_EDGE ( 'NONE', *, *, #3551, .T. ) ;
#237 = FACE_OUTER_BOUND ( 'NONE', #1894, .T. ) ;
#238 = CARTESIAN_POINT ( 'NONE',  ( 2.686780461782948493, 0.5000000000000098810, 3.049615641284945777 ) ) ;
#239 = ADVANCED_FACE ( 'NONE', ( #2770 ), #1356, .F. ) ;
#240 = VECTOR ( 'NONE', #3245, 1000.000000000000114 ) ;
#241 = CARTESIAN_POINT ( 'NONE',  ( 2.686780461782949381, 0.3000000000000004885, -2.708194285047634597 ) ) ;
#242 = PLANE ( 'NONE',  #1491 ) ;
#243 = LINE ( 'NONE', #1229, #874 ) ;
#245 = FACE_OUTER_BOUND ( 'NONE', #1305, .T. ) ;
#244 = CARTESIAN_POINT ( 'NONE',  ( -2.300000000000000711, 3.000000000000000000, -3.349999999999999201 ) ) ;
#246 = CARTESIAN_POINT ( 'NONE',  ( -1.600000000000001199, 0.1499999999999995226, 3.299999999999999378 ) ) ;
#247 = UNCERTAINTY_MEASURE_WITH_UNIT (LENGTH_MEASURE( 1.000000000000000082E-05 ), #2097, 'distance_accuracy_value', 'NONE');
#248 = PRESENTATION_STYLE_ASSIGNMENT (( #1786 ) ) ;
#249 = CARTESIAN_POINT ( 'NONE',  ( 2.286780461782947693, 0.5000000000000101030, 3.049615641284945333 ) ) ;
#250 = LINE ( 'NONE', #1369, #3145 ) ;
#251 = DIRECTION ( 'NONE',  ( -0.0000000000000000000, -1.000000000000000000, 0.0000000000000000000 ) ) ;
#252 = CARTESIAN_POINT ( 'NONE',  ( 1.650000000000001243, 1.500000000000000000, 3.250000000000000000 ) ) ;
#253 = EDGE_CURVE ( 'NONE', #1741, #2542, #2860, .T. ) ;
#254 = CARTESIAN_POINT ( 'NONE',  ( 2.757491139901603994, 1.500000000000000000, -2.637483606928980873 ) ) ;
#255 = FACE_OUTER_BOUND ( 'NONE', #380, .T. ) ;
#256 = ADVANCED_FACE ( 'NONE', ( #2672 ), #3852, .T. ) ;
#257 = CARTESIAN_POINT ( 'NONE',  ( 3.004978513316896027, 1.500000000000000000, -3.026392336581581244 ) ) ;
#258 = CARTESIAN_POINT ( 'NONE',  ( -3.158571428571427475, 1.500000000000000000, 3.500000000000000000 ) ) ;
#259 = CARTESIAN_POINT ( 'NONE',  ( 2.686764936945440496, 1.529594619542975487, -3.049599175548189489 ) ) ;
#260 = LINE ( 'NONE', #3636, #3481 ) ;
#261 = CARTESIAN_POINT ( 'NONE',  ( 2.526297727388277625, 1.733935457656007095, 2.479406680563321697 ) ) ;
#262 = CYLINDRICAL_SURFACE ( 'NONE', #2922, 0.2499999999999993616 ) ;
#263 = VERTEX_POINT ( 'NONE', #1678 ) ;
#264 = VERTEX_POINT ( 'NONE', #690 ) ;
#265 =( NAMED_UNIT ( * ) PLANE_ANGLE_UNIT ( ) SI_UNIT ( $, .RADIAN. ) );
#266 = ORIENTED_EDGE ( 'NONE', *, *, #1838, .T. ) ;
#267 = ORIENTED_EDGE ( 'NONE', *, *, #3945, .F. ) ;
#268 = ORIENTED_EDGE ( 'NONE', *, *, #637, .T. ) ;
#269 = DIRECTION ( 'NONE',  ( 0.0000000000000000000, 0.0000000000000000000, -1.000000000000000000 ) ) ;
#270 = CARTESIAN_POINT ( 'NONE',  ( 2.678738258325130239, 1.574680337432693644, 2.641086031556939773 ) ) ;
#271 = CARTESIAN_POINT ( 'NONE',  ( 2.286780461782949025, 1.099999999999994760, -3.049615641284944001 ) ) ;
#272 = EDGE_CURVE ( 'NONE', #569, #799, #2381, .T. ) ;
#273 = CARTESIAN_POINT ( 'NONE',  ( -1.650000000000001021, 0.1999999999999996503, -1.979230769230769571 ) ) ;
#274 = ORIENTED_EDGE ( 'NONE', *, *, #3934, .T. ) ;
#275 = VERTEX_POINT ( 'NONE', #1972 ) ;
#276 = CARTESIAN_POINT ( 'NONE',  ( 2.286780461782904617, 0.7000000000000101696, 2.649615641284944534 ) ) ;
#277 = DIRECTION ( 'NONE',  ( -3.192183052533557924E-16, 1.000000000000000000, 0.0000000000000000000 ) ) ;
#278 = CARTESIAN_POINT ( 'NONE',  ( 2.686780461782949381, 1.250000000000001332, -2.649615641284944090 ) ) ;
#279 = ADVANCED_FACE ( 'NONE', ( #3718 ), #262, .T. ) ;
#280 = EDGE_CURVE ( 'NONE', #1703, #3823, #4003, .T. ) ;
#281 = ORIENTED_EDGE ( 'NONE', *, *, #3751, .T. ) ;
#282 = ORIENTED_EDGE ( 'NONE', *, *, #3985, .T. ) ;
#283 = DIRECTION ( 'NONE',  ( -0.7071067811865475727, 0.0000000000000000000, 0.7071067811865475727 ) ) ;
#284 = DIRECTION ( 'NONE',  ( 0.7071067811865474617, 0.0000000000000000000, 0.7071067811865474617 ) ) ;
#285 =( GEOMETRIC_REPRESENTATION_CONTEXT ( 3 ) GLOBAL_UNCERTAINTY_ASSIGNED_CONTEXT ( ( #1625 ) ) GLOBAL_UNIT_ASSIGNED_CONTEXT ( ( #868, #596, #1178 ) ) REPRESENTATION_CONTEXT ( 'NONE', 'WORKASPACE' ) );
#286 = CIRCLE ( 'NONE', #715, 0.2000000000000000944 ) ;
#287 = EDGE_CURVE ( 'NONE', #3244, #953, #3904, .T. ) ;
#288 = AXIS2_PLACEMENT_3D ( 'NONE', #2000, #98, #1020 ) ;
#289 = SURFACE_SIDE_STYLE ('',( #2453 ) ) ;
#290 = CARTESIAN_POINT ( 'NONE',  ( 3.086780461782948404, 0.2999999999999994893, 2.649615641284945422 ) ) ;
#291 = CARTESIAN_POINT ( 'NONE',  ( 2.686780461782949381, 1.099999999999994760, -3.049615641284944445 ) ) ;
#292 = LINE ( 'NONE', #1274, #3313 ) ;
#293 = CARTESIAN_POINT ( 'NONE',  ( 2.668733067838941153, 1.667589078862177443, 3.030474465889763991 ) ) ;
#294 = CARTESIAN_POINT ( 'NONE',  ( 2.686780461782949825, 1.374999999999991784, -2.649615641284938317 ) ) ;
#295 = CARTESIAN_POINT ( 'NONE',  ( 3.086780461782948404, 0.5000000000000101030, 3.049615641284945333 ) ) ;
#296 = FACE_OUTER_BOUND ( 'NONE', #2387, .T. ) ;
#297 = LINE ( 'NONE', #819, #491 ) ;
#298 = DIRECTION ( 'NONE',  ( -1.000000000000000000, 0.0000000000000000000, 0.0000000000000000000 ) ) ;
#299 = DIRECTION ( 'NONE',  ( 0.0000000000000000000, -1.000000000000000000, -0.0000000000000000000 ) ) ;
#300 = FACE_OUTER_BOUND ( 'NONE', #2484, .T. ) ;
#301 = ADVANCED_FACE ( 'NONE', ( #72 ), #1344, .T. ) ;
#302 = DIRECTION ( 'NONE',  ( -0.0000000000000000000, -1.000000000000000000, -0.0000000000000000000 ) ) ;
#303 = CARTESIAN_POINT ( 'NONE',  ( 2.833030685725645537, 2.008340413163365756, 2.380487090921094229 ) ) ;
#304 = CARTESIAN_POINT ( 'NONE',  ( 3.083268699130425450, 1.604069324462002566, -3.045891044532273106 ) ) ;
#305 = FILL_AREA_STYLE_COLOUR ( '', #1413 ) ;
#306 = VECTOR ( 'NONE', #2829, 1000.000000000000000 ) ;
#307 = AXIS2_PLACEMENT_3D ( 'NONE', #3541, #1333, #1375 ) ;
#308 = CARTESIAN_POINT ( 'NONE',  ( 3.004978513316896027, 1.500000000000000000, -3.026392336581581244 ) ) ;
#309 = DIRECTION ( 'NONE',  ( 1.000000000000000000, 0.0000000000000000000, 0.0000000000000000000 ) ) ;
#310 = EDGE_CURVE ( 'NONE', #1629, #2044, #509, .T. ) ;
#311 = FACE_OUTER_BOUND ( 'NONE', #3025, .T. ) ;
#312 = VERTEX_POINT ( 'NONE', #2926 ) ;
#313 = DIRECTION ( 'NONE',  ( -0.0000000000000000000, -1.000000000000000000, 0.0000000000000000000 ) ) ;
#314 = CARTESIAN_POINT ( 'NONE',  ( 3.086780461782949736, 1.449999999999994404, 3.049615641284944001 ) ) ;
#315 = DIRECTION ( 'NONE',  ( -0.0000000000000000000, -1.000000000000000000, -0.0000000000000000000 ) ) ;
#316 = ORIENTED_EDGE ( 'NONE', *, *, #2856, .T. ) ;
#317 = EDGE_LOOP ( 'NONE', ( #3064, #123, #1796, #1681 ) ) ;
#318 = ORIENTED_EDGE ( 'NONE', *, *, #2467, .T. ) ;
#319 = DIRECTION ( 'NONE',  ( 0.0000000000000000000, 0.0000000000000000000, 1.000000000000000000 ) ) ;
#320 = PLANE ( 'NONE',  #1945 ) ;
#321 = ADVANCED_FACE ( 'NONE', ( #1837 ), #2593, .T. ) ;
#322 = EDGE_LOOP ( 'NONE', ( #131, #1846, #2577, #2730 ) ) ;
#323 = ORIENTED_EDGE ( 'NONE', *, *, #2929, .T. ) ;
#324 = EDGE_LOOP ( 'NONE', ( #1861, #223, #2726, #2048 ) ) ;
#325 = EDGE_CURVE ( 'NONE', #1737, #562, #410, .T. ) ;
#326 = DIRECTION ( 'NONE',  ( 0.7071067811865474617, 0.0000000000000000000, -0.7071067811865474617 ) ) ;
#327 = EDGE_LOOP ( 'NONE', ( #2496, #3072, #3348, #212 ) ) ;
#328 = DIRECTION ( 'NONE',  ( 0.7071067811865477948, 0.0000000000000000000, 0.7071067811865473507 ) ) ;
#329 = ORIENTED_EDGE ( 'NONE', *, *, #2731, .T. ) ;
#330 = CARTESIAN_POINT ( 'NONE',  ( 3.086780461782949292, 1.099999999999994760, 2.649615641284944090 ) ) ;
#331 = CARTESIAN_POINT ( 'NONE',  ( 2.686780461782949825, 1.400000000000002576, -2.649615641284943646 ) ) ;
#332 = VERTEX_POINT ( 'NONE', #426 ) ;
#333 = AXIS2_PLACEMENT_3D ( 'NONE', #1291, #2848, #1597 ) ;
#334 = VERTEX_POINT ( 'NONE', #2618 ) ;
#335 = CARTESIAN_POINT ( 'NONE',  ( 1.650000000000001243, 1.500000000000000000, 3.250000000000000000 ) ) ;
#336 = CARTESIAN_POINT ( 'NONE',  ( 2.898912496138913664, 0.3000000000000004885, 2.920326319403598880 ) ) ;
#337 = CIRCLE ( 'NONE', #3844, 0.2499999999999993616 ) ;
#338 = AXIS2_PLACEMENT_3D ( 'NONE', #2883, #3169, #1284 ) ;
#339 = EDGE_CURVE ( 'NONE', #3767, #45, #3287, .T. ) ;
#340 = VECTOR ( 'NONE', #2586, 1000.000000000000000 ) ;
#341 = PLANE ( 'NONE',  #740 ) ;
#342 = DIRECTION ( 'NONE',  ( 1.000000000000000000, 0.0000000000000000000, -9.018912902434378532E-17 ) ) ;
#343 = EDGE_CURVE ( 'NONE', #2587, #3401, #1788, .T. ) ;
#344 = VECTOR ( 'NONE', #181, 1000.000000000000000 ) ;
#346 = VECTOR ( 'NONE', #299, 1000.000000000000000 ) ;
#345 = CARTESIAN_POINT ( 'NONE',  ( 2.570006256864372229, 1.733935369313322816, 2.525764211825789918 ) ) ;
#347 = CARTESIAN_POINT ( 'NONE',  ( 2.686780461782970697, 0.9999999999999933387, 3.049615641284944889 ) ) ;
#348 = CARTESIAN_POINT ( 'NONE',  ( 2.686780461782948493, 0.5000000000000098810, -2.649615641284945422 ) ) ;
#349 = FACE_OUTER_BOUND ( 'NONE', #3350, .T. ) ;
#350 = LINE ( 'NONE', #2243, #2800 ) ;
#351 = CARTESIAN_POINT ( 'NONE',  ( 3.086780461782949736, 1.300000000000013145, -3.049615641284955547 ) ) ;
#352 = DIRECTION ( 'NONE',  ( -0.7071067811865474617, 0.0000000000000000000, 0.7071067811865474617 ) ) ;
#353 = FACE_OUTER_BOUND ( 'NONE', #183, .T. ) ;
#354 = CARTESIAN_POINT ( 'NONE',  ( 2.898912496138913664, 1.500000000000000000, -2.778904963166289210 ) ) ;
#355 = DIRECTION ( 'NONE',  ( 0.0000000000000000000, 1.000000000000000000, 0.0000000000000000000 ) ) ;
#356 = EDGE_CURVE ( 'NONE', #1043, #1137, #2524, .T. ) ;
#357 = CARTESIAN_POINT ( 'NONE',  ( 2.286781658582567989, 1.511093414788305722, 2.649616910617875298 ) ) ;
#358 = CARTESIAN_POINT ( 'NONE',  ( 2.286780461782949025, 1.300000000000013145, -2.649615641284955192 ) ) ;
#359 = FACE_OUTER_BOUND ( 'NONE', #2090, .T. ) ;
#360 = AXIS2_PLACEMENT_3D ( 'NONE', #1926, #658, #3473 ) ;
#361 = CARTESIAN_POINT ( 'NONE',  ( 2.286780461782949025, 1.300000000000013145, -3.049615641284955547 ) ) ;
#362 = CARTESIAN_POINT ( 'NONE',  ( 1.599999999999998757, 0.1499999999999999944, 2.000000000000000000 ) ) ;
#363 = VECTOR ( 'NONE', #1812, 1000.000000000000000 ) ;
#364 = AXIS2_PLACEMENT_3D ( 'NONE', #3065, #2135, #3380 ) ;
#365 = VECTOR ( 'NONE', #2944, 999.9999999999998863 ) ;
#366 = EDGE_CURVE ( 'NONE', #3693, #2530, #1887, .T. ) ;
#367 = ORIENTED_EDGE ( 'NONE', *, *, #3366, .T. ) ;
#368 = PLANE ( 'NONE',  #360 ) ;
#369 = ORIENTED_EDGE ( 'NONE', *, *, #3004, .F. ) ;
#370 = DIRECTION ( 'NONE',  ( 1.000000000000000000, 0.0000000000000000000, -4.336808689942043768E-15 ) ) ;
#371 = EDGE_LOOP ( 'NONE', ( #2910, #428, #1579, #2203, #2348, #1798, #988, #2788, #1582, #769, #608, #3858 ) ) ;
#372 = CARTESIAN_POINT ( 'NONE',  ( 2.286780461782949025, 1.099999999999994760, 2.649615641284944090 ) ) ;
#373 = CARTESIAN_POINT ( 'NONE',  ( 2.686787425812671160, 1.479794837000475871, -2.649623027377072670 ) ) ;
#374 = ORIENTED_EDGE ( 'NONE', *, *, #1593, .T. ) ;
#375 = ORIENTED_EDGE ( 'NONE', *, *, #287, .T. ) ;
#376 = CARTESIAN_POINT ( 'NONE',  ( 3.086780461782905771, 0.7000000000000101696, -3.049615641284944889 ) ) ;
#377 = CARTESIAN_POINT ( 'NONE',  ( 1.720710678118655634, 1.500000000000000000, 3.320710678118654169 ) ) ;
#378 = FACE_OUTER_BOUND ( 'NONE', #1613, .T. ) ;
#379 = ORIENTED_EDGE ( 'NONE', *, *, #3673, .F. ) ;
#380 = EDGE_LOOP ( 'NONE', ( #3157, #1888, #2872, #3056 ) ) ;
#381 = EDGE_CURVE ( 'NONE', #2956, #1541, #1627, .T. ) ;
#382 = ORIENTED_EDGE ( 'NONE', *, *, #3751, .F. ) ;
#383 = DIRECTION ( 'NONE',  ( 0.0000000000000000000, 0.0000000000000000000, 1.000000000000000000 ) ) ;
#384 = CARTESIAN_POINT ( 'NONE',  ( 1.599999999999998979, 0.1999999999999996503, 3.499999999999999556 ) ) ;
#385 = ORIENTED_EDGE ( 'NONE', *, *, #3332, .F. ) ;
#386 = ORIENTED_EDGE ( 'NONE', *, *, #3941, .F. ) ;
#387 = VERTEX_POINT ( 'NONE', #2391 ) ;
#388 = CARTESIAN_POINT ( 'NONE',  ( 2.686780461782949381, 1.099999999999994760, 2.649615641284944090 ) ) ;
#389 = CARTESIAN_POINT ( 'NONE',  ( 2.666911566883273021, 1.616750839697350894, 2.628542570936829303 ) ) ;
#390 = DIRECTION ( 'NONE',  ( -1.000000000000000000, -0.0000000000000000000, -0.0000000000000000000 ) ) ;
#391 = CARTESIAN_POINT ( 'NONE',  ( 2.286780461782947693, 0.2999999999999994893, -3.049615641284945333 ) ) ;
#392 = AXIS2_PLACEMENT_3D ( 'NONE', #3520, #1645, #750 ) ;
#393 = EDGE_CURVE ( 'NONE', #3816, #130, #3432, .T. ) ;
#394 = CYLINDRICAL_SURFACE ( 'NONE', #2424, 0.2500000000000002220 ) ;
#395 = VECTOR ( 'NONE', #1033, 1000.000000000000000 ) ;
#396 = CARTESIAN_POINT ( 'NONE',  ( -1.650000000000001021, 0.1999999999999996503, 3.349999999999999645 ) ) ;
#397 = CARTESIAN_POINT ( 'NONE',  ( 2.686780461782949825, 1.374999999999991784, 2.649615641284938317 ) ) ;
#398 = MECHANICAL_DESIGN_GEOMETRIC_PRESENTATION_REPRESENTATION (  '', ( #3547 ), #4011 ) ;
#399 = CARTESIAN_POINT ( 'NONE',  ( 2.290217683406810867, 1.479802675848845173, 2.653261179370873357 ) ) ;
#400 = CARTESIAN_POINT ( 'NONE',  ( -1.458571428571429740, 2.858571428571428097, -3.499999999999999556 ) ) ;
#401 = CARTESIAN_POINT ( 'NONE',  ( 2.286780461782969898, 0.9999999999999935607, -3.049615641284944889 ) ) ;
#402 = CARTESIAN_POINT ( 'NONE',  ( -1.650000000000001021, 0.05000000000000000278, -3.349999999999999645 ) ) ;
#403 = DIRECTION ( 'NONE',  ( -1.000000000000000000, 0.0000000000000000000, -1.445602896647339656E-16 ) ) ;
#404 = AXIS2_PLACEMENT_3D ( 'NONE', #3538, #1667, #2025 ) ;
#405 = VECTOR ( 'NONE', #352, 1000.000000000000114 ) ;
#406 = VERTEX_POINT ( 'NONE', #2986 ) ;
#407 = CARTESIAN_POINT ( 'NONE',  ( 2.863557157079585913, 0.3000000000000004885, -2.531417589750997621 ) ) ;
#408 = PLANE ( 'NONE',  #3847 ) ;
#409 = DIRECTION ( 'NONE',  ( 0.0000000000000000000, 0.0000000000000000000, -1.000000000000000000 ) ) ;
#410 = LINE ( 'NONE', #1693, #3626 ) ;
#411 = VERTEX_POINT ( 'NONE', #2676 ) ;
#412 = CARTESIAN_POINT ( 'NONE',  ( 2.570006256864372229, 1.733935369313322816, -2.525764211825789918 ) ) ;
#413 = DIRECTION ( 'NONE',  ( 1.533215193413839913E-15, -1.000000000000000000, -0.0000000000000000000 ) ) ;
#414 = ORIENTED_EDGE ( 'NONE', *, *, #75, .F. ) ;
#415 = VERTEX_POINT ( 'NONE', #190 ) ;
#416 = EDGE_LOOP ( 'NONE', ( #1154, #1803, #3069, #568, #1289 ) ) ;
#417 = AXIS2_PLACEMENT_3D ( 'NONE', #2126, #2993, #207 ) ;
#418 = DIRECTION ( 'NONE',  ( 0.0000000000000000000, 0.0000000000000000000, 1.000000000000000000 ) ) ;
#419 = EDGE_CURVE ( 'NONE', #3603, #2724, #933, .T. ) ;
#420 = VERTEX_POINT ( 'NONE', #2334 ) ;
#421 = CARTESIAN_POINT ( 'NONE',  ( 2.570006256864372229, 1.733935369313322816, 2.525764211825789918 ) ) ;
#422 = CARTESIAN_POINT ( 'NONE',  ( 1.599999999999998979, 0.3000000000000004885, -3.499999999999999556 ) ) ;
#423 = ORIENTED_EDGE ( 'NONE', *, *, #973, .F. ) ;
#424 = CARTESIAN_POINT ( 'NONE',  ( 2.686780461782949381, 1.500000000000000000, 2.708194285047634597 ) ) ;
#425 = CARTESIAN_POINT ( 'NONE',  ( 1.650000000000001465, 1.500000000000000000, -3.349999999999999645 ) ) ;
#426 = CARTESIAN_POINT ( 'NONE',  ( 1.650000000000001465, 3.000000000000000000, -3.349999999999999645 ) ) ;
#427 = UNCERTAINTY_MEASURE_WITH_UNIT (LENGTH_MEASURE( 1.000000000000000082E-05 ), #2088, 'distance_accuracy_value', 'NONE');
#428 = ORIENTED_EDGE ( 'NONE', *, *, #1269, .T. ) ;
#429 = CARTESIAN_POINT ( 'NONE',  ( 2.686773543670430531, 1.520071940625131512, -2.649608303892879491 ) ) ;
#430 = ORIENTED_EDGE ( 'NONE', *, *, #947, .T. ) ;
#431 = DIRECTION ( 'NONE',  ( 0.0000000000000000000, 0.0000000000000000000, 1.000000000000000000 ) ) ;
#432 = ORIENTED_EDGE ( 'NONE', *, *, #3945, .T. ) ;
#433 = DIRECTION ( 'NONE',  ( -0.7071067811865474617, 0.0000000000000000000, -0.7071067811865474617 ) ) ;
#434 = FACE_OUTER_BOUND ( 'NONE', #2534, .T. ) ;
#435 = PLANE ( 'NONE',  #669 ) ;
#436 = CARTESIAN_POINT ( 'NONE',  ( 3.086780461782949292, 1.099999999999994760, 2.649615641284944090 ) ) ;
#438 = CIRCLE ( 'NONE', #2080, 0.09999999999999939493 ) ;
#437 = PLANE ( 'NONE',  #1539 ) ;
#439 = CARTESIAN_POINT ( 'NONE',  ( 2.686780461782949381, 1.250000000000001332, 2.649615641284944090 ) ) ;
#440 = CARTESIAN_POINT ( 'NONE',  ( -2.300000000000000711, 0.3000000000000005440, -3.499999999999999556 ) ) ;
#441 = EDGE_CURVE ( 'NONE', #2151, #275, #3576, .T. ) ;
#442 = DIRECTION ( 'NONE',  ( 0.0000000000000000000, 0.0000000000000000000, -1.000000000000000000 ) ) ;
#443 = FACE_OUTER_BOUND ( 'NONE', #1822, .T. ) ;
#444 = VECTOR ( 'NONE', #2767, 1000.000000000000000 ) ;
#445 = CARTESIAN_POINT ( 'NONE',  ( 2.286780461782969898, 0.9999999999999935607, -2.649615641284944534 ) ) ;
#446 = CARTESIAN_POINT ( 'NONE',  ( -1.650000000000001021, 0.1999999999999996503, -1.979230769230769571 ) ) ;
#447 = EDGE_CURVE ( 'NONE', #901, #3457, #1578, .T. ) ;
#448 = AXIS2_PLACEMENT_3D ( 'NONE', #1320, #2014, #3828 ) ;
#449 = VECTOR ( 'NONE', #2795, 1000.000000000000114 ) ;
#450 = PLANE ( 'NONE',  #2114 ) ;
#451 = PLANE ( 'NONE',  #392 ) ;
#452 = CARTESIAN_POINT ( 'NONE',  ( 2.833030685725645537, 2.008340413163365756, 2.380487090921094229 ) ) ;
#453 = VECTOR ( 'NONE', #179, 1000.000000000000114 ) ;
#454 = CARTESIAN_POINT ( 'NONE',  ( 1.599999999999998979, -4.607859233063393845E-16, -3.299999999999999378 ) ) ;
#455 = PLANE ( 'NONE',  #1804 ) ;
#456 = CARTESIAN_POINT ( 'NONE',  ( 2.686780461782949825, 1.300000000000012923, 2.649615641284954748 ) ) ;
#457 = CARTESIAN_POINT ( 'NONE',  ( 1.599999999999998757, 2.858571428571428097, 3.349999999999999645 ) ) ;
#458 = EDGE_CURVE ( 'NONE', #944, #654, #1679, .T. ) ;
#459 = VECTOR ( 'NONE', #3229, 1000.000000000000000 ) ;
#460 = DIRECTION ( 'NONE',  ( 0.0000000000000000000, 0.0000000000000000000, -1.000000000000000000 ) ) ;
#461 = CYLINDRICAL_SURFACE ( 'NONE', #3327, 0.2000000000000000944 ) ;
#462 = DIRECTION ( 'NONE',  ( 0.6860128686890036853, 2.775557561562891351E-17, -0.7275894061853043215 ) ) ;
#463 = ORIENTED_EDGE ( 'NONE', *, *, #955, .F. ) ;
#464 = DIRECTION ( 'NONE',  ( -0.7071067811865474617, 0.0000000000000000000, -0.7071067811865474617 ) ) ;
#465 = EDGE_LOOP ( 'NONE', ( #3172, #2791 ) ) ;
#466 = CARTESIAN_POINT ( 'NONE',  ( 2.863557157079585913, 1.500000000000000000, 2.531417589750997621 ) ) ;
#467 = DIRECTION ( 'NONE',  ( -0.0000000000000000000, -1.000000000000000000, -0.0000000000000000000 ) ) ;
#468 = DIRECTION ( 'NONE',  ( -0.0000000000000000000, 1.000000000000000000, 0.0000000000000000000 ) ) ;
#469 = ADVANCED_FACE ( 'NONE', ( #1130 ), #1770, .T. ) ;
#470 = VERTEX_POINT ( 'NONE', #2377 ) ;
#471 = ORIENTED_EDGE ( 'NONE', *, *, #2877, .T. ) ;
#472 = EDGE_CURVE ( 'NONE', #112, #953, #1079, .T. ) ;
#473 = CARTESIAN_POINT ( 'NONE',  ( 3.004978513316896027, 1.500000000000000000, -3.026392336581581244 ) ) ;
#474 = ORIENTED_EDGE ( 'NONE', *, *, #1896, .F. ) ;
#475 = DIRECTION ( 'NONE',  ( 1.000000000000000000, 0.0000000000000000000, 9.018912902434378532E-17 ) ) ;
#476 = ORIENTED_EDGE ( 'NONE', *, *, #788, .T. ) ;
#477 = CARTESIAN_POINT ( 'NONE',  ( 3.084547256469142074, 1.566179919142594912, 2.647247090194547958 ) ) ;
#478 = ORIENTED_EDGE ( 'NONE', *, *, #2667, .T. ) ;
#479 = ORIENTED_EDGE ( 'NONE', *, *, #1106, .T. ) ;
#480 = DIRECTION ( 'NONE',  ( 0.0000000000000000000, -1.000000000000000000, 0.0000000000000000000 ) ) ;
#481 = EDGE_LOOP ( 'NONE', ( #1342, #518, #3954, #3334 ) ) ;
#482 = ORIENTED_EDGE ( 'NONE', *, *, #1195, .T. ) ;
#483 = CARTESIAN_POINT ( 'NONE',  ( 1.599999999999998979, 0.3000000000000004885, -3.349999999999999645 ) ) ;
#484 = CARTESIAN_POINT ( 'NONE',  ( 0.0000000000000000000, 0.05000000000000000278, 0.0000000000000000000 ) ) ;
#485 = CIRCLE ( 'NONE', #999, 0.09999999999999939493 ) ;
#486 = EDGE_CURVE ( 'NONE', #2978, #2693, #2329, .T. ) ;
#487 = ADVANCED_FACE ( 'NONE', ( #3949 ), #494, .F. ) ;
#488 = FACE_OUTER_BOUND ( 'NONE', #465, .T. ) ;
#489 = SURFACE_STYLE_USAGE ( .BOTH. , #1419 ) ;
#490 = AXIS2_PLACEMENT_3D ( 'NONE', #85, #2284, #1666 ) ;
#491 = VECTOR ( 'NONE', #189, 1000.000000000000000 ) ;
#492 = CARTESIAN_POINT ( 'NONE',  ( 2.863557157079585913, 1.500000000000000000, 2.531417589750997621 ) ) ;
#493 = EDGE_CURVE ( 'NONE', #1502, #1141, #792, .T. ) ;
#494 = PLANE ( 'NONE',  #734 ) ;
#495 = CYLINDRICAL_SURFACE ( 'NONE', #963, 0.2499999999999993616 ) ;
#496 = ORIENTED_EDGE ( 'NONE', *, *, #1323, .T. ) ;
#497 = AXIS2_PLACEMENT_3D ( 'NONE', #2870, #60, #688 ) ;
#498 = FILL_AREA_STYLE ('',( #1126 ) ) ;
#499 = EDGE_CURVE ( 'NONE', #1200, #470, #3760, .T. ) ;
#500 = VECTOR ( 'NONE', #2529, 1000.000000000000114 ) ;
#501 = CARTESIAN_POINT ( 'NONE',  ( 3.004978513316896027, 0.3000000000000004885, 3.026392336581581244 ) ) ;
#502 = DIRECTION ( 'NONE',  ( 0.4991356957649075166, -0.7275894061853066530, 0.4706136560069144603 ) ) ;
#503 = CARTESIAN_POINT ( 'NONE',  ( -1.600000000000001199, 0.1999999999999996503, 3.349999999999999645 ) ) ;
#504 = CYLINDRICAL_SURFACE ( 'NONE', #2216, 0.09999999999999939493 ) ;
#505 = ADVANCED_FACE ( 'NONE', ( #2378 ), #1123, .F. ) ;
#506 = CARTESIAN_POINT ( 'NONE',  ( 1.826776695296637776, 0.3000000000000004885, 3.426776695296636532 ) ) ;
#507 = CARTESIAN_POINT ( 'NONE',  ( 2.425304832720495352, 1.500000000000000000, 3.393933982822017192 ) ) ;
#508 = CARTESIAN_POINT ( 'NONE',  ( 3.086780461782949736, 1.449999999999994404, -2.649615641284943646 ) ) ;
#509 = LINE ( 'NONE', #3803, #2089 ) ;
#510 = ORIENTED_EDGE ( 'NONE', *, *, #3627, .T. ) ;
#511 = ORIENTED_EDGE ( 'NONE', *, *, #3232, .T. ) ;
#512 = ORIENTED_EDGE ( 'NONE', *, *, #1476, .F. ) ;
#513 = ORIENTED_EDGE ( 'NONE', *, *, #1980, .F. ) ;
#514 = ORIENTED_EDGE ( 'NONE', *, *, #447, .F. ) ;
#515 = DIRECTION ( 'NONE',  ( 0.0000000000000000000, 0.0000000000000000000, -1.000000000000000000 ) ) ;
#516 = CARTESIAN_POINT ( 'NONE',  ( 1.599999999999998979, 0.1999999999999996503, -3.299999999999999378 ) ) ;
#517 = EDGE_CURVE ( 'NONE', #1385, #983, #109, .T. ) ;
#518 = ORIENTED_EDGE ( 'NONE', *, *, #1458, .F. ) ;
#519 = DIRECTION ( 'NONE',  ( 0.0000000000000000000, 0.0000000000000000000, 1.000000000000000000 ) ) ;
#520 = DIRECTION ( 'NONE',  ( 0.0000000000000000000, 0.0000000000000000000, 1.000000000000000000 ) ) ;
#521 = VERTEX_POINT ( 'NONE', #879 ) ;
#522 = CARTESIAN_POINT ( 'NONE',  ( 2.424729135959711623, 2.024971021881532884, -2.771682416926926518 ) ) ;
#523 = SURFACE_STYLE_USAGE ( .BOTH. , #3927 ) ;
#524 = ORIENTED_EDGE ( 'NONE', *, *, #2472, .T. ) ;
#525 = ORIENTED_EDGE ( 'NONE', *, *, #2856, .F. ) ;
#526 = ADVANCED_FACE ( 'NONE', ( #311 ), #461, .T. ) ;
#527 = VECTOR ( 'NONE', #220, 1000.000000000000000 ) ;
#528 = PLANE ( 'NONE',  #1761 ) ;
#529 = PLANE ( 'NONE',  #2134 ) ;
#530 = CIRCLE ( 'NONE', #1866, 0.2499999999999997780 ) ;
#531 = CARTESIAN_POINT ( 'NONE',  ( 2.616069783664294768, 0.3000000000000004885, -2.637483606928979984 ) ) ;
#532 = PLANE ( 'NONE',  #1619 ) ;
#533 = DIRECTION ( 'NONE',  ( 0.0000000000000000000, 0.0000000000000000000, -1.000000000000000000 ) ) ;
#534 = VECTOR ( 'NONE', #1072, 1000.000000000000000 ) ;
#535 = VECTOR ( 'NONE', #1146, 1000.000000000000000 ) ;
#536 = DIRECTION ( 'NONE',  ( 0.6860128686890036853, 2.775557561562891351E-17, 0.7275894061853043215 ) ) ;
#537 = AXIS2_PLACEMENT_3D ( 'NONE', #1815, #827, #3303 ) ;
#538 = FACE_OUTER_BOUND ( 'NONE', #218, .T. ) ;
#539 = AXIS2_PLACEMENT_3D ( 'NONE', #3635, #3915, #1795 ) ;
#540 = CARTESIAN_POINT ( 'NONE',  ( 1.599999999999998979, 0.1999999999999996503, -3.349999999999999645 ) ) ;
#541 = CARTESIAN_POINT ( 'NONE',  ( -3.300000000000000711, 3.000000000000000000, -3.349999999999999201 ) ) ;
#542 = EDGE_CURVE ( 'NONE', #2062, #3913, #644, .T. ) ;
#543 = LINE ( 'NONE', #3257, #829 ) ;
#544 = ADVANCED_FACE ( 'NONE', ( #2037 ), #455, .F. ) ;
#545 = DIRECTION ( 'NONE',  ( -1.000000000000000000, 0.0000000000000000000, -0.0000000000000000000 ) ) ;
#546 = CARTESIAN_POINT ( 'NONE',  ( 2.686780461782949381, 0.3000000000000004885, 2.708194285047634597 ) ) ;
#547 = CARTESIAN_POINT ( 'NONE',  ( 2.531370849898477715, 1.500000000000000000, 3.499999999999999556 ) ) ;
#548 = EDGE_CURVE ( 'NONE', #2151, #3643, #2720, .T. ) ;
#549 = CARTESIAN_POINT ( 'NONE',  ( 2.205498257377713767, 1.722791269255264490, 2.963407242673291808 ) ) ;
#550 = LINE ( 'NONE', #3509, #2131 ) ;
#551 = CYLINDRICAL_SURFACE ( 'NONE', #1830, 0.09999999999999982514 ) ;
#552 = ORIENTED_EDGE ( 'NONE', *, *, #3877, .T. ) ;
#553 = DIRECTION ( 'NONE',  ( 0.4991356957649066839, -0.7275894061853068751, -0.4706136560069151265 ) ) ;
#554 = DIRECTION ( 'NONE',  ( 0.0000000000000000000, 0.0000000000000000000, 1.000000000000000000 ) ) ;
#555 = ORIENTED_EDGE ( 'NONE', *, *, #845, .F. ) ;
#556 = LINE ( 'NONE', #473, #649 ) ;
#557 = CARTESIAN_POINT ( 'NONE',  ( 2.526297727388277625, 1.733935457656007095, 2.479406680563321697 ) ) ;
#558 = CARTESIAN_POINT ( 'NONE',  ( 2.161704707098427214, 1.750565978031467518, -2.916959537831622207 ) ) ;
#559 = EDGE_CURVE ( 'NONE', #3483, #1940, #975, .T. ) ;
#560 = ORIENTED_EDGE ( 'NONE', *, *, #615, .T. ) ;
#561 = ORIENTED_EDGE ( 'NONE', *, *, #1870, .F. ) ;
#562 = VERTEX_POINT ( 'NONE', #3674 ) ;
#563 = CARTESIAN_POINT ( 'NONE',  ( 2.286779257039877944, 1.488832955507132905, 2.649614363527140082 ) ) ;
#564 = ADVANCED_FACE ( 'NONE', ( #3329 ), #551, .F. ) ;
#565 = ORIENTED_EDGE ( 'NONE', *, *, #2444, .F. ) ;
#566 = AXIS2_PLACEMENT_3D ( 'NONE', #1329, #2912, #3792 ) ;
#567 = CARTESIAN_POINT ( 'NONE',  ( 1.650000000000001688, 1.500000000000000000, -3.499999999999999556 ) ) ;
#568 = ORIENTED_EDGE ( 'NONE', *, *, #2081, .T. ) ;
#569 = VERTEX_POINT ( 'NONE', #2430 ) ;
#570 = ORIENTED_EDGE ( 'NONE', *, *, #2974, .T. ) ;
#571 = EDGE_CURVE ( 'NONE', #3060, #420, #838, .T. ) ;
#572 = CARTESIAN_POINT ( 'NONE',  ( 1.650000000000001243, 0.3000000000000004885, 3.250000000000000000 ) ) ;
#573 = ORIENTED_EDGE ( 'NONE', *, *, #2444, .T. ) ;
#574 = DIRECTION ( 'NONE',  ( 0.0000000000000000000, 1.000000000000000000, 0.0000000000000000000 ) ) ;
#575 = CARTESIAN_POINT ( 'NONE',  ( 2.114888911485079515, 1.750566072654528904, -2.867306421272051598 ) ) ;
#576 = ORIENTED_EDGE ( 'NONE', *, *, #1136, .F. ) ;
#577 = CARTESIAN_POINT ( 'NONE',  ( 2.570006256864372229, 1.733935369313322816, 2.525764211825789918 ) ) ;
#578 = DIRECTION ( 'NONE',  ( -0.7071067811865474617, 0.0000000000000000000, 0.7071067811865474617 ) ) ;
#579 = FACE_OUTER_BOUND ( 'NONE', #78, .T. ) ;
#580 = CARTESIAN_POINT ( 'NONE',  ( 0.0000000000000000000, 3.000000000000000000, 0.0000000000000000000 ) ) ;
#581 = DIRECTION ( 'NONE',  ( 0.0000000000000000000, 1.000000000000000000, 0.0000000000000000000 ) ) ;
#582 = CARTESIAN_POINT ( 'NONE',  ( -1.650000000000001021, 0.05000000000000000278, -1.979230769230769571 ) ) ;
#583 = EDGE_CURVE ( 'NONE', #3958, #3643, #24, .T. ) ;
#584 = ADVANCED_FACE ( 'NONE', ( #3853 ), #529, .F. ) ;
#585 = FACE_OUTER_BOUND ( 'NONE', #3014, .T. ) ;
#587 = CIRCLE ( 'NONE', #3492, 0.2499999999999993616 ) ;
#586 = DIRECTION ( 'NONE',  ( 0.0000000000000000000, -1.000000000000000000, 0.0000000000000000000 ) ) ;
#588 = CARTESIAN_POINT ( 'NONE',  ( 2.686780461782905416, 0.7000000000000099476, 2.649615641284944534 ) ) ;
#589 = CARTESIAN_POINT ( 'NONE',  ( 3.086780461782949292, 1.250000000000001554, -3.049615641284944001 ) ) ;
#590 = FILL_AREA_STYLE_COLOUR ( '', #1895 ) ;
#591 = FACE_OUTER_BOUND ( 'NONE', #2677, .T. ) ;
#592 = CARTESIAN_POINT ( 'NONE',  ( 2.286780461782949025, 1.300000000000013145, 3.049615641284955547 ) ) ;
#593 = CARTESIAN_POINT ( 'NONE',  ( 3.069304793009585364, 1.662280007923349512, -2.631080841070749798 ) ) ;
#594 = DIRECTION ( 'NONE',  ( 0.7071067811865474617, 0.0000000000000000000, -0.7071067811865474617 ) ) ;
#595 = EDGE_CURVE ( 'NONE', #35, #3822, #67, .T. ) ;
#596 =( NAMED_UNIT ( * ) PLANE_ANGLE_UNIT ( ) SI_UNIT ( $, .RADIAN. ) );
#597 = CARTESIAN_POINT ( 'NONE',  ( 2.827467328843173977, 2.210766919339072878, 2.774586560894237053 ) ) ;
#598 = CARTESIAN_POINT ( 'NONE',  ( 2.286780461782949025, 1.374999999999991784, -3.049615641284938672 ) ) ;
#599 = LINE ( 'NONE', #1433, #1177 ) ;
#600 = AXIS2_PLACEMENT_3D ( 'NONE', #580, #1523, #2198 ) ;
#601 = CARTESIAN_POINT ( 'NONE',  ( 3.086780461782949736, 1.374999999999991784, -2.649615641284938761 ) ) ;
#602 = ADVANCED_FACE ( 'NONE', ( #1380 ), #3670, .T. ) ;
#603 = ORIENTED_EDGE ( 'NONE', *, *, #1701, .T. ) ;
#604 = ORIENTED_EDGE ( 'NONE', *, *, #272, .T. ) ;
#605 = DIRECTION ( 'NONE',  ( 0.0000000000000000000, 0.0000000000000000000, 1.000000000000000000 ) ) ;
#607 = ORIENTED_EDGE ( 'NONE', *, *, #583, .F. ) ;
#606 = CARTESIAN_POINT ( 'NONE',  ( -3.017142857142856016, 2.717142857142856194, 3.499999999999999556 ) ) ;
#608 = ORIENTED_EDGE ( 'NONE', *, *, #3182, .T. ) ;
#609 = CARTESIAN_POINT ( 'NONE',  ( 2.570006256864372229, 1.733935369313322816, 2.525764211825789918 ) ) ;
#610 = CARTESIAN_POINT ( 'NONE',  ( 3.086780461782949736, 1.374999999999991784, -3.049615641284938672 ) ) ;
#611 = EDGE_CURVE ( 'NONE', #1093, #762, #2952, .T. ) ;
#612 = CARTESIAN_POINT ( 'NONE',  ( -2.300000000000000711, 2.717142857142856194, -3.349999999999999645 ) ) ;
#613 = ORIENTED_EDGE ( 'NONE', *, *, #985, .F. ) ;
#614 = CARTESIAN_POINT ( 'NONE',  ( 2.526297727388277625, 1.733935457656007095, -2.479406680563321697 ) ) ;
#615 = EDGE_CURVE ( 'NONE', #1093, #679, #1282, .T. ) ;
#616 = ORIENTED_EDGE ( 'NONE', *, *, #2417, .T. ) ;
#617 = ORIENTED_EDGE ( 'NONE', *, *, #517, .T. ) ;
#618 = ORIENTED_EDGE ( 'NONE', *, *, #356, .F. ) ;
#619 = CARTESIAN_POINT ( 'NONE',  ( 2.424729135959711623, 2.024971021881532884, 2.771682416926926518 ) ) ;
#620 = ADVANCED_FACE ( 'NONE', ( #2235 ), #242, .F. ) ;
#621 = AXIS2_PLACEMENT_3D ( 'NONE', #2610, #2666, #2917 ) ;
#622 = CIRCLE ( 'NONE', #2270, 0.09999999999999939493 ) ;
#623 = EDGE_CURVE ( 'NONE', #1506, #1906, #2571, .T. ) ;
#624 = PLANE ( 'NONE',  #2882 ) ;
#625 = CARTESIAN_POINT ( 'NONE',  ( 3.043605450359735176, 1.753699003545857726, 2.603823962502784806 ) ) ;
#626 = CARTESIAN_POINT ( 'NONE',  ( 2.299908598267229820, 1.464016303301723054, -2.663539422404591850 ) ) ;
#627 = VECTOR ( 'NONE', #2598, 1000.000000000000000 ) ;
#628 = CARTESIAN_POINT ( 'NONE',  ( 2.685752753388507497, 1.530455622698589702, -2.648525647533271243 ) ) ;
#629 = DIRECTION ( 'NONE',  ( -9.018912902434378532E-17, 0.0000000000000000000, -1.000000000000000000 ) ) ;
#630 = LINE ( 'NONE', #1417, #3832 ) ;
#631 = VECTOR ( 'NONE', #1078, 1000.000000000000000 ) ;
#632 = FACE_OUTER_BOUND ( 'NONE', #324, .T. ) ;
#633 = CARTESIAN_POINT ( 'NONE',  ( 2.655177182770872335, 1.642717347057615962, 2.616097012029726887 ) ) ;
#634 = LINE ( 'NONE', #2220, #2227 ) ;
#635 = CARTESIAN_POINT ( 'NONE',  ( 2.686780461782948493, 0.2999999999999992673, -2.649615641284945422 ) ) ;
#636 = CARTESIAN_POINT ( 'NONE',  ( -1.600000000000001199, 0.1999999999999996503, -3.299999999999999378 ) ) ;
#637 = EDGE_CURVE ( 'NONE', #2673, #1337, #260, .T. ) ;
#638 = CARTESIAN_POINT ( 'NONE',  ( 2.686787425812671160, 1.479794837000475871, 2.649623027377072670 ) ) ;
#639 = CARTESIAN_POINT ( 'NONE',  ( 3.086780461782949736, 1.449999999999994404, -2.649615641284943646 ) ) ;
#640 = ADVANCED_FACE ( 'NONE', ( #1833 ), #504, .F. ) ;
#641 = DIRECTION ( 'NONE',  ( -0.7071067811865474617, 0.0000000000000000000, -0.7071067811865474617 ) ) ;
#642 = LINE ( 'NONE', #1745, #1377 ) ;
#643 = EDGE_CURVE ( 'NONE', #1999, #74, #1935, .T. ) ;
#644 = LINE ( 'NONE', #2744, #3234 ) ;
#645 = ORIENTED_EDGE ( 'NONE', *, *, #2936, .T. ) ;
#646 = CARTESIAN_POINT ( 'NONE',  ( 3.004978513316895583, 1.500000000000000000, 2.672838945988307291 ) ) ;
#647 = CARTESIAN_POINT ( 'NONE',  ( 2.286773051857577954, 1.520616093706149252, 3.049607782273185297 ) ) ;
#648 = ORIENTED_EDGE ( 'NONE', *, *, #3934, .F. ) ;
#649 = VECTOR ( 'NONE', #1396, 1000.000000000000114 ) ;
#650 = ORIENTED_EDGE ( 'NONE', *, *, #3085, .F. ) ;
#651 = CARTESIAN_POINT ( 'NONE',  ( 2.642192958449228968, 1.761998892263946459, -3.002325865021944207 ) ) ;
#652 = ORIENTED_EDGE ( 'NONE', *, *, #1476, .T. ) ;
#653 = ORIENTED_EDGE ( 'NONE', *, *, #201, .F. ) ;
#654 = VERTEX_POINT ( 'NONE', #685 ) ;
#655 = EDGE_CURVE ( 'NONE', #2978, #2275, #834, .T. ) ;
#656 = CARTESIAN_POINT ( 'NONE',  ( 2.686780461782949381, 1.500000000000000000, -2.608194285047634953 ) ) ;
#657 = ORIENTED_EDGE ( 'NONE', *, *, #1513, .F. ) ;
#658 = DIRECTION ( 'NONE',  ( 1.000000000000000000, -0.0000000000000000000, 0.0000000000000000000 ) ) ;
#659 = CARTESIAN_POINT ( 'NONE',  ( -1.600000000000001199, 0.1999999999999996503, -3.499999999999999556 ) ) ;
#660 = VERTEX_POINT ( 'NONE', #2516 ) ;
#661 = EDGE_LOOP ( 'NONE', ( #2532, #1103, #3770, #1910 ) ) ;
#662 = CARTESIAN_POINT ( 'NONE',  ( 2.288171723640674671, 1.487080666942038887, 2.651091222043129303 ) ) ;
#663 = CARTESIAN_POINT ( 'NONE',  ( 2.286780461782949025, 1.374999999999991784, -2.649615641284938761 ) ) ;
#664 = ORIENTED_EDGE ( 'NONE', *, *, #1565, .T. ) ;
#665 = CARTESIAN_POINT ( 'NONE',  ( 2.686780461782949381, 1.250000000000001332, -3.049615641284944445 ) ) ;
#666 = ORIENTED_EDGE ( 'NONE', *, *, #356, .T. ) ;
#667 = CARTESIAN_POINT ( 'NONE',  ( -1.650000000000001021, 0.1999999999999996503, 1.979230769230769571 ) ) ;
#668 = ORIENTED_EDGE ( 'NONE', *, *, #81, .F. ) ;
#669 = AXIS2_PLACEMENT_3D ( 'NONE', #1322, #2945, #3819 ) ;
#670 = CARTESIAN_POINT ( 'NONE',  ( 3.086780461782948404, 0.2999999999999994893, 3.049615641284945333 ) ) ;
#671 = UNCERTAINTY_MEASURE_WITH_UNIT (LENGTH_MEASURE( 1.000000000000000082E-05 ), #3003, 'distance_accuracy_value', 'NONE');
#672 = EDGE_CURVE ( 'NONE', #263, #1794, #2184, .T. ) ;
#673 = DIRECTION ( 'NONE',  ( 1.000000000000000000, -0.0000000000000000000, 0.0000000000000000000 ) ) ;
#674 = CYLINDRICAL_SURFACE ( 'NONE', #307, 0.2499999999999993616 ) ;
#675 = DIRECTION ( 'NONE',  ( 0.0000000000000000000, 0.0000000000000000000, 1.000000000000000000 ) ) ;
#676 = DIRECTION ( 'NONE',  ( 1.000000000000000000, 0.0000000000000000000, 0.0000000000000000000 ) ) ;
#678 = LINE ( 'NONE', #354, #1969 ) ;
#677 = CARTESIAN_POINT ( 'NONE',  ( 2.681733491058464036, 1.560140348214671402, 2.644262793546842794 ) ) ;
#679 = VERTEX_POINT ( 'NONE', #982 ) ;
#680 = CARTESIAN_POINT ( 'NONE',  ( 2.286780461782947693, 0.2999999999999994893, 2.649615641284945422 ) ) ;
#681 = CARTESIAN_POINT ( 'NONE',  ( 2.686780461782949825, 1.300000000000012923, -2.649615641284954748 ) ) ;
#682 = LINE ( 'NONE', #1101, #1169 ) ;
#683 = LINE ( 'NONE', #214, #2992 ) ;
#684 = CARTESIAN_POINT ( 'NONE',  ( 2.686780461782905416, 0.7000000000000099476, -3.049615641284944889 ) ) ;
#685 = CARTESIAN_POINT ( 'NONE',  ( 2.425304832720495352, 0.3000000000000004885, -3.393933982822017192 ) ) ;
#686 = DIRECTION ( 'NONE',  ( 1.000000000000000000, 0.0000000000000000000, 9.018912902434378532E-17 ) ) ;
#687 = EDGE_CURVE ( 'NONE', #2583, #983, #107, .T. ) ;
#688 = DIRECTION ( 'NONE',  ( 1.000000000000000000, 0.0000000000000000000, 4.336808689942043768E-15 ) ) ;
#689 = CARTESIAN_POINT ( 'NONE',  ( 2.678738258325130239, 1.574680337432693644, 2.641086031556939773 ) ) ;
#690 = CARTESIAN_POINT ( 'NONE',  ( 2.757491139901603994, 0.3000000000000004885, 2.637483606928980873 ) ) ;
#691 = CARTESIAN_POINT ( 'NONE',  ( 2.292247674456535211, 1.475310597097308163, -2.655414200181194673 ) ) ;
#692 = LINE ( 'NONE', #161, #3102 ) ;
#693 = ORIENTED_EDGE ( 'NONE', *, *, #381, .T. ) ;
#694 = AXIS2_PLACEMENT_3D ( 'NONE', #1992, #966, #2307 ) ;
#695 = DIRECTION ( 'NONE',  ( 0.0000000000000000000, 0.0000000000000000000, -1.000000000000000000 ) ) ;
#696 = EDGE_CURVE ( 'NONE', #1148, #3632, #3006, .T. ) ;
#697 = AXIS2_PLACEMENT_3D ( 'NONE', #1191, #849, #1133 ) ;
#698 = ORIENTED_EDGE ( 'NONE', *, *, #3839, .T. ) ;
#699 = CARTESIAN_POINT ( 'NONE',  ( 2.686764936945440496, 1.529594619542975487, -3.049599175548189489 ) ) ;
#700 = PLANE ( 'NONE',  #3766 ) ;
#701 = ORIENTED_EDGE ( 'NONE', *, *, #1015, .F. ) ;
#702 = FACE_OUTER_BOUND ( 'NONE', #3264, .T. ) ;
#703 = CARTESIAN_POINT ( 'NONE',  ( 2.686780461782949825, 1.374999999999991784, 3.049615641284938672 ) ) ;
#704 = DIRECTION ( 'NONE',  ( 0.0000000000000000000, 0.0000000000000000000, 1.000000000000000000 ) ) ;
#705 = VERTEX_POINT ( 'NONE', #3747 ) ;
#706 = CARTESIAN_POINT ( 'NONE',  ( 2.281374698817776991, 1.564415762412485034, -3.043882256321868152 ) ) ;
#707 = DIRECTION ( 'NONE',  ( 0.7071067811865477948, 0.0000000000000000000, 0.7071067811865473507 ) ) ;
#708 = EDGE_LOOP ( 'NONE', ( #2973, #893, #3486, #2818 ) ) ;
#709 = ORIENTED_EDGE ( 'NONE', *, *, #3445, .F. ) ;
#710 = VERTEX_POINT ( 'NONE', #3769 ) ;
#711 = VERTEX_POINT ( 'NONE', #946 ) ;
#712 = CARTESIAN_POINT ( 'NONE',  ( 2.686773543670430531, 1.520071940625131512, 2.649608303892879491 ) ) ;
#713 = DIRECTION ( 'NONE',  ( 1.000000000000000000, 0.0000000000000000000, 9.018912902434378532E-17 ) ) ;
#714 = CARTESIAN_POINT ( 'NONE',  ( 2.286780461782949025, 1.099999999999994760, -2.649615641284944090 ) ) ;
#715 = AXIS2_PLACEMENT_3D ( 'NONE', #3015, #3315, #1422 ) ;
#716 = EDGE_CURVE ( 'NONE', #1185, #863, #2422, .T. ) ;
#717 = DIRECTION ( 'NONE',  ( 1.000000000000000000, -0.0000000000000000000, -0.0000000000000000000 ) ) ;
#718 = DIRECTION ( 'NONE',  ( 0.0000000000000000000, -1.000000000000000000, 0.0000000000000000000 ) ) ;
#719 = VECTOR ( 'NONE', #433, 1000.000000000000114 ) ;
#720 = FACE_OUTER_BOUND ( 'NONE', #3493, .T. ) ;
#721 = CARTESIAN_POINT ( 'NONE',  ( 2.686780461782970697, 0.9999999999999933387, 2.649615641284944534 ) ) ;
#722 = DIRECTION ( 'NONE',  ( -1.000000000000000000, -0.0000000000000000000, -0.0000000000000000000 ) ) ;
#723 = CARTESIAN_POINT ( 'NONE',  ( 2.686773543670430531, 1.520071940625131512, 2.649608303892879491 ) ) ;
#724 = SURFACE_STYLE_FILL_AREA ( #1765 ) ;
#725 = VECTOR ( 'NONE', #342, 1000.000000000000000 ) ;
#726 = DIRECTION ( 'NONE',  ( -0.7071067811865473507, 0.0000000000000000000, -0.7071067811865477948 ) ) ;
#728 = VECTOR ( 'NONE', #1370, 1000.000000000000000 ) ;
#727 = DIRECTION ( 'NONE',  ( -0.7071067811865477948, 0.0000000000000000000, -0.7071067811865473507 ) ) ;
#729 = EDGE_CURVE ( 'NONE', #2005, #1955, #3149, .T. ) ;
#730 = DIRECTION ( 'NONE',  ( -0.0000000000000000000, -1.000000000000000000, -0.0000000000000000000 ) ) ;
#731 = CARTESIAN_POINT ( 'NONE',  ( 2.828201818020259051, 1.500000000000000000, 2.849615641284944267 ) ) ;
#732 = CARTESIAN_POINT ( 'NONE',  ( 1.599999999999998757, 0.0000000000000000000, -2.000000000000000000 ) ) ;
#733 = CARTESIAN_POINT ( 'NONE',  ( 2.681733491058464036, 1.560140348214671402, 2.644262793546842794 ) ) ;
#734 = AXIS2_PLACEMENT_3D ( 'NONE', #798, #3866, #3311 ) ;
#735 = LINE ( 'NONE', #2234, #405 ) ;
#736 = CARTESIAN_POINT ( 'NONE',  ( 1.826776695296637776, 1.500000000000000000, 3.426776695296636532 ) ) ;
#737 = DIRECTION ( 'NONE',  ( -1.000000000000000000, -0.0000000000000000000, 0.0000000000000000000 ) ) ;
#738 = CARTESIAN_POINT ( 'NONE',  ( 2.686780461782949381, 1.500000000000000000, -2.608194285047634953 ) ) ;
#739 = VECTOR ( 'NONE', #2706, 1000.000000000000000 ) ;
#740 = AXIS2_PLACEMENT_3D ( 'NONE', #2833, #1577, #675 ) ;
#741 = ORIENTED_EDGE ( 'NONE', *, *, #3985, .F. ) ;
#742 = EDGE_CURVE ( 'NONE', #754, #2302, #3716, .T. ) ;
#743 = CARTESIAN_POINT ( 'NONE',  ( 2.686780461782949825, 1.400000000000002576, -2.649615641284943646 ) ) ;
#744 = CARTESIAN_POINT ( 'NONE',  ( -1.600000000000001199, 0.0000000000000000000, -2.000000000000000444 ) ) ;
#745 = EDGE_LOOP ( 'NONE', ( #2301, #1805, #2433, #555 ) ) ;
#746 = CARTESIAN_POINT ( 'NONE',  ( -2.300000000000000711, 2.717142857142856194, 3.349999999999999645 ) ) ;
#747 = FACE_OUTER_BOUND ( 'NONE', #1192, .T. ) ;
#748 = ORIENTED_EDGE ( 'NONE', *, *, #3290, .T. ) ;
#749 = CARTESIAN_POINT ( 'NONE',  ( 1.650000000000001465, 0.1999999999999996503, 1.979230769230769571 ) ) ;
#750 = DIRECTION ( 'NONE',  ( 0.0000000000000000000, 0.0000000000000000000, 1.000000000000000000 ) ) ;
#751 = EDGE_CURVE ( 'NONE', #3343, #3533, #2900, .T. ) ;
#752 = ORIENTED_EDGE ( 'NONE', *, *, #3390, .F. ) ;
#753 = EDGE_LOOP ( 'NONE', ( #2635, #379, #3120, #984 ) ) ;
#754 = VERTEX_POINT ( 'NONE', #2863 ) ;
#755 = CARTESIAN_POINT ( 'NONE',  ( 2.978789502933743005, 1.987676710612187758, 2.935079775838832283 ) ) ;
#756 = CARTESIAN_POINT ( 'NONE',  ( 1.826776695296637776, 0.3000000000000004885, 3.426776695296636532 ) ) ;
#757 = ORIENTED_EDGE ( 'NONE', *, *, #3285, .F. ) ;
#758 = CARTESIAN_POINT ( 'NONE',  ( -1.650000000000001021, 0.1999999999999996503, 1.979230769230769571 ) ) ;
#759 = DIRECTION ( 'NONE',  ( -0.0000000000000000000, 1.000000000000000000, -0.0000000000000000000 ) ) ;
#760 = DIRECTION ( 'NONE',  ( 1.000000000000000000, 0.0000000000000000000, -1.355252715606880789E-16 ) ) ;
#761 = ORIENTED_EDGE ( 'NONE', *, *, #1889, .T. ) ;
#762 = VERTEX_POINT ( 'NONE', #3140 ) ;
#763 = CARTESIAN_POINT ( 'NONE',  ( 2.678738258325130239, 1.574680337432693644, -2.641086031556939773 ) ) ;
#764 = ORIENTED_EDGE ( 'NONE', *, *, #119, .T. ) ;
#765 = DIRECTION ( 'NONE',  ( 1.000000000000000000, 0.0000000000000000000, 0.0000000000000000000 ) ) ;
#766 = DIRECTION ( 'NONE',  ( -0.0000000000000000000, 1.000000000000000000, 0.0000000000000000000 ) ) ;
#767 = ORIENTED_EDGE ( 'NONE', *, *, #486, .F. ) ;
#768 = EDGE_CURVE ( 'NONE', #854, #1148, #1780, .T. ) ;
#769 = ORIENTED_EDGE ( 'NONE', *, *, #1565, .F. ) ;
#770 = ADVANCED_FACE ( 'NONE', ( #1228 ), #971, .T. ) ;
#771 = CARTESIAN_POINT ( 'NONE',  ( 3.069534554875181342, 1.705504430940429694, 3.031324527897908183 ) ) ;
#772 = PLANE ( 'NONE',  #2211 ) ;
#773 = CARTESIAN_POINT ( 'NONE',  ( 3.300000000000000711, 0.04999999999999998890, -1.700000000000000400 ) ) ;
#774 = CARTESIAN_POINT ( 'NONE',  ( 1.599999999999998979, 0.1999999999999996503, 3.299999999999999378 ) ) ;
#775 = CARTESIAN_POINT ( 'NONE',  ( 3.004978513316895583, 1.500000000000000000, -2.672838945988307291 ) ) ;
#776 = VECTOR ( 'NONE', #686, 1000.000000000000000 ) ;
#777 = DIRECTION ( 'NONE',  ( -0.7071067811865473507, 0.0000000000000000000, 0.7071067811865477948 ) ) ;
#778 = CARTESIAN_POINT ( 'NONE',  ( 2.616069783664294768, 1.500000000000000000, 2.637483606928979984 ) ) ;
#779 = MECHANICAL_DESIGN_GEOMETRIC_PRESENTATION_REPRESENTATION (  '', ( #3773 ), #285 ) ;
#780 = EDGE_CURVE ( 'NONE', #2673, #3125, #735, .T. ) ;
#781 = CYLINDRICAL_SURFACE ( 'NONE', #3414, 0.2499999999999997780 ) ;
#782 = PLANE ( 'NONE',  #2340 ) ;
#783 = CARTESIAN_POINT ( 'NONE',  ( 2.538397986679548080, 2.299376367605729943, 2.467997864660123053 ) ) ;
#784 = CARTESIAN_POINT ( 'NONE',  ( 2.570006256864372229, 1.733935369313322816, -2.525764211825789918 ) ) ;
#785 = CARTESIAN_POINT ( 'NONE',  ( -3.300000000000000711, 0.05000000000000000278, -3.349999999999999201 ) ) ;
#786 = ADVANCED_FACE ( 'NONE', ( #3620 ), #1271, .F. ) ;
#787 = DIRECTION ( 'NONE',  ( 0.0000000000000000000, 0.0000000000000000000, -1.000000000000000000 ) ) ;
#788 = EDGE_CURVE ( 'NONE', #2275, #944, #3668, .T. ) ;
#789 = DIRECTION ( 'NONE',  ( 1.000000000000000000, -0.0000000000000000000, -0.0000000000000000000 ) ) ;
#790 = DIRECTION ( 'NONE',  ( -1.445602896647339656E-16, -0.0000000000000000000, -1.000000000000000000 ) ) ;
#791 = DIRECTION ( 'NONE',  ( 1.000000000000000000, 0.0000000000000000000, 0.0000000000000000000 ) ) ;
#792 = LINE ( 'NONE', #3299, #3382 ) ;
#793 = DIRECTION ( 'NONE',  ( 1.000000000000000000, 0.0000000000000000000, 0.0000000000000000000 ) ) ;
#794 = VECTOR ( 'NONE', #2825, 1000.000000000000000 ) ;
#795 = ORIENTED_EDGE ( 'NONE', *, *, #3988, .T. ) ;
#796 = CARTESIAN_POINT ( 'NONE',  ( 2.681733491058464036, 1.560140348214671402, -2.644262793546842794 ) ) ;
#797 = CARTESIAN_POINT ( 'NONE',  ( -1.458571428571429518, 2.717142857142856194, -3.349999999999999645 ) ) ;
#798 = CARTESIAN_POINT ( 'NONE',  ( 1.599999999999998757, 0.1499999999999999944, -2.000000000000000000 ) ) ;
#799 = VERTEX_POINT ( 'NONE', #932 ) ;
#800 = EDGE_CURVE ( 'NONE', #907, #420, #2810, .T. ) ;
#801 = ORIENTED_EDGE ( 'NONE', *, *, #2683, .F. ) ;
#802 = CARTESIAN_POINT ( 'NONE',  ( 3.075813419087166878, 1.630684682478646508, -2.637983929334863475 ) ) ;
#803 = ORIENTED_EDGE ( 'NONE', *, *, #517, .F. ) ;
#804 = ADVANCED_FACE ( 'NONE', ( #2948 ), #2931, .T. ) ;
#805 = AXIS2_PLACEMENT_3D ( 'NONE', #3901, #536, #2722 ) ;
#806 = CARTESIAN_POINT ( 'NONE',  ( 1.650000000000001465, 0.05000000000000000278, 1.979230769230769571 ) ) ;
#807 = ORIENTED_EDGE ( 'NONE', *, *, #2517, .F. ) ;
#808 = DIRECTION ( 'NONE',  ( 0.0000000000000000000, 0.0000000000000000000, 1.000000000000000000 ) ) ;
#809 = ORIENTED_EDGE ( 'NONE', *, *, #3268, .T. ) ;
#810 = ORIENTED_EDGE ( 'NONE', *, *, #1167, .T. ) ;
#811 = ORIENTED_EDGE ( 'NONE', *, *, #493, .F. ) ;
#812 = DIRECTION ( 'NONE',  ( 1.000000000000000000, 0.0000000000000000000, -9.018912902434378532E-17 ) ) ;
#813 = CARTESIAN_POINT ( 'NONE',  ( 2.686780461782949381, 1.099999999999994760, -2.649615641284944090 ) ) ;
#814 = FACE_OUTER_BOUND ( 'NONE', #173, .T. ) ;
#815 = STYLED_ITEM ( 'NONE', ( #1386 ), #174 ) ;
#816 = LINE ( 'NONE', #2154, #2358 ) ;
#817 = PLANE ( 'NONE',  #3574 ) ;
#818 = FACE_OUTER_BOUND ( 'NONE', #2099, .T. ) ;
#819 = CARTESIAN_POINT ( 'NONE',  ( 1.599999999999998979, -4.607859233063393845E-16, -3.299999999999999378 ) ) ;
#820 = EDGE_CURVE ( 'NONE', #332, #1142, #1480, .T. ) ;
#821 = CARTESIAN_POINT ( 'NONE',  ( -3.300000000000000711, 3.000000000000000000, 3.349999999999999645 ) ) ;
#822 = ADVANCED_FACE ( 'NONE', ( #3946 ), #3558, .T. ) ;
#823 = FACE_OUTER_BOUND ( 'NONE', #1954, .T. ) ;
#825 = CARTESIAN_POINT ( 'NONE',  ( -1.600000000000001199, 0.1499999999999999944, -2.000000000000000444 ) ) ;
#824 = VECTOR ( 'NONE', #927, 1000.000000000000114 ) ;
#826 = DIRECTION ( 'NONE',  ( 0.7071067811865474617, -0.0000000000000000000, 0.7071067811865474617 ) ) ;
#827 = DIRECTION ( 'NONE',  ( 0.0000000000000000000, -0.0000000000000000000, 1.000000000000000000 ) ) ;
#828 = EDGE_CURVE ( 'NONE', #3485, #1741, #1576, .T. ) ;
#829 = VECTOR ( 'NONE', #1691, 1000.000000000000114 ) ;
#830 = CARTESIAN_POINT ( 'NONE',  ( -3.300000000000000711, 3.000000000000000000, -2.349999999999999201 ) ) ;
#831 = DIRECTION ( 'NONE',  ( 1.000000000000000000, 3.192183052533557924E-16, -0.0000000000000000000 ) ) ;
#832 = DIRECTION ( 'NONE',  ( 0.0000000000000000000, 0.0000000000000000000, -1.000000000000000000 ) ) ;
#833 = DIRECTION ( 'NONE',  ( -0.0000000000000000000, -1.000000000000000000, 0.0000000000000000000 ) ) ;
#834 = LINE ( 'NONE', #1586, #3851 ) ;
#835 = CARTESIAN_POINT ( 'NONE',  ( 1.599999999999998757, 2.858571428571428097, -3.349999999999999645 ) ) ;
#836 = DIRECTION ( 'NONE',  ( 0.0000000000000000000, 0.0000000000000000000, 1.000000000000000000 ) ) ;
#837 = CARTESIAN_POINT ( 'NONE',  ( 2.738052264985511464, 2.008340605131607504, -2.279752402257356536 ) ) ;
#838 = CIRCLE ( 'NONE', #1368, 0.09999999999999982514 ) ;
#839 = CARTESIAN_POINT ( 'NONE',  ( 2.278166533154487805, 1.579989408371525350, 3.040479656375956630 ) ) ;
#840 = CARTESIAN_POINT ( 'NONE',  ( -2.300000000000000711, 1.500000000000000000, -3.350000000000000089 ) ) ;
#841 = ADVANCED_FACE ( 'NONE', ( #1075 ), #2034, .F. ) ;
#842 = ORIENTED_EDGE ( 'NONE', *, *, #3724, .T. ) ;
#843 = ORIENTED_EDGE ( 'NONE', *, *, #140, .F. ) ;
#844 = VERTEX_POINT ( 'NONE', #3199 ) ;
#845 = EDGE_CURVE ( 'NONE', #1498, #264, #21, .T. ) ;
#846 = ORIENTED_EDGE ( 'NONE', *, *, #3988, .F. ) ;
#847 = CARTESIAN_POINT ( 'NONE',  ( -3.158571428571427475, 0.3000000000000004885, 3.500000000000000000 ) ) ;
#848 = EDGE_LOOP ( 'NONE', ( #1546, #117, #2093, #3153 ) ) ;
#849 = DIRECTION ( 'NONE',  ( 0.0000000000000000000, -1.000000000000000000, 0.0000000000000000000 ) ) ;
#850 = PRESENTATION_LAYER_ASSIGNMENT (  '', '', ( #1757 ) ) ;
#851 = EDGE_CURVE ( 'NONE', #3391, #1589, #1932, .T. ) ;
#852 = AXIS2_PLACEMENT_3D ( 'NONE', #2585, #1671, #997 ) ;
#854 = VERTEX_POINT ( 'NONE', #3843 ) ;
#853 = CARTESIAN_POINT ( 'NONE',  ( 2.686780461782905416, 0.7000000000000099476, 2.649615641284944534 ) ) ;
#855 = CARTESIAN_POINT ( 'NONE',  ( 1.599999999999998757, 2.858571428571428097, 3.349999999999999645 ) ) ;
#856 = DIRECTION ( 'NONE',  ( 0.0000000000000000000, 1.000000000000000000, 0.0000000000000000000 ) ) ;
#857 = CARTESIAN_POINT ( 'NONE',  ( 2.666911566883273021, 1.616750839697350894, -2.628542570936829303 ) ) ;
#858 = ORIENTED_EDGE ( 'NONE', *, *, #458, .F. ) ;
#859 = ORIENTED_EDGE ( 'NONE', *, *, #2320, .T. ) ;
#860 = CARTESIAN_POINT ( 'NONE',  ( 2.686780461782948493, 0.2999999999999992673, 3.049615641284945777 ) ) ;
#861 = ORIENTED_EDGE ( 'NONE', *, *, #2852, .T. ) ;
#862 = VERTEX_POINT ( 'NONE', #744 ) ;
#863 = VERTEX_POINT ( 'NONE', #3806 ) ;
#864 = LINE ( 'NONE', #1744, #1706 ) ;
#865 = CARTESIAN_POINT ( 'NONE',  ( 3.004978513316896027, 1.500000000000000000, 3.026392336581581244 ) ) ;
#866 = DIRECTION ( 'NONE',  ( -1.000000000000000000, 0.0000000000000000000, -0.0000000000000000000 ) ) ;
#867 = ADVANCED_FACE ( 'NONE', ( #3522 ), #2282, .T. ) ;
#868 =( LENGTH_UNIT ( ) NAMED_UNIT ( * ) SI_UNIT ( .MILLI., .METRE. ) );
#869 = FILL_AREA_STYLE ('',( #1773 ) ) ;
#870 = CARTESIAN_POINT ( 'NONE',  ( 2.686780461782949381, 1.250000000000001332, -3.049615641284944445 ) ) ;
#871 = VECTOR ( 'NONE', #1835, 1000.000000000000000 ) ;
#872 = CARTESIAN_POINT ( 'NONE',  ( 2.516482793110444316, 1.966779094297168795, -2.868996901783764208 ) ) ;
#873 = CARTESIAN_POINT ( 'NONE',  ( 2.686780461782949825, 1.374999999999991784, 3.049615641284938672 ) ) ;
#874 = VECTOR ( 'NONE', #3387, 1000.000000000000000 ) ;
#875 = FACE_OUTER_BOUND ( 'NONE', #888, .T. ) ;
#876 = AXIS2_PLACEMENT_3D ( 'NONE', #1824, #3672, #2743 ) ;
#877 = CARTESIAN_POINT ( 'NONE',  ( 2.686780461782949381, 1.500000000000000000, 2.708194285047634597 ) ) ;
#878 = EDGE_CURVE ( 'NONE', #2530, #2909, #550, .T. ) ;
#879 = CARTESIAN_POINT ( 'NONE',  ( 3.004978513316896027, 1.500000000000000000, 3.026392336581581244 ) ) ;
#880 = DIRECTION ( 'NONE',  ( 0.0000000000000000000, 0.0000000000000000000, -1.000000000000000000 ) ) ;
#881 = DIRECTION ( 'NONE',  ( 0.0000000000000000000, 0.0000000000000000000, 1.000000000000000000 ) ) ;
#882 = CARTESIAN_POINT ( 'NONE',  ( 2.252930486305068314, 1.652863210691572604, -3.013714152141757197 ) ) ;
#883 = CARTESIAN_POINT ( 'NONE',  ( 2.610893133999959925, 1.708004128343627581, 2.569129081515074908 ) ) ;
#884 = ADVANCED_FACE ( 'NONE', ( #1986 ), #121, .T. ) ;
#885 = VECTOR ( 'NONE', #2691, 1000.000000000000000 ) ;
#886 = DIRECTION ( 'NONE',  ( -0.7071067811865474617, 0.0000000000000000000, 0.7071067811865474617 ) ) ;
#887 = CARTESIAN_POINT ( 'NONE',  ( -2.300000000000000711, 0.3000000000000005440, -3.350000000000000089 ) ) ;
#888 = EDGE_LOOP ( 'NONE', ( #1131, #2147, #1598, #861 ) ) ;
#889 = FILL_AREA_STYLE_COLOUR ( '', #3128 ) ;
#890 = CARTESIAN_POINT ( 'NONE',  ( 3.086780461782949292, 1.250000000000001554, 2.649615641284944090 ) ) ;
#891 = CARTESIAN_POINT ( 'NONE',  ( 3.086780461782905771, 0.7000000000000101696, -2.649615641284944534 ) ) ;
#892 = VERTEX_POINT ( 'NONE', #2899 ) ;
#893 = ORIENTED_EDGE ( 'NONE', *, *, #3869, .T. ) ;
#894 = VERTEX_POINT ( 'NONE', #1376 ) ;
#895 = CARTESIAN_POINT ( 'NONE',  ( 2.287653563029761639, 1.489596013950696296, 2.650541657758822556 ) ) ;
#896 = CARTESIAN_POINT ( 'NONE',  ( 2.757491139901603994, 1.500000000000000000, -2.637483606928980873 ) ) ;
#897 = CARTESIAN_POINT ( 'NONE',  ( -1.600000000000001199, 0.3000000000000004885, -3.499999999999999556 ) ) ;
#898 = EDGE_LOOP ( 'NONE', ( #2434, #2923, #3012, #741 ) ) ;
#899 = VECTOR ( 'NONE', #3880, 1000.000000000000000 ) ;
#900 = CARTESIAN_POINT ( 'NONE',  ( 2.686780461782949825, 1.300000000000012923, 3.049615641284955103 ) ) ;
#901 = VERTEX_POINT ( 'NONE', #1347 ) ;
#902 = ADVANCED_FACE ( 'NONE', ( #359 ), #1052, .T. ) ;
#903 = AXIS2_PLACEMENT_3D ( 'NONE', #636, #3124, #3993 ) ;
#904 = EDGE_CURVE ( 'NONE', #3401, #411, #1128, .T. ) ;
#905 = AXIS2_PLACEMENT_3D ( 'NONE', #1963, #2325, #106 ) ;
#906 = CARTESIAN_POINT ( 'NONE',  ( 2.898912496138913664, 1.500000000000000000, -2.778904963166289210 ) ) ;
#907 = VERTEX_POINT ( 'NONE', #1037 ) ;
#908 = CARTESIAN_POINT ( 'NONE',  ( 3.083268699130425450, 1.604069324462002566, 3.045891044532273106 ) ) ;
#909 = CARTESIAN_POINT ( 'NONE',  ( 2.686780461782949825, 1.449999999999993960, -3.049615641284944001 ) ) ;
#910 = VERTEX_POINT ( 'NONE', #1011 ) ;
#911 = DIRECTION ( 'NONE',  ( 0.0000000000000000000, -0.0000000000000000000, -1.000000000000000000 ) ) ;
#912 = ORIENTED_EDGE ( 'NONE', *, *, #1701, .F. ) ;
#913 = VECTOR ( 'NONE', #3369, 1000.000000000000000 ) ;
#914 = PLANE ( 'NONE',  #1572 ) ;
#915 = CARTESIAN_POINT ( 'NONE',  ( 2.684474196049789541, 1.568345028017994469, 3.047169601870995947 ) ) ;
#916 = LINE ( 'NONE', #3944, #2169 ) ;
#917 = CARTESIAN_POINT ( 'NONE',  ( 2.681733491058464036, 1.560140348214671402, 2.644262793546842794 ) ) ;
#918 = CARTESIAN_POINT ( 'NONE',  ( 3.018886841925696896, 1.898947056112458398, -2.977607256587905482 ) ) ;
#919 = CARTESIAN_POINT ( 'NONE',  ( -3.300000000000000711, 0.05000000000000000278, 2.349999999999999201 ) ) ;
#920 = FACE_OUTER_BOUND ( 'NONE', #1336, .T. ) ;
#921 =( NAMED_UNIT ( * ) PLANE_ANGLE_UNIT ( ) SI_UNIT ( $, .RADIAN. ) );
#922 = ADVANCED_FACE ( 'NONE', ( #2518 ), #3902, .F. ) ;
#923 = LINE ( 'NONE', #1046, #2756 ) ;
#924 = AXIS2_PLACEMENT_3D ( 'NONE', #835, #3324, #3587 ) ;
#925 = CARTESIAN_POINT ( 'NONE',  ( 2.686780461782970697, 0.9999999999999933387, 3.049615641284944889 ) ) ;
#926 = EDGE_CURVE ( 'NONE', #312, #3060, #2717, .T. ) ;
#927 = DIRECTION ( 'NONE',  ( 0.7071067811865507924, 0.0000000000000000000, -0.7071067811865441310 ) ) ;
#928 = CARTESIAN_POINT ( 'NONE',  ( 2.686780461782948493, 0.5000000000000098810, 2.649615641284945422 ) ) ;
#929 = CARTESIAN_POINT ( 'NONE',  ( 2.570006256864372229, 1.733935369313322816, -2.525764211825789918 ) ) ;
#930 = VECTOR ( 'NONE', #3470, 1000.000000000000000 ) ;
#931 = CARTESIAN_POINT ( 'NONE',  ( 2.686780461782905416, 0.7000000000000099476, -2.649615641284944534 ) ) ;
#932 = CARTESIAN_POINT ( 'NONE',  ( 1.650000000000001465, 3.000000000000000000, 3.349999999999999645 ) ) ;
#933 = LINE ( 'NONE', #3567, #2477 ) ;
#934 = EDGE_LOOP ( 'NONE', ( #1339, #2962, #3441, #648 ) ) ;
#935 = CARTESIAN_POINT ( 'NONE',  ( 2.426470588235295711, 1.879453338893068315, -2.573529411764704733 ) ) ;
#936 = VECTOR ( 'NONE', #2357, 1000.000000000000000 ) ;
#937 = EDGE_LOOP ( 'NONE', ( #1255, #3435, #1959, #219 ) ) ;
#938 = ADVANCED_FACE ( 'NONE', ( #3429 ), #2289, .T. ) ;
#939 = ORIENTED_EDGE ( 'NONE', *, *, #542, .T. ) ;
#940 = ORIENTED_EDGE ( 'NONE', *, *, #2959, .T. ) ;
#941 = CARTESIAN_POINT ( 'NONE',  ( 3.086804258435391191, 1.461170835229185672, 3.049640880158750456 ) ) ;
#942 = CARTESIAN_POINT ( 'NONE',  ( 2.290217683406810867, 1.479802675848845173, -2.653261179370873357 ) ) ;
#943 = AXIS2_PLACEMENT_3D ( 'NONE', #1753, #2053, #760 ) ;
#944 = VERTEX_POINT ( 'NONE', #2372 ) ;
#945 = CARTESIAN_POINT ( 'NONE',  ( 3.086780461782949292, 1.099999999999994760, -2.649615641284944090 ) ) ;
#946 = CARTESIAN_POINT ( 'NONE',  ( 2.510003766486312404, 1.500000000000000000, 2.531417589750997621 ) ) ;
#947 = EDGE_CURVE ( 'NONE', #1993, #863, #3047, .T. ) ;
#948 = ORIENTED_EDGE ( 'NONE', *, *, #2501, .T. ) ;
#949 = ORIENTED_EDGE ( 'NONE', *, *, #1414, .F. ) ;
#950 = EDGE_LOOP ( 'NONE', ( #3352, #846, #129, #3546 ) ) ;
#951 =( NAMED_UNIT ( * ) PLANE_ANGLE_UNIT ( ) SI_UNIT ( $, .RADIAN. ) );
#952 = DIRECTION ( 'NONE',  ( -1.000000000000000000, 0.0000000000000000000, 9.018912902434378532E-17 ) ) ;
#953 = VERTEX_POINT ( 'NONE', #2339 ) ;
#954 = FACE_OUTER_BOUND ( 'NONE', #2287, .T. ) ;
#955 = EDGE_CURVE ( 'NONE', #3450, #754, #642, .T. ) ;
#956 = CARTESIAN_POINT ( 'NONE',  ( 2.675454626846479389, 1.634960096676457475, 3.037603392109888389 ) ) ;
#957 = CARTESIAN_POINT ( 'NONE',  ( 2.681733491058464036, 1.560140348214671402, -2.644262793546842794 ) ) ;
#958 = FACE_OUTER_BOUND ( 'NONE', #1492, .T. ) ;
#959 = CARTESIAN_POINT ( 'NONE',  ( 2.161704707098427214, 1.750565978031467518, -2.916959537831622207 ) ) ;
#960 = DIRECTION ( 'NONE',  ( -0.6860128686890036853, -4.751822441137446782E-17, 0.7275894061853044326 ) ) ;
#961 = PRESENTATION_STYLE_ASSIGNMENT (( #489 ) ) ;
#962 = LINE ( 'NONE', #3930, #3659 ) ;
#963 = AXIS2_PLACEMENT_3D ( 'NONE', #877, #2780, #3330 ) ;
#964 = ORIENTED_EDGE ( 'NONE', *, *, #3417, .T. ) ;
#965 = DIRECTION ( 'NONE',  ( 1.445602896647339656E-16, 0.0000000000000000000, -1.000000000000000000 ) ) ;
#966 = DIRECTION ( 'NONE',  ( 0.0000000000000000000, 1.000000000000000000, 0.0000000000000000000 ) ) ;
#967 = CARTESIAN_POINT ( 'NONE',  ( 2.286780461782949025, 1.449999999999994404, 2.649615641284943646 ) ) ;
#968 = LINE ( 'NONE', #1494, #1615 ) ;
#969 = CARTESIAN_POINT ( 'NONE',  ( 2.286958250307872031, 1.494731326254584713, -2.649804204871994084 ) ) ;
#970 = CARTESIAN_POINT ( 'NONE',  ( 2.286781658582567989, 1.511093414788305722, -2.649616910617875298 ) ) ;
#971 = PLANE ( 'NONE',  #1702 ) ;
#972 = SURFACE_SIDE_STYLE ('',( #2019 ) ) ;
#973 = EDGE_CURVE ( 'NONE', #844, #3063, #1884, .T. ) ;
#974 = CARTESIAN_POINT ( 'NONE',  ( 2.686780461782949381, 0.3000000000000004885, -2.708194285047634597 ) ) ;
#975 = LINE ( 'NONE', #3333, #3151 ) ;
#976 = ORIENTED_EDGE ( 'NONE', *, *, #820, .T. ) ;
#977 = CARTESIAN_POINT ( 'NONE',  ( -1.458571428571429740, 2.858571428571428097, 3.349999999999999645 ) ) ;
#978 = CARTESIAN_POINT ( 'NONE',  ( 2.526297727388277625, 1.733935457656007095, 2.479406680563321697 ) ) ;
#979 = LINE ( 'NONE', #3280, #365 ) ;
#980 = EDGE_LOOP ( 'NONE', ( #3631, #1391, #842, #1203 ) ) ;
#981 = CARTESIAN_POINT ( 'NONE',  ( 2.285679692969154075, 1.532620731573986816, -3.048448159209719677 ) ) ;
#982 = CARTESIAN_POINT ( 'NONE',  ( 1.599999999999999201, 1.500000000000000000, 3.499999999999999556 ) ) ;
#983 = VERTEX_POINT ( 'NONE', #3588 ) ;
#984 = ORIENTED_EDGE ( 'NONE', *, *, #3750, .T. ) ;
#985 = EDGE_CURVE ( 'NONE', #3485, #2302, #3571, .T. ) ;
#986 = DIRECTION ( 'NONE',  ( 0.0000000000000000000, -1.000000000000000000, 0.0000000000000000000 ) ) ;
#987 = EDGE_LOOP ( 'NONE', ( #2495, #2055, #3111, #2196, #2536, #2737 ) ) ;
#988 = ORIENTED_EDGE ( 'NONE', *, *, #3846, .T. ) ;
#989 = CARTESIAN_POINT ( 'NONE',  ( 2.686780461782104723, 0.2999999999999992673, -3.049615641284945777 ) ) ;
#990 = LINE ( 'NONE', #3514, #1800 ) ;
#991 = DIRECTION ( 'NONE',  ( -0.0000000000000000000, -1.000000000000000000, -0.0000000000000000000 ) ) ;
#992 = CARTESIAN_POINT ( 'NONE',  ( 2.684474196049789541, 1.568345028017994469, 3.047169601870995947 ) ) ;
#993 = CARTESIAN_POINT ( 'NONE',  ( -1.458571428571429518, 2.717142857142856194, 3.349999999999999645 ) ) ;
#994 = ORIENTED_EDGE ( 'NONE', *, *, #2328, .T. ) ;
#995 = CARTESIAN_POINT ( 'NONE',  ( 2.306981828003098478, 1.459530325463279210, -2.671041332730484719 ) ) ;
#996 = ORIENTED_EDGE ( 'NONE', *, *, #1575, .T. ) ;
#997 = DIRECTION ( 'NONE',  ( 0.0000000000000000000, 0.0000000000000000000, 1.000000000000000000 ) ) ;
#998 = EDGE_LOOP ( 'NONE', ( #510, #2261, #2623, #2641 ) ) ;
#999 = AXIS2_PLACEMENT_3D ( 'NONE', #1697, #3527, #2338 ) ;
#1000 = EDGE_CURVE ( 'NONE', #1741, #2774, #599, .T. ) ;
#1001 = CIRCLE ( 'NONE', #3572, 0.2499999999999997780 ) ;
#1002 = CARTESIAN_POINT ( 'NONE',  ( -1.458571428571429740, 2.858571428571428097, -3.349999999999999645 ) ) ;
#1003 = DIRECTION ( 'NONE',  ( 1.000000000000000000, 0.0000000000000000000, -0.0000000000000000000 ) ) ;
#1004 = LINE ( 'NONE', #3698, #1312 ) ;
#1005 = AXIS2_PLACEMENT_3D ( 'NONE', #1777, #3940, #1478 ) ;
#1006 = CARTESIAN_POINT ( 'NONE',  ( 2.686780461782948493, 0.5000000000000098810, 3.049615641284945777 ) ) ;
#1007 = DIRECTION ( 'NONE',  ( -1.000000000000000000, 0.0000000000000000000, -0.0000000000000000000 ) ) ;
#1008 = VECTOR ( 'NONE', #3592, 1000.000000000000000 ) ;
#1009 = LINE ( 'NONE', #3275, #6 ) ;
#1010 = CARTESIAN_POINT ( 'NONE',  ( 3.086780461782949736, 1.449999999999994404, -3.049615641284944001 ) ) ;
#1011 = CARTESIAN_POINT ( 'NONE',  ( 2.686780461782949381, 1.500000000000000000, 2.608194285047634953 ) ) ;
#1012 = LINE ( 'NONE', #1287, #199 ) ;
#1013 = DIRECTION ( 'NONE',  ( -1.000000000000000000, 0.0000000000000000000, -1.355252715606880789E-16 ) ) ;
#1014 = CARTESIAN_POINT ( 'NONE',  ( 2.827467328843173977, 2.210766919339072878, 2.774586560894237053 ) ) ;
#1015 = EDGE_CURVE ( 'NONE', #2062, #2859, #692, .T. ) ;
#1016 = CARTESIAN_POINT ( 'NONE',  ( 2.757491139901603994, 0.3000000000000004885, -2.637483606928980873 ) ) ;
#1017 = DIRECTION ( 'NONE',  ( -3.192183052533557924E-16, 1.000000000000000000, -0.0000000000000000000 ) ) ;
#1018 = EDGE_CURVE ( 'NONE', #1794, #2921, #2420, .T. ) ;
#1019 = CARTESIAN_POINT ( 'NONE',  ( 2.286780461782949025, 1.400000000000002798, -2.649615641284943646 ) ) ;
#1020 = DIRECTION ( 'NONE',  ( 0.0000000000000000000, 0.0000000000000000000, -1.000000000000000000 ) ) ;
#1021 = VECTOR ( 'NONE', #3439, 1000.000000000000114 ) ;
#1022 = AXIS2_PLACEMENT_3D ( 'NONE', #2060, #162, #2373 ) ;
#1023 = CARTESIAN_POINT ( 'NONE',  ( -3.017142857142856016, 2.717142857142856194, -3.349999999999999645 ) ) ;
#1024 = VECTOR ( 'NONE', #1405, 1000.000000000000000 ) ;
#1025 = EDGE_CURVE ( 'NONE', #710, #312, #1732, .T. ) ;
#1026 = ORIENTED_EDGE ( 'NONE', *, *, #1298, .F. ) ;
#1027 = CARTESIAN_POINT ( 'NONE',  ( 3.075813419087166878, 1.630684682478646508, 2.637983929334863475 ) ) ;
#1028 = EDGE_LOOP ( 'NONE', ( #2785, #613, #3304, #77 ) ) ;
#1029 = DIRECTION ( 'NONE',  ( 0.0000000000000000000, 0.0000000000000000000, 1.000000000000000000 ) ) ;
#1030 = ORIENTED_EDGE ( 'NONE', *, *, #828, .T. ) ;
#1031 = EDGE_LOOP ( 'NONE', ( #3020, #1497, #3682, #281 ) ) ;
#1032 = CARTESIAN_POINT ( 'NONE',  ( 2.686780461782948493, 0.2999999999999992673, 2.649615641284945422 ) ) ;
#1033 = DIRECTION ( 'NONE',  ( -0.0000000000000000000, -0.0000000000000000000, -1.000000000000000000 ) ) ;
#1034 = DIRECTION ( 'NONE',  ( 0.0000000000000000000, -1.000000000000000000, 0.0000000000000000000 ) ) ;
#1035 = ORIENTED_EDGE ( 'NONE', *, *, #1832, .F. ) ;
#1036 = CARTESIAN_POINT ( 'NONE',  ( 2.610893133999959925, 1.708004128343627581, -2.569129081515074908 ) ) ;
#1037 = CARTESIAN_POINT ( 'NONE',  ( 1.720710678118655634, 1.500000000000000000, 3.320710678118654169 ) ) ;
#1038 = CARTESIAN_POINT ( 'NONE',  ( 1.650000000000001465, 3.000000000000000000, -3.349999999999999645 ) ) ;
#1039 = ORIENTED_EDGE ( 'NONE', *, *, #559, .T. ) ;
#1040 = DIRECTION ( 'NONE',  ( -0.0000000000000000000, 1.000000000000000000, -0.0000000000000000000 ) ) ;
#1041 = CARTESIAN_POINT ( 'NONE',  ( 2.686780461782949381, 1.250000000000001332, 2.649615641284944090 ) ) ;
#1042 = EDGE_LOOP ( 'NONE', ( #26, #2975, #2448, #1348 ) ) ;
#1043 = VERTEX_POINT ( 'NONE', #2059 ) ;
#1044 = ORIENTED_EDGE ( 'NONE', *, *, #2884, .F. ) ;
#1045 = CARTESIAN_POINT ( 'NONE',  ( -1.650000000000001021, 0.1999999999999996503, 1.979230769230769571 ) ) ;
#1046 = CARTESIAN_POINT ( 'NONE',  ( 1.599999999999998979, 0.1499999999999995226, 3.299999999999999378 ) ) ;
#1047 = DIRECTION ( 'NONE',  ( 0.0000000000000000000, -1.000000000000000000, -0.0000000000000000000 ) ) ;
#1048 = ORIENTED_EDGE ( 'NONE', *, *, #3314, .T. ) ;
#1049 = EDGE_LOOP ( 'NONE', ( #2003, #1637, #1936, #1135 ) ) ;
#1050 = FACE_OUTER_BOUND ( 'NONE', #1253, .T. ) ;
#1051 = CARTESIAN_POINT ( 'NONE',  ( 2.286780461782949025, 1.250000000000001554, -2.649615641284944090 ) ) ;
#1052 = PLANE ( 'NONE',  #3367 ) ;
#1053 = MECHANICAL_DESIGN_GEOMETRIC_PRESENTATION_REPRESENTATION (  '', ( #1757 ), #1273 ) ;
#1054 = CARTESIAN_POINT ( 'NONE',  ( -1.458571428571429518, 2.717142857142856194, -3.349999999999999645 ) ) ;
#1055 = EDGE_CURVE ( 'NONE', #894, #263, #3804, .T. ) ;
#1056 = STYLED_ITEM ( 'NONE', ( #248 ), #1143 ) ;
#1057 = DIRECTION ( 'NONE',  ( -0.0000000000000000000, -1.000000000000000000, -0.0000000000000000000 ) ) ;
#1058 = PRESENTATION_STYLE_ASSIGNMENT (( #28 ) ) ;
#1059 = CARTESIAN_POINT ( 'NONE',  ( 2.921877669732689586, 1.951991953385532996, 2.474718740625557523 ) ) ;
#1060 = DIRECTION ( 'NONE',  ( 0.0000000000000000000, -1.000000000000000000, 0.0000000000000000000 ) ) ;
#1061 = CARTESIAN_POINT ( 'NONE',  ( 2.686780461782949825, 1.400000000000002576, 2.649615641284943646 ) ) ;
#1062 = FACE_OUTER_BOUND ( 'NONE', #1446, .T. ) ;
#1063 = LINE ( 'NONE', #2911, #3936 ) ;
#1064 = DIRECTION ( 'NONE',  ( 0.0000000000000000000, 0.0000000000000000000, -1.000000000000000000 ) ) ;
#1065 = DIRECTION ( 'NONE',  ( 0.0000000000000000000, 0.0000000000000000000, 1.000000000000000000 ) ) ;
#1066 = ADVANCED_FACE ( 'NONE', ( #1984 ), #3909, .F. ) ;
#1068 = VECTOR ( 'NONE', #2113, 1000.000000000000000 ) ;
#1067 = CARTESIAN_POINT ( 'NONE',  ( 2.686780461782948493, 0.5000000000000098810, -2.649615641284945422 ) ) ;
#1069 = EDGE_CURVE ( 'NONE', #3123, #1150, #3895, .T. ) ;
#1070 = DIRECTION ( 'NONE',  ( 0.0000000000000000000, -0.0000000000000000000, -1.000000000000000000 ) ) ;
#1071 = LINE ( 'NONE', #113, #2892 ) ;
#1072 = DIRECTION ( 'NONE',  ( -1.445602896647339656E-16, -0.0000000000000000000, 1.000000000000000000 ) ) ;
#1073 = DIRECTION ( 'NONE',  ( 0.7071067811865477948, 0.0000000000000000000, -0.7071067811865473507 ) ) ;
#1074 = CARTESIAN_POINT ( 'NONE',  ( 3.086780461782948404, 0.2999999999999994893, 2.649615641284945422 ) ) ;
#1075 = FACE_OUTER_BOUND ( 'NONE', #745, .T. ) ;
#1076 = CARTESIAN_POINT ( 'NONE',  ( 0.0000000000000000000, 0.1999999999999996503, 0.0000000000000000000 ) ) ;
#1077 = CARTESIAN_POINT ( 'NONE',  ( 2.686780461782905416, 0.7000000000000099476, 2.649615641284944534 ) ) ;
#1078 = DIRECTION ( 'NONE',  ( -0.0000000000000000000, 1.000000000000000000, -0.0000000000000000000 ) ) ;
#1079 = LINE ( 'NONE', #775, #211 ) ;
#1080 = EDGE_CURVE ( 'NONE', #1600, #1200, #2078, .T. ) ;
#1081 = CARTESIAN_POINT ( 'NONE',  ( 2.286780461782947693, 0.5000000000000101030, -2.649615641284945422 ) ) ;
#1082 = CARTESIAN_POINT ( 'NONE',  ( -1.650000000000001021, 0.1999999999999996503, -1.979230769230769571 ) ) ;
#1083 = LINE ( 'NONE', #3340, #163 ) ;
#1084 = ORIENTED_EDGE ( 'NONE', *, *, #176, .T. ) ;
#1085 = DIRECTION ( 'NONE',  ( 1.000000000000000000, 0.0000000000000000000, 9.018912902434378532E-17 ) ) ;
#1086 = ADVANCED_FACE ( 'NONE', ( #2850 ), #2697, .T. ) ;
#1087 = ORIENTED_EDGE ( 'NONE', *, *, #3341, .T. ) ;
#1088 = EDGE_LOOP ( 'NONE', ( #2481, #1107, #1406, #3152 ) ) ;
#1089 = UNCERTAINTY_MEASURE_WITH_UNIT (LENGTH_MEASURE( 1.000000000000000082E-05 ), #22, 'distance_accuracy_value', 'NONE');
#1090 = DIRECTION ( 'NONE',  ( 0.0000000000000000000, 0.0000000000000000000, -1.000000000000000000 ) ) ;
#1091 = ORIENTED_EDGE ( 'NONE', *, *, #3499, .F. ) ;
#1092 = PLANE ( 'NONE',  #2394 ) ;
#1093 = VERTEX_POINT ( 'NONE', #1125 ) ;
#1094 = CARTESIAN_POINT ( 'NONE',  ( 2.686780461782949825, 1.400000000000002576, -2.649615641284943646 ) ) ;
#1095 = CARTESIAN_POINT ( 'NONE',  ( 1.826776695296637776, 1.500000000000000000, 3.426776695296636532 ) ) ;
#1096 = ORIENTED_EDGE ( 'NONE', *, *, #973, .T. ) ;
#1097 = ORIENTED_EDGE ( 'NONE', *, *, #160, .F. ) ;
#1098 = ORIENTED_EDGE ( 'NONE', *, *, #985, .T. ) ;
#1099 = CARTESIAN_POINT ( 'NONE',  ( 1.720710678118655634, 1.500000000000000000, 3.320710678118654169 ) ) ;
#1100 = CARTESIAN_POINT ( 'NONE',  ( 2.686780461782949381, 1.500000000000000000, -2.708194285047634597 ) ) ;
#1101 = CARTESIAN_POINT ( 'NONE',  ( -1.600000000000001199, 0.1499999999999999944, -2.000000000000000444 ) ) ;
#1102 = CARTESIAN_POINT ( 'NONE',  ( 1.599999999999998757, 0.0000000000000000000, 2.000000000000000000 ) ) ;
#1103 = ORIENTED_EDGE ( 'NONE', *, *, #3649, .T. ) ;
#1104 =( NAMED_UNIT ( * ) PLANE_ANGLE_UNIT ( ) SI_UNIT ( $, .RADIAN. ) );
#1105 = ORIENTED_EDGE ( 'NONE', *, *, #4028, .T. ) ;
#1106 = EDGE_CURVE ( 'NONE', #1141, #3855, #3754, .T. ) ;
#1107 = ORIENTED_EDGE ( 'NONE', *, *, #3471, .F. ) ;
#1108 = FACE_OUTER_BOUND ( 'NONE', #88, .T. ) ;
#1109 = AXIS2_PLACEMENT_3D ( 'NONE', #774, #3583, #3555 ) ;
#1110 = CARTESIAN_POINT ( 'NONE',  ( 2.686780461782949825, 1.300000000000012923, -2.649615641284954748 ) ) ;
#1111 = EDGE_CURVE ( 'NONE', #3913, #711, #1272, .T. ) ;
#1112 = ADVANCED_FACE ( 'NONE', ( #3423 ), #1504, .T. ) ;
#1113 = FACE_OUTER_BOUND ( 'NONE', #3075, .T. ) ;
#1114 = DIRECTION ( 'NONE',  ( -0.0000000000000000000, 1.000000000000000000, 0.0000000000000000000 ) ) ;
#1115 = PRESENTATION_LAYER_ASSIGNMENT (  '', '', ( #3773 ) ) ;
#1116 = EDGE_CURVE ( 'NONE', #39, #1185, #3939, .T. ) ;
#1117 = AXIS2_PLACEMENT_3D ( 'NONE', #3316, #2380, #765 ) ;
#1118 = VECTOR ( 'NONE', #1428, 1000.000000000000000 ) ;
#1119 =( NAMED_UNIT ( * ) PLANE_ANGLE_UNIT ( ) SI_UNIT ( $, .RADIAN. ) );
#1120 = DIRECTION ( 'NONE',  ( 0.0000000000000000000, 0.0000000000000000000, 1.000000000000000000 ) ) ;
#1121 = FACE_OUTER_BOUND ( 'NONE', #3156, .T. ) ;
#1122 = CARTESIAN_POINT ( 'NONE',  ( 2.686773543670430531, 1.520071940625131512, -2.649608303892879491 ) ) ;
#1123 = PLANE ( 'NONE',  #943 ) ;
#1124 = DIRECTION ( 'NONE',  ( 0.0000000000000000000, -1.000000000000000000, 0.0000000000000000000 ) ) ;
#1125 = CARTESIAN_POINT ( 'NONE',  ( 1.599999999999999423, 1.500000000000000000, 3.349999999999999645 ) ) ;
#1126 = FILL_AREA_STYLE_COLOUR ( '', #3676 ) ;
#1127 =( NAMED_UNIT ( * ) SI_UNIT ( $, .STERADIAN. ) SOLID_ANGLE_UNIT ( ) );
#1128 = LINE ( 'NONE', #2597, #1430 ) ;
#1129 = ADVANCED_FACE ( 'NONE', ( #591 ), #2371, .T. ) ;
#1130 = FACE_OUTER_BOUND ( 'NONE', #2111, .T. ) ;
#1131 = ORIENTED_EDGE ( 'NONE', *, *, #3539, .F. ) ;
#1132 = CARTESIAN_POINT ( 'NONE',  ( 2.686780461782949825, 1.449999999999993960, -2.649615641284943646 ) ) ;
#1133 = DIRECTION ( 'NONE',  ( 0.0000000000000000000, 0.0000000000000000000, -1.000000000000000000 ) ) ;
#1134 = VERTEX_POINT ( 'NONE', #1179 ) ;
#1135 = ORIENTED_EDGE ( 'NONE', *, *, #231, .T. ) ;
#1136 = EDGE_CURVE ( 'NONE', #2437, #1337, #3987, .T. ) ;
#1137 = VERTEX_POINT ( 'NONE', #246 ) ;
#1138 = DIRECTION ( 'NONE',  ( 0.0000000000000000000, 0.0000000000000000000, 1.000000000000000000 ) ) ;
#1139 = CARTESIAN_POINT ( 'NONE',  ( -2.300000000000000711, 2.717142857142856194, 3.499999999999999556 ) ) ;
#1140 = CARTESIAN_POINT ( 'NONE',  ( 2.526297727388277625, 1.733935457656007095, -2.479406680563321697 ) ) ;
#1141 = VERTEX_POINT ( 'NONE', #3665 ) ;
#1142 = VERTEX_POINT ( 'NONE', #3027 ) ;
#1143 = MANIFOLD_SOLID_BREP ( 'Mirror1[2]', #1696 ) ;
#1144 = PRESENTATION_LAYER_ASSIGNMENT (  '', '', ( #1672 ) ) ;
#1145 = EDGE_LOOP ( 'NONE', ( #1699, #757, #3110, #3454 ) ) ;
#1146 = DIRECTION ( 'NONE',  ( -0.0000000000000000000, -1.000000000000000000, -0.0000000000000000000 ) ) ;
#1147 = DIRECTION ( 'NONE',  ( 0.0000000000000000000, 0.0000000000000000000, -1.000000000000000000 ) ) ;
#1148 = VERTEX_POINT ( 'NONE', #1155 ) ;
#1149 = EDGE_CURVE ( 'NONE', #74, #415, #2943, .T. ) ;
#1150 = VERTEX_POINT ( 'NONE', #1139 ) ;
#1151 = ORIENTED_EDGE ( 'NONE', *, *, #2021, .T. ) ;
#1152 = ADVANCED_FACE ( 'NONE', ( #1520 ), #3937, .T. ) ;
#1153 = CARTESIAN_POINT ( 'NONE',  ( 2.686780461782949381, 0.3000000000000004885, 2.608194285047634953 ) ) ;
#1154 = ORIENTED_EDGE ( 'NONE', *, *, #2517, .T. ) ;
#1155 = CARTESIAN_POINT ( 'NONE',  ( 1.599999999999998757, 0.1499999999999999944, 2.000000000000000000 ) ) ;
#1156 = DIRECTION ( 'NONE',  ( -0.7071067811865474617, 0.0000000000000000000, -0.7071067811865474617 ) ) ;
#1157 = VECTOR ( 'NONE', #3081, 1000.000000000000000 ) ;
#1158 = CARTESIAN_POINT ( 'NONE',  ( 2.286780461782949025, 1.449999999999994404, 3.049615641284944001 ) ) ;
#1159 = CARTESIAN_POINT ( 'NONE',  ( 2.828201818020259051, 0.3000000000000004885, -2.849615641284944267 ) ) ;
#1160 = PRESENTATION_STYLE_ASSIGNMENT (( #3345 ) ) ;
#1161 = LINE ( 'NONE', #825, #4027 ) ;
#1162 = AXIS2_PLACEMENT_3D ( 'NONE', #3377, #3091, #594 ) ;
#1163 = CARTESIAN_POINT ( 'NONE',  ( 2.510003766486312404, 1.500000000000000000, -2.531417589750997621 ) ) ;
#1164 = VECTOR ( 'NONE', #2110, 1000.000000000000000 ) ;
#1165 = CIRCLE ( 'NONE', #2368, 1.000000000000000000 ) ;
#1166 = CARTESIAN_POINT ( 'NONE',  ( -2.300000000000000711, 0.05000000000000012768, -2.349999999999999201 ) ) ;
#1167 = EDGE_CURVE ( 'NONE', #679, #1335, #2607, .T. ) ;
#1168 = DIRECTION ( 'NONE',  ( -0.0000000000000000000, -0.0000000000000000000, -1.000000000000000000 ) ) ;
#1169 = VECTOR ( 'NONE', #2040, 1000.000000000000000 ) ;
#1171 = CIRCLE ( 'NONE', #2819, 0.2500000000000002220 ) ;
#1170 = DIRECTION ( 'NONE',  ( 0.0000000000000000000, 0.0000000000000000000, -1.000000000000000000 ) ) ;
#1172 = CARTESIAN_POINT ( 'NONE',  ( 3.018106691085209459, 1.810124097017924649, -2.576779823878258213 ) ) ;
#1173 = EDGE_CURVE ( 'NONE', #4015, #32, #968, .T. ) ;
#1174 = LINE ( 'NONE', #2772, #1776 ) ;
#1175 = CARTESIAN_POINT ( 'NONE',  ( 2.286780461782947693, 0.2999999999999994893, 3.049615641284945333 ) ) ;
#1176 = CARTESIAN_POINT ( 'NONE',  ( 1.599999999999998535, 0.3000000000000004885, -3.349999999999999645 ) ) ;
#1177 = VECTOR ( 'NONE', #789, 1000.000000000000000 ) ;
#1178 =( NAMED_UNIT ( * ) SI_UNIT ( $, .STERADIAN. ) SOLID_ANGLE_UNIT ( ) );
#1179 = CARTESIAN_POINT ( 'NONE',  ( 2.425304832720495352, 1.500000000000000000, -3.393933982822017192 ) ) ;
#1180 = CARTESIAN_POINT ( 'NONE',  ( 2.286780461782949025, 1.400000000000002798, -3.049615641284944001 ) ) ;
#1181 = AXIS2_PLACEMENT_3D ( 'NONE', #3840, #390, #2634 ) ;
#1182 = VECTOR ( 'NONE', #2732, 1000.000000000000000 ) ;
#1183 = ORIENTED_EDGE ( 'NONE', *, *, #548, .F. ) ;
#1184 = CARTESIAN_POINT ( 'NONE',  ( 2.292247674456535211, 1.475310597097308163, 2.655414200181194673 ) ) ;
#1185 = VERTEX_POINT ( 'NONE', #3049 ) ;
#1186 = CYLINDRICAL_SURFACE ( 'NONE', #3692, 0.1000000000000002554 ) ;
#1187 = ORIENTED_EDGE ( 'NONE', *, *, #226, .T. ) ;
#1188 = EDGE_LOOP ( 'NONE', ( #3875, #1496, #2298, #1097 ) ) ;
#1190 = EDGE_LOOP ( 'NONE', ( #2382, #2254, #3772, #2006, #2141, #604 ) ) ;
#1189 = DIRECTION ( 'NONE',  ( 1.000000000000000000, 0.0000000000000000000, 9.018912902434378532E-17 ) ) ;
#1191 = CARTESIAN_POINT ( 'NONE',  ( -2.300000000000000711, 3.000000000000000000, -2.349999999999999201 ) ) ;
#1192 = EDGE_LOOP ( 'NONE', ( #3536, #2628, #653, #1437 ) ) ;
#1193 = ADVANCED_FACE ( 'NONE', ( #2322 ), #3967, .T. ) ;
#1194 = AXIS2_PLACEMENT_3D ( 'NONE', #3605, #3622, #3923 ) ;
#1195 = EDGE_CURVE ( 'NONE', #1584, #3816, #1174, .T. ) ;
#1196 = ORIENTED_EDGE ( 'NONE', *, *, #2731, .F. ) ;
#1197 = CARTESIAN_POINT ( 'NONE',  ( 2.281374698817776991, 1.564415762412485034, -3.043882256321868152 ) ) ;
#1198 = DIRECTION ( 'NONE',  ( -0.0000000000000000000, -1.000000000000000000, -0.0000000000000000000 ) ) ;
#1199 = ORIENTED_EDGE ( 'NONE', *, *, #1111, .F. ) ;
#1200 = VERTEX_POINT ( 'NONE', #3623 ) ;
#1201 = CARTESIAN_POINT ( 'NONE',  ( 2.655177182770872335, 1.642717347057615962, 2.616097012029726887 ) ) ;
#1202 = ORIENTED_EDGE ( 'NONE', *, *, #1463, .T. ) ;
#1203 = ORIENTED_EDGE ( 'NONE', *, *, #2769, .T. ) ;
#1204 = ORIENTED_EDGE ( 'NONE', *, *, #3798, .T. ) ;
#1205 = CARTESIAN_POINT ( 'NONE',  ( 1.599999999999998757, 0.1499999999999999944, 2.000000000000000000 ) ) ;
#1206 = CARTESIAN_POINT ( 'NONE',  ( 2.516482793110444316, 1.966779094297168795, 2.868996901783764208 ) ) ;
#1207 = CARTESIAN_POINT ( 'NONE',  ( 3.086780461782948404, 0.5000000000000101030, 3.049615641284945333 ) ) ;
#1208 = CARTESIAN_POINT ( 'NONE',  ( 2.978789502933743005, 1.987676710612187758, -2.935079775838832283 ) ) ;
#1209 = CARTESIAN_POINT ( 'NONE',  ( 2.757491139901603994, 0.3000000000000004885, 2.637483606928980873 ) ) ;
#1210 = LINE ( 'NONE', #3685, #871 ) ;
#1211 = CARTESIAN_POINT ( 'NONE',  ( 2.678738258325130239, 1.574680337432693644, 2.641086031556939773 ) ) ;
#1212 = CARTESIAN_POINT ( 'NONE',  ( 2.686780461782949381, 1.099999999999994760, -2.649615641284944090 ) ) ;
#1213 = ADVANCED_FACE ( 'NONE', ( #148 ), #532, .T. ) ;
#1214 = VECTOR ( 'NONE', #717, 1000.000000000000000 ) ;
#1215 = LINE ( 'NONE', #2690, #3610 ) ;
#1216 = AXIS2_PLACEMENT_3D ( 'NONE', #1553, #1536, #284 ) ;
#1217 = DIRECTION ( 'NONE',  ( 0.4991356957649066839, -0.7275894061853068751, 0.4706136560069151265 ) ) ;
#1218 = CARTESIAN_POINT ( 'NONE',  ( 2.675454626846479389, 1.634960096676457475, 3.037603392109888389 ) ) ;
#1219 = EDGE_CURVE ( 'NONE', #2447, #660, #634, .T. ) ;
#1220 = LINE ( 'NONE', #213, #2224 ) ;
#1221 = CARTESIAN_POINT ( 'NONE',  ( -1.458571428571429518, 2.717142857142856194, 3.499999999999999556 ) ) ;
#1222 = CARTESIAN_POINT ( 'NONE',  ( 2.921877669732689586, 1.951991953385532996, 2.474718740625557523 ) ) ;
#1223 = VECTOR ( 'NONE', #3761, 1000.000000000000000 ) ;
#1224 = CARTESIAN_POINT ( 'NONE',  ( 2.205498257377713767, 1.722791269255264490, -2.963407242673291808 ) ) ;
#1225 = DIRECTION ( 'NONE',  ( 0.0000000000000000000, 0.0000000000000000000, -1.000000000000000000 ) ) ;
#1226 = MECHANICAL_DESIGN_GEOMETRIC_PRESENTATION_REPRESENTATION (  '', ( #2714 ), #1651 ) ;
#1227 = CARTESIAN_POINT ( 'NONE',  ( 2.681733491058464036, 1.560140348214671402, -2.644262793546842794 ) ) ;
#1228 = FACE_OUTER_BOUND ( 'NONE', #3074, .T. ) ;
#1229 = CARTESIAN_POINT ( 'NONE',  ( -1.650000000000001021, 0.1999999999999996503, 3.349999999999999645 ) ) ;
#1230 = PLANE ( 'NONE',  #1216 ) ;
#1231 = ADVANCED_FACE ( 'NONE', ( #3373 ), #2197, .T. ) ;
#1232 = LINE ( 'NONE', #1278, #2668 ) ;
#1233 = ORIENTED_EDGE ( 'NONE', *, *, #3017, .F. ) ;
#1234 = DIRECTION ( 'NONE',  ( 1.000000000000000000, 0.0000000000000000000, -0.0000000000000000000 ) ) ;
#1235 = CARTESIAN_POINT ( 'NONE',  ( 3.086780461782949736, 1.449999999999994404, 2.649615641284943646 ) ) ;
#1236 = CARTESIAN_POINT ( 'NONE',  ( 3.086780461782948404, 0.2999999999999994893, -3.049615641284945333 ) ) ;
#1237 =( GEOMETRIC_REPRESENTATION_CONTEXT ( 3 ) GLOBAL_UNCERTAINTY_ASSIGNED_CONTEXT ( ( #247 ) ) GLOBAL_UNIT_ASSIGNED_CONTEXT ( ( #2097, #3968, #2719 ) ) REPRESENTATION_CONTEXT ( 'NONE', 'WORKASPACE' ) );
#1238 = ORIENTED_EDGE ( 'NONE', *, *, #2736, .F. ) ;
#1239 = ORIENTED_EDGE ( 'NONE', *, *, #2238, .F. ) ;
#1240 = CARTESIAN_POINT ( 'NONE',  ( 2.531370849898477715, 1.500000000000000000, 3.499999999999999556 ) ) ;
#1241 = CARTESIAN_POINT ( 'NONE',  ( 2.686773543670430531, 1.520071940625131512, -2.649608303892879491 ) ) ;
#1242 = CIRCLE ( 'NONE', #903, 0.2000000000000000944 ) ;
#1243 = ORIENTED_EDGE ( 'NONE', *, *, #1018, .T. ) ;
#1244 = EDGE_CURVE ( 'NONE', #3630, #3105, #3279, .T. ) ;
#1245 = CARTESIAN_POINT ( 'NONE',  ( 2.686780461782948493, 0.5000000000000098810, 3.049615641284945777 ) ) ;
#1246 = CLOSED_SHELL ( 'NONE', ( #1231, #1806, #1871, #4026 ) ) ;
#1247 = PRODUCT_DEFINITION ( 'UNKNOWN', '', #2735, #3989 ) ;
#1248 = EDGE_CURVE ( 'NONE', #1502, #1306, #1367, .T. ) ;
#1249 = CARTESIAN_POINT ( 'NONE',  ( 1.599999999999998757, 2.858571428571428097, 3.349999999999999645 ) ) ;
#1250 = EDGE_LOOP ( 'NONE', ( #3386, #1402, #2821, #4024 ) ) ;
#1251 = CARTESIAN_POINT ( 'NONE',  ( 3.086780461782949292, 1.250000000000001554, 3.049615641284944001 ) ) ;
#1252 = DIRECTION ( 'NONE',  ( 1.000000000000000000, 0.0000000000000000000, 0.0000000000000000000 ) ) ;
#1253 = EDGE_LOOP ( 'NONE', ( #2740, #1998, #1035, #2144 ) ) ;
#1254 = DIRECTION ( 'NONE',  ( 0.7071067811865477948, 0.0000000000000000000, -0.7071067811865473507 ) ) ;
#1255 = ORIENTED_EDGE ( 'NONE', *, *, #2265, .T. ) ;
#1256 = CARTESIAN_POINT ( 'NONE',  ( 2.678738258325130239, 1.574680337432693644, -2.641086031556939773 ) ) ;
#1257 = ADVANCED_FACE ( 'NONE', ( #353 ), #408, .F. ) ;
#1258 = DIRECTION ( 'NONE',  ( -0.0000000000000000000, 1.000000000000000000, -0.0000000000000000000 ) ) ;
#1259 = FACE_OUTER_BOUND ( 'NONE', #753, .T. ) ;
#1260 = DIRECTION ( 'NONE',  ( -1.000000000000000000, -0.0000000000000000000, -0.0000000000000000000 ) ) ;
#1261 = LINE ( 'NONE', #501, #2018 ) ;
#1263 = FACE_OUTER_BOUND ( 'NONE', #3397, .T. ) ;
#1262 = DIRECTION ( 'NONE',  ( 0.0000000000000000000, 0.0000000000000000000, -1.000000000000000000 ) ) ;
#1264 = CARTESIAN_POINT ( 'NONE',  ( 3.086780461782949736, 1.374999999999991784, 3.049615641284938672 ) ) ;
#1265 = CARTESIAN_POINT ( 'NONE',  ( 2.666911566883273021, 1.616750839697350894, -2.628542570936829303 ) ) ;
#1266 = DIRECTION ( 'NONE',  ( 0.0000000000000000000, 0.0000000000000000000, 1.000000000000000000 ) ) ;
#1267 = FACE_OUTER_BOUND ( 'NONE', #2694, .T. ) ;
#1268 = FACE_OUTER_BOUND ( 'NONE', #3602, .T. ) ;
#1269 = EDGE_CURVE ( 'NONE', #1999, #1940, #3092, .T. ) ;
#1270 = DIRECTION ( 'NONE',  ( 0.7071067811865442421, 0.0000000000000000000, -0.7071067811865509034 ) ) ;
#1271 = PLANE ( 'NONE',  #1923 ) ;
#1272 = LINE ( 'NONE', #2976, #453 ) ;
#1273 =( GEOMETRIC_REPRESENTATION_CONTEXT ( 3 ) GLOBAL_UNCERTAINTY_ASSIGNED_CONTEXT ( ( #427 ) ) GLOBAL_UNIT_ASSIGNED_CONTEXT ( ( #2088, #186, #2049 ) ) REPRESENTATION_CONTEXT ( 'NONE', 'WORKASPACE' ) );
#1274 = CARTESIAN_POINT ( 'NONE',  ( -1.650000000000001021, 0.1999999999999996503, 1.979230769230769571 ) ) ;
#1275 = EDGE_CURVE ( 'NONE', #854, #1137, #923, .T. ) ;
#1276 = MECHANICAL_DESIGN_GEOMETRIC_PRESENTATION_REPRESENTATION (  '', ( #1056 ), #31 ) ;
#1277 = LINE ( 'NONE', #3835, #3709 ) ;
#1278 = CARTESIAN_POINT ( 'NONE',  ( -1.458571428571429740, 2.858571428571428097, 3.349999999999999645 ) ) ;
#1279 = CARTESIAN_POINT ( 'NONE',  ( 2.278166533154487805, 1.579989408371525350, 3.040479656375956630 ) ) ;
#1280 = CARTESIAN_POINT ( 'NONE',  ( 2.286780461782947693, 0.2999999999999994893, -2.649615641284945422 ) ) ;
#1281 = CARTESIAN_POINT ( 'NONE',  ( 2.287653563029761639, 1.489596013950696296, -2.650541657758822556 ) ) ;
#1282 = LINE ( 'NONE', #3962, #2765 ) ;
#1283 = ORIENTED_EDGE ( 'NONE', *, *, #343, .T. ) ;
#1285 = FACE_OUTER_BOUND ( 'NONE', #3734, .T. ) ;
#1284 = DIRECTION ( 'NONE',  ( -1.000000000000000000, 0.0000000000000000000, -9.018912902434378532E-17 ) ) ;
#1286 = ORIENTED_EDGE ( 'NONE', *, *, #3519, .F. ) ;
#1287 = CARTESIAN_POINT ( 'NONE',  ( 1.650000000000001688, 1.500000000000000000, -3.499999999999999556 ) ) ;
#1288 = ORIENTED_EDGE ( 'NONE', *, *, #1606, .F. ) ;
#1289 = ORIENTED_EDGE ( 'NONE', *, *, #780, .F. ) ;
#1290 = CARTESIAN_POINT ( 'NONE',  ( 2.286780461782949025, 1.400000000000002798, 2.649615641284943646 ) ) ;
#1291 = CARTESIAN_POINT ( 'NONE',  ( -3.158571428571427475, 1.500000000000000000, -3.350000000000000089 ) ) ;
#1292 = ORIENTED_EDGE ( 'NONE', *, *, #1149, .T. ) ;
#1293 = CARTESIAN_POINT ( 'NONE',  ( 2.299908598267229820, 1.464016303301723054, -2.663539422404591850 ) ) ;
#1294 = CARTESIAN_POINT ( 'NONE',  ( -3.158571428571427475, 1.500000000000000000, 3.500000000000000000 ) ) ;
#1295 =( GEOMETRIC_REPRESENTATION_CONTEXT ( 3 ) GLOBAL_UNCERTAINTY_ASSIGNED_CONTEXT ( ( #3203 ) ) GLOBAL_UNIT_ASSIGNED_CONTEXT ( ( #2271, #951, #1604 ) ) REPRESENTATION_CONTEXT ( 'NONE', 'WORKASPACE' ) );
#1296 = CARTESIAN_POINT ( 'NONE',  ( 2.424729135959711623, 2.024971021881532884, 2.771682416926926518 ) ) ;
#1297 = VECTOR ( 'NONE', #2939, 1000.000000000000000 ) ;
#1298 = EDGE_CURVE ( 'NONE', #387, #844, #2468, .T. ) ;
#1299 = ORIENTED_EDGE ( 'NONE', *, *, #3136, .T. ) ;
#1300 = ORIENTED_EDGE ( 'NONE', *, *, #1458, .T. ) ;
#1301 = ORIENTED_EDGE ( 'NONE', *, *, #3017, .T. ) ;
#1302 = CARTESIAN_POINT ( 'NONE',  ( -3.017142857142856016, 2.717142857142856194, 3.349999999999999645 ) ) ;
#1303 = DIRECTION ( 'NONE',  ( 0.0000000000000000000, 0.0000000000000000000, -1.000000000000000000 ) ) ;
#1304 = EDGE_LOOP ( 'NONE', ( #3540, #2573, #939, #2580 ) ) ;
#1305 = EDGE_LOOP ( 'NONE', ( #1789, #2291, #1436, #525 ) ) ;
#1306 = VERTEX_POINT ( 'NONE', #466 ) ;
#1307 = DIRECTION ( 'NONE',  ( 0.0000000000000000000, -1.000000000000000000, 0.0000000000000000000 ) ) ;
#1308 = CARTESIAN_POINT ( 'NONE',  ( 2.314543189791042010, 1.459530310180406243, 2.679060958869285969 ) ) ;
#1309 = LINE ( 'NONE', #897, #2552 ) ;
#1310 = CARTESIAN_POINT ( 'NONE',  ( 2.686780461782970697, 0.9999999999999933387, -3.049615641284944889 ) ) ;
#1311 = CARTESIAN_POINT ( 'NONE',  ( 1.599999999999998757, 0.1499999999999999944, -2.000000000000000000 ) ) ;
#1312 = VECTOR ( 'NONE', #3711, 1000.000000000000000 ) ;
#1313 = CARTESIAN_POINT ( 'NONE',  ( 1.599999999999999423, 1.500000000000000000, -3.349999999999999645 ) ) ;
#1314 = FACE_OUTER_BOUND ( 'NONE', #1897, .T. ) ;
#1315 = CARTESIAN_POINT ( 'NONE',  ( 2.686780461782949381, 1.500000000000000000, 2.708194285047634597 ) ) ;
#1316 = CARTESIAN_POINT ( 'NONE',  ( 2.286780461782949025, 1.250000000000001554, 2.649615641284944090 ) ) ;
#1317 = FACE_OUTER_BOUND ( 'NONE', #2907, .T. ) ;
#1318 = DIRECTION ( 'NONE',  ( 0.0000000000000000000, -1.000000000000000000, 0.0000000000000000000 ) ) ;
#1319 = CARTESIAN_POINT ( 'NONE',  ( 2.424729135959711623, 2.024971021881532884, -2.771682416926926518 ) ) ;
#1320 = CARTESIAN_POINT ( 'NONE',  ( 2.828201818020259051, 1.500000000000000000, -2.849615641284944267 ) ) ;
#1321 =( NAMED_UNIT ( * ) SI_UNIT ( $, .STERADIAN. ) SOLID_ANGLE_UNIT ( ) );
#1322 = CARTESIAN_POINT ( 'NONE',  ( 3.004978513316896027, 1.500000000000000000, 3.026392336581581244 ) ) ;
#1323 = EDGE_CURVE ( 'NONE', #1498, #3873, #543, .T. ) ;
#1324 = AXIS2_PLACEMENT_3D ( 'NONE', #3652, #204, #520 ) ;
#1325 = CARTESIAN_POINT ( 'NONE',  ( 2.526297727388277625, 1.733935457656007095, 2.479406680563321697 ) ) ;
#1326 = VECTOR ( 'NONE', #2880, 1000.000000000000000 ) ;
#1327 = DIRECTION ( 'NONE',  ( 0.0000000000000000000, -0.0000000000000000000, 1.000000000000000000 ) ) ;
#1328 = DIRECTION ( 'NONE',  ( -1.000000000000000000, -0.0000000000000000000, -0.0000000000000000000 ) ) ;
#1329 = CARTESIAN_POINT ( 'NONE',  ( -2.300000000000000711, 3.000000000000000000, 2.349999999999999645 ) ) ;
#1330 = CARTESIAN_POINT ( 'NONE',  ( 2.898912496138913664, 0.3000000000000004885, 2.778904963166289210 ) ) ;
#1331 = FACE_OUTER_BOUND ( 'NONE', #708, .T. ) ;
#1332 = LINE ( 'NONE', #3712, #3757 ) ;
#1333 = DIRECTION ( 'NONE',  ( -0.0000000000000000000, -1.000000000000000000, -0.0000000000000000000 ) ) ;
#1334 = DIRECTION ( 'NONE',  ( -0.0000000000000000000, -1.000000000000000000, -0.0000000000000000000 ) ) ;
#1335 = VERTEX_POINT ( 'NONE', #3864 ) ;
#1336 = EDGE_LOOP ( 'NONE', ( #2249, #1105, #1039, #167 ) ) ;
#1337 = VERTEX_POINT ( 'NONE', #773 ) ;
#1338 = CARTESIAN_POINT ( 'NONE',  ( 1.826776695296637776, 0.3000000000000004885, -3.426776695296636532 ) ) ;
#1339 = ORIENTED_EDGE ( 'NONE', *, *, #2783, .F. ) ;
#1340 = CARTESIAN_POINT ( 'NONE',  ( 3.086780461782949736, 1.449999999999994404, 3.049615641284944001 ) ) ;
#1341 = DIRECTION ( 'NONE',  ( 1.000000000000000000, 0.0000000000000000000, 0.0000000000000000000 ) ) ;
#1342 = ORIENTED_EDGE ( 'NONE', *, *, #2396, .T. ) ;
#1343 = DIRECTION ( 'NONE',  ( -0.7071067811865431318, 0.0000000000000000000, 0.7071067811865517916 ) ) ;
#1344 = PLANE ( 'NONE',  #1528 ) ;
#1345 = CARTESIAN_POINT ( 'NONE',  ( 2.686780461782905416, 0.7000000000000099476, -2.649615641284944534 ) ) ;
#1346 = ORIENTED_EDGE ( 'NONE', *, *, #2554, .F. ) ;
#1347 = CARTESIAN_POINT ( 'NONE',  ( -3.300000000000000711, 0.05000000000000000278, -2.349999999999999201 ) ) ;
#1348 = ORIENTED_EDGE ( 'NONE', *, *, #1832, .T. ) ;
#1349 = AXIS2_PLACEMENT_3D ( 'NONE', #1933, #2854, #2257 ) ;
#1350 = EDGE_CURVE ( 'NONE', #569, #1750, #103, .T. ) ;
#1351 = CARTESIAN_POINT ( 'NONE',  ( 1.650000000000001465, 0.1999999999999996503, -1.979230769230769571 ) ) ;
#1352 = CARTESIAN_POINT ( 'NONE',  ( 3.086780461782949736, 1.449999999999994404, 2.649615641284943646 ) ) ;
#1354 = FACE_OUTER_BOUND ( 'NONE', #3528, .T. ) ;
#1353 = DIRECTION ( 'NONE',  ( 0.7071067811865507924, 0.0000000000000000000, -0.7071067811865441310 ) ) ;
#1355 = DIRECTION ( 'NONE',  ( 0.0000000000000000000, 1.000000000000000000, 0.0000000000000000000 ) ) ;
#1356 = PLANE ( 'NONE',  #196 ) ;
#1357 = LINE ( 'NONE', #425, #58 ) ;
#1358 = ORIENTED_EDGE ( 'NONE', *, *, #2002, .F. ) ;
#1359 = DIRECTION ( 'NONE',  ( 1.000000000000000000, 0.0000000000000000000, 0.0000000000000000000 ) ) ;
#1360 = EDGE_CURVE ( 'NONE', #3777, #863, #1929, .T. ) ;
#1361 = CARTESIAN_POINT ( 'NONE',  ( -3.300000000000000711, 3.000000000000000000, -3.349999999999999201 ) ) ;
#1362 = DIRECTION ( 'NONE',  ( 0.0000000000000000000, 0.0000000000000000000, -1.000000000000000000 ) ) ;
#1363 = CIRCLE ( 'NONE', #1973, 0.2499999999999993616 ) ;
#1364 = DIRECTION ( 'NONE',  ( 0.0000000000000000000, 0.0000000000000000000, -1.000000000000000000 ) ) ;
#1365 = CARTESIAN_POINT ( 'NONE',  ( 1.599999999999998979, 0.1499999999999995226, -3.299999999999999378 ) ) ;
#1366 = CARTESIAN_POINT ( 'NONE',  ( 3.086765428758293517, 1.529050466461958413, 2.649599697167883683 ) ) ;
#1367 = CIRCLE ( 'NONE', #2759, 0.2499999999999993616 ) ;
#1368 = AXIS2_PLACEMENT_3D ( 'NONE', #2716, #3045, #202 ) ;
#1369 = CARTESIAN_POINT ( 'NONE',  ( 2.510003766486312404, 1.500000000000000000, -2.531417589750997621 ) ) ;
#1370 = DIRECTION ( 'NONE',  ( 0.7071067811865477948, 0.0000000000000000000, 0.7071067811865473507 ) ) ;
#1371 = DIRECTION ( 'NONE',  ( -0.7071067811865474617, -0.0000000000000000000, 0.7071067811865474617 ) ) ;
#1372 = FACE_OUTER_BOUND ( 'NONE', #2546, .T. ) ;
#1373 = DIRECTION ( 'NONE',  ( -1.000000000000000000, -1.533215193413839913E-15, 0.0000000000000000000 ) ) ;
#1374 = EDGE_CURVE ( 'NONE', #2587, #1600, #1570, .T. ) ;
#1375 = DIRECTION ( 'NONE',  ( 0.0000000000000000000, 0.0000000000000000000, -1.000000000000000000 ) ) ;
#1376 = CARTESIAN_POINT ( 'NONE',  ( 1.650000000000001688, 1.500000000000000000, -3.499999999999999556 ) ) ;
#1377 = VECTOR ( 'NONE', #3302, 1000.000000000000000 ) ;
#1378 = CARTESIAN_POINT ( 'NONE',  ( -2.300000000000000711, 3.000000000000000000, 3.349999999999999645 ) ) ;
#1379 = CARTESIAN_POINT ( 'NONE',  ( 1.650000000000001688, 1.500000000000000000, 3.499999999999999556 ) ) ;
#1380 = FACE_OUTER_BOUND ( 'NONE', #898, .T. ) ;
#1381 = EDGE_CURVE ( 'NONE', #39, #1993, #1063, .T. ) ;
#1382 = ADVANCED_FACE ( 'NONE', ( #2512 ), #3216, .F. ) ;
#1383 = CARTESIAN_POINT ( 'NONE',  ( 2.426470588235295711, 1.879453338893068315, -2.573529411764704733 ) ) ;
#1384 = CARTESIAN_POINT ( 'NONE',  ( 3.069304793009585364, 1.662280007923349512, 2.631080841070749798 ) ) ;
#1385 = VERTEX_POINT ( 'NONE', #454 ) ;
#1386 = PRESENTATION_STYLE_ASSIGNMENT (( #235 ) ) ;
#1387 = ORIENTED_EDGE ( 'NONE', *, *, #3950, .T. ) ;
#1388 = CARTESIAN_POINT ( 'NONE',  ( 1.650000000000001688, 1.500000000000000000, 3.499999999999999556 ) ) ;
#1389 = CARTESIAN_POINT ( 'NONE',  ( -1.600000000000001199, 0.1499999999999999944, 2.000000000000000444 ) ) ;
#1390 = LINE ( 'NONE', #3100, #2820 ) ;
#1391 = ORIENTED_EDGE ( 'NONE', *, *, #687, .F. ) ;
#1392 = ORIENTED_EDGE ( 'NONE', *, *, #3170, .F. ) ;
#1393 = CARTESIAN_POINT ( 'NONE',  ( 2.686780461782949381, 1.250000000000001332, 2.649615641284944090 ) ) ;
#1394 = EDGE_LOOP ( 'NONE', ( #2206, #369, #1483, #1204 ) ) ;
#1395 = CARTESIAN_POINT ( 'NONE',  ( -3.158571428571427475, 0.3000000000000004885, 3.350000000000000089 ) ) ;
#1396 = DIRECTION ( 'NONE',  ( -0.7071067811865474617, 0.0000000000000000000, 0.7071067811865474617 ) ) ;
#1397 = ORIENTED_EDGE ( 'NONE', *, *, #3820, .T. ) ;
#1398 = CARTESIAN_POINT ( 'NONE',  ( -1.600000000000001199, 0.3000000000000004885, 3.499999999999999556 ) ) ;
#1399 =( BOUNDED_SURFACE ( )  B_SPLINE_SURFACE ( 3, 3, ( 
 ( #1325, #421, #1721, #110, #2321, #3552, #733, #3253, #102, #3521, #3850, #3562, #2306, #3577, #1041, #2613, #721, #128, #2670, #154 ),
 ( #2919, #452, #1059, #3224, #2020, #1384, #1027, #477, #1366, #2965, #1352, #3879, #3534, #2657, #3834, #436, #2331, #2644, #2938, #1074 ),
 ( #783, #3236, #1014, #755, #2947, #2004, #771, #1709, #3213, #3861, #1340, #2033, #141, #3271, #2346, #3595, #1865, #2182, #295, #670 ),
 ( #3179, #1296, #3317, #3582, #2439, #293, #3383, #1801, #1819, #3071, #1499, #3952, #873, #2493, #1847, #1477, #2469, #2125, #238, #860 ),
 ( #3101, #2455, #549, #3398, #3971, #839, #3041, #4013, #3359, #2738, #1158, #1521, #2752, #592, #3656, #3053, #3087, #2776, #249, #1175 ),
 ( #2478, #1862, #3683, #1184, #2152, #3344, #895, #2139, #3667, #563, #2792, #1531, #1831, #3984, #3694, #3374, #2763, #276, #1508, #3994 ),
 ( #261, #577, #883, #1201, #2166, #1211, #3706, #2177, #1918, #638, #3138, #3162, #2250, #456, #1393, #2354, #1729, #853, #1971, #3208 ) ),
 .UNSPECIFIED., .T., .F., .T. ) 
 B_SPLINE_SURFACE_WITH_KNOTS ( ( 4, 3, 4 ),
 ( 4, 2, 2, 2, 2, 2, 2, 2, 2, 4 ),
 ( 0.0000000000000000000, 0.5000000000000000000, 1.000000000000000000 ),
 ( 0.0000000000000000000, 0.1659324438835359516, 0.2488986658253039275, 0.2903817767961879293, 0.3318648877670719033, 0.3736233322816299163, 0.4153817767961879293, 0.4988986658253038997, 0.6659324438835358961, 1.000000000000000000 ),
 .UNSPECIFIED. ) 
 GEOMETRIC_REPRESENTATION_ITEM ( )  RATIONAL_B_SPLINE_SURFACE ( (
 ( 1.000000000000000000, 1.000000000000000000, 1.000000000000000000, 1.000000000000000000, 1.000000000000000000, 1.000000000000000000, 1.000000000000000000, 1.000000000000000000, 1.000000000000000000, 1.000000000000000000, 1.000000000000000000, 1.000000000000000000, 1.000000000000000000, 1.000000000000000000, 1.000000000000000000, 1.000000000000000000, 1.000000000000000000, 1.000000000000000000, 1.000000000000000000, 1.000000000000000000),
 ( 0.3333333333333333703, 0.3333333333333333703, 0.3333333333333333703, 0.3333333333333333703, 0.3333333333333333703, 0.3333333333333333703, 0.3333333333333333703, 0.3333333333333333703, 0.3333333333333333703, 0.3333333333333333703, 0.3333333333333333703, 0.3333333333333333703, 0.3333333333333333703, 0.3333333333333333703, 0.3333333333333333703, 0.3333333333333333703, 0.3333333333333333703, 0.3333333333333333703, 0.3333333333333333703, 0.3333333333333333703),
 ( 0.3333333333333333703, 0.3333333333333333703, 0.3333333333333333703, 0.3333333333333333703, 0.3333333333333333703, 0.3333333333333333703, 0.3333333333333333703, 0.3333333333333333703, 0.3333333333333333703, 0.3333333333333333703, 0.3333333333333333703, 0.3333333333333333703, 0.3333333333333333703, 0.3333333333333333703, 0.3333333333333333703, 0.3333333333333333703, 0.3333333333333333703, 0.3333333333333333703, 0.3333333333333333703, 0.3333333333333333703),
 ( 1.000000000000000000, 1.000000000000000000, 1.000000000000000000, 1.000000000000000000, 1.000000000000000000, 1.000000000000000000, 1.000000000000000000, 1.000000000000000000, 1.000000000000000000, 1.000000000000000000, 1.000000000000000000, 1.000000000000000000, 1.000000000000000000, 1.000000000000000000, 1.000000000000000000, 1.000000000000000000, 1.000000000000000000, 1.000000000000000000, 1.000000000000000000, 1.000000000000000000),
 ( 0.3333333333333333703, 0.3333333333333333703, 0.3333333333333333703, 0.3333333333333333703, 0.3333333333333333703, 0.3333333333333333703, 0.3333333333333333703, 0.3333333333333333703, 0.3333333333333333703, 0.3333333333333333703, 0.3333333333333333703, 0.3333333333333333703, 0.3333333333333333703, 0.3333333333333333703, 0.3333333333333333703, 0.3333333333333333703, 0.3333333333333333703, 0.3333333333333333703, 0.3333333333333333703, 0.3333333333333333703),
 ( 0.3333333333333333703, 0.3333333333333333703, 0.3333333333333333703, 0.3333333333333333703, 0.3333333333333333703, 0.3333333333333333703, 0.3333333333333333703, 0.3333333333333333703, 0.3333333333333333703, 0.3333333333333333703, 0.3333333333333333703, 0.3333333333333333703, 0.3333333333333333703, 0.3333333333333333703, 0.3333333333333333703, 0.3333333333333333703, 0.3333333333333333703, 0.3333333333333333703, 0.3333333333333333703, 0.3333333333333333703),
 ( 1.000000000000000000, 1.000000000000000000, 1.000000000000000000, 1.000000000000000000, 1.000000000000000000, 1.000000000000000000, 1.000000000000000000, 1.000000000000000000, 1.000000000000000000, 1.000000000000000000, 1.000000000000000000, 1.000000000000000000, 1.000000000000000000, 1.000000000000000000, 1.000000000000000000, 1.000000000000000000, 1.000000000000000000, 1.000000000000000000, 1.000000000000000000, 1.000000000000000000) ) ) 
 REPRESENTATION_ITEM ( '' )  SURFACE ( )  );
#1400 = CARTESIAN_POINT ( 'NONE',  ( 1.720710678118655634, 1.500000000000000000, 3.320710678118654169 ) ) ;
#1401 = ORIENTED_EDGE ( 'NONE', *, *, #2292, .T. ) ;
#1402 = ORIENTED_EDGE ( 'NONE', *, *, #1593, .F. ) ;
#1403 = EDGE_LOOP ( 'NONE', ( #3764, #570, #3871, #752, #2353, #166 ) ) ;
#1404 = CARTESIAN_POINT ( 'NONE',  ( 1.599999999999998979, 0.1499999999999995226, -3.299999999999999378 ) ) ;
#1405 = DIRECTION ( 'NONE',  ( -1.000000000000000000, -0.0000000000000000000, 0.0000000000000000000 ) ) ;
#1406 = ORIENTED_EDGE ( 'NONE', *, *, #672, .F. ) ;
#1407 = ORIENTED_EDGE ( 'NONE', *, *, #3922, .T. ) ;
#1408 = ORIENTED_EDGE ( 'NONE', *, *, #3136, .F. ) ;
#1409 = ADVANCED_FACE ( 'NONE', ( #3560 ), #1663, .T. ) ;
#1410 = DIRECTION ( 'NONE',  ( -0.0000000000000000000, 1.000000000000000000, -0.0000000000000000000 ) ) ;
#1411 = CARTESIAN_POINT ( 'NONE',  ( 2.686780461782949825, 1.449999999999993960, -3.049615641284944001 ) ) ;
#1412 = AXIS2_PLACEMENT_3D ( 'NONE', #1621, #722, #2615 ) ;
#1413 = COLOUR_RGB ( '',0.5372549019607842924, 0.3490196078431372362, 0.3372549019607843368 ) ;
#1414 = EDGE_CURVE ( 'NONE', #705, #3823, #3914, .T. ) ;
#1415 = AXIS2_PLACEMENT_3D ( 'NONE', #2465, #574, #234 ) ;
#1416 = LINE ( 'NONE', #1883, #2713 ) ;
#1417 = CARTESIAN_POINT ( 'NONE',  ( 1.599999999999998757, 0.0000000000000000000, 2.000000000000000000 ) ) ;
#1418 = LINE ( 'NONE', #865, #1715 ) ;
#1419 = SURFACE_SIDE_STYLE ('',( #724 ) ) ;
#1420 = CARTESIAN_POINT ( 'NONE',  ( 2.686780461779042728, 0.2999999999999992673, -2.649615641284945422 ) ) ;
#1421 = LINE ( 'NONE', #738, #2563 ) ;
#1422 = DIRECTION ( 'NONE',  ( 0.0000000000000000000, 0.0000000000000000000, -1.000000000000000000 ) ) ;
#1423 = DIRECTION ( 'NONE',  ( 0.0000000000000000000, -1.000000000000000000, 0.0000000000000000000 ) ) ;
#1424 = CARTESIAN_POINT ( 'NONE',  ( 2.616069783664294768, 1.500000000000000000, -2.637483606928979984 ) ) ;
#1425 =( NAMED_UNIT ( * ) PLANE_ANGLE_UNIT ( ) SI_UNIT ( $, .RADIAN. ) );
#1426 = ADVANCED_FACE ( 'NONE', ( #11 ), #528, .T. ) ;
#1427 = CARTESIAN_POINT ( 'NONE',  ( 2.686780461782905416, 0.7000000000000099476, -2.649615641284944534 ) ) ;
#1428 = DIRECTION ( 'NONE',  ( -0.0000000000000000000, -1.000000000000000000, -0.0000000000000000000 ) ) ;
#1429 = DIRECTION ( 'NONE',  ( -0.0000000000000000000, -1.000000000000000000, -0.0000000000000000000 ) ) ;
#1430 = VECTOR ( 'NONE', #707, 1000.000000000000000 ) ;
#1431 = AXIS2_PLACEMENT_3D ( 'NONE', #541, #3661, #515 ) ;
#1432 = EDGE_CURVE ( 'NONE', #1644, #710, #3319, .T. ) ;
#1433 = CARTESIAN_POINT ( 'NONE',  ( 1.650000000000001465, 0.1999999999999996503, -3.349999999999999645 ) ) ;
#1434 = DIRECTION ( 'NONE',  ( 0.0000000000000000000, 0.0000000000000000000, 1.000000000000000000 ) ) ;
#1435 = CIRCLE ( 'NONE', #66, 0.1000000000000002554 ) ;
#1436 = ORIENTED_EDGE ( 'NONE', *, *, #3189, .T. ) ;
#1437 = ORIENTED_EDGE ( 'NONE', *, *, #3085, .T. ) ;
#1438 = ORIENTED_EDGE ( 'NONE', *, *, #1947, .T. ) ;
#1439 = AXIS2_PLACEMENT_3D ( 'NONE', #198, #2946, #3561 ) ;
#1440 = ORIENTED_EDGE ( 'NONE', *, *, #325, .T. ) ;
#1441 = ORIENTED_EDGE ( 'NONE', *, *, #2133, .F. ) ;
#1442 = CARTESIAN_POINT ( 'NONE',  ( 2.686787425812671160, 1.479794837000475871, -2.649623027377072670 ) ) ;
#1443 = DIRECTION ( 'NONE',  ( 0.7071067811865475727, 0.0000000000000000000, -0.7071067811865475727 ) ) ;
#1444 = DIRECTION ( 'NONE',  ( -0.0000000000000000000, -1.000000000000000000, 0.0000000000000000000 ) ) ;
#1445 = ADVANCED_FACE ( 'NONE', ( #2891 ), #817, .T. ) ;
#1446 = EDGE_LOOP ( 'NONE', ( #1893, #2193, #1648, #2629 ) ) ;
#1447 = DIRECTION ( 'NONE',  ( -0.0000000000000000000, -1.000000000000000000, -0.0000000000000000000 ) ) ;
#1448 = CARTESIAN_POINT ( 'NONE',  ( 2.686780461782948493, 0.5000000000000098810, -2.649615641284945422 ) ) ;
#1449 = UNCERTAINTY_MEASURE_WITH_UNIT (LENGTH_MEASURE( 1.000000000000000082E-05 ), #1802, 'distance_accuracy_value', 'NONE');
#1450 = ORIENTED_EDGE ( 'NONE', *, *, #696, .T. ) ;
#1451 = DIRECTION ( 'NONE',  ( -0.7071067811865474617, 0.0000000000000000000, 0.7071067811865474617 ) ) ;
#1452 = VERTEX_POINT ( 'NONE', #3021 ) ;
#1453 = AXIS2_PLACEMENT_3D ( 'NONE', #1571, #1034, #2913 ) ;
#1454 = ORIENTED_EDGE ( 'NONE', *, *, #3285, .T. ) ;
#1455 = LINE ( 'NONE', #244, #2594 ) ;
#1456 = CARTESIAN_POINT ( 'NONE',  ( 2.686780461782949381, 1.099999999999994760, -2.649615641284944090 ) ) ;
#1457 = DIRECTION ( 'NONE',  ( -0.0000000000000000000, -1.000000000000000000, -0.0000000000000000000 ) ) ;
#1458 = EDGE_CURVE ( 'NONE', #2044, #3353, #1220, .T. ) ;
#1459 = CARTESIAN_POINT ( 'NONE',  ( 1.599999999999998757, 0.0000000000000000000, -2.000000000000000000 ) ) ;
#1460 = DIRECTION ( 'NONE',  ( 0.0000000000000000000, 1.000000000000000000, 0.0000000000000000000 ) ) ;
#1461 = PRODUCT_RELATED_PRODUCT_CATEGORY ( 'part', '', ( #3645 ) ) ;
#1462 = DIRECTION ( 'NONE',  ( 0.0000000000000000000, 0.0000000000000000000, -1.000000000000000000 ) ) ;
#1463 = EDGE_CURVE ( 'NONE', #2447, #3630, #962, .T. ) ;
#1464 = VECTOR ( 'NONE', #1085, 1000.000000000000000 ) ;
#1465 = CIRCLE ( 'NONE', #3088, 0.2000000000000000944 ) ;
#1466 = CARTESIAN_POINT ( 'NONE',  ( 2.686780461779042728, 0.2999999999999992673, -2.649615641284945422 ) ) ;
#1467 =( LENGTH_UNIT ( ) NAMED_UNIT ( * ) SI_UNIT ( .MILLI., .METRE. ) );
#1468 = ADVANCED_FACE ( 'NONE', ( #2172 ), #157, .T. ) ;
#1469 = FACE_OUTER_BOUND ( 'NONE', #2814, .T. ) ;
#1470 = FACE_OUTER_BOUND ( 'NONE', #317, .T. ) ;
#1471 = CARTESIAN_POINT ( 'NONE',  ( 2.686780461782949381, 1.500000000000000000, -2.708194285047634597 ) ) ;
#1472 = DIRECTION ( 'NONE',  ( 0.7071067811865507924, 0.0000000000000000000, -0.7071067811865441310 ) ) ;
#1473 = DIRECTION ( 'NONE',  ( -1.000000000000000000, 0.0000000000000000000, -0.0000000000000000000 ) ) ;
#1474 = DIRECTION ( 'NONE',  ( 0.0000000000000000000, 1.000000000000000000, 0.0000000000000000000 ) ) ;
#1475 = CARTESIAN_POINT ( 'NONE',  ( 2.686773543670430531, 1.520071940625131512, -2.649608303892879491 ) ) ;
#1476 = EDGE_CURVE ( 'NONE', #3123, #3958, #2604, .T. ) ;
#1477 = CARTESIAN_POINT ( 'NONE',  ( 2.686780461782949381, 1.099999999999994760, 3.049615641284944445 ) ) ;
#1478 = DIRECTION ( 'NONE',  ( 0.0000000000000000000, 0.0000000000000000000, -1.000000000000000000 ) ) ;
#1480 = LINE ( 'NONE', #1361, #3230 ) ;
#1479 = DIRECTION ( 'NONE',  ( 0.0000000000000000000, 0.0000000000000000000, 1.000000000000000000 ) ) ;
#1481 = B_SPLINE_CURVE_WITH_KNOTS ( 'NONE', 3,
 ( #34, #345, #3106, #3408, #1542, #3728, #677, #68, #712, #104, #1968, #3192, #397, #1608, #3214, #388, #1953, #3184, #2908, #3825 ),
 .UNSPECIFIED., .F., .F.,
 ( 4, 2, 2, 2, 2, 2, 2, 2, 2, 4 ),
 ( 0.0000000000000000000, 0.1659324438835359516, 0.2488986658253039275, 0.2903817767961879293, 0.3318648877670719033, 0.3736233322816299163, 0.4153817767961879293, 0.4988986658253038997, 0.6659324438835358961, 1.000000000000000000 ),
 .UNSPECIFIED. ) ;
#1482 = VECTOR ( 'NONE', #1444, 1000.000000000000000 ) ;
#1483 = ORIENTED_EDGE ( 'NONE', *, *, #3117, .T. ) ;
#1484 = CARTESIAN_POINT ( 'NONE',  ( 1.599999999999998979, 0.0000000000000000000, -3.499999999999999556 ) ) ;
#1485 = PLANE ( 'NONE',  #2026 ) ;
#1486 = DIRECTION ( 'NONE',  ( 0.7071067811865477948, 0.0000000000000000000, -0.7071067811865473507 ) ) ;
#1487 = ADVANCED_FACE ( 'NONE', ( #1470 ), #3222, .F. ) ;
#1488 = EDGE_LOOP ( 'NONE', ( #2721, #618, #1647, #1440 ) ) ;
#1489 = LINE ( 'NONE', #3781, #2142 ) ;
#1490 = EDGE_CURVE ( 'NONE', #2921, #892, #2412, .T. ) ;
#1491 = AXIS2_PLACEMENT_3D ( 'NONE', #1503, #2403, #866 ) ;
#1492 = EDGE_LOOP ( 'NONE', ( #3357, #2914, #3013, #2865 ) ) ;
#1493 = CARTESIAN_POINT ( 'NONE',  ( 2.686780461782949381, 0.3000000000000004885, 2.708194285047634597 ) ) ;
#1494 = CARTESIAN_POINT ( 'NONE',  ( -1.458571428571429740, 2.858571428571428097, 3.499999999999999556 ) ) ;
#1495 = CARTESIAN_POINT ( 'NONE',  ( 3.069304793009585364, 1.662280007923349512, -2.631080841070749798 ) ) ;
#1496 = ORIENTED_EDGE ( 'NONE', *, *, #2188, .T. ) ;
#1497 = ORIENTED_EDGE ( 'NONE', *, *, #1889, .F. ) ;
#1498 = VERTEX_POINT ( 'NONE', #2742 ) ;
#1499 = CARTESIAN_POINT ( 'NONE',  ( 2.686780461782949825, 1.449999999999993960, 3.049615641284944001 ) ) ;
#1500 = ORIENTED_EDGE ( 'NONE', *, *, #2525, .T. ) ;
#1501 = CARTESIAN_POINT ( 'NONE',  ( -1.600000000000001199, 0.1999999999999996503, 3.349999999999999645 ) ) ;
#1502 = VERTEX_POINT ( 'NONE', #2845 ) ;
#1503 = CARTESIAN_POINT ( 'NONE',  ( 2.828201818020259051, 1.500000000000000000, -2.849615641284944267 ) ) ;
#1504 = PLANE ( 'NONE',  #3776 ) ;
#1505 = CARTESIAN_POINT ( 'NONE',  ( 2.615859994619405882, 1.820269960651880403, -2.974396963990294296 ) ) ;
#1506 = VERTEX_POINT ( 'NONE', #2539 ) ;
#1507 = EDGE_LOOP ( 'NONE', ( #3719, #2905, #474, #2786 ) ) ;
#1508 = CARTESIAN_POINT ( 'NONE',  ( 2.286780461782947693, 0.5000000000000101030, 2.649615641284945422 ) ) ;
#1509 = ADVANCED_FACE ( 'NONE', ( #1567 ), #495, .T. ) ;
#1510 =( GEOMETRIC_REPRESENTATION_CONTEXT ( 3 ) GLOBAL_UNCERTAINTY_ASSIGNED_CONTEXT ( ( #1089 ) ) GLOBAL_UNIT_ASSIGNED_CONTEXT ( ( #22, #921, #1885 ) ) REPRESENTATION_CONTEXT ( 'NONE', 'WORKASPACE' ) );
#1511 = CARTESIAN_POINT ( 'NONE',  ( 3.004978513316896027, 1.500000000000000000, 3.026392336581581244 ) ) ;
#1512 = CIRCLE ( 'NONE', #2572, 0.05000000000000012768 ) ;
#1513 = EDGE_CURVE ( 'NONE', #1903, #3483, #2710, .T. ) ;
#1514 = FACE_OUTER_BOUND ( 'NONE', #1850, .T. ) ;
#1516 = FACE_OUTER_BOUND ( 'NONE', #327, .T. ) ;
#1515 = DIRECTION ( 'NONE',  ( 0.0000000000000000000, 1.000000000000000000, 0.0000000000000000000 ) ) ;
#1517 = CARTESIAN_POINT ( 'NONE',  ( 3.086780461782905771, 0.7000000000000101696, 3.049615641284944889 ) ) ;
#1518 = CARTESIAN_POINT ( 'NONE',  ( 3.086780461782948404, 0.5000000000000101030, -2.649615641284945422 ) ) ;
#1519 = CARTESIAN_POINT ( 'NONE',  ( -1.600000000000001199, 0.1499999999999995226, -3.299999999999999378 ) ) ;
#1520 = FACE_OUTER_BOUND ( 'NONE', #1049, .T. ) ;
#1521 = CARTESIAN_POINT ( 'NONE',  ( 2.286780461782949025, 1.400000000000002798, 3.049615641284944001 ) ) ;
#1522 = CARTESIAN_POINT ( 'NONE',  ( 2.666911566883273021, 1.616750839697350894, -2.628542570936829303 ) ) ;
#1523 = DIRECTION ( 'NONE',  ( 0.0000000000000000000, 1.000000000000000000, 0.0000000000000000000 ) ) ;
#1524 = CARTESIAN_POINT ( 'NONE',  ( 2.686780461782949381, 1.250000000000001332, 3.049615641284944445 ) ) ;
#1525 = ADVANCED_FACE ( 'NONE', ( #1317 ), #2023, .F. ) ;
#1526 = CARTESIAN_POINT ( 'NONE',  ( 3.069304793009585364, 1.662280007923349512, 2.631080841070749798 ) ) ;
#1527 = CARTESIAN_POINT ( 'NONE',  ( 2.686780461782948493, 0.2999999999999992673, -3.049615641284945777 ) ) ;
#1528 = AXIS2_PLACEMENT_3D ( 'NONE', #993, #1373, #2605 ) ;
#1529 = CARTESIAN_POINT ( 'NONE',  ( 2.616069783664294768, 1.500000000000000000, -2.637483606928979984 ) ) ;
#1530 = VECTOR ( 'NONE', #1065, 1000.000000000000000 ) ;
#1531 = CARTESIAN_POINT ( 'NONE',  ( 2.286780461782949025, 1.400000000000002798, 2.649615641284943646 ) ) ;
#1532 = CARTESIAN_POINT ( 'NONE',  ( 3.043605450359735176, 1.753699003545857726, -2.603823962502784806 ) ) ;
#1533 = CIRCLE ( 'NONE', #1181, 0.2000000000000000944 ) ;
#1534 = EDGE_LOOP ( 'NONE', ( #2728, #274, #3292, #693, #1688, #1950, #2239, #3210, #1202, #3491, #1793, #225 ) ) ;
#1535 = ORIENTED_EDGE ( 'NONE', *, *, #99, .T. ) ;
#1537 = ORIENTED_EDGE ( 'NONE', *, *, #2655, .F. ) ;
#1536 = DIRECTION ( 'NONE',  ( -0.7071067811865475727, 0.0000000000000000000, 0.7071067811865475727 ) ) ;
#1538 = ORIENTED_EDGE ( 'NONE', *, *, #2472, .F. ) ;
#1539 = AXIS2_PLACEMENT_3D ( 'NONE', #2658, #2982, #1029 ) ;
#1540 = EDGE_CURVE ( 'NONE', #1955, #2005, #3137, .T. ) ;
#1541 = VERTEX_POINT ( 'NONE', #540 ) ;
#1542 = CARTESIAN_POINT ( 'NONE',  ( 2.666911566883273021, 1.616750839697350894, 2.628542570936829303 ) ) ;
#1543 = CARTESIAN_POINT ( 'NONE',  ( 3.086780461782970608, 0.9999999999999935607, 3.049615641284944889 ) ) ;
#1544 = CARTESIAN_POINT ( 'NONE',  ( 2.286780461782949025, 1.449999999999994404, -3.049615641284944001 ) ) ;
#1545 = FACE_OUTER_BOUND ( 'NONE', #987, .T. ) ;
#1546 = ORIENTED_EDGE ( 'NONE', *, *, #2320, .F. ) ;
#1547 = CARTESIAN_POINT ( 'NONE',  ( 2.978789502933743005, 1.987676710612187758, -2.935079775838832283 ) ) ;
#1548 = ADVANCED_FACE ( 'NONE', ( #632 ), #3974, .T. ) ;
#1549 = ORIENTED_EDGE ( 'NONE', *, *, #1590, .T. ) ;
#1550 = ORIENTED_EDGE ( 'NONE', *, *, #1967, .T. ) ;
#1551 = VERTEX_POINT ( 'NONE', #2457 ) ;
#1552 = CARTESIAN_POINT ( 'NONE',  ( 2.686780461782948493, 0.5000000000000098810, -3.049615641284945777 ) ) ;
#1553 = CARTESIAN_POINT ( 'NONE',  ( 1.650000000000001465, -4.336808689942017736E-16, -3.349999999999999645 ) ) ;
#1554 = VECTOR ( 'NONE', #1855, 1000.000000000000000 ) ;
#1555 = DIRECTION ( 'NONE',  ( -1.000000000000000000, -0.0000000000000000000, -0.0000000000000000000 ) ) ;
#1556 = CARTESIAN_POINT ( 'NONE',  ( 2.685752753388507497, 1.530455622698589702, 2.648525647533271243 ) ) ;
#1557 = CARTESIAN_POINT ( 'NONE',  ( 2.675454626846479389, 1.634960096676457475, -3.037603392109888389 ) ) ;
#1558 = SURFACE_STYLE_USAGE ( .BOTH. , #3743 ) ;
#1559 = CARTESIAN_POINT ( 'NONE',  ( 2.686780461782949381, 1.250000000000001332, -3.049615641284944445 ) ) ;
#1560 = CARTESIAN_POINT ( 'NONE',  ( 2.686780461782948493, 0.5000000000000098810, -2.649615641284945422 ) ) ;
#1561 = FACE_OUTER_BOUND ( 'NONE', #1907, .T. ) ;
#1562 = VECTOR ( 'NONE', #3186, 1000.000000000000000 ) ;
#1563 = AXIS2_PLACEMENT_3D ( 'NONE', #3966, #586, #2787 ) ;
#1564 = CARTESIAN_POINT ( 'NONE',  ( 2.898912496138913664, 0.3000000000000004885, 2.920326319403598880 ) ) ;
#1565 = EDGE_CURVE ( 'NONE', #1452, #3238, #3038, .T. ) ;
#1566 = VECTOR ( 'NONE', #1254, 1000.000000000000000 ) ;
#1567 = FACE_OUTER_BOUND ( 'NONE', #322, .T. ) ;
#1568 = ADVANCED_FACE ( 'NONE', ( #538 ), #3349, .F. ) ;
#1569 = CARTESIAN_POINT ( 'NONE',  ( 3.018106691085209459, 1.810124097017924649, 2.576779823878258213 ) ) ;
#1570 = LINE ( 'NONE', #2940, #728 ) ;
#1571 = CARTESIAN_POINT ( 'NONE',  ( 1.650000000000001465, 0.3000000000000004885, 3.349999999999999645 ) ) ;
#1572 = AXIS2_PLACEMENT_3D ( 'NONE', #1891, #1834, #326 ) ;
#1573 = DIRECTION ( 'NONE',  ( 0.0000000000000000000, 0.0000000000000000000, 1.000000000000000000 ) ) ;
#1574 = DIRECTION ( 'NONE',  ( -0.0000000000000000000, -1.000000000000000000, -0.0000000000000000000 ) ) ;
#1575 = EDGE_CURVE ( 'NONE', #1148, #1043, #2075, .T. ) ;
#1576 = LINE ( 'NONE', #446, #2853 ) ;
#1577 = DIRECTION ( 'NONE',  ( 0.0000000000000000000, -1.000000000000000000, 0.0000000000000000000 ) ) ;
#1578 = LINE ( 'NONE', #785, #1530 ) ;
#1579 = ORIENTED_EDGE ( 'NONE', *, *, #3068, .F. ) ;
#1580 = CARTESIAN_POINT ( 'NONE',  ( 2.286780461782949025, 1.250000000000001554, 3.049615641284944001 ) ) ;
#1581 = CARTESIAN_POINT ( 'NONE',  ( 2.286780461782969898, 0.9999999999999935607, -2.649615641284944534 ) ) ;
#1582 = ORIENTED_EDGE ( 'NONE', *, *, #2396, .F. ) ;
#1583 = LINE ( 'NONE', #3175, #794 ) ;
#1584 = VERTEX_POINT ( 'NONE', #2129 ) ;
#1585 = CARTESIAN_POINT ( 'NONE',  ( 2.252930486305068314, 1.652863210691572604, -3.013714152141757197 ) ) ;
#1586 = CARTESIAN_POINT ( 'NONE',  ( 3.004978513316896027, 1.500000000000000000, -3.026392336581581244 ) ) ;
#1587 = EDGE_LOOP ( 'NONE', ( #209, #1964, #1949, #859 ) ) ;
#1588 = AXIS2_PLACEMENT_3D ( 'NONE', #2643, #718, #2918 ) ;
#1589 = VERTEX_POINT ( 'NONE', #227 ) ;
#1590 = EDGE_CURVE ( 'NONE', #521, #3778, #3705, .T. ) ;
#1591 = ORIENTED_EDGE ( 'NONE', *, *, #3004, .T. ) ;
#1592 = ORIENTED_EDGE ( 'NONE', *, *, #1675, .T. ) ;
#1593 = EDGE_CURVE ( 'NONE', #3197, #521, #1171, .T. ) ;
#1594 = CARTESIAN_POINT ( 'NONE',  ( 1.650000000000001465, 0.04999999999999998196, 3.349999999999999645 ) ) ;
#1595 = ORIENTED_EDGE ( 'NONE', *, *, #904, .T. ) ;
#1596 = CARTESIAN_POINT ( 'NONE',  ( 2.286780461782947693, 0.5000000000000101030, 3.049615641284945333 ) ) ;
#1597 = DIRECTION ( 'NONE',  ( -1.000000000000000000, 0.0000000000000000000, -9.018912902434378532E-17 ) ) ;
#1598 = ORIENTED_EDGE ( 'NONE', *, *, #3604, .T. ) ;
#1599 = CARTESIAN_POINT ( 'NONE',  ( 3.086780461782970608, 0.9999999999999935607, -3.049615641284944889 ) ) ;
#1600 = VERTEX_POINT ( 'NONE', #1163 ) ;
#1601 = CARTESIAN_POINT ( 'NONE',  ( 1.826776695296637776, 1.500000000000000000, -3.426776695296636532 ) ) ;
#1602 = ORIENTED_EDGE ( 'NONE', *, *, #729, .T. ) ;
#1603 = SURFACE_STYLE_FILL_AREA ( #2209 ) ;
#1604 =( NAMED_UNIT ( * ) SI_UNIT ( $, .STERADIAN. ) SOLID_ANGLE_UNIT ( ) );
#1605 = CARTESIAN_POINT ( 'NONE',  ( 2.898912496138913664, 0.3000000000000004885, -2.920326319403598880 ) ) ;
#1606 = EDGE_CURVE ( 'NONE', #762, #907, #2317, .T. ) ;
#1607 = LINE ( 'NONE', #3456, #2458 ) ;
#1609 = LINE ( 'NONE', #2867, #776 ) ;
#1608 = CARTESIAN_POINT ( 'NONE',  ( 2.686780461782949825, 1.300000000000012923, 2.649615641284954748 ) ) ;
#1610 = CARTESIAN_POINT ( 'NONE',  ( 2.286780461782949025, 1.300000000000013145, 3.049615641284955547 ) ) ;
#1611 = LINE ( 'NONE', #2656, #57 ) ;
#1612 = LINE ( 'NONE', #1713, #631 ) ;
#1613 = EDGE_LOOP ( 'NONE', ( #2149, #552, #1030, #3910 ) ) ;
#1614 = CARTESIAN_POINT ( 'NONE',  ( 2.286773051857577954, 1.520616093706149252, -3.049607782273185297 ) ) ;
#1615 = VECTOR ( 'NONE', #2096, 1000.000000000000000 ) ;
#1616 = AXIS2_PLACEMENT_3D ( 'NONE', #3752, #313, #2510 ) ;
#1617 = PLANE ( 'NONE',  #338 ) ;
#1618 = EDGE_CURVE ( 'NONE', #710, #2981, #350, .T. ) ;
#1619 = AXIS2_PLACEMENT_3D ( 'NONE', #2435, #2747, #881 ) ;
#1620 = PLANE ( 'NONE',  #3565 ) ;
#1621 = CARTESIAN_POINT ( 'NONE',  ( 1.599999999999998979, 0.1999999999999996503, -3.299999999999999378 ) ) ;
#1622 = CARTESIAN_POINT ( 'NONE',  ( 2.655177182770872335, 1.642717347057615962, 2.616097012029726887 ) ) ;
#1623 = DIRECTION ( 'NONE',  ( 0.0000000000000000000, -1.000000000000000000, 0.0000000000000000000 ) ) ;
#1624 = CARTESIAN_POINT ( 'NONE',  ( 2.292247674456535211, 1.475310597097308163, -2.655414200181194673 ) ) ;
#1625 = UNCERTAINTY_MEASURE_WITH_UNIT (LENGTH_MEASURE( 1.000000000000000082E-05 ), #868, 'distance_accuracy_value', 'NONE');
#1626 = CARTESIAN_POINT ( 'NONE',  ( 2.686780461782948493, 0.2999999999999992673, -3.049615641284945777 ) ) ;
#1627 = LINE ( 'NONE', #1725, #3191 ) ;
#1628 = FILL_AREA_STYLE ('',( #2575 ) ) ;
#1629 = VERTEX_POINT ( 'NONE', #1176 ) ;
#1630 = DIRECTION ( 'NONE',  ( 0.0000000000000000000, -1.000000000000000000, 0.0000000000000000000 ) ) ;
#1631 = ORIENTED_EDGE ( 'NONE', *, *, #99, .F. ) ;
#1632 = DIRECTION ( 'NONE',  ( 0.0000000000000000000, 1.000000000000000000, 0.0000000000000000000 ) ) ;
#1633 = EDGE_LOOP ( 'NONE', ( #3259, #2688, #2335, #3167, #1408, #3963, #795, #3447, #3109, #3686, #2050, #3206 ) ) ;
#1634 = ORIENTED_EDGE ( 'NONE', *, *, #140, .T. ) ;
#1635 = CARTESIAN_POINT ( 'NONE',  ( 2.681733491058464036, 1.560140348214671402, 2.644262793546842794 ) ) ;
#1636 = DIRECTION ( 'NONE',  ( 1.000000000000000000, 0.0000000000000000000, 0.0000000000000000000 ) ) ;
#1637 = ORIENTED_EDGE ( 'NONE', *, *, #2470, .F. ) ;
#1638 = ORIENTED_EDGE ( 'NONE', *, *, #1922, .T. ) ;
#1639 = CARTESIAN_POINT ( 'NONE',  ( 2.686780461782949381, 1.099999999999994760, -3.049615641284944445 ) ) ;
#1640 = DIRECTION ( 'NONE',  ( 0.0000000000000000000, -1.000000000000000000, 0.0000000000000000000 ) ) ;
#1641 = AXIS2_PLACEMENT_3D ( 'NONE', #3826, #777, #727 ) ;
#1642 = LINE ( 'NONE', #3256, #1297 ) ;
#1643 = EDGE_CURVE ( 'NONE', #2956, #415, #3370, .T. ) ;
#1644 = VERTEX_POINT ( 'NONE', #384 ) ;
#1645 = DIRECTION ( 'NONE',  ( -1.000000000000000000, 0.0000000000000000000, 0.0000000000000000000 ) ) ;
#1646 = DIRECTION ( 'NONE',  ( 0.7071067811865507924, 0.0000000000000000000, 0.7071067811865441310 ) ) ;
#1647 = ORIENTED_EDGE ( 'NONE', *, *, #56, .T. ) ;
#1648 = ORIENTED_EDGE ( 'NONE', *, *, #1381, .F. ) ;
#1649 = ORIENTED_EDGE ( 'NONE', *, *, #3420, .T. ) ;
#1650 = DIRECTION ( 'NONE',  ( 0.0000000000000000000, -1.000000000000000000, 0.0000000000000000000 ) ) ;
#1651 =( GEOMETRIC_REPRESENTATION_CONTEXT ( 3 ) GLOBAL_UNCERTAINTY_ASSIGNED_CONTEXT ( ( #671 ) ) GLOBAL_UNIT_ASSIGNED_CONTEXT ( ( #3003, #1119, #3305 ) ) REPRESENTATION_CONTEXT ( 'NONE', 'WORKASPACE' ) );
#1652 = CARTESIAN_POINT ( 'NONE',  ( 1.650000000000001465, 0.1999999999999996503, 3.349999999999999645 ) ) ;
#1653 = CARTESIAN_POINT ( 'NONE',  ( 1.720710678118655634, 1.500000000000000000, 3.320710678118654169 ) ) ;
#1654 = DIRECTION ( 'NONE',  ( -0.0000000000000000000, -1.000000000000000000, 0.0000000000000000000 ) ) ;
#1655 = VECTOR ( 'NONE', #2503, 1000.000000000000000 ) ;
#1656 = CARTESIAN_POINT ( 'NONE',  ( 1.599999999999998757, 2.858571428571428097, -3.349999999999999645 ) ) ;
#1657 = VECTOR ( 'NONE', #92, 1000.000000000000000 ) ;
#1658 = CARTESIAN_POINT ( 'NONE',  ( -1.458571428571429740, 2.858571428571428097, -3.499999999999999556 ) ) ;
#1659 = LINE ( 'NONE', #840, #3219 ) ;
#1660 = LINE ( 'NONE', #3194, #1562 ) ;
#1661 = AXIS2_PLACEMENT_3D ( 'NONE', #3601, #172, #2351 ) ;
#1662 = PLANE ( 'NONE',  #1782 ) ;
#1663 = PLANE ( 'NONE',  #3096 ) ;
#1664 = CIRCLE ( 'NONE', #1792, 0.09999999999999982514 ) ;
#1665 = LINE ( 'NONE', #1927, #824 ) ;
#1666 = DIRECTION ( 'NONE',  ( 0.0000000000000000000, 0.0000000000000000000, -1.000000000000000000 ) ) ;
#1667 = DIRECTION ( 'NONE',  ( -0.0000000000000000000, 1.000000000000000000, -0.0000000000000000000 ) ) ;
#1668 = EDGE_CURVE ( 'NONE', #411, #470, #1363, .T. ) ;
#1670 = VECTOR ( 'NONE', #826, 1000.000000000000114 ) ;
#1669 = CARTESIAN_POINT ( 'NONE',  ( 2.686780461782949825, 1.300000000000012923, -2.649615641284954748 ) ) ;
#1671 = DIRECTION ( 'NONE',  ( 0.0000000000000000000, -1.000000000000000000, 0.0000000000000000000 ) ) ;
#1672 = STYLED_ITEM ( 'NONE', ( #3415 ), #3983 ) ;
#1673 = PLANE ( 'NONE',  #4 ) ;
#1674 = CARTESIAN_POINT ( 'NONE',  ( -2.300000000000000711, 3.000000000000000000, -2.349999999999999201 ) ) ;
#1675 = EDGE_CURVE ( 'NONE', #3855, #1899, #1925, .T. ) ;
#1676 = VECTOR ( 'NONE', #2890, 1000.000000000000000 ) ;
#1677 = DIRECTION ( 'NONE',  ( -0.7071067811865477948, 0.0000000000000000000, 0.7071067811865473507 ) ) ;
#1678 = CARTESIAN_POINT ( 'NONE',  ( 1.826776695296637776, 1.500000000000000000, -3.426776695296636532 ) ) ;
#1679 = LINE ( 'NONE', #2951, #2855 ) ;
#1680 = DIRECTION ( 'NONE',  ( -1.000000000000000000, -0.0000000000000000000, -0.0000000000000000000 ) ) ;
#1681 = ORIENTED_EDGE ( 'NONE', *, *, #2027, .T. ) ;
#1682 = CARTESIAN_POINT ( 'NONE',  ( -1.650000000000001021, 0.05000000000000000278, 3.349999999999999645 ) ) ;
#1683 = LINE ( 'NONE', #1102, #29 ) ;
#1684 = ORIENTED_EDGE ( 'NONE', *, *, #3627, .F. ) ;
#1685 = CARTESIAN_POINT ( 'NONE',  ( -3.158571428571427475, 1.500000000000000000, -3.500000000000000000 ) ) ;
#1686 = DIRECTION ( 'NONE',  ( -1.000000000000000000, -0.0000000000000000000, -0.0000000000000000000 ) ) ;
#1687 = EDGE_LOOP ( 'NONE', ( #3727, #2589, #1944, #430 ) ) ;
#1688 = ORIENTED_EDGE ( 'NONE', *, *, #2841, .T. ) ;
#1689 = EDGE_LOOP ( 'NONE', ( #1401, #3255, #652, #2337, #1233, #4019, #3681, #2497, #2052, #266, #2864, #3736 ) ) ;
#1690 = EDGE_LOOP ( 'NONE', ( #3026, #2538, #3392, #476 ) ) ;
#1691 = DIRECTION ( 'NONE',  ( 0.7071067811865507924, 0.0000000000000000000, 0.7071067811865441310 ) ) ;
#1692 = CARTESIAN_POINT ( 'NONE',  ( 2.686780461782948493, 0.2999999999999992673, 2.849615641284945600 ) ) ;
#1693 = CARTESIAN_POINT ( 'NONE',  ( -1.600000000000001199, 0.0000000000000000000, 2.000000000000000444 ) ) ;
#1694 = LINE ( 'NONE', #2671, #899 ) ;
#1695 = EDGE_LOOP ( 'NONE', ( #1500, #3633, #3487, #1387 ) ) ;
#1696 = CLOSED_SHELL ( 'NONE', ( #174, #3568, #2367, #2695 ) ) ;
#1697 = CARTESIAN_POINT ( 'NONE',  ( 2.686780461782949381, 0.3000000000000004885, 2.708194285047634597 ) ) ;
#1698 = ORIENTED_EDGE ( 'NONE', *, *, #1870, .T. ) ;
#1699 = ORIENTED_EDGE ( 'NONE', *, *, #287, .F. ) ;
#1700 = AXIS2_PLACEMENT_3D ( 'NONE', #3465, #1234, #3421 ) ;
#1701 = EDGE_CURVE ( 'NONE', #3389, #1385, #1978, .T. ) ;
#1702 = AXIS2_PLACEMENT_3D ( 'NONE', #3178, #41, #1905 ) ;
#1703 = VERTEX_POINT ( 'NONE', #989 ) ;
#1704 = PLANE ( 'NONE',  #3126 ) ;
#1705 = ORIENTED_EDGE ( 'NONE', *, *, #126, .F. ) ;
#1706 = VECTOR ( 'NONE', #3947, 1000.000000000000000 ) ;
#1707 = UNCERTAINTY_MEASURE_WITH_UNIT (LENGTH_MEASURE( 1.000000000000000082E-05 ), #3338, 'distance_accuracy_value', 'NONE');
#1708 = CARTESIAN_POINT ( 'NONE',  ( 2.615859994619405882, 1.820269960651880403, -2.974396963990294296 ) ) ;
#1709 = CARTESIAN_POINT ( 'NONE',  ( 3.083268699130425450, 1.604069324462002566, 3.045891044532273106 ) ) ;
#1711 = LINE ( 'NONE', #101, #627 ) ;
#1710 = DIRECTION ( 'NONE',  ( -0.7071067811865477948, 0.0000000000000000000, 0.7071067811865473507 ) ) ;
#1712 = CARTESIAN_POINT ( 'NONE',  ( 2.531370849898477715, 0.3000000000000004885, 3.499999999999999556 ) ) ;
#1713 = CARTESIAN_POINT ( 'NONE',  ( 1.599999999999998979, 0.3000000000000004885, 3.349999999999999645 ) ) ;
#1714 = COLOUR_RGB ( '',0.7921568627450980005, 0.8196078431372548767, 0.9333333333333333481 ) ;
#1715 = VECTOR ( 'NONE', #1810, 1000.000000000000114 ) ;
#1716 = CARTESIAN_POINT ( 'NONE',  ( 2.686780461782949825, 1.374999999999991784, -2.649615641284938317 ) ) ;
#1717 = DIRECTION ( 'NONE',  ( -0.0000000000000000000, -1.000000000000000000, -0.0000000000000000000 ) ) ;
#1718 = FACE_OUTER_BOUND ( 'NONE', #2920, .T. ) ;
#1719 = LINE ( 'NONE', #146, #194 ) ;
#1720 = ADVANCED_FACE ( 'NONE', ( #1121 ), #1620, .F. ) ;
#1721 = CARTESIAN_POINT ( 'NONE',  ( 2.610893133999959925, 1.708004128343627581, 2.569129081515074908 ) ) ;
#1722 = DIRECTION ( 'NONE',  ( -0.7071067811865473507, 0.0000000000000000000, -0.7071067811865477948 ) ) ;
#1723 = DIRECTION ( 'NONE',  ( 0.0000000000000000000, 0.0000000000000000000, 1.000000000000000000 ) ) ;
#1724 = CARTESIAN_POINT ( 'NONE',  ( 1.826776695296637776, 0.3000000000000004885, 3.426776695296636532 ) ) ;
#1725 = CARTESIAN_POINT ( 'NONE',  ( -1.600000000000001199, 0.1999999999999996503, -3.349999999999999645 ) ) ;
#1726 = VECTOR ( 'NONE', #3570, 1000.000000000000000 ) ;
#1727 = AXIS2_PLACEMENT_3D ( 'NONE', #2537, #960, #1892 ) ;
#1728 = EDGE_CURVE ( 'NONE', #894, #3353, #1012, .T. ) ;
#1729 = CARTESIAN_POINT ( 'NONE',  ( 2.686780461782970697, 0.9999999999999933387, 2.649615641284944534 ) ) ;
#1730 = CARTESIAN_POINT ( 'NONE',  ( -2.300000000000000711, 0.05000000000000000278, -3.349999999999999201 ) ) ;
#1731 = CARTESIAN_POINT ( 'NONE',  ( 2.616069783664294768, 1.500000000000000000, -2.637483606928979984 ) ) ;
#1732 = LINE ( 'NONE', #1756, #3478 ) ;
#1733 = CARTESIAN_POINT ( 'NONE',  ( 2.616069783664294768, 1.500000000000000000, 2.637483606928979984 ) ) ;
#1734 = VECTOR ( 'NONE', #833, 1000.000000000000000 ) ;
#1735 = DIRECTION ( 'NONE',  ( -0.7071067811865461294, 0.0000000000000000000, -0.7071067811865489050 ) ) ;
#1736 = FACE_OUTER_BOUND ( 'NONE', #1534, .T. ) ;
#1737 = VERTEX_POINT ( 'NONE', #1981 ) ;
#1738 = CARTESIAN_POINT ( 'NONE',  ( 1.599999999999998979, 0.0000000000000000000, 3.499999999999999556 ) ) ;
#1739 = DIRECTION ( 'NONE',  ( 0.0000000000000000000, -1.000000000000000000, 0.0000000000000000000 ) ) ;
#1740 = ADVANCED_FACE ( 'NONE', ( #1268 ), #3419, .T. ) ;
#1741 = VERTEX_POINT ( 'NONE', #93 ) ;
#1742 = ORIENTED_EDGE ( 'NONE', *, *, #3282, .T. ) ;
#1743 = ORIENTED_EDGE ( 'NONE', *, *, #3977, .F. ) ;
#1744 = CARTESIAN_POINT ( 'NONE',  ( 2.863557157079585913, 1.500000000000000000, -2.531417589750997621 ) ) ;
#1745 = CARTESIAN_POINT ( 'NONE',  ( 1.650000000000001465, 0.1999999999999996503, -1.979230769230769571 ) ) ;
#1746 = ORIENTED_EDGE ( 'NONE', *, *, #655, .T. ) ;
#1747 = CARTESIAN_POINT ( 'NONE',  ( 1.650000000000001465, 1.500000000000000000, 3.349999999999999645 ) ) ;
#1748 = AXIS2_PLACEMENT_3D ( 'NONE', #2887, #1047, #1007 ) ;
#1749 = CYLINDRICAL_SURFACE ( 'NONE', #3094, 0.05000000000000012768 ) ;
#1750 = VERTEX_POINT ( 'NONE', #396 ) ;
#1751 = CARTESIAN_POINT ( 'NONE',  ( 2.526297727388277181, 1.733935457656006873, 2.479406680563321697 ) ) ;
#1752 = EDGE_CURVE ( 'NONE', #406, #2693, #1821, .T. ) ;
#1753 = CARTESIAN_POINT ( 'NONE',  ( 1.599999999999998757, 0.1499999999999999944, 2.000000000000000000 ) ) ;
#1754 = ORIENTED_EDGE ( 'NONE', *, *, #1668, .F. ) ;
#1755 = ORIENTED_EDGE ( 'NONE', *, *, #3474, .T. ) ;
#1756 = CARTESIAN_POINT ( 'NONE',  ( 1.599999999999998979, 0.3000000000000004885, 3.499999999999999556 ) ) ;
#1757 = STYLED_ITEM ( 'NONE', ( #961 ), #3568 ) ;
#1758 = CARTESIAN_POINT ( 'NONE',  ( 2.686780461782948493, 0.2999999999999992673, -2.649615641284945422 ) ) ;
#1759 = LINE ( 'NONE', #4005, #913 ) ;
#1760 = EDGE_CURVE ( 'NONE', #3913, #844, #2995, .T. ) ;
#1761 = AXIS2_PLACEMENT_3D ( 'NONE', #3599, #831, #2401 ) ;
#1762 = APPLICATION_CONTEXT ( 'automotive_design' ) ;
#1763 = ADVANCED_FACE ( 'NONE', ( #920 ), #368, .F. ) ;
#1764 = LINE ( 'NONE', #1338, #2268 ) ;
#1765 = FILL_AREA_STYLE ('',( #20 ) ) ;
#1766 = DIRECTION ( 'NONE',  ( -0.0000000000000000000, 1.000000000000000000, 0.0000000000000000000 ) ) ;
#1767 = LINE ( 'NONE', #2410, #3512 ) ;
#1768 = FACE_OUTER_BOUND ( 'NONE', #3972, .T. ) ;
#1769 = DIRECTION ( 'NONE',  ( -0.0000000000000000000, -1.000000000000000000, 0.0000000000000000000 ) ) ;
#1770 = PLANE ( 'NONE',  #1882 ) ;
#1772 = LINE ( 'NONE', #3821, #100 ) ;
#1771 = CARTESIAN_POINT ( 'NONE',  ( 2.686780461782949381, 0.3000000000000004885, -2.708194285047634597 ) ) ;
#1773 = FILL_AREA_STYLE_COLOUR ( '', #3663 ) ;
#1774 = CARTESIAN_POINT ( 'NONE',  ( 3.086780461782949736, 1.300000000000013145, -2.649615641284955192 ) ) ;
#1775 = CARTESIAN_POINT ( 'NONE',  ( 2.675454626846479389, 1.634960096676457475, -3.037603392109888389 ) ) ;
#1776 = VECTOR ( 'NONE', #3083, 1000.000000000000000 ) ;
#1777 = CARTESIAN_POINT ( 'NONE',  ( -1.600000000000001199, 0.1499999999999999944, 3.499999999999999556 ) ) ;
#1778 = B_SPLINE_CURVE_WITH_KNOTS ( 'NONE', 3,
 ( #2665, #522, #872, #1708, #3859, #3320, #1775, #2750, #699, #2630, #1411, #3589, #3399, #3426, #1559, #2514, #3759, #2361, #1552, #2256 ),
 .UNSPECIFIED., .F., .F.,
 ( 4, 2, 2, 2, 2, 2, 2, 2, 2, 4 ),
 ( 0.0000000000000000000, 0.1659324438835359516, 0.2488986658253039275, 0.2903817767961879293, 0.3318648877670719033, 0.3736233322816299163, 0.4153817767961879293, 0.4988986658253038997, 0.6659324438835358961, 1.000000000000000000 ),
 .UNSPECIFIED. ) ;
#1779 = DIRECTION ( 'NONE',  ( 0.0000000000000000000, -1.000000000000000000, 0.0000000000000000000 ) ) ;
#1780 = LINE ( 'NONE', #3495, #930 ) ;
#1781 = ADVANCED_FACE ( 'NONE', ( #300 ), #700, .F. ) ;
#1782 = AXIS2_PLACEMENT_3D ( 'NONE', #3475, #1307, #3504 ) ;
#1783 = EDGE_CURVE ( 'NONE', #2388, #3787, #1772, .T. ) ;
#1784 = AXIS2_PLACEMENT_3D ( 'NONE', #1100, #149, #3897 ) ;
#1785 = DIRECTION ( 'NONE',  ( 0.0000000000000000000, 0.0000000000000000000, 1.000000000000000000 ) ) ;
#1786 = SURFACE_STYLE_USAGE ( .BOTH. , #2718 ) ;
#1787 = CARTESIAN_POINT ( 'NONE',  ( 2.685752753388507497, 1.530455622698589702, -2.648525647533271243 ) ) ;
#1788 = LINE ( 'NONE', #2648, #885 ) ;
#1789 = ORIENTED_EDGE ( 'NONE', *, *, #2328, .F. ) ;
#1790 = ORIENTED_EDGE ( 'NONE', *, *, #687, .T. ) ;
#1791 = VECTOR ( 'NONE', #2682, 1000.000000000000000 ) ;
#1792 = AXIS2_PLACEMENT_3D ( 'NONE', #3318, #1198, #89 ) ;
#1793 = ORIENTED_EDGE ( 'NONE', *, *, #126, .T. ) ;
#1794 = VERTEX_POINT ( 'NONE', #2281 ) ;
#1796 = ORIENTED_EDGE ( 'NONE', *, *, #441, .T. ) ;
#1795 = DIRECTION ( 'NONE',  ( 0.0000000000000000000, 0.0000000000000000000, -1.000000000000000000 ) ) ;
#1797 = ORIENTED_EDGE ( 'NONE', *, *, #206, .T. ) ;
#1798 = ORIENTED_EDGE ( 'NONE', *, *, #3775, .F. ) ;
#1799 = CARTESIAN_POINT ( 'NONE',  ( 2.686780461782949825, 1.300000000000012923, -2.649615641284954748 ) ) ;
#1800 = VECTOR ( 'NONE', #1650, 1000.000000000000000 ) ;
#1801 = CARTESIAN_POINT ( 'NONE',  ( 2.684474196049789541, 1.568345028017994469, 3.047169601870995947 ) ) ;
#1802 =( LENGTH_UNIT ( ) NAMED_UNIT ( * ) SI_UNIT ( .MILLI., .METRE. ) );
#1803 = ORIENTED_EDGE ( 'NONE', *, *, #1911, .T. ) ;
#1804 = AXIS2_PLACEMENT_3D ( 'NONE', #254, #2092, #215 ) ;
#1805 = ORIENTED_EDGE ( 'NONE', *, *, #3061, .T. ) ;
#1806 = ADVANCED_FACE ( 'NONE', ( #245 ), #1399, .T. ) ;
#1807 = VERTEX_POINT ( 'NONE', #2874 ) ;
#1808 = VECTOR ( 'NONE', #1138, 1000.000000000000000 ) ;
#1809 = CARTESIAN_POINT ( 'NONE',  ( 2.426470588235295711, 1.879453338893068315, 2.573529411764704733 ) ) ;
#1810 = DIRECTION ( 'NONE',  ( -0.7071067811865474617, 0.0000000000000000000, -0.7071067811865474617 ) ) ;
#1811 = EDGE_CURVE ( 'NONE', #334, #2044, #1357, .T. ) ;
#1812 = DIRECTION ( 'NONE',  ( 1.000000000000000000, 0.0000000000000000000, -9.018912902434378532E-17 ) ) ;
#1813 = CIRCLE ( 'NONE', #175, 1.000000000000000000 ) ;
#1814 = DIRECTION ( 'NONE',  ( 0.0000000000000000000, -1.000000000000000000, 0.0000000000000000000 ) ) ;
#1815 = CARTESIAN_POINT ( 'NONE',  ( 1.650000000000001465, 0.1999999999999996503, -1.979230769230769571 ) ) ;
#1816 = EDGE_CURVE ( 'NONE', #1541, #1452, #3089, .T. ) ;
#1817 = CIRCLE ( 'NONE', #621, 0.1000000000000002554 ) ;
#1818 = CIRCLE ( 'NONE', #2236, 0.2000000000000000944 ) ;
#1819 = CARTESIAN_POINT ( 'NONE',  ( 2.686764936945440496, 1.529594619542975487, 3.049599175548189489 ) ) ;
#1820 = LINE ( 'NONE', #1960, #2941 ) ;
#1821 = LINE ( 'NONE', #1605, #145 ) ;
#1822 = EDGE_LOOP ( 'NONE', ( #3677, #3251, #996, #666 ) ) ;
#1823 = DIRECTION ( 'NONE',  ( -1.000000000000000000, 0.0000000000000000000, 1.445602896647339656E-16 ) ) ;
#1824 = CARTESIAN_POINT ( 'NONE',  ( 2.863557157079585469, 1.500000000000000000, -2.531417589750998065 ) ) ;
#1825 = DIRECTION ( 'NONE',  ( 1.000000000000000000, 0.0000000000000000000, 0.0000000000000000000 ) ) ;
#1826 = VECTOR ( 'NONE', #221, 1000.000000000000000 ) ;
#1827 = ADVANCED_FACE ( 'NONE', ( #1516 ), #3838, .T. ) ;
#1828 = PLANE ( 'NONE',  #3168 ) ;
#1829 = CARTESIAN_POINT ( 'NONE',  ( 3.086780461782970608, 0.9999999999999935607, -3.049615641284944889 ) ) ;
#1830 = AXIS2_PLACEMENT_3D ( 'NONE', #3035, #2107, #3646 ) ;
#1831 = CARTESIAN_POINT ( 'NONE',  ( 2.286780461782949025, 1.374999999999991784, 2.649615641284938761 ) ) ;
#1832 = EDGE_CURVE ( 'NONE', #1589, #2432, #1660, .T. ) ;
#1833 = FACE_OUTER_BOUND ( 'NONE', #3818, .T. ) ;
#1834 = DIRECTION ( 'NONE',  ( 0.7071067811865475727, -0.0000000000000000000, 0.7071067811865475727 ) ) ;
#1835 = DIRECTION ( 'NONE',  ( 1.445602896647339706E-15, 0.0000000000000000000, 1.000000000000000000 ) ) ;
#1836 = AXIS2_PLACEMENT_3D ( 'NONE', #1315, #3790, #370 ) ;
#1837 = FACE_OUTER_BOUND ( 'NONE', #2336, .T. ) ;
#1838 = EDGE_CURVE ( 'NONE', #679, #4015, #2463, .T. ) ;
#1839 = EDGE_LOOP ( 'NONE', ( #1196, #1151, #3970, #3919 ) ) ;
#1840 = PLANE ( 'NONE',  #3365 ) ;
#1841 = CARTESIAN_POINT ( 'NONE',  ( 2.424729135959711623, 2.024971021881532884, 2.771682416926926518 ) ) ;
#1842 = CARTESIAN_POINT ( 'NONE',  ( 2.265499074972761484, 1.625050728415434964, -3.027044473455983820 ) ) ;
#1843 = PLANE ( 'NONE',  #2957 ) ;
#1844 = ORIENTED_EDGE ( 'NONE', *, *, #2651, .T. ) ;
#1845 = FACE_OUTER_BOUND ( 'NONE', #1031, .T. ) ;
#1846 = ORIENTED_EDGE ( 'NONE', *, *, #493, .T. ) ;
#1847 = CARTESIAN_POINT ( 'NONE',  ( 2.686780461782949381, 1.250000000000001332, 3.049615641284944445 ) ) ;
#1848 = CARTESIAN_POINT ( 'NONE',  ( 3.086780461782970608, 0.9999999999999935607, -2.649615641284944534 ) ) ;
#1849 = ADVANCED_FACE ( 'NONE', ( #1975 ), #3274, .T. ) ;
#1850 = EDGE_LOOP ( 'NONE', ( #976, #3905, #482, #118, #2255, #1908, #1087, #414 ) ) ;
#1851 = ORIENTED_EDGE ( 'NONE', *, *, #623, .F. ) ;
#1852 = DIRECTION ( 'NONE',  ( 0.0000000000000000000, 0.0000000000000000000, -1.000000000000000000 ) ) ;
#1853 = DIRECTION ( 'NONE',  ( 0.0000000000000000000, 0.0000000000000000000, 1.000000000000000000 ) ) ;
#1854 = DIRECTION ( 'NONE',  ( -0.0000000000000000000, -1.000000000000000000, -0.0000000000000000000 ) ) ;
#1855 = DIRECTION ( 'NONE',  ( -1.000000000000000000, -0.0000000000000000000, -0.0000000000000000000 ) ) ;
#1856 = ORIENTED_EDGE ( 'NONE', *, *, #3411, .T. ) ;
#1857 = CARTESIAN_POINT ( 'NONE',  ( 3.086780461782949736, 1.300000000000013145, 2.649615641284955192 ) ) ;
#1858 = CARTESIAN_POINT ( 'NONE',  ( 2.538397986679548080, 2.299376367605729943, -2.467997864660123053 ) ) ;
#1859 = ORIENTED_EDGE ( 'NONE', *, *, #742, .F. ) ;
#1860 = CARTESIAN_POINT ( 'NONE',  ( 1.720710678118655634, 0.3000000000000004885, 3.320710678118654169 ) ) ;
#1861 = ORIENTED_EDGE ( 'NONE', *, *, #3941, .T. ) ;
#1862 = CARTESIAN_POINT ( 'NONE',  ( 2.306981828003098478, 1.459530325463279210, 2.671041332730484719 ) ) ;
#1863 = CARTESIAN_POINT ( 'NONE',  ( 2.686787425812671160, 1.479794837000475871, -2.649623027377072670 ) ) ;
#1864 = LINE ( 'NONE', #1099, #1912 ) ;
#1865 = CARTESIAN_POINT ( 'NONE',  ( 3.086780461782970608, 0.9999999999999935607, 3.049615641284944889 ) ) ;
#1866 = AXIS2_PLACEMENT_3D ( 'NONE', #2314, #2930, #1359 ) ;
#1867 = DIRECTION ( 'NONE',  ( 0.0000000000000000000, 1.000000000000000000, 0.0000000000000000000 ) ) ;
#1868 = LINE ( 'NONE', #1302, #3412 ) ;
#1869 = DIRECTION ( 'NONE',  ( -1.000000000000000000, -0.0000000000000000000, -0.0000000000000000000 ) ) ;
#1870 = EDGE_CURVE ( 'NONE', #1306, #1498, #3183, .T. ) ;
#1871 = ADVANCED_FACE ( 'NONE', ( #1314 ), #1957, .T. ) ;
#1872 = LINE ( 'NONE', #749, #1214 ) ;
#1873 = VECTOR ( 'NONE', #467, 1000.000000000000000 ) ;
#1874 = CARTESIAN_POINT ( 'NONE',  ( 2.666911566883273021, 1.616750839697350894, 2.628542570936829303 ) ) ;
#1875 = CARTESIAN_POINT ( 'NONE',  ( 3.086780461782949292, 1.099999999999994760, -2.649615641284944090 ) ) ;
#1876 = CARTESIAN_POINT ( 'NONE',  ( 2.686780461782104723, 0.2999999999999992673, 3.049615641284945777 ) ) ;
#1877 = VECTOR ( 'NONE', #83, 1000.000000000000000 ) ;
#1878 = CARTESIAN_POINT ( 'NONE',  ( 3.059299602523393613, 1.755188749352830202, -3.020469275403571796 ) ) ;
#1879 = CARTESIAN_POINT ( 'NONE',  ( 1.650000000000001465, 0.1999999999999996503, -1.979230769230769571 ) ) ;
#1880 = CARTESIAN_POINT ( 'NONE',  ( 2.686780461782949825, 1.449999999999993960, 2.649615641284943646 ) ) ;
#1881 = CARTESIAN_POINT ( 'NONE',  ( 2.686780461782970697, 0.9999999999999933387, -3.049615641284944889 ) ) ;
#1882 = AXIS2_PLACEMENT_3D ( 'NONE', #2068, #468, #2366 ) ;
#1883 = CARTESIAN_POINT ( 'NONE',  ( -1.650000000000001021, 0.05000000000000000278, -1.979230769230769571 ) ) ;
#1884 = CIRCLE ( 'NONE', #1117, 0.09999999999999939493 ) ;
#1885 =( NAMED_UNIT ( * ) SI_UNIT ( $, .STERADIAN. ) SOLID_ANGLE_UNIT ( ) );
#1886 = ADVANCED_FACE ( 'NONE', ( #875 ), #3524, .T. ) ;
#1887 = LINE ( 'NONE', #400, #1024 ) ;
#1888 = ORIENTED_EDGE ( 'NONE', *, *, #595, .F. ) ;
#1889 = EDGE_CURVE ( 'NONE', #862, #2103, #1009, .T. ) ;
#1890 = ORIENTED_EDGE ( 'NONE', *, *, #3212, .T. ) ;
#1891 = CARTESIAN_POINT ( 'NONE',  ( 2.898912496138913664, 1.500000000000000000, 2.920326319403598880 ) ) ;
#1893 = ORIENTED_EDGE ( 'NONE', *, *, #716, .T. ) ;
#1892 = DIRECTION ( 'NONE',  ( 0.4991356957649066839, -0.7275894061853068751, 0.4706136560069151265 ) ) ;
#1894 = EDGE_LOOP ( 'NONE', ( #230, #42, #2109, #2633 ) ) ;
#1895 = COLOUR_RGB ( '',0.2509803921568627416, 0.2509803921568627416, 0.2509803921568627416 ) ;
#1896 = EDGE_CURVE ( 'NONE', #1506, #569, #3513, .T. ) ;
#1897 = EDGE_LOOP ( 'NONE', ( #1550, #316 ) ) ;
#1898 = CARTESIAN_POINT ( 'NONE',  ( -3.300000000000000711, 0.05000000000000000278, -3.349999999999999201 ) ) ;
#1899 = VERTEX_POINT ( 'NONE', #3600 ) ;
#1900 = CARTESIAN_POINT ( 'NONE',  ( 2.686780461782970697, 0.9999999999999933387, 2.649615641284944534 ) ) ;
#1901 = CARTESIAN_POINT ( 'NONE',  ( 2.286781658582567989, 1.511093414788305722, -2.649616910617875298 ) ) ;
#1902 =( NAMED_UNIT ( * ) SI_UNIT ( $, .STERADIAN. ) SOLID_ANGLE_UNIT ( ) );
#1903 = VERTEX_POINT ( 'NONE', #797 ) ;
#1904 = CARTESIAN_POINT ( 'NONE',  ( 3.086780461782949736, 1.300000000000013145, -2.649615641284955192 ) ) ;
#1905 = DIRECTION ( 'NONE',  ( 0.0000000000000000000, -0.0000000000000000000, -1.000000000000000000 ) ) ;
#1906 = VERTEX_POINT ( 'NONE', #2969 ) ;
#1907 = EDGE_LOOP ( 'NONE', ( #2485, #657, #1634, #164 ) ) ;
#1908 = ORIENTED_EDGE ( 'NONE', *, *, #1911, .F. ) ;
#1909 = DIRECTION ( 'NONE',  ( -1.000000000000000000, -0.0000000000000000000, -0.0000000000000000000 ) ) ;
#1910 = ORIENTED_EDGE ( 'NONE', *, *, #1360, .T. ) ;
#1911 = EDGE_CURVE ( 'NONE', #3202, #799, #1215, .T. ) ;
#1912 = VECTOR ( 'NONE', #203, 999.9999999999998863 ) ;
#1913 = DIRECTION ( 'NONE',  ( -1.000000000000000000, -0.0000000000000000000, -0.0000000000000000000 ) ) ;
#1914 = CARTESIAN_POINT ( 'NONE',  ( 2.686780461782948493, 0.2999999999999992673, 3.049615641284945777 ) ) ;
#1915 = CARTESIAN_POINT ( 'NONE',  ( 2.286780461782949025, 1.250000000000001554, -2.649615641284944090 ) ) ;
#1916 = FACE_OUTER_BOUND ( 'NONE', #2830, .T. ) ;
#1917 = EDGE_CURVE ( 'NONE', #2440, #892, #1421, .T. ) ;
#1918 = CARTESIAN_POINT ( 'NONE',  ( 2.686773543670430531, 1.520071940625131512, 2.649608303892879491 ) ) ;
#1919 = CARTESIAN_POINT ( 'NONE',  ( 2.516482793110444316, 1.966779094297168795, -2.868996901783764208 ) ) ;
#1920 = DIRECTION ( 'NONE',  ( -0.0000000000000000000, -1.000000000000000000, -0.0000000000000000000 ) ) ;
#1921 = COLOUR_RGB ( '',0.5372549019607842924, 0.3490196078431372362, 0.3372549019607843368 ) ;
#1922 = EDGE_CURVE ( 'NONE', #1306, #3855, #3133, .T. ) ;
#1923 = AXIS2_PLACEMENT_3D ( 'NONE', #1294, #629, #13 ) ;
#1924 = PRESENTATION_STYLE_ASSIGNMENT (( #2815 ) ) ;
#1925 = LINE ( 'NONE', #1966, #3468 ) ;
#1926 = CARTESIAN_POINT ( 'NONE',  ( -2.300000000000000711, 0.05000000000000000278, -3.499999999999999556 ) ) ;
#1927 = CARTESIAN_POINT ( 'NONE',  ( 2.863557157079585469, 1.500000000000000000, -2.531417589750998065 ) ) ;
#1928 = CARTESIAN_POINT ( 'NONE',  ( 2.292247674456535211, 1.475310597097308163, 2.655414200181194673 ) ) ;
#1929 = LINE ( 'NONE', #1712, #2415 ) ;
#1930 = CARTESIAN_POINT ( 'NONE',  ( 2.265499074972761484, 1.625050728415434964, -3.027044473455983820 ) ) ;
#1931 = CARTESIAN_POINT ( 'NONE',  ( 2.426470588235295711, 1.879453338893068315, 2.573529411764704733 ) ) ;
#1932 = LINE ( 'NONE', #2638, #2614 ) ;
#1933 = CARTESIAN_POINT ( 'NONE',  ( 2.898912496138913664, 1.500000000000000000, 2.778904963166289210 ) ) ;
#1934 = CARTESIAN_POINT ( 'NONE',  ( -1.600000000000001199, 0.1999999999999996503, -3.499999999999999556 ) ) ;
#1935 = LINE ( 'NONE', #3480, #159 ) ;
#1936 = ORIENTED_EDGE ( 'NONE', *, *, #1244, .F. ) ;
#1937 = CARTESIAN_POINT ( 'NONE',  ( 2.642192958449228968, 1.761998892263946459, 3.002325865021944207 ) ) ;
#1938 = PLANE ( 'NONE',  #1453 ) ;
#1939 = VECTOR ( 'NONE', #1983, 1000.000000000000000 ) ;
#1940 = VERTEX_POINT ( 'NONE', #3298 ) ;
#1941 = CARTESIAN_POINT ( 'NONE',  ( 2.326643449082314241, 2.024971220130129534, -2.667652142966087769 ) ) ;
#1942 = SURFACE_STYLE_FILL_AREA ( #3425 ) ;
#1943 = CARTESIAN_POINT ( 'NONE',  ( 1.650000000000001465, 0.05000000000000000278, -1.979230769230769571 ) ) ;
#1944 = ORIENTED_EDGE ( 'NONE', *, *, #160, .T. ) ;
#1945 = AXIS2_PLACEMENT_3D ( 'NONE', #2195, #1270, #3139 ) ;
#1946 = EDGE_LOOP ( 'NONE', ( #2916, #701, #709, #1438 ) ) ;
#1947 = EDGE_CURVE ( 'NONE', #1335, #2981, #2274, .T. ) ;
#1948 = PLANE ( 'NONE',  #1349 ) ;
#1949 = ORIENTED_EDGE ( 'NONE', *, *, #926, .T. ) ;
#1950 = ORIENTED_EDGE ( 'NONE', *, *, #310, .T. ) ;
#1951 = CARTESIAN_POINT ( 'NONE',  ( 1.599999999999998757, 0.1499999999999999944, -2.000000000000000000 ) ) ;
#1952 = VECTOR ( 'NONE', #1353, 1000.000000000000114 ) ;
#1953 = CARTESIAN_POINT ( 'NONE',  ( 2.686780461782970697, 0.9999999999999933387, 2.649615641284944534 ) ) ;
#1954 = EDGE_LOOP ( 'NONE', ( #1535, #2739, #616, #2826 ) ) ;
#1955 = VERTEX_POINT ( 'NONE', #2660 ) ;
#1956 = CARTESIAN_POINT ( 'NONE',  ( 2.686780461782949381, 1.099999999999994760, 3.049615641284944445 ) ) ;
#1957 = PLANE ( 'NONE',  #490 ) ;
#1958 = CARTESIAN_POINT ( 'NONE',  ( 2.287653563029761639, 1.489596013950696296, -2.650541657758822556 ) ) ;
#1959 = ORIENTED_EDGE ( 'NONE', *, *, #542, .F. ) ;
#1960 = CARTESIAN_POINT ( 'NONE',  ( 1.599999999999998757, 2.858571428571428097, -3.499999999999999556 ) ) ;
#1961 = ORIENTED_EDGE ( 'NONE', *, *, #2384, .F. ) ;
#1962 = CARTESIAN_POINT ( 'NONE',  ( 2.286787920889805648, 1.479247072242499295, -3.049623552458884834 ) ) ;
#1963 = CARTESIAN_POINT ( 'NONE',  ( -1.600000000000001199, 0.1999999999999996503, 3.299999999999999378 ) ) ;
#1964 = ORIENTED_EDGE ( 'NONE', *, *, #1025, .T. ) ;
#1965 = CARTESIAN_POINT ( 'NONE',  ( 3.300000000000000711, -4.336808689942017736E-16, -1.700000000000000400 ) ) ;
#1966 = CARTESIAN_POINT ( 'NONE',  ( 2.863557157079585469, 0.3000000000000004885, 2.531417589750998065 ) ) ;
#1967 = EDGE_CURVE ( 'NONE', #2831, #3503, #1465, .T. ) ;
#1969 = VECTOR ( 'NONE', #3154, 1000.000000000000114 ) ;
#1968 = CARTESIAN_POINT ( 'NONE',  ( 2.686780461782949825, 1.449999999999993960, 2.649615641284943646 ) ) ;
#1970 = CARTESIAN_POINT ( 'NONE',  ( 2.686780461782949825, 1.400000000000002576, 3.049615641284944001 ) ) ;
#1971 = CARTESIAN_POINT ( 'NONE',  ( 2.686780461782948493, 0.5000000000000098810, 2.649615641284945422 ) ) ;
#1972 = CARTESIAN_POINT ( 'NONE',  ( 1.599999999999998979, 0.1999999999999996503, 3.349999999999999645 ) ) ;
#1973 = AXIS2_PLACEMENT_3D ( 'NONE', #974, #2258, #3190 ) ;
#1974 = CIRCLE ( 'NONE', #417, 0.1000000000000002554 ) ;
#1975 = FACE_OUTER_BOUND ( 'NONE', #3076, .T. ) ;
#1976 = CARTESIAN_POINT ( 'NONE',  ( 2.286780461782949025, 1.400000000000002798, -3.049615641284944001 ) ) ;
#1977 = DIRECTION ( 'NONE',  ( 0.0000000000000000000, 0.0000000000000000000, -1.000000000000000000 ) ) ;
#1978 = LINE ( 'NONE', #47, #2654 ) ;
#1979 = CARTESIAN_POINT ( 'NONE',  ( -2.300000000000000711, 0.3000000000000004885, 3.426776695296636532 ) ) ;
#1980 = EDGE_CURVE ( 'NONE', #1200, #2388, #587, .T. ) ;
#1981 = CARTESIAN_POINT ( 'NONE',  ( -1.600000000000001199, 0.0000000000000000000, 2.000000000000000444 ) ) ;
#1982 = DIRECTION ( 'NONE',  ( 0.0000000000000000000, 0.0000000000000000000, -1.000000000000000000 ) ) ;
#1983 = DIRECTION ( 'NONE',  ( -0.0000000000000000000, -1.000000000000000000, -0.0000000000000000000 ) ) ;
#1984 = FACE_OUTER_BOUND ( 'NONE', #2545, .T. ) ;
#1985 = DIRECTION ( 'NONE',  ( 0.0000000000000000000, -1.000000000000000000, 0.0000000000000000000 ) ) ;
#1986 = FACE_OUTER_BOUND ( 'NONE', #3371, .T. ) ;
#1988 = VECTOR ( 'NONE', #3545, 1000.000000000000114 ) ;
#1987 = CARTESIAN_POINT ( 'NONE',  ( 2.863557157079585469, 1.500000000000000000, 2.531417589750998065 ) ) ;
#1989 = ORIENTED_EDGE ( 'NONE', *, *, #845, .T. ) ;
#1990 = DIRECTION ( 'NONE',  ( -0.7071067811865431318, 0.0000000000000000000, -0.7071067811865517916 ) ) ;
#1991 = VERTEX_POINT ( 'NONE', #3258 ) ;
#1992 = CARTESIAN_POINT ( 'NONE',  ( 1.720710678118655634, 1.500000000000000000, -3.320710678118654169 ) ) ;
#1993 = VERTEX_POINT ( 'NONE', #134 ) ;
#1994 = ORIENTED_EDGE ( 'NONE', *, *, #2117, .F. ) ;
#1995 = CARTESIAN_POINT ( 'NONE',  ( 2.510003766486312404, 0.3000000000000004885, 2.531417589750997621 ) ) ;
#1996 = CARTESIAN_POINT ( 'NONE',  ( -1.650000000000001021, 0.1999999999999996503, -3.349999999999999645 ) ) ;
#1997 = ORIENTED_EDGE ( 'NONE', *, *, #447, .T. ) ;
#1998 = ORIENTED_EDGE ( 'NONE', *, *, #2292, .F. ) ;
#1999 = VERTEX_POINT ( 'NONE', #440 ) ;
#2000 = CARTESIAN_POINT ( 'NONE',  ( 2.686780461782949381, 1.500000000000000000, 2.708194285047634597 ) ) ;
#2001 = AXIS2_PLACEMENT_3D ( 'NONE', #2590, #2296, #2602 ) ;
#2002 = EDGE_CURVE ( 'NONE', #521, #1807, #3416, .T. ) ;
#2003 = ORIENTED_EDGE ( 'NONE', *, *, #366, .T. ) ;
#2004 = CARTESIAN_POINT ( 'NONE',  ( 3.059299602523393613, 1.755188749352830202, 3.020469275403571796 ) ) ;
#2005 = VERTEX_POINT ( 'NONE', #1751 ) ;
#2006 = ORIENTED_EDGE ( 'NONE', *, *, #3680, .F. ) ;
#2007 = ORIENTED_EDGE ( 'NONE', *, *, #2903, .F. ) ;
#2008 = PLANE ( 'NONE',  #3498 ) ;
#2009 = AXIS2_PLACEMENT_3D ( 'NONE', #3998, #283, #3710 ) ;
#2010 = CARTESIAN_POINT ( 'NONE',  ( 2.686780461782970697, 0.9999999999999933387, 2.649615641284944534 ) ) ;
#2011 = DIRECTION ( 'NONE',  ( 0.0000000000000000000, 0.0000000000000000000, 1.000000000000000000 ) ) ;
#2012 = VECTOR ( 'NONE', #328, 1000.000000000000000 ) ;
#2013 = CARTESIAN_POINT ( 'NONE',  ( 2.685752753388507497, 1.530455622698589702, -2.648525647533271243 ) ) ;
#2014 = DIRECTION ( 'NONE',  ( -0.0000000000000000000, -1.000000000000000000, 0.0000000000000000000 ) ) ;
#2015 = CARTESIAN_POINT ( 'NONE',  ( 2.757491139901603994, 1.500000000000000000, -2.637483606928980873 ) ) ;
#2016 = VECTOR ( 'NONE', #1985, 1000.000000000000000 ) ;
#2017 = CARTESIAN_POINT ( 'NONE',  ( 0.0000000000000000000, 0.1499999999999999944, 0.0000000000000000000 ) ) ;
#2018 = VECTOR ( 'NONE', #1451, 1000.000000000000114 ) ;
#2019 = SURFACE_STYLE_FILL_AREA ( #1628 ) ;
#2020 = CARTESIAN_POINT ( 'NONE',  ( 3.043605450359735176, 1.753699003545857726, 2.603823962502784806 ) ) ;
#2021 = EDGE_CURVE ( 'NONE', #275, #312, #1612, .T. ) ;
#2022 = VECTOR ( 'NONE', #1073, 1000.000000000000000 ) ;
#2023 = CYLINDRICAL_SURFACE ( 'NONE', #3082, 0.09999999999999939493 ) ;
#2024 = DIRECTION ( 'NONE',  ( 0.0000000000000000000, 0.0000000000000000000, -1.000000000000000000 ) ) ;
#2025 = DIRECTION ( 'NONE',  ( 0.0000000000000000000, 0.0000000000000000000, 1.000000000000000000 ) ) ;
#2026 = AXIS2_PLACEMENT_3D ( 'NONE', #2122, #1443, #3331 ) ;
#2027 = EDGE_CURVE ( 'NONE', #275, #854, #2600, .T. ) ;
#2029 = VECTOR ( 'NONE', #1814, 1000.000000000000000 ) ;
#2028 = CARTESIAN_POINT ( 'NONE',  ( -1.600000000000001199, 0.3000000000000004885, 3.349999999999999645 ) ) ;
#2030 = CARTESIAN_POINT ( 'NONE',  ( 2.898912496138913664, 1.500000000000000000, -2.778904963166289210 ) ) ;
#2031 = DIRECTION ( 'NONE',  ( 0.0000000000000000000, 1.000000000000000000, 0.0000000000000000000 ) ) ;
#2032 = EDGE_CURVE ( 'NONE', #130, #799, #1719, .T. ) ;
#2033 = CARTESIAN_POINT ( 'NONE',  ( 3.086780461782949736, 1.400000000000002798, 3.049615641284944001 ) ) ;
#2034 = CYLINDRICAL_SURFACE ( 'NONE', #288, 0.09999999999999939493 ) ;
#2035 = DIRECTION ( 'NONE',  ( -0.0000000000000000000, -1.000000000000000000, 0.0000000000000000000 ) ) ;
#2036 = CARTESIAN_POINT ( 'NONE',  ( -1.458571428571429740, 2.858571428571428097, -3.349999999999999645 ) ) ;
#2037 = FACE_OUTER_BOUND ( 'NONE', #2535, .T. ) ;
#2038 = ADVANCED_FACE ( 'NONE', ( #3833 ), #3906, .T. ) ;
#2039 = CARTESIAN_POINT ( 'NONE',  ( 2.686780461782949381, 1.099999999999994760, -2.649615641284944090 ) ) ;
#2040 = DIRECTION ( 'NONE',  ( 0.0000000000000000000, 0.0000000000000000000, -1.000000000000000000 ) ) ;
#2041 = ORIENTED_EDGE ( 'NONE', *, *, #2470, .T. ) ;
#2042 = CARTESIAN_POINT ( 'NONE',  ( 2.828201818020259051, 1.500000000000000000, 2.849615641284944267 ) ) ;
#2043 = LINE ( 'NONE', #3265, #1988 ) ;
#2044 = VERTEX_POINT ( 'NONE', #2365 ) ;
#2045 = AXIS2_PLACEMENT_3D ( 'NONE', #1809, #2119, #553 ) ;
#2046 = CARTESIAN_POINT ( 'NONE',  ( -3.300000000000000711, 3.000000000000000000, -3.349999999999999201 ) ) ;
#2047 = ORIENTED_EDGE ( 'NONE', *, *, #3551, .F. ) ;
#2048 = ORIENTED_EDGE ( 'NONE', *, *, #486, .T. ) ;
#2049 =( NAMED_UNIT ( * ) SI_UNIT ( $, .STERADIAN. ) SOLID_ANGLE_UNIT ( ) );
#2050 = ORIENTED_EDGE ( 'NONE', *, *, #2272, .F. ) ;
#2051 = CARTESIAN_POINT ( 'NONE',  ( 1.720710678118655634, 0.3000000000000004885, -3.320710678118654169 ) ) ;
#2052 = ORIENTED_EDGE ( 'NONE', *, *, #1167, .F. ) ;
#2053 = DIRECTION ( 'NONE',  ( 1.355252715606880789E-16, -0.0000000000000000000, 1.000000000000000000 ) ) ;
#2054 = VECTOR ( 'NONE', #1735, 1000.000000000000114 ) ;
#2055 = ORIENTED_EDGE ( 'NONE', *, *, #3212, .F. ) ;
#2056 = CLOSED_SHELL ( 'NONE', ( #1525, #279, #804, #3288, #1193, #1112, #2794, #3406, #16, #3612, #2423, #3726, #3011, #3029, #256, #2140, #2201, #1548, #867, #2102, #1129, #2971, #564, #197, #2404, #2079, #2712, #640, #544, #3131, #620, #321, #3113, #1720, #3364, #902, #487, #3688, #239, #526, #3347, #1781, #2064, #3920, #822, #1152, #2828, #1763 ) ) ;
#2057 = CARTESIAN_POINT ( 'NONE',  ( 2.686780461782949381, 1.500000000000000000, 2.708194285047634597 ) ) ;
#2058 = CLOSED_SHELL ( 'NONE', ( #3629, #3856, #2180, #584, #3647, #1066, #3746, #2486, #153, #3384, #1257, #3593, #2994, #3269, #3093, #2226, #602, #1849 ) ) ;
#2059 = CARTESIAN_POINT ( 'NONE',  ( -1.600000000000001199, 0.1499999999999999944, 2.000000000000000444 ) ) ;
#2060 = CARTESIAN_POINT ( 'NONE',  ( 2.686780461782948493, 0.2999999999999992673, -2.849615641284945600 ) ) ;
#2061 = EDGE_CURVE ( 'NONE', #127, #406, #3033, .T. ) ;
#2062 = VERTEX_POINT ( 'NONE', #1095 ) ;
#2063 = ORIENTED_EDGE ( 'NONE', *, *, #2369, .F. ) ;
#2064 = ADVANCED_FACE ( 'NONE', ( #720 ), #3894, .F. ) ;
#2066 = VECTOR ( 'NONE', #2101, 1000.000000000000000 ) ;
#2065 = DIRECTION ( 'NONE',  ( -0.0000000000000000000, 1.000000000000000000, -0.0000000000000000000 ) ) ;
#2067 = DIRECTION ( 'NONE',  ( 0.0000000000000000000, 1.000000000000000000, 0.0000000000000000000 ) ) ;
#2068 = CARTESIAN_POINT ( 'NONE',  ( 2.863557157079585913, 1.500000000000000000, 2.531417589750997621 ) ) ;
#2069 = LINE ( 'NONE', #46, #3982 ) ;
#2070 = CARTESIAN_POINT ( 'NONE',  ( 1.650000000000001243, 1.500000000000000000, -3.250000000000000000 ) ) ;
#2071 = CARTESIAN_POINT ( 'NONE',  ( 2.686780461782949381, 0.3000000000000004885, -2.708194285047634597 ) ) ;
#2072 = VECTOR ( 'NONE', #2170, 1000.000000000000000 ) ;
#2073 = CIRCLE ( 'NONE', #539, 0.09999999999999982514 ) ;
#2074 = CARTESIAN_POINT ( 'NONE',  ( -1.600000000000001199, 0.1499999999999999944, -2.000000000000000444 ) ) ;
#2075 = LINE ( 'NONE', #1205, #3614 ) ;
#2076 = CARTESIAN_POINT ( 'NONE',  ( 2.828201818020259051, 0.3000000000000004885, 2.849615641284944267 ) ) ;
#2077 = CARTESIAN_POINT ( 'NONE',  ( 1.650000000000001243, 1.500000000000000000, -3.250000000000000000 ) ) ;
#2078 = CIRCLE ( 'NONE', #1784, 0.2499999999999993616 ) ;
#2079 = ADVANCED_FACE ( 'NONE', ( #2364 ), #781, .T. ) ;
#2080 = AXIS2_PLACEMENT_3D ( 'NONE', #2370, #2379, #3613 ) ;
#2081 = EDGE_CURVE ( 'NONE', #569, #3125, #2219, .T. ) ;
#2082 = PLANE ( 'NONE',  #2901 ) ;
#2083 = DIRECTION ( 'NONE',  ( -0.0000000000000000000, -1.000000000000000000, -0.0000000000000000000 ) ) ;
#2084 = CARTESIAN_POINT ( 'NONE',  ( 3.043605450359735176, 1.753699003545857726, -2.603823962502784806 ) ) ;
#2085 = APPLICATION_PROTOCOL_DEFINITION ( 'draft international standard', 'automotive_design', 1998, #3912 ) ;
#2086 = VECTOR ( 'NONE', #1920, 1000.000000000000000 ) ;
#2087 = AXIS2_PLACEMENT_3D ( 'NONE', #935, #3103, #1217 ) ;
#2088 =( LENGTH_UNIT ( ) NAMED_UNIT ( * ) SI_UNIT ( .MILLI., .METRE. ) );
#2089 = VECTOR ( 'NONE', #713, 1000.000000000000000 ) ;
#2090 = EDGE_LOOP ( 'NONE', ( #617, #948, #761, #1994 ) ) ;
#2091 = DIRECTION ( 'NONE',  ( 0.0000000000000000000, -0.0000000000000000000, -1.000000000000000000 ) ) ;
#2092 = DIRECTION ( 'NONE',  ( 0.7071067811865442421, 0.0000000000000000000, 0.7071067811865509034 ) ) ;
#2093 = ORIENTED_EDGE ( 'NONE', *, *, #206, .F. ) ;
#2094 = ORIENTED_EDGE ( 'NONE', *, *, #1575, .F. ) ;
#2095 = ORIENTED_EDGE ( 'NONE', *, *, #2708, .T. ) ;
#2096 = DIRECTION ( 'NONE',  ( -1.000000000000000000, -0.0000000000000000000, -0.0000000000000000000 ) ) ;
#2097 =( LENGTH_UNIT ( ) NAMED_UNIT ( * ) SI_UNIT ( .MILLI., .METRE. ) );
#2098 = PRESENTATION_STYLE_ASSIGNMENT (( #1558 ) ) ;
#2099 = EDGE_LOOP ( 'NONE', ( #2482, #3779, #374, #3300 ) ) ;
#2100 = APPLICATION_PROTOCOL_DEFINITION ( 'draft international standard', 'automotive_design', 1998, #1762 ) ;
#2101 = DIRECTION ( 'NONE',  ( -0.0000000000000000000, -0.0000000000000000000, 1.000000000000000000 ) ) ;
#2102 = ADVANCED_FACE ( 'NONE', ( #3795 ), #2715, .T. ) ;
#2103 = VERTEX_POINT ( 'NONE', #3044 ) ;
#2104 = DIRECTION ( 'NONE',  ( -9.018912902434378532E-17, 0.0000000000000000000, -1.000000000000000000 ) ) ;
#2105 = DIRECTION ( 'NONE',  ( 0.0000000000000000000, 0.0000000000000000000, 1.000000000000000000 ) ) ;
#2106 = EDGE_CURVE ( 'NONE', #1899, #228, #683, .T. ) ;
#2107 = DIRECTION ( 'NONE',  ( -0.0000000000000000000, -1.000000000000000000, 0.0000000000000000000 ) ) ;
#2108 = EDGE_LOOP ( 'NONE', ( #3201, #382, #3810, #267 ) ) ;
#2109 = ORIENTED_EDGE ( 'NONE', *, *, #1463, .F. ) ;
#2110 = DIRECTION ( 'NONE',  ( -0.0000000000000000000, 1.000000000000000000, -0.0000000000000000000 ) ) ;
#2111 = EDGE_LOOP ( 'NONE', ( #561, #182, #3497, #1199, #511, #2559 ) ) ;
#2112 = CARTESIAN_POINT ( 'NONE',  ( 2.510003766486312404, 1.500000000000000000, 2.531417589750997621 ) ) ;
#2113 = DIRECTION ( 'NONE',  ( -0.0000000000000000000, -1.000000000000000000, -0.0000000000000000000 ) ) ;
#2114 = AXIS2_PLACEMENT_3D ( 'NONE', #2017, #2640, #3249 ) ;
#2115 = CARTESIAN_POINT ( 'NONE',  ( 2.686780461782905416, 0.7000000000000099476, -2.649615641284944534 ) ) ;
#2116 = LINE ( 'NONE', #2218, #2012 ) ;
#2117 = EDGE_CURVE ( 'NONE', #1385, #2103, #297, .T. ) ;
#2118 = PRODUCT_CONTEXT ( 'NONE', #1762, 'mechanical' ) ;
#2119 = DIRECTION ( 'NONE',  ( 0.6860128686890036853, 4.751822441137446782E-17, 0.7275894061853044326 ) ) ;
#2120 = SHAPE_DEFINITION_REPRESENTATION ( #2269, #2375 ) ;
#2121 = VECTOR ( 'NONE', #3132, 1000.000000000000000 ) ;
#2122 = CARTESIAN_POINT ( 'NONE',  ( 2.898912496138913664, 1.500000000000000000, -2.920326319403598880 ) ) ;
#2123 = ADVANCED_FACE ( 'NONE', ( #2888 ), #3022, .F. ) ;
#2124 = DIRECTION ( 'NONE',  ( 0.0000000000000000000, -1.000000000000000000, 0.0000000000000000000 ) ) ;
#2125 = CARTESIAN_POINT ( 'NONE',  ( 2.686780461782905416, 0.7000000000000099476, 3.049615641284944889 ) ) ;
#2126 = CARTESIAN_POINT ( 'NONE',  ( 2.828201818020259051, 1.500000000000000000, -2.849615641284944267 ) ) ;
#2127 = DIRECTION ( 'NONE',  ( -0.0000000000000000000, 0.0000000000000000000, 1.000000000000000000 ) ) ;
#2128 = EDGE_CURVE ( 'NONE', #334, #2587, #2073, .T. ) ;
#2129 = CARTESIAN_POINT ( 'NONE',  ( -3.300000000000000711, 3.000000000000000000, -2.349999999999999201 ) ) ;
#2130 = DIRECTION ( 'NONE',  ( 0.0000000000000000000, 0.0000000000000000000, 1.000000000000000000 ) ) ;
#2131 = VECTOR ( 'NONE', #2608, 1000.000000000000000 ) ;
#2132 = MECHANICAL_DESIGN_GEOMETRIC_PRESENTATION_REPRESENTATION (  '', ( #3699 ), #79 ) ;
#2133 = EDGE_CURVE ( 'NONE', #3787, #35, #916, .T. ) ;
#2134 = AXIS2_PLACEMENT_3D ( 'NONE', #821, #3351, #1473 ) ;
#2135 = DIRECTION ( 'NONE',  ( -0.7071067811865473507, 0.0000000000000000000, 0.7071067811865477948 ) ) ;
#2136 = PLANE ( 'NONE',  #537 ) ;
#2137 = VECTOR ( 'NONE', #2565, 1000.000000000000000 ) ;
#2138 = ORIENTED_EDGE ( 'NONE', *, *, #3619, .F. ) ;
#2139 = CARTESIAN_POINT ( 'NONE',  ( 2.286958250307872031, 1.494731326254584713, 2.649804204871994084 ) ) ;
#2140 = ADVANCED_FACE ( 'NONE', ( #1768 ), #1485, .F. ) ;
#2141 = ORIENTED_EDGE ( 'NONE', *, *, #1350, .F. ) ;
#2142 = VECTOR ( 'NONE', #2836, 999.9999999999998863 ) ;
#2143 = ORIENTED_EDGE ( 'NONE', *, *, #3519, .T. ) ;
#2144 = ORIENTED_EDGE ( 'NONE', *, *, #2341, .T. ) ;
#2145 = CARTESIAN_POINT ( 'NONE',  ( 1.599999999999998979, 0.1999999999999996503, 3.299999999999999378 ) ) ;
#2147 = ORIENTED_EDGE ( 'NONE', *, *, #800, .F. ) ;
#2146 = DIRECTION ( 'NONE',  ( -0.0000000000000000000, -1.000000000000000000, -0.0000000000000000000 ) ) ;
#2148 = DIRECTION ( 'NONE',  ( -0.0000000000000000000, -1.000000000000000000, 0.0000000000000000000 ) ) ;
#2149 = ORIENTED_EDGE ( 'NONE', *, *, #2655, .T. ) ;
#2150 = CARTESIAN_POINT ( 'NONE',  ( 2.668733067838941153, 1.667589078862177443, -3.030474465889763991 ) ) ;
#2151 = VERTEX_POINT ( 'NONE', #1501 ) ;
#2152 = CARTESIAN_POINT ( 'NONE',  ( 2.290217683406810867, 1.479802675848845173, 2.653261179370873357 ) ) ;
#2153 = ORIENTED_EDGE ( 'NONE', *, *, #499, .F. ) ;
#2154 = CARTESIAN_POINT ( 'NONE',  ( 2.531370849898477715, 1.500000000000000000, -3.499999999999999556 ) ) ;
#2155 = ORIENTED_EDGE ( 'NONE', *, *, #1783, .F. ) ;
#2156 = ORIENTED_EDGE ( 'NONE', *, *, #176, .F. ) ;
#2157 = MECHANICAL_DESIGN_GEOMETRIC_PRESENTATION_REPRESENTATION (  '', ( #3720 ), #1510 ) ;
#2158 = PLANE ( 'NONE',  #2009 ) ;
#2159 = EDGE_CURVE ( 'NONE', #901, #2879, #1165, .T. ) ;
#2160 = ADVANCED_FACE ( 'NONE', ( #2165 ), #3618, .T. ) ;
#2161 = VECTOR ( 'NONE', #108, 1000.000000000000000 ) ;
#2162 = DIRECTION ( 'NONE',  ( 0.0000000000000000000, -1.000000000000000000, 0.0000000000000000000 ) ) ;
#2163 = CARTESIAN_POINT ( 'NONE',  ( 2.516482793110444316, 1.966779094297168795, 2.868996901783764208 ) ) ;
#2164 = CARTESIAN_POINT ( 'NONE',  ( 2.286780461782949025, 1.250000000000001554, -3.049615641284944001 ) ) ;
#2165 = FACE_OUTER_BOUND ( 'NONE', #3725, .T. ) ;
#2166 = CARTESIAN_POINT ( 'NONE',  ( 2.666911566883273021, 1.616750839697350894, 2.628542570936829303 ) ) ;
#2167 = CARTESIAN_POINT ( 'NONE',  ( 2.686780461782949825, 1.449999999999993960, -2.649615641284943646 ) ) ;
#2168 = LINE ( 'NONE', #2186, #2072 ) ;
#2169 = VECTOR ( 'NONE', #1472, 1000.000000000000114 ) ;
#2170 = DIRECTION ( 'NONE',  ( -1.000000000000000000, 0.0000000000000000000, -1.355252715606880789E-16 ) ) ;
#2171 = CARTESIAN_POINT ( 'NONE',  ( 3.004978513316895583, 1.500000000000000000, 2.672838945988307291 ) ) ;
#2172 = FACE_OUTER_BOUND ( 'NONE', #1633, .T. ) ;
#2173 = DIRECTION ( 'NONE',  ( -0.0000000000000000000, 1.000000000000000000, -0.0000000000000000000 ) ) ;
#2174 = CARTESIAN_POINT ( 'NONE',  ( 3.086780461782948404, 0.5000000000000101030, 2.649615641284945422 ) ) ;
#2175 = CARTESIAN_POINT ( 'NONE',  ( 3.069534554875181342, 1.705504430940429694, -3.031324527897908183 ) ) ;
#2176 = AXIS2_PLACEMENT_3D ( 'NONE', #2071, #150, #3888 ) ;
#2177 = CARTESIAN_POINT ( 'NONE',  ( 2.685752753388507497, 1.530455622698589702, 2.648525647533271243 ) ) ;
#2179 = CARTESIAN_POINT ( 'NONE',  ( 2.538397986679548080, 2.299376367605729943, -2.467997864660123053 ) ) ;
#2178 = CIRCLE ( 'NONE', #1412, 0.2000000000000000944 ) ;
#2180 = ADVANCED_FACE ( 'NONE', ( #1113 ), #2429, .F. ) ;
#2181 = AXIS2_PLACEMENT_3D ( 'NONE', #1724, #480, #2985 ) ;
#2182 = CARTESIAN_POINT ( 'NONE',  ( 3.086780461782905771, 0.7000000000000101696, 3.049615641284944889 ) ) ;
#2183 = EDGE_CURVE ( 'NONE', #2447, #334, #3510, .T. ) ;
#2184 = LINE ( 'NONE', #1601, #1326 ) ;
#2185 = ORIENTED_EDGE ( 'NONE', *, *, #1018, .F. ) ;
#2186 = CARTESIAN_POINT ( 'NONE',  ( 1.599999999999998757, 0.1499999999999999944, -2.000000000000000000 ) ) ;
#2187 = VECTOR ( 'NONE', #409, 1000.000000000000000 ) ;
#2188 = EDGE_CURVE ( 'NONE', #521, #39, #1418, .T. ) ;
#2189 = CARTESIAN_POINT ( 'NONE',  ( 2.898912496138913664, 1.500000000000000000, 2.778904963166289210 ) ) ;
#2190 = CARTESIAN_POINT ( 'NONE',  ( 2.738052264985511464, 2.008340605131607504, 2.279752402257356536 ) ) ;
#2191 = CARTESIAN_POINT ( 'NONE',  ( 2.516482793110444316, 1.966779094297168795, -2.868996901783764208 ) ) ;
#2192 = ORIENTED_EDGE ( 'NONE', *, *, #2454, .F. ) ;
#2193 = ORIENTED_EDGE ( 'NONE', *, *, #947, .F. ) ;
#2194 = ORIENTED_EDGE ( 'NONE', *, *, #2599, .T. ) ;
#2195 = CARTESIAN_POINT ( 'NONE',  ( 2.863557157079585469, 1.500000000000000000, 2.531417589750998065 ) ) ;
#2196 = ORIENTED_EDGE ( 'NONE', *, *, #3471, .T. ) ;
#2197 =( BOUNDED_SURFACE ( )  B_SPLINE_SURFACE ( 3, 3, ( 
 ( #557, #609, #3148, #633, #1874, #270, #917, #1556, #3703, #2504, #1880, #2474, #2835, #4020, #3434, #3991, #1900, #588, #928, #2789 ),
 ( #2190, #303, #1222, #1569, #625, #1526, #2798, #3740, #3422, #2808, #1235, #3729, #3107, #1857, #890, #330, #3690, #4006, #2174, #290 ),
 ( #2489, #7, #597, #3134, #2527, #3121, #18, #908, #2204, #941, #314, #2824, #1264, #3098, #1251, #3409, #1543, #1517, #1207, #3713 ),
 ( #3393, #1841, #2163, #84, #1937, #2873, #956, #992, #2544, #3451, #3158, #1970, #703, #2847, #3505, #1956, #347, #37, #1006, #1914 ),
 ( #2886, #2283, #61, #2262, #2895, #1279, #3207, #69, #647, #2560, #3780, #2247, #3466, #1610, #1580, #2581, #2229, #3185, #1596, #3762 ),
 ( #1308, #3802, #3174, #1928, #399, #662, #3753, #50, #357, #2858, #967, #1290, #2277, #3476, #1316, #372, #2568, #3791, #3488, #680 ),
 ( #978, #3193, #2591, #1622, #389, #689, #1635, #3566, #723, #2309, #3523, #1061, #143, #2323, #439, #133, #2010, #1077, #2950, #1032 ) ),
 .UNSPECIFIED., .T., .F., .F. ) 
 B_SPLINE_SURFACE_WITH_KNOTS ( ( 4, 3, 4 ),
 ( 4, 2, 2, 2, 2, 2, 2, 2, 2, 4 ),
 ( 0.0000000000000000000, 0.5000000000000000000, 1.000000000000000000 ),
 ( 0.0000000000000000000, 0.1659324438835359516, 0.2488986658253039275, 0.2903817767961879293, 0.3318648877670719033, 0.3736233322816299163, 0.4153817767961879293, 0.4988986658253038997, 0.6659324438835358961, 1.000000000000000000 ),
 .UNSPECIFIED. ) 
 GEOMETRIC_REPRESENTATION_ITEM ( )  RATIONAL_B_SPLINE_SURFACE ( (
 ( 1.000000000000000000, 1.000000000000000000, 1.000000000000000000, 1.000000000000000000, 1.000000000000000000, 1.000000000000000000, 1.000000000000000000, 1.000000000000000000, 1.000000000000000000, 1.000000000000000000, 1.000000000000000000, 1.000000000000000000, 1.000000000000000000, 1.000000000000000000, 1.000000000000000000, 1.000000000000000000, 1.000000000000000000, 1.000000000000000000, 1.000000000000000000, 1.000000000000000000),
 ( 0.3333333333333333703, 0.3333333333333333703, 0.3333333333333333703, 0.3333333333333333703, 0.3333333333333333703, 0.3333333333333333703, 0.3333333333333333703, 0.3333333333333333703, 0.3333333333333333703, 0.3333333333333333703, 0.3333333333333333703, 0.3333333333333333703, 0.3333333333333333703, 0.3333333333333333703, 0.3333333333333333703, 0.3333333333333333703, 0.3333333333333333703, 0.3333333333333333703, 0.3333333333333333703, 0.3333333333333333703),
 ( 0.3333333333333333703, 0.3333333333333333703, 0.3333333333333333703, 0.3333333333333333703, 0.3333333333333333703, 0.3333333333333333703, 0.3333333333333333703, 0.3333333333333333703, 0.3333333333333333703, 0.3333333333333333703, 0.3333333333333333703, 0.3333333333333333703, 0.3333333333333333703, 0.3333333333333333703, 0.3333333333333333703, 0.3333333333333333703, 0.3333333333333333703, 0.3333333333333333703, 0.3333333333333333703, 0.3333333333333333703),
 ( 1.000000000000000000, 1.000000000000000000, 1.000000000000000000, 1.000000000000000000, 1.000000000000000000, 1.000000000000000000, 1.000000000000000000, 1.000000000000000000, 1.000000000000000000, 1.000000000000000000, 1.000000000000000000, 1.000000000000000000, 1.000000000000000000, 1.000000000000000000, 1.000000000000000000, 1.000000000000000000, 1.000000000000000000, 1.000000000000000000, 1.000000000000000000, 1.000000000000000000),
 ( 0.3333333333333333703, 0.3333333333333333703, 0.3333333333333333703, 0.3333333333333333703, 0.3333333333333333703, 0.3333333333333333703, 0.3333333333333333703, 0.3333333333333333703, 0.3333333333333333703, 0.3333333333333333703, 0.3333333333333333703, 0.3333333333333333703, 0.3333333333333333703, 0.3333333333333333703, 0.3333333333333333703, 0.3333333333333333703, 0.3333333333333333703, 0.3333333333333333703, 0.3333333333333333703, 0.3333333333333333703),
 ( 0.3333333333333333703, 0.3333333333333333703, 0.3333333333333333703, 0.3333333333333333703, 0.3333333333333333703, 0.3333333333333333703, 0.3333333333333333703, 0.3333333333333333703, 0.3333333333333333703, 0.3333333333333333703, 0.3333333333333333703, 0.3333333333333333703, 0.3333333333333333703, 0.3333333333333333703, 0.3333333333333333703, 0.3333333333333333703, 0.3333333333333333703, 0.3333333333333333703, 0.3333333333333333703, 0.3333333333333333703),
 ( 1.000000000000000000, 1.000000000000000000, 1.000000000000000000, 1.000000000000000000, 1.000000000000000000, 1.000000000000000000, 1.000000000000000000, 1.000000000000000000, 1.000000000000000000, 1.000000000000000000, 1.000000000000000000, 1.000000000000000000, 1.000000000000000000, 1.000000000000000000, 1.000000000000000000, 1.000000000000000000, 1.000000000000000000, 1.000000000000000000, 1.000000000000000000, 1.000000000000000000) ) ) 
 REPRESENTATION_ITEM ( '' )  SURFACE ( )  );
#2198 = DIRECTION ( 'NONE',  ( 0.0000000000000000000, -0.0000000000000000000, 1.000000000000000000 ) ) ;
#2199 = CARTESIAN_POINT ( 'NONE',  ( -1.600000000000001199, 0.1499999999999999944, 3.349999999999999645 ) ) ;
#2200 = VERTEX_POINT ( 'NONE', #3932 ) ;
#2201 = ADVANCED_FACE ( 'NONE', ( #191 ), #3418, .T. ) ;
#2202 = DIRECTION ( 'NONE',  ( -0.7071067811865475727, 0.0000000000000000000, -0.7071067811865475727 ) ) ;
#2203 = ORIENTED_EDGE ( 'NONE', *, *, #878, .F. ) ;
#2204 = CARTESIAN_POINT ( 'NONE',  ( 3.086756822033302594, 1.538573145379801943, 3.049590568823194126 ) ) ;
#2205 = CARTESIAN_POINT ( 'NONE',  ( 2.686780461782905416, 0.7000000000000099476, -3.049615641284944889 ) ) ;
#2206 = ORIENTED_EDGE ( 'NONE', *, *, #1173, .F. ) ;
#2207 = CARTESIAN_POINT ( 'NONE',  ( -1.650000000000001021, 0.05000000000000000278, 1.979230769230769571 ) ) ;
#2208 = ORIENTED_EDGE ( 'NONE', *, *, #75, .T. ) ;
#2209 = FILL_AREA_STYLE ('',( #305 ) ) ;
#2210 = VECTOR ( 'NONE', #2392, 1000.000000000000000 ) ;
#2211 = AXIS2_PLACEMENT_3D ( 'NONE', #736, #1722, #1710 ) ;
#2212 = PLANE ( 'NONE',  #2222 ) ;
#2213 = VECTOR ( 'NONE', #2606, 1000.000000000000000 ) ;
#2214 = CARTESIAN_POINT ( 'NONE',  ( 1.650000000000001465, 0.05000000000000000278, -3.349999999999999645 ) ) ;
#2215 = EDGE_CURVE ( 'NONE', #3197, #1899, #2751, .T. ) ;
#2216 = AXIS2_PLACEMENT_3D ( 'NONE', #3062, #2148, #2267 ) ;
#2217 = COLOUR_RGB ( '',0.7921568627450980005, 0.8196078431372548767, 0.9333333333333333481 ) ;
#2219 = LINE ( 'NONE', #3960, #535 ) ;
#2218 = CARTESIAN_POINT ( 'NONE',  ( 1.826776695296637776, 0.3000000000000004885, -3.426776695296636532 ) ) ;
#2220 = CARTESIAN_POINT ( 'NONE',  ( 1.599999999999999201, 1.500000000000000000, -3.349999999999999645 ) ) ;
#2221 = CARTESIAN_POINT ( 'NONE',  ( 2.286780461782949025, 1.099999999999994760, -2.649615641284944090 ) ) ;
#2222 = AXIS2_PLACEMENT_3D ( 'NONE', #308, #1867, #2499 ) ;
#2223 = CIRCLE ( 'NONE', #3624, 0.2500000000000002220 ) ;
#2224 = VECTOR ( 'NONE', #3634, 1000.000000000000000 ) ;
#2225 = CARTESIAN_POINT ( 'NONE',  ( 3.004978513316896027, 0.3000000000000004885, -3.026392336581581244 ) ) ;
#2226 = ADVANCED_FACE ( 'NONE', ( #1263 ), #1230, .F. ) ;
#2227 = VECTOR ( 'NONE', #2511, 1000.000000000000000 ) ;
#2228 = CARTESIAN_POINT ( 'NONE',  ( 2.828201818020259051, 0.3000000000000004885, 2.849615641284944267 ) ) ;
#2229 = CARTESIAN_POINT ( 'NONE',  ( 2.286780461782969898, 0.9999999999999935607, 3.049615641284944889 ) ) ;
#2230 = CARTESIAN_POINT ( 'NONE',  ( 2.686780461782949825, 1.374999999999991784, -2.649615641284938317 ) ) ;
#2231 = AXIS2_PLACEMENT_3D ( 'NONE', #2748, #222, #1434 ) ;
#2232 = VECTOR ( 'NONE', #2393, 1000.000000000000000 ) ;
#2233 = CARTESIAN_POINT ( 'NONE',  ( 3.086756822033302594, 1.538573145379801943, -3.049590568823194126 ) ) ;
#2234 = CARTESIAN_POINT ( 'NONE',  ( 2.500000000000000444, 0.05000000000000000278, 2.500000000000000444 ) ) ;
#2235 = FACE_OUTER_BOUND ( 'NONE', #2427, .T. ) ;
#2236 = AXIS2_PLACEMENT_3D ( 'NONE', #2500, #309, #4000 ) ;
#2237 = ORIENTED_EDGE ( 'NONE', *, *, #1643, .F. ) ;
#2238 = EDGE_CURVE ( 'NONE', #894, #334, #3180, .T. ) ;
#2239 = ORIENTED_EDGE ( 'NONE', *, *, #1811, .F. ) ;
#2241 = LINE ( 'NONE', #1038, #3809 ) ;
#2240 = PLANE ( 'NONE',  #3921 ) ;
#2242 = ORIENTED_EDGE ( 'NONE', *, *, #151, .F. ) ;
#2243 = CARTESIAN_POINT ( 'NONE',  ( -3.158571428571427475, 0.3000000000000004885, 3.500000000000000000 ) ) ;
#2244 = EDGE_CURVE ( 'NONE', #1134, #654, #3363, .T. ) ;
#2245 = DIRECTION ( 'NONE',  ( -1.000000000000000000, -0.0000000000000000000, 0.0000000000000000000 ) ) ;
#2246 = ORIENTED_EDGE ( 'NONE', *, *, #2244, .T. ) ;
#2247 = CARTESIAN_POINT ( 'NONE',  ( 2.286780461782949025, 1.400000000000002798, 3.049615641284944001 ) ) ;
#2248 = CARTESIAN_POINT ( 'NONE',  ( 2.686780461782949381, 1.250000000000001332, -2.649615641284944090 ) ) ;
#2249 = ORIENTED_EDGE ( 'NONE', *, *, #2783, .T. ) ;
#2250 = CARTESIAN_POINT ( 'NONE',  ( 2.686780461782949825, 1.374999999999991784, 2.649615641284938317 ) ) ;
#2251 = CARTESIAN_POINT ( 'NONE',  ( 2.288171723640674671, 1.487080666942038887, -2.651091222043129303 ) ) ;
#2252 = DIRECTION ( 'NONE',  ( -0.0000000000000000000, -1.000000000000000000, 0.0000000000000000000 ) ) ;
#2253 = ORIENTED_EDGE ( 'NONE', *, *, #3232, .F. ) ;
#2254 = ORIENTED_EDGE ( 'NONE', *, *, #2758, .T. ) ;
#2255 = ORIENTED_EDGE ( 'NONE', *, *, #2032, .T. ) ;
#2256 = CARTESIAN_POINT ( 'NONE',  ( 2.686780461782104723, 0.2999999999999992673, -3.049615641284945777 ) ) ;
#2257 = DIRECTION ( 'NONE',  ( 0.0000000000000000000, 0.0000000000000000000, 1.000000000000000000 ) ) ;
#2258 = DIRECTION ( 'NONE',  ( -0.0000000000000000000, 1.000000000000000000, -0.0000000000000000000 ) ) ;
#2259 = ORIENTED_EDGE ( 'NONE', *, *, #1917, .F. ) ;
#2260 = ORIENTED_EDGE ( 'NONE', *, *, #3314, .F. ) ;
#2261 = ORIENTED_EDGE ( 'NONE', *, *, #343, .F. ) ;
#2262 = CARTESIAN_POINT ( 'NONE',  ( 2.252930486305068314, 1.652863210691572604, 3.013714152141757197 ) ) ;
#2263 = CARTESIAN_POINT ( 'NONE',  ( 2.286779257039877944, 1.488832955507132905, -2.649614363527140082 ) ) ;
#2264 = VECTOR ( 'NONE', #1040, 1000.000000000000000 ) ;
#2265 = EDGE_CURVE ( 'NONE', #2859, #844, #1004, .T. ) ;
#2266 = CARTESIAN_POINT ( 'NONE',  ( 2.686796089662598419, 1.470208953735842261, -3.049632216308817423 ) ) ;
#2267 = DIRECTION ( 'NONE',  ( 0.0000000000000000000, 0.0000000000000000000, 1.000000000000000000 ) ) ;
#2268 = VECTOR ( 'NONE', #2904, 999.9999999999998863 ) ;
#2269 = PRODUCT_DEFINITION_SHAPE ( 'NONE', 'NONE',  #1247 ) ;
#2270 = AXIS2_PLACEMENT_3D ( 'NONE', #2578, #991, #1341 ) ;
#2271 =( LENGTH_UNIT ( ) NAMED_UNIT ( * ) SI_UNIT ( .MILLI., .METRE. ) );
#2272 = EDGE_CURVE ( 'NONE', #2724, #2151, #2650, .T. ) ;
#2273 = LINE ( 'NONE', #1564, #449 ) ;
#2274 = LINE ( 'NONE', #1388, #1118 ) ;
#2275 = VERTEX_POINT ( 'NONE', #2796 ) ;
#2276 = CARTESIAN_POINT ( 'NONE',  ( 1.650000000000001243, 1.500000000000000000, 3.250000000000000000 ) ) ;
#2277 = CARTESIAN_POINT ( 'NONE',  ( 2.286780461782949025, 1.374999999999991784, 2.649615641284938761 ) ) ;
#2278 = DIRECTION ( 'NONE',  ( 0.0000000000000000000, 0.0000000000000000000, 1.000000000000000000 ) ) ;
#2279 = CARTESIAN_POINT ( 'NONE',  ( 2.286780461782947693, 0.5000000000000101030, -3.049615641284945333 ) ) ;
#2280 = CARTESIAN_POINT ( 'NONE',  ( 2.686780461782949381, 1.500000000000000000, 2.708194285047634597 ) ) ;
#2281 = CARTESIAN_POINT ( 'NONE',  ( 2.616069783664294768, 1.500000000000000000, -2.637483606928979984 ) ) ;
#2282 = CYLINDRICAL_SURFACE ( 'NONE', #448, 0.2500000000000002220 ) ;
#2283 = CARTESIAN_POINT ( 'NONE',  ( 2.161704707098427214, 1.750565978031467518, 2.916959537831622207 ) ) ;
#2284 = DIRECTION ( 'NONE',  ( 0.0000000000000000000, -1.000000000000000000, 0.0000000000000000000 ) ) ;
#2285 = CARTESIAN_POINT ( 'NONE',  ( 1.599999999999998979, 0.1999999999999996503, -3.299999999999999378 ) ) ;
#2286 = CIRCLE ( 'NONE', #2176, 0.09999999999999939493 ) ;
#2287 = EDGE_LOOP ( 'NONE', ( #367, #1742, #3295, #3402 ) ) ;
#2288 = CARTESIAN_POINT ( 'NONE',  ( 2.286780461782949025, 1.099999999999994760, -3.049615641284944001 ) ) ;
#2289 = PLANE ( 'NONE',  #152 ) ;
#2290 = EDGE_LOOP ( 'NONE', ( #2143, #3857, #90, #1098 ) ) ;
#2291 = ORIENTED_EDGE ( 'NONE', *, *, #1540, .T. ) ;
#2292 = EDGE_CURVE ( 'NONE', #2432, #1150, #2987, .T. ) ;
#2293 = CARTESIAN_POINT ( 'NONE',  ( -3.300000000000000711, 3.000000000000000000, 2.349999999999999201 ) ) ;
#2294 = ORIENTED_EDGE ( 'NONE', *, *, #381, .F. ) ;
#2295 = CARTESIAN_POINT ( 'NONE',  ( 2.828201818020259051, 1.500000000000000000, 2.849615641284944267 ) ) ;
#2296 = DIRECTION ( 'NONE',  ( 0.0000000000000000000, 1.000000000000000000, 0.0000000000000000000 ) ) ;
#2297 = AXIS2_PLACEMENT_3D ( 'NONE', #14, #2779, #1852 ) ;
#2298 = ORIENTED_EDGE ( 'NONE', *, *, #1381, .T. ) ;
#2299 = DIRECTION ( 'NONE',  ( -1.000000000000000000, 0.0000000000000000000, 0.0000000000000000000 ) ) ;
#2300 = CARTESIAN_POINT ( 'NONE',  ( 1.599999999999998757, 2.858571428571428097, -3.349999999999999645 ) ) ;
#2301 = ORIENTED_EDGE ( 'NONE', *, *, #3262, .F. ) ;
#2302 = VERTEX_POINT ( 'NONE', #582 ) ;
#2303 = ORIENTED_EDGE ( 'NONE', *, *, #595, .T. ) ;
#2304 = PRESENTATION_STYLE_ASSIGNMENT (( #2488 ) ) ;
#2305 = CARTESIAN_POINT ( 'NONE',  ( 1.599999999999998757, 0.1499999999999999944, -2.000000000000000000 ) ) ;
#2306 = CARTESIAN_POINT ( 'NONE',  ( 2.686780461782949825, 1.374999999999991784, 2.649615641284938317 ) ) ;
#2308 = LINE ( 'NONE', #2753, #2066 ) ;
#2307 = DIRECTION ( 'NONE',  ( 0.0000000000000000000, 0.0000000000000000000, -1.000000000000000000 ) ) ;
#2309 = CARTESIAN_POINT ( 'NONE',  ( 2.686787425812671160, 1.479794837000475871, 2.649623027377072670 ) ) ;
#2310 = DIRECTION ( 'NONE',  ( 0.7071067811865507924, 0.0000000000000000000, -0.7071067811865441310 ) ) ;
#2311 = LINE ( 'NONE', #1351, #193 ) ;
#2312 = VECTOR ( 'NONE', #1343, 1000.000000000000114 ) ;
#2313 = EDGE_CURVE ( 'NONE', #1644, #2972, #1818, .T. ) ;
#2314 = CARTESIAN_POINT ( 'NONE',  ( 1.650000000000001243, 0.3000000000000004885, -3.250000000000000000 ) ) ;
#2315 = CARTESIAN_POINT ( 'NONE',  ( 0.0000000000000000000, 0.0000000000000000000, 0.0000000000000000000 ) ) ;
#2316 = CIRCLE ( 'NONE', #2087, 0.2000000000000002887 ) ;
#2317 = CIRCLE ( 'NONE', #73, 0.09999999999999982514 ) ;
#2318 = AXIS2_PLACEMENT_3D ( 'NONE', #3657, #3616, #791 ) ;
#2319 = CARTESIAN_POINT ( 'NONE',  ( 2.757491139901603994, 1.500000000000000000, 2.637483606928980873 ) ) ;
#2320 = EDGE_CURVE ( 'NONE', #3060, #2981, #1210, .T. ) ;
#2321 = CARTESIAN_POINT ( 'NONE',  ( 2.666911566883273021, 1.616750839697350894, 2.628542570936829303 ) ) ;
#2322 = FACE_OUTER_BOUND ( 'NONE', #1088, .T. ) ;
#2323 = CARTESIAN_POINT ( 'NONE',  ( 2.686780461782949825, 1.300000000000012923, 2.649615641284954748 ) ) ;
#2324 = CARTESIAN_POINT ( 'NONE',  ( 2.655177182770872335, 1.642717347057615962, -2.616097012029726887 ) ) ;
#2325 = DIRECTION ( 'NONE',  ( -1.000000000000000000, 0.0000000000000000000, -0.0000000000000000000 ) ) ;
#2326 = VECTOR ( 'NONE', #812, 1000.000000000000000 ) ;
#2327 = DIRECTION ( 'NONE',  ( -0.7071067811865507924, 0.0000000000000000000, -0.7071067811865441310 ) ) ;
#2328 = EDGE_CURVE ( 'NONE', #1955, #3503, #2727, .T. ) ;
#2329 = LINE ( 'NONE', #2999, #739 ) ;
#2330 = VERTEX_POINT ( 'NONE', #887 ) ;
#2331 = CARTESIAN_POINT ( 'NONE',  ( 3.086780461782970608, 0.9999999999999935607, 2.649615641284944534 ) ) ;
#2332 = ORIENTED_EDGE ( 'NONE', *, *, #696, .F. ) ;
#2333 = ORIENTED_EDGE ( 'NONE', *, *, #1816, .F. ) ;
#2334 = CARTESIAN_POINT ( 'NONE',  ( 1.720710678118655634, 0.3000000000000004885, 3.320710678118654169 ) ) ;
#2335 = ORIENTED_EDGE ( 'NONE', *, *, #851, .F. ) ;
#2336 = EDGE_LOOP ( 'NONE', ( #3860, #858, #386, #3248 ) ) ;
#2337 = ORIENTED_EDGE ( 'NONE', *, *, #583, .T. ) ;
#2338 = DIRECTION ( 'NONE',  ( 1.000000000000000000, 0.0000000000000000000, -4.336808689942043768E-15 ) ) ;
#2339 = CARTESIAN_POINT ( 'NONE',  ( 3.004978513316895583, 0.3000000000000004885, -2.672838945988307291 ) ) ;
#2340 = AXIS2_PLACEMENT_3D ( 'NONE', #2687, #793, #1090 ) ;
#2341 = EDGE_CURVE ( 'NONE', #1589, #4022, #1868, .T. ) ;
#2342 = AXIS2_PLACEMENT_3D ( 'NONE', #3325, #856, #2419 ) ;
#2343 = VERTEX_POINT ( 'NONE', #2520 ) ;
#2344 = ADVANCED_FACE ( 'NONE', ( #2840 ), #3655, .T. ) ;
#2345 = ORIENTED_EDGE ( 'NONE', *, *, #1195, .F. ) ;
#2346 = CARTESIAN_POINT ( 'NONE',  ( 3.086780461782949292, 1.250000000000001554, 3.049615641284944001 ) ) ;
#2347 = ORIENTED_EDGE ( 'NONE', *, *, #3474, .F. ) ;
#2348 = ORIENTED_EDGE ( 'NONE', *, *, #366, .F. ) ;
#2349 = DIRECTION ( 'NONE',  ( 1.000000000000000000, 0.0000000000000000000, 0.0000000000000000000 ) ) ;
#2350 = CARTESIAN_POINT ( 'NONE',  ( 3.004978513316896027, 1.500000000000000000, 3.026392336581581244 ) ) ;
#2351 = DIRECTION ( 'NONE',  ( 0.0000000000000000000, 0.0000000000000000000, 1.000000000000000000 ) ) ;
#2352 = ORIENTED_EDGE ( 'NONE', *, *, #111, .T. ) ;
#2353 = ORIENTED_EDGE ( 'NONE', *, *, #1000, .F. ) ;
#2354 = CARTESIAN_POINT ( 'NONE',  ( 2.686780461782949381, 1.099999999999994760, 2.649615641284944090 ) ) ;
#2355 = CARTESIAN_POINT ( 'NONE',  ( 2.681733491058464036, 1.560140348214671402, -2.644262793546842794 ) ) ;
#2356 = DIRECTION ( 'NONE',  ( 0.0000000000000000000, 0.0000000000000000000, 1.000000000000000000 ) ) ;
#2357 = DIRECTION ( 'NONE',  ( 0.0000000000000000000, 0.0000000000000000000, -1.000000000000000000 ) ) ;
#2358 = VECTOR ( 'NONE', #578, 1000.000000000000114 ) ;
#2359 = CARTESIAN_POINT ( 'NONE',  ( -3.158571428571427475, 0.3000000000000004885, -3.350000000000000089 ) ) ;
#2360 = FACE_OUTER_BOUND ( 'NONE', #2902, .T. ) ;
#2361 = CARTESIAN_POINT ( 'NONE',  ( 2.686780461782905416, 0.7000000000000099476, -3.049615641284944889 ) ) ;
#2362 = CARTESIAN_POINT ( 'NONE',  ( 1.599999999999998979, 0.1999999999999996503, -3.299999999999999378 ) ) ;
#2363 = CIRCLE ( 'NONE', #3231, 1.000000000000000000 ) ;
#2364 = FACE_OUTER_BOUND ( 'NONE', #3403, .T. ) ;
#2365 = CARTESIAN_POINT ( 'NONE',  ( 1.650000000000001465, 0.3000000000000004885, -3.349999999999999645 ) ) ;
#2366 = DIRECTION ( 'NONE',  ( 0.0000000000000000000, 0.0000000000000000000, 1.000000000000000000 ) ) ;
#2367 = ADVANCED_FACE ( 'NONE', ( #488 ), #341, .T. ) ;
#2368 = AXIS2_PLACEMENT_3D ( 'NONE', #1166, #1457, #2105 ) ;
#2369 = EDGE_CURVE ( 'NONE', #1541, #3389, #1512, .T. ) ;
#2371 = CYLINDRICAL_SURFACE ( 'NONE', #1324, 0.2499999999999993616 ) ;
#2370 = CARTESIAN_POINT ( 'NONE',  ( 2.686780461782949381, 1.500000000000000000, -2.708194285047634597 ) ) ;
#2372 = CARTESIAN_POINT ( 'NONE',  ( 2.531370849898477715, 0.3000000000000004885, -3.499999999999999556 ) ) ;
#2373 = DIRECTION ( 'NONE',  ( 0.0000000000000000000, 0.0000000000000000000, 1.000000000000000000 ) ) ;
#2374 = CARTESIAN_POINT ( 'NONE',  ( 2.898912496138913664, 1.500000000000000000, -2.920326319403598880 ) ) ;
#2375 = ADVANCED_BREP_SHAPE_REPRESENTATION ( 'DFEG7030D-5R6M=P3', ( #3501, #3739, #1143, #3983, #3034, #2318 ), #3455 ) ;
#2376 = CYLINDRICAL_SURFACE ( 'NONE', #1616, 0.1000000000000002554 ) ;
#2377 = CARTESIAN_POINT ( 'NONE',  ( 2.686780461782949381, 0.3000000000000004885, -2.458194285047635042 ) ) ;
#2378 = FACE_OUTER_BOUND ( 'NONE', #2492, .T. ) ;
#2379 = DIRECTION ( 'NONE',  ( 0.0000000000000000000, 1.000000000000000000, 0.0000000000000000000 ) ) ;
#2380 = DIRECTION ( 'NONE',  ( -0.0000000000000000000, -1.000000000000000000, -0.0000000000000000000 ) ) ;
#2381 = LINE ( 'NONE', #3218, #3289 ) ;
#2382 = ORIENTED_EDGE ( 'NONE', *, *, #2032, .F. ) ;
#2383 = SURFACE_SIDE_STYLE ('',( #3607 ) ) ;
#2384 = EDGE_CURVE ( 'NONE', #2200, #705, #2558, .T. ) ;
#2385 = ADVANCED_FACE ( 'NONE', ( #55 ), #1948, .T. ) ;
#2386 = ORIENTED_EDGE ( 'NONE', *, *, #472, .T. ) ;
#2387 = EDGE_LOOP ( 'NONE', ( #2866, #3684 ) ) ;
#2388 = VERTEX_POINT ( 'NONE', #3774 ) ;
#2389 = CARTESIAN_POINT ( 'NONE',  ( 2.655177182770872335, 1.642717347057615962, -2.616097012029726887 ) ) ;
#2390 = DIRECTION ( 'NONE',  ( 0.0000000000000000000, 0.0000000000000000000, 1.000000000000000000 ) ) ;
#2391 = CARTESIAN_POINT ( 'NONE',  ( 2.510003766486312404, 0.3000000000000004885, 2.531417589750997621 ) ) ;
#2392 = DIRECTION ( 'NONE',  ( -0.0000000000000000000, -1.000000000000000000, -0.0000000000000000000 ) ) ;
#2393 = DIRECTION ( 'NONE',  ( -0.0000000000000000000, -1.000000000000000000, -0.0000000000000000000 ) ) ;
#2394 = AXIS2_PLACEMENT_3D ( 'NONE', #1076, #3862, #3272 ) ;
#2395 = CARTESIAN_POINT ( 'NONE',  ( 3.086795594585464375, 1.470756718493819504, -2.649631691227005259 ) ) ;
#2396 = EDGE_CURVE ( 'NONE', #3238, #3353, #1609, .T. ) ;
#2397 = DIRECTION ( 'NONE',  ( -0.0000000000000000000, -1.000000000000000000, -0.0000000000000000000 ) ) ;
#2398 = ORIENTED_EDGE ( 'NONE', *, *, #119, .F. ) ;
#2399 = ORIENTED_EDGE ( 'NONE', *, *, #4001, .F. ) ;
#2400 = FACE_OUTER_BOUND ( 'NONE', #416, .T. ) ;
#2401 = DIRECTION ( 'NONE',  ( -3.192183052533557924E-16, 1.000000000000000000, 0.0000000000000000000 ) ) ;
#2402 = DIRECTION ( 'NONE',  ( -1.000000000000000000, 0.0000000000000000000, 0.0000000000000000000 ) ) ;
#2403 = DIRECTION ( 'NONE',  ( 0.0000000000000000000, -1.000000000000000000, -0.0000000000000000000 ) ) ;
#2404 = ADVANCED_FACE ( 'NONE', ( #3270 ), #1617, .F. ) ;
#2405 = LINE ( 'NONE', #3799, #2983 ) ;
#2406 = DIRECTION ( 'NONE',  ( 0.0000000000000000000, -0.0000000000000000000, 1.000000000000000000 ) ) ;
#2407 = CARTESIAN_POINT ( 'NONE',  ( 2.898912496138913664, 1.500000000000000000, 2.920326319403598880 ) ) ;
#2408 = CARTESIAN_POINT ( 'NONE',  ( 2.686780461782949825, 1.374999999999991784, -2.649615641284938317 ) ) ;
#2409 = FACE_OUTER_BOUND ( 'NONE', #1304, .T. ) ;
#2410 = CARTESIAN_POINT ( 'NONE',  ( 1.650000000000001465, 0.1999999999999996503, -3.349999999999999645 ) ) ;
#2411 = LINE ( 'NONE', #1860, #1566 ) ;
#2412 = CIRCLE ( 'NONE', #2418, 0.09999999999999939493 ) ;
#2413 = DIRECTION ( 'NONE',  ( -3.192183052533557924E-16, 1.000000000000000000, 0.0000000000000000000 ) ) ;
#2414 = CIRCLE ( 'NONE', #2416, 0.2499999999999997780 ) ;
#2415 = VECTOR ( 'NONE', #2659, 1000.000000000000114 ) ;
#2416 = AXIS2_PLACEMENT_3D ( 'NONE', #335, #1474, #2541 ) ;
#2417 = EDGE_CURVE ( 'NONE', #35, #112, #678, .T. ) ;
#2418 = AXIS2_PLACEMENT_3D ( 'NONE', #241, #581, #3999 ) ;
#2419 = DIRECTION ( 'NONE',  ( 0.0000000000000000000, 0.0000000000000000000, -1.000000000000000000 ) ) ;
#2420 = LINE ( 'NONE', #1731, #155 ) ;
#2421 = CARTESIAN_POINT ( 'NONE',  ( 2.686780461782949381, 1.250000000000001332, -2.649615641284944090 ) ) ;
#2422 = LINE ( 'NONE', #336, #1021 ) ;
#2423 = ADVANCED_FACE ( 'NONE', ( #3885 ), #2240, .T. ) ;
#2424 = AXIS2_PLACEMENT_3D ( 'NONE', #731, #3575, #1364 ) ;
#2425 = LINE ( 'NONE', #3598, #2898 ) ;
#2426 = VECTOR ( 'NONE', #2755, 1000.000000000000000 ) ;
#2427 = EDGE_LOOP ( 'NONE', ( #48, #1239, #3294, #2445 ) ) ;
#2428 = DIRECTION ( 'NONE',  ( 1.000000000000000000, 0.0000000000000000000, 0.0000000000000000000 ) ) ;
#2429 = PLANE ( 'NONE',  #1431 ) ;
#2430 = CARTESIAN_POINT ( 'NONE',  ( 1.650000000000001465, 0.1999999999999996503, 3.349999999999999645 ) ) ;
#2431 = EDGE_CURVE ( 'NONE', #1750, #3343, #292, .T. ) ;
#2432 = VERTEX_POINT ( 'NONE', #15 ) ;
#2433 = ORIENTED_EDGE ( 'NONE', *, *, #2723, .T. ) ;
#2434 = ORIENTED_EDGE ( 'NONE', *, *, #2566, .F. ) ;
#2435 = CARTESIAN_POINT ( 'NONE',  ( 3.004978513316896027, 1.500000000000000000, 3.026392336581581244 ) ) ;
#2436 = CARTESIAN_POINT ( 'NONE',  ( 2.655177182770872335, 1.642717347057615962, -2.616097012029726887 ) ) ;
#2437 = VERTEX_POINT ( 'NONE', #2214 ) ;
#2438 = EDGE_LOOP ( 'NONE', ( #513, #2639, #471, #3918 ) ) ;
#2439 = CARTESIAN_POINT ( 'NONE',  ( 2.642192958449228968, 1.761998892263946459, 3.002325865021944207 ) ) ;
#2440 = VERTEX_POINT ( 'NONE', #656 ) ;
#2441 = MECHANICAL_DESIGN_GEOMETRIC_PRESENTATION_REPRESENTATION (  '', ( #3261 ), #1295 ) ;
#2442 = FACE_OUTER_BOUND ( 'NONE', #2108, .T. ) ;
#2443 = DIRECTION ( 'NONE',  ( -0.7071067811865461294, 0.0000000000000000000, 0.7071067811865489050 ) ) ;
#2444 = EDGE_CURVE ( 'NONE', #854, #2972, #2069, .T. ) ;
#2445 = ORIENTED_EDGE ( 'NONE', *, *, #1219, .F. ) ;
#2446 = DIRECTION ( 'NONE',  ( 0.0000000000000000000, 0.0000000000000000000, -1.000000000000000000 ) ) ;
#2447 = VERTEX_POINT ( 'NONE', #1313 ) ;
#2448 = ORIENTED_EDGE ( 'NONE', *, *, #851, .T. ) ;
#2449 = ADVANCED_FACE ( 'NONE', ( #2360 ), #3550, .T. ) ;
#2450 = CARTESIAN_POINT ( 'NONE',  ( -1.600000000000001199, 0.0000000000000000000, -3.499999999999999556 ) ) ;
#2451 = CARTESIAN_POINT ( 'NONE',  ( 2.642192958449228968, 1.761998892263946459, -3.002325865021944207 ) ) ;
#2452 = ORIENTED_EDGE ( 'NONE', *, *, #325, .F. ) ;
#2453 = SURFACE_STYLE_FILL_AREA ( #3048 ) ;
#2454 = EDGE_CURVE ( 'NONE', #1337, #1991, #2459, .T. ) ;
#2455 = CARTESIAN_POINT ( 'NONE',  ( 2.161704707098427214, 1.750565978031467518, 2.916959537831622207 ) ) ;
#2456 = LINE ( 'NONE', #1365, #138 ) ;
#2457 = CARTESIAN_POINT ( 'NONE',  ( -1.600000000000001199, 0.3000000000000004885, -3.349999999999999645 ) ) ;
#2458 = VECTOR ( 'NONE', #319, 1000.000000000000000 ) ;
#2459 = LINE ( 'NONE', #1965, #95 ) ;
#2460 = CARTESIAN_POINT ( 'NONE',  ( 2.642192958449228968, 1.761998892263946459, 3.002325865021944207 ) ) ;
#2461 = LINE ( 'NONE', #806, #144 ) ;
#2463 = LINE ( 'NONE', #3537, #3931 ) ;
#2462 = DIRECTION ( 'NONE',  ( 0.0000000000000000000, 1.000000000000000000, 0.0000000000000000000 ) ) ;
#2464 = ORIENTED_EDGE ( 'NONE', *, *, #1298, .T. ) ;
#2465 = CARTESIAN_POINT ( 'NONE',  ( 1.650000000000001688, 1.500000000000000000, -3.499999999999999556 ) ) ;
#2466 = CARTESIAN_POINT ( 'NONE',  ( 2.686780461782949825, 1.400000000000002576, -3.049615641284944001 ) ) ;
#2467 = EDGE_CURVE ( 'NONE', #2343, #3401, #1764, .T. ) ;
#2468 = LINE ( 'NONE', #1995, #3322 ) ;
#2469 = CARTESIAN_POINT ( 'NONE',  ( 2.686780461782970697, 0.9999999999999933387, 3.049615641284944889 ) ) ;
#2470 = EDGE_CURVE ( 'NONE', #3105, #2530, #2885, .T. ) ;
#2471 = LINE ( 'NONE', #1249, #1223 ) ;
#2472 = EDGE_CURVE ( 'NONE', #3958, #2724, #3080, .T. ) ;
#2473 = DIRECTION ( 'NONE',  ( 0.0000000000000000000, 0.0000000000000000000, 1.000000000000000000 ) ) ;
#2474 = CARTESIAN_POINT ( 'NONE',  ( 2.686780461782949825, 1.400000000000002576, 2.649615641284943646 ) ) ;
#2475 = CARTESIAN_POINT ( 'NONE',  ( 3.086780461782949736, 1.400000000000002798, -3.049615641284944001 ) ) ;
#2476 = CARTESIAN_POINT ( 'NONE',  ( -2.300000000000000711, 0.05000000000000012768, 2.349999999999999645 ) ) ;
#2477 = VECTOR ( 'NONE', #3916, 1000.000000000000000 ) ;
#2478 = CARTESIAN_POINT ( 'NONE',  ( 2.314543189791042010, 1.459530310180406243, 2.679060958869285969 ) ) ;
#2479 = CARTESIAN_POINT ( 'NONE',  ( 3.086780461782948404, 0.2999999999999994893, -2.649615641284945422 ) ) ;
#2480 = VECTOR ( 'NONE', #1156, 1000.000000000000114 ) ;
#2481 = ORIENTED_EDGE ( 'NONE', *, *, #1374, .T. ) ;
#2482 = ORIENTED_EDGE ( 'NONE', *, *, #3161, .F. ) ;
#2484 = EDGE_LOOP ( 'NONE', ( #2237, #1392, #801, #1292 ) ) ;
#2483 = CARTESIAN_POINT ( 'NONE',  ( 2.686764936945440496, 1.529594619542975487, 3.049599175548189489 ) ) ;
#2485 = ORIENTED_EDGE ( 'NONE', *, *, #559, .F. ) ;
#2486 = ADVANCED_FACE ( 'NONE', ( #3360 ), #451, .F. ) ;
#2487 = ORIENTED_EDGE ( 'NONE', *, *, #2133, .T. ) ;
#2488 = SURFACE_STYLE_USAGE ( .BOTH. , #289 ) ;
#2489 = CARTESIAN_POINT ( 'NONE',  ( 2.538397986679548080, 2.299376367605729943, 2.467997864660123053 ) ) ;
#2490 = CARTESIAN_POINT ( 'NONE',  ( 2.286773051857577954, 1.520616093706149252, -3.049607782273185297 ) ) ;
#2491 = LINE ( 'NONE', #3535, #2869 ) ;
#2492 = EDGE_LOOP ( 'NONE', ( #1407, #2868, #2094, #1450 ) ) ;
#2493 = CARTESIAN_POINT ( 'NONE',  ( 2.686780461782949825, 1.300000000000012923, 3.049615641284955103 ) ) ;
#2494 = CARTESIAN_POINT ( 'NONE',  ( 2.687753564820996477, 2.299376065731598917, -2.626405296022231717 ) ) ;
#2495 = ORIENTED_EDGE ( 'NONE', *, *, #1783, .T. ) ;
#2496 = ORIENTED_EDGE ( 'NONE', *, *, #2106, .F. ) ;
#2497 = ORIENTED_EDGE ( 'NONE', *, *, #1947, .F. ) ;
#2498 = AXIS2_PLACEMENT_3D ( 'NONE', #2696, #2679, #1785 ) ;
#2499 = DIRECTION ( 'NONE',  ( 0.0000000000000000000, 0.0000000000000000000, -1.000000000000000000 ) ) ;
#2500 = CARTESIAN_POINT ( 'NONE',  ( 1.599999999999998979, 0.1999999999999996503, 3.299999999999999378 ) ) ;
#2501 = EDGE_CURVE ( 'NONE', #983, #862, #2838, .T. ) ;
#2502 = CIRCLE ( 'NONE', #1194, 0.05000000000000012768 ) ;
#2503 = DIRECTION ( 'NONE',  ( 1.533215193413839913E-15, -1.000000000000000000, -0.0000000000000000000 ) ) ;
#2504 = CARTESIAN_POINT ( 'NONE',  ( 2.686787425812671160, 1.479794837000475871, 2.649623027377072670 ) ) ;
#2505 = CARTESIAN_POINT ( 'NONE',  ( 2.686796089662598419, 1.470208953735842261, -3.049632216308817423 ) ) ;
#2506 = VECTOR ( 'NONE', #2146, 1000.000000000000000 ) ;
#2507 = ADVANCED_FACE ( 'NONE', ( #3215 ), #3881, .F. ) ;
#2508 = VECTOR ( 'NONE', #2397, 1000.000000000000000 ) ;
#2509 = SURFACE_SIDE_STYLE ('',( #3273 ) ) ;
#2510 = DIRECTION ( 'NONE',  ( 0.0000000000000000000, 0.0000000000000000000, 1.000000000000000000 ) ) ;
#2511 = DIRECTION ( 'NONE',  ( 0.0000000000000000000, 0.0000000000000000000, -1.000000000000000000 ) ) ;
#2512 = FACE_OUTER_BOUND ( 'NONE', #1488, .T. ) ;
#2513 = CARTESIAN_POINT ( 'NONE',  ( 2.306981828003098478, 1.459530325463279210, -2.671041332730484719 ) ) ;
#2514 = CARTESIAN_POINT ( 'NONE',  ( 2.686780461782949381, 1.099999999999994760, -3.049615641284944445 ) ) ;
#2515 = CARTESIAN_POINT ( 'NONE',  ( 2.610893133999959925, 1.708004128343627581, -2.569129081515074908 ) ) ;
#2516 = CARTESIAN_POINT ( 'NONE',  ( 1.599999999999999201, 1.500000000000000000, -3.499999999999999556 ) ) ;
#2517 = EDGE_CURVE ( 'NONE', #2673, #3202, #3788, .T. ) ;
#2518 = FACE_OUTER_BOUND ( 'NONE', #3070, .T. ) ;
#2519 = CARTESIAN_POINT ( 'NONE',  ( 3.300000000000000711, 3.000000000000000000, -3.349999999999999201 ) ) ;
#2520 = CARTESIAN_POINT ( 'NONE',  ( 1.826776695296637776, 0.3000000000000004885, -3.426776695296636532 ) ) ;
#2521 = ADVANCED_FACE ( 'NONE', ( #1916 ), #435, .T. ) ;
#2522 = PRESENTATION_LAYER_ASSIGNMENT (  '', '', ( #3547 ) ) ;
#2523 = CIRCLE ( 'NONE', #2001, 0.1000000000000002554 ) ;
#2524 = LINE ( 'NONE', #1389, #3052 ) ;
#2525 = EDGE_CURVE ( 'NONE', #3603, #3123, #2646, .T. ) ;
#2526 = DIRECTION ( 'NONE',  ( 0.0000000000000000000, 0.0000000000000000000, -1.000000000000000000 ) ) ;
#2527 = CARTESIAN_POINT ( 'NONE',  ( 3.018886841925696896, 1.898947056112458398, 2.977607256587905482 ) ) ;
#2528 = CARTESIAN_POINT ( 'NONE',  ( 2.678738258325130239, 1.574680337432693644, -2.641086031556939773 ) ) ;
#2529 = DIRECTION ( 'NONE',  ( -0.7071067811865474617, 0.0000000000000000000, 0.7071067811865474617 ) ) ;
#2530 = VERTEX_POINT ( 'NONE', #1658 ) ;
#2531 = LINE ( 'NONE', #3590, #2678 ) ;
#2532 = ORIENTED_EDGE ( 'NONE', *, *, #716, .F. ) ;
#2533 = CARTESIAN_POINT ( 'NONE',  ( 2.921877669732689586, 1.951991953385532996, -2.474718740625557523 ) ) ;
#2534 = EDGE_LOOP ( 'NONE', ( #1746, #478, #43, #1631 ) ) ;
#2535 = EDGE_LOOP ( 'NONE', ( #3824, #217, #2487, #2303 ) ) ;
#2536 = ORIENTED_EDGE ( 'NONE', *, *, #1080, .T. ) ;
#2537 = CARTESIAN_POINT ( 'NONE',  ( 2.426470588235295711, 1.879453338893068315, -2.573529411764704733 ) ) ;
#2538 = ORIENTED_EDGE ( 'NONE', *, *, #2244, .F. ) ;
#2539 = CARTESIAN_POINT ( 'NONE',  ( 1.650000000000001465, 0.1999999999999996503, 1.979230769230769571 ) ) ;
#2540 = EDGE_CURVE ( 'NONE', #1306, #3197, #2745, .T. ) ;
#2541 = DIRECTION ( 'NONE',  ( 1.000000000000000000, 0.0000000000000000000, 0.0000000000000000000 ) ) ;
#2542 = VERTEX_POINT ( 'NONE', #402 ) ;
#2543 = ORIENTED_EDGE ( 'NONE', *, *, #226, .F. ) ;
#2544 = CARTESIAN_POINT ( 'NONE',  ( 2.686764936945440496, 1.529594619542975487, 3.049599175548189489 ) ) ;
#2545 = EDGE_LOOP ( 'NONE', ( #514, #3876, #2685, #1286, #1859, #2156, #224, #3235, #3961, #3854, #2260, #1091, #82, #236 ) ) ;
#2546 = EDGE_LOOP ( 'NONE', ( #180, #560, #810, #2734 ) ) ;
#2547 = CARTESIAN_POINT ( 'NONE',  ( 3.086780461782948404, 0.2999999999999994893, -3.049615641284945333 ) ) ;
#2548 = ORIENTED_EDGE ( 'NONE', *, *, #1323, .F. ) ;
#2549 = DIRECTION ( 'NONE',  ( -1.000000000000000000, 0.0000000000000000000, 0.0000000000000000000 ) ) ;
#2550 = VECTOR ( 'NONE', #2990, 1000.000000000000000 ) ;
#2551 = AXIS2_PLACEMENT_3D ( 'NONE', #2228, #17, #1262 ) ;
#2552 = VECTOR ( 'NONE', #1573, 1000.000000000000000 ) ;
#2553 = DIRECTION ( 'NONE',  ( 0.0000000000000000000, -1.000000000000000000, 0.0000000000000000000 ) ) ;
#2554 = EDGE_CURVE ( 'NONE', #3389, #3542, #2456, .T. ) ;
#2555 = DIRECTION ( 'NONE',  ( -0.0000000000000000000, -1.000000000000000000, 0.0000000000000000000 ) ) ;
#2556 = LINE ( 'NONE', #830, #344 ) ;
#2558 = CIRCLE ( 'NONE', #1727, 0.2000000000000002887 ) ;
#2557 = PLANE ( 'NONE',  #1700 ) ;
#2559 = ORIENTED_EDGE ( 'NONE', *, *, #3262, .T. ) ;
#2560 = CARTESIAN_POINT ( 'NONE',  ( 2.286787920889805648, 1.479247072242499295, 3.049623552458884834 ) ) ;
#2561 = CARTESIAN_POINT ( 'NONE',  ( 2.686780461782905416, 0.7000000000000099476, -2.649615641284944534 ) ) ;
#2562 = LINE ( 'NONE', #1400, #2022 ) ;
#2563 = VECTOR ( 'NONE', #2997, 1000.000000000000000 ) ;
#2564 = CARTESIAN_POINT ( 'NONE',  ( 2.684474196049789541, 1.568345028017994469, -3.047169601870995947 ) ) ;
#2565 = DIRECTION ( 'NONE',  ( -0.0000000000000000000, -1.000000000000000000, -0.0000000000000000000 ) ) ;
#2566 = EDGE_CURVE ( 'NONE', #1142, #1584, #1813, .T. ) ;
#2567 = PLANE ( 'NONE',  #2681 ) ;
#2568 = CARTESIAN_POINT ( 'NONE',  ( 2.286780461782969898, 0.9999999999999935607, 2.649615641284944534 ) ) ;
#2569 = CARTESIAN_POINT ( 'NONE',  ( 2.610893133999959925, 1.708004128343627581, -2.569129081515074908 ) ) ;
#2570 = CARTESIAN_POINT ( 'NONE',  ( 3.086804258435391191, 1.461170835229185672, -3.049640880158750456 ) ) ;
#2571 = LINE ( 'NONE', #2768, #2137 ) ;
#2572 = AXIS2_PLACEMENT_3D ( 'NONE', #2842, #1909, #3463 ) ;
#2573 = ORIENTED_EDGE ( 'NONE', *, *, #2903, .T. ) ;
#2574 = EDGE_CURVE ( 'NONE', #3542, #2103, #1711, .T. ) ;
#2575 = FILL_AREA_STYLE_COLOUR ( '', #1921 ) ;
#2576 = DIRECTION ( 'NONE',  ( 1.000000000000000000, 0.0000000000000000000, -9.018912902434378532E-17 ) ) ;
#2577 = ORIENTED_EDGE ( 'NONE', *, *, #2959, .F. ) ;
#2578 = CARTESIAN_POINT ( 'NONE',  ( 2.686780461782949381, 1.500000000000000000, 2.708194285047634597 ) ) ;
#2579 = VERTEX_POINT ( 'NONE', #3532 ) ;
#2580 = ORIENTED_EDGE ( 'NONE', *, *, #1111, .T. ) ;
#2581 = CARTESIAN_POINT ( 'NONE',  ( 2.286780461782949025, 1.099999999999994760, 3.049615641284944001 ) ) ;
#2582 = CARTESIAN_POINT ( 'NONE',  ( 2.863557157079585469, 0.3000000000000004885, -2.531417589750998065 ) ) ;
#2583 = VERTEX_POINT ( 'NONE', #2305 ) ;
#2584 = CARTESIAN_POINT ( 'NONE',  ( 2.686780461782949825, 1.374999999999991784, -3.049615641284938672 ) ) ;
#2585 = CARTESIAN_POINT ( 'NONE',  ( 1.826776695296637776, 0.3000000000000004885, -3.426776695296636532 ) ) ;
#2586 = DIRECTION ( 'NONE',  ( 0.0000000000000000000, 0.0000000000000000000, -1.000000000000000000 ) ) ;
#2587 = VERTEX_POINT ( 'NONE', #3831 ) ;
#2588 = AXIS2_PLACEMENT_3D ( 'NONE', #1424, #2958, #1362 ) ;
#2589 = ORIENTED_EDGE ( 'NONE', *, *, #2834, .F. ) ;
#2590 = CARTESIAN_POINT ( 'NONE',  ( 2.828201818020259051, 0.3000000000000004885, -2.849615641284944267 ) ) ;
#2591 = CARTESIAN_POINT ( 'NONE',  ( 2.610893133999959925, 1.708004128343627581, 2.569129081515074908 ) ) ;
#2592 = DIRECTION ( 'NONE',  ( 0.0000000000000000000, 0.0000000000000000000, 1.000000000000000000 ) ) ;
#2593 = PLANE ( 'NONE',  #1748 ) ;
#2594 = VECTOR ( 'NONE', #2173, 1000.000000000000000 ) ;
#2595 = AXIS2_PLACEMENT_3D ( 'NONE', #171, #2402, #832 ) ;
#2596 = CARTESIAN_POINT ( 'NONE',  ( 3.086780461782949736, 1.400000000000002798, -3.049615641284944001 ) ) ;
#2597 = CARTESIAN_POINT ( 'NONE',  ( 1.720710678118655634, 0.3000000000000004885, -3.320710678118654169 ) ) ;
#2598 = DIRECTION ( 'NONE',  ( 0.0000000000000000000, -1.000000000000000000, 0.0000000000000000000 ) ) ;
#2599 = EDGE_CURVE ( 'NONE', #3873, #3197, #2405, .T. ) ;
#2600 = CIRCLE ( 'NONE', #1109, 0.05000000000000012768 ) ;
#2601 = DIRECTION ( 'NONE',  ( 0.0000000000000000000, 0.0000000000000000000, 1.000000000000000000 ) ) ;
#2602 = DIRECTION ( 'NONE',  ( 1.000000000000000000, 0.0000000000000000000, 0.0000000000000000000 ) ) ;
#2603 = DIRECTION ( 'NONE',  ( -1.000000000000000000, 0.0000000000000000000, 0.0000000000000000000 ) ) ;
#2604 = LINE ( 'NONE', #847, #725 ) ;
#2605 = DIRECTION ( 'NONE',  ( 1.533215193413839913E-15, -1.000000000000000000, 0.0000000000000000000 ) ) ;
#2607 = LINE ( 'NONE', #258, #1826 ) ;
#2606 = DIRECTION ( 'NONE',  ( -0.0000000000000000000, -0.0000000000000000000, 1.000000000000000000 ) ) ;
#2608 = DIRECTION ( 'NONE',  ( 1.533215193413839913E-15, -1.000000000000000000, 0.0000000000000000000 ) ) ;
#2609 = AXIS2_PLACEMENT_3D ( 'NONE', #3697, #3671, #3077 ) ;
#2610 = CARTESIAN_POINT ( 'NONE',  ( 2.828201818020259051, 0.3000000000000004885, 2.849615641284944267 ) ) ;
#2611 = CARTESIAN_POINT ( 'NONE',  ( 1.650000000000001688, 1.500000000000000000, 3.499999999999999556 ) ) ;
#2612 = UNCERTAINTY_MEASURE_WITH_UNIT (LENGTH_MEASURE( 1.000000000000000082E-05 ), #3129, 'distance_accuracy_value', 'NONE');
#2613 = CARTESIAN_POINT ( 'NONE',  ( 2.686780461782949381, 1.099999999999994760, 2.649615641284944090 ) ) ;
#2614 = VECTOR ( 'NONE', #413, 1000.000000000000000 ) ;
#2615 = DIRECTION ( 'NONE',  ( 0.0000000000000000000, 0.0000000000000000000, 1.000000000000000000 ) ) ;
#2616 = DIRECTION ( 'NONE',  ( 0.0000000000000000000, 0.0000000000000000000, 1.000000000000000000 ) ) ;
#2617 = DIRECTION ( 'NONE',  ( -0.0000000000000000000, -1.000000000000000000, 0.0000000000000000000 ) ) ;
#2618 = CARTESIAN_POINT ( 'NONE',  ( 1.650000000000001465, 1.500000000000000000, -3.349999999999999645 ) ) ;
#2619 = VECTOR ( 'NONE', #1636, 1000.000000000000000 ) ;
#2620 = ORIENTED_EDGE ( 'NONE', *, *, #2834, .T. ) ;
#2621 = CARTESIAN_POINT ( 'NONE',  ( 2.510003766486312404, 0.3000000000000004885, -2.531417589750997621 ) ) ;
#2622 = DIRECTION ( 'NONE',  ( 1.533215193413839913E-15, -1.000000000000000000, 0.0000000000000000000 ) ) ;
#2623 = ORIENTED_EDGE ( 'NONE', *, *, #2128, .F. ) ;
#2624 = CARTESIAN_POINT ( 'NONE',  ( -1.600000000000001199, 0.3000000000000004885, -3.499999999999999556 ) ) ;
#2625 = LINE ( 'NONE', #746, #936 ) ;
#2626 = EDGE_CURVE ( 'NONE', #1335, #762, #3176, .T. ) ;
#2627 = AXIS2_PLACEMENT_3D ( 'NONE', #3031, #2104, #952 ) ;
#2628 = ORIENTED_EDGE ( 'NONE', *, *, #1116, .F. ) ;
#2629 = ORIENTED_EDGE ( 'NONE', *, *, #1116, .T. ) ;
#2630 = CARTESIAN_POINT ( 'NONE',  ( 2.686796089662598419, 1.470208953735842261, -3.049632216308817423 ) ) ;
#2631 = VERTEX_POINT ( 'NONE', #2074 ) ;
#2632 = CARTESIAN_POINT ( 'NONE',  ( -1.458571428571429740, 2.858571428571428097, 3.349999999999999645 ) ) ;
#2633 = ORIENTED_EDGE ( 'NONE', *, *, #1219, .T. ) ;
#2634 = DIRECTION ( 'NONE',  ( 0.0000000000000000000, 0.0000000000000000000, -1.000000000000000000 ) ) ;
#2635 = ORIENTED_EDGE ( 'NONE', *, *, #3820, .F. ) ;
#2636 = CARTESIAN_POINT ( 'NONE',  ( 2.686780461782948493, 0.2999999999999992673, -2.649615641284945422 ) ) ;
#2637 = EDGE_LOOP ( 'NONE', ( #25, #3956, #1538, #512 ) ) ;
#2638 = CARTESIAN_POINT ( 'NONE',  ( -1.458571428571429518, 2.717142857142856194, 3.349999999999999645 ) ) ;
#2639 = ORIENTED_EDGE ( 'NONE', *, *, #499, .T. ) ;
#2640 = DIRECTION ( 'NONE',  ( 0.0000000000000000000, -1.000000000000000000, 0.0000000000000000000 ) ) ;
#2641 = ORIENTED_EDGE ( 'NONE', *, *, #1811, .T. ) ;
#2642 = LINE ( 'NONE', #3278, #2210 ) ;
#2643 = CARTESIAN_POINT ( 'NONE',  ( 0.0000000000000000000, 0.0000000000000000000, 0.0000000000000000000 ) ) ;
#2644 = CARTESIAN_POINT ( 'NONE',  ( 3.086780461782905771, 0.7000000000000101696, 2.649615641284944534 ) ) ;
#2646 = LINE ( 'NONE', #1979, #1657 ) ;
#2645 = DIRECTION ( 'NONE',  ( -0.0000000000000000000, -1.000000000000000000, 0.0000000000000000000 ) ) ;
#2647 = CARTESIAN_POINT ( 'NONE',  ( 2.686780461782949381, 1.500000000000000000, -2.708194285047634597 ) ) ;
#2648 = CARTESIAN_POINT ( 'NONE',  ( 1.720710678118655634, 1.500000000000000000, -3.320710678118654169 ) ) ;
#2649 = ADVANCED_FACE ( 'NONE', ( #1354 ), #184, .F. ) ;
#2650 = LINE ( 'NONE', #2199, #346 ) ;
#2651 = EDGE_CURVE ( 'NONE', #953, #2693, #3266, .T. ) ;
#2652 = CARTESIAN_POINT ( 'NONE',  ( 2.286780461782949025, 1.300000000000013145, -2.649615641284955192 ) ) ;
#2653 = CARTESIAN_POINT ( 'NONE',  ( -2.300000000000000711, 0.05000000000000000278, 3.499999999999999556 ) ) ;
#2654 = VECTOR ( 'NONE', #1630, 1000.000000000000000 ) ;
#2655 = EDGE_CURVE ( 'NONE', #2774, #3450, #2308, .T. ) ;
#2656 = CARTESIAN_POINT ( 'NONE',  ( 2.898912496138913664, 0.3000000000000004885, -2.920326319403598880 ) ) ;
#2657 = CARTESIAN_POINT ( 'NONE',  ( 3.086780461782949736, 1.300000000000013145, 2.649615641284955192 ) ) ;
#2658 = CARTESIAN_POINT ( 'NONE',  ( 0.0000000000000000000, 0.1499999999999999944, 0.0000000000000000000 ) ) ;
#2659 = DIRECTION ( 'NONE',  ( -0.7071067811865474617, 0.0000000000000000000, -0.7071067811865474617 ) ) ;
#2660 = CARTESIAN_POINT ( 'NONE',  ( 2.326643449082314241, 2.024971220130129979, 2.667652142966087325 ) ) ;
#2661 = DIRECTION ( 'NONE',  ( -0.7071067811865474617, 0.0000000000000000000, 0.7071067811865474617 ) ) ;
#2662 = CARTESIAN_POINT ( 'NONE',  ( -2.300000000000000711, 3.000000000000000000, 3.349999999999999645 ) ) ;
#2663 = DIRECTION ( 'NONE',  ( 0.0000000000000000000, 1.000000000000000000, 0.0000000000000000000 ) ) ;
#2664 = DIRECTION ( 'NONE',  ( 0.7071067811865474617, 0.0000000000000000000, 0.7071067811865474617 ) ) ;
#2665 = CARTESIAN_POINT ( 'NONE',  ( 2.326643449082314241, 2.024971220130129979, -2.667652142966087325 ) ) ;
#2666 = DIRECTION ( 'NONE',  ( -0.0000000000000000000, -1.000000000000000000, -0.0000000000000000000 ) ) ;
#2667 = EDGE_CURVE ( 'NONE', #2275, #1134, #816, .T. ) ;
#2668 = VECTOR ( 'NONE', #1555, 1000.000000000000000 ) ;
#2669 = ADVANCED_FACE ( 'NONE', ( #958 ), #320, .T. ) ;
#2670 = CARTESIAN_POINT ( 'NONE',  ( 2.686780461782948493, 0.5000000000000098810, 2.649615641284945422 ) ) ;
#2671 = CARTESIAN_POINT ( 'NONE',  ( 1.650000000000001465, 0.05000000000000000278, 1.979230769230769571 ) ) ;
#2672 = FACE_OUTER_BOUND ( 'NONE', #1145, .T. ) ;
#2673 = VERTEX_POINT ( 'NONE', #3054 ) ;
#2674 = DIRECTION ( 'NONE',  ( -1.000000000000000000, -0.0000000000000000000, 0.0000000000000000000 ) ) ;
#2675 = DIRECTION ( 'NONE',  ( -0.7071067811865474617, 0.0000000000000000000, -0.7071067811865474617 ) ) ;
#2676 = CARTESIAN_POINT ( 'NONE',  ( 2.510003766486312404, 0.3000000000000004885, -2.531417589750997621 ) ) ;
#2677 = EDGE_LOOP ( 'NONE', ( #2153, #3735, #1649, #3442 ) ) ;
#2678 = VECTOR ( 'NONE', #730, 1000.000000000000000 ) ;
#2679 = DIRECTION ( 'NONE',  ( 0.0000000000000000000, -1.000000000000000000, 0.0000000000000000000 ) ) ;
#2680 = DIRECTION ( 'NONE',  ( 1.000000000000000000, 0.0000000000000000000, 0.0000000000000000000 ) ) ;
#2681 = AXIS2_PLACEMENT_3D ( 'NONE', #756, #986, #911 ) ;
#2682 = DIRECTION ( 'NONE',  ( -0.0000000000000000000, -1.000000000000000000, 0.0000000000000000000 ) ) ;
#2683 = EDGE_CURVE ( 'NONE', #74, #1551, #1309, .T. ) ;
#2684 = AXIS2_PLACEMENT_3D ( 'NONE', #778, #1114, #2356 ) ;
#2685 = ORIENTED_EDGE ( 'NONE', *, *, #3146, .F. ) ;
#2686 = CARTESIAN_POINT ( 'NONE',  ( -2.300000000000000711, 2.717142857142856194, 3.349999999999999645 ) ) ;
#2687 = CARTESIAN_POINT ( 'NONE',  ( 1.650000000000001465, 0.1999999999999996503, 1.979230769230769571 ) ) ;
#2688 = ORIENTED_EDGE ( 'NONE', *, *, #2341, .F. ) ;
#2689 = ORIENTED_EDGE ( 'NONE', *, *, #3268, .F. ) ;
#2690 = CARTESIAN_POINT ( 'NONE',  ( 1.650000000000001465, 3.000000000000000000, 3.349999999999999645 ) ) ;
#2691 = DIRECTION ( 'NONE',  ( -0.0000000000000000000, -1.000000000000000000, 0.0000000000000000000 ) ) ;
#2692 = ORIENTED_EDGE ( 'NONE', *, *, #3095, .T. ) ;
#2693 = VERTEX_POINT ( 'NONE', #2225 ) ;
#2694 = EDGE_LOOP ( 'NONE', ( #3181, #807, #268, #3581 ) ) ;
#2695 = ADVANCED_FACE ( 'NONE', ( #1259 ), #2988, .F. ) ;
#2696 = CARTESIAN_POINT ( 'NONE',  ( 1.826776695296637776, 0.3000000000000004885, -3.426776695296636532 ) ) ;
#2697 = PLANE ( 'NONE',  #2684 ) ;
#2698 = CARTESIAN_POINT ( 'NONE',  ( 2.686780461782949825, 1.449999999999993960, -2.649615641284943646 ) ) ;
#2699 = CIRCLE ( 'NONE', #3443, 0.2499999999999993616 ) ;
#2700 = FILL_AREA_STYLE_COLOUR ( '', #1714 ) ;
#2701 = VECTOR ( 'NONE', #3722, 1000.000000000000000 ) ;
#2702 = PLANE ( 'NONE',  #1439 ) ;
#2703 = LINE ( 'NONE', #2961, #1008 ) ;
#2704 = VECTOR ( 'NONE', #1913, 1000.000000000000000 ) ;
#2705 = CARTESIAN_POINT ( 'NONE',  ( -3.158571428571427475, 1.500000000000000000, -3.350000000000000089 ) ) ;
#2706 = DIRECTION ( 'NONE',  ( -0.0000000000000000000, -1.000000000000000000, 0.0000000000000000000 ) ) ;
#2707 = AXIS2_PLACEMENT_3D ( 'NONE', #2057, #1124, #787 ) ;
#2708 = EDGE_CURVE ( 'NONE', #411, #2921, #2, .T. ) ;
#2710 = LINE ( 'NONE', #3943, #3837 ) ;
#2709 = CARTESIAN_POINT ( 'NONE',  ( 2.686780461779042728, 0.2999999999999992673, 2.649615641284945422 ) ) ;
#2711 = CARTESIAN_POINT ( 'NONE',  ( 1.599999999999998757, 2.858571428571428097, 3.499999999999999556 ) ) ;
#2712 = ADVANCED_FACE ( 'NONE', ( #3976 ), #3228, .F. ) ;
#2713 = VECTOR ( 'NONE', #1225, 1000.000000000000000 ) ;
#2714 = STYLED_ITEM ( 'NONE', ( #1160 ), #2375 ) ;
#2715 = PLANE ( 'NONE',  #876 ) ;
#2716 = CARTESIAN_POINT ( 'NONE',  ( 1.650000000000001243, 0.3000000000000004885, 3.250000000000000000 ) ) ;
#2717 = LINE ( 'NONE', #1395, #2326 ) ;
#2718 = SURFACE_SIDE_STYLE ('',( #3142 ) ) ;
#2719 =( NAMED_UNIT ( * ) SI_UNIT ( $, .STERADIAN. ) SOLID_ANGLE_UNIT ( ) );
#2720 = LINE ( 'NONE', #3933, #1182 ) ;
#2721 = ORIENTED_EDGE ( 'NONE', *, *, #3290, .F. ) ;
#2722 = DIRECTION ( 'NONE',  ( 0.4991356957649075166, -0.7275894061853066530, -0.4706136560069144603 ) ) ;
#2723 = EDGE_CURVE ( 'NONE', #3063, #264, #485, .T. ) ;
#2724 = VERTEX_POINT ( 'NONE', #2028 ) ;
#2725 = VERTEX_POINT ( 'NONE', #457 ) ;
#2726 = ORIENTED_EDGE ( 'NONE', *, *, #655, .F. ) ;
#2727 = B_SPLINE_CURVE_WITH_KNOTS ( 'NONE', 3,
 ( #2782, #619, #1206, #2803, #2460, #3975, #1218, #915, #2483, #3388, #3116, #3078, #3405, #900, #1524, #2816, #925, #3130, #1245, #3431 ),
 .UNSPECIFIED., .F., .F.,
 ( 4, 2, 2, 2, 2, 2, 2, 2, 2, 4 ),
 ( 0.0000000000000000000, 0.1659324438835359516, 0.2488986658253039275, 0.2903817767961879293, 0.3318648877670719033, 0.3736233322816299163, 0.4153817767961879293, 0.4988986658253038997, 0.6659324438835358961, 1.000000000000000000 ),
 .UNSPECIFIED. ) ;
#2728 = ORIENTED_EDGE ( 'NONE', *, *, #4028, .F. ) ;
#2730 = ORIENTED_EDGE ( 'NONE', *, *, #2852, .F. ) ;
#2729 = DIRECTION ( 'NONE',  ( -1.000000000000000000, 0.0000000000000000000, 0.0000000000000000000 ) ) ;
#2731 = EDGE_CURVE ( 'NONE', #275, #1644, #2932, .T. ) ;
#2732 = DIRECTION ( 'NONE',  ( -0.0000000000000000000, -0.0000000000000000000, 1.000000000000000000 ) ) ;
#2733 = ADVANCED_FACE ( 'NONE', ( #579 ), #674, .T. ) ;
#2734 = ORIENTED_EDGE ( 'NONE', *, *, #2626, .T. ) ;
#2735 = PRODUCT_DEFINITION_FORMATION_WITH_SPECIFIED_SOURCE ( 'ANY', '', #3645, .NOT_KNOWN. ) ;
#2736 = EDGE_CURVE ( 'NONE', #3353, #2343, #530, .T. ) ;
#2737 = ORIENTED_EDGE ( 'NONE', *, *, #1980, .T. ) ;
#2738 = CARTESIAN_POINT ( 'NONE',  ( 2.286787920889805648, 1.479247072242499295, 3.049623552458884834 ) ) ;
#2739 = ORIENTED_EDGE ( 'NONE', *, *, #3969, .F. ) ;
#2740 = ORIENTED_EDGE ( 'NONE', *, *, #59, .F. ) ;
#2741 = LINE ( 'NONE', #483, #2550 ) ;
#2742 = CARTESIAN_POINT ( 'NONE',  ( 2.757491139901603994, 1.500000000000000000, 2.637483606928980873 ) ) ;
#2743 = DIRECTION ( 'NONE',  ( -0.7071067811865507924, 0.0000000000000000000, 0.7071067811865441310 ) ) ;
#2744 = CARTESIAN_POINT ( 'NONE',  ( 1.826776695296637776, 1.500000000000000000, 3.426776695296636532 ) ) ;
#2745 = LINE ( 'NONE', #1987, #3030 ) ;
#2746 = AXIS2_PLACEMENT_3D ( 'NONE', #2145, #2428, #1853 ) ;
#2747 = DIRECTION ( 'NONE',  ( -0.0000000000000000000, 1.000000000000000000, 0.0000000000000000000 ) ) ;
#2748 = CARTESIAN_POINT ( 'NONE',  ( -1.600000000000001199, 0.1999999999999996503, -3.299999999999999378 ) ) ;
#2749 = EDGE_CURVE ( 'NONE', #1794, #2440, #438, .T. ) ;
#2750 = CARTESIAN_POINT ( 'NONE',  ( 2.684474196049789541, 1.568345028017994469, -3.047169601870995947 ) ) ;
#2751 = LINE ( 'NONE', #2171, #2506 ) ;
#2752 = CARTESIAN_POINT ( 'NONE',  ( 2.286780461782949025, 1.374999999999991784, 3.049615641284938672 ) ) ;
#2753 = CARTESIAN_POINT ( 'NONE',  ( 1.650000000000001465, 0.1999999999999996503, -1.979230769230769571 ) ) ;
#2754 = VECTOR ( 'NONE', #3800, 1000.000000000000000 ) ;
#2755 = DIRECTION ( 'NONE',  ( 0.0000000000000000000, -1.000000000000000000, 0.0000000000000000000 ) ) ;
#2756 = VECTOR ( 'NONE', #1328, 1000.000000000000000 ) ;
#2757 = AXIS2_PLACEMENT_3D ( 'NONE', #3579, #156, #3226 ) ;
#2758 = EDGE_CURVE ( 'NONE', #130, #3767, #3648, .T. ) ;
#2759 = AXIS2_PLACEMENT_3D ( 'NONE', #424, #3836, #3227 ) ;
#2760 = CARTESIAN_POINT ( 'NONE',  ( 1.650000000000001465, 0.1999999999999996503, 1.979230769230769571 ) ) ;
#2761 = CARTESIAN_POINT ( 'NONE',  ( 1.650000000000001465, 0.3000000000000004885, -3.349999999999999645 ) ) ;
#2762 = CARTESIAN_POINT ( 'NONE',  ( 2.286787920889805648, 1.479247072242499295, -3.049623552458884834 ) ) ;
#2763 = CARTESIAN_POINT ( 'NONE',  ( 2.286780461782969898, 0.9999999999999935607, 2.649615641284944534 ) ) ;
#2764 = VECTOR ( 'NONE', #1447, 1000.000000000000000 ) ;
#2765 = VECTOR ( 'NONE', #2130, 1000.000000000000000 ) ;
#2766 = DIRECTION ( 'NONE',  ( 0.0000000000000000000, 1.000000000000000000, 0.0000000000000000000 ) ) ;
#2767 = DIRECTION ( 'NONE',  ( -0.0000000000000000000, -1.000000000000000000, 0.0000000000000000000 ) ) ;
#2768 = CARTESIAN_POINT ( 'NONE',  ( 1.650000000000001465, 0.1999999999999996503, 1.979230769230769571 ) ) ;
#2769 = EDGE_CURVE ( 'NONE', #2631, #862, #1161, .T. ) ;
#2770 = FACE_OUTER_BOUND ( 'NONE', #3870, .T. ) ;
#2771 = PLANE ( 'NONE',  #364 ) ;
#2772 = CARTESIAN_POINT ( 'NONE',  ( -3.300000000000000711, 3.000000000000000000, -3.349999999999999201 ) ) ;
#2773 = CARTESIAN_POINT ( 'NONE',  ( 2.827467328843173977, 2.210766919339072878, -2.774586560894237053 ) ) ;
#2774 = VERTEX_POINT ( 'NONE', #3886 ) ;
#2775 = ORIENTED_EDGE ( 'NONE', *, *, #2272, .T. ) ;
#2776 = CARTESIAN_POINT ( 'NONE',  ( 2.286780461782904617, 0.7000000000000101696, 3.049615641284944889 ) ) ;
#2777 = ORIENTED_EDGE ( 'NONE', *, *, #1055, .T. ) ;
#2778 = ORIENTED_EDGE ( 'NONE', *, *, #751, .F. ) ;
#2779 = DIRECTION ( 'NONE',  ( -1.000000000000000000, -0.0000000000000000000, -0.0000000000000000000 ) ) ;
#2780 = DIRECTION ( 'NONE',  ( -0.0000000000000000000, -1.000000000000000000, -0.0000000000000000000 ) ) ;
#2781 = LINE ( 'NONE', #132, #1952 ) ;
#2782 = CARTESIAN_POINT ( 'NONE',  ( 2.326643449082314241, 2.024971220130129979, 2.667652142966087325 ) ) ;
#2783 = EDGE_CURVE ( 'NONE', #1999, #2330, #3744, .T. ) ;
#2784 = ORIENTED_EDGE ( 'NONE', *, *, #672, .T. ) ;
#2785 = ORIENTED_EDGE ( 'NONE', *, *, #742, .T. ) ;
#2786 = ORIENTED_EDGE ( 'NONE', *, *, #623, .T. ) ;
#2787 = DIRECTION ( 'NONE',  ( 0.0000000000000000000, 0.0000000000000000000, 1.000000000000000000 ) ) ;
#2788 = ORIENTED_EDGE ( 'NONE', *, *, #1728, .T. ) ;
#2789 = CARTESIAN_POINT ( 'NONE',  ( 2.686780461782948493, 0.2999999999999992673, 2.649615641284945422 ) ) ;
#2790 = CARTESIAN_POINT ( 'NONE',  ( 3.086780461782948404, 0.5000000000000101030, -3.049615641284945333 ) ) ;
#2791 = ORIENTED_EDGE ( 'NONE', *, *, #280, .F. ) ;
#2792 = CARTESIAN_POINT ( 'NONE',  ( 2.286780461782949025, 1.449999999999994404, 2.649615641284943646 ) ) ;
#2793 = SURFACE_STYLE_USAGE ( .BOTH. , #2801 ) ;
#2794 = ADVANCED_FACE ( 'NONE', ( #3358 ), #3301, .T. ) ;
#2795 = DIRECTION ( 'NONE',  ( 0.7071067811865474617, 0.0000000000000000000, 0.7071067811865474617 ) ) ;
#2796 = CARTESIAN_POINT ( 'NONE',  ( 2.531370849898477715, 1.500000000000000000, -3.499999999999999556 ) ) ;
#2797 = LINE ( 'NONE', #1747, #2508 ) ;
#2798 = CARTESIAN_POINT ( 'NONE',  ( 3.075813419087166878, 1.630684682478646508, 2.637983929334863475 ) ) ;
#2799 = CARTESIAN_POINT ( 'NONE',  ( 2.286780461782969898, 0.9999999999999935607, -3.049615641284944889 ) ) ;
#2800 = VECTOR ( 'NONE', #2576, 1000.000000000000000 ) ;
#2801 = SURFACE_SIDE_STYLE ('',( #1603 ) ) ;
#2802 = DIRECTION ( 'NONE',  ( 0.0000000000000000000, 0.0000000000000000000, 1.000000000000000000 ) ) ;
#2803 = CARTESIAN_POINT ( 'NONE',  ( 2.615859994619405882, 1.820269960651880403, 2.974396963990294296 ) ) ;
#2804 = ADVANCED_FACE ( 'NONE', ( #1050 ), #2082, .T. ) ;
#2805 = MECHANICAL_DESIGN_GEOMETRIC_PRESENTATION_REPRESENTATION (  '', ( #1672 ), #3339 ) ;
#2806 = EDGE_CURVE ( 'NONE', #711, #1502, #3549, .T. ) ;
#2807 = CARTESIAN_POINT ( 'NONE',  ( 1.650000000000001465, -4.336808689942017736E-16, 3.349999999999999645 ) ) ;
#2808 = CARTESIAN_POINT ( 'NONE',  ( 3.086795594585464375, 1.470756718493819504, 2.649631691227005259 ) ) ;
#2809 = CARTESIAN_POINT ( 'NONE',  ( 2.687753564820996477, 2.299376065731598917, -2.626405296022231717 ) ) ;
#2810 = LINE ( 'NONE', #377, #1676 ) ;
#2811 = CARTESIAN_POINT ( 'NONE',  ( 2.531370849898477715, 0.3000000000000004885, 3.499999999999999556 ) ) ;
#2812 = CARTESIAN_POINT ( 'NONE',  ( 2.570006256864372229, 1.733935369313322816, -2.525764211825789918 ) ) ;
#2813 = VECTOR ( 'NONE', #3247, 1000.000000000000000 ) ;
#2814 = EDGE_LOOP ( 'NONE', ( #3596, #168, #3530, #3306 ) ) ;
#2815 = SURFACE_STYLE_USAGE ( .BOTH. , #2509 ) ;
#2817 = ORIENTED_EDGE ( 'NONE', *, *, #1490, .F. ) ;
#2816 = CARTESIAN_POINT ( 'NONE',  ( 2.686780461782949381, 1.099999999999994760, 3.049615641284944445 ) ) ;
#2818 = ORIENTED_EDGE ( 'NONE', *, *, #1350, .T. ) ;
#2819 = AXIS2_PLACEMENT_3D ( 'NONE', #2295, #65, #1303 ) ;
#2820 = VECTOR ( 'NONE', #3731, 1000.000000000000000 ) ;
#2821 = ORIENTED_EDGE ( 'NONE', *, *, #2599, .F. ) ;
#2822 = ORIENTED_EDGE ( 'NONE', *, *, #30, .T. ) ;
#2823 = EDGE_LOOP ( 'NONE', ( #115, #1698, #496, #2194 ) ) ;
#2824 = CARTESIAN_POINT ( 'NONE',  ( 3.086780461782949736, 1.400000000000002798, 3.049615641284944001 ) ) ;
#2825 = DIRECTION ( 'NONE',  ( -0.0000000000000000000, -0.0000000000000000000, 1.000000000000000000 ) ) ;
#2826 = ORIENTED_EDGE ( 'NONE', *, *, #3700, .T. ) ;
#2827 = CARTESIAN_POINT ( 'NONE',  ( 2.686780461782970697, 0.9999999999999933387, -2.649615641284944534 ) ) ;
#2828 = ADVANCED_FACE ( 'NONE', ( #237 ), #3638, .T. ) ;
#2829 = DIRECTION ( 'NONE',  ( -0.0000000000000000000, -1.000000000000000000, 0.0000000000000000000 ) ) ;
#2830 = EDGE_LOOP ( 'NONE', ( #2399, #1358, #1549, #2620 ) ) ;
#2831 = VERTEX_POINT ( 'NONE', #2709 ) ;
#2832 = EDGE_LOOP ( 'NONE', ( #2007, #1288, #3237, #3502 ) ) ;
#2833 = CARTESIAN_POINT ( 'NONE',  ( 2.686780461782948493, 0.2999999999999992673, -2.849615641284945600 ) ) ;
#2834 = EDGE_CURVE ( 'NONE', #3778, #3777, #2642, .T. ) ;
#2835 = CARTESIAN_POINT ( 'NONE',  ( 2.686780461782949825, 1.374999999999991784, 2.649615641284938317 ) ) ;
#2836 = DIRECTION ( 'NONE',  ( -0.7071067811865467956, 0.0000000000000000000, -0.7071067811865483499 ) ) ;
#2837 =( LENGTH_UNIT ( ) NAMED_UNIT ( * ) SI_UNIT ( .MILLI., .METRE. ) );
#2838 = LINE ( 'NONE', #732, #3462 ) ;
#2839 = CARTESIAN_POINT ( 'NONE',  ( 3.086780461782949292, 1.250000000000001554, -2.649615641284944090 ) ) ;
#2840 = FACE_OUTER_BOUND ( 'NONE', #1946, .T. ) ;
#2841 = EDGE_CURVE ( 'NONE', #1541, #1629, #2741, .T. ) ;
#2842 = CARTESIAN_POINT ( 'NONE',  ( 1.599999999999998979, 0.1999999999999996503, -3.299999999999999378 ) ) ;
#2843 = FACE_OUTER_BOUND ( 'NONE', #1687, .T. ) ;
#2844 = VECTOR ( 'NONE', #2766, 1000.000000000000000 ) ;
#2845 = CARTESIAN_POINT ( 'NONE',  ( 2.686780461782949381, 1.500000000000000000, 2.458194285047635042 ) ) ;
#2846 = DIRECTION ( 'NONE',  ( -0.7071067811865474617, 0.0000000000000000000, 0.7071067811865474617 ) ) ;
#2847 = CARTESIAN_POINT ( 'NONE',  ( 2.686780461782949825, 1.300000000000012923, 3.049615641284955103 ) ) ;
#2848 = DIRECTION ( 'NONE',  ( -9.018912902434378532E-17, 0.0000000000000000000, 1.000000000000000000 ) ) ;
#2850 = FACE_OUTER_BOUND ( 'NONE', #2823, .T. ) ;
#2849 = CARTESIAN_POINT ( 'NONE',  ( 2.675454626846479389, 1.634960096676457475, -3.037603392109888389 ) ) ;
#2851 = AXIS2_PLACEMENT_3D ( 'NONE', #3005, #3617, #2127 ) ;
#2852 = EDGE_CURVE ( 'NONE', #711, #387, #3507, .T. ) ;
#2853 = VECTOR ( 'NONE', #2915, 1000.000000000000000 ) ;
#2854 = DIRECTION ( 'NONE',  ( -0.0000000000000000000, 1.000000000000000000, 0.0000000000000000000 ) ) ;
#2855 = VECTOR ( 'NONE', #2661, 1000.000000000000114 ) ;
#2856 = EDGE_CURVE ( 'NONE', #3503, #2831, #286, .T. ) ;
#2857 = UNCERTAINTY_MEASURE_WITH_UNIT (LENGTH_MEASURE( 1.000000000000000082E-05 ), #2837, 'distance_accuracy_value', 'NONE');
#2858 = CARTESIAN_POINT ( 'NONE',  ( 2.286779257039877944, 1.488832955507132905, 2.649614363527140082 ) ) ;
#2859 = VERTEX_POINT ( 'NONE', #506 ) ;
#2860 = LINE ( 'NONE', #1996, #1939 ) ;
#2861 = ORIENTED_EDGE ( 'NONE', *, *, #3182, .F. ) ;
#2862 = CARTESIAN_POINT ( 'NONE',  ( 2.286780461782949025, 1.374999999999991784, -3.049615641284938672 ) ) ;
#2863 = CARTESIAN_POINT ( 'NONE',  ( 1.650000000000001465, 0.05000000000000000278, -1.979230769230769571 ) ) ;
#2864 = ORIENTED_EDGE ( 'NONE', *, *, #1173, .T. ) ;
#2865 = ORIENTED_EDGE ( 'NONE', *, *, #2215, .T. ) ;
#2866 = ORIENTED_EDGE ( 'NONE', *, *, #729, .F. ) ;
#2867 = CARTESIAN_POINT ( 'NONE',  ( -3.158571428571427475, 0.3000000000000004885, -3.500000000000000000 ) ) ;
#2868 = ORIENTED_EDGE ( 'NONE', *, *, #56, .F. ) ;
#2869 = VECTOR ( 'NONE', #2035, 1000.000000000000000 ) ;
#2870 = CARTESIAN_POINT ( 'NONE',  ( 2.686780461782949381, 1.500000000000000000, -2.708194285047634597 ) ) ;
#2871 = EDGE_LOOP ( 'NONE', ( #1844, #767, #3254, #2386 ) ) ;
#2872 = ORIENTED_EDGE ( 'NONE', *, *, #3969, .T. ) ;
#2873 = CARTESIAN_POINT ( 'NONE',  ( 2.668733067838941153, 1.667589078862177443, 3.030474465889763991 ) ) ;
#2874 = CARTESIAN_POINT ( 'NONE',  ( 3.004978513316896027, 0.3000000000000004885, 3.026392336581581244 ) ) ;
#2875 = ORIENTED_EDGE ( 'NONE', *, *, #3484, .T. ) ;
#2876 = AXIS2_PLACEMENT_3D ( 'NONE', #1653, #726, #1677 ) ;
#2877 = EDGE_CURVE ( 'NONE', #470, #3244, #2699, .T. ) ;
#2878 = CARTESIAN_POINT ( 'NONE',  ( 3.086780461782949292, 1.250000000000001554, -3.049615641284944001 ) ) ;
#2879 = VERTEX_POINT ( 'NONE', #1730 ) ;
#2880 = DIRECTION ( 'NONE',  ( 0.7071067811865477948, 0.0000000000000000000, 0.7071067811865473507 ) ) ;
#2881 = ORIENTED_EDGE ( 'NONE', *, *, #2736, .T. ) ;
#2882 = AXIS2_PLACEMENT_3D ( 'NONE', #2807, #2202, #2846 ) ;
#2883 = CARTESIAN_POINT ( 'NONE',  ( -3.158571428571427475, 1.500000000000000000, -3.500000000000000000 ) ) ;
#2884 = EDGE_CURVE ( 'NONE', #1137, #2151, #2502, .T. ) ;
#2885 = LINE ( 'NONE', #1002, #340 ) ;
#2886 = CARTESIAN_POINT ( 'NONE',  ( 2.114888911485079515, 1.750566072654528904, 2.867306421272051598 ) ) ;
#2887 = CARTESIAN_POINT ( 'NONE',  ( 2.828201818020259051, 0.3000000000000004885, -2.849615641284944267 ) ) ;
#2888 = FACE_OUTER_BOUND ( 'NONE', #1839, .T. ) ;
#2889 = CARTESIAN_POINT ( 'NONE',  ( 2.668733067838941153, 1.667589078862177443, -3.030474465889763991 ) ) ;
#2890 = DIRECTION ( 'NONE',  ( -0.0000000000000000000, -1.000000000000000000, -0.0000000000000000000 ) ) ;
#2891 = FACE_OUTER_BOUND ( 'NONE', #2832, .T. ) ;
#2892 = VECTOR ( 'NONE', #464, 1000.000000000000114 ) ;
#2893 = CARTESIAN_POINT ( 'NONE',  ( -1.600000000000001199, 0.1499999999999999944, -3.499999999999999556 ) ) ;
#2894 = PLANE ( 'NONE',  #694 ) ;
#2895 = CARTESIAN_POINT ( 'NONE',  ( 2.265499074972761484, 1.625050728415434964, 3.027044473455983820 ) ) ;
#2896 = DIRECTION ( 'NONE',  ( 0.0000000000000000000, 0.0000000000000000000, -1.000000000000000000 ) ) ;
#2897 = CARTESIAN_POINT ( 'NONE',  ( 2.290217683406810867, 1.479802675848845173, -2.653261179370873357 ) ) ;
#2898 = VECTOR ( 'NONE', #2065, 1000.000000000000000 ) ;
#2899 = CARTESIAN_POINT ( 'NONE',  ( 2.686780461782949381, 0.3000000000000004885, -2.608194285047634953 ) ) ;
#2900 = LINE ( 'NONE', #667, #2086 ) ;
#2901 = AXIS2_PLACEMENT_3D ( 'NONE', #3000, #1460, #2406 ) ;
#2902 = EDGE_LOOP ( 'NONE', ( #3114, #645, #2452, #3296 ) ) ;
#2903 = EDGE_CURVE ( 'NONE', #907, #2062, #1864, .T. ) ;
#2904 = DIRECTION ( 'NONE',  ( -0.7071067811865467956, 0.0000000000000000000, 0.7071067811865483499 ) ) ;
#2905 = ORIENTED_EDGE ( 'NONE', *, *, #2081, .F. ) ;
#2906 = DIRECTION ( 'NONE',  ( 0.7071067811865474617, 0.0000000000000000000, -0.7071067811865474617 ) ) ;
#2907 = EDGE_LOOP ( 'NONE', ( #3644, #3018, #2817, #2185 ) ) ;
#2908 = CARTESIAN_POINT ( 'NONE',  ( 2.686780461782948493, 0.5000000000000098810, 2.649615641284945422 ) ) ;
#2909 = VERTEX_POINT ( 'NONE', #3896 ) ;
#2910 = ORIENTED_EDGE ( 'NONE', *, *, #643, .F. ) ;
#2911 = CARTESIAN_POINT ( 'NONE',  ( 2.898912496138913664, 1.500000000000000000, 2.920326319403598880 ) ) ;
#2912 = DIRECTION ( 'NONE',  ( 0.0000000000000000000, -1.000000000000000000, 0.0000000000000000000 ) ) ;
#2913 = DIRECTION ( 'NONE',  ( 0.0000000000000000000, -0.0000000000000000000, -1.000000000000000000 ) ) ;
#2914 = ORIENTED_EDGE ( 'NONE', *, *, #1922, .F. ) ;
#2915 = DIRECTION ( 'NONE',  ( 0.0000000000000000000, 0.0000000000000000000, -1.000000000000000000 ) ) ;
#2916 = ORIENTED_EDGE ( 'NONE', *, *, #2989, .T. ) ;
#2917 = DIRECTION ( 'NONE',  ( 1.000000000000000000, 0.0000000000000000000, 0.0000000000000000000 ) ) ;
#2918 = DIRECTION ( 'NONE',  ( 0.0000000000000000000, -0.0000000000000000000, -1.000000000000000000 ) ) ;
#2919 = CARTESIAN_POINT ( 'NONE',  ( 2.738052264985511464, 2.008340605131607504, 2.279752402257356536 ) ) ;
#2920 = EDGE_LOOP ( 'NONE', ( #2095, #3354, #764, #1454, #4010, #1754 ) ) ;
#2921 = VERTEX_POINT ( 'NONE', #531 ) ;
#2922 = AXIS2_PLACEMENT_3D ( 'NONE', #86, #1654, #2011 ) ;
#2923 = ORIENTED_EDGE ( 'NONE', *, *, #2974, .F. ) ;
#2924 = CARTESIAN_POINT ( 'NONE',  ( -2.300000000000000711, 0.05000000000000000278, -3.499999999999999556 ) ) ;
#2925 = CARTESIAN_POINT ( 'NONE',  ( 3.004978513316895583, 0.3000000000000004885, 2.672838945988307291 ) ) ;
#2926 = CARTESIAN_POINT ( 'NONE',  ( 1.599999999999998535, 0.3000000000000004885, 3.349999999999999645 ) ) ;
#2927 = LINE ( 'NONE', #3979, #1554 ) ;
#2928 = AXIS2_PLACEMENT_3D ( 'NONE', #3171, #676, #2601 ) ;
#2929 = EDGE_CURVE ( 'NONE', #2388, #3244, #864, .T. ) ;
#2930 = DIRECTION ( 'NONE',  ( -0.0000000000000000000, -1.000000000000000000, -0.0000000000000000000 ) ) ;
#2931 = PLANE ( 'NONE',  #852 ) ;
#2932 = LINE ( 'NONE', #3569, #2213 ) ;
#2933 = AXIS2_PLACEMENT_3D ( 'NONE', #2319, #2979, #2327 ) ;
#2934 = PLANE ( 'NONE',  #2933 ) ;
#2935 = DIRECTION ( 'NONE',  ( 0.0000000000000000000, 1.000000000000000000, 0.0000000000000000000 ) ) ;
#2936 = EDGE_CURVE ( 'NONE', #2972, #562, #2927, .T. ) ;
#2937 = LINE ( 'NONE', #3233, #719 ) ;
#2938 = CARTESIAN_POINT ( 'NONE',  ( 3.086780461782948404, 0.5000000000000101030, 2.649615641284945422 ) ) ;
#2939 = DIRECTION ( 'NONE',  ( -0.0000000000000000000, -0.0000000000000000000, -1.000000000000000000 ) ) ;
#2940 = CARTESIAN_POINT ( 'NONE',  ( 1.720710678118655634, 1.500000000000000000, -3.320710678118654169 ) ) ;
#2941 = VECTOR ( 'NONE', #277, 1000.000000000000000 ) ;
#2942 = VECTOR ( 'NONE', #886, 1000.000000000000114 ) ;
#2943 = LINE ( 'NONE', #2450, #2029 ) ;
#2944 = DIRECTION ( 'NONE',  ( 0.7071067811865467956, 0.0000000000000000000, -0.7071067811865483499 ) ) ;
#2945 = DIRECTION ( 'NONE',  ( 0.7071067811865475727, -0.0000000000000000000, 0.7071067811865475727 ) ) ;
#2946 = DIRECTION ( 'NONE',  ( 0.0000000000000000000, -1.000000000000000000, 0.0000000000000000000 ) ) ;
#2947 = CARTESIAN_POINT ( 'NONE',  ( 3.018886841925696896, 1.898947056112458398, 2.977607256587905482 ) ) ;
#2948 = FACE_OUTER_BOUND ( 'NONE', #481, .T. ) ;
#2949 = CARTESIAN_POINT ( 'NONE',  ( 2.828201818020259051, 1.500000000000000000, 2.849615641284944267 ) ) ;
#2950 = CARTESIAN_POINT ( 'NONE',  ( 2.686780461782948493, 0.5000000000000098810, 2.649615641284945422 ) ) ;
#2951 = CARTESIAN_POINT ( 'NONE',  ( 2.531370849898477715, 0.3000000000000004885, -3.499999999999999556 ) ) ;
#2952 = LINE ( 'NONE', #3321, #363 ) ;
#2953 = ORIENTED_EDGE ( 'NONE', *, *, #615, .F. ) ;
#2954 = CARTESIAN_POINT ( 'NONE',  ( 2.686787425812671160, 1.479794837000475871, -2.649623027377072670 ) ) ;
#2955 = DIRECTION ( 'NONE',  ( 0.0000000000000000000, 0.0000000000000000000, -1.000000000000000000 ) ) ;
#2956 = VERTEX_POINT ( 'NONE', #233 ) ;
#2957 = AXIS2_PLACEMENT_3D ( 'NONE', #1383, #462, #502 ) ;
#2958 = DIRECTION ( 'NONE',  ( 0.0000000000000000000, 1.000000000000000000, 0.0000000000000000000 ) ) ;
#2959 = EDGE_CURVE ( 'NONE', #387, #1141, #337, .T. ) ;
#2960 = ORIENTED_EDGE ( 'NONE', *, *, #2467, .F. ) ;
#2961 = CARTESIAN_POINT ( 'NONE',  ( -2.300000000000000711, 1.500000000000000000, 3.350000000000000089 ) ) ;
#2962 = ORIENTED_EDGE ( 'NONE', *, *, #643, .T. ) ;
#2963 = ORIENTED_EDGE ( 'NONE', *, *, #2238, .T. ) ;
#2964 = ORIENTED_EDGE ( 'NONE', *, *, #1838, .F. ) ;
#2965 = CARTESIAN_POINT ( 'NONE',  ( 3.086795594585464375, 1.470756718493819504, 2.649631691227005259 ) ) ;
#2966 = PLANE ( 'NONE',  #2757 ) ;
#2967 = ORIENTED_EDGE ( 'NONE', *, *, #2128, .T. ) ;
#2968 = CARTESIAN_POINT ( 'NONE',  ( -1.600000000000001199, 0.1499999999999999944, 2.000000000000000444 ) ) ;
#2969 = CARTESIAN_POINT ( 'NONE',  ( 1.650000000000001465, 0.05000000000000000278, 1.979230769230769571 ) ) ;
#2970 = DIRECTION ( 'NONE',  ( -0.0000000000000000000, -1.000000000000000000, 0.0000000000000000000 ) ) ;
#2971 = ADVANCED_FACE ( 'NONE', ( #814 ), #2771, .T. ) ;
#2972 = VERTEX_POINT ( 'NONE', #3097 ) ;
#2973 = ORIENTED_EDGE ( 'NONE', *, *, #2431, .T. ) ;
#2974 = EDGE_CURVE ( 'NONE', #2879, #1142, #1455, .T. ) ;
#2975 = ORIENTED_EDGE ( 'NONE', *, *, #3798, .F. ) ;
#2976 = CARTESIAN_POINT ( 'NONE',  ( 2.616069783664294768, 1.500000000000000000, 2.637483606928979984 ) ) ;
#2977 = CARTESIAN_POINT ( 'NONE',  ( 3.004978513316895583, 1.500000000000000000, -2.672838945988307291 ) ) ;
#2978 = VERTEX_POINT ( 'NONE', #257 ) ;
#2979 = DIRECTION ( 'NONE',  ( 0.7071067811865442421, 0.0000000000000000000, -0.7071067811865509034 ) ) ;
#2980 = ORIENTED_EDGE ( 'NONE', *, *, #280, .T. ) ;
#2981 = VERTEX_POINT ( 'NONE', #3702 ) ;
#2983 = VECTOR ( 'NONE', #3606, 1000.000000000000114 ) ;
#2982 = DIRECTION ( 'NONE',  ( 0.0000000000000000000, -1.000000000000000000, 0.0000000000000000000 ) ) ;
#2984 = CARTESIAN_POINT ( 'NONE',  ( 2.678738258325130239, 1.574680337432693644, -2.641086031556939773 ) ) ;
#2985 = DIRECTION ( 'NONE',  ( 0.0000000000000000000, -0.0000000000000000000, -1.000000000000000000 ) ) ;
#2986 = CARTESIAN_POINT ( 'NONE',  ( 2.898912496138913664, 0.3000000000000004885, -2.920326319403598880 ) ) ;
#2987 = LINE ( 'NONE', #606, #3556 ) ;
#2988 =( BOUNDED_SURFACE ( )  B_SPLINE_SURFACE ( 3, 3, ( 
 ( #614, #2812, #2515, #3127, #1522, #1256, #1227, #628, #1241, #1863, #2167, #3427, #294, #3707, #278, #1212, #2827, #931, #1560, #3400 ),
 ( #3438, #3695, #2533, #3150, #1532, #593, #3413, #3733, #4025, #3745, #639, #12, #601, #1904, #2839, #945, #1848, #4014, #3995, #2479 ),
 ( #2179, #2494, #3112, #1547, #3717, #1878, #3479, #40, #2233, #2570, #1010, #2596, #3784, #351, #2878, #3494, #1599, #376, #3796, #2547 ),
 ( #1941, #1319, #1919, #3805, #651, #2889, #2849, #2564, #63, #2266, #3177, #3508, #2584, #3469, #665, #1639, #1310, #684, #3188, #1626 ),
 ( #3768, #959, #87, #1585, #1930, #3198, #706, #981, #1614, #1962, #3163, #1976, #2862, #361, #52, #2288, #401, #76, #2279, #391 ),
 ( #3209, #995, #1293, #691, #2897, #2251, #1281, #3458, #970, #3756, #97, #1019, #137, #2652, #1051, #714, #445, #3263, #1081, #3872 ),
 ( #3221, #412, #1036, #2324, #3841, #763, #2355, #2013, #429, #2954, #147, #743, #1716, #1669, #120, #2039, #3557, #1345, #1067, #2636 ) ),
 .UNSPECIFIED., .T., .F., .F. ) 
 B_SPLINE_SURFACE_WITH_KNOTS ( ( 4, 3, 4 ),
 ( 4, 2, 2, 2, 2, 2, 2, 2, 2, 4 ),
 ( 0.0000000000000000000, 0.5000000000000000000, 1.000000000000000000 ),
 ( 0.0000000000000000000, 0.1659324438835359516, 0.2488986658253039275, 0.2903817767961879293, 0.3318648877670719033, 0.3736233322816299163, 0.4153817767961879293, 0.4988986658253038997, 0.6659324438835358961, 1.000000000000000000 ),
 .UNSPECIFIED. ) 
 GEOMETRIC_REPRESENTATION_ITEM ( )  RATIONAL_B_SPLINE_SURFACE ( (
 ( 1.000000000000000000, 1.000000000000000000, 1.000000000000000000, 1.000000000000000000, 1.000000000000000000, 1.000000000000000000, 1.000000000000000000, 1.000000000000000000, 1.000000000000000000, 1.000000000000000000, 1.000000000000000000, 1.000000000000000000, 1.000000000000000000, 1.000000000000000000, 1.000000000000000000, 1.000000000000000000, 1.000000000000000000, 1.000000000000000000, 1.000000000000000000, 1.000000000000000000),
 ( 0.3333333333333333703, 0.3333333333333333703, 0.3333333333333333703, 0.3333333333333333703, 0.3333333333333333703, 0.3333333333333333703, 0.3333333333333333703, 0.3333333333333333703, 0.3333333333333333703, 0.3333333333333333703, 0.3333333333333333703, 0.3333333333333333703, 0.3333333333333333703, 0.3333333333333333703, 0.3333333333333333703, 0.3333333333333333703, 0.3333333333333333703, 0.3333333333333333703, 0.3333333333333333703, 0.3333333333333333703),
 ( 0.3333333333333333703, 0.3333333333333333703, 0.3333333333333333703, 0.3333333333333333703, 0.3333333333333333703, 0.3333333333333333703, 0.3333333333333333703, 0.3333333333333333703, 0.3333333333333333703, 0.3333333333333333703, 0.3333333333333333703, 0.3333333333333333703, 0.3333333333333333703, 0.3333333333333333703, 0.3333333333333333703, 0.3333333333333333703, 0.3333333333333333703, 0.3333333333333333703, 0.3333333333333333703, 0.3333333333333333703),
 ( 1.000000000000000000, 1.000000000000000000, 1.000000000000000000, 1.000000000000000000, 1.000000000000000000, 1.000000000000000000, 1.000000000000000000, 1.000000000000000000, 1.000000000000000000, 1.000000000000000000, 1.000000000000000000, 1.000000000000000000, 1.000000000000000000, 1.000000000000000000, 1.000000000000000000, 1.000000000000000000, 1.000000000000000000, 1.000000000000000000, 1.000000000000000000, 1.000000000000000000),
 ( 0.3333333333333333703, 0.3333333333333333703, 0.3333333333333333703, 0.3333333333333333703, 0.3333333333333333703, 0.3333333333333333703, 0.3333333333333333703, 0.3333333333333333703, 0.3333333333333333703, 0.3333333333333333703, 0.3333333333333333703, 0.3333333333333333703, 0.3333333333333333703, 0.3333333333333333703, 0.3333333333333333703, 0.3333333333333333703, 0.3333333333333333703, 0.3333333333333333703, 0.3333333333333333703, 0.3333333333333333703),
 ( 0.3333333333333333703, 0.3333333333333333703, 0.3333333333333333703, 0.3333333333333333703, 0.3333333333333333703, 0.3333333333333333703, 0.3333333333333333703, 0.3333333333333333703, 0.3333333333333333703, 0.3333333333333333703, 0.3333333333333333703, 0.3333333333333333703, 0.3333333333333333703, 0.3333333333333333703, 0.3333333333333333703, 0.3333333333333333703, 0.3333333333333333703, 0.3333333333333333703, 0.3333333333333333703, 0.3333333333333333703),
 ( 1.000000000000000000, 1.000000000000000000, 1.000000000000000000, 1.000000000000000000, 1.000000000000000000, 1.000000000000000000, 1.000000000000000000, 1.000000000000000000, 1.000000000000000000, 1.000000000000000000, 1.000000000000000000, 1.000000000000000000, 1.000000000000000000, 1.000000000000000000, 1.000000000000000000, 1.000000000000000000, 1.000000000000000000, 1.000000000000000000, 1.000000000000000000, 1.000000000000000000) ) ) 
 REPRESENTATION_ITEM ( '' )  SURFACE ( )  );
#2989 = EDGE_CURVE ( 'NONE', #2981, #2859, #1001, .T. ) ;
#2990 = DIRECTION ( 'NONE',  ( -0.0000000000000000000, 1.000000000000000000, -0.0000000000000000000 ) ) ;
#2991 = CARTESIAN_POINT ( 'NONE',  ( -1.458571428571429740, 2.858571428571428097, 3.499999999999999556 ) ) ;
#2992 = VECTOR ( 'NONE', #2443, 1000.000000000000114 ) ;
#2993 = DIRECTION ( 'NONE',  ( 0.0000000000000000000, 1.000000000000000000, 0.0000000000000000000 ) ) ;
#2994 = ADVANCED_FACE ( 'NONE', ( #1108 ), #1840, .F. ) ;
#2995 = LINE ( 'NONE', #3789, #1877 ) ;
#2996 = CARTESIAN_POINT ( 'NONE',  ( 2.685752753388507497, 1.530455622698589702, -2.648525647533271243 ) ) ;
#2997 = DIRECTION ( 'NONE',  ( -0.0000000000000000000, -1.000000000000000000, 0.0000000000000000000 ) ) ;
#2998 = LINE ( 'NONE', #1529, #500 ) ;
#2999 = CARTESIAN_POINT ( 'NONE',  ( 3.004978513316896027, 1.500000000000000000, -3.026392336581581244 ) ) ;
#3000 = CARTESIAN_POINT ( 'NONE',  ( -3.017142857142856016, 2.717142857142856194, 3.349999999999999645 ) ) ;
#3001 = CARTESIAN_POINT ( 'NONE',  ( 2.898912496138913664, 0.3000000000000004885, 2.920326319403598880 ) ) ;
#3002 = CARTESIAN_POINT ( 'NONE',  ( 3.084547256469142074, 1.566179919142594912, -2.647247090194547958 ) ) ;
#3003 =( LENGTH_UNIT ( ) NAMED_UNIT ( * ) SI_UNIT ( .MILLI., .METRE. ) );
#3004 = EDGE_CURVE ( 'NONE', #2725, #4015, #3461, .T. ) ;
#3006 = LINE ( 'NONE', #362, #3807 ) ;
#3005 = CARTESIAN_POINT ( 'NONE',  ( 1.599999999999998979, 0.1999999999999996503, 3.299999999999999378 ) ) ;
#3007 = VECTOR ( 'NONE', #2310, 1000.000000000000114 ) ;
#3008 = ORIENTED_EDGE ( 'NONE', *, *, #2265, .F. ) ;
#3009 = CARTESIAN_POINT ( 'NONE',  ( 2.610893133999959925, 1.708004128343627581, -2.569129081515074908 ) ) ;
#3010 = DIRECTION ( 'NONE',  ( 0.0000000000000000000, -1.000000000000000000, 0.0000000000000000000 ) ) ;
#3011 = ADVANCED_FACE ( 'NONE', ( #434 ), #3651, .T. ) ;
#3012 = ORIENTED_EDGE ( 'NONE', *, *, #2159, .F. ) ;
#3013 = ORIENTED_EDGE ( 'NONE', *, *, #2540, .T. ) ;
#3014 = EDGE_LOOP ( 'NONE', ( #3586, #3585 ) ) ;
#3015 = CARTESIAN_POINT ( 'NONE',  ( 2.686780461782948493, 0.2999999999999992673, 2.849615641284945600 ) ) ;
#3016 = CARTESIAN_POINT ( 'NONE',  ( 3.086780461782949736, 1.400000000000002798, -2.649615641284943646 ) ) ;
#3017 = EDGE_CURVE ( 'NONE', #1644, #3643, #3260, .T. ) ;
#3018 = ORIENTED_EDGE ( 'NONE', *, *, #1917, .T. ) ;
#3019 = FILL_AREA_STYLE ('',( #3267 ) ) ;
#3020 = ORIENTED_EDGE ( 'NONE', *, *, #2574, .T. ) ;
#3021 = CARTESIAN_POINT ( 'NONE',  ( 1.599999999999998979, 0.1999999999999996503, -3.499999999999999556 ) ) ;
#3022 = PLANE ( 'NONE',  #3057 ) ;
#3023 = CARTESIAN_POINT ( 'NONE',  ( 2.898912496138913664, 1.500000000000000000, -2.778904963166289210 ) ) ;
#3024 = ORIENTED_EDGE ( 'NONE', *, *, #3539, .T. ) ;
#3025 = EDGE_LOOP ( 'NONE', ( #3459, #2875, #2861, #809 ) ) ;
#3026 = ORIENTED_EDGE ( 'NONE', *, *, #458, .T. ) ;
#3027 = CARTESIAN_POINT ( 'NONE',  ( -2.300000000000000711, 3.000000000000000000, -3.349999999999999201 ) ) ;
#3028 = CARTESIAN_POINT ( 'NONE',  ( 2.898912496138913664, 0.3000000000000004885, -2.778904963166289210 ) ) ;
#3029 = ADVANCED_FACE ( 'NONE', ( #954 ), #3990, .T. ) ;
#3030 = VECTOR ( 'NONE', #3808, 1000.000000000000114 ) ;
#3031 = CARTESIAN_POINT ( 'NONE',  ( -3.158571428571427475, 1.500000000000000000, 3.350000000000000089 ) ) ;
#3032 = LINE ( 'NONE', #2359, #3362 ) ;
#3033 = LINE ( 'NONE', #116, #3749 ) ;
#3034 = MANIFOLD_SOLID_BREP ( 'Cut-Extrude4[2]', #3544 ) ;
#3035 = CARTESIAN_POINT ( 'NONE',  ( 1.650000000000001243, 1.500000000000000000, -3.250000000000000000 ) ) ;
#3036 = AXIS2_PLACEMENT_3D ( 'NONE', #977, #1632, #1327 ) ;
#3037 = AXIS2_PLACEMENT_3D ( 'NONE', #3543, #3518, #2622 ) ;
#3038 = LINE ( 'NONE', #1484, #2844 ) ;
#3039 =( NAMED_UNIT ( * ) SI_UNIT ( $, .STERADIAN. ) SOLID_ANGLE_UNIT ( ) );
#3040 = CARTESIAN_POINT ( 'NONE',  ( 2.833030685725645537, 2.008340413163365756, -2.380487090921094229 ) ) ;
#3041 = CARTESIAN_POINT ( 'NONE',  ( 2.281374698817776991, 1.564415762412485034, 3.043882256321868152 ) ) ;
#3042 =( NAMED_UNIT ( * ) SI_UNIT ( $, .STERADIAN. ) SOLID_ANGLE_UNIT ( ) );
#3043 = AXIS2_PLACEMENT_3D ( 'NONE', #1879, #673, #2896 ) ;
#3044 = CARTESIAN_POINT ( 'NONE',  ( -1.600000000000001199, 0.0000000000000000000, -3.299999999999999378 ) ) ;
#3045 = DIRECTION ( 'NONE',  ( 0.0000000000000000000, 1.000000000000000000, 0.0000000000000000000 ) ) ;
#3046 = FACE_OUTER_BOUND ( 'NONE', #3529, .T. ) ;
#3047 = LINE ( 'NONE', #507, #2232 ) ;
#3048 = FILL_AREA_STYLE ('',( #889 ) ) ;
#3049 = CARTESIAN_POINT ( 'NONE',  ( 2.898912496138913664, 0.3000000000000004885, 2.920326319403598880 ) ) ;
#3050 = CARTESIAN_POINT ( 'NONE',  ( 2.686780461782949825, 1.400000000000002576, -2.649615641284943646 ) ) ;
#3051 = VECTOR ( 'NONE', #3205, 1000.000000000000114 ) ;
#3052 = VECTOR ( 'NONE', #808, 1000.000000000000000 ) ;
#3053 = CARTESIAN_POINT ( 'NONE',  ( 2.286780461782949025, 1.099999999999994760, 3.049615641284944001 ) ) ;
#3054 = CARTESIAN_POINT ( 'NONE',  ( 3.300000000000000711, 0.04999999999999998890, 1.700000000000000400 ) ) ;
#3055 = LINE ( 'NONE', #2300, #2187 ) ;
#3056 = ORIENTED_EDGE ( 'NONE', *, *, #2061, .T. ) ;
#3057 = AXIS2_PLACEMENT_3D ( 'NONE', #3310, #2729, #2390 ) ;
#3058 = DIRECTION ( 'NONE',  ( -1.000000000000000000, 0.0000000000000000000, 1.355252715606880789E-16 ) ) ;
#3060 = VERTEX_POINT ( 'NONE', #3678 ) ;
#3059 = CARTESIAN_POINT ( 'NONE',  ( 2.757491139901603994, 0.3000000000000004885, 2.637483606928980873 ) ) ;
#3061 = EDGE_CURVE ( 'NONE', #910, #3063, #1759, .T. ) ;
#3062 = CARTESIAN_POINT ( 'NONE',  ( 2.686780461782949381, 1.500000000000000000, -2.708194285047634597 ) ) ;
#3063 = VERTEX_POINT ( 'NONE', #1153 ) ;
#3064 = ORIENTED_EDGE ( 'NONE', *, *, #1275, .T. ) ;
#3065 = CARTESIAN_POINT ( 'NONE',  ( 1.720710678118655634, 1.500000000000000000, -3.320710678118654169 ) ) ;
#3066 = DIRECTION ( 'NONE',  ( 0.0000000000000000000, 0.0000000000000000000, -1.000000000000000000 ) ) ;
#3067 = CARTESIAN_POINT ( 'NONE',  ( 2.686780461782949825, 1.374999999999991784, -3.049615641284938672 ) ) ;
#3068 = EDGE_CURVE ( 'NONE', #2909, #1940, #3211, .T. ) ;
#3069 = ORIENTED_EDGE ( 'NONE', *, *, #272, .F. ) ;
#3070 = EDGE_LOOP ( 'NONE', ( #3165, #2253, #3771, #1096 ) ) ;
#3071 = CARTESIAN_POINT ( 'NONE',  ( 2.686796089662598419, 1.470208953735842261, 3.049632216308817423 ) ) ;
#3072 = ORIENTED_EDGE ( 'NONE', *, *, #3161, .T. ) ;
#3073 = ADVANCED_FACE ( 'NONE', ( #3926 ), #1828, .F. ) ;
#3074 = EDGE_LOOP ( 'NONE', ( #1026, #940, #479, #668, #3591, #423 ) ) ;
#3075 = EDGE_LOOP ( 'NONE', ( #2345, #282, #1997, #698 ) ) ;
#3076 = EDGE_LOOP ( 'NONE', ( #4017, #3118, #2047, #135 ) ) ;
#3077 = DIRECTION ( 'NONE',  ( 0.7071067811865474617, 0.0000000000000000000, 0.7071067811865474617 ) ) ;
#3078 = CARTESIAN_POINT ( 'NONE',  ( 2.686780461782949825, 1.400000000000002576, 3.049615641284944001 ) ) ;
#3079 = CARTESIAN_POINT ( 'NONE',  ( -1.600000000000001199, 0.0000000000000000000, 3.499999999999999556 ) ) ;
#3080 = LINE ( 'NONE', #125, #3928 ) ;
#3081 = DIRECTION ( 'NONE',  ( -1.000000000000000000, -0.0000000000000000000, -0.0000000000000000000 ) ) ;
#3082 = AXIS2_PLACEMENT_3D ( 'NONE', #1471, #251, #3361 ) ;
#3083 = DIRECTION ( 'NONE',  ( 0.0000000000000000000, 0.0000000000000000000, 1.000000000000000000 ) ) ;
#3084 = CARTESIAN_POINT ( 'NONE',  ( 2.285679692969154075, 1.532620731573986816, -3.048448159209719677 ) ) ;
#3085 = EDGE_CURVE ( 'NONE', #3873, #228, #3407, .T. ) ;
#3086 = CIRCLE ( 'NONE', #497, 0.09999999999999939493 ) ;
#3087 = CARTESIAN_POINT ( 'NONE',  ( 2.286780461782969898, 0.9999999999999935607, 3.049615641284944889 ) ) ;
#3088 = AXIS2_PLACEMENT_3D ( 'NONE', #1692, #1739, #2024 ) ;
#3089 = LINE ( 'NONE', #3489, #395 ) ;
#3090 = EDGE_CURVE ( 'NONE', #32, #2432, #91, .T. ) ;
#3091 = DIRECTION ( 'NONE',  ( -0.7071067811865475727, 0.0000000000000000000, -0.7071067811865475727 ) ) ;
#3092 = LINE ( 'NONE', #2924, #3563 ) ;
#3093 = ADVANCED_FACE ( 'NONE', ( #2400 ), #624, .F. ) ;
#3094 = AXIS2_PLACEMENT_3D ( 'NONE', #2362, #2349, #3564 ) ;
#3095 = EDGE_CURVE ( 'NONE', #2343, #2921, #2116, .T. ) ;
#3096 = AXIS2_PLACEMENT_3D ( 'NONE', #2076, #1779, #188 ) ;
#3097 = CARTESIAN_POINT ( 'NONE',  ( 1.599999999999998979, -4.607859233063393845E-16, 3.299999999999999378 ) ) ;
#3098 = CARTESIAN_POINT ( 'NONE',  ( 3.086780461782949736, 1.300000000000013145, 3.049615641284955547 ) ) ;
#3099 = CARTESIAN_POINT ( 'NONE',  ( 3.059299602523393613, 1.755188749352830202, -3.020469275403571796 ) ) ;
#3100 = CARTESIAN_POINT ( 'NONE',  ( -1.650000000000001021, 0.05000000000000000278, 1.979230769230769571 ) ) ;
#3101 = CARTESIAN_POINT ( 'NONE',  ( 2.114888911485079515, 1.750566072654528904, 2.867306421272051598 ) ) ;
#3102 = VECTOR ( 'NONE', #1717, 1000.000000000000000 ) ;
#3103 = DIRECTION ( 'NONE',  ( -0.6860128686890036853, -4.751822441137446782E-17, 0.7275894061853044326 ) ) ;
#3104 = SURFACE_STYLE_FILL_AREA ( #498 ) ;
#3105 = VERTEX_POINT ( 'NONE', #3119 ) ;
#3106 = CARTESIAN_POINT ( 'NONE',  ( 2.610893133999959925, 1.708004128343627581, 2.569129081515074908 ) ) ;
#3107 = CARTESIAN_POINT ( 'NONE',  ( 3.086780461782949736, 1.374999999999991784, 2.649615641284938761 ) ) ;
#3108 = CARTESIAN_POINT ( 'NONE',  ( 3.086804258435391191, 1.461170835229185672, -3.049640880158750456 ) ) ;
#3109 = ORIENTED_EDGE ( 'NONE', *, *, #2021, .F. ) ;
#3110 = ORIENTED_EDGE ( 'NONE', *, *, #3379, .T. ) ;
#3111 = ORIENTED_EDGE ( 'NONE', *, *, #2749, .F. ) ;
#3112 = CARTESIAN_POINT ( 'NONE',  ( 2.827467328843173977, 2.210766919339072878, -2.774586560894237053 ) ) ;
#3113 = ADVANCED_FACE ( 'NONE', ( #1845 ), #2557, .F. ) ;
#3114 = ORIENTED_EDGE ( 'NONE', *, *, #30, .F. ) ;
#3115 = AXIS2_PLACEMENT_3D ( 'NONE', #252, #1854, #3482 ) ;
#3116 = CARTESIAN_POINT ( 'NONE',  ( 2.686780461782949825, 1.449999999999993960, 3.049615641284944001 ) ) ;
#3117 = EDGE_CURVE ( 'NONE', #2725, #3391, #1232, .T. ) ;
#3118 = ORIENTED_EDGE ( 'NONE', *, *, #3839, .F. ) ;
#3119 = CARTESIAN_POINT ( 'NONE',  ( -1.458571428571429740, 2.858571428571428097, -3.349999999999999645 ) ) ;
#3120 = ORIENTED_EDGE ( 'NONE', *, *, #1414, .T. ) ;
#3121 = CARTESIAN_POINT ( 'NONE',  ( 3.059299602523393613, 1.755188749352830202, 3.020469275403571796 ) ) ;
#3122 = CARTESIAN_POINT ( 'NONE',  ( 3.086780461782905771, 0.7000000000000101696, -3.049615641284944889 ) ) ;
#3123 = VERTEX_POINT ( 'NONE', #3449 ) ;
#3124 = DIRECTION ( 'NONE',  ( 1.000000000000000000, 0.0000000000000000000, 0.0000000000000000000 ) ) ;
#3125 = VERTEX_POINT ( 'NONE', #1594 ) ;
#3126 = AXIS2_PLACEMENT_3D ( 'NONE', #1023, #2031, #460 ) ;
#3127 = CARTESIAN_POINT ( 'NONE',  ( 2.655177182770872335, 1.642717347057615962, -2.616097012029726887 ) ) ;
#3128 = COLOUR_RGB ( '',0.7921568627450980005, 0.8196078431372548767, 0.9333333333333333481 ) ;
#3129 =( LENGTH_UNIT ( ) NAMED_UNIT ( * ) SI_UNIT ( .MILLI., .METRE. ) );
#3130 = CARTESIAN_POINT ( 'NONE',  ( 2.686780461782905416, 0.7000000000000099476, 3.049615641284944889 ) ) ;
#3131 = ADVANCED_FACE ( 'NONE', ( #255 ), #2376, .F. ) ;
#3133 = LINE ( 'NONE', #492, #3986 ) ;
#3132 = DIRECTION ( 'NONE',  ( -1.000000000000000000, -0.0000000000000000000, -0.0000000000000000000 ) ) ;
#3134 = CARTESIAN_POINT ( 'NONE',  ( 2.978789502933743005, 1.987676710612187758, 2.935079775838832283 ) ) ;
#3135 = CARTESIAN_POINT ( 'NONE',  ( 2.286780461782949025, 1.449999999999994404, -2.649615641284943646 ) ) ;
#3136 = EDGE_CURVE ( 'NONE', #1093, #2725, #2471, .T. ) ;
#3137 = CIRCLE ( 'NONE', #2045, 0.2000000000000002887 ) ;
#3138 = CARTESIAN_POINT ( 'NONE',  ( 2.686780461782949825, 1.449999999999993960, 2.649615641284943646 ) ) ;
#3139 = DIRECTION ( 'NONE',  ( -0.7071067811865507924, 0.0000000000000000000, -0.7071067811865441310 ) ) ;
#3140 = CARTESIAN_POINT ( 'NONE',  ( 1.650000000000001465, 1.500000000000000000, 3.349999999999999645 ) ) ;
#3141 = EDGE_CURVE ( 'NONE', #2388, #112, #1665, .T. ) ;
#3142 = SURFACE_STYLE_FILL_AREA ( #869 ) ;
#3143 = CARTESIAN_POINT ( 'NONE',  ( 2.828201818020259051, 1.500000000000000000, -2.849615641284944267 ) ) ;
#3144 = CARTESIAN_POINT ( 'NONE',  ( 2.757491139901603994, 0.3000000000000004885, -2.637483606928980873 ) ) ;
#3145 = VECTOR ( 'NONE', #2645, 1000.000000000000000 ) ;
#3146 = EDGE_CURVE ( 'NONE', #2542, #2879, #3701, .T. ) ;
#3147 = DIRECTION ( 'NONE',  ( -0.0000000000000000000, -1.000000000000000000, -0.0000000000000000000 ) ) ;
#3148 = CARTESIAN_POINT ( 'NONE',  ( 2.610893133999959925, 1.708004128343627581, 2.569129081515074908 ) ) ;
#3149 = CIRCLE ( 'NONE', #3900, 0.2000000000000002887 ) ;
#3150 = CARTESIAN_POINT ( 'NONE',  ( 3.018106691085209459, 1.810124097017924649, -2.576779823878258213 ) ) ;
#3151 = VECTOR ( 'NONE', #2446, 1000.000000000000000 ) ;
#3152 = ORIENTED_EDGE ( 'NONE', *, *, #111, .F. ) ;
#3153 = ORIENTED_EDGE ( 'NONE', *, *, #2989, .F. ) ;
#3154 = DIRECTION ( 'NONE',  ( 0.7071067811865461294, 0.0000000000000000000, 0.7071067811865489050 ) ) ;
#3155 = ORIENTED_EDGE ( 'NONE', *, *, #548, .T. ) ;
#3156 = EDGE_LOOP ( 'NONE', ( #912, #432, #1790, #803 ) ) ;
#3157 = ORIENTED_EDGE ( 'NONE', *, *, #3282, .F. ) ;
#3158 = CARTESIAN_POINT ( 'NONE',  ( 2.686780461782949825, 1.449999999999993960, 3.049615641284944001 ) ) ;
#3159 = CARTESIAN_POINT ( 'NONE',  ( 2.685752753388507497, 1.530455622698589702, -2.648525647533271243 ) ) ;
#3160 = ORIENTED_EDGE ( 'NONE', *, *, #2708, .F. ) ;
#3161 = EDGE_CURVE ( 'NONE', #1899, #1807, #187, .T. ) ;
#3162 = CARTESIAN_POINT ( 'NONE',  ( 2.686780461782949825, 1.400000000000002576, 2.649615641284943646 ) ) ;
#3163 = CARTESIAN_POINT ( 'NONE',  ( 2.286780461782949025, 1.449999999999994404, -3.049615641284944001 ) ) ;
#3164 = CARTESIAN_POINT ( 'NONE',  ( 2.531370849898477715, 1.500000000000000000, -3.499999999999999556 ) ) ;
#3165 = ORIENTED_EDGE ( 'NONE', *, *, #3061, .F. ) ;
#3166 = ORIENTED_EDGE ( 'NONE', *, *, #2841, .F. ) ;
#3167 = ORIENTED_EDGE ( 'NONE', *, *, #3117, .F. ) ;
#3168 = AXIS2_PLACEMENT_3D ( 'NONE', #3433, #4018, #2526 ) ;
#3169 = DIRECTION ( 'NONE',  ( -9.018912902434378532E-17, 0.0000000000000000000, 1.000000000000000000 ) ) ;
#3170 = EDGE_CURVE ( 'NONE', #1551, #2956, #1332, .T. ) ;
#3171 = CARTESIAN_POINT ( 'NONE',  ( 1.599999999999998979, 0.1999999999999996503, 3.299999999999999378 ) ) ;
#3172 = ORIENTED_EDGE ( 'NONE', *, *, #3750, .F. ) ;
#3173 = CARTESIAN_POINT ( 'NONE',  ( 3.300000000000000711, 3.000000000000000000, 1.700000000000000400 ) ) ;
#3174 = CARTESIAN_POINT ( 'NONE',  ( 2.299908598267229820, 1.464016303301723054, 2.663539422404591850 ) ) ;
#3175 = CARTESIAN_POINT ( 'NONE',  ( 1.650000000000001465, 0.05000000000000000278, -1.979230769230769571 ) ) ;
#3176 = LINE ( 'NONE', #2611, #2161 ) ;
#3177 = CARTESIAN_POINT ( 'NONE',  ( 2.686780461782949825, 1.449999999999993960, -3.049615641284944001 ) ) ;
#3178 = CARTESIAN_POINT ( 'NONE',  ( 2.510003766486312404, 0.3000000000000004885, 2.531417589750997621 ) ) ;
#3179 = CARTESIAN_POINT ( 'NONE',  ( 2.326643449082314241, 2.024971220130129534, 2.667652142966087769 ) ) ;
#3180 = LINE ( 'NONE', #567, #2701 ) ;
#3181 = ORIENTED_EDGE ( 'NONE', *, *, #3341, .F. ) ;
#3182 = EDGE_CURVE ( 'NONE', #1452, #415, #3225, .T. ) ;
#3183 = LINE ( 'NONE', #70, #2312 ) ;
#3184 = CARTESIAN_POINT ( 'NONE',  ( 2.686780461782905416, 0.7000000000000099476, 2.649615641284944534 ) ) ;
#3185 = CARTESIAN_POINT ( 'NONE',  ( 2.286780461782904617, 0.7000000000000101696, 3.049615641284944889 ) ) ;
#3186 = DIRECTION ( 'NONE',  ( 0.0000000000000000000, 0.0000000000000000000, 1.000000000000000000 ) ) ;
#3187 = PLANE ( 'NONE',  #333 ) ;
#3188 = CARTESIAN_POINT ( 'NONE',  ( 2.686780461782948493, 0.5000000000000098810, -3.049615641284945777 ) ) ;
#3189 = EDGE_CURVE ( 'NONE', #2005, #2831, #1481, .T. ) ;
#3190 = DIRECTION ( 'NONE',  ( 0.0000000000000000000, 0.0000000000000000000, 1.000000000000000000 ) ) ;
#3191 = VECTOR ( 'NONE', #3276, 1000.000000000000000 ) ;
#3192 = CARTESIAN_POINT ( 'NONE',  ( 2.686780461782949825, 1.400000000000002576, 2.649615641284943646 ) ) ;
#3193 = CARTESIAN_POINT ( 'NONE',  ( 2.570006256864372229, 1.733935369313322816, 2.525764211825789918 ) ) ;
#3194 = CARTESIAN_POINT ( 'NONE',  ( -1.458571428571429518, 2.717142857142856194, 3.349999999999999645 ) ) ;
#3195 = CARTESIAN_POINT ( 'NONE',  ( -3.300000000000000711, 0.05000000000000000278, 3.349999999999999645 ) ) ;
#3196 = FACE_OUTER_BOUND ( 'NONE', #848, .T. ) ;
#3197 = VERTEX_POINT ( 'NONE', #646 ) ;
#3198 = CARTESIAN_POINT ( 'NONE',  ( 2.278166533154487805, 1.579989408371525350, -3.040479656375956630 ) ) ;
#3199 = CARTESIAN_POINT ( 'NONE',  ( 2.616069783664294768, 0.3000000000000004885, 2.637483606928979984 ) ) ;
#3200 = EDGE_LOOP ( 'NONE', ( #1592, #3813, #2347, #229 ) ) ;
#3201 = ORIENTED_EDGE ( 'NONE', *, *, #2554, .T. ) ;
#3202 = VERTEX_POINT ( 'NONE', #3173 ) ;
#3203 = UNCERTAINTY_MEASURE_WITH_UNIT (LENGTH_MEASURE( 1.000000000000000082E-05 ), #2271, 'distance_accuracy_value', 'NONE');
#3204 = DIRECTION ( 'NONE',  ( 0.0000000000000000000, 0.0000000000000000000, 1.000000000000000000 ) ) ;
#3205 = DIRECTION ( 'NONE',  ( 0.7071067811865431318, 0.0000000000000000000, 0.7071067811865517916 ) ) ;
#3206 = ORIENTED_EDGE ( 'NONE', *, *, #419, .F. ) ;
#3207 = CARTESIAN_POINT ( 'NONE',  ( 2.281374698817776991, 1.564415762412485034, 3.043882256321868152 ) ) ;
#3208 = CARTESIAN_POINT ( 'NONE',  ( 2.686780461782948493, 0.2999999999999992673, 2.649615641284945422 ) ) ;
#3209 = CARTESIAN_POINT ( 'NONE',  ( 2.314543189791042010, 1.459530310180406243, -2.679060958869285969 ) ) ;
#3210 = ORIENTED_EDGE ( 'NONE', *, *, #2183, .F. ) ;
#3211 = LINE ( 'NONE', #3337, #3738 ) ;
#3212 = EDGE_CURVE ( 'NONE', #2440, #3787, #3086, .T. ) ;
#3213 = CARTESIAN_POINT ( 'NONE',  ( 3.086756822033302594, 1.538573145379801943, 3.049590568823194126 ) ) ;
#3215 = FACE_OUTER_BOUND ( 'NONE', #950, .T. ) ;
#3214 = CARTESIAN_POINT ( 'NONE',  ( 2.686780461782949381, 1.250000000000001332, 2.649615641284944090 ) ) ;
#3216 = PLANE ( 'NONE',  #3978 ) ;
#3217 = DIRECTION ( 'NONE',  ( 0.0000000000000000000, -0.0000000000000000000, -1.000000000000000000 ) ) ;
#3218 = CARTESIAN_POINT ( 'NONE',  ( 1.650000000000001465, -4.336808689942017736E-16, 3.349999999999999645 ) ) ;
#3219 = VECTOR ( 'NONE', #3293, 1000.000000000000000 ) ;
#3220 = VECTOR ( 'NONE', #2592, 1000.000000000000000 ) ;
#3221 = CARTESIAN_POINT ( 'NONE',  ( 2.526297727388277625, 1.733935457656007095, -2.479406680563321697 ) ) ;
#3222 = CYLINDRICAL_SURFACE ( 'NONE', #2746, 0.05000000000000012768 ) ;
#3223 = CARTESIAN_POINT ( 'NONE',  ( 3.300000000000000711, -4.336808689942017736E-16, 1.700000000000000400 ) ) ;
#3224 = CARTESIAN_POINT ( 'NONE',  ( 3.018106691085209459, 1.810124097017924649, 2.576779823878258213 ) ) ;
#3225 = LINE ( 'NONE', #659, #2704 ) ;
#3226 = DIRECTION ( 'NONE',  ( 0.0000000000000000000, 0.0000000000000000000, -1.000000000000000000 ) ) ;
#3227 = DIRECTION ( 'NONE',  ( 0.0000000000000000000, 0.0000000000000000000, -1.000000000000000000 ) ) ;
#3228 = PLANE ( 'NONE',  #1641 ) ;
#3229 = DIRECTION ( 'NONE',  ( -0.0000000000000000000, -1.000000000000000000, -0.0000000000000000000 ) ) ;
#3230 = VECTOR ( 'NONE', #1680, 1000.000000000000000 ) ;
#3231 = AXIS2_PLACEMENT_3D ( 'NONE', #2476, #4008, #1266 ) ;
#3232 = EDGE_CURVE ( 'NONE', #3913, #910, #622, .T. ) ;
#3233 = CARTESIAN_POINT ( 'NONE',  ( 3.004978513316896027, 0.3000000000000004885, -3.026392336581581244 ) ) ;
#3234 = VECTOR ( 'NONE', #1486, 1000.000000000000000 ) ;
#3235 = ORIENTED_EDGE ( 'NONE', *, *, #637, .F. ) ;
#3236 = CARTESIAN_POINT ( 'NONE',  ( 2.687753564820996477, 2.299376065731598917, 2.626405296022231717 ) ) ;
#3237 = ORIENTED_EDGE ( 'NONE', *, *, #2626, .F. ) ;
#3238 = VERTEX_POINT ( 'NONE', #422 ) ;
#3239 = ORIENTED_EDGE ( 'NONE', *, *, #3420, .F. ) ;
#3240 = DIRECTION ( 'NONE',  ( 1.000000000000000000, 0.0000000000000000000, 0.0000000000000000000 ) ) ;
#3241 = DIRECTION ( 'NONE',  ( -0.0000000000000000000, -1.000000000000000000, 0.0000000000000000000 ) ) ;
#3242 = ORIENTED_EDGE ( 'NONE', *, *, #3189, .F. ) ;
#3243 = EDGE_LOOP ( 'NONE', ( #114, #843, #1705, #2041 ) ) ;
#3244 = VERTEX_POINT ( 'NONE', #407 ) ;
#3245 = DIRECTION ( 'NONE',  ( 0.7071067811865474617, 0.0000000000000000000, -0.7071067811865474617 ) ) ;
#3246 = CARTESIAN_POINT ( 'NONE',  ( 2.757491139901603994, 1.500000000000000000, 2.637483606928980873 ) ) ;
#3247 = DIRECTION ( 'NONE',  ( 1.533215193413839913E-15, -1.000000000000000000, 0.0000000000000000000 ) ) ;
#3248 = ORIENTED_EDGE ( 'NONE', *, *, #1752, .F. ) ;
#3249 = DIRECTION ( 'NONE',  ( 0.0000000000000000000, -0.0000000000000000000, -1.000000000000000000 ) ) ;
#3250 = FACE_OUTER_BOUND ( 'NONE', #3782, .T. ) ;
#3251 = ORIENTED_EDGE ( 'NONE', *, *, #768, .T. ) ;
#3252 = AXIS2_PLACEMENT_3D ( 'NONE', #3959, #1823, #3376 ) ;
#3253 = CARTESIAN_POINT ( 'NONE',  ( 2.685752753388507497, 1.530455622698589702, 2.648525647533271243 ) ) ;
#3254 = ORIENTED_EDGE ( 'NONE', *, *, #3700, .F. ) ;
#3255 = ORIENTED_EDGE ( 'NONE', *, *, #1069, .F. ) ;
#3256 = CARTESIAN_POINT ( 'NONE',  ( 3.300000000000000711, 3.000000000000000000, -3.349999999999999201 ) ) ;
#3257 = CARTESIAN_POINT ( 'NONE',  ( 2.757491139901603994, 1.500000000000000000, 2.637483606928980873 ) ) ;
#3258 = CARTESIAN_POINT ( 'NONE',  ( 3.300000000000000711, 3.000000000000000000, -1.700000000000000400 ) ) ;
#3259 = ORIENTED_EDGE ( 'NONE', *, *, #3950, .F. ) ;
#3260 = LINE ( 'NONE', #3664, #1157 ) ;
#3261 = STYLED_ITEM ( 'NONE', ( #1058 ), #2367 ) ;
#3262 = EDGE_CURVE ( 'NONE', #910, #1498, #3829, .T. ) ;
#3263 = CARTESIAN_POINT ( 'NONE',  ( 2.286780461782904617, 0.7000000000000101696, -2.649615641284944534 ) ) ;
#3264 = EDGE_LOOP ( 'NONE', ( #3863, #3336, #1441, #2155 ) ) ;
#3265 = CARTESIAN_POINT ( 'NONE',  ( 2.757491139901603994, 0.3000000000000004885, 2.637483606928980873 ) ) ;
#3266 = CIRCLE ( 'NONE', #53, 0.2500000000000002220 ) ;
#3267 = FILL_AREA_STYLE_COLOUR ( '', #2217 ) ;
#3268 = EDGE_CURVE ( 'NONE', #1452, #1385, #2178, .T. ) ;
#3269 = ADVANCED_FACE ( 'NONE', ( #1331 ), #1662, .T. ) ;
#3270 = FACE_OUTER_BOUND ( 'NONE', #371, .T. ) ;
#3271 = CARTESIAN_POINT ( 'NONE',  ( 3.086780461782949736, 1.300000000000013145, 3.049615641284955547 ) ) ;
#3272 = DIRECTION ( 'NONE',  ( 0.0000000000000000000, -0.0000000000000000000, 1.000000000000000000 ) ) ;
#3273 = SURFACE_STYLE_FILL_AREA ( #3404 ) ;
#3274 = CYLINDRICAL_SURFACE ( 'NONE', #566, 1.000000000000000000 ) ;
#3275 = CARTESIAN_POINT ( 'NONE',  ( -1.600000000000001199, 0.0000000000000000000, -2.000000000000000444 ) ) ;
#3276 = DIRECTION ( 'NONE',  ( 1.000000000000000000, 0.0000000000000000000, 0.0000000000000000000 ) ) ;
#3277 = UNCERTAINTY_MEASURE_WITH_UNIT (LENGTH_MEASURE( 1.000000000000000082E-05 ), #1467, 'distance_accuracy_value', 'NONE');
#3279 = LINE ( 'NONE', #2036, #3892 ) ;
#3278 = CARTESIAN_POINT ( 'NONE',  ( 2.531370849898477715, 1.500000000000000000, 3.499999999999999556 ) ) ;
#3280 = CARTESIAN_POINT ( 'NONE',  ( 1.720710678118655634, 1.500000000000000000, -3.320710678118654169 ) ) ;
#3281 = CARTESIAN_POINT ( 'NONE',  ( 2.863557157079585913, 0.3000000000000004885, 2.531417589750997621 ) ) ;
#3282 = EDGE_CURVE ( 'NONE', #3822, #406, #2523, .T. ) ;
#3283 = CARTESIAN_POINT ( 'NONE',  ( 3.004978513316895583, 0.3000000000000004885, -2.672838945988307291 ) ) ;
#3284 = CARTESIAN_POINT ( 'NONE',  ( 2.686780461782970697, 0.9999999999999933387, -2.649615641284944534 ) ) ;
#3285 = EDGE_CURVE ( 'NONE', #2579, #3244, #210, .T. ) ;
#3286 = CARTESIAN_POINT ( 'NONE',  ( -2.300000000000000711, 0.05000000000000000278, 3.349999999999999645 ) ) ;
#3287 = LINE ( 'NONE', #3195, #2619 ) ;
#3288 = ADVANCED_FACE ( 'NONE', ( #3046 ), #2894, .T. ) ;
#3289 = VECTOR ( 'NONE', #3815, 1000.000000000000000 ) ;
#3290 = EDGE_CURVE ( 'NONE', #1137, #562, #990, .T. ) ;
#3291 = AXIS2_PLACEMENT_3D ( 'NONE', #546, #2124, #3066 ) ;
#3292 = ORIENTED_EDGE ( 'NONE', *, *, #3170, .T. ) ;
#3293 = DIRECTION ( 'NONE',  ( 0.0000000000000000000, 1.000000000000000000, 0.0000000000000000000 ) ) ;
#3294 = ORIENTED_EDGE ( 'NONE', *, *, #3846, .F. ) ;
#3295 = ORIENTED_EDGE ( 'NONE', *, *, #1752, .T. ) ;
#3296 = ORIENTED_EDGE ( 'NONE', *, *, #3922, .F. ) ;
#3297 = CARTESIAN_POINT ( 'NONE',  ( 2.686780461782949381, 1.250000000000001332, -2.649615641284944090 ) ) ;
#3298 = CARTESIAN_POINT ( 'NONE',  ( -2.300000000000000711, 2.717142857142856194, -3.499999999999999556 ) ) ;
#3299 = CARTESIAN_POINT ( 'NONE',  ( 2.686780461782949381, 1.500000000000000000, 2.458194285047635042 ) ) ;
#3300 = ORIENTED_EDGE ( 'NONE', *, *, #2002, .T. ) ;
#3301 = PLANE ( 'NONE',  #2498 ) ;
#3302 = DIRECTION ( 'NONE',  ( -0.0000000000000000000, -1.000000000000000000, -0.0000000000000000000 ) ) ;
#3303 = DIRECTION ( 'NONE',  ( 1.000000000000000000, 0.0000000000000000000, -0.0000000000000000000 ) ) ;
#3304 = ORIENTED_EDGE ( 'NONE', *, *, #3877, .F. ) ;
#3305 =( NAMED_UNIT ( * ) SI_UNIT ( $, .STERADIAN. ) SOLID_ANGLE_UNIT ( ) );
#3306 = ORIENTED_EDGE ( 'NONE', *, *, #151, .T. ) ;
#3307 = ADVANCED_FACE ( 'NONE', ( #4016 ), #94, .T. ) ;
#3308 = VECTOR ( 'NONE', #302, 1000.000000000000000 ) ;
#3309 = CARTESIAN_POINT ( 'NONE',  ( 2.526297727388277181, 1.733935457656006873, -2.479406680563321697 ) ) ;
#3310 = CARTESIAN_POINT ( 'NONE',  ( 1.599999999999998979, 0.3000000000000004885, 3.499999999999999556 ) ) ;
#3311 = DIRECTION ( 'NONE',  ( 1.000000000000000000, 0.0000000000000000000, 1.355252715606880789E-16 ) ) ;
#3312 = PRESENTATION_LAYER_ASSIGNMENT (  '', '', ( #3720 ) ) ;
#3313 = VECTOR ( 'NONE', #3758, 1000.000000000000000 ) ;
#3314 = EDGE_CURVE ( 'NONE', #3533, #1906, #1694, .T. ) ;
#3315 = DIRECTION ( 'NONE',  ( 0.0000000000000000000, -1.000000000000000000, 0.0000000000000000000 ) ) ;
#3316 = CARTESIAN_POINT ( 'NONE',  ( 2.686780461782949381, 0.3000000000000004885, 2.708194285047634597 ) ) ;
#3317 = CARTESIAN_POINT ( 'NONE',  ( 2.516482793110444316, 1.966779094297168795, 2.868996901783764208 ) ) ;
#3318 = CARTESIAN_POINT ( 'NONE',  ( 1.650000000000001243, 0.3000000000000004885, -3.250000000000000000 ) ) ;
#3319 = LINE ( 'NONE', #1738, #3516 ) ;
#3320 = CARTESIAN_POINT ( 'NONE',  ( 2.668733067838941153, 1.667589078862177443, -3.030474465889763991 ) ) ;
#3321 = CARTESIAN_POINT ( 'NONE',  ( -3.158571428571427475, 1.500000000000000000, 3.350000000000000089 ) ) ;
#3322 = VECTOR ( 'NONE', #3515, 1000.000000000000114 ) ;
#3323 = ADVANCED_FACE ( 'NONE', ( #3396 ), #772, .F. ) ;
#3324 = DIRECTION ( 'NONE',  ( 1.000000000000000000, 3.192183052533557924E-16, 0.0000000000000000000 ) ) ;
#3325 = CARTESIAN_POINT ( 'NONE',  ( -1.458571428571429740, 2.858571428571428097, -3.349999999999999645 ) ) ;
#3326 = CARTESIAN_POINT ( 'NONE',  ( 2.570006256864372229, 1.733935369313322816, -2.525764211825789918 ) ) ;
#3327 = AXIS2_PLACEMENT_3D ( 'NONE', #516, #1825, #1147 ) ;
#3328 = VECTOR ( 'NONE', #2252, 1000.000000000000000 ) ;
#3329 = FACE_OUTER_BOUND ( 'NONE', #998, .T. ) ;
#3330 = DIRECTION ( 'NONE',  ( 0.0000000000000000000, 0.0000000000000000000, -1.000000000000000000 ) ) ;
#3331 = DIRECTION ( 'NONE',  ( 0.7071067811865474617, 0.0000000000000000000, 0.7071067811865474617 ) ) ;
#3332 = EDGE_CURVE ( 'NONE', #263, #2343, #2491, .T. ) ;
#3333 = CARTESIAN_POINT ( 'NONE',  ( -2.300000000000000711, 2.717142857142856194, -3.349999999999999645 ) ) ;
#3334 = ORIENTED_EDGE ( 'NONE', *, *, #3411, .F. ) ;
#3335 = LINE ( 'NONE', #2015, #1791 ) ;
#3336 = ORIENTED_EDGE ( 'NONE', *, *, #2417, .F. ) ;
#3337 = CARTESIAN_POINT ( 'NONE',  ( -3.017142857142856016, 2.717142857142856194, -3.499999999999999556 ) ) ;
#3338 =( LENGTH_UNIT ( ) NAMED_UNIT ( * ) SI_UNIT ( .MILLI., .METRE. ) );
#3339 =( GEOMETRIC_REPRESENTATION_CONTEXT ( 3 ) GLOBAL_UNCERTAINTY_ASSIGNED_CONTEXT ( ( #1449 ) ) GLOBAL_UNIT_ASSIGNED_CONTEXT ( ( #1802, #1425, #1127 ) ) REPRESENTATION_CONTEXT ( 'NONE', 'WORKASPACE' ) );
#3340 = CARTESIAN_POINT ( 'NONE',  ( -1.458571428571429518, 2.717142857142856194, -3.349999999999999645 ) ) ;
#3341 = EDGE_CURVE ( 'NONE', #3202, #1991, #1642, .T. ) ;
#3342 = ORIENTED_EDGE ( 'NONE', *, *, #1967, .F. ) ;
#3343 = VERTEX_POINT ( 'NONE', #1045 ) ;
#3344 = CARTESIAN_POINT ( 'NONE',  ( 2.288171723640674671, 1.487080666942038887, 2.651091222043129303 ) ) ;
#3345 = SURFACE_STYLE_USAGE ( .BOTH. , #2383 ) ;
#3346 = DIRECTION ( 'NONE',  ( -0.0000000000000000000, 1.000000000000000000, -0.0000000000000000000 ) ) ;
#3347 = ADVANCED_FACE ( 'NONE', ( #3250 ), #1749, .F. ) ;
#3348 = ORIENTED_EDGE ( 'NONE', *, *, #3649, .F. ) ;
#3349 = PLANE ( 'NONE',  #3252 ) ;
#3350 = EDGE_LOOP ( 'NONE', ( #1084, #463, #1537, #3732 ) ) ;
#3351 = DIRECTION ( 'NONE',  ( 0.0000000000000000000, 0.0000000000000000000, -1.000000000000000000 ) ) ;
#3352 = ORIENTED_EDGE ( 'NONE', *, *, #571, .F. ) ;
#3353 = VERTEX_POINT ( 'NONE', #142 ) ;
#3354 = ORIENTED_EDGE ( 'NONE', *, *, #1490, .T. ) ;
#3355 = DIRECTION ( 'NONE',  ( 1.000000000000000000, 0.0000000000000000000, 0.0000000000000000000 ) ) ;
#3356 = CARTESIAN_POINT ( 'NONE',  ( 2.678738258325130239, 1.574680337432693644, -2.641086031556939773 ) ) ;
#3357 = ORIENTED_EDGE ( 'NONE', *, *, #1675, .F. ) ;
#3358 = FACE_OUTER_BOUND ( 'NONE', #934, .T. ) ;
#3359 = CARTESIAN_POINT ( 'NONE',  ( 2.286773051857577954, 1.520616093706149252, 3.049607782273185297 ) ) ;
#3360 = FACE_OUTER_BOUND ( 'NONE', #2290, .T. ) ;
#3361 = DIRECTION ( 'NONE',  ( 0.0000000000000000000, 0.0000000000000000000, 1.000000000000000000 ) ) ;
#3362 = VECTOR ( 'NONE', #475, 1000.000000000000000 ) ;
#3363 = LINE ( 'NONE', #3, #444 ) ;
#3364 = ADVANCED_FACE ( 'NONE', ( #2442 ), #437, .F. ) ;
#3365 = AXIS2_PLACEMENT_3D ( 'NONE', #2760, #1170, #545 ) ;
#3366 = EDGE_CURVE ( 'NONE', #953, #3822, #3868, .T. ) ;
#3367 = AXIS2_PLACEMENT_3D ( 'NONE', #2315, #1640, #431 ) ;
#3368 = FACE_OUTER_BOUND ( 'NONE', #1507, .T. ) ;
#3370 = LINE ( 'NONE', #1934, #2754 ) ;
#3369 = DIRECTION ( 'NONE',  ( -0.0000000000000000000, -1.000000000000000000, -0.0000000000000000000 ) ) ;
#3371 = EDGE_LOOP ( 'NONE', ( #1183, #1044, #748, #1187 ) ) ;
#3372 = CARTESIAN_POINT ( 'NONE',  ( 3.086756822033302594, 1.538573145379801943, -3.049590568823194126 ) ) ;
#3373 = FACE_OUTER_BOUND ( 'NONE', #4004, .T. ) ;
#3374 = CARTESIAN_POINT ( 'NONE',  ( 2.286780461782949025, 1.099999999999994760, 2.649615641284944090 ) ) ;
#3375 =( BOUNDED_SURFACE ( )  B_SPLINE_SURFACE ( 3, 3, ( 
 ( #1140, #3326, #205, #2436, #857, #3356, #3640, #1787, #1475, #3938, #2698, #3050, #2408, #1799, #2421, #813, #3615, #2115, #1448, #1758 ),
 ( #837, #3040, #3948, #1172, #2084, #1495, #802, #3002, #192, #2395, #508, #3016, #3625, #1774, #3925, #1875, #3424, #891, #1518, #4021 ),
 ( #1858, #2809, #2773, #1208, #918, #3099, #2175, #304, #3372, #3108, #3691, #2475, #610, #3679, #589, #3381, #1829, #3122, #2790, #1236 ),
 ( #4007, #3981, #2191, #1505, #2451, #2150, #1557, #3730, #259, #2505, #909, #2466, #3067, #8, #870, #291, #1881, #2205, #3394, #1527 ),
 ( #575, #558, #1224, #882, #1842, #3704, #1197, #3084, #2490, #2762, #1544, #1180, #598, #3992, #2164, #271, #2799, #3410, #3714, #19 ),
 ( #3452, #2513, #626, #1624, #942, #71, #1958, #969, #1901, #2263, #3135, #3741, #663, #358, #1915, #2221, #1581, #62, #3490, #1280 ),
 ( #3763, #929, #2569, #3755, #1265, #2528, #957, #3159, #38, #373, #3477, #331, #2230, #681, #2248, #3467, #51, #2561, #348, #635 ) ),
 .UNSPECIFIED., .T., .F., .F. ) 
 B_SPLINE_SURFACE_WITH_KNOTS ( ( 4, 3, 4 ),
 ( 4, 2, 2, 2, 2, 2, 2, 2, 2, 4 ),
 ( 0.0000000000000000000, 0.5000000000000000000, 1.000000000000000000 ),
 ( 0.0000000000000000000, 0.1659324438835359516, 0.2488986658253039275, 0.2903817767961879293, 0.3318648877670719033, 0.3736233322816299163, 0.4153817767961879293, 0.4988986658253038997, 0.6659324438835358961, 1.000000000000000000 ),
 .UNSPECIFIED. ) 
 GEOMETRIC_REPRESENTATION_ITEM ( )  RATIONAL_B_SPLINE_SURFACE ( (
 ( 1.000000000000000000, 1.000000000000000000, 1.000000000000000000, 1.000000000000000000, 1.000000000000000000, 1.000000000000000000, 1.000000000000000000, 1.000000000000000000, 1.000000000000000000, 1.000000000000000000, 1.000000000000000000, 1.000000000000000000, 1.000000000000000000, 1.000000000000000000, 1.000000000000000000, 1.000000000000000000, 1.000000000000000000, 1.000000000000000000, 1.000000000000000000, 1.000000000000000000),
 ( 0.3333333333333333703, 0.3333333333333333703, 0.3333333333333333703, 0.3333333333333333703, 0.3333333333333333703, 0.3333333333333333703, 0.3333333333333333703, 0.3333333333333333703, 0.3333333333333333703, 0.3333333333333333703, 0.3333333333333333703, 0.3333333333333333703, 0.3333333333333333703, 0.3333333333333333703, 0.3333333333333333703, 0.3333333333333333703, 0.3333333333333333703, 0.3333333333333333703, 0.3333333333333333703, 0.3333333333333333703),
 ( 0.3333333333333333703, 0.3333333333333333703, 0.3333333333333333703, 0.3333333333333333703, 0.3333333333333333703, 0.3333333333333333703, 0.3333333333333333703, 0.3333333333333333703, 0.3333333333333333703, 0.3333333333333333703, 0.3333333333333333703, 0.3333333333333333703, 0.3333333333333333703, 0.3333333333333333703, 0.3333333333333333703, 0.3333333333333333703, 0.3333333333333333703, 0.3333333333333333703, 0.3333333333333333703, 0.3333333333333333703),
 ( 1.000000000000000000, 1.000000000000000000, 1.000000000000000000, 1.000000000000000000, 1.000000000000000000, 1.000000000000000000, 1.000000000000000000, 1.000000000000000000, 1.000000000000000000, 1.000000000000000000, 1.000000000000000000, 1.000000000000000000, 1.000000000000000000, 1.000000000000000000, 1.000000000000000000, 1.000000000000000000, 1.000000000000000000, 1.000000000000000000, 1.000000000000000000, 1.000000000000000000),
 ( 0.3333333333333333703, 0.3333333333333333703, 0.3333333333333333703, 0.3333333333333333703, 0.3333333333333333703, 0.3333333333333333703, 0.3333333333333333703, 0.3333333333333333703, 0.3333333333333333703, 0.3333333333333333703, 0.3333333333333333703, 0.3333333333333333703, 0.3333333333333333703, 0.3333333333333333703, 0.3333333333333333703, 0.3333333333333333703, 0.3333333333333333703, 0.3333333333333333703, 0.3333333333333333703, 0.3333333333333333703),
 ( 0.3333333333333333703, 0.3333333333333333703, 0.3333333333333333703, 0.3333333333333333703, 0.3333333333333333703, 0.3333333333333333703, 0.3333333333333333703, 0.3333333333333333703, 0.3333333333333333703, 0.3333333333333333703, 0.3333333333333333703, 0.3333333333333333703, 0.3333333333333333703, 0.3333333333333333703, 0.3333333333333333703, 0.3333333333333333703, 0.3333333333333333703, 0.3333333333333333703, 0.3333333333333333703, 0.3333333333333333703),
 ( 1.000000000000000000, 1.000000000000000000, 1.000000000000000000, 1.000000000000000000, 1.000000000000000000, 1.000000000000000000, 1.000000000000000000, 1.000000000000000000, 1.000000000000000000, 1.000000000000000000, 1.000000000000000000, 1.000000000000000000, 1.000000000000000000, 1.000000000000000000, 1.000000000000000000, 1.000000000000000000, 1.000000000000000000, 1.000000000000000000, 1.000000000000000000, 1.000000000000000000) ) ) 
 REPRESENTATION_ITEM ( '' )  SURFACE ( )  );
#3376 = DIRECTION ( 'NONE',  ( 1.445602896647339656E-16, 0.0000000000000000000, 1.000000000000000000 ) ) ;
#3377 = CARTESIAN_POINT ( 'NONE',  ( 2.531370849898477715, 1.500000000000000000, -3.499999999999999556 ) ) ;
#3378 = DIRECTION ( 'NONE',  ( -1.445602896647339656E-16, -0.0000000000000000000, 1.000000000000000000 ) ) ;
#3379 = EDGE_CURVE ( 'NONE', #2579, #3822, #2781, .T. ) ;
#3380 = DIRECTION ( 'NONE',  ( -0.7071067811865477948, 0.0000000000000000000, -0.7071067811865473507 ) ) ;
#3381 = CARTESIAN_POINT ( 'NONE',  ( 3.086780461782949292, 1.099999999999994760, -3.049615641284944001 ) ) ;
#3382 = VECTOR ( 'NONE', #1429, 1000.000000000000000 ) ;
#3383 = CARTESIAN_POINT ( 'NONE',  ( 2.675454626846479389, 1.634960096676457475, 3.037603392109888389 ) ) ;
#3384 = ADVANCED_FACE ( 'NONE', ( #378 ), #1092, .F. ) ;
#3385 = FACE_OUTER_BOUND ( 'NONE', #1028, .T. ) ;
#3386 = ORIENTED_EDGE ( 'NONE', *, *, #2188, .F. ) ;
#3387 = DIRECTION ( 'NONE',  ( -0.0000000000000000000, -1.000000000000000000, -0.0000000000000000000 ) ) ;
#3389 = VERTEX_POINT ( 'NONE', #1404 ) ;
#3388 = CARTESIAN_POINT ( 'NONE',  ( 2.686796089662598419, 1.470208953735842261, 3.049632216308817423 ) ) ;
#3390 = EDGE_CURVE ( 'NONE', #2774, #332, #2425, .T. ) ;
#3391 = VERTEX_POINT ( 'NONE', #2632 ) ;
#3392 = ORIENTED_EDGE ( 'NONE', *, *, #2667, .F. ) ;
#3393 = CARTESIAN_POINT ( 'NONE',  ( 2.326643449082314241, 2.024971220130129534, 2.667652142966087769 ) ) ;
#3394 = CARTESIAN_POINT ( 'NONE',  ( 2.686780461782948493, 0.5000000000000098810, -3.049615641284945777 ) ) ;
#3395 = CARTESIAN_POINT ( 'NONE',  ( 1.650000000000001465, 0.1999999999999996503, -1.979230769230769571 ) ) ;
#3396 = FACE_OUTER_BOUND ( 'NONE', #937, .T. ) ;
#3397 = EDGE_LOOP ( 'NONE', ( #1743, #3578, #2208, #2192, #576 ) ) ;
#3398 = CARTESIAN_POINT ( 'NONE',  ( 2.252930486305068314, 1.652863210691572604, 3.013714152141757197 ) ) ;
#3399 = CARTESIAN_POINT ( 'NONE',  ( 2.686780461782949825, 1.374999999999991784, -3.049615641284938672 ) ) ;
#3400 = CARTESIAN_POINT ( 'NONE',  ( 2.686780461782948493, 0.2999999999999992673, -2.649615641284945422 ) ) ;
#3401 = VERTEX_POINT ( 'NONE', #2051 ) ;
#3402 = ORIENTED_EDGE ( 'NONE', *, *, #2651, .F. ) ;
#3403 = EDGE_LOOP ( 'NONE', ( #1238, #3951, #2777, #3687 ) ) ;
#3404 = FILL_AREA_STYLE ('',( #1 ) ) ;
#3405 = CARTESIAN_POINT ( 'NONE',  ( 2.686780461782949825, 1.374999999999991784, 3.049615641284938672 ) ) ;
#3406 = ADVANCED_FACE ( 'NONE', ( #1545 ), #2966, .T. ) ;
#3407 = LINE ( 'NONE', #2189, #3308 ) ;
#3408 = CARTESIAN_POINT ( 'NONE',  ( 2.655177182770872335, 1.642717347057615962, 2.616097012029726887 ) ) ;
#3409 = CARTESIAN_POINT ( 'NONE',  ( 3.086780461782949292, 1.099999999999994760, 3.049615641284944001 ) ) ;
#3410 = CARTESIAN_POINT ( 'NONE',  ( 2.286780461782904617, 0.7000000000000101696, -3.049615641284944889 ) ) ;
#3411 = EDGE_CURVE ( 'NONE', #3238, #1629, #1277, .T. ) ;
#3412 = VECTOR ( 'NONE', #1260, 1000.000000000000000 ) ;
#3413 = CARTESIAN_POINT ( 'NONE',  ( 3.075813419087166878, 1.630684682478646508, -2.637983929334863475 ) ) ;
#3414 = AXIS2_PLACEMENT_3D ( 'NONE', #2077, #1769, #554 ) ;
#3415 = PRESENTATION_STYLE_ASSIGNMENT (( #523 ) ) ;
#3416 = LINE ( 'NONE', #2350, #1873 ) ;
#3417 = EDGE_CURVE ( 'NONE', #127, #1134, #1071, .T. ) ;
#3418 = PLANE ( 'NONE',  #1162 ) ;
#3419 = CYLINDRICAL_SURFACE ( 'NONE', #2928, 0.2000000000000000944 ) ;
#3420 = EDGE_CURVE ( 'NONE', #1600, #411, #250, .T. ) ;
#3421 = DIRECTION ( 'NONE',  ( 0.0000000000000000000, 0.0000000000000000000, 1.000000000000000000 ) ) ;
#3422 = CARTESIAN_POINT ( 'NONE',  ( 3.086765428758293517, 1.529050466461958413, 2.649599697167883683 ) ) ;
#3423 = FACE_OUTER_BOUND ( 'NONE', #4009, .T. ) ;
#3424 = CARTESIAN_POINT ( 'NONE',  ( 3.086780461782970608, 0.9999999999999935607, -2.649615641284944534 ) ) ;
#3425 = FILL_AREA_STYLE ('',( #590 ) ) ;
#3426 = CARTESIAN_POINT ( 'NONE',  ( 2.686780461782949825, 1.300000000000012923, -3.049615641284955103 ) ) ;
#3427 = CARTESIAN_POINT ( 'NONE',  ( 2.686780461782949825, 1.400000000000002576, -2.649615641284943646 ) ) ;
#3428 = ADVANCED_FACE ( 'NONE', ( #1372 ), #2008, .F. ) ;
#3429 = FACE_OUTER_BOUND ( 'NONE', #3200, .T. ) ;
#3430 = PLANE ( 'NONE',  #3801 ) ;
#3431 = CARTESIAN_POINT ( 'NONE',  ( 2.686780461782104723, 0.2999999999999992673, 3.049615641284945777 ) ) ;
#3432 = CIRCLE ( 'NONE', #1661, 1.000000000000000000 ) ;
#3433 = CARTESIAN_POINT ( 'NONE',  ( -2.300000000000000711, 0.05000000000000000278, -3.499999999999999556 ) ) ;
#3434 = CARTESIAN_POINT ( 'NONE',  ( 2.686780461782949381, 1.250000000000001332, 2.649615641284944090 ) ) ;
#3435 = ORIENTED_EDGE ( 'NONE', *, *, #1760, .F. ) ;
#3436 = EDGE_LOOP ( 'NONE', ( #177, #2960, #2692, #3160 ) ) ;
#3437 = ORIENTED_EDGE ( 'NONE', *, *, #2431, .F. ) ;
#3438 = CARTESIAN_POINT ( 'NONE',  ( 2.738052264985511464, 2.008340605131607504, -2.279752402257356536 ) ) ;
#3439 = DIRECTION ( 'NONE',  ( -0.7071067811865474617, 0.0000000000000000000, 0.7071067811865474617 ) ) ;
#3440 = ORIENTED_EDGE ( 'NONE', *, *, #3141, .F. ) ;
#3441 = ORIENTED_EDGE ( 'NONE', *, *, #2683, .T. ) ;
#3442 = ORIENTED_EDGE ( 'NONE', *, *, #1668, .T. ) ;
#3443 = AXIS2_PLACEMENT_3D ( 'NONE', #1771, #1410, #519 ) ;
#3444 = CARTESIAN_POINT ( 'NONE',  ( 1.599999999999998757, 2.858571428571428097, -3.499999999999999556 ) ) ;
#3445 = EDGE_CURVE ( 'NONE', #1335, #2062, #2414, .T. ) ;
#3446 = AXIS2_PLACEMENT_3D ( 'NONE', #2070, #2083, #2680 ) ;
#3447 = ORIENTED_EDGE ( 'NONE', *, *, #926, .F. ) ;
#3448 = ADVANCED_FACE ( 'NONE', ( #3662 ), #2567, .T. ) ;
#3449 = CARTESIAN_POINT ( 'NONE',  ( -2.300000000000000711, 0.3000000000000005440, 3.499999999999999556 ) ) ;
#3450 = VERTEX_POINT ( 'NONE', #3395 ) ;
#3451 = CARTESIAN_POINT ( 'NONE',  ( 2.686796089662598419, 1.470208953735842261, 3.049632216308817423 ) ) ;
#3452 = CARTESIAN_POINT ( 'NONE',  ( 2.314543189791042010, 1.459530310180406243, -2.679060958869285969 ) ) ;
#3453 = ORIENTED_EDGE ( 'NONE', *, *, #2369, .T. ) ;
#3454 = ORIENTED_EDGE ( 'NONE', *, *, #3366, .F. ) ;
#3455 =( GEOMETRIC_REPRESENTATION_CONTEXT ( 3 ) GLOBAL_UNCERTAINTY_ASSIGNED_CONTEXT ( ( #3277 ) ) GLOBAL_UNIT_ASSIGNED_CONTEXT ( ( #1467, #1104, #3042 ) ) REPRESENTATION_CONTEXT ( 'NONE', 'WORKASPACE' ) );
#3456 = CARTESIAN_POINT ( 'NONE',  ( -1.458571428571429740, 2.858571428571428097, 3.349999999999999645 ) ) ;
#3457 = VERTEX_POINT ( 'NONE', #919 ) ;
#3458 = CARTESIAN_POINT ( 'NONE',  ( 2.286958250307872031, 1.494731326254584713, -2.649804204871994084 ) ) ;
#3459 = ORIENTED_EDGE ( 'NONE', *, *, #2117, .T. ) ;
#3460 = DIRECTION ( 'NONE',  ( 0.6860128686890036853, 4.751822441137446782E-17, 0.7275894061853044326 ) ) ;
#3461 = LINE ( 'NONE', #855, #49 ) ;
#3462 = VECTOR ( 'NONE', #1013, 1000.000000000000000 ) ;
#3463 = DIRECTION ( 'NONE',  ( 0.0000000000000000000, 0.0000000000000000000, 1.000000000000000000 ) ) ;
#3464 = LINE ( 'NONE', #3548, #534 ) ;
#3465 = CARTESIAN_POINT ( 'NONE',  ( -1.600000000000001199, 0.1499999999999999944, -2.000000000000000444 ) ) ;
#3466 = CARTESIAN_POINT ( 'NONE',  ( 2.286780461782949025, 1.374999999999991784, 3.049615641284938672 ) ) ;
#3467 = CARTESIAN_POINT ( 'NONE',  ( 2.686780461782949381, 1.099999999999994760, -2.649615641284944090 ) ) ;
#3468 = VECTOR ( 'NONE', #1646, 1000.000000000000114 ) ;
#3469 = CARTESIAN_POINT ( 'NONE',  ( 2.686780461782949825, 1.300000000000012923, -3.049615641284955103 ) ) ;
#3470 = DIRECTION ( 'NONE',  ( -1.445602896647339656E-16, -0.0000000000000000000, -1.000000000000000000 ) ) ;
#3471 = EDGE_CURVE ( 'NONE', #1794, #1600, #2998, .T. ) ;
#3472 = DIRECTION ( 'NONE',  ( 0.0000000000000000000, -1.000000000000000000, 0.0000000000000000000 ) ) ;
#3473 = DIRECTION ( 'NONE',  ( 0.0000000000000000000, 0.0000000000000000000, -1.000000000000000000 ) ) ;
#3474 = EDGE_CURVE ( 'NONE', #264, #228, #3584, .T. ) ;
#3475 = CARTESIAN_POINT ( 'NONE',  ( 0.0000000000000000000, 0.1999999999999996503, 0.0000000000000000000 ) ) ;
#3476 = CARTESIAN_POINT ( 'NONE',  ( 2.286780461782949025, 1.300000000000013145, 2.649615641284955192 ) ) ;
#3477 = CARTESIAN_POINT ( 'NONE',  ( 2.686780461782949825, 1.449999999999993960, -2.649615641284943646 ) ) ;
#3478 = VECTOR ( 'NONE', #2955, 1000.000000000000000 ) ;
#3479 = CARTESIAN_POINT ( 'NONE',  ( 3.069534554875181342, 1.705504430940429694, -3.031324527897908183 ) ) ;
#3480 = CARTESIAN_POINT ( 'NONE',  ( -3.158571428571427475, 0.3000000000000004885, -3.500000000000000000 ) ) ;
#3481 = VECTOR ( 'NONE', #1168, 1000.000000000000000 ) ;
#3482 = DIRECTION ( 'NONE',  ( 0.0000000000000000000, 0.0000000000000000000, -1.000000000000000000 ) ) ;
#3483 = VERTEX_POINT ( 'NONE', #612 ) ;
#3484 = EDGE_CURVE ( 'NONE', #2103, #415, #1242, .T. ) ;
#3485 = VERTEX_POINT ( 'NONE', #273 ) ;
#3486 = ORIENTED_EDGE ( 'NONE', *, *, #1896, .T. ) ;
#3487 = ORIENTED_EDGE ( 'NONE', *, *, #59, .T. ) ;
#3488 = CARTESIAN_POINT ( 'NONE',  ( 2.286780461782947693, 0.5000000000000101030, 2.649615641284945422 ) ) ;
#3489 = CARTESIAN_POINT ( 'NONE',  ( 1.599999999999998979, 0.1999999999999996503, -3.349999999999999645 ) ) ;
#3490 = CARTESIAN_POINT ( 'NONE',  ( 2.286780461782947693, 0.5000000000000101030, -2.649615641284945422 ) ) ;
#3491 = ORIENTED_EDGE ( 'NONE', *, *, #1244, .T. ) ;
#3492 = AXIS2_PLACEMENT_3D ( 'NONE', #2647, #759, #3865 ) ;
#3493 = EDGE_LOOP ( 'NONE', ( #3594, #664, #1856, #3166 ) ) ;
#3494 = CARTESIAN_POINT ( 'NONE',  ( 3.086780461782949292, 1.099999999999994760, -3.049615641284944001 ) ) ;
#3495 = CARTESIAN_POINT ( 'NONE',  ( 1.599999999999998757, 0.1499999999999999944, 2.000000000000000000 ) ) ;
#3496 = EDGE_LOOP ( 'NONE', ( #1755, #650, #2548, #1989 ) ) ;
#3497 = ORIENTED_EDGE ( 'NONE', *, *, #2806, .F. ) ;
#3498 = AXIS2_PLACEMENT_3D ( 'NONE', #2949, #1060, #2674 ) ;
#3499 = EDGE_CURVE ( 'NONE', #45, #3533, #1390, .T. ) ;
#3500 = AXIS2_PLACEMENT_3D ( 'NONE', #484, #2663, #3874 ) ;
#3501 = MANIFOLD_SOLID_BREP ( 'Fillet1', #2058 ) ;
#3502 = ORIENTED_EDGE ( 'NONE', *, *, #3445, .T. ) ;
#3503 = VERTEX_POINT ( 'NONE', #1876 ) ;
#3504 = DIRECTION ( 'NONE',  ( 0.0000000000000000000, -0.0000000000000000000, -1.000000000000000000 ) ) ;
#3505 = CARTESIAN_POINT ( 'NONE',  ( 2.686780461782949381, 1.250000000000001332, 3.049615641284944445 ) ) ;
#3506 = CARTESIAN_POINT ( 'NONE',  ( 1.650000000000001465, 0.1999999999999996503, 1.979230769230769571 ) ) ;
#3507 = LINE ( 'NONE', #2112, #527 ) ;
#3508 = CARTESIAN_POINT ( 'NONE',  ( 2.686780461782949825, 1.400000000000002576, -3.049615641284944001 ) ) ;
#3509 = CARTESIAN_POINT ( 'NONE',  ( -1.458571428571429518, 2.717142857142856194, -3.499999999999999556 ) ) ;
#3510 = LINE ( 'NONE', #2705, #3608 ) ;
#3511 = DIRECTION ( 'NONE',  ( -0.0000000000000000000, 1.000000000000000000, -0.0000000000000000000 ) ) ;
#3512 = VECTOR ( 'NONE', #195, 1000.000000000000000 ) ;
#3513 = LINE ( 'NONE', #3506, #3220 ) ;
#3514 = CARTESIAN_POINT ( 'NONE',  ( -1.600000000000001199, 0.1499999999999995226, 3.299999999999999378 ) ) ;
#3515 = DIRECTION ( 'NONE',  ( 0.7071067811865474617, 0.0000000000000000000, 0.7071067811865474617 ) ) ;
#3516 = VECTOR ( 'NONE', #2067, 1000.000000000000000 ) ;
#3517 = DIRECTION ( 'NONE',  ( -1.000000000000000000, -0.0000000000000000000, -0.0000000000000000000 ) ) ;
#3518 = DIRECTION ( 'NONE',  ( -1.000000000000000000, -1.533215193413839913E-15, 0.0000000000000000000 ) ) ;
#3519 = EDGE_CURVE ( 'NONE', #2302, #2542, #1416, .T. ) ;
#3520 = CARTESIAN_POINT ( 'NONE',  ( -1.650000000000001021, 0.1999999999999996503, -1.979230769230769571 ) ) ;
#3521 = CARTESIAN_POINT ( 'NONE',  ( 2.686787425812671160, 1.479794837000475871, 2.649623027377072670 ) ) ;
#3522 = FACE_OUTER_BOUND ( 'NONE', #2871, .T. ) ;
#3523 = CARTESIAN_POINT ( 'NONE',  ( 2.686780461782949825, 1.449999999999993960, 2.649615641284943646 ) ) ;
#3524 = PLANE ( 'NONE',  #2876 ) ;
#3525 = VECTOR ( 'NONE', #3883, 1000.000000000000000 ) ;
#3526 = ORIENTED_EDGE ( 'NONE', *, *, #3095, .F. ) ;
#3527 = DIRECTION ( 'NONE',  ( -0.0000000000000000000, -1.000000000000000000, -0.0000000000000000000 ) ) ;
#3528 = EDGE_LOOP ( 'NONE', ( #3917, #329, #3723, #565 ) ) ;
#3529 = EDGE_LOOP ( 'NONE', ( #2352, #3597, #2963, #2967 ) ) ;
#3530 = ORIENTED_EDGE ( 'NONE', *, *, #2574, .F. ) ;
#3531 = PLANE ( 'NONE',  #185 ) ;
#3532 = CARTESIAN_POINT ( 'NONE',  ( 2.757491139901603994, 0.3000000000000004885, -2.637483606928980873 ) ) ;
#3533 = VERTEX_POINT ( 'NONE', #2207 ) ;
#3534 = CARTESIAN_POINT ( 'NONE',  ( 3.086780461782949736, 1.374999999999991784, 2.649615641284938761 ) ) ;
#3535 = CARTESIAN_POINT ( 'NONE',  ( 1.826776695296637776, 1.500000000000000000, -3.426776695296636532 ) ) ;
#3536 = ORIENTED_EDGE ( 'NONE', *, *, #3899, .T. ) ;
#3537 = CARTESIAN_POINT ( 'NONE',  ( 1.599999999999998757, 2.858571428571428097, 3.499999999999999556 ) ) ;
#3538 = CARTESIAN_POINT ( 'NONE',  ( 2.686780461782948493, 0.2999999999999992673, -2.849615641284945600 ) ) ;
#3539 = EDGE_CURVE ( 'NONE', #420, #387, #2411, .T. ) ;
#3540 = ORIENTED_EDGE ( 'NONE', *, *, #3604, .F. ) ;
#3541 = CARTESIAN_POINT ( 'NONE',  ( 2.686780461782949381, 1.500000000000000000, 2.708194285047634597 ) ) ;
#3542 = VERTEX_POINT ( 'NONE', #1519 ) ;
#3543 = CARTESIAN_POINT ( 'NONE',  ( -1.458571428571429518, 2.717142857142856194, -3.349999999999999645 ) ) ;
#3544 = CLOSED_SHELL ( 'NONE', ( #841, #1509, #3448, #1445, #3942, #216, #2038, #469, #1086, #770, #2160, #1213, #2385, #1827, #938, #3669, #3708, #2521, #3964, #2669, #2733, #1886, #2507, #1468, #786, #2344, #3323, #922, #3884, #136, #3428, #1409, #1382, #1568, #3903, #2449, #505, #884, #2649, #1740, #1487, #4002, #2123, #2804, #301, #3307, #1426, #3073 ) ) ;
#3545 = DIRECTION ( 'NONE',  ( 0.7071067811865431318, 0.0000000000000000000, -0.7071067811865517916 ) ) ;
#3546 = ORIENTED_EDGE ( 'NONE', *, *, #800, .T. ) ;
#3547 = STYLED_ITEM ( 'NONE', ( #1924 ), #3739 ) ;
#3548 = CARTESIAN_POINT ( 'NONE',  ( 1.599999999999998757, 0.1499999999999999944, -2.000000000000000000 ) ) ;
#3549 = CIRCLE ( 'NONE', #2707, 0.2499999999999993616 ) ;
#3550 = PLANE ( 'NONE',  #1588 ) ;
#3551 = EDGE_CURVE ( 'NONE', #3767, #3457, #2363, .T. ) ;
#3552 = CARTESIAN_POINT ( 'NONE',  ( 2.678738258325130239, 1.574680337432693644, 2.641086031556939773 ) ) ;
#3554 = PRESENTATION_STYLE_ASSIGNMENT (( #2793 ) ) ;
#3553 = DIRECTION ( 'NONE',  ( 0.0000000000000000000, 0.0000000000000000000, 1.000000000000000000 ) ) ;
#3555 = DIRECTION ( 'NONE',  ( 0.0000000000000000000, 0.0000000000000000000, -1.000000000000000000 ) ) ;
#3556 = VECTOR ( 'NONE', #1869, 1000.000000000000000 ) ;
#3557 = CARTESIAN_POINT ( 'NONE',  ( 2.686780461782970697, 0.9999999999999933387, -2.649615641284944534 ) ) ;
#3558 = PLANE ( 'NONE',  #3037 ) ;
#3559 = FACE_OUTER_BOUND ( 'NONE', #1403, .T. ) ;
#3560 = FACE_OUTER_BOUND ( 'NONE', #661, .T. ) ;
#3561 = DIRECTION ( 'NONE',  ( 0.0000000000000000000, 0.0000000000000000000, 1.000000000000000000 ) ) ;
#3562 = CARTESIAN_POINT ( 'NONE',  ( 2.686780461782949825, 1.400000000000002576, 2.649615641284943646 ) ) ;
#3563 = VECTOR ( 'NONE', #1355, 1000.000000000000000 ) ;
#3564 = DIRECTION ( 'NONE',  ( 0.0000000000000000000, 0.0000000000000000000, -1.000000000000000000 ) ) ;
#3565 = AXIS2_PLACEMENT_3D ( 'NONE', #1951, #403, #965 ) ;
#3566 = CARTESIAN_POINT ( 'NONE',  ( 2.685752753388507497, 1.530455622698589702, 2.648525647533271243 ) ) ;
#3567 = CARTESIAN_POINT ( 'NONE',  ( -3.158571428571427475, 0.3000000000000004885, 3.350000000000000089 ) ) ;
#3568 = ADVANCED_FACE ( 'NONE', ( #585 ), #1843, .F. ) ;
#3569 = CARTESIAN_POINT ( 'NONE',  ( 1.599999999999998979, 0.1999999999999996503, 3.349999999999999645 ) ) ;
#3570 = DIRECTION ( 'NONE',  ( 0.0000000000000000000, 1.000000000000000000, 0.0000000000000000000 ) ) ;
#3571 = LINE ( 'NONE', #1082, #2764 ) ;
#3572 = AXIS2_PLACEMENT_3D ( 'NONE', #572, #1515, #3355 ) ;
#3573 = EDGE_CURVE ( 'NONE', #1906, #3125, #2461, .T. ) ;
#3574 = AXIS2_PLACEMENT_3D ( 'NONE', #3609, #1766, #1723 ) ;
#3575 = DIRECTION ( 'NONE',  ( -0.0000000000000000000, -1.000000000000000000, -0.0000000000000000000 ) ) ;
#3576 = LINE ( 'NONE', #503, #3525 ) ;
#3577 = CARTESIAN_POINT ( 'NONE',  ( 2.686780461782949825, 1.300000000000012923, 2.649615641284954748 ) ) ;
#3578 = ORIENTED_EDGE ( 'NONE', *, *, #3390, .T. ) ;
#3579 = CARTESIAN_POINT ( 'NONE',  ( 2.863557157079585913, 1.500000000000000000, -2.531417589750997621 ) ) ;
#3580 = LINE ( 'NONE', #1054, #2813 ) ;
#3581 = ORIENTED_EDGE ( 'NONE', *, *, #2454, .T. ) ;
#3582 = CARTESIAN_POINT ( 'NONE',  ( 2.615859994619405882, 1.820269960651880403, 2.974396963990294296 ) ) ;
#3583 = DIRECTION ( 'NONE',  ( 1.000000000000000000, 0.0000000000000000000, 0.0000000000000000000 ) ) ;
#3584 = LINE ( 'NONE', #1209, #3957 ) ;
#3585 = ORIENTED_EDGE ( 'NONE', *, *, #2384, .T. ) ;
#3586 = ORIENTED_EDGE ( 'NONE', *, *, #3673, .T. ) ;
#3587 = DIRECTION ( 'NONE',  ( -3.192183052533557924E-16, 1.000000000000000000, 0.0000000000000000000 ) ) ;
#3588 = CARTESIAN_POINT ( 'NONE',  ( 1.599999999999998757, 0.0000000000000000000, -2.000000000000000000 ) ) ;
#3589 = CARTESIAN_POINT ( 'NONE',  ( 2.686780461782949825, 1.400000000000002576, -3.049615641284944001 ) ) ;
#3590 = CARTESIAN_POINT ( 'NONE',  ( -1.600000000000001199, 0.1499999999999999944, 2.000000000000000444 ) ) ;
#3591 = ORIENTED_EDGE ( 'NONE', *, *, #2723, .F. ) ;
#3592 = DIRECTION ( 'NONE',  ( 0.0000000000000000000, -1.000000000000000000, 0.0000000000000000000 ) ) ;
#3593 = ADVANCED_FACE ( 'NONE', ( #3368 ), #782, .F. ) ;
#3594 = ORIENTED_EDGE ( 'NONE', *, *, #1816, .T. ) ;
#3595 = CARTESIAN_POINT ( 'NONE',  ( 3.086780461782949292, 1.099999999999994760, 3.049615641284944001 ) ) ;
#3596 = ORIENTED_EDGE ( 'NONE', *, *, #1643, .T. ) ;
#3597 = ORIENTED_EDGE ( 'NONE', *, *, #1055, .F. ) ;
#3598 = CARTESIAN_POINT ( 'NONE',  ( 1.650000000000001465, -4.336808689942017736E-16, -3.349999999999999645 ) ) ;
#3599 = CARTESIAN_POINT ( 'NONE',  ( 1.599999999999998757, 2.858571428571428097, 3.349999999999999645 ) ) ;
#3600 = CARTESIAN_POINT ( 'NONE',  ( 3.004978513316895583, 0.3000000000000004885, 2.672838945988307291 ) ) ;
#3601 = CARTESIAN_POINT ( 'NONE',  ( -2.300000000000000711, 3.000000000000000000, 2.349999999999999645 ) ) ;
#3602 = EDGE_LOOP ( 'NONE', ( #3908, #3973, #1301, #2543 ) ) ;
#3603 = VERTEX_POINT ( 'NONE', #3878 ) ;
#3604 = EDGE_CURVE ( 'NONE', #907, #711, #2562, .T. ) ;
#3605 = CARTESIAN_POINT ( 'NONE',  ( -1.600000000000001199, 0.1999999999999996503, 3.299999999999999378 ) ) ;
#3606 = DIRECTION ( 'NONE',  ( 0.7071067811865461294, 0.0000000000000000000, -0.7071067811865489050 ) ) ;
#3607 = SURFACE_STYLE_FILL_AREA ( #3953 ) ;
#3608 = VECTOR ( 'NONE', #1189, 1000.000000000000000 ) ;
#3609 = CARTESIAN_POINT ( 'NONE',  ( 1.720710678118655634, 1.500000000000000000, 3.320710678118654169 ) ) ;
#3610 = VECTOR ( 'NONE', #1371, 1000.000000000000114 ) ;
#3611 = CARTESIAN_POINT ( 'NONE',  ( 2.686780461782949381, 1.500000000000000000, -2.458194285047635042 ) ) ;
#3612 = ADVANCED_FACE ( 'NONE', ( #1718 ), #2702, .T. ) ;
#3614 = VECTOR ( 'NONE', #3058, 1000.000000000000000 ) ;
#3613 = DIRECTION ( 'NONE',  ( 1.000000000000000000, 0.0000000000000000000, 0.0000000000000000000 ) ) ;
#3615 = CARTESIAN_POINT ( 'NONE',  ( 2.686780461782970697, 0.9999999999999933387, -2.649615641284944534 ) ) ;
#3616 = DIRECTION ( 'NONE',  ( 0.0000000000000000000, 0.0000000000000000000, 1.000000000000000000 ) ) ;
#3617 = DIRECTION ( 'NONE',  ( -1.000000000000000000, 0.0000000000000000000, -0.0000000000000000000 ) ) ;
#3618 = PLANE ( 'NONE',  #3797 ) ;
#3619 = EDGE_CURVE ( 'NONE', #406, #654, #1611, .T. ) ;
#3620 = FACE_OUTER_BOUND ( 'NONE', #1689, .T. ) ;
#3621 = ORIENTED_EDGE ( 'NONE', *, *, #768, .F. ) ;
#3622 = DIRECTION ( 'NONE',  ( -1.000000000000000000, -0.0000000000000000000, -0.0000000000000000000 ) ) ;
#3623 = CARTESIAN_POINT ( 'NONE',  ( 2.686780461782949381, 1.500000000000000000, -2.458194285047635042 ) ) ;
#3624 = AXIS2_PLACEMENT_3D ( 'NONE', #3143, #1258, #2802 ) ;
#3625 = CARTESIAN_POINT ( 'NONE',  ( 3.086780461782949736, 1.374999999999991784, -2.649615641284938761 ) ) ;
#3626 = VECTOR ( 'NONE', #704, 1000.000000000000000 ) ;
#3627 = EDGE_CURVE ( 'NONE', #2044, #3401, #1664, .T. ) ;
#3628 = PLANE ( 'NONE',  #1005 ) ;
#3629 = ADVANCED_FACE ( 'NONE', ( #1267 ), #3430, .F. ) ;
#3630 = VERTEX_POINT ( 'NONE', #1656 ) ;
#3631 = ORIENTED_EDGE ( 'NONE', *, *, #2501, .F. ) ;
#3632 = VERTEX_POINT ( 'NONE', #64 ) ;
#3633 = ORIENTED_EDGE ( 'NONE', *, *, #1069, .T. ) ;
#3634 = DIRECTION ( 'NONE',  ( 1.445602896647339706E-15, 0.0000000000000000000, -1.000000000000000000 ) ) ;
#3635 = CARTESIAN_POINT ( 'NONE',  ( 1.650000000000001243, 1.500000000000000000, -3.250000000000000000 ) ) ;
#3636 = CARTESIAN_POINT ( 'NONE',  ( 3.300000000000000711, 0.05000000000000000278, -3.349999999999999201 ) ) ;
#3637 = ORIENTED_EDGE ( 'NONE', *, *, #5, .T. ) ;
#3638 = PLANE ( 'NONE',  #924 ) ;
#3639 = DIRECTION ( 'NONE',  ( 0.0000000000000000000, -1.000000000000000000, 0.0000000000000000000 ) ) ;
#3640 = CARTESIAN_POINT ( 'NONE',  ( 2.681733491058464036, 1.560140348214671402, -2.644262793546842794 ) ) ;
#3641 = ORIENTED_EDGE ( 'NONE', *, *, #3680, .T. ) ;
#3642 = PLANE ( 'NONE',  #805 ) ;
#3643 = VERTEX_POINT ( 'NONE', #3827 ) ;
#3644 = ORIENTED_EDGE ( 'NONE', *, *, #2749, .T. ) ;
#3645 = PRODUCT ( 'DFEG7030D-5R6M=P3', 'DFEG7030D-5R6M=P3', '', ( #2118 ) ) ;
#3646 = DIRECTION ( 'NONE',  ( 0.0000000000000000000, 0.0000000000000000000, 1.000000000000000000 ) ) ;
#3647 = ADVANCED_FACE ( 'NONE', ( #1514 ), #3737, .T. ) ;
#3648 = LINE ( 'NONE', #2662, #2016 ) ;
#3649 = EDGE_CURVE ( 'NONE', #1185, #1807, #2273, .T. ) ;
#3650 = PRESENTATION_LAYER_ASSIGNMENT (  '', '', ( #1056 ) ) ;
#3651 = PLANE ( 'NONE',  #3898 ) ;
#3652 = CARTESIAN_POINT ( 'NONE',  ( 2.686780461782949381, 1.500000000000000000, -2.708194285047634597 ) ) ;
#3653 = SURFACE_SIDE_STYLE ('',( #3104 ) ) ;
#3654 = FACE_OUTER_BOUND ( 'NONE', #3496, .T. ) ;
#3655 = CYLINDRICAL_SURFACE ( 'NONE', #3115, 0.2499999999999997780 ) ;
#3656 = CARTESIAN_POINT ( 'NONE',  ( 2.286780461782949025, 1.250000000000001554, 3.049615641284944001 ) ) ;
#3657 = CARTESIAN_POINT ( 'NONE',  ( 0.0000000000000000000, 0.0000000000000000000, 0.0000000000000000000 ) ) ;
#3658 = CIRCLE ( 'NONE', #1022, 0.2000000000000000944 ) ;
#3659 = VECTOR ( 'NONE', #2413, 1000.000000000000000 ) ;
#3660 = DIRECTION ( 'NONE',  ( -1.000000000000000000, -0.0000000000000000000, 0.0000000000000000000 ) ) ;
#3661 = DIRECTION ( 'NONE',  ( 1.000000000000000000, 0.0000000000000000000, 0.0000000000000000000 ) ) ;
#3662 = FACE_OUTER_BOUND ( 'NONE', #1587, .T. ) ;
#3663 = COLOUR_RGB ( '',0.5372549019607842924, 0.3490196078431372362, 0.3372549019607843368 ) ;
#3664 = CARTESIAN_POINT ( 'NONE',  ( -1.600000000000001199, 0.1999999999999996503, 3.499999999999999556 ) ) ;
#3665 = CARTESIAN_POINT ( 'NONE',  ( 2.686780461782949381, 0.3000000000000004885, 2.458194285047635042 ) ) ;
#3666 = DIRECTION ( 'NONE',  ( -0.0000000000000000000, -1.000000000000000000, -0.0000000000000000000 ) ) ;
#3667 = CARTESIAN_POINT ( 'NONE',  ( 2.286781658582567989, 1.511093414788305722, 2.649616910617875298 ) ) ;
#3668 = LINE ( 'NONE', #3164, #306 ) ;
#3669 = ADVANCED_FACE ( 'NONE', ( #1062 ), #914, .F. ) ;
#3670 = CYLINDRICAL_SURFACE ( 'NONE', #697, 1.000000000000000000 ) ;
#3671 = DIRECTION ( 'NONE',  ( 0.7071067811865475727, 0.0000000000000000000, -0.7071067811865475727 ) ) ;
#3672 = DIRECTION ( 'NONE',  ( 0.7071067811865442421, 0.0000000000000000000, 0.7071067811865509034 ) ) ;
#3673 = EDGE_CURVE ( 'NONE', #705, #2200, #2316, .T. ) ;
#3674 = CARTESIAN_POINT ( 'NONE',  ( -1.600000000000001199, 0.0000000000000000000, 3.299999999999999378 ) ) ;
#3675 = ORIENTED_EDGE ( 'NONE', *, *, #1106, .F. ) ;
#3676 = COLOUR_RGB ( '',0.5372549019607842924, 0.3490196078431372362, 0.3372549019607843368 ) ;
#3677 = ORIENTED_EDGE ( 'NONE', *, *, #1275, .F. ) ;
#3678 = CARTESIAN_POINT ( 'NONE',  ( 1.650000000000001465, 0.3000000000000004885, 3.349999999999999645 ) ) ;
#3679 = CARTESIAN_POINT ( 'NONE',  ( 3.086780461782949736, 1.300000000000013145, -3.049615641284955547 ) ) ;
#3680 = EDGE_CURVE ( 'NONE', #1750, #45, #243, .T. ) ;
#3681 = ORIENTED_EDGE ( 'NONE', *, *, #1618, .T. ) ;
#3682 = ORIENTED_EDGE ( 'NONE', *, *, #2769, .F. ) ;
#3683 = CARTESIAN_POINT ( 'NONE',  ( 2.299908598267229820, 1.464016303301723054, 2.663539422404591850 ) ) ;
#3684 = ORIENTED_EDGE ( 'NONE', *, *, #1540, .F. ) ;
#3685 = CARTESIAN_POINT ( 'NONE',  ( 1.650000000000001465, 0.3000000000000004885, 3.349999999999999645 ) ) ;
#3686 = ORIENTED_EDGE ( 'NONE', *, *, #441, .F. ) ;
#3687 = ORIENTED_EDGE ( 'NONE', *, *, #3332, .T. ) ;
#3688 = ADVANCED_FACE ( 'NONE', ( #1469 ), #3696, .T. ) ;
#3689 = EDGE_LOOP ( 'NONE', ( #375, #36, #3440, #323 ) ) ;
#3690 = CARTESIAN_POINT ( 'NONE',  ( 3.086780461782970608, 0.9999999999999935607, 2.649615641284944534 ) ) ;
#3691 = CARTESIAN_POINT ( 'NONE',  ( 3.086780461782949736, 1.449999999999994404, -3.049615641284944001 ) ) ;
#3692 = AXIS2_PLACEMENT_3D ( 'NONE', #2042, #3666, #1462 ) ;
#3693 = VERTEX_POINT ( 'NONE', #3444 ) ;
#3694 = CARTESIAN_POINT ( 'NONE',  ( 2.286780461782949025, 1.250000000000001554, 2.649615641284944090 ) ) ;
#3695 = CARTESIAN_POINT ( 'NONE',  ( 2.833030685725645537, 2.008340413163365756, -2.380487090921094229 ) ) ;
#3696 = PLANE ( 'NONE',  #2297 ) ;
#3697 = CARTESIAN_POINT ( 'NONE',  ( 3.004978513316896027, 1.500000000000000000, -3.026392336581581244 ) ) ;
#3698 = CARTESIAN_POINT ( 'NONE',  ( 1.826776695296637776, 0.3000000000000004885, 3.426776695296636532 ) ) ;
#3699 = STYLED_ITEM ( 'NONE', ( #2098 ), #3501 ) ;
#3700 = EDGE_CURVE ( 'NONE', #112, #2978, #2223, .T. ) ;
#3702 = CARTESIAN_POINT ( 'NONE',  ( 1.650000000000001688, 0.3000000000000004885, 3.499999999999999556 ) ) ;
#3701 = LINE ( 'NONE', #1898, #2121 ) ;
#3703 = CARTESIAN_POINT ( 'NONE',  ( 2.686773543670430531, 1.520071940625131512, 2.649608303892879491 ) ) ;
#3704 = CARTESIAN_POINT ( 'NONE',  ( 2.278166533154487805, 1.579989408371525350, -3.040479656375956630 ) ) ;
#3705 = LINE ( 'NONE', #1511, #2942 ) ;
#3706 = CARTESIAN_POINT ( 'NONE',  ( 2.681733491058464036, 1.560140348214671402, 2.644262793546842794 ) ) ;
#3707 = CARTESIAN_POINT ( 'NONE',  ( 2.686780461782949825, 1.300000000000012923, -2.649615641284954748 ) ) ;
#3708 = ADVANCED_FACE ( 'NONE', ( #2843 ), #2158, .T. ) ;
#3709 = VECTOR ( 'NONE', #3553, 1000.000000000000000 ) ;
#3710 = DIRECTION ( 'NONE',  ( 0.7071067811865474617, 0.0000000000000000000, 0.7071067811865474617 ) ) ;
#3711 = DIRECTION ( 'NONE',  ( 0.7071067811865477948, 0.0000000000000000000, -0.7071067811865473507 ) ) ;
#3712 = CARTESIAN_POINT ( 'NONE',  ( -1.600000000000001199, 0.1499999999999999944, -3.349999999999999645 ) ) ;
#3713 = CARTESIAN_POINT ( 'NONE',  ( 3.086780461782948404, 0.2999999999999994893, 3.049615641284945333 ) ) ;
#3714 = CARTESIAN_POINT ( 'NONE',  ( 2.286780461782947693, 0.5000000000000101030, -3.049615641284945333 ) ) ;
#3715 = DIRECTION ( 'NONE',  ( 0.7071067811865507924, 0.0000000000000000000, 0.7071067811865441310 ) ) ;
#3716 = LINE ( 'NONE', #1943, #208 ) ;
#3717 = CARTESIAN_POINT ( 'NONE',  ( 3.018886841925696896, 1.898947056112458398, -2.977607256587905482 ) ) ;
#3718 = FACE_OUTER_BOUND ( 'NONE', #2438, .T. ) ;
#3719 = ORIENTED_EDGE ( 'NONE', *, *, #3573, .T. ) ;
#3720 = STYLED_ITEM ( 'NONE', ( #3554 ), #2695 ) ;
#3721 = PLANE ( 'NONE',  #3043 ) ;
#3723 = ORIENTED_EDGE ( 'NONE', *, *, #2313, .T. ) ;
#3722 = DIRECTION ( 'NONE',  ( -1.445602896647339706E-15, 0.0000000000000000000, 1.000000000000000000 ) ) ;
#3724 = EDGE_CURVE ( 'NONE', #2583, #2631, #2168, .T. ) ;
#3725 = EDGE_LOOP ( 'NONE', ( #3024, #2464, #3008, #1797 ) ) ;
#3726 = ADVANCED_FACE ( 'NONE', ( #823 ), #2212, .T. ) ;
#3727 = ORIENTED_EDGE ( 'NONE', *, *, #1360, .F. ) ;
#3728 = CARTESIAN_POINT ( 'NONE',  ( 2.678738258325130239, 1.574680337432693644, 2.641086031556939773 ) ) ;
#3729 = CARTESIAN_POINT ( 'NONE',  ( 3.086780461782949736, 1.400000000000002798, 2.649615641284943646 ) ) ;
#3730 = CARTESIAN_POINT ( 'NONE',  ( 2.684474196049789541, 1.568345028017994469, -3.047169601870995947 ) ) ;
#3731 = DIRECTION ( 'NONE',  ( -0.0000000000000000000, -0.0000000000000000000, -1.000000000000000000 ) ) ;
#3732 = ORIENTED_EDGE ( 'NONE', *, *, #3977, .T. ) ;
#3733 = CARTESIAN_POINT ( 'NONE',  ( 3.084547256469142074, 1.566179919142594912, -2.647247090194547958 ) ) ;
#3734 = EDGE_LOOP ( 'NONE', ( #1961, #1397, #2980, #949 ) ) ;
#3735 = ORIENTED_EDGE ( 'NONE', *, *, #1080, .F. ) ;
#3736 = ORIENTED_EDGE ( 'NONE', *, *, #3090, .T. ) ;
#3737 = PLANE ( 'NONE',  #600 ) ;
#3738 = VECTOR ( 'NONE', #2245, 1000.000000000000000 ) ;
#3739 = MANIFOLD_SOLID_BREP ( 'Sweep2', #1246 ) ;
#3740 = CARTESIAN_POINT ( 'NONE',  ( 3.084547256469142074, 1.566179919142594912, 2.647247090194547958 ) ) ;
#3741 = CARTESIAN_POINT ( 'NONE',  ( 2.286780461782949025, 1.400000000000002798, -2.649615641284943646 ) ) ;
#3742 = PRESENTATION_LAYER_ASSIGNMENT (  '', '', ( #815 ) ) ;
#3743 = SURFACE_SIDE_STYLE ('',( #1942 ) ) ;
#3744 = LINE ( 'NONE', #3935, #1808 ) ;
#3745 = CARTESIAN_POINT ( 'NONE',  ( 3.086795594585464375, 1.470756718493819504, -2.649631691227005259 ) ) ;
#3746 = ADVANCED_FACE ( 'NONE', ( #349 ), #3721, .F. ) ;
#3747 = CARTESIAN_POINT ( 'NONE',  ( 2.526297727388277181, 1.733935457656006873, -2.479406680563321697 ) ) ;
#3748 = SURFACE_STYLE_FILL_AREA ( #3019 ) ;
#3749 = VECTOR ( 'NONE', #3241, 1000.000000000000000 ) ;
#3750 = EDGE_CURVE ( 'NONE', #3823, #1703, #3658, .T. ) ;
#3751 = EDGE_CURVE ( 'NONE', #2631, #3542, #682, .T. ) ;
#3752 = CARTESIAN_POINT ( 'NONE',  ( 2.828201818020259051, 1.500000000000000000, -2.849615641284944267 ) ) ;
#3753 = CARTESIAN_POINT ( 'NONE',  ( 2.287653563029761639, 1.489596013950696296, 2.650541657758822556 ) ) ;
#3754 = CIRCLE ( 'NONE', #3291, 0.2499999999999993616 ) ;
#3755 = CARTESIAN_POINT ( 'NONE',  ( 2.655177182770872335, 1.642717347057615962, -2.616097012029726887 ) ) ;
#3756 = CARTESIAN_POINT ( 'NONE',  ( 2.286779257039877944, 1.488832955507132905, -2.649614363527140082 ) ) ;
#3757 = VECTOR ( 'NONE', #3147, 1000.000000000000000 ) ;
#3758 = DIRECTION ( 'NONE',  ( -0.0000000000000000000, -0.0000000000000000000, -1.000000000000000000 ) ) ;
#3759 = CARTESIAN_POINT ( 'NONE',  ( 2.686780461782970697, 0.9999999999999933387, -3.049615641284944889 ) ) ;
#3760 = LINE ( 'NONE', #3611, #1482 ) ;
#3761 = DIRECTION ( 'NONE',  ( -3.192183052533557924E-16, 1.000000000000000000, -0.0000000000000000000 ) ) ;
#3762 = CARTESIAN_POINT ( 'NONE',  ( 2.286780461782947693, 0.2999999999999994893, 3.049615641284945333 ) ) ;
#3763 = CARTESIAN_POINT ( 'NONE',  ( 2.526297727388277625, 1.733935457656007095, -2.479406680563321697 ) ) ;
#3764 = ORIENTED_EDGE ( 'NONE', *, *, #3146, .T. ) ;
#3765 = LINE ( 'NONE', #547, #2480 ) ;
#3766 = AXIS2_PLACEMENT_3D ( 'NONE', #2893, #1003, #3204 ) ;
#3767 = VERTEX_POINT ( 'NONE', #3286 ) ;
#3768 = CARTESIAN_POINT ( 'NONE',  ( 2.114888911485079515, 1.750566072654528904, -2.867306421272051598 ) ) ;
#3769 = CARTESIAN_POINT ( 'NONE',  ( 1.599999999999998979, 0.3000000000000004885, 3.499999999999999556 ) ) ;
#3770 = ORIENTED_EDGE ( 'NONE', *, *, #4001, .T. ) ;
#3771 = ORIENTED_EDGE ( 'NONE', *, *, #1760, .T. ) ;
#3772 = ORIENTED_EDGE ( 'NONE', *, *, #339, .T. ) ;
#3773 = STYLED_ITEM ( 'NONE', ( #2304 ), #3034 ) ;
#3774 = CARTESIAN_POINT ( 'NONE',  ( 2.863557157079585913, 1.500000000000000000, -2.531417589750997621 ) ) ;
#3775 = EDGE_CURVE ( 'NONE', #660, #3693, #1820, .T. ) ;
#3776 = AXIS2_PLACEMENT_3D ( 'NONE', #2761, #3639, #836 ) ;
#3777 = VERTEX_POINT ( 'NONE', #2811 ) ;
#3778 = VERTEX_POINT ( 'NONE', #1240 ) ;
#3779 = ORIENTED_EDGE ( 'NONE', *, *, #2215, .F. ) ;
#3780 = CARTESIAN_POINT ( 'NONE',  ( 2.286780461782949025, 1.449999999999994404, 3.049615641284944001 ) ) ;
#3781 = CARTESIAN_POINT ( 'NONE',  ( 1.826776695296637776, 0.3000000000000004885, 3.426776695296636532 ) ) ;
#3782 = EDGE_LOOP ( 'NONE', ( #1346, #2063, #2294, #2242 ) ) ;
#3783 = ORIENTED_EDGE ( 'NONE', *, *, #1248, .T. ) ;
#3784 = CARTESIAN_POINT ( 'NONE',  ( 3.086780461782949736, 1.374999999999991784, -3.049615641284938672 ) ) ;
#3785 = EDGE_LOOP ( 'NONE', ( #2964, #2953, #1299, #1591 ) ) ;
#3786 = DIRECTION ( 'NONE',  ( 1.000000000000000000, 0.0000000000000000000, 9.018912902434378532E-17 ) ) ;
#3787 = VERTEX_POINT ( 'NONE', #896 ) ;
#3788 = LINE ( 'NONE', #3223, #2264 ) ;
#3789 = CARTESIAN_POINT ( 'NONE',  ( 2.616069783664294768, 1.500000000000000000, 2.637483606928979984 ) ) ;
#3790 = DIRECTION ( 'NONE',  ( -0.0000000000000000000, -1.000000000000000000, -0.0000000000000000000 ) ) ;
#3791 = CARTESIAN_POINT ( 'NONE',  ( 2.286780461782904617, 0.7000000000000101696, 2.649615641284944534 ) ) ;
#3792 = DIRECTION ( 'NONE',  ( 0.0000000000000000000, 0.0000000000000000000, -1.000000000000000000 ) ) ;
#3793 = CARTESIAN_POINT ( 'NONE',  ( 2.828201818020259051, 1.500000000000000000, 2.849615641284944267 ) ) ;
#3794 = COLOUR_RGB ( '',0.5372549019607842924, 0.3490196078431372362, 0.3372549019607843368 ) ;
#3795 = FACE_OUTER_BOUND ( 'NONE', #3689, .T. ) ;
#3796 = CARTESIAN_POINT ( 'NONE',  ( 3.086780461782948404, 0.5000000000000101030, -3.049615641284945333 ) ) ;
#3797 = AXIS2_PLACEMENT_3D ( 'NONE', #3059, #3010, #2091 ) ;
#3798 = EDGE_CURVE ( 'NONE', #3391, #32, #1607, .T. ) ;
#3799 = CARTESIAN_POINT ( 'NONE',  ( 2.898912496138913664, 1.500000000000000000, 2.778904963166289210 ) ) ;
#3800 = DIRECTION ( 'NONE',  ( -0.0000000000000000000, -0.0000000000000000000, -1.000000000000000000 ) ) ;
#3801 = AXIS2_PLACEMENT_3D ( 'NONE', #2519, #298, #605 ) ;
#3802 = CARTESIAN_POINT ( 'NONE',  ( 2.306981828003098478, 1.459530325463279210, 2.671041332730484719 ) ) ;
#3803 = CARTESIAN_POINT ( 'NONE',  ( -3.158571428571427475, 0.3000000000000004885, -3.350000000000000089 ) ) ;
#3804 = CIRCLE ( 'NONE', #3446, 0.2499999999999997780 ) ;
#3805 = CARTESIAN_POINT ( 'NONE',  ( 2.615859994619405882, 1.820269960651880403, -2.974396963990294296 ) ) ;
#3806 = CARTESIAN_POINT ( 'NONE',  ( 2.425304832720495352, 0.3000000000000004885, 3.393933982822017192 ) ) ;
#3807 = VECTOR ( 'NONE', #1574, 1000.000000000000000 ) ;
#3809 = VECTOR ( 'NONE', #2664, 1000.000000000000114 ) ;
#3808 = DIRECTION ( 'NONE',  ( 0.7071067811865507924, 0.0000000000000000000, 0.7071067811865441310 ) ) ;
#3810 = ORIENTED_EDGE ( 'NONE', *, *, #3724, .F. ) ;
#3811 = DIRECTION ( 'NONE',  ( 0.0000000000000000000, 0.0000000000000000000, 1.000000000000000000 ) ) ;
#3812 = EDGE_LOOP ( 'NONE', ( #3526, #385, #2784, #1243 ) ) ;
#3813 = ORIENTED_EDGE ( 'NONE', *, *, #2106, .T. ) ;
#3814 = DIRECTION ( 'NONE',  ( -0.7071067811865474617, 0.0000000000000000000, 0.7071067811865474617 ) ) ;
#3815 = DIRECTION ( 'NONE',  ( -0.0000000000000000000, 1.000000000000000000, -0.0000000000000000000 ) ) ;
#3816 = VERTEX_POINT ( 'NONE', #3911 ) ;
#3817 = AXIS2_PLACEMENT_3D ( 'NONE', #2925, #1623, #3217 ) ;
#3818 = EDGE_LOOP ( 'NONE', ( #2259, #1890, #3637, #2398 ) ) ;
#3819 = DIRECTION ( 'NONE',  ( 0.7071067811865474617, 0.0000000000000000000, -0.7071067811865474617 ) ) ;
#3820 = EDGE_CURVE ( 'NONE', #2200, #1703, #1778, .T. ) ;
#3821 = CARTESIAN_POINT ( 'NONE',  ( 2.863557157079585913, 1.500000000000000000, -2.531417589750997621 ) ) ;
#3822 = VERTEX_POINT ( 'NONE', #3028 ) ;
#3823 = VERTEX_POINT ( 'NONE', #1466 ) ;
#3824 = ORIENTED_EDGE ( 'NONE', *, *, #3379, .F. ) ;
#3825 = CARTESIAN_POINT ( 'NONE',  ( 2.686780461779042728, 0.2999999999999992673, 2.649615641284945422 ) ) ;
#3826 = CARTESIAN_POINT ( 'NONE',  ( 1.826776695296637776, 1.500000000000000000, -3.426776695296636532 ) ) ;
#3827 = CARTESIAN_POINT ( 'NONE',  ( -1.600000000000001199, 0.1999999999999996503, 3.499999999999999556 ) ) ;
#3828 = DIRECTION ( 'NONE',  ( 0.0000000000000000000, 0.0000000000000000000, 1.000000000000000000 ) ) ;
#3829 = CIRCLE ( 'NONE', #1836, 0.09999999999999939493 ) ;
#3830 = DIRECTION ( 'NONE',  ( 0.0000000000000000000, 0.0000000000000000000, 1.000000000000000000 ) ) ;
#3831 = CARTESIAN_POINT ( 'NONE',  ( 1.720710678118655634, 1.500000000000000000, -3.320710678118654169 ) ) ;
#3832 = VECTOR ( 'NONE', #139, 1000.000000000000000 ) ;
#3833 = FACE_OUTER_BOUND ( 'NONE', #2637, .T. ) ;
#3834 = CARTESIAN_POINT ( 'NONE',  ( 3.086780461782949292, 1.250000000000001554, 2.649615641284944090 ) ) ;
#3835 = CARTESIAN_POINT ( 'NONE',  ( 1.599999999999998979, 0.3000000000000004885, -3.499999999999999556 ) ) ;
#3836 = DIRECTION ( 'NONE',  ( 0.0000000000000000000, -1.000000000000000000, 0.0000000000000000000 ) ) ;
#3837 = VECTOR ( 'NONE', #3660, 1000.000000000000000 ) ;
#3838 = PLANE ( 'NONE',  #3817 ) ;
#3839 = EDGE_CURVE ( 'NONE', #3457, #3816, #3889, .T. ) ;
#3840 = CARTESIAN_POINT ( 'NONE',  ( -1.600000000000001199, 0.1999999999999996503, 3.299999999999999378 ) ) ;
#3842 = VECTOR ( 'NONE', #2299, 1000.000000000000000 ) ;
#3841 = CARTESIAN_POINT ( 'NONE',  ( 2.666911566883273021, 1.616750839697350894, -2.628542570936829303 ) ) ;
#3843 = CARTESIAN_POINT ( 'NONE',  ( 1.599999999999998979, 0.1499999999999995226, 3.299999999999999378 ) ) ;
#3844 = AXIS2_PLACEMENT_3D ( 'NONE', #1493, #2162, #269 ) ;
#3845 = PLANE ( 'NONE',  #2588 ) ;
#3846 = EDGE_CURVE ( 'NONE', #660, #894, #96, .T. ) ;
#3847 = AXIS2_PLACEMENT_3D ( 'NONE', #758, #2603, #2616 ) ;
#3848 = DIRECTION ( 'NONE',  ( 1.000000000000000000, 0.0000000000000000000, -0.0000000000000000000 ) ) ;
#3849 = DIRECTION ( 'NONE',  ( 0.0000000000000000000, 0.0000000000000000000, -1.000000000000000000 ) ) ;
#3850 = CARTESIAN_POINT ( 'NONE',  ( 2.686780461782949825, 1.449999999999993960, 2.649615641284943646 ) ) ;
#3851 = VECTOR ( 'NONE', #641, 1000.000000000000114 ) ;
#3852 = PLANE ( 'NONE',  #4023 ) ;
#3853 = FACE_OUTER_BOUND ( 'NONE', #1190, .T. ) ;
#3854 = ORIENTED_EDGE ( 'NONE', *, *, #3573, .F. ) ;
#3855 = VERTEX_POINT ( 'NONE', #3281 ) ;
#3856 = ADVANCED_FACE ( 'NONE', ( #3559 ), #1673, .F. ) ;
#3857 = ORIENTED_EDGE ( 'NONE', *, *, #253, .F. ) ;
#3858 = ORIENTED_EDGE ( 'NONE', *, *, #1149, .F. ) ;
#3859 = CARTESIAN_POINT ( 'NONE',  ( 2.642192958449228968, 1.761998892263946459, -3.002325865021944207 ) ) ;
#3860 = ORIENTED_EDGE ( 'NONE', *, *, #3619, .T. ) ;
#3861 = CARTESIAN_POINT ( 'NONE',  ( 3.086804258435391191, 1.461170835229185672, 3.049640880158750456 ) ) ;
#3862 = DIRECTION ( 'NONE',  ( 0.0000000000000000000, 1.000000000000000000, 0.0000000000000000000 ) ) ;
#3863 = ORIENTED_EDGE ( 'NONE', *, *, #3141, .T. ) ;
#3864 = CARTESIAN_POINT ( 'NONE',  ( 1.650000000000001688, 1.500000000000000000, 3.499999999999999556 ) ) ;
#3865 = DIRECTION ( 'NONE',  ( 0.0000000000000000000, 0.0000000000000000000, 1.000000000000000000 ) ) ;
#3866 = DIRECTION ( 'NONE',  ( 1.355252715606880789E-16, 0.0000000000000000000, -1.000000000000000000 ) ) ;
#3867 = AXIS2_PLACEMENT_3D ( 'NONE', #80, #1057, #3849 ) ;
#3868 = LINE ( 'NONE', #3283, #2054 ) ;
#3869 = EDGE_CURVE ( 'NONE', #3343, #1506, #1872, .T. ) ;
#3870 = EDGE_LOOP ( 'NONE', ( #3453, #603, #2689, #2333 ) ) ;
#3871 = ORIENTED_EDGE ( 'NONE', *, *, #820, .F. ) ;
#3872 = CARTESIAN_POINT ( 'NONE',  ( 2.286780461782947693, 0.2999999999999994893, -2.649615641284945422 ) ) ;
#3873 = VERTEX_POINT ( 'NONE', #124 ) ;
#3874 = DIRECTION ( 'NONE',  ( 0.0000000000000000000, -0.0000000000000000000, 1.000000000000000000 ) ) ;
#3875 = ORIENTED_EDGE ( 'NONE', *, *, #1590, .F. ) ;
#3876 = ORIENTED_EDGE ( 'NONE', *, *, #2159, .T. ) ;
#3877 = EDGE_CURVE ( 'NONE', #3450, #3485, #2311, .T. ) ;
#3878 = CARTESIAN_POINT ( 'NONE',  ( -2.300000000000000711, 0.3000000000000005440, 3.350000000000000089 ) ) ;
#3879 = CARTESIAN_POINT ( 'NONE',  ( 3.086780461782949736, 1.400000000000002798, 2.649615641284943646 ) ) ;
#3881 = CYLINDRICAL_SURFACE ( 'NONE', #3867, 0.09999999999999982514 ) ;
#3880 = DIRECTION ( 'NONE',  ( 1.000000000000000000, -0.0000000000000000000, -0.0000000000000000000 ) ) ;
#3882 = DIRECTION ( 'NONE',  ( -0.0000000000000000000, -1.000000000000000000, -0.0000000000000000000 ) ) ;
#3883 = DIRECTION ( 'NONE',  ( 1.000000000000000000, 0.0000000000000000000, 0.0000000000000000000 ) ) ;
#3884 = ADVANCED_FACE ( 'NONE', ( #3654 ), #2934, .F. ) ;
#3885 = FACE_OUTER_BOUND ( 'NONE', #3436, .T. ) ;
#3886 = CARTESIAN_POINT ( 'NONE',  ( 1.650000000000001465, 0.1999999999999995948, -3.349999999999999645 ) ) ;
#3887 = DIRECTION ( 'NONE',  ( -0.0000000000000000000, -1.000000000000000000, 0.0000000000000000000 ) ) ;
#3888 = DIRECTION ( 'NONE',  ( 1.000000000000000000, 0.0000000000000000000, 4.336808689942043768E-15 ) ) ;
#3889 = LINE ( 'NONE', #2293, #1164 ) ;
#3890 = DIRECTION ( 'NONE',  ( 0.0000000000000000000, 0.0000000000000000000, 1.000000000000000000 ) ) ;
#3891 = MECHANICAL_DESIGN_GEOMETRIC_PRESENTATION_REPRESENTATION (  '', ( #815 ), #1237 ) ;
#3892 = VECTOR ( 'NONE', #737, 1000.000000000000000 ) ;
#3893 = CARTESIAN_POINT ( 'NONE',  ( 2.666911566883273021, 1.616750839697350894, -2.628542570936829303 ) ) ;
#3894 = PLANE ( 'NONE',  #2595 ) ;
#3895 = LINE ( 'NONE', #2653, #1726 ) ;
#3896 = CARTESIAN_POINT ( 'NONE',  ( -1.458571428571429518, 2.717142857142856194, -3.499999999999999556 ) ) ;
#3897 = DIRECTION ( 'NONE',  ( 0.0000000000000000000, 0.0000000000000000000, 1.000000000000000000 ) ) ;
#3898 = AXIS2_PLACEMENT_3D ( 'NONE', #906, #2462, #880 ) ;
#3899 = EDGE_CURVE ( 'NONE', #228, #1185, #1817, .T. ) ;
#3900 = AXIS2_PLACEMENT_3D ( 'NONE', #1931, #3460, #23 ) ;
#3901 = CARTESIAN_POINT ( 'NONE',  ( 2.426470588235295711, 1.879453338893068315, 2.573529411764704733 ) ) ;
#3902 = CYLINDRICAL_SURFACE ( 'NONE', #232, 0.09999999999999939493 ) ;
#3903 = ADVANCED_FACE ( 'NONE', ( #443 ), #450, .F. ) ;
#3904 = LINE ( 'NONE', #2582, #3007 ) ;
#3905 = ORIENTED_EDGE ( 'NONE', *, *, #2566, .T. ) ;
#3906 = PLANE ( 'NONE',  #2181 ) ;
#3907 = ORIENTED_EDGE ( 'NONE', *, *, #1374, .F. ) ;
#3908 = ORIENTED_EDGE ( 'NONE', *, *, #2936, .F. ) ;
#3909 = PLANE ( 'NONE',  #3500 ) ;
#3910 = ORIENTED_EDGE ( 'NONE', *, *, #1000, .T. ) ;
#3911 = CARTESIAN_POINT ( 'NONE',  ( -3.300000000000000711, 3.000000000000000000, 2.349999999999999201 ) ) ;
#3912 = APPLICATION_CONTEXT ( 'automotive_design' ) ;
#3913 = VERTEX_POINT ( 'NONE', #1733 ) ;
#3914 = B_SPLINE_CURVE_WITH_KNOTS ( 'NONE', 3,
 ( #3309, #784, #3009, #2389, #3893, #2984, #796, #2996, #1122, #1442, #1132, #1094, #200, #1110, #3297, #1456, #3284, #1427, #170, #1420 ),
 .UNSPECIFIED., .F., .F.,
 ( 4, 2, 2, 2, 2, 2, 2, 2, 2, 4 ),
 ( 0.0000000000000000000, 0.1659324438835359516, 0.2488986658253039275, 0.2903817767961879293, 0.3318648877670719033, 0.3736233322816299163, 0.4153817767961879293, 0.4988986658253038997, 0.6659324438835358961, 1.000000000000000000 ),
 .UNSPECIFIED. ) ;
#3915 = DIRECTION ( 'NONE',  ( -0.0000000000000000000, -1.000000000000000000, -0.0000000000000000000 ) ) ;
#3916 = DIRECTION ( 'NONE',  ( 1.000000000000000000, 0.0000000000000000000, -9.018912902434378532E-17 ) ) ;
#3917 = ORIENTED_EDGE ( 'NONE', *, *, #2027, .F. ) ;
#3918 = ORIENTED_EDGE ( 'NONE', *, *, #2929, .F. ) ;
#3919 = ORIENTED_EDGE ( 'NONE', *, *, #1432, .F. ) ;
#3920 = ADVANCED_FACE ( 'NONE', ( #1561 ), #1704, .T. ) ;
#3921 = AXIS2_PLACEMENT_3D ( 'NONE', #3144, #3472, #383 ) ;
#3922 = EDGE_CURVE ( 'NONE', #3632, #1737, #630, .T. ) ;
#3923 = DIRECTION ( 'NONE',  ( 0.0000000000000000000, 0.0000000000000000000, -1.000000000000000000 ) ) ;
#3924 =( NAMED_UNIT ( * ) PLANE_ANGLE_UNIT ( ) SI_UNIT ( $, .RADIAN. ) );
#3925 = CARTESIAN_POINT ( 'NONE',  ( 3.086780461782949292, 1.250000000000001554, -2.649615641284944090 ) ) ;
#3926 = FACE_OUTER_BOUND ( 'NONE', #1695, .T. ) ;
#3927 = SURFACE_SIDE_STYLE ('',( #3748 ) ) ;
#3928 = VECTOR ( 'NONE', #695, 1000.000000000000000 ) ;
#3929 = PRESENTATION_LAYER_ASSIGNMENT (  '', '', ( #2714 ) ) ;
#3930 = CARTESIAN_POINT ( 'NONE',  ( 1.599999999999998757, 2.858571428571428097, -3.349999999999999645 ) ) ;
#3931 = VECTOR ( 'NONE', #1017, 1000.000000000000000 ) ;
#3932 = CARTESIAN_POINT ( 'NONE',  ( 2.326643449082314241, 2.024971220130129979, -2.667652142966087325 ) ) ;
#3933 = CARTESIAN_POINT ( 'NONE',  ( -1.600000000000001199, 0.1999999999999996503, 3.499999999999999556 ) ) ;
#3934 = EDGE_CURVE ( 'NONE', #2330, #1551, #3032, .T. ) ;
#3936 = VECTOR ( 'NONE', #3814, 1000.000000000000114 ) ;
#3935 = CARTESIAN_POINT ( 'NONE',  ( -2.300000000000000711, 0.3000000000000004885, -3.426776695296636532 ) ) ;
#3937 = PLANE ( 'NONE',  #2342 ) ;
#3938 = CARTESIAN_POINT ( 'NONE',  ( 2.686787425812671160, 1.479794837000475871, -2.649623027377072670 ) ) ;
#3939 = LINE ( 'NONE', #2407, #1068 ) ;
#3940 = DIRECTION ( 'NONE',  ( 1.000000000000000000, 0.0000000000000000000, 0.0000000000000000000 ) ) ;
#3941 = EDGE_CURVE ( 'NONE', #2693, #944, #2937, .T. ) ;
#3942 = ADVANCED_FACE ( 'NONE', ( #2409 ), #3531, .T. ) ;
#3943 = CARTESIAN_POINT ( 'NONE',  ( -3.017142857142856016, 2.717142857142856194, -3.349999999999999645 ) ) ;
#3944 = CARTESIAN_POINT ( 'NONE',  ( 2.757491139901603994, 1.500000000000000000, -2.637483606928980873 ) ) ;
#3945 = EDGE_CURVE ( 'NONE', #3389, #2583, #3464, .T. ) ;
#3946 = FACE_OUTER_BOUND ( 'NONE', #3243, .T. ) ;
#3947 = DIRECTION ( 'NONE',  ( -0.0000000000000000000, -1.000000000000000000, 0.0000000000000000000 ) ) ;
#3948 = CARTESIAN_POINT ( 'NONE',  ( 2.921877669732689586, 1.951991953385532996, -2.474718740625557523 ) ) ;
#3949 = FACE_OUTER_BOUND ( 'NONE', #980, .T. ) ;
#3950 = EDGE_CURVE ( 'NONE', #4022, #3603, #2703, .T. ) ;
#3951 = ORIENTED_EDGE ( 'NONE', *, *, #1728, .F. ) ;
#3952 = CARTESIAN_POINT ( 'NONE',  ( 2.686780461782949825, 1.400000000000002576, 3.049615641284944001 ) ) ;
#3953 = FILL_AREA_STYLE ('',( #2700 ) ) ;
#3954 = ORIENTED_EDGE ( 'NONE', *, *, #310, .F. ) ;
#3955 = CIRCLE ( 'NONE', #2231, 0.05000000000000012768 ) ;
#3956 = ORIENTED_EDGE ( 'NONE', *, *, #419, .T. ) ;
#3957 = VECTOR ( 'NONE', #3715, 1000.000000000000114 ) ;
#3958 = VERTEX_POINT ( 'NONE', #1398 ) ;
#3959 = CARTESIAN_POINT ( 'NONE',  ( 1.599999999999998757, 0.1499999999999999944, 2.000000000000000000 ) ) ;
#3961 = ORIENTED_EDGE ( 'NONE', *, *, #780, .T. ) ;
#3960 = CARTESIAN_POINT ( 'NONE',  ( 1.650000000000001465, 0.1999999999999996503, 3.349999999999999645 ) ) ;
#3962 = CARTESIAN_POINT ( 'NONE',  ( 1.599999999999999201, 1.500000000000000000, 3.349999999999999645 ) ) ;
#3963 = ORIENTED_EDGE ( 'NONE', *, *, #611, .T. ) ;
#3964 = ADVANCED_FACE ( 'NONE', ( #818 ), #394, .T. ) ;
#3965 = EDGE_LOOP ( 'NONE', ( #3155, #607, #524, #2775 ) ) ;
#3966 = CARTESIAN_POINT ( 'NONE',  ( 3.004978513316895583, 0.3000000000000004885, -2.672838945988307291 ) ) ;
#3967 = PLANE ( 'NONE',  #1415 ) ;
#3968 =( NAMED_UNIT ( * ) PLANE_ANGLE_UNIT ( ) SI_UNIT ( $, .RADIAN. ) );
#3969 = EDGE_CURVE ( 'NONE', #35, #127, #1974, .T. ) ;
#3970 = ORIENTED_EDGE ( 'NONE', *, *, #1025, .F. ) ;
#3971 = CARTESIAN_POINT ( 'NONE',  ( 2.265499074972761484, 1.625050728415434964, 3.027044473455983820 ) ) ;
#3972 = EDGE_LOOP ( 'NONE', ( #2138, #4012, #964, #2246 ) ) ;
#3973 = ORIENTED_EDGE ( 'NONE', *, *, #2313, .F. ) ;
#3974 = PLANE ( 'NONE',  #2609 ) ;
#3975 = CARTESIAN_POINT ( 'NONE',  ( 2.668733067838941153, 1.667589078862177443, 3.030474465889763991 ) ) ;
#3976 = FACE_OUTER_BOUND ( 'NONE', #3812, .T. ) ;
#3977 = EDGE_CURVE ( 'NONE', #2774, #2437, #1767, .T. ) ;
#3978 = AXIS2_PLACEMENT_3D ( 'NONE', #2968, #3240, #1982 ) ;
#3979 = CARTESIAN_POINT ( 'NONE',  ( 1.599999999999998979, -4.607859233063393845E-16, 3.299999999999999378 ) ) ;
#3980 = CARTESIAN_POINT ( 'NONE',  ( 2.500000000000000444, 0.05000000000000000278, -2.500000000000000444 ) ) ;
#3981 = CARTESIAN_POINT ( 'NONE',  ( 2.424729135959711623, 2.024971021881532884, -2.771682416926926518 ) ) ;
#3982 = VECTOR ( 'NONE', #2553, 1000.000000000000000 ) ;
#3983 = MANIFOLD_SOLID_BREP ( 'Cut-Extrude4[1]', #2056 ) ;
#3984 = CARTESIAN_POINT ( 'NONE',  ( 2.286780461782949025, 1.300000000000013145, 2.649615641284955192 ) ) ;
#3985 = EDGE_CURVE ( 'NONE', #1584, #901, #2556, .T. ) ;
#3986 = VECTOR ( 'NONE', #3882, 1000.000000000000000 ) ;
#3987 = LINE ( 'NONE', #3980, #1670 ) ;
#3988 = EDGE_CURVE ( 'NONE', #762, #3060, #2797, .T. ) ;
#3989 = PRODUCT_DEFINITION_CONTEXT ( 'detailed design', #3912, 'design' ) ;
#3990 = PLANE ( 'NONE',  #1563 ) ;
#3991 = CARTESIAN_POINT ( 'NONE',  ( 2.686780461782949381, 1.099999999999994760, 2.649615641284944090 ) ) ;
#3992 = CARTESIAN_POINT ( 'NONE',  ( 2.286780461782949025, 1.300000000000013145, -3.049615641284955547 ) ) ;
#3993 = DIRECTION ( 'NONE',  ( 0.0000000000000000000, 0.0000000000000000000, 1.000000000000000000 ) ) ;
#3994 = CARTESIAN_POINT ( 'NONE',  ( 2.286780461782947693, 0.2999999999999994893, 2.649615641284945422 ) ) ;
#3995 = CARTESIAN_POINT ( 'NONE',  ( 3.086780461782948404, 0.5000000000000101030, -2.649615641284945422 ) ) ;
#3996 = VECTOR ( 'NONE', #3378, 1000.000000000000000 ) ;
#3997 = PRESENTATION_LAYER_ASSIGNMENT (  '', '', ( #3261 ) ) ;
#3998 = CARTESIAN_POINT ( 'NONE',  ( 2.531370849898477715, 1.500000000000000000, 3.499999999999999556 ) ) ;
#3999 = DIRECTION ( 'NONE',  ( 1.000000000000000000, 0.0000000000000000000, 0.0000000000000000000 ) ) ;
#4000 = DIRECTION ( 'NONE',  ( 0.0000000000000000000, 0.0000000000000000000, -1.000000000000000000 ) ) ;
#4001 = EDGE_CURVE ( 'NONE', #1807, #3777, #1261, .T. ) ;
#4002 = ADVANCED_FACE ( 'NONE', ( #54 ), #3628, .F. ) ;
#4003 = CIRCLE ( 'NONE', #404, 0.2000000000000000944 ) ;
#4004 = EDGE_LOOP ( 'NONE', ( #1602, #994, #3342, #3242 ) ) ;
#4005 = CARTESIAN_POINT ( 'NONE',  ( 2.686780461782949381, 1.500000000000000000, 2.608194285047634953 ) ) ;
#4006 = CARTESIAN_POINT ( 'NONE',  ( 3.086780461782905771, 0.7000000000000101696, 2.649615641284944534 ) ) ;
#4007 = CARTESIAN_POINT ( 'NONE',  ( 2.326643449082314241, 2.024971220130129534, -2.667652142966087769 ) ) ;
#4008 = DIRECTION ( 'NONE',  ( -0.0000000000000000000, -1.000000000000000000, -0.0000000000000000000 ) ) ;
#4009 = EDGE_LOOP ( 'NONE', ( #1300, #2881, #318, #1684 ) ) ;
#4010 = ORIENTED_EDGE ( 'NONE', *, *, #2877, .F. ) ;
#4011 =( GEOMETRIC_REPRESENTATION_CONTEXT ( 3 ) GLOBAL_UNCERTAINTY_ASSIGNED_CONTEXT ( ( #2612 ) ) GLOBAL_UNIT_ASSIGNED_CONTEXT ( ( #3129, #265, #1321 ) ) REPRESENTATION_CONTEXT ( 'NONE', 'WORKASPACE' ) );
#4012 = ORIENTED_EDGE ( 'NONE', *, *, #2061, .F. ) ;
#4013 = CARTESIAN_POINT ( 'NONE',  ( 2.285679692969154075, 1.532620731573986816, 3.048448159209719677 ) ) ;
#4014 = CARTESIAN_POINT ( 'NONE',  ( 3.086780461782905771, 0.7000000000000101696, -2.649615641284944534 ) ) ;
#4015 = VERTEX_POINT ( 'NONE', #2711 ) ;
#4016 = FACE_OUTER_BOUND ( 'NONE', #1394, .T. ) ;
#4017 = ORIENTED_EDGE ( 'NONE', *, *, #393, .F. ) ;
#4018 = DIRECTION ( 'NONE',  ( 1.000000000000000000, -0.0000000000000000000, 0.0000000000000000000 ) ) ;
#4019 = ORIENTED_EDGE ( 'NONE', *, *, #1432, .T. ) ;
#4020 = CARTESIAN_POINT ( 'NONE',  ( 2.686780461782949825, 1.300000000000012923, 2.649615641284954748 ) ) ;
#4021 = CARTESIAN_POINT ( 'NONE',  ( 3.086780461782948404, 0.2999999999999994893, -2.649615641284945422 ) ) ;
#4022 = VERTEX_POINT ( 'NONE', #2686 ) ;
#4023 = AXIS2_PLACEMENT_3D ( 'NONE', #105, #1318, #2278 ) ;
#4024 = ORIENTED_EDGE ( 'NONE', *, *, #201, .T. ) ;
#4025 = CARTESIAN_POINT ( 'NONE',  ( 3.086765428758293517, 1.529050466461958413, -2.649599697167883683 ) ) ;
#4026 = ADVANCED_FACE ( 'NONE', ( #296 ), #3642, .F. ) ;
#4027 = VECTOR ( 'NONE', #178, 1000.000000000000000 ) ;
#4028 = EDGE_CURVE ( 'NONE', #2330, #3483, #1659, .T. ) ;
ENDSEC;
END-ISO-10303-21;
