ISO-10303-21;
HEADER;
FILE_DESCRIPTION (( 'STEP AP214' ),
    '1' );
FILE_NAME ('FDSD0420-H-2R2M=P3.STEP',
    '2020-01-28T22:01:34',
    ( '' ),
    ( '' ),
    'SwSTEP 2.0',
    'SolidWorks 2018',
    '' );
FILE_SCHEMA (( 'AUTOMOTIVE_DESIGN' ));
ENDSEC;

DATA;
#1 = ORIENTED_EDGE ( 'NONE', *, *, #2501, .T. ) ;
#2 =( LENGTH_UNIT ( ) NAMED_UNIT ( * ) SI_UNIT ( .MILLI., .METRE. ) );
#3 = VECTOR ( 'NONE', #1811, 1000.000000000000114 ) ;
#4 = CARTESIAN_POINT ( 'NONE',  ( 1.599337601876782422, 1.147511096119603780, -1.474337601876795967 ) ) ;
#6 = DIRECTION ( 'NONE',  ( 0.0000000000000000000, 1.000000000000000000, 0.0000000000000000000 ) ) ;
#5 = LINE ( 'NONE', #2819, #503 ) ;
#7 = EDGE_LOOP ( 'NONE', ( #2228, #2696, #824, #3845 ) ) ;
#8 = CARTESIAN_POINT ( 'NONE',  ( -1.900000000000000133, 0.3000000000000003220, 2.000000000000002220 ) ) ;
#9 = DIRECTION ( 'NONE',  ( 0.7071067811865486830, 0.0000000000000000000, 0.7071067811865464625 ) ) ;
#10 = DIRECTION ( 'NONE',  ( 0.4999999999999979461, -0.7071067811865491270, -0.4999999999999996669 ) ) ;
#11 = LINE ( 'NONE', #846, #2135 ) ;
#12 = CARTESIAN_POINT ( 'NONE',  ( 1.404809703885626426, 0.2999999999999998779, 1.779809703885630423 ) ) ;
#13 = EDGE_CURVE ( 'NONE', #523, #3310, #1587, .T. ) ;
#14 = VECTOR ( 'NONE', #148, 999.9999999999998863 ) ;
#15 = DIRECTION ( 'NONE',  ( 0.7071067811865499042, 1.137978600240785454E-15, -0.7071067811865452413 ) ) ;
#16 = DIRECTION ( 'NONE',  ( 0.0000000000000000000, -1.000000000000000000, 0.0000000000000000000 ) ) ;
#17 = ADVANCED_FACE ( 'NONE', ( #2011 ), #549, .F. ) ;
#18 = EDGE_CURVE ( 'NONE', #903, #1932, #3942, .T. ) ;
#19 = STYLED_ITEM ( 'NONE', ( #984 ), #2772 ) ;
#20 = DIRECTION ( 'NONE',  ( -2.940209281316622988E-16, 0.0000000000000000000, -1.000000000000000000 ) ) ;
#21 = CARTESIAN_POINT ( 'NONE',  ( -1.800000000000000711, 1.900000000000000355, 1.900000000000001688 ) ) ;
#22 = CARTESIAN_POINT ( 'NONE',  ( 1.624810064830503054, 1.171021072251432482, -1.749810064830506606 ) ) ;
#23 = DIRECTION ( 'NONE',  ( 1.000000000000000000, 0.0000000000000000000, -2.940209281316622988E-16 ) ) ;
#24 = FACE_OUTER_BOUND ( 'NONE', #3065, .T. ) ;
#25 = AXIS2_PLACEMENT_3D ( 'NONE', #561, #872, #1735 ) ;
#26 = EDGE_CURVE ( 'NONE', #1454, #1403, #86, .T. ) ;
#27 = CARTESIAN_POINT ( 'NONE',  ( 1.904809703885615546, 0.5333333333333255544, 1.779809703885629757 ) ) ;
#28 =( NAMED_UNIT ( * ) SI_UNIT ( $, .STERADIAN. ) SOLID_ANGLE_UNIT ( ) );
#29 = VECTOR ( 'NONE', #2379, 1000.000000000000114 ) ;
#30 = EDGE_LOOP ( 'NONE', ( #763, #638, #706, #2332 ) ) ;
#31 = CARTESIAN_POINT ( 'NONE',  ( 1.831586399182265845, 0.3000000000000003220, 1.796231060122938095 ) ) ;
#33 = ORIENTED_EDGE ( 'NONE', *, *, #2970, .T. ) ;
#32 = CARTESIAN_POINT ( 'NONE',  ( 1.537500000000000311, 1.165900974233026854, -1.412499999999999201 ) ) ;
#34 = ORIENTED_EDGE ( 'NONE', *, *, #3343, .T. ) ;
#35 = VERTEX_POINT ( 'NONE', #2489 ) ;
#36 = ORIENTED_EDGE ( 'NONE', *, *, #927, .T. ) ;
#37 = DIRECTION ( 'NONE',  ( 0.0000000000000000000, -0.0000000000000000000, -1.000000000000000000 ) ) ;
#38 = DIRECTION ( 'NONE',  ( 0.0000000000000000000, 0.0000000000000000000, -1.000000000000000000 ) ) ;
#39 = LINE ( 'NONE', #2030, #88 ) ;
#40 = ADVANCED_FACE ( 'NONE', ( #2636 ), #387, .T. ) ;
#41 = VERTEX_POINT ( 'NONE', #1583 ) ;
#42 = CARTESIAN_POINT ( 'NONE',  ( 1.654809703885628203, 1.000000000000000000, -1.619454364826300452 ) ) ;
#43 = CYLINDRICAL_SURFACE ( 'NONE', #498, 0.1999999999999998723 ) ;
#44 = ORIENTED_EDGE ( 'NONE', *, *, #2528, .T. ) ;
#45 = EDGE_CURVE ( 'NONE', #2291, #523, #3301, .T. ) ;
#46 = PRODUCT ( 'FDSD0420-H-2R2M=P3', 'FDSD0420-H-2R2M=P3', '', ( #228 ) ) ;
#47 = DIRECTION ( 'NONE',  ( -0.0000000000000000000, -1.000000000000000000, -0.0000000000000000000 ) ) ;
#48 = CARTESIAN_POINT ( 'NONE',  ( 1.640285940628114059, 1.082796648348378854, -1.515285940628121164 ) ) ;
#49 = CARTESIAN_POINT ( 'NONE',  ( -1.049999999999999156, 0.1499999999999997446, 1.080487804878050184 ) ) ;
#50 = ORIENTED_EDGE ( 'NONE', *, *, #3490, .F. ) ;
#51 = LINE ( 'NONE', #3914, #3414 ) ;
#52 = CARTESIAN_POINT ( 'NONE',  ( -0.8999999999999992450, 1.800000000000000711, -2.000000000000001776 ) ) ;
#53 = DIRECTION ( 'NONE',  ( -0.0000000000000000000, 1.000000000000000000, 0.0000000000000000000 ) ) ;
#54 = CARTESIAN_POINT ( 'NONE',  ( 1.904809703885628647, 0.8833333333333360793, -1.779809703885629091 ) ) ;
#55 = AXIS2_PLACEMENT_3D ( 'NONE', #3426, #2812, #3733 ) ;
#56 = ORIENTED_EDGE ( 'NONE', *, *, #255, .F. ) ;
#57 = VECTOR ( 'NONE', #3208, 1000.000000000000000 ) ;
#58 = CARTESIAN_POINT ( 'NONE',  ( 1.654809703885628203, 1.000000000000000000, 1.619454364826300452 ) ) ;
#59 = DIRECTION ( 'NONE',  ( -0.0000000000000000000, -1.000000000000000000, 0.0000000000000000000 ) ) ;
#60 = ORIENTED_EDGE ( 'NONE', *, *, #241, .F. ) ;
#61 = DIRECTION ( 'NONE',  ( -1.141265444721583511E-16, 1.000000000000000000, 0.0000000000000000000 ) ) ;
#62 = ADVANCED_FACE ( 'NONE', ( #1406 ), #2518, .T. ) ;
#63 = ORIENTED_EDGE ( 'NONE', *, *, #2288, .F. ) ;
#64 = DIRECTION ( 'NONE',  ( -0.7071067811865474617, 0.0000000000000000000, 0.7071067811865476838 ) ) ;
#65 = CARTESIAN_POINT ( 'NONE',  ( 1.904809703885628647, 0.8833333333333360793, -1.529809703885628647 ) ) ;
#66 = VECTOR ( 'NONE', #3519, 1000.000000000000000 ) ;
#67 = ORIENTED_EDGE ( 'NONE', *, *, #1392, .T. ) ;
#68 = CARTESIAN_POINT ( 'NONE',  ( 1.049999999999998934, 0.1499999999999997446, -1.080487804878050184 ) ) ;
#69 = CARTESIAN_POINT ( 'NONE',  ( 1.831586399182265845, 1.000000000000000000, -1.796231060122938095 ) ) ;
#70 = EDGE_CURVE ( 'NONE', #1494, #2782, #1255, .T. ) ;
#71 = DIRECTION ( 'NONE',  ( 0.0000000000000000000, 0.0000000000000000000, -1.000000000000000000 ) ) ;
#72 = DIRECTION ( 'NONE',  ( -1.000000000000000000, 0.0000000000000000000, 0.0000000000000000000 ) ) ;
#73 = EDGE_CURVE ( 'NONE', #3350, #3749, #1916, .T. ) ;
#74 = AXIS2_PLACEMENT_3D ( 'NONE', #2157, #1288, #958 ) ;
#75 = VECTOR ( 'NONE', #2176, 1000.000000000000000 ) ;
#76 = ORIENTED_EDGE ( 'NONE', *, *, #3800, .T. ) ;
#77 = CARTESIAN_POINT ( 'NONE',  ( 1.049999999999998934, 1.000000000000000000, -1.800000000000001155 ) ) ;
#78 = CARTESIAN_POINT ( 'NONE',  ( 1.651812698920217981, 1.043016285876988691, 1.526812698920210876 ) ) ;
#79 =( LENGTH_UNIT ( ) NAMED_UNIT ( * ) SI_UNIT ( .MILLI., .METRE. ) );
#80 = FACE_OUTER_BOUND ( 'NONE', #2647, .T. ) ;
#81 = VERTEX_POINT ( 'NONE', #1048 ) ;
#82 = ADVANCED_FACE ( 'NONE', ( #1719 ), #1682, .T. ) ;
#83 = AXIS2_PLACEMENT_3D ( 'NONE', #2568, #204, #1653 ) ;
#84 = EDGE_CURVE ( 'NONE', #3827, #3889, #2351, .T. ) ;
#85 = DIRECTION ( 'NONE',  ( -0.0000000000000000000, -1.000000000000000000, 0.0000000000000000000 ) ) ;
#86 = LINE ( 'NONE', #3097, #1492 ) ;
#87 = CARTESIAN_POINT ( 'NONE',  ( 1.904809703885634198, 0.7083333333333363679, 1.529809703885629313 ) ) ;
#88 = VECTOR ( 'NONE', #2956, 1000.000000000000000 ) ;
#89 = ORIENTED_EDGE ( 'NONE', *, *, #3473, .F. ) ;
#90 = CARTESIAN_POINT ( 'NONE',  ( -1.049999999999999156, 0.1499999999999997446, 1.080487804878050184 ) ) ;
#91 = DIRECTION ( 'NONE',  ( -1.000000000000000000, 0.0000000000000000000, -0.0000000000000000000 ) ) ;
#92 = DIRECTION ( 'NONE',  ( 1.000000000000000000, 0.0000000000000000000, 0.0000000000000000000 ) ) ;
#93 = CARTESIAN_POINT ( 'NONE',  ( 1.904809703885628647, 0.7666666666666595020, -1.529809703885628869 ) ) ;
#94 = ORIENTED_EDGE ( 'NONE', *, *, #952, .F. ) ;
#95 = ORIENTED_EDGE ( 'NONE', *, *, #241, .T. ) ;
#96 = DIRECTION ( 'NONE',  ( 0.7071067811865433539, 0.0000000000000000000, -0.7071067811865517916 ) ) ;
#97 = ORIENTED_EDGE ( 'NONE', *, *, #3315, .F. ) ;
#98 = DIRECTION ( 'NONE',  ( -0.0000000000000000000, -1.000000000000000000, -0.0000000000000000000 ) ) ;
#99 = DIRECTION ( 'NONE',  ( 0.0000000000000000000, 0.0000000000000000000, 1.000000000000000000 ) ) ;
#100 = VECTOR ( 'NONE', #336, 1000.000000000000000 ) ;
#101 = ORIENTED_EDGE ( 'NONE', *, *, #2501, .F. ) ;
#102 = EDGE_CURVE ( 'NONE', #2110, #3539, #714, .T. ) ;
#103 = CARTESIAN_POINT ( 'NONE',  ( 1.654809703885628203, 1.000000000000000000, 1.419454364826300496 ) ) ;
#104 = VECTOR ( 'NONE', #2598, 1000.000000000000000 ) ;
#105 = CARTESIAN_POINT ( 'NONE',  ( 1.654837015428725744, 0.9657687693195806666, 1.779837015428722635 ) ) ;
#106 = ADVANCED_FACE ( 'NONE', ( #1629 ), #676, .F. ) ;
#107 = DIRECTION ( 'NONE',  ( -0.7071067811865476838, 0.0000000000000000000, -0.7071067811865474617 ) ) ;
#108 = ORIENTED_EDGE ( 'NONE', *, *, #1502, .F. ) ;
#110 = CARTESIAN_POINT ( 'NONE',  ( 1.654809703885628203, 0.3000000000000003220, 1.619454364826300452 ) ) ;
#109 = LINE ( 'NONE', #2197, #3277 ) ;
#111 = CARTESIAN_POINT ( 'NONE',  ( 1.404809703885626426, 0.2999999999999998779, -1.529809703885630201 ) ) ;
#112 = AXIS2_PLACEMENT_3D ( 'NONE', #3245, #1135, #2609 ) ;
#113 = DIRECTION ( 'NONE',  ( -0.7071067811865464625, 0.0000000000000000000, 0.7071067811865486830 ) ) ;
#114 = DIRECTION ( 'NONE',  ( 0.7071067811865479058, 0.0000000000000000000, -0.7071067811865471286 ) ) ;
#115 = VECTOR ( 'NONE', #2068, 999.9999999999998863 ) ;
#116 = DIRECTION ( 'NONE',  ( -0.7071067811865471286, 0.0000000000000000000, 0.7071067811865479058 ) ) ;
#117 = CARTESIAN_POINT ( 'NONE',  ( 1.648619223800357414, 1.088852525817258332, 1.773619223800353639 ) ) ;
#118 = FACE_OUTER_BOUND ( 'NONE', #3606, .T. ) ;
#119 = CARTESIAN_POINT ( 'NONE',  ( 1.000000000000001998, 0.1000000000000000056, 1.100000000000001199 ) ) ;
#120 = CARTESIAN_POINT ( 'NONE',  ( 1.000000000000001110, 1.900000000000000577, 1.900000000000001688 ) ) ;
#121 = CARTESIAN_POINT ( 'NONE',  ( 1.654809703885627981, 0.7666666666666595020, -1.529809703885628647 ) ) ;
#122 = ADVANCED_FACE ( 'NONE', ( #2682 ), #2802, .F. ) ;
#123 = DIRECTION ( 'NONE',  ( 0.0000000000000000000, 0.0000000000000000000, 1.000000000000000000 ) ) ;
#124 = DIRECTION ( 'NONE',  ( -0.0000000000000000000, -0.0000000000000000000, 1.000000000000000000 ) ) ;
#125 = CIRCLE ( 'NONE', #2825, 0.09999999999999982514 ) ;
#126 = UNCERTAINTY_MEASURE_WITH_UNIT (LENGTH_MEASURE( 1.000000000000000082E-05 ), #3496, 'distance_accuracy_value', 'NONE');
#127 = EDGE_CURVE ( 'NONE', #1722, #3643, #930, .T. ) ;
#128 = ORIENTED_EDGE ( 'NONE', *, *, #959, .F. ) ;
#130 = CARTESIAN_POINT ( 'NONE',  ( 1.540228998569211694, 1.304692355676198012, 1.665228998569217467 ) ) ;
#129 = CIRCLE ( 'NONE', #2957, 0.09999999999999982514 ) ;
#131 = ORIENTED_EDGE ( 'NONE', *, *, #2926, .F. ) ;
#132 = CARTESIAN_POINT ( 'NONE',  ( -0.8999999999999992450, 1.800000000000000711, -2.000000000000001776 ) ) ;
#133 = EDGE_CURVE ( 'NONE', #418, #428, #1760, .T. ) ;
#134 = CARTESIAN_POINT ( 'NONE',  ( 1.690165042944956175, 0.3000000000000003220, -1.654809703885628203 ) ) ;
#135 = VECTOR ( 'NONE', #3744, 1000.000000000000000 ) ;
#136 = ORIENTED_EDGE ( 'NONE', *, *, #3681, .T. ) ;
#137 = CARTESIAN_POINT ( 'NONE',  ( 1.725520382004283260, 1.000000000000000000, -1.548743686707646505 ) ) ;
#138 = CARTESIAN_POINT ( 'NONE',  ( 1.404809703885627314, 0.7666666666666595020, -1.529809703885628869 ) ) ;
#139 = ORIENTED_EDGE ( 'NONE', *, *, #3018, .T. ) ;
#140 = DIRECTION ( 'NONE',  ( -0.0000000000000000000, 1.000000000000000000, -0.0000000000000000000 ) ) ;
#141 = DIRECTION ( 'NONE',  ( -0.0000000000000000000, -1.000000000000000000, -0.0000000000000000000 ) ) ;
#142 = VERTEX_POINT ( 'NONE', #2147 ) ;
#143 = DIRECTION ( 'NONE',  ( 1.000000000000000000, -2.168404344971017545E-15, 0.0000000000000000000 ) ) ;
#144 = ADVANCED_FACE ( 'NONE', ( #842 ), #2182, .F. ) ;
#145 = LINE ( 'NONE', #3425, #2167 ) ;
#146 = DIRECTION ( 'NONE',  ( 0.4999999999999979461, -0.7071067811865491270, 0.4999999999999996669 ) ) ;
#147 = VERTEX_POINT ( 'NONE', #396 ) ;
#148 = DIRECTION ( 'NONE',  ( -0.7071067811865464625, 0.0000000000000000000, -0.7071067811865486830 ) ) ;
#149 = CARTESIAN_POINT ( 'NONE',  ( 1.412500000000000977, 1.342677669529664275, -1.537499999999999423 ) ) ;
#150 = ORIENTED_EDGE ( 'NONE', *, *, #3070, .T. ) ;
#151 = VECTOR ( 'NONE', #2002, 1000.000000000000000 ) ;
#152 = EDGE_CURVE ( 'NONE', #1186, #2291, #2100, .T. ) ;
#153 = DIRECTION ( 'NONE',  ( -0.7071067811865497932, -1.205944005308105697E-15, 0.7071067811865452413 ) ) ;
#154 = ORIENTED_EDGE ( 'NONE', *, *, #1846, .F. ) ;
#155 = CARTESIAN_POINT ( 'NONE',  ( -0.8999999999999992450, 1.900000000000000355, -1.900000000000001688 ) ) ;
#156 = LINE ( 'NONE', #1669, #1230 ) ;
#157 = EDGE_CURVE ( 'NONE', #1761, #2398, #3499, .T. ) ;
#158 = VECTOR ( 'NONE', #98, 1000.000000000000000 ) ;
#159 = VERTEX_POINT ( 'NONE', #3364 ) ;
#160 = DIRECTION ( 'NONE',  ( 1.000000000000000000, 0.0000000000000000000, 4.336808689942015369E-15 ) ) ;
#161 = CARTESIAN_POINT ( 'NONE',  ( 1.120710678118653769, 1.000000000000000000, 1.870710678118656212 ) ) ;
#162 = CARTESIAN_POINT ( 'NONE',  ( -1.900000000000000133, 0.3000000000000003220, 1.900000000000002354 ) ) ;
#163 = CARTESIAN_POINT ( 'NONE',  ( 1.404809703885627536, 0.9416666666666632102, -1.529809703885628647 ) ) ;
#164 = CIRCLE ( 'NONE', #701, 0.2000000000000000944 ) ;
#165 = AXIS2_PLACEMENT_3D ( 'NONE', #2641, #2740, #1855 ) ;
#166 = ORIENTED_EDGE ( 'NONE', *, *, #3142, .T. ) ;
#167 = EDGE_CURVE ( 'NONE', #3860, #2212, #611, .T. ) ;
#169 = CARTESIAN_POINT ( 'NONE',  ( 1.049999999999998934, 1.000000000000000000, -1.800000000000001155 ) ) ;
#168 = CIRCLE ( 'NONE', #394, 0.04999999999999991257 ) ;
#170 = CARTESIAN_POINT ( 'NONE',  ( -1.900000000000000133, 1.000000000000000000, -1.900000000000002354 ) ) ;
#171 = DIRECTION ( 'NONE',  ( 0.0000000000000000000, 0.0000000000000000000, -1.000000000000000000 ) ) ;
#172 =( NAMED_UNIT ( * ) SI_UNIT ( $, .STERADIAN. ) SOLID_ANGLE_UNIT ( ) );
#173 = FACE_OUTER_BOUND ( 'NONE', #3112, .T. ) ;
#174 = DIRECTION ( 'NONE',  ( 0.0000000000000000000, -1.000000000000000000, -0.0000000000000000000 ) ) ;
#175 = DIRECTION ( 'NONE',  ( -0.0000000000000000000, -1.000000000000000000, -0.0000000000000000000 ) ) ;
#176 = CYLINDRICAL_SURFACE ( 'NONE', #3156, 0.1000000000000000472 ) ;
#177 = VERTEX_POINT ( 'NONE', #1295 ) ;
#178 = CARTESIAN_POINT ( 'NONE',  ( 1.537500000000000311, 1.165900974233026410, 1.412499999999999201 ) ) ;
#179 = DIRECTION ( 'NONE',  ( -1.000000000000000000, 0.0000000000000000000, 0.0000000000000000000 ) ) ;
#180 = EDGE_CURVE ( 'NONE', #2208, #1235, #2592, .T. ) ;
#181 = AXIS2_PLACEMENT_3D ( 'NONE', #556, #260, #3293 ) ;
#182 = DIRECTION ( 'NONE',  ( 0.7071067811865479058, -0.0000000000000000000, 0.7071067811865471286 ) ) ;
#183 = LINE ( 'NONE', #3168, #3937 ) ;
#184 = ADVANCED_FACE ( 'NONE', ( #2932 ), #2678, .T. ) ;
#185 = ORIENTED_EDGE ( 'NONE', *, *, #698, .F. ) ;
#186 = FILL_AREA_STYLE_COLOUR ( '', #1763 ) ;
#187 = AXIS2_PLACEMENT_3D ( 'NONE', #2700, #3012, #3586 ) ;
#188 = DIRECTION ( 'NONE',  ( -1.000000000000000000, 0.0000000000000000000, -0.0000000000000000000 ) ) ;
#189 = CARTESIAN_POINT ( 'NONE',  ( -0.9999999999999972244, 0.09999999999999982514, -1.850000000000001421 ) ) ;
#190 = CARTESIAN_POINT ( 'NONE',  ( 1.654809703884946748, 0.2999999999999999334, -1.529809703885629979 ) ) ;
#191 = ORIENTED_EDGE ( 'NONE', *, *, #470, .F. ) ;
#192 = AXIS2_PLACEMENT_3D ( 'NONE', #2657, #1706, #3626 ) ;
#193 = FACE_OUTER_BOUND ( 'NONE', #1768, .T. ) ;
#194 = CARTESIAN_POINT ( 'NONE',  ( 1.640285940628114059, 1.082796648348378854, 1.515285940628121164 ) ) ;
#195 = ORIENTED_EDGE ( 'NONE', *, *, #2844, .F. ) ;
#196 = CARTESIAN_POINT ( 'NONE',  ( 1.049999999999998934, 2.000000000000000000, -1.900000000000001465 ) ) ;
#197 = CARTESIAN_POINT ( 'NONE',  ( 1.690165042944956175, 0.3000000000000003220, -1.654809703885628203 ) ) ;
#198 = VERTEX_POINT ( 'NONE', #3079 ) ;
#199 = LINE ( 'NONE', #829, #537 ) ;
#200 = DIRECTION ( 'NONE',  ( 0.0000000000000000000, 0.0000000000000000000, -1.000000000000000000 ) ) ;
#201 =( NAMED_UNIT ( * ) PLANE_ANGLE_UNIT ( ) SI_UNIT ( $, .RADIAN. ) );
#202 = ORIENTED_EDGE ( 'NONE', *, *, #1294, .T. ) ;
#203 = CIRCLE ( 'NONE', #1942, 0.04999999999999991257 ) ;
#204 = DIRECTION ( 'NONE',  ( 0.0000000000000000000, 1.000000000000000000, 0.0000000000000000000 ) ) ;
#205 = DIRECTION ( 'NONE',  ( 0.0000000000000000000, 0.0000000000000000000, -1.000000000000000000 ) ) ;
#206 = SURFACE_SIDE_STYLE ('',( #1210 ) ) ;
#207 = ORIENTED_EDGE ( 'NONE', *, *, #223, .F. ) ;
#208 = EDGE_CURVE ( 'NONE', #1996, #754, #522, .T. ) ;
#209 = ADVANCED_FACE ( 'NONE', ( #1402 ), #1075, .F. ) ;
#210 = VECTOR ( 'NONE', #1604, 1000.000000000000000 ) ;
#211 = CARTESIAN_POINT ( 'NONE',  ( 1.904837015428727742, 0.9657687693195823320, 1.529837015428723968 ) ) ;
#212 = CARTESIAN_POINT ( 'NONE',  ( 1.690165042944956175, 1.000000000000000000, -1.654809703885628203 ) ) ;
#213 = DIRECTION ( 'NONE',  ( 0.0000000000000000000, 0.0000000000000000000, 1.000000000000000000 ) ) ;
#214 = CIRCLE ( 'NONE', #2265, 0.09999999999999982514 ) ;
#215 = ORIENTED_EDGE ( 'NONE', *, *, #2903, .T. ) ;
#216 = EDGE_CURVE ( 'NONE', #1463, #653, #1302, .T. ) ;
#217 = CARTESIAN_POINT ( 'NONE',  ( 1.760875721063610788, 1.000000000000000000, 1.584099025766973368 ) ) ;
#218 = LINE ( 'NONE', #2688, #3330 ) ;
#219 = VERTEX_POINT ( 'NONE', #2280 ) ;
#220 = CARTESIAN_POINT ( 'NONE',  ( 2.000000000000000000, 2.000000000000000000, -1.900000000000001465 ) ) ;
#221 = DIRECTION ( 'NONE',  ( 1.000000000000000000, 0.0000000000000000000, 1.084202172485506327E-14 ) ) ;
#222 = AXIS2_PLACEMENT_3D ( 'NONE', #1997, #3213, #3837 ) ;
#223 = EDGE_CURVE ( 'NONE', #1671, #3503, #2005, .T. ) ;
#224 = CARTESIAN_POINT ( 'NONE',  ( 1.904809703885627314, 0.2999999999999998779, 1.779809703885630423 ) ) ;
#225 = DIRECTION ( 'NONE',  ( 1.000000000000000000, 0.0000000000000000000, 2.940209281316623481E-16 ) ) ;
#226 = VECTOR ( 'NONE', #1746, 1000.000000000000000 ) ;
#227 = VERTEX_POINT ( 'NONE', #1904 ) ;
#228 = PRODUCT_CONTEXT ( 'NONE', #550, 'mechanical' ) ;
#229 = CIRCLE ( 'NONE', #3881, 0.2000000000000000944 ) ;
#230 = EDGE_CURVE ( 'NONE', #1551, #2036, #273, .T. ) ;
#231 = ORIENTED_EDGE ( 'NONE', *, *, #3004, .F. ) ;
#232 = ORIENTED_EDGE ( 'NONE', *, *, #1705, .T. ) ;
#233 = CARTESIAN_POINT ( 'NONE',  ( 1.662500000000000533, 1.342677669529663609, 1.287499999999998312 ) ) ;
#234 = PLANE ( 'NONE',  #2401 ) ;
#235 = CARTESIAN_POINT ( 'NONE',  ( -0.9999999999999985567, 0.3000000000000003220, 2.000000000000001332 ) ) ;
#236 = EDGE_CURVE ( 'NONE', #754, #2398, #3642, .T. ) ;
#237 =( GEOMETRIC_REPRESENTATION_CONTEXT ( 3 ) GLOBAL_UNCERTAINTY_ASSIGNED_CONTEXT ( ( #2046 ) ) GLOBAL_UNIT_ASSIGNED_CONTEXT ( ( #3566, #3224, #3250 ) ) REPRESENTATION_CONTEXT ( 'NONE', 'WORKASPACE' ) );
#238 = ORIENTED_EDGE ( 'NONE', *, *, #236, .T. ) ;
#239 = AXIS2_PLACEMENT_3D ( 'NONE', #2128, #2430, #636 ) ;
#240 = ORIENTED_EDGE ( 'NONE', *, *, #663, .F. ) ;
#241 = EDGE_CURVE ( 'NONE', #1720, #1471, #1856, .T. ) ;
#242 = DIRECTION ( 'NONE',  ( 0.0000000000000000000, 0.0000000000000000000, -1.000000000000000000 ) ) ;
#243 = CARTESIAN_POINT ( 'NONE',  ( 1.584099025766973812, 0.3000000000000003220, 1.548743686707645839 ) ) ;
#244 = ORIENTED_EDGE ( 'NONE', *, *, #1934, .T. ) ;
#245 = CARTESIAN_POINT ( 'NONE',  ( 1.404809703885633310, 0.7083333333333363679, 1.779809703885629757 ) ) ;
#246 = ORIENTED_EDGE ( 'NONE', *, *, #693, .F. ) ;
#247 = FACE_OUTER_BOUND ( 'NONE', #978, .T. ) ;
#248 = DIRECTION ( 'NONE',  ( 0.0000000000000000000, -1.000000000000000000, 0.0000000000000000000 ) ) ;
#249 = VERTEX_POINT ( 'NONE', #3491 ) ;
#250 = VECTOR ( 'NONE', #3806, 1000.000000000000114 ) ;
#251 = DIRECTION ( 'NONE',  ( -0.7071067811865486830, 0.0000000000000000000, -0.7071067811865464625 ) ) ;
#252 = LINE ( 'NONE', #2271, #1141 ) ;
#253 = ORIENTED_EDGE ( 'NONE', *, *, #965, .F. ) ;
#254 = CARTESIAN_POINT ( 'NONE',  ( 1.049999999999998934, 0.05000000000000000278, -1.080487804878050184 ) ) ;
#255 = EDGE_CURVE ( 'NONE', #827, #177, #1755, .T. ) ;
#256 = AXIS2_PLACEMENT_3D ( 'NONE', #1395, #789, #1099 ) ;
#257 = CARTESIAN_POINT ( 'NONE',  ( 1.410405495476343640, 0.9891242880528410275, 1.535405495476362958 ) ) ;
#258 = ORIENTED_EDGE ( 'NONE', *, *, #3343, .F. ) ;
#259 = DIRECTION ( 'NONE',  ( -1.000000000000000000, 0.0000000000000000000, -2.940209281316623481E-16 ) ) ;
#260 = DIRECTION ( 'NONE',  ( 0.0000000000000000000, -1.000000000000000000, 0.0000000000000000000 ) ) ;
#261 = LINE ( 'NONE', #1314, #1943 ) ;
#262 = ORIENTED_EDGE ( 'NONE', *, *, #102, .F. ) ;
#263 = CARTESIAN_POINT ( 'NONE',  ( 1.654809703885626870, 0.2999999999999999334, 1.654809703885629979 ) ) ;
#264 = CARTESIAN_POINT ( 'NONE',  ( 1.049999999999998934, 2.000000000000000000, 1.900000000000001465 ) ) ;
#265 = CARTESIAN_POINT ( 'NONE',  ( 1.904809703885628647, 0.8833333333333360793, -1.779809703885629091 ) ) ;
#266 =( GEOMETRIC_REPRESENTATION_CONTEXT ( 3 ) GLOBAL_UNCERTAINTY_ASSIGNED_CONTEXT ( ( #1745 ) ) GLOBAL_UNIT_ASSIGNED_CONTEXT ( ( #3698, #2416, #2726 ) ) REPRESENTATION_CONTEXT ( 'NONE', 'WORKASPACE' ) );
#267 = CARTESIAN_POINT ( 'NONE',  ( 1.654809703885614880, 0.5333333333333255544, 1.779809703885629313 ) ) ;
#268 = PLANE ( 'NONE',  #3103 ) ;
#269 = PLANE ( 'NONE',  #385 ) ;
#270 = LINE ( 'NONE', #3296, #2433 ) ;
#271 = ORIENTED_EDGE ( 'NONE', *, *, #3873, .F. ) ;
#272 = CARTESIAN_POINT ( 'NONE',  ( -1.900000000000000133, 1.900000000000000355, 1.900000000000001688 ) ) ;
#273 = LINE ( 'NONE', #1645, #1489 ) ;
#274 = ORIENTED_EDGE ( 'NONE', *, *, #3193, .T. ) ;
#275 = EDGE_CURVE ( 'NONE', #2704, #1515, #798, .T. ) ;
#276 = CARTESIAN_POINT ( 'NONE',  ( 1.831586399182265845, 1.000000000000000000, -1.796231060122938095 ) ) ;
#278 = VERTEX_POINT ( 'NONE', #2842 ) ;
#277 = CARTESIAN_POINT ( 'NONE',  ( 1.904809703885634198, 0.7083333333333363679, -1.529809703885629313 ) ) ;
#279 = VERTEX_POINT ( 'NONE', #3475 ) ;
#280 = CARTESIAN_POINT ( 'NONE',  ( 1.404809703885626426, 0.2999999999999998779, 1.779809703885630423 ) ) ;
#281 = ORIENTED_EDGE ( 'NONE', *, *, #559, .T. ) ;
#282 = DIRECTION ( 'NONE',  ( -0.7071067811865486830, 0.0000000000000000000, 0.7071067811865464625 ) ) ;
#283 = AXIS2_PLACEMENT_3D ( 'NONE', #951, #3402, #1267 ) ;
#284 = PRESENTATION_LAYER_ASSIGNMENT (  '', '', ( #2116 ) ) ;
#285 = CIRCLE ( 'NONE', #3874, 0.04999999999999991257 ) ;
#286 = ORIENTED_EDGE ( 'NONE', *, *, #936, .T. ) ;
#287 = ORIENTED_EDGE ( 'NONE', *, *, #1729, .T. ) ;
#288 = CARTESIAN_POINT ( 'NONE',  ( 1.404809703885633310, 0.7083333333333363679, 1.779809703885629757 ) ) ;
#289 = EDGE_CURVE ( 'NONE', #1463, #3643, #3693, .T. ) ;
#290 = EDGE_LOOP ( 'NONE', ( #762, #1857, #1088, #886 ) ) ;
#291 = VERTEX_POINT ( 'NONE', #3444 ) ;
#292 = VECTOR ( 'NONE', #2194, 1000.000000000000000 ) ;
#293 = FILL_AREA_STYLE ('',( #2958 ) ) ;
#294 = CARTESIAN_POINT ( 'NONE',  ( 1.790228998569204144, 1.304692355676190685, -1.415228998569220131 ) ) ;
#295 = VERTEX_POINT ( 'NONE', #3431 ) ;
#296 = FACE_OUTER_BOUND ( 'NONE', #776, .T. ) ;
#297 = CARTESIAN_POINT ( 'NONE',  ( 1.654809703885628203, 0.8833333333333359683, 1.529809703885628425 ) ) ;
#298 = CARTESIAN_POINT ( 'NONE',  ( 1.831586399182265845, 1.000000000000000000, 1.796231060122938095 ) ) ;
#299 = CARTESIAN_POINT ( 'NONE',  ( 1.654809703885627981, 0.7666666666666595020, -1.779809703885628869 ) ) ;
#300 = ORIENTED_EDGE ( 'NONE', *, *, #1491, .T. ) ;
#301 = LINE ( 'NONE', #3403, #2414 ) ;
#302 = CARTESIAN_POINT ( 'NONE',  ( 1.287500000000000755, 1.165900974233027965, 1.662500000000000977 ) ) ;
#303 = ORIENTED_EDGE ( 'NONE', *, *, #1568, .T. ) ;
#304 = DIRECTION ( 'NONE',  ( -0.0000000000000000000, 1.000000000000000000, 0.0000000000000000000 ) ) ;
#305 = CARTESIAN_POINT ( 'NONE',  ( 1.654809703885627981, 0.7666666666666595020, -1.529809703885628647 ) ) ;
#306 = LINE ( 'NONE', #614, #2620 ) ;
#307 = ORIENTED_EDGE ( 'NONE', *, *, #2481, .T. ) ;
#308 = EDGE_CURVE ( 'NONE', #3104, #1671, #2054, .T. ) ;
#309 = DIRECTION ( 'NONE',  ( 0.0000000000000000000, 0.0000000000000000000, -1.000000000000000000 ) ) ;
#310 = CARTESIAN_POINT ( 'NONE',  ( 1.584099025766973812, 1.000000000000000000, -1.548743686707645839 ) ) ;
#311 = CARTESIAN_POINT ( 'NONE',  ( 1.654809703885628203, 0.9416666666666630992, -1.779809703885628647 ) ) ;
#312 = CARTESIAN_POINT ( 'NONE',  ( 1.654809703885626870, 0.2999999999999999334, 1.779809703885630201 ) ) ;
#313 =( LENGTH_UNIT ( ) NAMED_UNIT ( * ) SI_UNIT ( .MILLI., .METRE. ) );
#314 = VECTOR ( 'NONE', #3282, 1000.000000000000000 ) ;
#315 = ORIENTED_EDGE ( 'NONE', *, *, #2349, .T. ) ;
#316 = CARTESIAN_POINT ( 'NONE',  ( 1.904809703885634198, 0.7083333333333363679, -1.779809703885629757 ) ) ;
#317 = VECTOR ( 'NONE', #1852, 1000.000000000000000 ) ;
#318 = EDGE_LOOP ( 'NONE', ( #895, #3001, #1417, #819, #3613, #1871, #1189, #2224, #2550, #1588, #240, #3805 ) ) ;
#319 = DIRECTION ( 'NONE',  ( 0.0000000000000000000, -0.0000000000000000000, -1.000000000000000000 ) ) ;
#320 = DIRECTION ( 'NONE',  ( 0.0000000000000000000, -0.0000000000000000000, -1.000000000000000000 ) ) ;
#321 = PLANE ( 'NONE',  #1460 ) ;
#322 = ORIENTED_EDGE ( 'NONE', *, *, #384, .T. ) ;
#323 = EDGE_LOOP ( 'NONE', ( #2417, #1251, #1358, #945 ) ) ;
#324 = CARTESIAN_POINT ( 'NONE',  ( 1.831586399182265845, 1.000000000000000000, 1.796231060122938095 ) ) ;
#325 = CARTESIAN_POINT ( 'NONE',  ( 1.401812698920214428, 1.043016285876986915, 1.776812698920213096 ) ) ;
#326 = ORIENTED_EDGE ( 'NONE', *, *, #979, .T. ) ;
#327 = EDGE_LOOP ( 'NONE', ( #1172, #2834, #1023, #1079 ) ) ;
#328 = EDGE_CURVE ( 'NONE', #2171, #3827, #1257, .T. ) ;
#329 = AXIS2_PLACEMENT_3D ( 'NONE', #3413, #1589, #38 ) ;
#330 = PLANE ( 'NONE',  #1686 ) ;
#331 = CARTESIAN_POINT ( 'NONE',  ( 1.569450096823239660, 1.165900835168539595, -1.444450096823238772 ) ) ;
#332 = FACE_OUTER_BOUND ( 'NONE', #957, .T. ) ;
#333 = ORIENTED_EDGE ( 'NONE', *, *, #663, .T. ) ;
#334 = DIRECTION ( 'NONE',  ( -0.0000000000000000000, -1.000000000000000000, -0.0000000000000000000 ) ) ;
#335 = CARTESIAN_POINT ( 'NONE',  ( 1.000000000000001110, 0.1499999999999997446, -1.850000000000001421 ) ) ;
#336 = DIRECTION ( 'NONE',  ( -0.0000000000000000000, 1.000000000000000000, -0.0000000000000000000 ) ) ;
#337 = AXIS2_PLACEMENT_3D ( 'NONE', #2447, #654, #3689 ) ;
#338 = EDGE_LOOP ( 'NONE', ( #3624, #2809, #2898, #2736 ) ) ;
#339 = VERTEX_POINT ( 'NONE', #1058 ) ;
#340 = CARTESIAN_POINT ( 'NONE',  ( 1.404809703885633310, 0.7083333333333363679, 1.529809703885629313 ) ) ;
#341 = PLANE ( 'NONE',  #1470 ) ;
#342 = VECTOR ( 'NONE', #1427, 1000.000000000000000 ) ;
#343 = AXIS2_PLACEMENT_3D ( 'NONE', #1874, #1036, #3147 ) ;
#344 = ORIENTED_EDGE ( 'NONE', *, *, #2532, .F. ) ;
#345 = CARTESIAN_POINT ( 'NONE',  ( -0.8999999999999992450, 1.900000000000000355, -1.900000000000001688 ) ) ;
#346 = LINE ( 'NONE', #787, #3368 ) ;
#347 = CARTESIAN_POINT ( 'NONE',  ( 1.404809703885627536, 0.9416666666666632102, -1.779809703885629091 ) ) ;
#348 = ADVANCED_FACE ( 'NONE', ( #3743 ), #1603, .T. ) ;
#349 = DIRECTION ( 'NONE',  ( -0.7071067811865471286, 0.0000000000000000000, -0.7071067811865479058 ) ) ;
#351 = CARTESIAN_POINT ( 'NONE',  ( -1.900000000000000133, 1.900000000000000355, 1.900000000000001688 ) ) ;
#350 = FACE_OUTER_BOUND ( 'NONE', #7, .T. ) ;
#352 = ORIENTED_EDGE ( 'NONE', *, *, #576, .T. ) ;
#353 = DIRECTION ( 'NONE',  ( -1.000000000000000000, 0.0000000000000000000, -0.0000000000000000000 ) ) ;
#354 = VERTEX_POINT ( 'NONE', #3788 ) ;
#355 = CARTESIAN_POINT ( 'NONE',  ( 1.000000000000001110, 0.3000000000000003220, 1.900000000000001243 ) ) ;
#356 = DIRECTION ( 'NONE',  ( 0.0000000000000000000, -1.000000000000000000, 0.0000000000000000000 ) ) ;
#357 = EDGE_CURVE ( 'NONE', #1429, #2983, #183, .T. ) ;
#358 = VECTOR ( 'NONE', #175, 1000.000000000000000 ) ;
#359 = ORIENTED_EDGE ( 'NONE', *, *, #639, .T. ) ;
#360 = DIRECTION ( 'NONE',  ( -0.0000000000000000000, -1.000000000000000000, -0.0000000000000000000 ) ) ;
#361 = CARTESIAN_POINT ( 'NONE',  ( 1.654809703885626870, 0.2999999999999999334, -1.529809703885629979 ) ) ;
#362 = DIRECTION ( 'NONE',  ( 0.0000000000000000000, 0.0000000000000000000, -1.000000000000000000 ) ) ;
#363 = EDGE_CURVE ( 'NONE', #1403, #3865, #2888, .T. ) ;
#364 = CARTESIAN_POINT ( 'NONE',  ( 1.000000000000001110, 1.900000000000000577, 2.000000000000001776 ) ) ;
#365 = CARTESIAN_POINT ( 'NONE',  ( 1.904809703885628647, 0.7666666666666595020, -1.779809703885629313 ) ) ;
#366 = ADVANCED_FACE ( 'NONE', ( #3847 ), #422, .T. ) ;
#367 = AXIS2_PLACEMENT_3D ( 'NONE', #2299, #800, #501 ) ;
#368 = EDGE_CURVE ( 'NONE', #3249, #1471, #2307, .T. ) ;
#369 = VECTOR ( 'NONE', #1673, 1000.000000000000000 ) ;
#370 = EDGE_LOOP ( 'NONE', ( #1806, #1333, #94, #1375 ) ) ;
#371 =( BOUNDED_SURFACE ( )  B_SPLINE_SURFACE ( 3, 3, ( 
 ( #1678, #1121, #494, #2294, #194, #3828, #3244, #2916, #2642, #3523, #3864, #3842, #1974, #790, #1087, #3207 ),
 ( #233, #546, #2023, #517, #835, #816, #2962, #211, #1377, #1390, #1666, #1986, #2608, #1400, #507, #2305 ),
 ( #2013, #1703, #3852, #803, #2927, #1104, #2948, #3218, #1425, #2938, #3232, #2327, #1412, #3550, #3560, #224 ),
 ( #3504, #531, #2631, #1715, #826, #3877, #2061, #3607, #900, #1153, #605, #851, #2666, #267, #1770, #2375 ),
 ( #2694, #2709, #2035, #1483, #1134, #1461, #3885, #3257, #2397, #1726, #3594, #3912, #245, #3304, #1436, #280 ),
 ( #2353, #257, #1449, #3939, #2047, #2998, #3291, #1171, #2654, #887, #1757, #581, #3009, #567, #1183, #3574 ),
 ( #555, #2971, #1143, #3267, #3584, #1738, #3898, #2087, #2364, #297, #2679, #865, #876, #2986, #1473, #3280 ) ),
 .UNSPECIFIED., .T., .F., .F. ) 
 B_SPLINE_SURFACE_WITH_KNOTS ( ( 4, 3, 4 ),
 ( 4, 2, 2, 2, 2, 2, 2, 4 ),
 ( 0.0000000000000000000, 0.5000000000000000000, 1.000000000000000000 ),
 ( 0.0000000000000000000, 0.1816551698039447493, 0.2724827547059170962, 0.3633103396078894987, 0.4428965471569033530, 0.5224827547059172073, 0.6816551698039448048, 1.000000000000000000 ),
 .UNSPECIFIED. ) 
 GEOMETRIC_REPRESENTATION_ITEM ( )  RATIONAL_B_SPLINE_SURFACE ( (
 ( 1.000000000000000000, 1.000000000000000000, 1.000000000000000000, 1.000000000000000000, 1.000000000000000000, 1.000000000000000000, 1.000000000000000000, 1.000000000000000000, 1.000000000000000000, 1.000000000000000000, 1.000000000000000000, 1.000000000000000000, 1.000000000000000000, 1.000000000000000000, 1.000000000000000000, 1.000000000000000000),
 ( 0.3333333333333333703, 0.3333333333333333703, 0.3333333333333333703, 0.3333333333333333703, 0.3333333333333333703, 0.3333333333333333703, 0.3333333333333333703, 0.3333333333333333703, 0.3333333333333333703, 0.3333333333333333703, 0.3333333333333333703, 0.3333333333333333703, 0.3333333333333333703, 0.3333333333333333703, 0.3333333333333333703, 0.3333333333333333703),
 ( 0.3333333333333333703, 0.3333333333333333703, 0.3333333333333333703, 0.3333333333333333703, 0.3333333333333333703, 0.3333333333333333703, 0.3333333333333333703, 0.3333333333333333703, 0.3333333333333333703, 0.3333333333333333703, 0.3333333333333333703, 0.3333333333333333703, 0.3333333333333333703, 0.3333333333333333703, 0.3333333333333333703, 0.3333333333333333703),
 ( 1.000000000000000000, 1.000000000000000000, 1.000000000000000000, 1.000000000000000000, 1.000000000000000000, 1.000000000000000000, 1.000000000000000000, 1.000000000000000000, 1.000000000000000000, 1.000000000000000000, 1.000000000000000000, 1.000000000000000000, 1.000000000000000000, 1.000000000000000000, 1.000000000000000000, 1.000000000000000000),
 ( 0.3333333333333333703, 0.3333333333333333703, 0.3333333333333333703, 0.3333333333333333703, 0.3333333333333333703, 0.3333333333333333703, 0.3333333333333333703, 0.3333333333333333703, 0.3333333333333333703, 0.3333333333333333703, 0.3333333333333333703, 0.3333333333333333703, 0.3333333333333333703, 0.3333333333333333703, 0.3333333333333333703, 0.3333333333333333703),
 ( 0.3333333333333333703, 0.3333333333333333703, 0.3333333333333333703, 0.3333333333333333703, 0.3333333333333333703, 0.3333333333333333703, 0.3333333333333333703, 0.3333333333333333703, 0.3333333333333333703, 0.3333333333333333703, 0.3333333333333333703, 0.3333333333333333703, 0.3333333333333333703, 0.3333333333333333703, 0.3333333333333333703, 0.3333333333333333703),
 ( 1.000000000000000000, 1.000000000000000000, 1.000000000000000000, 1.000000000000000000, 1.000000000000000000, 1.000000000000000000, 1.000000000000000000, 1.000000000000000000, 1.000000000000000000, 1.000000000000000000, 1.000000000000000000, 1.000000000000000000, 1.000000000000000000, 1.000000000000000000, 1.000000000000000000, 1.000000000000000000) ) ) 
 REPRESENTATION_ITEM ( '' )  SURFACE ( )  );
#372 = ORIENTED_EDGE ( 'NONE', *, *, #3931, .T. ) ;
#373 = VECTOR ( 'NONE', #1360, 999.9999999999998863 ) ;
#374 = ORIENTED_EDGE ( 'NONE', *, *, #2090, .F. ) ;
#375 = PLANE ( 'NONE',  #3658 ) ;
#376 = DIRECTION ( 'NONE',  ( 0.0000000000000000000, 0.0000000000000000000, 1.000000000000000000 ) ) ;
#377 = VECTOR ( 'NONE', #1279, 1000.000000000000000 ) ;
#378 = CARTESIAN_POINT ( 'NONE',  ( 1.631708315529723619, 1.101211475303320420, -1.506708315529715625 ) ) ;
#379 = VERTEX_POINT ( 'NONE', #2270 ) ;
#380 = CARTESIAN_POINT ( 'NONE',  ( 1.725520382004283260, 1.000000000000000000, 1.548743686707646505 ) ) ;
#381 = DIRECTION ( 'NONE',  ( -1.000000000000000000, 0.0000000000000000000, -2.168404344971007882E-16 ) ) ;
#382 = LINE ( 'NONE', #1083, #3174 ) ;
#383 = VERTEX_POINT ( 'NONE', #178 ) ;
#384 = EDGE_CURVE ( 'NONE', #198, #3085, #3552, .T. ) ;
#385 = AXIS2_PLACEMENT_3D ( 'NONE', #2355, #568, #2655 ) ;
#386 = CARTESIAN_POINT ( 'NONE',  ( 1.049999999999998934, 1.000000000000000000, -1.800000000000001155 ) ) ;
#387 = PLANE ( 'NONE',  #2172 ) ;
#388 = ADVANCED_FACE ( 'NONE', ( #1674 ), #371, .T. ) ;
#389 = ORIENTED_EDGE ( 'NONE', *, *, #1232, .F. ) ;
#390 = VECTOR ( 'NONE', #922, 1000.000000000000000 ) ;
#391 = DIRECTION ( 'NONE',  ( -0.7071067811865517916, 0.0000000000000000000, 0.7071067811865433539 ) ) ;
#392 = CARTESIAN_POINT ( 'NONE',  ( 1.412500000000000755, 1.342677669529664275, 1.537499999999999423 ) ) ;
#393 = CARTESIAN_POINT ( 'NONE',  ( 1.599337601876782422, 1.147511096119603780, -1.474337601876795967 ) ) ;
#394 = AXIS2_PLACEMENT_3D ( 'NONE', #335, #2144, #2177 ) ;
#395 = LINE ( 'NONE', #155, #1694 ) ;
#396 = CARTESIAN_POINT ( 'NONE',  ( 1.654809703884946748, 0.2999999999999999334, -1.529809703885629979 ) ) ;
#397 = DIRECTION ( 'NONE',  ( 1.000000000000000000, 0.0000000000000000000, -2.940209281316623481E-16 ) ) ;
#398 = EDGE_LOOP ( 'NONE', ( #575, #2637, #1815, #244 ) ) ;
#399 = CARTESIAN_POINT ( 'NONE',  ( 1.000000000000001110, 0.1499999999999997446, 1.850000000000001421 ) ) ;
#400 = LINE ( 'NONE', #1017, #907 ) ;
#401 = AXIS2_PLACEMENT_3D ( 'NONE', #3761, #3374, #3781 ) ;
#402 = EDGE_LOOP ( 'NONE', ( #3909, #286, #516, #3305 ) ) ;
#403 = CARTESIAN_POINT ( 'NONE',  ( 1.631708315529723619, 1.101211475303320420, 1.506708315529715625 ) ) ;
#404 = EDGE_LOOP ( 'NONE', ( #1907, #2788, #2326, #1487 ) ) ;
#405 = DIRECTION ( 'NONE',  ( -1.000000000000000000, -0.0000000000000000000, -0.0000000000000000000 ) ) ;
#406 = CARTESIAN_POINT ( 'NONE',  ( 1.537500000000000311, 1.165900974233026410, 1.412499999999999201 ) ) ;
#407 = CARTESIAN_POINT ( 'NONE',  ( 1.731120395261636968, 1.461873615232778034, -1.606120395261641409 ) ) ;
#408 = VERTEX_POINT ( 'NONE', #594 ) ;
#409 = ADVANCED_FACE ( 'NONE', ( #3019 ), #3623, .T. ) ;
#410 = PLANE ( 'NONE',  #3303 ) ;
#411 = CARTESIAN_POINT ( 'NONE',  ( 1.049999999999998934, 0.1499999999999997446, -1.080487804878050184 ) ) ;
#412 = EDGE_CURVE ( 'NONE', #2905, #2208, #1206, .T. ) ;
#413 = CARTESIAN_POINT ( 'NONE',  ( 1.049999999999998934, 0.1499999999999997446, 1.080487804878050184 ) ) ;
#414 = CARTESIAN_POINT ( 'NONE',  ( 1.654809703885614880, 0.5333333333333255544, 1.779809703885629313 ) ) ;
#415 = CARTESIAN_POINT ( 'NONE',  ( -0.9999999999999976685, 0.1499999999999997446, 1.850000000000001421 ) ) ;
#416 =( GEOMETRIC_REPRESENTATION_CONTEXT ( 3 ) GLOBAL_UNCERTAINTY_ASSIGNED_CONTEXT ( ( #2821 ) ) GLOBAL_UNIT_ASSIGNED_CONTEXT ( ( #3240, #514, #2325 ) ) REPRESENTATION_CONTEXT ( 'NONE', 'WORKASPACE' ) );
#417 = VECTOR ( 'NONE', #1437, 1000.000000000000000 ) ;
#418 = VERTEX_POINT ( 'NONE', #1794 ) ;
#419 = PLANE ( 'NONE',  #2334 ) ;
#420 = CARTESIAN_POINT ( 'NONE',  ( 1.631708315529723619, 1.101211475303320420, 1.506708315529715625 ) ) ;
#421 = CARTESIAN_POINT ( 'NONE',  ( 1.404809703885633310, 0.7083333333333363679, -1.529809703885629313 ) ) ;
#422 = CYLINDRICAL_SURFACE ( 'NONE', #2017, 0.2000000000000000944 ) ;
#423 = VERTEX_POINT ( 'NONE', #2768 ) ;
#424 = AXIS2_PLACEMENT_3D ( 'NONE', #3061, #356, #2165 ) ;
#425 = DIRECTION ( 'NONE',  ( 0.0000000000000000000, 1.000000000000000000, 0.0000000000000000000 ) ) ;
#426 = DIRECTION ( 'NONE',  ( 0.0000000000000000000, 0.0000000000000000000, -1.000000000000000000 ) ) ;
#427 = DIRECTION ( 'NONE',  ( 1.000000000000000000, 0.0000000000000000000, 0.0000000000000000000 ) ) ;
#428 = VERTEX_POINT ( 'NONE', #1824 ) ;
#429 = DIRECTION ( 'NONE',  ( -0.0000000000000000000, -1.000000000000000000, -0.0000000000000000000 ) ) ;
#430 = ADVANCED_FACE ( 'NONE', ( #2488 ), #2117, .T. ) ;
#431 = ORIENTED_EDGE ( 'NONE', *, *, #3275, .F. ) ;
#432 = DIRECTION ( 'NONE',  ( -0.0000000000000000000, -1.000000000000000000, -0.0000000000000000000 ) ) ;
#433 = LINE ( 'NONE', #3436, #937 ) ;
#434 = DIRECTION ( 'NONE',  ( 1.000000000000000000, 2.409338161078897208E-16, -0.0000000000000000000 ) ) ;
#435 = CARTESIAN_POINT ( 'NONE',  ( 1.654809703885614880, 0.5333333333333255544, -1.529809703885629091 ) ) ;
#436 = ORIENTED_EDGE ( 'NONE', *, *, #1479, .T. ) ;
#437 = EDGE_CURVE ( 'NONE', #3361, #2498, #2979, .T. ) ;
#438 = DIRECTION ( 'NONE',  ( -0.0000000000000000000, -1.000000000000000000, 0.0000000000000000000 ) ) ;
#439 = ORIENTED_EDGE ( 'NONE', *, *, #592, .T. ) ;
#440 = PLANE ( 'NONE',  #1421 ) ;
#441 = ORIENTED_EDGE ( 'NONE', *, *, #3723, .F. ) ;
#442 = EDGE_CURVE ( 'NONE', #2946, #3340, #1911, .T. ) ;
#443 = FACE_OUTER_BOUND ( 'NONE', #1741, .T. ) ;
#444 = CARTESIAN_POINT ( 'NONE',  ( 1.857092504144642442, 1.209057919321697483, 1.482092504144631784 ) ) ;
#445 = CARTESIAN_POINT ( 'NONE',  ( 1.191421356237308604, 0.3000000000000003220, -1.941421356237311047 ) ) ;
#446 = ORIENTED_EDGE ( 'NONE', *, *, #1432, .T. ) ;
#448 = PLANE ( 'NONE',  #1590 ) ;
#447 = CIRCLE ( 'NONE', #2486, 0.1250000000000001943 ) ;
#449 = CARTESIAN_POINT ( 'NONE',  ( 1.000000000000001332, 0.3000000000000003220, -1.900000000000001465 ) ) ;
#450 = CARTESIAN_POINT ( 'NONE',  ( 1.404809703885614436, 0.5333333333333255544, -1.779809703885629757 ) ) ;
#451 = CARTESIAN_POINT ( 'NONE',  ( 1.000000000000001110, 0.3000000000000003220, -2.000000000000001332 ) ) ;
#452 = EDGE_CURVE ( 'NONE', #2574, #159, #2727, .T. ) ;
#453 = ADVANCED_FACE ( 'NONE', ( #3803 ), #2735, .F. ) ;
#454 = LINE ( 'NONE', #2785, #999 ) ;
#455 = ORIENTED_EDGE ( 'NONE', *, *, #1357, .T. ) ;
#456 = DIRECTION ( 'NONE',  ( 0.0000000000000000000, 0.0000000000000000000, 1.000000000000000000 ) ) ;
#457 = DIRECTION ( 'NONE',  ( 0.4999999999999974465, -0.7071067811865496822, -0.4999999999999995004 ) ) ;
#458 = DIRECTION ( 'NONE',  ( 0.0000000000000000000, 0.0000000000000000000, -1.000000000000000000 ) ) ;
#459 = CARTESIAN_POINT ( 'NONE',  ( 1.874810064830499945, 1.171021072251430706, 1.499810064830507939 ) ) ;
#460 = CARTESIAN_POINT ( 'NONE',  ( 1.690165042944956175, 0.3000000000000003220, 1.654809703885628203 ) ) ;
#461 = VECTOR ( 'NONE', #1640, 1000.000000000000000 ) ;
#462 = DIRECTION ( 'NONE',  ( -0.0000000000000000000, -1.000000000000000000, -0.0000000000000000000 ) ) ;
#463 = CARTESIAN_POINT ( 'NONE',  ( 1.796231060122937873, 1.000000000000000000, -1.478033008588991004 ) ) ;
#464 = CARTESIAN_POINT ( 'NONE',  ( 1.654809703885627981, 0.7666666666666595020, -1.779809703885628869 ) ) ;
#465 = PRODUCT_DEFINITION_SHAPE ( 'NONE', 'NONE',  #3198 ) ;
#466 = CARTESIAN_POINT ( 'NONE',  ( 1.049999999999998934, 0.1499999999999997446, -1.080487804878050184 ) ) ;
#467 = CARTESIAN_POINT ( 'NONE',  ( 1.049999999999998934, 1.000000000000000000, -1.900000000000001465 ) ) ;
#468 = FILL_AREA_STYLE ('',( #1647 ) ) ;
#469 = FACE_OUTER_BOUND ( 'NONE', #2892, .T. ) ;
#470 = EDGE_CURVE ( 'NONE', #219, #3812, #478, .T. ) ;
#471 = B_SPLINE_CURVE_WITH_KNOTS ( 'NONE', 3,
 ( #935, #3045, #3333, #3955, #22, #2104, #2384, #2697, #311, #2721, #914, #299, #3033, #2074, #3307, #1208 ),
 .UNSPECIFIED., .F., .F.,
 ( 4, 2, 2, 2, 2, 2, 2, 4 ),
 ( 0.0000000000000000000, 0.1816551698039447493, 0.2724827547059170962, 0.3633103396078894987, 0.4428965471569033530, 0.5224827547059172073, 0.6816551698039448048, 1.000000000000000000 ),
 .UNSPECIFIED. ) ;
#472 = CIRCLE ( 'NONE', #3859, 0.1000000000000000472 ) ;
#473 = ORIENTED_EDGE ( 'NONE', *, *, #2942, .F. ) ;
#474 = CARTESIAN_POINT ( 'NONE',  ( 1.654809703885628203, 1.000000000000000000, 1.519454364826300585 ) ) ;
#475 = DIRECTION ( 'NONE',  ( 1.000000000000000000, 0.0000000000000000000, 0.0000000000000000000 ) ) ;
#476 = AXIS2_PLACEMENT_3D ( 'NONE', #3188, #1384, #3823 ) ;
#477 = VERTEX_POINT ( 'NONE', #3663 ) ;
#478 = LINE ( 'NONE', #52, #3593 ) ;
#479 = ORIENTED_EDGE ( 'NONE', *, *, #1132, .T. ) ;
#480 = CARTESIAN_POINT ( 'NONE',  ( 1.390285940628117389, 1.082796648348380630, -1.765285940628119832 ) ) ;
#481 = ORIENTED_EDGE ( 'NONE', *, *, #18, .F. ) ;
#482 = DIRECTION ( 'NONE',  ( 0.0000000000000000000, 0.0000000000000000000, 1.000000000000000000 ) ) ;
#483 = CARTESIAN_POINT ( 'NONE',  ( 1.475000000000000533, 1.254289321881345343, -1.474999999999999423 ) ) ;
#484 = CARTESIAN_POINT ( 'NONE',  ( -0.9999999999999985567, 0.1000000000000000056, -2.000000000000001332 ) ) ;
#485 = PRESENTATION_STYLE_ASSIGNMENT (( #1947 ) ) ;
#486 = VERTEX_POINT ( 'NONE', #3676 ) ;
#487 = VECTOR ( 'NONE', #1596, 1000.000000000000000 ) ;
#488 = ORIENTED_EDGE ( 'NONE', *, *, #2199, .F. ) ;
#489 = CARTESIAN_POINT ( 'NONE',  ( 1.690165042944956175, 1.000000000000000000, 1.654809703885628203 ) ) ;
#490 = CARTESIAN_POINT ( 'NONE',  ( 1.654809703885614880, 0.5333333333333255544, -1.529809703885629091 ) ) ;
#491 = ORIENTED_EDGE ( 'NONE', *, *, #1331, .F. ) ;
#492 = EDGE_CURVE ( 'NONE', #3814, #923, #975, .T. ) ;
#493 = ADVANCED_FACE ( 'NONE', ( #2781 ), #1807, .T. ) ;
#494 = CARTESIAN_POINT ( 'NONE',  ( 1.599337601876782422, 1.147511096119603780, 1.474337601876795967 ) ) ;
#495 = CARTESIAN_POINT ( 'NONE',  ( 1.191421356237308604, 0.3000000000000003220, 1.941421356237311047 ) ) ;
#496 = PLANE ( 'NONE',  #3095 ) ;
#497 = FACE_OUTER_BOUND ( 'NONE', #3353, .T. ) ;
#498 = AXIS2_PLACEMENT_3D ( 'NONE', #969, #1839, #2491 ) ;
#499 = DIRECTION ( 'NONE',  ( 0.0000000000000000000, -1.000000000000000000, 0.0000000000000000000 ) ) ;
#500 = EDGE_LOOP ( 'NONE', ( #1148, #2455, #3069, #3099 ) ) ;
#501 = DIRECTION ( 'NONE',  ( 0.0000000000000000000, -0.0000000000000000000, -1.000000000000000000 ) ) ;
#502 = DIRECTION ( 'NONE',  ( -0.0000000000000000000, -1.000000000000000000, -0.0000000000000000000 ) ) ;
#503 = VECTOR ( 'NONE', #2805, 1000.000000000000000 ) ;
#504 = AXIS2_PLACEMENT_3D ( 'NONE', #3016, #15, #3354 ) ;
#505 = VERTEX_POINT ( 'NONE', #2132 ) ;
#506 = EDGE_CURVE ( 'NONE', #3754, #2547, #1960, .T. ) ;
#507 = CARTESIAN_POINT ( 'NONE',  ( 1.904809703885627314, 0.4166666666666610785, 1.529809703885630201 ) ) ;
#508 = ORIENTED_EDGE ( 'NONE', *, *, #1240, .F. ) ;
#509 = DIRECTION ( 'NONE',  ( -0.7071067811865471286, 0.0000000000000000000, -0.7071067811865479058 ) ) ;
#510 = ADVANCED_FACE ( 'NONE', ( #80 ), #1219, .T. ) ;
#511 = SURFACE_SIDE_STYLE ('',( #3356 ) ) ;
#512 = PLANE ( 'NONE',  #1163 ) ;
#513 = CARTESIAN_POINT ( 'NONE',  ( 1.654809703885626870, 0.2999999999999999334, -1.529809703885629979 ) ) ;
#514 =( NAMED_UNIT ( * ) PLANE_ANGLE_UNIT ( ) SI_UNIT ( $, .RADIAN. ) );
#515 = FACE_OUTER_BOUND ( 'NONE', #2724, .T. ) ;
#516 = ORIENTED_EDGE ( 'NONE', *, *, #255, .T. ) ;
#517 = CARTESIAN_POINT ( 'NONE',  ( 1.857092504144642442, 1.209057919321697483, 1.482092504144631784 ) ) ;
#518 = DIRECTION ( 'NONE',  ( -0.0000000000000000000, -1.000000000000000000, 0.0000000000000000000 ) ) ;
#519 = DIRECTION ( 'NONE',  ( 0.7071067811865517916, 0.0000000000000000000, 0.7071067811865431318 ) ) ;
#520 = EDGE_CURVE ( 'NONE', #3899, #3569, #3111, .T. ) ;
#521 = AXIS2_PLACEMENT_3D ( 'NONE', #460, #3484, #160 ) ;
#522 = LINE ( 'NONE', #2223, #1161 ) ;
#523 = VERTEX_POINT ( 'NONE', #3031 ) ;
#524 = ORIENTED_EDGE ( 'NONE', *, *, #1657, .T. ) ;
#525 = CARTESIAN_POINT ( 'NONE',  ( 1.049999999999998934, 1.000000000000000000, 1.800000000000001155 ) ) ;
#526 = ORIENTED_EDGE ( 'NONE', *, *, #157, .F. ) ;
#527 = DIRECTION ( 'NONE',  ( -0.0000000000000000000, -0.0000000000000000000, -1.000000000000000000 ) ) ;
#528 = CARTESIAN_POINT ( 'NONE',  ( 1.631708315529723619, 1.101211475303320420, -1.506708315529715625 ) ) ;
#529 = ORIENTED_EDGE ( 'NONE', *, *, #3039, .F. ) ;
#530 = ADVANCED_FACE ( 'NONE', ( #3933 ), #3494, .F. ) ;
#531 = CARTESIAN_POINT ( 'NONE',  ( 1.478494698170095489, 1.342677382284284349, 1.603494698170093713 ) ) ;
#532 = VERTEX_POINT ( 'NONE', #3318 ) ;
#533 = CARTESIAN_POINT ( 'NONE',  ( 1.557106781186547995, 1.000000000000000000, 1.929289321881346719 ) ) ;
#534 = PLANE ( 'NONE',  #2612 ) ;
#535 = CARTESIAN_POINT ( 'NONE',  ( 1.654809703885429251, 0.2999999999999999334, 1.779809703885630423 ) ) ;
#536 = VERTEX_POINT ( 'NONE', #1495 ) ;
#537 = VECTOR ( 'NONE', #3585, 1000.000000000000000 ) ;
#538 = CARTESIAN_POINT ( 'NONE',  ( -1.900000000000000133, 0.3000000000000003220, 2.000000000000002220 ) ) ;
#539 = ORIENTED_EDGE ( 'NONE', *, *, #1228, .T. ) ;
#540 = FACE_OUTER_BOUND ( 'NONE', #3281, .T. ) ;
#541 = DIRECTION ( 'NONE',  ( -0.0000000000000000000, 1.000000000000000000, -0.0000000000000000000 ) ) ;
#542 = ORIENTED_EDGE ( 'NONE', *, *, #1309, .T. ) ;
#543 = EDGE_CURVE ( 'NONE', #1499, #3539, #652, .T. ) ;
#544 = AXIS2_PLACEMENT_3D ( 'NONE', #2142, #847, #883 ) ;
#545 = VECTOR ( 'NONE', #2545, 1000.000000000000000 ) ;
#546 = CARTESIAN_POINT ( 'NONE',  ( 1.728494698170136123, 1.342677382284238385, 1.353494698170115251 ) ) ;
#547 = ORIENTED_EDGE ( 'NONE', *, *, #70, .T. ) ;
#548 = EDGE_CURVE ( 'NONE', #1681, #295, #2255, .T. ) ;
#549 =( BOUNDED_SURFACE ( )  B_SPLINE_SURFACE ( 3, 3, ( 
 ( #861, #1743, #4, #2112, #3910, #2381, #2719, #3017, #3007, #3041, #579, #305, #3302, #2675, #1754, #1767 ),
 ( #3329, #3342, #294, #1167, #590, #908, #2708, #3631, #3935, #3316, #2407, #3028, #277, #1194, #1504, #616 ),
 ( #3288, #3645, #3660, #1469, #1179, #1482, #2058, #3621, #1205, #265, #1493, #2392, #316, #1781, #3949, #603 ),
 ( #2084, #874, #3920, #897, #2099, #1793, #1517, #2420, #3605, #2690, #625, #2731, #920, #1217, #2372, #2996 ),
 ( #2069, #884, #2475, #1528, #651, #1558, #1284, #1849, #347, #3718, #3053, #2749, #2763, #2431, #1862, #3674 ),
 ( #2141, #683, #2443, #931, #1231, #3355, #1817, #2130, #2807, #3109, #696, #3083, #983, #1258, #3407, #666 ),
 ( #32, #331, #944, #1243, #48, #3068, #3369, #2169, #2790, #967, #2154, #1544, #3684, #1836, #1573, #361 ) ),
 .UNSPECIFIED., .T., .F., .T. ) 
 B_SPLINE_SURFACE_WITH_KNOTS ( ( 4, 3, 4 ),
 ( 4, 2, 2, 2, 2, 2, 2, 4 ),
 ( 0.0000000000000000000, 0.5000000000000000000, 1.000000000000000000 ),
 ( 0.0000000000000000000, 0.1816551698039447493, 0.2724827547059170962, 0.3633103396078894987, 0.4428965471569033530, 0.5224827547059172073, 0.6816551698039448048, 1.000000000000000000 ),
 .UNSPECIFIED. ) 
 GEOMETRIC_REPRESENTATION_ITEM ( )  RATIONAL_B_SPLINE_SURFACE ( (
 ( 1.000000000000000000, 1.000000000000000000, 1.000000000000000000, 1.000000000000000000, 1.000000000000000000, 1.000000000000000000, 1.000000000000000000, 1.000000000000000000, 1.000000000000000000, 1.000000000000000000, 1.000000000000000000, 1.000000000000000000, 1.000000000000000000, 1.000000000000000000, 1.000000000000000000, 1.000000000000000000),
 ( 0.3333333333333333703, 0.3333333333333333703, 0.3333333333333333703, 0.3333333333333333703, 0.3333333333333333703, 0.3333333333333333703, 0.3333333333333333703, 0.3333333333333333703, 0.3333333333333333703, 0.3333333333333333703, 0.3333333333333333703, 0.3333333333333333703, 0.3333333333333333703, 0.3333333333333333703, 0.3333333333333333703, 0.3333333333333333703),
 ( 0.3333333333333333703, 0.3333333333333333703, 0.3333333333333333703, 0.3333333333333333703, 0.3333333333333333703, 0.3333333333333333703, 0.3333333333333333703, 0.3333333333333333703, 0.3333333333333333703, 0.3333333333333333703, 0.3333333333333333703, 0.3333333333333333703, 0.3333333333333333703, 0.3333333333333333703, 0.3333333333333333703, 0.3333333333333333703),
 ( 1.000000000000000000, 1.000000000000000000, 1.000000000000000000, 1.000000000000000000, 1.000000000000000000, 1.000000000000000000, 1.000000000000000000, 1.000000000000000000, 1.000000000000000000, 1.000000000000000000, 1.000000000000000000, 1.000000000000000000, 1.000000000000000000, 1.000000000000000000, 1.000000000000000000, 1.000000000000000000),
 ( 0.3333333333333333703, 0.3333333333333333703, 0.3333333333333333703, 0.3333333333333333703, 0.3333333333333333703, 0.3333333333333333703, 0.3333333333333333703, 0.3333333333333333703, 0.3333333333333333703, 0.3333333333333333703, 0.3333333333333333703, 0.3333333333333333703, 0.3333333333333333703, 0.3333333333333333703, 0.3333333333333333703, 0.3333333333333333703),
 ( 0.3333333333333333703, 0.3333333333333333703, 0.3333333333333333703, 0.3333333333333333703, 0.3333333333333333703, 0.3333333333333333703, 0.3333333333333333703, 0.3333333333333333703, 0.3333333333333333703, 0.3333333333333333703, 0.3333333333333333703, 0.3333333333333333703, 0.3333333333333333703, 0.3333333333333333703, 0.3333333333333333703, 0.3333333333333333703),
 ( 1.000000000000000000, 1.000000000000000000, 1.000000000000000000, 1.000000000000000000, 1.000000000000000000, 1.000000000000000000, 1.000000000000000000, 1.000000000000000000, 1.000000000000000000, 1.000000000000000000, 1.000000000000000000, 1.000000000000000000, 1.000000000000000000, 1.000000000000000000, 1.000000000000000000, 1.000000000000000000) ) ) 
 REPRESENTATION_ITEM ( '' )  SURFACE ( )  );
#550 = APPLICATION_CONTEXT ( 'automotive_design' ) ;
#551 = CIRCLE ( 'NONE', #3075, 0.1999999999999998723 ) ;
#552 = ORIENTED_EDGE ( 'NONE', *, *, #2761, .T. ) ;
#553 =( GEOMETRIC_REPRESENTATION_CONTEXT ( 3 ) GLOBAL_UNCERTAINTY_ASSIGNED_CONTEXT ( ( #1404 ) ) GLOBAL_UNIT_ASSIGNED_CONTEXT ( ( #3183, #3829, #3492 ) ) REPRESENTATION_CONTEXT ( 'NONE', 'WORKASPACE' ) );
#554 = VECTOR ( 'NONE', #1548, 1000.000000000000000 ) ;
#555 = CARTESIAN_POINT ( 'NONE',  ( 1.537500000000000311, 1.165900974233026854, 1.412499999999999201 ) ) ;
#556 = CARTESIAN_POINT ( 'NONE',  ( 0.0000000000000000000, 0.1000000000000000056, 0.0000000000000000000 ) ) ;
#557 = VECTOR ( 'NONE', #3853, 1000.000000000000114 ) ;
#558 = VECTOR ( 'NONE', #2822, 1000.000000000000114 ) ;
#559 = EDGE_CURVE ( 'NONE', #3860, #2036, #229, .T. ) ;
#560 = EDGE_LOOP ( 'NONE', ( #1349, #685, #307, #3628, #1630 ) ) ;
#561 = CARTESIAN_POINT ( 'NONE',  ( 1.584099025766973812, 1.000000000000000000, -1.548743686707645839 ) ) ;
#562 = CARTESIAN_POINT ( 'NONE',  ( -0.9999999999999988898, 0.1000000000000000056, -1.100000000000001643 ) ) ;
#563 = DIRECTION ( 'NONE',  ( 1.925929944387239356E-30, -1.000000000000000000, 0.0000000000000000000 ) ) ;
#564 = DIRECTION ( 'NONE',  ( 0.0000000000000000000, 0.0000000000000000000, -1.000000000000000000 ) ) ;
#565 = VERTEX_POINT ( 'NONE', #3704 ) ;
#566 = VECTOR ( 'NONE', #1248, 1000.000000000000000 ) ;
#567 = CARTESIAN_POINT ( 'NONE',  ( 1.404809703885614436, 0.5333333333333255544, 1.529809703885629313 ) ) ;
#568 = DIRECTION ( 'NONE',  ( -1.000000000000000000, -0.0000000000000000000, -0.0000000000000000000 ) ) ;
#569 = EDGE_CURVE ( 'NONE', #2549, #2335, #1486, .T. ) ;
#570 = ORIENTED_EDGE ( 'NONE', *, *, #2199, .T. ) ;
#571 = ORIENTED_EDGE ( 'NONE', *, *, #1392, .F. ) ;
#572 = CARTESIAN_POINT ( 'NONE',  ( 0.0000000000000000000, 0.05000000000000000278, 0.0000000000000000000 ) ) ;
#573 = VECTOR ( 'NONE', #2535, 1000.000000000000000 ) ;
#574 = AXIS2_PLACEMENT_3D ( 'NONE', #2495, #3824, #1385 ) ;
#575 = ORIENTED_EDGE ( 'NONE', *, *, #230, .T. ) ;
#576 = EDGE_CURVE ( 'NONE', #630, #3899, #3294, .T. ) ;
#577 = CARTESIAN_POINT ( 'NONE',  ( -0.9999999999999963363, 0.1499999999999997446, 1.850000000000001421 ) ) ;
#578 = DIRECTION ( 'NONE',  ( 0.0000000000000000000, 0.0000000000000000000, -1.000000000000000000 ) ) ;
#579 = CARTESIAN_POINT ( 'NONE',  ( 1.654809703885627981, 0.8541666666666696273, -1.529809703885628647 ) ) ;
#580 = ORIENTED_EDGE ( 'NONE', *, *, #3490, .T. ) ;
#581 = CARTESIAN_POINT ( 'NONE',  ( 1.404809703885627314, 0.7666666666666595020, 1.529809703885628869 ) ) ;
#582 = DIRECTION ( 'NONE',  ( 1.000000000000000000, -0.0000000000000000000, -0.0000000000000000000 ) ) ;
#583 = VERTEX_POINT ( 'NONE', #1260 ) ;
#584 = DIRECTION ( 'NONE',  ( -1.000000000000000000, -0.0000000000000000000, -0.0000000000000000000 ) ) ;
#585 = ORIENTED_EDGE ( 'NONE', *, *, #3546, .T. ) ;
#586 = VECTOR ( 'NONE', #2681, 1000.000000000000114 ) ;
#587 = LINE ( 'NONE', #3667, #3 ) ;
#588 = PLANE ( 'NONE',  #401 ) ;
#589 = CARTESIAN_POINT ( 'NONE',  ( 1.000000000000001110, 1.900000000000000577, -1.900000000000001688 ) ) ;
#590 = CARTESIAN_POINT ( 'NONE',  ( 1.874810064830499945, 1.171021072251430706, -1.499810064830507939 ) ) ;
#591 = ORIENTED_EDGE ( 'NONE', *, *, #2661, .F. ) ;
#592 = EDGE_CURVE ( 'NONE', #1932, #2547, #3687, .T. ) ;
#593 = AXIS2_PLACEMENT_3D ( 'NONE', #3000, #3258, #3246 ) ;
#594 = CARTESIAN_POINT ( 'NONE',  ( 1.049999999999998934, 0.1499999999999997446, 1.080487804878050184 ) ) ;
#595 = VERTEX_POINT ( 'NONE', #1599 ) ;
#596 = DIRECTION ( 'NONE',  ( 0.0000000000000000000, 0.0000000000000000000, 1.000000000000000000 ) ) ;
#597 = PLANE ( 'NONE',  #1072 ) ;
#598 = LINE ( 'NONE', #628, #3151 ) ;
#599 = AXIS2_PLACEMENT_3D ( 'NONE', #2449, #3347, #641 ) ;
#600 = CARTESIAN_POINT ( 'NONE',  ( 1.654809703885628203, 1.000000000000000000, 1.619454364826300452 ) ) ;
#601 = CARTESIAN_POINT ( 'NONE',  ( 1.631708315529723619, 1.101211475303320420, 1.506708315529715625 ) ) ;
#602 =( NAMED_UNIT ( * ) SI_UNIT ( $, .STERADIAN. ) SOLID_ANGLE_UNIT ( ) );
#603 = CARTESIAN_POINT ( 'NONE',  ( 1.904809703885627314, 0.2999999999999998779, -1.779809703885630423 ) ) ;
#604 = AXIS2_PLACEMENT_3D ( 'NONE', #2843, #3107, #2514 ) ;
#605 = CARTESIAN_POINT ( 'NONE',  ( 1.654809703885627981, 0.8541666666666696273, 1.779809703885628869 ) ) ;
#606 = CARTESIAN_POINT ( 'NONE',  ( -1.800000000000000711, 1.900000000000000355, 2.000000000000001776 ) ) ;
#607 = LINE ( 'NONE', #3925, #3637 ) ;
#608 = ORIENTED_EDGE ( 'NONE', *, *, #2628, .T. ) ;
#609 = CARTESIAN_POINT ( 'NONE',  ( 1.404822926257584426, 0.9759045052352365301, 1.779822926257581983 ) ) ;
#610 = CARTESIAN_POINT ( 'NONE',  ( -0.9999999999999985567, 0.1499999999999997446, 1.900000000000001243 ) ) ;
#611 = LINE ( 'NONE', #2827, #1582 ) ;
#612 = ORIENTED_EDGE ( 'NONE', *, *, #1972, .T. ) ;
#613 = EDGE_CURVE ( 'NONE', #1801, #2574, #3886, .T. ) ;
#614 = CARTESIAN_POINT ( 'NONE',  ( 1.049999999999998934, 0.05000000000000000278, 1.080487804878050184 ) ) ;
#616 = CARTESIAN_POINT ( 'NONE',  ( 1.904809703885627314, 0.2999999999999998779, -1.529809703885630201 ) ) ;
#615 = VECTOR ( 'NONE', #2469, 1000.000000000000000 ) ;
#617 = CARTESIAN_POINT ( 'NONE',  ( 1.049999999999998934, 1.000000000000000000, 2.000000000000001332 ) ) ;
#618 = EDGE_LOOP ( 'NONE', ( #2505, #2120, #3320, #2231 ) ) ;
#619 = CARTESIAN_POINT ( 'NONE',  ( 2.000000000000000000, 2.000000000000000000, -0.9500000000000000666 ) ) ;
#620 = ORIENTED_EDGE ( 'NONE', *, *, #3537, .T. ) ;
#621 = CARTESIAN_POINT ( 'NONE',  ( 1.404794613882617726, 1.027498930579821446, 1.779794613882621945 ) ) ;
#622 = ORIENTED_EDGE ( 'NONE', *, *, #2418, .T. ) ;
#623 = LINE ( 'NONE', #642, #1464 ) ;
#624 = DIRECTION ( 'NONE',  ( 0.0000000000000000000, 0.0000000000000000000, 1.000000000000000000 ) ) ;
#625 = CARTESIAN_POINT ( 'NONE',  ( 1.654809703885627981, 0.8541666666666696273, -1.779809703885628869 ) ) ;
#626 = ORIENTED_EDGE ( 'NONE', *, *, #3078, .T. ) ;
#627 = LINE ( 'NONE', #2943, #946 ) ;
#628 = CARTESIAN_POINT ( 'NONE',  ( 1.627817459305202830, 0.3000000000000003220, -2.000000000000001332 ) ) ;
#629 = CARTESIAN_POINT ( 'NONE',  ( 1.000000000000001332, 1.000000000000000000, -2.000000000000001776 ) ) ;
#630 = VERTEX_POINT ( 'NONE', #3087 ) ;
#631 = VECTOR ( 'NONE', #3930, 999.9999999999998863 ) ;
#632 = CARTESIAN_POINT ( 'NONE',  ( 1.607092504144639555, 1.209057919321694152, 1.732092504144634448 ) ) ;
#633 = EDGE_CURVE ( 'NONE', #3579, #505, #2386, .T. ) ;
#634 = LINE ( 'NONE', #955, #2080 ) ;
#635 = ORIENTED_EDGE ( 'NONE', *, *, #1085, .T. ) ;
#636 = DIRECTION ( 'NONE',  ( -1.000000000000000000, 0.0000000000000000000, -0.0000000000000000000 ) ) ;
#637 = COLOUR_RGB ( '',0.5372549019607842924, 0.3490196078431372362, 0.3372549019607843368 ) ;
#638 = ORIENTED_EDGE ( 'NONE', *, *, #3568, .F. ) ;
#639 = EDGE_CURVE ( 'NONE', #159, #339, #2148, .T. ) ;
#640 = CARTESIAN_POINT ( 'NONE',  ( 1.191421356237308604, 0.3000000000000003220, 1.941421356237311047 ) ) ;
#641 = DIRECTION ( 'NONE',  ( 0.0000000000000000000, 0.0000000000000000000, -1.000000000000000000 ) ) ;
#642 = CARTESIAN_POINT ( 'NONE',  ( 1.760875721063611010, 0.3000000000000003220, -1.725520382004283482 ) ) ;
#643 = DIRECTION ( 'NONE',  ( 0.0000000000000000000, -1.000000000000000000, 0.0000000000000000000 ) ) ;
#644 = ADVANCED_FACE ( 'NONE', ( #1850 ), #3411, .F. ) ;
#645 = AXIS2_PLACEMENT_3D ( 'NONE', #3630, #3299, #1803 ) ;
#646 = DIRECTION ( 'NONE',  ( 0.0000000000000000000, -0.0000000000000000000, 1.000000000000000000 ) ) ;
#647 = EDGE_CURVE ( 'NONE', #505, #2744, #2588, .T. ) ;
#648 = CARTESIAN_POINT ( 'NONE',  ( 1.404809703885627536, 0.9416666666666632102, 1.779809703885629091 ) ) ;
#649 = VECTOR ( 'NONE', #2088, 1000.000000000000000 ) ;
#650 = CARTESIAN_POINT ( 'NONE',  ( 1.000000000000001110, 1.900000000000000577, 1.900000000000001688 ) ) ;
#651 = CARTESIAN_POINT ( 'NONE',  ( 1.390285940628117389, 1.082796648348380630, -1.765285940628119832 ) ) ;
#652 = CIRCLE ( 'NONE', #2850, 0.1999999999999998723 ) ;
#653 = VERTEX_POINT ( 'NONE', #1561 ) ;
#654 = DIRECTION ( 'NONE',  ( -0.0000000000000000000, -1.000000000000000000, 0.0000000000000000000 ) ) ;
#655 = PLANE ( 'NONE',  #3808 ) ;
#656 = CARTESIAN_POINT ( 'NONE',  ( 1.537500000000000311, 1.165900974233026854, -1.412499999999999201 ) ) ;
#657 = VERTEX_POINT ( 'NONE', #1000 ) ;
#658 = VECTOR ( 'NONE', #2102, 1000.000000000000000 ) ;
#659 = ORIENTED_EDGE ( 'NONE', *, *, #2951, .T. ) ;
#660 = CARTESIAN_POINT ( 'NONE',  ( 1.049999999999998934, 0.05000000000000000278, -1.080487804878050184 ) ) ;
#661 = CARTESIAN_POINT ( 'NONE',  ( 1.000000000000001110, 1.900000000000000577, -1.900000000000001688 ) ) ;
#662 = EDGE_LOOP ( 'NONE', ( #3116, #1020, #1964, #1175, #1304, #3771 ) ) ;
#663 = EDGE_CURVE ( 'NONE', #2841, #2208, #1717, .T. ) ;
#664 = AXIS2_PLACEMENT_3D ( 'NONE', #775, #213, #3234 ) ;
#665 = CARTESIAN_POINT ( 'NONE',  ( -1.800000000000000711, 1.800000000000000711, 1.900000000000001688 ) ) ;
#666 = CARTESIAN_POINT ( 'NONE',  ( 1.404809703885626426, 0.2999999999999998779, -1.529809703885630201 ) ) ;
#667 = SURFACE_STYLE_FILL_AREA ( #2258 ) ;
#668 = CARTESIAN_POINT ( 'NONE',  ( 1.000000000000001110, 1.900000000000000577, -1.900000000000001688 ) ) ;
#669 = ADVANCED_FACE ( 'NONE', ( #3588 ), #419, .F. ) ;
#670 = ORIENTED_EDGE ( 'NONE', *, *, #2676, .T. ) ;
#671 = CARTESIAN_POINT ( 'NONE',  ( 1.191421356237308604, 0.3000000000000003220, -1.941421356237311047 ) ) ;
#672 = VECTOR ( 'NONE', #724, 1000.000000000000000 ) ;
#673 = PLANE ( 'NONE',  #2771 ) ;
#674 = CARTESIAN_POINT ( 'NONE',  ( 1.728494698170136123, 1.342677382284238385, -1.353494698170115251 ) ) ;
#675 = ORIENTED_EDGE ( 'NONE', *, *, #3740, .F. ) ;
#676 = PLANE ( 'NONE',  #283 ) ;
#677 = ORIENTED_EDGE ( 'NONE', *, *, #693, .T. ) ;
#678 = CARTESIAN_POINT ( 'NONE',  ( -1.900000000000000133, 0.3000000000000003220, -2.000000000000002220 ) ) ;
#679 = PRESENTATION_STYLE_ASSIGNMENT (( #3384 ) ) ;
#680 = AXIS2_PLACEMENT_3D ( 'NONE', #170, #1679, #2917 ) ;
#681 = DIRECTION ( 'NONE',  ( -1.000000000000000000, -1.141265444721583511E-16, -0.0000000000000000000 ) ) ;
#682 = VECTOR ( 'NONE', #2860, 1000.000000000000000 ) ;
#683 = CARTESIAN_POINT ( 'NONE',  ( 1.410405495476343640, 0.9891242880528410275, -1.535405495476362958 ) ) ;
#684 = CARTESIAN_POINT ( 'NONE',  ( 1.120710678118653769, 1.000000000000000000, 1.870710678118656212 ) ) ;
#685 = ORIENTED_EDGE ( 'NONE', *, *, #3616, .T. ) ;
#686 = CARTESIAN_POINT ( 'NONE',  ( -0.8999999999999992450, 1.900000000000000355, 2.000000000000001776 ) ) ;
#687 = CARTESIAN_POINT ( 'NONE',  ( 1.654809703885627981, 0.8541666666666696273, -1.529809703885628647 ) ) ;
#688 = ADVANCED_FACE ( 'NONE', ( #1443 ), #1952, .F. ) ;
#689 = LINE ( 'NONE', #3433, #1990 ) ;
#690 = ORIENTED_EDGE ( 'NONE', *, *, #3564, .T. ) ;
#691 = CARTESIAN_POINT ( 'NONE',  ( 1.654809703885628203, 0.8833333333333359683, 1.529809703885628425 ) ) ;
#692 = DIRECTION ( 'NONE',  ( 0.0000000000000000000, 0.0000000000000000000, 1.000000000000000000 ) ) ;
#693 = EDGE_CURVE ( 'NONE', #2527, #505, #1117, .T. ) ;
#694 = FACE_OUTER_BOUND ( 'NONE', #1675, .T. ) ;
#695 = DIRECTION ( 'NONE',  ( -0.7071067811865486830, 0.0000000000000000000, -0.7071067811865464625 ) ) ;
#696 = CARTESIAN_POINT ( 'NONE',  ( 1.404809703885627314, 0.8541666666666697383, -1.529809703885628869 ) ) ;
#697 = CARTESIAN_POINT ( 'NONE',  ( -0.8999999999999992450, 1.900000000000000355, -1.900000000000001688 ) ) ;
#698 = EDGE_CURVE ( 'NONE', #1851, #1458, #129, .T. ) ;
#699 = CARTESIAN_POINT ( 'NONE',  ( 1.049999999999998934, 0.1499999999999997446, 1.900000000000001465 ) ) ;
#700 = CARTESIAN_POINT ( 'NONE',  ( 1.654809703885633754, 0.7083333333333362569, -1.529809703885629091 ) ) ;
#701 = AXIS2_PLACEMENT_3D ( 'NONE', #3618, #3948, #3328 ) ;
#702 = EDGE_CURVE ( 'NONE', #1851, #2498, #3442, .T. ) ;
#703 = CARTESIAN_POINT ( 'NONE',  ( 1.049999999999998934, 1.000000000000000000, 1.800000000000001155 ) ) ;
#704 = DIRECTION ( 'NONE',  ( 0.0000000000000000000, 0.0000000000000000000, -1.000000000000000000 ) ) ;
#705 = FACE_OUTER_BOUND ( 'NONE', #1109, .T. ) ;
#706 = ORIENTED_EDGE ( 'NONE', *, *, #3289, .F. ) ;
#707 = DIRECTION ( 'NONE',  ( 0.0000000000000000000, 0.0000000000000000000, -1.000000000000000000 ) ) ;
#709 = CARTESIAN_POINT ( 'NONE',  ( 1.654778534646938803, 1.039066316974709414, 1.779778534646942800 ) ) ;
#708 = VECTOR ( 'NONE', #1073, 1000.000000000000000 ) ;
#710 = ORIENTED_EDGE ( 'NONE', *, *, #2528, .F. ) ;
#711 = ADVANCED_FACE ( 'NONE', ( #1751 ), #960, .T. ) ;
#712 = PLANE ( 'NONE',  #1725 ) ;
#713 = DIRECTION ( 'NONE',  ( 0.0000000000000000000, -1.000000000000000000, -0.0000000000000000000 ) ) ;
#714 = LINE ( 'NONE', #1892, #615 ) ;
#715 = DIRECTION ( 'NONE',  ( -0.0000000000000000000, -1.000000000000000000, 0.0000000000000000000 ) ) ;
#716 = CARTESIAN_POINT ( 'NONE',  ( 1.859334189032889384, 1.259245496154484112, -1.734334189032894047 ) ) ;
#717 = EDGE_LOOP ( 'NONE', ( #3617, #1542, #3934, #1954 ) ) ;
#718 = CARTESIAN_POINT ( 'NONE',  ( 1.557106781186547995, 0.3000000000000003220, 1.929289321881346719 ) ) ;
#719 = LINE ( 'NONE', #276, #807 ) ;
#720 = ORIENTED_EDGE ( 'NONE', *, *, #2009, .T. ) ;
#721 = EDGE_CURVE ( 'NONE', #3503, #295, #2633, .T. ) ;
#722 =( GEOMETRIC_REPRESENTATION_CONTEXT ( 3 ) GLOBAL_UNCERTAINTY_ASSIGNED_CONTEXT ( ( #126 ) ) GLOBAL_UNIT_ASSIGNED_CONTEXT ( ( #3496, #3821, #172 ) ) REPRESENTATION_CONTEXT ( 'NONE', 'WORKASPACE' ) );
#723 = CARTESIAN_POINT ( 'NONE',  ( 1.654809703885628203, 0.9416666666666630992, 1.779809703885628647 ) ) ;
#724 = DIRECTION ( 'NONE',  ( 0.0000000000000000000, -1.000000000000000000, 0.0000000000000000000 ) ) ;
#725 = ORIENTED_EDGE ( 'NONE', *, *, #1164, .F. ) ;
#726 = CARTESIAN_POINT ( 'NONE',  ( 1.654809703885614880, 0.5333333333333255544, -1.779809703885629313 ) ) ;
#727 = AXIS2_PLACEMENT_3D ( 'NONE', #2078, #3916, #2659 ) ;
#728 = ORIENTED_EDGE ( 'NONE', *, *, #2512, .T. ) ;
#729 = FACE_OUTER_BOUND ( 'NONE', #662, .T. ) ;
#730 = ADVANCED_FACE ( 'NONE', ( #3205 ), #1981, .T. ) ;
#731 = CARTESIAN_POINT ( 'NONE',  ( 1.654809703885628203, 0.3000000000000003220, -1.619454364826300452 ) ) ;
#732 = DIRECTION ( 'NONE',  ( 1.000000000000000000, 0.0000000000000000000, 0.0000000000000000000 ) ) ;
#733 = EDGE_LOOP ( 'NONE', ( #2975, #2622, #1827, #455 ) ) ;
#734 = PLANE ( 'NONE',  #2292 ) ;
#735 = FACE_OUTER_BOUND ( 'NONE', #2123, .T. ) ;
#736 = CARTESIAN_POINT ( 'NONE',  ( 1.760875721063611010, 1.000000000000000000, -1.725520382004283482 ) ) ;
#737 = CIRCLE ( 'NONE', #165, 0.1250000000000001943 ) ;
#738 = ORIENTED_EDGE ( 'NONE', *, *, #3686, .T. ) ;
#739 = CARTESIAN_POINT ( 'NONE',  ( 1.475000000000000533, 1.254289321881345343, -1.474999999999999423 ) ) ;
#740 = CARTESIAN_POINT ( 'NONE',  ( 1.049999999999998934, 0.3000000000000003220, 1.900000000000001465 ) ) ;
#741 = CARTESIAN_POINT ( 'NONE',  ( 1.654809703885633754, 0.7083333333333362569, -1.779809703885629313 ) ) ;
#742 = VECTOR ( 'NONE', #2346, 1000.000000000000000 ) ;
#744 = DIRECTION ( 'NONE',  ( 0.0000000000000000000, 0.0000000000000000000, -1.000000000000000000 ) ) ;
#743 = VECTOR ( 'NONE', #3189, 1000.000000000000000 ) ;
#745 = DIRECTION ( 'NONE',  ( -1.000000000000000000, -0.0000000000000000000, -0.0000000000000000000 ) ) ;
#746 = EDGE_CURVE ( 'NONE', #3225, #1454, #2050, .T. ) ;
#747 = CARTESIAN_POINT ( 'NONE',  ( 1.569450096823239660, 1.165900835168539595, 1.444450096823238772 ) ) ;
#748 = ADVANCED_FACE ( 'NONE', ( #794 ), #2853, .T. ) ;
#749 = DIRECTION ( 'NONE',  ( 0.0000000000000000000, 0.0000000000000000000, -1.000000000000000000 ) ) ;
#750 = VECTOR ( 'NONE', #1184, 1000.000000000000000 ) ;
#751 = DIRECTION ( 'NONE',  ( 0.0000000000000000000, -1.000000000000000000, 0.0000000000000000000 ) ) ;
#752 = CARTESIAN_POINT ( 'NONE',  ( 1.654809703885628203, 0.8833333333333359683, -1.779809703885628647 ) ) ;
#753 = VECTOR ( 'NONE', #3397, 1000.000000000000000 ) ;
#754 = VERTEX_POINT ( 'NONE', #2246 ) ;
#755 = AXIS2_PLACEMENT_3D ( 'NONE', #1977, #2886, #783 ) ;
#756 = DIRECTION ( 'NONE',  ( -0.0000000000000000000, -1.000000000000000000, -0.0000000000000000000 ) ) ;
#757 = CARTESIAN_POINT ( 'NONE',  ( 1.654809703884946748, 0.2999999999999999334, 1.529809703885629979 ) ) ;
#758 = ORIENTED_EDGE ( 'NONE', *, *, #2302, .F. ) ;
#759 = VECTOR ( 'NONE', #2530, 1000.000000000000000 ) ;
#760 = VERTEX_POINT ( 'NONE', #1949 ) ;
#761 = CARTESIAN_POINT ( 'NONE',  ( 1.904809703885628647, 0.8541666666666697383, 1.529809703885628869 ) ) ;
#762 = ORIENTED_EDGE ( 'NONE', *, *, #702, .F. ) ;
#763 = ORIENTED_EDGE ( 'NONE', *, *, #2869, .T. ) ;
#764 = CARTESIAN_POINT ( 'NONE',  ( 1.000000000000000666, 0.1499999999999997446, -1.850000000000001421 ) ) ;
#765 = LINE ( 'NONE', #1637, #2742 ) ;
#766 = CARTESIAN_POINT ( 'NONE',  ( 1.120710678118653769, 1.000000000000000000, 1.870710678118656212 ) ) ;
#767 = CARTESIAN_POINT ( 'NONE',  ( 1.599337601876782422, 1.147511096119603780, -1.474337601876795967 ) ) ;
#768 = CLOSED_SHELL ( 'NONE', ( #1049, #3084, #3394, #1365, #2010, #968, #1973, #3059, #122, #1634, #3709, #1708, #1887, #748, #3777, #3377 ) ) ;
#769 = EDGE_CURVE ( 'NONE', #595, #41, #2484, .T. ) ;
#770 = ADVANCED_FACE ( 'NONE', ( #879 ), #448, .F. ) ;
#771 = LINE ( 'NONE', #3253, #1269 ) ;
#772 = DIRECTION ( 'NONE',  ( 0.0000000000000000000, 0.0000000000000000000, 1.000000000000000000 ) ) ;
#773 = VERTEX_POINT ( 'NONE', #2289 ) ;
#774 = DIRECTION ( 'NONE',  ( 0.7071067811865499042, 1.137978600240785454E-15, 0.7071067811865452413 ) ) ;
#775 = CARTESIAN_POINT ( 'NONE',  ( -1.999999999999999112, 2.000000000000000000, -1.900000000000001465 ) ) ;
#776 = EDGE_LOOP ( 'NONE', ( #231, #3123, #1925, #2405 ) ) ;
#777 = EDGE_CURVE ( 'NONE', #177, #1261, #3344, .T. ) ;
#778 = CARTESIAN_POINT ( 'NONE',  ( 1.404809703885627314, 0.8541666666666697383, -1.779809703885629313 ) ) ;
#779 = EDGE_CURVE ( 'NONE', #1991, #2946, #1069, .T. ) ;
#780 = CIRCLE ( 'NONE', #3936, 0.1000000000000002554 ) ;
#781 = EDGE_LOOP ( 'NONE', ( #912, #2787, #3456, #3535 ) ) ;
#782 = CARTESIAN_POINT ( 'NONE',  ( 1.049999999999998934, 1.000000000000000000, 2.000000000000001332 ) ) ;
#783 = DIRECTION ( 'NONE',  ( 1.000000000000000000, 0.0000000000000000000, 0.0000000000000000000 ) ) ;
#784 = LINE ( 'NONE', #1712, #3324 ) ;
#785 = ORIENTED_EDGE ( 'NONE', *, *, #3825, .T. ) ;
#786 = ADVANCED_FACE ( 'NONE', ( #1156 ), #1353, .T. ) ;
#787 = CARTESIAN_POINT ( 'NONE',  ( 1.760875721063610788, 1.000000000000000000, 1.584099025766973368 ) ) ;
#788 = ORIENTED_EDGE ( 'NONE', *, *, #26, .F. ) ;
#789 = DIRECTION ( 'NONE',  ( -1.000000000000000000, 0.0000000000000000000, -0.0000000000000000000 ) ) ;
#790 = CARTESIAN_POINT ( 'NONE',  ( 1.654809703885614880, 0.5333333333333255544, 1.529809703885629091 ) ) ;
#791 = DIRECTION ( 'NONE',  ( 0.0000000000000000000, 0.0000000000000000000, 1.000000000000000000 ) ) ;
#792 = EDGE_CURVE ( 'NONE', #408, #1463, #3251, .T. ) ;
#793 = MECHANICAL_DESIGN_GEOMETRIC_PRESENTATION_REPRESENTATION (  '', ( #1393 ), #2559 ) ;
#794 = FACE_OUTER_BOUND ( 'NONE', #2403, .T. ) ;
#795 = VERTEX_POINT ( 'NONE', #3152 ) ;
#796 = CARTESIAN_POINT ( 'NONE',  ( 1.760875721063611010, 1.000000000000000000, 1.725520382004283482 ) ) ;
#797 = AXIS2_PLACEMENT_3D ( 'NONE', #2092, #3285, #3888 ) ;
#798 = LINE ( 'NONE', #1016, #373 ) ;
#799 = ORIENTED_EDGE ( 'NONE', *, *, #777, .F. ) ;
#800 = DIRECTION ( 'NONE',  ( 0.0000000000000000000, -1.000000000000000000, 0.0000000000000000000 ) ) ;
#801 = ADVANCED_FACE ( 'NONE', ( #2671 ), #3486, .F. ) ;
#802 = AXIS2_PLACEMENT_3D ( 'NONE', #2239, #114, #3738 ) ;
#803 = CARTESIAN_POINT ( 'NONE',  ( 1.832476692759556602, 1.316904363340075212, 1.707476692759550385 ) ) ;
#804 = DIRECTION ( 'NONE',  ( -0.0000000000000000000, 1.000000000000000000, -0.0000000000000000000 ) ) ;
#805 = ORIENTED_EDGE ( 'NONE', *, *, #2109, .T. ) ;
#806 = CARTESIAN_POINT ( 'NONE',  ( 1.049999999999998934, 0.3000000000000003220, 1.900000000000001465 ) ) ;
#807 = VECTOR ( 'NONE', #349, 1000.000000000000000 ) ;
#808 = ORIENTED_EDGE ( 'NONE', *, *, #1438, .F. ) ;
#809 = CARTESIAN_POINT ( 'NONE',  ( 1.654809703885628203, 1.000000000000000000, -1.619454364826300452 ) ) ;
#810 = CARTESIAN_POINT ( 'NONE',  ( 1.654809703885628203, 1.000000000000000000, -1.619454364826300452 ) ) ;
#811 = DIRECTION ( 'NONE',  ( 0.0000000000000000000, 0.0000000000000000000, 1.000000000000000000 ) ) ;
#812 = ORIENTED_EDGE ( 'NONE', *, *, #2095, .F. ) ;
#813 = ORIENTED_EDGE ( 'NONE', *, *, #2728, .T. ) ;
#814 = VECTOR ( 'NONE', #1575, 1000.000000000000000 ) ;
#815 = EDGE_CURVE ( 'NONE', #2445, #142, #270, .T. ) ;
#816 = CARTESIAN_POINT ( 'NONE',  ( 1.898619223800361189, 1.088852525817260108, 1.523619223800351197 ) ) ;
#817 = CIRCLE ( 'NONE', #1215, 0.2000000000000000944 ) ;
#818 = AXIS2_PLACEMENT_3D ( 'NONE', #1936, #143, #3729 ) ;
#819 = ORIENTED_EDGE ( 'NONE', *, *, #1228, .F. ) ;
#820 = CARTESIAN_POINT ( 'NONE',  ( 1.831586399182265401, 1.000000000000000000, -1.513388347648318533 ) ) ;
#821 = ADVANCED_FACE ( 'NONE', ( #3387 ), #176, .F. ) ;
#822 = FACE_OUTER_BOUND ( 'NONE', #2978, .T. ) ;
#823 = DIRECTION ( 'NONE',  ( 1.000000000000000000, 0.0000000000000000000, 0.0000000000000000000 ) ) ;
#824 = ORIENTED_EDGE ( 'NONE', *, *, #1687, .T. ) ;
#826 = CARTESIAN_POINT ( 'NONE',  ( 1.624810064830503054, 1.171021072251432482, 1.749810064830506606 ) ) ;
#825 = LINE ( 'NONE', #2153, #3191 ) ;
#827 = VERTEX_POINT ( 'NONE', #1158 ) ;
#828 = CARTESIAN_POINT ( 'NONE',  ( -1.900000000000000133, 1.900000000000000355, -2.000000000000001776 ) ) ;
#829 = CARTESIAN_POINT ( 'NONE',  ( -0.8999999999999992450, 1.800000000000000711, 1.900000000000001688 ) ) ;
#830 = FACE_OUTER_BOUND ( 'NONE', #1044, .T. ) ;
#831 = UNCERTAINTY_MEASURE_WITH_UNIT (LENGTH_MEASURE( 1.000000000000000082E-05 ), #2, 'distance_accuracy_value', 'NONE');
#832 = EDGE_CURVE ( 'NONE', #3340, #41, #839, .T. ) ;
#833 = CARTESIAN_POINT ( 'NONE',  ( 1.627817459305202830, 0.3000000000000003220, -2.000000000000001332 ) ) ;
#834 = FACE_OUTER_BOUND ( 'NONE', #3235, .T. ) ;
#835 = CARTESIAN_POINT ( 'NONE',  ( 1.874810064830499945, 1.171021072251430706, 1.499810064830507939 ) ) ;
#836 = DIRECTION ( 'NONE',  ( 0.0000000000000000000, 0.0000000000000000000, 1.000000000000000000 ) ) ;
#837 = EDGE_CURVE ( 'NONE', #3579, #3521, #1623, .T. ) ;
#838 = AXIS2_PLACEMENT_3D ( 'NONE', #445, #2893, #1368 ) ;
#839 = LINE ( 'NONE', #272, #2883 ) ;
#840 = ORIENTED_EDGE ( 'NONE', *, *, #3774, .T. ) ;
#841 = CARTESIAN_POINT ( 'NONE',  ( 1.049999999999998934, 2.000000000000000000, 1.900000000000001465 ) ) ;
#842 = FACE_OUTER_BOUND ( 'NONE', #30, .T. ) ;
#843 = ORIENTED_EDGE ( 'NONE', *, *, #3270, .T. ) ;
#844 = AXIS2_PLACEMENT_3D ( 'NONE', #3683, #2487, #707 ) ;
#845 = EDGE_CURVE ( 'NONE', #3559, #3643, #970, .T. ) ;
#846 = CARTESIAN_POINT ( 'NONE',  ( 1.000000000000001998, 0.1000000000000000056, -1.100000000000001199 ) ) ;
#847 = DIRECTION ( 'NONE',  ( -0.0000000000000000000, 1.000000000000000000, 0.0000000000000000000 ) ) ;
#848 = ORIENTED_EDGE ( 'NONE', *, *, #363, .T. ) ;
#849 = ORIENTED_EDGE ( 'NONE', *, *, #815, .T. ) ;
#850 = DIRECTION ( 'NONE',  ( -1.000000000000000000, 2.409338161078894743E-16, 0.0000000000000000000 ) ) ;
#851 = CARTESIAN_POINT ( 'NONE',  ( 1.654809703885627981, 0.7666666666666595020, 1.779809703885628869 ) ) ;
#852 = ORIENTED_EDGE ( 'NONE', *, *, #3388, .F. ) ;
#853 = DIRECTION ( 'NONE',  ( -0.0000000000000000000, -1.000000000000000000, -0.0000000000000000000 ) ) ;
#854 = DIRECTION ( 'NONE',  ( -0.0000000000000000000, -1.000000000000000000, 0.0000000000000000000 ) ) ;
#855 = ORIENTED_EDGE ( 'NONE', *, *, #1505, .F. ) ;
#856 = PRESENTATION_STYLE_ASSIGNMENT (( #2626 ) ) ;
#857 = EDGE_LOOP ( 'NONE', ( #232, #3655, #473, #2613 ) ) ;
#858 = CIRCLE ( 'NONE', #3924, 0.2000000000000000944 ) ;
#859 = CARTESIAN_POINT ( 'NONE',  ( 1.000000000000001998, 0.0000000000000000000, -1.100000000000001199 ) ) ;
#860 = CARTESIAN_POINT ( 'NONE',  ( 1.049999999999998934, 0.3000000000000003220, -1.900000000000001465 ) ) ;
#861 = CARTESIAN_POINT ( 'NONE',  ( 1.537500000000000311, 1.165900974233026854, -1.412499999999999201 ) ) ;
#862 = ORIENTED_EDGE ( 'NONE', *, *, #3388, .T. ) ;
#863 = EDGE_CURVE ( 'NONE', #2168, #1203, #2344, .T. ) ;
#864 = CIRCLE ( 'NONE', #1399, 0.1250000000000001110 ) ;
#865 = CARTESIAN_POINT ( 'NONE',  ( 1.654809703885627981, 0.7666666666666595020, 1.529809703885628647 ) ) ;
#866 = VECTOR ( 'NONE', #2281, 1000.000000000000000 ) ;
#867 = EDGE_LOOP ( 'NONE', ( #3954, #2314, #1116, #3762 ) ) ;
#868 = AXIS2_PLACEMENT_3D ( 'NONE', #3454, #2894, #2909 ) ;
#869 = DIRECTION ( 'NONE',  ( 0.0000000000000000000, 9.035018104045872913E-16, 1.000000000000000000 ) ) ;
#870 = COLOUR_RGB ( '',0.5372549019607842924, 0.3490196078431372362, 0.3372549019607843368 ) ;
#871 = ORIENTED_EDGE ( 'NONE', *, *, #3931, .F. ) ;
#872 = DIRECTION ( 'NONE',  ( 0.0000000000000000000, 1.000000000000000000, 0.0000000000000000000 ) ) ;
#873 = CARTESIAN_POINT ( 'NONE',  ( -0.8999999999999992450, 1.800000000000000711, -1.900000000000001688 ) ) ;
#874 = CARTESIAN_POINT ( 'NONE',  ( 1.478494698170095489, 1.342677382284284349, -1.603494698170093713 ) ) ;
#875 = FACE_OUTER_BOUND ( 'NONE', #398, .T. ) ;
#876 = CARTESIAN_POINT ( 'NONE',  ( 1.654809703885633754, 0.7083333333333362569, 1.529809703885629091 ) ) ;
#877 = CARTESIAN_POINT ( 'NONE',  ( 1.049999999999998934, 1.000000000000000000, -1.800000000000001155 ) ) ;
#878 = PLANE ( 'NONE',  #593 ) ;
#879 = FACE_OUTER_BOUND ( 'NONE', #2660, .T. ) ;
#880 = EDGE_CURVE ( 'NONE', #2560, #291, #472, .T. ) ;
#881 = VERTEX_POINT ( 'NONE', #1465 ) ;
#882 = PLANE ( 'NONE',  #1100 ) ;
#883 = DIRECTION ( 'NONE',  ( 0.0000000000000000000, 0.0000000000000000000, 1.000000000000000000 ) ) ;
#884 = CARTESIAN_POINT ( 'NONE',  ( 1.319450096823184149, 1.165900835168525607, -1.694450096823187923 ) ) ;
#885 = VECTOR ( 'NONE', #140, 1000.000000000000000 ) ;
#886 = ORIENTED_EDGE ( 'NONE', *, *, #1180, .F. ) ;
#887 = CARTESIAN_POINT ( 'NONE',  ( 1.404809703885627536, 0.8833333333333360793, 1.529809703885628647 ) ) ;
#888 = DIRECTION ( 'NONE',  ( 0.0000000000000000000, 1.000000000000000000, 0.0000000000000000000 ) ) ;
#889 = DIRECTION ( 'NONE',  ( 0.7071067811865474617, 0.0000000000000000000, 0.7071067811865476838 ) ) ;
#890 = EDGE_CURVE ( 'NONE', #2171, #1261, #2929, .T. ) ;
#891 = ORIENTED_EDGE ( 'NONE', *, *, #2705, .T. ) ;
#892 = CARTESIAN_POINT ( 'NONE',  ( -1.900000000000000133, 1.000000000000000000, -2.000000000000002220 ) ) ;
#893 = CARTESIAN_POINT ( 'NONE',  ( 1.408446205184361144, 0.9903298365630175404, 1.533446205184372024 ) ) ;
#894 = VECTOR ( 'NONE', #3370, 1000.000000000000000 ) ;
#895 = ORIENTED_EDGE ( 'NONE', *, *, #2676, .F. ) ;
#896 = EDGE_CURVE ( 'NONE', #1076, #2933, #3057, .T. ) ;
#897 = CARTESIAN_POINT ( 'NONE',  ( 1.607092504144639555, 1.209057919321694152, -1.732092504144634448 ) ) ;
#898 = VECTOR ( 'NONE', #2835, 1000.000000000000000 ) ;
#899 = ORIENTED_EDGE ( 'NONE', *, *, #1032, .F. ) ;
#900 = CARTESIAN_POINT ( 'NONE',  ( 1.654809703885628203, 0.9416666666666630992, 1.779809703885628647 ) ) ;
#901 = CARTESIAN_POINT ( 'NONE',  ( 1.831586399182265401, 0.3000000000000003220, -1.513388347648318533 ) ) ;
#902 = ORIENTED_EDGE ( 'NONE', *, *, #2611, .F. ) ;
#903 = VERTEX_POINT ( 'NONE', #1147 ) ;
#904 = CARTESIAN_POINT ( 'NONE',  ( 1.904809703885628647, 0.8541666666666697383, 1.779809703885629313 ) ) ;
#905 = VECTOR ( 'NONE', #2585, 1000.000000000000000 ) ;
#906 = ORIENTED_EDGE ( 'NONE', *, *, #2882, .T. ) ;
#907 = VECTOR ( 'NONE', #397, 1000.000000000000000 ) ;
#908 = CARTESIAN_POINT ( 'NONE',  ( 1.898619223800361189, 1.088852525817260108, -1.523619223800351197 ) ) ;
#909 = EDGE_CURVE ( 'NONE', #2110, #3579, #3547, .T. ) ;
#911 = DIRECTION ( 'NONE',  ( 0.0000000000000000000, -1.000000000000000000, 0.0000000000000000000 ) ) ;
#910 = VECTOR ( 'NONE', #1501, 1000.000000000000000 ) ;
#912 = ORIENTED_EDGE ( 'NONE', *, *, #470, .T. ) ;
#913 = CARTESIAN_POINT ( 'NONE',  ( 1.654809703885628203, 0.3000000000000003220, -1.619454364826300452 ) ) ;
#914 = CARTESIAN_POINT ( 'NONE',  ( 1.654809703885627981, 0.8541666666666696273, -1.779809703885628869 ) ) ;
#915 = LINE ( 'NONE', #929, #115 ) ;
#916 = AXIS2_PLACEMENT_3D ( 'NONE', #1220, #1275, #320 ) ;
#917 = CARTESIAN_POINT ( 'NONE',  ( 1.904762455411260325, 1.050633703369597161, 1.779762455411263655 ) ) ;
#918 = FACE_OUTER_BOUND ( 'NONE', #1035, .T. ) ;
#919 = PLANE ( 'NONE',  #645 ) ;
#920 = CARTESIAN_POINT ( 'NONE',  ( 1.654809703885633754, 0.7083333333333362569, -1.779809703885629313 ) ) ;
#921 = DIRECTION ( 'NONE',  ( 0.0000000000000000000, 0.0000000000000000000, -1.000000000000000000 ) ) ;
#922 = DIRECTION ( 'NONE',  ( 0.7071067811865517916, 0.0000000000000000000, 0.7071067811865432429 ) ) ;
#923 = VERTEX_POINT ( 'NONE', #2967 ) ;
#924 = CARTESIAN_POINT ( 'NONE',  ( 1.404810693118295095, 1.015931544184931923, 1.529810693118299092 ) ) ;
#925 = VECTOR ( 'NONE', #1507, 1000.000000000000000 ) ;
#926 = ORIENTED_EDGE ( 'NONE', *, *, #506, .F. ) ;
#927 = EDGE_CURVE ( 'NONE', #423, #657, #1845, .T. ) ;
#928 = AXIS2_PLACEMENT_3D ( 'NONE', #1178, #3300, #1766 ) ;
#929 = CARTESIAN_POINT ( 'NONE',  ( 1.513388347648318977, 0.3000000000000003220, 1.478033008588990782 ) ) ;
#931 = CARTESIAN_POINT ( 'NONE',  ( 1.406324126914804795, 0.9933650312849440223, -1.531324126914799688 ) ) ;
#930 = LINE ( 'NONE', #2209, #1860 ) ;
#932 = ORIENTED_EDGE ( 'NONE', *, *, #1485, .F. ) ;
#933 = ORIENTED_EDGE ( 'NONE', *, *, #837, .T. ) ;
#934 = DIRECTION ( 'NONE',  ( -0.7071067811865486830, 0.0000000000000000000, 0.7071067811865464625 ) ) ;
#935 = CARTESIAN_POINT ( 'NONE',  ( 1.412500000000000755, 1.342677669529664275, -1.537499999999999423 ) ) ;
#936 = EDGE_CURVE ( 'NONE', #2376, #827, #2045, .T. ) ;
#937 = VECTOR ( 'NONE', #2244, 1000.000000000000000 ) ;
#938 = ORIENTED_EDGE ( 'NONE', *, *, #3681, .F. ) ;
#939 = CARTESIAN_POINT ( 'NONE',  ( 1.412500000000000533, 0.9891242789363902110, 1.537500000000000755 ) ) ;
#940 = MECHANICAL_DESIGN_GEOMETRIC_PRESENTATION_REPRESENTATION (  '', ( #2571 ), #266 ) ;
#941 = ORIENTED_EDGE ( 'NONE', *, *, #3367, .T. ) ;
#942 = LINE ( 'NONE', #3870, #1732 ) ;
#943 = UNCERTAINTY_MEASURE_WITH_UNIT (LENGTH_MEASURE( 1.000000000000000082E-05 ), #3190, 'distance_accuracy_value', 'NONE');
#944 = CARTESIAN_POINT ( 'NONE',  ( 1.599337601876782422, 1.147511096119603780, -1.474337601876795967 ) ) ;
#945 = ORIENTED_EDGE ( 'NONE', *, *, #208, .F. ) ;
#946 = VECTOR ( 'NONE', #564, 1000.000000000000000 ) ;
#947 = DIRECTION ( 'NONE',  ( 0.4999999999999979461, -0.7071067811865491270, 0.4999999999999996669 ) ) ;
#948 = CARTESIAN_POINT ( 'NONE',  ( 1.654809703885626870, 0.4166666666666611341, -1.529809703885629979 ) ) ;
#949 = EDGE_LOOP ( 'NONE', ( #2766, #902, #3943, #626 ) ) ;
#950 = ADVANCED_FACE ( 'NONE', ( #3884 ), #3929, .T. ) ;
#951 = CARTESIAN_POINT ( 'NONE',  ( 1.000000000000001998, 0.1000000000000000056, 1.100000000000001199 ) ) ;
#952 = EDGE_CURVE ( 'NONE', #1642, #2171, #1247, .T. ) ;
#953 = VECTOR ( 'NONE', #3417, 1000.000000000000000 ) ;
#954 = EDGE_LOOP ( 'NONE', ( #3862, #2059 ) ) ;
#955 = CARTESIAN_POINT ( 'NONE',  ( 1.191421356237308604, 0.3000000000000003220, 1.941421356237311047 ) ) ;
#956 = VECTOR ( 'NONE', #2910, 1000.000000000000000 ) ;
#957 = EDGE_LOOP ( 'NONE', ( #3131, #2077, #2490, #60 ) ) ;
#958 = DIRECTION ( 'NONE',  ( 0.0000000000000000000, 0.0000000000000000000, 1.000000000000000000 ) ) ;
#959 = EDGE_CURVE ( 'NONE', #3326, #3860, #3437, .T. ) ;
#960 = PLANE ( 'NONE',  #3376 ) ;
#961 = CARTESIAN_POINT ( 'NONE',  ( 1.049999999999998934, 0.04999999999999999584, 1.900000000000001465 ) ) ;
#962 =( NAMED_UNIT ( * ) SI_UNIT ( $, .STERADIAN. ) SOLID_ANGLE_UNIT ( ) );
#963 = LINE ( 'NONE', #1098, #66 ) ;
#964 = ORIENTED_EDGE ( 'NONE', *, *, #746, .T. ) ;
#965 = EDGE_CURVE ( 'NONE', #2652, #3350, #1115, .T. ) ;
#966 = CARTESIAN_POINT ( 'NONE',  ( 1.654794613882616172, 1.027498930579819669, 1.529794613882619725 ) ) ;
#967 = CARTESIAN_POINT ( 'NONE',  ( 1.654809703885628203, 0.8833333333333359683, -1.529809703885628425 ) ) ;
#968 = ADVANCED_FACE ( 'NONE', ( #2627 ), #2367, .F. ) ;
#969 = CARTESIAN_POINT ( 'NONE',  ( 1.654809703885628203, 1.000000000000000000, 1.619454364826300452 ) ) ;
#970 = LINE ( 'NONE', #841, #1670 ) ;
#971 = ORIENTED_EDGE ( 'NONE', *, *, #3908, .F. ) ;
#972 = DIRECTION ( 'NONE',  ( -0.0000000000000000000, -1.000000000000000000, -0.0000000000000000000 ) ) ;
#973 = CARTESIAN_POINT ( 'NONE',  ( 1.725520382004283260, 1.000000000000000000, -1.548743686707646505 ) ) ;
#974 = CARTESIAN_POINT ( 'NONE',  ( 1.904809703885628647, 0.8541666666666697383, -1.529809703885628869 ) ) ;
#975 = LINE ( 'NONE', #2158, #1447 ) ;
#976 = EDGE_LOOP ( 'NONE', ( #359, #1077, #2936, #1776 ) ) ;
#977 = DIRECTION ( 'NONE',  ( 0.0000000000000000000, 1.000000000000000000, 0.0000000000000000000 ) ) ;
#978 = EDGE_LOOP ( 'NONE', ( #3357, #3548, #2961, #3760 ) ) ;
#979 = EDGE_CURVE ( 'NONE', #2036, #2704, #2774, .T. ) ;
#980 = AXIS2_PLACEMENT_3D ( 'NONE', #2312, #2300, #2337 ) ;
#981 = B_SPLINE_CURVE_WITH_KNOTS ( 'NONE', 3,
 ( #406, #2866, #3471, #420, #2823, #78, #1339, #3126, #2524, #1013, #1600, #3165, #2193, #3153, #2219, #1900 ),
 .UNSPECIFIED., .F., .F.,
 ( 4, 2, 2, 2, 2, 2, 2, 4 ),
 ( 0.0000000000000000000, 0.1816551698039447493, 0.2724827547059170962, 0.3633103396078894987, 0.4428965471569033530, 0.5224827547059172073, 0.6816551698039448048, 1.000000000000000000 ),
 .UNSPECIFIED. ) ;
#982 = PLANE ( 'NONE',  #1372 ) ;
#983 = CARTESIAN_POINT ( 'NONE',  ( 1.404809703885633310, 0.7083333333333363679, -1.529809703885629313 ) ) ;
#984 = PRESENTATION_STYLE_ASSIGNMENT (( #1993 ) ) ;
#985 = ORIENTED_EDGE ( 'NONE', *, *, #2227, .T. ) ;
#986 = DIRECTION ( 'NONE',  ( 0.0000000000000000000, 0.0000000000000000000, -1.000000000000000000 ) ) ;
#987 = CARTESIAN_POINT ( 'NONE',  ( 1.796231060122937873, 1.000000000000000000, 1.478033008588991004 ) ) ;
#988 = CARTESIAN_POINT ( 'NONE',  ( 1.654809703885627981, 0.7666666666666595020, -1.529809703885628647 ) ) ;
#989 = ORIENTED_EDGE ( 'NONE', *, *, #2330, .F. ) ;
#990 = ADVANCED_FACE ( 'NONE', ( #1346 ), #3272, .T. ) ;
#991 = ORIENTED_EDGE ( 'NONE', *, *, #3327, .T. ) ;
#992 = VECTOR ( 'NONE', #2423, 1000.000000000000000 ) ;
#993 =( BOUNDED_SURFACE ( )  B_SPLINE_SURFACE ( 3, 3, ( 
 ( #656, #1840, #393, #378, #3102, #1564, #2798, #1868, #2496, #3691, #687, #988, #700, #3127, #948, #3114 ),
 ( #3375, #674, #3089, #1532, #3707, #2813, #1291, #1276, #3734, #65, #974, #93, #1886, #2479, #1549, #3399 ),
 ( #3722, #2206, #407, #2509, #716, #3360, #3678, #1826, #2450, #54, #2161, #365, #2779, #2465, #2540, #2840 ),
 ( #149, #3795, #1622, #1315, #1940, #2277, #3166, #3766, #3179, #752, #1611, #464, #741, #726, #1356, #2264 ),
 ( #1301, #1029, #3141, #1654, #480, #2855, #2248, #2569, #1068, #1326, #778, #1014, #3154, #450, #1951, #2554 ),
 ( #2880, #2897, #2220, #3811, #3427, #1926, #3441, #3488, #163, #1901, #3782, #138, #421, #1641, #3455, #111 ),
 ( #2867, #3472, #767, #1601, #1042, #2525, #1919, #1054, #1340, #2580, #3751, #121, #2234, #435, #3520, #513 ) ),
 .UNSPECIFIED., .T., .F., .F. ) 
 B_SPLINE_SURFACE_WITH_KNOTS ( ( 4, 3, 4 ),
 ( 4, 2, 2, 2, 2, 2, 2, 4 ),
 ( 0.0000000000000000000, 0.5000000000000000000, 1.000000000000000000 ),
 ( 0.0000000000000000000, 0.1816551698039447493, 0.2724827547059170962, 0.3633103396078894987, 0.4428965471569033530, 0.5224827547059172073, 0.6816551698039448048, 1.000000000000000000 ),
 .UNSPECIFIED. ) 
 GEOMETRIC_REPRESENTATION_ITEM ( )  RATIONAL_B_SPLINE_SURFACE ( (
 ( 1.000000000000000000, 1.000000000000000000, 1.000000000000000000, 1.000000000000000000, 1.000000000000000000, 1.000000000000000000, 1.000000000000000000, 1.000000000000000000, 1.000000000000000000, 1.000000000000000000, 1.000000000000000000, 1.000000000000000000, 1.000000000000000000, 1.000000000000000000, 1.000000000000000000, 1.000000000000000000),
 ( 0.3333333333333333703, 0.3333333333333333703, 0.3333333333333333703, 0.3333333333333333703, 0.3333333333333333703, 0.3333333333333333703, 0.3333333333333333703, 0.3333333333333333703, 0.3333333333333333703, 0.3333333333333333703, 0.3333333333333333703, 0.3333333333333333703, 0.3333333333333333703, 0.3333333333333333703, 0.3333333333333333703, 0.3333333333333333703),
 ( 0.3333333333333333703, 0.3333333333333333703, 0.3333333333333333703, 0.3333333333333333703, 0.3333333333333333703, 0.3333333333333333703, 0.3333333333333333703, 0.3333333333333333703, 0.3333333333333333703, 0.3333333333333333703, 0.3333333333333333703, 0.3333333333333333703, 0.3333333333333333703, 0.3333333333333333703, 0.3333333333333333703, 0.3333333333333333703),
 ( 1.000000000000000000, 1.000000000000000000, 1.000000000000000000, 1.000000000000000000, 1.000000000000000000, 1.000000000000000000, 1.000000000000000000, 1.000000000000000000, 1.000000000000000000, 1.000000000000000000, 1.000000000000000000, 1.000000000000000000, 1.000000000000000000, 1.000000000000000000, 1.000000000000000000, 1.000000000000000000),
 ( 0.3333333333333333703, 0.3333333333333333703, 0.3333333333333333703, 0.3333333333333333703, 0.3333333333333333703, 0.3333333333333333703, 0.3333333333333333703, 0.3333333333333333703, 0.3333333333333333703, 0.3333333333333333703, 0.3333333333333333703, 0.3333333333333333703, 0.3333333333333333703, 0.3333333333333333703, 0.3333333333333333703, 0.3333333333333333703),
 ( 0.3333333333333333703, 0.3333333333333333703, 0.3333333333333333703, 0.3333333333333333703, 0.3333333333333333703, 0.3333333333333333703, 0.3333333333333333703, 0.3333333333333333703, 0.3333333333333333703, 0.3333333333333333703, 0.3333333333333333703, 0.3333333333333333703, 0.3333333333333333703, 0.3333333333333333703, 0.3333333333333333703, 0.3333333333333333703),
 ( 1.000000000000000000, 1.000000000000000000, 1.000000000000000000, 1.000000000000000000, 1.000000000000000000, 1.000000000000000000, 1.000000000000000000, 1.000000000000000000, 1.000000000000000000, 1.000000000000000000, 1.000000000000000000, 1.000000000000000000, 1.000000000000000000, 1.000000000000000000, 1.000000000000000000, 1.000000000000000000) ) ) 
 REPRESENTATION_ITEM ( '' )  SURFACE ( )  );
#994 = AXIS2_PLACEMENT_3D ( 'NONE', #3758, #2531, #1018 ) ;
#995 = ORIENTED_EDGE ( 'NONE', *, *, #2818, .F. ) ;
#996 = PLANE ( 'NONE',  #1293 ) ;
#997 = VECTOR ( 'NONE', #3563, 1000.000000000000000 ) ;
#998 = EDGE_LOOP ( 'NONE', ( #1027, #2262, #2606, #3460 ) ) ;
#1000 = CARTESIAN_POINT ( 'NONE',  ( 1.760875721063610788, 0.3000000000000003220, -1.584099025766973368 ) ) ;
#999 = VECTOR ( 'NONE', #3195, 1000.000000000000000 ) ;
#1001 = DIRECTION ( 'NONE',  ( -0.0000000000000000000, -1.000000000000000000, -0.0000000000000000000 ) ) ;
#1002 = CARTESIAN_POINT ( 'NONE',  ( -1.800000000000000711, 1.800000000000000711, -2.000000000000001776 ) ) ;
#1003 = FACE_OUTER_BOUND ( 'NONE', #2930, .T. ) ;
#1004 = ORIENTED_EDGE ( 'NONE', *, *, #3854, .T. ) ;
#1005 = EDGE_CURVE ( 'NONE', #2905, #1451, #1299, .T. ) ;
#1006 = FACE_OUTER_BOUND ( 'NONE', #1864, .T. ) ;
#1007 = ORIENTED_EDGE ( 'NONE', *, *, #721, .T. ) ;
#1008 = DIRECTION ( 'NONE',  ( -0.0000000000000000000, -1.000000000000000000, -0.0000000000000000000 ) ) ;
#1009 = CARTESIAN_POINT ( 'NONE',  ( 1.412500000000000755, 1.342677669529664275, 1.537499999999999423 ) ) ;
#1010 = ADVANCED_FACE ( 'NONE', ( #515 ), #3155, .F. ) ;
#1011 = DIRECTION ( 'NONE',  ( -0.0000000000000000000, -1.000000000000000000, -0.0000000000000000000 ) ) ;
#1012 = DIRECTION ( 'NONE',  ( 9.637352644315592778E-16, -0.0000000000000000000, -1.000000000000000000 ) ) ;
#1013 = CARTESIAN_POINT ( 'NONE',  ( 1.654809703885628203, 0.8833333333333359683, 1.529809703885628425 ) ) ;
#1014 = CARTESIAN_POINT ( 'NONE',  ( 1.404809703885627314, 0.7666666666666595020, -1.779809703885629313 ) ) ;
#1015 = AXIS2_PLACEMENT_3D ( 'NONE', #1965, #2595, #3241 ) ;
#1016 = CARTESIAN_POINT ( 'NONE',  ( 1.584099025766973812, 1.000000000000000000, -1.548743686707645839 ) ) ;
#1017 = CARTESIAN_POINT ( 'NONE',  ( -1.900000000000000133, 0.3000000000000003220, 2.000000000000002220 ) ) ;
#1018 = DIRECTION ( 'NONE',  ( 0.0000000000000000000, 0.0000000000000000000, 1.000000000000000000 ) ) ;
#1019 = VECTOR ( 'NONE', #2279, 1000.000000000000114 ) ;
#1020 = ORIENTED_EDGE ( 'NONE', *, *, #3616, .F. ) ;
#1022 = CARTESIAN_POINT ( 'NONE',  ( 1.728494698170136123, 1.342677382284238385, 1.353494698170115251 ) ) ;
#1021 = VECTOR ( 'NONE', #3748, 1000.000000000000000 ) ;
#1023 = ORIENTED_EDGE ( 'NONE', *, *, #2349, .F. ) ;
#1024 = CARTESIAN_POINT ( 'NONE',  ( 1.690165042944956175, 0.3000000000000003220, -1.654809703885628203 ) ) ;
#1025 = CARTESIAN_POINT ( 'NONE',  ( -1.900000000000000133, 1.900000000000000355, 2.000000000000001776 ) ) ;
#1026 = VECTOR ( 'NONE', #3392, 1000.000000000000000 ) ;
#1027 = ORIENTED_EDGE ( 'NONE', *, *, #180, .T. ) ;
#1028 = CARTESIAN_POINT ( 'NONE',  ( 1.725520382004283260, 1.000000000000000000, -1.548743686707646505 ) ) ;
#1029 = CARTESIAN_POINT ( 'NONE',  ( 1.319450096823184149, 1.165900835168525607, -1.694450096823187923 ) ) ;
#1030 = CARTESIAN_POINT ( 'NONE',  ( 1.000000000000001998, 0.0000000000000000000, 1.100000000000001199 ) ) ;
#1031 = DIRECTION ( 'NONE',  ( -0.0000000000000000000, -1.000000000000000000, -0.0000000000000000000 ) ) ;
#1032 = EDGE_CURVE ( 'NONE', #1642, #1458, #2536, .T. ) ;
#1033 = ADVANCED_FACE ( 'NONE', ( #24 ), #2014, .T. ) ;
#1034 = ORIENTED_EDGE ( 'NONE', *, *, #647, .F. ) ;
#1035 = EDGE_LOOP ( 'NONE', ( #2086, #3252, #1961, #3003, #2316, #1895 ) ) ;
#1036 = DIRECTION ( 'NONE',  ( 0.0000000000000000000, -1.000000000000000000, 0.0000000000000000000 ) ) ;
#1037 = ORIENTED_EDGE ( 'NONE', *, *, #792, .T. ) ;
#1038 = EDGE_CURVE ( 'NONE', #3539, #279, #1066, .T. ) ;
#1039 = CARTESIAN_POINT ( 'NONE',  ( 1.537500000000000311, 1.165900974233026854, 1.412499999999999201 ) ) ;
#1040 = ORIENTED_EDGE ( 'NONE', *, *, #2970, .F. ) ;
#1041 = CARTESIAN_POINT ( 'NONE',  ( 1.513388347648318977, 1.000000000000000000, -1.478033008588990782 ) ) ;
#1042 = CARTESIAN_POINT ( 'NONE',  ( 1.640285940628114059, 1.082796648348378854, -1.515285940628121164 ) ) ;
#1043 = EDGE_CURVE ( 'NONE', #795, #3666, #2429, .T. ) ;
#1044 = EDGE_LOOP ( 'NONE', ( #926, #1207, #1912, #439 ) ) ;
#1045 = LINE ( 'NONE', #3477, #1879 ) ;
#1046 = ORIENTED_EDGE ( 'NONE', *, *, #863, .F. ) ;
#1047 = PLANE ( 'NONE',  #343 ) ;
#1048 = CARTESIAN_POINT ( 'NONE',  ( -0.9999999999999988898, 0.1000000000000000056, -1.100000000000001643 ) ) ;
#1049 = ADVANCED_FACE ( 'NONE', ( #705 ), #1426, .F. ) ;
#1050 = CYLINDRICAL_SURFACE ( 'NONE', #3051, 0.04999999999999991257 ) ;
#1051 = ORIENTED_EDGE ( 'NONE', *, *, #2253, .T. ) ;
#1052 = CARTESIAN_POINT ( 'NONE',  ( 0.0000000000000000000, 0.1000000000000000056, 0.0000000000000000000 ) ) ;
#1053 = DIRECTION ( 'NONE',  ( -0.0000000000000000000, -1.000000000000000000, 0.0000000000000000000 ) ) ;
#1054 = CARTESIAN_POINT ( 'NONE',  ( 1.654822926257586424, 0.9759045052352379734, -1.529822926257583093 ) ) ;
#1055 = VECTOR ( 'NONE', #2718, 1000.000000000000000 ) ;
#1056 = ORIENTED_EDGE ( 'NONE', *, *, #639, .F. ) ;
#1058 = CARTESIAN_POINT ( 'NONE',  ( -0.9999999999999988898, 0.0000000000000000000, 1.100000000000001643 ) ) ;
#1057 = VECTOR ( 'NONE', #92, 1000.000000000000000 ) ;
#1059 = DIRECTION ( 'NONE',  ( 0.7071067811865474617, 0.0000000000000000000, 0.7071067811865474617 ) ) ;
#1060 = PLANE ( 'NONE',  #3715 ) ;
#1061 = EDGE_CURVE ( 'NONE', #2574, #3814, #1906, .T. ) ;
#1062 = PRESENTATION_LAYER_ASSIGNMENT (  '', '', ( #1658 ) ) ;
#1063 = DIRECTION ( 'NONE',  ( 0.0000000000000000000, -1.000000000000000000, 0.0000000000000000000 ) ) ;
#1064 = SURFACE_SIDE_STYLE ('',( #667 ) ) ;
#1065 = AXIS2_PLACEMENT_3D ( 'NONE', #1758, #1785, #259 ) ;
#1066 = CIRCLE ( 'NONE', #3516, 0.1999999999999998723 ) ;
#1067 = DIRECTION ( 'NONE',  ( -0.0000000000000000000, 0.0000000000000000000, 1.000000000000000000 ) ) ;
#1068 = CARTESIAN_POINT ( 'NONE',  ( 1.404809703885627536, 0.9416666666666632102, -1.779809703885629091 ) ) ;
#1069 = LINE ( 'NONE', #1663, #1250 ) ;
#1070 = EDGE_LOOP ( 'NONE', ( #3721, #3468, #3219, #570 ) ) ;
#1071 = ADVANCED_FACE ( 'NONE', ( #469 ), #234, .T. ) ;
#1072 = AXIS2_PLACEMENT_3D ( 'NONE', #3941, #182, #1090 ) ;
#1073 = DIRECTION ( 'NONE',  ( -0.0000000000000000000, -1.000000000000000000, 0.0000000000000000000 ) ) ;
#1074 = DIRECTION ( 'NONE',  ( 0.7071067811865474617, 0.0000000000000000000, -0.7071067811865474617 ) ) ;
#1075 = CYLINDRICAL_SURFACE ( 'NONE', #1795, 0.09999999999999982514 ) ;
#1076 = VERTEX_POINT ( 'NONE', #533 ) ;
#1077 = ORIENTED_EDGE ( 'NONE', *, *, #1410, .F. ) ;
#1078 = CARTESIAN_POINT ( 'NONE',  ( 1.831586399182265401, 1.000000000000000000, 1.513388347648318533 ) ) ;
#1079 = ORIENTED_EDGE ( 'NONE', *, *, #2844, .T. ) ;
#1080 = FILL_AREA_STYLE ('',( #186 ) ) ;
#1081 = DIRECTION ( 'NONE',  ( 0.7071067811865517916, 0.0000000000000000000, -0.7071067811865431318 ) ) ;
#1082 = DIRECTION ( 'NONE',  ( -1.000000000000000000, 2.409338161078894743E-16, -0.0000000000000000000 ) ) ;
#1083 = CARTESIAN_POINT ( 'NONE',  ( 1.831586399182265845, 0.3000000000000003220, 1.796231060122938095 ) ) ;
#1084 = ORIENTED_EDGE ( 'NONE', *, *, #2418, .F. ) ;
#1085 = EDGE_CURVE ( 'NONE', #1801, #923, #3160, .T. ) ;
#1086 = LINE ( 'NONE', #1166, #2274 ) ;
#1087 = CARTESIAN_POINT ( 'NONE',  ( 1.654809703885626870, 0.4166666666666611341, 1.529809703885629979 ) ) ;
#1088 = ORIENTED_EDGE ( 'NONE', *, *, #1337, .T. ) ;
#1089 = CARTESIAN_POINT ( 'NONE',  ( -1.800000000000000711, 1.900000000000000355, 1.900000000000001688 ) ) ;
#1090 = DIRECTION ( 'NONE',  ( 0.7071067811865471286, 0.0000000000000000000, -0.7071067811865479058 ) ) ;
#1091 = ORIENTED_EDGE ( 'NONE', *, *, #1643, .T. ) ;
#1092 = AXIS2_PLACEMENT_3D ( 'NONE', #3459, #2544, #456 ) ;
#1093 = ORIENTED_EDGE ( 'NONE', *, *, #2586, .F. ) ;
#1094 = LINE ( 'NONE', #1002, #292 ) ;
#1095 = ADVANCED_FACE ( 'NONE', ( #1440 ), #3844, .T. ) ;
#1096 = ORIENTED_EDGE ( 'NONE', *, *, #1687, .F. ) ;
#1097 = LINE ( 'NONE', #2610, #1928 ) ;
#1098 = CARTESIAN_POINT ( 'NONE',  ( -1.999999999999999112, 2.000000000000000000, -1.900000000000001465 ) ) ;
#1099 = DIRECTION ( 'NONE',  ( -0.0000000000000000000, 0.0000000000000000000, 1.000000000000000000 ) ) ;
#1100 = AXIS2_PLACEMENT_3D ( 'NONE', #3005, #1765, #2474 ) ;
#1101 = EDGE_CURVE ( 'NONE', #3569, #1186, #1525, .T. ) ;
#1102 = VERTEX_POINT ( 'NONE', #2949 ) ;
#1103 = LINE ( 'NONE', #2470, #953 ) ;
#1104 = CARTESIAN_POINT ( 'NONE',  ( 1.895425748680500400, 1.134688765757529749, 1.770425748680494404 ) ) ;
#1105 = DIRECTION ( 'NONE',  ( 0.0000000000000000000, 0.0000000000000000000, -1.000000000000000000 ) ) ;
#1106 = CARTESIAN_POINT ( 'NONE',  ( -0.8999999999999992450, 1.800000000000000711, 2.000000000000001776 ) ) ;
#1107 = EDGE_LOOP ( 'NONE', ( #1797, #1004, #2987, #1985 ) ) ;
#1108 = FACE_OUTER_BOUND ( 'NONE', #1107, .T. ) ;
#1109 = EDGE_LOOP ( 'NONE', ( #3700, #1125, #670, #941 ) ) ;
#1110 = CARTESIAN_POINT ( 'NONE',  ( -0.9999999999999985567, 0.1000000000000000056, 2.000000000000001332 ) ) ;
#1111 = ADVANCED_FACE ( 'NONE', ( #834 ), #2354, .T. ) ;
#1112 = CARTESIAN_POINT ( 'NONE',  ( 1.000000000000001110, 0.3000000000000003220, -1.900000000000001243 ) ) ;
#1113 = PLANE ( 'NONE',  #664 ) ;
#1114 = EDGE_CURVE ( 'NONE', #3104, #3326, #1948, .T. ) ;
#1115 = CIRCLE ( 'NONE', #187, 0.1000000000000000472 ) ;
#1116 = ORIENTED_EDGE ( 'NONE', *, *, #1410, .T. ) ;
#1117 = CIRCLE ( 'NONE', #2976, 0.09999999999999982514 ) ;
#1118 = ORIENTED_EDGE ( 'NONE', *, *, #880, .T. ) ;
#1119 = CARTESIAN_POINT ( 'NONE',  ( 1.654809703885628203, 0.9416666666666630992, -1.529809703885628425 ) ) ;
#1120 = ORIENTED_EDGE ( 'NONE', *, *, #2315, .F. ) ;
#1121 = CARTESIAN_POINT ( 'NONE',  ( 1.569450096823239660, 1.165900835168539595, 1.444450096823238772 ) ) ;
#1122 = DIRECTION ( 'NONE',  ( 0.0000000000000000000, 1.000000000000000000, 0.0000000000000000000 ) ) ;
#1123 = CARTESIAN_POINT ( 'NONE',  ( 1.000000000000001110, 0.1499999999999997446, -1.850000000000001421 ) ) ;
#1124 = ORIENTED_EDGE ( 'NONE', *, *, #979, .F. ) ;
#1125 = ORIENTED_EDGE ( 'NONE', *, *, #1989, .F. ) ;
#1126 = VECTOR ( 'NONE', #3515, 1000.000000000000000 ) ;
#1127 = APPLICATION_PROTOCOL_DEFINITION ( 'draft international standard', 'automotive_design', 1998, #550 ) ;
#1128 = ORIENTED_EDGE ( 'NONE', *, *, #3556, .T. ) ;
#1129 = DIRECTION ( 'NONE',  ( 0.0000000000000000000, 0.0000000000000000000, -1.000000000000000000 ) ) ;
#1130 = CARTESIAN_POINT ( 'NONE',  ( 1.000000000000001998, 0.0000000000000000000, -1.100000000000001199 ) ) ;
#1131 = EDGE_LOOP ( 'NONE', ( #1503, #2373, #585, #2506 ) ) ;
#1132 = EDGE_CURVE ( 'NONE', #2318, #1529, #2723, .T. ) ;
#1133 = AXIS2_PLACEMENT_3D ( 'NONE', #90, #2191, #2170 ) ;
#1134 = CARTESIAN_POINT ( 'NONE',  ( 1.390285940628117389, 1.082796648348380630, 1.765285940628119832 ) ) ;
#1135 = DIRECTION ( 'NONE',  ( 0.0000000000000000000, 1.000000000000000000, 0.0000000000000000000 ) ) ;
#1136 = ORIENTED_EDGE ( 'NONE', *, *, #363, .F. ) ;
#1137 = VECTOR ( 'NONE', #509, 1000.000000000000000 ) ;
#1138 = DIRECTION ( 'NONE',  ( -0.0000000000000000000, -1.000000000000000000, 0.0000000000000000000 ) ) ;
#1139 = ORIENTED_EDGE ( 'NONE', *, *, #230, .F. ) ;
#1140 = CARTESIAN_POINT ( 'NONE',  ( 2.000000000000000000, 2.000000000000000000, 0.9500000000000000666 ) ) ;
#1141 = VECTOR ( 'NONE', #1059, 1000.000000000000114 ) ;
#1142 = ORIENTED_EDGE ( 'NONE', *, *, #1303, .T. ) ;
#1143 = CARTESIAN_POINT ( 'NONE',  ( 1.599337601876782422, 1.147511096119603780, 1.474337601876795967 ) ) ;
#1144 = ORIENTED_EDGE ( 'NONE', *, *, #832, .T. ) ;
#1145 =( NAMED_UNIT ( * ) SI_UNIT ( $, .STERADIAN. ) SOLID_ANGLE_UNIT ( ) );
#1146 = LINE ( 'NONE', #2879, #2245 ) ;
#1147 = CARTESIAN_POINT ( 'NONE',  ( 1.000000000000001332, 1.000000000000000000, 1.900000000000001465 ) ) ;
#1148 = ORIENTED_EDGE ( 'NONE', *, *, #3419, .T. ) ;
#1149 = EDGE_CURVE ( 'NONE', #2704, #3361, #3014, .T. ) ;
#1150 = CARTESIAN_POINT ( 'NONE',  ( -0.9999999999999963363, 0.1499999999999997446, -1.850000000000001421 ) ) ;
#1151 = CARTESIAN_POINT ( 'NONE',  ( 1.000000000000001110, 0.1499999999999997446, 1.850000000000001421 ) ) ;
#1152 = LINE ( 'NONE', #1497, #2878 ) ;
#1153 = CARTESIAN_POINT ( 'NONE',  ( 1.654809703885628203, 0.8833333333333359683, 1.779809703885628647 ) ) ;
#1154 = CARTESIAN_POINT ( 'NONE',  ( 1.000000000000001332, 1.000000000000000000, -1.900000000000001688 ) ) ;
#1155 = MECHANICAL_DESIGN_GEOMETRIC_PRESENTATION_REPRESENTATION (  '', ( #19 ), #237 ) ;
#1156 = FACE_OUTER_BOUND ( 'NONE', #3164, .T. ) ;
#1157 = EDGE_LOOP ( 'NONE', ( #1287, #108, #855, #899 ) ) ;
#1158 = CARTESIAN_POINT ( 'NONE',  ( 1.654809703885628203, 0.3000000000000003220, -1.419454364826300496 ) ) ;
#1159 = CARTESIAN_POINT ( 'NONE',  ( 1.731120395261636968, 1.461873615232778034, 1.606120395261641409 ) ) ;
#1160 = VERTEX_POINT ( 'NONE', #3292 ) ;
#1161 = VECTOR ( 'NONE', #425, 1000.000000000000000 ) ;
#1162 = EDGE_LOOP ( 'NONE', ( #3186, #1096, #2710, #1966 ) ) ;
#1163 = AXIS2_PLACEMENT_3D ( 'NONE', #3178, #1407, #3201 ) ;
#1164 = EDGE_CURVE ( 'NONE', #1160, #2168, #3792, .T. ) ;
#1165 = CARTESIAN_POINT ( 'NONE',  ( 1.654809703885628203, 0.3000000000000003220, -1.619454364826300452 ) ) ;
#1166 = CARTESIAN_POINT ( 'NONE',  ( -1.900000000000000133, 1.900000000000000355, -1.900000000000001688 ) ) ;
#1168 = VECTOR ( 'NONE', #811, 1000.000000000000000 ) ;
#1167 = CARTESIAN_POINT ( 'NONE',  ( 1.857092504144642442, 1.209057919321697483, -1.482092504144631784 ) ) ;
#1169 = EDGE_LOOP ( 'NONE', ( #246, #612, #3638, #1034 ) ) ;
#1170 = COLOUR_RGB ( '',0.7921568627450980005, 0.8196078431372548767, 0.9333333333333333481 ) ;
#1171 = CARTESIAN_POINT ( 'NONE',  ( 1.404808837086445106, 0.9860402411508939480, 1.529808837086442219 ) ) ;
#1172 = ORIENTED_EDGE ( 'NONE', *, *, #3004, .T. ) ;
#1173 = DIRECTION ( 'NONE',  ( -0.0000000000000000000, -1.000000000000000000, -0.0000000000000000000 ) ) ;
#1174 = ORIENTED_EDGE ( 'NONE', *, *, #2166, .F. ) ;
#1175 = ORIENTED_EDGE ( 'NONE', *, *, #2302, .T. ) ;
#1176 = CIRCLE ( 'NONE', #2473, 0.1250000000000001110 ) ;
#1177 = SURFACE_STYLE_USAGE ( .BOTH. , #1204 ) ;
#1178 = CARTESIAN_POINT ( 'NONE',  ( 1.654809703885628203, 0.3000000000000003220, 1.619454364826300452 ) ) ;
#1179 = CARTESIAN_POINT ( 'NONE',  ( 1.859334189032889384, 1.259245496154484112, -1.734334189032894047 ) ) ;
#1180 = EDGE_CURVE ( 'NONE', #2498, #423, #125, .T. ) ;
#1181 = AXIS2_PLACEMENT_3D ( 'NONE', #1123, #584, #2989 ) ;
#1182 = VECTOR ( 'NONE', #3830, 1000.000000000000000 ) ;
#1183 = CARTESIAN_POINT ( 'NONE',  ( 1.404809703885626426, 0.4166666666666610785, 1.529809703885630201 ) ) ;
#1184 = DIRECTION ( 'NONE',  ( -1.000000000000000000, -0.0000000000000000000, -0.0000000000000000000 ) ) ;
#1185 = DIRECTION ( 'NONE',  ( 0.0000000000000000000, 0.0000000000000000000, 1.000000000000000000 ) ) ;
#1186 = VERTEX_POINT ( 'NONE', #3608 ) ;
#1187 = CARTESIAN_POINT ( 'NONE',  ( 1.760875721063610788, 1.000000000000000000, -1.584099025766973368 ) ) ;
#1188 = LINE ( 'NONE', #610, #3474 ) ;
#1189 = ORIENTED_EDGE ( 'NONE', *, *, #815, .F. ) ;
#1190 = EDGE_CURVE ( 'NONE', #773, #2933, #1796, .T. ) ;
#1191 = CARTESIAN_POINT ( 'NONE',  ( 1.640285940628114059, 1.082796648348378854, 1.515285940628121164 ) ) ;
#1192 = VECTOR ( 'NONE', #3776, 1000.000000000000000 ) ;
#1193 = EDGE_LOOP ( 'NONE', ( #849, #3259, #2287, #2241 ) ) ;
#1194 = CARTESIAN_POINT ( 'NONE',  ( 1.904809703885615546, 0.5333333333333255544, -1.529809703885629313 ) ) ;
#1195 = PRESENTATION_LAYER_ASSIGNMENT (  '', '', ( #3182 ) ) ;
#1196 = CARTESIAN_POINT ( 'NONE',  ( -0.9999999999999988898, 0.1000000000000000056, 1.100000000000001643 ) ) ;
#1197 = CARTESIAN_POINT ( 'NONE',  ( -1.049999999999999156, 0.1499999999999997446, -1.080487804878050184 ) ) ;
#1198 = CYLINDRICAL_SURFACE ( 'NONE', #3176, 0.1000000000000002554 ) ;
#1199 = PLANE ( 'NONE',  #1342 ) ;
#1200 = CARTESIAN_POINT ( 'NONE',  ( 1.478494698170095489, 1.342677382284284349, 1.603494698170093713 ) ) ;
#1201 = LINE ( 'NONE', #8, #649 ) ;
#1202 = EDGE_CURVE ( 'NONE', #2456, #3361, #607, .T. ) ;
#1203 = VERTEX_POINT ( 'NONE', #1771 ) ;
#1204 = SURFACE_SIDE_STYLE ('',( #2817 ) ) ;
#1205 = CARTESIAN_POINT ( 'NONE',  ( 1.904809703885628647, 0.9416666666666632102, -1.779809703885629091 ) ) ;
#1206 = LINE ( 'NONE', #3346, #3297 ) ;
#1207 = ORIENTED_EDGE ( 'NONE', *, *, #2512, .F. ) ;
#1208 = CARTESIAN_POINT ( 'NONE',  ( 1.654809703885429251, 0.2999999999999999334, -1.779809703885630423 ) ) ;
#1209 = AXIS2_PLACEMENT_3D ( 'NONE', #380, #96, #3726 ) ;
#1210 = SURFACE_STYLE_FILL_AREA ( #1999 ) ;
#1211 = EDGE_LOOP ( 'NONE', ( #3479, #2033, #2442, #89 ) ) ;
#1212 = CARTESIAN_POINT ( 'NONE',  ( 1.654809703885628203, 1.000000000000000000, 1.619454364826300452 ) ) ;
#1213 = CARTESIAN_POINT ( 'NONE',  ( 1.540228998569211694, 1.304692355676198012, 1.665228998569217467 ) ) ;
#1214 = CARTESIAN_POINT ( 'NONE',  ( 1.796231060122937651, 1.000000000000000000, -1.478033008588991226 ) ) ;
#1215 = AXIS2_PLACEMENT_3D ( 'NONE', #1893, #141, #2516 ) ;
#1216 = EDGE_LOOP ( 'NONE', ( #2630, #1584, #2994, #303, #3589, #1890 ) ) ;
#1217 = CARTESIAN_POINT ( 'NONE',  ( 1.654809703885614880, 0.5333333333333255544, -1.779809703885629313 ) ) ;
#1218 = ORIENTED_EDGE ( 'NONE', *, *, #3170, .F. ) ;
#1219 = PLANE ( 'NONE',  #3665 ) ;
#1220 = CARTESIAN_POINT ( 'NONE',  ( 1.831586399182265401, 0.3000000000000003220, 1.513388347648318533 ) ) ;
#1221 = CARTESIAN_POINT ( 'NONE',  ( 1.760875721063611010, 1.000000000000000000, -1.725520382004283482 ) ) ;
#1222 = ORIENTED_EDGE ( 'NONE', *, *, #2288, .T. ) ;
#1223 = DIRECTION ( 'NONE',  ( 1.000000000000000000, 0.0000000000000000000, 2.168404344971008128E-16 ) ) ;
#1224 = ADVANCED_FACE ( 'NONE', ( #2096 ), #3913, .F. ) ;
#1225 = ORIENTED_EDGE ( 'NONE', *, *, #2942, .T. ) ;
#1226 = CARTESIAN_POINT ( 'NONE',  ( 1.404809703885627536, 0.8833333333333360793, 1.529809703885628647 ) ) ;
#1227 = LINE ( 'NONE', #1318, #2751 ) ;
#1228 = EDGE_CURVE ( 'NONE', #2889, #1273, #1152, .T. ) ;
#1229 = VERTEX_POINT ( 'NONE', #619 ) ;
#1230 = VECTOR ( 'NONE', #3204, 1000.000000000000000 ) ;
#1231 = CARTESIAN_POINT ( 'NONE',  ( 1.405761816425728172, 0.9945722244453273353, -1.530761816425733945 ) ) ;
#1232 = EDGE_CURVE ( 'NONE', #3827, #3350, #2829, .T. ) ;
#1234 = DIRECTION ( 'NONE',  ( -0.0000000000000000000, 1.000000000000000000, 0.0000000000000000000 ) ) ;
#1233 = LINE ( 'NONE', #2773, #2184 ) ;
#1235 = VERTEX_POINT ( 'NONE', #1484 ) ;
#1236 = DIRECTION ( 'NONE',  ( -1.000000000000000000, -1.141265444721583511E-16, -0.0000000000000000000 ) ) ;
#1237 = CARTESIAN_POINT ( 'NONE',  ( 1.584099025766973812, 0.3000000000000003220, -1.548743686707645839 ) ) ;
#1238 = CARTESIAN_POINT ( 'NONE',  ( 1.690165042944956175, 1.000000000000000000, 1.654809703885628203 ) ) ;
#1239 = FACE_OUTER_BOUND ( 'NONE', #1157, .T. ) ;
#1240 = EDGE_CURVE ( 'NONE', #754, #2639, #1201, .T. ) ;
#1241 = CARTESIAN_POINT ( 'NONE',  ( 1.404809703885626426, 0.2999999999999998779, 1.529809703885630201 ) ) ;
#1242 = LINE ( 'NONE', #2594, #2966 ) ;
#1243 = CARTESIAN_POINT ( 'NONE',  ( 1.631708315529723619, 1.101211475303320420, -1.506708315529715625 ) ) ;
#1244 = ADVANCED_FACE ( 'NONE', ( #2969 ), #1902, .F. ) ;
#1245 = CARTESIAN_POINT ( 'NONE',  ( 1.475000000000000311, 0.05000000000000000278, -1.474999999999999867 ) ) ;
#1246 = DIRECTION ( 'NONE',  ( -0.0000000000000000000, -1.000000000000000000, 0.0000000000000000000 ) ) ;
#1247 = LINE ( 'NONE', #3904, #2252 ) ;
#1248 = DIRECTION ( 'NONE',  ( -0.0000000000000000000, 1.000000000000000000, -0.0000000000000000000 ) ) ;
#1249 = DIRECTION ( 'NONE',  ( 0.7071067811865432429, 0.0000000000000000000, 0.7071067811865519026 ) ) ;
#1250 = VECTOR ( 'NONE', #1620, 1000.000000000000000 ) ;
#1251 = ORIENTED_EDGE ( 'NONE', *, *, #157, .T. ) ;
#1252 = EDGE_CURVE ( 'NONE', #3860, #1671, #2204, .T. ) ;
#1253 = MECHANICAL_DESIGN_GEOMETRIC_PRESENTATION_REPRESENTATION (  '', ( #1658 ), #2845 ) ;
#1254 = ORIENTED_EDGE ( 'NONE', *, *, #3203, .T. ) ;
#1255 = B_SPLINE_CURVE_WITH_KNOTS ( 'NONE', 3,
 ( #1009, #1298, #130, #2548, #2242, #117, #709, #105, #723, #3466, #2214, #1632, #3149, #414, #2863, #3137 ),
 .UNSPECIFIED., .F., .F.,
 ( 4, 2, 2, 2, 2, 2, 2, 4 ),
 ( 0.0000000000000000000, 0.1816551698039447493, 0.2724827547059170962, 0.3633103396078894987, 0.4428965471569033530, 0.5224827547059172073, 0.6816551698039448048, 1.000000000000000000 ),
 .UNSPECIFIED. ) ;
#1256 = CARTESIAN_POINT ( 'NONE',  ( 1.191421356237308604, 1.000000000000000000, 1.941421356237311047 ) ) ;
#1258 = CARTESIAN_POINT ( 'NONE',  ( 1.404809703885614436, 0.5333333333333255544, -1.529809703885629313 ) ) ;
#1257 = CIRCLE ( 'NONE', #1092, 0.2000000000000000944 ) ;
#1259 = ORIENTED_EDGE ( 'NONE', *, *, #3546, .F. ) ;
#1260 = CARTESIAN_POINT ( 'NONE',  ( 1.049999999999998934, 0.1499999999999997446, -1.900000000000001465 ) ) ;
#1261 = VERTEX_POINT ( 'NONE', #901 ) ;
#1262 = CARTESIAN_POINT ( 'NONE',  ( -1.800000000000000711, 1.900000000000000355, -1.900000000000001688 ) ) ;
#1263 = FILL_AREA_STYLE ('',( #2178 ) ) ;
#1264 = VECTOR ( 'NONE', #1011, 1000.000000000000000 ) ;
#1265 = ADVANCED_FACE ( 'NONE', ( #2341 ), #268, .T. ) ;
#1266 = EDGE_LOOP ( 'NONE', ( #1579, #3044, #1921, #1983 ) ) ;
#1267 = DIRECTION ( 'NONE',  ( 1.000000000000000000, 0.0000000000000000000, -2.168404344971008128E-16 ) ) ;
#1268 = AXIS2_PLACEMENT_3D ( 'NONE', #1628, #3169, #99 ) ;
#1269 = VECTOR ( 'NONE', #251, 999.9999999999998863 ) ;
#1270 = ORIENTED_EDGE ( 'NONE', *, *, #2315, .T. ) ;
#1271 = CARTESIAN_POINT ( 'NONE',  ( 1.000000000000001110, 1.900000000000000577, 1.900000000000001688 ) ) ;
#1272 = ORIENTED_EDGE ( 'NONE', *, *, #328, .F. ) ;
#1273 = VERTEX_POINT ( 'NONE', #2680 ) ;
#1274 = DIRECTION ( 'NONE',  ( -0.0000000000000000000, -1.000000000000000000, -0.0000000000000000000 ) ) ;
#1275 = DIRECTION ( 'NONE',  ( 0.0000000000000000000, -1.000000000000000000, 0.0000000000000000000 ) ) ;
#1276 = CARTESIAN_POINT ( 'NONE',  ( 1.904837015428727742, 0.9657687693195823320, -1.529837015428723968 ) ) ;
#1277 = ORIENTED_EDGE ( 'NONE', *, *, #3568, .T. ) ;
#1278 = CYLINDRICAL_SURFACE ( 'NONE', #2858, 0.1000000000000002554 ) ;
#1279 = DIRECTION ( 'NONE',  ( -0.0000000000000000000, -1.000000000000000000, 0.0000000000000000000 ) ) ;
#1280 = EDGE_CURVE ( 'NONE', #1102, #408, #3385, .T. ) ;
#1281 = FACE_OUTER_BOUND ( 'NONE', #1597, .T. ) ;
#1282 = ORIENTED_EDGE ( 'NONE', *, *, #1442, .F. ) ;
#1283 = DIRECTION ( 'NONE',  ( 0.0000000000000000000, 0.0000000000000000000, -1.000000000000000000 ) ) ;
#1284 = CARTESIAN_POINT ( 'NONE',  ( 1.404794613882617726, 1.027498930579821446, -1.779794613882621945 ) ) ;
#1285 = ADVANCED_FACE ( 'NONE', ( #173 ), #1198, .F. ) ;
#1286 = LINE ( 'NONE', #3108, #2814 ) ;
#1287 = ORIENTED_EDGE ( 'NONE', *, *, #952, .T. ) ;
#1288 = DIRECTION ( 'NONE',  ( -1.000000000000000000, 0.0000000000000000000, 0.0000000000000000000 ) ) ;
#1289 = CARTESIAN_POINT ( 'NONE',  ( 1.796231060122937873, 1.000000000000000000, 1.478033008588991004 ) ) ;
#1290 = CARTESIAN_POINT ( 'NONE',  ( -0.9999999999999988898, 0.1000000000000000056, 1.100000000000001643 ) ) ;
#1291 = CARTESIAN_POINT ( 'NONE',  ( 1.904778534646937915, 1.039066316974707638, -1.529778534646940580 ) ) ;
#1292 = FACE_OUTER_BOUND ( 'NONE', #3675, .T. ) ;
#1293 = AXIS2_PLACEMENT_3D ( 'NONE', #345, #61, #681 ) ;
#1294 = EDGE_CURVE ( 'NONE', #795, #2527, #2382, .T. ) ;
#1295 = CARTESIAN_POINT ( 'NONE',  ( 1.796231060122937873, 0.3000000000000003220, -1.478033008588991004 ) ) ;
#1296 = DIRECTION ( 'NONE',  ( 0.0000000000000000000, -1.000000000000000000, 0.0000000000000000000 ) ) ;
#1297 = DIRECTION ( 'NONE',  ( -0.0000000000000000000, -1.000000000000000000, 0.0000000000000000000 ) ) ;
#1298 = CARTESIAN_POINT ( 'NONE',  ( 1.478494698170095489, 1.342677382284284349, 1.603494698170093713 ) ) ;
#1299 = LINE ( 'NONE', #466, #3248 ) ;
#1300 = EDGE_LOOP ( 'NONE', ( #2640, #2846, #1646, #690 ) ) ;
#1301 = CARTESIAN_POINT ( 'NONE',  ( 1.287500000000000755, 1.165900974233027965, -1.662500000000000977 ) ) ;
#1302 = LINE ( 'NONE', #2859, #759 ) ;
#1303 = EDGE_CURVE ( 'NONE', #2547, #3192, #2093, .T. ) ;
#1304 = ORIENTED_EDGE ( 'NONE', *, *, #3892, .T. ) ;
#1305 = ADVANCED_FACE ( 'NONE', ( #3735 ), #3677, .T. ) ;
#1306 = CARTESIAN_POINT ( 'NONE',  ( -1.049999999999999156, 0.1499999999999997446, -1.900000000000001465 ) ) ;
#1307 = VERTEX_POINT ( 'NONE', #3706 ) ;
#1308 = ORIENTED_EDGE ( 'NONE', *, *, #2380, .F. ) ;
#1309 = EDGE_CURVE ( 'NONE', #1761, #1996, #2000, .T. ) ;
#1310 = CARTESIAN_POINT ( 'NONE',  ( -1.900000000000000133, 0.3000000000000003220, -2.000000000000002220 ) ) ;
#1311 = CLOSED_SHELL ( 'NONE', ( #209, #3752, #409, #3549, #510, #2563, #1265, #3216, #1389, #1537, #1305, #1111, #1863, #1341, #3457, #801, #348, #2764, #2601, #2304, #2783, #786, #2543, #493, #3236, #2222, #1322, #2582, #1244, #144, #821, #770, #40, #453, #1913, #3122, #2635, #106, #1595, #3482, #2285, #2320, #3435, #2476, #1033, #62, #990, #3798, #2519, #1423 ) ) ;
#1312 = CARTESIAN_POINT ( 'NONE',  ( 1.690165042944956175, 1.000000000000000000, -1.654809703885628203 ) ) ;
#1313 = LINE ( 'NONE', #589, #2113 ) ;
#1314 = CARTESIAN_POINT ( 'NONE',  ( 1.191421356237308604, 1.000000000000000000, 1.941421356237311047 ) ) ;
#1315 = CARTESIAN_POINT ( 'NONE',  ( 1.607092504144639555, 1.209057919321694152, -1.732092504144634448 ) ) ;
#1316 = ORIENTED_EDGE ( 'NONE', *, *, #167, .F. ) ;
#1317 = ORIENTED_EDGE ( 'NONE', *, *, #70, .F. ) ;
#1318 = CARTESIAN_POINT ( 'NONE',  ( -0.9999999999999985567, 0.1499999999999997446, -1.900000000000001243 ) ) ;
#1319 = ORIENTED_EDGE ( 'NONE', *, *, #1438, .T. ) ;
#1320 = FACE_OUTER_BOUND ( 'NONE', #404, .T. ) ;
#1321 = DIRECTION ( 'NONE',  ( 1.000000000000000000, 0.0000000000000000000, 2.940209281316623481E-16 ) ) ;
#1322 = ADVANCED_FACE ( 'NONE', ( #3921 ), #3728, .T. ) ;
#1323 = DIRECTION ( 'NONE',  ( 1.000000000000000000, 0.0000000000000000000, -4.336808689942015369E-15 ) ) ;
#1324 = ORIENTED_EDGE ( 'NONE', *, *, #1820, .T. ) ;
#1325 = DIRECTION ( 'NONE',  ( -1.000000000000000000, -0.0000000000000000000, 0.0000000000000000000 ) ) ;
#1326 = CARTESIAN_POINT ( 'NONE',  ( 1.404809703885627536, 0.8833333333333360793, -1.779809703885629091 ) ) ;
#1327 = VERTEX_POINT ( 'NONE', #961 ) ;
#1328 = CARTESIAN_POINT ( 'NONE',  ( 1.049999999999998934, 0.0000000000000000000, 1.900000000000001465 ) ) ;
#1329 = DIRECTION ( 'NONE',  ( -1.000000000000000000, 0.0000000000000000000, 9.637352644315592778E-16 ) ) ;
#1330 = CARTESIAN_POINT ( 'NONE',  ( -1.900000000000000133, 1.900000000000000355, -1.900000000000001688 ) ) ;
#1331 = EDGE_CURVE ( 'NONE', #1718, #1834, #598, .T. ) ;
#1332 = LINE ( 'NONE', #3543, #2922 ) ;
#1333 = ORIENTED_EDGE ( 'NONE', *, *, #890, .F. ) ;
#1334 = CARTESIAN_POINT ( 'NONE',  ( 1.654809703885627981, 0.7666666666666595020, 1.529809703885628647 ) ) ;
#1335 = CARTESIAN_POINT ( 'NONE',  ( 1.831586399182265845, 1.000000000000000000, 1.796231060122938095 ) ) ;
#1336 = LINE ( 'NONE', #3849, #14 ) ;
#1337 = EDGE_CURVE ( 'NONE', #1458, #423, #2293, .T. ) ;
#1338 = CARTESIAN_POINT ( 'NONE',  ( 1.049999999999998934, 0.3000000000000003220, -1.800000000000001155 ) ) ;
#1339 = CARTESIAN_POINT ( 'NONE',  ( 1.654794613882616172, 1.027498930579819669, 1.529794613882619725 ) ) ;
#1340 = CARTESIAN_POINT ( 'NONE',  ( 1.654809703885628203, 0.9416666666666630992, -1.529809703885628425 ) ) ;
#1341 = ADVANCED_FACE ( 'NONE', ( #2139 ), #3690, .T. ) ;
#1342 = AXIS2_PLACEMENT_3D ( 'NONE', #2425, #2091, #1223 ) ;
#1343 = DIRECTION ( 'NONE',  ( 1.000000000000000000, 0.0000000000000000000, 2.940209281316622988E-16 ) ) ;
#1344 = CARTESIAN_POINT ( 'NONE',  ( 1.000000000000001998, 0.1000000000000000056, -1.100000000000001199 ) ) ;
#1345 = CARTESIAN_POINT ( 'NONE',  ( 1.725520382004283260, 0.3000000000000003220, 1.548743686707646505 ) ) ;
#1346 = FACE_OUTER_BOUND ( 'NONE', #3438, .T. ) ;
#1348 = CARTESIAN_POINT ( 'NONE',  ( 1.904837015428727742, 0.9657687693195823320, 1.529837015428723968 ) ) ;
#1347 = VECTOR ( 'NONE', #2422, 1000.000000000000000 ) ;
#1349 = ORIENTED_EDGE ( 'NONE', *, *, #1606, .F. ) ;
#1350 = CARTESIAN_POINT ( 'NONE',  ( 1.412500000000000755, 1.342677669529664275, -1.537499999999999423 ) ) ;
#1351 = CARTESIAN_POINT ( 'NONE',  ( 1.049999999999998934, 0.1499999999999997446, 1.900000000000001465 ) ) ;
#1352 = ORIENTED_EDGE ( 'NONE', *, *, #2140, .T. ) ;
#1353 = PLANE ( 'NONE',  #2145 ) ;
#1354 = ORIENTED_EDGE ( 'NONE', *, *, #2060, .T. ) ;
#1355 = PLANE ( 'NONE',  #222 ) ;
#1356 = CARTESIAN_POINT ( 'NONE',  ( 1.654809703885626870, 0.4166666666666611341, -1.779809703885630201 ) ) ;
#1357 = EDGE_CURVE ( 'NONE', #2946, #595, #1841, .T. ) ;
#1358 = ORIENTED_EDGE ( 'NONE', *, *, #236, .F. ) ;
#1359 = DIRECTION ( 'NONE',  ( 2.409338161078894743E-16, 1.000000000000000000, -0.0000000000000000000 ) ) ;
#1360 = DIRECTION ( 'NONE',  ( -0.7071067811865464625, 0.0000000000000000000, 0.7071067811865486830 ) ) ;
#1361 = DIRECTION ( 'NONE',  ( 0.0000000000000000000, 0.0000000000000000000, 1.000000000000000000 ) ) ;
#1362 = LINE ( 'NONE', #1967, #573 ) ;
#1363 = ORIENTED_EDGE ( 'NONE', *, *, #2446, .F. ) ;
#1364 = AXIS2_PLACEMENT_3D ( 'NONE', #3952, #6, #3634 ) ;
#1365 = ADVANCED_FACE ( 'NONE', ( #1476 ), #2478, .F. ) ;
#1366 = PLANE ( 'NONE',  #3381 ) ;
#1367 = LINE ( 'NONE', #697, #487 ) ;
#1368 = DIRECTION ( 'NONE',  ( 0.0000000000000000000, 0.0000000000000000000, 1.000000000000000000 ) ) ;
#1369 = ORIENTED_EDGE ( 'NONE', *, *, #208, .T. ) ;
#1370 = DIRECTION ( 'NONE',  ( -0.0000000000000000000, -1.000000000000000000, -0.0000000000000000000 ) ) ;
#1371 =( NAMED_UNIT ( * ) PLANE_ANGLE_UNIT ( ) SI_UNIT ( $, .RADIAN. ) );
#1372 = AXIS2_PLACEMENT_3D ( 'NONE', #3701, #2762, #2775 ) ;
#1373 = EDGE_CURVE ( 'NONE', #3249, #2318, #168, .T. ) ;
#1374 = EDGE_LOOP ( 'NONE', ( #3015, #3038, #1659, #1684 ) ) ;
#1375 = ORIENTED_EDGE ( 'NONE', *, *, #1631, .T. ) ;
#1376 = LINE ( 'NONE', #2644, #586 ) ;
#1377 = CARTESIAN_POINT ( 'NONE',  ( 1.904809703885628647, 0.9416666666666632102, 1.529809703885628647 ) ) ;
#1378 = DIRECTION ( 'NONE',  ( 0.7071067811865431318, 0.0000000000000000000, -0.7071067811865517916 ) ) ;
#1379 = CARTESIAN_POINT ( 'NONE',  ( 1.000000000000001332, 1.000000000000000000, -1.900000000000001465 ) ) ;
#1380 = CARTESIAN_POINT ( 'NONE',  ( 2.000000000000000000, 0.05000000000000000278, -1.900000000000001465 ) ) ;
#1381 = VECTOR ( 'NONE', #2921, 1000.000000000000000 ) ;
#1382 = PRESENTATION_STYLE_ASSIGNMENT (( #1553 ) ) ;
#1383 = ORIENTED_EDGE ( 'NONE', *, *, #1132, .F. ) ;
#1384 = DIRECTION ( 'NONE',  ( 0.7071067811865479058, -0.0000000000000000000, 0.7071067811865471286 ) ) ;
#1385 = DIRECTION ( 'NONE',  ( 0.7071067811865486830, 0.0000000000000000000, -0.7071067811865464625 ) ) ;
#1386 = CARTESIAN_POINT ( 'NONE',  ( 1.191421356237308604, 1.000000000000000000, -1.941421356237311047 ) ) ;
#1387 = VECTOR ( 'NONE', #1297, 1000.000000000000000 ) ;
#1388 = EDGE_LOOP ( 'NONE', ( #1662, #2004, #1452, #3905 ) ) ;
#1389 = ADVANCED_FACE ( 'NONE', ( #118 ), #655, .T. ) ;
#1390 = CARTESIAN_POINT ( 'NONE',  ( 1.904809703885628647, 0.8833333333333360793, 1.529809703885628647 ) ) ;
#1391 = ORIENTED_EDGE ( 'NONE', *, *, #1459, .T. ) ;
#1392 = EDGE_CURVE ( 'NONE', #1203, #1499, #2338, .T. ) ;
#1393 = STYLED_ITEM ( 'NONE', ( #2907 ), #3230 ) ;
#1394 = PLANE ( 'NONE',  #3545 ) ;
#1395 = CARTESIAN_POINT ( 'NONE',  ( 1.000000000000001110, 0.1499999999999997446, 1.850000000000001421 ) ) ;
#1396 = DIRECTION ( 'NONE',  ( 9.637352644315592778E-16, -0.0000000000000000000, -1.000000000000000000 ) ) ;
#1397 = VECTOR ( 'NONE', #2040, 1000.000000000000000 ) ;
#1398 = ORIENTED_EDGE ( 'NONE', *, *, #2441, .F. ) ;
#1399 = AXIS2_PLACEMENT_3D ( 'NONE', #3047, #643, #3636 ) ;
#1400 = CARTESIAN_POINT ( 'NONE',  ( 1.904809703885615546, 0.5333333333333255544, 1.529809703885629313 ) ) ;
#1401 = CARTESIAN_POINT ( 'NONE',  ( 1.796231060122937651, 0.3000000000000003220, 1.478033008588991226 ) ) ;
#1402 = FACE_OUTER_BOUND ( 'NONE', #1169, .T. ) ;
#1403 = VERTEX_POINT ( 'NONE', #2778 ) ;
#1404 = UNCERTAINTY_MEASURE_WITH_UNIT (LENGTH_MEASURE( 1.000000000000000082E-05 ), #3183, 'distance_accuracy_value', 'NONE');
#1405 = ADVANCED_FACE ( 'NONE', ( #694 ), #673, .T. ) ;
#1406 = FACE_OUTER_BOUND ( 'NONE', #733, .T. ) ;
#1407 = DIRECTION ( 'NONE',  ( 0.0000000000000000000, 1.000000000000000000, 0.0000000000000000000 ) ) ;
#1408 = SURFACE_SIDE_STYLE ('',( #3463 ) ) ;
#1409 = ORIENTED_EDGE ( 'NONE', *, *, #3063, .F. ) ;
#1410 = EDGE_CURVE ( 'NONE', #3814, #339, #3052, .T. ) ;
#1411 = FACE_OUTER_BOUND ( 'NONE', #3331, .T. ) ;
#1412 = CARTESIAN_POINT ( 'NONE',  ( 1.904809703885634198, 0.7083333333333363679, 1.779809703885629757 ) ) ;
#1413 = ORIENTED_EDGE ( 'NONE', *, *, #3078, .F. ) ;
#1414 = DIRECTION ( 'NONE',  ( 0.0000000000000000000, 0.0000000000000000000, 1.000000000000000000 ) ) ;
#1415 = DIRECTION ( 'NONE',  ( -2.409338161078897208E-16, 1.000000000000000000, 0.0000000000000000000 ) ) ;
#1416 = AXIS2_PLACEMENT_3D ( 'NONE', #42, #1552, #1843 ) ;
#1417 = ORIENTED_EDGE ( 'NONE', *, *, #1882, .F. ) ;
#1418 = EDGE_LOOP ( 'NONE', ( #635, #2687, #985, #1446 ) ) ;
#1419 = CYLINDRICAL_SURFACE ( 'NONE', #1614, 0.1499999999999999667 ) ;
#1420 = CARTESIAN_POINT ( 'NONE',  ( 1.654809703885429251, 0.2999999999999999334, -1.779809703885630423 ) ) ;
#1421 = AXIS2_PLACEMENT_3D ( 'NONE', #1344, #1329, #3461 ) ;
#1422 = ORIENTED_EDGE ( 'NONE', *, *, #1903, .T. ) ;
#1423 = ADVANCED_FACE ( 'NONE', ( #830 ), #2233, .T. ) ;
#1424 = VECTOR ( 'NONE', #3362, 1000.000000000000000 ) ;
#1425 = CARTESIAN_POINT ( 'NONE',  ( 1.904809703885628647, 0.9416666666666632102, 1.779809703885629091 ) ) ;
#1426 = PLANE ( 'NONE',  #2357 ) ;
#1427 = DIRECTION ( 'NONE',  ( 1.000000000000000000, -0.0000000000000000000, -0.0000000000000000000 ) ) ;
#1428 = LINE ( 'NONE', #2534, #1192 ) ;
#1429 = VERTEX_POINT ( 'NONE', #3412 ) ;
#1430 = DIRECTION ( 'NONE',  ( 4.818676322157799347E-16, 0.0000000000000000000, 1.000000000000000000 ) ) ;
#1431 = LINE ( 'NONE', #2043, #3783 ) ;
#1432 = EDGE_CURVE ( 'NONE', #2168, #2639, #2039, .T. ) ;
#1433 = DIRECTION ( 'NONE',  ( -0.7071067811865474617, 0.0000000000000000000, 0.7071067811865476838 ) ) ;
#1434 = CARTESIAN_POINT ( 'NONE',  ( 1.760875721063610788, 1.000000000000000000, 1.584099025766973368 ) ) ;
#1435 = CARTESIAN_POINT ( 'NONE',  ( 2.000000000000000000, 0.05000000000000000278, -0.9500000000000000666 ) ) ;
#1436 = CARTESIAN_POINT ( 'NONE',  ( 1.404809703885626426, 0.4166666666666610785, 1.779809703885630423 ) ) ;
#1437 = DIRECTION ( 'NONE',  ( -1.000000000000000000, -0.0000000000000000000, -0.0000000000000000000 ) ) ;
#1438 = EDGE_CURVE ( 'NONE', #1307, #486, #261, .T. ) ;
#1439 = CARTESIAN_POINT ( 'NONE',  ( 1.557106781186547995, 1.000000000000000000, 1.929289321881346719 ) ) ;
#1440 = FACE_OUTER_BOUND ( 'NONE', #2577, .T. ) ;
#1441 = STYLED_ITEM ( 'NONE', ( #3428 ), #1818 ) ;
#1442 = EDGE_CURVE ( 'NONE', #3579, #279, #2770, .T. ) ;
#1443 = FACE_OUTER_BOUND ( 'NONE', #1723, .T. ) ;
#1444 = ORIENTED_EDGE ( 'NONE', *, *, #548, .F. ) ;
#1445 = CARTESIAN_POINT ( 'NONE',  ( 1.049999999999998934, 1.000000000000000000, -1.900000000000001465 ) ) ;
#1446 = ORIENTED_EDGE ( 'NONE', *, *, #2818, .T. ) ;
#1447 = VECTOR ( 'NONE', #3372, 1000.000000000000000 ) ;
#1448 = ORIENTED_EDGE ( 'NONE', *, *, #216, .F. ) ;
#1449 = CARTESIAN_POINT ( 'NONE',  ( 1.408446205184361144, 0.9903298365630175404, 1.533446205184372024 ) ) ;
#1450 = PLANE ( 'NONE',  #1181 ) ;
#1451 = VERTEX_POINT ( 'NONE', #3113 ) ;
#1452 = ORIENTED_EDGE ( 'NONE', *, *, #3686, .F. ) ;
#1453 = DIRECTION ( 'NONE',  ( 0.0000000000000000000, 0.0000000000000000000, 1.000000000000000000 ) ) ;
#1454 = VERTEX_POINT ( 'NONE', #1918 ) ;
#1455 = CARTESIAN_POINT ( 'NONE',  ( 1.000000000000001110, 0.1499999999999997446, 1.900000000000001243 ) ) ;
#1456 = CARTESIAN_POINT ( 'NONE',  ( 1.049999999999998934, 0.0000000000000000000, -1.900000000000001465 ) ) ;
#1457 = LINE ( 'NONE', #1130, #1683 ) ;
#1458 = VERTEX_POINT ( 'NONE', #137 ) ;
#1459 = EDGE_CURVE ( 'NONE', #2376, #1642, #3334, .T. ) ;
#1460 = AXIS2_PLACEMENT_3D ( 'NONE', #2412, #2119, #1185 ) ;
#1461 = CARTESIAN_POINT ( 'NONE',  ( 1.401812698920214428, 1.043016285876986915, 1.776812698920213096 ) ) ;
#1462 = DIRECTION ( 'NONE',  ( 0.0000000000000000000, -0.0000000000000000000, -1.000000000000000000 ) ) ;
#1463 = VERTEX_POINT ( 'NONE', #699 ) ;
#1464 = VECTOR ( 'NONE', #2399, 999.9999999999998863 ) ;
#1465 = CARTESIAN_POINT ( 'NONE',  ( -1.049999999999999156, 0.1499999999999997446, -1.900000000000001465 ) ) ;
#1466 = LINE ( 'NONE', #3524, #682 ) ;
#1467 = DIRECTION ( 'NONE',  ( 0.0000000000000000000, -1.000000000000000000, 0.0000000000000000000 ) ) ;
#1468 = PRESENTATION_STYLE_ASSIGNMENT (( #1987 ) ) ;
#1469 = CARTESIAN_POINT ( 'NONE',  ( 1.832476692759556602, 1.316904363340075212, -1.707476692759550385 ) ) ;
#1470 = AXIS2_PLACEMENT_3D ( 'NONE', #2138, #2440, #1799 ) ;
#1471 = VERTEX_POINT ( 'NONE', #449 ) ;
#1473 = CARTESIAN_POINT ( 'NONE',  ( 1.654809703885626870, 0.4166666666666611341, 1.529809703885629979 ) ) ;
#1472 = FACE_OUTER_BOUND ( 'NONE', #1216, .T. ) ;
#1474 = ORIENTED_EDGE ( 'NONE', *, *, #3632, .F. ) ;
#1475 = DIRECTION ( 'NONE',  ( -0.0000000000000000000, 1.000000000000000000, -0.0000000000000000000 ) ) ;
#1476 = FACE_OUTER_BOUND ( 'NONE', #1546, .T. ) ;
#1477 = DIRECTION ( 'NONE',  ( 1.000000000000000000, 0.0000000000000000000, 2.940209281316623481E-16 ) ) ;
#1478 = CARTESIAN_POINT ( 'NONE',  ( 1.624810064830503054, 1.171021072251432482, 1.749810064830506606 ) ) ;
#1479 = EDGE_CURVE ( 'NONE', #142, #477, #3382, .T. ) ;
#1480 = CARTESIAN_POINT ( 'NONE',  ( -0.9999999999999972244, 0.1499999999999997446, -1.900000000000001243 ) ) ;
#1481 = PLANE ( 'NONE',  #544 ) ;
#1482 = CARTESIAN_POINT ( 'NONE',  ( 1.895425748680500400, 1.134688765757529749, -1.770425748680494404 ) ) ;
#1483 = CARTESIAN_POINT ( 'NONE',  ( 1.381708315529722064, 1.101211475303313758, 1.756708315529718289 ) ) ;
#1484 = CARTESIAN_POINT ( 'NONE',  ( -1.049999999999999156, 0.05000000000000000278, -1.080487804878050184 ) ) ;
#1485 = EDGE_CURVE ( 'NONE', #383, #2485, #981, .T. ) ;
#1486 = LINE ( 'NONE', #2192, #75 ) ;
#1487 = ORIENTED_EDGE ( 'NONE', *, *, #2082, .T. ) ;
#1488 = CARTESIAN_POINT ( 'NONE',  ( 1.895425748680500400, 1.134688765757529749, 1.770425748680494404 ) ) ;
#1489 = VECTOR ( 'NONE', #2885, 1000.000000000000114 ) ;
#1490 = ORIENTED_EDGE ( 'NONE', *, *, #1657, .F. ) ;
#1491 = EDGE_CURVE ( 'NONE', #1515, #2456, #3008, .T. ) ;
#1493 = CARTESIAN_POINT ( 'NONE',  ( 1.904809703885628647, 0.8541666666666697383, -1.779809703885629313 ) ) ;
#1492 = VECTOR ( 'NONE', #2187, 1000.000000000000000 ) ;
#1494 = VERTEX_POINT ( 'NONE', #392 ) ;
#1495 = CARTESIAN_POINT ( 'NONE',  ( 1.557106781186547995, 1.000000000000000000, -1.929289321881346719 ) ) ;
#1496 = ORIENTED_EDGE ( 'NONE', *, *, #3130, .T. ) ;
#1497 = CARTESIAN_POINT ( 'NONE',  ( 1.049999999999998934, 0.05000000000000000278, 1.080487804878050184 ) ) ;
#1498 = VECTOR ( 'NONE', #1664, 1000.000000000000000 ) ;
#1499 = VERTEX_POINT ( 'NONE', #3140 ) ;
#1500 = CARTESIAN_POINT ( 'NONE',  ( 1.404809703885626426, 0.4166666666666610785, 1.779809703885630423 ) ) ;
#1501 = DIRECTION ( 'NONE',  ( 4.818676322157799347E-16, 0.0000000000000000000, -1.000000000000000000 ) ) ;
#1502 = EDGE_CURVE ( 'NONE', #2652, #2171, #2576, .T. ) ;
#1503 = ORIENTED_EDGE ( 'NONE', *, *, #2472, .T. ) ;
#1504 = CARTESIAN_POINT ( 'NONE',  ( 1.904809703885627314, 0.4166666666666610785, -1.529809703885630201 ) ) ;
#1505 = EDGE_CURVE ( 'NONE', #1458, #2652, #3242, .T. ) ;
#1506 = LINE ( 'NONE', #3311, #2857 ) ;
#1507 = DIRECTION ( 'NONE',  ( 2.168404344971017545E-15, 1.000000000000000000, 0.0000000000000000000 ) ) ;
#1508 = DIRECTION ( 'NONE',  ( 0.0000000000000000000, -1.000000000000000000, 0.0000000000000000000 ) ) ;
#1509 = ORIENTED_EDGE ( 'NONE', *, *, #3768, .F. ) ;
#1510 = DIRECTION ( 'NONE',  ( 0.7071067811865497932, 1.205944005308105697E-15, 0.7071067811865452413 ) ) ;
#1511 = VECTOR ( 'NONE', #3509, 1000.000000000000000 ) ;
#1512 = DIRECTION ( 'NONE',  ( -0.0000000000000000000, -1.000000000000000000, -0.0000000000000000000 ) ) ;
#1513 = CARTESIAN_POINT ( 'NONE',  ( 1.904809703885627314, 0.4166666666666610785, 1.779809703885630423 ) ) ;
#1514 = DIRECTION ( 'NONE',  ( -0.7071067811865517916, 0.0000000000000000000, 0.7071067811865431318 ) ) ;
#1515 = VERTEX_POINT ( 'NONE', #3532 ) ;
#1516 = DIRECTION ( 'NONE',  ( 0.0000000000000000000, 0.0000000000000000000, -1.000000000000000000 ) ) ;
#1517 = CARTESIAN_POINT ( 'NONE',  ( 1.654778534646938803, 1.039066316974709414, -1.779778534646942800 ) ) ;
#1518 = ADVANCED_FACE ( 'NONE', ( #1707 ), #3440, .T. ) ;
#1519 = VECTOR ( 'NONE', #1710, 1000.000000000000000 ) ;
#1520 = ORIENTED_EDGE ( 'NONE', *, *, #84, .T. ) ;
#1521 = CARTESIAN_POINT ( 'NONE',  ( 1.725520382004283260, 0.3000000000000003220, 1.548743686707646505 ) ) ;
#1522 = DIRECTION ( 'NONE',  ( -0.7071067811865476838, 0.0000000000000000000, 0.7071067811865474617 ) ) ;
#1523 = VECTOR ( 'NONE', #715, 1000.000000000000000 ) ;
#1524 = CARTESIAN_POINT ( 'NONE',  ( 1.319450096823184149, 1.165900835168525607, 1.694450096823187923 ) ) ;
#1525 = LINE ( 'NONE', #828, #1619 ) ;
#1526 = EDGE_CURVE ( 'NONE', #1261, #657, #1336, .T. ) ;
#1527 = CARTESIAN_POINT ( 'NONE',  ( -1.049999999999999156, 0.05000000000000000278, -1.900000000000001465 ) ) ;
#1528 = CARTESIAN_POINT ( 'NONE',  ( 1.381708315529722064, 1.101211475303313758, -1.756708315529718289 ) ) ;
#1529 = VERTEX_POINT ( 'NONE', #189 ) ;
#1530 = DIRECTION ( 'NONE',  ( -4.818676322157799347E-16, 0.0000000000000000000, -1.000000000000000000 ) ) ;
#1531 = DIRECTION ( 'NONE',  ( -0.0000000000000000000, -1.000000000000000000, -0.0000000000000000000 ) ) ;
#1532 = CARTESIAN_POINT ( 'NONE',  ( 1.857092504144642442, 1.209057919321697483, -1.482092504144631784 ) ) ;
#1533 = PRESENTATION_LAYER_ASSIGNMENT (  '', '', ( #3197 ) ) ;
#1534 = EDGE_LOOP ( 'NONE', ( #1959, #258, #300, #2350 ) ) ;
#1535 = VECTOR ( 'NONE', #2001, 1000.000000000000000 ) ;
#1536 = ORIENTED_EDGE ( 'NONE', *, *, #769, .T. ) ;
#1537 = ADVANCED_FACE ( 'NONE', ( #918 ), #3487, .T. ) ;
#1538 = CARTESIAN_POINT ( 'NONE',  ( 1.651812698920217981, 1.043016285876988691, 1.526812698920210876 ) ) ;
#1539 = CARTESIAN_POINT ( 'NONE',  ( 1.000000000000001110, 1.900000000000000577, -2.000000000000001776 ) ) ;
#1540 = ORIENTED_EDGE ( 'NONE', *, *, #152, .F. ) ;
#1541 = AXIS2_PLACEMENT_3D ( 'NONE', #1786, #2437, #1759 ) ;
#1542 = ORIENTED_EDGE ( 'NONE', *, *, #2558, .F. ) ;
#1543 = DIRECTION ( 'NONE',  ( -0.0000000000000000000, -1.000000000000000000, -0.0000000000000000000 ) ) ;
#1544 = CARTESIAN_POINT ( 'NONE',  ( 1.654809703885627981, 0.7666666666666595020, -1.529809703885628647 ) ) ;
#1545 = LINE ( 'NONE', #1609, #2272 ) ;
#1546 = EDGE_LOOP ( 'NONE', ( #1448, #3215, #1688, #1254, #436, #271 ) ) ;
#1547 = DIRECTION ( 'NONE',  ( -1.000000000000000000, 0.0000000000000000000, 2.940209281316622988E-16 ) ) ;
#1548 = DIRECTION ( 'NONE',  ( 0.0000000000000000000, 0.0000000000000000000, 1.000000000000000000 ) ) ;
#1549 = CARTESIAN_POINT ( 'NONE',  ( 1.904809703885627314, 0.4166666666666610785, -1.529809703885630201 ) ) ;
#1550 = EDGE_LOOP ( 'NONE', ( #2136, #2413, #326, #3922 ) ) ;
#1551 = VERTEX_POINT ( 'NONE', #2924 ) ;
#1552 = DIRECTION ( 'NONE',  ( -0.0000000000000000000, -1.000000000000000000, 0.0000000000000000000 ) ) ;
#1553 = SURFACE_STYLE_USAGE ( .BOTH. , #3080 ) ;
#1554 = CIRCLE ( 'NONE', #1736, 0.1499999999999999667 ) ;
#1555 = EDGE_CURVE ( 'NONE', #35, #1203, #1615, .T. ) ;
#1556 = ORIENTED_EDGE ( 'NONE', *, *, #384, .F. ) ;
#1557 = PLANE ( 'NONE',  #2041 ) ;
#1558 = CARTESIAN_POINT ( 'NONE',  ( 1.401812698920214428, 1.043016285876986915, -1.776812698920213096 ) ) ;
#1559 = ADVANCED_FACE ( 'NONE', ( #875 ), #2896, .T. ) ;
#1560 = PLANE ( 'NONE',  #1133 ) ;
#1561 = CARTESIAN_POINT ( 'NONE',  ( -1.049999999999999156, 0.1499999999999997446, 1.900000000000001465 ) ) ;
#1562 = ORIENTED_EDGE ( 'NONE', *, *, #909, .T. ) ;
#1563 = DIRECTION ( 'NONE',  ( 1.000000000000000000, -2.168404344971017545E-15, 0.0000000000000000000 ) ) ;
#1564 = CARTESIAN_POINT ( 'NONE',  ( 1.651812698920217981, 1.043016285876988691, -1.526812698920210876 ) ) ;
#1565 = VECTOR ( 'NONE', #3383, 1000.000000000000114 ) ;
#1566 = AXIS2_PLACEMENT_3D ( 'NONE', #2083, #3027, #3341 ) ;
#1567 = ORIENTED_EDGE ( 'NONE', *, *, #1005, .T. ) ;
#1568 = EDGE_CURVE ( 'NONE', #760, #354, #963, .T. ) ;
#1569 = DIRECTION ( 'NONE',  ( -1.000000000000000000, -0.0000000000000000000, -0.0000000000000000000 ) ) ;
#1570 = DIRECTION ( 'NONE',  ( 0.0000000000000000000, 0.0000000000000000000, 1.000000000000000000 ) ) ;
#1571 = VECTOR ( 'NONE', #3088, 1000.000000000000114 ) ;
#1572 = ORIENTED_EDGE ( 'NONE', *, *, #3120, .F. ) ;
#1573 = CARTESIAN_POINT ( 'NONE',  ( 1.654809703885626870, 0.4166666666666611341, -1.529809703885629979 ) ) ;
#1574 = CARTESIAN_POINT ( 'NONE',  ( -0.9999999999999985567, 0.1499999999999997446, -2.000000000000001332 ) ) ;
#1575 = DIRECTION ( 'NONE',  ( -1.000000000000000000, -0.0000000000000000000, -0.0000000000000000000 ) ) ;
#1576 = ADVANCED_FACE ( 'NONE', ( #3581 ), #1355, .T. ) ;
#1577 = DIRECTION ( 'NONE',  ( 1.000000000000000000, 0.0000000000000000000, -0.0000000000000000000 ) ) ;
#1578 = VECTOR ( 'NONE', #2217, 1000.000000000000000 ) ;
#1579 = ORIENTED_EDGE ( 'NONE', *, *, #1526, .T. ) ;
#1580 = EDGE_CURVE ( 'NONE', #3085, #565, #3880, .T. ) ;
#1581 = CARTESIAN_POINT ( 'NONE',  ( 1.191421356237308604, 1.000000000000000000, -1.941421356237311047 ) ) ;
#1583 = CARTESIAN_POINT ( 'NONE',  ( -1.900000000000000133, 1.900000000000000355, 2.000000000000001776 ) ) ;
#1582 = VECTOR ( 'NONE', #3379, 1000.000000000000000 ) ;
#1584 = ORIENTED_EDGE ( 'NONE', *, *, #1831, .T. ) ;
#1585 = CARTESIAN_POINT ( 'NONE',  ( 1.000000000000001332, 1.000000000000000000, 2.000000000000001776 ) ) ;
#1586 = CARTESIAN_POINT ( 'NONE',  ( 1.725520382004283260, 1.000000000000000000, -1.548743686707646505 ) ) ;
#1587 = LINE ( 'NONE', #3591, #1168 ) ;
#1588 = ORIENTED_EDGE ( 'NONE', *, *, #180, .F. ) ;
#1589 = DIRECTION ( 'NONE',  ( 1.000000000000000000, 0.0000000000000000000, 0.0000000000000000000 ) ) ;
#1590 = AXIS2_PLACEMENT_3D ( 'NONE', #2552, #751, #1325 ) ;
#1591 = ORIENTED_EDGE ( 'NONE', *, *, #2794, .F. ) ;
#1592 = LINE ( 'NONE', #1434, #3857 ) ;
#1593 = ORIENTED_EDGE ( 'NONE', *, *, #2330, .T. ) ;
#1594 = CARTESIAN_POINT ( 'NONE',  ( 1.000000000000001110, 0.1499999999999997446, -1.850000000000001421 ) ) ;
#1595 = ADVANCED_FACE ( 'NONE', ( #2424 ), #1394, .T. ) ;
#1596 = DIRECTION ( 'NONE',  ( -1.000000000000000000, -1.141265444721583511E-16, 0.0000000000000000000 ) ) ;
#1597 = EDGE_LOOP ( 'NONE', ( #2502, #2021, #2750, #1924 ) ) ;
#1598 = VECTOR ( 'NONE', #3348, 1000.000000000000000 ) ;
#1599 = CARTESIAN_POINT ( 'NONE',  ( -1.800000000000000711, 1.900000000000000355, 2.000000000000001776 ) ) ;
#1600 = CARTESIAN_POINT ( 'NONE',  ( 1.654809703885627981, 0.8541666666666696273, 1.529809703885628647 ) ) ;
#1601 = CARTESIAN_POINT ( 'NONE',  ( 1.631708315529723619, 1.101211475303320420, -1.506708315529715625 ) ) ;
#1602 = CIRCLE ( 'NONE', #1268, 0.04999999999999991257 ) ;
#1603 = PLANE ( 'NONE',  #3453 ) ;
#1604 = DIRECTION ( 'NONE',  ( -1.000000000000000000, -0.0000000000000000000, 0.0000000000000000000 ) ) ;
#1605 = ORIENTED_EDGE ( 'NONE', *, *, #1101, .F. ) ;
#1606 = EDGE_CURVE ( 'NONE', #583, #2841, #1146, .T. ) ;
#1607 = CIRCLE ( 'NONE', #3254, 0.2000000000000000944 ) ;
#1608 = ORIENTED_EDGE ( 'NONE', *, *, #84, .F. ) ;
#1609 = CARTESIAN_POINT ( 'NONE',  ( -1.999999999999999112, 2.000000000000000000, -1.900000000000001465 ) ) ;
#1610 = DIRECTION ( 'NONE',  ( -0.7071067811865474617, 0.0000000000000000000, 0.7071067811865474617 ) ) ;
#1611 = CARTESIAN_POINT ( 'NONE',  ( 1.654809703885627981, 0.8541666666666696273, -1.779809703885628869 ) ) ;
#1612 = CIRCLE ( 'NONE', #3567, 0.1000000000000002554 ) ;
#1613 = ADVANCED_FACE ( 'NONE', ( #3194 ), #3679, .F. ) ;
#1614 = AXIS2_PLACEMENT_3D ( 'NONE', #3789, #3445, #704 ) ;
#1616 = CARTESIAN_POINT ( 'NONE',  ( -1.900000000000000133, 1.000000000000000000, -1.900000000000002354 ) ) ;
#1615 = LINE ( 'NONE', #766, #743 ) ;
#1617 = DIRECTION ( 'NONE',  ( -1.734723475976810250E-14, -1.000000000000000000, -0.0000000000000000000 ) ) ;
#1618 = CARTESIAN_POINT ( 'NONE',  ( 1.654809703885633754, 0.7083333333333362569, 1.529809703885629091 ) ) ;
#1619 = VECTOR ( 'NONE', #2339, 1000.000000000000000 ) ;
#1620 = DIRECTION ( 'NONE',  ( 2.168404344971017545E-15, 1.000000000000000000, -0.0000000000000000000 ) ) ;
#1621 = DIRECTION ( 'NONE',  ( 0.0000000000000000000, 0.0000000000000000000, 1.000000000000000000 ) ) ;
#1622 = CARTESIAN_POINT ( 'NONE',  ( 1.540228998569211694, 1.304692355676198012, -1.665228998569217467 ) ) ;
#1623 = LINE ( 'NONE', #2669, #29 ) ;
#1624 = EDGE_CURVE ( 'NONE', #1102, #2889, #3787, .T. ) ;
#1625 = ORIENTED_EDGE ( 'NONE', *, *, #223, .T. ) ;
#1626 = CARTESIAN_POINT ( 'NONE',  ( 1.627817459305202830, 1.000000000000000000, 2.000000000000001332 ) ) ;
#1627 = CARTESIAN_POINT ( 'NONE',  ( -1.999999999999999112, 0.05000000000000000278, -1.900000000000001465 ) ) ;
#1628 = CARTESIAN_POINT ( 'NONE',  ( -0.9999999999999976685, 0.1499999999999997446, -1.850000000000001421 ) ) ;
#1629 = FACE_OUTER_BOUND ( 'NONE', #976, .T. ) ;
#1630 = ORIENTED_EDGE ( 'NONE', *, *, #3786, .F. ) ;
#1631 = EDGE_CURVE ( 'NONE', #1642, #177, #1242, .T. ) ;
#1632 = CARTESIAN_POINT ( 'NONE',  ( 1.654809703885627981, 0.7666666666666595020, 1.779809703885628869 ) ) ;
#1633 = CARTESIAN_POINT ( 'NONE',  ( 1.049999999999998934, 0.3000000000000003220, 1.900000000000001465 ) ) ;
#1634 = ADVANCED_FACE ( 'NONE', ( #2378 ), #512, .F. ) ;
#1635 = ORIENTED_EDGE ( 'NONE', *, *, #769, .F. ) ;
#1636 = VERTEX_POINT ( 'NONE', #2579 ) ;
#1637 = CARTESIAN_POINT ( 'NONE',  ( -1.999999999999999112, 0.05000000000000000278, -1.900000000000001465 ) ) ;
#1638 = CARTESIAN_POINT ( 'NONE',  ( -0.9999999999999985567, 0.3000000000000003220, 2.000000000000001332 ) ) ;
#1639 = LINE ( 'NONE', #1351, #1264 ) ;
#1640 = DIRECTION ( 'NONE',  ( 0.7071067811865517916, 0.0000000000000000000, -0.7071067811865432429 ) ) ;
#1641 = CARTESIAN_POINT ( 'NONE',  ( 1.404809703885614436, 0.5333333333333255544, -1.529809703885629313 ) ) ;
#1642 = VERTEX_POINT ( 'NONE', #463 ) ;
#1643 = EDGE_CURVE ( 'NONE', #41, #2185, #1332, .T. ) ;
#1644 = LINE ( 'NONE', #3731, #672 ) ;
#1645 = CARTESIAN_POINT ( 'NONE',  ( 1.120710678118653769, 1.000000000000000000, -1.870710678118656212 ) ) ;
#1646 = ORIENTED_EDGE ( 'NONE', *, *, #3507, .T. ) ;
#1647 = FILL_AREA_STYLE_COLOUR ( '', #1655 ) ;
#1648 = ORIENTED_EDGE ( 'NONE', *, *, #2472, .F. ) ;
#1649 = FACE_OUTER_BOUND ( 'NONE', #2275, .T. ) ;
#1650 = DIRECTION ( 'NONE',  ( -0.0000000000000000000, -1.000000000000000000, -0.0000000000000000000 ) ) ;
#1651 = EDGE_LOOP ( 'NONE', ( #2310, #1259, #63, #580 ) ) ;
#1652 = DIRECTION ( 'NONE',  ( 0.0000000000000000000, 0.0000000000000000000, -1.000000000000000000 ) ) ;
#1653 = DIRECTION ( 'NONE',  ( 0.0000000000000000000, 0.0000000000000000000, -1.000000000000000000 ) ) ;
#1654 = CARTESIAN_POINT ( 'NONE',  ( 1.381708315529722064, 1.101211475303313758, -1.756708315529718289 ) ) ;
#1655 = COLOUR_RGB ( '',0.7921568627450980005, 0.8196078431372548767, 0.9333333333333333481 ) ;
#1656 = ORIENTED_EDGE ( 'NONE', *, *, #412, .F. ) ;
#1657 = EDGE_CURVE ( 'NONE', #2398, #2168, #3048, .T. ) ;
#1658 = STYLED_ITEM ( 'NONE', ( #679 ), #3415 ) ;
#1659 = ORIENTED_EDGE ( 'NONE', *, *, #3962, .T. ) ;
#1660 = PLANE ( 'NONE',  #838 ) ;
#1661 = AXIS2_PLACEMENT_3D ( 'NONE', #3076, #1359, #850 ) ;
#1662 = ORIENTED_EDGE ( 'NONE', *, *, #1891, .T. ) ;
#1663 = CARTESIAN_POINT ( 'NONE',  ( -1.800000000000000711, 1.900000000000000355, 1.900000000000001688 ) ) ;
#1664 = DIRECTION ( 'NONE',  ( 2.168404344971017545E-15, 1.000000000000000000, 0.0000000000000000000 ) ) ;
#1665 = AXIS2_PLACEMENT_3D ( 'NONE', #3132, #1922, #2483 ) ;
#1666 = CARTESIAN_POINT ( 'NONE',  ( 1.904809703885628647, 0.8541666666666697383, 1.529809703885628869 ) ) ;
#1667 = CARTESIAN_POINT ( 'NONE',  ( 1.627817459305202830, 0.3000000000000003220, 2.000000000000001332 ) ) ;
#1668 = VECTOR ( 'NONE', #582, 1000.000000000000000 ) ;
#1669 = CARTESIAN_POINT ( 'NONE',  ( -1.049999999999999156, 0.1499999999999997446, -1.080487804878050184 ) ) ;
#1670 = VECTOR ( 'NONE', #2991, 1000.000000000000000 ) ;
#1671 = VERTEX_POINT ( 'NONE', #1445 ) ;
#1672 = ADVANCED_FACE ( 'NONE', ( #1239 ), #3869, .T. ) ;
#1673 = DIRECTION ( 'NONE',  ( -0.0000000000000000000, -1.000000000000000000, 0.0000000000000000000 ) ) ;
#1674 = FACE_OUTER_BOUND ( 'NONE', #2018, .T. ) ;
#1675 = EDGE_LOOP ( 'NONE', ( #2542, #50, #1809, #352 ) ) ;
#1676 = EDGE_CURVE ( 'NONE', #354, #1722, #2085, .T. ) ;
#1677 = ORIENTED_EDGE ( 'NONE', *, *, #2042, .T. ) ;
#1678 = CARTESIAN_POINT ( 'NONE',  ( 1.537500000000000311, 1.165900974233026854, 1.412499999999999201 ) ) ;
#1679 = DIRECTION ( 'NONE',  ( -2.940209281316622988E-16, 0.0000000000000000000, 1.000000000000000000 ) ) ;
#1680 = CIRCLE ( 'NONE', #3071, 0.1250000000000001943 ) ;
#1681 = VERTEX_POINT ( 'NONE', #2968 ) ;
#1682 =( BOUNDED_SURFACE ( )  B_SPLINE_SURFACE ( 3, 3, ( 
 ( #1039, #747, #3434, #403, #3450, #2230, #2256, #3481, #3161, #2533, #2847, #1334, #1618, #1880, #2833, #1897 ),
 ( #3422, #1022, #3775, #444, #459, #2820, #2875, #1348, #2504, #2562, #761, #3173, #87, #2201, #3121, #3818 ),
 ( #2993, #3599, #1159, #3286, #2066, #1488, #917, #3036, #3312, #2715, #904, #2094, #2107, #27, #1513, #3351 ),
 ( #3653, #1200, #1213, #632, #1478, #2725, #2757, #2745, #3336, #1789, #2137, #3959, #2388, #2702, #3322, #312 ),
 ( #302, #1524, #3669, #3614, #3945, #325, #621, #609, #648, #2079, #1798, #3025, #288, #3629, #1500, #12 ),
 ( #939, #2415, #893, #2404, #2427, #2124, #924, #3640, #3050, #1226, #1813, #1777, #340, #2439, #3060, #1241 ),
 ( #1762, #3932, #3013, #601, #1191, #1538, #966, #1872, #3680, #691, #3711, #3416, #3106, #2482, #3090, #1858 ) ),
 .UNSPECIFIED., .T., .F., .T. ) 
 B_SPLINE_SURFACE_WITH_KNOTS ( ( 4, 3, 4 ),
 ( 4, 2, 2, 2, 2, 2, 2, 4 ),
 ( 0.0000000000000000000, 0.5000000000000000000, 1.000000000000000000 ),
 ( 0.0000000000000000000, 0.1816551698039447493, 0.2724827547059170962, 0.3633103396078894987, 0.4428965471569033530, 0.5224827547059172073, 0.6816551698039448048, 1.000000000000000000 ),
 .UNSPECIFIED. ) 
 GEOMETRIC_REPRESENTATION_ITEM ( )  RATIONAL_B_SPLINE_SURFACE ( (
 ( 1.000000000000000000, 1.000000000000000000, 1.000000000000000000, 1.000000000000000000, 1.000000000000000000, 1.000000000000000000, 1.000000000000000000, 1.000000000000000000, 1.000000000000000000, 1.000000000000000000, 1.000000000000000000, 1.000000000000000000, 1.000000000000000000, 1.000000000000000000, 1.000000000000000000, 1.000000000000000000),
 ( 0.3333333333333333703, 0.3333333333333333703, 0.3333333333333333703, 0.3333333333333333703, 0.3333333333333333703, 0.3333333333333333703, 0.3333333333333333703, 0.3333333333333333703, 0.3333333333333333703, 0.3333333333333333703, 0.3333333333333333703, 0.3333333333333333703, 0.3333333333333333703, 0.3333333333333333703, 0.3333333333333333703, 0.3333333333333333703),
 ( 0.3333333333333333703, 0.3333333333333333703, 0.3333333333333333703, 0.3333333333333333703, 0.3333333333333333703, 0.3333333333333333703, 0.3333333333333333703, 0.3333333333333333703, 0.3333333333333333703, 0.3333333333333333703, 0.3333333333333333703, 0.3333333333333333703, 0.3333333333333333703, 0.3333333333333333703, 0.3333333333333333703, 0.3333333333333333703),
 ( 1.000000000000000000, 1.000000000000000000, 1.000000000000000000, 1.000000000000000000, 1.000000000000000000, 1.000000000000000000, 1.000000000000000000, 1.000000000000000000, 1.000000000000000000, 1.000000000000000000, 1.000000000000000000, 1.000000000000000000, 1.000000000000000000, 1.000000000000000000, 1.000000000000000000, 1.000000000000000000),
 ( 0.3333333333333333703, 0.3333333333333333703, 0.3333333333333333703, 0.3333333333333333703, 0.3333333333333333703, 0.3333333333333333703, 0.3333333333333333703, 0.3333333333333333703, 0.3333333333333333703, 0.3333333333333333703, 0.3333333333333333703, 0.3333333333333333703, 0.3333333333333333703, 0.3333333333333333703, 0.3333333333333333703, 0.3333333333333333703),
 ( 0.3333333333333333703, 0.3333333333333333703, 0.3333333333333333703, 0.3333333333333333703, 0.3333333333333333703, 0.3333333333333333703, 0.3333333333333333703, 0.3333333333333333703, 0.3333333333333333703, 0.3333333333333333703, 0.3333333333333333703, 0.3333333333333333703, 0.3333333333333333703, 0.3333333333333333703, 0.3333333333333333703, 0.3333333333333333703),
 ( 1.000000000000000000, 1.000000000000000000, 1.000000000000000000, 1.000000000000000000, 1.000000000000000000, 1.000000000000000000, 1.000000000000000000, 1.000000000000000000, 1.000000000000000000, 1.000000000000000000, 1.000000000000000000, 1.000000000000000000, 1.000000000000000000, 1.000000000000000000, 1.000000000000000000, 1.000000000000000000) ) ) 
 REPRESENTATION_ITEM ( '' )  SURFACE ( )  );
#1683 = VECTOR ( 'NONE', #2477, 1000.000000000000000 ) ;
#1684 = ORIENTED_EDGE ( 'NONE', *, *, #2380, .T. ) ;
#1685 = DIRECTION ( 'NONE',  ( 0.0000000000000000000, 0.0000000000000000000, -1.000000000000000000 ) ) ;
#1686 = AXIS2_PLACEMENT_3D ( 'NONE', #1753, #304, #624 ) ;
#1687 = EDGE_CURVE ( 'NONE', #532, #1692, #11, .T. ) ;
#1688 = ORIENTED_EDGE ( 'NONE', *, *, #127, .F. ) ;
#1689 = ADVANCED_FACE ( 'NONE', ( #2421 ), #2625, .T. ) ;
#1690 = DIRECTION ( 'NONE',  ( 0.0000000000000000000, 0.0000000000000000000, 1.000000000000000000 ) ) ;
#1691 = CARTESIAN_POINT ( 'NONE',  ( 1.000000000000001998, 0.1000000000000000056, 1.100000000000001199 ) ) ;
#1692 = VERTEX_POINT ( 'NONE', #859 ) ;
#1693 = CARTESIAN_POINT ( 'NONE',  ( 1.831586399182265845, 0.3000000000000003220, -1.796231060122938095 ) ) ;
#1694 = VECTOR ( 'NONE', #171, 1000.000000000000000 ) ;
#1695 = ORIENTED_EDGE ( 'NONE', *, *, #1814, .T. ) ;
#1696 = CARTESIAN_POINT ( 'NONE',  ( 1.000000000000001998, 0.1000000000000000056, 1.100000000000001199 ) ) ;
#1697 = CARTESIAN_POINT ( 'NONE',  ( 0.0000000000000000000, 0.0000000000000000000, 0.0000000000000000000 ) ) ;
#1698 = EDGE_CURVE ( 'NONE', #2593, #1327, #3279, .T. ) ;
#1699 = CARTESIAN_POINT ( 'NONE',  ( 1.599337601876782422, 1.147511096119603780, -1.474337601876795967 ) ) ;
#1700 = FACE_OUTER_BOUND ( 'NONE', #954, .T. ) ;
#1701 = ORIENTED_EDGE ( 'NONE', *, *, #1043, .T. ) ;
#1703 = CARTESIAN_POINT ( 'NONE',  ( 1.637539299517006386, 1.519453929400043313, 1.512539299517000169 ) ) ;
#1702 = VECTOR ( 'NONE', #3919, 1000.000000000000000 ) ;
#1704 = ORIENTED_EDGE ( 'NONE', *, *, #1814, .F. ) ;
#1705 = EDGE_CURVE ( 'NONE', #3326, #2215, #2240, .T. ) ;
#1706 = DIRECTION ( 'NONE',  ( -0.0000000000000000000, -1.000000000000000000, -0.0000000000000000000 ) ) ;
#1707 = FACE_OUTER_BOUND ( 'NONE', #949, .T. ) ;
#1708 = ADVANCED_FACE ( 'NONE', ( #3237 ), #1721, .F. ) ;
#1709 = AXIS2_PLACEMENT_3D ( 'NONE', #298, #2103, #3010 ) ;
#1710 = DIRECTION ( 'NONE',  ( 0.0000000000000000000, 0.0000000000000000000, 1.000000000000000000 ) ) ;
#1711 = CARTESIAN_POINT ( 'NONE',  ( 1.654809703885633754, 0.7083333333333362569, -1.529809703885629091 ) ) ;
#1712 = CARTESIAN_POINT ( 'NONE',  ( 1.000000000000001110, 0.09999999999999982514, 1.850000000000001421 ) ) ;
#1713 = VECTOR ( 'NONE', #854, 1000.000000000000000 ) ;
#1714 = ORIENTED_EDGE ( 'NONE', *, *, #1846, .T. ) ;
#1715 = CARTESIAN_POINT ( 'NONE',  ( 1.607092504144639555, 1.209057919321694152, 1.732092504144634448 ) ) ;
#1716 = CARTESIAN_POINT ( 'NONE',  ( -0.8999999999999992450, 1.900000000000000355, 2.000000000000001776 ) ) ;
#1717 = LINE ( 'NONE', #2538, #1021 ) ;
#1718 = VERTEX_POINT ( 'NONE', #833 ) ;
#1719 = FACE_OUTER_BOUND ( 'NONE', #3525, .T. ) ;
#1720 = VERTEX_POINT ( 'NONE', #3882 ) ;
#1721 = PLANE ( 'NONE',  #3753 ) ;
#1722 = VERTEX_POINT ( 'NONE', #2019 ) ;
#1723 = EDGE_LOOP ( 'NONE', ( #971, #3688, #3647, #2603 ) ) ;
#1724 = EDGE_CURVE ( 'NONE', #2782, #2485, #1994, .T. ) ;
#1725 = AXIS2_PLACEMENT_3D ( 'NONE', #2522, #3395, #362 ) ;
#1726 = CARTESIAN_POINT ( 'NONE',  ( 1.404809703885627536, 0.8833333333333360793, 1.779809703885629091 ) ) ;
#1727 = EDGE_LOOP ( 'NONE', ( #67, #2359, #1363, #1354 ) ) ;
#1728 =( LENGTH_UNIT ( ) NAMED_UNIT ( * ) SI_UNIT ( .MILLI., .METRE. ) );
#1729 = EDGE_CURVE ( 'NONE', #3797, #3192, #1431, .T. ) ;
#1730 = DIRECTION ( 'NONE',  ( -0.0000000000000000000, -1.000000000000000000, -0.0000000000000000000 ) ) ;
#1731 = ORIENTED_EDGE ( 'NONE', *, *, #1555, .T. ) ;
#1732 = VECTOR ( 'NONE', #502, 1000.000000000000000 ) ;
#1733 = ORIENTED_EDGE ( 'NONE', *, *, #792, .F. ) ;
#1734 = FACE_OUTER_BOUND ( 'NONE', #2451, .T. ) ;
#1735 = DIRECTION ( 'NONE',  ( 0.0000000000000000000, 0.0000000000000000000, -1.000000000000000000 ) ) ;
#1736 = AXIS2_PLACEMENT_3D ( 'NONE', #1150, #2953, #869 ) ;
#1737 = EDGE_LOOP ( 'NONE', ( #1941, #3699, #1124, #1139 ) ) ;
#1738 = CARTESIAN_POINT ( 'NONE',  ( 1.651812698920217981, 1.043016285876988691, 1.526812698920210876 ) ) ;
#1739 = LINE ( 'NONE', #3757, #1984 ) ;
#1740 = CIRCLE ( 'NONE', #1829, 0.2000000000000000944 ) ;
#1741 = EDGE_LOOP ( 'NONE', ( #262, #1562, #2754, #3816 ) ) ;
#1742 = CARTESIAN_POINT ( 'NONE',  ( 1.000000000000001998, 0.1000000000000000056, -1.100000000000001199 ) ) ;
#1743 = CARTESIAN_POINT ( 'NONE',  ( 1.569450096823239660, 1.165900835168539595, -1.444450096823238772 ) ) ;
#1744 = VECTOR ( 'NONE', #1082, 1000.000000000000000 ) ;
#1745 = UNCERTAINTY_MEASURE_WITH_UNIT (LENGTH_MEASURE( 1.000000000000000082E-05 ), #3698, 'distance_accuracy_value', 'NONE');
#1746 = DIRECTION ( 'NONE',  ( -0.7071067811865471286, 0.0000000000000000000, 0.7071067811865479058 ) ) ;
#1747 = CARTESIAN_POINT ( 'NONE',  ( 1.049999999999998934, 0.1499999999999997446, -1.900000000000001465 ) ) ;
#1748 = AXIS2_PLACEMENT_3D ( 'NONE', #1024, #3150, #1323 ) ;
#1749 = CARTESIAN_POINT ( 'NONE',  ( 1.690165042944956175, 1.000000000000000000, 1.654809703885628203 ) ) ;
#1750 = EDGE_CURVE ( 'NONE', #81, #1529, #2713, .T. ) ;
#1751 = FACE_OUTER_BOUND ( 'NONE', #2980, .T. ) ;
#1752 = ORIENTED_EDGE ( 'NONE', *, *, #959, .T. ) ;
#1753 = CARTESIAN_POINT ( 'NONE',  ( 1.760875721063610788, 1.000000000000000000, 1.584099025766973368 ) ) ;
#1754 = CARTESIAN_POINT ( 'NONE',  ( 1.654809703885626870, 0.4166666666666611341, -1.529809703885629979 ) ) ;
#1755 = CIRCLE ( 'NONE', #3610, 0.1999999999999998723 ) ;
#1756 = EDGE_LOOP ( 'NONE', ( #139, #491, #3393, #431 ) ) ;
#1757 = CARTESIAN_POINT ( 'NONE',  ( 1.404809703885627314, 0.8541666666666697383, 1.529809703885628869 ) ) ;
#1758 = CARTESIAN_POINT ( 'NONE',  ( -1.900000000000000133, 1.000000000000000000, -2.000000000000002220 ) ) ;
#1759 = DIRECTION ( 'NONE',  ( 0.0000000000000000000, -0.0000000000000000000, -1.000000000000000000 ) ) ;
#1760 = LINE ( 'NONE', #2784, #2493 ) ;
#1761 = VERTEX_POINT ( 'NONE', #1455 ) ;
#1762 = CARTESIAN_POINT ( 'NONE',  ( 1.537500000000000311, 1.165900974233026854, 1.412499999999999201 ) ) ;
#1763 = COLOUR_RGB ( '',0.7921568627450980005, 0.8196078431372548767, 0.9333333333333333481 ) ;
#1764 = ORIENTED_EDGE ( 'NONE', *, *, #1769, .T. ) ;
#1765 = DIRECTION ( 'NONE',  ( -1.000000000000000000, 0.0000000000000000000, -9.637352644315592778E-16 ) ) ;
#1766 = DIRECTION ( 'NONE',  ( 1.000000000000000000, 0.0000000000000000000, 0.0000000000000000000 ) ) ;
#1767 = CARTESIAN_POINT ( 'NONE',  ( 1.654809703885626870, 0.2999999999999999334, -1.529809703885629979 ) ) ;
#1768 = EDGE_LOOP ( 'NONE', ( #315, #2693, #2792, #3256 ) ) ;
#1769 = EDGE_CURVE ( 'NONE', #3652, #3865, #3876, .T. ) ;
#1770 = CARTESIAN_POINT ( 'NONE',  ( 1.654809703885626870, 0.4166666666666611341, 1.779809703885630201 ) ) ;
#1771 = CARTESIAN_POINT ( 'NONE',  ( 1.120710678118653769, 0.3000000000000003220, 1.870710678118656212 ) ) ;
#1772 = ORIENTED_EDGE ( 'NONE', *, *, #2801, .T. ) ;
#1773 = ORIENTED_EDGE ( 'NONE', *, *, #13, .T. ) ;
#1774 = CARTESIAN_POINT ( 'NONE',  ( 1.537500000000000311, 1.165900974233026410, -1.412499999999999201 ) ) ;
#1775 = AXIS2_PLACEMENT_3D ( 'NONE', #572, #2162, #646 ) ;
#1776 = ORIENTED_EDGE ( 'NONE', *, *, #452, .T. ) ;
#1777 = CARTESIAN_POINT ( 'NONE',  ( 1.404809703885627314, 0.7666666666666595020, 1.529809703885628869 ) ) ;
#1778 = CYLINDRICAL_SURFACE ( 'NONE', #3458, 0.1999999999999998723 ) ;
#1779 = ORIENTED_EDGE ( 'NONE', *, *, #3221, .T. ) ;
#1780 = VECTOR ( 'NONE', #3158, 1000.000000000000000 ) ;
#1781 = CARTESIAN_POINT ( 'NONE',  ( 1.904809703885615546, 0.5333333333333255544, -1.779809703885629757 ) ) ;
#1783 = CARTESIAN_POINT ( 'NONE',  ( 1.000000000000001998, 0.1000000000000000056, 1.100000000000001199 ) ) ;
#1782 = FACE_OUTER_BOUND ( 'NONE', #857, .T. ) ;
#1784 = EDGE_LOOP ( 'NONE', ( #848, #675, #964, #3500 ) ) ;
#1785 = DIRECTION ( 'NONE',  ( -2.940209281316623481E-16, 0.0000000000000000000, 1.000000000000000000 ) ) ;
#1786 = CARTESIAN_POINT ( 'NONE',  ( 0.0000000000000000000, 0.0000000000000000000, 0.0000000000000000000 ) ) ;
#1787 = VECTOR ( 'NONE', #1433, 1000.000000000000000 ) ;
#1788 = ORIENTED_EDGE ( 'NONE', *, *, #1190, .T. ) ;
#1789 = CARTESIAN_POINT ( 'NONE',  ( 1.654809703885628203, 0.8833333333333359683, 1.779809703885628647 ) ) ;
#1790 = DIRECTION ( 'NONE',  ( 1.000000000000000000, 0.0000000000000000000, 0.0000000000000000000 ) ) ;
#1791 = EDGE_CURVE ( 'NONE', #2456, #827, #551, .T. ) ;
#1792 = CARTESIAN_POINT ( 'NONE',  ( 1.690165042944956175, 0.3000000000000003220, 1.654809703885628203 ) ) ;
#1793 = CARTESIAN_POINT ( 'NONE',  ( 1.648619223800357414, 1.088852525817258332, -1.773619223800353639 ) ) ;
#1794 = CARTESIAN_POINT ( 'NONE',  ( 1.000000000000001110, -1.355252715606880543E-16, -1.850000000000001421 ) ) ;
#1795 = AXIS2_PLACEMENT_3D ( 'NONE', #58, #2164, #1930 ) ;
#1796 = LINE ( 'NONE', #3306, #226 ) ;
#1797 = ORIENTED_EDGE ( 'NONE', *, *, #2712, .F. ) ;
#1798 = CARTESIAN_POINT ( 'NONE',  ( 1.404809703885627314, 0.8541666666666697383, 1.779809703885629313 ) ) ;
#1799 = DIRECTION ( 'NONE',  ( -1.000000000000000000, 0.0000000000000000000, 2.940209281316623481E-16 ) ) ;
#1800 = VECTOR ( 'NONE', #3793, 1000.000000000000000 ) ;
#1801 = VERTEX_POINT ( 'NONE', #2007 ) ;
#1802 = AXIS2_PLACEMENT_3D ( 'NONE', #3799, #2557, #791 ) ;
#1803 = DIRECTION ( 'NONE',  ( -0.7071067811865474617, 0.0000000000000000000, -0.7071067811865474617 ) ) ;
#1805 = EDGE_LOOP ( 'NONE', ( #3958, #2887, #1422, #287 ) ) ;
#1804 = CARTESIAN_POINT ( 'NONE',  ( 1.690165042944956175, 0.3000000000000003220, 1.654809703885628203 ) ) ;
#1806 = ORIENTED_EDGE ( 'NONE', *, *, #777, .T. ) ;
#1807 = PLANE ( 'NONE',  #3046 ) ;
#1808 = ORIENTED_EDGE ( 'NONE', *, *, #289, .F. ) ;
#1809 = ORIENTED_EDGE ( 'NONE', *, *, #3480, .F. ) ;
#1810 = CARTESIAN_POINT ( 'NONE',  ( 1.654809703885626870, 0.2999999999999999334, -1.654809703885629979 ) ) ;
#1811 = DIRECTION ( 'NONE',  ( 0.7071067811865474617, 0.0000000000000000000, 0.7071067811865474617 ) ) ;
#1812 = ORIENTED_EDGE ( 'NONE', *, *, #2873, .T. ) ;
#1813 = CARTESIAN_POINT ( 'NONE',  ( 1.404809703885627314, 0.8541666666666697383, 1.529809703885628869 ) ) ;
#1814 = EDGE_CURVE ( 'NONE', #3528, #2110, #2765, .T. ) ;
#1815 = ORIENTED_EDGE ( 'NONE', *, *, #1252, .T. ) ;
#1816 = CARTESIAN_POINT ( 'NONE',  ( 0.0000000000000000000, 2.000000000000000000, 0.0000000000000000000 ) ) ;
#1817 = CARTESIAN_POINT ( 'NONE',  ( 1.404810693118295095, 1.015931544184931923, -1.529810693118299092 ) ) ;
#1818 = ADVANCED_FACE ( 'NONE', ( #3627 ), #2336, .F. ) ;
#1819 = ORIENTED_EDGE ( 'NONE', *, *, #3142, .F. ) ;
#1820 = EDGE_CURVE ( 'NONE', #1235, #1838, #2333, .T. ) ;
#1821 =( GEOMETRIC_REPRESENTATION_CONTEXT ( 3 ) GLOBAL_UNCERTAINTY_ASSIGNED_CONTEXT ( ( #3536 ) ) GLOBAL_UNIT_ASSIGNED_CONTEXT ( ( #3846, #201, #2343 ) ) REPRESENTATION_CONTEXT ( 'NONE', 'WORKASPACE' ) );
#1822 = VERTEX_POINT ( 'NONE', #1480 ) ;
#1823 = LINE ( 'NONE', #3540, #1182 ) ;
#1824 = CARTESIAN_POINT ( 'NONE',  ( -0.9999999999999985567, 0.0000000000000000000, -1.850000000000001199 ) ) ;
#1825 = CARTESIAN_POINT ( 'NONE',  ( 1.000000000000001110, 0.1499999999999997446, 1.900000000000001243 ) ) ;
#1826 = CARTESIAN_POINT ( 'NONE',  ( 1.904851104599866840, 0.9556330334039250252, -1.779851104599863509 ) ) ;
#1827 = ORIENTED_EDGE ( 'NONE', *, *, #779, .T. ) ;
#1828 = LINE ( 'NONE', #3483, #250 ) ;
#1829 = AXIS2_PLACEMENT_3D ( 'NONE', #1792, #2111, #1516 ) ;
#1830 = CARTESIAN_POINT ( 'NONE',  ( 1.191421356237308604, 1.000000000000000000, -1.941421356237311047 ) ) ;
#1831 = EDGE_CURVE ( 'NONE', #3559, #1229, #3538, .T. ) ;
#1832 = SURFACE_STYLE_USAGE ( .BOTH. , #3380 ) ;
#1833 = LINE ( 'NONE', #495, #3371 ) ;
#1834 = VERTEX_POINT ( 'NONE', #2706 ) ;
#1835 = CARTESIAN_POINT ( 'NONE',  ( 1.654809703885628203, 0.3000000000000003220, 1.619454364826300452 ) ) ;
#1836 = CARTESIAN_POINT ( 'NONE',  ( 1.654809703885614880, 0.5333333333333255544, -1.529809703885629091 ) ) ;
#1837 = FACE_OUTER_BOUND ( 'NONE', #1070, .T. ) ;
#1838 = VERTEX_POINT ( 'NONE', #1527 ) ;
#1839 = DIRECTION ( 'NONE',  ( -0.0000000000000000000, -1.000000000000000000, -0.0000000000000000000 ) ) ;
#1840 = CARTESIAN_POINT ( 'NONE',  ( 1.569450096823239660, 1.165900835168539595, -1.444450096823238772 ) ) ;
#1841 = LINE ( 'NONE', #21, #554 ) ;
#1842 = ADVANCED_FACE ( 'NONE', ( #1837 ), #919, .T. ) ;
#1843 = DIRECTION ( 'NONE',  ( 0.0000000000000000000, 0.0000000000000000000, 1.000000000000000000 ) ) ;
#1844 = FILL_AREA_STYLE ('',( #2758 ) ) ;
#1845 = LINE ( 'NONE', #2052, #1397 ) ;
#1846 = EDGE_CURVE ( 'NONE', #2515, #1307, #164, .T. ) ;
#1847 = AXIS2_PLACEMENT_3D ( 'NONE', #810, #2324, #221 ) ;
#1848 = DIRECTION ( 'NONE',  ( 0.0000000000000000000, 1.000000000000000000, 0.0000000000000000000 ) ) ;
#1849 = CARTESIAN_POINT ( 'NONE',  ( 1.404822926257584426, 0.9759045052352365301, -1.779822926257581983 ) ) ;
#1850 = FACE_OUTER_BOUND ( 'NONE', #2071, .T. ) ;
#1851 = VERTEX_POINT ( 'NONE', #2098 ) ;
#1852 = DIRECTION ( 'NONE',  ( 0.0000000000000000000, 0.0000000000000000000, -1.000000000000000000 ) ) ;
#1853 = CARTESIAN_POINT ( 'NONE',  ( 1.000000000000000666, -1.355252715606880543E-16, 1.850000000000001421 ) ) ;
#1854 = AXIS2_PLACEMENT_3D ( 'NONE', #134, #174, #188 ) ;
#1855 = DIRECTION ( 'NONE',  ( 0.4999999999999979461, -0.7071067811865491270, -0.4999999999999996669 ) ) ;
#1856 = LINE ( 'NONE', #2583, #2261 ) ;
#1857 = ORIENTED_EDGE ( 'NONE', *, *, #698, .T. ) ;
#1858 = CARTESIAN_POINT ( 'NONE',  ( 1.654809703885626870, 0.2999999999999999334, 1.529809703885629979 ) ) ;
#1859 = DIRECTION ( 'NONE',  ( -0.7071067811865486830, 0.0000000000000000000, 0.7071067811865464625 ) ) ;
#1860 = VECTOR ( 'NONE', #2196, 1000.000000000000000 ) ;
#1861 = AXIS2_PLACEMENT_3D ( 'NONE', #2755, #3927, #2075 ) ;
#1862 = CARTESIAN_POINT ( 'NONE',  ( 1.404809703885626426, 0.4166666666666610785, -1.779809703885630423 ) ) ;
#1863 = ADVANCED_FACE ( 'NONE', ( #1108 ), #330, .T. ) ;
#1864 = EDGE_LOOP ( 'NONE', ( #372, #1409, #1509, #1128 ) ) ;
#1865 = CARTESIAN_POINT ( 'NONE',  ( 1.049999999999998934, 0.0000000000000000000, 1.900000000000001465 ) ) ;
#1866 = DIRECTION ( 'NONE',  ( 0.0000000000000000000, -1.000000000000000000, 0.0000000000000000000 ) ) ;
#1867 = LINE ( 'NONE', #3214, #1498 ) ;
#1868 = CARTESIAN_POINT ( 'NONE',  ( 1.654822926257586424, 0.9759045052352379734, -1.529822926257583093 ) ) ;
#1869 = EDGE_LOOP ( 'NONE', ( #215, #1567, #3206, #1496 ) ) ;
#1870 = CARTESIAN_POINT ( 'NONE',  ( -0.9999999999999988898, 0.0000000000000000000, 1.100000000000001643 ) ) ;
#1871 = ORIENTED_EDGE ( 'NONE', *, *, #1479, .F. ) ;
#1872 = CARTESIAN_POINT ( 'NONE',  ( 1.654822926257586424, 0.9759045052352379734, 1.529822926257583093 ) ) ;
#1873 = CARTESIAN_POINT ( 'NONE',  ( 1.000000000000000666, 0.1499999999999997446, 1.850000000000001421 ) ) ;
#1874 = CARTESIAN_POINT ( 'NONE',  ( 1.654809703885626870, 0.2999999999999999334, 1.654809703885629979 ) ) ;
#1875 = FACE_OUTER_BOUND ( 'NONE', #560, .T. ) ;
#1876 = EDGE_CURVE ( 'NONE', #379, #2055, #1740, .T. ) ;
#1877 = ORIENTED_EDGE ( 'NONE', *, *, #3947, .T. ) ;
#1878 = CARTESIAN_POINT ( 'NONE',  ( 1.000000000000001110, 0.1499999999999997446, 2.000000000000001332 ) ) ;
#1879 = VECTOR ( 'NONE', #745, 1000.000000000000000 ) ;
#1880 = CARTESIAN_POINT ( 'NONE',  ( 1.654809703885614880, 0.5333333333333255544, 1.529809703885629091 ) ) ;
#1881 = DIRECTION ( 'NONE',  ( 0.0000000000000000000, 0.0000000000000000000, 1.000000000000000000 ) ) ;
#1882 = EDGE_CURVE ( 'NONE', #1273, #1327, #306, .T. ) ;
#1883 = ORIENTED_EDGE ( 'NONE', *, *, #1502, .T. ) ;
#1885 = DIRECTION ( 'NONE',  ( 0.0000000000000000000, 0.0000000000000000000, 1.000000000000000000 ) ) ;
#1884 = CYLINDRICAL_SURFACE ( 'NONE', #1665, 0.1499999999999999667 ) ;
#1886 = CARTESIAN_POINT ( 'NONE',  ( 1.904809703885634198, 0.7083333333333363679, -1.529809703885629313 ) ) ;
#1887 = ADVANCED_FACE ( 'NONE', ( #1894 ), #3659, .F. ) ;
#1888 = FACE_OUTER_BOUND ( 'NONE', #3313, .T. ) ;
#1889 = AXIS2_PLACEMENT_3D ( 'NONE', #3406, #3421, #3066 ) ;
#1890 = ORIENTED_EDGE ( 'NONE', *, *, #127, .T. ) ;
#1891 = EDGE_CURVE ( 'NONE', #477, #2889, #218, .T. ) ;
#1892 = CARTESIAN_POINT ( 'NONE',  ( 1.654809703885628203, 1.000000000000000000, 1.419454364826300496 ) ) ;
#1893 = CARTESIAN_POINT ( 'NONE',  ( 1.049999999999998934, 0.3000000000000003220, -1.800000000000001155 ) ) ;
#1894 = FACE_OUTER_BOUND ( 'NONE', #3622, .T. ) ;
#1895 = ORIENTED_EDGE ( 'NONE', *, *, #2042, .F. ) ;
#1896 = DIRECTION ( 'NONE',  ( -0.7071067811865474617, 0.0000000000000000000, -0.7071067811865474617 ) ) ;
#1897 = CARTESIAN_POINT ( 'NONE',  ( 1.654809703885626870, 0.2999999999999999334, 1.529809703885629979 ) ) ;
#1898 = PLANE ( 'NONE',  #3833 ) ;
#1899 = CARTESIAN_POINT ( 'NONE',  ( 1.000000000000001110, 1.900000000000000577, 1.900000000000001688 ) ) ;
#1900 = CARTESIAN_POINT ( 'NONE',  ( 1.654809703884946748, 0.2999999999999999334, 1.529809703885629979 ) ) ;
#1901 = CARTESIAN_POINT ( 'NONE',  ( 1.404809703885627536, 0.8833333333333360793, -1.529809703885628647 ) ) ;
#1902 = CYLINDRICAL_SURFACE ( 'NONE', #2122, 0.09999999999999982514 ) ;
#1903 = EDGE_CURVE ( 'NONE', #1932, #3797, #2526, .T. ) ;
#1904 = CARTESIAN_POINT ( 'NONE',  ( 1.654809703885628203, 0.3000000000000003220, 1.519454364826300585 ) ) ;
#1905 = DIRECTION ( 'NONE',  ( -0.7071067811865464625, 0.0000000000000000000, -0.7071067811865486830 ) ) ;
#1906 = LINE ( 'NONE', #1691, #3682 ) ;
#1907 = ORIENTED_EDGE ( 'NONE', *, *, #133, .T. ) ;
#1908 = EDGE_CURVE ( 'NONE', #1499, #3666, #915, .T. ) ;
#1909 = AXIS2_PLACEMENT_3D ( 'NONE', #764, #475, #749 ) ;
#1911 = LINE ( 'NONE', #351, #3067 ) ;
#1910 = DIRECTION ( 'NONE',  ( 0.0000000000000000000, 0.0000000000000000000, -1.000000000000000000 ) ) ;
#1912 = ORIENTED_EDGE ( 'NONE', *, *, #18, .T. ) ;
#1913 = ADVANCED_FACE ( 'NONE', ( #1292 ), #882, .F. ) ;
#1914 = CARTESIAN_POINT ( 'NONE',  ( 1.049999999999998934, 1.000000000000000000, -2.000000000000001332 ) ) ;
#1915 = DIRECTION ( 'NONE',  ( -0.0000000000000000000, -1.000000000000000000, 0.0000000000000000000 ) ) ;
#1916 = LINE ( 'NONE', #736, #135 ) ;
#1917 = ORIENTED_EDGE ( 'NONE', *, *, #3632, .T. ) ;
#1918 = CARTESIAN_POINT ( 'NONE',  ( -0.9999999999999985567, 0.3000000000000003220, 1.900000000000001243 ) ) ;
#1919 = CARTESIAN_POINT ( 'NONE',  ( 1.654794613882616172, 1.027498930579819669, -1.529794613882619725 ) ) ;
#1920 = EDGE_LOOP ( 'NONE', ( #1695, #2471, #2133, #2851 ) ) ;
#1921 = ORIENTED_EDGE ( 'NONE', *, *, #3275, .T. ) ;
#1922 = DIRECTION ( 'NONE',  ( 1.000000000000000000, 0.0000000000000000000, 0.0000000000000000000 ) ) ;
#1923 = DIRECTION ( 'NONE',  ( -1.000000000000000000, 2.409338161078894743E-16, 0.0000000000000000000 ) ) ;
#1924 = ORIENTED_EDGE ( 'NONE', *, *, #1769, .F. ) ;
#1925 = ORIENTED_EDGE ( 'NONE', *, *, #13, .F. ) ;
#1926 = CARTESIAN_POINT ( 'NONE',  ( 1.405006174040074995, 0.9971800459367169411, -1.530006174040070333 ) ) ;
#1927 = ORIENTED_EDGE ( 'NONE', *, *, #633, .F. ) ;
#1928 = VECTOR ( 'NONE', #3209, 1000.000000000000000 ) ;
#1929 = ADVANCED_FACE ( 'NONE', ( #1006 ), #996, .T. ) ;
#1930 = DIRECTION ( 'NONE',  ( 0.0000000000000000000, 0.0000000000000000000, -1.000000000000000000 ) ) ;
#1931 = CARTESIAN_POINT ( 'NONE',  ( 1.513388347648318977, 0.3000000000000003220, -1.478033008588990782 ) ) ;
#1932 = VERTEX_POINT ( 'NONE', #650 ) ;
#1933 = CARTESIAN_POINT ( 'NONE',  ( 1.000000000000001110, 0.1499999999999997446, -2.000000000000001332 ) ) ;
#1934 = EDGE_CURVE ( 'NONE', #1671, #1551, #1612, .T. ) ;
#1935 = VECTOR ( 'NONE', #1512, 1000.000000000000000 ) ;
#1936 = CARTESIAN_POINT ( 'NONE',  ( -1.800000000000000711, 1.900000000000000355, 1.900000000000001688 ) ) ;
#1937 = ORIENTED_EDGE ( 'NONE', *, *, #880, .F. ) ;
#1938 = DIRECTION ( 'NONE',  ( -1.000000000000000000, -0.0000000000000000000, -0.0000000000000000000 ) ) ;
#1939 = CARTESIAN_POINT ( 'NONE',  ( 0.0000000000000000000, 0.0000000000000000000, 0.0000000000000000000 ) ) ;
#1940 = CARTESIAN_POINT ( 'NONE',  ( 1.624810064830503054, 1.171021072251432482, -1.749810064830506606 ) ) ;
#1941 = ORIENTED_EDGE ( 'NONE', *, *, #2581, .T. ) ;
#1942 = AXIS2_PLACEMENT_3D ( 'NONE', #399, #427, #458 ) ;
#1944 = CARTESIAN_POINT ( 'NONE',  ( 1.000000000000001110, 0.3000000000000003220, 2.000000000000001332 ) ) ;
#1943 = VECTOR ( 'NONE', #3750, 1000.000000000000000 ) ;
#1945 = ADVANCED_FACE ( 'NONE', ( #3534 ), #3098, .T. ) ;
#1946 = PLANE ( 'NONE',  #1015 ) ;
#1947 = SURFACE_STYLE_USAGE ( .BOTH. , #1064 ) ;
#1948 = LINE ( 'NONE', #1154, #314 ) ;
#1949 = CARTESIAN_POINT ( 'NONE',  ( 1.049999999999998934, 2.000000000000000000, -1.900000000000001465 ) ) ;
#1950 = CARTESIAN_POINT ( 'NONE',  ( -1.800000000000000711, 1.800000000000000711, 2.000000000000001776 ) ) ;
#1951 = CARTESIAN_POINT ( 'NONE',  ( 1.404809703885626426, 0.4166666666666610785, -1.779809703885630423 ) ) ;
#1952 = CYLINDRICAL_SURFACE ( 'NONE', #3639, 0.1000000000000000472 ) ;
#1953 = EDGE_CURVE ( 'NONE', #3192, #3085, #825, .T. ) ;
#1954 = ORIENTED_EDGE ( 'NONE', *, *, #3338, .T. ) ;
#1955 = CARTESIAN_POINT ( 'NONE',  ( -0.9999999999999985567, 0.1499999999999997446, 2.000000000000001332 ) ) ;
#1956 = CARTESIAN_POINT ( 'NONE',  ( 1.000000000000001332, 0.3000000000000003220, 1.900000000000001465 ) ) ;
#1957 = PLANE ( 'NONE',  #2151 ) ;
#1958 = DIRECTION ( 'NONE',  ( 0.0000000000000000000, 0.0000000000000000000, -1.000000000000000000 ) ) ;
#1959 = ORIENTED_EDGE ( 'NONE', *, *, #936, .F. ) ;
#1960 = LINE ( 'NONE', #364, #1347 ) ;
#1961 = ORIENTED_EDGE ( 'NONE', *, *, #1038, .T. ) ;
#1962 = EDGE_CURVE ( 'NONE', #3222, #3812, #1286, .T. ) ;
#1963 = MECHANICAL_DESIGN_GEOMETRIC_PRESENTATION_REPRESENTATION (  '', ( #2116 ), #722 ) ;
#1964 = ORIENTED_EDGE ( 'NONE', *, *, #3130, .F. ) ;
#1965 = CARTESIAN_POINT ( 'NONE',  ( 1.191421356237308604, 1.000000000000000000, 1.941421356237311047 ) ) ;
#1966 = ORIENTED_EDGE ( 'NONE', *, *, #2038, .T. ) ;
#1967 = CARTESIAN_POINT ( 'NONE',  ( 1.513388347648318977, 1.000000000000000000, 1.478033008588990782 ) ) ;
#1968 = FACE_OUTER_BOUND ( 'NONE', #2012, .T. ) ;
#1969 = CARTESIAN_POINT ( 'NONE',  ( -0.9999999999999976685, 0.1499999999999997446, 1.850000000000001421 ) ) ;
#1970 = AXIS2_PLACEMENT_3D ( 'NONE', #1594, #2831, #2213 ) ;
#1971 = ORIENTED_EDGE ( 'NONE', *, *, #1882, .T. ) ;
#1972 = EDGE_CURVE ( 'NONE', #2527, #227, #2189, .T. ) ;
#1973 = ADVANCED_FACE ( 'NONE', ( #1003 ), #3096, .F. ) ;
#1974 = CARTESIAN_POINT ( 'NONE',  ( 1.654809703885633754, 0.7083333333333362569, 1.529809703885629091 ) ) ;
#1975 = ORIENTED_EDGE ( 'NONE', *, *, #3446, .T. ) ;
#1976 = CARTESIAN_POINT ( 'NONE',  ( -1.900000000000000133, 0.3000000000000003220, -2.000000000000002220 ) ) ;
#1977 = CARTESIAN_POINT ( 'NONE',  ( 1.049999999999998934, 0.3000000000000003220, 1.800000000000001155 ) ) ;
#1978 = ORIENTED_EDGE ( 'NONE', *, *, #1202, .T. ) ;
#1979 = LINE ( 'NONE', #1197, #992 ) ;
#1981 = PLANE ( 'NONE',  #1854 ) ;
#1980 = LINE ( 'NONE', #196, #545 ) ;
#1982 = CARTESIAN_POINT ( 'NONE',  ( 1.654822926257586424, 0.9759045052352379734, -1.529822926257583093 ) ) ;
#1983 = ORIENTED_EDGE ( 'NONE', *, *, #3070, .F. ) ;
#1984 = VECTOR ( 'NONE', #85, 1000.000000000000000 ) ;
#1985 = ORIENTED_EDGE ( 'NONE', *, *, #2031, .F. ) ;
#1986 = CARTESIAN_POINT ( 'NONE',  ( 1.904809703885628647, 0.7666666666666595020, 1.529809703885628869 ) ) ;
#1987 = SURFACE_STYLE_USAGE ( .BOTH. , #2584 ) ;
#1988 = CARTESIAN_POINT ( 'NONE',  ( 1.627817459305202830, 1.000000000000000000, -2.000000000000001332 ) ) ;
#1989 = EDGE_CURVE ( 'NONE', #2593, #3559, #5, .T. ) ;
#1990 = VECTOR ( 'NONE', #116, 1000.000000000000000 ) ;
#1991 = VERTEX_POINT ( 'NONE', #665 ) ;
#1992 = ADVANCED_FACE ( 'NONE', ( #1888 ), #982, .T. ) ;
#1993 = SURFACE_STYLE_USAGE ( .BOTH. , #511 ) ;
#1994 = CIRCLE ( 'NONE', #2716, 0.1250000000000001110 ) ;
#1995 = AXIS2_PLACEMENT_3D ( 'NONE', #451, #72, #1910 ) ;
#1996 = VERTEX_POINT ( 'NONE', #1878 ) ;
#1997 = CARTESIAN_POINT ( 'NONE',  ( 1.760875721063611010, 0.3000000000000003220, -1.725520382004283482 ) ) ;
#1998 = DIRECTION ( 'NONE',  ( 1.000000000000000000, 0.0000000000000000000, 0.0000000000000000000 ) ) ;
#1999 = FILL_AREA_STYLE ('',( #2664 ) ) ;
#2000 = LINE ( 'NONE', #1825, #2665 ) ;
#2001 = DIRECTION ( 'NONE',  ( -0.0000000000000000000, 1.000000000000000000, -0.0000000000000000000 ) ) ;
#2002 = DIRECTION ( 'NONE',  ( -0.0000000000000000000, -0.0000000000000000000, -1.000000000000000000 ) ) ;
#2003 = VECTOR ( 'NONE', #282, 999.9999999999998863 ) ;
#2004 = ORIENTED_EDGE ( 'NONE', *, *, #1624, .F. ) ;
#2005 = LINE ( 'NONE', #467, #708 ) ;
#2006 = EDGE_LOOP ( 'NONE', ( #1927, #2268, #1704, #3708, #202, #677 ) ) ;
#2007 = CARTESIAN_POINT ( 'NONE',  ( 1.000000000000001110, 0.09999999999999982514, 1.850000000000001421 ) ) ;
#2008 = PLANE ( 'NONE',  #980 ) ;
#2009 = EDGE_CURVE ( 'NONE', #1307, #795, #2374, .T. ) ;
#2010 = ADVANCED_FACE ( 'NONE', ( #1472 ), #1557, .T. ) ;
#2011 = FACE_OUTER_BOUND ( 'NONE', #1211, .T. ) ;
#2012 = EDGE_LOOP ( 'NONE', ( #1383, #3951, #2345, #195 ) ) ;
#2013 = CARTESIAN_POINT ( 'NONE',  ( 1.537500000000000755, 1.519454364826301696, 1.412499999999998535 ) ) ;
#2014 = PLANE ( 'NONE',  #112 ) ;
#2015 = CARTESIAN_POINT ( 'NONE',  ( 1.760875721063611010, 0.3000000000000003220, 1.725520382004283482 ) ) ;
#2016 = ORIENTED_EDGE ( 'NONE', *, *, #3947, .F. ) ;
#2017 = AXIS2_PLACEMENT_3D ( 'NONE', #169, #438, #482 ) ;
#2018 = EDGE_LOOP ( 'NONE', ( #805, #547, #2868, #932 ) ) ;
#2019 = CARTESIAN_POINT ( 'NONE',  ( -1.999999999999999112, 2.000000000000000000, 1.900000000000001465 ) ) ;
#2020 = CARTESIAN_POINT ( 'NONE',  ( 1.569450096823239660, 1.165900835168539595, -1.444450096823238772 ) ) ;
#2021 = ORIENTED_EDGE ( 'NONE', *, *, #3582, .F. ) ;
#2022 = LINE ( 'NONE', #3011, #2507 ) ;
#2023 = CARTESIAN_POINT ( 'NONE',  ( 1.790228998569204144, 1.304692355676190685, 1.415228998569220131 ) ) ;
#2024 = ORIENTED_EDGE ( 'NONE', *, *, #1485, .T. ) ;
#2025 = SURFACE_SIDE_STYLE ('',( #3314 ) ) ;
#2026 = FACE_OUTER_BOUND ( 'NONE', #1651, .T. ) ;
#2027 = CARTESIAN_POINT ( 'NONE',  ( 1.831586399182265845, 1.000000000000000000, 1.796231060122938095 ) ) ;
#2028 = EDGE_LOOP ( 'NONE', ( #3946, #3597, #131, #1369, #2269, #3531, #938, #3449, #1142, #2645, #2521, #991, #1536, #1091 ) ) ;
#2029 = CIRCLE ( 'NONE', #1861, 0.1250000000000001110 ) ;
#2030 = CARTESIAN_POINT ( 'NONE',  ( 1.000000000000001110, 0.0000000000000000000, -2.000000000000001332 ) ) ;
#2031 = EDGE_CURVE ( 'NONE', #1429, #1076, #3042, .T. ) ;
#2032 = FACE_OUTER_BOUND ( 'NONE', #2556, .T. ) ;
#2033 = ORIENTED_EDGE ( 'NONE', *, *, #3315, .T. ) ;
#2034 = PLANE ( 'NONE',  #2881 ) ;
#2035 = CARTESIAN_POINT ( 'NONE',  ( 1.349337601876786641, 1.147511096119618434, 1.724337601876793302 ) ) ;
#2036 = VERTEX_POINT ( 'NONE', #1581 ) ;
#2037 = CARTESIAN_POINT ( 'NONE',  ( -0.8999999999999992450, 1.800000000000000711, -1.900000000000001688 ) ) ;
#2038 = EDGE_CURVE ( 'NONE', #81, #1636, #2235, .T. ) ;
#2039 = LINE ( 'NONE', #740, #3284 ) ;
#2040 = DIRECTION ( 'NONE',  ( 0.7071067811865517916, 0.0000000000000000000, -0.7071067811865432429 ) ) ;
#2041 = AXIS2_PLACEMENT_3D ( 'NONE', #1816, #1848, #2186 ) ;
#2042 = EDGE_CURVE ( 'NONE', #3666, #227, #214, .T. ) ;
#2043 = CARTESIAN_POINT ( 'NONE',  ( -0.8999999999999992450, 1.900000000000000355, 1.900000000000001688 ) ) ;
#2044 = CARTESIAN_POINT ( 'NONE',  ( 1.796231060122937873, 1.000000000000000000, 1.478033008588991004 ) ) ;
#2045 = LINE ( 'NONE', #2685, #1713 ) ;
#2046 = UNCERTAINTY_MEASURE_WITH_UNIT (LENGTH_MEASURE( 1.000000000000000082E-05 ), #3566, 'distance_accuracy_value', 'NONE');
#2047 = CARTESIAN_POINT ( 'NONE',  ( 1.405761816425728172, 0.9945722244453273353, 1.530761816425733945 ) ) ;
#2048 = CARTESIAN_POINT ( 'NONE',  ( 1.796231060122937873, 1.000000000000000000, -1.478033008588991004 ) ) ;
#2049 = CARTESIAN_POINT ( 'NONE',  ( 1.760875721063611010, 1.000000000000000000, -1.725520382004283482 ) ) ;
#2050 = LINE ( 'NONE', #1638, #1800 ) ;
#2051 = ORIENTED_EDGE ( 'NONE', *, *, #1705, .F. ) ;
#2052 = CARTESIAN_POINT ( 'NONE',  ( 1.725520382004283260, 0.3000000000000003220, -1.548743686707646505 ) ) ;
#2053 = EDGE_LOOP ( 'NONE', ( #2923, #2837, #2155, #1056 ) ) ;
#2054 = LINE ( 'NONE', #1616, #3890 ) ;
#2055 = VERTEX_POINT ( 'NONE', #31 ) ;
#2056 = DIRECTION ( 'NONE',  ( 1.000000000000000000, 0.0000000000000000000, 0.0000000000000000000 ) ) ;
#2057 = DIRECTION ( 'NONE',  ( 1.000000000000000000, 0.0000000000000000000, 0.0000000000000000000 ) ) ;
#2059 = ORIENTED_EDGE ( 'NONE', *, *, #2649, .F. ) ;
#2058 = CARTESIAN_POINT ( 'NONE',  ( 1.904762455411260325, 1.050633703369597161, -1.779762455411263655 ) ) ;
#2060 = EDGE_CURVE ( 'NONE', #486, #1203, #634, .T. ) ;
#2061 = CARTESIAN_POINT ( 'NONE',  ( 1.654778534646938803, 1.039066316974709414, 1.779778534646942800 ) ) ;
#2062 = ORIENTED_EDGE ( 'NONE', *, *, #328, .T. ) ;
#2063 = CARTESIAN_POINT ( 'NONE',  ( 1.831586399182265845, 1.000000000000000000, -1.796231060122938095 ) ) ;
#2064 = DIRECTION ( 'NONE',  ( 0.0000000000000000000, 0.0000000000000000000, -1.000000000000000000 ) ) ;
#2065 = ORIENTED_EDGE ( 'NONE', *, *, #133, .F. ) ;
#2066 = CARTESIAN_POINT ( 'NONE',  ( 1.859334189032889384, 1.259245496154484112, 1.734334189032894047 ) ) ;
#2067 = ORIENTED_EDGE ( 'NONE', *, *, #2322, .T. ) ;
#2068 = DIRECTION ( 'NONE',  ( 0.7071067811865464625, 0.0000000000000000000, 0.7071067811865486830 ) ) ;
#2069 = CARTESIAN_POINT ( 'NONE',  ( 1.287500000000000755, 1.165900974233027965, -1.662500000000000977 ) ) ;
#2070 = AXIS2_PLACEMENT_3D ( 'NONE', #3118, #1296, #1570 ) ;
#2071 = EDGE_LOOP ( 'NONE', ( #2838, #3418, #128, #3424 ) ) ;
#2072 = LINE ( 'NONE', #1870, #2179 ) ;
#2073 = DIRECTION ( 'NONE',  ( 0.7071067811865464625, 0.0000000000000000000, -0.7071067811865486830 ) ) ;
#2074 = CARTESIAN_POINT ( 'NONE',  ( 1.654809703885614880, 0.5333333333333255544, -1.779809703885629313 ) ) ;
#2075 = DIRECTION ( 'NONE',  ( 0.0000000000000000000, 0.0000000000000000000, 1.000000000000000000 ) ) ;
#2076 = LINE ( 'NONE', #1306, #158 ) ;
#2077 = ORIENTED_EDGE ( 'NONE', *, *, #2801, .F. ) ;
#2078 = CARTESIAN_POINT ( 'NONE',  ( 1.831586399182265401, 0.3000000000000003220, -1.513388347648318533 ) ) ;
#2079 = CARTESIAN_POINT ( 'NONE',  ( 1.404809703885627536, 0.8833333333333360793, 1.779809703885629091 ) ) ;
#2080 = VECTOR ( 'NONE', #1896, 1000.000000000000114 ) ;
#2081 = EDGE_LOOP ( 'NONE', ( #995, #542, #2600, #3832 ) ) ;
#2082 = EDGE_CURVE ( 'NONE', #2856, #418, #3144, .T. ) ;
#2083 = CARTESIAN_POINT ( 'NONE',  ( 1.654809703885628203, 1.000000000000000000, 1.619454364826300452 ) ) ;
#2084 = CARTESIAN_POINT ( 'NONE',  ( 1.412500000000000977, 1.342677669529664275, -1.537499999999999423 ) ) ;
#2085 = LINE ( 'NONE', #2650, #1519 ) ;
#2086 = ORIENTED_EDGE ( 'NONE', *, *, #1908, .F. ) ;
#2087 = CARTESIAN_POINT ( 'NONE',  ( 1.654822926257586424, 0.9759045052352379734, 1.529822926257583093 ) ) ;
#2088 = DIRECTION ( 'NONE',  ( 1.000000000000000000, 0.0000000000000000000, -2.940209281316623481E-16 ) ) ;
#2089 = PLANE ( 'NONE',  #329 ) ;
#2090 = EDGE_CURVE ( 'NONE', #408, #1273, #3917, .T. ) ;
#2091 = DIRECTION ( 'NONE',  ( 2.168404344971008128E-16, 0.0000000000000000000, -1.000000000000000000 ) ) ;
#2092 = CARTESIAN_POINT ( 'NONE',  ( 1.049999999999998934, 0.3000000000000003220, 1.800000000000001155 ) ) ;
#2094 = CARTESIAN_POINT ( 'NONE',  ( 1.904809703885628647, 0.7666666666666595020, 1.779809703885629313 ) ) ;
#2093 = LINE ( 'NONE', #686, #2298 ) ;
#2095 = EDGE_CURVE ( 'NONE', #291, #1076, #689, .T. ) ;
#2096 = FACE_OUTER_BOUND ( 'NONE', #3802, .T. ) ;
#2097 = ORIENTED_EDGE ( 'NONE', *, *, #1526, .F. ) ;
#2098 = CARTESIAN_POINT ( 'NONE',  ( 1.654809703885628203, 1.000000000000000000, -1.519454364826300585 ) ) ;
#2099 = CARTESIAN_POINT ( 'NONE',  ( 1.624810064830503054, 1.171021072251432482, -1.749810064830506606 ) ) ;
#2100 = LINE ( 'NONE', #3117, #2389 ) ;
#2101 = ORIENTED_EDGE ( 'NONE', *, *, #2586, .T. ) ;
#2102 = DIRECTION ( 'NONE',  ( -0.0000000000000000000, -1.000000000000000000, -0.0000000000000000000 ) ) ;
#2103 = DIRECTION ( 'NONE',  ( -0.0000000000000000000, 1.000000000000000000, 0.0000000000000000000 ) ) ;
#2104 = CARTESIAN_POINT ( 'NONE',  ( 1.648619223800357414, 1.088852525817258332, -1.773619223800353639 ) ) ;
#2105 = ORIENTED_EDGE ( 'NONE', *, *, #837, .F. ) ;
#2106 = ORIENTED_EDGE ( 'NONE', *, *, #1180, .T. ) ;
#2107 = CARTESIAN_POINT ( 'NONE',  ( 1.904809703885634198, 0.7083333333333363679, 1.779809703885629757 ) ) ;
#2108 = FILL_AREA_STYLE_COLOUR ( '', #2517 ) ;
#2109 = EDGE_CURVE ( 'NONE', #383, #1494, #737, .T. ) ;
#2110 = VERTEX_POINT ( 'NONE', #103 ) ;
#2111 = DIRECTION ( 'NONE',  ( 0.0000000000000000000, -1.000000000000000000, 0.0000000000000000000 ) ) ;
#2112 = CARTESIAN_POINT ( 'NONE',  ( 1.631708315529723619, 1.101211475303320420, -1.506708315529715625 ) ) ;
#2113 = VECTOR ( 'NONE', #2982, 1000.000000000000000 ) ;
#2114 = ORIENTED_EDGE ( 'NONE', *, *, #890, .T. ) ;
#2115 = EDGE_CURVE ( 'NONE', #2515, #2639, #2331, .T. ) ;
#2116 = STYLED_ITEM ( 'NONE', ( #485 ), #3906 ) ;
#2117 = PLANE ( 'NONE',  #3124 ) ;
#2118 = DIRECTION ( 'NONE',  ( 0.0000000000000000000, 0.0000000000000000000, 1.000000000000000000 ) ) ;
#2119 = DIRECTION ( 'NONE',  ( -1.000000000000000000, 0.0000000000000000000, 0.0000000000000000000 ) ) ;
#2120 = ORIENTED_EDGE ( 'NONE', *, *, #1643, .F. ) ;
#2121 = CARTESIAN_POINT ( 'NONE',  ( 1.557106781186547995, 1.000000000000000000, -1.929289321881346719 ) ) ;
#2122 = AXIS2_PLACEMENT_3D ( 'NONE', #3032, #3332, #2383 ) ;
#2123 = EDGE_LOOP ( 'NONE', ( #1046, #725, #1593, #1731 ) ) ;
#2124 = CARTESIAN_POINT ( 'NONE',  ( 1.405006174040074995, 0.9971800459367169411, 1.530006174040070333 ) ) ;
#2125 = FILL_AREA_STYLE ('',( #2108 ) ) ;
#2126 = VECTOR ( 'NONE', #2282, 1000.000000000000000 ) ;
#2127 = VERTEX_POINT ( 'NONE', #1435 ) ;
#2128 = CARTESIAN_POINT ( 'NONE',  ( 1.049999999999998934, 0.1499999999999997446, 1.080487804878050184 ) ) ;
#2129 = LINE ( 'NONE', #3308, #3139 ) ;
#2130 = CARTESIAN_POINT ( 'NONE',  ( 1.404808837086445106, 0.9860402411508939480, -1.529808837086442219 ) ) ;
#2132 = CARTESIAN_POINT ( 'NONE',  ( 1.725520382004283260, 1.000000000000000000, 1.548743686707646505 ) ) ;
#2131 = SURFACE_STYLE_FILL_AREA ( #1844 ) ;
#2133 = ORIENTED_EDGE ( 'NONE', *, *, #543, .F. ) ;
#2134 = CARTESIAN_POINT ( 'NONE',  ( -1.999999999999999112, 2.000000000000000000, 1.900000000000001465 ) ) ;
#2135 = VECTOR ( 'NONE', #3603, 1000.000000000000000 ) ;
#2136 = ORIENTED_EDGE ( 'NONE', *, *, #2628, .F. ) ;
#2137 = CARTESIAN_POINT ( 'NONE',  ( 1.654809703885627981, 0.8541666666666696273, 1.779809703885628869 ) ) ;
#2138 = CARTESIAN_POINT ( 'NONE',  ( -1.900000000000000133, 1.000000000000000000, 2.000000000000002220 ) ) ;
#2139 = FACE_OUTER_BOUND ( 'NONE', #2273, .T. ) ;
#2140 = EDGE_CURVE ( 'NONE', #1801, #278, #784, .T. ) ;
#2141 = CARTESIAN_POINT ( 'NONE',  ( 1.412500000000000533, 0.9891242789363902110, -1.537500000000000755 ) ) ;
#2142 = CARTESIAN_POINT ( 'NONE',  ( 1.120710678118653769, 1.000000000000000000, 1.870710678118656212 ) ) ;
#2143 = DIRECTION ( 'NONE',  ( -1.000000000000000000, -0.0000000000000000000, -0.0000000000000000000 ) ) ;
#2144 = DIRECTION ( 'NONE',  ( -1.000000000000000000, -0.0000000000000000000, -0.0000000000000000000 ) ) ;
#2145 = AXIS2_PLACEMENT_3D ( 'NONE', #161, #2567, #3200 ) ;
#2146 = VECTOR ( 'NONE', #1138, 1000.000000000000000 ) ;
#2147 = CARTESIAN_POINT ( 'NONE',  ( -1.999999999999999112, 0.05000000000000000278, 1.900000000000001465 ) ) ;
#2148 = LINE ( 'NONE', #3439, #753 ) ;
#2149 = PRODUCT_DEFINITION_CONTEXT ( 'detailed design', #3834, 'design' ) ;
#2150 = ORIENTED_EDGE ( 'NONE', *, *, #863, .T. ) ;
#2151 = AXIS2_PLACEMENT_3D ( 'NONE', #2918, #3220, #2306 ) ;
#2152 = ORIENTED_EDGE ( 'NONE', *, *, #3507, .F. ) ;
#2153 = CARTESIAN_POINT ( 'NONE',  ( -0.8999999999999992450, 1.800000000000000711, 2.000000000000001776 ) ) ;
#2154 = CARTESIAN_POINT ( 'NONE',  ( 1.654809703885627981, 0.8541666666666696273, -1.529809703885628647 ) ) ;
#2155 = ORIENTED_EDGE ( 'NONE', *, *, #2734, .F. ) ;
#2156 = ADVANCED_FACE ( 'NONE', ( #1782 ), #2034, .T. ) ;
#2157 = CARTESIAN_POINT ( 'NONE',  ( -0.8999999999999992450, 1.800000000000000711, 1.900000000000001688 ) ) ;
#2158 = CARTESIAN_POINT ( 'NONE',  ( -0.9999999999999988898, 0.1000000000000000056, 1.100000000000001643 ) ) ;
#2159 = ORIENTED_EDGE ( 'NONE', *, *, #2266, .T. ) ;
#2160 = DIRECTION ( 'NONE',  ( 0.0000000000000000000, -1.000000000000000000, 0.0000000000000000000 ) ) ;
#2161 = CARTESIAN_POINT ( 'NONE',  ( 1.904809703885628647, 0.8541666666666697383, -1.779809703885629313 ) ) ;
#2162 = DIRECTION ( 'NONE',  ( 0.0000000000000000000, 1.000000000000000000, 0.0000000000000000000 ) ) ;
#2163 = ORIENTED_EDGE ( 'NONE', *, *, #1750, .F. ) ;
#2164 = DIRECTION ( 'NONE',  ( -0.0000000000000000000, -1.000000000000000000, -0.0000000000000000000 ) ) ;
#2165 = DIRECTION ( 'NONE',  ( 0.0000000000000000000, 0.0000000000000000000, 1.000000000000000000 ) ) ;
#2166 = EDGE_CURVE ( 'NONE', #2335, #3310, #1428, .T. ) ;
#2167 = VECTOR ( 'NONE', #3719, 1000.000000000000000 ) ;
#2168 = VERTEX_POINT ( 'NONE', #1633 ) ;
#2169 = CARTESIAN_POINT ( 'NONE',  ( 1.654822926257586424, 0.9759045052352379734, -1.529822926257583093 ) ) ;
#2170 = DIRECTION ( 'NONE',  ( 0.0000000000000000000, 0.0000000000000000000, 1.000000000000000000 ) ) ;
#2171 = VERTEX_POINT ( 'NONE', #820 ) ;
#2172 = AXIS2_PLACEMENT_3D ( 'NONE', #1804, #16, #3790 ) ;
#2173 = PRESENTATION_LAYER_ASSIGNMENT (  '', '', ( #19 ) ) ;
#2174 = ORIENTED_EDGE ( 'NONE', *, *, #3419, .F. ) ;
#2175 = VECTOR ( 'NONE', #225, 1000.000000000000000 ) ;
#2176 = DIRECTION ( 'NONE',  ( -0.0000000000000000000, -1.000000000000000000, 0.0000000000000000000 ) ) ;
#2177 = DIRECTION ( 'NONE',  ( 0.0000000000000000000, 0.0000000000000000000, 1.000000000000000000 ) ) ;
#2178 = FILL_AREA_STYLE_COLOUR ( '', #2607 ) ;
#2179 = VECTOR ( 'NONE', #1430, 1000.000000000000000 ) ;
#2180 = ADVANCED_FACE ( 'NONE', ( #3871 ), #3654, .T. ) ;
#2181 = EDGE_CURVE ( 'NONE', #1636, #428, #2467, .T. ) ;
#2182 = PLANE ( 'NONE',  #1209 ) ;
#2183 = CARTESIAN_POINT ( 'NONE',  ( 1.000000000000001110, 0.09999999999999982514, -1.850000000000001421 ) ) ;
#2184 = VECTOR ( 'NONE', #381, 1000.000000000000000 ) ;
#2185 = VERTEX_POINT ( 'NONE', #3641 ) ;
#2186 = DIRECTION ( 'NONE',  ( 0.0000000000000000000, -0.0000000000000000000, 1.000000000000000000 ) ) ;
#2187 = DIRECTION ( 'NONE',  ( 0.0000000000000000000, -1.000000000000000000, -0.0000000000000000000 ) ) ;
#2188 = DIRECTION ( 'NONE',  ( 1.000000000000000000, 2.409338161078897208E-16, 0.0000000000000000000 ) ) ;
#2189 = LINE ( 'NONE', #3390, #3423 ) ;
#2190 = ORIENTED_EDGE ( 'NONE', *, *, #548, .T. ) ;
#2191 = DIRECTION ( 'NONE',  ( -1.000000000000000000, 0.0000000000000000000, 0.0000000000000000000 ) ) ;
#2192 = CARTESIAN_POINT ( 'NONE',  ( -1.900000000000000133, 1.000000000000000000, -1.900000000000002354 ) ) ;
#2193 = CARTESIAN_POINT ( 'NONE',  ( 1.654809703885633754, 0.7083333333333362569, 1.529809703885629091 ) ) ;
#2194 = DIRECTION ( 'NONE',  ( -1.000000000000000000, 2.409338161078894743E-16, 0.0000000000000000000 ) ) ;
#2195 = ORIENTED_EDGE ( 'NONE', *, *, #721, .F. ) ;
#2196 = DIRECTION ( 'NONE',  ( 1.000000000000000000, 0.0000000000000000000, 0.0000000000000000000 ) ) ;
#2197 = CARTESIAN_POINT ( 'NONE',  ( 1.725520382004283260, 0.3000000000000003220, 1.548743686707646505 ) ) ;
#2198 = DIRECTION ( 'NONE',  ( 2.409338161078894743E-16, 1.000000000000000000, 0.0000000000000000000 ) ) ;
#2199 = EDGE_CURVE ( 'NONE', #1551, #295, #3724, .T. ) ;
#2200 = STYLED_ITEM ( 'NONE', ( #856 ), #3478 ) ;
#2201 = CARTESIAN_POINT ( 'NONE',  ( 1.904809703885615546, 0.5333333333333255544, 1.529809703885629313 ) ) ;
#2202 = ADVANCED_FACE ( 'NONE', ( #1700 ), #2428, .T. ) ;
#2203 = DIRECTION ( 'NONE',  ( 0.7071067811865474617, 0.0000000000000000000, 0.7071067811865474617 ) ) ;
#2204 = LINE ( 'NONE', #2720, #3339 ) ;
#2205 = ORIENTED_EDGE ( 'NONE', *, *, #45, .T. ) ;
#2206 = CARTESIAN_POINT ( 'NONE',  ( 1.637539299517006386, 1.519453929400043313, -1.512539299517000169 ) ) ;
#2207 = VECTOR ( 'NONE', #1690, 1000.000000000000000 ) ;
#2208 = VERTEX_POINT ( 'NONE', #254 ) ;
#2209 = CARTESIAN_POINT ( 'NONE',  ( -1.999999999999999112, 2.000000000000000000, 1.900000000000001465 ) ) ;
#2210 = PLANE ( 'NONE',  #604 ) ;
#2211 = DIRECTION ( 'NONE',  ( 1.000000000000000000, 0.0000000000000000000, 0.0000000000000000000 ) ) ;
#2212 = VERTEX_POINT ( 'NONE', #3337 ) ;
#2213 = DIRECTION ( 'NONE',  ( 0.0000000000000000000, 0.0000000000000000000, 1.000000000000000000 ) ) ;
#2214 = CARTESIAN_POINT ( 'NONE',  ( 1.654809703885627981, 0.8541666666666696273, 1.779809703885628869 ) ) ;
#2215 = VERTEX_POINT ( 'NONE', #1539 ) ;
#2216 = PLANE ( 'NONE',  #74 ) ;
#2217 = DIRECTION ( 'NONE',  ( -0.0000000000000000000, -1.000000000000000000, -0.0000000000000000000 ) ) ;
#2218 = CIRCLE ( 'NONE', #928, 0.09999999999999982514 ) ;
#2219 = CARTESIAN_POINT ( 'NONE',  ( 1.654809703885626870, 0.4166666666666611341, 1.529809703885629979 ) ) ;
#2220 = CARTESIAN_POINT ( 'NONE',  ( 1.408446205184361144, 0.9903298365630175404, -1.533446205184372024 ) ) ;
#2221 = ORIENTED_EDGE ( 'NONE', *, *, #3193, .F. ) ;
#2222 = ADVANCED_FACE ( 'NONE', ( #2919 ), #341, .F. ) ;
#2223 = CARTESIAN_POINT ( 'NONE',  ( 1.000000000000001110, 0.0000000000000000000, 2.000000000000001332 ) ) ;
#2224 = ORIENTED_EDGE ( 'NONE', *, *, #3892, .F. ) ;
#2225 = CARTESIAN_POINT ( 'NONE',  ( -0.9999999999999972244, 0.09999999999999982514, -1.850000000000001421 ) ) ;
#2226 = VECTOR ( 'NONE', #9, 999.9999999999998863 ) ;
#2227 = EDGE_CURVE ( 'NONE', #1403, #1761, #1188, .T. ) ;
#2228 = ORIENTED_EDGE ( 'NONE', *, *, #2253, .F. ) ;
#2229 = VECTOR ( 'NONE', #2251, 1000.000000000000000 ) ;
#2230 = CARTESIAN_POINT ( 'NONE',  ( 1.651812698920217981, 1.043016285876988691, 1.526812698920210876 ) ) ;
#2231 = ORIENTED_EDGE ( 'NONE', *, *, #2717, .T. ) ;
#2232 = MANIFOLD_SOLID_BREP ( 'Mirror1[2]', #3378 ) ;
#2233 = PLANE ( 'NONE',  #3784 ) ;
#2234 = CARTESIAN_POINT ( 'NONE',  ( 1.654809703885633754, 0.7083333333333362569, -1.529809703885629091 ) ) ;
#2235 = LINE ( 'NONE', #3716, #1387 ) ;
#2236 = MECHANICAL_DESIGN_GEOMETRIC_PRESENTATION_REPRESENTATION (  '', ( #3182 ), #553 ) ;
#2237 = VERTEX_POINT ( 'NONE', #661 ) ;
#2238 = DIRECTION ( 'NONE',  ( -1.000000000000000000, 2.409338161078894743E-16, 0.0000000000000000000 ) ) ;
#2239 = CARTESIAN_POINT ( 'NONE',  ( 1.831586399182265845, 1.000000000000000000, -1.796231060122938095 ) ) ;
#2240 = LINE ( 'NONE', #2360, #3578 ) ;
#2241 = ORIENTED_EDGE ( 'NONE', *, *, #3923, .T. ) ;
#2242 = CARTESIAN_POINT ( 'NONE',  ( 1.624810064830503054, 1.171021072251432482, 1.749810064830506606 ) ) ;
#2243 = ADVANCED_FACE ( 'NONE', ( #2032 ), #410, .T. ) ;
#2244 = DIRECTION ( 'NONE',  ( -0.0000000000000000000, -1.000000000000000000, -0.0000000000000000000 ) ) ;
#2245 = VECTOR ( 'NONE', #2604, 1000.000000000000000 ) ;
#2246 = CARTESIAN_POINT ( 'NONE',  ( 1.000000000000001110, 0.3000000000000003220, 2.000000000000001332 ) ) ;
#2247 = DIRECTION ( 'NONE',  ( -2.409338161078897208E-16, 1.000000000000000000, 0.0000000000000000000 ) ) ;
#2248 = CARTESIAN_POINT ( 'NONE',  ( 1.404794613882617726, 1.027498930579821446, -1.779794613882621945 ) ) ;
#2249 = EDGE_CURVE ( 'NONE', #3517, #536, #2759, .T. ) ;
#2250 = CARTESIAN_POINT ( 'NONE',  ( 1.191421356237308604, 1.000000000000000000, -1.941421356237311047 ) ) ;
#2251 = DIRECTION ( 'NONE',  ( 0.7071067811865517916, 0.0000000000000000000, 0.7071067811865432429 ) ) ;
#2252 = VECTOR ( 'NONE', #3612, 1000.000000000000114 ) ;
#2253 = EDGE_CURVE ( 'NONE', #2318, #418, #2707, .T. ) ;
#2254 = AXIS2_PLACEMENT_3D ( 'NONE', #1052, #2849, #2865 ) ;
#2256 = CARTESIAN_POINT ( 'NONE',  ( 1.654794613882616172, 1.027498930579819669, 1.529794613882619725 ) ) ;
#2255 = LINE ( 'NONE', #2462, #2776 ) ;
#2257 = ORIENTED_EDGE ( 'NONE', *, *, #1724, .T. ) ;
#2258 = FILL_AREA_STYLE ('',( #3807 ) ) ;
#2259 = EDGE_LOOP ( 'NONE', ( #2992, #3366, #1808, #3649, #3405 ) ) ;
#2260 = DIRECTION ( 'NONE',  ( -1.000000000000000000, -0.0000000000000000000, -0.0000000000000000000 ) ) ;
#2261 = VECTOR ( 'NONE', #772, 1000.000000000000000 ) ;
#2262 = ORIENTED_EDGE ( 'NONE', *, *, #2705, .F. ) ;
#2263 = DIRECTION ( 'NONE',  ( -0.0000000000000000000, -1.000000000000000000, 0.0000000000000000000 ) ) ;
#2264 = CARTESIAN_POINT ( 'NONE',  ( 1.654809703885626870, 0.2999999999999999334, -1.779809703885630201 ) ) ;
#2265 = AXIS2_PLACEMENT_3D ( 'NONE', #1835, #1543, #3135 ) ;
#2266 = EDGE_CURVE ( 'NONE', #1692, #1636, #1233, .T. ) ;
#2267 = ADVANCED_FACE ( 'NONE', ( #3720 ), #3091, .T. ) ;
#2268 = ORIENTED_EDGE ( 'NONE', *, *, #909, .F. ) ;
#2269 = ORIENTED_EDGE ( 'NONE', *, *, #1240, .T. ) ;
#2270 = CARTESIAN_POINT ( 'NONE',  ( 1.831586399182265401, 0.3000000000000003220, 1.513388347648318533 ) ) ;
#2271 = CARTESIAN_POINT ( 'NONE',  ( 1.120710678118653769, 0.3000000000000003220, -1.870710678118656212 ) ) ;
#2272 = VECTOR ( 'NONE', #432, 1000.000000000000000 ) ;
#2273 = EDGE_LOOP ( 'NONE', ( #2308, #3497, #3555, #2746 ) ) ;
#2274 = VECTOR ( 'NONE', #2371, 1000.000000000000000 ) ;
#2275 = EDGE_LOOP ( 'NONE', ( #2861, #1051, #3030, #1040 ) ) ;
#2276 = DIRECTION ( 'NONE',  ( 0.0000000000000000000, 1.000000000000000000, 0.0000000000000000000 ) ) ;
#2277 = CARTESIAN_POINT ( 'NONE',  ( 1.648619223800357414, 1.088852525817258332, -1.773619223800353639 ) ) ;
#2278 = ORIENTED_EDGE ( 'NONE', *, *, #3480, .T. ) ;
#2279 = DIRECTION ( 'NONE',  ( 0.7071067811865474617, 0.0000000000000000000, 0.7071067811865474617 ) ) ;
#2280 = CARTESIAN_POINT ( 'NONE',  ( -0.8999999999999992450, 1.900000000000000355, -2.000000000000001776 ) ) ;
#2281 = DIRECTION ( 'NONE',  ( -0.0000000000000000000, -1.000000000000000000, 0.0000000000000000000 ) ) ;
#2282 = DIRECTION ( 'NONE',  ( -0.0000000000000000000, -1.000000000000000000, 0.0000000000000000000 ) ) ;
#2283 = EDGE_CURVE ( 'NONE', #923, #3652, #1103, .T. ) ;
#2284 = FACE_OUTER_BOUND ( 'NONE', #323, .T. ) ;
#2285 = ADVANCED_FACE ( 'NONE', ( #1281 ), #1884, .T. ) ;
#2286 = SURFACE_STYLE_FILL_AREA ( #468 ) ;
#2287 = ORIENTED_EDGE ( 'NONE', *, *, #1676, .F. ) ;
#2288 = EDGE_CURVE ( 'NONE', #3451, #2549, #2810, .T. ) ;
#2289 = CARTESIAN_POINT ( 'NONE',  ( 1.760875721063611010, 0.3000000000000003220, 1.725520382004283482 ) ) ;
#2290 = CARTESIAN_POINT ( 'NONE',  ( 1.654809703885626870, 0.4166666666666611341, -1.529809703885629979 ) ) ;
#2291 = VERTEX_POINT ( 'NONE', #678 ) ;
#2292 = AXIS2_PLACEMENT_3D ( 'NONE', #1330, #3133, #3462 ) ;
#2294 = CARTESIAN_POINT ( 'NONE',  ( 1.631708315529723619, 1.101211475303320420, 1.506708315529715625 ) ) ;
#2293 = LINE ( 'NONE', #973, #3485 ) ;
#2295 = ORIENTED_EDGE ( 'NONE', *, *, #1337, .F. ) ;
#2296 = CARTESIAN_POINT ( 'NONE',  ( 1.049999999999998934, 1.000000000000000000, 2.000000000000001332 ) ) ;
#2297 = CARTESIAN_POINT ( 'NONE',  ( 1.000000000000001110, 0.1499999999999997446, -1.900000000000001243 ) ) ;
#2298 = VECTOR ( 'NONE', #1236, 1000.000000000000000 ) ;
#2299 = CARTESIAN_POINT ( 'NONE',  ( 1.513388347648318977, 0.3000000000000003220, 1.478033008588990782 ) ) ;
#2300 = DIRECTION ( 'NONE',  ( 0.0000000000000000000, -1.000000000000000000, 0.0000000000000000000 ) ) ;
#2301 = VECTOR ( 'NONE', #1012, 1000.000000000000000 ) ;
#2302 = EDGE_CURVE ( 'NONE', #881, #1838, #2076, .T. ) ;
#2303 = ORIENTED_EDGE ( 'NONE', *, *, #73, .F. ) ;
#2304 = ADVANCED_FACE ( 'NONE', ( #3231 ), #2210, .T. ) ;
#2305 = CARTESIAN_POINT ( 'NONE',  ( 1.904809703885627314, 0.2999999999999998779, 1.529809703885630201 ) ) ;
#2306 = DIRECTION ( 'NONE',  ( 0.0000000000000000000, 0.0000000000000000000, 1.000000000000000000 ) ) ;
#2307 = LINE ( 'NONE', #1112, #1535 ) ;
#2308 = ORIENTED_EDGE ( 'NONE', *, *, #2728, .F. ) ;
#2309 = EDGE_CURVE ( 'NONE', #2185, #3225, #400, .T. ) ;
#2310 = ORIENTED_EDGE ( 'NONE', *, *, #1101, .T. ) ;
#2311 = DIRECTION ( 'NONE',  ( -1.000000000000000000, 0.0000000000000000000, -0.0000000000000000000 ) ) ;
#2312 = CARTESIAN_POINT ( 'NONE',  ( 1.760875721063611010, 0.3000000000000003220, 1.725520382004283482 ) ) ;
#2313 = SURFACE_STYLE_USAGE ( .BOTH. , #206 ) ;
#2314 = ORIENTED_EDGE ( 'NONE', *, *, #492, .F. ) ;
#2315 = EDGE_CURVE ( 'NONE', #3222, #630, #3092, .T. ) ;
#2316 = ORIENTED_EDGE ( 'NONE', *, *, #3602, .F. ) ;
#2317 = DIRECTION ( 'NONE',  ( 0.0000000000000000000, 0.0000000000000000000, -1.000000000000000000 ) ) ;
#2318 = VERTEX_POINT ( 'NONE', #3146 ) ;
#2319 = SURFACE_STYLE_FILL_AREA ( #1263 ) ;
#2320 = ADVANCED_FACE ( 'NONE', ( #2461 ), #1050, .F. ) ;
#2321 = FACE_OUTER_BOUND ( 'NONE', #2733, .T. ) ;
#2322 = EDGE_CURVE ( 'NONE', #2652, #657, #1739, .T. ) ;
#2323 = DIRECTION ( 'NONE',  ( 0.0000000000000000000, 0.0000000000000000000, 1.000000000000000000 ) ) ;
#2324 = DIRECTION ( 'NONE',  ( 0.0000000000000000000, 1.000000000000000000, 0.0000000000000000000 ) ) ;
#2325 =( NAMED_UNIT ( * ) SI_UNIT ( $, .STERADIAN. ) SOLID_ANGLE_UNIT ( ) );
#2326 = ORIENTED_EDGE ( 'NONE', *, *, #3774, .F. ) ;
#2327 = CARTESIAN_POINT ( 'NONE',  ( 1.904809703885628647, 0.7666666666666595020, 1.779809703885629313 ) ) ;
#2328 = CARTESIAN_POINT ( 'NONE',  ( 2.000000000000000000, 2.000000000000000000, -1.900000000000001465 ) ) ;
#2329 = DIRECTION ( 'NONE',  ( -0.0000000000000000000, -1.000000000000000000, -0.0000000000000000000 ) ) ;
#2330 = EDGE_CURVE ( 'NONE', #1160, #35, #780, .T. ) ;
#2331 = LINE ( 'NONE', #3742, #3671 ) ;
#2332 = ORIENTED_EDGE ( 'NONE', *, *, #647, .T. ) ;
#2333 = LINE ( 'NONE', #2391, #1055 ) ;
#2334 = AXIS2_PLACEMENT_3D ( 'NONE', #1586, #2523, #391 ) ;
#2335 = VERTEX_POINT ( 'NONE', #3770 ) ;
#2336 = PLANE ( 'NONE',  #504 ) ;
#2337 = DIRECTION ( 'NONE',  ( 0.0000000000000000000, -0.0000000000000000000, -1.000000000000000000 ) ) ;
#2338 = LINE ( 'NONE', #3055, #1571 ) ;
#2339 = DIRECTION ( 'NONE',  ( -1.000000000000000000, -0.0000000000000000000, 0.0000000000000000000 ) ) ;
#2340 = SURFACE_STYLE_USAGE ( .BOTH. , #2025 ) ;
#2341 = FACE_OUTER_BOUND ( 'NONE', #1374, .T. ) ;
#2342 = VECTOR ( 'NONE', #2988, 1000.000000000000000 ) ;
#2343 =( NAMED_UNIT ( * ) SI_UNIT ( $, .STERADIAN. ) SOLID_ANGLE_UNIT ( ) );
#2344 = CIRCLE ( 'NONE', #797, 0.1000000000000002554 ) ;
#2345 = ORIENTED_EDGE ( 'NONE', *, *, #2873, .F. ) ;
#2346 = DIRECTION ( 'NONE',  ( 4.818676322157799347E-16, 0.0000000000000000000, -1.000000000000000000 ) ) ;
#2347 = DIRECTION ( 'NONE',  ( -0.0000000000000000000, 1.000000000000000000, -0.0000000000000000000 ) ) ;
#2348 = UNCERTAINTY_MEASURE_WITH_UNIT (LENGTH_MEASURE( 1.000000000000000082E-05 ), #1728, 'distance_accuracy_value', 'NONE');
#2349 = EDGE_CURVE ( 'NONE', #1529, #428, #3915, .T. ) ;
#2350 = ORIENTED_EDGE ( 'NONE', *, *, #1791, .T. ) ;
#2351 = LINE ( 'NONE', #3386, #377 ) ;
#2352 = ORIENTED_EDGE ( 'NONE', *, *, #1043, .F. ) ;
#2353 = CARTESIAN_POINT ( 'NONE',  ( 1.412500000000000533, 0.9891242789363902110, 1.537500000000000755 ) ) ;
#2354 = PLANE ( 'NONE',  #1709 ) ;
#2355 = CARTESIAN_POINT ( 'NONE',  ( -0.9999999999999976685, 0.1499999999999997446, -1.850000000000001421 ) ) ;
#2356 = ORIENTED_EDGE ( 'NONE', *, *, #520, .F. ) ;
#2357 = AXIS2_PLACEMENT_3D ( 'NONE', #2328, #2972, #1414 ) ;
#2358 = DIRECTION ( 'NONE',  ( 0.0000000000000000000, 0.0000000000000000000, -1.000000000000000000 ) ) ;
#2359 = ORIENTED_EDGE ( 'NONE', *, *, #1908, .T. ) ;
#2360 = CARTESIAN_POINT ( 'NONE',  ( 1.000000000000001110, 1.900000000000000577, -2.000000000000001776 ) ) ;
#2361 = DIRECTION ( 'NONE',  ( -4.818676322157799347E-16, 0.0000000000000000000, 1.000000000000000000 ) ) ;
#2362 = VECTOR ( 'NONE', #2663, 1000.000000000000000 ) ;
#2363 = EDGE_LOOP ( 'NONE', ( #508, #238, #524, #446 ) ) ;
#2364 = CARTESIAN_POINT ( 'NONE',  ( 1.654809703885628203, 0.9416666666666630992, 1.529809703885628425 ) ) ;
#2365 = DIRECTION ( 'NONE',  ( 0.0000000000000000000, 0.0000000000000000000, 1.000000000000000000 ) ) ;
#2366 = LINE ( 'NONE', #2297, #151 ) ;
#2367 = PLANE ( 'NONE',  #1775 ) ;
#2368 = LINE ( 'NONE', #796, #1381 ) ;
#2369 = EDGE_CURVE ( 'NONE', #795, #3528, #301, .T. ) ;
#2370 = DIRECTION ( 'NONE',  ( 0.0000000000000000000, 0.0000000000000000000, 1.000000000000000000 ) ) ;
#2371 = DIRECTION ( 'NONE',  ( 0.0000000000000000000, 0.0000000000000000000, -1.000000000000000000 ) ) ;
#2372 = CARTESIAN_POINT ( 'NONE',  ( 1.654809703885626870, 0.4166666666666611341, -1.779809703885630201 ) ) ;
#2373 = ORIENTED_EDGE ( 'NONE', *, *, #569, .F. ) ;
#2375 = CARTESIAN_POINT ( 'NONE',  ( 1.654809703885626870, 0.2999999999999999334, 1.779809703885630201 ) ) ;
#2374 = LINE ( 'NONE', #1256, #1565 ) ;
#2376 = VERTEX_POINT ( 'NONE', #3712 ) ;
#2377 = PRODUCT_DEFINITION_FORMATION_WITH_SPECIFIED_SOURCE ( 'ANY', '', #46, .NOT_KNOWN. ) ;
#2378 = FACE_OUTER_BOUND ( 'NONE', #1869, .T. ) ;
#2379 = DIRECTION ( 'NONE',  ( 0.7071067811865517916, 0.0000000000000000000, 0.7071067811865431318 ) ) ;
#2380 = EDGE_CURVE ( 'NONE', #2815, #1454, #454, .T. ) ;
#2381 = CARTESIAN_POINT ( 'NONE',  ( 1.651812698920217981, 1.043016285876988691, -1.526812698920210876 ) ) ;
#2382 = CIRCLE ( 'NONE', #2616, 0.09999999999999982514 ) ;
#2383 = DIRECTION ( 'NONE',  ( 0.0000000000000000000, 0.0000000000000000000, -1.000000000000000000 ) ) ;
#2384 = CARTESIAN_POINT ( 'NONE',  ( 1.654778534646938803, 1.039066316974709414, -1.779778534646942800 ) ) ;
#2385 = DIRECTION ( 'NONE',  ( -0.0000000000000000000, -1.000000000000000000, 0.0000000000000000000 ) ) ;
#2386 = LINE ( 'NONE', #1289, #558 ) ;
#2387 = ORIENTED_EDGE ( 'NONE', *, *, #2882, .F. ) ;
#2388 = CARTESIAN_POINT ( 'NONE',  ( 1.654809703885633754, 0.7083333333333362569, 1.779809703885629313 ) ) ;
#2389 = VECTOR ( 'NONE', #2513, 1000.000000000000000 ) ;
#2390 = ORIENTED_EDGE ( 'NONE', *, *, #3714, .F. ) ;
#2391 = CARTESIAN_POINT ( 'NONE',  ( -1.049999999999999156, 0.05000000000000000278, -1.080487804878050184 ) ) ;
#2393 = ORIENTED_EDGE ( 'NONE', *, *, #3039, .T. ) ;
#2392 = CARTESIAN_POINT ( 'NONE',  ( 1.904809703885628647, 0.7666666666666595020, -1.779809703885629313 ) ) ;
#2394 = ORIENTED_EDGE ( 'NONE', *, *, #437, .T. ) ;
#2395 = EDGE_CURVE ( 'NONE', #2744, #279, #109, .T. ) ;
#2396 = MECHANICAL_DESIGN_GEOMETRIC_PRESENTATION_REPRESENTATION (  '', ( #2200 ), #3508 ) ;
#2397 = CARTESIAN_POINT ( 'NONE',  ( 1.404809703885627536, 0.9416666666666632102, 1.779809703885629091 ) ) ;
#2398 = VERTEX_POINT ( 'NONE', #1956 ) ;
#2399 = DIRECTION ( 'NONE',  ( 0.7071067811865486830, 0.0000000000000000000, -0.7071067811865464625 ) ) ;
#2400 = FACE_OUTER_BOUND ( 'NONE', #3389, .T. ) ;
#2401 = AXIS2_PLACEMENT_3D ( 'NONE', #3268, #1122, #1105 ) ;
#2402 = DIRECTION ( 'NONE',  ( 1.000000000000000000, 0.0000000000000000000, 4.336808689942015369E-15 ) ) ;
#2403 = EDGE_LOOP ( 'NONE', ( #738, #3692, #1037, #2915 ) ) ;
#2404 = CARTESIAN_POINT ( 'NONE',  ( 1.406324126914804795, 0.9933650312849440223, 1.531324126914799688 ) ) ;
#2405 = ORIENTED_EDGE ( 'NONE', *, *, #3094, .T. ) ;
#2406 = FACE_OUTER_BOUND ( 'NONE', #2729, .T. ) ;
#2407 = CARTESIAN_POINT ( 'NONE',  ( 1.904809703885628647, 0.8541666666666697383, -1.529809703885628869 ) ) ;
#2408 = ORIENTED_EDGE ( 'NONE', *, *, #3261, .F. ) ;
#2409 = LINE ( 'NONE', #3551, #2175 ) ;
#2410 = CARTESIAN_POINT ( 'NONE',  ( -1.900000000000000133, 1.000000000000000000, -2.000000000000002220 ) ) ;
#2411 = CARTESIAN_POINT ( 'NONE',  ( 1.049999999999998934, 1.000000000000000000, 1.900000000000001465 ) ) ;
#2412 = CARTESIAN_POINT ( 'NONE',  ( -1.900000000000000133, 1.000000000000000000, 2.000000000000002220 ) ) ;
#2413 = ORIENTED_EDGE ( 'NONE', *, *, #2454, .F. ) ;
#2414 = VECTOR ( 'NONE', #1905, 999.9999999999998863 ) ;
#2415 = CARTESIAN_POINT ( 'NONE',  ( 1.410405495476343640, 0.9891242880528410275, 1.535405495476362958 ) ) ;
#2416 =( NAMED_UNIT ( * ) PLANE_ANGLE_UNIT ( ) SI_UNIT ( $, .RADIAN. ) );
#2417 = ORIENTED_EDGE ( 'NONE', *, *, #1309, .F. ) ;
#2418 = EDGE_CURVE ( 'NONE', #2515, #1160, #3576, .T. ) ;
#2419 = DIRECTION ( 'NONE',  ( -0.0000000000000000000, -0.0000000000000000000, -1.000000000000000000 ) ) ;
#2420 = CARTESIAN_POINT ( 'NONE',  ( 1.654837015428725744, 0.9657687693195806666, -1.779837015428722635 ) ) ;
#2421 = FACE_OUTER_BOUND ( 'NONE', #781, .T. ) ;
#2422 = DIRECTION ( 'NONE',  ( -2.409338161078897208E-16, 1.000000000000000000, -0.0000000000000000000 ) ) ;
#2423 = DIRECTION ( 'NONE',  ( 0.0000000000000000000, 0.0000000000000000000, -1.000000000000000000 ) ) ;
#2424 = FACE_OUTER_BOUND ( 'NONE', #3745, .T. ) ;
#2425 = CARTESIAN_POINT ( 'NONE',  ( 1.000000000000001998, 0.1000000000000000056, -1.100000000000001199 ) ) ;
#2426 = CARTESIAN_POINT ( 'NONE',  ( 1.831586399182265401, 0.3000000000000003220, 1.513388347648318533 ) ) ;
#2427 = CARTESIAN_POINT ( 'NONE',  ( 1.405761816425728172, 0.9945722244453273353, 1.530761816425733945 ) ) ;
#2428 = PLANE ( 'NONE',  #424 ) ;
#2429 = LINE ( 'NONE', #3562, #3493 ) ;
#2430 = DIRECTION ( 'NONE',  ( 0.0000000000000000000, 0.0000000000000000000, -1.000000000000000000 ) ) ;
#2431 = CARTESIAN_POINT ( 'NONE',  ( 1.404809703885614436, 0.5333333333333255544, -1.779809703885629757 ) ) ;
#2432 = ADVANCED_FACE ( 'NONE', ( #350 ), #440, .F. ) ;
#2433 = VECTOR ( 'NONE', #1453, 1000.000000000000000 ) ;
#2434 = EDGE_LOOP ( 'NONE', ( #799, #1819, #36, #2097 ) ) ;
#2435 = CARTESIAN_POINT ( 'NONE',  ( 1.584099025766973812, 1.000000000000000000, 1.548743686707645839 ) ) ;
#2436 = CARTESIAN_POINT ( 'NONE',  ( 1.654809703885628203, 1.000000000000000000, -1.619454364826300452 ) ) ;
#2437 = DIRECTION ( 'NONE',  ( 0.0000000000000000000, -1.000000000000000000, 0.0000000000000000000 ) ) ;
#2438 = ORIENTED_EDGE ( 'NONE', *, *, #3696, .T. ) ;
#2439 = CARTESIAN_POINT ( 'NONE',  ( 1.404809703885614436, 0.5333333333333255544, 1.529809703885629313 ) ) ;
#2440 = DIRECTION ( 'NONE',  ( -2.940209281316623481E-16, 0.0000000000000000000, -1.000000000000000000 ) ) ;
#2441 = EDGE_CURVE ( 'NONE', #295, #2456, #252, .T. ) ;
#2442 = ORIENTED_EDGE ( 'NONE', *, *, #2649, .T. ) ;
#2443 = CARTESIAN_POINT ( 'NONE',  ( 1.408446205184361144, 0.9903298365630175404, -1.533446205184372024 ) ) ;
#2444 = LINE ( 'NONE', #1335, #2895 ) ;
#2445 = VERTEX_POINT ( 'NONE', #1627 ) ;
#2446 = EDGE_CURVE ( 'NONE', #486, #3666, #1833, .T. ) ;
#2447 = CARTESIAN_POINT ( 'NONE',  ( 1.654809703885628203, 1.000000000000000000, -1.619454364826300452 ) ) ;
#2448 = FACE_OUTER_BOUND ( 'NONE', #1737, .T. ) ;
#2449 = CARTESIAN_POINT ( 'NONE',  ( 1.049999999999998934, 1.000000000000000000, 1.800000000000001155 ) ) ;
#2450 = CARTESIAN_POINT ( 'NONE',  ( 1.904809703885628647, 0.9416666666666632102, -1.779809703885629091 ) ) ;
#2451 = EDGE_LOOP ( 'NONE', ( #1772, #906, #2190, #2195 ) ) ;
#2452 = FACE_OUTER_BOUND ( 'NONE', #2941, .T. ) ;
#2453 = ADVANCED_FACE ( 'NONE', ( #2570 ), #3505, .F. ) ;
#2454 = EDGE_CURVE ( 'NONE', #2036, #1681, #3321, .T. ) ;
#2455 = ORIENTED_EDGE ( 'NONE', *, *, #702, .T. ) ;
#2456 = VERTEX_POINT ( 'NONE', #1931 ) ;
#2457 = LINE ( 'NONE', #3526, #104 ) ;
#2458 = ORIENTED_EDGE ( 'NONE', *, *, #1729, .F. ) ;
#2459 = LINE ( 'NONE', #2121, #3573 ) ;
#2460 = DIRECTION ( 'NONE',  ( -0.0000000000000000000, -0.0000000000000000000, -1.000000000000000000 ) ) ;
#2462 = CARTESIAN_POINT ( 'NONE',  ( 1.191421356237308604, 0.3000000000000003220, -1.941421356237311047 ) ) ;
#2461 = FACE_OUTER_BOUND ( 'NONE', #1418, .T. ) ;
#2463 = ORIENTED_EDGE ( 'NONE', *, *, #368, .T. ) ;
#2464 = DIRECTION ( 'NONE',  ( -0.0000000000000000000, -1.000000000000000000, 0.0000000000000000000 ) ) ;
#2465 = CARTESIAN_POINT ( 'NONE',  ( 1.904809703885615546, 0.5333333333333255544, -1.779809703885629757 ) ) ;
#2466 = MANIFOLD_SOLID_BREP ( 'Tab1', #1311 ) ;
#2467 = LINE ( 'NONE', #3323, #910 ) ;
#2468 = ORIENTED_EDGE ( 'NONE', *, *, #1606, .T. ) ;
#2469 = DIRECTION ( 'NONE',  ( -0.0000000000000000000, -1.000000000000000000, -0.0000000000000000000 ) ) ;
#2470 = CARTESIAN_POINT ( 'NONE',  ( -0.9999999999999972244, 0.09999999999999982514, 1.850000000000001421 ) ) ;
#2471 = ORIENTED_EDGE ( 'NONE', *, *, #102, .T. ) ;
#2472 = EDGE_CURVE ( 'NONE', #2291, #2335, #2908, .T. ) ;
#2473 = AXIS2_PLACEMENT_3D ( 'NONE', #1810, #2753, #3023 ) ;
#2474 = DIRECTION ( 'NONE',  ( -9.637352644315592778E-16, 0.0000000000000000000, 1.000000000000000000 ) ) ;
#2475 = CARTESIAN_POINT ( 'NONE',  ( 1.349337601876786641, 1.147511096119618434, -1.724337601876793302 ) ) ;
#2476 = ADVANCED_FACE ( 'NONE', ( #2284 ), #2597, .F. ) ;
#2477 = DIRECTION ( 'NONE',  ( 9.637352644315592778E-16, 0.0000000000000000000, 1.000000000000000000 ) ) ;
#2478 = PLANE ( 'NONE',  #3430 ) ;
#2479 = CARTESIAN_POINT ( 'NONE',  ( 1.904809703885615546, 0.5333333333333255544, -1.529809703885629313 ) ) ;
#2480 = AXIS2_PLACEMENT_3D ( 'NONE', #600, #248, #2358 ) ;
#2481 = EDGE_CURVE ( 'NONE', #760, #1229, #1980, .T. ) ;
#2482 = CARTESIAN_POINT ( 'NONE',  ( 1.654809703885614880, 0.5333333333333255544, 1.529809703885629091 ) ) ;
#2483 = DIRECTION ( 'NONE',  ( 0.0000000000000000000, 0.0000000000000000000, 1.000000000000000000 ) ) ;
#2484 = LINE ( 'NONE', #1025, #3796 ) ;
#2485 = VERTEX_POINT ( 'NONE', #757 ) ;
#2486 = AXIS2_PLACEMENT_3D ( 'NONE', #2698, #1510, #10 ) ;
#2487 = DIRECTION ( 'NONE',  ( 1.000000000000000000, -0.0000000000000000000, 0.0000000000000000000 ) ) ;
#2489 = CARTESIAN_POINT ( 'NONE',  ( 1.120710678118653769, 1.000000000000000000, 1.870710678118656212 ) ) ;
#2488 = FACE_OUTER_BOUND ( 'NONE', #1131, .T. ) ;
#2490 = ORIENTED_EDGE ( 'NONE', *, *, #2951, .F. ) ;
#2491 = DIRECTION ( 'NONE',  ( 0.0000000000000000000, 0.0000000000000000000, -1.000000000000000000 ) ) ;
#2492 = CARTESIAN_POINT ( 'NONE',  ( -1.800000000000000711, 1.800000000000000711, -1.900000000000001688 ) ) ;
#2493 = VECTOR ( 'NONE', #1569, 1000.000000000000000 ) ;
#2494 = EDGE_LOOP ( 'NONE', ( #3034, #1413, #1474, #1520 ) ) ;
#2495 = CARTESIAN_POINT ( 'NONE',  ( 1.627817459305202830, 1.000000000000000000, -2.000000000000001332 ) ) ;
#2496 = CARTESIAN_POINT ( 'NONE',  ( 1.654809703885628203, 0.9416666666666630992, -1.529809703885628425 ) ) ;
#2497 = ADVANCED_FACE ( 'NONE', ( #497 ), #3815, .T. ) ;
#2498 = VERTEX_POINT ( 'NONE', #3476 ) ;
#2499 = DIRECTION ( 'NONE',  ( 0.0000000000000000000, 1.000000000000000000, 0.0000000000000000000 ) ) ;
#2500 = CARTESIAN_POINT ( 'NONE',  ( 1.049999999999998934, 0.05000000000000000278, -1.900000000000001465 ) ) ;
#2501 = EDGE_CURVE ( 'NONE', #2618, #2572, #3911, .T. ) ;
#2502 = ORIENTED_EDGE ( 'NONE', *, *, #3401, .F. ) ;
#2503 = CARTESIAN_POINT ( 'NONE',  ( 1.627817459305202830, 1.000000000000000000, 2.000000000000001332 ) ) ;
#2504 = CARTESIAN_POINT ( 'NONE',  ( 1.904809703885628647, 0.9416666666666632102, 1.529809703885628647 ) ) ;
#2505 = ORIENTED_EDGE ( 'NONE', *, *, #3962, .F. ) ;
#2506 = ORIENTED_EDGE ( 'NONE', *, *, #152, .T. ) ;
#2507 = VECTOR ( 'NONE', #3664, 1000.000000000000000 ) ;
#2508 = CARTESIAN_POINT ( 'NONE',  ( 1.725520382004283260, 1.000000000000000000, 1.548743686707646505 ) ) ;
#2509 = CARTESIAN_POINT ( 'NONE',  ( 1.832476692759556602, 1.316904363340075212, -1.707476692759550385 ) ) ;
#2510 = VECTOR ( 'NONE', #124, 1000.000000000000000 ) ;
#2511 = STYLED_ITEM ( 'NONE', ( #2520 ), #2202 ) ;
#2512 = EDGE_CURVE ( 'NONE', #903, #3754, #1466, .T. ) ;
#2513 = DIRECTION ( 'NONE',  ( -0.0000000000000000000, -1.000000000000000000, 0.0000000000000000000 ) ) ;
#2514 = DIRECTION ( 'NONE',  ( -0.7071067811865517916, 0.0000000000000000000, -0.7071067811865431318 ) ) ;
#2515 = VERTEX_POINT ( 'NONE', #782 ) ;
#2516 = DIRECTION ( 'NONE',  ( 1.000000000000000000, 0.0000000000000000000, 0.0000000000000000000 ) ) ;
#2517 = COLOUR_RGB ( '',0.5372549019607842924, 0.3490196078431372362, 0.3372549019607843368 ) ;
#2518 = PLANE ( 'NONE',  #818 ) ;
#2519 = ADVANCED_FACE ( 'NONE', ( #3773 ), #588, .T. ) ;
#2520 = PRESENTATION_STYLE_ASSIGNMENT (( #1832 ) ) ;
#2521 = ORIENTED_EDGE ( 'NONE', *, *, #1580, .T. ) ;
#2522 = CARTESIAN_POINT ( 'NONE',  ( 1.049999999999998934, 1.000000000000000000, -2.000000000000001332 ) ) ;
#2523 = DIRECTION ( 'NONE',  ( 0.7071067811865433539, 0.0000000000000000000, 0.7071067811865517916 ) ) ;
#2524 = CARTESIAN_POINT ( 'NONE',  ( 1.654809703885628203, 0.9416666666666630992, 1.529809703885628425 ) ) ;
#2525 = CARTESIAN_POINT ( 'NONE',  ( 1.651812698920217981, 1.043016285876988691, -1.526812698920210876 ) ) ;
#2526 = LINE ( 'NONE', #2748, #1702 ) ;
#2527 = VERTEX_POINT ( 'NONE', #474 ) ;
#2528 = EDGE_CURVE ( 'NONE', #291, #773, #2368, .T. ) ;
#2530 = DIRECTION ( 'NONE',  ( -1.000000000000000000, 0.0000000000000000000, 0.0000000000000000000 ) ) ;
#2529 = VECTOR ( 'NONE', #2854, 999.9999999999998863 ) ;
#2531 = DIRECTION ( 'NONE',  ( 0.0000000000000000000, -1.000000000000000000, 0.0000000000000000000 ) ) ;
#2532 = EDGE_CURVE ( 'NONE', #2560, #3521, #346, .T. ) ;
#2533 = CARTESIAN_POINT ( 'NONE',  ( 1.654809703885628203, 0.8833333333333359683, 1.529809703885628425 ) ) ;
#2534 = CARTESIAN_POINT ( 'NONE',  ( -1.900000000000000133, 0.3000000000000003220, -1.900000000000002354 ) ) ;
#2535 = DIRECTION ( 'NONE',  ( -0.0000000000000000000, -1.000000000000000000, -0.0000000000000000000 ) ) ;
#2536 = LINE ( 'NONE', #2048, #557 ) ;
#2537 = ORIENTED_EDGE ( 'NONE', *, *, #368, .F. ) ;
#2538 = CARTESIAN_POINT ( 'NONE',  ( 1.049999999999998934, 0.05000000000000000278, -1.080487804878050184 ) ) ;
#2539 = DIRECTION ( 'NONE',  ( -0.0000000000000000000, -1.000000000000000000, -0.0000000000000000000 ) ) ;
#2540 = CARTESIAN_POINT ( 'NONE',  ( 1.904809703885627314, 0.4166666666666610785, -1.779809703885630423 ) ) ;
#2541 = VECTOR ( 'NONE', #3498, 1000.000000000000000 ) ;
#2542 = ORIENTED_EDGE ( 'NONE', *, *, #520, .T. ) ;
#2543 = ADVANCED_FACE ( 'NONE', ( #735 ), #1278, .F. ) ;
#2544 = DIRECTION ( 'NONE',  ( -0.0000000000000000000, 1.000000000000000000, -0.0000000000000000000 ) ) ;
#2545 = DIRECTION ( 'NONE',  ( 0.7071067811865474617, 0.0000000000000000000, 0.7071067811865476838 ) ) ;
#2546 = PLANE ( 'NONE',  #802 ) ;
#2547 = VERTEX_POINT ( 'NONE', #2615 ) ;
#2548 = CARTESIAN_POINT ( 'NONE',  ( 1.607092504144639555, 1.209057919321694152, 1.732092504144634448 ) ) ;
#2549 = VERTEX_POINT ( 'NONE', #2624 ) ;
#2550 = ORIENTED_EDGE ( 'NONE', *, *, #1820, .F. ) ;
#2551 = DIRECTION ( 'NONE',  ( -0.7071067811865497932, -1.205944005308105697E-15, 0.7071067811865452413 ) ) ;
#2552 = CARTESIAN_POINT ( 'NONE',  ( 1.690165042944956175, 1.000000000000000000, 1.654809703885628203 ) ) ;
#2553 = FACE_OUTER_BOUND ( 'NONE', #2259, .T. ) ;
#2554 = CARTESIAN_POINT ( 'NONE',  ( 1.404809703885626426, 0.2999999999999998779, -1.779809703885630423 ) ) ;
#2555 = EDGE_LOOP ( 'NONE', ( #2634, #2257 ) ) ;
#2556 = EDGE_LOOP ( 'NONE', ( #3020, #253, #1883, #2062 ) ) ;
#2557 = DIRECTION ( 'NONE',  ( -1.000000000000000000, 0.0000000000000000000, 0.0000000000000000000 ) ) ;
#2558 = EDGE_CURVE ( 'NONE', #3521, #379, #3274, .T. ) ;
#2559 =( GEOMETRIC_REPRESENTATION_CONTEXT ( 3 ) GLOBAL_UNCERTAINTY_ASSIGNED_CONTEXT ( ( #2348 ) ) GLOBAL_UNIT_ASSIGNED_CONTEXT ( ( #1728, #2973, #1145 ) ) REPRESENTATION_CONTEXT ( 'NONE', 'WORKASPACE' ) );
#2560 = VERTEX_POINT ( 'NONE', #217 ) ;
#2561 = LINE ( 'NONE', #2668, #997 ) ;
#2562 = CARTESIAN_POINT ( 'NONE',  ( 1.904809703885628647, 0.8833333333333360793, 1.529809703885628647 ) ) ;
#2563 = ADVANCED_FACE ( 'NONE', ( #822 ), #1366, .T. ) ;
#2564 = CARTESIAN_POINT ( 'NONE',  ( -0.8999999999999992450, 1.900000000000000355, -2.000000000000001776 ) ) ;
#2565 = ORIENTED_EDGE ( 'NONE', *, *, #3094, .F. ) ;
#2567 = DIRECTION ( 'NONE',  ( -0.7071067811865475727, 0.0000000000000000000, -0.7071067811865475727 ) ) ;
#2566 = FACE_OUTER_BOUND ( 'NONE', #717, .T. ) ;
#2568 = CARTESIAN_POINT ( 'NONE',  ( 1.120710678118653769, 1.000000000000000000, -1.870710678118656212 ) ) ;
#2569 = CARTESIAN_POINT ( 'NONE',  ( 1.404822926257584426, 0.9759045052352365301, -1.779822926257581983 ) ) ;
#2570 = FACE_OUTER_BOUND ( 'NONE', #3373, .T. ) ;
#2571 = STYLED_ITEM ( 'NONE', ( #1382 ), #2232 ) ;
#2572 = VERTEX_POINT ( 'NONE', #1350 ) ;
#2573 = VECTOR ( 'NONE', #527, 1000.000000000000000 ) ;
#2574 = VERTEX_POINT ( 'NONE', #1696 ) ;
#2575 = CARTESIAN_POINT ( 'NONE',  ( -0.9999999999999963363, 0.1499999999999997446, -2.000000000000001332 ) ) ;
#2576 = LINE ( 'NONE', #3765, #2529 ) ;
#2577 = EDGE_LOOP ( 'NONE', ( #150, #1608, #1272, #2114 ) ) ;
#2578 = CARTESIAN_POINT ( 'NONE',  ( 1.654809703885628203, 1.000000000000000000, -1.519454364826300585 ) ) ;
#2579 = CARTESIAN_POINT ( 'NONE',  ( -0.9999999999999988898, 0.0000000000000000000, -1.100000000000001643 ) ) ;
#2580 = CARTESIAN_POINT ( 'NONE',  ( 1.654809703885628203, 0.8833333333333359683, -1.529809703885628425 ) ) ;
#2581 = EDGE_CURVE ( 'NONE', #1551, #1515, #1828, .T. ) ;
#2582 = ADVANCED_FACE ( 'NONE', ( #3040 ), #1946, .F. ) ;
#2583 = CARTESIAN_POINT ( 'NONE',  ( 1.000000000000001110, 0.3000000000000003220, -2.000000000000001332 ) ) ;
#2584 = SURFACE_SIDE_STYLE ('',( #2286 ) ) ;
#2585 = DIRECTION ( 'NONE',  ( 0.0000000000000000000, -1.000000000000000000, 0.0000000000000000000 ) ) ;
#2586 = EDGE_CURVE ( 'NONE', #1494, #383, #447, .T. ) ;
#2587 = CARTESIAN_POINT ( 'NONE',  ( 1.760875721063610788, 0.3000000000000003220, 1.584099025766973368 ) ) ;
#2588 = LINE ( 'NONE', #2508, #1578 ) ;
#2589 = ORIENTED_EDGE ( 'NONE', *, *, #3148, .T. ) ;
#2590 = DIRECTION ( 'NONE',  ( -0.7071067811865486830, 0.0000000000000000000, -0.7071067811865464625 ) ) ;
#2591 = DIRECTION ( 'NONE',  ( 0.0000000000000000000, 0.0000000000000000000, 1.000000000000000000 ) ) ;
#2592 = LINE ( 'NONE', #660, #3115 ) ;
#2593 = VERTEX_POINT ( 'NONE', #2741 ) ;
#2594 = CARTESIAN_POINT ( 'NONE',  ( 1.796231060122937873, 1.000000000000000000, -1.478033008588991004 ) ) ;
#2595 = DIRECTION ( 'NONE',  ( -0.7071067811865475727, 0.0000000000000000000, -0.7071067811865475727 ) ) ;
#2596 = EDGE_CURVE ( 'NONE', #2485, #2782, #864, .T. ) ;
#2597 = PLANE ( 'NONE',  #1802 ) ;
#2598 = DIRECTION ( 'NONE',  ( -0.0000000000000000000, -0.0000000000000000000, -1.000000000000000000 ) ) ;
#2599 = LINE ( 'NONE', #1245, #894 ) ;
#2600 = ORIENTED_EDGE ( 'NONE', *, *, #3582, .T. ) ;
#2601 = ADVANCED_FACE ( 'NONE', ( #2566 ), #2806, .T. ) ;
#2602 = FACE_OUTER_BOUND ( 'NONE', #1920, .T. ) ;
#2603 = ORIENTED_EDGE ( 'NONE', *, *, #73, .T. ) ;
#2604 = DIRECTION ( 'NONE',  ( -0.0000000000000000000, -1.000000000000000000, -0.0000000000000000000 ) ) ;
#2605 = FILL_AREA_STYLE ('',( #3558 ) ) ;
#2606 = ORIENTED_EDGE ( 'NONE', *, *, #1005, .F. ) ;
#2607 = COLOUR_RGB ( '',0.5372549019607842924, 0.3490196078431372362, 0.3372549019607843368 ) ;
#2608 = CARTESIAN_POINT ( 'NONE',  ( 1.904809703885634198, 0.7083333333333363679, 1.529809703885629313 ) ) ;
#2609 = DIRECTION ( 'NONE',  ( 0.0000000000000000000, -0.0000000000000000000, 1.000000000000000000 ) ) ;
#2610 = CARTESIAN_POINT ( 'NONE',  ( -1.900000000000000133, 0.3000000000000003220, -1.900000000000002354 ) ) ;
#2611 = EDGE_CURVE ( 'NONE', #536, #1834, #2459, .T. ) ;
#2612 = AXIS2_PLACEMENT_3D ( 'NONE', #3575, #2632, #836 ) ;
#2613 = ORIENTED_EDGE ( 'NONE', *, *, #1114, .T. ) ;
#2614 = VECTOR ( 'NONE', #1617, 1000.000000000000000 ) ;
#2615 = CARTESIAN_POINT ( 'NONE',  ( 1.000000000000001110, 1.900000000000000577, 2.000000000000001776 ) ) ;
#2616 = AXIS2_PLACEMENT_3D ( 'NONE', #3359, #1531, #2752 ) ;
#2617 = VECTOR ( 'NONE', #695, 999.9999999999998863 ) ;
#2618 = VERTEX_POINT ( 'NONE', #1774 ) ;
#2619 = ADVANCED_FACE ( 'NONE', ( #3822 ), #1199, .F. ) ;
#2621 = CARTESIAN_POINT ( 'NONE',  ( -0.8999999999999992450, 1.800000000000000711, 1.900000000000001688 ) ) ;
#2620 = VECTOR ( 'NONE', #3644, 1000.000000000000000 ) ;
#2622 = ORIENTED_EDGE ( 'NONE', *, *, #2656, .F. ) ;
#2623 = CARTESIAN_POINT ( 'NONE',  ( 1.654809703885628203, 0.3000000000000003220, 1.619454364826300452 ) ) ;
#2624 = CARTESIAN_POINT ( 'NONE',  ( -1.900000000000000133, 1.900000000000000355, -1.900000000000001688 ) ) ;
#2625 = PLANE ( 'NONE',  #3907 ) ;
#2626 = SURFACE_STYLE_USAGE ( .BOTH. , #1408 ) ;
#2627 = FACE_OUTER_BOUND ( 'NONE', #318, .T. ) ;
#2628 = EDGE_CURVE ( 'NONE', #1681, #3361, #587, .T. ) ;
#2629 = AXIS2_PLACEMENT_3D ( 'NONE', #1386, #3580, #3006 ) ;
#2630 = ORIENTED_EDGE ( 'NONE', *, *, #845, .F. ) ;
#2631 = CARTESIAN_POINT ( 'NONE',  ( 1.540228998569211694, 1.304692355676198012, 1.665228998569217467 ) ) ;
#2632 = DIRECTION ( 'NONE',  ( -0.0000000000000000000, 1.000000000000000000, 0.0000000000000000000 ) ) ;
#2633 = CIRCLE ( 'NONE', #3024, 0.1000000000000002554 ) ;
#2634 = ORIENTED_EDGE ( 'NONE', *, *, #2596, .T. ) ;
#2635 = ADVANCED_FACE ( 'NONE', ( #2862 ), #2722, .T. ) ;
#2636 = FACE_OUTER_BOUND ( 'NONE', #1300, .T. ) ;
#2637 = ORIENTED_EDGE ( 'NONE', *, *, #559, .F. ) ;
#2638 = CARTESIAN_POINT ( 'NONE',  ( 1.654809703885628203, 0.8833333333333359683, -1.529809703885628425 ) ) ;
#2639 = VERTEX_POINT ( 'NONE', #3035 ) ;
#2640 = ORIENTED_EDGE ( 'NONE', *, *, #1190, .F. ) ;
#2641 = CARTESIAN_POINT ( 'NONE',  ( 1.475000000000000533, 1.254289321881345343, 1.474999999999999423 ) ) ;
#2642 = CARTESIAN_POINT ( 'NONE',  ( 1.654809703885628203, 0.9416666666666630992, 1.529809703885628425 ) ) ;
#2643 = ORIENTED_EDGE ( 'NONE', *, *, #3854, .F. ) ;
#2644 = CARTESIAN_POINT ( 'NONE',  ( 1.120710678118653769, 1.000000000000000000, 1.870710678118656212 ) ) ;
#2645 = ORIENTED_EDGE ( 'NONE', *, *, #1953, .T. ) ;
#2646 = COLOUR_RGB ( '',0.2509803921568627416, 0.2509803921568627416, 0.2509803921568627416 ) ;
#2647 = EDGE_LOOP ( 'NONE', ( #2221, #3868, #720, #3673 ) ) ;
#2648 = VECTOR ( 'NONE', #519, 1000.000000000000114 ) ;
#2649 = EDGE_CURVE ( 'NONE', #3452, #147, #2029, .T. ) ;
#2650 = CARTESIAN_POINT ( 'NONE',  ( -1.999999999999999112, 2.000000000000000000, -1.900000000000001465 ) ) ;
#2651 = CARTESIAN_POINT ( 'NONE',  ( 1.831586399182265401, 1.000000000000000000, 1.513388347648318533 ) ) ;
#2652 = VERTEX_POINT ( 'NONE', #1187 ) ;
#2653 = LINE ( 'NONE', #2426, #631 ) ;
#2654 = CARTESIAN_POINT ( 'NONE',  ( 1.404809703885627536, 0.9416666666666632102, 1.529809703885628647 ) ) ;
#2655 = DIRECTION ( 'NONE',  ( 0.0000000000000000000, 0.0000000000000000000, -1.000000000000000000 ) ) ;
#2656 = EDGE_CURVE ( 'NONE', #1991, #565, #2129, .T. ) ;
#2657 = CARTESIAN_POINT ( 'NONE',  ( 1.690165042944956175, 1.000000000000000000, 1.654809703885628203 ) ) ;
#2658 = ORIENTED_EDGE ( 'NONE', *, *, #2166, .T. ) ;
#2659 = DIRECTION ( 'NONE',  ( 0.0000000000000000000, 0.0000000000000000000, 1.000000000000000000 ) ) ;
#2660 = EDGE_LOOP ( 'NONE', ( #1591, #728, #136, #622 ) ) ;
#2661 = EDGE_CURVE ( 'NONE', #3521, #2760, #1607, .T. ) ;
#2662 = DIRECTION ( 'NONE',  ( 0.0000000000000000000, 0.0000000000000000000, -1.000000000000000000 ) ) ;
#2663 = DIRECTION ( 'NONE',  ( -0.0000000000000000000, -1.000000000000000000, 0.0000000000000000000 ) ) ;
#2664 = FILL_AREA_STYLE_COLOUR ( '', #3448 ) ;
#2665 = VECTOR ( 'NONE', #2738, 1000.000000000000000 ) ;
#2666 = CARTESIAN_POINT ( 'NONE',  ( 1.654809703885633754, 0.7083333333333362569, 1.779809703885629313 ) ) ;
#2667 = DIRECTION ( 'NONE',  ( 0.0000000000000000000, 0.0000000000000000000, 1.000000000000000000 ) ) ;
#2668 = CARTESIAN_POINT ( 'NONE',  ( -1.800000000000000711, 1.800000000000000711, 1.900000000000001688 ) ) ;
#2669 = CARTESIAN_POINT ( 'NONE',  ( 1.796231060122937651, 1.000000000000000000, 1.478033008588991226 ) ) ;
#2670 = VECTOR ( 'NONE', #1477, 1000.000000000000000 ) ;
#2671 = FACE_OUTER_BOUND ( 'NONE', #3349, .T. ) ;
#2672 = ORIENTED_EDGE ( 'NONE', *, *, #2558, .T. ) ;
#2673 = DIRECTION ( 'NONE',  ( 0.0000000000000000000, 9.035018104045872913E-16, -1.000000000000000000 ) ) ;
#2674 = DIRECTION ( 'NONE',  ( -0.7071067811865471286, 0.0000000000000000000, 0.7071067811865479058 ) ) ;
#2675 = CARTESIAN_POINT ( 'NONE',  ( 1.654809703885614880, 0.5333333333333255544, -1.529809703885629091 ) ) ;
#2676 = EDGE_CURVE ( 'NONE', #2593, #2127, #3185, .T. ) ;
#2677 = AXIS2_PLACEMENT_3D ( 'NONE', #1110, #1998, #205 ) ;
#2678 = CYLINDRICAL_SURFACE ( 'NONE', #1416, 0.1999999999999998723 ) ;
#2679 = CARTESIAN_POINT ( 'NONE',  ( 1.654809703885627981, 0.8541666666666696273, 1.529809703885628647 ) ) ;
#2680 = CARTESIAN_POINT ( 'NONE',  ( 1.049999999999998934, 0.05000000000000000278, 1.080487804878050184 ) ) ;
#2681 = DIRECTION ( 'NONE',  ( 0.7071067811865474617, 0.0000000000000000000, -0.7071067811865474617 ) ) ;
#2682 = FACE_OUTER_BOUND ( 'NONE', #998, .T. ) ;
#2683 = ORIENTED_EDGE ( 'NONE', *, *, #2009, .F. ) ;
#2684 = AXIS2_PLACEMENT_3D ( 'NONE', #212, #518, #3233 ) ;
#2685 = CARTESIAN_POINT ( 'NONE',  ( 1.654809703885628203, 1.000000000000000000, -1.419454364826300496 ) ) ;
#2686 = SHAPE_DEFINITION_REPRESENTATION ( #465, #2772 ) ;
#2687 = ORIENTED_EDGE ( 'NONE', *, *, #3723, .T. ) ;
#2688 = CARTESIAN_POINT ( 'NONE',  ( -1.049999999999999156, 0.05000000000000000278, 1.080487804878050184 ) ) ;
#2689 = CARTESIAN_POINT ( 'NONE',  ( 1.513388347648318977, 1.000000000000000000, 1.478033008588990782 ) ) ;
#2690 = CARTESIAN_POINT ( 'NONE',  ( 1.654809703885628203, 0.8833333333333359683, -1.779809703885628647 ) ) ;
#2691 = AXIS2_PLACEMENT_3D ( 'NONE', #2901, #774, #457 ) ;
#2692 = LINE ( 'NONE', #1456, #2990 ) ;
#2693 = ORIENTED_EDGE ( 'NONE', *, *, #2181, .F. ) ;
#2694 = CARTESIAN_POINT ( 'NONE',  ( 1.287500000000000755, 1.165900974233027965, 1.662500000000000977 ) ) ;
#2695 = CARTESIAN_POINT ( 'NONE',  ( 1.191421356237308604, 0.3000000000000003220, 1.941421356237311047 ) ) ;
#2696 = ORIENTED_EDGE ( 'NONE', *, *, #3755, .T. ) ;
#2697 = CARTESIAN_POINT ( 'NONE',  ( 1.654837015428725744, 0.9657687693195806666, -1.779837015428722635 ) ) ;
#2698 = CARTESIAN_POINT ( 'NONE',  ( 1.475000000000000533, 1.254289321881345343, 1.474999999999999423 ) ) ;
#2699 = LINE ( 'NONE', #3625, #100 ) ;
#2700 = CARTESIAN_POINT ( 'NONE',  ( 1.690165042944956175, 1.000000000000000000, -1.654809703885628203 ) ) ;
#2701 = ORIENTED_EDGE ( 'NONE', *, *, #1164, .T. ) ;
#2702 = CARTESIAN_POINT ( 'NONE',  ( 1.654809703885614880, 0.5333333333333255544, 1.779809703885629313 ) ) ;
#2703 = VECTOR ( 'NONE', #3596, 1000.000000000000000 ) ;
#2704 = VERTEX_POINT ( 'NONE', #3831 ) ;
#2705 = EDGE_CURVE ( 'NONE', #1451, #1235, #156, .T. ) ;
#2706 = CARTESIAN_POINT ( 'NONE',  ( 1.557106781186547995, 0.3000000000000003220, -1.929289321881346719 ) ) ;
#2707 = LINE ( 'NONE', #2183, #3620 ) ;
#2708 = CARTESIAN_POINT ( 'NONE',  ( 1.904778534646937915, 1.039066316974707638, -1.529778534646940580 ) ) ;
#2709 = CARTESIAN_POINT ( 'NONE',  ( 1.319450096823184149, 1.165900835168525607, 1.694450096823187923 ) ) ;
#2710 = ORIENTED_EDGE ( 'NONE', *, *, #3657, .T. ) ;
#2711 = CARTESIAN_POINT ( 'NONE',  ( 1.049999999999998934, 0.0000000000000000000, -1.900000000000001465 ) ) ;
#2712 = EDGE_CURVE ( 'NONE', #2760, #1429, #2756, .T. ) ;
#2713 = LINE ( 'NONE', #2981, #742 ) ;
#2714 = ORIENTED_EDGE ( 'NONE', *, *, #2060, .F. ) ;
#2715 = CARTESIAN_POINT ( 'NONE',  ( 1.904809703885628647, 0.8833333333333360793, 1.779809703885629091 ) ) ;
#2716 = AXIS2_PLACEMENT_3D ( 'NONE', #263, #1467, #242 ) ;
#2717 = EDGE_CURVE ( 'NONE', #3340, #2815, #3717, .T. ) ;
#2718 = DIRECTION ( 'NONE',  ( 0.0000000000000000000, 0.0000000000000000000, -1.000000000000000000 ) ) ;
#2719 = CARTESIAN_POINT ( 'NONE',  ( 1.654794613882616172, 1.027498930579819669, -1.529794613882619725 ) ) ;
#2720 = CARTESIAN_POINT ( 'NONE',  ( 1.049999999999998934, 1.000000000000000000, -2.000000000000001332 ) ) ;
#2721 = CARTESIAN_POINT ( 'NONE',  ( 1.654809703885628203, 0.8833333333333359683, -1.779809703885628647 ) ) ;
#2722 = PLANE ( 'NONE',  #1541 ) ;
#2723 = LINE ( 'NONE', #3595, #750 ) ;
#2724 = EDGE_LOOP ( 'NONE', ( #33, #1877, #95, #2537 ) ) ;
#2725 = CARTESIAN_POINT ( 'NONE',  ( 1.648619223800357414, 1.088852525817258332, 1.773619223800353639 ) ) ;
#2726 =( NAMED_UNIT ( * ) SI_UNIT ( $, .STERADIAN. ) SOLID_ANGLE_UNIT ( ) );
#2727 = LINE ( 'NONE', #1783, #658 ) ;
#2728 = EDGE_CURVE ( 'NONE', #379, #2737, #2653, .T. ) ;
#2729 = EDGE_LOOP ( 'NONE', ( #3511, #2303, #3646, #3703 ) ) ;
#2730 =( NAMED_UNIT ( * ) PLANE_ANGLE_UNIT ( ) SI_UNIT ( $, .RADIAN. ) );
#2732 = PRESENTATION_STYLE_ASSIGNMENT (( #2313 ) ) ;
#2731 = CARTESIAN_POINT ( 'NONE',  ( 1.654809703885627981, 0.7666666666666595020, -1.779809703885628869 ) ) ;
#2733 = EDGE_LOOP ( 'NONE', ( #1324, #758, #2408, #891 ) ) ;
#2734 = EDGE_CURVE ( 'NONE', #339, #3652, #2072, .T. ) ;
#2735 = PLANE ( 'NONE',  #3747 ) ;
#2736 = ORIENTED_EDGE ( 'NONE', *, *, #896, .T. ) ;
#2737 = VERTEX_POINT ( 'NONE', #2587 ) ;
#2738 = DIRECTION ( 'NONE',  ( -0.0000000000000000000, -0.0000000000000000000, 1.000000000000000000 ) ) ;
#2739 = CARTESIAN_POINT ( 'NONE',  ( 1.725520382004283260, 1.000000000000000000, 1.548743686707646505 ) ) ;
#2740 = DIRECTION ( 'NONE',  ( 0.7071067811865497932, 1.205944005308105697E-15, 0.7071067811865452413 ) ) ;
#2741 = CARTESIAN_POINT ( 'NONE',  ( 2.000000000000000000, 0.05000000000000000278, 0.9500000000000000666 ) ) ;
#2742 = VECTOR ( 'NONE', #1938, 1000.000000000000000 ) ;
#2743 = AXIS2_PLACEMENT_3D ( 'NONE', #1312, #713, #91 ) ;
#2744 = VERTEX_POINT ( 'NONE', #3512 ) ;
#2745 = CARTESIAN_POINT ( 'NONE',  ( 1.654837015428725744, 0.9657687693195806666, 1.779837015428722635 ) ) ;
#2746 = ORIENTED_EDGE ( 'NONE', *, *, #3800, .F. ) ;
#2747 = LINE ( 'NONE', #606, #1598 ) ;
#2748 = CARTESIAN_POINT ( 'NONE',  ( -0.8999999999999992450, 1.900000000000000355, 1.900000000000001688 ) ) ;
#2749 = CARTESIAN_POINT ( 'NONE',  ( 1.404809703885627314, 0.7666666666666595020, -1.779809703885629313 ) ) ;
#2750 = ORIENTED_EDGE ( 'NONE', *, *, #2926, .T. ) ;
#2751 = VECTOR ( 'NONE', #2211, 1000.000000000000000 ) ;
#2752 = DIRECTION ( 'NONE',  ( 1.000000000000000000, 0.0000000000000000000, -1.084202172485506327E-14 ) ) ;
#2753 = DIRECTION ( 'NONE',  ( -0.0000000000000000000, 1.000000000000000000, -0.0000000000000000000 ) ) ;
#2754 = ORIENTED_EDGE ( 'NONE', *, *, #1442, .T. ) ;
#2755 = CARTESIAN_POINT ( 'NONE',  ( 1.654809703885626870, 0.2999999999999999334, -1.654809703885629979 ) ) ;
#2756 = LINE ( 'NONE', #324, #1424 ) ;
#2757 = CARTESIAN_POINT ( 'NONE',  ( 1.654778534646938803, 1.039066316974709414, 1.779778534646942800 ) ) ;
#2758 = FILL_AREA_STYLE_COLOUR ( '', #870 ) ;
#2759 = LINE ( 'NONE', #2803, #2913 ) ;
#2760 = VERTEX_POINT ( 'NONE', #2027 ) ;
#2761 = EDGE_CURVE ( 'NONE', #278, #159, #2997, .T. ) ;
#2762 = DIRECTION ( 'NONE',  ( 0.0000000000000000000, 1.000000000000000000, 0.0000000000000000000 ) ) ;
#2763 = CARTESIAN_POINT ( 'NONE',  ( 1.404809703885633310, 0.7083333333333363679, -1.779809703885629757 ) ) ;
#2764 = ADVANCED_FACE ( 'NONE', ( #2955 ), #597, .T. ) ;
#2765 = CIRCLE ( 'NONE', #1566, 0.1999999999999998723 ) ;
#2766 = ORIENTED_EDGE ( 'NONE', *, *, #1331, .T. ) ;
#2767 = DIRECTION ( 'NONE',  ( -1.000000000000000000, 0.0000000000000000000, -2.168404344971007882E-16 ) ) ;
#2768 = CARTESIAN_POINT ( 'NONE',  ( 1.725520382004283260, 0.3000000000000003220, -1.548743686707646505 ) ) ;
#2769 = DIRECTION ( 'NONE',  ( 0.0000000000000000000, 0.0000000000000000000, 1.000000000000000000 ) ) ;
#2770 = LINE ( 'NONE', #987, #3835 ) ;
#2771 = AXIS2_PLACEMENT_3D ( 'NONE', #1262, #1563, #3794 ) ;
#2772 = ADVANCED_BREP_SHAPE_REPRESENTATION ( 'FDSD0420-H-2R2M=P3', ( #3478, #3906, #3230, #2232, #2466, #3633 ), #1821 ) ;
#2773 = CARTESIAN_POINT ( 'NONE',  ( 1.000000000000001998, 0.0000000000000000000, -1.100000000000001199 ) ) ;
#2774 = LINE ( 'NONE', #1830, #1019 ) ;
#2775 = DIRECTION ( 'NONE',  ( 0.0000000000000000000, 0.0000000000000000000, -1.000000000000000000 ) ) ;
#2776 = VECTOR ( 'NONE', #1610, 1000.000000000000114 ) ;
#2777 = ORIENTED_EDGE ( 'NONE', *, *, #569, .T. ) ;
#2778 = CARTESIAN_POINT ( 'NONE',  ( -0.9999999999999972244, 0.1499999999999997446, 1.900000000000001243 ) ) ;
#2779 = CARTESIAN_POINT ( 'NONE',  ( 1.904809703885634198, 0.7083333333333363679, -1.779809703885629757 ) ) ;
#2780 = EDGE_LOOP ( 'NONE', ( #1971, #3785, #1733, #3255 ) ) ;
#2781 = FACE_OUTER_BOUND ( 'NONE', #3398, .T. ) ;
#2782 = VERTEX_POINT ( 'NONE', #535 ) ;
#2783 = ADVANCED_FACE ( 'NONE', ( #443 ), #1778, .T. ) ;
#2784 = CARTESIAN_POINT ( 'NONE',  ( 1.000000000000000666, -1.355252715606880543E-16, -1.850000000000001421 ) ) ;
#2785 = CARTESIAN_POINT ( 'NONE',  ( -1.900000000000000133, 0.3000000000000003220, 1.900000000000002354 ) ) ;
#2786 = EDGE_CURVE ( 'NONE', #428, #3891, #1554, .T. ) ;
#2787 = ORIENTED_EDGE ( 'NONE', *, *, #1962, .F. ) ;
#2788 = ORIENTED_EDGE ( 'NONE', *, *, #2786, .T. ) ;
#2789 = DIRECTION ( 'NONE',  ( -0.0000000000000000000, -1.000000000000000000, -0.0000000000000000000 ) ) ;
#2790 = CARTESIAN_POINT ( 'NONE',  ( 1.654809703885628203, 0.9416666666666630992, -1.529809703885628425 ) ) ;
#2791 = LINE ( 'NONE', #2564, #1126 ) ;
#2792 = ORIENTED_EDGE ( 'NONE', *, *, #2038, .F. ) ;
#2793 = CARTESIAN_POINT ( 'NONE',  ( 1.760875721063611010, 0.3000000000000003220, -1.725520382004283482 ) ) ;
#2794 = EDGE_CURVE ( 'NONE', #903, #1160, #1506, .T. ) ;
#2795 = PRODUCT_RELATED_PRODUCT_CATEGORY ( 'part', '', ( #46 ) ) ;
#2796 = CARTESIAN_POINT ( 'NONE',  ( 1.654809703885628203, 1.000000000000000000, 1.619454364826300452 ) ) ;
#2797 = VECTOR ( 'NONE', #2767, 1000.000000000000000 ) ;
#2798 = CARTESIAN_POINT ( 'NONE',  ( 1.654794613882616172, 1.027498930579819669, -1.529794613882619725 ) ) ;
#2799 = EDGE_LOOP ( 'NONE', ( #3082, #2458, #1779, #322 ) ) ;
#2800 = AXIS2_PLACEMENT_3D ( 'NONE', #577, #3590, #2673 ) ;
#2801 = EDGE_CURVE ( 'NONE', #3503, #2212, #627, .T. ) ;
#2802 = PLANE ( 'NONE',  #3396 ) ;
#2803 = CARTESIAN_POINT ( 'NONE',  ( 1.627817459305202830, 1.000000000000000000, -2.000000000000001332 ) ) ;
#2804 = LINE ( 'NONE', #2015, #2226 ) ;
#2805 = DIRECTION ( 'NONE',  ( -0.0000000000000000000, 1.000000000000000000, -0.0000000000000000000 ) ) ;
#2806 = CYLINDRICAL_SURFACE ( 'NONE', #192, 0.2000000000000000944 ) ;
#2807 = CARTESIAN_POINT ( 'NONE',  ( 1.404809703885627536, 0.9416666666666632102, -1.529809703885628647 ) ) ;
#2808 = ADVANCED_FACE ( 'NONE', ( #2026 ), #734, .T. ) ;
#2809 = ORIENTED_EDGE ( 'NONE', *, *, #357, .F. ) ;
#2810 = LINE ( 'NONE', #3737, #210 ) ;
#2811 = EDGE_LOOP ( 'NONE', ( #479, #2163, #3049, #3710 ) ) ;
#2812 = DIRECTION ( 'NONE',  ( -0.0000000000000000000, 1.000000000000000000, -0.0000000000000000000 ) ) ;
#2813 = CARTESIAN_POINT ( 'NONE',  ( 1.898619223800361189, 1.088852525817260108, -1.523619223800351197 ) ) ;
#2814 = VECTOR ( 'NONE', #71, 1000.000000000000000 ) ;
#2815 = VERTEX_POINT ( 'NONE', #3159 ) ;
#2816 = DIRECTION ( 'NONE',  ( 1.925929944387239356E-30, -1.000000000000000000, 0.0000000000000000000 ) ) ;
#2817 = SURFACE_STYLE_FILL_AREA ( #293 ) ;
#2818 = EDGE_CURVE ( 'NONE', #1761, #1801, #203, .T. ) ;
#2819 = CARTESIAN_POINT ( 'NONE',  ( 2.000000000000000000, 0.0000000000000000000, 0.9500000000000000666 ) ) ;
#2820 = CARTESIAN_POINT ( 'NONE',  ( 1.898619223800361189, 1.088852525817260108, 1.523619223800351197 ) ) ;
#2821 = UNCERTAINTY_MEASURE_WITH_UNIT (LENGTH_MEASURE( 1.000000000000000082E-05 ), #3240, 'distance_accuracy_value', 'NONE');
#2822 = DIRECTION ( 'NONE',  ( -0.7071067811865431318, 0.0000000000000000000, 0.7071067811865517916 ) ) ;
#2823 = CARTESIAN_POINT ( 'NONE',  ( 1.640285940628114059, 1.082796648348378854, 1.515285940628121164 ) ) ;
#2824 =( NAMED_UNIT ( * ) PLANE_ANGLE_UNIT ( ) SI_UNIT ( $, .RADIAN. ) );
#2825 = AXIS2_PLACEMENT_3D ( 'NONE', #913, #888, #3022 ) ;
#2826 = ADVANCED_FACE ( 'NONE', ( #3570 ), #2546, .T. ) ;
#2827 = CARTESIAN_POINT ( 'NONE',  ( 1.049999999999998934, 1.000000000000000000, -2.000000000000001332 ) ) ;
#2828 = CARTESIAN_POINT ( 'NONE',  ( -1.800000000000000711, 1.800000000000000711, -1.900000000000001688 ) ) ;
#2829 = LINE ( 'NONE', #2063, #2003 ) ;
#2830 = ORIENTED_EDGE ( 'NONE', *, *, #3148, .F. ) ;
#2831 = DIRECTION ( 'NONE',  ( -1.000000000000000000, -0.0000000000000000000, -0.0000000000000000000 ) ) ;
#2833 = CARTESIAN_POINT ( 'NONE',  ( 1.654809703885626870, 0.4166666666666611341, 1.529809703885629979 ) ) ;
#2832 = VECTOR ( 'NONE', #3769, 1000.000000000000000 ) ;
#2834 = ORIENTED_EDGE ( 'NONE', *, *, #2786, .F. ) ;
#2835 = DIRECTION ( 'NONE',  ( -1.000000000000000000, -0.0000000000000000000, -0.0000000000000000000 ) ) ;
#2836 = DIRECTION ( 'NONE',  ( 0.0000000000000000000, 0.0000000000000000000, -1.000000000000000000 ) ) ;
#2837 = ORIENTED_EDGE ( 'NONE', *, *, #3401, .T. ) ;
#2838 = ORIENTED_EDGE ( 'NONE', *, *, #308, .T. ) ;
#2839 = CARTESIAN_POINT ( 'NONE',  ( -1.999999999999999112, 0.05000000000000000278, 1.900000000000001465 ) ) ;
#2840 = CARTESIAN_POINT ( 'NONE',  ( 1.904809703885627314, 0.2999999999999998779, -1.779809703885630423 ) ) ;
#2841 = VERTEX_POINT ( 'NONE', #2500 ) ;
#2842 = CARTESIAN_POINT ( 'NONE',  ( 1.000000000000001110, -1.355252715606880543E-16, 1.850000000000001421 ) ) ;
#2843 = CARTESIAN_POINT ( 'NONE',  ( 1.796231060122937651, 1.000000000000000000, 1.478033008588991226 ) ) ;
#2844 = EDGE_CURVE ( 'NONE', #1529, #1822, #1602, .T. ) ;
#2845 =( GEOMETRIC_REPRESENTATION_CONTEXT ( 3 ) GLOBAL_UNCERTAINTY_ASSIGNED_CONTEXT ( ( #2947 ) ) GLOBAL_UNIT_ASSIGNED_CONTEXT ( ( #79, #2824, #962 ) ) REPRESENTATION_CONTEXT ( 'NONE', 'WORKASPACE' ) );
#2846 = ORIENTED_EDGE ( 'NONE', *, *, #3243, .T. ) ;
#2847 = CARTESIAN_POINT ( 'NONE',  ( 1.654809703885627981, 0.8541666666666696273, 1.529809703885628647 ) ) ;
#2848 = ADVANCED_FACE ( 'NONE', ( #3317 ), #3119, .T. ) ;
#2849 = DIRECTION ( 'NONE',  ( 0.0000000000000000000, -1.000000000000000000, 0.0000000000000000000 ) ) ;
#2850 = AXIS2_PLACEMENT_3D ( 'NONE', #110, #1866, #2836 ) ;
#2851 = ORIENTED_EDGE ( 'NONE', *, *, #3825, .F. ) ;
#2852 = LINE ( 'NONE', #2739, #390 ) ;
#2853 = PLANE ( 'NONE',  #868 ) ;
#2854 = DIRECTION ( 'NONE',  ( 0.7071067811865464625, 0.0000000000000000000, 0.7071067811865486830 ) ) ;
#2855 = CARTESIAN_POINT ( 'NONE',  ( 1.401812698920214428, 1.043016285876986915, -1.776812698920213096 ) ) ;
#2856 = VERTEX_POINT ( 'NONE', #1933 ) ;
#2857 = VECTOR ( 'NONE', #23, 1000.000000000000000 ) ;
#2858 = AXIS2_PLACEMENT_3D ( 'NONE', #525, #1650, #200 ) ;
#2859 = CARTESIAN_POINT ( 'NONE',  ( 1.049999999999998934, 0.1499999999999997446, 1.900000000000001465 ) ) ;
#2860 = DIRECTION ( 'NONE',  ( 0.0000000000000000000, 0.0000000000000000000, 1.000000000000000000 ) ) ;
#2861 = ORIENTED_EDGE ( 'NONE', *, *, #1373, .T. ) ;
#2862 = FACE_OUTER_BOUND ( 'NONE', #2053, .T. ) ;
#2863 = CARTESIAN_POINT ( 'NONE',  ( 1.654809703885626870, 0.4166666666666611341, 1.779809703885630201 ) ) ;
#2864 = ORIENTED_EDGE ( 'NONE', *, *, #3768, .T. ) ;
#2865 = DIRECTION ( 'NONE',  ( 0.0000000000000000000, 0.0000000000000000000, 1.000000000000000000 ) ) ;
#2866 = CARTESIAN_POINT ( 'NONE',  ( 1.569450096823239660, 1.165900835168539595, 1.444450096823238772 ) ) ;
#2867 = CARTESIAN_POINT ( 'NONE',  ( 1.537500000000000311, 1.165900974233026854, -1.412499999999999201 ) ) ;
#2868 = ORIENTED_EDGE ( 'NONE', *, *, #2596, .F. ) ;
#2869 = EDGE_CURVE ( 'NONE', #2744, #2737, #2952, .T. ) ;
#2870 = ADVANCED_FACE ( 'NONE', ( #1320 ), #1419, .T. ) ;
#2871 = VECTOR ( 'NONE', #1001, 1000.000000000000000 ) ;
#2872 = CARTESIAN_POINT ( 'NONE',  ( -1.049999999999999156, 0.05000000000000000278, 1.080487804878050184 ) ) ;
#2873 = EDGE_CURVE ( 'NONE', #1822, #3249, #1227, .T. ) ;
#2874 = B_SPLINE_CURVE_WITH_KNOTS ( 'NONE', 3,
 ( #3850, #2020, #1699, #528, #3861, #2945, #2911, #1982, #1119, #2638, #3239, #3838, #1711, #490, #2290, #190 ),
 .UNSPECIFIED., .F., .F.,
 ( 4, 2, 2, 2, 2, 2, 2, 4 ),
 ( 0.0000000000000000000, 0.1816551698039447493, 0.2724827547059170962, 0.3633103396078894987, 0.4428965471569033530, 0.5224827547059172073, 0.6816551698039448048, 1.000000000000000000 ),
 .UNSPECIFIED. ) ;
#2875 = CARTESIAN_POINT ( 'NONE',  ( 1.904778534646937915, 1.039066316974707638, 1.529778534646940580 ) ) ;
#2876 = DIRECTION ( 'NONE',  ( -0.0000000000000000000, -1.000000000000000000, -0.0000000000000000000 ) ) ;
#2877 = PLANE ( 'NONE',  #2254 ) ;
#2878 = VECTOR ( 'NONE', #3319, 1000.000000000000000 ) ;
#2879 = CARTESIAN_POINT ( 'NONE',  ( 1.049999999999998934, 0.1499999999999997446, -1.900000000000001465 ) ) ;
#2880 = CARTESIAN_POINT ( 'NONE',  ( 1.412500000000000533, 0.9891242789363902110, -1.537500000000000755 ) ) ;
#2881 = AXIS2_PLACEMENT_3D ( 'NONE', #668, #2188, #3819 ) ;
#2882 = EDGE_CURVE ( 'NONE', #2212, #1681, #817, .T. ) ;
#2883 = VECTOR ( 'NONE', #2977, 1000.000000000000000 ) ;
#2884 = ORIENTED_EDGE ( 'NONE', *, *, #2794, .T. ) ;
#2885 = DIRECTION ( 'NONE',  ( 0.7071067811865474617, 0.0000000000000000000, -0.7071067811865474617 ) ) ;
#2886 = DIRECTION ( 'NONE',  ( 0.0000000000000000000, 1.000000000000000000, 0.0000000000000000000 ) ) ;
#2887 = ORIENTED_EDGE ( 'NONE', *, *, #592, .F. ) ;
#2888 = LINE ( 'NONE', #1955, #2832 ) ;
#2889 = VERTEX_POINT ( 'NONE', #2872 ) ;
#2890 = ADVANCED_FACE ( 'NONE', ( #540 ), #3772, .T. ) ;
#2891 = EDGE_LOOP ( 'NONE', ( #2387, #1316, #281, #3072 ) ) ;
#2892 = EDGE_LOOP ( 'NONE', ( #1917, #3694, #1572, #389 ) ) ;
#2893 = DIRECTION ( 'NONE',  ( 0.0000000000000000000, -1.000000000000000000, 0.0000000000000000000 ) ) ;
#2894 = DIRECTION ( 'NONE',  ( 0.0000000000000000000, -1.000000000000000000, 0.0000000000000000000 ) ) ;
#2895 = VECTOR ( 'NONE', #2590, 999.9999999999998863 ) ;
#2896 = PLANE ( 'NONE',  #83 ) ;
#2897 = CARTESIAN_POINT ( 'NONE',  ( 1.410405495476343640, 0.9891242880528410275, -1.535405495476362958 ) ) ;
#2898 = ORIENTED_EDGE ( 'NONE', *, *, #2031, .T. ) ;
#2899 = LINE ( 'NONE', #3883, #3309 ) ;
#2900 = ORIENTED_EDGE ( 'NONE', *, *, #1357, .F. ) ;
#2901 = CARTESIAN_POINT ( 'NONE',  ( 1.475000000000000533, 1.254289321881345343, 1.474999999999999423 ) ) ;
#2902 = CARTESIAN_POINT ( 'NONE',  ( -0.9999999999999985567, 0.0000000000000000000, -2.000000000000001332 ) ) ;
#2903 = EDGE_CURVE ( 'NONE', #583, #2905, #3767, .T. ) ;
#2904 = PRESENTATION_LAYER_ASSIGNMENT (  '', '', ( #1393 ) ) ;
#2905 = VERTEX_POINT ( 'NONE', #411 ) ;
#2906 = ORIENTED_EDGE ( 'NONE', *, *, #357, .T. ) ;
#2907 = PRESENTATION_STYLE_ASSIGNMENT (( #2340 ) ) ;
#2909 = DIRECTION ( 'NONE',  ( 0.0000000000000000000, -0.0000000000000000000, -1.000000000000000000 ) ) ;
#2908 = LINE ( 'NONE', #1976, #57 ) ;
#2910 = DIRECTION ( 'NONE',  ( 1.000000000000000000, 0.0000000000000000000, -2.940209281316622988E-16 ) ) ;
#2911 = CARTESIAN_POINT ( 'NONE',  ( 1.654794613882616172, 1.027498930579819669, -1.529794613882619725 ) ) ;
#2912 = ADVANCED_FACE ( 'NONE', ( #3961 ), #1047, .T. ) ;
#2913 = VECTOR ( 'NONE', #1859, 999.9999999999998863 ) ;
#2914 = AXIS2_PLACEMENT_3D ( 'NONE', #483, #153, #947 ) ;
#2915 = ORIENTED_EDGE ( 'NONE', *, *, #216, .T. ) ;
#2916 = CARTESIAN_POINT ( 'NONE',  ( 1.654822926257586424, 0.9759045052352379734, 1.529822926257583093 ) ) ;
#2917 = DIRECTION ( 'NONE',  ( -1.000000000000000000, 0.0000000000000000000, -2.940209281316622988E-16 ) ) ;
#2918 = CARTESIAN_POINT ( 'NONE',  ( 1.049999999999998934, 0.3000000000000003220, -1.900000000000001465 ) ) ;
#2919 = FACE_OUTER_BOUND ( 'NONE', #2028, .T. ) ;
#2920 = ORIENTED_EDGE ( 'NONE', *, *, #2995, .F. ) ;
#2921 = DIRECTION ( 'NONE',  ( -0.0000000000000000000, -1.000000000000000000, -0.0000000000000000000 ) ) ;
#2922 = VECTOR ( 'NONE', #3810, 1000.000000000000000 ) ;
#2923 = ORIENTED_EDGE ( 'NONE', *, *, #2761, .F. ) ;
#2924 = CARTESIAN_POINT ( 'NONE',  ( 1.120710678118653769, 1.000000000000000000, -1.870710678118656212 ) ) ;
#2925 =( NAMED_UNIT ( * ) SI_UNIT ( $, .STERADIAN. ) SOLID_ANGLE_UNIT ( ) );
#2926 = EDGE_CURVE ( 'NONE', #1996, #3865, #1045, .T. ) ;
#2927 = CARTESIAN_POINT ( 'NONE',  ( 1.859334189032889384, 1.259245496154484112, 1.734334189032894047 ) ) ;
#2928 = DIRECTION ( 'NONE',  ( 0.0000000000000000000, 0.0000000000000000000, 1.000000000000000000 ) ) ;
#2929 = LINE ( 'NONE', #3944, #2146 ) ;
#2930 = EDGE_LOOP ( 'NONE', ( #333, #1656, #3577, #2468 ) ) ;
#2931 = ADVANCED_FACE ( 'NONE', ( #1734 ), #1957, .T. ) ;
#2932 = FACE_OUTER_BOUND ( 'NONE', #402, .T. ) ;
#2933 = VERTEX_POINT ( 'NONE', #718 ) ;
#2934 =( GEOMETRIC_REPRESENTATION_CONTEXT ( 3 ) GLOBAL_UNCERTAINTY_ASSIGNED_CONTEXT ( ( #3058 ) ) GLOBAL_UNIT_ASSIGNED_CONTEXT ( ( #313, #3670, #28 ) ) REPRESENTATION_CONTEXT ( 'NONE', 'WORKASPACE' ) );
#2935 = EDGE_CURVE ( 'NONE', #3889, #1718, #3180, .T. ) ;
#2936 = ORIENTED_EDGE ( 'NONE', *, *, #1061, .F. ) ;
#2937 = ORIENTED_EDGE ( 'NONE', *, *, #167, .T. ) ;
#2938 = CARTESIAN_POINT ( 'NONE',  ( 1.904809703885628647, 0.8833333333333360793, 1.779809703885629091 ) ) ;
#2939 = ORIENTED_EDGE ( 'NONE', *, *, #3473, .T. ) ;
#2940 = VECTOR ( 'NONE', #2460, 1000.000000000000000 ) ;
#2941 = EDGE_LOOP ( 'NONE', ( #3609, #813, #3565, #3887 ) ) ;
#2942 = EDGE_CURVE ( 'NONE', #3104, #2237, #3136, .T. ) ;
#2943 = CARTESIAN_POINT ( 'NONE',  ( 1.049999999999998934, 0.3000000000000003220, -1.900000000000001465 ) ) ;
#2944 = CARTESIAN_POINT ( 'NONE',  ( -0.8999999999999992450, 1.800000000000000711, -1.900000000000001688 ) ) ;
#2945 = CARTESIAN_POINT ( 'NONE',  ( 1.651812698920217981, 1.043016285876988691, -1.526812698920210876 ) ) ;
#2946 = VERTEX_POINT ( 'NONE', #1089 ) ;
#2947 = UNCERTAINTY_MEASURE_WITH_UNIT (LENGTH_MEASURE( 1.000000000000000082E-05 ), #79, 'distance_accuracy_value', 'NONE');
#2948 = CARTESIAN_POINT ( 'NONE',  ( 1.904762455411260325, 1.050633703369597161, 1.779762455411263655 ) ) ;
#2949 = CARTESIAN_POINT ( 'NONE',  ( -1.049999999999999156, 0.1499999999999997446, 1.080487804878050184 ) ) ;
#2950 = FILL_AREA_STYLE_COLOUR ( '', #3656 ) ;
#2951 = EDGE_CURVE ( 'NONE', #1471, #3503, #1097, .T. ) ;
#2952 = LINE ( 'NONE', #1345, #2229 ) ;
#2953 = DIRECTION ( 'NONE',  ( 1.000000000000000000, 0.0000000000000000000, 0.0000000000000000000 ) ) ;
#2954 = EDGE_LOOP ( 'NONE', ( #2393, #808, #154, #3592 ) ) ;
#2955 = FACE_OUTER_BOUND ( 'NONE', #3896, .T. ) ;
#2956 = DIRECTION ( 'NONE',  ( 0.0000000000000000000, 1.000000000000000000, 0.0000000000000000000 ) ) ;
#2957 = AXIS2_PLACEMENT_3D ( 'NONE', #3470, #2276, #3836 ) ;
#2958 = FILL_AREA_STYLE_COLOUR ( '', #637 ) ;
#2959 = PLANE ( 'NONE',  #256 ) ;
#2960 = VECTOR ( 'NONE', #59, 1000.000000000000000 ) ;
#2961 = ORIENTED_EDGE ( 'NONE', *, *, #1061, .T. ) ;
#2962 = CARTESIAN_POINT ( 'NONE',  ( 1.904778534646937915, 1.039066316974707638, 1.529778534646940580 ) ) ;
#2963 = ORIENTED_EDGE ( 'NONE', *, *, #1972, .F. ) ;
#2964 = CARTESIAN_POINT ( 'NONE',  ( 1.000000000000000666, 0.09999999999999982514, 1.850000000000001421 ) ) ;
#2965 = PLANE ( 'NONE',  #181 ) ;
#2966 = VECTOR ( 'NONE', #1053, 1000.000000000000000 ) ;
#2967 = CARTESIAN_POINT ( 'NONE',  ( -0.9999999999999972244, 0.09999999999999982514, 1.850000000000001421 ) ) ;
#2968 = CARTESIAN_POINT ( 'NONE',  ( 1.191421356237308604, 0.3000000000000003220, -1.941421356237311047 ) ) ;
#2969 = FACE_OUTER_BOUND ( 'NONE', #3400, .T. ) ;
#2970 = EDGE_CURVE ( 'NONE', #3249, #2856, #2366, .T. ) ;
#2971 = CARTESIAN_POINT ( 'NONE',  ( 1.569450096823239660, 1.165900835168539595, 1.444450096823238772 ) ) ;
#2972 = DIRECTION ( 'NONE',  ( -1.000000000000000000, 0.0000000000000000000, 0.0000000000000000000 ) ) ;
#2973 =( NAMED_UNIT ( * ) PLANE_ANGLE_UNIT ( ) SI_UNIT ( $, .RADIAN. ) );
#2974 = VECTOR ( 'NONE', #1081, 1000.000000000000114 ) ;
#2975 = ORIENTED_EDGE ( 'NONE', *, *, #3327, .F. ) ;
#2976 = AXIS2_PLACEMENT_3D ( 'NONE', #2796, #972, #3101 ) ;
#2977 = DIRECTION ( 'NONE',  ( 0.0000000000000000000, 0.0000000000000000000, 1.000000000000000000 ) ) ;
#2978 = EDGE_LOOP ( 'NONE', ( #3265, #2150, #2714, #529 ) ) ;
#2979 = CIRCLE ( 'NONE', #1364, 0.09999999999999982514 ) ;
#2980 = EDGE_LOOP ( 'NONE', ( #2438, #2159, #3851, #2065 ) ) ;
#2981 = CARTESIAN_POINT ( 'NONE',  ( -0.9999999999999988898, 0.1000000000000000056, -1.100000000000001643 ) ) ;
#2982 = DIRECTION ( 'NONE',  ( 0.0000000000000000000, 0.0000000000000000000, -1.000000000000000000 ) ) ;
#2983 = VERTEX_POINT ( 'NONE', #1667 ) ;
#2984 = AXIS2_PLACEMENT_3D ( 'NONE', #3727, #2198, #1923 ) ;
#2985 = LINE ( 'NONE', #538, #3651 ) ;
#2986 = CARTESIAN_POINT ( 'NONE',  ( 1.654809703885614880, 0.5333333333333255544, 1.529809703885629091 ) ) ;
#2987 = ORIENTED_EDGE ( 'NONE', *, *, #2095, .T. ) ;
#2988 = DIRECTION ( 'NONE',  ( -0.0000000000000000000, -1.000000000000000000, 0.0000000000000000000 ) ) ;
#2989 = DIRECTION ( 'NONE',  ( 0.0000000000000000000, 0.0000000000000000000, -1.000000000000000000 ) ) ;
#2990 = VECTOR ( 'NONE', #2347, 1000.000000000000000 ) ;
#2991 = DIRECTION ( 'NONE',  ( -0.7071067811865474617, -0.0000000000000000000, 0.7071067811865476838 ) ) ;
#2992 = ORIENTED_EDGE ( 'NONE', *, *, #1989, .T. ) ;
#2993 = CARTESIAN_POINT ( 'NONE',  ( 1.537500000000000755, 1.519454364826301696, 1.412499999999998535 ) ) ;
#2994 = ORIENTED_EDGE ( 'NONE', *, *, #2481, .F. ) ;
#2995 = EDGE_CURVE ( 'NONE', #279, #379, #3271, .T. ) ;
#2996 = CARTESIAN_POINT ( 'NONE',  ( 1.654809703885626870, 0.2999999999999999334, -1.779809703885630201 ) ) ;
#2997 = LINE ( 'NONE', #1030, #3469 ) ;
#2998 = CARTESIAN_POINT ( 'NONE',  ( 1.405006174040074995, 0.9971800459367169411, 1.530006174040070333 ) ) ;
#2999 = DIRECTION ( 'NONE',  ( -0.0000000000000000000, -1.000000000000000000, 0.0000000000000000000 ) ) ;
#3000 = CARTESIAN_POINT ( 'NONE',  ( 1.760875721063611010, 1.000000000000000000, -1.725520382004283482 ) ) ;
#3001 = ORIENTED_EDGE ( 'NONE', *, *, #1698, .T. ) ;
#3002 =( GEOMETRIC_REPRESENTATION_CONTEXT ( 3 ) GLOBAL_UNCERTAINTY_ASSIGNED_CONTEXT ( ( #831 ) ) GLOBAL_UNIT_ASSIGNED_CONTEXT ( ( #2, #2730, #602 ) ) REPRESENTATION_CONTEXT ( 'NONE', 'WORKASPACE' ) );
#3003 = ORIENTED_EDGE ( 'NONE', *, *, #2395, .F. ) ;
#3004 = EDGE_CURVE ( 'NONE', #1822, #3891, #2457, .T. ) ;
#3005 = CARTESIAN_POINT ( 'NONE',  ( 1.000000000000001998, 0.1000000000000000056, 1.100000000000001199 ) ) ;
#3006 = DIRECTION ( 'NONE',  ( -0.7071067811865474617, 0.0000000000000000000, -0.7071067811865474617 ) ) ;
#3007 = CARTESIAN_POINT ( 'NONE',  ( 1.654809703885628203, 0.9416666666666630992, -1.529809703885628425 ) ) ;
#3008 = LINE ( 'NONE', #1041, #1523 ) ;
#3009 = CARTESIAN_POINT ( 'NONE',  ( 1.404809703885633310, 0.7083333333333363679, 1.529809703885629313 ) ) ;
#3010 = DIRECTION ( 'NONE',  ( 0.0000000000000000000, 0.0000000000000000000, 1.000000000000000000 ) ) ;
#3011 = CARTESIAN_POINT ( 'NONE',  ( 1.831586399182265845, 1.000000000000000000, 1.796231060122938095 ) ) ;
#3012 = DIRECTION ( 'NONE',  ( 0.0000000000000000000, 1.000000000000000000, 0.0000000000000000000 ) ) ;
#3013 = CARTESIAN_POINT ( 'NONE',  ( 1.599337601876782422, 1.147511096119603780, 1.474337601876795967 ) ) ;
#3014 = LINE ( 'NONE', #310, #2342 ) ;
#3015 = ORIENTED_EDGE ( 'NONE', *, *, #746, .F. ) ;
#3016 = CARTESIAN_POINT ( 'NONE',  ( 1.475000000000000533, 1.254289321881345343, -1.474999999999999423 ) ) ;
#3017 = CARTESIAN_POINT ( 'NONE',  ( 1.654822926257586424, 0.9759045052352379734, -1.529822926257583093 ) ) ;
#3018 = EDGE_CURVE ( 'NONE', #3749, #1834, #1823, .T. ) ;
#3019 = FACE_OUTER_BOUND ( 'NONE', #2363, .T. ) ;
#3020 = ORIENTED_EDGE ( 'NONE', *, *, #1232, .T. ) ;
#3021 = CARTESIAN_POINT ( 'NONE',  ( -1.800000000000000711, 1.900000000000000355, -2.000000000000001776 ) ) ;
#3022 = DIRECTION ( 'NONE',  ( 1.000000000000000000, 0.0000000000000000000, 0.0000000000000000000 ) ) ;
#3023 = DIRECTION ( 'NONE',  ( 0.0000000000000000000, 0.0000000000000000000, 1.000000000000000000 ) ) ;
#3024 = AXIS2_PLACEMENT_3D ( 'NONE', #1338, #1370, #1652 ) ;
#3025 = CARTESIAN_POINT ( 'NONE',  ( 1.404809703885627314, 0.7666666666666595020, 1.779809703885629313 ) ) ;
#3026 = EDGE_LOOP ( 'NONE', ( #97, #101, #2939, #843 ) ) ;
#3027 = DIRECTION ( 'NONE',  ( 0.0000000000000000000, -1.000000000000000000, 0.0000000000000000000 ) ) ;
#3028 = CARTESIAN_POINT ( 'NONE',  ( 1.904809703885628647, 0.7666666666666595020, -1.529809703885628869 ) ) ;
#3029 = CIRCLE ( 'NONE', #3420, 0.1499999999999999667 ) ;
#3030 = ORIENTED_EDGE ( 'NONE', *, *, #2082, .F. ) ;
#3031 = CARTESIAN_POINT ( 'NONE',  ( -0.9999999999999985567, 0.3000000000000003220, -2.000000000000001332 ) ) ;
#3032 = CARTESIAN_POINT ( 'NONE',  ( 1.654809703885628203, 1.000000000000000000, 1.619454364826300452 ) ) ;
#3033 = CARTESIAN_POINT ( 'NONE',  ( 1.654809703885633754, 0.7083333333333362569, -1.779809703885629313 ) ) ;
#3034 = ORIENTED_EDGE ( 'NONE', *, *, #2935, .T. ) ;
#3035 = CARTESIAN_POINT ( 'NONE',  ( 1.049999999999998934, 0.3000000000000003220, 2.000000000000001332 ) ) ;
#3036 = CARTESIAN_POINT ( 'NONE',  ( 1.904851104599866840, 0.9556330334039250252, 1.779851104599863509 ) ) ;
#3037 = VECTOR ( 'NONE', #1415, 1000.000000000000000 ) ;
#3038 = ORIENTED_EDGE ( 'NONE', *, *, #2309, .F. ) ;
#3039 = EDGE_CURVE ( 'NONE', #2639, #486, #3465, .T. ) ;
#3040 = FACE_OUTER_BOUND ( 'NONE', #3872, .T. ) ;
#3041 = CARTESIAN_POINT ( 'NONE',  ( 1.654809703885628203, 0.8833333333333359683, -1.529809703885628425 ) ) ;
#3043 = DIRECTION ( 'NONE',  ( 1.000000000000000000, 0.0000000000000000000, -4.818676322157799347E-16 ) ) ;
#3042 = LINE ( 'NONE', #2503, #2617 ) ;
#3044 = ORIENTED_EDGE ( 'NONE', *, *, #3908, .T. ) ;
#3045 = CARTESIAN_POINT ( 'NONE',  ( 1.478494698170095489, 1.342677382284284349, -1.603494698170093713 ) ) ;
#3046 = AXIS2_PLACEMENT_3D ( 'NONE', #3648, #20, #1547 ) ;
#3047 = CARTESIAN_POINT ( 'NONE',  ( 1.654809703885626870, 0.2999999999999999334, 1.654809703885629979 ) ) ;
#3048 = LINE ( 'NONE', #162, #956 ) ;
#3049 = ORIENTED_EDGE ( 'NONE', *, *, #3657, .F. ) ;
#3050 = CARTESIAN_POINT ( 'NONE',  ( 1.404809703885627536, 0.9416666666666632102, 1.529809703885628647 ) ) ;
#3051 = AXIS2_PLACEMENT_3D ( 'NONE', #1873, #732, #123 ) ;
#3052 = LINE ( 'NONE', #1290, #2871 ) ;
#3053 = CARTESIAN_POINT ( 'NONE',  ( 1.404809703885627314, 0.8541666666666697383, -1.779809703885629313 ) ) ;
#3054 = DIRECTION ( 'NONE',  ( -1.000000000000000000, 0.0000000000000000000, 0.0000000000000000000 ) ) ;
#3055 = CARTESIAN_POINT ( 'NONE',  ( 1.120710678118653769, 0.3000000000000003220, 1.870710678118656212 ) ) ;
#3056 = PLANE ( 'NONE',  #3583 ) ;
#3057 = LINE ( 'NONE', #1439, #3739 ) ;
#3058 = UNCERTAINTY_MEASURE_WITH_UNIT (LENGTH_MEASURE( 1.000000000000000082E-05 ), #313, 'distance_accuracy_value', 'NONE');
#3059 = ADVANCED_FACE ( 'NONE', ( #2321 ), #1060, .F. ) ;
#3060 = CARTESIAN_POINT ( 'NONE',  ( 1.404809703885626426, 0.4166666666666610785, 1.529809703885630201 ) ) ;
#3061 = CARTESIAN_POINT ( 'NONE',  ( 1.654809703885626870, 0.2999999999999999334, -1.654809703885629979 ) ) ;
#3062 = VECTOR ( 'NONE', #376, 1000.000000000000000 ) ;
#3063 = EDGE_CURVE ( 'NONE', #249, #219, #395, .T. ) ;
#3064 = ORIENTED_EDGE ( 'NONE', *, *, #2656, .T. ) ;
#3065 = EDGE_LOOP ( 'NONE', ( #1635, #2900, #3725, #1144 ) ) ;
#3066 = DIRECTION ( 'NONE',  ( 0.0000000000000000000, 0.0000000000000000000, 1.000000000000000000 ) ) ;
#3068 = CARTESIAN_POINT ( 'NONE',  ( 1.651812698920217981, 1.043016285876988691, -1.526812698920210876 ) ) ;
#3067 = VECTOR ( 'NONE', #2143, 1000.000000000000000 ) ;
#3069 = ORIENTED_EDGE ( 'NONE', *, *, #437, .F. ) ;
#3070 = EDGE_CURVE ( 'NONE', #1261, #3889, #858, .T. ) ;
#3071 = AXIS2_PLACEMENT_3D ( 'NONE', #739, #2551, #146 ) ;
#3072 = ORIENTED_EDGE ( 'NONE', *, *, #2454, .T. ) ;
#3073 = DIRECTION ( 'NONE',  ( 0.0000000000000000000, 0.0000000000000000000, -1.000000000000000000 ) ) ;
#3074 = SURFACE_SIDE_STYLE ('',( #2319 ) ) ;
#3075 = AXIS2_PLACEMENT_3D ( 'NONE', #1165, #541, #2323 ) ;
#3076 = CARTESIAN_POINT ( 'NONE',  ( -1.800000000000000711, 1.800000000000000711, 1.900000000000001688 ) ) ;
#3077 = ORIENTED_EDGE ( 'NONE', *, *, #3840, .T. ) ;
#3078 = EDGE_CURVE ( 'NONE', #3517, #1718, #3365, .T. ) ;
#3079 = CARTESIAN_POINT ( 'NONE',  ( -0.8999999999999992450, 1.800000000000000711, 1.900000000000001688 ) ) ;
#3080 = SURFACE_SIDE_STYLE ('',( #3826 ) ) ;
#3081 = VECTOR ( 'NONE', #2203, 1000.000000000000114 ) ;
#3082 = ORIENTED_EDGE ( 'NONE', *, *, #1953, .F. ) ;
#3083 = CARTESIAN_POINT ( 'NONE',  ( 1.404809703885627314, 0.7666666666666595020, -1.529809703885628869 ) ) ;
#3084 = ADVANCED_FACE ( 'NONE', ( #729 ), #1113, .F. ) ;
#3085 = VERTEX_POINT ( 'NONE', #1106 ) ;
#3086 = FACE_OUTER_BOUND ( 'NONE', #1784, .T. ) ;
#3087 = CARTESIAN_POINT ( 'NONE',  ( -1.800000000000000711, 1.800000000000000711, -1.900000000000001688 ) ) ;
#3088 = DIRECTION ( 'NONE',  ( 0.7071067811865474617, 0.0000000000000000000, -0.7071067811865474617 ) ) ;
#3089 = CARTESIAN_POINT ( 'NONE',  ( 1.790228998569204144, 1.304692355676190685, -1.415228998569220131 ) ) ;
#3090 = CARTESIAN_POINT ( 'NONE',  ( 1.654809703885626870, 0.4166666666666611341, 1.529809703885629979 ) ) ;
#3091 = PLANE ( 'NONE',  #2070 ) ;
#3092 = LINE ( 'NONE', #2828, #3530 ) ;
#3093 = CLOSED_SHELL ( 'NONE', ( #388, #82, #2912, #2453 ) ) ;
#3094 = EDGE_CURVE ( 'NONE', #523, #3891, #3662, .T. ) ;
#3095 = AXIS2_PLACEMENT_3D ( 'NONE', #484, #3506, #2365 ) ;
#3096 = PLANE ( 'NONE',  #844 ) ;
#3097 = CARTESIAN_POINT ( 'NONE',  ( -0.9999999999999985567, 0.1000000000000000056, 1.900000000000001243 ) ) ;
#3098 = CYLINDRICAL_SURFACE ( 'NONE', #1889, 0.1999999999999998723 ) ;
#3099 = ORIENTED_EDGE ( 'NONE', *, *, #1149, .F. ) ;
#3100 = DIRECTION ( 'NONE',  ( 1.000000000000000000, 0.0000000000000000000, -2.940209281316623481E-16 ) ) ;
#3101 = DIRECTION ( 'NONE',  ( 1.000000000000000000, 0.0000000000000000000, 0.0000000000000000000 ) ) ;
#3102 = CARTESIAN_POINT ( 'NONE',  ( 1.640285940628114059, 1.082796648348378854, -1.515285940628121164 ) ) ;
#3103 = AXIS2_PLACEMENT_3D ( 'NONE', #2695, #1508, #1462 ) ;
#3104 = VERTEX_POINT ( 'NONE', #1379 ) ;
#3105 = ADVANCED_FACE ( 'NONE', ( #296 ), #496, .F. ) ;
#3106 = CARTESIAN_POINT ( 'NONE',  ( 1.654809703885633754, 0.7083333333333362569, 1.529809703885629091 ) ) ;
#3107 = DIRECTION ( 'NONE',  ( 0.7071067811865432429, 0.0000000000000000000, -0.7071067811865519026 ) ) ;
#3108 = CARTESIAN_POINT ( 'NONE',  ( -0.8999999999999992450, 1.800000000000000711, -1.900000000000001688 ) ) ;
#3109 = CARTESIAN_POINT ( 'NONE',  ( 1.404809703885627536, 0.8833333333333360793, -1.529809703885628647 ) ) ;
#3110 = CARTESIAN_POINT ( 'NONE',  ( -0.9999999999999988898, 0.1000000000000000056, 1.100000000000001643 ) ) ;
#3111 = LINE ( 'NONE', #3021, #925 ) ;
#3112 = EDGE_LOOP ( 'NONE', ( #1007, #488, #3172, #1625 ) ) ;
#3113 = CARTESIAN_POINT ( 'NONE',  ( -1.049999999999999156, 0.1499999999999997446, -1.080487804878050184 ) ) ;
#3114 = CARTESIAN_POINT ( 'NONE',  ( 1.654809703885626870, 0.2999999999999999334, -1.529809703885629979 ) ) ;
#3115 = VECTOR ( 'NONE', #3697, 1000.000000000000000 ) ;
#3116 = ORIENTED_EDGE ( 'NONE', *, *, #1568, .F. ) ;
#3117 = CARTESIAN_POINT ( 'NONE',  ( -1.900000000000000133, 1.000000000000000000, -2.000000000000002220 ) ) ;
#3118 = CARTESIAN_POINT ( 'NONE',  ( 1.513388347648318977, 0.3000000000000003220, -1.478033008588990782 ) ) ;
#3119 = PLANE ( 'NONE',  #994 ) ;
#3120 = EDGE_CURVE ( 'NONE', #3350, #536, #3867, .T. ) ;
#3121 = CARTESIAN_POINT ( 'NONE',  ( 1.904809703885627314, 0.4166666666666610785, 1.529809703885630201 ) ) ;
#3122 = ADVANCED_FACE ( 'NONE', ( #247 ), #2965, .F. ) ;
#3123 = ORIENTED_EDGE ( 'NONE', *, *, #3446, .F. ) ;
#3124 = AXIS2_PLACEMENT_3D ( 'NONE', #2410, #3054, #921 ) ;
#3125 = LINE ( 'NONE', #1742, #2797 ) ;
#3126 = CARTESIAN_POINT ( 'NONE',  ( 1.654822926257586424, 0.9759045052352379734, 1.529822926257583093 ) ) ;
#3127 = CARTESIAN_POINT ( 'NONE',  ( 1.654809703885614880, 0.5333333333333255544, -1.529809703885629091 ) ) ;
#3128 = ORIENTED_EDGE ( 'NONE', *, *, #1202, .F. ) ;
#3129 = PRESENTATION_LAYER_ASSIGNMENT (  '', '', ( #2511 ) ) ;
#3130 = EDGE_CURVE ( 'NONE', #881, #583, #3527, .T. ) ;
#3131 = ORIENTED_EDGE ( 'NONE', *, *, #3170, .T. ) ;
#3132 = CARTESIAN_POINT ( 'NONE',  ( 1.000000000000000666, 0.1499999999999997446, 1.850000000000001421 ) ) ;
#3133 = DIRECTION ( 'NONE',  ( 0.0000000000000000000, 1.000000000000000000, 0.0000000000000000000 ) ) ;
#3134 = FACE_OUTER_BOUND ( 'NONE', #3026, .T. ) ;
#3135 = DIRECTION ( 'NONE',  ( 1.000000000000000000, 0.0000000000000000000, -1.084202172485506327E-14 ) ) ;
#3136 = LINE ( 'NONE', #3196, #3037 ) ;
#3137 = CARTESIAN_POINT ( 'NONE',  ( 1.654809703885429251, 0.2999999999999999334, 1.779809703885630423 ) ) ;
#3138 = ORIENTED_EDGE ( 'NONE', *, *, #1294, .F. ) ;
#3139 = VECTOR ( 'NONE', #3650, 1000.000000000000000 ) ;
#3140 = CARTESIAN_POINT ( 'NONE',  ( 1.513388347648318977, 0.3000000000000003220, 1.478033008588990782 ) ) ;
#3141 = CARTESIAN_POINT ( 'NONE',  ( 1.349337601876786641, 1.147511096119618434, -1.724337601876793302 ) ) ;
#3142 = EDGE_CURVE ( 'NONE', #423, #177, #51, .T. ) ;
#3143 = ADVANCED_FACE ( 'NONE', ( #3226 ), #269, .T. ) ;
#3144 = CIRCLE ( 'NONE', #1970, 0.1499999999999999667 ) ;
#3145 = DIRECTION ( 'NONE',  ( -0.0000000000000000000, 1.000000000000000000, -0.0000000000000000000 ) ) ;
#3146 = CARTESIAN_POINT ( 'NONE',  ( 1.000000000000001110, 0.09999999999999982514, -1.850000000000001421 ) ) ;
#3147 = DIRECTION ( 'NONE',  ( 0.0000000000000000000, 0.0000000000000000000, -1.000000000000000000 ) ) ;
#3148 = EDGE_CURVE ( 'NONE', #198, #1991, #2561, .T. ) ;
#3149 = CARTESIAN_POINT ( 'NONE',  ( 1.654809703885633754, 0.7083333333333362569, 1.779809703885629313 ) ) ;
#3150 = DIRECTION ( 'NONE',  ( 0.0000000000000000000, 1.000000000000000000, 0.0000000000000000000 ) ) ;
#3151 = VECTOR ( 'NONE', #934, 999.9999999999998863 ) ;
#3152 = CARTESIAN_POINT ( 'NONE',  ( 1.584099025766973812, 1.000000000000000000, 1.548743686707645839 ) ) ;
#3153 = CARTESIAN_POINT ( 'NONE',  ( 1.654809703885614880, 0.5333333333333255544, 1.529809703885629091 ) ) ;
#3154 = CARTESIAN_POINT ( 'NONE',  ( 1.404809703885633310, 0.7083333333333363679, -1.779809703885629757 ) ) ;
#3155 = PLANE ( 'NONE',  #1995 ) ;
#3156 = AXIS2_PLACEMENT_3D ( 'NONE', #489, #462, #2064 ) ;
#3157 = DIRECTION ( 'NONE',  ( 0.0000000000000000000, 0.0000000000000000000, 1.000000000000000000 ) ) ;
#3158 = DIRECTION ( 'NONE',  ( 0.0000000000000000000, 0.0000000000000000000, -1.000000000000000000 ) ) ;
#3159 = CARTESIAN_POINT ( 'NONE',  ( -1.900000000000000133, 0.3000000000000003220, 1.900000000000002354 ) ) ;
#3160 = LINE ( 'NONE', #2964, #417 ) ;
#3161 = CARTESIAN_POINT ( 'NONE',  ( 1.654809703885628203, 0.9416666666666630992, 1.529809703885628425 ) ) ;
#3162 = ORIENTED_EDGE ( 'NONE', *, *, #45, .F. ) ;
#3163 = ORIENTED_EDGE ( 'NONE', *, *, #576, .F. ) ;
#3164 = EDGE_LOOP ( 'NONE', ( #571, #3278, #274, #785 ) ) ;
#3165 = CARTESIAN_POINT ( 'NONE',  ( 1.654809703885627981, 0.7666666666666595020, 1.529809703885628647 ) ) ;
#3166 = CARTESIAN_POINT ( 'NONE',  ( 1.654778534646938803, 1.039066316974709414, -1.779778534646942800 ) ) ;
#3167 = ORIENTED_EDGE ( 'NONE', *, *, #442, .F. ) ;
#3168 = CARTESIAN_POINT ( 'NONE',  ( 1.627817459305202830, 1.000000000000000000, 2.000000000000001332 ) ) ;
#3169 = DIRECTION ( 'NONE',  ( 1.000000000000000000, 0.0000000000000000000, 0.0000000000000000000 ) ) ;
#3170 = EDGE_CURVE ( 'NONE', #1720, #2212, #2409, .T. ) ;
#3171 = CIRCLE ( 'NONE', #521, 0.1000000000000000472 ) ;
#3172 = ORIENTED_EDGE ( 'NONE', *, *, #1934, .F. ) ;
#3173 = CARTESIAN_POINT ( 'NONE',  ( 1.904809703885628647, 0.7666666666666595020, 1.529809703885628869 ) ) ;
#3174 = VECTOR ( 'NONE', #2674, 1000.000000000000000 ) ;
#3175 = CARTESIAN_POINT ( 'NONE',  ( -1.800000000000000711, 1.800000000000000711, -2.000000000000001776 ) ) ;
#3176 = AXIS2_PLACEMENT_3D ( 'NONE', #877, #2999, #2118 ) ;
#3177 = EDGE_LOOP ( 'NONE', ( #1978, #2394, #2106, #166, #56, #3298 ) ) ;
#3178 = CARTESIAN_POINT ( 'NONE',  ( 0.0000000000000000000, 0.1499999999999997446, 0.0000000000000000000 ) ) ;
#3179 = CARTESIAN_POINT ( 'NONE',  ( 1.654809703885628203, 0.9416666666666630992, -1.779809703885628647 ) ) ;
#3180 = LINE ( 'NONE', #1693, #1137 ) ;
#3181 = ADVANCED_FACE ( 'NONE', ( #1649 ), #1450, .F. ) ;
#3182 = STYLED_ITEM ( 'NONE', ( #1468 ), #2466 ) ;
#3183 =( LENGTH_UNIT ( ) NAMED_UNIT ( * ) SI_UNIT ( .MILLI., .METRE. ) );
#3184 = ORIENTED_EDGE ( 'NONE', *, *, #1962, .T. ) ;
#3185 = LINE ( 'NONE', #1380, #1511 ) ;
#3186 = ORIENTED_EDGE ( 'NONE', *, *, #2266, .F. ) ;
#3187 = CARTESIAN_POINT ( 'NONE',  ( 1.831586399182265845, 0.3000000000000003220, -1.796231060122938095 ) ) ;
#3188 = CARTESIAN_POINT ( 'NONE',  ( 1.760875721063611010, 1.000000000000000000, 1.725520382004283482 ) ) ;
#3189 = DIRECTION ( 'NONE',  ( -0.0000000000000000000, -1.000000000000000000, -0.0000000000000000000 ) ) ;
#3190 =( LENGTH_UNIT ( ) NAMED_UNIT ( * ) SI_UNIT ( .MILLI., .METRE. ) );
#3191 = VECTOR ( 'NONE', #47, 1000.000000000000000 ) ;
#3192 = VERTEX_POINT ( 'NONE', #1716 ) ;
#3193 = EDGE_CURVE ( 'NONE', #35, #3528, #1376, .T. ) ;
#3194 = FACE_OUTER_BOUND ( 'NONE', #500, .T. ) ;
#3195 = DIRECTION ( 'NONE',  ( 1.000000000000000000, 0.0000000000000000000, -2.940209281316622988E-16 ) ) ;
#3196 = CARTESIAN_POINT ( 'NONE',  ( 1.000000000000001110, 1.900000000000000577, -1.900000000000001688 ) ) ;
#3197 = STYLED_ITEM ( 'NONE', ( #2732 ), #17 ) ;
#3198 = PRODUCT_DEFINITION ( 'UNKNOWN', '', #2377, #2149 ) ;
#3199 = ADVANCED_FACE ( 'NONE', ( #2406 ), #878, .F. ) ;
#3200 = DIRECTION ( 'NONE',  ( -0.7071067811865474617, 0.0000000000000000000, 0.7071067811865474617 ) ) ;
#3201 = DIRECTION ( 'NONE',  ( 0.0000000000000000000, -0.0000000000000000000, 1.000000000000000000 ) ) ;
#3202 = PLANE ( 'NONE',  #2629 ) ;
#3203 = EDGE_CURVE ( 'NONE', #1722, #142, #3863, .T. ) ;
#3204 = DIRECTION ( 'NONE',  ( -0.0000000000000000000, -1.000000000000000000, -0.0000000000000000000 ) ) ;
#3205 = FACE_OUTER_BOUND ( 'NONE', #1756, .T. ) ;
#3206 = ORIENTED_EDGE ( 'NONE', *, *, #3261, .T. ) ;
#3207 = CARTESIAN_POINT ( 'NONE',  ( 1.654809703885626870, 0.2999999999999999334, 1.529809703885629979 ) ) ;
#3208 = DIRECTION ( 'NONE',  ( 0.0000000000000000000, 0.0000000000000000000, 1.000000000000000000 ) ) ;
#3209 = DIRECTION ( 'NONE',  ( 1.000000000000000000, 0.0000000000000000000, 2.940209281316622988E-16 ) ) ;
#3210 = ORIENTED_EDGE ( 'NONE', *, *, #2712, .T. ) ;
#3211 = ORIENTED_EDGE ( 'NONE', *, *, #779, .F. ) ;
#3212 = APPLICATION_PROTOCOL_DEFINITION ( 'draft international standard', 'automotive_design', 1998, #3834 ) ;
#3213 = DIRECTION ( 'NONE',  ( 0.0000000000000000000, -1.000000000000000000, 0.0000000000000000000 ) ) ;
#3214 = CARTESIAN_POINT ( 'NONE',  ( -1.800000000000000711, 1.900000000000000355, -1.900000000000001688 ) ) ;
#3215 = ORIENTED_EDGE ( 'NONE', *, *, #289, .T. ) ;
#3216 = ADVANCED_FACE ( 'NONE', ( #3611 ), #534, .T. ) ;
#3217 = FACE_OUTER_BOUND ( 'NONE', #1550, .T. ) ;
#3218 = CARTESIAN_POINT ( 'NONE',  ( 1.904851104599866840, 0.9556330334039250252, 1.779851104599863509 ) ) ;
#3219 = ORIENTED_EDGE ( 'NONE', *, *, #2581, .F. ) ;
#3220 = DIRECTION ( 'NONE',  ( 0.0000000000000000000, -1.000000000000000000, 0.0000000000000000000 ) ) ;
#3221 = EDGE_CURVE ( 'NONE', #3797, #198, #199, .T. ) ;
#3222 = VERTEX_POINT ( 'NONE', #2037 ) ;
#3223 = LINE ( 'NONE', #1853, #814 ) ;
#3224 =( NAMED_UNIT ( * ) PLANE_ANGLE_UNIT ( ) SI_UNIT ( $, .RADIAN. ) );
#3225 = VERTEX_POINT ( 'NONE', #235 ) ;
#3226 = FACE_OUTER_BOUND ( 'NONE', #327, .T. ) ;
#3227 = CARTESIAN_POINT ( 'NONE',  ( -1.049999999999999156, 0.1499999999999997446, 1.080487804878050184 ) ) ;
#3228 = CARTESIAN_POINT ( 'NONE',  ( -1.800000000000000711, 1.900000000000000355, -1.900000000000001688 ) ) ;
#3229 = ORIENTED_EDGE ( 'NONE', *, *, #1280, .F. ) ;
#3230 = MANIFOLD_SOLID_BREP ( 'Sweep2', #3093 ) ;
#3231 = FACE_OUTER_BOUND ( 'NONE', #3345, .T. ) ;
#3232 = CARTESIAN_POINT ( 'NONE',  ( 1.904809703885628647, 0.8541666666666697383, 1.779809703885629313 ) ) ;
#3233 = DIRECTION ( 'NONE',  ( 0.0000000000000000000, 0.0000000000000000000, 1.000000000000000000 ) ) ;
#3234 = DIRECTION ( 'NONE',  ( 1.000000000000000000, 0.0000000000000000000, -0.0000000000000000000 ) ) ;
#3235 = EDGE_LOOP ( 'NONE', ( #2643, #591, #344, #1118 ) ) ;
#3236 = ADVANCED_FACE ( 'NONE', ( #3957 ), #321, .T. ) ;
#3237 = FACE_OUTER_BOUND ( 'NONE', #2780, .T. ) ;
#3238 = CARTESIAN_POINT ( 'NONE',  ( 1.049999999999998934, 0.1499999999999997446, 1.080487804878050184 ) ) ;
#3239 = CARTESIAN_POINT ( 'NONE',  ( 1.654809703885627981, 0.8541666666666696273, -1.529809703885628647 ) ) ;
#3240 =( LENGTH_UNIT ( ) NAMED_UNIT ( * ) SI_UNIT ( .MILLI., .METRE. ) );
#3241 = DIRECTION ( 'NONE',  ( -0.7071067811865474617, 0.0000000000000000000, 0.7071067811865474617 ) ) ;
#3242 = LINE ( 'NONE', #1028, #461 ) ;
#3243 = EDGE_CURVE ( 'NONE', #773, #2055, #2804, .T. ) ;
#3244 = CARTESIAN_POINT ( 'NONE',  ( 1.654794613882616172, 1.027498930579819669, 1.529794613882619725 ) ) ;
#3245 = CARTESIAN_POINT ( 'NONE',  ( -1.900000000000000133, 1.900000000000000355, 1.900000000000001688 ) ) ;
#3246 = DIRECTION ( 'NONE',  ( 0.7071067811865471286, 0.0000000000000000000, 0.7071067811865479058 ) ) ;
#3247 = MECHANICAL_DESIGN_GEOMETRIC_PRESENTATION_REPRESENTATION (  '', ( #3197 ), #416 ) ;
#3248 = VECTOR ( 'NONE', #3429, 1000.000000000000000 ) ;
#3249 = VERTEX_POINT ( 'NONE', #3901 ) ;
#3250 =( NAMED_UNIT ( * ) SI_UNIT ( $, .STERADIAN. ) SOLID_ANGLE_UNIT ( ) );
#3251 = LINE ( 'NONE', #3518, #2541 ) ;
#3252 = ORIENTED_EDGE ( 'NONE', *, *, #543, .T. ) ;
#3253 = CARTESIAN_POINT ( 'NONE',  ( 1.627817459305202830, 0.3000000000000003220, 2.000000000000001332 ) ) ;
#3254 = AXIS2_PLACEMENT_3D ( 'NONE', #1238, #1063, #1958 ) ;
#3255 = ORIENTED_EDGE ( 'NONE', *, *, #2090, .T. ) ;
#3256 = ORIENTED_EDGE ( 'NONE', *, *, #1750, .T. ) ;
#3257 = CARTESIAN_POINT ( 'NONE',  ( 1.404822926257584426, 0.9759045052352365301, 1.779822926257581983 ) ) ;
#3258 = DIRECTION ( 'NONE',  ( 0.7071067811865479058, 0.0000000000000000000, -0.7071067811865471286 ) ) ;
#3259 = ORIENTED_EDGE ( 'NONE', *, *, #3203, .F. ) ;
#3260 = EDGE_LOOP ( 'NONE', ( #76, #710, #1937, #1277 ) ) ;
#3261 = EDGE_CURVE ( 'NONE', #1451, #881, #1979, .T. ) ;
#3262 = DIRECTION ( 'NONE',  ( -2.409338161078897208E-16, 1.000000000000000000, 0.0000000000000000000 ) ) ;
#3263 = DIRECTION ( 'NONE',  ( -0.0000000000000000000, -1.000000000000000000, -0.0000000000000000000 ) ) ;
#3264 = FACE_OUTER_BOUND ( 'NONE', #1388, .T. ) ;
#3265 = ORIENTED_EDGE ( 'NONE', *, *, #1432, .F. ) ;
#3266 = CIRCLE ( 'NONE', #1847, 0.09999999999999982514 ) ;
#3267 = CARTESIAN_POINT ( 'NONE',  ( 1.631708315529723619, 1.101211475303320420, 1.506708315529715625 ) ) ;
#3268 = CARTESIAN_POINT ( 'NONE',  ( 1.760875721063610788, 1.000000000000000000, -1.584099025766973368 ) ) ;
#3269 = ORIENTED_EDGE ( 'NONE', *, *, #3338, .F. ) ;
#3270 = EDGE_CURVE ( 'NONE', #147, #3452, #1176, .T. ) ;
#3271 = LINE ( 'NONE', #1401, #2648 ) ;
#3272 = PLANE ( 'NONE',  #1661 ) ;
#3273 = EDGE_LOOP ( 'NONE', ( #1, #3077 ) ) ;
#3274 = LINE ( 'NONE', #1078, #3668 ) ;
#3275 = EDGE_CURVE ( 'NONE', #3749, #3889, #623, .T. ) ;
#3276 = DIRECTION ( 'NONE',  ( 1.000000000000000000, 0.0000000000000000000, 4.818676322157799347E-16 ) ) ;
#3277 = VECTOR ( 'NONE', #1378, 1000.000000000000114 ) ;
#3278 = ORIENTED_EDGE ( 'NONE', *, *, #1555, .F. ) ;
#3280 = CARTESIAN_POINT ( 'NONE',  ( 1.654809703885626870, 0.2999999999999999334, 1.529809703885629979 ) ) ;
#3279 = LINE ( 'NONE', #3893, #1787 ) ;
#3281 = EDGE_LOOP ( 'NONE', ( #862, #3163, #1120, #3184 ) ) ;
#3282 = DIRECTION ( 'NONE',  ( 0.0000000000000000000, 0.0000000000000000000, -1.000000000000000000 ) ) ;
#3283 = DIRECTION ( 'NONE',  ( 0.7071067811865431318, 0.0000000000000000000, 0.7071067811865517916 ) ) ;
#3284 = VECTOR ( 'NONE', #1621, 1000.000000000000000 ) ;
#3285 = DIRECTION ( 'NONE',  ( 0.0000000000000000000, 1.000000000000000000, 0.0000000000000000000 ) ) ;
#3286 = CARTESIAN_POINT ( 'NONE',  ( 1.832476692759556602, 1.316904363340075212, 1.707476692759550385 ) ) ;
#3287 = CARTESIAN_POINT ( 'NONE',  ( -1.800000000000000711, 1.900000000000000355, -2.000000000000001776 ) ) ;
#3288 = CARTESIAN_POINT ( 'NONE',  ( 1.537500000000000755, 1.519454364826301696, -1.412499999999998535 ) ) ;
#3289 = EDGE_CURVE ( 'NONE', #505, #2560, #2852, .T. ) ;
#3290 = AXIS2_PLACEMENT_3D ( 'NONE', #2436, #1475, #596 ) ;
#3291 = CARTESIAN_POINT ( 'NONE',  ( 1.404810693118295095, 1.015931544184931923, 1.529810693118299092 ) ) ;
#3292 = CARTESIAN_POINT ( 'NONE',  ( 1.049999999999998934, 1.000000000000000000, 1.900000000000001465 ) ) ;
#3293 = DIRECTION ( 'NONE',  ( 0.0000000000000000000, -0.0000000000000000000, -1.000000000000000000 ) ) ;
#3294 = LINE ( 'NONE', #2492, #317 ) ;
#3295 = ORIENTED_EDGE ( 'NONE', *, *, #2109, .F. ) ;
#3296 = CARTESIAN_POINT ( 'NONE',  ( -1.999999999999999112, 0.05000000000000000278, -1.900000000000001465 ) ) ;
#3297 = VECTOR ( 'NONE', #334, 1000.000000000000000 ) ;
#3298 = ORIENTED_EDGE ( 'NONE', *, *, #1791, .F. ) ;
#3299 = DIRECTION ( 'NONE',  ( -0.7071067811865475727, 0.0000000000000000000, 0.7071067811865475727 ) ) ;
#3300 = DIRECTION ( 'NONE',  ( -0.0000000000000000000, -1.000000000000000000, -0.0000000000000000000 ) ) ;
#3302 = CARTESIAN_POINT ( 'NONE',  ( 1.654809703885633754, 0.7083333333333362569, -1.529809703885629091 ) ) ;
#3301 = LINE ( 'NONE', #1310, #3554 ) ;
#3303 = AXIS2_PLACEMENT_3D ( 'NONE', #69, #977, #426 ) ;
#3304 = CARTESIAN_POINT ( 'NONE',  ( 1.404809703885614436, 0.5333333333333255544, 1.779809703885629757 ) ) ;
#3305 = ORIENTED_EDGE ( 'NONE', *, *, #1631, .F. ) ;
#3306 = CARTESIAN_POINT ( 'NONE',  ( 1.760875721063611010, 0.3000000000000003220, 1.725520382004283482 ) ) ;
#3307 = CARTESIAN_POINT ( 'NONE',  ( 1.654809703885626870, 0.4166666666666611341, -1.779809703885630201 ) ) ;
#3308 = CARTESIAN_POINT ( 'NONE',  ( -1.800000000000000711, 1.800000000000000711, 1.900000000000001688 ) ) ;
#3309 = VECTOR ( 'NONE', #3100, 1000.000000000000000 ) ;
#3310 = VERTEX_POINT ( 'NONE', #3635 ) ;
#3311 = CARTESIAN_POINT ( 'NONE',  ( -1.900000000000000133, 1.000000000000000000, 1.900000000000002354 ) ) ;
#3312 = CARTESIAN_POINT ( 'NONE',  ( 1.904809703885628647, 0.9416666666666632102, 1.779809703885629091 ) ) ;
#3313 = EDGE_LOOP ( 'NONE', ( #3895, #185, #2174, #3741, #34, #1391 ) ) ;
#3314 = SURFACE_STYLE_FILL_AREA ( #3879 ) ;
#3315 = EDGE_CURVE ( 'NONE', #2572, #3452, #471, .T. ) ;
#3316 = CARTESIAN_POINT ( 'NONE',  ( 1.904809703885628647, 0.8833333333333360793, -1.529809703885628647 ) ) ;
#3317 = FACE_OUTER_BOUND ( 'NONE', #3601, .T. ) ;
#3318 = CARTESIAN_POINT ( 'NONE',  ( 1.000000000000001998, 0.1000000000000000056, -1.100000000000001199 ) ) ;
#3319 = DIRECTION ( 'NONE',  ( 1.000000000000000000, -0.0000000000000000000, -0.0000000000000000000 ) ) ;
#3320 = ORIENTED_EDGE ( 'NONE', *, *, #832, .F. ) ;
#3321 = LINE ( 'NONE', #2250, #866 ) ;
#3322 = CARTESIAN_POINT ( 'NONE',  ( 1.654809703885626870, 0.4166666666666611341, 1.779809703885630201 ) ) ;
#3323 = CARTESIAN_POINT ( 'NONE',  ( -0.9999999999999988898, 0.0000000000000000000, -1.100000000000001643 ) ) ;
#3324 = VECTOR ( 'NONE', #563, 1000.000000000000000 ) ;
#3325 = MECHANICAL_DESIGN_GEOMETRIC_PRESENTATION_REPRESENTATION (  '', ( #2511 ), #2934 ) ;
#3326 = VERTEX_POINT ( 'NONE', #629 ) ;
#3327 = EDGE_CURVE ( 'NONE', #565, #595, #2747, .T. ) ;
#3328 = DIRECTION ( 'NONE',  ( 1.000000000000000000, 0.0000000000000000000, 0.0000000000000000000 ) ) ;
#3329 = CARTESIAN_POINT ( 'NONE',  ( 1.662500000000000533, 1.342677669529663609, -1.287499999999998312 ) ) ;
#3330 = VECTOR ( 'NONE', #2419, 1000.000000000000000 ) ;
#3331 = EDGE_LOOP ( 'NONE', ( #1773, #1174, #1648, #2205 ) ) ;
#3332 = DIRECTION ( 'NONE',  ( -0.0000000000000000000, -1.000000000000000000, -0.0000000000000000000 ) ) ;
#3333 = CARTESIAN_POINT ( 'NONE',  ( 1.540228998569211694, 1.304692355676198012, -1.665228998569217467 ) ) ;
#3334 = CIRCLE ( 'NONE', #55, 0.1999999999999998723 ) ;
#3335 = CARTESIAN_POINT ( 'NONE',  ( -1.900000000000000133, 1.000000000000000000, 1.900000000000002354 ) ) ;
#3336 = CARTESIAN_POINT ( 'NONE',  ( 1.654809703885628203, 0.9416666666666630992, 1.779809703885628647 ) ) ;
#3337 = CARTESIAN_POINT ( 'NONE',  ( 1.049999999999998934, 0.3000000000000003220, -2.000000000000001332 ) ) ;
#3338 = EDGE_CURVE ( 'NONE', #2760, #2055, #2022, .T. ) ;
#3339 = VECTOR ( 'NONE', #2667, 1000.000000000000000 ) ;
#3340 = VERTEX_POINT ( 'NONE', #3926 ) ;
#3341 = DIRECTION ( 'NONE',  ( 0.0000000000000000000, 0.0000000000000000000, -1.000000000000000000 ) ) ;
#3342 = CARTESIAN_POINT ( 'NONE',  ( 1.728494698170136123, 1.342677382284238385, -1.353494698170115251 ) ) ;
#3343 = EDGE_CURVE ( 'NONE', #1515, #2376, #3763, .T. ) ;
#3344 = LINE ( 'NONE', #3809, #2974 ) ;
#3345 = EDGE_LOOP ( 'NONE', ( #2920, #1282, #933, #2672 ) ) ;
#3346 = CARTESIAN_POINT ( 'NONE',  ( 1.049999999999998934, 0.1499999999999997446, -1.080487804878050184 ) ) ;
#3347 = DIRECTION ( 'NONE',  ( -0.0000000000000000000, -1.000000000000000000, -0.0000000000000000000 ) ) ;
#3348 = DIRECTION ( 'NONE',  ( 2.168404344971017545E-15, 1.000000000000000000, -0.0000000000000000000 ) ) ;
#3349 = EDGE_LOOP ( 'NONE', ( #1788, #3956, #812, #44 ) ) ;
#3350 = VERTEX_POINT ( 'NONE', #1221 ) ;
#3351 = CARTESIAN_POINT ( 'NONE',  ( 1.904809703885627314, 0.2999999999999998779, 1.779809703885630423 ) ) ;
#3352 = ORIENTED_EDGE ( 'NONE', *, *, #308, .F. ) ;
#3353 = EDGE_LOOP ( 'NONE', ( #2658, #1975, #1812, #2463, #659, #207, #3352, #1225, #2864, #620, #1270, #2278, #1222, #2777 ) ) ;
#3354 = DIRECTION ( 'NONE',  ( 0.4999999999999974465, -0.7071067811865496822, 0.4999999999999995004 ) ) ;
#3355 = CARTESIAN_POINT ( 'NONE',  ( 1.405006174040074995, 0.9971800459367169411, -1.530006174040070333 ) ) ;
#3356 = SURFACE_STYLE_FILL_AREA ( #1080 ) ;
#3357 = ORIENTED_EDGE ( 'NONE', *, *, #1085, .F. ) ;
#3358 = DIRECTION ( 'NONE',  ( 0.0000000000000000000, 0.0000000000000000000, 1.000000000000000000 ) ) ;
#3359 = CARTESIAN_POINT ( 'NONE',  ( 1.654809703885628203, 1.000000000000000000, 1.619454364826300452 ) ) ;
#3360 = CARTESIAN_POINT ( 'NONE',  ( 1.895425748680500400, 1.134688765757529749, -1.770425748680494404 ) ) ;
#3361 = VERTEX_POINT ( 'NONE', #1237 ) ;
#3362 = DIRECTION ( 'NONE',  ( -0.7071067811865471286, 0.0000000000000000000, 0.7071067811865479058 ) ) ;
#3363 = ORIENTED_EDGE ( 'NONE', *, *, #2532, .T. ) ;
#3364 = CARTESIAN_POINT ( 'NONE',  ( 1.000000000000001998, 0.0000000000000000000, 1.100000000000001199 ) ) ;
#3365 = LINE ( 'NONE', #1988, #2126 ) ;
#3366 = ORIENTED_EDGE ( 'NONE', *, *, #845, .T. ) ;
#3367 = EDGE_CURVE ( 'NONE', #2127, #1229, #2699, .T. ) ;
#3368 = VECTOR ( 'NONE', #3820, 999.9999999999998863 ) ;
#3369 = CARTESIAN_POINT ( 'NONE',  ( 1.654794613882616172, 1.027498930579819669, -1.529794613882619725 ) ) ;
#3370 = DIRECTION ( 'NONE',  ( 0.7071067811865474617, -0.0000000000000000000, 0.7071067811865476838 ) ) ;
#3372 = DIRECTION ( 'NONE',  ( 4.818676322157799347E-16, 0.0000000000000000000, 1.000000000000000000 ) ) ;
#3371 = VECTOR ( 'NONE', #1074, 1000.000000000000114 ) ;
#3373 = EDGE_LOOP ( 'NONE', ( #3295, #1093 ) ) ;
#3374 = DIRECTION ( 'NONE',  ( -1.141265444721583511E-16, 1.000000000000000000, 0.0000000000000000000 ) ) ;
#3375 = CARTESIAN_POINT ( 'NONE',  ( 1.662500000000000533, 1.342677669529663609, -1.287499999999998312 ) ) ;
#3376 = AXIS2_PLACEMENT_3D ( 'NONE', #1939, #3780, #2591 ) ;
#3377 = ADVANCED_FACE ( 'NONE', ( #1875 ), #3056, .F. ) ;
#3378 = CLOSED_SHELL ( 'NONE', ( #17, #1818, #2202, #3415 ) ) ;
#3379 = DIRECTION ( 'NONE',  ( -0.0000000000000000000, -1.000000000000000000, 0.0000000000000000000 ) ) ;
#3380 = SURFACE_SIDE_STYLE ('',( #2131 ) ) ;
#3381 = AXIS2_PLACEMENT_3D ( 'NONE', #806, #499, #3513 ) ;
#3382 = LINE ( 'NONE', #2839, #1057 ) ;
#3383 = DIRECTION ( 'NONE',  ( 0.7071067811865474617, 0.0000000000000000000, -0.7071067811865474617 ) ) ;
#3384 = SURFACE_STYLE_USAGE ( .BOTH. , #3074 ) ;
#3385 = LINE ( 'NONE', #3940, #1668 ) ;
#3386 = CARTESIAN_POINT ( 'NONE',  ( 1.831586399182265845, 1.000000000000000000, -1.796231060122938095 ) ) ;
#3387 = FACE_OUTER_BOUND ( 'NONE', #3260, .T. ) ;
#3388 = EDGE_CURVE ( 'NONE', #3812, #3899, #1094, .T. ) ;
#3389 = EDGE_LOOP ( 'NONE', ( #2390, #989, #1084, #1714 ) ) ;
#3390 = CARTESIAN_POINT ( 'NONE',  ( 1.654809703885628203, 1.000000000000000000, 1.519454364826300585 ) ) ;
#3392 = DIRECTION ( 'NONE',  ( -2.409338161078897208E-16, 1.000000000000000000, -0.0000000000000000000 ) ) ;
#3391 = VECTOR ( 'NONE', #744, 1000.000000000000000 ) ;
#3393 = ORIENTED_EDGE ( 'NONE', *, *, #2935, .F. ) ;
#3394 = ADVANCED_FACE ( 'NONE', ( #3522 ), #2089, .F. ) ;
#3395 = DIRECTION ( 'NONE',  ( 0.0000000000000000000, 1.000000000000000000, 0.0000000000000000000 ) ) ;
#3396 = AXIS2_PLACEMENT_3D ( 'NONE', #68, #3736, #1577 ) ;
#3397 = DIRECTION ( 'NONE',  ( -1.000000000000000000, 0.0000000000000000000, 2.168404344971007882E-16 ) ) ;
#3398 = EDGE_LOOP ( 'NONE', ( #1308, #3410, #3167, #3211, #2830, #3598, #3495, #481, #2884, #2701, #1490, #526, #3938, #788 ) ) ;
#3399 = CARTESIAN_POINT ( 'NONE',  ( 1.904809703885627314, 0.2999999999999998779, -1.529809703885630201 ) ) ;
#3400 = EDGE_LOOP ( 'NONE', ( #2963, #3138, #1701, #1677 ) ) ;
#3401 = EDGE_CURVE ( 'NONE', #278, #3652, #3223, .T. ) ;
#3402 = DIRECTION ( 'NONE',  ( 2.168404344971008128E-16, -0.0000000000000000000, 1.000000000000000000 ) ) ;
#3403 = CARTESIAN_POINT ( 'NONE',  ( 1.584099025766973812, 1.000000000000000000, 1.548743686707645839 ) ) ;
#3404 = LINE ( 'NONE', #1574, #898 ) ;
#3405 = ORIENTED_EDGE ( 'NONE', *, *, #1698, .F. ) ;
#3406 = CARTESIAN_POINT ( 'NONE',  ( 1.654809703885628203, 1.000000000000000000, -1.619454364826300452 ) ) ;
#3407 = CARTESIAN_POINT ( 'NONE',  ( 1.404809703885626426, 0.4166666666666610785, -1.529809703885630201 ) ) ;
#3408 = DIRECTION ( 'NONE',  ( 0.0000000000000000000, -1.000000000000000000, 0.0000000000000000000 ) ) ;
#3409 = ORIENTED_EDGE ( 'NONE', *, *, #452, .F. ) ;
#3410 = ORIENTED_EDGE ( 'NONE', *, *, #2717, .F. ) ;
#3411 = PLANE ( 'NONE',  #2743 ) ;
#3412 = CARTESIAN_POINT ( 'NONE',  ( 1.627817459305202830, 1.000000000000000000, 2.000000000000001332 ) ) ;
#3413 = CARTESIAN_POINT ( 'NONE',  ( -1.999999999999999112, 2.000000000000000000, -1.900000000000001465 ) ) ;
#3414 = VECTOR ( 'NONE', #3283, 1000.000000000000114 ) ;
#3415 = ADVANCED_FACE ( 'NONE', ( #3134 ), #993, .F. ) ;
#3416 = CARTESIAN_POINT ( 'NONE',  ( 1.654809703885627981, 0.7666666666666595020, 1.529809703885628647 ) ) ;
#3417 = DIRECTION ( 'NONE',  ( -1.734723475976810250E-14, -1.000000000000000000, 0.0000000000000000000 ) ) ;
#3418 = ORIENTED_EDGE ( 'NONE', *, *, #1252, .F. ) ;
#3419 = EDGE_CURVE ( 'NONE', #2704, #1851, #3266, .T. ) ;
#3420 = AXIS2_PLACEMENT_3D ( 'NONE', #1151, #2057, #578 ) ;
#3421 = DIRECTION ( 'NONE',  ( -0.0000000000000000000, -1.000000000000000000, 0.0000000000000000000 ) ) ;
#3422 = CARTESIAN_POINT ( 'NONE',  ( 1.662500000000000533, 1.342677669529663609, 1.287499999999998312 ) ) ;
#3423 = VECTOR ( 'NONE', #360, 1000.000000000000000 ) ;
#3424 = ORIENTED_EDGE ( 'NONE', *, *, #1114, .F. ) ;
#3425 = CARTESIAN_POINT ( 'NONE',  ( 1.000000000000001998, 0.1000000000000000056, -1.100000000000001199 ) ) ;
#3426 = CARTESIAN_POINT ( 'NONE',  ( 1.654809703885628203, 1.000000000000000000, -1.619454364826300452 ) ) ;
#3427 = CARTESIAN_POINT ( 'NONE',  ( 1.405761816425728172, 0.9945722244453273353, -1.530761816425733945 ) ) ;
#3428 = PRESENTATION_STYLE_ASSIGNMENT (( #1177 ) ) ;
#3429 = DIRECTION ( 'NONE',  ( -1.000000000000000000, 0.0000000000000000000, 0.0000000000000000000 ) ) ;
#3430 = AXIS2_PLACEMENT_3D ( 'NONE', #2134, #3073, #353 ) ;
#3431 = CARTESIAN_POINT ( 'NONE',  ( 1.120710678118653769, 0.3000000000000003220, -1.870710678118656212 ) ) ;
#3432 = CARTESIAN_POINT ( 'NONE',  ( 1.049999999999998934, 0.1499999999999997446, -1.080487804878050184 ) ) ;
#3433 = CARTESIAN_POINT ( 'NONE',  ( 1.760875721063611010, 1.000000000000000000, 1.725520382004283482 ) ) ;
#3434 = CARTESIAN_POINT ( 'NONE',  ( 1.599337601876782422, 1.147511096119603780, 1.474337601876795967 ) ) ;
#3435 = ADVANCED_FACE ( 'NONE', ( #3086 ), #3544, .F. ) ;
#3436 = CARTESIAN_POINT ( 'NONE',  ( -1.049999999999999156, 0.1499999999999997446, 1.900000000000001465 ) ) ;
#3437 = LINE ( 'NONE', #892, #2670 ) ;
#3438 = EDGE_LOOP ( 'NONE', ( #3561, #1556, #2589, #3064 ) ) ;
#3439 = CARTESIAN_POINT ( 'NONE',  ( 1.000000000000001998, 0.0000000000000000000, 1.100000000000001199 ) ) ;
#3440 = PLANE ( 'NONE',  #574 ) ;
#3441 = CARTESIAN_POINT ( 'NONE',  ( 1.404810693118295095, 1.015931544184931923, -1.529810693118299092 ) ) ;
#3442 = LINE ( 'NONE', #2578, #369 ) ;
#3443 = EDGE_LOOP ( 'NONE', ( #3779, #2295, #3572, #2067 ) ) ;
#3444 = CARTESIAN_POINT ( 'NONE',  ( 1.760875721063611010, 1.000000000000000000, 1.725520382004283482 ) ) ;
#3445 = DIRECTION ( 'NONE',  ( 1.000000000000000000, 0.0000000000000000000, 0.0000000000000000000 ) ) ;
#3446 = EDGE_CURVE ( 'NONE', #3310, #1822, #942, .T. ) ;
#3447 = PRESENTATION_LAYER_ASSIGNMENT (  '', '', ( #2200 ) ) ;
#3448 = COLOUR_RGB ( '',0.5372549019607842924, 0.3490196078431372362, 0.3372549019607843368 ) ;
#3449 = ORIENTED_EDGE ( 'NONE', *, *, #506, .T. ) ;
#3450 = CARTESIAN_POINT ( 'NONE',  ( 1.640285940628114059, 1.082796648348378854, 1.515285940628121164 ) ) ;
#3451 = VERTEX_POINT ( 'NONE', #3228 ) ;
#3452 = VERTEX_POINT ( 'NONE', #1420 ) ;
#3453 = AXIS2_PLACEMENT_3D ( 'NONE', #1626, #113, #3756 ) ;
#3454 = CARTESIAN_POINT ( 'NONE',  ( 0.0000000000000000000, 0.1499999999999997446, 0.0000000000000000000 ) ) ;
#3455 = CARTESIAN_POINT ( 'NONE',  ( 1.404809703885626426, 0.4166666666666610785, -1.529809703885630201 ) ) ;
#3456 = ORIENTED_EDGE ( 'NONE', *, *, #3537, .F. ) ;
#3457 = ADVANCED_FACE ( 'NONE', ( #2452 ), #2008, .T. ) ;
#3458 = AXIS2_PLACEMENT_3D ( 'NONE', #1212, #429, #309 ) ;
#3459 = CARTESIAN_POINT ( 'NONE',  ( 1.690165042944956175, 1.000000000000000000, -1.654809703885628203 ) ) ;
#3460 = ORIENTED_EDGE ( 'NONE', *, *, #412, .T. ) ;
#3461 = DIRECTION ( 'NONE',  ( -9.637352644315592778E-16, 0.0000000000000000000, -1.000000000000000000 ) ) ;
#3462 = DIRECTION ( 'NONE',  ( 0.0000000000000000000, 0.0000000000000000000, -1.000000000000000000 ) ) ;
#3463 = SURFACE_STYLE_FILL_AREA ( #2605 ) ;
#3464 = ORIENTED_EDGE ( 'NONE', *, *, #3289, .T. ) ;
#3465 = CIRCLE ( 'NONE', #755, 0.2000000000000000944 ) ;
#3466 = CARTESIAN_POINT ( 'NONE',  ( 1.654809703885628203, 0.8833333333333359683, 1.779809703885628647 ) ) ;
#3467 = CARTESIAN_POINT ( 'NONE',  ( -0.9999999999999963363, 0.1499999999999997446, 2.000000000000001332 ) ) ;
#3468 = ORIENTED_EDGE ( 'NONE', *, *, #1491, .F. ) ;
#3470 = CARTESIAN_POINT ( 'NONE',  ( 1.654809703885628203, 1.000000000000000000, -1.619454364826300452 ) ) ;
#3469 = VECTOR ( 'NONE', #1396, 1000.000000000000000 ) ;
#3471 = CARTESIAN_POINT ( 'NONE',  ( 1.599337601876782422, 1.147511096119603780, 1.474337601876795967 ) ) ;
#3472 = CARTESIAN_POINT ( 'NONE',  ( 1.569450096823239660, 1.165900835168539595, -1.444450096823238772 ) ) ;
#3473 = EDGE_CURVE ( 'NONE', #2618, #147, #2874, .T. ) ;
#3474 = VECTOR ( 'NONE', #1790, 1000.000000000000000 ) ;
#3475 = CARTESIAN_POINT ( 'NONE',  ( 1.796231060122937873, 0.3000000000000003220, 1.478033008588991004 ) ) ;
#3476 = CARTESIAN_POINT ( 'NONE',  ( 1.654809703885628203, 0.3000000000000003220, -1.519454364826300585 ) ) ;
#3477 = CARTESIAN_POINT ( 'NONE',  ( -0.9999999999999985567, 0.1499999999999997446, 2.000000000000001332 ) ) ;
#3478 = MANIFOLD_SOLID_BREP ( 'Cut-Extrude2', #768 ) ;
#3479 = ORIENTED_EDGE ( 'NONE', *, *, #3840, .F. ) ;
#3480 = EDGE_CURVE ( 'NONE', #630, #3451, #1867, .T. ) ;
#3481 = CARTESIAN_POINT ( 'NONE',  ( 1.654822926257586424, 0.9759045052352379734, 1.529822926257583093 ) ) ;
#3482 = ADVANCED_FACE ( 'NONE', ( #3514 ), #2959, .F. ) ;
#3483 = CARTESIAN_POINT ( 'NONE',  ( 1.120710678118653769, 1.000000000000000000, -1.870710678118656212 ) ) ;
#3484 = DIRECTION ( 'NONE',  ( -0.0000000000000000000, -1.000000000000000000, -0.0000000000000000000 ) ) ;
#3485 = VECTOR ( 'NONE', #2464, 1000.000000000000000 ) ;
#3486 = PLANE ( 'NONE',  #476 ) ;
#3487 = PLANE ( 'NONE',  #367 ) ;
#3488 = CARTESIAN_POINT ( 'NONE',  ( 1.404808837086445106, 0.9860402411508939480, -1.529808837086442219 ) ) ;
#3489 = AXIS2_PLACEMENT_3D ( 'NONE', #809, #2263, #3501 ) ;
#3490 = EDGE_CURVE ( 'NONE', #3451, #3569, #3950, .T. ) ;
#3491 = CARTESIAN_POINT ( 'NONE',  ( -0.8999999999999992450, 1.900000000000000355, -1.900000000000001688 ) ) ;
#3492 =( NAMED_UNIT ( * ) SI_UNIT ( $, .STERADIAN. ) SOLID_ANGLE_UNIT ( ) );
#3493 = VECTOR ( 'NONE', #853, 1000.000000000000000 ) ;
#3494 = CYLINDRICAL_SURFACE ( 'NONE', #337, 0.09999999999999982514 ) ;
#3495 = ORIENTED_EDGE ( 'NONE', *, *, #1903, .F. ) ;
#3496 =( LENGTH_UNIT ( ) NAMED_UNIT ( * ) SI_UNIT ( .MILLI., .METRE. ) );
#3497 = ORIENTED_EDGE ( 'NONE', *, *, #1876, .T. ) ;
#3498 = DIRECTION ( 'NONE',  ( 0.0000000000000000000, 0.0000000000000000000, 1.000000000000000000 ) ) ;
#3499 = LINE ( 'NONE', #355, #566 ) ;
#3500 = ORIENTED_EDGE ( 'NONE', *, *, #26, .T. ) ;
#3501 = DIRECTION ( 'NONE',  ( 0.0000000000000000000, 0.0000000000000000000, 1.000000000000000000 ) ) ;
#3502 = ADVANCED_FACE ( 'NONE', ( #3217 ), #3202, .F. ) ;
#3503 = VERTEX_POINT ( 'NONE', #860 ) ;
#3504 = CARTESIAN_POINT ( 'NONE',  ( 1.412500000000000977, 1.342677669529664275, 1.537499999999999423 ) ) ;
#3505 = PLANE ( 'NONE',  #2691 ) ;
#3506 = DIRECTION ( 'NONE',  ( 1.000000000000000000, 0.0000000000000000000, -0.0000000000000000000 ) ) ;
#3507 = EDGE_CURVE ( 'NONE', #2055, #2983, #382, .T. ) ;
#3508 =( GEOMETRIC_REPRESENTATION_CONTEXT ( 3 ) GLOBAL_UNCERTAINTY_ASSIGNED_CONTEXT ( ( #943 ) ) GLOBAL_UNIT_ASSIGNED_CONTEXT ( ( #3190, #1371, #2925 ) ) REPRESENTATION_CONTEXT ( 'NONE', 'WORKASPACE' ) );
#3509 = DIRECTION ( 'NONE',  ( -0.0000000000000000000, -0.0000000000000000000, -1.000000000000000000 ) ) ;
#3510 = CYLINDRICAL_SURFACE ( 'NONE', #1909, 0.04999999999999991257 ) ;
#3511 = ORIENTED_EDGE ( 'NONE', *, *, #3018, .F. ) ;
#3512 = CARTESIAN_POINT ( 'NONE',  ( 1.725520382004283260, 0.3000000000000003220, 1.548743686707646505 ) ) ;
#3513 = DIRECTION ( 'NONE',  ( 0.0000000000000000000, -0.0000000000000000000, -1.000000000000000000 ) ) ;
#3514 = FACE_OUTER_BOUND ( 'NONE', #2081, .T. ) ;
#3515 = DIRECTION ( 'NONE',  ( -1.000000000000000000, -1.141265444721583511E-16, 0.0000000000000000000 ) ) ;
#3516 = AXIS2_PLACEMENT_3D ( 'NONE', #2623, #3878, #2317 ) ;
#3517 = VERTEX_POINT ( 'NONE', #3619 ) ;
#3518 = CARTESIAN_POINT ( 'NONE',  ( 1.049999999999998934, 0.1499999999999997446, 1.080487804878050184 ) ) ;
#3519 = DIRECTION ( 'NONE',  ( -1.000000000000000000, -0.0000000000000000000, -0.0000000000000000000 ) ) ;
#3520 = CARTESIAN_POINT ( 'NONE',  ( 1.654809703885626870, 0.4166666666666611341, -1.529809703885629979 ) ) ;
#3521 = VERTEX_POINT ( 'NONE', #2651 ) ;
#3522 = FACE_OUTER_BOUND ( 'NONE', #1193, .T. ) ;
#3523 = CARTESIAN_POINT ( 'NONE',  ( 1.654809703885628203, 0.8833333333333359683, 1.529809703885628425 ) ) ;
#3524 = CARTESIAN_POINT ( 'NONE',  ( 1.000000000000001332, 1.000000000000000000, 1.900000000000001688 ) ) ;
#3525 = EDGE_LOOP ( 'NONE', ( #1317, #2101, #2024, #3661 ) ) ;
#3526 = CARTESIAN_POINT ( 'NONE',  ( -0.9999999999999985567, 0.1499999999999997446, -2.000000000000001332 ) ) ;
#3527 = LINE ( 'NONE', #1747, #342 ) ;
#3528 = VERTEX_POINT ( 'NONE', #2689 ) ;
#3529 = ADVANCED_FACE ( 'NONE', ( #193 ), #3894, .F. ) ;
#3530 = VECTOR ( 'NONE', #2238, 1000.000000000000000 ) ;
#3531 = ORIENTED_EDGE ( 'NONE', *, *, #2115, .F. ) ;
#3532 = CARTESIAN_POINT ( 'NONE',  ( 1.513388347648318977, 1.000000000000000000, -1.478033008588990782 ) ) ;
#3533 = CARTESIAN_POINT ( 'NONE',  ( -1.800000000000000711, 1.900000000000000355, -1.900000000000001688 ) ) ;
#3534 = FACE_OUTER_BOUND ( 'NONE', #1534, .T. ) ;
#3535 = ORIENTED_EDGE ( 'NONE', *, *, #3063, .T. ) ;
#3536 = UNCERTAINTY_MEASURE_WITH_UNIT (LENGTH_MEASURE( 1.000000000000000082E-05 ), #3846, 'distance_accuracy_value', 'NONE');
#3537 = EDGE_CURVE ( 'NONE', #249, #3222, #3813, .T. ) ;
#3538 = LINE ( 'NONE', #220, #2573 ) ;
#3539 = VERTEX_POINT ( 'NONE', #3604 ) ;
#3540 = CARTESIAN_POINT ( 'NONE',  ( 1.760875721063611010, 0.3000000000000003220, -1.725520382004283482 ) ) ;
#3541 = AXIS2_PLACEMENT_3D ( 'NONE', #640, #911, #319 ) ;
#3542 = DIRECTION ( 'NONE',  ( 0.0000000000000000000, 0.0000000000000000000, -1.000000000000000000 ) ) ;
#3543 = CARTESIAN_POINT ( 'NONE',  ( -1.900000000000000133, 1.000000000000000000, 2.000000000000002220 ) ) ;
#3544 = PLANE ( 'NONE',  #2677 ) ;
#3545 = AXIS2_PLACEMENT_3D ( 'NONE', #1969, #2311, #1067 ) ;
#3546 = EDGE_CURVE ( 'NONE', #2549, #1186, #1086, .T. ) ;
#3547 = CIRCLE ( 'NONE', #2480, 0.1999999999999998723 ) ;
#3548 = ORIENTED_EDGE ( 'NONE', *, *, #613, .T. ) ;
#3549 = ADVANCED_FACE ( 'NONE', ( #2400 ), #1481, .T. ) ;
#3550 = CARTESIAN_POINT ( 'NONE',  ( 1.904809703885615546, 0.5333333333333255544, 1.779809703885629757 ) ) ;
#3551 = CARTESIAN_POINT ( 'NONE',  ( -1.900000000000000133, 0.3000000000000003220, -2.000000000000002220 ) ) ;
#3552 = LINE ( 'NONE', #2621, #2207 ) ;
#3553 = ORIENTED_EDGE ( 'NONE', *, *, #613, .F. ) ;
#3554 = VECTOR ( 'NONE', #1321, 1000.000000000000000 ) ;
#3555 = ORIENTED_EDGE ( 'NONE', *, *, #3243, .F. ) ;
#3556 = EDGE_CURVE ( 'NONE', #2237, #2215, #1313, .T. ) ;
#3557 = DIRECTION ( 'NONE',  ( -1.000000000000000000, 0.0000000000000000000, 0.0000000000000000000 ) ) ;
#3558 = FILL_AREA_STYLE_COLOUR ( '', #2646 ) ;
#3559 = VERTEX_POINT ( 'NONE', #1140 ) ;
#3560 = CARTESIAN_POINT ( 'NONE',  ( 1.904809703885627314, 0.4166666666666610785, 1.779809703885630423 ) ) ;
#3561 = ORIENTED_EDGE ( 'NONE', *, *, #1580, .F. ) ;
#3562 = CARTESIAN_POINT ( 'NONE',  ( 1.584099025766973812, 1.000000000000000000, 1.548743686707645839 ) ) ;
#3563 = DIRECTION ( 'NONE',  ( -1.000000000000000000, 2.409338161078894743E-16, -0.0000000000000000000 ) ) ;
#3564 = EDGE_CURVE ( 'NONE', #2983, #2933, #771, .T. ) ;
#3565 = ORIENTED_EDGE ( 'NONE', *, *, #2869, .F. ) ;
#3566 =( LENGTH_UNIT ( ) NAMED_UNIT ( * ) SI_UNIT ( .MILLI., .METRE. ) );
#3567 = AXIS2_PLACEMENT_3D ( 'NONE', #386, #2789, #1283 ) ;
#3568 = EDGE_CURVE ( 'NONE', #2560, #2737, #1592, .T. ) ;
#3569 = VERTEX_POINT ( 'NONE', #3287 ) ;
#3570 = FACE_OUTER_BOUND ( 'NONE', #2494, .T. ) ;
#3571 = CARTESIAN_POINT ( 'NONE',  ( -0.9999999999999985567, 0.0000000000000000000, 1.850000000000001199 ) ) ;
#3572 = ORIENTED_EDGE ( 'NONE', *, *, #1505, .T. ) ;
#3573 = VECTOR ( 'NONE', #2385, 1000.000000000000000 ) ;
#3574 = CARTESIAN_POINT ( 'NONE',  ( 1.404809703885626426, 0.2999999999999998779, 1.529809703885630201 ) ) ;
#3575 = CARTESIAN_POINT ( 'NONE',  ( 1.796231060122937873, 1.000000000000000000, 1.478033008588991004 ) ) ;
#3576 = LINE ( 'NONE', #2296, #1780 ) ;
#3577 = ORIENTED_EDGE ( 'NONE', *, *, #2903, .F. ) ;
#3578 = VECTOR ( 'NONE', #3262, 1000.000000000000000 ) ;
#3579 = VERTEX_POINT ( 'NONE', #2044 ) ;
#3580 = DIRECTION ( 'NONE',  ( -0.7071067811865475727, 0.0000000000000000000, 0.7071067811865475727 ) ) ;
#3581 = FACE_OUTER_BOUND ( 'NONE', #2434, .T. ) ;
#3582 = EDGE_CURVE ( 'NONE', #1996, #278, #3029, .T. ) ;
#3583 = AXIS2_PLACEMENT_3D ( 'NONE', #2711, #1522, #889 ) ;
#3584 = CARTESIAN_POINT ( 'NONE',  ( 1.640285940628114059, 1.082796648348378854, 1.515285940628121164 ) ) ;
#3585 = DIRECTION ( 'NONE',  ( -0.0000000000000000000, -1.000000000000000000, -0.0000000000000000000 ) ) ;
#3586 = DIRECTION ( 'NONE',  ( 1.000000000000000000, 0.0000000000000000000, -4.336808689942015369E-15 ) ) ;
#3587 = VECTOR ( 'NONE', #3953, 1000.000000000000000 ) ;
#3588 = FACE_OUTER_BOUND ( 'NONE', #3443, .T. ) ;
#3589 = ORIENTED_EDGE ( 'NONE', *, *, #1676, .T. ) ;
#3590 = DIRECTION ( 'NONE',  ( -1.000000000000000000, -0.0000000000000000000, -0.0000000000000000000 ) ) ;
#3591 = CARTESIAN_POINT ( 'NONE',  ( -0.9999999999999985567, 0.3000000000000003220, -2.000000000000001332 ) ) ;
#3592 = ORIENTED_EDGE ( 'NONE', *, *, #2115, .T. ) ;
#3593 = VECTOR ( 'NONE', #1246, 1000.000000000000000 ) ;
#3594 = CARTESIAN_POINT ( 'NONE',  ( 1.404809703885627314, 0.8541666666666697383, 1.779809703885629313 ) ) ;
#3595 = CARTESIAN_POINT ( 'NONE',  ( 1.000000000000000666, 0.09999999999999982514, -1.850000000000001421 ) ) ;
#3596 = DIRECTION ( 'NONE',  ( -0.7071067811865471286, 0.0000000000000000000, -0.7071067811865479058 ) ) ;
#3597 = ORIENTED_EDGE ( 'NONE', *, *, #3740, .T. ) ;
#3598 = ORIENTED_EDGE ( 'NONE', *, *, #3221, .F. ) ;
#3599 = CARTESIAN_POINT ( 'NONE',  ( 1.637539299517006386, 1.519453929400043313, 1.512539299517000169 ) ) ;
#3600 = CIRCLE ( 'NONE', #1748, 0.1000000000000000472 ) ;
#3601 = EDGE_LOOP ( 'NONE', ( #1398, #1444, #608, #3128 ) ) ;
#3602 = EDGE_CURVE ( 'NONE', #227, #2744, #2218, .T. ) ;
#3603 = DIRECTION ( 'NONE',  ( -0.0000000000000000000, -1.000000000000000000, 0.0000000000000000000 ) ) ;
#3604 = CARTESIAN_POINT ( 'NONE',  ( 1.654809703885628203, 0.3000000000000003220, 1.419454364826300496 ) ) ;
#3605 = CARTESIAN_POINT ( 'NONE',  ( 1.654809703885628203, 0.9416666666666630992, -1.779809703885628647 ) ) ;
#3606 = EDGE_LOOP ( 'NONE', ( #2105, #3918, #3464, #3363 ) ) ;
#3607 = CARTESIAN_POINT ( 'NONE',  ( 1.654837015428725744, 0.9657687693195806666, 1.779837015428722635 ) ) ;
#3608 = CARTESIAN_POINT ( 'NONE',  ( -1.900000000000000133, 1.900000000000000355, -2.000000000000001776 ) ) ;
#3609 = ORIENTED_EDGE ( 'NONE', *, *, #2995, .T. ) ;
#3610 = AXIS2_PLACEMENT_3D ( 'NONE', #731, #3145, #3157 ) ;
#3611 = FACE_OUTER_BOUND ( 'NONE', #2006, .T. ) ;
#3612 = DIRECTION ( 'NONE',  ( 0.7071067811865517916, 0.0000000000000000000, -0.7071067811865431318 ) ) ;
#3613 = ORIENTED_EDGE ( 'NONE', *, *, #1891, .F. ) ;
#3614 = CARTESIAN_POINT ( 'NONE',  ( 1.381708315529722064, 1.101211475303313758, 1.756708315529718289 ) ) ;
#3615 = PRESENTATION_LAYER_ASSIGNMENT (  '', '', ( #1441 ) ) ;
#3616 = EDGE_CURVE ( 'NONE', #583, #760, #2692, .T. ) ;
#3617 = ORIENTED_EDGE ( 'NONE', *, *, #1876, .F. ) ;
#3618 = CARTESIAN_POINT ( 'NONE',  ( 1.049999999999998934, 1.000000000000000000, 1.800000000000001155 ) ) ;
#3619 = CARTESIAN_POINT ( 'NONE',  ( 1.627817459305202830, 1.000000000000000000, -2.000000000000001332 ) ) ;
#3620 = VECTOR ( 'NONE', #2816, 1000.000000000000000 ) ;
#3621 = CARTESIAN_POINT ( 'NONE',  ( 1.904851104599866840, 0.9556330334039250252, -1.779851104599863509 ) ) ;
#3622 = EDGE_LOOP ( 'NONE', ( #539, #374, #3229, #3848 ) ) ;
#3623 = PLANE ( 'NONE',  #3541 ) ;
#3624 = ORIENTED_EDGE ( 'NONE', *, *, #3564, .F. ) ;
#3625 = CARTESIAN_POINT ( 'NONE',  ( 2.000000000000000000, 0.0000000000000000000, -0.9500000000000000666 ) ) ;
#3626 = DIRECTION ( 'NONE',  ( 0.0000000000000000000, 0.0000000000000000000, -1.000000000000000000 ) ) ;
#3627 = FACE_OUTER_BOUND ( 'NONE', #3273, .T. ) ;
#3628 = ORIENTED_EDGE ( 'NONE', *, *, #3367, .F. ) ;
#3629 = CARTESIAN_POINT ( 'NONE',  ( 1.404809703885614436, 0.5333333333333255544, 1.779809703885629757 ) ) ;
#3630 = CARTESIAN_POINT ( 'NONE',  ( 1.120710678118653769, 1.000000000000000000, -1.870710678118656212 ) ) ;
#3631 = CARTESIAN_POINT ( 'NONE',  ( 1.904837015428727742, 0.9657687693195823320, -1.529837015428723968 ) ) ;
#3632 = EDGE_CURVE ( 'NONE', #3827, #3517, #719, .T. ) ;
#3633 = AXIS2_PLACEMENT_3D ( 'NONE', #1697, #3858, #823 ) ;
#3634 = DIRECTION ( 'NONE',  ( 1.000000000000000000, 0.0000000000000000000, 1.084202172485506327E-14 ) ) ;
#3635 = CARTESIAN_POINT ( 'NONE',  ( -0.9999999999999985567, 0.3000000000000003220, -1.900000000000001243 ) ) ;
#3636 = DIRECTION ( 'NONE',  ( 0.0000000000000000000, 0.0000000000000000000, -1.000000000000000000 ) ) ;
#3637 = VECTOR ( 'NONE', #2073, 999.9999999999998863 ) ;
#3638 = ORIENTED_EDGE ( 'NONE', *, *, #3602, .T. ) ;
#3639 = AXIS2_PLACEMENT_3D ( 'NONE', #3732, #1915, #1885 ) ;
#3640 = CARTESIAN_POINT ( 'NONE',  ( 1.404808837086445106, 0.9860402411508939480, 1.529808837086442219 ) ) ;
#3641 = CARTESIAN_POINT ( 'NONE',  ( -1.900000000000000133, 0.3000000000000003220, 2.000000000000002220 ) ) ;
#3642 = LINE ( 'NONE', #1944, #3391 ) ;
#3643 = VERTEX_POINT ( 'NONE', #264 ) ;
#3644 = DIRECTION ( 'NONE',  ( 0.0000000000000000000, 0.0000000000000000000, 1.000000000000000000 ) ) ;
#3646 = ORIENTED_EDGE ( 'NONE', *, *, #3120, .T. ) ;
#3645 = CARTESIAN_POINT ( 'NONE',  ( 1.637539299517006386, 1.519453929400043313, -1.512539299517000169 ) ) ;
#3647 = ORIENTED_EDGE ( 'NONE', *, *, #965, .T. ) ;
#3648 = CARTESIAN_POINT ( 'NONE',  ( -1.900000000000000133, 1.000000000000000000, 1.900000000000002354 ) ) ;
#3649 = ORIENTED_EDGE ( 'NONE', *, *, #3902, .T. ) ;
#3650 = DIRECTION ( 'NONE',  ( 0.0000000000000000000, 0.0000000000000000000, 1.000000000000000000 ) ) ;
#3651 = VECTOR ( 'NONE', #3542, 1000.000000000000000 ) ;
#3652 = VERTEX_POINT ( 'NONE', #3571 ) ;
#3653 = CARTESIAN_POINT ( 'NONE',  ( 1.412500000000000977, 1.342677669529664275, 1.537499999999999423 ) ) ;
#3654 = PLANE ( 'NONE',  #3695 ) ;
#3655 = ORIENTED_EDGE ( 'NONE', *, *, #3556, .F. ) ;
#3656 = COLOUR_RGB ( '',0.5372549019607842924, 0.3490196078431372362, 0.3372549019607843368 ) ;
#3657 = EDGE_CURVE ( 'NONE', #532, #81, #3125, .T. ) ;
#3658 = AXIS2_PLACEMENT_3D ( 'NONE', #671, #3408, #1881 ) ;
#3659 = PLANE ( 'NONE',  #239 ) ;
#3660 = CARTESIAN_POINT ( 'NONE',  ( 1.731120395261636968, 1.461873615232778034, -1.606120395261641409 ) ) ;
#3661 = ORIENTED_EDGE ( 'NONE', *, *, #1724, .F. ) ;
#3662 = LINE ( 'NONE', #2902, #905 ) ;
#3663 = CARTESIAN_POINT ( 'NONE',  ( -1.049999999999999156, 0.05000000000000000278, 1.900000000000001465 ) ) ;
#3664 = DIRECTION ( 'NONE',  ( -0.0000000000000000000, -1.000000000000000000, -0.0000000000000000000 ) ) ;
#3665 = AXIS2_PLACEMENT_3D ( 'NONE', #617, #1234, #3358 ) ;
#3666 = VERTEX_POINT ( 'NONE', #243 ) ;
#3667 = CARTESIAN_POINT ( 'NONE',  ( 1.191421356237308604, 0.3000000000000003220, -1.941421356237311047 ) ) ;
#3668 = VECTOR ( 'NONE', #2876, 1000.000000000000000 ) ;
#3669 = CARTESIAN_POINT ( 'NONE',  ( 1.349337601876786641, 1.147511096119618434, 1.724337601876793302 ) ) ;
#3670 =( NAMED_UNIT ( * ) PLANE_ANGLE_UNIT ( ) SI_UNIT ( $, .RADIAN. ) );
#3671 = VECTOR ( 'NONE', #1031, 1000.000000000000000 ) ;
#3672 = PRESENTATION_LAYER_ASSIGNMENT (  '', '', ( #2571 ) ) ;
#3673 = ORIENTED_EDGE ( 'NONE', *, *, #2369, .T. ) ;
#3674 = CARTESIAN_POINT ( 'NONE',  ( 1.404809703885626426, 0.2999999999999998779, -1.779809703885630423 ) ) ;
#3675 = EDGE_LOOP ( 'NONE', ( #1352, #552, #3409, #3553 ) ) ;
#3676 = CARTESIAN_POINT ( 'NONE',  ( 1.191421356237308604, 0.3000000000000003220, 1.941421356237311047 ) ) ;
#3677 = PLANE ( 'NONE',  #3928 ) ;
#3678 = CARTESIAN_POINT ( 'NONE',  ( 1.904762455411260325, 1.050633703369597161, -1.779762455411263655 ) ) ;
#3679 = CYLINDRICAL_SURFACE ( 'NONE', #3489, 0.09999999999999982514 ) ;
#3680 = CARTESIAN_POINT ( 'NONE',  ( 1.654809703885628203, 0.9416666666666630992, 1.529809703885628425 ) ) ;
#3681 = EDGE_CURVE ( 'NONE', #3754, #2515, #2899, .T. ) ;
#3682 = VECTOR ( 'NONE', #3900, 1000.000000000000000 ) ;
#3683 = CARTESIAN_POINT ( 'NONE',  ( 1.049999999999998934, 0.1499999999999997446, -1.080487804878050184 ) ) ;
#3684 = CARTESIAN_POINT ( 'NONE',  ( 1.654809703885633754, 0.7083333333333362569, -1.529809703885629091 ) ) ;
#3685 = ADVANCED_FACE ( 'NONE', ( #1411 ), #375, .T. ) ;
#3686 = EDGE_CURVE ( 'NONE', #653, #1102, #3759, .T. ) ;
#3687 = LINE ( 'NONE', #1899, #3062 ) ;
#3688 = ORIENTED_EDGE ( 'NONE', *, *, #2322, .F. ) ;
#3689 = DIRECTION ( 'NONE',  ( 0.0000000000000000000, 0.0000000000000000000, 1.000000000000000000 ) ) ;
#3690 = PLANE ( 'NONE',  #916 ) ;
#3691 = CARTESIAN_POINT ( 'NONE',  ( 1.654809703885628203, 0.8833333333333359683, -1.529809703885628425 ) ) ;
#3692 = ORIENTED_EDGE ( 'NONE', *, *, #1280, .T. ) ;
#3693 = LINE ( 'NONE', #1328, #885 ) ;
#3694 = ORIENTED_EDGE ( 'NONE', *, *, #2249, .T. ) ;
#3695 = AXIS2_PLACEMENT_3D ( 'NONE', #1214, #1249, #1514 ) ;
#3696 = EDGE_CURVE ( 'NONE', #418, #1692, #1457, .T. ) ;
#3697 = DIRECTION ( 'NONE',  ( -1.000000000000000000, 0.0000000000000000000, 0.0000000000000000000 ) ) ;
#3698 =( LENGTH_UNIT ( ) NAMED_UNIT ( * ) SI_UNIT ( .MILLI., .METRE. ) );
#3699 = ORIENTED_EDGE ( 'NONE', *, *, #275, .F. ) ;
#3700 = ORIENTED_EDGE ( 'NONE', *, *, #1831, .F. ) ;
#3701 = CARTESIAN_POINT ( 'NONE',  ( 1.796231060122937873, 1.000000000000000000, -1.478033008588991004 ) ) ;
#3702 = FACE_OUTER_BOUND ( 'NONE', #2811, .T. ) ;
#3703 = ORIENTED_EDGE ( 'NONE', *, *, #2611, .T. ) ;
#3704 = CARTESIAN_POINT ( 'NONE',  ( -1.800000000000000711, 1.800000000000000711, 2.000000000000001776 ) ) ;
#3705 = VECTOR ( 'NONE', #1685, 1000.000000000000000 ) ;
#3706 = CARTESIAN_POINT ( 'NONE',  ( 1.191421356237308604, 1.000000000000000000, 1.941421356237311047 ) ) ;
#3707 = CARTESIAN_POINT ( 'NONE',  ( 1.874810064830499945, 1.171021072251430706, -1.499810064830507939 ) ) ;
#3708 = ORIENTED_EDGE ( 'NONE', *, *, #2369, .F. ) ;
#3709 = ADVANCED_FACE ( 'NONE', ( #3264 ), #1560, .F. ) ;
#3710 = ORIENTED_EDGE ( 'NONE', *, *, #3755, .F. ) ;
#3711 = CARTESIAN_POINT ( 'NONE',  ( 1.654809703885627981, 0.8541666666666696273, 1.529809703885628647 ) ) ;
#3712 = CARTESIAN_POINT ( 'NONE',  ( 1.654809703885628203, 1.000000000000000000, -1.419454364826300496 ) ) ;
#3713 = VECTOR ( 'NONE', #2329, 1000.000000000000000 ) ;
#3714 = EDGE_CURVE ( 'NONE', #35, #1307, #3903, .T. ) ;
#3715 = AXIS2_PLACEMENT_3D ( 'NONE', #3843, #179, #1361 ) ;
#3716 = CARTESIAN_POINT ( 'NONE',  ( -0.9999999999999988898, 0.1000000000000000056, -1.100000000000001643 ) ) ;
#3717 = LINE ( 'NONE', #3335, #1935 ) ;
#3718 = CARTESIAN_POINT ( 'NONE',  ( 1.404809703885627536, 0.8833333333333360793, -1.779809703885629091 ) ) ;
#3719 = DIRECTION ( 'NONE',  ( 9.637352644315592778E-16, 0.0000000000000000000, 1.000000000000000000 ) ) ;
#3720 = FACE_OUTER_BOUND ( 'NONE', #3177, .T. ) ;
#3721 = ORIENTED_EDGE ( 'NONE', *, *, #2441, .T. ) ;
#3722 = CARTESIAN_POINT ( 'NONE',  ( 1.537500000000000755, 1.519454364826301696, -1.412499999999998535 ) ) ;
#3723 = EDGE_CURVE ( 'NONE', #923, #1403, #285, .T. ) ;
#3724 = LINE ( 'NONE', #3960, #2960 ) ;
#3725 = ORIENTED_EDGE ( 'NONE', *, *, #442, .T. ) ;
#3726 = DIRECTION ( 'NONE',  ( -0.7071067811865517916, 0.0000000000000000000, -0.7071067811865433539 ) ) ;
#3727 = CARTESIAN_POINT ( 'NONE',  ( -1.800000000000000711, 1.800000000000000711, -1.900000000000001688 ) ) ;
#3728 = CYLINDRICAL_SURFACE ( 'NONE', #599, 0.2000000000000000944 ) ;
#3729 = DIRECTION ( 'NONE',  ( 2.168404344971017545E-15, 1.000000000000000000, 0.0000000000000000000 ) ) ;
#3730 = ADVANCED_FACE ( 'NONE', ( #2448 ), #712, .T. ) ;
#3731 = CARTESIAN_POINT ( 'NONE',  ( -0.9999999999999985567, 0.0000000000000000000, 2.000000000000001332 ) ) ;
#3732 = CARTESIAN_POINT ( 'NONE',  ( 1.690165042944956175, 1.000000000000000000, -1.654809703885628203 ) ) ;
#3733 = DIRECTION ( 'NONE',  ( 0.0000000000000000000, 0.0000000000000000000, 1.000000000000000000 ) ) ;
#3734 = CARTESIAN_POINT ( 'NONE',  ( 1.904809703885628647, 0.9416666666666632102, -1.529809703885628647 ) ) ;
#3735 = FACE_OUTER_BOUND ( 'NONE', #1727, .T. ) ;
#3736 = DIRECTION ( 'NONE',  ( 0.0000000000000000000, -0.0000000000000000000, 1.000000000000000000 ) ) ;
#3737 = CARTESIAN_POINT ( 'NONE',  ( -1.900000000000000133, 1.900000000000000355, -1.900000000000001688 ) ) ;
#3738 = DIRECTION ( 'NONE',  ( 0.7071067811865471286, 0.0000000000000000000, 0.7071067811865479058 ) ) ;
#3739 = VECTOR ( 'NONE', #1730, 1000.000000000000000 ) ;
#3740 = EDGE_CURVE ( 'NONE', #3225, #3865, #1644, .T. ) ;
#3741 = ORIENTED_EDGE ( 'NONE', *, *, #275, .T. ) ;
#3742 = CARTESIAN_POINT ( 'NONE',  ( 1.049999999999998934, 1.000000000000000000, 2.000000000000001332 ) ) ;
#3744 = DIRECTION ( 'NONE',  ( -0.0000000000000000000, -1.000000000000000000, 0.0000000000000000000 ) ) ;
#3743 = FACE_OUTER_BOUND ( 'NONE', #338, .T. ) ;
#3745 = EDGE_LOOP ( 'NONE', ( #1136, #441, #3817, #1764 ) ) ;
#3746 = CARTESIAN_POINT ( 'NONE',  ( -0.8999999999999992450, 1.900000000000000355, 1.900000000000001688 ) ) ;
#3747 = AXIS2_PLACEMENT_3D ( 'NONE', #1196, #3043, #1530 ) ;
#3748 = DIRECTION ( 'NONE',  ( -0.0000000000000000000, -0.0000000000000000000, 1.000000000000000000 ) ) ;
#3749 = VERTEX_POINT ( 'NONE', #2793 ) ;
#3750 = DIRECTION ( 'NONE',  ( -0.0000000000000000000, -1.000000000000000000, -0.0000000000000000000 ) ) ;
#3751 = CARTESIAN_POINT ( 'NONE',  ( 1.654809703885627981, 0.8541666666666696273, -1.529809703885628647 ) ) ;
#3752 = ADVANCED_FACE ( 'NONE', ( #2602 ), #43, .T. ) ;
#3753 = AXIS2_PLACEMENT_3D ( 'NONE', #3238, #2056, #2662 ) ;
#3754 = VERTEX_POINT ( 'NONE', #1585 ) ;
#3755 = EDGE_CURVE ( 'NONE', #2318, #532, #145, .T. ) ;
#3756 = DIRECTION ( 'NONE',  ( 0.7071067811865486830, 0.0000000000000000000, 0.7071067811865464625 ) ) ;
#3757 = CARTESIAN_POINT ( 'NONE',  ( 1.760875721063610788, 1.000000000000000000, -1.584099025766973368 ) ) ;
#3758 = CARTESIAN_POINT ( 'NONE',  ( 1.725520382004283260, 0.3000000000000003220, -1.548743686707646505 ) ) ;
#3759 = LINE ( 'NONE', #49, #2940 ) ;
#3760 = ORIENTED_EDGE ( 'NONE', *, *, #492, .T. ) ;
#3761 = CARTESIAN_POINT ( 'NONE',  ( -0.8999999999999992450, 1.900000000000000355, 1.900000000000001688 ) ) ;
#3762 = ORIENTED_EDGE ( 'NONE', *, *, #2734, .T. ) ;
#3763 = CIRCLE ( 'NONE', #3290, 0.1999999999999998723 ) ;
#3764 = DIRECTION ( 'NONE',  ( 1.000000000000000000, 0.0000000000000000000, 0.0000000000000000000 ) ) ;
#3765 = CARTESIAN_POINT ( 'NONE',  ( 1.760875721063610788, 1.000000000000000000, -1.584099025766973368 ) ) ;
#3766 = CARTESIAN_POINT ( 'NONE',  ( 1.654837015428725744, 0.9657687693195806666, -1.779837015428722635 ) ) ;
#3767 = LINE ( 'NONE', #3432, #2510 ) ;
#3768 = EDGE_CURVE ( 'NONE', #2237, #249, #1367, .T. ) ;
#3769 = DIRECTION ( 'NONE',  ( -0.0000000000000000000, -0.0000000000000000000, 1.000000000000000000 ) ) ;
#3770 = CARTESIAN_POINT ( 'NONE',  ( -1.900000000000000133, 0.3000000000000003220, -1.900000000000002354 ) ) ;
#3771 = ORIENTED_EDGE ( 'NONE', *, *, #3923, .F. ) ;
#3772 = PLANE ( 'NONE',  #2984 ) ;
#3773 = FACE_OUTER_BOUND ( 'NONE', #1805, .T. ) ;
#3774 = EDGE_CURVE ( 'NONE', #2856, #3891, #3404, .T. ) ;
#3775 = CARTESIAN_POINT ( 'NONE',  ( 1.790228998569204144, 1.304692355676190685, 1.415228998569220131 ) ) ;
#3776 = DIRECTION ( 'NONE',  ( 1.000000000000000000, 0.0000000000000000000, 2.940209281316622988E-16 ) ) ;
#3777 = ADVANCED_FACE ( 'NONE', ( #2553 ), #1898, .F. ) ;
#3778 = VECTOR ( 'NONE', #1008, 1000.000000000000000 ) ;
#3779 = ORIENTED_EDGE ( 'NONE', *, *, #927, .F. ) ;
#3780 = DIRECTION ( 'NONE',  ( 0.0000000000000000000, -1.000000000000000000, 0.0000000000000000000 ) ) ;
#3781 = DIRECTION ( 'NONE',  ( -1.000000000000000000, -1.141265444721583511E-16, 0.0000000000000000000 ) ) ;
#3782 = CARTESIAN_POINT ( 'NONE',  ( 1.404809703885627314, 0.8541666666666697383, -1.529809703885628869 ) ) ;
#3783 = VECTOR ( 'NONE', #2370, 1000.000000000000000 ) ;
#3784 = AXIS2_PLACEMENT_3D ( 'NONE', #120, #434, #2247 ) ;
#3785 = ORIENTED_EDGE ( 'NONE', *, *, #3902, .F. ) ;
#3786 = EDGE_CURVE ( 'NONE', #2841, #2127, #2599, .T. ) ;
#3788 = CARTESIAN_POINT ( 'NONE',  ( -1.999999999999999112, 2.000000000000000000, -1.900000000000001465 ) ) ;
#3787 = LINE ( 'NONE', #3227, #358 ) ;
#3789 = CARTESIAN_POINT ( 'NONE',  ( 1.000000000000000666, 0.1499999999999997446, -1.850000000000001421 ) ) ;
#3790 = DIRECTION ( 'NONE',  ( -1.000000000000000000, -0.0000000000000000000, 0.0000000000000000000 ) ) ;
#3791 = CARTESIAN_POINT ( 'NONE',  ( 1.831586399182265845, 1.000000000000000000, -1.796231060122938095 ) ) ;
#3792 = LINE ( 'NONE', #2411, #3587 ) ;
#3793 = DIRECTION ( 'NONE',  ( 0.0000000000000000000, 0.0000000000000000000, -1.000000000000000000 ) ) ;
#3794 = DIRECTION ( 'NONE',  ( 2.168404344971017545E-15, 1.000000000000000000, 0.0000000000000000000 ) ) ;
#3795 = CARTESIAN_POINT ( 'NONE',  ( 1.478494698170095489, 1.342677382284284349, -1.603494698170093713 ) ) ;
#3796 = VECTOR ( 'NONE', #2260, 1000.000000000000000 ) ;
#3797 = VERTEX_POINT ( 'NONE', #3746 ) ;
#3798 = ADVANCED_FACE ( 'NONE', ( #3897 ), #2216, .T. ) ;
#3799 = CARTESIAN_POINT ( 'NONE',  ( 1.000000000000001110, 0.3000000000000003220, 2.000000000000001332 ) ) ;
#3800 = EDGE_CURVE ( 'NONE', #2737, #773, #3171, .T. ) ;
#3801 = AXIS2_PLACEMENT_3D ( 'NONE', #562, #3276, #2361 ) ;
#3802 = EDGE_LOOP ( 'NONE', ( #3162, #1540, #1605, #2356, #852, #191, #871, #2051, #1752, #2937, #1218, #2016, #840, #2565 ) ) ;
#3803 = FACE_OUTER_BOUND ( 'NONE', #867, .T. ) ;
#3804 = CLOSED_SHELL ( 'NONE', ( #1613, #184, #3841, #1559, #3730, #2931, #3685, #1992, #1672, #2267, #2848, #2243, #1071, #950, #1576, #3199, #1518, #2826, #1095, #2180, #1945, #1842, #1285, #2497, #430, #1224, #366, #3502, #530, #669, #688, #644, #730, #3529, #2432, #3875, #711, #2619, #3143, #3181, #2870, #3856, #3105, #1010, #2808, #1405, #2890, #1689, #1929, #2156 ) ) ;
#3805 = ORIENTED_EDGE ( 'NONE', *, *, #3786, .T. ) ;
#3806 = DIRECTION ( 'NONE',  ( 0.7071067811865474617, 0.0000000000000000000, 0.7071067811865474617 ) ) ;
#3807 = FILL_AREA_STYLE_COLOUR ( '', #1170 ) ;
#3808 = AXIS2_PLACEMENT_3D ( 'NONE', #2435, #53, #2769 ) ;
#3809 = CARTESIAN_POINT ( 'NONE',  ( 1.796231060122937651, 0.3000000000000003220, -1.478033008588991226 ) ) ;
#3810 = DIRECTION ( 'NONE',  ( -0.0000000000000000000, -1.000000000000000000, -0.0000000000000000000 ) ) ;
#3811 = CARTESIAN_POINT ( 'NONE',  ( 1.406324126914804795, 0.9933650312849440223, -1.531324126914799688 ) ) ;
#3812 = VERTEX_POINT ( 'NONE', #132 ) ;
#3813 = LINE ( 'NONE', #873, #2362 ) ;
#3814 = VERTEX_POINT ( 'NONE', #3110 ) ;
#3815 = PLANE ( 'NONE',  #680 ) ;
#3816 = ORIENTED_EDGE ( 'NONE', *, *, #1038, .F. ) ;
#3817 = ORIENTED_EDGE ( 'NONE', *, *, #2283, .T. ) ;
#3818 = CARTESIAN_POINT ( 'NONE',  ( 1.904809703885627314, 0.2999999999999998779, 1.529809703885630201 ) ) ;
#3819 = DIRECTION ( 'NONE',  ( -2.409338161078897208E-16, 1.000000000000000000, 0.0000000000000000000 ) ) ;
#3820 = DIRECTION ( 'NONE',  ( 0.7071067811865464625, 0.0000000000000000000, -0.7071067811865486830 ) ) ;
#3821 =( NAMED_UNIT ( * ) PLANE_ANGLE_UNIT ( ) SI_UNIT ( $, .RADIAN. ) );
#3823 = DIRECTION ( 'NONE',  ( 0.7071067811865471286, 0.0000000000000000000, -0.7071067811865479058 ) ) ;
#3822 = FACE_OUTER_BOUND ( 'NONE', #1162, .T. ) ;
#3824 = DIRECTION ( 'NONE',  ( -0.7071067811865464625, 0.0000000000000000000, -0.7071067811865486830 ) ) ;
#3825 = EDGE_CURVE ( 'NONE', #3528, #1499, #1362, .T. ) ;
#3826 = SURFACE_STYLE_FILL_AREA ( #2125 ) ;
#3827 = VERTEX_POINT ( 'NONE', #3791 ) ;
#3828 = CARTESIAN_POINT ( 'NONE',  ( 1.651812698920217981, 1.043016285876988691, 1.526812698920210876 ) ) ;
#3829 =( NAMED_UNIT ( * ) PLANE_ANGLE_UNIT ( ) SI_UNIT ( $, .RADIAN. ) );
#3830 = DIRECTION ( 'NONE',  ( -0.7071067811865471286, 0.0000000000000000000, -0.7071067811865479058 ) ) ;
#3831 = CARTESIAN_POINT ( 'NONE',  ( 1.584099025766973812, 1.000000000000000000, -1.548743686707645839 ) ) ;
#3832 = ORIENTED_EDGE ( 'NONE', *, *, #2140, .F. ) ;
#3833 = AXIS2_PLACEMENT_3D ( 'NONE', #1865, #107, #64 ) ;
#3834 = APPLICATION_CONTEXT ( 'automotive_design' ) ;
#3835 = VECTOR ( 'NONE', #2539, 1000.000000000000000 ) ;
#3836 = DIRECTION ( 'NONE',  ( 1.000000000000000000, 0.0000000000000000000, 0.0000000000000000000 ) ) ;
#3837 = DIRECTION ( 'NONE',  ( 0.0000000000000000000, 0.0000000000000000000, 1.000000000000000000 ) ) ;
#3838 = CARTESIAN_POINT ( 'NONE',  ( 1.654809703885627981, 0.7666666666666595020, -1.529809703885628647 ) ) ;
#3839 = MECHANICAL_DESIGN_GEOMETRIC_PRESENTATION_REPRESENTATION (  '', ( #1441 ), #3002 ) ;
#3840 = EDGE_CURVE ( 'NONE', #2572, #2618, #1680, .T. ) ;
#3841 = ADVANCED_FACE ( 'NONE', ( #332 ), #1660, .T. ) ;
#3842 = CARTESIAN_POINT ( 'NONE',  ( 1.654809703885627981, 0.7666666666666595020, 1.529809703885628647 ) ) ;
#3843 = CARTESIAN_POINT ( 'NONE',  ( -1.049999999999999156, 0.1499999999999997446, -1.080487804878050184 ) ) ;
#3844 = CYLINDRICAL_SURFACE ( 'NONE', #2684, 0.2000000000000000944 ) ;
#3845 = ORIENTED_EDGE ( 'NONE', *, *, #3696, .F. ) ;
#3846 =( LENGTH_UNIT ( ) NAMED_UNIT ( * ) SI_UNIT ( .MILLI., .METRE. ) );
#3847 = FACE_OUTER_BOUND ( 'NONE', #2891, .T. ) ;
#3848 = ORIENTED_EDGE ( 'NONE', *, *, #1624, .T. ) ;
#3849 = CARTESIAN_POINT ( 'NONE',  ( 1.831586399182265401, 0.3000000000000003220, -1.513388347648318533 ) ) ;
#3850 = CARTESIAN_POINT ( 'NONE',  ( 1.537500000000000311, 1.165900974233026410, -1.412499999999999201 ) ) ;
#3851 = ORIENTED_EDGE ( 'NONE', *, *, #2181, .T. ) ;
#3852 = CARTESIAN_POINT ( 'NONE',  ( 1.731120395261636968, 1.461873615232778034, 1.606120395261641409 ) ) ;
#3853 = DIRECTION ( 'NONE',  ( -0.7071067811865431318, 0.0000000000000000000, -0.7071067811865517916 ) ) ;
#3854 = EDGE_CURVE ( 'NONE', #2760, #291, #2444, .T. ) ;
#3855 = ORIENTED_EDGE ( 'NONE', *, *, #2446, .T. ) ;
#3856 = ADVANCED_FACE ( 'NONE', ( #1968 ), #3510, .F. ) ;
#3857 = VECTOR ( 'NONE', #3263, 1000.000000000000000 ) ;
#3858 = DIRECTION ( 'NONE',  ( 0.0000000000000000000, 0.0000000000000000000, 1.000000000000000000 ) ) ;
#3859 = AXIS2_PLACEMENT_3D ( 'NONE', #1749, #1173, #2402 ) ;
#3860 = VERTEX_POINT ( 'NONE', #1914 ) ;
#3861 = CARTESIAN_POINT ( 'NONE',  ( 1.640285940628114059, 1.082796648348378854, -1.515285940628121164 ) ) ;
#3862 = ORIENTED_EDGE ( 'NONE', *, *, #3270, .F. ) ;
#3863 = LINE ( 'NONE', #3866, #3713 ) ;
#3864 = CARTESIAN_POINT ( 'NONE',  ( 1.654809703885627981, 0.8541666666666696273, 1.529809703885628647 ) ) ;
#3865 = VERTEX_POINT ( 'NONE', #3467 ) ;
#3866 = CARTESIAN_POINT ( 'NONE',  ( -1.999999999999999112, 2.000000000000000000, 1.900000000000001465 ) ) ;
#3867 = LINE ( 'NONE', #2049, #2703 ) ;
#3868 = ORIENTED_EDGE ( 'NONE', *, *, #3714, .T. ) ;
#3869 = PLANE ( 'NONE',  #25 ) ;
#3870 = CARTESIAN_POINT ( 'NONE',  ( -0.9999999999999985567, 0.1000000000000000056, -1.900000000000001243 ) ) ;
#3871 = FACE_OUTER_BOUND ( 'NONE', #370, .T. ) ;
#3872 = EDGE_LOOP ( 'NONE', ( #3855, #2352, #2683, #1319 ) ) ;
#3873 = EDGE_CURVE ( 'NONE', #653, #477, #433, .T. ) ;
#3874 = AXIS2_PLACEMENT_3D ( 'NONE', #415, #405, #986 ) ;
#3875 = ADVANCED_FACE ( 'NONE', ( #3702 ), #2877, .F. ) ;
#3877 = CARTESIAN_POINT ( 'NONE',  ( 1.648619223800357414, 1.088852525817258332, 1.773619223800353639 ) ) ;
#3876 = CIRCLE ( 'NONE', #2800, 0.1499999999999999667 ) ;
#3878 = DIRECTION ( 'NONE',  ( 0.0000000000000000000, -1.000000000000000000, 0.0000000000000000000 ) ) ;
#3879 = FILL_AREA_STYLE ('',( #2950 ) ) ;
#3880 = LINE ( 'NONE', #1950, #1744 ) ;
#3881 = AXIS2_PLACEMENT_3D ( 'NONE', #77, #1274, #3764 ) ;
#3882 = CARTESIAN_POINT ( 'NONE',  ( 1.000000000000001110, 0.3000000000000003220, -2.000000000000001332 ) ) ;
#3883 = CARTESIAN_POINT ( 'NONE',  ( -1.900000000000000133, 1.000000000000000000, 2.000000000000002220 ) ) ;
#3884 = FACE_OUTER_BOUND ( 'NONE', #1266, .T. ) ;
#3885 = CARTESIAN_POINT ( 'NONE',  ( 1.404794613882617726, 1.027498930579821446, 1.779794613882621945 ) ) ;
#3886 = LINE ( 'NONE', #119, #2301 ) ;
#3887 = ORIENTED_EDGE ( 'NONE', *, *, #2395, .T. ) ;
#3888 = DIRECTION ( 'NONE',  ( 0.0000000000000000000, 0.0000000000000000000, 1.000000000000000000 ) ) ;
#3889 = VERTEX_POINT ( 'NONE', #3187 ) ;
#3890 = VECTOR ( 'NONE', #1343, 1000.000000000000000 ) ;
#3891 = VERTEX_POINT ( 'NONE', #2575 ) ;
#3892 = EDGE_CURVE ( 'NONE', #1838, #2445, #765, .T. ) ;
#3893 = CARTESIAN_POINT ( 'NONE',  ( 1.475000000000000311, 0.05000000000000000278, 1.474999999999999867 ) ) ;
#3894 = PLANE ( 'NONE',  #3801 ) ;
#3895 = ORIENTED_EDGE ( 'NONE', *, *, #1032, .T. ) ;
#3896 = EDGE_LOOP ( 'NONE', ( #2152, #3269, #3210, #2906 ) ) ;
#3897 = FACE_OUTER_BOUND ( 'NONE', #2799, .T. ) ;
#3898 = CARTESIAN_POINT ( 'NONE',  ( 1.654794613882616172, 1.027498930579819669, 1.529794613882619725 ) ) ;
#3899 = VERTEX_POINT ( 'NONE', #3175 ) ;
#3900 = DIRECTION ( 'NONE',  ( -1.000000000000000000, 0.0000000000000000000, 2.168404344971007882E-16 ) ) ;
#3901 = CARTESIAN_POINT ( 'NONE',  ( 1.000000000000001110, 0.1499999999999997446, -1.900000000000001243 ) ) ;
#3902 = EDGE_CURVE ( 'NONE', #1463, #1327, #1639, .T. ) ;
#3903 = LINE ( 'NONE', #684, #3081 ) ;
#3904 = CARTESIAN_POINT ( 'NONE',  ( 1.796231060122937651, 1.000000000000000000, -1.478033008588991226 ) ) ;
#3905 = ORIENTED_EDGE ( 'NONE', *, *, #3873, .T. ) ;
#3906 = MANIFOLD_SOLID_BREP ( 'Mirror1[1]', #3804 ) ;
#3907 = AXIS2_PLACEMENT_3D ( 'NONE', #2944, #3557, #1129 ) ;
#3908 = EDGE_CURVE ( 'NONE', #657, #3749, #3600, .T. ) ;
#3909 = ORIENTED_EDGE ( 'NONE', *, *, #1459, .F. ) ;
#3910 = CARTESIAN_POINT ( 'NONE',  ( 1.640285940628114059, 1.082796648348378854, -1.515285940628121164 ) ) ;
#3911 = CIRCLE ( 'NONE', #2914, 0.1250000000000001943 ) ;
#3912 = CARTESIAN_POINT ( 'NONE',  ( 1.404809703885627314, 0.7666666666666595020, 1.779809703885629313 ) ) ;
#3913 = PLANE ( 'NONE',  #1065 ) ;
#3914 = CARTESIAN_POINT ( 'NONE',  ( 1.725520382004283260, 0.3000000000000003220, -1.548743686707646505 ) ) ;
#3915 = LINE ( 'NONE', #2225, #2614 ) ;
#3916 = DIRECTION ( 'NONE',  ( 0.0000000000000000000, -1.000000000000000000, 0.0000000000000000000 ) ) ;
#3917 = LINE ( 'NONE', #413, #3778 ) ;
#3918 = ORIENTED_EDGE ( 'NONE', *, *, #633, .T. ) ;
#3919 = DIRECTION ( 'NONE',  ( -1.000000000000000000, -1.141265444721583511E-16, -0.0000000000000000000 ) ) ;
#3920 = CARTESIAN_POINT ( 'NONE',  ( 1.540228998569211694, 1.304692355676198012, -1.665228998569217467 ) ) ;
#3921 = FACE_OUTER_BOUND ( 'NONE', #2954, .T. ) ;
#3922 = ORIENTED_EDGE ( 'NONE', *, *, #1149, .T. ) ;
#3923 = EDGE_CURVE ( 'NONE', #354, #2445, #1545, .T. ) ;
#3924 = AXIS2_PLACEMENT_3D ( 'NONE', #197, #804, #2928 ) ;
#3925 = CARTESIAN_POINT ( 'NONE',  ( 1.513388347648318977, 0.3000000000000003220, -1.478033008588990782 ) ) ;
#3926 = CARTESIAN_POINT ( 'NONE',  ( -1.900000000000000133, 1.900000000000000355, 1.900000000000001688 ) ) ;
#3927 = DIRECTION ( 'NONE',  ( -0.0000000000000000000, 1.000000000000000000, -0.0000000000000000000 ) ) ;
#3928 = AXIS2_PLACEMENT_3D ( 'NONE', #1521, #2160, #37 ) ;
#3929 = PLANE ( 'NONE',  #727 ) ;
#3930 = DIRECTION ( 'NONE',  ( -0.7071067811865464625, 0.0000000000000000000, 0.7071067811865486830 ) ) ;
#3931 = EDGE_CURVE ( 'NONE', #2215, #219, #2791, .T. ) ;
#3932 = CARTESIAN_POINT ( 'NONE',  ( 1.569450096823239660, 1.165900835168539595, 1.444450096823238772 ) ) ;
#3933 = FACE_OUTER_BOUND ( 'NONE', #290, .T. ) ;
#3934 = ORIENTED_EDGE ( 'NONE', *, *, #2661, .T. ) ;
#3935 = CARTESIAN_POINT ( 'NONE',  ( 1.904809703885628647, 0.9416666666666632102, -1.529809703885628647 ) ) ;
#3936 = AXIS2_PLACEMENT_3D ( 'NONE', #703, #2499, #692 ) ;
#3937 = VECTOR ( 'NONE', #756, 1000.000000000000000 ) ;
#3938 = ORIENTED_EDGE ( 'NONE', *, *, #2227, .F. ) ;
#3939 = CARTESIAN_POINT ( 'NONE',  ( 1.406324126914804795, 0.9933650312849440223, 1.531324126914799688 ) ) ;
#3940 = CARTESIAN_POINT ( 'NONE',  ( 1.049999999999998934, 0.1499999999999997446, 1.080487804878050184 ) ) ;
#3941 = CARTESIAN_POINT ( 'NONE',  ( 1.831586399182265845, 1.000000000000000000, 1.796231060122938095 ) ) ;
#3942 = LINE ( 'NONE', #1271, #1026 ) ;
#3943 = ORIENTED_EDGE ( 'NONE', *, *, #2249, .F. ) ;
#3944 = CARTESIAN_POINT ( 'NONE',  ( 1.831586399182265401, 1.000000000000000000, -1.513388347648318533 ) ) ;
#3945 = CARTESIAN_POINT ( 'NONE',  ( 1.390285940628117389, 1.082796648348380630, 1.765285940628119832 ) ) ;
#3946 = ORIENTED_EDGE ( 'NONE', *, *, #2309, .T. ) ;
#3947 = EDGE_CURVE ( 'NONE', #2856, #1720, #39, .T. ) ;
#3948 = DIRECTION ( 'NONE',  ( 0.0000000000000000000, 1.000000000000000000, 0.0000000000000000000 ) ) ;
#3949 = CARTESIAN_POINT ( 'NONE',  ( 1.904809703885627314, 0.4166666666666610785, -1.779809703885630423 ) ) ;
#3950 = LINE ( 'NONE', #3533, #3705 ) ;
#3951 = ORIENTED_EDGE ( 'NONE', *, *, #1373, .F. ) ;
#3952 = CARTESIAN_POINT ( 'NONE',  ( 1.654809703885628203, 0.3000000000000003220, -1.619454364826300452 ) ) ;
#3953 = DIRECTION ( 'NONE',  ( -0.0000000000000000000, -1.000000000000000000, -0.0000000000000000000 ) ) ;
#3954 = ORIENTED_EDGE ( 'NONE', *, *, #2283, .F. ) ;
#3955 = CARTESIAN_POINT ( 'NONE',  ( 1.607092504144639555, 1.209057919321694152, -1.732092504144634448 ) ) ;
#3956 = ORIENTED_EDGE ( 'NONE', *, *, #896, .F. ) ;
#3957 = FACE_OUTER_BOUND ( 'NONE', #618, .T. ) ;
#3958 = ORIENTED_EDGE ( 'NONE', *, *, #1303, .F. ) ;
#3959 = CARTESIAN_POINT ( 'NONE',  ( 1.654809703885627981, 0.7666666666666595020, 1.779809703885628869 ) ) ;
#3960 = CARTESIAN_POINT ( 'NONE',  ( 1.120710678118653769, 1.000000000000000000, -1.870710678118656212 ) ) ;
#3961 = FACE_OUTER_BOUND ( 'NONE', #2555, .T. ) ;
#3962 = EDGE_CURVE ( 'NONE', #2185, #2815, #2985, .T. ) ;
ENDSEC;
END-ISO-10303-21;
