ISO-10303-21;
HEADER;
FILE_DESCRIPTION (( 'STEP AP214' ),
    '1' );
FILE_NAME ('RNN18.STEP',
    '2024-01-21T12:25:10',
    ( '' ),
    ( '' ),
    'SwSTEP 2.0',
    'SolidWorks 2021',
    '' );
FILE_SCHEMA (( 'AUTOMOTIVE_DESIGN' ));
ENDSEC;

DATA;
#1 = EDGE_LOOP ( 'NONE', ( #661, #5554, #3814, #4385 ) ) ;
#2 = CARTESIAN_POINT ( 'NONE',  ( 0.7999999999999998224, 0.2000000000000000111, -0.1500000000000000777 ) ) ;
#3 = DIRECTION ( 'NONE',  ( -0.000000000000000000, -1.000000000000000000, -0.000000000000000000 ) ) ;
#4 = ORIENTED_EDGE ( 'NONE', *, *, #3140, .T. ) ;
#5 = CARTESIAN_POINT ( 'NONE',  ( -1.394229623805780305, 0.9000000000000000222, -1.527285829309602994 ) ) ;
#6 = AXIS2_PLACEMENT_3D ( 'NONE', #2326, #3626, #4532 ) ;
#7 = CARTESIAN_POINT ( 'NONE',  ( 1.749999999999994449, 0.2000000000000000111, 0.7249999999999999778 ) ) ;
#8 = ADVANCED_FACE ( 'NONE', ( #1032 ), #4568, .F. ) ;
#9 = FACE_OUTER_BOUND ( 'NONE', #3439, .T. ) ;
#10 = VERTEX_POINT ( 'NONE', #1926 ) ;
#11 = VECTOR ( 'NONE', #74, 1000.000000000000000 ) ;
#12 = EDGE_CURVE ( 'NONE', #836, #4824, #3698, .T. ) ;
#13 = EDGE_LOOP ( 'NONE', ( #5694, #1246, #4597, #2087 ) ) ;
#14 = CARTESIAN_POINT ( 'NONE',  ( 1.750000000000000000, 0.2000000000000000111, 0.1749999999999999611 ) ) ;
#15 = VERTEX_POINT ( 'NONE', #4624 ) ;
#16 = LINE ( 'NONE', #1752, #4423 ) ;
#17 = MANIFOLD_SOLID_BREP ( 'Boss-Extrude4[18]', #126 ) ;
#18 = PRESENTATION_STYLE_ASSIGNMENT (( #2644 ) ) ;
#19 = CARTESIAN_POINT ( 'NONE',  ( 0.4500000000000000111, 0.2000000000000000111, -0.6499999999999990230 ) ) ;
#20 = DIRECTION ( 'NONE',  ( 0.000000000000000000, 0.000000000000000000, -1.000000000000000000 ) ) ;
#21 = FACE_OUTER_BOUND ( 'NONE', #3615, .T. ) ;
#22 = LINE ( 'NONE', #1253, #4075 ) ;
#23 = LINE ( 'NONE', #1319, #1908 ) ;
#24 = DIRECTION ( 'NONE',  ( 0.000000000000000000, -1.000000000000000000, 0.000000000000000000 ) ) ;
#25 = ADVANCED_FACE ( 'NONE', ( #4281 ), #648, .F. ) ;
#26 = ORIENTED_EDGE ( 'NONE', *, *, #1157, .F. ) ;
#27 = FACE_OUTER_BOUND ( 'NONE', #5674, .T. ) ;
#28 = ORIENTED_EDGE ( 'NONE', *, *, #4458, .F. ) ;
#29 =( GEOMETRIC_REPRESENTATION_CONTEXT ( 3 ) GLOBAL_UNCERTAINTY_ASSIGNED_CONTEXT ( ( #650 ) ) GLOBAL_UNIT_ASSIGNED_CONTEXT ( ( #2529, #3357, #315 ) ) REPRESENTATION_CONTEXT ( 'NONE', 'WORKASPACE' ) );
#30 = CARTESIAN_POINT ( 'NONE',  ( 0.1499999999999998002, 0.04999999999999999584, 1.750000000000000666 ) ) ;
#31 = VECTOR ( 'NONE', #2985, 1000.000000000000000 ) ;
#32 = DIRECTION ( 'NONE',  ( 0.000000000000000000, -1.000000000000000000, 0.000000000000000000 ) ) ;
#33 = ORIENTED_EDGE ( 'NONE', *, *, #1801, .F. ) ;
#34 = MANIFOLD_SOLID_BREP ( 'Boss-Extrude4[7]', #2183 ) ;
#35 = DIRECTION ( 'NONE',  ( 0.000000000000000000, -1.000000000000000000, 0.000000000000000000 ) ) ;
#36 = LINE ( 'NONE', #1306, #2561 ) ;
#37 = VECTOR ( 'NONE', #413, 1000.000000000000000 ) ;
#38 = ORIENTED_EDGE ( 'NONE', *, *, #3226, .T. ) ;
#39 = AXIS2_PLACEMENT_3D ( 'NONE', #5004, #143, #5046 ) ;
#40 = ADVANCED_FACE ( 'NONE', ( #2160 ), #5539, .T. ) ;
#41 = EDGE_LOOP ( 'NONE', ( #1296, #777, #3039, #4766 ) ) ;
#42 = VECTOR ( 'NONE', #4041, 1000.000000000000000 ) ;
#43 = CARTESIAN_POINT ( 'NONE',  ( -1.750000000000000222, 0.2000000000000000111, -0.8000000000000000444 ) ) ;
#44 = DIRECTION ( 'NONE',  ( -1.141265444721583757E-16, 0.000000000000000000, 1.000000000000000000 ) ) ;
#45 = ORIENTED_EDGE ( 'NONE', *, *, #4816, .T. ) ;
#46 = DIRECTION ( 'NONE',  ( -1.000000000000000000, 0.000000000000000000, 0.000000000000000000 ) ) ;
#47 = MANIFOLD_SOLID_BREP ( 'Boss-Extrude4[12]', #5495 ) ;
#48 = EDGE_CURVE ( 'NONE', #1542, #2814, #3481, .T. ) ;
#49 = VECTOR ( 'NONE', #3128, 1000.000000000000000 ) ;
#50 = DIRECTION ( 'NONE',  ( 0.000000000000000000, 0.000000000000000000, 1.000000000000000000 ) ) ;
#51 =( NAMED_UNIT ( * ) SI_UNIT ( $, .STERADIAN. ) SOLID_ANGLE_UNIT ( ) );
#52 = STYLED_ITEM ( 'NONE', ( #1270 ), #3912 ) ;
#53 = AXIS2_PLACEMENT_3D ( 'NONE', #667, #283, #5074 ) ;
#54 = CARTESIAN_POINT ( 'NONE',  ( -0.7999999999999883871, 0.000000000000000000, 1.274999999999999911 ) ) ;
#55 = FACE_OUTER_BOUND ( 'NONE', #1632, .T. ) ;
#56 = AXIS2_PLACEMENT_3D ( 'NONE', #5313, #2678, #405 ) ;
#57 = FACE_OUTER_BOUND ( 'NONE', #5086, .T. ) ;
#58 =( NAMED_UNIT ( * ) PLANE_ANGLE_UNIT ( ) SI_UNIT ( $, .RADIAN. ) );
#59 = ORIENTED_EDGE ( 'NONE', *, *, #120, .T. ) ;
#60 = DIRECTION ( 'NONE',  ( -0.000000000000000000, -1.000000000000000000, -0.000000000000000000 ) ) ;
#61 = EDGE_CURVE ( 'NONE', #3524, #4199, #4854, .T. ) ;
#62 = ORIENTED_EDGE ( 'NONE', *, *, #3199, .T. ) ;
#63 = VECTOR ( 'NONE', #5692, 1000.000000000000000 ) ;
#64 = UNCERTAINTY_MEASURE_WITH_UNIT (LENGTH_MEASURE( 1.000000000000000082E-05 ), #1807, 'distance_accuracy_value', 'NONE');
#65 = MANIFOLD_SOLID_BREP ( 'Boss-Extrude4[2]', #2909 ) ;
#66 = DIRECTION ( 'NONE',  ( -0.000000000000000000, -1.000000000000000000, -0.000000000000000000 ) ) ;
#67 = CARTESIAN_POINT ( 'NONE',  ( 0.7999999999999998224, 0.000000000000000000, -0.5500000000000001554 ) ) ;
#68 = EDGE_LOOP ( 'NONE', ( #1090, #2960, #5013, #2878 ) ) ;
#69 = FACE_OUTER_BOUND ( 'NONE', #41, .T. ) ;
#70 = AXIS2_PLACEMENT_3D ( 'NONE', #1935, #2717, #71 ) ;
#71 = DIRECTION ( 'NONE',  ( -1.000000000000000000, 0.000000000000000000, 0.000000000000000000 ) ) ;
#72 = VECTOR ( 'NONE', #2594, 1000.000000000000000 ) ;
#73 = AXIS2_PLACEMENT_3D ( 'NONE', #5416, #4943, #1866 ) ;
#74 = DIRECTION ( 'NONE',  ( 0.000000000000000000, -1.000000000000000000, 0.000000000000000000 ) ) ;
#75 = DIRECTION ( 'NONE',  ( 0.000000000000000000, 1.000000000000000000, -0.000000000000000000 ) ) ;
#76 = FACE_OUTER_BOUND ( 'NONE', #4123, .T. ) ;
#77 = CARTESIAN_POINT ( 'NONE',  ( -0.7999999999999999334, 0.2000000000000000111, 0.4249999999999998779 ) ) ;
#78 = ORIENTED_EDGE ( 'NONE', *, *, #87, .F. ) ;
#79 = ORIENTED_EDGE ( 'NONE', *, *, #1867, .T. ) ;
#80 = DIRECTION ( 'NONE',  ( 0.000000000000000000, 0.000000000000000000, 1.000000000000000000 ) ) ;
#81 = ORIENTED_EDGE ( 'NONE', *, *, #5306, .T. ) ;
#82 = CARTESIAN_POINT ( 'NONE',  ( -1.749999999999994449, 0.2000000000000000111, 0.7249999999999999778 ) ) ;
#83 = DIRECTION ( 'NONE',  ( 9.035018104045870694E-17, -0.000000000000000000, -1.000000000000000000 ) ) ;
#84 = SURFACE_STYLE_USAGE ( .BOTH. , #4461 ) ;
#85 = VECTOR ( 'NONE', #3354, 1000.000000000000000 ) ;
#86 = EDGE_CURVE ( 'NONE', #457, #1108, #4024, .T. ) ;
#87 = EDGE_CURVE ( 'NONE', #4371, #723, #3847, .T. ) ;
#88 = DIRECTION ( 'NONE',  ( -0.000000000000000000, -1.000000000000000000, -0.000000000000000000 ) ) ;
#89 = CARTESIAN_POINT ( 'NONE',  ( 1.750000000000000222, 6.949747468305833564, 1.750000000000000222 ) ) ;
#90 = EDGE_CURVE ( 'NONE', #2139, #995, #2927, .T. ) ;
#91 = CARTESIAN_POINT ( 'NONE',  ( -0.1499999999999999944, 0.2000000000000000111, -0.6499999999999991340 ) ) ;
#92 = VERTEX_POINT ( 'NONE', #4275 ) ;
#93 = LINE ( 'NONE', #2736, #5236 ) ;
#94 = ORIENTED_EDGE ( 'NONE', *, *, #1184, .T. ) ;
#95 = EDGE_CURVE ( 'NONE', #4860, #3189, #1245, .T. ) ;
#96 = EDGE_CURVE ( 'NONE', #2048, #2658, #4283, .T. ) ;
#97 = DIRECTION ( 'NONE',  ( -1.000000000000000000, 0.000000000000000000, 0.000000000000000000 ) ) ;
#98 = DIRECTION ( 'NONE',  ( 0.000000000000000000, -1.000000000000000000, 0.000000000000000000 ) ) ;
#99 = CARTESIAN_POINT ( 'NONE',  ( 1.750000000000000222, 0.2000000000000000111, -0.8000000000000000444 ) ) ;
#100 = CARTESIAN_POINT ( 'NONE',  ( 1.475000000000000089, 0.2000000000000000111, -1.050000000000000044 ) ) ;
#101 = FACE_OUTER_BOUND ( 'NONE', #3316, .T. ) ;
#102 = DIRECTION ( 'NONE',  ( 1.000000000000000000, 0.000000000000000000, -1.141265444721583511E-16 ) ) ;
#103 = CARTESIAN_POINT ( 'NONE',  ( 0.000000000000000000, 0.2000000000000000111, 0.000000000000000000 ) ) ;
#104 =( NAMED_UNIT ( * ) SI_UNIT ( $, .STERADIAN. ) SOLID_ANGLE_UNIT ( ) );
#105 = EDGE_CURVE ( 'NONE', #732, #1355, #3838, .T. ) ;
#106 = ORIENTED_EDGE ( 'NONE', *, *, #4320, .F. ) ;
#107 = ORIENTED_EDGE ( 'NONE', *, *, #1946, .F. ) ;
#108 = FACE_OUTER_BOUND ( 'NONE', #4011, .T. ) ;
#109 = LINE ( 'NONE', #4938, #2263 ) ;
#110 = VERTEX_POINT ( 'NONE', #1717 ) ;
#111 = CARTESIAN_POINT ( 'NONE',  ( -1.749999999999999778, 0.2000000000000000111, -0.1499999999999999944 ) ) ;
#112 = CARTESIAN_POINT ( 'NONE',  ( -0.7999999999999998224, 0.04999999999999999584, -0.5500000000000001554 ) ) ;
#113 = DIRECTION ( 'NONE',  ( 8.673617379884035472E-16, -0.000000000000000000, 1.000000000000000000 ) ) ;
#114 = VECTOR ( 'NONE', #346, 1000.000000000000000 ) ;
#115 = CARTESIAN_POINT ( 'NONE',  ( -0.4500000000000000111, 0.2000000000000000111, -0.6499999999999990230 ) ) ;
#116 = LINE ( 'NONE', #4585, #2950 ) ;
#117 = ORIENTED_EDGE ( 'NONE', *, *, #733, .T. ) ;
#118 = CARTESIAN_POINT ( 'NONE',  ( -0.1499999999999998002, 0.2000000000000000111, 1.750000000000000666 ) ) ;
#119 = VERTEX_POINT ( 'NONE', #3452 ) ;
#120 = EDGE_CURVE ( 'NONE', #4005, #1211, #1662, .T. ) ;
#121 = EDGE_CURVE ( 'NONE', #3558, #1895, #2560, .T. ) ;
#122 = LINE ( 'NONE', #5431, #2385 ) ;
#123 = PLANE ( 'NONE',  #2758 ) ;
#124 = LINE ( 'NONE', #3726, #336 ) ;
#125 = EDGE_CURVE ( 'NONE', #5639, #600, #1252, .T. ) ;
#126 = CLOSED_SHELL ( 'NONE', ( #5404, #926, #697, #3938, #2937, #3337 ) ) ;
#127 = CARTESIAN_POINT ( 'NONE',  ( -0.1249999999999996808, 0.2000000000000000111, -1.474999999999999867 ) ) ;
#128 = CARTESIAN_POINT ( 'NONE',  ( -1.350000000000000311, 0.2000000000000000111, -1.050000000000000044 ) ) ;
#129 = VERTEX_POINT ( 'NONE', #1346 ) ;
#130 = EDGE_CURVE ( 'NONE', #1211, #4992, #3162, .T. ) ;
#131 = EDGE_LOOP ( 'NONE', ( #1696, #2970, #2172, #3539 ) ) ;
#132 = FACE_OUTER_BOUND ( 'NONE', #5154, .T. ) ;
#133 = VECTOR ( 'NONE', #5498, 1000.000000000000000 ) ;
#134 = ORIENTED_EDGE ( 'NONE', *, *, #96, .F. ) ;
#135 = CARTESIAN_POINT ( 'NONE',  ( -1.749999999999988454, 0.2000000000000000111, 1.525000000000000133 ) ) ;
#136 = LINE ( 'NONE', #19, #3600 ) ;
#137 = CARTESIAN_POINT ( 'NONE',  ( 0.1499999999999999944, 0.2000000000000000111, -0.6499999999999990230 ) ) ;
#138 = VECTOR ( 'NONE', #1749, 1000.000000000000000 ) ;
#139 = AXIS2_PLACEMENT_3D ( 'NONE', #2811, #4542, #1022 ) ;
#140 = SURFACE_STYLE_USAGE ( .BOTH. , #4130 ) ;
#141 = VECTOR ( 'NONE', #3415, 1000.000000000000000 ) ;
#142 = ORIENTED_EDGE ( 'NONE', *, *, #1425, .F. ) ;
#143 = DIRECTION ( 'NONE',  ( -1.000000000000000000, 0.000000000000000000, 1.577021341797098398E-15 ) ) ;
#144 = VECTOR ( 'NONE', #1183, 1000.000000000000000 ) ;
#145 = DIRECTION ( 'NONE',  ( 1.577021341797098398E-15, 0.000000000000000000, 1.000000000000000000 ) ) ;
#146 = VECTOR ( 'NONE', #3986, 1000.000000000000000 ) ;
#147 = COLOUR_RGB ( '',0.7921568627450980005, 0.8196078431372548767, 0.9333333333333333481 ) ;
#148 = EDGE_CURVE ( 'NONE', #761, #2139, #4025, .T. ) ;
#149 = CARTESIAN_POINT ( 'NONE',  ( -1.394229623805780305, 1.000000000000000000, -1.527285829309602994 ) ) ;
#150 = LINE ( 'NONE', #3700, #5070 ) ;
#151 = AXIS2_PLACEMENT_3D ( 'NONE', #5449, #46, #607 ) ;
#152 = CARTESIAN_POINT ( 'NONE',  ( -0.3750000000000001110, 0.2000000000000000111, -1.749999999999999556 ) ) ;
#153 = EDGE_CURVE ( 'NONE', #2107, #3015, #495, .T. ) ;
#154 = EDGE_CURVE ( 'NONE', #1275, #4558, #4944, .T. ) ;
#155 = AXIS2_PLACEMENT_3D ( 'NONE', #5599, #2940, #1631 ) ;
#156 = PLANE ( 'NONE',  #5305 ) ;
#157 = CARTESIAN_POINT ( 'NONE',  ( -0.7999999999999999334, 0.2000000000000000111, 0.1749999999999998501 ) ) ;
#158 = EDGE_CURVE ( 'NONE', #4245, #10, #2278, .T. ) ;
#159 = VECTOR ( 'NONE', #760, 1000.000000000000000 ) ;
#160 = CARTESIAN_POINT ( 'NONE',  ( 1.749999999999988454, 0.2000000000000000111, 1.525000000000000133 ) ) ;
#161 = ORIENTED_EDGE ( 'NONE', *, *, #4096, .T. ) ;
#162 =( LENGTH_UNIT ( ) NAMED_UNIT ( * ) SI_UNIT ( .MILLI., .METRE. ) );
#163 = ADVANCED_FACE ( 'NONE', ( #2762 ), #525, .F. ) ;
#164 = ORIENTED_EDGE ( 'NONE', *, *, #5513, .T. ) ;
#165 = MANIFOLD_SOLID_BREP ( 'Boss-Extrude4[10]', #3366 ) ;
#166 = VECTOR ( 'NONE', #3317, 1000.000000000000000 ) ;
#167 = VECTOR ( 'NONE', #4621, 1000.000000000000000 ) ;
#168 = ORIENTED_EDGE ( 'NONE', *, *, #4009, .F. ) ;
#169 = DIRECTION ( 'NONE',  ( -7.885106708985496922E-16, 0.000000000000000000, 1.000000000000000000 ) ) ;
#170 = VERTEX_POINT ( 'NONE', #4082 ) ;
#171 = DIRECTION ( 'NONE',  ( 0.000000000000000000, -1.000000000000000000, 0.000000000000000000 ) ) ;
#172 = CARTESIAN_POINT ( 'NONE',  ( 1.750000000000000222, 1.000000000000000000, -1.749999999999999778 ) ) ;
#173 = FACE_OUTER_BOUND ( 'NONE', #963, .T. ) ;
#174 = CARTESIAN_POINT ( 'NONE',  ( -0.7999999999999999334, 0.000000000000000000, 0.1749999999999998501 ) ) ;
#175 = EDGE_LOOP ( 'NONE', ( #5537, #2094, #2756, #3003 ) ) ;
#176 = PLANE ( 'NONE',  #39 ) ;
#177 = EDGE_LOOP ( 'NONE', ( #4797, #1216, #2523, #3091 ) ) ;
#178 = LINE ( 'NONE', #3253, #4888 ) ;
#179 = DIRECTION ( 'NONE',  ( 1.577021341797098398E-15, -0.000000000000000000, 1.000000000000000000 ) ) ;
#180 = CARTESIAN_POINT ( 'NONE',  ( 1.375000000000000000, 0.2000000000000000111, -1.749999999999999778 ) ) ;
#181 = ORIENTED_EDGE ( 'NONE', *, *, #2135, .F. ) ;
#182 = EDGE_CURVE ( 'NONE', #2491, #4048, #3104, .T. ) ;
#183 = FACE_OUTER_BOUND ( 'NONE', #1341, .T. ) ;
#184 = CARTESIAN_POINT ( 'NONE',  ( 1.250000000000000000, 0.2000000000000000111, -1.474999999999999867 ) ) ;
#185 = CARTESIAN_POINT ( 'NONE',  ( -1.375000000000000222, 0.2000000000000000111, -1.749999999999999556 ) ) ;
#186 = FILL_AREA_STYLE_COLOUR ( '', #2839 ) ;
#187 = VERTEX_POINT ( 'NONE', #1566 ) ;
#188 = ADVANCED_FACE ( 'NONE', ( #173 ), #2358, .F. ) ;
#189 = EDGE_CURVE ( 'NONE', #2090, #5261, #608, .T. ) ;
#190 = ORIENTED_EDGE ( 'NONE', *, *, #334, .F. ) ;
#191 = CARTESIAN_POINT ( 'NONE',  ( 1.750000000000000222, 0.2000000000000000111, -0.8000000000000000444 ) ) ;
#192 = CARTESIAN_POINT ( 'NONE',  ( -0.6250000000000001110, 0.2000000000000000111, -1.749999999999999778 ) ) ;
#193 = EDGE_LOOP ( 'NONE', ( #1144, #3683, #971, #1154 ) ) ;
#194 = PLANE ( 'NONE',  #4886 ) ;
#195 = DIRECTION ( 'NONE',  ( -0.000000000000000000, -1.000000000000000000, -0.000000000000000000 ) ) ;
#196 = LINE ( 'NONE', #4183, #4311 ) ;
#197 = ADVANCED_FACE ( 'NONE', ( #5041 ), #4583, .T. ) ;
#198 = EDGE_LOOP ( 'NONE', ( #3263, #2890, #4334, #2388 ) ) ;
#199 = DIRECTION ( 'NONE',  ( -1.000000000000000000, 0.000000000000000000, 8.559490835411878797E-17 ) ) ;
#200 = ORIENTED_EDGE ( 'NONE', *, *, #779, .F. ) ;
#201 = VECTOR ( 'NONE', #3648, 1000.000000000000000 ) ;
#202 = EDGE_CURVE ( 'NONE', #3030, #5277, #196, .T. ) ;
#203 = LINE ( 'NONE', #3332, #705 ) ;
#204 = FACE_OUTER_BOUND ( 'NONE', #5321, .T. ) ;
#205 = VERTEX_POINT ( 'NONE', #5450 ) ;
#207 = AXIS2_PLACEMENT_3D ( 'NONE', #3871, #5626, #2131 ) ;
#206 = PLANE ( 'NONE',  #1826 ) ;
#208 = ORIENTED_EDGE ( 'NONE', *, *, #506, .F. ) ;
#209 = DIRECTION ( 'NONE',  ( 0.000000000000000000, -1.000000000000000000, 0.000000000000000000 ) ) ;
#210 = LINE ( 'NONE', #3318, #899 ) ;
#211 = FACE_OUTER_BOUND ( 'NONE', #827, .T. ) ;
#212 = ORIENTED_EDGE ( 'NONE', *, *, #95, .F. ) ;
#213 = CARTESIAN_POINT ( 'NONE',  ( 1.749999999999994449, 0.2000000000000000111, 0.7249999999999999778 ) ) ;
#214 = ORIENTED_EDGE ( 'NONE', *, *, #158, .T. ) ;
#215 = STYLED_ITEM ( 'NONE', ( #2902 ), #34 ) ;
#216 = ORIENTED_EDGE ( 'NONE', *, *, #4178, .T. ) ;
#217 = CARTESIAN_POINT ( 'NONE',  ( 1.125000000000000000, 0.2000000000000000111, -1.749999999999999556 ) ) ;
#218 = FACE_OUTER_BOUND ( 'NONE', #1877, .T. ) ;
#219 = VECTOR ( 'NONE', #5686, 1000.000000000000000 ) ;
#220 = ORIENTED_EDGE ( 'NONE', *, *, #2352, .T. ) ;
#221 = DIRECTION ( 'NONE',  ( 1.000000000000000000, 0.000000000000000000, -8.673617379884035472E-16 ) ) ;
#222 = EDGE_CURVE ( 'NONE', #5336, #4338, #1463, .T. ) ;
#223 = DIRECTION ( 'NONE',  ( -1.000000000000000000, 0.000000000000000000, 2.282530889443167022E-16 ) ) ;
#224 = EDGE_CURVE ( 'NONE', #129, #3665, #1508, .T. ) ;
#225 = ORIENTED_EDGE ( 'NONE', *, *, #843, .F. ) ;
#226 = CARTESIAN_POINT ( 'NONE',  ( 0.1499999999999999944, 0.2000000000000000111, -0.6499999999999990230 ) ) ;
#227 = EDGE_CURVE ( 'NONE', #4127, #4468, #3740, .T. ) ;
#228 = ORIENTED_EDGE ( 'NONE', *, *, #3315, .T. ) ;
#229 = CARTESIAN_POINT ( 'NONE',  ( 3.480859606400828624E-16, 0.05000000000000000278, 1.524999999999999689 ) ) ;
#230 = ORIENTED_EDGE ( 'NONE', *, *, #90, .T. ) ;
#231 = AXIS2_PLACEMENT_3D ( 'NONE', #5169, #3876, #5080 ) ;
#232 = UNCERTAINTY_MEASURE_WITH_UNIT (LENGTH_MEASURE( 1.000000000000000082E-05 ), #3573, 'distance_accuracy_value', 'NONE');
#233 = AXIS2_PLACEMENT_3D ( 'NONE', #4392, #936, #2303 ) ;
#234 = DIRECTION ( 'NONE',  ( 1.000000000000000000, 0.000000000000000000, 0.000000000000000000 ) ) ;
#235 = AXIS2_PLACEMENT_3D ( 'NONE', #4785, #4758, #5644 ) ;
#236 = FACE_OUTER_BOUND ( 'NONE', #2426, .T. ) ;
#237 = EDGE_CURVE ( 'NONE', #2768, #1436, #3269, .T. ) ;
#238 = DIRECTION ( 'NONE',  ( 7.905640841040137320E-17, 0.000000000000000000, -1.000000000000000000 ) ) ;
#239 = ORIENTED_EDGE ( 'NONE', *, *, #3069, .F. ) ;
#240 = LINE ( 'NONE', #4257, #5430 ) ;
#241 = VERTEX_POINT ( 'NONE', #1046 ) ;
#242 = VECTOR ( 'NONE', #4528, 1000.000000000000000 ) ;
#243 = CYLINDRICAL_SURFACE ( 'NONE', #4356, 0.1514013321328433748 ) ;
#244 = VECTOR ( 'NONE', #4412, 1000.000000000000000 ) ;
#245 = DIRECTION ( 'NONE',  ( 0.000000000000000000, 0.000000000000000000, -1.000000000000000000 ) ) ;
#246 = DIRECTION ( 'NONE',  ( 1.000000000000000000, -0.000000000000000000, 0.000000000000000000 ) ) ;
#247 = ORIENTED_EDGE ( 'NONE', *, *, #767, .F. ) ;
#248 = PRESENTATION_STYLE_ASSIGNMENT (( #302 ) ) ;
#249 = VECTOR ( 'NONE', #3841, 1000.000000000000000 ) ;
#250 = VERTEX_POINT ( 'NONE', #642 ) ;
#251 = DIRECTION ( 'NONE',  ( -0.000000000000000000, -0.000000000000000000, 1.000000000000000000 ) ) ;
#252 = DIRECTION ( 'NONE',  ( -0.000000000000000000, -1.000000000000000000, -0.000000000000000000 ) ) ;
#253 = EDGE_LOOP ( 'NONE', ( #1107, #2859, #4368, #1745 ) ) ;
#254 = DIRECTION ( 'NONE',  ( 0.000000000000000000, 0.000000000000000000, -1.000000000000000000 ) ) ;
#255 = VECTOR ( 'NONE', #2990, 1000.000000000000000 ) ;
#256 = CARTESIAN_POINT ( 'NONE',  ( -0.4500000000000000111, 0.2000000000000000111, -0.6499999999999990230 ) ) ;
#257 = VECTOR ( 'NONE', #1922, 1000.000000000000000 ) ;
#258 = ORIENTED_EDGE ( 'NONE', *, *, #2695, .T. ) ;
#259 = CARTESIAN_POINT ( 'NONE',  ( -0.4500000000000000111, 0.000000000000000000, -0.6499999999999990230 ) ) ;
#260 = ORIENTED_EDGE ( 'NONE', *, *, #3723, .F. ) ;
#261 = DIRECTION ( 'NONE',  ( 0.000000000000000000, 0.000000000000000000, -1.000000000000000000 ) ) ;
#262 = SURFACE_STYLE_FILL_AREA ( #2014 ) ;
#263 = EDGE_CURVE ( 'NONE', #1140, #3716, #3691, .T. ) ;
#264 = ADVANCED_FACE ( 'NONE', ( #2845 ), #2415, .F. ) ;
#265 = EDGE_CURVE ( 'NONE', #397, #1915, #2812, .T. ) ;
#266 = DIRECTION ( 'NONE',  ( -1.000000000000000000, 0.000000000000000000, 1.141265444721583511E-16 ) ) ;
#267 = DIRECTION ( 'NONE',  ( 1.000000000000000000, 0.000000000000000000, 0.000000000000000000 ) ) ;
#268 = ORIENTED_EDGE ( 'NONE', *, *, #2080, .T. ) ;
#269 = DIRECTION ( 'NONE',  ( 0.000000000000000000, -1.000000000000000000, 0.000000000000000000 ) ) ;
#270 = ORIENTED_EDGE ( 'NONE', *, *, #5615, .T. ) ;
#271 = EDGE_LOOP ( 'NONE', ( #4776, #417, #270, #5478 ) ) ;
#272 = EDGE_CURVE ( 'NONE', #1895, #4860, #4675, .T. ) ;
#273 = DIRECTION ( 'NONE',  ( 0.000000000000000000, 0.000000000000000000, 1.000000000000000000 ) ) ;
#274 = LINE ( 'NONE', #1558, #3866 ) ;
#275 = CARTESIAN_POINT ( 'NONE',  ( -0.1499999999999999944, 0.2000000000000000111, -0.6499999999999991340 ) ) ;
#276 = ORIENTED_EDGE ( 'NONE', *, *, #2084, .F. ) ;
#277 = CARTESIAN_POINT ( 'NONE',  ( -0.8750000000000015543, 0.05000000000000000278, -6.899468370362322996E-16 ) ) ;
#278 = VERTEX_POINT ( 'NONE', #2386 ) ;
#279 = FACE_OUTER_BOUND ( 'NONE', #2893, .T. ) ;
#280 = EDGE_CURVE ( 'NONE', #2424, #4212, #3714, .T. ) ;
#281 = DIRECTION ( 'NONE',  ( -0.000000000000000000, -1.000000000000000000, -0.000000000000000000 ) ) ;
#282 = ORIENTED_EDGE ( 'NONE', *, *, #2792, .F. ) ;
#283 = DIRECTION ( 'NONE',  ( 0.000000000000000000, -0.000000000000000000, 1.000000000000000000 ) ) ;
#284 = LINE ( 'NONE', #1821, #1839 ) ;
#285 = ORIENTED_EDGE ( 'NONE', *, *, #4535, .T. ) ;
#286 = CARTESIAN_POINT ( 'NONE',  ( -1.394229623805780305, 1.000000000000000000, -1.375884497176759647 ) ) ;
#287 = EDGE_LOOP ( 'NONE', ( #753, #5212, #2580, #1148 ) ) ;
#288 = DIRECTION ( 'NONE',  ( -0.000000000000000000, -0.000000000000000000, 1.000000000000000000 ) ) ;
#289 = ADVANCED_FACE ( 'NONE', ( #5472 ), #696, .F. ) ;
#290 = CARTESIAN_POINT ( 'NONE',  ( -1.749999999999999778, 0.05000000000000000278, 0.1749999999999998224 ) ) ;
#291 = UNCERTAINTY_MEASURE_WITH_UNIT (LENGTH_MEASURE( 1.000000000000000082E-05 ), #874, 'distance_accuracy_value', 'NONE');
#292 = DIRECTION ( 'NONE',  ( -1.577021341797098201E-15, 0.000000000000000000, -1.000000000000000000 ) ) ;
#293 = DIRECTION ( 'NONE',  ( 1.000000000000000000, 0.000000000000000000, 0.000000000000000000 ) ) ;
#294 = ORIENTED_EDGE ( 'NONE', *, *, #4002, .T. ) ;
#295 = DIRECTION ( 'NONE',  ( 0.000000000000000000, 0.000000000000000000, -1.000000000000000000 ) ) ;
#296 = ORIENTED_EDGE ( 'NONE', *, *, #952, .T. ) ;
#297 = ORIENTED_EDGE ( 'NONE', *, *, #3377, .T. ) ;
#298 = EDGE_CURVE ( 'NONE', #1634, #4171, #5000, .T. ) ;
#299 = CARTESIAN_POINT ( 'NONE',  ( -1.749999999999999778, 6.949747468305833564, -1.749999999999999334 ) ) ;
#300 = DIRECTION ( 'NONE',  ( 0.000000000000000000, 0.000000000000000000, 1.000000000000000000 ) ) ;
#301 = VERTEX_POINT ( 'NONE', #2788 ) ;
#302 = SURFACE_STYLE_USAGE ( .BOTH. , #2887 ) ;
#303 = ADVANCED_FACE ( 'NONE', ( #4561 ), #579, .T. ) ;
#304 = VERTEX_POINT ( 'NONE', #5649 ) ;
#305 = DIRECTION ( 'NONE',  ( 1.000000000000000000, 0.000000000000000000, 0.000000000000000000 ) ) ;
#306 = DIRECTION ( 'NONE',  ( 0.000000000000000000, 0.000000000000000000, -1.000000000000000000 ) ) ;
#307 = VERTEX_POINT ( 'NONE', #5329 ) ;
#308 = DIRECTION ( 'NONE',  ( -1.000000000000000000, 0.000000000000000000, 1.239088197126290817E-16 ) ) ;
#309 = EDGE_CURVE ( 'NONE', #4315, #5395, #790, .T. ) ;
#310 = ORIENTED_EDGE ( 'NONE', *, *, #4325, .F. ) ;
#311 = DIRECTION ( 'NONE',  ( 0.000000000000000000, 0.000000000000000000, 1.000000000000000000 ) ) ;
#312 = CARTESIAN_POINT ( 'NONE',  ( -0.3750000000000001110, 0.2000000000000000111, -1.749999999999999556 ) ) ;
#313 = VERTEX_POINT ( 'NONE', #4903 ) ;
#314 = PLANE ( 'NONE',  #4070 ) ;
#315 =( NAMED_UNIT ( * ) SI_UNIT ( $, .STERADIAN. ) SOLID_ANGLE_UNIT ( ) );
#316 = CARTESIAN_POINT ( 'NONE',  ( -0.1250000000000001110, 0.2000000000000000111, -1.749999999999999778 ) ) ;
#317 = CARTESIAN_POINT ( 'NONE',  ( 0.7999999999999941602, 0.2000000000000000111, 0.7249999999999999778 ) ) ;
#318 = CARTESIAN_POINT ( 'NONE',  ( 0.000000000000000000, 0.05000000000000000278, 0.000000000000000000 ) ) ;
#319 = CARTESIAN_POINT ( 'NONE',  ( -0.7999999999999883871, 0.2000000000000000111, 1.274999999999999911 ) ) ;
#320 = ORIENTED_EDGE ( 'NONE', *, *, #2084, .T. ) ;
#321 = VECTOR ( 'NONE', #972, 1000.000000000000000 ) ;
#322 = DIRECTION ( 'NONE',  ( -1.000000000000000000, 0.000000000000000000, 1.577021341797098398E-15 ) ) ;
#323 = ORIENTED_EDGE ( 'NONE', *, *, #334, .T. ) ;
#324 = ORIENTED_EDGE ( 'NONE', *, *, #1020, .F. ) ;
#325 = CIRCLE ( 'NONE', #5424, 0.1250000000000001110 ) ;
#326 = AXIS2_PLACEMENT_3D ( 'NONE', #633, #3236, #4176 ) ;
#327 = LINE ( 'NONE', #299, #5243 ) ;
#328 = CARTESIAN_POINT ( 'NONE',  ( 0.7999999999999883871, 0.2000000000000000111, 1.524999999999999911 ) ) ;
#329 = ORIENTED_EDGE ( 'NONE', *, *, #5193, .F. ) ;
#330 = VECTOR ( 'NONE', #5696, 1000.000000000000000 ) ;
#331 = VECTOR ( 'NONE', #4737, 1000.000000000000000 ) ;
#332 = ADVANCED_FACE ( 'NONE', ( #1590 ), #5129, .F. ) ;
#333 = VECTOR ( 'NONE', #3821, 1000.000000000000000 ) ;
#334 = EDGE_CURVE ( 'NONE', #4824, #2603, #1363, .T. ) ;
#335 = EDGE_LOOP ( 'NONE', ( #2035, #247, #2154, #3566, #4188, #1992, #2724, #4622, #5327, #1614, #1647, #1707, #1760, #2003, #2314, #4753, #4426, #834, #3160, #1773, #477, #4456, #3638, #5123, #4637, #534, #5250, #239, #310, #686, #1312, #4895, #5494, #5616, #572, #3734, #5237, #4241, #3501, #1681, #2709, #2148, #282, #4864, #1353, #2350, #868, #78, #4800, #5445, #4396, #4153, #329, #5571, #5499, #1496, #1100, #4984, #4105, #1196, #1392, #4910, #5709, #2021, #1651, #276, #4102, #1891, #2897, #5509, #4608, #2979, #475, #3220, #4533, #2642 ) ) ;
#336 = VECTOR ( 'NONE', #4595, 1000.000000000000000 ) ;
#337 = CARTESIAN_POINT ( 'NONE',  ( -0.7999999999999999334, 0.04999999999999999584, 0.1749999999999998501 ) ) ;
#338 = EDGE_CURVE ( 'NONE', #5677, #4558, #2126, .T. ) ;
#339 = FACE_OUTER_BOUND ( 'NONE', #1079, .T. ) ;
#340 = ORIENTED_EDGE ( 'NONE', *, *, #4045, .T. ) ;
#341 = STYLED_ITEM ( 'NONE', ( #3084 ), #5703 ) ;
#342 = CARTESIAN_POINT ( 'NONE',  ( 0.7999999999999998224, 0.2000000000000000111, -0.5500000000000001554 ) ) ;
#343 = AXIS2_PLACEMENT_3D ( 'NONE', #4617, #5501, #2441 ) ;
#344 = ADVANCED_FACE ( 'NONE', ( #3384 ), #4013, .T. ) ;
#345 = EDGE_LOOP ( 'NONE', ( #2567, #212, #1655, #1104 ) ) ;
#346 = DIRECTION ( 'NONE',  ( 0.000000000000000000, -1.000000000000000000, 0.000000000000000000 ) ) ;
#347 = CARTESIAN_POINT ( 'NONE',  ( 1.250000000000000000, 0.000000000000000000, -1.474999999999999867 ) ) ;
#348 = VECTOR ( 'NONE', #707, 1000.000000000000000 ) ;
#349 = ORIENTED_EDGE ( 'NONE', *, *, #3752, .F. ) ;
#350 = LINE ( 'NONE', #3516, #5334 ) ;
#351 = LINE ( 'NONE', #5315, #2222 ) ;
#352 = MECHANICAL_DESIGN_GEOMETRIC_PRESENTATION_REPRESENTATION (  '', ( #4537 ), #4447 ) ;
#353 = AXIS2_PLACEMENT_3D ( 'NONE', #1596, #4189, #3837 ) ;
#354 = DIRECTION ( 'NONE',  ( 7.885106708985497909E-16, 0.000000000000000000, -1.000000000000000000 ) ) ;
#355 = DIRECTION ( 'NONE',  ( -1.000000000000000000, 0.000000000000000000, 0.000000000000000000 ) ) ;
#356 = LINE ( 'NONE', #2992, #1832 ) ;
#357 = EDGE_LOOP ( 'NONE', ( #4566, #1636, #1401, #5143 ) ) ;
#358 = CARTESIAN_POINT ( 'NONE',  ( -0.7999999999999998224, 0.2000000000000000111, -0.5500000000000001554 ) ) ;
#359 = ORIENTED_EDGE ( 'NONE', *, *, #1548, .F. ) ;
#360 = VERTEX_POINT ( 'NONE', #4335 ) ;
#361 = ORIENTED_EDGE ( 'NONE', *, *, #2967, .F. ) ;
#362 = CARTESIAN_POINT ( 'NONE',  ( 0.6249999999999984457, 0.05000000000000000278, 4.928191693115923867E-16 ) ) ;
#363 = CARTESIAN_POINT ( 'NONE',  ( -0.7999999999999999334, 0.2000000000000000111, 0.1749999999999998501 ) ) ;
#364 = VERTEX_POINT ( 'NONE', #4739 ) ;
#365 =( LENGTH_UNIT ( ) NAMED_UNIT ( * ) SI_UNIT ( .MILLI., .METRE. ) );
#366 = EDGE_CURVE ( 'NONE', #2915, #5021, #5161, .T. ) ;
#367 = VERTEX_POINT ( 'NONE', #2500 ) ;
#368 = CARTESIAN_POINT ( 'NONE',  ( 1.475000000000000089, 0.2000000000000000111, -0.9250000000000000444 ) ) ;
#369 = FACE_OUTER_BOUND ( 'NONE', #2105, .T. ) ;
#370 = ORIENTED_EDGE ( 'NONE', *, *, #2433, .F. ) ;
#371 = EDGE_CURVE ( 'NONE', #4236, #3227, #2959, .T. ) ;
#372 = EDGE_CURVE ( 'NONE', #517, #5091, #3864, .T. ) ;
#373 = EDGE_LOOP ( 'NONE', ( #778, #2998, #4556, #117 ) ) ;
#374 = DIRECTION ( 'NONE',  ( 1.000000000000000000, 0.000000000000000000, 1.141265444721583511E-16 ) ) ;
#375 = CARTESIAN_POINT ( 'NONE',  ( -1.750000000000000000, 0.2000000000000000111, 0.4249999999999999889 ) ) ;
#376 = ORIENTED_EDGE ( 'NONE', *, *, #1780, .F. ) ;
#377 = DIRECTION ( 'NONE',  ( 1.000000000000000000, 0.000000000000000000, -1.141265444721583511E-16 ) ) ;
#378 = ADVANCED_FACE ( 'NONE', ( #5559 ), #1794, .T. ) ;
#379 =( NAMED_UNIT ( * ) PLANE_ANGLE_UNIT ( ) SI_UNIT ( $, .RADIAN. ) );
#380 = DIRECTION ( 'NONE',  ( -1.000000000000000000, 0.000000000000000000, 8.673617379884035472E-16 ) ) ;
#381 = DIRECTION ( 'NONE',  ( 0.000000000000000000, 0.000000000000000000, 1.000000000000000000 ) ) ;
#382 = CARTESIAN_POINT ( 'NONE',  ( -1.125000000000000222, 0.2000000000000000111, -1.749999999999999778 ) ) ;
#383 = CARTESIAN_POINT ( 'NONE',  ( 0.7999999999999941602, 0.000000000000000000, 0.9749999999999999778 ) ) ;
#384 = CARTESIAN_POINT ( 'NONE',  ( -0.3750000000000003331, 0.000000000000000000, -1.474999999999999867 ) ) ;
#385 = LINE ( 'NONE', #319, #5723 ) ;
#386 = ORIENTED_EDGE ( 'NONE', *, *, #1486, .F. ) ;
#387 = DIRECTION ( 'NONE',  ( -0.000000000000000000, -1.000000000000000000, -0.000000000000000000 ) ) ;
#388 = VERTEX_POINT ( 'NONE', #5 ) ;
#389 = EDGE_CURVE ( 'NONE', #3025, #3145, #5298, .T. ) ;
#390 = LINE ( 'NONE', #5735, #2471 ) ;
#391 = LINE ( 'NONE', #3894, #5521 ) ;
#392 = ORIENTED_EDGE ( 'NONE', *, *, #1977, .F. ) ;
#393 = PLANE ( 'NONE',  #5155 ) ;
#394 = ORIENTED_EDGE ( 'NONE', *, *, #265, .T. ) ;
#395 = LINE ( 'NONE', #7, #2378 ) ;
#396 = DIRECTION ( 'NONE',  ( -1.000000000000000000, 0.000000000000000000, 0.000000000000000000 ) ) ;
#397 = VERTEX_POINT ( 'NONE', #2549 ) ;
#398 = ORIENTED_EDGE ( 'NONE', *, *, #4475, .T. ) ;
#399 = CARTESIAN_POINT ( 'NONE',  ( 1.749999999999988454, 0.2000000000000000111, 1.525000000000000133 ) ) ;
#400 = LINE ( 'NONE', #1657, #3647 ) ;
#401 = LINE ( 'NONE', #4340, #4194 ) ;
#402 = VECTOR ( 'NONE', #1380, 1000.000000000000000 ) ;
#403 = EDGE_CURVE ( 'NONE', #5698, #3459, #1220, .T. ) ;
#404 = ORIENTED_EDGE ( 'NONE', *, *, #3386, .T. ) ;
#405 = DIRECTION ( 'NONE',  ( 0.000000000000000000, -0.000000000000000000, 1.000000000000000000 ) ) ;
#406 = DIRECTION ( 'NONE',  ( -7.885106708985496922E-16, 0.000000000000000000, 1.000000000000000000 ) ) ;
#407 = CARTESIAN_POINT ( 'NONE',  ( 0.7999999999999941602, 0.2000000000000000111, 0.7249999999999999778 ) ) ;
#408 = EDGE_CURVE ( 'NONE', #1509, #2931, #3418, .T. ) ;
#409 = MECHANICAL_DESIGN_GEOMETRIC_PRESENTATION_REPRESENTATION (  '', ( #215 ), #29 ) ;
#410 = ADVANCED_FACE ( 'NONE', ( #1194 ), #4244, .F. ) ;
#411 = CARTESIAN_POINT ( 'NONE',  ( 1.124999999999999778, 0.2000000000000000111, -1.474999999999999867 ) ) ;
#412 = DIRECTION ( 'NONE',  ( 0.000000000000000000, -1.000000000000000000, 0.000000000000000000 ) ) ;
#413 = DIRECTION ( 'NONE',  ( -0.000000000000000000, -1.000000000000000000, -0.000000000000000000 ) ) ;
#414 =( NAMED_UNIT ( * ) PLANE_ANGLE_UNIT ( ) SI_UNIT ( $, .RADIAN. ) );
#415 = ORIENTED_EDGE ( 'NONE', *, *, #1616, .F. ) ;
#416 = PLANE ( 'NONE',  #5050 ) ;
#417 = ORIENTED_EDGE ( 'NONE', *, *, #4116, .F. ) ;
#418 = DIRECTION ( 'NONE',  ( -7.905640841040137320E-17, -0.000000000000000000, -1.000000000000000000 ) ) ;
#419 = FACE_OUTER_BOUND ( 'NONE', #4324, .T. ) ;
#420 = ORIENTED_EDGE ( 'NONE', *, *, #263, .T. ) ;
#421 = FACE_OUTER_BOUND ( 'NONE', #3706, .T. ) ;
#422 = VECTOR ( 'NONE', #2869, 1000.000000000000000 ) ;
#423 = VECTOR ( 'NONE', #5684, 1000.000000000000000 ) ;
#424 = ORIENTED_EDGE ( 'NONE', *, *, #2609, .T. ) ;
#425 = CARTESIAN_POINT ( 'NONE',  ( 0.7999999999999883871, 0.2000000000000000111, 1.524999999999999911 ) ) ;
#426 = VECTOR ( 'NONE', #2719, 1000.000000000000000 ) ;
#427 = DIRECTION ( 'NONE',  ( -1.000000000000000000, 0.000000000000000000, 8.673617379884035472E-16 ) ) ;
#428 = CARTESIAN_POINT ( 'NONE',  ( -0.7999999999999999334, 0.2000000000000000111, 0.1749999999999998501 ) ) ;
#429 = VECTOR ( 'NONE', #2351, 1000.000000000000000 ) ;
#430 = VERTEX_POINT ( 'NONE', #4303 ) ;
#431 = VECTOR ( 'NONE', #3593, 1000.000000000000000 ) ;
#432 = VECTOR ( 'NONE', #2055, 1000.000000000000000 ) ;
#433 = ORIENTED_EDGE ( 'NONE', *, *, #2402, .F. ) ;
#434 = DIRECTION ( 'NONE',  ( 0.000000000000000000, 0.000000000000000000, 1.000000000000000000 ) ) ;
#435 = CARTESIAN_POINT ( 'NONE',  ( 1.125000000000000000, 0.000000000000000000, -1.749999999999999556 ) ) ;
#436 = CARTESIAN_POINT ( 'NONE',  ( 1.750000000000000222, 0.2000000000000000111, -1.050000000000000044 ) ) ;
#437 = VECTOR ( 'NONE', #2145, 1000.000000000000000 ) ;
#438 = VERTEX_POINT ( 'NONE', #4446 ) ;
#439 = CARTESIAN_POINT ( 'NONE',  ( 0.7999999999999941602, 0.2000000000000000111, 0.7249999999999999778 ) ) ;
#440 = CARTESIAN_POINT ( 'NONE',  ( 0.7999999999999941602, 0.05000000000000000278, 0.000000000000000000 ) ) ;
#441 = DIRECTION ( 'NONE',  ( 0.000000000000000000, 1.000000000000000000, -0.000000000000000000 ) ) ;
#442 = DIRECTION ( 'NONE',  ( -7.885106708985496922E-16, 0.000000000000000000, 1.000000000000000000 ) ) ;
#443 = VECTOR ( 'NONE', #1851, 1000.000000000000000 ) ;
#444 = PRESENTATION_STYLE_ASSIGNMENT (( #2309 ) ) ;
#445 = CARTESIAN_POINT ( 'NONE',  ( 0.3750000000000003331, 0.04999999999999999584, -1.474999999999999867 ) ) ;
#446 = CARTESIAN_POINT ( 'NONE',  ( 1.749999999999988454, 0.04999999999999999584, 1.275000000000000133 ) ) ;
#447 = DIRECTION ( 'NONE',  ( -0.000000000000000000, 1.000000000000000000, 0.000000000000000000 ) ) ;
#448 = VERTEX_POINT ( 'NONE', #256 ) ;
#449 = CARTESIAN_POINT ( 'NONE',  ( 0.8750000000000003331, 0.2000000000000000111, -1.474999999999999867 ) ) ;
#450 = VECTOR ( 'NONE', #1982, 1000.000000000000000 ) ;
#451 = ORIENTED_EDGE ( 'NONE', *, *, #3148, .F. ) ;
#452 = EDGE_CURVE ( 'NONE', #555, #2201, #460, .T. ) ;
#453 = VECTOR ( 'NONE', #1754, 1000.000000000000000 ) ;
#454 = EDGE_CURVE ( 'NONE', #2917, #1996, #284, .T. ) ;
#455 = CARTESIAN_POINT ( 'NONE',  ( -1.394229623805780305, 0.9000000000000000222, -1.375884497176759647 ) ) ;
#456 = CARTESIAN_POINT ( 'NONE',  ( -0.7999999999999999334, 0.2000000000000000111, 0.1749999999999998501 ) ) ;
#457 = VERTEX_POINT ( 'NONE', #4095 ) ;
#458 = SURFACE_SIDE_STYLE ('',( #3559 ) ) ;
#459 = ADVANCED_FACE ( 'NONE', ( #1879 ), #2776, .F. ) ;
#460 = LINE ( 'NONE', #3352, #925 ) ;
#461 = CARTESIAN_POINT ( 'NONE',  ( 1.375000000000000444, 0.000000000000000000, -1.474999999999999867 ) ) ;
#462 = DIRECTION ( 'NONE',  ( 1.000000000000000000, -0.000000000000000000, 1.141265444721583511E-16 ) ) ;
#463 = ORIENTED_EDGE ( 'NONE', *, *, #4853, .T. ) ;
#464 = EDGE_CURVE ( 'NONE', #4315, #4559, #4574, .T. ) ;
#465 = ORIENTED_EDGE ( 'NONE', *, *, #882, .F. ) ;
#466 = CARTESIAN_POINT ( 'NONE',  ( 0.7999999999999883871, 0.000000000000000000, 1.274999999999999911 ) ) ;
#467 = VERTEX_POINT ( 'NONE', #1498 ) ;
#468 = CARTESIAN_POINT ( 'NONE',  ( -0.7999999999999999334, 0.2000000000000000111, 0.1749999999999998501 ) ) ;
#469 = VERTEX_POINT ( 'NONE', #5360 ) ;
#470 = LINE ( 'NONE', #2252, #3310 ) ;
#471 = CARTESIAN_POINT ( 'NONE',  ( -0.7999999999999883871, 0.2000000000000000111, 1.274999999999999911 ) ) ;
#472 = DIRECTION ( 'NONE',  ( 0.000000000000000000, 0.000000000000000000, 1.000000000000000000 ) ) ;
#473 = CARTESIAN_POINT ( 'NONE',  ( -1.749999999999999778, 0.2000000000000000111, -0.5500000000000000444 ) ) ;
#474 = CARTESIAN_POINT ( 'NONE',  ( -1.475000000000000089, 0.2000000000000000111, -1.050000000000000044 ) ) ;
#475 = ORIENTED_EDGE ( 'NONE', *, *, #4535, .F. ) ;
#476 = DIRECTION ( 'NONE',  ( -0.000000000000000000, -1.000000000000000000, -0.000000000000000000 ) ) ;
#477 = ORIENTED_EDGE ( 'NONE', *, *, #1235, .F. ) ;
#478 = PLANE ( 'NONE',  #5060 ) ;
#479 = CARTESIAN_POINT ( 'NONE',  ( -0.6249999999999996669, 0.2000000000000000111, -1.474999999999999867 ) ) ;
#480 = EDGE_LOOP ( 'NONE', ( #4384, #3832, #681, #1762 ) ) ;
#481 = CARTESIAN_POINT ( 'NONE',  ( 0.6249999999999998890, 0.2000000000000000111, -1.749999999999999556 ) ) ;
#482 = ADVANCED_FACE ( 'NONE', ( #1398 ), #1009, .T. ) ;
#483 = DIRECTION ( 'NONE',  ( 0.000000000000000000, -1.000000000000000000, 0.000000000000000000 ) ) ;
#484 = CARTESIAN_POINT ( 'NONE',  ( 1.750000000000000222, 0.05000000000000000278, -1.749999999999999778 ) ) ;
#485 = ADVANCED_FACE ( 'NONE', ( #4553 ), #3152, .T. ) ;
#486 = DIRECTION ( 'NONE',  ( 0.000000000000000000, -1.000000000000000000, 0.000000000000000000 ) ) ;
#487 = ORIENTED_EDGE ( 'NONE', *, *, #4009, .T. ) ;
#488 = VECTOR ( 'NONE', #374, 1000.000000000000000 ) ;
#489 = VERTEX_POINT ( 'NONE', #100 ) ;
#490 = CARTESIAN_POINT ( 'NONE',  ( 0.1249999999999996808, 0.000000000000000000, -1.474999999999999867 ) ) ;
#491 = ORIENTED_EDGE ( 'NONE', *, *, #4367, .T. ) ;
#492 = CARTESIAN_POINT ( 'NONE',  ( 1.375000000000000444, 0.2000000000000000111, -1.474999999999999867 ) ) ;
#493 = DIRECTION ( 'NONE',  ( 1.000000000000000000, -0.000000000000000000, -0.000000000000000000 ) ) ;
#494 = CARTESIAN_POINT ( 'NONE',  ( -0.1499999999999998002, 0.04999999999999999584, 1.750000000000000666 ) ) ;
#495 = CIRCLE ( 'NONE', #684, 0.1514013321328433748 ) ;
#496 = DIRECTION ( 'NONE',  ( -1.000000000000000000, 0.000000000000000000, 8.559490835411878797E-17 ) ) ;
#497 = CARTESIAN_POINT ( 'NONE',  ( 0.7999999999999998224, 0.2000000000000000111, -0.5500000000000001554 ) ) ;
#498 = DIRECTION ( 'NONE',  ( 3.614007241618347785E-16, -0.000000000000000000, 1.000000000000000000 ) ) ;
#499 = ORIENTED_EDGE ( 'NONE', *, *, #3617, .T. ) ;
#500 = CARTESIAN_POINT ( 'NONE',  ( 1.749999999999999778, 0.2000000000000000111, -0.1499999999999999944 ) ) ;
#501 = VERTEX_POINT ( 'NONE', #1854 ) ;
#502 = DIRECTION ( 'NONE',  ( 0.000000000000000000, 0.000000000000000000, 1.000000000000000000 ) ) ;
#503 = LINE ( 'NONE', #1791, #2019 ) ;
#504 = VERTEX_POINT ( 'NONE', #566 ) ;
#505 = SURFACE_STYLE_USAGE ( .BOTH. , #458 ) ;
#506 = EDGE_CURVE ( 'NONE', #15, #4046, #2346, .T. ) ;
#507 = DIRECTION ( 'NONE',  ( 0.000000000000000000, 0.000000000000000000, 1.000000000000000000 ) ) ;
#508 = LINE ( 'NONE', #2295, #2748 ) ;
#509 = DIRECTION ( 'NONE',  ( 1.577021341797098398E-15, 0.000000000000000000, 1.000000000000000000 ) ) ;
#510 = VECTOR ( 'NONE', #4349, 1000.000000000000000 ) ;
#511 = ADVANCED_FACE ( 'NONE', ( #1419 ), #3178, .F. ) ;
#512 = ORIENTED_EDGE ( 'NONE', *, *, #4450, .T. ) ;
#513 = AXIS2_PLACEMENT_3D ( 'NONE', #4225, #2020, #944 ) ;
#514 = EDGE_CURVE ( 'NONE', #1658, #5304, #619, .T. ) ;
#515 = VECTOR ( 'NONE', #990, 1000.000000000000000 ) ;
#516 = EDGE_CURVE ( 'NONE', #1666, #4998, #742, .T. ) ;
#517 = VERTEX_POINT ( 'NONE', #2784 ) ;
#518 = CARTESIAN_POINT ( 'NONE',  ( 0.000000000000000000, 0.2000000000000000111, 0.000000000000000000 ) ) ;
#519 = CARTESIAN_POINT ( 'NONE',  ( -0.1250000000000001110, 0.2000000000000000111, -1.749999999999999778 ) ) ;
#520 = DIRECTION ( 'NONE',  ( 0.000000000000000000, -1.000000000000000000, 0.000000000000000000 ) ) ;
#521 = ADVANCED_FACE ( 'NONE', ( #1043 ), #1286, .T. ) ;
#522 = ORIENTED_EDGE ( 'NONE', *, *, #2168, .T. ) ;
#523 = LINE ( 'NONE', #4582, #3026 ) ;
#524 = VECTOR ( 'NONE', #2974, 1000.000000000000000 ) ;
#525 = PLANE ( 'NONE',  #3651 ) ;
#526 = PRESENTATION_LAYER_ASSIGNMENT (  '', '', ( #2936 ) ) ;
#527 = EDGE_CURVE ( 'NONE', #4409, #501, #879, .T. ) ;
#528 = VECTOR ( 'NONE', #2602, 1000.000000000000000 ) ;
#529 = FILL_AREA_STYLE_COLOUR ( '', #2229 ) ;
#530 = LINE ( 'NONE', #2311, #3546 ) ;
#531 = CARTESIAN_POINT ( 'NONE',  ( -1.394229623805780305, 0.9000000000000000222, -1.527285829309602994 ) ) ;
#532 = CARTESIAN_POINT ( 'NONE',  ( -0.6249999999999996669, 0.2000000000000000111, -1.474999999999999867 ) ) ;
#533 = FACE_OUTER_BOUND ( 'NONE', #2321, .T. ) ;
#534 = ORIENTED_EDGE ( 'NONE', *, *, #3854, .F. ) ;
#535 = FACE_OUTER_BOUND ( 'NONE', #480, .T. ) ;
#536 = ORIENTED_EDGE ( 'NONE', *, *, #2151, .F. ) ;
#537 = AXIS2_PLACEMENT_3D ( 'NONE', #3586, #1396, #2713 ) ;
#538 = AXIS2_PLACEMENT_3D ( 'NONE', #2983, #894, #5622 ) ;
#539 = DIRECTION ( 'NONE',  ( 0.000000000000000000, -0.000000000000000000, -1.000000000000000000 ) ) ;
#540 = LINE ( 'NONE', #2343, #4347 ) ;
#541 = ORIENTED_EDGE ( 'NONE', *, *, #1136, .T. ) ;
#542 = LINE ( 'NONE', #99, #1544 ) ;
#543 = AXIS2_PLACEMENT_3D ( 'NONE', #5725, #3520, #2166 ) ;
#544 = FACE_OUTER_BOUND ( 'NONE', #4203, .T. ) ;
#545 = CARTESIAN_POINT ( 'NONE',  ( 1.375000000000000000, 0.2000000000000000111, -1.749999999999999778 ) ) ;
#546 =( NAMED_UNIT ( * ) SI_UNIT ( $, .STERADIAN. ) SOLID_ANGLE_UNIT ( ) );
#547 = ORIENTED_EDGE ( 'NONE', *, *, #182, .T. ) ;
#548 = VERTEX_POINT ( 'NONE', #3997 ) ;
#549 =( LENGTH_UNIT ( ) NAMED_UNIT ( * ) SI_UNIT ( .MILLI., .METRE. ) );
#550 = CARTESIAN_POINT ( 'NONE',  ( 2.910226884040037361E-16, 0.05000000000000000278, 1.274999999999999689 ) ) ;
#551 = ORIENTED_EDGE ( 'NONE', *, *, #3662, .F. ) ;
#552 = LINE ( 'NONE', #992, #4896 ) ;
#553 = EDGE_CURVE ( 'NONE', #5638, #2463, #4747, .T. ) ;
#554 = DIRECTION ( 'NONE',  ( 0.000000000000000000, 1.000000000000000000, 0.000000000000000000 ) ) ;
#555 = VERTEX_POINT ( 'NONE', #1599 ) ;
#556 = CARTESIAN_POINT ( 'NONE',  ( -0.7999999999999999334, 0.05000000000000000278, 0.000000000000000000 ) ) ;
#557 = CARTESIAN_POINT ( 'NONE',  ( 1.375000000000000222, 0.05000000000000000278, -1.749999999999999778 ) ) ;
#558 = CARTESIAN_POINT ( 'NONE',  ( 0.7999999999999883871, 0.2000000000000000111, 1.524999999999999911 ) ) ;
#559 = EDGE_CURVE ( 'NONE', #5411, #129, #769, .T. ) ;
#560 = ORIENTED_EDGE ( 'NONE', *, *, #1195, .F. ) ;
#561 = CARTESIAN_POINT ( 'NONE',  ( 0.7999999999999999334, 0.2000000000000000111, 0.1749999999999998501 ) ) ;
#562 = ORIENTED_EDGE ( 'NONE', *, *, #5051, .T. ) ;
#563 = CARTESIAN_POINT ( 'NONE',  ( -1.394229623805780305, 1.000000000000000000, -1.375884497176759647 ) ) ;
#564 = DIRECTION ( 'NONE',  ( 0.000000000000000000, -1.000000000000000000, 0.000000000000000000 ) ) ;
#565 = CARTESIAN_POINT ( 'NONE',  ( -0.8750000000000001110, 0.2000000000000000111, -1.749999999999999556 ) ) ;
#566 = CARTESIAN_POINT ( 'NONE',  ( 0.1249999999999996808, 0.2000000000000000111, -1.474999999999999867 ) ) ;
#567 = EDGE_CURVE ( 'NONE', #4824, #2538, #4312, .T. ) ;
#568 = CARTESIAN_POINT ( 'NONE',  ( -1.750000000000000000, 0.2000000000000000111, 0.1749999999999999611 ) ) ;
#569 = DIRECTION ( 'NONE',  ( 0.000000000000000000, 1.000000000000000000, 0.000000000000000000 ) ) ;
#570 = ORIENTED_EDGE ( 'NONE', *, *, #5409, .F. ) ;
#571 = PRESENTATION_STYLE_ASSIGNMENT (( #599 ) ) ;
#572 = ORIENTED_EDGE ( 'NONE', *, *, #2755, .F. ) ;
#573 = VERTEX_POINT ( 'NONE', #5198 ) ;
#574 = DIRECTION ( 'NONE',  ( -0.000000000000000000, -0.000000000000000000, -1.000000000000000000 ) ) ;
#575 = VERTEX_POINT ( 'NONE', #1227 ) ;
#576 = CARTESIAN_POINT ( 'NONE',  ( -1.749999999999988454, 0.000000000000000000, 1.275000000000000133 ) ) ;
#577 = AXIS2_PLACEMENT_3D ( 'NONE', #4554, #1476, #4600 ) ;
#578 = DIRECTION ( 'NONE',  ( 0.000000000000000000, 0.000000000000000000, 1.000000000000000000 ) ) ;
#579 = PLANE ( 'NONE',  #3301 ) ;
#580 = ADVANCED_FACE ( 'NONE', ( #1663 ), #4348, .F. ) ;
#581 = VECTOR ( 'NONE', #852, 1000.000000000000000 ) ;
#582 = CARTESIAN_POINT ( 'NONE',  ( -0.7999999999999883871, 0.2000000000000000111, 1.274999999999999911 ) ) ;
#583 = EDGE_CURVE ( 'NONE', #4996, #3304, #2136, .T. ) ;
#584 = SURFACE_SIDE_STYLE ('',( #4216 ) ) ;
#585 = ORIENTED_EDGE ( 'NONE', *, *, #3241, .T. ) ;
#586 = CARTESIAN_POINT ( 'NONE',  ( -1.350000000000000311, 0.2000000000000000111, -1.050000000000000044 ) ) ;
#587 = ORIENTED_EDGE ( 'NONE', *, *, #4960, .F. ) ;
#588 = ADVANCED_FACE ( 'NONE', ( #676 ), #1691, .T. ) ;
#589 = EDGE_CURVE ( 'NONE', #364, #5304, #5542, .T. ) ;
#590 = EDGE_CURVE ( 'NONE', #5178, #2631, #4722, .T. ) ;
#591 = DIRECTION ( 'NONE',  ( -1.000000000000000000, 0.000000000000000000, 1.577021341797098398E-15 ) ) ;
#592 = DIRECTION ( 'NONE',  ( 0.000000000000000000, 1.000000000000000000, 0.000000000000000000 ) ) ;
#593 = DIRECTION ( 'NONE',  ( 0.000000000000000000, -1.000000000000000000, 0.000000000000000000 ) ) ;
#594 = DIRECTION ( 'NONE',  ( -1.000000000000000000, 0.000000000000000000, 0.000000000000000000 ) ) ;
#595 = EDGE_CURVE ( 'NONE', #4669, #548, #1840, .T. ) ;
#596 = CLOSED_SHELL ( 'NONE', ( #3286, #643, #3831, #736, #2653, #2270 ) ) ;
#597 = DIRECTION ( 'NONE',  ( 0.000000000000000000, -1.000000000000000000, 0.000000000000000000 ) ) ;
#598 = LINE ( 'NONE', #128, #3582 ) ;
#599 = SURFACE_STYLE_USAGE ( .BOTH. , #1943 ) ;
#600 = VERTEX_POINT ( 'NONE', #2707 ) ;
#601 = VECTOR ( 'NONE', #3713, 1000.000000000000000 ) ;
#602 = VERTEX_POINT ( 'NONE', #4463 ) ;
#603 = DIRECTION ( 'NONE',  ( 0.000000000000000000, -1.000000000000000000, 0.000000000000000000 ) ) ;
#604 = AXIS2_PLACEMENT_3D ( 'NONE', #89, #3768, #969 ) ;
#605 = VECTOR ( 'NONE', #765, 1000.000000000000000 ) ;
#606 = ORIENTED_EDGE ( 'NONE', *, *, #4330, .F. ) ;
#607 = DIRECTION ( 'NONE',  ( 0.000000000000000000, 0.000000000000000000, 1.000000000000000000 ) ) ;
#608 = LINE ( 'NONE', #5533, #5324 ) ;
#609 = COLOUR_RGB ( '',1.000000000000000000, 1.000000000000000000, 1.000000000000000000 ) ;
#610 = VECTOR ( 'NONE', #2224, 1000.000000000000000 ) ;
#611 = LINE ( 'NONE', #3329, #257 ) ;
#612 = CARTESIAN_POINT ( 'NONE',  ( 0.7999999999999883871, 0.000000000000000000, 1.274999999999999911 ) ) ;
#613 = AXIS2_PLACEMENT_3D ( 'NONE', #4555, #2374, #4121 ) ;
#614 =( NAMED_UNIT ( * ) SI_UNIT ( $, .STERADIAN. ) SOLID_ANGLE_UNIT ( ) );
#615 = ORIENTED_EDGE ( 'NONE', *, *, #1549, .F. ) ;
#616 = LINE ( 'NONE', #4491, #3855 ) ;
#617 = AXIS2_PLACEMENT_3D ( 'NONE', #1189, #4763, #1587 ) ;
#618 = ORIENTED_EDGE ( 'NONE', *, *, #2193, .F. ) ;
#619 = LINE ( 'NONE', #5540, #348 ) ;
#620 = VECTOR ( 'NONE', #5340, 1000.000000000000000 ) ;
#621 = AXIS2_PLACEMENT_3D ( 'NONE', #1471, #3173, #502 ) ;
#622 = PRESENTATION_LAYER_ASSIGNMENT (  '', '', ( #3395 ) ) ;
#623 = DIRECTION ( 'NONE',  ( 0.000000000000000000, -1.000000000000000000, 0.000000000000000000 ) ) ;
#624 = DIRECTION ( 'NONE',  ( 1.000000000000000000, 0.000000000000000000, 1.141265444721583511E-16 ) ) ;
#625 = ORIENTED_EDGE ( 'NONE', *, *, #2865, .T. ) ;
#626 = AXIS2_PLACEMENT_3D ( 'NONE', #5200, #833, #5260 ) ;
#627 = DIRECTION ( 'NONE',  ( 0.000000000000000000, 0.000000000000000000, 1.000000000000000000 ) ) ;
#628 = EDGE_CURVE ( 'NONE', #4468, #2197, #2489, .T. ) ;
#629 = DIRECTION ( 'NONE',  ( 0.000000000000000000, -1.000000000000000000, 0.000000000000000000 ) ) ;
#630 = DIRECTION ( 'NONE',  ( 1.141265444721583511E-16, -0.000000000000000000, 1.000000000000000000 ) ) ;
#631 = VECTOR ( 'NONE', #3903, 1000.000000000000000 ) ;
#632 = DIRECTION ( 'NONE',  ( 0.000000000000000000, 0.000000000000000000, 1.000000000000000000 ) ) ;
#633 = CARTESIAN_POINT ( 'NONE',  ( -1.394229623805780305, 0.9000000000000000222, -1.375884497176759647 ) ) ;
#634 = EDGE_CURVE ( 'NONE', #748, #5217, #1350, .T. ) ;
#635 = ORIENTED_EDGE ( 'NONE', *, *, #5117, .T. ) ;
#636 = VECTOR ( 'NONE', #4831, 1000.000000000000000 ) ;
#637 = VECTOR ( 'NONE', #3882, 1000.000000000000000 ) ;
#638 = EDGE_LOOP ( 'NONE', ( #1998, #4701, #2232, #2722 ) ) ;
#639 = DIRECTION ( 'NONE',  ( 0.000000000000000000, 1.000000000000000000, 0.000000000000000000 ) ) ;
#640 = VERTEX_POINT ( 'NONE', #445 ) ;
#641 = CARTESIAN_POINT ( 'NONE',  ( 0.7999999999999998224, 0.2000000000000000111, -0.1500000000000000777 ) ) ;
#642 = CARTESIAN_POINT ( 'NONE',  ( 0.8750000000000001110, 0.05000000000000000278, -1.749999999999999556 ) ) ;
#643 = ADVANCED_FACE ( 'NONE', ( #55 ), #5257, .F. ) ;
#644 = EDGE_LOOP ( 'NONE', ( #2534, #2569, #737, #2482 ) ) ;
#645 = CARTESIAN_POINT ( 'NONE',  ( -0.6249999999999996669, 0.2000000000000000111, -1.474999999999999867 ) ) ;
#646 = ORIENTED_EDGE ( 'NONE', *, *, #2514, .T. ) ;
#647 = LINE ( 'NONE', #229, #4229 ) ;
#648 = PLANE ( 'NONE',  #789 ) ;
#649 = FACE_OUTER_BOUND ( 'NONE', #193, .T. ) ;
#650 = UNCERTAINTY_MEASURE_WITH_UNIT (LENGTH_MEASURE( 1.000000000000000082E-05 ), #2529, 'distance_accuracy_value', 'NONE');
#651 = PLANE ( 'NONE',  #1161 ) ;
#652 = CARTESIAN_POINT ( 'NONE',  ( -1.125000000000000222, 0.2000000000000000111, -1.749999999999999778 ) ) ;
#653 = ORIENTED_EDGE ( 'NONE', *, *, #1193, .T. ) ;
#654 = FACE_OUTER_BOUND ( 'NONE', #177, .T. ) ;
#655 = ORIENTED_EDGE ( 'NONE', *, *, #1020, .T. ) ;
#656 = CARTESIAN_POINT ( 'NONE',  ( -0.7999999999999883871, 0.2000000000000000111, 1.524999999999999911 ) ) ;
#657 = CARTESIAN_POINT ( 'NONE',  ( -0.7999999999999999334, 0.2000000000000000111, 0.1749999999999998501 ) ) ;
#658 = EDGE_CURVE ( 'NONE', #448, #2742, #1757, .T. ) ;
#659 = LINE ( 'NONE', #275, #333 ) ;
#660 = ORIENTED_EDGE ( 'NONE', *, *, #4415, .T. ) ;
#661 = ORIENTED_EDGE ( 'NONE', *, *, #2792, .T. ) ;
#662 = EDGE_CURVE ( 'NONE', #4245, #1583, #3082, .T. ) ;
#663 = ORIENTED_EDGE ( 'NONE', *, *, #3430, .F. ) ;
#664 = PRESENTATION_STYLE_ASSIGNMENT (( #3710 ) ) ;
#665 = DIRECTION ( 'NONE',  ( -1.000000000000000000, -0.000000000000000000, -0.000000000000000000 ) ) ;
#666 = ORIENTED_EDGE ( 'NONE', *, *, #2235, .F. ) ;
#667 = CARTESIAN_POINT ( 'NONE',  ( -1.475000000000000089, 0.2000000000000000111, -1.050000000000000044 ) ) ;
#668 = DIRECTION ( 'NONE',  ( -1.000000000000000000, 0.000000000000000000, 8.559490835411878797E-17 ) ) ;
#669 = EDGE_CURVE ( 'NONE', #3846, #3558, #22, .T. ) ;
#670 = ORIENTED_EDGE ( 'NONE', *, *, #1690, .F. ) ;
#671 = ORIENTED_EDGE ( 'NONE', *, *, #4936, .T. ) ;
#672 = DIRECTION ( 'NONE',  ( 0.000000000000000000, 0.000000000000000000, 1.000000000000000000 ) ) ;
#673 = EDGE_LOOP ( 'NONE', ( #3064, #2945, #4217, #945 ) ) ;
#674 = LINE ( 'NONE', #2476, #2478 ) ;
#675 = CARTESIAN_POINT ( 'NONE',  ( -0.2500000000000000000, 0.000000000000000000, -1.474999999999999867 ) ) ;
#676 = FACE_OUTER_BOUND ( 'NONE', #837, .T. ) ;
#677 = DIRECTION ( 'NONE',  ( -1.141265444721583511E-16, 0.000000000000000000, -1.000000000000000000 ) ) ;
#678 = LINE ( 'NONE', #652, #5701 ) ;
#679 = ORIENTED_EDGE ( 'NONE', *, *, #2751, .F. ) ;
#680 = PLANE ( 'NONE',  #513 ) ;
#681 = ORIENTED_EDGE ( 'NONE', *, *, #1901, .F. ) ;
#682 = DIRECTION ( 'NONE',  ( -1.000000000000000000, 0.000000000000000000, 1.141265444721583511E-16 ) ) ;
#683 = DIRECTION ( 'NONE',  ( -1.000000000000000000, 0.000000000000000000, 1.141265444721583757E-16 ) ) ;
#684 = AXIS2_PLACEMENT_3D ( 'NONE', #2228, #3634, #3078 ) ;
#685 = DIRECTION ( 'NONE',  ( 1.577021341797098398E-15, 0.000000000000000000, 1.000000000000000000 ) ) ;
#686 = ORIENTED_EDGE ( 'NONE', *, *, #4697, .F. ) ;
#687 = CARTESIAN_POINT ( 'NONE',  ( 0.7999999999999941602, 0.2000000000000000111, 0.9749999999999999778 ) ) ;
#688 = STYLED_ITEM ( 'NONE', ( #18 ), #65 ) ;
#689 = ORIENTED_EDGE ( 'NONE', *, *, #5121, .F. ) ;
#690 = DIRECTION ( 'NONE',  ( 0.000000000000000000, 0.000000000000000000, 1.000000000000000000 ) ) ;
#691 = ADVANCED_FACE ( 'NONE', ( #1811, #3019 ), #5347, .T. ) ;
#692 = LINE ( 'NONE', #4919, #2652 ) ;
#693 = EDGE_LOOP ( 'NONE', ( #4304, #2182, #5463, #2782 ) ) ;
#694 = CARTESIAN_POINT ( 'NONE',  ( -0.3750000000000001110, 0.000000000000000000, -1.749999999999999556 ) ) ;
#695 = EDGE_CURVE ( 'NONE', #4729, #1819, #1318, .T. ) ;
#696 = PLANE ( 'NONE',  #3031 ) ;
#697 = ADVANCED_FACE ( 'NONE', ( #4402 ), #918, .F. ) ;
#698 = EDGE_LOOP ( 'NONE', ( #4611, #5458, #2393, #1704 ) ) ;
#699 = PLANE ( 'NONE',  #2947 ) ;
#700 = EDGE_CURVE ( 'NONE', #3808, #3934, #3941, .T. ) ;
#701 = LINE ( 'NONE', #259, #4023 ) ;
#702 = ORIENTED_EDGE ( 'NONE', *, *, #830, .T. ) ;
#703 = LINE ( 'NONE', #3394, #4971 ) ;
#704 = EDGE_CURVE ( 'NONE', #4462, #5176, #4055, .T. ) ;
#705 = VECTOR ( 'NONE', #3311, 1000.000000000000000 ) ;
#706 = CIRCLE ( 'NONE', #3958, 0.1250000000000003331 ) ;
#707 = DIRECTION ( 'NONE',  ( -9.035018104045870694E-17, 0.000000000000000000, 1.000000000000000000 ) ) ;
#708 = CIRCLE ( 'NONE', #1263, 0.1250000000000003331 ) ;
#709 = CARTESIAN_POINT ( 'NONE',  ( 0.7999999999999999334, 0.2000000000000000111, 0.1749999999999998501 ) ) ;
#710 = DIRECTION ( 'NONE',  ( -1.577021341797098201E-15, 0.000000000000000000, -1.000000000000000000 ) ) ;
#711 = PLANE ( 'NONE',  #3969 ) ;
#712 = ORIENTED_EDGE ( 'NONE', *, *, #5575, .T. ) ;
#713 = ORIENTED_EDGE ( 'NONE', *, *, #590, .F. ) ;
#714 = VECTOR ( 'NONE', #4382, 1000.000000000000000 ) ;
#715 = AXIS2_PLACEMENT_3D ( 'NONE', #2535, #322, #4688 ) ;
#716 = CARTESIAN_POINT ( 'NONE',  ( -1.394229623805780305, 0.9000000000000000222, -1.375884497176759647 ) ) ;
#717 = AXIS2_PLACEMENT_3D ( 'NONE', #328, #4840, #2175 ) ;
#718 = DIRECTION ( 'NONE',  ( -0.000000000000000000, -1.000000000000000000, -0.000000000000000000 ) ) ;
#719 = CARTESIAN_POINT ( 'NONE',  ( 0.3750000000000003331, 0.2000000000000000111, -1.474999999999999867 ) ) ;
#720 = ORIENTED_EDGE ( 'NONE', *, *, #5377, .T. ) ;
#721 = CARTESIAN_POINT ( 'NONE',  ( -1.750000000000000222, 0.000000000000000000, -1.050000000000000044 ) ) ;
#722 = VECTOR ( 'NONE', #24, 1000.000000000000000 ) ;
#723 = VERTEX_POINT ( 'NONE', #858 ) ;
#724 = FACE_OUTER_BOUND ( 'NONE', #3293, .T. ) ;
#725 = DIRECTION ( 'NONE',  ( 8.673617379884035472E-16, -0.000000000000000000, 1.000000000000000000 ) ) ;
#726 = DIRECTION ( 'NONE',  ( 0.000000000000000000, 0.000000000000000000, 1.000000000000000000 ) ) ;
#727 = ORIENTED_EDGE ( 'NONE', *, *, #589, .F. ) ;
#728 = PLANE ( 'NONE',  #53 ) ;
#729 = AXIS2_PLACEMENT_3D ( 'NONE', #3166, #3522, #1320 ) ;
#730 = DIRECTION ( 'NONE',  ( 1.141265444721583511E-16, 0.000000000000000000, -1.000000000000000000 ) ) ;
#731 = MECHANICAL_DESIGN_GEOMETRIC_PRESENTATION_REPRESENTATION (  '', ( #3988 ), #3509 ) ;
#732 = VERTEX_POINT ( 'NONE', #3052 ) ;
#733 = EDGE_CURVE ( 'NONE', #2958, #773, #3968, .T. ) ;
#734 = SURFACE_SIDE_STYLE ('',( #5131 ) ) ;
#735 = DIRECTION ( 'NONE',  ( 9.035018104045870694E-17, 0.000000000000000000, 1.000000000000000000 ) ) ;
#736 = ADVANCED_FACE ( 'NONE', ( #5319 ), #4376, .F. ) ;
#737 = ORIENTED_EDGE ( 'NONE', *, *, #3933, .T. ) ;
#738 = CARTESIAN_POINT ( 'NONE',  ( 1.250000000000000000, 0.2000000000000000111, -1.474999999999999867 ) ) ;
#739 = MECHANICAL_DESIGN_GEOMETRIC_PRESENTATION_REPRESENTATION (  '', ( #5272 ), #5179 ) ;
#740 = DIRECTION ( 'NONE',  ( 0.000000000000000000, 0.000000000000000000, 1.000000000000000000 ) ) ;
#741 = DIRECTION ( 'NONE',  ( 7.885106708985497909E-16, 0.000000000000000000, -1.000000000000000000 ) ) ;
#742 = LINE ( 'NONE', #5563, #2024 ) ;
#743 = EDGE_CURVE ( 'NONE', #3716, #1140, #4620, .T. ) ;
#744 = DIRECTION ( 'NONE',  ( -9.035018104045870694E-17, 0.000000000000000000, 1.000000000000000000 ) ) ;
#745 = CARTESIAN_POINT ( 'NONE',  ( 0.1499999999999998002, 0.2000000000000000111, 1.750000000000000666 ) ) ;
#746 = ORIENTED_EDGE ( 'NONE', *, *, #1200, .F. ) ;
#747 = LINE ( 'NONE', #4777, #4981 ) ;
#748 = VERTEX_POINT ( 'NONE', #3488 ) ;
#749 = ORIENTED_EDGE ( 'NONE', *, *, #784, .F. ) ;
#750 = DIRECTION ( 'NONE',  ( 1.000000000000000000, -0.000000000000000000, 7.885106708985497909E-16 ) ) ;
#751 = DIRECTION ( 'NONE',  ( 1.577021341797098398E-15, 0.000000000000000000, 1.000000000000000000 ) ) ;
#752 = CARTESIAN_POINT ( 'NONE',  ( 0.2500000000000000000, 0.2000000000000000111, -1.474999999999999867 ) ) ;
#753 = ORIENTED_EDGE ( 'NONE', *, *, #1301, .T. ) ;
#754 = LINE ( 'NONE', #687, #432 ) ;
#755 = EDGE_CURVE ( 'NONE', #4845, #806, #5288, .T. ) ;
#756 = ORIENTED_EDGE ( 'NONE', *, *, #5053, .F. ) ;
#757 = CARTESIAN_POINT ( 'NONE',  ( 0.000000000000000000, 0.000000000000000000, 0.000000000000000000 ) ) ;
#758 = DIRECTION ( 'NONE',  ( -1.000000000000000000, 0.000000000000000000, 2.282530889443167022E-16 ) ) ;
#759 = ORIENTED_EDGE ( 'NONE', *, *, #5730, .T. ) ;
#760 = DIRECTION ( 'NONE',  ( -0.000000000000000000, -1.000000000000000000, -0.000000000000000000 ) ) ;
#761 = VERTEX_POINT ( 'NONE', #1050 ) ;
#762 = SURFACE_SIDE_STYLE ('',( #5190 ) ) ;
#763 = CARTESIAN_POINT ( 'NONE',  ( 0.7999999999999883871, 0.2000000000000000111, 1.524999999999999911 ) ) ;
#764 = VERTEX_POINT ( 'NONE', #557 ) ;
#765 = DIRECTION ( 'NONE',  ( 0.000000000000000000, 0.000000000000000000, 1.000000000000000000 ) ) ;
#766 = SURFACE_STYLE_FILL_AREA ( #2475 ) ;
#767 = EDGE_CURVE ( 'NONE', #1503, #4586, #2791, .T. ) ;
#768 = AXIS2_PLACEMENT_3D ( 'NONE', #347, #4477, #2267 ) ;
#769 = LINE ( 'NONE', #5633, #4994 ) ;
#770 = DIRECTION ( 'NONE',  ( -0.000000000000000000, -1.000000000000000000, -0.000000000000000000 ) ) ;
#771 = FILL_AREA_STYLE_COLOUR ( '', #2483 ) ;
#772 = EDGE_CURVE ( 'NONE', #2693, #3629, #2361, .T. ) ;
#773 = VERTEX_POINT ( 'NONE', #174 ) ;
#774 = CARTESIAN_POINT ( 'NONE',  ( -0.3750000000000001110, 0.2000000000000000111, -1.749999999999999556 ) ) ;
#775 = ORIENTED_EDGE ( 'NONE', *, *, #876, .T. ) ;
#776 = EDGE_CURVE ( 'NONE', #2874, #4462, #116, .T. ) ;
#777 = ORIENTED_EDGE ( 'NONE', *, *, #1940, .F. ) ;
#778 = ORIENTED_EDGE ( 'NONE', *, *, #4668, .T. ) ;
#779 = EDGE_CURVE ( 'NONE', #3916, #2257, #1953, .T. ) ;
#780 = VECTOR ( 'NONE', #4424, 1000.000000000000000 ) ;
#781 = CARTESIAN_POINT ( 'NONE',  ( -0.4499999999999997891, 0.2000000000000000111, 1.750000000000000666 ) ) ;
#782 = DIRECTION ( 'NONE',  ( 1.000000000000000000, -0.000000000000000000, -2.282530889443167022E-16 ) ) ;
#783 = ORIENTED_EDGE ( 'NONE', *, *, #2412, .T. ) ;
#784 = EDGE_CURVE ( 'NONE', #5281, #3716, #1511, .T. ) ;
#785 = ORIENTED_EDGE ( 'NONE', *, *, #3315, .F. ) ;
#786 = CARTESIAN_POINT ( 'NONE',  ( 1.749999999999999778, 0.2000000000000000111, -0.1499999999999999944 ) ) ;
#787 = CARTESIAN_POINT ( 'NONE',  ( -0.7999999999999883871, 0.2000000000000000111, 1.524999999999999911 ) ) ;
#788 = ORIENTED_EDGE ( 'NONE', *, *, #227, .F. ) ;
#789 = AXIS2_PLACEMENT_3D ( 'NONE', #4344, #3450, #740 ) ;
#790 = LINE ( 'NONE', #2242, #3131 ) ;
#791 = ORIENTED_EDGE ( 'NONE', *, *, #2772, .F. ) ;
#792 =( NAMED_UNIT ( * ) SI_UNIT ( $, .STERADIAN. ) SOLID_ANGLE_UNIT ( ) );
#793 = CARTESIAN_POINT ( 'NONE',  ( -0.1499999999999999944, 0.000000000000000000, -0.6499999999999991340 ) ) ;
#794 = FACE_OUTER_BOUND ( 'NONE', #1047, .T. ) ;
#795 = ORIENTED_EDGE ( 'NONE', *, *, #5398, .T. ) ;
#796 = PLANE ( 'NONE',  #3297 ) ;
#797 = CARTESIAN_POINT ( 'NONE',  ( -0.6250000000000001110, 0.000000000000000000, -1.749999999999999778 ) ) ;
#798 = CARTESIAN_POINT ( 'NONE',  ( 0.7999999999999999334, 0.2000000000000000111, 0.4249999999999998779 ) ) ;
#799 = AXIS2_PLACEMENT_3D ( 'NONE', #4031, #919, #2137 ) ;
#800 = FACE_OUTER_BOUND ( 'NONE', #4578, .T. ) ;
#801 = EDGE_LOOP ( 'NONE', ( #4650, #2380, #4541, #5388 ) ) ;
#802 = AXIS2_PLACEMENT_3D ( 'NONE', #1080, #2794, #4976 ) ;
#803 = LINE ( 'NONE', #2106, #5511 ) ;
#804 = EDGE_LOOP ( 'NONE', ( #1834, #5455, #3928, #1592, #1905, #1232, #850, #1670, #1066, #1679, #1516, #4526, #3432, #1830, #3982, #1127, #3420, #892, #805, #4912, #2391, #3068, #2432, #3946, #4761, #4884, #5391, #4413 ) ) ;
#805 = ORIENTED_EDGE ( 'NONE', *, *, #4955, .F. ) ;
#806 = VERTEX_POINT ( 'NONE', #612 ) ;
#807 = VECTOR ( 'NONE', #2633, 1000.000000000000000 ) ;
#808 = MECHANICAL_DESIGN_GEOMETRIC_PRESENTATION_REPRESENTATION (  '', ( #3580 ), #989 ) ;
#809 = DIRECTION ( 'NONE',  ( 1.000000000000000000, 0.000000000000000000, -0.000000000000000000 ) ) ;
#810 = CARTESIAN_POINT ( 'NONE',  ( 1.475000000000000089, 0.2000000000000000111, -0.8000000000000000444 ) ) ;
#811 = ORIENTED_EDGE ( 'NONE', *, *, #148, .T. ) ;
#812 = LINE ( 'NONE', #1703, #144 ) ;
#813 = AXIS2_PLACEMENT_3D ( 'NONE', #2114, #1607, #2488 ) ;
#814 = EDGE_CURVE ( 'NONE', #4005, #3828, #2390, .T. ) ;
#815 = AXIS2_PLACEMENT_3D ( 'NONE', #1063, #2304, #2025 ) ;
#816 = ORIENTED_EDGE ( 'NONE', *, *, #1051, .F. ) ;
#817 = VECTOR ( 'NONE', #1354, 1000.000000000000000 ) ;
#818 = DIRECTION ( 'NONE',  ( 0.000000000000000000, -1.000000000000000000, 0.000000000000000000 ) ) ;
#819 = ADVANCED_FACE ( 'NONE', ( #1102 ), #3800, .F. ) ;
#820 = DIRECTION ( 'NONE',  ( 0.000000000000000000, -0.000000000000000000, 1.000000000000000000 ) ) ;
#821 = VERTEX_POINT ( 'NONE', #2956 ) ;
#822 = PRESENTATION_LAYER_ASSIGNMENT (  '', '', ( #341 ) ) ;
#823 = AXIS2_PLACEMENT_3D ( 'NONE', #2524, #1619, #1653 ) ;
#824 = VERTEX_POINT ( 'NONE', #4269 ) ;
#825 = FACE_OUTER_BOUND ( 'NONE', #4642, .T. ) ;
#826 = VECTOR ( 'NONE', #4889, 1000.000000000000000 ) ;
#827 = EDGE_LOOP ( 'NONE', ( #1971, #4169, #5579, #5441 ) ) ;
#828 = DIRECTION ( 'NONE',  ( 1.000000000000000000, -0.000000000000000000, 0.000000000000000000 ) ) ;
#829 = DIRECTION ( 'NONE',  ( 0.000000000000000000, 0.000000000000000000, 1.000000000000000000 ) ) ;
#830 = EDGE_CURVE ( 'NONE', #1402, #4046, #4299, .T. ) ;
#831 = DIRECTION ( 'NONE',  ( 0.000000000000000000, -0.000000000000000000, 1.000000000000000000 ) ) ;
#832 = FACE_OUTER_BOUND ( 'NONE', #1030, .T. ) ;
#833 = DIRECTION ( 'NONE',  ( -1.000000000000000000, 0.000000000000000000, 7.905640841040137320E-17 ) ) ;
#834 = ORIENTED_EDGE ( 'NONE', *, *, #1937, .F. ) ;
#835 = CARTESIAN_POINT ( 'NONE',  ( 1.749999999999988454, 0.000000000000000000, 1.525000000000000133 ) ) ;
#836 = VERTEX_POINT ( 'NONE', #1843 ) ;
#837 = EDGE_LOOP ( 'NONE', ( #3071, #2116, #3613, #2548 ) ) ;
#838 = ADVANCED_FACE ( 'NONE', ( #533 ), #1759, .T. ) ;
#839 = DIRECTION ( 'NONE',  ( 0.000000000000000000, 0.000000000000000000, 1.000000000000000000 ) ) ;
#840 = CARTESIAN_POINT ( 'NONE',  ( -1.749999999999994449, 0.000000000000000000, 0.9749999999999999778 ) ) ;
#841 = ORIENTED_EDGE ( 'NONE', *, *, #2929, .F. ) ;
#842 = DIRECTION ( 'NONE',  ( -0.000000000000000000, -1.000000000000000000, -0.000000000000000000 ) ) ;
#843 = EDGE_CURVE ( 'NONE', #5091, #4127, #2227, .T. ) ;
#844 = ORIENTED_EDGE ( 'NONE', *, *, #1731, .T. ) ;
#845 = CARTESIAN_POINT ( 'NONE',  ( -1.124999999999999778, 0.2000000000000000111, -1.474999999999999867 ) ) ;
#846 = LINE ( 'NONE', #3927, #4051 ) ;
#847 = ADVANCED_FACE ( 'NONE', ( #2161 ), #1224, .T. ) ;
#848 = ORIENTED_EDGE ( 'NONE', *, *, #1616, .T. ) ;
#849 = EDGE_CURVE ( 'NONE', #2677, #250, #2679, .T. ) ;
#850 = ORIENTED_EDGE ( 'NONE', *, *, #2695, .F. ) ;
#851 = FILL_AREA_STYLE_COLOUR ( '', #987 ) ;
#852 = DIRECTION ( 'NONE',  ( -0.000000000000000000, -1.000000000000000000, -0.000000000000000000 ) ) ;
#853 = DIRECTION ( 'NONE',  ( 1.577021341797098398E-15, -0.000000000000000000, 1.000000000000000000 ) ) ;
#854 = ORIENTED_EDGE ( 'NONE', *, *, #1946, .T. ) ;
#855 = LINE ( 'NONE', #5657, #3114 ) ;
#856 = DIRECTION ( 'NONE',  ( 0.000000000000000000, 0.000000000000000000, -1.000000000000000000 ) ) ;
#857 = LINE ( 'NONE', #411, #3406 ) ;
#858 = CARTESIAN_POINT ( 'NONE',  ( 1.475000000000000089, 0.04999999999999999584, -1.050000000000000044 ) ) ;
#859 = CARTESIAN_POINT ( 'NONE',  ( 1.749999999999994449, 0.2000000000000000111, 0.7249999999999999778 ) ) ;
#860 = PLANE ( 'NONE',  #2389 ) ;
#861 = VERTEX_POINT ( 'NONE', #3102 ) ;
#862 = DIRECTION ( 'NONE',  ( 0.000000000000000000, -0.000000000000000000, 1.000000000000000000 ) ) ;
#863 = ORIENTED_EDGE ( 'NONE', *, *, #189, .F. ) ;
#864 = CARTESIAN_POINT ( 'NONE',  ( -0.1499999999999999944, 0.2000000000000000111, -0.6499999999999991340 ) ) ;
#865 = DIRECTION ( 'NONE',  ( -0.000000000000000000, 1.000000000000000000, -0.000000000000000000 ) ) ;
#866 = ORIENTED_EDGE ( 'NONE', *, *, #3469, .T. ) ;
#867 =( NAMED_UNIT ( * ) PLANE_ANGLE_UNIT ( ) SI_UNIT ( $, .RADIAN. ) );
#868 = ORIENTED_EDGE ( 'NONE', *, *, #4610, .F. ) ;
#869 = CARTESIAN_POINT ( 'NONE',  ( 1.750000000000000222, 0.2000000000000000111, -0.8000000000000000444 ) ) ;
#870 = PLANE ( 'NONE',  #2930 ) ;
#871 = ORIENTED_EDGE ( 'NONE', *, *, #1660, .F. ) ;
#872 = EDGE_CURVE ( 'NONE', #5119, #3629, #351, .T. ) ;
#873 = ORIENTED_EDGE ( 'NONE', *, *, #700, .T. ) ;
#874 =( LENGTH_UNIT ( ) NAMED_UNIT ( * ) SI_UNIT ( .MILLI., .METRE. ) );
#875 = CARTESIAN_POINT ( 'NONE',  ( -0.7999999999999998224, 0.05000000000000000278, 0.000000000000000000 ) ) ;
#876 = EDGE_CURVE ( 'NONE', #2742, #4998, #3517, .T. ) ;
#877 = VERTEX_POINT ( 'NONE', #2559 ) ;
#878 = DIRECTION ( 'NONE',  ( 0.000000000000000000, -1.000000000000000000, 0.000000000000000000 ) ) ;
#879 = LINE ( 'NONE', #440, #3408 ) ;
#880 = SURFACE_SIDE_STYLE ('',( #910 ) ) ;
#881 = PLANE ( 'NONE',  #4534 ) ;
#882 = EDGE_CURVE ( 'NONE', #3985, #1948, #1345, .T. ) ;
#883 = DIRECTION ( 'NONE',  ( 1.000000000000000000, -0.000000000000000000, -8.559490835411878797E-17 ) ) ;
#884 = CARTESIAN_POINT ( 'NONE',  ( -1.250000000000000000, 0.2000000000000000111, -1.474999999999999867 ) ) ;
#885 = ADVANCED_FACE ( 'NONE', ( #1661 ), #881, .F. ) ;
#886 = ORIENTED_EDGE ( 'NONE', *, *, #2317, .F. ) ;
#887 = CARTESIAN_POINT ( 'NONE',  ( 0.000000000000000000, 0.000000000000000000, 0.000000000000000000 ) ) ;
#888 = ORIENTED_EDGE ( 'NONE', *, *, #2163, .F. ) ;
#889 = AXIS2_PLACEMENT_3D ( 'NONE', #1005, #3619, #2773 ) ;
#890 = CARTESIAN_POINT ( 'NONE',  ( -1.375000000000000222, 0.000000000000000000, -1.749999999999999556 ) ) ;
#891 = LINE ( 'NONE', #4444, #3881 ) ;
#892 = ORIENTED_EDGE ( 'NONE', *, *, #389, .T. ) ;
#893 = FILL_AREA_STYLE_COLOUR ( '', #147 ) ;
#894 = DIRECTION ( 'NONE',  ( -2.282530889443167022E-16, 0.000000000000000000, -1.000000000000000000 ) ) ;
#895 = STYLED_ITEM ( 'NONE', ( #664 ), #2099 ) ;
#896 = EDGE_CURVE ( 'NONE', #1802, #2915, #4460, .T. ) ;
#897 = CIRCLE ( 'NONE', #1828, 0.1250000000000003331 ) ;
#898 = LINE ( 'NONE', #4843, #49 ) ;
#899 = VECTOR ( 'NONE', #2052, 1000.000000000000000 ) ;
#900 = CARTESIAN_POINT ( 'NONE',  ( 0.1249999999999996808, 0.2000000000000000111, -1.474999999999999867 ) ) ;
#901 = COLOUR_RGB ( '',0.7921568627450980005, 0.8196078431372548767, 0.9333333333333333481 ) ;
#902 = ORIENTED_EDGE ( 'NONE', *, *, #5266, .F. ) ;
#903 = VECTOR ( 'NONE', #2404, 1000.000000000000000 ) ;
#904 = AXIS2_PLACEMENT_3D ( 'NONE', #1933, #4629, #2826 ) ;
#905 = ORIENTED_EDGE ( 'NONE', *, *, #2447, .T. ) ;
#906 = CARTESIAN_POINT ( 'NONE',  ( 0.6249999999999996669, 0.2000000000000000111, -1.474999999999999867 ) ) ;
#907 = VECTOR ( 'NONE', #2894, 1000.000000000000000 ) ;
#908 = VERTEX_POINT ( 'NONE', #3880 ) ;
#909 = LINE ( 'NONE', #3935, #5601 ) ;
#910 = SURFACE_STYLE_FILL_AREA ( #5719 ) ;
#911 = DIRECTION ( 'NONE',  ( -0.000000000000000000, -1.000000000000000000, -0.000000000000000000 ) ) ;
#912 = CARTESIAN_POINT ( 'NONE',  ( 0.1499999999999999944, 0.000000000000000000, -0.6499999999999990230 ) ) ;
#913 = DIRECTION ( 'NONE',  ( -0.000000000000000000, 0.000000000000000000, 1.000000000000000000 ) ) ;
#914 = ORIENTED_EDGE ( 'NONE', *, *, #4846, .F. ) ;
#915 = VECTOR ( 'NONE', #5727, 1000.000000000000000 ) ;
#916 = VECTOR ( 'NONE', #1156, 1000.000000000000000 ) ;
#917 = DIRECTION ( 'NONE',  ( 0.000000000000000000, 0.000000000000000000, -1.000000000000000000 ) ) ;
#918 = PLANE ( 'NONE',  #1093 ) ;
#919 = DIRECTION ( 'NONE',  ( 1.000000000000000000, -0.000000000000000000, 7.885106708985497909E-16 ) ) ;
#920 = PLANE ( 'NONE',  #3979 ) ;
#921 = EDGE_LOOP ( 'NONE', ( #2472, #924, #5273, #547 ) ) ;
#922 = DIRECTION ( 'NONE',  ( 0.000000000000000000, -1.000000000000000000, 0.000000000000000000 ) ) ;
#923 = VECTOR ( 'NONE', #2790, 1000.000000000000000 ) ;
#924 = ORIENTED_EDGE ( 'NONE', *, *, #3177, .F. ) ;
#925 = VECTOR ( 'NONE', #2034, 1000.000000000000000 ) ;
#926 = ADVANCED_FACE ( 'NONE', ( #5659 ), #4802, .F. ) ;
#927 = DIRECTION ( 'NONE',  ( 0.000000000000000000, 0.000000000000000000, 1.000000000000000000 ) ) ;
#928 = LINE ( 'NONE', #4983, #1921 ) ;
#929 = ORIENTED_EDGE ( 'NONE', *, *, #2755, .T. ) ;
#930 = CARTESIAN_POINT ( 'NONE',  ( 1.750000000000000222, 0.2000000000000000111, -0.8000000000000000444 ) ) ;
#931 = PLANE ( 'NONE',  #3289 ) ;
#932 = EDGE_CURVE ( 'NONE', #4032, #4672, #1778, .T. ) ;
#933 = CARTESIAN_POINT ( 'NONE',  ( -1.997214528262768617E-17, 0.05000000000000000278, 0.1749999999999997946 ) ) ;
#934 = ORIENTED_EDGE ( 'NONE', *, *, #3172, .F. ) ;
#935 = VERTEX_POINT ( 'NONE', #2593 ) ;
#936 = DIRECTION ( 'NONE',  ( -0.000000000000000000, 0.000000000000000000, -1.000000000000000000 ) ) ;
#937 = EDGE_LOOP ( 'NONE', ( #5640, #2318, #2585, #3663, #5209, #4007, #3322, #268, #3157, #2291, #4950, #1697 ) ) ;
#938 = CARTESIAN_POINT ( 'NONE',  ( -1.749999999999994449, 0.2000000000000000111, 0.7249999999999999778 ) ) ;
#939 = SURFACE_STYLE_USAGE ( .BOTH. , #4914 ) ;
#940 = SURFACE_STYLE_USAGE ( .BOTH. , #4083 ) ;
#941 = CARTESIAN_POINT ( 'NONE',  ( 0.4500000000000000111, 0.2000000000000000111, -0.6499999999999990230 ) ) ;
#942 = PLANE ( 'NONE',  #2287 ) ;
#943 = ORIENTED_EDGE ( 'NONE', *, *, #5036, .T. ) ;
#944 = DIRECTION ( 'NONE',  ( 7.885106708985497909E-16, 0.000000000000000000, -1.000000000000000000 ) ) ;
#945 = ORIENTED_EDGE ( 'NONE', *, *, #5596, .T. ) ;
#946 = UNCERTAINTY_MEASURE_WITH_UNIT (LENGTH_MEASURE( 1.000000000000000082E-05 ), #3396, 'distance_accuracy_value', 'NONE');
#947 = EDGE_CURVE ( 'NONE', #1956, #1001, #5196, .T. ) ;
#948 = CARTESIAN_POINT ( 'NONE',  ( -0.7999999999999999334, 0.2000000000000000111, 0.1749999999999998501 ) ) ;
#949 = LINE ( 'NONE', #4010, #1376 ) ;
#950 = ORIENTED_EDGE ( 'NONE', *, *, #3856, .T. ) ;
#951 = DIRECTION ( 'NONE',  ( 0.000000000000000000, 0.000000000000000000, -1.000000000000000000 ) ) ;
#952 = EDGE_CURVE ( 'NONE', #4689, #4726, #1251, .T. ) ;
#953 = EDGE_CURVE ( 'NONE', #2216, #3985, #5630, .T. ) ;
#954 = LINE ( 'NONE', #3181, #2803 ) ;
#955 = DIRECTION ( 'NONE',  ( 1.000000000000000000, 0.000000000000000000, 2.282530889443167022E-16 ) ) ;
#956 = APPLICATION_CONTEXT ( 'automotive_design' ) ;
#957 = CARTESIAN_POINT ( 'NONE',  ( -1.475000000000000089, 0.000000000000000000, -1.050000000000000044 ) ) ;
#958 = EDGE_LOOP ( 'NONE', ( #2662, #2816, #5679, #950 ) ) ;
#959 = ORIENTED_EDGE ( 'NONE', *, *, #237, .F. ) ;
#960 = CARTESIAN_POINT ( 'NONE',  ( 1.750000000000000222, 6.949747468305833564, -1.749999999999999778 ) ) ;
#961 = LINE ( 'NONE', #3655, #5487 ) ;
#962 = LINE ( 'NONE', #3795, #3215 ) ;
#963 = EDGE_LOOP ( 'NONE', ( #1279, #4201, #5300, #2628 ) ) ;
#964 = DIRECTION ( 'NONE',  ( 0.000000000000000000, 0.000000000000000000, 1.000000000000000000 ) ) ;
#965 = FILL_AREA_STYLE_COLOUR ( '', #4498 ) ;
#966 = DIRECTION ( 'NONE',  ( -0.000000000000000000, -1.000000000000000000, -0.000000000000000000 ) ) ;
#967 = VECTOR ( 'NONE', #442, 1000.000000000000000 ) ;
#968 = DIRECTION ( 'NONE',  ( -1.000000000000000000, 0.000000000000000000, 3.614007241618347785E-16 ) ) ;
#969 = DIRECTION ( 'NONE',  ( -1.000000000000000000, 0.000000000000000000, 1.239088197126290817E-16 ) ) ;
#970 = SURFACE_STYLE_FILL_AREA ( #3195 ) ;
#971 = ORIENTED_EDGE ( 'NONE', *, *, #4786, .F. ) ;
#972 = DIRECTION ( 'NONE',  ( -0.000000000000000000, 0.000000000000000000, 1.000000000000000000 ) ) ;
#973 = EDGE_LOOP ( 'NONE', ( #5032, #3137, #2972, #3711 ) ) ;
#974 = DIRECTION ( 'NONE',  ( -0.000000000000000000, -1.000000000000000000, -0.000000000000000000 ) ) ;
#975 = LINE ( 'NONE', #5379, #3027 ) ;
#976 = ORIENTED_EDGE ( 'NONE', *, *, #4178, .F. ) ;
#977 = DIRECTION ( 'NONE',  ( -1.000000000000000000, 0.000000000000000000, 0.000000000000000000 ) ) ;
#978 = ADVANCED_FACE ( 'NONE', ( #3451 ), #2645, .F. ) ;
#979 = PLANE ( 'NONE',  #577 ) ;
#980 = DIRECTION ( 'NONE',  ( 0.000000000000000000, 0.000000000000000000, 1.000000000000000000 ) ) ;
#981 = EDGE_CURVE ( 'NONE', #2677, #877, #1287, .T. ) ;
#982 = CARTESIAN_POINT ( 'NONE',  ( 0.3749999999999998890, 0.2000000000000000111, -1.749999999999999778 ) ) ;
#983 = VECTOR ( 'NONE', #4973, 1000.000000000000000 ) ;
#984 = VERTEX_POINT ( 'NONE', #3482 ) ;
#985 = VECTOR ( 'NONE', #2339, 1000.000000000000000 ) ;
#986 = ADVANCED_FACE ( 'NONE', ( #3998 ), #5253, .F. ) ;
#987 = COLOUR_RGB ( '',0.7921568627450980005, 0.8196078431372548767, 0.9333333333333333481 ) ;
#988 = ORIENTED_EDGE ( 'NONE', *, *, #1321, .F. ) ;
#989 =( GEOMETRIC_REPRESENTATION_CONTEXT ( 3 ) GLOBAL_UNCERTAINTY_ASSIGNED_CONTEXT ( ( #5512 ) ) GLOBAL_UNIT_ASSIGNED_CONTEXT ( ( #1064, #4990, #546 ) ) REPRESENTATION_CONTEXT ( 'NONE', 'WORKASPACE' ) );
#990 = DIRECTION ( 'NONE',  ( -1.000000000000000000, 0.000000000000000000, 1.141265444721583757E-16 ) ) ;
#991 = ORIENTED_EDGE ( 'NONE', *, *, #4161, .T. ) ;
#992 = CARTESIAN_POINT ( 'NONE',  ( 1.124999999999998668, 0.05000000000000000278, 8.870745047608674793E-16 ) ) ;
#993 = VECTOR ( 'NONE', #1524, 1000.000000000000000 ) ;
#994 = AXIS2_PLACEMENT_3D ( 'NONE', #1576, #1603, #295 ) ;
#995 = VERTEX_POINT ( 'NONE', #2617 ) ;
#996 = AXIS2_PLACEMENT_3D ( 'NONE', #2832, #1525, #4263 ) ;
#997 = FACE_OUTER_BOUND ( 'NONE', #5057, .T. ) ;
#998 = DIRECTION ( 'NONE',  ( 0.000000000000000000, 1.000000000000000000, 0.000000000000000000 ) ) ;
#999 = APPLICATION_PROTOCOL_DEFINITION ( 'draft international standard', 'automotive_design', 1998, #956 ) ;
#1000 = EDGE_CURVE ( 'NONE', #364, #3568, #136, .T. ) ;
#1001 = VERTEX_POINT ( 'NONE', #112 ) ;
#1002 = DIRECTION ( 'NONE',  ( 0.000000000000000000, -1.000000000000000000, 0.000000000000000000 ) ) ;
#1003 = VERTEX_POINT ( 'NONE', #4915 ) ;
#1004 = AXIS2_PLACEMENT_3D ( 'NONE', #91, #498, #2686 ) ;
#1005 = CARTESIAN_POINT ( 'NONE',  ( 1.750000000000000222, 6.949747468305833564, -1.749999999999999778 ) ) ;
#1006 = CARTESIAN_POINT ( 'NONE',  ( -1.394229623805780305, 0.9000000000000000222, -1.527285829309602994 ) ) ;
#1007 = FACE_OUTER_BOUND ( 'NONE', #1736, .T. ) ;
#1008 = AXIS2_PLACEMENT_3D ( 'NONE', #4221, #3454, #234 ) ;
#1009 = PLANE ( 'NONE',  #2400 ) ;
#1010 = AXIS2_PLACEMENT_3D ( 'NONE', #2883, #750, #3050 ) ;
#1011 = PLANE ( 'NONE',  #5482 ) ;
#1012 = DIRECTION ( 'NONE',  ( -1.000000000000000000, 0.000000000000000000, 8.673617379884035472E-16 ) ) ;
#1013 = EDGE_LOOP ( 'NONE', ( #3185, #5758, #294, #759 ) ) ;
#1014 = CARTESIAN_POINT ( 'NONE',  ( 1.750000000000000000, 0.2000000000000000111, 0.1749999999999999611 ) ) ;
#1015 = VERTEX_POINT ( 'NONE', #5342 ) ;
#1016 = EDGE_CURVE ( 'NONE', #2048, #2917, #1099, .T. ) ;
#1017 = EDGE_CURVE ( 'NONE', #3217, #1819, #1024, .T. ) ;
#1018 = EDGE_LOOP ( 'NONE', ( #4483, #190, #5636, #1860 ) ) ;
#1019 = PLANE ( 'NONE',  #1454 ) ;
#1020 = EDGE_CURVE ( 'NONE', #4992, #2132, #3314, .T. ) ;
#1021 = ORIENTED_EDGE ( 'NONE', *, *, #3211, .F. ) ;
#1022 = DIRECTION ( 'NONE',  ( 0.000000000000000000, 0.000000000000000000, 1.000000000000000000 ) ) ;
#1023 = ADVANCED_FACE ( 'NONE', ( #649 ), #3305, .T. ) ;
#1024 = LINE ( 'NONE', #2277, #2858 ) ;
#1025 = DIRECTION ( 'NONE',  ( 0.000000000000000000, 0.000000000000000000, -1.000000000000000000 ) ) ;
#1026 = ADVANCED_FACE ( 'NONE', ( #5595 ), #3750, .T. ) ;
#1027 = ORIENTED_EDGE ( 'NONE', *, *, #3180, .T. ) ;
#1028 = LINE ( 'NONE', #3661, #2770 ) ;
#1029 =( NAMED_UNIT ( * ) PLANE_ANGLE_UNIT ( ) SI_UNIT ( $, .RADIAN. ) );
#1030 = EDGE_LOOP ( 'NONE', ( #499, #5397, #2513, #220 ) ) ;
#1031 = LINE ( 'NONE', #1957, #2001 ) ;
#1032 = FACE_OUTER_BOUND ( 'NONE', #973, .T. ) ;
#1033 = LINE ( 'NONE', #4494, #2000 ) ;
#1034 = CARTESIAN_POINT ( 'NONE',  ( -1.749999999999999778, 0.05000000000000000278, 1.750000000000000666 ) ) ;
#1035 = FACE_OUTER_BOUND ( 'NONE', #2026, .T. ) ;
#1036 = CARTESIAN_POINT ( 'NONE',  ( -1.350000000000000311, 0.2000000000000000111, -1.050000000000000044 ) ) ;
#1037 = DIRECTION ( 'NONE',  ( 0.000000000000000000, -0.000000000000000000, 1.000000000000000000 ) ) ;
#1038 = CARTESIAN_POINT ( 'NONE',  ( 0.7999999999999941602, 0.2000000000000000111, 0.9749999999999999778 ) ) ;
#1039 = DIRECTION ( 'NONE',  ( 0.000000000000000000, 1.000000000000000000, 0.000000000000000000 ) ) ;
#1040 = EDGE_LOOP ( 'NONE', ( #4921, #4963, #3533, #415 ) ) ;
#1041 = EDGE_LOOP ( 'NONE', ( #5081, #2109, #1751, #5582 ) ) ;
#1042 = CARTESIAN_POINT ( 'NONE',  ( -0.7999999999999998224, 0.000000000000000000, -0.5500000000000001554 ) ) ;
#1043 = FACE_OUTER_BOUND ( 'NONE', #4789, .T. ) ;
#1044 = EDGE_LOOP ( 'NONE', ( #1159, #3581 ) ) ;
#1045 = LINE ( 'NONE', #135, #5607 ) ;
#1046 = CARTESIAN_POINT ( 'NONE',  ( 1.750000000000000000, 0.04999999999999999584, 0.1749999999999999611 ) ) ;
#1047 = EDGE_LOOP ( 'NONE', ( #3650, #2795, #324, #2613 ) ) ;
#1048 = VECTOR ( 'NONE', #2962, 1000.000000000000000 ) ;
#1049 = CARTESIAN_POINT ( 'NONE',  ( -1.350000000000000311, 0.05000000000000000278, 0.000000000000000000 ) ) ;
#1050 = CARTESIAN_POINT ( 'NONE',  ( -1.749999999999994449, 0.2000000000000000111, 0.9749999999999999778 ) ) ;
#1051 = EDGE_CURVE ( 'NONE', #3413, #3440, #2903, .T. ) ;
#1052 = EDGE_LOOP ( 'NONE', ( #2120, #4288, #4276, #4220 ) ) ;
#1053 = DIRECTION ( 'NONE',  ( -1.000000000000000000, 0.000000000000000000, 1.239088197126290817E-16 ) ) ;
#1054 = DIRECTION ( 'NONE',  ( -1.000000000000000000, -0.000000000000000000, -0.000000000000000000 ) ) ;
#1055 = EDGE_CURVE ( 'NONE', #5130, #5073, #4683, .T. ) ;
#1056 = CARTESIAN_POINT ( 'NONE',  ( 0.7999999999999998224, 0.2000000000000000111, -0.1500000000000000777 ) ) ;
#1057 = LINE ( 'NONE', #4192, #2942 ) ;
#1058 = EDGE_LOOP ( 'NONE', ( #2082, #2944, #522, #2248 ) ) ;
#1059 = DIRECTION ( 'NONE',  ( 8.673617379884035472E-16, -0.000000000000000000, 1.000000000000000000 ) ) ;
#1060 = AXIS2_PLACEMENT_3D ( 'NONE', #5098, #1536, #668 ) ;
#1061 = CARTESIAN_POINT ( 'NONE',  ( 1.749999999999988454, 0.000000000000000000, 1.275000000000000133 ) ) ;
#1062 = CARTESIAN_POINT ( 'NONE',  ( 0.000000000000000000, 0.05000000000000000278, 0.7249999999999999778 ) ) ;
#1063 = CARTESIAN_POINT ( 'NONE',  ( 0.7999999999999998224, 0.2000000000000000111, -0.5500000000000001554 ) ) ;
#1064 =( LENGTH_UNIT ( ) NAMED_UNIT ( * ) SI_UNIT ( .MILLI., .METRE. ) );
#1065 = ORIENTED_EDGE ( 'NONE', *, *, #5405, .T. ) ;
#1066 = ORIENTED_EDGE ( 'NONE', *, *, #2027, .T. ) ;
#1067 = LINE ( 'NONE', #3767, #4137 ) ;
#1068 = AXIS2_PLACEMENT_3D ( 'NONE', #1783, #355, #1721 ) ;
#1069 = AXIS2_PLACEMENT_3D ( 'NONE', #2315, #1846, #1491 ) ;
#1070 = ORIENTED_EDGE ( 'NONE', *, *, #5409, .T. ) ;
#1071 = CARTESIAN_POINT ( 'NONE',  ( 1.750000000000000222, 0.05000000000000000278, -1.749999999999999778 ) ) ;
#1072 = DIRECTION ( 'NONE',  ( -1.000000000000000000, -0.000000000000000000, -1.141265444721583511E-16 ) ) ;
#1073 = VECTOR ( 'NONE', #1823, 1000.000000000000000 ) ;
#1074 = VECTOR ( 'NONE', #5440, 1000.000000000000000 ) ;
#1075 = ORIENTED_EDGE ( 'NONE', *, *, #695, .T. ) ;
#1076 =( NAMED_UNIT ( * ) SI_UNIT ( $, .STERADIAN. ) SOLID_ANGLE_UNIT ( ) );
#1077 = AXIS2_PLACEMENT_3D ( 'NONE', #3371, #5147, #2913 ) ;
#1078 =( NAMED_UNIT ( * ) SI_UNIT ( $, .STERADIAN. ) SOLID_ANGLE_UNIT ( ) );
#1079 = EDGE_LOOP ( 'NONE', ( #3151, #2074, #3950, #2187 ) ) ;
#1080 = CARTESIAN_POINT ( 'NONE',  ( -0.4500000000000000111, 0.2000000000000000111, -0.6499999999999990230 ) ) ;
#1081 = CIRCLE ( 'NONE', #4337, 0.1514013321328433748 ) ;
#1082 = EDGE_LOOP ( 'NONE', ( #4018, #606, #1924, #1215 ) ) ;
#1083 = VECTOR ( 'NONE', #2924, 1000.000000000000000 ) ;
#1084 = EDGE_CURVE ( 'NONE', #3787, #3628, #674, .T. ) ;
#1085 = LINE ( 'NONE', #709, #5144 ) ;
#1086 = CARTESIAN_POINT ( 'NONE',  ( 0.1499999999999999944, 0.2000000000000000111, -0.6499999999999990230 ) ) ;
#1087 = AXIS2_PLACEMENT_3D ( 'NONE', #1960, #592, #3725 ) ;
#1088 = PLANE ( 'NONE',  #904 ) ;
#1089 = ADVANCED_FACE ( 'NONE', ( #3722 ), #1162, .T. ) ;
#1090 = ORIENTED_EDGE ( 'NONE', *, *, #86, .T. ) ;
#1091 = LINE ( 'NONE', #656, #72 ) ;
#1092 = CARTESIAN_POINT ( 'NONE',  ( 0.7999999999999998224, 0.000000000000000000, -0.5500000000000001554 ) ) ;
#1093 = AXIS2_PLACEMENT_3D ( 'NONE', #941, #4435, #3142 ) ;
#1094 = LINE ( 'NONE', #3760, #2843 ) ;
#1095 = ORIENTED_EDGE ( 'NONE', *, *, #772, .F. ) ;
#1096 = PLANE ( 'NONE',  #326 ) ;
#1097 = VERTEX_POINT ( 'NONE', #2506 ) ;
#1098 = COLOUR_RGB ( '',0.7921568627450980005, 0.8196078431372548767, 0.9333333333333333481 ) ;
#1099 = CIRCLE ( 'NONE', #73, 0.1250000000000003331 ) ;
#1100 = ORIENTED_EDGE ( 'NONE', *, *, #3604, .F. ) ;
#1101 = CARTESIAN_POINT ( 'NONE',  ( -0.7500000000000000000, 0.2000000000000000111, -1.474999999999999867 ) ) ;
#1102 = FACE_OUTER_BOUND ( 'NONE', #5059, .T. ) ;
#1103 = LINE ( 'NONE', #1126, #133 ) ;
#1104 = ORIENTED_EDGE ( 'NONE', *, *, #121, .F. ) ;
#1105 = LINE ( 'NONE', #694, #1083 ) ;
#1106 = DIRECTION ( 'NONE',  ( 1.000000000000000000, 0.000000000000000000, 0.000000000000000000 ) ) ;
#1107 = ORIENTED_EDGE ( 'NONE', *, *, #3978, .T. ) ;
#1108 = VERTEX_POINT ( 'NONE', #4282 ) ;
#1109 = DIRECTION ( 'NONE',  ( 0.000000000000000000, 1.000000000000000000, 0.000000000000000000 ) ) ;
#1110 = VERTEX_POINT ( 'NONE', #290 ) ;
#1111 = UNCERTAINTY_MEASURE_WITH_UNIT (LENGTH_MEASURE( 1.000000000000000082E-05 ), #2177, 'distance_accuracy_value', 'NONE');
#1112 = FACE_OUTER_BOUND ( 'NONE', #4728, .T. ) ;
#1113 = CARTESIAN_POINT ( 'NONE',  ( -0.7500000000000000000, 0.2000000000000000111, -1.474999999999999867 ) ) ;
#1114 = DIRECTION ( 'NONE',  ( 0.000000000000000000, -1.000000000000000000, 0.000000000000000000 ) ) ;
#1115 = EDGE_LOOP ( 'NONE', ( #5045, #1577, #5425, #2207 ) ) ;
#1116 = EDGE_CURVE ( 'NONE', #908, #3034, #2068, .T. ) ;
#1117 = PLANE ( 'NONE',  #3784 ) ;
#1118 = DIRECTION ( 'NONE',  ( -0.000000000000000000, -1.000000000000000000, -0.000000000000000000 ) ) ;
#1119 = EDGE_CURVE ( 'NONE', #3665, #170, #3959, .T. ) ;
#1120 = CARTESIAN_POINT ( 'NONE',  ( 0.7999999999999941602, 0.2000000000000000111, 0.7249999999999999778 ) ) ;
#1121 = EDGE_CURVE ( 'NONE', #3705, #548, #4369, .T. ) ;
#1122 = EDGE_CURVE ( 'NONE', #821, #3367, #4849, .T. ) ;
#1123 = ORIENTED_EDGE ( 'NONE', *, *, #1084, .T. ) ;
#1124 = PLANE ( 'NONE',  #1911 ) ;
#1125 = ADVANCED_FACE ( 'NONE', ( #5165 ), #1198, .T. ) ;
#1126 = CARTESIAN_POINT ( 'NONE',  ( -0.7999999999999999334, 0.2000000000000000111, 0.1749999999999998501 ) ) ;
#1127 = ORIENTED_EDGE ( 'NONE', *, *, #981, .T. ) ;
#1128 = LINE ( 'NONE', #1565, #2753 ) ;
#1129 = DIRECTION ( 'NONE',  ( 1.000000000000000000, 0.000000000000000000, -8.673617379884035472E-16 ) ) ;
#1130 = ORIENTED_EDGE ( 'NONE', *, *, #4211, .F. ) ;
#1131 = PRESENTATION_STYLE_ASSIGNMENT (( #140 ) ) ;
#1132 = AXIS2_PLACEMENT_3D ( 'NONE', #407, #913, #5722 ) ;
#1133 = EDGE_LOOP ( 'NONE', ( #1249, #1095, #142, #3264 ) ) ;
#1134 = DIRECTION ( 'NONE',  ( 0.000000000000000000, -1.000000000000000000, 0.000000000000000000 ) ) ;
#1135 = SURFACE_SIDE_STYLE ('',( #766 ) ) ;
#1136 = EDGE_CURVE ( 'NONE', #995, #1297, #1712, .T. ) ;
#1137 = AXIS2_PLACEMENT_3D ( 'NONE', #4507, #1459, #3219 ) ;
#1138 = CARTESIAN_POINT ( 'NONE',  ( 1.250000000000000000, 0.2000000000000000111, -1.474999999999999867 ) ) ;
#1139 = DIRECTION ( 'NONE',  ( 0.000000000000000000, -0.000000000000000000, 1.000000000000000000 ) ) ;
#1140 = VERTEX_POINT ( 'NONE', #3906 ) ;
#1142 = VECTOR ( 'NONE', #1311, 1000.000000000000000 ) ;
#1141 = LINE ( 'NONE', #2971, #3213 ) ;
#1143 = ORIENTED_EDGE ( 'NONE', *, *, #1718, .T. ) ;
#1144 = ORIENTED_EDGE ( 'NONE', *, *, #1271, .T. ) ;
#1145 = DIRECTION ( 'NONE',  ( -1.141265444721583511E-16, 0.000000000000000000, -1.000000000000000000 ) ) ;
#1146 = CARTESIAN_POINT ( 'NONE',  ( 1.375000000000000000, 0.2000000000000000111, -1.749999999999999778 ) ) ;
#1147 = LINE ( 'NONE', #2456, #2108 ) ;
#1148 = ORIENTED_EDGE ( 'NONE', *, *, #5099, .T. ) ;
#1149 = PLANE ( 'NONE',  #5061 ) ;
#1150 = EDGE_CURVE ( 'NONE', #448, #469, #5248, .T. ) ;
#1151 = VERTEX_POINT ( 'NONE', #4826 ) ;
#1152 = CARTESIAN_POINT ( 'NONE',  ( -1.250000000000000000, 0.2000000000000000111, -1.474999999999999867 ) ) ;
#1153 = DIRECTION ( 'NONE',  ( 0.000000000000000000, 0.000000000000000000, -1.000000000000000000 ) ) ;
#1154 = ORIENTED_EDGE ( 'NONE', *, *, #3868, .T. ) ;
#1155 = DIRECTION ( 'NONE',  ( 0.000000000000000000, 1.000000000000000000, -0.000000000000000000 ) ) ;
#1156 = DIRECTION ( 'NONE',  ( 7.905640841040137320E-17, 0.000000000000000000, -1.000000000000000000 ) ) ;
#1157 = EDGE_CURVE ( 'NONE', #1509, #4177, #1247, .T. ) ;
#1158 = VERTEX_POINT ( 'NONE', #4278 ) ;
#1159 = ORIENTED_EDGE ( 'NONE', *, *, #2539, .F. ) ;
#1160 = FACE_OUTER_BOUND ( 'NONE', #3875, .T. ) ;
#1161 = AXIS2_PLACEMENT_3D ( 'NONE', #2532, #1664, #744 ) ;
#1162 = PLANE ( 'NONE',  #5718 ) ;
#1163 = VECTOR ( 'NONE', #5538, 1000.000000000000000 ) ;
#1164 = UNCERTAINTY_MEASURE_WITH_UNIT (LENGTH_MEASURE( 1.000000000000000082E-05 ), #3635, 'distance_accuracy_value', 'NONE');
#1165 = MECHANICAL_DESIGN_GEOMETRIC_PRESENTATION_REPRESENTATION (  '', ( #5436 ), #5423 ) ;
#1166 = AXIS2_PLACEMENT_3D ( 'NONE', #3323, #2121, #1217 ) ;
#1167 = ADVANCED_FACE ( 'NONE', ( #2093 ), #2064, .T. ) ;
#1168 = DIRECTION ( 'NONE',  ( 1.000000000000000000, -0.000000000000000000, 7.885106708985497909E-16 ) ) ;
#1169 = STYLED_ITEM ( 'NONE', ( #3321 ), #3732 ) ;
#1170 = DIRECTION ( 'NONE',  ( 0.000000000000000000, -0.000000000000000000, 1.000000000000000000 ) ) ;
#1171 = CARTESIAN_POINT ( 'NONE',  ( 0.7999999999999941602, 0.2000000000000000111, 0.7249999999999999778 ) ) ;
#1172 = ORIENTED_EDGE ( 'NONE', *, *, #3369, .T. ) ;
#1173 = DIRECTION ( 'NONE',  ( -0.000000000000000000, -1.000000000000000000, -0.000000000000000000 ) ) ;
#1174 = VERTEX_POINT ( 'NONE', #5653 ) ;
#1175 = VERTEX_POINT ( 'NONE', #2611 ) ;
#1176 = CIRCLE ( 'NONE', #2296, 0.1250000000000003331 ) ;
#1177 = AXIS2_PLACEMENT_3D ( 'NONE', #930, #2694, #4473 ) ;
#1178 = DIRECTION ( 'NONE',  ( 1.000000000000000000, -0.000000000000000000, -1.141265444721583511E-16 ) ) ;
#1179 = VECTOR ( 'NONE', #3409, 1000.000000000000000 ) ;
#1180 = PLANE ( 'NONE',  #813 ) ;
#1181 = DIRECTION ( 'NONE',  ( 0.000000000000000000, -1.000000000000000000, 0.000000000000000000 ) ) ;
#1182 = ORIENTED_EDGE ( 'NONE', *, *, #662, .T. ) ;
#1183 = DIRECTION ( 'NONE',  ( -0.000000000000000000, -1.000000000000000000, -0.000000000000000000 ) ) ;
#1184 = EDGE_CURVE ( 'NONE', #575, #4544, #4393, .T. ) ;
#1185 = VECTOR ( 'NONE', #4223, 1000.000000000000000 ) ;
#1186 = AXIS2_PLACEMENT_3D ( 'NONE', #4648, #113, #1129 ) ;
#1187 = ORIENTED_EDGE ( 'NONE', *, *, #2648, .F. ) ;
#1188 = DIRECTION ( 'NONE',  ( 0.000000000000000000, 1.000000000000000000, 0.000000000000000000 ) ) ;
#1189 = CARTESIAN_POINT ( 'NONE',  ( -1.350000000000000311, 0.2000000000000000111, -0.8000000000000000444 ) ) ;
#1190 = VECTOR ( 'NONE', #5077, 1000.000000000000000 ) ;
#1191 = ORIENTED_EDGE ( 'NONE', *, *, #5027, .F. ) ;
#1192 = VECTOR ( 'NONE', #4833, 1000.000000000000000 ) ;
#1193 = EDGE_CURVE ( 'NONE', #278, #1514, #400, .T. ) ;
#1194 = FACE_OUTER_BOUND ( 'NONE', #3043, .T. ) ;
#1195 = EDGE_CURVE ( 'NONE', #2257, #4038, #3390, .T. ) ;
#1196 = ORIENTED_EDGE ( 'NONE', *, *, #527, .F. ) ;
#1197 = DIRECTION ( 'NONE',  ( -1.000000000000000000, 0.000000000000000000, 1.577021341797098398E-15 ) ) ;
#1198 = PLANE ( 'NONE',  #3088 ) ;
#1199 = FACE_OUTER_BOUND ( 'NONE', #5012, .T. ) ;
#1200 = EDGE_CURVE ( 'NONE', #806, #3524, #1776, .T. ) ;
#1201 = ORIENTED_EDGE ( 'NONE', *, *, #1979, .F. ) ;
#1202 = CARTESIAN_POINT ( 'NONE',  ( 0.7999999999999998224, 0.2000000000000000111, -0.5500000000000001554 ) ) ;
#1203 = AXIS2_PLACEMENT_3D ( 'NONE', #5680, #1197, #4305 ) ;
#1204 = DIRECTION ( 'NONE',  ( 0.000000000000000000, 0.000000000000000000, -1.000000000000000000 ) ) ;
#1205 = EDGE_CURVE ( 'NONE', #3889, #3955, #3159, .T. ) ;
#1206 = PLANE ( 'NONE',  #3666 ) ;
#1207 = LINE ( 'NONE', #4465, #722 ) ;
#1208 = VERTEX_POINT ( 'NONE', #4020 ) ;
#1209 = CARTESIAN_POINT ( 'NONE',  ( 1.375000000000000444, 0.2000000000000000111, -1.474999999999999867 ) ) ;
#1210 = ORIENTED_EDGE ( 'NONE', *, *, #634, .F. ) ;
#1211 = VERTEX_POINT ( 'NONE', #435 ) ;
#1212 = ORIENTED_EDGE ( 'NONE', *, *, #4711, .F. ) ;
#1213 = DIRECTION ( 'NONE',  ( 0.000000000000000000, 0.000000000000000000, 1.000000000000000000 ) ) ;
#1214 = DIRECTION ( 'NONE',  ( 1.000000000000000000, -0.000000000000000000, -8.559490835411878797E-17 ) ) ;
#1215 = ORIENTED_EDGE ( 'NONE', *, *, #1660, .T. ) ;
#1216 = ORIENTED_EDGE ( 'NONE', *, *, #2282, .F. ) ;
#1217 = DIRECTION ( 'NONE',  ( 0.000000000000000000, -0.000000000000000000, -1.000000000000000000 ) ) ;
#1218 = CARTESIAN_POINT ( 'NONE',  ( 0.7999999999999998224, 0.2000000000000000111, -0.1500000000000000777 ) ) ;
#1219 = EDGE_LOOP ( 'NONE', ( #988, #5620, #5480, #3929 ) ) ;
#1220 = LINE ( 'NONE', #2466, #3775 ) ;
#1221 = ORIENTED_EDGE ( 'NONE', *, *, #1579, .T. ) ;
#1222 = VERTEX_POINT ( 'NONE', #4104 ) ;
#1223 = DIRECTION ( 'NONE',  ( -9.035018104045870694E-17, 0.000000000000000000, -1.000000000000000000 ) ) ;
#1224 = PLANE ( 'NONE',  #1473 ) ;
#1225 = EDGE_CURVE ( 'NONE', #3916, #3817, #5390, .T. ) ;
#1226 = EDGE_CURVE ( 'NONE', #504, #4589, #109, .T. ) ;
#1227 = CARTESIAN_POINT ( 'NONE',  ( -1.350000000000000311, 0.2000000000000000111, -0.8000000000000000444 ) ) ;
#1228 = LINE ( 'NONE', #1692, #1450 ) ;
#1229 = DIRECTION ( 'NONE',  ( -0.000000000000000000, -0.000000000000000000, -1.000000000000000000 ) ) ;
#1230 = ORIENTED_EDGE ( 'NONE', *, *, #1121, .T. ) ;
#1231 = LINE ( 'NONE', #3402, #2474 ) ;
#1232 = ORIENTED_EDGE ( 'NONE', *, *, #1235, .T. ) ;
#1233 = VERTEX_POINT ( 'NONE', #3631 ) ;
#1234 = ORIENTED_EDGE ( 'NONE', *, *, #1855, .T. ) ;
#1235 = EDGE_CURVE ( 'NONE', #2062, #1174, #961, .T. ) ;
#1236 = PLANE ( 'NONE',  #4143 ) ;
#1237 = CARTESIAN_POINT ( 'NONE',  ( 1.749999999999994449, 0.000000000000000000, 0.9749999999999999778 ) ) ;
#1238 = EDGE_LOOP ( 'NONE', ( #671, #451, #3640, #5333 ) ) ;
#1239 = FACE_OUTER_BOUND ( 'NONE', #3196, .T. ) ;
#1240 = VECTOR ( 'NONE', #2098, 1000.000000000000000 ) ;
#1241 = ORIENTED_EDGE ( 'NONE', *, *, #3340, .F. ) ;
#1242 = PLANE ( 'NONE',  #3112 ) ;
#1243 = CARTESIAN_POINT ( 'NONE',  ( 0.2500000000000000000, 0.2000000000000000111, -1.474999999999999867 ) ) ;
#1244 = ORIENTED_EDGE ( 'NONE', *, *, #4108, .F. ) ;
#1245 = LINE ( 'NONE', #3011, #3276 ) ;
#1246 = ORIENTED_EDGE ( 'NONE', *, *, #4367, .F. ) ;
#1247 = LINE ( 'NONE', #2503, #581 ) ;
#1248 = DIRECTION ( 'NONE',  ( 1.000000000000000000, 0.000000000000000000, 0.000000000000000000 ) ) ;
#1249 = ORIENTED_EDGE ( 'NONE', *, *, #872, .T. ) ;
#1250 = DIRECTION ( 'NONE',  ( 1.000000000000000000, 0.000000000000000000, 0.000000000000000000 ) ) ;
#1251 = LINE ( 'NONE', #4855, #3695 ) ;
#1252 = LINE ( 'NONE', #3603, #2630 ) ;
#1253 = CARTESIAN_POINT ( 'NONE',  ( -0.7999999999999883871, 0.2000000000000000111, 1.524999999999999911 ) ) ;
#1254 = LINE ( 'NONE', #5756, #510 ) ;
#1255 = CIRCLE ( 'NONE', #1722, 0.1250000000000003331 ) ;
#1256 = DIRECTION ( 'NONE',  ( -1.000000000000000000, 0.000000000000000000, 3.614007241618347785E-16 ) ) ;
#1257 = ORIENTED_EDGE ( 'NONE', *, *, #3707, .T. ) ;
#1258 = VECTOR ( 'NONE', #3086, 1000.000000000000000 ) ;
#1259 = PLANE ( 'NONE',  #2198 ) ;
#1260 = ORIENTED_EDGE ( 'NONE', *, *, #4209, .T. ) ;
#1261 = ORIENTED_EDGE ( 'NONE', *, *, #953, .F. ) ;
#1262 = ADVANCED_FACE ( 'NONE', ( #2273 ), #2220, .T. ) ;
#1263 = AXIS2_PLACEMENT_3D ( 'NONE', #4612, #2757, #2868 ) ;
#1264 = VECTOR ( 'NONE', #5276, 1000.000000000000000 ) ;
#1265 = EDGE_CURVE ( 'NONE', #600, #1503, #2675, .T. ) ;
#1266 = LINE ( 'NONE', #3462, #5429 ) ;
#1267 = CARTESIAN_POINT ( 'NONE',  ( -0.8750000000000003331, 0.2000000000000000111, -1.474999999999999867 ) ) ;
#1268 = ORIENTED_EDGE ( 'NONE', *, *, #5740, .F. ) ;
#1269 = MECHANICAL_DESIGN_GEOMETRIC_PRESENTATION_REPRESENTATION (  '', ( #1453 ), #1365 ) ;
#1270 = PRESENTATION_STYLE_ASSIGNMENT (( #2261 ) ) ;
#1271 = EDGE_CURVE ( 'NONE', #4342, #5645, #4666, .T. ) ;
#1272 = AXIS2_PLACEMENT_3D ( 'NONE', #2075, #3407, #1213 ) ;
#1273 = AXIS2_PLACEMENT_3D ( 'NONE', #4902, #5233, #951 ) ;
#1274 = VECTOR ( 'NONE', #865, 1000.000000000000000 ) ;
#1275 = VERTEX_POINT ( 'NONE', #3993 ) ;
#1276 = FACE_OUTER_BOUND ( 'NONE', #3355, .T. ) ;
#1277 = DIRECTION ( 'NONE',  ( -0.000000000000000000, -1.000000000000000000, -0.000000000000000000 ) ) ;
#1278 = EDGE_CURVE ( 'NONE', #5323, #1666, #1340, .T. ) ;
#1279 = ORIENTED_EDGE ( 'NONE', *, *, #776, .T. ) ;
#1280 = AXIS2_PLACEMENT_3D ( 'NONE', #4807, #2564, #2597 ) ;
#1281 = ORIENTED_EDGE ( 'NONE', *, *, #3036, .T. ) ;
#1282 = CARTESIAN_POINT ( 'NONE',  ( 0.8750000000000003331, 0.000000000000000000, -1.474999999999999867 ) ) ;
#1283 = VECTOR ( 'NONE', #3272, 1000.000000000000000 ) ;
#1284 = EDGE_LOOP ( 'NONE', ( #3769, #5269, #2996, #4677 ) ) ;
#1285 = LINE ( 'NONE', #4457, #1627 ) ;
#1286 = PLANE ( 'NONE',  #3033 ) ;
#1287 = LINE ( 'NONE', #3936, #5171 ) ;
#1288 = VECTOR ( 'NONE', #966, 1000.000000000000000 ) ;
#1289 = DIRECTION ( 'NONE',  ( 0.000000000000000000, 1.000000000000000000, 0.000000000000000000 ) ) ;
#1290 = CARTESIAN_POINT ( 'NONE',  ( -1.749999999999994449, 0.2000000000000000111, 0.7249999999999999778 ) ) ;
#1291 =( GEOMETRIC_REPRESENTATION_CONTEXT ( 3 ) GLOBAL_UNCERTAINTY_ASSIGNED_CONTEXT ( ( #4136 ) ) GLOBAL_UNIT_ASSIGNED_CONTEXT ( ( #3694, #5475, #1076 ) ) REPRESENTATION_CONTEXT ( 'NONE', 'WORKASPACE' ) );
#1292 = DIRECTION ( 'NONE',  ( 0.000000000000000000, 0.000000000000000000, -1.000000000000000000 ) ) ;
#1293 = CARTESIAN_POINT ( 'NONE',  ( -0.1499999999999999944, 0.000000000000000000, -0.6499999999999991340 ) ) ;
#1294 = ORIENTED_EDGE ( 'NONE', *, *, #4501, .T. ) ;
#1295 = LINE ( 'NONE', #2171, #817 ) ;
#1296 = ORIENTED_EDGE ( 'NONE', *, *, #4610, .T. ) ;
#1297 = VERTEX_POINT ( 'NONE', #2156 ) ;
#1298 = CARTESIAN_POINT ( 'NONE',  ( -0.7999999999999998224, 0.2000000000000000111, -0.1500000000000000777 ) ) ;
#1299 = DIRECTION ( 'NONE',  ( 0.000000000000000000, 1.000000000000000000, -0.000000000000000000 ) ) ;
#1300 = EDGE_LOOP ( 'NONE', ( #3099, #26, #5421, #720 ) ) ;
#1301 = EDGE_CURVE ( 'NONE', #1001, #4923, #5682, .T. ) ;
#1302 = EDGE_CURVE ( 'NONE', #5645, #5119, #2640, .T. ) ;
#1303 = ORIENTED_EDGE ( 'NONE', *, *, #125, .T. ) ;
#1304 = CARTESIAN_POINT ( 'NONE',  ( 1.124999999999999778, 0.2000000000000000111, -1.474999999999999867 ) ) ;
#1305 = EDGE_CURVE ( 'NONE', #2934, #3524, #5216, .T. ) ;
#1306 = CARTESIAN_POINT ( 'NONE',  ( 1.124999999999999778, 0.2000000000000000111, -1.474999999999999867 ) ) ;
#1307 = ORIENTED_EDGE ( 'NONE', *, *, #4591, .T. ) ;
#1308 = EDGE_CURVE ( 'NONE', #3304, #1909, #3391, .T. ) ;
#1309 = ORIENTED_EDGE ( 'NONE', *, *, #61, .F. ) ;
#1310 = DIRECTION ( 'NONE',  ( -1.000000000000000000, 0.000000000000000000, 0.000000000000000000 ) ) ;
#1311 = DIRECTION ( 'NONE',  ( -1.000000000000000000, 0.000000000000000000, 0.000000000000000000 ) ) ;
#1312 = ORIENTED_EDGE ( 'NONE', *, *, #4754, .F. ) ;
#1313 = CARTESIAN_POINT ( 'NONE',  ( -1.749999999999994449, 0.2000000000000000111, 0.9749999999999999778 ) ) ;
#1314 = DIRECTION ( 'NONE',  ( 7.885106708985497909E-16, 0.000000000000000000, -1.000000000000000000 ) ) ;
#1315 = DIRECTION ( 'NONE',  ( -1.000000000000000000, 0.000000000000000000, 8.673617379884035472E-16 ) ) ;
#1316 = FILL_AREA_STYLE_COLOUR ( '', #3094 ) ;
#1317 = SURFACE_STYLE_FILL_AREA ( #5286 ) ;
#1318 = LINE ( 'NONE', #1782, #1559 ) ;
#1319 = CARTESIAN_POINT ( 'NONE',  ( -0.7999999999999999334, 0.2000000000000000111, 0.1749999999999998501 ) ) ;
#1320 = DIRECTION ( 'NONE',  ( 1.000000000000000000, 0.000000000000000000, -2.282530889443167022E-16 ) ) ;
#1321 = EDGE_CURVE ( 'NONE', #2424, #5174, #5627, .T. ) ;
#1322 = ORIENTED_EDGE ( 'NONE', *, *, #202, .F. ) ;
#1323 = CARTESIAN_POINT ( 'NONE',  ( -1.394229623805780305, 0.9000000000000000222, -1.375884497176759647 ) ) ;
#1324 = ORIENTED_EDGE ( 'NONE', *, *, #3359, .T. ) ;
#1325 = VERTEX_POINT ( 'NONE', #5654 ) ;
#1326 = DIRECTION ( 'NONE',  ( -0.000000000000000000, 1.000000000000000000, 0.000000000000000000 ) ) ;
#1327 = CARTESIAN_POINT ( 'NONE',  ( 0.7999999999999999334, 0.2000000000000000111, 0.1749999999999998501 ) ) ;
#1328 = ORIENTED_EDGE ( 'NONE', *, *, #3978, .F. ) ;
#1330 = AXIS2_PLACEMENT_3D ( 'NONE', #2802, #629, #4172 ) ;
#1329 = LINE ( 'NONE', #2604, #4064 ) ;
#1331 = DIRECTION ( 'NONE',  ( 0.000000000000000000, -1.000000000000000000, 0.000000000000000000 ) ) ;
#1332 = VECTOR ( 'NONE', #4455, 1000.000000000000000 ) ;
#1333 = ORIENTED_EDGE ( 'NONE', *, *, #48, .T. ) ;
#1334 = CARTESIAN_POINT ( 'NONE',  ( -1.124999999999999778, 0.2000000000000000111, -1.474999999999999867 ) ) ;
#1335 = LINE ( 'NONE', #1368, #4060 ) ;
#1336 = ORIENTED_EDGE ( 'NONE', *, *, #2827, .F. ) ;
#1337 = EDGE_CURVE ( 'NONE', #5293, #4177, #5166, .T. ) ;
#1338 = ORIENTED_EDGE ( 'NONE', *, *, #4709, .T. ) ;
#1339 = DIRECTION ( 'NONE',  ( 1.000000000000000000, 0.000000000000000000, 0.000000000000000000 ) ) ;
#1340 = LINE ( 'NONE', #1923, #5115 ) ;
#1341 = EDGE_LOOP ( 'NONE', ( #646, #168, #392, #5005 ) ) ;
#1342 = DIRECTION ( 'NONE',  ( -1.000000000000000000, 0.000000000000000000, 1.141265444721583511E-16 ) ) ;
#1343 = EDGE_CURVE ( 'NONE', #764, #438, #1683, .T. ) ;
#1344 = FILL_AREA_STYLE_COLOUR ( '', #3188 ) ;
#1345 = LINE ( 'NONE', #3964, #5264 ) ;
#1346 = CARTESIAN_POINT ( 'NONE',  ( 1.750000000000000000, 0.000000000000000000, 0.1749999999999999611 ) ) ;
#1347 = ORIENTED_EDGE ( 'NONE', *, *, #5121, .T. ) ;
#1348 = CARTESIAN_POINT ( 'NONE',  ( 1.475000000000000089, 0.2000000000000000111, -0.9250000000000000444 ) ) ;
#1349 = LINE ( 'NONE', #4029, #3171 ) ;
#1350 = LINE ( 'NONE', #383, #1652 ) ;
#1351 = LINE ( 'NONE', #798, #2460 ) ;
#1352 = CARTESIAN_POINT ( 'NONE',  ( 0.7999999999999998224, 0.05000000000000000278, 0.000000000000000000 ) ) ;
#1353 = ORIENTED_EDGE ( 'NONE', *, *, #3792, .F. ) ;
#1354 = DIRECTION ( 'NONE',  ( 0.000000000000000000, -1.000000000000000000, 0.000000000000000000 ) ) ;
#1355 = VERTEX_POINT ( 'NONE', #312 ) ;
#1356 = ADVANCED_FACE ( 'NONE', ( #3446 ), #5747, .T. ) ;
#1357 = AXIS2_PLACEMENT_3D ( 'NONE', #558, #4110, #4671 ) ;
#1358 = VECTOR ( 'NONE', #3479, 1000.000000000000000 ) ;
#1359 = CARTESIAN_POINT ( 'NONE',  ( -0.1499999999999999944, 0.2000000000000000111, -0.6499999999999991340 ) ) ;
#1360 = CARTESIAN_POINT ( 'NONE',  ( -1.350000000000000311, 0.000000000000000000, -1.050000000000000044 ) ) ;
#1361 = ORIENTED_EDGE ( 'NONE', *, *, #1271, .F. ) ;
#1362 = CARTESIAN_POINT ( 'NONE',  ( 0.8750000000000003331, 0.2000000000000000111, -1.474999999999999867 ) ) ;
#1363 = LINE ( 'NONE', #3804, #159 ) ;
#1364 = VECTOR ( 'NONE', #4506, 1000.000000000000000 ) ;
#1365 =( GEOMETRIC_REPRESENTATION_CONTEXT ( 3 ) GLOBAL_UNCERTAINTY_ASSIGNED_CONTEXT ( ( #3779 ) ) GLOBAL_UNIT_ASSIGNED_CONTEXT ( ( #4565, #1029, #614 ) ) REPRESENTATION_CONTEXT ( 'NONE', 'WORKASPACE' ) );
#1366 = LINE ( 'NONE', #5704, #2562 ) ;
#1367 = CIRCLE ( 'NONE', #1272, 0.1250000000000003331 ) ;
#1368 = CARTESIAN_POINT ( 'NONE',  ( 0.8749999999999998890, 0.2000000000000000111, -1.749999999999999778 ) ) ;
#1369 = VECTOR ( 'NONE', #1678, 1000.000000000000000 ) ;
#1370 = ORIENTED_EDGE ( 'NONE', *, *, #2885, .F. ) ;
#1371 = AXIS2_PLACEMENT_3D ( 'NONE', #4695, #2863, #5118 ) ;
#1372 = VECTOR ( 'NONE', #66, 1000.000000000000000 ) ;
#1373 = AXIS2_PLACEMENT_3D ( 'NONE', #2775, #3204, #4986 ) ;
#1374 = EDGE_LOOP ( 'NONE', ( #4735, #2260, #816, #4778 ) ) ;
#1375 = CARTESIAN_POINT ( 'NONE',  ( -0.7999999999999941602, 0.2000000000000000111, 0.9749999999999999778 ) ) ;
#1376 = VECTOR ( 'NONE', #3, 1000.000000000000000 ) ;
#1377 = VERTEX_POINT ( 'NONE', #3477 ) ;
#1378 = PLANE ( 'NONE',  #2377 ) ;
#1379 = VECTOR ( 'NONE', #1680, 1000.000000000000000 ) ;
#1380 = DIRECTION ( 'NONE',  ( -7.905640841040137320E-17, 0.000000000000000000, 1.000000000000000000 ) ) ;
#1381 = EDGE_CURVE ( 'NONE', #3657, #119, #3257, .T. ) ;
#1382 = ADVANCED_FACE ( 'NONE', ( #1199 ), #4742, .F. ) ;
#1383 = CARTESIAN_POINT ( 'NONE',  ( -1.749999999999999778, 0.000000000000000000, -0.1499999999999999944 ) ) ;
#1384 = AXIS2_PLACEMENT_3D ( 'NONE', #3531, #730, #2061 ) ;
#1385 = DIRECTION ( 'NONE',  ( 0.000000000000000000, 1.000000000000000000, 0.000000000000000000 ) ) ;
#1386 = DIRECTION ( 'NONE',  ( -7.905640841040137320E-17, 0.000000000000000000, 1.000000000000000000 ) ) ;
#1387 = EDGE_CURVE ( 'NONE', #5600, #836, #401, .T. ) ;
#1388 = CARTESIAN_POINT ( 'NONE',  ( -0.7999999999999941602, 0.2000000000000000111, 0.7249999999999999778 ) ) ;
#1389 = ORIENTED_EDGE ( 'NONE', *, *, #2632, .T. ) ;
#1390 = FACE_OUTER_BOUND ( 'NONE', #4076, .T. ) ;
#1391 = PRESENTATION_LAYER_ASSIGNMENT (  '', '', ( #4537 ) ) ;
#1392 = ORIENTED_EDGE ( 'NONE', *, *, #2946, .F. ) ;
#1393 = VECTOR ( 'NONE', #4030, 1000.000000000000000 ) ;
#1394 = ADVANCED_FACE ( 'NONE', ( #794 ), #2555, .F. ) ;
#1395 = LINE ( 'NONE', #5670, #1638 ) ;
#1396 = DIRECTION ( 'NONE',  ( 1.000000000000000000, 0.000000000000000000, -0.000000000000000000 ) ) ;
#1397 = ORIENTED_EDGE ( 'NONE', *, *, #3617, .F. ) ;
#1398 = FACE_OUTER_BOUND ( 'NONE', #3887, .T. ) ;
#1399 = DIRECTION ( 'NONE',  ( 1.000000000000000000, -0.000000000000000000, -0.000000000000000000 ) ) ;
#1400 = LINE ( 'NONE', #3097, #4699 ) ;
#1401 = ORIENTED_EDGE ( 'NONE', *, *, #743, .T. ) ;
#1402 = VERTEX_POINT ( 'NONE', #4933 ) ;
#1403 =( NAMED_UNIT ( * ) SI_UNIT ( $, .STERADIAN. ) SOLID_ANGLE_UNIT ( ) );
#1404 = ORIENTED_EDGE ( 'NONE', *, *, #4116, .T. ) ;
#1405 = CARTESIAN_POINT ( 'NONE',  ( -1.394229623805780305, 1.000000000000000000, -1.375884497176759647 ) ) ;
#1406 = DIRECTION ( 'NONE',  ( -1.000000000000000000, 0.000000000000000000, 1.141265444721583757E-16 ) ) ;
#1407 = LINE ( 'NONE', #3292, #3106 ) ;
#1408 = CARTESIAN_POINT ( 'NONE',  ( 0.000000000000000000, 0.2000000000000000111, 0.000000000000000000 ) ) ;
#1409 = ORIENTED_EDGE ( 'NONE', *, *, #1684, .T. ) ;
#1410 = LINE ( 'NONE', #4059, #3014 ) ;
#1411 = ORIENTED_EDGE ( 'NONE', *, *, #2027, .F. ) ;
#1412 = UNCERTAINTY_MEASURE_WITH_UNIT (LENGTH_MEASURE( 1.000000000000000082E-05 ), #3092, 'distance_accuracy_value', 'NONE');
#1413 = ADVANCED_FACE ( 'NONE', ( #76 ), #1858, .F. ) ;
#1414 = DIRECTION ( 'NONE',  ( 0.000000000000000000, -1.000000000000000000, 0.000000000000000000 ) ) ;
#1415 = CARTESIAN_POINT ( 'NONE',  ( 1.125000000000000000, 0.2000000000000000111, -1.749999999999999556 ) ) ;
#1416 = EDGE_LOOP ( 'NONE', ( #4490, #1725 ) ) ;
#1417 = CYLINDRICAL_SURFACE ( 'NONE', #2298, 0.1250000000000003331 ) ;
#1418 = ADVANCED_FACE ( 'NONE', ( #4099 ), #5408, .F. ) ;
#1419 = FACE_OUTER_BOUND ( 'NONE', #2504, .T. ) ;
#1420 = DIRECTION ( 'NONE',  ( -1.000000000000000000, 0.000000000000000000, 0.000000000000000000 ) ) ;
#1421 = DIRECTION ( 'NONE',  ( -7.885106708985496922E-16, 0.000000000000000000, 1.000000000000000000 ) ) ;
#1422 = CARTESIAN_POINT ( 'NONE',  ( -0.8750000000000001110, 0.2000000000000000111, -1.749999999999999556 ) ) ;
#1423 = ORIENTED_EDGE ( 'NONE', *, *, #2648, .T. ) ;
#1424 = VECTOR ( 'NONE', #2041, 1000.000000000000000 ) ;
#1425 = EDGE_CURVE ( 'NONE', #5453, #2693, #2634, .T. ) ;
#1426 = ORIENTED_EDGE ( 'NONE', *, *, #2873, .T. ) ;
#1427 = LINE ( 'NONE', #3187, #3380 ) ;
#1428 = VERTEX_POINT ( 'NONE', #2213 ) ;
#1429 = CARTESIAN_POINT ( 'NONE',  ( 0.7500000000000000000, 0.2000000000000000111, -1.474999999999999867 ) ) ;
#1430 = CARTESIAN_POINT ( 'NONE',  ( 1.250000000000000000, 0.000000000000000000, -1.474999999999999867 ) ) ;
#1431 = CARTESIAN_POINT ( 'NONE',  ( 0.4499999999999997891, 0.2000000000000000111, 1.750000000000000666 ) ) ;
#1432 = PRESENTATION_LAYER_ASSIGNMENT (  '', '', ( #3947 ) ) ;
#1433 = DIRECTION ( 'NONE',  ( 0.000000000000000000, -0.000000000000000000, 1.000000000000000000 ) ) ;
#1434 = DIRECTION ( 'NONE',  ( -1.577021341797098201E-15, 0.000000000000000000, -1.000000000000000000 ) ) ;
#1435 = LINE ( 'NONE', #1388, #5621 ) ;
#1436 = VERTEX_POINT ( 'NONE', #4680 ) ;
#1437 = CARTESIAN_POINT ( 'NONE',  ( 1.475000000000000089, 0.2000000000000000111, -1.050000000000000044 ) ) ;
#1438 = ORIENTED_EDGE ( 'NONE', *, *, #1055, .F. ) ;
#1439 = CLOSED_SHELL ( 'NONE', ( #459, #4081, #3419, #5655, #3059, #3111, #691, #1698, #3849, #4274, #3565, #3583, #2641, #303, #3126, #588, #5125, #197, #2044, #521, #2978, #4287, #5739, #4362, #5733, #3901, #410, #2047, #4715, #1089, #2616, #4293, #4015, #1026, #1611, #847, #2333, #40, #3990, #5001, #885, #4142, #4346, #4144, #3977, #4026, #2157, #1962, #3348, #3972, #1356, #1512, #1418, #5017, #344, #5307, #4504, #1768, #4965, #1262, #332, #3687, #5548, #1480, #3398, #1740, #482, #4577, #2241, #5402, #5224, #4819, #4632, #485, #4861, #2920, #978, #378, #3783, #838, #2480 ) ) ;
#1440 = CARTESIAN_POINT ( 'NONE',  ( -1.749999999999988454, 0.2000000000000000111, 1.525000000000000133 ) ) ;
#1441 = DIRECTION ( 'NONE',  ( -0.000000000000000000, -0.000000000000000000, -1.000000000000000000 ) ) ;
#1442 = PLANE ( 'NONE',  #1373 ) ;
#1443 = EDGE_CURVE ( 'NONE', #2176, #4048, #701, .T. ) ;
#1444 = EDGE_CURVE ( 'NONE', #1514, #4544, #4239, .T. ) ;
#1445 = CARTESIAN_POINT ( 'NONE',  ( -0.7999999999999941602, 0.2000000000000000111, 0.7249999999999999778 ) ) ;
#1446 = CARTESIAN_POINT ( 'NONE',  ( 0.000000000000000000, 0.05000000000000000278, -0.8000000000000000444 ) ) ;
#1447 = EDGE_CURVE ( 'NONE', #1455, #5296, #1349, .T. ) ;
#1448 = DIRECTION ( 'NONE',  ( 0.000000000000000000, 1.000000000000000000, 0.000000000000000000 ) ) ;
#1449 = PRESENTATION_STYLE_ASSIGNMENT (( #1968 ) ) ;
#1450 = VECTOR ( 'NONE', #2651, 1000.000000000000000 ) ;
#1451 = ORIENTED_EDGE ( 'NONE', *, *, #464, .T. ) ;
#1452 = VECTOR ( 'NONE', #1134, 1000.000000000000000 ) ;
#1453 = STYLED_ITEM ( 'NONE', ( #3225 ), #2699 ) ;
#1454 = AXIS2_PLACEMENT_3D ( 'NONE', #4125, #3686, #5447 ) ;
#1455 = VERTEX_POINT ( 'NONE', #3607 ) ;
#1456 = AXIS2_PLACEMENT_3D ( 'NONE', #5365, #4478, #509 ) ;
#1457 = DIRECTION ( 'NONE',  ( -0.000000000000000000, -1.000000000000000000, -0.000000000000000000 ) ) ;
#1458 = EDGE_CURVE ( 'NONE', #2876, #467, #2683, .T. ) ;
#1459 = DIRECTION ( 'NONE',  ( 0.000000000000000000, 1.000000000000000000, 0.000000000000000000 ) ) ;
#1460 = ORIENTED_EDGE ( 'NONE', *, *, #153, .T. ) ;
#1461 = CARTESIAN_POINT ( 'NONE',  ( -0.7999999999999998224, 0.000000000000000000, -0.5500000000000001554 ) ) ;
#1462 = VECTOR ( 'NONE', #418, 1000.000000000000000 ) ;
#1463 = LINE ( 'NONE', #5076, #4308 ) ;
#1464 =( GEOMETRIC_REPRESENTATION_CONTEXT ( 3 ) GLOBAL_UNCERTAINTY_ASSIGNED_CONTEXT ( ( #1111 ) ) GLOBAL_UNIT_ASSIGNED_CONTEXT ( ( #2177, #2292, #3530 ) ) REPRESENTATION_CONTEXT ( 'NONE', 'WORKASPACE' ) );
#1465 = EDGE_LOOP ( 'NONE', ( #3403, #4752, #5586, #3798 ) ) ;
#1466 = VECTOR ( 'NONE', #2951, 1000.000000000000000 ) ;
#1467 = EDGE_LOOP ( 'NONE', ( #4043, #4784, #4631, #3653 ) ) ;
#1468 = DIRECTION ( 'NONE',  ( -0.000000000000000000, -1.000000000000000000, -0.000000000000000000 ) ) ;
#1469 = EDGE_LOOP ( 'NONE', ( #3689, #2638, #2737, #62 ) ) ;
#1470 = VECTOR ( 'NONE', #5295, 1000.000000000000000 ) ;
#1471 = CARTESIAN_POINT ( 'NONE',  ( 0.000000000000000000, 0.2000000000000000111, 0.000000000000000000 ) ) ;
#1472 = CARTESIAN_POINT ( 'NONE',  ( -0.8750000000000001110, 0.2000000000000000111, -1.749999999999999556 ) ) ;
#1473 = AXIS2_PLACEMENT_3D ( 'NONE', #3077, #4882, #3017 ) ;
#1474 = DIRECTION ( 'NONE',  ( -0.000000000000000000, 1.000000000000000000, -0.000000000000000000 ) ) ;
#1475 = VECTOR ( 'NONE', #5724, 1000.000000000000000 ) ;
#1476 = DIRECTION ( 'NONE',  ( 0.000000000000000000, 1.000000000000000000, 0.000000000000000000 ) ) ;
#1477 = CARTESIAN_POINT ( 'NONE',  ( -1.750000000000000222, 0.2000000000000000111, -0.8000000000000000444 ) ) ;
#1478 = VERTEX_POINT ( 'NONE', #471 ) ;
#1479 = EDGE_CURVE ( 'NONE', #1848, #2218, #3141, .T. ) ;
#1480 = ADVANCED_FACE ( 'NONE', ( #21 ), #1810, .T. ) ;
#1481 = ORIENTED_EDGE ( 'NONE', *, *, #3069, .T. ) ;
#1482 = LINE ( 'NONE', #217, #1626 ) ;
#1483 = ORIENTED_EDGE ( 'NONE', *, *, #932, .T. ) ;
#1484 = DIRECTION ( 'NONE',  ( 0.000000000000000000, -0.000000000000000000, -1.000000000000000000 ) ) ;
#1485 = CARTESIAN_POINT ( 'NONE',  ( 0.7999999999999999334, 0.000000000000000000, 0.1749999999999998501 ) ) ;
#1486 = EDGE_CURVE ( 'NONE', #3628, #5187, #530, .T. ) ;
#1487 = ORIENTED_EDGE ( 'NONE', *, *, #4539, .F. ) ;
#1488 = LINE ( 'NONE', #4213, #2316 ) ;
#1489 = FILL_AREA_STYLE ('',( #3746 ) ) ;
#1490 = ORIENTED_EDGE ( 'NONE', *, *, #3618, .T. ) ;
#1491 = DIRECTION ( 'NONE',  ( -1.000000000000000000, 0.000000000000000000, -0.000000000000000000 ) ) ;
#1492 = ORIENTED_EDGE ( 'NONE', *, *, #1789, .T. ) ;
#1493 = EDGE_CURVE ( 'NONE', #2931, #3030, #4832, .T. ) ;
#1494 = LINE ( 'NONE', #2822, #4421 ) ;
#1495 = DIRECTION ( 'NONE',  ( 1.000000000000000000, -0.000000000000000000, -2.282530889443167022E-16 ) ) ;
#1496 = ORIENTED_EDGE ( 'NONE', *, *, #553, .F. ) ;
#1497 = PLANE ( 'NONE',  #2750 ) ;
#1498 = CARTESIAN_POINT ( 'NONE',  ( -1.749999999999999778, 0.2000000000000000111, -0.5500000000000000444 ) ) ;
#1499 = DIRECTION ( 'NONE',  ( 0.000000000000000000, 1.000000000000000000, 0.000000000000000000 ) ) ;
#1500 = CARTESIAN_POINT ( 'NONE',  ( -0.4499999999999997891, 0.2000000000000000111, 1.750000000000000666 ) ) ;
#1501 = DIRECTION ( 'NONE',  ( -1.577021341797098201E-15, 0.000000000000000000, -1.000000000000000000 ) ) ;
#1502 = FILL_AREA_STYLE_COLOUR ( '', #3118 ) ;
#1503 = VERTEX_POINT ( 'NONE', #4803 ) ;
#1504 = VERTEX_POINT ( 'NONE', #3545 ) ;
#1505 = ORIENTED_EDGE ( 'NONE', *, *, #3177, .T. ) ;
#1506 = CARTESIAN_POINT ( 'NONE',  ( 0.4500000000000000111, 0.2000000000000000111, -0.6499999999999990230 ) ) ;
#1507 = EDGE_CURVE ( 'NONE', #5091, #5376, #2191, .T. ) ;
#1508 = LINE ( 'NONE', #1485, #1800 ) ;
#1509 = VERTEX_POINT ( 'NONE', #5687 ) ;
#1510 = FACE_OUTER_BOUND ( 'NONE', #5550, .T. ) ;
#1511 = LINE ( 'NONE', #531, #167 ) ;
#1512 = ADVANCED_FACE ( 'NONE', ( #3484 ), #3049, .T. ) ;
#1513 = APPLICATION_PROTOCOL_DEFINITION ( 'draft international standard', 'automotive_design', 1998, #3544 ) ;
#1514 = VERTEX_POINT ( 'NONE', #1756 ) ;
#1515 = FACE_OUTER_BOUND ( 'NONE', #2124, .T. ) ;
#1516 = ORIENTED_EDGE ( 'NONE', *, *, #2588, .F. ) ;
#1517 = FACE_OUTER_BOUND ( 'NONE', #804, .T. ) ;
#1518 = DIRECTION ( 'NONE',  ( -7.885106708985496922E-16, 0.000000000000000000, 1.000000000000000000 ) ) ;
#1519 = ORIENTED_EDGE ( 'NONE', *, *, #408, .T. ) ;
#1520 = DIRECTION ( 'NONE',  ( 1.000000000000000000, 0.000000000000000000, -8.673617379884035472E-16 ) ) ;
#1521 = CLOSED_SHELL ( 'NONE', ( #3920, #4781, #3611, #2787, #1591, #163 ) ) ;
#1522 = ORIENTED_EDGE ( 'NONE', *, *, #5575, .F. ) ;
#1523 = DIRECTION ( 'NONE',  ( 1.000000000000000000, 0.000000000000000000, -0.000000000000000000 ) ) ;
#1524 = DIRECTION ( 'NONE',  ( 1.000000000000000000, 0.000000000000000000, 0.000000000000000000 ) ) ;
#1525 = DIRECTION ( 'NONE',  ( 1.000000000000000000, 0.000000000000000000, 0.000000000000000000 ) ) ;
#1526 = EDGE_LOOP ( 'NONE', ( #1813, #3596, #2285, #3346 ) ) ;
#1527 = SURFACE_STYLE_USAGE ( .BOTH. , #4150 ) ;
#1528 = ORIENTED_EDGE ( 'NONE', *, *, #3079, .F. ) ;
#1529 = VERTEX_POINT ( 'NONE', #3518 ) ;
#1530 =( NAMED_UNIT ( * ) PLANE_ANGLE_UNIT ( ) SI_UNIT ( $, .RADIAN. ) );
#1531 = VECTOR ( 'NONE', #623, 1000.000000000000000 ) ;
#1532 = VECTOR ( 'NONE', #4623, 1000.000000000000000 ) ;
#1533 = DIRECTION ( 'NONE',  ( -1.000000000000000000, -0.000000000000000000, -0.000000000000000000 ) ) ;
#1534 = ORIENTED_EDGE ( 'NONE', *, *, #1493, .F. ) ;
#1535 = DIRECTION ( 'NONE',  ( 8.673617379884035472E-16, -0.000000000000000000, 1.000000000000000000 ) ) ;
#1536 = DIRECTION ( 'NONE',  ( -8.559490835411878797E-17, 0.000000000000000000, -1.000000000000000000 ) ) ;
#1537 = VECTOR ( 'NONE', #3096, 1000.000000000000000 ) ;
#1538 = COLOUR_RGB ( '',0.7921568627450980005, 0.8196078431372548767, 0.9333333333333333481 ) ;
#1539 = LINE ( 'NONE', #4649, #1190 ) ;
#1540 = PRODUCT_DEFINITION_FORMATION_WITH_SPECIFIED_SOURCE ( 'ANY', '', #4251, .NOT_KNOWN. ) ;
#1541 = VECTOR ( 'NONE', #3921, 1000.000000000000000 ) ;
#1542 = VERTEX_POINT ( 'NONE', #3888 ) ;
#1543 = CARTESIAN_POINT ( 'NONE',  ( 0.1499999999999998002, 0.000000000000000000, 1.750000000000000666 ) ) ;
#1544 = VECTOR ( 'NONE', #1878, 1000.000000000000000 ) ;
#1545 = ORIENTED_EDGE ( 'NONE', *, *, #559, .T. ) ;
#1546 = EDGE_CURVE ( 'NONE', #4236, #4962, #4630, .T. ) ;
#1547 = VECTOR ( 'NONE', #4663, 1000.000000000000000 ) ;
#1548 = EDGE_CURVE ( 'NONE', #3302, #1529, #4389, .T. ) ;
#1549 = EDGE_CURVE ( 'NONE', #2870, #504, #2577, .T. ) ;
#1550 = DIRECTION ( 'NONE',  ( 0.000000000000000000, 1.000000000000000000, 0.000000000000000000 ) ) ;
#1551 = LINE ( 'NONE', #2824, #5255 ) ;
#1552 = VERTEX_POINT ( 'NONE', #3208 ) ;
#1553 = FACE_OUTER_BOUND ( 'NONE', #4841, .T. ) ;
#1554 = ADVANCED_FACE ( 'NONE', ( #2324 ), #1011, .F. ) ;
#1555 = ORIENTED_EDGE ( 'NONE', *, *, #2435, .F. ) ;
#1556 = ADVANCED_FACE ( 'NONE', ( #3728 ), #5010, .F. ) ;
#1557 = LINE ( 'NONE', #1580, #636 ) ;
#1558 = CARTESIAN_POINT ( 'NONE',  ( 1.475000000000000089, 0.2000000000000000111, -1.050000000000000044 ) ) ;
#1559 = VECTOR ( 'NONE', #4001, 1000.000000000000000 ) ;
#1560 = CARTESIAN_POINT ( 'NONE',  ( 0.000000000000000000, 0.05000000000000000278, 0.7249999999999999778 ) ) ;
#1561 = DIRECTION ( 'NONE',  ( 0.000000000000000000, 0.000000000000000000, 1.000000000000000000 ) ) ;
#1562 = VERTEX_POINT ( 'NONE', #1061 ) ;
#1563 = CARTESIAN_POINT ( 'NONE',  ( -0.1499999999999999944, 0.000000000000000000, -0.6499999999999991340 ) ) ;
#1564 = EDGE_LOOP ( 'NONE', ( #929, #3885, #3404, #491 ) ) ;
#1565 = CARTESIAN_POINT ( 'NONE',  ( -0.4500000000000000111, 0.2000000000000000111, -0.6499999999999990230 ) ) ;
#1566 = CARTESIAN_POINT ( 'NONE',  ( 0.4500000000000000111, 0.000000000000000000, -0.6499999999999990230 ) ) ;
#1567 = EDGE_LOOP ( 'NONE', ( #4867, #5158, #4351, #4407 ) ) ;
#1568 = DIRECTION ( 'NONE',  ( -1.000000000000000000, 0.000000000000000000, 1.577021341797098398E-15 ) ) ;
#1569 = ORIENTED_EDGE ( 'NONE', *, *, #1873, .T. ) ;
#1570 = LINE ( 'NONE', #3331, #1452 ) ;
#1571 = SURFACE_STYLE_USAGE ( .BOTH. , #1135 ) ;
#1572 = CARTESIAN_POINT ( 'NONE',  ( 0.4499999999999997891, 0.2000000000000000111, 1.750000000000000666 ) ) ;
#1573 = LINE ( 'NONE', #5137, #3200 ) ;
#1574 = DIRECTION ( 'NONE',  ( 0.000000000000000000, -0.000000000000000000, 1.000000000000000000 ) ) ;
#1575 = EDGE_LOOP ( 'NONE', ( #2994, #260, #1668, #4101 ) ) ;
#1576 = CARTESIAN_POINT ( 'NONE',  ( -1.749999999999999778, 6.949747468305833564, 1.750000000000000666 ) ) ;
#1577 = ORIENTED_EDGE ( 'NONE', *, *, #4719, .F. ) ;
#1578 = ORIENTED_EDGE ( 'NONE', *, *, #2465, .T. ) ;
#1579 = EDGE_CURVE ( 'NONE', #5187, #3444, #4661, .T. ) ;
#1580 = CARTESIAN_POINT ( 'NONE',  ( -1.750000000000000000, 0.2000000000000000111, 0.1749999999999999611 ) ) ;
#1581 = CARTESIAN_POINT ( 'NONE',  ( 1.475000000000000089, 0.2000000000000000111, -0.8000000000000000444 ) ) ;
#1582 = LINE ( 'NONE', #3319, #1547 ) ;
#1583 = VERTEX_POINT ( 'NONE', #4958 ) ;
#1584 = EDGE_CURVE ( 'NONE', #3721, #1503, #5460, .T. ) ;
#1585 = ORIENTED_EDGE ( 'NONE', *, *, #5049, .F. ) ;
#1586 = CARTESIAN_POINT ( 'NONE',  ( 0.7999999999999941602, 0.2000000000000000111, 0.7249999999999999778 ) ) ;
#1587 = DIRECTION ( 'NONE',  ( 0.000000000000000000, 0.000000000000000000, 1.000000000000000000 ) ) ;
#1588 = ORIENTED_EDGE ( 'NONE', *, *, #2127, .T. ) ;
#1589 = PLANE ( 'NONE',  #2477 ) ;
#1590 = FACE_OUTER_BOUND ( 'NONE', #2536, .T. ) ;
#1591 = ADVANCED_FACE ( 'NONE', ( #2373 ), #2403, .T. ) ;
#1592 = ORIENTED_EDGE ( 'NONE', *, *, #1795, .T. ) ;
#1593 = CARTESIAN_POINT ( 'NONE',  ( 0.7999999999999999334, 0.2000000000000000111, 0.4249999999999998779 ) ) ;
#1594 = ORIENTED_EDGE ( 'NONE', *, *, #5350, .T. ) ;
#1595 = CARTESIAN_POINT ( 'NONE',  ( 1.475000000000000089, 0.2000000000000000111, -1.050000000000000044 ) ) ;
#1596 = CARTESIAN_POINT ( 'NONE',  ( 0.6249999999999998890, 0.2000000000000000111, -1.749999999999999556 ) ) ;
#1597 = ADVANCED_FACE ( 'NONE', ( #101 ), #5489, .F. ) ;
#1598 = DIRECTION ( 'NONE',  ( 0.000000000000000000, 0.000000000000000000, 1.000000000000000000 ) ) ;
#1599 = CARTESIAN_POINT ( 'NONE',  ( 1.750000000000000222, 0.2000000000000000111, -1.050000000000000044 ) ) ;
#1600 = CARTESIAN_POINT ( 'NONE',  ( -1.749999999999988454, 0.000000000000000000, 1.525000000000000133 ) ) ;
#1601 = LINE ( 'NONE', #5223, #3299 ) ;
#1602 = EDGE_LOOP ( 'NONE', ( #2066, #5665, #1863, #2444 ) ) ;
#1603 = DIRECTION ( 'NONE',  ( 1.000000000000000000, -0.000000000000000000, 0.000000000000000000 ) ) ;
#1604 = ORIENTED_EDGE ( 'NONE', *, *, #3306, .T. ) ;
#1605 = ORIENTED_EDGE ( 'NONE', *, *, #2264, .F. ) ;
#1606 = CARTESIAN_POINT ( 'NONE',  ( 1.375000000000000444, 0.2000000000000000111, -1.474999999999999867 ) ) ;
#1607 = DIRECTION ( 'NONE',  ( 0.000000000000000000, -1.000000000000000000, 0.000000000000000000 ) ) ;
#1608 = ADVANCED_FACE ( 'NONE', ( #544 ), #979, .T. ) ;
#1609 = CARTESIAN_POINT ( 'NONE',  ( -0.1249999999999996808, 0.04999999999999999584, -1.474999999999999867 ) ) ;
#1610 = VERTEX_POINT ( 'NONE', #4120 ) ;
#1611 = ADVANCED_FACE ( 'NONE', ( #3258 ), #5028, .F. ) ;
#1612 = VECTOR ( 'NONE', #4398, 1000.000000000000000 ) ;
#1613 = ADVANCED_FACE ( 'NONE', ( #183 ), #156, .F. ) ;
#1614 = ORIENTED_EDGE ( 'NONE', *, *, #1842, .F. ) ;
#1615 = CARTESIAN_POINT ( 'NONE',  ( 0.3749999999999998890, 0.2000000000000000111, -1.749999999999999778 ) ) ;
#1616 = EDGE_CURVE ( 'NONE', #3991, #908, #954, .T. ) ;
#1617 = PLANE ( 'NONE',  #2102 ) ;
#1618 = VERTEX_POINT ( 'NONE', #568 ) ;
#1619 = DIRECTION ( 'NONE',  ( 0.000000000000000000, 1.000000000000000000, 0.000000000000000000 ) ) ;
#1620 = EDGE_CURVE ( 'NONE', #5628, #5112, #4072, .T. ) ;
#1621 = AXIS2_PLACEMENT_3D ( 'NONE', #2991, #3942, #2685 ) ;
#1622 = ORIENTED_EDGE ( 'NONE', *, *, #3570, .T. ) ;
#1623 = AXIS2_PLACEMENT_3D ( 'NONE', #2599, #4809, #4380 ) ;
#1624 = ORIENTED_EDGE ( 'NONE', *, *, #2442, .F. ) ;
#1625 = DIRECTION ( 'NONE',  ( 1.000000000000000000, 0.000000000000000000, -0.000000000000000000 ) ) ;
#1626 = VECTOR ( 'NONE', #169, 1000.000000000000000 ) ;
#1627 = VECTOR ( 'NONE', #1806, 1000.000000000000000 ) ;
#1628 = AXIS2_PLACEMENT_3D ( 'NONE', #5576, #5181, #751 ) ;
#1629 = AXIS2_PLACEMENT_3D ( 'NONE', #2547, #1706, #820 ) ;
#1630 = LINE ( 'NONE', #5597, #4870 ) ;
#1631 = DIRECTION ( 'NONE',  ( 0.000000000000000000, 0.000000000000000000, 1.000000000000000000 ) ) ;
#1632 = EDGE_LOOP ( 'NONE', ( #4226, #3895, #841, #1075 ) ) ;
#1633 = FACE_OUTER_BOUND ( 'NONE', #3802, .T. ) ;
#1634 = VERTEX_POINT ( 'NONE', #1903 ) ;
#1635 = VECTOR ( 'NONE', #3690, 1000.000000000000000 ) ;
#1636 = ORIENTED_EDGE ( 'NONE', *, *, #784, .T. ) ;
#1637 = ORIENTED_EDGE ( 'NONE', *, *, #2821, .F. ) ;
#1638 = VECTOR ( 'NONE', #2740, 1000.000000000000000 ) ;
#1639 = VECTOR ( 'NONE', #269, 1000.000000000000000 ) ;
#1640 = AXIS2_PLACEMENT_3D ( 'NONE', #3221, #4560, #2383 ) ;
#1641 = CARTESIAN_POINT ( 'NONE',  ( -1.124999999999999778, 0.2000000000000000111, -1.474999999999999867 ) ) ;
#1642 = CARTESIAN_POINT ( 'NONE',  ( 1.475000000000000089, 0.2000000000000000111, -0.8000000000000000444 ) ) ;
#1643 = VERTEX_POINT ( 'NONE', #4097 ) ;
#1644 = CARTESIAN_POINT ( 'NONE',  ( -0.7999999999999883871, 0.2000000000000000111, 1.524999999999999911 ) ) ;
#1645 = AXIS2_PLACEMENT_3D ( 'NONE', #474, #4517, #1844 ) ;
#1646 = VECTOR ( 'NONE', #3830, 1000.000000000000000 ) ;
#1647 = ORIENTED_EDGE ( 'NONE', *, *, #3570, .F. ) ;
#1648 = CARTESIAN_POINT ( 'NONE',  ( 0.000000000000000000, 0.2000000000000000111, 0.000000000000000000 ) ) ;
#1649 = LINE ( 'NONE', #3382, #1369 ) ;
#1650 = STYLED_ITEM ( 'NONE', ( #1131 ), #1945 ) ;
#1651 = ORIENTED_EDGE ( 'NONE', *, *, #4596, .F. ) ;
#1652 = VECTOR ( 'NONE', #4856, 1000.000000000000000 ) ;
#1653 = DIRECTION ( 'NONE',  ( 0.000000000000000000, -0.000000000000000000, 1.000000000000000000 ) ) ;
#1654 = EDGE_CURVE ( 'NONE', #4291, #1542, #3624, .T. ) ;
#1655 = ORIENTED_EDGE ( 'NONE', *, *, #272, .F. ) ;
#1656 = SURFACE_STYLE_FILL_AREA ( #3833 ) ;
#1657 = CARTESIAN_POINT ( 'NONE',  ( -1.750000000000000222, 0.2000000000000000111, -0.8000000000000000444 ) ) ;
#1658 = VERTEX_POINT ( 'NONE', #2347 ) ;
#1659 = LINE ( 'NONE', #5195, #605 ) ;
#1660 = EDGE_CURVE ( 'NONE', #2752, #908, #5384, .T. ) ;
#1661 = FACE_OUTER_BOUND ( 'NONE', #3765, .T. ) ;
#1662 = LINE ( 'NONE', #3428, #2723 ) ;
#1663 = FACE_OUTER_BOUND ( 'NONE', #4581, .T. ) ;
#1664 = DIRECTION ( 'NONE',  ( -1.000000000000000000, 0.000000000000000000, -9.035018104045870694E-17 ) ) ;
#1665 = LINE ( 'NONE', #3943, #2846 ) ;
#1666 = VERTEX_POINT ( 'NONE', #5406 ) ;
#1667 = FACE_OUTER_BOUND ( 'NONE', #5067, .T. ) ;
#1668 = ORIENTED_EDGE ( 'NONE', *, *, #3856, .F. ) ;
#1669 = ORIENTED_EDGE ( 'NONE', *, *, #5049, .T. ) ;
#1670 = ORIENTED_EDGE ( 'NONE', *, *, #86, .F. ) ;
#1671 = EDGE_CURVE ( 'NONE', #5163, #3991, #3338, .T. ) ;
#1672 = CARTESIAN_POINT ( 'NONE',  ( 0.6249999999999996669, 0.04999999999999999584, -1.474999999999999867 ) ) ;
#1673 = LINE ( 'NONE', #363, #4341 ) ;
#1674 = ORIENTED_EDGE ( 'NONE', *, *, #5162, .F. ) ;
#1675 = CARTESIAN_POINT ( 'NONE',  ( 1.124999999999999778, 0.2000000000000000111, -1.474999999999999867 ) ) ;
#1676 = ORIENTED_EDGE ( 'NONE', *, *, #5343, .T. ) ;
#1677 = DIRECTION ( 'NONE',  ( 1.577021341797098398E-15, 0.000000000000000000, 1.000000000000000000 ) ) ;
#1678 = DIRECTION ( 'NONE',  ( -1.000000000000000000, 0.000000000000000000, -1.141265444721583511E-16 ) ) ;
#1679 = ORIENTED_EDGE ( 'NONE', *, *, #3792, .T. ) ;
#1680 = DIRECTION ( 'NONE',  ( 0.000000000000000000, -1.000000000000000000, 0.000000000000000000 ) ) ;
#1681 = ORIENTED_EDGE ( 'NONE', *, *, #2507, .F. ) ;
#1682 = CARTESIAN_POINT ( 'NONE',  ( -0.7999999999999999334, 0.2000000000000000111, 0.4249999999999998779 ) ) ;
#1683 = LINE ( 'NONE', #3994, #4658 ) ;
#1684 = EDGE_CURVE ( 'NONE', #4046, #2011, #1719, .T. ) ;
#1685 = ORIENTED_EDGE ( 'NONE', *, *, #158, .F. ) ;
#1686 = DIRECTION ( 'NONE',  ( 1.141265444721583511E-16, 0.000000000000000000, 1.000000000000000000 ) ) ;
#1687 = DIRECTION ( 'NONE',  ( 0.000000000000000000, 0.000000000000000000, -1.000000000000000000 ) ) ;
#1688 = CARTESIAN_POINT ( 'NONE',  ( -0.7999999999999883871, 0.000000000000000000, 1.274999999999999911 ) ) ;
#1689 = AXIS2_PLACEMENT_3D ( 'NONE', #103, #1448, #3212 ) ;
#1690 = EDGE_CURVE ( 'NONE', #5639, #3057, #2487, .T. ) ;
#1691 = PLANE ( 'NONE',  #1008 ) ;
#1692 = CARTESIAN_POINT ( 'NONE',  ( -0.1250000000000001110, 0.000000000000000000, -1.749999999999999778 ) ) ;
#1693 = CARTESIAN_POINT ( 'NONE',  ( -0.1499999999999999944, 0.2000000000000000111, -0.6499999999999991340 ) ) ;
#1694 = PLANE ( 'NONE',  #1623 ) ;
#1695 = EDGE_LOOP ( 'NONE', ( #4452, #2269, #3383, #2239 ) ) ;
#1696 = ORIENTED_EDGE ( 'NONE', *, *, #3172, .T. ) ;
#1697 = ORIENTED_EDGE ( 'NONE', *, *, #516, .T. ) ;
#1698 = ADVANCED_FACE ( 'NONE', ( #2022 ), #243, .F. ) ;
#1699 = VECTOR ( 'NONE', #5191, 1000.000000000000000 ) ;
#1700 = LINE ( 'NONE', #3980, #2837 ) ;
#1701 = CARTESIAN_POINT ( 'NONE',  ( 0.7999999999999998224, 0.2000000000000000111, -0.5500000000000001554 ) ) ;
#1702 = EDGE_LOOP ( 'NONE', ( #1143, #4664, #4975, #5546 ) ) ;
#1703 = CARTESIAN_POINT ( 'NONE',  ( -1.749999999999999778, 0.2000000000000000111, -0.5500000000000000444 ) ) ;
#1704 = ORIENTED_EDGE ( 'NONE', *, *, #1973, .T. ) ;
#1705 = LINE ( 'NONE', #4818, #146 ) ;
#1706 = DIRECTION ( 'NONE',  ( 0.000000000000000000, 1.000000000000000000, 0.000000000000000000 ) ) ;
#1707 = ORIENTED_EDGE ( 'NONE', *, *, #5228, .F. ) ;
#1708 = CLOSED_SHELL ( 'NONE', ( #4474, #2963, #1955, #3739 ) ) ;
#1709 = CARTESIAN_POINT ( 'NONE',  ( -0.7999999999999941602, 0.2000000000000000111, 0.9749999999999999778 ) ) ;
#1710 = ORIENTED_EDGE ( 'NONE', *, *, #3148, .T. ) ;
#1711 = FILL_AREA_STYLE ('',( #2155 ) ) ;
#1712 = LINE ( 'NONE', #3476, #1142 ) ;
#1713 = DIRECTION ( 'NONE',  ( 0.000000000000000000, 0.000000000000000000, -1.000000000000000000 ) ) ;
#1714 = ORIENTED_EDGE ( 'NONE', *, *, #3645, .F. ) ;
#1715 = LINE ( 'NONE', #2133, #423 ) ;
#1716 = DIRECTION ( 'NONE',  ( -1.000000000000000000, 0.000000000000000000, 8.673617379884035472E-16 ) ) ;
#1717 = CARTESIAN_POINT ( 'NONE',  ( 0.3750000000000003331, 0.2000000000000000111, -1.474999999999999867 ) ) ;
#1718 = EDGE_CURVE ( 'NONE', #5073, #2032, #3758, .T. ) ;
#1719 = LINE ( 'NONE', #3370, #2262 ) ;
#1720 = DIRECTION ( 'NONE',  ( 0.000000000000000000, 0.000000000000000000, 1.000000000000000000 ) ) ;
#1721 = DIRECTION ( 'NONE',  ( 0.000000000000000000, 0.000000000000000000, 1.000000000000000000 ) ) ;
#1722 = AXIS2_PLACEMENT_3D ( 'NONE', #1974, #252, #726 ) ;
#1723 = LINE ( 'NONE', #3431, #4898 ) ;
#1724 = EDGE_CURVE ( 'NONE', #4048, #821, #4660, .T. ) ;
#1725 = ORIENTED_EDGE ( 'NONE', *, *, #743, .F. ) ;
#1726 = AXIS2_PLACEMENT_3D ( 'NONE', #4744, #1109, #3777 ) ;
#1727 = PLANE ( 'NONE',  #5420 ) ;
#1728 = ORIENTED_EDGE ( 'NONE', *, *, #5230, .F. ) ;
#1729 = EDGE_CURVE ( 'NONE', #3828, #4992, #857, .T. ) ;
#1730 = STYLED_ITEM ( 'NONE', ( #3389 ), #1983 ) ;
#1731 = EDGE_CURVE ( 'NONE', #430, #1402, #1557, .T. ) ;
#1732 = AXIS2_PLACEMENT_3D ( 'NONE', #1243, #3009, #5707 ) ;
#1733 = LINE ( 'NONE', #864, #1462 ) ;
#1734 = ADVANCED_FACE ( 'NONE', ( #4633 ), #5088, .T. ) ;
#1735 = CARTESIAN_POINT ( 'NONE',  ( 0.7999999999999883871, 0.2000000000000000111, 1.274999999999999911 ) ) ;
#1736 = EDGE_LOOP ( 'NONE', ( #4948, #3262, #2420, #4258 ) ) ;
#1737 = FACE_OUTER_BOUND ( 'NONE', #5048, .T. ) ;
#1738 = VECTOR ( 'NONE', #5206, 1000.000000000000000 ) ;
#1739 = VECTOR ( 'NONE', #5328, 1000.000000000000000 ) ;
#1740 = ADVANCED_FACE ( 'NONE', ( #4730 ), #1117, .T. ) ;
#1741 = VECTOR ( 'NONE', #4484, 1000.000000000000000 ) ;
#1742 = ORIENTED_EDGE ( 'NONE', *, *, #452, .T. ) ;
#1743 = LINE ( 'NONE', #3154, #5612 ) ;
#1744 = CARTESIAN_POINT ( 'NONE',  ( 0.1499999999999998002, 0.2000000000000000111, 1.750000000000000666 ) ) ;
#1745 = ORIENTED_EDGE ( 'NONE', *, *, #4995, .T. ) ;
#1746 = AXIS2_PLACEMENT_3D ( 'NONE', #1086, #2854, #238 ) ;
#1747 = ADVANCED_FACE ( 'NONE', ( #2192 ), #5520, .F. ) ;
#1748 = ORIENTED_EDGE ( 'NONE', *, *, #2264, .T. ) ;
#1749 = DIRECTION ( 'NONE',  ( 0.000000000000000000, -1.000000000000000000, 0.000000000000000000 ) ) ;
#1750 = VECTOR ( 'NONE', #5106, 1000.000000000000000 ) ;
#1751 = ORIENTED_EDGE ( 'NONE', *, *, #1546, .T. ) ;
#1752 = CARTESIAN_POINT ( 'NONE',  ( 0.000000000000000000, 0.05000000000000000278, -1.050000000000000044 ) ) ;
#1753 = DIRECTION ( 'NONE',  ( 1.000000000000000000, 0.000000000000000000, -1.141265444721583757E-16 ) ) ;
#1754 = DIRECTION ( 'NONE',  ( 1.577021341797098398E-15, -0.000000000000000000, 1.000000000000000000 ) ) ;
#1755 = CARTESIAN_POINT ( 'NONE',  ( -0.7999999999999941602, 0.2000000000000000111, 0.9749999999999999778 ) ) ;
#1756 = CARTESIAN_POINT ( 'NONE',  ( -1.750000000000000222, 0.000000000000000000, -0.8000000000000000444 ) ) ;
#1757 = LINE ( 'NONE', #3574, #1393 ) ;
#1758 = FACE_OUTER_BOUND ( 'NONE', #4690, .T. ) ;
#1759 = PLANE ( 'NONE',  #729 ) ;
#1760 = ORIENTED_EDGE ( 'NONE', *, *, #4450, .F. ) ;
#1761 = CARTESIAN_POINT ( 'NONE',  ( -1.350000000000000311, 0.2000000000000000111, -0.8000000000000000444 ) ) ;
#1762 = ORIENTED_EDGE ( 'NONE', *, *, #4925, .T. ) ;
#1763 = EDGE_LOOP ( 'NONE', ( #5189, #3905, #5380, #1307 ) ) ;
#1764 = CARTESIAN_POINT ( 'NONE',  ( -0.7999999999999941602, 0.2000000000000000111, 0.7249999999999999778 ) ) ;
#1765 = FACE_OUTER_BOUND ( 'NONE', #4058, .T. ) ;
#1766 = ORIENTED_EDGE ( 'NONE', *, *, #5383, .T. ) ;
#1767 = DIRECTION ( 'NONE',  ( -0.000000000000000000, -1.000000000000000000, -0.000000000000000000 ) ) ;
#1768 = ADVANCED_FACE ( 'NONE', ( #4693 ), #3966, .T. ) ;
#1769 = ORIENTED_EDGE ( 'NONE', *, *, #583, .T. ) ;
#1770 = DIRECTION ( 'NONE',  ( -0.000000000000000000, -0.000000000000000000, -1.000000000000000000 ) ) ;
#1771 = ADVANCED_FACE ( 'NONE', ( #3793 ), #2912, .F. ) ;
#1772 = PLANE ( 'NONE',  #4599 ) ;
#1773 = ORIENTED_EDGE ( 'NONE', *, *, #5525, .F. ) ;
#1774 = ORIENTED_EDGE ( 'NONE', *, *, #1977, .T. ) ;
#1775 = CARTESIAN_POINT ( 'NONE',  ( -0.7999999999999998224, 0.2000000000000000111, -0.5500000000000001554 ) ) ;
#1776 = LINE ( 'NONE', #466, #5678 ) ;
#1777 = CARTESIAN_POINT ( 'NONE',  ( -0.7999999999999883871, 0.04999999999999999584, 1.524999999999999911 ) ) ;
#1778 = LINE ( 'NONE', #4399, #453 ) ;
#1779 = DIRECTION ( 'NONE',  ( 0.000000000000000000, -0.000000000000000000, 1.000000000000000000 ) ) ;
#1780 = EDGE_CURVE ( 'NONE', #4089, #2132, #2051, .T. ) ;
#1781 = CARTESIAN_POINT ( 'NONE',  ( 1.750000000000000222, 0.05000000000000000278, 1.750000000000000222 ) ) ;
#1782 = CARTESIAN_POINT ( 'NONE',  ( -1.749999999999999778, 0.2000000000000000111, -0.1499999999999999944 ) ) ;
#1783 = CARTESIAN_POINT ( 'NONE',  ( 1.750000000000000000, 0.2000000000000000111, 0.1749999999999999611 ) ) ;
#1784 =( LENGTH_UNIT ( ) NAMED_UNIT ( * ) SI_UNIT ( .MILLI., .METRE. ) );
#1785 = ORIENTED_EDGE ( 'NONE', *, *, #5623, .T. ) ;
#1786 = FACE_OUTER_BOUND ( 'NONE', #3494, .T. ) ;
#1787 = VERTEX_POINT ( 'NONE', #1993 ) ;
#1788 = VECTOR ( 'NONE', #3932, 1000.000000000000000 ) ;
#1789 = EDGE_CURVE ( 'NONE', #3013, #3846, #1091, .T. ) ;
#1790 = CARTESIAN_POINT ( 'NONE',  ( -1.750000000000000222, 0.000000000000000000, -1.050000000000000044 ) ) ;
#1791 = CARTESIAN_POINT ( 'NONE',  ( 0.7999999999999883871, 0.2000000000000000111, 1.274999999999999911 ) ) ;
#1792 = ORIENTED_EDGE ( 'NONE', *, *, #3868, .F. ) ;
#1793 = FILL_AREA_STYLE ('',( #2715 ) ) ;
#1794 = PLANE ( 'NONE',  #538 ) ;
#1795 = EDGE_CURVE ( 'NONE', #3436, #2810, #4375, .T. ) ;
#1796 = CARTESIAN_POINT ( 'NONE',  ( 1.749999999999994449, 0.2000000000000000111, 0.9749999999999999778 ) ) ;
#1797 = CARTESIAN_POINT ( 'NONE',  ( 0.7999999999999999334, 0.000000000000000000, 0.1749999999999998501 ) ) ;
#1798 = EDGE_LOOP ( 'NONE', ( #5589, #4605, #3448, #59 ) ) ;
#1799 = EDGE_CURVE ( 'NONE', #1436, #5019, #2427, .T. ) ;
#1800 = VECTOR ( 'NONE', #1072, 1000.000000000000000 ) ;
#1801 = EDGE_CURVE ( 'NONE', #2071, #2752, #3547, .T. ) ;
#1802 = VERTEX_POINT ( 'NONE', #494 ) ;
#1803 = LINE ( 'NONE', #4643, #2659 ) ;
#1804 = MECHANICAL_DESIGN_GEOMETRIC_PRESENTATION_REPRESENTATION (  '', ( #2081 ), #5221 ) ;
#1805 = EDGE_LOOP ( 'NONE', ( #2565, #5433, #785, #2867 ) ) ;
#1806 = DIRECTION ( 'NONE',  ( -1.000000000000000000, 0.000000000000000000, 1.239088197126290817E-16 ) ) ;
#1807 =( LENGTH_UNIT ( ) NAMED_UNIT ( * ) SI_UNIT ( .MILLI., .METRE. ) );
#1808 = ADVANCED_FACE ( 'NONE', ( #997 ), #5371, .F. ) ;
#1809 = DIRECTION ( 'NONE',  ( -1.000000000000000000, 0.000000000000000000, 0.000000000000000000 ) ) ;
#1810 = PLANE ( 'NONE',  #5393 ) ;
#1811 = FACE_BOUND ( 'NONE', #1416, .T. ) ;
#1812 = CARTESIAN_POINT ( 'NONE',  ( -1.125000000000000222, 0.2000000000000000111, -1.749999999999999778 ) ) ;
#1813 = ORIENTED_EDGE ( 'NONE', *, *, #2925, .T. ) ;
#1814 = CARTESIAN_POINT ( 'NONE',  ( 0.000000000000000000, 0.05000000000000000278, -0.8000000000000000444 ) ) ;
#1815 = ORIENTED_EDGE ( 'NONE', *, *, #280, .T. ) ;
#1816 = VECTOR ( 'NONE', #2620, 1000.000000000000000 ) ;
#1817 = PLANE ( 'NONE',  #5346 ) ;
#1818 = CARTESIAN_POINT ( 'NONE',  ( 0.7999999999999998224, 0.05000000000000000278, -0.5500000000000001554 ) ) ;
#1819 = VERTEX_POINT ( 'NONE', #1383 ) ;
#1820 = MANIFOLD_SOLID_BREP ( 'Boss-Extrude4[11]', #3843 ) ;
#1821 = CARTESIAN_POINT ( 'NONE',  ( 0.8750000000000003331, 0.2000000000000000111, -1.474999999999999867 ) ) ;
#1822 = AXIS2_PLACEMENT_3D ( 'NONE', #2639, #5713, #1831 ) ;
#1823 = DIRECTION ( 'NONE',  ( -0.000000000000000000, -1.000000000000000000, -0.000000000000000000 ) ) ;
#1824 = AXIS2_PLACEMENT_3D ( 'NONE', #455, #2205, #3528 ) ;
#1825 = LINE ( 'NONE', #3066, #42 ) ;
#1826 = AXIS2_PLACEMENT_3D ( 'NONE', #4141, #4119, #4094 ) ;
#1827 = EDGE_LOOP ( 'NONE', ( #2952, #3266, #4817, #4579 ) ) ;
#1828 = AXIS2_PLACEMENT_3D ( 'NONE', #3243, #5392, #2730 ) ;
#1829 = AXIS2_PLACEMENT_3D ( 'NONE', #1761, #3917, #3553 ) ;
#1830 = ORIENTED_EDGE ( 'NONE', *, *, #4892, .T. ) ;
#1831 = DIRECTION ( 'NONE',  ( -1.000000000000000000, 0.000000000000000000, -8.559490835411878797E-17 ) ) ;
#1832 = VECTOR ( 'NONE', #4835, 1000.000000000000000 ) ;
#1833 = EDGE_CURVE ( 'NONE', #2752, #4738, #470, .T. ) ;
#1834 = ORIENTED_EDGE ( 'NONE', *, *, #1225, .T. ) ;
#1835 = LINE ( 'NONE', #1916, #1741 ) ;
#1836 = EDGE_CURVE ( 'NONE', #5093, #92, #4000, .T. ) ;
#1837 = PRESENTATION_STYLE_ASSIGNMENT (( #84 ) ) ;
#1838 =( NAMED_UNIT ( * ) PLANE_ANGLE_UNIT ( ) SI_UNIT ( $, .RADIAN. ) );
#1839 = VECTOR ( 'NONE', #483, 1000.000000000000000 ) ;
#1840 = LINE ( 'NONE', #2253, #826 ) ;
#1841 = CARTESIAN_POINT ( 'NONE',  ( 1.749999999999988454, 0.2000000000000000111, 1.525000000000000133 ) ) ;
#1842 = EDGE_CURVE ( 'NONE', #2329, #4669, #3606, .T. ) ;
#1843 = CARTESIAN_POINT ( 'NONE',  ( 1.749999999999994449, 0.2000000000000000111, 0.7249999999999999778 ) ) ;
#1844 = DIRECTION ( 'NONE',  ( 1.000000000000000000, 0.000000000000000000, -0.000000000000000000 ) ) ;
#1845 = VERTEX_POINT ( 'NONE', #3163 ) ;
#1846 = DIRECTION ( 'NONE',  ( 0.000000000000000000, 0.000000000000000000, -1.000000000000000000 ) ) ;
#1847 = VECTOR ( 'NONE', #3108, 1000.000000000000000 ) ;
#1848 = VERTEX_POINT ( 'NONE', #2731 ) ;
#1849 = VECTOR ( 'NONE', #5082, 1000.000000000000000 ) ;
#1850 = PLANE ( 'NONE',  #889 ) ;
#1851 = DIRECTION ( 'NONE',  ( -1.000000000000000000, -0.000000000000000000, -1.141265444721583757E-16 ) ) ;
#1852 = ORIENTED_EDGE ( 'NONE', *, *, #2716, .F. ) ;
#1853 = FILL_AREA_STYLE ('',( #893 ) ) ;
#1854 = CARTESIAN_POINT ( 'NONE',  ( 0.7999999999999941602, 0.05000000000000000278, 0.7249999999999999778 ) ) ;
#1855 = EDGE_CURVE ( 'NONE', #1504, #4338, #3193, .T. ) ;
#1856 = CARTESIAN_POINT ( 'NONE',  ( 1.750000000000000000, 0.2000000000000000111, 0.1749999999999999611 ) ) ;
#1857 = LINE ( 'NONE', #3182, #3392 ) ;
#1858 = PLANE ( 'NONE',  #6 ) ;
#1859 = PLANE ( 'NONE',  #3674 ) ;
#1860 = ORIENTED_EDGE ( 'NONE', *, *, #3778, .T. ) ;
#1861 = ORIENTED_EDGE ( 'NONE', *, *, #5160, .F. ) ;
#1862 = LINE ( 'NONE', #4019, #4331 ) ;
#1863 = ORIENTED_EDGE ( 'NONE', *, *, #4641, .F. ) ;
#1864 = CARTESIAN_POINT ( 'NONE',  ( 0.7999999999999883871, 0.2000000000000000111, 1.274999999999999911 ) ) ;
#1865 =( NAMED_UNIT ( * ) SI_UNIT ( $, .STERADIAN. ) SOLID_ANGLE_UNIT ( ) );
#1866 = DIRECTION ( 'NONE',  ( 0.000000000000000000, 0.000000000000000000, 1.000000000000000000 ) ) ;
#1867 = EDGE_CURVE ( 'NONE', #241, #1151, #4028, .T. ) ;
#1868 = PLANE ( 'NONE',  #1357 ) ;
#1869 =( LENGTH_UNIT ( ) NAMED_UNIT ( * ) SI_UNIT ( .MILLI., .METRE. ) );
#1870 = ORIENTED_EDGE ( 'NONE', *, *, #189, .T. ) ;
#1871 = LINE ( 'NONE', #1437, #2739 ) ;
#1872 = ORIENTED_EDGE ( 'NONE', *, *, #1874, .T. ) ;
#1873 = EDGE_CURVE ( 'NONE', #4338, #4212, #4053, .T. ) ;
#1874 = EDGE_CURVE ( 'NONE', #3952, #1158, #4432, .T. ) ;
#1875 = FACE_OUTER_BOUND ( 'NONE', #1465, .T. ) ;
#1876 = LINE ( 'NONE', #67, #443 ) ;
#1877 = EDGE_LOOP ( 'NONE', ( #3761, #4445, #4557, #4764 ) ) ;
#1878 = DIRECTION ( 'NONE',  ( 1.000000000000000000, -0.000000000000000000, -0.000000000000000000 ) ) ;
#1879 = FACE_OUTER_BOUND ( 'NONE', #357, .T. ) ;
#1880 = DIRECTION ( 'NONE',  ( -0.000000000000000000, -0.000000000000000000, -1.000000000000000000 ) ) ;
#1881 = DIRECTION ( 'NONE',  ( 0.000000000000000000, 1.000000000000000000, 0.000000000000000000 ) ) ;
#1882 = SURFACE_STYLE_FILL_AREA ( #2805 ) ;
#1883 = EDGE_LOOP ( 'NONE', ( #1257, #349, #1870, #3989 ) ) ;
#1884 = MANIFOLD_SOLID_BREP ( 'Boss-Extrude4[14]', #2637 ) ;
#1885 = ORIENTED_EDGE ( 'NONE', *, *, #452, .F. ) ;
#1886 = LINE ( 'NONE', #4538, #4428 ) ;
#1887 = DIRECTION ( 'NONE',  ( 0.000000000000000000, -1.000000000000000000, 0.000000000000000000 ) ) ;
#1888 = ORIENTED_EDGE ( 'NONE', *, *, #2282, .T. ) ;
#1889 = DIRECTION ( 'NONE',  ( 7.885106708985497909E-16, 0.000000000000000000, -1.000000000000000000 ) ) ;
#1890 = CARTESIAN_POINT ( 'NONE',  ( 1.750000000000000222, 0.05000000000000000278, 1.750000000000000222 ) ) ;
#1891 = ORIENTED_EDGE ( 'NONE', *, *, #514, .F. ) ;
#1892 =( NAMED_UNIT ( * ) SI_UNIT ( $, .STERADIAN. ) SOLID_ANGLE_UNIT ( ) );
#1893 = ORIENTED_EDGE ( 'NONE', *, *, #1836, .T. ) ;
#1894 = DIRECTION ( 'NONE',  ( 1.000000000000000000, -0.000000000000000000, -0.000000000000000000 ) ) ;
#1895 = VERTEX_POINT ( 'NONE', #54 ) ;
#1896 = CLOSED_SHELL ( 'NONE', ( #4228, #580, #3551, #2308, #1608, #4042 ) ) ;
#1897 = ADVANCED_FACE ( 'NONE', ( #1510 ), #699, .F. ) ;
#1898 = CARTESIAN_POINT ( 'NONE',  ( 0.7999999999999883871, 0.2000000000000000111, 1.524999999999999911 ) ) ;
#1899 = LINE ( 'NONE', #5056, #4246 ) ;
#1900 = CARTESIAN_POINT ( 'NONE',  ( -0.7999999999999941602, 0.000000000000000000, 0.9749999999999999778 ) ) ;
#1901 = EDGE_CURVE ( 'NONE', #2218, #2491, #1952, .T. ) ;
#1902 = EDGE_CURVE ( 'NONE', #3657, #2032, #1488, .T. ) ;
#1903 = CARTESIAN_POINT ( 'NONE',  ( 1.749999999999994449, 0.04999999999999999584, 0.7249999999999999778 ) ) ;
#1904 = DIRECTION ( 'NONE',  ( 1.577021341797098398E-15, -0.000000000000000000, 1.000000000000000000 ) ) ;
#1905 = ORIENTED_EDGE ( 'NONE', *, *, #2435, .T. ) ;
#1906 = CARTESIAN_POINT ( 'NONE',  ( 1.250000000000000000, 0.2000000000000000111, -1.474999999999999867 ) ) ;
#1907 = EDGE_CURVE ( 'NONE', #3568, #3249, #3300, .T. ) ;
#1908 = VECTOR ( 'NONE', #3083, 1000.000000000000000 ) ;
#1909 = VERTEX_POINT ( 'NONE', #4584 ) ;
#1910 = VECTOR ( 'NONE', #2159, 1000.000000000000000 ) ;
#1911 = AXIS2_PLACEMENT_3D ( 'NONE', #2891, #1188, #2955 ) ;
#1912 = VERTEX_POINT ( 'NONE', #5422 ) ;
#1913 = VECTOR ( 'NONE', #462, 1000.000000000000000 ) ;
#1914 = CARTESIAN_POINT ( 'NONE',  ( 0.000000000000000000, 0.000000000000000000, 0.000000000000000000 ) ) ;
#1915 = VERTEX_POINT ( 'NONE', #3743 ) ;
#1916 = CARTESIAN_POINT ( 'NONE',  ( 1.750000000000000222, 1.000000000000000000, 1.750000000000000222 ) ) ;
#1917 = VECTOR ( 'NONE', #4449, 1000.000000000000000 ) ;
#1918 = DIRECTION ( 'NONE',  ( -1.000000000000000000, -0.000000000000000000, -1.141265444721583511E-16 ) ) ;
#1919 = MECHANICAL_DESIGN_GEOMETRIC_PRESENTATION_REPRESENTATION (  '', ( #3395 ), #1464 ) ;
#1920 = EDGE_CURVE ( 'NONE', #4158, #4422, #1028, .T. ) ;
#1921 = VECTOR ( 'NONE', #564, 1000.000000000000000 ) ;
#1922 = DIRECTION ( 'NONE',  ( 1.000000000000000000, 0.000000000000000000, 0.000000000000000000 ) ) ;
#1923 = CARTESIAN_POINT ( 'NONE',  ( -1.749999999999999778, 0.05000000000000000278, 1.750000000000000666 ) ) ;
#1924 = ORIENTED_EDGE ( 'NONE', *, *, #1833, .F. ) ;
#1925 = CYLINDRICAL_SURFACE ( 'NONE', #3107, 0.1250000000000003331 ) ;
#1926 = CARTESIAN_POINT ( 'NONE',  ( -1.749999999999999778, 0.04999999999999999584, -0.1499999999999999944 ) ) ;
#1927 = VECTOR ( 'NONE', #4571, 1000.000000000000000 ) ;
#1928 = VECTOR ( 'NONE', #1106, 1000.000000000000000 ) ;
#1929 = ADVANCED_FACE ( 'NONE', ( #3717 ), #4678, .F. ) ;
#1930 = COLOUR_RGB ( '',0.7921568627450980005, 0.8196078431372548767, 0.9333333333333333481 ) ;
#1931 = LINE ( 'NONE', #4982, #1531 ) ;
#1932 = DIRECTION ( 'NONE',  ( 9.035018104045870694E-17, -0.000000000000000000, -1.000000000000000000 ) ) ;
#1933 = CARTESIAN_POINT ( 'NONE',  ( 0.7999999999999941602, 0.2000000000000000111, 0.7249999999999999778 ) ) ;
#1934 = VECTOR ( 'NONE', #1716, 1000.000000000000000 ) ;
#1935 = CARTESIAN_POINT ( 'NONE',  ( -0.7999999999999941602, 0.2000000000000000111, 0.9749999999999999778 ) ) ;
#1936 = EDGE_CURVE ( 'NONE', #5677, #5093, #611, .T. ) ;
#1937 = EDGE_CURVE ( 'NONE', #1915, #4847, #5043, .T. ) ;
#1938 = CARTESIAN_POINT ( 'NONE',  ( -0.7999999999999883871, 0.2000000000000000111, 1.274999999999999911 ) ) ;
#1939 = DIRECTION ( 'NONE',  ( 1.000000000000000000, 0.000000000000000000, 1.141265444721583511E-16 ) ) ;
#1940 = EDGE_CURVE ( 'NONE', #5174, #1455, #1539, .T. ) ;
#1941 = PLANE ( 'NONE',  #996 ) ;
#1942 = ORIENTED_EDGE ( 'NONE', *, *, #4518, .T. ) ;
#1943 = SURFACE_SIDE_STYLE ('',( #1882 ) ) ;
#1944 = ORIENTED_EDGE ( 'NONE', *, *, #3216, .F. ) ;
#1945 = MANIFOLD_SOLID_BREP ( 'Boss-Extrude4[15]', #4215 ) ;
#1946 = EDGE_CURVE ( 'NONE', #4953, #3434, #2847, .T. ) ;
#1947 = ORIENTED_EDGE ( 'NONE', *, *, #527, .T. ) ;
#1948 = VERTEX_POINT ( 'NONE', #4185 ) ;
#1949 = PLANE ( 'NONE',  #3122 ) ;
#1950 = CARTESIAN_POINT ( 'NONE',  ( -1.375000000000000444, 0.2000000000000000111, -1.474999999999999867 ) ) ;
#1951 = ORIENTED_EDGE ( 'NONE', *, *, #1000, .F. ) ;
#1952 = LINE ( 'NONE', #115, #450 ) ;
#1953 = LINE ( 'NONE', #4131, #1283 ) ;
#1954 = MANIFOLD_SOLID_BREP ( 'Boss-Extrude4[6]', #2728 ) ;
#1955 = ADVANCED_FACE ( 'NONE', ( #3807 ), #2443, .T. ) ;
#1956 = VERTEX_POINT ( 'NONE', #2130 ) ;
#1957 = CARTESIAN_POINT ( 'NONE',  ( -1.749999999999988454, 0.2000000000000000111, 1.275000000000000133 ) ) ;
#1958 = ORIENTED_EDGE ( 'NONE', *, *, #772, .T. ) ;
#1959 = DIRECTION ( 'NONE',  ( 0.000000000000000000, 0.000000000000000000, 1.000000000000000000 ) ) ;
#1960 = CARTESIAN_POINT ( 'NONE',  ( 0.000000000000000000, 0.2000000000000000111, 0.000000000000000000 ) ) ;
#1961 = CARTESIAN_POINT ( 'NONE',  ( -1.749999999999999778, 0.05000000000000000278, 0.7249999999999999778 ) ) ;
#1962 = ADVANCED_FACE ( 'NONE', ( #825 ), #4714, .T. ) ;
#1963 = MANIFOLD_SOLID_BREP ( 'Boss-Extrude4[4]', #1521 ) ;
#1964 = VERTEX_POINT ( 'NONE', #1682 ) ;
#1965 = DIRECTION ( 'NONE',  ( 1.000000000000000000, 0.000000000000000000, 0.000000000000000000 ) ) ;
#1966 = LINE ( 'NONE', #3260, #4148 ) ;
#1967 = CARTESIAN_POINT ( 'NONE',  ( 0.6249999999999998890, 0.2000000000000000111, -1.749999999999999556 ) ) ;
#1968 = SURFACE_STYLE_USAGE ( .BOTH. , #1997 ) ;
#1969 = ORIENTED_EDGE ( 'NONE', *, *, #4885, .T. ) ;
#1970 = AXIS2_PLACEMENT_3D ( 'NONE', #5192, #2526, #4307 ) ;
#1971 = ORIENTED_EDGE ( 'NONE', *, *, #553, .T. ) ;
#1972 = CARTESIAN_POINT ( 'NONE',  ( -1.124999999999999778, 0.000000000000000000, -1.474999999999999867 ) ) ;
#1973 = EDGE_CURVE ( 'NONE', #4858, #4669, #3445, .T. ) ;
#1974 = CARTESIAN_POINT ( 'NONE',  ( 0.7500000000000000000, 0.04999999999999999584, -1.474999999999999867 ) ) ;
#1975 = ORIENTED_EDGE ( 'NONE', *, *, #704, .T. ) ;
#1976 = DIRECTION ( 'NONE',  ( 0.000000000000000000, 0.000000000000000000, 1.000000000000000000 ) ) ;
#1977 = EDGE_CURVE ( 'NONE', #3749, #4291, #4825, .T. ) ;
#1978 = DIRECTION ( 'NONE',  ( 0.000000000000000000, 0.000000000000000000, 1.000000000000000000 ) ) ;
#1979 = EDGE_CURVE ( 'NONE', #3554, #5376, #2502, .T. ) ;
#1980 = ORIENTED_EDGE ( 'NONE', *, *, #4085, .F. ) ;
#1981 = VECTOR ( 'NONE', #3514, 1000.000000000000000 ) ;
#1982 = DIRECTION ( 'NONE',  ( 9.035018104045870694E-17, 0.000000000000000000, 1.000000000000000000 ) ) ;
#1983 = MANIFOLD_SOLID_BREP ( 'Boss-Extrude3', #1708 ) ;
#1984 = ORIENTED_EDGE ( 'NONE', *, *, #4746, .F. ) ;
#1985 = FACE_OUTER_BOUND ( 'NONE', #921, .T. ) ;
#1986 = VERTEX_POINT ( 'NONE', #4047 ) ;
#1987 = UNCERTAINTY_MEASURE_WITH_UNIT (LENGTH_MEASURE( 1.000000000000000082E-05 ), #5751, 'distance_accuracy_value', 'NONE');
#1988 = CARTESIAN_POINT ( 'NONE',  ( 1.124999999999999778, 0.04999999999999999584, -1.474999999999999867 ) ) ;
#1989 = DIRECTION ( 'NONE',  ( -1.141265444721583511E-16, 0.000000000000000000, 1.000000000000000000 ) ) ;
#1990 = CARTESIAN_POINT ( 'NONE',  ( -0.8750000000000003331, 0.2000000000000000111, -1.474999999999999867 ) ) ;
#1991 = STYLED_ITEM ( 'NONE', ( #3046 ), #47 ) ;
#1992 = ORIENTED_EDGE ( 'NONE', *, *, #4114, .F. ) ;
#1993 = CARTESIAN_POINT ( 'NONE',  ( 0.1499999999999998002, 0.2000000000000000111, 1.750000000000000666 ) ) ;
#1994 = CARTESIAN_POINT ( 'NONE',  ( -0.7999999999999998224, 0.2000000000000000111, -0.5500000000000001554 ) ) ;
#1995 = DIRECTION ( 'NONE',  ( 1.000000000000000000, 0.000000000000000000, 1.141265444721583511E-16 ) ) ;
#1996 = VERTEX_POINT ( 'NONE', #2272 ) ;
#1997 = SURFACE_SIDE_STYLE ('',( #5033 ) ) ;
#1998 = ORIENTED_EDGE ( 'NONE', *, *, #3048, .F. ) ;
#1999 = ORIENTED_EDGE ( 'NONE', *, *, #5317, .T. ) ;
#2000 = VECTOR ( 'NONE', #974, 1000.000000000000000 ) ;
#2001 = VECTOR ( 'NONE', #1468, 1000.000000000000000 ) ;
#2002 = CARTESIAN_POINT ( 'NONE',  ( 0.000000000000000000, 0.2000000000000000111, 0.000000000000000000 ) ) ;
#2003 = ORIENTED_EDGE ( 'NONE', *, *, #1301, .F. ) ;
#2004 = CARTESIAN_POINT ( 'NONE',  ( -0.6249999999999996669, 0.2000000000000000111, -1.474999999999999867 ) ) ;
#2005 = CARTESIAN_POINT ( 'NONE',  ( 1.750000000000000222, 0.2000000000000000111, -0.8000000000000000444 ) ) ;
#2006 = AXIS2_PLACEMENT_3D ( 'NONE', #1152, #3858, #3926 ) ;
#2007 = AXIS2_PLACEMENT_3D ( 'NONE', #1906, #1039, #1561 ) ;
#2008 = DIRECTION ( 'NONE',  ( 2.282530889443167022E-16, -0.000000000000000000, 1.000000000000000000 ) ) ;
#2009 = VECTOR ( 'NONE', #1012, 1000.000000000000000 ) ;
#2010 = ADVANCED_FACE ( 'NONE', ( #4277 ), #2703, .F. ) ;
#2011 = VERTEX_POINT ( 'NONE', #4482 ) ;
#2012 = DIRECTION ( 'NONE',  ( 1.000000000000000000, 0.000000000000000000, -3.614007241618347785E-16 ) ) ;
#2013 = VECTOR ( 'NONE', #3313, 1000.000000000000000 ) ;
#2014 = FILL_AREA_STYLE ('',( #4373 ) ) ;
#2015 = VECTOR ( 'NONE', #1214, 1000.000000000000000 ) ;
#2016 = EDGE_CURVE ( 'NONE', #2605, #1986, #2725, .T. ) ;
#2017 = CYLINDRICAL_SURFACE ( 'NONE', #2196, 0.1250000000000003331 ) ;
#2018 = CARTESIAN_POINT ( 'NONE',  ( 0.8750000000000003331, 0.2000000000000000111, -1.474999999999999867 ) ) ;
#2019 = VECTOR ( 'NONE', #3557, 1000.000000000000000 ) ;
#2020 = DIRECTION ( 'NONE',  ( 1.000000000000000000, -0.000000000000000000, 7.885106708985497909E-16 ) ) ;
#2021 = ORIENTED_EDGE ( 'NONE', *, *, #5350, .F. ) ;
#2022 = FACE_OUTER_BOUND ( 'NONE', #5204, .T. ) ;
#2023 = DIRECTION ( 'NONE',  ( 0.000000000000000000, -0.000000000000000000, 1.000000000000000000 ) ) ;
#2024 = VECTOR ( 'NONE', #2395, 1000.000000000000000 ) ;
#2025 = DIRECTION ( 'NONE',  ( 0.000000000000000000, 0.000000000000000000, -1.000000000000000000 ) ) ;
#2026 = EDGE_LOOP ( 'NONE', ( #3601, #5469, #4750, #5534 ) ) ;
#2027 = EDGE_CURVE ( 'NONE', #457, #5296, #3072, .T. ) ;
#2028 = VECTOR ( 'NONE', #5535, 1000.000000000000000 ) ;
#2029 = ORIENTED_EDGE ( 'NONE', *, *, #628, .T. ) ;
#2030 = LINE ( 'NONE', #3008, #141 ) ;
#2031 = CARTESIAN_POINT ( 'NONE',  ( 0.7999999999999883871, 0.000000000000000000, 1.524999999999999911 ) ) ;
#2032 = VERTEX_POINT ( 'NONE', #490 ) ;
#2033 = DIRECTION ( 'NONE',  ( -0.000000000000000000, -1.000000000000000000, -0.000000000000000000 ) ) ;
#2034 = DIRECTION ( 'NONE',  ( -1.000000000000000000, -0.000000000000000000, -0.000000000000000000 ) ) ;
#2035 = ORIENTED_EDGE ( 'NONE', *, *, #4501, .F. ) ;
#2036 = ORIENTED_EDGE ( 'NONE', *, *, #2317, .T. ) ;
#2037 = DIRECTION ( 'NONE',  ( -7.885106708985496922E-16, 0.000000000000000000, 1.000000000000000000 ) ) ;
#2038 = PRESENTATION_STYLE_ASSIGNMENT (( #5658 ) ) ;
#2039 = DIRECTION ( 'NONE',  ( -0.000000000000000000, -1.000000000000000000, -0.000000000000000000 ) ) ;
#2040 = ADVANCED_FACE ( 'NONE', ( #4911 ), #3599, .F. ) ;
#2041 = DIRECTION ( 'NONE',  ( -1.000000000000000000, -0.000000000000000000, -2.282530889443167022E-16 ) ) ;
#2042 = LINE ( 'NONE', #2853, #2371 ) ;
#2043 = DIRECTION ( 'NONE',  ( -0.000000000000000000, -1.000000000000000000, -0.000000000000000000 ) ) ;
#2044 = ADVANCED_FACE ( 'NONE', ( #5368 ), #4848, .T. ) ;
#2045 = EDGE_LOOP ( 'NONE', ( #5506, #587, #370, #4878 ) ) ;
#2046 = LINE ( 'NONE', #4289, #1639 ) ;
#2047 = ADVANCED_FACE ( 'NONE', ( #4077 ), #4876, .T. ) ;
#2048 = VERTEX_POINT ( 'NONE', #906 ) ;
#2049 = VERTEX_POINT ( 'NONE', #399 ) ;
#2050 = ADVANCED_FACE ( 'NONE', ( #2219 ), #3992, .T. ) ;
#2051 = LINE ( 'NONE', #1606, #3038 ) ;
#2052 = DIRECTION ( 'NONE',  ( -0.000000000000000000, -1.000000000000000000, -0.000000000000000000 ) ) ;
#2053 = FACE_OUTER_BOUND ( 'NONE', #2714, .T. ) ;
#2054 = ORIENTED_EDGE ( 'NONE', *, *, #90, .F. ) ;
#2055 = DIRECTION ( 'NONE',  ( -0.000000000000000000, -1.000000000000000000, -0.000000000000000000 ) ) ;
#2056 = ORIENTED_EDGE ( 'NONE', *, *, #567, .F. ) ;
#2057 = LINE ( 'NONE', #786, #5335 ) ;
#2058 = PLANE ( 'NONE',  #4145 ) ;
#2059 = EDGE_LOOP ( 'NONE', ( #2517, #134, #4472, #4842 ) ) ;
#2060 = DIRECTION ( 'NONE',  ( 8.559490835411878797E-17, 0.000000000000000000, -1.000000000000000000 ) ) ;
#2061 = DIRECTION ( 'NONE',  ( -1.000000000000000000, 0.000000000000000000, -1.141265444721583511E-16 ) ) ;
#2062 = VERTEX_POINT ( 'NONE', #5309 ) ;
#2063 = FILL_AREA_STYLE_COLOUR ( '', #609 ) ;
#2064 = CYLINDRICAL_SURFACE ( 'NONE', #207, 0.1250000000000001110 ) ;
#2065 = VECTOR ( 'NONE', #381, 1000.000000000000000 ) ;
#2066 = ORIENTED_EDGE ( 'NONE', *, *, #4469, .F. ) ;
#2067 = PLANE ( 'NONE',  #2091 ) ;
#2068 = LINE ( 'NONE', #3931, #3878 ) ;
#2069 = FACE_OUTER_BOUND ( 'NONE', #3515, .T. ) ;
#2070 = LINE ( 'NONE', #1293, #2217 ) ;
#2071 = VERTEX_POINT ( 'NONE', #1375 ) ;
#2072 = CARTESIAN_POINT ( 'NONE',  ( -0.4499999999999997891, 0.000000000000000000, 1.750000000000000666 ) ) ;
#2073 = ORIENTED_EDGE ( 'NONE', *, *, #4115, .F. ) ;
#2074 = ORIENTED_EDGE ( 'NONE', *, *, #669, .F. ) ;
#2075 = CARTESIAN_POINT ( 'NONE',  ( 1.250000000000000000, 0.04999999999999999584, -1.474999999999999867 ) ) ;
#2076 = ADVANCED_FACE ( 'NONE', ( #3513 ), #2674, .T. ) ;
#2077 = LINE ( 'NONE', #5671, #3588 ) ;
#2078 = ORIENTED_EDGE ( 'NONE', *, *, #5227, .T. ) ;
#2079 = LINE ( 'NONE', #2543, #5711 ) ;
#2080 = EDGE_CURVE ( 'NONE', #5304, #4726, #1862, .T. ) ;
#2081 = STYLED_ITEM ( 'NONE', ( #2038 ), #17 ) ;
#2082 = ORIENTED_EDGE ( 'NONE', *, *, #105, .T. ) ;
#2083 = PLANE ( 'NONE',  #1166 ) ;
#2084 = EDGE_CURVE ( 'NONE', #4726, #824, #1427, .T. ) ;
#2085 = PLANE ( 'NONE',  #3281 ) ;
#2086 = PRESENTATION_LAYER_ASSIGNMENT (  '', '', ( #688 ) ) ;
#2087 = ORIENTED_EDGE ( 'NONE', *, *, #4955, .T. ) ;
#2088 = DIRECTION ( 'NONE',  ( -1.000000000000000000, -0.000000000000000000, -1.141265444721583757E-16 ) ) ;
#2089 = AXIS2_PLACEMENT_3D ( 'NONE', #2002, #4545, #4645 ) ;
#2090 = VERTEX_POINT ( 'NONE', #14 ) ;
#2091 = AXIS2_PLACEMENT_3D ( 'NONE', #1595, #2849, #1625 ) ;
#2092 =( LENGTH_UNIT ( ) NAMED_UNIT ( * ) SI_UNIT ( .MILLI., .METRE. ) );
#2093 = FACE_OUTER_BOUND ( 'NONE', #2398, .T. ) ;
#2094 = ORIENTED_EDGE ( 'NONE', *, *, #5377, .F. ) ;
#2095 = LINE ( 'NONE', #4280, #2570 ) ;
#2096 = MECHANICAL_DESIGN_GEOMETRIC_PRESENTATION_REPRESENTATION (  '', ( #895 ), #4592 ) ;
#2097 = DIRECTION ( 'NONE',  ( 1.000000000000000000, 0.000000000000000000, -1.141265444721583757E-16 ) ) ;
#2098 = DIRECTION ( 'NONE',  ( -1.000000000000000000, 0.000000000000000000, 8.673617379884035472E-16 ) ) ;
#2099 = MANIFOLD_SOLID_BREP ( 'Boss-Extrude4[13]', #2274 ) ;
#2100 =( GEOMETRIC_REPRESENTATION_CONTEXT ( 3 ) GLOBAL_UNCERTAINTY_ASSIGNED_CONTEXT ( ( #4493 ) ) GLOBAL_UNIT_ASSIGNED_CONTEXT ( ( #2092, #5247, #5652 ) ) REPRESENTATION_CONTEXT ( 'NONE', 'WORKASPACE' ) );
#2101 = VECTOR ( 'NONE', #35, 1000.000000000000000 ) ;
#2102 = AXIS2_PLACEMENT_3D ( 'NONE', #3442, #4365, #3899 ) ;
#2103 = DIRECTION ( 'NONE',  ( 1.577021341797098398E-15, -0.000000000000000000, 1.000000000000000000 ) ) ;
#2104 = SURFACE_STYLE_FILL_AREA ( #2533 ) ;
#2105 = EDGE_LOOP ( 'NONE', ( #1483, #2170, #2306, #5466 ) ) ;
#2106 = CARTESIAN_POINT ( 'NONE',  ( -0.1249999999999996808, 0.2000000000000000111, -1.474999999999999867 ) ) ;
#2107 = VERTEX_POINT ( 'NONE', #4156 ) ;
#2108 = VECTOR ( 'NONE', #520, 1000.000000000000000 ) ;
#2109 = ORIENTED_EDGE ( 'NONE', *, *, #371, .F. ) ;
#2110 = ORIENTED_EDGE ( 'NONE', *, *, #4635, .T. ) ;
#2111 = VECTOR ( 'NONE', #3028, 1000.000000000000000 ) ;
#2112 = VECTOR ( 'NONE', #5459, 1000.000000000000000 ) ;
#2113 = VECTOR ( 'NONE', #4900, 1000.000000000000000 ) ;
#2114 = CARTESIAN_POINT ( 'NONE',  ( 0.000000000000000000, 0.2000000000000000111, 0.000000000000000000 ) ) ;
#2115 = CARTESIAN_POINT ( 'NONE',  ( 1.750000000000000222, 0.2000000000000000111, -1.050000000000000044 ) ) ;
#2116 = ORIENTED_EDGE ( 'NONE', *, *, #4709, .F. ) ;
#2117 = VECTOR ( 'NONE', #2088, 1000.000000000000000 ) ;
#2118 = VECTOR ( 'NONE', #406, 1000.000000000000000 ) ;
#2119 = EDGE_CURVE ( 'NONE', #2197, #3554, #1803, .T. ) ;
#2120 = ORIENTED_EDGE ( 'NONE', *, *, #5193, .T. ) ;
#2121 = DIRECTION ( 'NONE',  ( 0.000000000000000000, -1.000000000000000000, 0.000000000000000000 ) ) ;
#2122 = DIRECTION ( 'NONE',  ( 1.000000000000000000, 0.000000000000000000, 8.559490835411878797E-17 ) ) ;
#2123 = AXIS2_PLACEMENT_3D ( 'NONE', #5256, #1289, #2861 ) ;
#2124 = EDGE_LOOP ( 'NONE', ( #1389, #5037, #5448, #5656 ) ) ;
#2125 = VECTOR ( 'NONE', #4109, 1000.000000000000000 ) ;
#2126 = LINE ( 'NONE', #3125, #631 ) ;
#2127 = EDGE_CURVE ( 'NONE', #4559, #278, #1067, .T. ) ;
#2128 = COLOUR_RGB ( '',0.7921568627450980005, 0.8196078431372548767, 0.9333333333333333481 ) ;
#2129 = ORIENTED_EDGE ( 'NONE', *, *, #1205, .F. ) ;
#2130 = CARTESIAN_POINT ( 'NONE',  ( -1.749999999999999778, 0.05000000000000000278, -0.5500000000000001554 ) ) ;
#2131 = DIRECTION ( 'NONE',  ( 0.000000000000000000, 0.000000000000000000, -1.000000000000000000 ) ) ;
#2132 = VERTEX_POINT ( 'NONE', #5497 ) ;
#2133 = CARTESIAN_POINT ( 'NONE',  ( -3.480859606400828624E-16, 0.05000000000000000278, 1.524999999999999689 ) ) ;
#2134 = CARTESIAN_POINT ( 'NONE',  ( 0.2500000000000000000, 0.2000000000000000111, -1.474999999999999867 ) ) ;
#2135 = EDGE_CURVE ( 'NONE', #1436, #2353, #1482, .T. ) ;
#2136 = LINE ( 'NONE', #3913, #3597 ) ;
#2137 = DIRECTION ( 'NONE',  ( 7.885106708985497909E-16, 0.000000000000000000, -1.000000000000000000 ) ) ;
#2138 = LINE ( 'NONE', #1171, #63 ) ;
#2139 = VERTEX_POINT ( 'NONE', #2437 ) ;
#2140 = DIRECTION ( 'NONE',  ( 0.000000000000000000, 0.000000000000000000, 1.000000000000000000 ) ) ;
#2141 = ORIENTED_EDGE ( 'NONE', *, *, #5285, .T. ) ;
#2142 = ORIENTED_EDGE ( 'NONE', *, *, #4400, .F. ) ;
#2143 = ORIENTED_EDGE ( 'NONE', *, *, #4885, .F. ) ;
#2144 = DIRECTION ( 'NONE',  ( 7.885106708985497909E-16, 0.000000000000000000, -1.000000000000000000 ) ) ;
#2145 = DIRECTION ( 'NONE',  ( -0.000000000000000000, -0.000000000000000000, 1.000000000000000000 ) ) ;
#2146 = ORIENTED_EDGE ( 'NONE', *, *, #1579, .F. ) ;
#2147 =( LENGTH_UNIT ( ) NAMED_UNIT ( * ) SI_UNIT ( .MILLI., .METRE. ) );
#2148 = ORIENTED_EDGE ( 'NONE', *, *, #4822, .F. ) ;
#2149 = DIRECTION ( 'NONE',  ( 0.000000000000000000, 0.000000000000000000, -1.000000000000000000 ) ) ;
#2150 = CARTESIAN_POINT ( 'NONE',  ( 0.7999999999999941602, 0.000000000000000000, 0.7249999999999999778 ) ) ;
#2151 = EDGE_CURVE ( 'NONE', #1909, #307, #1886, .T. ) ;
#2152 = ORIENTED_EDGE ( 'NONE', *, *, #1548, .T. ) ;
#2153 = EDGE_CURVE ( 'NONE', #2631, #555, #2330, .T. ) ;
#2154 = ORIENTED_EDGE ( 'NONE', *, *, #1265, .F. ) ;
#2155 = FILL_AREA_STYLE_COLOUR ( '', #3414 ) ;
#2156 = CARTESIAN_POINT ( 'NONE',  ( -1.749999999999994449, 0.04999999999999999584, 0.9749999999999999778 ) ) ;
#2157 = ADVANCED_FACE ( 'NONE', ( #132 ), #2809, .F. ) ;
#2158 = ORIENTED_EDGE ( 'NONE', *, *, #3140, .F. ) ;
#2159 = DIRECTION ( 'NONE',  ( 0.000000000000000000, 0.000000000000000000, 1.000000000000000000 ) ) ;
#2160 = FACE_OUTER_BOUND ( 'NONE', #3719, .T. ) ;
#2161 = FACE_OUTER_BOUND ( 'NONE', #1695, .T. ) ;
#2162 = EDGE_CURVE ( 'NONE', #5205, #3217, #3265, .T. ) ;
#2163 = EDGE_CURVE ( 'NONE', #313, #4171, #2355, .T. ) ;
#2164 = VECTOR ( 'NONE', #1406, 1000.000000000000000 ) ;
#2165 = DIRECTION ( 'NONE',  ( -1.000000000000000000, 0.000000000000000000, 8.673617379884035472E-16 ) ) ;
#2166 = DIRECTION ( 'NONE',  ( 1.000000000000000000, 0.000000000000000000, -1.141265444721583757E-16 ) ) ;
#2167 = CARTESIAN_POINT ( 'NONE',  ( 0.000000000000000000, 0.000000000000000000, 0.000000000000000000 ) ) ;
#2168 = EDGE_CURVE ( 'NONE', #5428, #3168, #708, .T. ) ;
#2169 = CARTESIAN_POINT ( 'NONE',  ( 1.749999999999994449, 0.2000000000000000111, 0.9749999999999999778 ) ) ;
#2170 = ORIENTED_EDGE ( 'NONE', *, *, #2701, .F. ) ;
#2171 = CARTESIAN_POINT ( 'NONE',  ( -0.6249999999999996669, 0.2000000000000000111, -1.474999999999999867 ) ) ;
#2172 = ORIENTED_EDGE ( 'NONE', *, *, #5117, .F. ) ;
#2173 = AXIS2_PLACEMENT_3D ( 'NONE', #4146, #1499, #1037 ) ;
#2174 = LINE ( 'NONE', #3499, #4700 ) ;
#2175 = DIRECTION ( 'NONE',  ( -1.000000000000000000, 0.000000000000000000, -2.282530889443167022E-16 ) ) ;
#2176 = VERTEX_POINT ( 'NONE', #4103 ) ;
#2177 =( LENGTH_UNIT ( ) NAMED_UNIT ( * ) SI_UNIT ( .MILLI., .METRE. ) );
#2178 = VECTOR ( 'NONE', #5220, 1000.000000000000000 ) ;
#2179 = ORIENTED_EDGE ( 'NONE', *, *, #2127, .F. ) ;
#2180 = LINE ( 'NONE', #3507, #2928 ) ;
#2181 = DIRECTION ( 'NONE',  ( 1.000000000000000000, 0.000000000000000000, -9.035018104045870694E-17 ) ) ;
#2182 = ORIENTED_EDGE ( 'NONE', *, *, #5581, .T. ) ;
#2183 = CLOSED_SHELL ( 'NONE', ( #188, #4440, #1167, #3904, #1808, #4219 ) ) ;
#2184 = ADVANCED_FACE ( 'NONE', ( #108 ), #3654, .F. ) ;
#2185 = ORIENTED_EDGE ( 'NONE', *, *, #2408, .T. ) ;
#2186 = DIRECTION ( 'NONE',  ( -0.000000000000000000, -1.000000000000000000, -0.000000000000000000 ) ) ;
#2187 = ORIENTED_EDGE ( 'NONE', *, *, #4719, .T. ) ;
#2188 = LINE ( 'NONE', #3569, #3381 ) ;
#2189 = CARTESIAN_POINT ( 'NONE',  ( 0.1249999999999998890, 0.2000000000000000111, -1.749999999999999556 ) ) ;
#2190 = DIRECTION ( 'NONE',  ( -7.885106708985496922E-16, 0.000000000000000000, 1.000000000000000000 ) ) ;
#2191 = LINE ( 'NONE', #3937, #4027 ) ;
#2192 = FACE_OUTER_BOUND ( 'NONE', #1238, .T. ) ;
#2193 = EDGE_CURVE ( 'NONE', #2631, #2874, #5412, .T. ) ;
#2194 = DIRECTION ( 'NONE',  ( -0.000000000000000000, -1.000000000000000000, -0.000000000000000000 ) ) ;
#2195 = CARTESIAN_POINT ( 'NONE',  ( 0.1499999999999999944, 0.2000000000000000111, -0.6499999999999990230 ) ) ;
#2196 = AXIS2_PLACEMENT_3D ( 'NONE', #1138, #2905, #3812 ) ;
#2197 = VERTEX_POINT ( 'NONE', #1972 ) ;
#2198 = AXIS2_PLACEMENT_3D ( 'NONE', #2256, #922, #4437 ) ;
#2199 = LINE ( 'NONE', #3525, #4788 ) ;
#2200 = ORIENTED_EDGE ( 'NONE', *, *, #1801, .T. ) ;
#2201 = VERTEX_POINT ( 'NONE', #3218 ) ;
#2202 = ADVANCED_FACE ( 'NONE', ( #4997 ), #1019, .F. ) ;
#2203 = AXIS2_PLACEMENT_3D ( 'NONE', #1648, #4790, #4238 ) ;
#2204 = CIRCLE ( 'NONE', #4233, 0.1250000000000003331 ) ;
#2205 = DIRECTION ( 'NONE',  ( 0.000000000000000000, 1.000000000000000000, 0.000000000000000000 ) ) ;
#2206 = LINE ( 'NONE', #3372, #1466 ) ;
#2207 = ORIENTED_EDGE ( 'NONE', *, *, #4320, .T. ) ;
#2208 = PLANE ( 'NONE',  #4607 ) ;
#2209 = VECTOR ( 'NONE', #4602, 1000.000000000000000 ) ;
#2210 = VECTOR ( 'NONE', #5587, 1000.000000000000000 ) ;
#2211 = ORIENTED_EDGE ( 'NONE', *, *, #3668, .T. ) ;
#2212 = CARTESIAN_POINT ( 'NONE',  ( -1.375000000000000222, 0.2000000000000000111, -1.749999999999999556 ) ) ;
#2213 = CARTESIAN_POINT ( 'NONE',  ( -0.6250000000000001110, 0.05000000000000000278, -1.749999999999999556 ) ) ;
#2214 = ADVANCED_FACE ( 'NONE', ( #3240 ), #5014, .F. ) ;
#2215 = LINE ( 'NONE', #1744, #1264 ) ;
#2216 = VERTEX_POINT ( 'NONE', #5618 ) ;
#2217 = VECTOR ( 'NONE', #1256, 1000.000000000000000 ) ;
#2218 = VERTEX_POINT ( 'NONE', #2546 ) ;
#2219 = FACE_OUTER_BOUND ( 'NONE', #4292, .T. ) ;
#2220 = PLANE ( 'NONE',  #4035 ) ;
#2221 = DIRECTION ( 'NONE',  ( -0.000000000000000000, -0.000000000000000000, -1.000000000000000000 ) ) ;
#2222 = VECTOR ( 'NONE', #1315, 1000.000000000000000 ) ;
#2223 = ORIENTED_EDGE ( 'NONE', *, *, #5092, .T. ) ;
#2224 = DIRECTION ( 'NONE',  ( -1.000000000000000000, -0.000000000000000000, -0.000000000000000000 ) ) ;
#2225 = ADVANCED_FACE ( 'NONE', ( #5210 ), #5555, .F. ) ;
#2226 = DIRECTION ( 'NONE',  ( -0.000000000000000000, 0.000000000000000000, -1.000000000000000000 ) ) ;
#2227 = LINE ( 'NONE', #5685, #2118 ) ;
#2228 = CARTESIAN_POINT ( 'NONE',  ( -1.394229623805780305, 1.000000000000000000, -1.375884497176759647 ) ) ;
#2229 = COLOUR_RGB ( '',0.7921568627450980005, 0.8196078431372548767, 0.9333333333333333481 ) ;
#2230 = CARTESIAN_POINT ( 'NONE',  ( -1.250000000000000000, 0.000000000000000000, -1.474999999999999867 ) ) ;
#2231 = DIRECTION ( 'NONE',  ( -0.000000000000000000, -1.000000000000000000, -0.000000000000000000 ) ) ;
#2232 = ORIENTED_EDGE ( 'NONE', *, *, #4044, .F. ) ;
#2233 = LINE ( 'NONE', #449, #4692 ) ;
#2234 = ORIENTED_EDGE ( 'NONE', *, *, #5695, .T. ) ;
#2235 = EDGE_CURVE ( 'NONE', #5201, #5336, #3347, .T. ) ;
#2236 = EDGE_CURVE ( 'NONE', #3621, #5130, #2495, .T. ) ;
#2237 = CARTESIAN_POINT ( 'NONE',  ( 0.7999999999999999334, 0.2000000000000000111, 0.1749999999999998501 ) ) ;
#2238 = LINE ( 'NONE', #4952, #3688 ) ;
#2239 = ORIENTED_EDGE ( 'NONE', *, *, #849, .T. ) ;
#2240 = PRESENTATION_STYLE_ASSIGNMENT (( #505 ) ) ;
#2241 = ADVANCED_FACE ( 'NONE', ( #3799 ), #2083, .T. ) ;
#2242 = CARTESIAN_POINT ( 'NONE',  ( -1.350000000000000311, 0.2000000000000000111, -1.050000000000000044 ) ) ;
#2243 = EDGE_CURVE ( 'NONE', #1222, #3013, #2581, .T. ) ;
#2244 = CARTESIAN_POINT ( 'NONE',  ( 0.000000000000000000, 0.2000000000000000111, 0.000000000000000000 ) ) ;
#2245 = FACE_OUTER_BOUND ( 'NONE', #1763, .T. ) ;
#2246 = ADVANCED_FACE ( 'NONE', ( #279 ), #5094, .F. ) ;
#2247 = ORIENTED_EDGE ( 'NONE', *, *, #2379, .T. ) ;
#2248 = ORIENTED_EDGE ( 'NONE', *, *, #2337, .T. ) ;
#2249 = CARTESIAN_POINT ( 'NONE',  ( 0.000000000000000000, 0.2000000000000000111, 0.000000000000000000 ) ) ;
#2250 = LINE ( 'NONE', #4879, #2372 ) ;
#2251 = CARTESIAN_POINT ( 'NONE',  ( 0.7999999999999883871, 0.000000000000000000, 1.524999999999999911 ) ) ;
#2252 = CARTESIAN_POINT ( 'NONE',  ( -0.7999999999999941602, 0.2000000000000000111, 0.7249999999999999778 ) ) ;
#2253 = CARTESIAN_POINT ( 'NONE',  ( 4.850378140066727087E-17, 0.05000000000000000278, 0.4249999999999997669 ) ) ;
#2254 = FACE_OUTER_BOUND ( 'NONE', #3170, .T. ) ;
#2255 = EDGE_LOOP ( 'NONE', ( #1492, #3925, #5003, #5603 ) ) ;
#2256 = CARTESIAN_POINT ( 'NONE',  ( 1.475000000000000089, 0.000000000000000000, -0.9250000000000000444 ) ) ;
#2257 = VERTEX_POINT ( 'NONE', #5124 ) ;
#2258 = DIRECTION ( 'NONE',  ( 1.000000000000000000, 0.000000000000000000, -0.000000000000000000 ) ) ;
#2259 = DIRECTION ( 'NONE',  ( 0.000000000000000000, 0.000000000000000000, 1.000000000000000000 ) ) ;
#2260 = ORIENTED_EDGE ( 'NONE', *, *, #3860, .F. ) ;
#2262 = VECTOR ( 'NONE', #1178, 1000.000000000000000 ) ;
#2261 = SURFACE_STYLE_USAGE ( .BOTH. , #5297 ) ;
#2263 = VECTOR ( 'NONE', #1887, 1000.000000000000000 ) ;
#2264 = EDGE_CURVE ( 'NONE', #4127, #4505, #3206, .T. ) ;
#2265 = DIRECTION ( 'NONE',  ( 7.885106708985497909E-16, 0.000000000000000000, -1.000000000000000000 ) ) ;
#2266 = EDGE_CURVE ( 'NONE', #1986, #1956, #2918, .T. ) ;
#2267 = DIRECTION ( 'NONE',  ( 0.000000000000000000, -0.000000000000000000, 1.000000000000000000 ) ) ;
#2268 = DIRECTION ( 'NONE',  ( 0.000000000000000000, 1.000000000000000000, 0.000000000000000000 ) ) ;
#2269 = ORIENTED_EDGE ( 'NONE', *, *, #454, .F. ) ;
#2270 = ADVANCED_FACE ( 'NONE', ( #3898 ), #1242, .T. ) ;
#2271 = ORIENTED_EDGE ( 'NONE', *, *, #2301, .F. ) ;
#2272 = CARTESIAN_POINT ( 'NONE',  ( 0.8750000000000003331, 0.04999999999999999584, -1.474999999999999867 ) ) ;
#2273 = FACE_OUTER_BOUND ( 'NONE', #5741, .T. ) ;
#2274 = CLOSED_SHELL ( 'NONE', ( #3503, #3983, #1897, #2040, #2076, #4924 ) ) ;
#2275 = ORIENTED_EDGE ( 'NONE', *, *, #222, .T. ) ;
#2276 = DIRECTION ( 'NONE',  ( 0.000000000000000000, 0.000000000000000000, 1.000000000000000000 ) ) ;
#2277 = CARTESIAN_POINT ( 'NONE',  ( -1.749999999999999778, 0.000000000000000000, -0.5500000000000000444 ) ) ;
#2278 = LINE ( 'NONE', #3999, #3561 ) ;
#2279 = DIRECTION ( 'NONE',  ( 0.000000000000000000, -0.000000000000000000, 1.000000000000000000 ) ) ;
#2280 = DIRECTION ( 'NONE',  ( 0.000000000000000000, 1.000000000000000000, 0.000000000000000000 ) ) ;
#2281 = DIRECTION ( 'NONE',  ( -1.577021341797098201E-15, 0.000000000000000000, -1.000000000000000000 ) ) ;
#2282 = EDGE_CURVE ( 'NONE', #1478, #1895, #2030, .T. ) ;
#2283 = EDGE_LOOP ( 'NONE', ( #2129, #5651, #1714, #2836 ) ) ;
#2284 = DIRECTION ( 'NONE',  ( 0.000000000000000000, -1.000000000000000000, 0.000000000000000000 ) ) ;
#2285 = ORIENTED_EDGE ( 'NONE', *, *, #4404, .T. ) ;
#2286 = UNCERTAINTY_MEASURE_WITH_UNIT (LENGTH_MEASURE( 1.000000000000000082E-05 ), #549, 'distance_accuracy_value', 'NONE');
#2287 = AXIS2_PLACEMENT_3D ( 'NONE', #497, #5394, #4515 ) ;
#2288 = AXIS2_PLACEMENT_3D ( 'NONE', #1323, #4894, #2140 ) ;
#2289 = CARTESIAN_POINT ( 'NONE',  ( 0.7999999999999998224, 0.000000000000000000, -0.5500000000000001554 ) ) ;
#2290 = DIRECTION ( 'NONE',  ( 1.000000000000000000, 0.000000000000000000, 1.141265444721583511E-16 ) ) ;
#2291 = ORIENTED_EDGE ( 'NONE', *, *, #2341, .F. ) ;
#2292 =( NAMED_UNIT ( * ) PLANE_ANGLE_UNIT ( ) SI_UNIT ( $, .RADIAN. ) );
#2293 = PRESENTATION_LAYER_ASSIGNMENT (  '', '', ( #1169 ) ) ;
#2294 = DIRECTION ( 'NONE',  ( 1.141265444721583511E-16, 0.000000000000000000, -1.000000000000000000 ) ) ;
#2295 = CARTESIAN_POINT ( 'NONE',  ( 1.749999999999988454, 0.000000000000000000, 1.275000000000000133 ) ) ;
#2296 = AXIS2_PLACEMENT_3D ( 'NONE', #5089, #1118, #2884 ) ;
#2297 = CARTESIAN_POINT ( 'NONE',  ( 1.749999999999994449, 0.000000000000000000, 0.7249999999999999778 ) ) ;
#2298 = AXIS2_PLACEMENT_3D ( 'NONE', #3256, #593, #3701 ) ;
#2299 = EDGE_LOOP ( 'NONE', ( #4381, #2418, #2600, #4940 ) ) ;
#2300 = AXIS2_PLACEMENT_3D ( 'NONE', #1405, #5097, #3294 ) ;
#2301 = EDGE_CURVE ( 'NONE', #3736, #1151, #2057, .T. ) ;
#2302 = ORIENTED_EDGE ( 'NONE', *, *, #1718, .F. ) ;
#2303 = DIRECTION ( 'NONE',  ( -1.000000000000000000, 0.000000000000000000, 0.000000000000000000 ) ) ;
#2304 = DIRECTION ( 'NONE',  ( 1.000000000000000000, 0.000000000000000000, 0.000000000000000000 ) ) ;
#2305 =( GEOMETRIC_REPRESENTATION_CONTEXT ( 3 ) GLOBAL_UNCERTAINTY_ASSIGNED_CONTEXT ( ( #4653 ) ) GLOBAL_UNIT_ASSIGNED_CONTEXT ( ( #1869, #58, #2734 ) ) REPRESENTATION_CONTEXT ( 'NONE', 'WORKASPACE' ) );
#2306 = ORIENTED_EDGE ( 'NONE', *, *, #2470, .T. ) ;
#2307 = CARTESIAN_POINT ( 'NONE',  ( -1.750000000000000222, 0.2000000000000000111, -1.050000000000000044 ) ) ;
#2308 = ADVANCED_FACE ( 'NONE', ( #724 ), #4364, .F. ) ;
#2309 = SURFACE_STYLE_USAGE ( .BOTH. , #4972 ) ;
#2310 = VECTOR ( 'NONE', #5382, 1000.000000000000000 ) ;
#2311 = CARTESIAN_POINT ( 'NONE',  ( -0.8750000000000001110, 0.2000000000000000111, -1.749999999999999556 ) ) ;
#2312 = CARTESIAN_POINT ( 'NONE',  ( -1.375000000000000444, 0.04999999999999999584, -1.474999999999999867 ) ) ;
#2313 = PLANE ( 'NONE',  #1645 ) ;
#2314 = ORIENTED_EDGE ( 'NONE', *, *, #947, .F. ) ;
#2315 = CARTESIAN_POINT ( 'NONE',  ( -1.750000000000000222, 0.2000000000000000111, -0.8000000000000000444 ) ) ;
#2316 = VECTOR ( 'NONE', #3247, 1000.000000000000000 ) ;
#2317 = EDGE_CURVE ( 'NONE', #2201, #5178, #325, .T. ) ;
#2318 = ORIENTED_EDGE ( 'NONE', *, *, #4431, .T. ) ;
#2319 = LINE ( 'NONE', #3231, #5138 ) ;
#2320 = FACE_OUTER_BOUND ( 'NONE', #1798, .T. ) ;
#2321 = EDGE_LOOP ( 'NONE', ( #5034, #5561, #1423, #1303 ) ) ;
#2322 = CARTESIAN_POINT ( 'NONE',  ( -1.394229623805780305, 0.9000000000000000222, -1.375884497176759647 ) ) ;
#2323 = DIRECTION ( 'NONE',  ( 0.000000000000000000, 0.000000000000000000, 1.000000000000000000 ) ) ;
#2324 = FACE_OUTER_BOUND ( 'NONE', #5715, .T. ) ;
#2325 = CARTESIAN_POINT ( 'NONE',  ( -0.1499999999999999944, 0.04999999999999999584, -0.6499999999999991340 ) ) ;
#2326 = CARTESIAN_POINT ( 'NONE',  ( -0.7500000000000000000, 0.000000000000000000, -1.474999999999999867 ) ) ;
#2327 = LINE ( 'NONE', #4100, #1074 ) ;
#2328 = ORIENTED_EDGE ( 'NONE', *, *, #464, .F. ) ;
#2329 = VERTEX_POINT ( 'NONE', #337 ) ;
#2330 = LINE ( 'NONE', #4964, #3859 ) ;
#2331 = ORIENTED_EDGE ( 'NONE', *, *, #5502, .T. ) ;
#2332 = LINE ( 'NONE', #1461, #620 ) ;
#2333 = ADVANCED_FACE ( 'NONE', ( #5675 ), #1124, .F. ) ;
#2334 = EDGE_CURVE ( 'NONE', #3955, #205, #4736, .T. ) ;
#2335 = CARTESIAN_POINT ( 'NONE',  ( 1.749999999999999778, 0.2000000000000000111, -0.5500000000000000444 ) ) ;
#2336 = DIRECTION ( 'NONE',  ( 0.000000000000000000, -0.000000000000000000, 1.000000000000000000 ) ) ;
#2337 = EDGE_CURVE ( 'NONE', #3168, #732, #2180, .T. ) ;
#2338 = EDGE_LOOP ( 'NONE', ( #4207, #4360, #4546, #4908 ) ) ;
#2339 = DIRECTION ( 'NONE',  ( -0.000000000000000000, -1.000000000000000000, -0.000000000000000000 ) ) ;
#2340 = ORIENTED_EDGE ( 'NONE', *, *, #1150, .T. ) ;
#2341 = EDGE_CURVE ( 'NONE', #1845, #4689, #4932, .T. ) ;
#2342 = DIRECTION ( 'NONE',  ( -1.577021341797098201E-15, 0.000000000000000000, -1.000000000000000000 ) ) ;
#2343 = CARTESIAN_POINT ( 'NONE',  ( -1.749999999999994449, 0.000000000000000000, 0.7249999999999999778 ) ) ;
#2344 = ORIENTED_EDGE ( 'NONE', *, *, #5444, .F. ) ;
#2345 = CARTESIAN_POINT ( 'NONE',  ( 0.3749999999999998890, 0.2000000000000000111, -1.749999999999999778 ) ) ;
#2346 = LINE ( 'NONE', #3623, #2310 ) ;
#2347 = CARTESIAN_POINT ( 'NONE',  ( 0.4500000000000000111, 0.04999999999999999584, -0.6499999999999990230 ) ) ;
#2348 = AXIS2_PLACEMENT_3D ( 'NONE', #4988, #5437, #507 ) ;
#2349 = CARTESIAN_POINT ( 'NONE',  ( -0.3750000000000001110, 0.2000000000000000111, -1.749999999999999556 ) ) ;
#2350 = ORIENTED_EDGE ( 'NONE', *, *, #1447, .F. ) ;
#2351 = DIRECTION ( 'NONE',  ( -0.000000000000000000, -1.000000000000000000, -0.000000000000000000 ) ) ;
#2352 = EDGE_CURVE ( 'NONE', #5600, #5217, #5330, .T. ) ;
#2353 = VERTEX_POINT ( 'NONE', #1304 ) ;
#2354 = EDGE_LOOP ( 'NONE', ( #404, #2589, #1065, #1324 ) ) ;
#2355 = LINE ( 'NONE', #2840, #4873 ) ;
#2356 = ORIENTED_EDGE ( 'NONE', *, *, #2997, .T. ) ;
#2357 = PLANE ( 'NONE',  #151 ) ;
#2358 = PLANE ( 'NONE',  #3360 ) ;
#2359 = EDGE_LOOP ( 'NONE', ( #2439, #5149, #4681, #4061 ) ) ;
#2360 = SURFACE_STYLE_FILL_AREA ( #4563 ) ;
#2361 = LINE ( 'NONE', #3224, #2125 ) ;
#2362 = ORIENTED_EDGE ( 'NONE', *, *, #5471, .T. ) ;
#2363 = DIRECTION ( 'NONE',  ( 0.000000000000000000, -1.000000000000000000, 0.000000000000000000 ) ) ;
#2364 = CARTESIAN_POINT ( 'NONE',  ( -0.1249999999999996808, 0.2000000000000000111, -1.474999999999999867 ) ) ;
#2365 = EDGE_CURVE ( 'NONE', #5174, #489, #3953, .T. ) ;
#2366 = EDGE_CURVE ( 'NONE', #3889, #1325, #4073, .T. ) ;
#2367 = DIRECTION ( 'NONE',  ( 1.577021341797098398E-15, 0.000000000000000000, 1.000000000000000000 ) ) ;
#2368 = CARTESIAN_POINT ( 'NONE',  ( 1.375000000000000444, 0.2000000000000000111, -1.474999999999999867 ) ) ;
#2369 = CARTESIAN_POINT ( 'NONE',  ( 0.1499999999999999944, 0.2000000000000000111, -0.6499999999999990230 ) ) ;
#2370 = EDGE_CURVE ( 'NONE', #2132, #1377, #5274, .T. ) ;
#2371 = VECTOR ( 'NONE', #4625, 1000.000000000000000 ) ;
#2372 = VECTOR ( 'NONE', #5749, 1000.000000000000000 ) ;
#2373 = FACE_OUTER_BOUND ( 'NONE', #5712, .T. ) ;
#2374 = DIRECTION ( 'NONE',  ( 0.000000000000000000, 1.000000000000000000, 0.000000000000000000 ) ) ;
#2375 = VECTOR ( 'NONE', #1457, 1000.000000000000000 ) ;
#2376 = ORIENTED_EDGE ( 'NONE', *, *, #5372, .T. ) ;
#2377 = AXIS2_PLACEMENT_3D ( 'NONE', #4106, #4128, #1484 ) ;
#2378 = VECTOR ( 'NONE', #3065, 1000.000000000000000 ) ;
#2379 = EDGE_CURVE ( 'NONE', #1909, #367, #395, .T. ) ;
#2380 = ORIENTED_EDGE ( 'NONE', *, *, #5245, .F. ) ;
#2381 = VECTOR ( 'NONE', #2122, 1000.000000000000000 ) ;
#2382 = ORIENTED_EDGE ( 'NONE', *, *, #2588, .T. ) ;
#2383 = DIRECTION ( 'NONE',  ( 7.885106708985497909E-16, 0.000000000000000000, -1.000000000000000000 ) ) ;
#2384 = CIRCLE ( 'NONE', #2300, 0.1514013321328433748 ) ;
#2385 = VECTOR ( 'NONE', #4550, 1000.000000000000000 ) ;
#2386 = CARTESIAN_POINT ( 'NONE',  ( -1.750000000000000222, 0.2000000000000000111, -0.8000000000000000444 ) ) ;
#2387 = VECTOR ( 'NONE', #4497, 1000.000000000000000 ) ;
#2388 = ORIENTED_EDGE ( 'NONE', *, *, #5234, .F. ) ;
#2389 = AXIS2_PLACEMENT_3D ( 'NONE', #4255, #267, #3813 ) ;
#2390 = LINE ( 'NONE', #3718, #4448 ) ;
#2391 = ORIENTED_EDGE ( 'NONE', *, *, #3246, .T. ) ;
#2392 = DIRECTION ( 'NONE',  ( 0.000000000000000000, 0.000000000000000000, -1.000000000000000000 ) ) ;
#2393 = ORIENTED_EDGE ( 'NONE', *, *, #3939, .T. ) ;
#2394 = AXIS2_PLACEMENT_3D ( 'NONE', #1327, #4863, #2290 ) ;
#2395 = DIRECTION ( 'NONE',  ( 1.000000000000000000, -0.000000000000000000, -1.239088197126290817E-16 ) ) ;
#2396 = PLANE ( 'NONE',  #621 ) ;
#2397 = DIRECTION ( 'NONE',  ( 0.000000000000000000, 1.000000000000000000, 0.000000000000000000 ) ) ;
#2398 = EDGE_LOOP ( 'NONE', ( #5557, #791, #886, #660 ) ) ;
#2399 = DIRECTION ( 'NONE',  ( -7.905640841040137320E-17, 0.000000000000000000, 1.000000000000000000 ) ) ;
#2400 = AXIS2_PLACEMENT_3D ( 'NONE', #2696, #594, #2323 ) ;
#2401 = ORIENTED_EDGE ( 'NONE', *, *, #4430, .F. ) ;
#2402 = EDGE_CURVE ( 'NONE', #4646, #2071, #1743, .T. ) ;
#2403 = PLANE ( 'NONE',  #2173 ) ;
#2404 = DIRECTION ( 'NONE',  ( 0.000000000000000000, -1.000000000000000000, 0.000000000000000000 ) ) ;
#2405 = EDGE_CURVE ( 'NONE', #3817, #4032, #4040, .T. ) ;
#2406 = LINE ( 'NONE', #1967, #2568 ) ;
#2407 =( NAMED_UNIT ( * ) PLANE_ANGLE_UNIT ( ) SI_UNIT ( $, .RADIAN. ) );
#2408 = EDGE_CURVE ( 'NONE', #4589, #1912, #1366, .T. ) ;
#2409 = ORIENTED_EDGE ( 'NONE', *, *, #1226, .T. ) ;
#2410 = VERTEX_POINT ( 'NONE', #845 ) ;
#2411 = DIRECTION ( 'NONE',  ( 0.000000000000000000, -1.000000000000000000, 0.000000000000000000 ) ) ;
#2412 = EDGE_CURVE ( 'NONE', #4505, #517, #898, .T. ) ;
#2413 = ORIENTED_EDGE ( 'NONE', *, *, #338, .F. ) ;
#2414 = CARTESIAN_POINT ( 'NONE',  ( 1.124999999999999778, 0.000000000000000000, -1.474999999999999867 ) ) ;
#2415 = PLANE ( 'NONE',  #1186 ) ;
#2416 = ORIENTED_EDGE ( 'NONE', *, *, #5572, .T. ) ;
#2417 = DIRECTION ( 'NONE',  ( -1.577021341797098201E-15, 0.000000000000000000, -1.000000000000000000 ) ) ;
#2418 = ORIENTED_EDGE ( 'NONE', *, *, #4668, .F. ) ;
#2419 = CARTESIAN_POINT ( 'NONE',  ( -0.1499999999999998002, 0.2000000000000000111, 1.750000000000000666 ) ) ;
#2420 = ORIENTED_EDGE ( 'NONE', *, *, #779, .T. ) ;
#2421 = DIRECTION ( 'NONE',  ( 0.000000000000000000, -0.000000000000000000, 1.000000000000000000 ) ) ;
#2422 = CARTESIAN_POINT ( 'NONE',  ( -0.7999999999999999334, 0.2000000000000000111, 0.1749999999999998501 ) ) ;
#2423 = PLANE ( 'NONE',  #1746 ) ;
#2424 = VERTEX_POINT ( 'NONE', #869 ) ;
#2425 = FACE_OUTER_BOUND ( 'NONE', #5213, .T. ) ;
#2426 = EDGE_LOOP ( 'NONE', ( #655, #376, #2771, #3973 ) ) ;
#2427 = LINE ( 'NONE', #5688, #5265 ) ;
#2428 = DIRECTION ( 'NONE',  ( 0.000000000000000000, -0.000000000000000000, 1.000000000000000000 ) ) ;
#2429 = CARTESIAN_POINT ( 'NONE',  ( 0.4499999999999997891, 0.2000000000000000111, 1.750000000000000666 ) ) ;
#2430 = ORIENTED_EDGE ( 'NONE', *, *, #2807, .T. ) ;
#2431 = LINE ( 'NONE', #213, #429 ) ;
#2432 = ORIENTED_EDGE ( 'NONE', *, *, #2366, .F. ) ;
#2433 = EDGE_CURVE ( 'NONE', #2934, #3413, #4417, .T. ) ;
#2434 = VECTOR ( 'NONE', #427, 1000.000000000000000 ) ;
#2435 = EDGE_CURVE ( 'NONE', #2810, #2062, #5364, .T. ) ;
#2436 = ORIENTED_EDGE ( 'NONE', *, *, #4569, .F. ) ;
#2437 = CARTESIAN_POINT ( 'NONE',  ( -0.7999999999999941602, 0.2000000000000000111, 0.9749999999999999778 ) ) ;
#2438 = CARTESIAN_POINT ( 'NONE',  ( 0.1499999999999999944, 0.2000000000000000111, -0.6499999999999990230 ) ) ;
#2439 = ORIENTED_EDGE ( 'NONE', *, *, #2162, .T. ) ;
#2440 = PLANE ( 'NONE',  #3295 ) ;
#2441 = DIRECTION ( 'NONE',  ( 0.000000000000000000, 0.000000000000000000, 1.000000000000000000 ) ) ;
#2442 = EDGE_CURVE ( 'NONE', #4199, #1562, #508, .T. ) ;
#2443 = PLANE ( 'NONE',  #4909 ) ;
#2444 = ORIENTED_EDGE ( 'NONE', *, *, #662, .F. ) ;
#2445 = CARTESIAN_POINT ( 'NONE',  ( 0.4500000000000000111, 0.000000000000000000, -0.6499999999999990230 ) ) ;
#2446 = EDGE_LOOP ( 'NONE', ( #4017, #2413, #2735, #866 ) ) ;
#2447 = EDGE_CURVE ( 'NONE', #3304, #4409, #1705, .T. ) ;
#2448 = DIRECTION ( 'NONE',  ( -0.000000000000000000, -0.000000000000000000, -1.000000000000000000 ) ) ;
#2449 = CARTESIAN_POINT ( 'NONE',  ( -0.7999999999999941602, 0.2000000000000000111, 0.7249999999999999778 ) ) ;
#2450 = FACE_OUTER_BOUND ( 'NONE', #3510, .T. ) ;
#2451 = PLANE ( 'NONE',  #994 ) ;
#2452 = VECTOR ( 'NONE', #5252, 1000.000000000000000 ) ;
#2453 = ORIENTED_EDGE ( 'NONE', *, *, #5577, .F. ) ;
#2454 = CARTESIAN_POINT ( 'NONE',  ( 0.7999999999999998224, 0.2000000000000000111, -0.5500000000000001554 ) ) ;
#2455 = FACE_OUTER_BOUND ( 'NONE', #1018, .T. ) ;
#2456 = CARTESIAN_POINT ( 'NONE',  ( -1.749999999999994449, 0.2000000000000000111, 0.9749999999999999778 ) ) ;
#2457 = CARTESIAN_POINT ( 'NONE',  ( -0.7999999999999998224, 0.2000000000000000111, -0.5500000000000001554 ) ) ;
#2458 = VERTEX_POINT ( 'NONE', #5742 ) ;
#2459 = DIRECTION ( 'NONE',  ( 0.000000000000000000, 0.000000000000000000, -1.000000000000000000 ) ) ;
#2460 = VECTOR ( 'NONE', #4834, 1000.000000000000000 ) ;
#2461 = VECTOR ( 'NONE', #5322, 1000.000000000000000 ) ;
#2462 = FACE_OUTER_BOUND ( 'NONE', #5079, .T. ) ;
#2463 = VERTEX_POINT ( 'NONE', #2667 ) ;
#2464 = LINE ( 'NONE', #5558, #4985 ) ;
#2465 = EDGE_CURVE ( 'NONE', #1618, #1110, #3468, .T. ) ;
#2466 = CARTESIAN_POINT ( 'NONE',  ( -1.375000000000000444, 0.2000000000000000111, -1.474999999999999867 ) ) ;
#2467 = ADVANCED_FACE ( 'NONE', ( #1276 ), #931, .F. ) ;
#2468 = ORIENTED_EDGE ( 'NONE', *, *, #1302, .F. ) ;
#2469 = PRESENTATION_STYLE_ASSIGNMENT (( #3475 ) ) ;
#2470 = EDGE_CURVE ( 'NONE', #2410, #3436, #4476, .T. ) ;
#2471 = VECTOR ( 'NONE', #839, 1000.000000000000000 ) ;
#2472 = ORIENTED_EDGE ( 'NONE', *, *, #1724, .T. ) ;
#2473 = LINE ( 'NONE', #1202, #3474 ) ;
#2474 = VECTOR ( 'NONE', #5085, 1000.000000000000000 ) ;
#2475 = FILL_AREA_STYLE ('',( #4745 ) ) ;
#2476 = CARTESIAN_POINT ( 'NONE',  ( -0.6250000000000001110, 0.2000000000000000111, -1.749999999999999778 ) ) ;
#2477 = AXIS2_PLACEMENT_3D ( 'NONE', #641, #2060, #3829 ) ;
#2478 = VECTOR ( 'NONE', #3810, 1000.000000000000000 ) ;
#2479 = FACE_OUTER_BOUND ( 'NONE', #3919, .T. ) ;
#2480 = ADVANCED_FACE ( 'NONE', ( #4868 ), #4386, .F. ) ;
#2481 = DIRECTION ( 'NONE',  ( -0.000000000000000000, -1.000000000000000000, -0.000000000000000000 ) ) ;
#2482 = ORIENTED_EDGE ( 'NONE', *, *, #4284, .F. ) ;
#2483 = COLOUR_RGB ( '',0.7921568627450980005, 0.8196078431372548767, 0.9333333333333333481 ) ;
#2484 = CARTESIAN_POINT ( 'NONE',  ( 0.7999999999999998224, 0.2000000000000000111, -0.1500000000000000777 ) ) ;
#2485 = VERTEX_POINT ( 'NONE', #657 ) ;
#2486 = EDGE_LOOP ( 'NONE', ( #3062, #4893, #3696, #4087 ) ) ;
#2487 = LINE ( 'NONE', #2618, #3447 ) ;
#2488 = DIRECTION ( 'NONE',  ( 0.000000000000000000, -0.000000000000000000, -1.000000000000000000 ) ) ;
#2489 = CIRCLE ( 'NONE', #3893, 0.1250000000000003331 ) ;
#2490 = DIRECTION ( 'NONE',  ( -0.000000000000000000, -0.000000000000000000, -1.000000000000000000 ) ) ;
#2491 = VERTEX_POINT ( 'NONE', #1500 ) ;
#2492 = DIRECTION ( 'NONE',  ( 0.000000000000000000, -0.000000000000000000, 1.000000000000000000 ) ) ;
#2493 = VECTOR ( 'NONE', #3819, 1000.000000000000000 ) ;
#2494 = ORIENTED_EDGE ( 'NONE', *, *, #5152, .T. ) ;
#2495 = LINE ( 'NONE', #1615, #5151 ) ;
#2496 = DIRECTION ( 'NONE',  ( 1.000000000000000000, 0.000000000000000000, -8.673617379884035472E-16 ) ) ;
#2497 = CARTESIAN_POINT ( 'NONE',  ( -1.250000000000000000, 0.2000000000000000111, -1.474999999999999867 ) ) ;
#2498 = ORIENTED_EDGE ( 'NONE', *, *, #1150, .F. ) ;
#2499 = LINE ( 'NONE', #3712, #2210 ) ;
#2500 = CARTESIAN_POINT ( 'NONE',  ( 1.749999999999994449, 0.2000000000000000111, 0.7249999999999999778 ) ) ;
#2501 = VERTEX_POINT ( 'NONE', #3235 ) ;
#2502 = LINE ( 'NONE', #5625, #85 ) ;
#2503 = CARTESIAN_POINT ( 'NONE',  ( 1.749999999999999778, 0.2000000000000000111, -0.5500000000000000444 ) ) ;
#2504 = EDGE_LOOP ( 'NONE', ( #746, #4613, #1624, #1309 ) ) ;
#2505 = CARTESIAN_POINT ( 'NONE',  ( 0.7999999999999883871, 0.2000000000000000111, 1.524999999999999911 ) ) ;
#2506 = CARTESIAN_POINT ( 'NONE',  ( -0.3750000000000001110, 0.000000000000000000, -1.749999999999999556 ) ) ;
#2507 = EDGE_CURVE ( 'NONE', #250, #1996, #1857, .T. ) ;
#2508 = DIRECTION ( 'NONE',  ( 0.000000000000000000, 0.000000000000000000, 1.000000000000000000 ) ) ;
#2509 = LINE ( 'NONE', #4286, #3498 ) ;
#2510 = ORIENTED_EDGE ( 'NONE', *, *, #87, .T. ) ;
#2511 = DIRECTION ( 'NONE',  ( -1.000000000000000000, 0.000000000000000000, 8.673617379884035472E-16 ) ) ;
#2512 = ORIENTED_EDGE ( 'NONE', *, *, #2135, .T. ) ;
#2513 = ORIENTED_EDGE ( 'NONE', *, *, #1387, .F. ) ;
#2514 = EDGE_CURVE ( 'NONE', #170, #5411, #3677, .T. ) ;
#2515 = LINE ( 'NONE', #1641, #1738 ) ;
#2516 = DIRECTION ( 'NONE',  ( 0.000000000000000000, 1.000000000000000000, 0.000000000000000000 ) ) ;
#2517 = ORIENTED_EDGE ( 'NONE', *, *, #3461, .T. ) ;
#2518 = PLANE ( 'NONE',  #4237 ) ;
#2519 = ORIENTED_EDGE ( 'NONE', *, *, #4697, .T. ) ;
#2520 = CARTESIAN_POINT ( 'NONE',  ( -0.3750000000000001110, 0.2000000000000000111, -1.749999999999999556 ) ) ;
#2521 = EDGE_CURVE ( 'NONE', #3955, #5474, #4634, .T. ) ;
#2522 = FACE_OUTER_BOUND ( 'NONE', #3055, .T. ) ;
#2523 = ORIENTED_EDGE ( 'NONE', *, *, #3672, .F. ) ;
#2524 = CARTESIAN_POINT ( 'NONE',  ( 0.000000000000000000, 0.2000000000000000111, 0.000000000000000000 ) ) ;
#2525 = ORIENTED_EDGE ( 'NONE', *, *, #3824, .F. ) ;
#2526 = DIRECTION ( 'NONE',  ( -1.000000000000000000, 0.000000000000000000, 7.905640841040137320E-17 ) ) ;
#2527 = EDGE_LOOP ( 'NONE', ( #3353, #3816, #4827, #5593 ) ) ;
#2528 = CARTESIAN_POINT ( 'NONE',  ( -1.350000000000000311, 0.000000000000000000, -0.8000000000000000444 ) ) ;
#2529 =( LENGTH_UNIT ( ) NAMED_UNIT ( * ) SI_UNIT ( .MILLI., .METRE. ) );
#2530 = VECTOR ( 'NONE', #2221, 1000.000000000000000 ) ;
#2531 = DIRECTION ( 'NONE',  ( -0.000000000000000000, 0.000000000000000000, -1.000000000000000000 ) ) ;
#2532 = CARTESIAN_POINT ( 'NONE',  ( 0.4500000000000000111, 0.2000000000000000111, -0.6499999999999990230 ) ) ;
#2533 = FILL_AREA_STYLE ('',( #771 ) ) ;
#2534 = ORIENTED_EDGE ( 'NONE', *, *, #153, .F. ) ;
#2535 = CARTESIAN_POINT ( 'NONE',  ( -0.1249999999999996808, 0.2000000000000000111, -1.474999999999999867 ) ) ;
#2536 = EDGE_LOOP ( 'NONE', ( #3113, #2848, #570, #3478 ) ) ;
#2537 = ORIENTED_EDGE ( 'NONE', *, *, #4823, .F. ) ;
#2538 = VERTEX_POINT ( 'NONE', #1038 ) ;
#2539 = EDGE_CURVE ( 'NONE', #388, #1610, #2663, .T. ) ;
#2540 = PLANE ( 'NONE',  #3679 ) ;
#2541 = PLANE ( 'NONE',  #717 ) ;
#2542 = EDGE_LOOP ( 'NONE', ( #5184, #1944, #2158, #3471 ) ) ;
#2543 = CARTESIAN_POINT ( 'NONE',  ( -2.910226884040037361E-16, 0.05000000000000000278, 1.274999999999999689 ) ) ;
#2544 = EDGE_CURVE ( 'NONE', #2810, #5698, #1966, .T. ) ;
#2545 = ORIENTED_EDGE ( 'NONE', *, *, #1902, .T. ) ;
#2546 = CARTESIAN_POINT ( 'NONE',  ( -0.4500000000000000111, 0.2000000000000000111, -0.6499999999999990230 ) ) ;
#2547 = CARTESIAN_POINT ( 'NONE',  ( -0.2500000000000000000, 0.000000000000000000, -1.474999999999999867 ) ) ;
#2548 = ORIENTED_EDGE ( 'NONE', *, *, #4564, .T. ) ;
#2549 = CARTESIAN_POINT ( 'NONE',  ( -1.750000000000000222, 0.04999999999999999584, -1.050000000000000044 ) ) ;
#2550 = AXIS2_PLACEMENT_3D ( 'NONE', #473, #4774, #1292 ) ;
#2551 = ORIENTED_EDGE ( 'NONE', *, *, #5092, .F. ) ;
#2552 = VECTOR ( 'NONE', #1894, 1000.000000000000000 ) ;
#2553 =( NAMED_UNIT ( * ) PLANE_ANGLE_UNIT ( ) SI_UNIT ( $, .RADIAN. ) );
#2554 = CARTESIAN_POINT ( 'NONE',  ( 0.7999999999999999334, 0.000000000000000000, 0.1749999999999998501 ) ) ;
#2555 = PLANE ( 'NONE',  #768 ) ;
#2556 = ORIENTED_EDGE ( 'NONE', *, *, #403, .T. ) ;
#2557 = DIRECTION ( 'NONE',  ( -0.000000000000000000, -1.000000000000000000, -0.000000000000000000 ) ) ;
#2558 = VECTOR ( 'NONE', #818, 1000.000000000000000 ) ;
#2559 = CARTESIAN_POINT ( 'NONE',  ( 0.6249999999999998890, 0.2000000000000000111, -1.749999999999999556 ) ) ;
#2560 = LINE ( 'NONE', #1688, #2178 ) ;
#2561 = VECTOR ( 'NONE', #486, 1000.000000000000000 ) ;
#2562 = VECTOR ( 'NONE', #2265, 1000.000000000000000 ) ;
#2563 = DIRECTION ( 'NONE',  ( 0.000000000000000000, 0.000000000000000000, -1.000000000000000000 ) ) ;
#2564 = DIRECTION ( 'NONE',  ( 0.000000000000000000, 0.000000000000000000, -1.000000000000000000 ) ) ;
#2565 = ORIENTED_EDGE ( 'NONE', *, *, #1795, .F. ) ;
#2566 = DIRECTION ( 'NONE',  ( -1.577021341797098201E-15, 0.000000000000000000, -1.000000000000000000 ) ) ;
#2567 = ORIENTED_EDGE ( 'NONE', *, *, #5271, .F. ) ;
#2568 = VECTOR ( 'NONE', #4813, 1000.000000000000000 ) ;
#2569 = ORIENTED_EDGE ( 'NONE', *, *, #2885, .T. ) ;
#2570 = VECTOR ( 'NONE', #199, 1000.000000000000000 ) ;
#2571 = VECTOR ( 'NONE', #2969, 1000.000000000000000 ) ;
#2572 = CARTESIAN_POINT ( 'NONE',  ( 0.1249999999999998890, 0.2000000000000000111, -1.749999999999999556 ) ) ;
#2573 = CARTESIAN_POINT ( 'NONE',  ( 0.000000000000000000, 0.2000000000000000111, 0.000000000000000000 ) ) ;
#2574 = ORIENTED_EDGE ( 'NONE', *, *, #2999, .T. ) ;
#2575 =( NAMED_UNIT ( * ) PLANE_ANGLE_UNIT ( ) SI_UNIT ( $, .RADIAN. ) );
#2576 = ADVANCED_FACE ( 'NONE', ( #3730 ), #4959, .F. ) ;
#2577 = LINE ( 'NONE', #4575, #5111 ) ;
#2578 = ADVANCED_FACE ( 'NONE', ( #2747 ), #5029, .F. ) ;
#2579 = AXIS2_PLACEMENT_3D ( 'NONE', #3361, #1168, #354 ) ;
#2580 = ORIENTED_EDGE ( 'NONE', *, *, #4641, .T. ) ;
#2581 = LINE ( 'NONE', #4762, #5606 ) ;
#2582 = EDGE_CURVE ( 'NONE', #5358, #2870, #5490, .T. ) ;
#2583 = CARTESIAN_POINT ( 'NONE',  ( 0.4500000000000000111, 0.2000000000000000111, -0.6499999999999990230 ) ) ;
#2584 = AXIS2_PLACEMENT_3D ( 'NONE', #1348, #2682, #5345 ) ;
#2585 = ORIENTED_EDGE ( 'NONE', *, *, #4211, .T. ) ;
#2586 = EDGE_CURVE ( 'NONE', #3934, #3214, #4147, .T. ) ;
#2587 = VECTOR ( 'NONE', #5135, 1000.000000000000000 ) ;
#2588 = EDGE_CURVE ( 'NONE', #2768, #764, #4531, .T. ) ;
#2589 = ORIENTED_EDGE ( 'NONE', *, *, #1936, .T. ) ;
#2590 = CARTESIAN_POINT ( 'NONE',  ( 0.7999999999999941602, 0.2000000000000000111, 0.9749999999999999778 ) ) ;
#2591 = EDGE_LOOP ( 'NONE', ( #3923, #2401, #5414, #2376 ) ) ;
#2592 = LINE ( 'NONE', #4372, #1910 ) ;
#2593 = CARTESIAN_POINT ( 'NONE',  ( -0.1499999999999998002, 0.2000000000000000111, 1.750000000000000666 ) ) ;
#2594 = DIRECTION ( 'NONE',  ( 1.000000000000000000, -0.000000000000000000, -2.282530889443167022E-16 ) ) ;
#2595 = CARTESIAN_POINT ( 'NONE',  ( -0.7999999999999999334, 0.2000000000000000111, 0.1749999999999998501 ) ) ;
#2596 = CARTESIAN_POINT ( 'NONE',  ( 1.750000000000000222, 0.2000000000000000111, -1.050000000000000044 ) ) ;
#2597 = DIRECTION ( 'NONE',  ( -1.000000000000000000, 0.000000000000000000, -0.000000000000000000 ) ) ;
#2598 = ORIENTED_EDGE ( 'NONE', *, *, #1444, .F. ) ;
#2599 = CARTESIAN_POINT ( 'NONE',  ( -0.6250000000000001110, 0.2000000000000000111, -1.749999999999999778 ) ) ;
#2600 = ORIENTED_EDGE ( 'NONE', *, *, #5170, .F. ) ;
#2601 = LINE ( 'NONE', #1359, #2111 ) ;
#2602 = DIRECTION ( 'NONE',  ( -1.000000000000000000, 0.000000000000000000, -8.559490835411878797E-17 ) ) ;
#2603 = VERTEX_POINT ( 'NONE', #5438 ) ;
#2604 = CARTESIAN_POINT ( 'NONE',  ( 0.6249999999999996669, 0.2000000000000000111, -1.474999999999999867 ) ) ;
#2605 = VERTEX_POINT ( 'NONE', #1477 ) ;
#2606 = DIRECTION ( 'NONE',  ( 0.000000000000000000, 0.000000000000000000, -1.000000000000000000 ) ) ;
#2607 = CARTESIAN_POINT ( 'NONE',  ( -1.250000000000000000, 0.2000000000000000111, -1.474999999999999867 ) ) ;
#2608 = VERTEX_POINT ( 'NONE', #2325 ) ;
#2609 = EDGE_CURVE ( 'NONE', #1158, #3156, #598, .T. ) ;
#2610 = EDGE_LOOP ( 'NONE', ( #1969, #1460 ) ) ;
#2611 = CARTESIAN_POINT ( 'NONE',  ( -0.7999999999999941602, 0.2000000000000000111, 0.7249999999999999778 ) ) ;
#2612 = DIRECTION ( 'NONE',  ( 0.000000000000000000, 1.000000000000000000, 0.000000000000000000 ) ) ;
#2613 = ORIENTED_EDGE ( 'NONE', *, *, #130, .F. ) ;
#2614 = LINE ( 'NONE', #4828, #4875 ) ;
#2615 = AXIS2_PLACEMENT_3D ( 'NONE', #2590, #1713, #3422 ) ;
#2616 = ADVANCED_FACE ( 'NONE', ( #3283 ), #4576, .F. ) ;
#2617 = CARTESIAN_POINT ( 'NONE',  ( -0.7999999999999941602, 0.04999999999999999584, 0.9749999999999999778 ) ) ;
#2618 = CARTESIAN_POINT ( 'NONE',  ( -1.749999999999988454, 0.2000000000000000111, 1.275000000000000133 ) ) ;
#2619 = CARTESIAN_POINT ( 'NONE',  ( -0.7999999999999998224, 0.2000000000000000111, -0.1500000000000000777 ) ) ;
#2620 = DIRECTION ( 'NONE',  ( -0.000000000000000000, -1.000000000000000000, -0.000000000000000000 ) ) ;
#2621 = PRESENTATION_STYLE_ASSIGNMENT (( #4974 ) ) ;
#2622 = ORIENTED_EDGE ( 'NONE', *, *, #2817, .F. ) ;
#2623 = CARTESIAN_POINT ( 'NONE',  ( 1.750000000000000222, 0.05000000000000000278, -0.7999999999999999334 ) ) ;
#2624 = VERTEX_POINT ( 'NONE', #1092 ) ;
#2625 = EDGE_CURVE ( 'NONE', #2032, #4353, #2933, .T. ) ;
#2626 = DIRECTION ( 'NONE',  ( -1.000000000000000000, 0.000000000000000000, 2.282530889443167022E-16 ) ) ;
#2627 = PLANE ( 'NONE',  #2938 ) ;
#2628 = ORIENTED_EDGE ( 'NONE', *, *, #2193, .T. ) ;
#2629 = PLANE ( 'NONE',  #1177 ) ;
#2630 = VECTOR ( 'NONE', #4969, 1000.000000000000000 ) ;
#2631 = VERTEX_POINT ( 'NONE', #5011 ) ;
#2632 = EDGE_CURVE ( 'NONE', #4847, #1986, #5407, .T. ) ;
#2633 = DIRECTION ( 'NONE',  ( -1.000000000000000000, -0.000000000000000000, -0.000000000000000000 ) ) ;
#2634 = LINE ( 'NONE', #4418, #2434 ) ;
#2635 = CARTESIAN_POINT ( 'NONE',  ( -0.2500000000000000000, 0.2000000000000000111, -1.474999999999999867 ) ) ;
#2636 = EDGE_LOOP ( 'NONE', ( #3410, #1528, #2907, #1893 ) ) ;
#2637 = CLOSED_SHELL ( 'NONE', ( #2214, #5584, #3238, #2754, #5504, #4266 ) ) ;
#2638 = ORIENTED_EDGE ( 'NONE', *, *, #5513, .F. ) ;
#2639 = CARTESIAN_POINT ( 'NONE',  ( 0.7999999999999998224, 0.2000000000000000111, -0.1500000000000000777 ) ) ;
#2640 = LINE ( 'NONE', #1282, #5311 ) ;
#2641 = ADVANCED_FACE ( 'NONE', ( #3209 ), #4989, .F. ) ;
#2642 = ORIENTED_EDGE ( 'NONE', *, *, #1278, .F. ) ;
#2643 = CARTESIAN_POINT ( 'NONE',  ( -0.7999999999999999334, 0.2000000000000000111, 0.4249999999999998779 ) ) ;
#2644 = SURFACE_STYLE_USAGE ( .BOTH. , #880 ) ;
#2645 = PLANE ( 'NONE',  #4355 ) ;
#2646 = VECTOR ( 'NONE', #2563, 1000.000000000000000 ) ;
#2647 = EDGE_CURVE ( 'NONE', #489, #723, #274, .T. ) ;
#2648 = EDGE_CURVE ( 'NONE', #3721, #5639, #2949, .T. ) ;
#2649 = FILL_AREA_STYLE_COLOUR ( '', #1098 ) ;
#2650 = DIRECTION ( 'NONE',  ( -0.000000000000000000, -1.000000000000000000, -0.000000000000000000 ) ) ;
#2651 = DIRECTION ( 'NONE',  ( -1.000000000000000000, 0.000000000000000000, 8.673617379884035472E-16 ) ) ;
#2652 = VECTOR ( 'NONE', #2281, 1000.000000000000000 ) ;
#2653 = ADVANCED_FACE ( 'NONE', ( #3848 ), #1180, .F. ) ;
#2654 =( LENGTH_UNIT ( ) NAMED_UNIT ( * ) SI_UNIT ( .MILLI., .METRE. ) );
#2655 = ORIENTED_EDGE ( 'NONE', *, *, #2888, .F. ) ;
#2656 = VECTOR ( 'NONE', #878, 1000.000000000000000 ) ;
#2657 = LINE ( 'NONE', #3579, #1258 ) ;
#2658 = VERTEX_POINT ( 'NONE', #1672 ) ;
#2659 = VECTOR ( 'NONE', #5467, 1000.000000000000000 ) ;
#2660 = CARTESIAN_POINT ( 'NONE',  ( -1.375000000000000222, 0.2000000000000000111, -1.749999999999999556 ) ) ;
#2661 = DIRECTION ( 'NONE',  ( -0.000000000000000000, 0.000000000000000000, -1.000000000000000000 ) ) ;
#2662 = ORIENTED_EDGE ( 'NONE', *, *, #1425, .T. ) ;
#2663 = CIRCLE ( 'NONE', #3117, 0.1514013321328433748 ) ;
#2664 =( GEOMETRIC_REPRESENTATION_CONTEXT ( 3 ) GLOBAL_UNCERTAINTY_ASSIGNED_CONTEXT ( ( #3839 ) ) GLOBAL_UNIT_ASSIGNED_CONTEXT ( ( #365, #2575, #5150 ) ) REPRESENTATION_CONTEXT ( 'NONE', 'WORKASPACE' ) );
#2665 = DIRECTION ( 'NONE',  ( 0.000000000000000000, -1.000000000000000000, 0.000000000000000000 ) ) ;
#2666 = VECTOR ( 'NONE', #5578, 1000.000000000000000 ) ;
#2667 = CARTESIAN_POINT ( 'NONE',  ( 0.7999999999999999334, 0.05000000000000000278, 0.1749999999999998501 ) ) ;
#2668 = DIRECTION ( 'NONE',  ( 0.000000000000000000, -0.000000000000000000, 1.000000000000000000 ) ) ;
#2669 = ORIENTED_EDGE ( 'NONE', *, *, #2465, .F. ) ;
#2670 = VECTOR ( 'NONE', #710, 1000.000000000000000 ) ;
#2671 = VECTOR ( 'NONE', #3222, 1000.000000000000000 ) ;
#2672 = ORIENTED_EDGE ( 'NONE', *, *, #3412, .F. ) ;
#2673 = VECTOR ( 'NONE', #2279, 1000.000000000000000 ) ;
#2674 = PLANE ( 'NONE',  #2744 ) ;
#2675 = LINE ( 'NONE', #550, #4573 ) ;
#2676 = VECTOR ( 'NONE', #2800, 1000.000000000000000 ) ;
#2677 = VERTEX_POINT ( 'NONE', #5522 ) ;
#2678 = DIRECTION ( 'NONE',  ( 0.000000000000000000, 1.000000000000000000, 0.000000000000000000 ) ) ;
#2679 = LINE ( 'NONE', #3543, #255 ) ;
#2680 = SURFACE_STYLE_FILL_AREA ( #4883 ) ;
#2681 = ORIENTED_EDGE ( 'NONE', *, *, #1836, .F. ) ;
#2682 = DIRECTION ( 'NONE',  ( 0.000000000000000000, -1.000000000000000000, 0.000000000000000000 ) ) ;
#2683 = LINE ( 'NONE', #4945, #2164 ) ;
#2684 = CARTESIAN_POINT ( 'NONE',  ( 1.475000000000000089, 0.000000000000000000, -1.050000000000000044 ) ) ;
#2685 = DIRECTION ( 'NONE',  ( 0.000000000000000000, -0.000000000000000000, 1.000000000000000000 ) ) ;
#2686 = DIRECTION ( 'NONE',  ( 1.000000000000000000, 0.000000000000000000, -3.614007241618347785E-16 ) ) ;
#2687 = EDGE_LOOP ( 'NONE', ( #3368, #2525, #2056, #323 ) ) ;
#2688 = PLANE ( 'NONE',  #4590 ) ;
#2689 = ORIENTED_EDGE ( 'NONE', *, *, #5525, .T. ) ;
#2690 = ADVANCED_FACE ( 'NONE', ( #3892 ), #4755, .T. ) ;
#2691 = DIRECTION ( 'NONE',  ( 1.000000000000000000, 0.000000000000000000, 8.559490835411878797E-17 ) ) ;
#2692 = FACE_OUTER_BOUND ( 'NONE', #3755, .T. ) ;
#2693 = VERTEX_POINT ( 'NONE', #3437 ) ;
#2694 = DIRECTION ( 'NONE',  ( 0.000000000000000000, 0.000000000000000000, -1.000000000000000000 ) ) ;
#2695 = EDGE_CURVE ( 'NONE', #1108, #1174, #327, .T. ) ;
#2696 = CARTESIAN_POINT ( 'NONE',  ( -0.7999999999999999334, 0.2000000000000000111, 0.1749999999999998501 ) ) ;
#2697 = DIRECTION ( 'NONE',  ( -1.000000000000000000, 0.000000000000000000, -0.000000000000000000 ) ) ;
#2698 = CARTESIAN_POINT ( 'NONE',  ( 0.7500000000000000000, 0.2000000000000000111, -1.474999999999999867 ) ) ;
#2699 = ADVANCED_BREP_SHAPE_REPRESENTATION ( 'RNN18', ( #1983, #5750, #3782, #65, #3732, #1963, #3865, #1954, #34, #3805, #3741, #165, #1820, #47, #2099, #1884, #1945, #5703, #3912, #17, #4234 ), #3205 ) ;
#2700 = ORIENTED_EDGE ( 'NONE', *, *, #4957, .T. ) ;
#2701 = EDGE_CURVE ( 'NONE', #2410, #4672, #2515, .T. ) ;
#2702 = ORIENTED_EDGE ( 'NONE', *, *, #4096, .F. ) ;
#2703 = PLANE ( 'NONE',  #1822 ) ;
#2704 = LINE ( 'NONE', #938, #5344 ) ;
#2705 = CARTESIAN_POINT ( 'NONE',  ( 1.125000000000000000, 0.000000000000000000, -1.749999999999999556 ) ) ;
#2706 = CARTESIAN_POINT ( 'NONE',  ( 1.750000000000000222, 0.05000000000000000278, 1.750000000000000222 ) ) ;
#2707 = CARTESIAN_POINT ( 'NONE',  ( -1.749999999999999778, 0.05000000000000000278, 1.275000000000000133 ) ) ;
#2708 = DIRECTION ( 'NONE',  ( 1.000000000000000000, -0.000000000000000000, 0.000000000000000000 ) ) ;
#2709 = ORIENTED_EDGE ( 'NONE', *, *, #4892, .F. ) ;
#2710 = CARTESIAN_POINT ( 'NONE',  ( 1.375000000000000000, 0.2000000000000000111, -1.749999999999999778 ) ) ;
#2711 = EDGE_LOOP ( 'NONE', ( #541, #1191, #811, #230 ) ) ;
#2712 = CARTESIAN_POINT ( 'NONE',  ( 0.000000000000000000, 0.2000000000000000111, 0.000000000000000000 ) ) ;
#2713 = DIRECTION ( 'NONE',  ( -0.000000000000000000, 0.000000000000000000, -1.000000000000000000 ) ) ;
#2714 = EDGE_LOOP ( 'NONE', ( #2356, #1322, #1534, #45 ) ) ;
#2715 = FILL_AREA_STYLE_COLOUR ( '', #3681 ) ;
#2716 = EDGE_CURVE ( 'NONE', #1355, #1097, #210, .T. ) ;
#2717 = DIRECTION ( 'NONE',  ( -0.000000000000000000, 0.000000000000000000, -1.000000000000000000 ) ) ;
#2718 = DIRECTION ( 'NONE',  ( -0.000000000000000000, -0.000000000000000000, -1.000000000000000000 ) ) ;
#2719 = DIRECTION ( 'NONE',  ( 1.000000000000000000, 0.000000000000000000, -1.239088197126290817E-16 ) ) ;
#2720 = ADVANCED_FACE ( 'NONE', ( #5608 ), #1236, .T. ) ;
#2721 = PLANE ( 'NONE',  #5241 ) ;
#2722 = ORIENTED_EDGE ( 'NONE', *, *, #3376, .F. ) ;
#2723 = VECTOR ( 'NONE', #5661, 1000.000000000000000 ) ;
#2724 = ORIENTED_EDGE ( 'NONE', *, *, #2586, .F. ) ;
#2725 = LINE ( 'NONE', #43, #138 ) ;
#2726 = DIRECTION ( 'NONE',  ( 1.000000000000000000, 0.000000000000000000, 1.141265444721583757E-16 ) ) ;
#2727 = DIRECTION ( 'NONE',  ( 0.000000000000000000, -1.000000000000000000, 0.000000000000000000 ) ) ;
#2728 = CLOSED_SHELL ( 'NONE', ( #4991, #5299, #3184, #3005, #2690, #1394 ) ) ;
#2729 = ORIENTED_EDGE ( 'NONE', *, *, #695, .F. ) ;
#2730 = DIRECTION ( 'NONE',  ( 0.000000000000000000, 0.000000000000000000, 1.000000000000000000 ) ) ;
#2731 = CARTESIAN_POINT ( 'NONE',  ( -0.1499999999999999944, 0.2000000000000000111, -0.6499999999999991340 ) ) ;
#2732 = DIRECTION ( 'NONE',  ( 3.614007241618347785E-16, 0.000000000000000000, 1.000000000000000000 ) ) ;
#2733 = FACE_OUTER_BOUND ( 'NONE', #2045, .T. ) ;
#2734 =( NAMED_UNIT ( * ) SI_UNIT ( $, .STERADIAN. ) SOLID_ANGLE_UNIT ( ) );
#2735 = ORIENTED_EDGE ( 'NONE', *, *, #3386, .F. ) ;
#2736 = CARTESIAN_POINT ( 'NONE',  ( 0.6249999999999998890, 0.2000000000000000111, -1.749999999999999556 ) ) ;
#2737 = ORIENTED_EDGE ( 'NONE', *, *, #1084, .F. ) ;
#2738 = VECTOR ( 'NONE', #2103, 1000.000000000000000 ) ;
#2739 = VECTOR ( 'NONE', #3197, 1000.000000000000000 ) ;
#2740 = DIRECTION ( 'NONE',  ( 1.000000000000000000, -0.000000000000000000, -8.559490835411878797E-17 ) ) ;
#2741 = CARTESIAN_POINT ( 'NONE',  ( -1.375000000000000222, 0.000000000000000000, -1.749999999999999556 ) ) ;
#2742 = VERTEX_POINT ( 'NONE', #781 ) ;
#2743 = FACE_OUTER_BOUND ( 'NONE', #2283, .T. ) ;
#2744 = AXIS2_PLACEMENT_3D ( 'NONE', #2249, #4454, #3567 ) ;
#2745 = VECTOR ( 'NONE', #4638, 1000.000000000000000 ) ;
#2746 = CARTESIAN_POINT ( 'NONE',  ( 0.7999999999999999334, 0.2000000000000000111, 0.4249999999999998779 ) ) ;
#2747 = FACE_OUTER_BOUND ( 'NONE', #3405, .T. ) ;
#2748 = VECTOR ( 'NONE', #1770, 1000.000000000000000 ) ;
#2749 = SURFACE_STYLE_FILL_AREA ( #4200 ) ;
#2750 = AXIS2_PLACEMENT_3D ( 'NONE', #5401, #977, #627 ) ;
#2751 = EDGE_CURVE ( 'NONE', #1845, #1666, #4197, .T. ) ;
#2752 = VERTEX_POINT ( 'NONE', #4662 ) ;
#2753 = VECTOR ( 'NONE', #2033, 1000.000000000000000 ) ;
#2754 = ADVANCED_FACE ( 'NONE', ( #2455 ), #2540, .F. ) ;
#2755 = EDGE_CURVE ( 'NONE', #640, #4589, #1176, .T. ) ;
#2756 = ORIENTED_EDGE ( 'NONE', *, *, #3532, .F. ) ;
#2757 = DIRECTION ( 'NONE',  ( 0.000000000000000000, 1.000000000000000000, 0.000000000000000000 ) ) ;
#2758 = AXIS2_PLACEMENT_3D ( 'NONE', #4655, #1989, #624 ) ;
#2759 = EDGE_CURVE ( 'NONE', #4259, #2501, #4694, .T. ) ;
#2760 = ORIENTED_EDGE ( 'NONE', *, *, #1940, .T. ) ;
#2761 = LINE ( 'NONE', #492, #4601 ) ;
#2762 = FACE_OUTER_BOUND ( 'NONE', #3350, .T. ) ;
#2763 = EDGE_CURVE ( 'NONE', #5176, #5737, #5710, .T. ) ;
#2764 = SURFACE_STYLE_FILL_AREA ( #4513 ) ;
#2765 = AXIS2_PLACEMENT_3D ( 'NONE', #5720, #1687, #4374 ) ;
#2766 = PLANE ( 'NONE',  #2089 ) ;
#2767 = CARTESIAN_POINT ( 'NONE',  ( 0.000000000000000000, 0.000000000000000000, 0.000000000000000000 ) ) ;
#2768 = VERTEX_POINT ( 'NONE', #1146 ) ;
#2769 = CARTESIAN_POINT ( 'NONE',  ( 0.7999999999999998224, 0.04999999999999999584, -0.1500000000000000777 ) ) ;
#2770 = VECTOR ( 'NONE', #2899, 1000.000000000000000 ) ;
#2771 = ORIENTED_EDGE ( 'NONE', *, *, #3745, .F. ) ;
#2772 = EDGE_CURVE ( 'NONE', #5178, #5737, #5552, .T. ) ;
#2773 = DIRECTION ( 'NONE',  ( 1.000000000000000000, 0.000000000000000000, -1.239088197126290817E-16 ) ) ;
#2774 = CARTESIAN_POINT ( 'NONE',  ( 0.4499999999999997891, 0.04999999999999999584, 1.750000000000000666 ) ) ;
#2775 = CARTESIAN_POINT ( 'NONE',  ( 1.250000000000000000, 0.2000000000000000111, -1.474999999999999867 ) ) ;
#2776 = CYLINDRICAL_SURFACE ( 'NONE', #3308, 0.1514013321328433748 ) ;
#2777 = DIRECTION ( 'NONE',  ( 0.000000000000000000, 0.000000000000000000, -1.000000000000000000 ) ) ;
#2778 = DIRECTION ( 'NONE',  ( -1.000000000000000000, 0.000000000000000000, 0.000000000000000000 ) ) ;
#2779 = ORIENTED_EDGE ( 'NONE', *, *, #2521, .T. ) ;
#2780 = PLANE ( 'NONE',  #235 ) ;
#2781 = ORIENTED_EDGE ( 'NONE', *, *, #298, .T. ) ;
#2782 = ORIENTED_EDGE ( 'NONE', *, *, #12, .T. ) ;
#2783 = SURFACE_SIDE_STYLE ('',( #3134 ) ) ;
#2784 = CARTESIAN_POINT ( 'NONE',  ( -1.125000000000000222, 0.2000000000000000111, -1.749999999999999778 ) ) ;
#2785 = ORIENTED_EDGE ( 'NONE', *, *, #3789, .T. ) ;
#2786 = FACE_OUTER_BOUND ( 'NONE', #1702, .T. ) ;
#2787 = ADVANCED_FACE ( 'NONE', ( #3339 ), #3820, .F. ) ;
#2788 = CARTESIAN_POINT ( 'NONE',  ( -0.6249999999999996669, 0.04999999999999999584, -1.474999999999999867 ) ) ;
#2789 = ORIENTED_EDGE ( 'NONE', *, *, #1337, .F. ) ;
#2790 = DIRECTION ( 'NONE',  ( 0.000000000000000000, 0.000000000000000000, 1.000000000000000000 ) ) ;
#2791 = LINE ( 'NONE', #4163, #3223 ) ;
#2792 = EDGE_CURVE ( 'NONE', #438, #3098, #1367, .T. ) ;
#2793 = ORIENTED_EDGE ( 'NONE', *, *, #3180, .F. ) ;
#2794 = DIRECTION ( 'NONE',  ( 1.000000000000000000, 0.000000000000000000, -9.035018104045870694E-17 ) ) ;
#2795 = ORIENTED_EDGE ( 'NONE', *, *, #2370, .F. ) ;
#2796 = FACE_OUTER_BOUND ( 'NONE', #3900, .T. ) ;
#2797 = PLANE ( 'NONE',  #1087 ) ;
#2798 = ORIENTED_EDGE ( 'NONE', *, *, #1799, .F. ) ;
#2799 = DIRECTION ( 'NONE',  ( 0.000000000000000000, 1.000000000000000000, 0.000000000000000000 ) ) ;
#2800 = DIRECTION ( 'NONE',  ( -1.000000000000000000, 0.000000000000000000, 0.000000000000000000 ) ) ;
#2801 = EDGE_CURVE ( 'NONE', #602, #5281, #4598, .T. ) ;
#2802 = CARTESIAN_POINT ( 'NONE',  ( 0.7500000000000000000, 0.2000000000000000111, -1.474999999999999867 ) ) ;
#2803 = VECTOR ( 'NONE', #2718, 1000.000000000000000 ) ;
#2804 = DIRECTION ( 'NONE',  ( 0.000000000000000000, 1.000000000000000000, 0.000000000000000000 ) ) ;
#2805 = FILL_AREA_STYLE ('',( #4122 ) ) ;
#2806 = ORIENTED_EDGE ( 'NONE', *, *, #2896, .T. ) ;
#2807 = EDGE_CURVE ( 'NONE', #1618, #3705, #390, .T. ) ;
#2808 = ORIENTED_EDGE ( 'NONE', *, *, #4591, .F. ) ;
#2809 = CYLINDRICAL_SURFACE ( 'NONE', #3963, 0.1250000000000003331 ) ;
#2810 = VERTEX_POINT ( 'NONE', #2660 ) ;
#2811 = CARTESIAN_POINT ( 'NONE',  ( -0.7500000000000000000, 0.000000000000000000, -1.474999999999999867 ) ) ;
#2812 = LINE ( 'NONE', #2895, #1928 ) ;
#2813 = EDGE_CURVE ( 'NONE', #1175, #3214, #4357, .T. ) ;
#2814 = VERTEX_POINT ( 'NONE', #2237 ) ;
#2815 = CARTESIAN_POINT ( 'NONE',  ( -1.749999999999994449, 0.2000000000000000111, 0.7249999999999999778 ) ) ;
#2816 = ORIENTED_EDGE ( 'NONE', *, *, #3909, .T. ) ;
#2817 = EDGE_CURVE ( 'NONE', #1478, #1222, #1700, .T. ) ;
#2818 = DIRECTION ( 'NONE',  ( 0.000000000000000000, 1.000000000000000000, 0.000000000000000000 ) ) ;
#2819 = PRESENTATION_LAYER_ASSIGNMENT (  '', '', ( #2081 ) ) ;
#2820 = EDGE_CURVE ( 'NONE', #4379, #1509, #1266, .T. ) ;
#2821 = EDGE_CURVE ( 'NONE', #3057, #5323, #3119, .T. ) ;
#2822 = CARTESIAN_POINT ( 'NONE',  ( -1.350000000000000311, 0.2000000000000000111, -0.8000000000000000444 ) ) ;
#2823 = AXIS2_PLACEMENT_3D ( 'NONE', #4616, #195, #3385 ) ;
#2824 = CARTESIAN_POINT ( 'NONE',  ( 1.749999999999999778, 0.2000000000000000111, -0.5500000000000000444 ) ) ;
#2825 = ORIENTED_EDGE ( 'NONE', *, *, #1937, .T. ) ;
#2826 = DIRECTION ( 'NONE',  ( -0.000000000000000000, 0.000000000000000000, -1.000000000000000000 ) ) ;
#2827 = EDGE_CURVE ( 'NONE', #119, #4353, #4008, .T. ) ;
#2828 = VECTOR ( 'NONE', #2708, 1000.000000000000000 ) ;
#2829 = VECTOR ( 'NONE', #2284, 1000.000000000000000 ) ;
#2830 = CARTESIAN_POINT ( 'NONE',  ( -1.749999999999994449, 0.2000000000000000111, 0.7249999999999999778 ) ) ;
#2831 = DIRECTION ( 'NONE',  ( 0.000000000000000000, -1.000000000000000000, 0.000000000000000000 ) ) ;
#2832 = CARTESIAN_POINT ( 'NONE',  ( 0.7999999999999883871, 0.2000000000000000111, 1.274999999999999911 ) ) ;
#2833 = ORIENTED_EDGE ( 'NONE', *, *, #1936, .F. ) ;
#2834 = CARTESIAN_POINT ( 'NONE',  ( 0.7999999999999999334, 0.2000000000000000111, 0.4249999999999998779 ) ) ;
#2835 = AXIS2_PLACEMENT_3D ( 'NONE', #518, #3540, #80 ) ;
#2836 = ORIENTED_EDGE ( 'NONE', *, *, #2521, .F. ) ;
#2837 = VECTOR ( 'NONE', #2626, 1000.000000000000000 ) ;
#2838 = ORIENTED_EDGE ( 'NONE', *, *, #5361, .T. ) ;
#2839 = COLOUR_RGB ( '',0.7921568627450980005, 0.8196078431372548767, 0.9333333333333333481 ) ;
#2840 = CARTESIAN_POINT ( 'NONE',  ( 1.750000000000000000, 0.2000000000000000111, 0.4249999999999999889 ) ) ;
#2841 = ORIENTED_EDGE ( 'NONE', *, *, #1507, .F. ) ;
#2842 = CARTESIAN_POINT ( 'NONE',  ( 0.3749999999999998890, 0.2000000000000000111, -1.749999999999999778 ) ) ;
#2843 = VECTOR ( 'NONE', #2490, 1000.000000000000000 ) ;
#2844 = VECTOR ( 'NONE', #2144, 1000.000000000000000 ) ;
#2845 = FACE_OUTER_BOUND ( 'NONE', #1133, .T. ) ;
#2846 = VECTOR ( 'NONE', #2043, 1000.000000000000000 ) ;
#2847 = LINE ( 'NONE', #645, #3511 ) ;
#2848 = ORIENTED_EDGE ( 'NONE', *, *, #5197, .F. ) ;
#2849 = DIRECTION ( 'NONE',  ( 0.000000000000000000, 0.000000000000000000, 1.000000000000000000 ) ) ;
#2850 = ORIENTED_EDGE ( 'NONE', *, *, #2993, .F. ) ;
#2851 = VECTOR ( 'NONE', #2097, 1000.000000000000000 ) ;
#2852 = VECTOR ( 'NONE', #20, 1000.000000000000000 ) ;
#2853 = CARTESIAN_POINT ( 'NONE',  ( -0.3750000000000003331, 0.2000000000000000111, -1.474999999999999867 ) ) ;
#2854 = DIRECTION ( 'NONE',  ( 1.000000000000000000, -0.000000000000000000, 7.905640841040137320E-17 ) ) ;
#2855 = ORIENTED_EDGE ( 'NONE', *, *, #2514, .F. ) ;
#2856 = DIRECTION ( 'NONE',  ( 0.000000000000000000, 0.000000000000000000, 1.000000000000000000 ) ) ;
#2857 = EDGE_CURVE ( 'NONE', #4158, #3736, #4443, .T. ) ;
#2858 = VECTOR ( 'NONE', #50, 1000.000000000000000 ) ;
#2859 = ORIENTED_EDGE ( 'NONE', *, *, #3199, .F. ) ;
#2860 = ADVANCED_FACE ( 'NONE', ( #5229 ), #478, .F. ) ;
#2861 = DIRECTION ( 'NONE',  ( 0.000000000000000000, -0.000000000000000000, 1.000000000000000000 ) ) ;
#2862 = CARTESIAN_POINT ( 'NONE',  ( 0.2500000000000000000, 0.000000000000000000, -1.474999999999999867 ) ) ;
#2863 = DIRECTION ( 'NONE',  ( 1.000000000000000000, 0.000000000000000000, -0.000000000000000000 ) ) ;
#2864 = ORIENTED_EDGE ( 'NONE', *, *, #4012, .T. ) ;
#2865 = EDGE_CURVE ( 'NONE', #3825, #1514, #4470, .T. ) ;
#2866 = ORIENTED_EDGE ( 'NONE', *, *, #272, .T. ) ;
#2867 = ORIENTED_EDGE ( 'NONE', *, *, #2544, .F. ) ;
#2868 = DIRECTION ( 'NONE',  ( 0.000000000000000000, 0.000000000000000000, 1.000000000000000000 ) ) ;
#2869 = DIRECTION ( 'NONE',  ( 0.000000000000000000, 0.000000000000000000, 1.000000000000000000 ) ) ;
#2870 = VERTEX_POINT ( 'NONE', #2572 ) ;
#2871 = FACE_OUTER_BOUND ( 'NONE', #3776, .T. ) ;
#2872 = DIRECTION ( 'NONE',  ( -0.000000000000000000, -1.000000000000000000, -0.000000000000000000 ) ) ;
#2873 = EDGE_CURVE ( 'NONE', #935, #1848, #1733, .T. ) ;
#2874 = VERTEX_POINT ( 'NONE', #3149 ) ;
#2875 = SURFACE_STYLE_USAGE ( .BOTH. , #584 ) ;
#2876 = VERTEX_POINT ( 'NONE', #3089 ) ;
#2877 = CARTESIAN_POINT ( 'NONE',  ( -1.750000000000000222, 0.2000000000000000111, -1.050000000000000044 ) ) ;
#2878 = ORIENTED_EDGE ( 'NONE', *, *, #4815, .T. ) ;
#2879 = DIRECTION ( 'NONE',  ( 0.000000000000000000, -0.000000000000000000, 1.000000000000000000 ) ) ;
#2880 = LINE ( 'NONE', #2018, #2670 ) ;
#2881 = DIRECTION ( 'NONE',  ( 0.000000000000000000, 0.000000000000000000, 1.000000000000000000 ) ) ;
#2882 = ORIENTED_EDGE ( 'NONE', *, *, #1278, .T. ) ;
#2883 = CARTESIAN_POINT ( 'NONE',  ( -0.3750000000000001110, 0.2000000000000000111, -1.749999999999999556 ) ) ;
#2884 = DIRECTION ( 'NONE',  ( 0.000000000000000000, 0.000000000000000000, 1.000000000000000000 ) ) ;
#2885 = EDGE_CURVE ( 'NONE', #2107, #1610, #2174, .T. ) ;
#2886 = PLANE ( 'NONE',  #815 ) ;
#2887 = SURFACE_SIDE_STYLE ('',( #3374 ) ) ;
#2888 = EDGE_CURVE ( 'NONE', #5376, #4468, #4862, .T. ) ;
#2889 = EDGE_CURVE ( 'NONE', #1015, #861, #3060, .T. ) ;
#2890 = ORIENTED_EDGE ( 'NONE', *, *, #2162, .F. ) ;
#2891 = CARTESIAN_POINT ( 'NONE',  ( 0.7500000000000000000, 0.2000000000000000111, -1.474999999999999867 ) ) ;
#2892 = LINE ( 'NONE', #3324, #4227 ) ;
#2893 = EDGE_LOOP ( 'NONE', ( #161, #5100, #1604, #3598 ) ) ;
#2894 = DIRECTION ( 'NONE',  ( 0.000000000000000000, -1.000000000000000000, 0.000000000000000000 ) ) ;
#2895 = CARTESIAN_POINT ( 'NONE',  ( 0.000000000000000000, 0.05000000000000000278, -1.050000000000000044 ) ) ;
#2896 = EDGE_CURVE ( 'NONE', #360, #3010, #2601, .T. ) ;
#2897 = ORIENTED_EDGE ( 'NONE', *, *, #3453, .F. ) ;
#2898 = VECTOR ( 'NONE', #5280, 1000.000000000000000 ) ;
#2899 = DIRECTION ( 'NONE',  ( 0.000000000000000000, -1.000000000000000000, 0.000000000000000000 ) ) ;
#2900 = ORIENTED_EDGE ( 'NONE', *, *, #2801, .F. ) ;
#2901 = LINE ( 'NONE', #4682, #2921 ) ;
#2902 = PRESENTATION_STYLE_ASSIGNMENT (( #1571 ) ) ;
#2903 = LINE ( 'NONE', #5510, #1849 ) ;
#2904 = PRODUCT_DEFINITION_CONTEXT ( 'detailed design', #3544, 'design' ) ;
#2905 = DIRECTION ( 'NONE',  ( -0.000000000000000000, -1.000000000000000000, -0.000000000000000000 ) ) ;
#2906 = LINE ( 'NONE', #4687, #4071 ) ;
#2907 = ORIENTED_EDGE ( 'NONE', *, *, #5405, .F. ) ;
#2908 = FACE_OUTER_BOUND ( 'NONE', #2910, .T. ) ;
#2909 = CLOSED_SHELL ( 'NONE', ( #4290, #4174, #3902, #1929, #5452, #1413 ) ) ;
#2910 = EDGE_LOOP ( 'NONE', ( #2964, #2882, #679, #2142, #258, #2689, #2537, #712, #5492, #3632, #2986, #5604, #214, #4549, #2669, #2430, #1230, #5308, #3325, #4716, #3733, #1942, #5683, #5648 ) ) ;
#2911 = EDGE_LOOP ( 'NONE', ( #3270, #2681, #2833, #5568 ) ) ;
#2912 = PLANE ( 'NONE',  #3229 ) ;
#2913 = DIRECTION ( 'NONE',  ( 0.000000000000000000, -0.000000000000000000, 1.000000000000000000 ) ) ;
#2914 = CARTESIAN_POINT ( 'NONE',  ( -0.4499999999999997891, 0.04999999999999999584, 1.750000000000000666 ) ) ;
#2915 = VERTEX_POINT ( 'NONE', #30 ) ;
#2916 = CARTESIAN_POINT ( 'NONE',  ( -1.394229623805780305, 0.9000000000000000222, -1.375884497176759647 ) ) ;
#2917 = VERTEX_POINT ( 'NONE', #4839 ) ;
#2918 = LINE ( 'NONE', #5583, #5239 ) ;
#2919 = VECTOR ( 'NONE', #1533, 1000.000000000000000 ) ;
#2920 = ADVANCED_FACE ( 'NONE', ( #4899 ), #1817, .T. ) ;
#2921 = VECTOR ( 'NONE', #2037, 1000.000000000000000 ) ;
#2922 = FACE_OUTER_BOUND ( 'NONE', #4354, .T. ) ;
#2923 = ORIENTED_EDGE ( 'NONE', *, *, #4995, .F. ) ;
#2924 = DIRECTION ( 'NONE',  ( -7.885106708985496922E-16, 0.000000000000000000, 1.000000000000000000 ) ) ;
#2925 = EDGE_CURVE ( 'NONE', #2658, #3025, #3585, .T. ) ;
#2926 = DIRECTION ( 'NONE',  ( 1.000000000000000000, 0.000000000000000000, 7.905640841040137320E-17 ) ) ;
#2927 = LINE ( 'NONE', #1709, #31 ) ;
#2928 = VECTOR ( 'NONE', #3562, 1000.000000000000000 ) ;
#2929 = EDGE_CURVE ( 'NONE', #4729, #1015, #1395, .T. ) ;
#2930 = AXIS2_PLACEMENT_3D ( 'NONE', #428, #3987, #5743 ) ;
#2931 = VERTEX_POINT ( 'NONE', #4091 ) ;
#2932 = FILL_AREA_STYLE ('',( #5101 ) ) ;
#2933 = CIRCLE ( 'NONE', #5519, 0.1250000000000003331 ) ;
#2934 = VERTEX_POINT ( 'NONE', #1898 ) ;
#2935 = PLANE ( 'NONE',  #1726 ) ;
#2936 = STYLED_ITEM ( 'NONE', ( #248 ), #3805 ) ;
#2937 = ADVANCED_FACE ( 'NONE', ( #5456 ), #2396, .T. ) ;
#2938 = AXIS2_PLACEMENT_3D ( 'NONE', #2573, #1299, #3949 ) ;
#2939 = LINE ( 'NONE', #3840, #2738 ) ;
#2940 = DIRECTION ( 'NONE',  ( -1.000000000000000000, 0.000000000000000000, 0.000000000000000000 ) ) ;
#2941 = ORIENTED_EDGE ( 'NONE', *, *, #2625, .F. ) ;
#2942 = VECTOR ( 'NONE', #1495, 1000.000000000000000 ) ;
#2943 = CARTESIAN_POINT ( 'NONE',  ( -0.8750000000000003331, 0.04999999999999999584, -1.474999999999999867 ) ) ;
#2944 = ORIENTED_EDGE ( 'NONE', *, *, #3067, .T. ) ;
#2945 = ORIENTED_EDGE ( 'NONE', *, *, #4925, .F. ) ;
#2946 = EDGE_CURVE ( 'NONE', #307, #4409, #178, .T. ) ;
#2947 = AXIS2_PLACEMENT_3D ( 'NONE', #582, #2008, #3774 ) ;
#2948 = DIRECTION ( 'NONE',  ( -0.000000000000000000, 1.000000000000000000, -0.000000000000000000 ) ) ;
#2949 = LINE ( 'NONE', #5641, #524 ) ;
#2950 = VECTOR ( 'NONE', #5044, 1000.000000000000000 ) ;
#2951 = DIRECTION ( 'NONE',  ( 1.000000000000000000, -0.000000000000000000, -0.000000000000000000 ) ) ;
#2952 = ORIENTED_EDGE ( 'NONE', *, *, #5006, .T. ) ;
#2953 = CARTESIAN_POINT ( 'NONE',  ( -1.749999999999994449, 0.2000000000000000111, 0.7249999999999999778 ) ) ;
#2954 = EDGE_LOOP ( 'NONE', ( #1975, #5527, #1885, #5374 ) ) ;
#2955 = DIRECTION ( 'NONE',  ( 0.000000000000000000, -0.000000000000000000, 1.000000000000000000 ) ) ;
#2956 = CARTESIAN_POINT ( 'NONE',  ( -0.1499999999999998002, 0.000000000000000000, 1.750000000000000666 ) ) ;
#2957 = LINE ( 'NONE', #2150, #331 ) ;
#2958 = VERTEX_POINT ( 'NONE', #948 ) ;
#2959 = LINE ( 'NONE', #4866, #1379 ) ;
#2960 = ORIENTED_EDGE ( 'NONE', *, *, #4400, .T. ) ;
#2961 =( LENGTH_UNIT ( ) NAMED_UNIT ( * ) SI_UNIT ( .MILLI., .METRE. ) );
#2962 = DIRECTION ( 'NONE',  ( -0.000000000000000000, -1.000000000000000000, -0.000000000000000000 ) ) ;
#2963 = ADVANCED_FACE ( 'NONE', ( #2796 ), #5378, .T. ) ;
#2964 = ORIENTED_EDGE ( 'NONE', *, *, #2821, .T. ) ;
#2965 = CARTESIAN_POINT ( 'NONE',  ( -2.349104707051922658E-16, 0.05000000000000000278, -0.6499999999999991340 ) ) ;
#2966 =( NAMED_UNIT ( * ) PLANE_ANGLE_UNIT ( ) SI_UNIT ( $, .RADIAN. ) );
#2967 = EDGE_CURVE ( 'NONE', #4558, #92, #122, .T. ) ;
#2968 = LINE ( 'NONE', #2422, #4970 ) ;
#2969 = DIRECTION ( 'NONE',  ( -1.000000000000000000, 0.000000000000000000, 3.614007241618347785E-16 ) ) ;
#2970 = ORIENTED_EDGE ( 'NONE', *, *, #5572, .F. ) ;
#2971 = CARTESIAN_POINT ( 'NONE',  ( -0.6250000000000001110, 0.2000000000000000111, -1.749999999999999778 ) ) ;
#2972 = ORIENTED_EDGE ( 'NONE', *, *, #2337, .F. ) ;
#2973 = ORIENTED_EDGE ( 'NONE', *, *, #2888, .T. ) ;
#2974 = DIRECTION ( 'NONE',  ( -1.000000000000000000, 0.000000000000000000, 2.282530889443167022E-16 ) ) ;
#2975 = LINE ( 'NONE', #4756, #4439 ) ;
#2976 = ORIENTED_EDGE ( 'NONE', *, *, #371, .T. ) ;
#2977 = LINE ( 'NONE', #5673, #3387 ) ;
#2978 = ADVANCED_FACE ( 'NONE', ( #3699 ), #5483, .T. ) ;
#2979 = ORIENTED_EDGE ( 'NONE', *, *, #4248, .F. ) ;
#2980 = DIRECTION ( 'NONE',  ( 0.000000000000000000, -0.000000000000000000, -1.000000000000000000 ) ) ;
#2981 = FACE_OUTER_BOUND ( 'NONE', #3512, .T. ) ;
#2982 = ORIENTED_EDGE ( 'NONE', *, *, #2544, .T. ) ;
#2983 = CARTESIAN_POINT ( 'NONE',  ( -0.7999999999999883871, 0.2000000000000000111, 1.524999999999999911 ) ) ;
#2984 = EDGE_CURVE ( 'NONE', #3168, #1529, #4951, .T. ) ;
#2985 = DIRECTION ( 'NONE',  ( 0.000000000000000000, -1.000000000000000000, 0.000000000000000000 ) ) ;
#2986 = ORIENTED_EDGE ( 'NONE', *, *, #4390, .F. ) ;
#2987 = DIRECTION ( 'NONE',  ( -0.000000000000000000, -0.000000000000000000, 1.000000000000000000 ) ) ;
#2988 = ORIENTED_EDGE ( 'NONE', *, *, #227, .T. ) ;
#2989 = FACE_OUTER_BOUND ( 'NONE', #638, .T. ) ;
#2990 = DIRECTION ( 'NONE',  ( 0.000000000000000000, -1.000000000000000000, 0.000000000000000000 ) ) ;
#2991 = CARTESIAN_POINT ( 'NONE',  ( 0.000000000000000000, 0.2000000000000000111, 0.000000000000000000 ) ) ;
#2992 = CARTESIAN_POINT ( 'NONE',  ( -0.1499999999999998002, 0.2000000000000000111, 1.750000000000000666 ) ) ;
#2993 = EDGE_CURVE ( 'NONE', #3007, #2768, #2319, .T. ) ;
#2994 = ORIENTED_EDGE ( 'NONE', *, *, #1302, .T. ) ;
#2995 = DIRECTION ( 'NONE',  ( 7.885106708985497909E-16, 0.000000000000000000, -1.000000000000000000 ) ) ;
#2996 = ORIENTED_EDGE ( 'NONE', *, *, #3645, .T. ) ;
#2997 = EDGE_CURVE ( 'NONE', #2624, #5277, #4117, .T. ) ;
#2998 = ORIENTED_EDGE ( 'NONE', *, *, #1731, .F. ) ;
#2999 = EDGE_CURVE ( 'NONE', #3918, #1377, #1033, .T. ) ;
#3000 = CARTESIAN_POINT ( 'NONE',  ( 0.000000000000000000, 0.2000000000000000111, 0.000000000000000000 ) ) ;
#3001 = CLOSED_SHELL ( 'NONE', ( #264, #3277, #1023, #3652, #3682, #2578 ) ) ;
#3002 = CARTESIAN_POINT ( 'NONE',  ( 0.1249999999999998890, 0.2000000000000000111, -1.749999999999999556 ) ) ;
#3003 = ORIENTED_EDGE ( 'NONE', *, *, #202, .T. ) ;
#3004 = DIRECTION ( 'NONE',  ( 0.000000000000000000, 1.000000000000000000, 0.000000000000000000 ) ) ;
#3005 = ADVANCED_FACE ( 'NONE', ( #1875 ), #3641, .F. ) ;
#3006 =( GEOMETRIC_REPRESENTATION_CONTEXT ( 3 ) GLOBAL_UNCERTAINTY_ASSIGNED_CONTEXT ( ( #1987 ) ) GLOBAL_UNIT_ASSIGNED_CONTEXT ( ( #5751, #5314, #1865 ) ) REPRESENTATION_CONTEXT ( 'NONE', 'WORKASPACE' ) );
#3007 = VERTEX_POINT ( 'NONE', #5399 ) ;
#3008 = CARTESIAN_POINT ( 'NONE',  ( -0.7999999999999883871, 0.2000000000000000111, 1.274999999999999911 ) ) ;
#3009 = DIRECTION ( 'NONE',  ( -0.000000000000000000, -1.000000000000000000, -0.000000000000000000 ) ) ;
#3010 = VERTEX_POINT ( 'NONE', #4139 ) ;
#3011 = CARTESIAN_POINT ( 'NONE',  ( -1.749999999999988454, 0.000000000000000000, 1.275000000000000133 ) ) ;
#3012 = VECTOR ( 'NONE', #1959, 1000.000000000000000 ) ;
#3013 = VERTEX_POINT ( 'NONE', #1440 ) ;
#3014 = VECTOR ( 'NONE', #60, 1000.000000000000000 ) ;
#3015 = VERTEX_POINT ( 'NONE', #149 ) ;
#3016 = CARTESIAN_POINT ( 'NONE',  ( 1.750000000000000222, 1.000000000000000000, 1.750000000000000222 ) ) ;
#3017 = DIRECTION ( 'NONE',  ( 1.577021341797098398E-15, 0.000000000000000000, 1.000000000000000000 ) ) ;
#3018 = AXIS2_PLACEMENT_3D ( 'NONE', #2244, #75, #980 ) ;
#3019 = FACE_OUTER_BOUND ( 'NONE', #68, .T. ) ;
#3020 = MECHANICAL_DESIGN_GEOMETRIC_PRESENTATION_REPRESENTATION (  '', ( #52 ), #4890 ) ;
#3021 = PLANE ( 'NONE',  #5418 ) ;
#3022 = LINE ( 'NONE', #3456, #5355 ) ;
#3023 = ORIENTED_EDGE ( 'NONE', *, *, #5706, .T. ) ;
#3024 = CARTESIAN_POINT ( 'NONE',  ( -1.394229623805780305, 1.000000000000000000, -1.527285829309602994 ) ) ;
#3025 = VERTEX_POINT ( 'NONE', #5024 ) ;
#3026 = VECTOR ( 'NONE', #4159, 1000.000000000000000 ) ;
#3027 = VECTOR ( 'NONE', #32, 1000.000000000000000 ) ;
#3028 = DIRECTION ( 'NONE',  ( -7.905640841040137320E-17, -0.000000000000000000, -1.000000000000000000 ) ) ;
#3029 = CARTESIAN_POINT ( 'NONE',  ( -0.7999999999999999334, 0.000000000000000000, 0.1749999999999998501 ) ) ;
#3030 = VERTEX_POINT ( 'NONE', #1056 ) ;
#3031 = AXIS2_PLACEMENT_3D ( 'NONE', #4160, #4129, #4107 ) ;
#3032 = EDGE_CURVE ( 'NONE', #367, #1634, #1931, .T. ) ;
#3033 = AXIS2_PLACEMENT_3D ( 'NONE', #3045, #5717, #1753 ) ;
#3034 = VERTEX_POINT ( 'NONE', #4065 ) ;
#3035 = CARTESIAN_POINT ( 'NONE',  ( -0.1250000000000001110, 0.2000000000000000111, -1.749999999999999778 ) ) ;
#3036 = EDGE_CURVE ( 'NONE', #575, #4315, #1494, .T. ) ;
#3037 = LINE ( 'NONE', #1218, #2381 ) ;
#3038 = VECTOR ( 'NONE', #5063, 1000.000000000000000 ) ;
#3039 = ORIENTED_EDGE ( 'NONE', *, *, #2365, .T. ) ;
#3040 = ORIENTED_EDGE ( 'NONE', *, *, #4284, .T. ) ;
#3041 = CARTESIAN_POINT ( 'NONE',  ( -0.7999999999999999334, 0.2000000000000000111, 0.4249999999999998779 ) ) ;
#3042 = CARTESIAN_POINT ( 'NONE',  ( 0.2500000000000000000, 0.2000000000000000111, -1.474999999999999867 ) ) ;
#3043 = EDGE_LOOP ( 'NONE', ( #2510, #5667, #4067, #3995 ) ) ;
#3044 = CARTESIAN_POINT ( 'NONE',  ( -1.750000000000000000, 0.2000000000000000111, 0.1749999999999999611 ) ) ;
#3045 = CARTESIAN_POINT ( 'NONE',  ( -0.7999999999999998224, 0.2000000000000000111, -0.5500000000000001554 ) ) ;
#3046 = PRESENTATION_STYLE_ASSIGNMENT (( #939 ) ) ;
#3047 = CARTESIAN_POINT ( 'NONE',  ( -1.750000000000000222, 0.2000000000000000111, -1.050000000000000044 ) ) ;
#3048 = EDGE_CURVE ( 'NONE', #4962, #1643, #4593, .T. ) ;
#3049 = PLANE ( 'NONE',  #1132 ) ;
#3050 = DIRECTION ( 'NONE',  ( 7.885106708985497909E-16, 0.000000000000000000, -1.000000000000000000 ) ) ;
#3051 = DIRECTION ( 'NONE',  ( -7.885106708985496922E-16, 0.000000000000000000, 1.000000000000000000 ) ) ;
#3052 = CARTESIAN_POINT ( 'NONE',  ( -0.1250000000000001110, 0.2000000000000000111, -1.749999999999999778 ) ) ;
#3053 = LINE ( 'NONE', #3110, #37 ) ;
#3054 = CARTESIAN_POINT ( 'NONE',  ( 0.8750000000000003331, 0.000000000000000000, -1.474999999999999867 ) ) ;
#3055 = EDGE_LOOP ( 'NONE', ( #4093, #1336, #3100, #2545 ) ) ;
#3056 = DIRECTION ( 'NONE',  ( -1.000000000000000000, 0.000000000000000000, 0.000000000000000000 ) ) ;
#3057 = VERTEX_POINT ( 'NONE', #3724 ) ;
#3058 = CARTESIAN_POINT ( 'NONE',  ( 0.7999999999999998224, 0.2000000000000000111, -0.5500000000000001554 ) ) ;
#3059 = ADVANCED_FACE ( 'NONE', ( #1517 ), #1850, .F. ) ;
#3060 = LINE ( 'NONE', #1298, #3124 ) ;
#3061 = FACE_OUTER_BOUND ( 'NONE', #3252, .T. ) ;
#3062 = ORIENTED_EDGE ( 'NONE', *, *, #2807, .F. ) ;
#3063 = EDGE_CURVE ( 'NONE', #2958, #430, #2968, .T. ) ;
#3064 = ORIENTED_EDGE ( 'NONE', *, *, #5632, .T. ) ;
#3065 = DIRECTION ( 'NONE',  ( -0.000000000000000000, -0.000000000000000000, -1.000000000000000000 ) ) ;
#3066 = CARTESIAN_POINT ( 'NONE',  ( 1.375000000000000000, 0.000000000000000000, -1.749999999999999778 ) ) ;
#3067 = EDGE_CURVE ( 'NONE', #1355, #5428, #1630, .T. ) ;
#3068 = ORIENTED_EDGE ( 'NONE', *, *, #4667, .T. ) ;
#3069 = EDGE_CURVE ( 'NONE', #1428, #301, #2939, .T. ) ;
#3070 = ADVANCED_FACE ( 'NONE', ( #5083 ), #5543, .T. ) ;
#3071 = ORIENTED_EDGE ( 'NONE', *, *, #3453, .T. ) ;
#3072 = LINE ( 'NONE', #960, #1364 ) ;
#3073 = CARTESIAN_POINT ( 'NONE',  ( -0.4500000000000000111, 0.2000000000000000111, -0.6499999999999990230 ) ) ;
#3074 = EDGE_LOOP ( 'NONE', ( #5560, #2054, #3275, #4521 ) ) ;
#3075 = DIRECTION ( 'NONE',  ( 7.885106708985497909E-16, 0.000000000000000000, -1.000000000000000000 ) ) ;
#3076 = CARTESIAN_POINT ( 'NONE',  ( 0.7999999999999999334, 0.2000000000000000111, 0.1749999999999998501 ) ) ;
#3077 = CARTESIAN_POINT ( 'NONE',  ( 0.8750000000000003331, 0.2000000000000000111, -1.474999999999999867 ) ) ;
#3078 = DIRECTION ( 'NONE',  ( 0.000000000000000000, 0.000000000000000000, 1.000000000000000000 ) ) ;
#3079 = EDGE_CURVE ( 'NONE', #4928, #187, #4313, .T. ) ;
#3080 = AXIS2_PLACEMENT_3D ( 'NONE', #2830, #1965, #2777 ) ;
#3081 = DIRECTION ( 'NONE',  ( 0.000000000000000000, 0.000000000000000000, -1.000000000000000000 ) ) ;
#3082 = LINE ( 'NONE', #3608, #3136 ) ;
#3083 = DIRECTION ( 'NONE',  ( -0.000000000000000000, -0.000000000000000000, -1.000000000000000000 ) ) ;
#3084 = PRESENTATION_STYLE_ASSIGNMENT (( #3167 ) ) ;
#3085 = ORIENTED_EDGE ( 'NONE', *, *, #4794, .T. ) ;
#3086 = DIRECTION ( 'NONE',  ( 0.000000000000000000, -1.000000000000000000, 0.000000000000000000 ) ) ;
#3087 = ORIENTED_EDGE ( 'NONE', *, *, #2402, .T. ) ;
#3088 = AXIS2_PLACEMENT_3D ( 'NONE', #4339, #5215, #5681 ) ;
#3089 = CARTESIAN_POINT ( 'NONE',  ( -0.7999999999999998224, 0.2000000000000000111, -0.5500000000000001554 ) ) ;
#3090 = CARTESIAN_POINT ( 'NONE',  ( 1.750000000000000222, 0.05000000000000000278, -1.749999999999999778 ) ) ;
#3091 = ORIENTED_EDGE ( 'NONE', *, *, #669, .T. ) ;
#3092 =( LENGTH_UNIT ( ) NAMED_UNIT ( * ) SI_UNIT ( .MILLI., .METRE. ) );
#3093 = CARTESIAN_POINT ( 'NONE',  ( 1.475000000000000089, 0.2000000000000000111, -0.9250000000000000444 ) ) ;
#3094 = COLOUR_RGB ( '',0.7921568627450980005, 0.8196078431372548767, 0.9333333333333333481 ) ;
#3095 = ORIENTED_EDGE ( 'NONE', *, *, #1901, .T. ) ;
#3096 = DIRECTION ( 'NONE',  ( -1.577021341797098201E-15, 0.000000000000000000, -1.000000000000000000 ) ) ;
#3097 = CARTESIAN_POINT ( 'NONE',  ( -0.7999999999999883871, 0.2000000000000000111, 1.274999999999999911 ) ) ;
#3098 = VERTEX_POINT ( 'NONE', #1988 ) ;
#3099 = ORIENTED_EDGE ( 'NONE', *, *, #1337, .T. ) ;
#3100 = ORIENTED_EDGE ( 'NONE', *, *, #1381, .F. ) ;
#3101 = LINE ( 'NONE', #2643, #5145 ) ;
#3102 = CARTESIAN_POINT ( 'NONE',  ( -0.7999999999999998224, 0.000000000000000000, -0.1500000000000000777 ) ) ;
#3103 = ADVANCED_FACE ( 'NONE', ( #2069 ), #5634, .F. ) ;
#3104 = LINE ( 'NONE', #3327, #5403 ) ;
#3105 = ORIENTED_EDGE ( 'NONE', *, *, #5623, .F. ) ;
#3106 = VECTOR ( 'NONE', #1386, 1000.000000000000000 ) ;
#3107 = AXIS2_PLACEMENT_3D ( 'NONE', #4587, #2363, #2392 ) ;
#3108 = DIRECTION ( 'NONE',  ( -0.000000000000000000, -0.000000000000000000, -1.000000000000000000 ) ) ;
#3109 = DIRECTION ( 'NONE',  ( -8.559490835411878797E-17, 0.000000000000000000, -1.000000000000000000 ) ) ;
#3110 = CARTESIAN_POINT ( 'NONE',  ( -0.6250000000000001110, 0.2000000000000000111, -1.749999999999999778 ) ) ;
#3111 = ADVANCED_FACE ( 'NONE', ( #4285 ), #1206, .F. ) ;
#3112 = AXIS2_PLACEMENT_3D ( 'NONE', #757, #5156, #2980 ) ;
#3113 = ORIENTED_EDGE ( 'NONE', *, *, #4475, .F. ) ;
#3114 = VECTOR ( 'NONE', #3962, 1000.000000000000000 ) ;
#3115 = DIRECTION ( 'NONE',  ( 8.673617379884035472E-16, -0.000000000000000000, 1.000000000000000000 ) ) ;
#3116 = ORIENTED_EDGE ( 'NONE', *, *, #372, .F. ) ;
#3117 = AXIS2_PLACEMENT_3D ( 'NONE', #5385, #569, #5065 ) ;
#3118 = COLOUR_RGB ( '',0.7921568627450980005, 0.8196078431372548767, 0.9333333333333333481 ) ;
#3119 = LINE ( 'NONE', #5294, #3967 ) ;
#3120 = CARTESIAN_POINT ( 'NONE',  ( -1.124999999999999778, 0.2000000000000000111, -1.474999999999999867 ) ) ;
#3121 = ORIENTED_EDGE ( 'NONE', *, *, #2366, .T. ) ;
#3122 = AXIS2_PLACEMENT_3D ( 'NONE', #4968, #3190, #4999 ) ;
#3123 = LINE ( 'NONE', #5738, #3590 ) ;
#3124 = VECTOR ( 'NONE', #4036, 1000.000000000000000 ) ;
#3125 = CARTESIAN_POINT ( 'NONE',  ( 0.1499999999999998002, 0.2000000000000000111, 1.750000000000000666 ) ) ;
#3126 = ADVANCED_FACE ( 'NONE', ( #3362 ), #651, .T. ) ;
#3127 = PRESENTATION_LAYER_ASSIGNMENT (  '', '', ( #5436 ) ) ;
#3128 = DIRECTION ( 'NONE',  ( -1.577021341797098201E-15, 0.000000000000000000, -1.000000000000000000 ) ) ;
#3129 = DIRECTION ( 'NONE',  ( -0.000000000000000000, -1.000000000000000000, -0.000000000000000000 ) ) ;
#3130 = EDGE_LOOP ( 'NONE', ( #1260, #902, #2864, #1815 ) ) ;
#3131 = VECTOR ( 'NONE', #4765, 1000.000000000000000 ) ;
#3132 = ORIENTED_EDGE ( 'NONE', *, *, #3675, .T. ) ;
#3133 = MECHANICAL_DESIGN_GEOMETRIC_PRESENTATION_REPRESENTATION (  '', ( #1650 ), #1291 ) ;
#3134 = SURFACE_STYLE_FILL_AREA ( #5337 ) ;
#3135 = DIRECTION ( 'NONE',  ( -1.000000000000000000, 0.000000000000000000, 1.239088197126290817E-16 ) ) ;
#3136 = VECTOR ( 'NONE', #883, 1000.000000000000000 ) ;
#3137 = ORIENTED_EDGE ( 'NONE', *, *, #5695, .F. ) ;
#3138 = LINE ( 'NONE', #2307, #1635 ) ;
#3139 = PRESENTATION_STYLE_ASSIGNMENT (( #940 ) ) ;
#3140 = EDGE_CURVE ( 'NONE', #2814, #3749, #1085, .T. ) ;
#3141 = LINE ( 'NONE', #3164, #3636 ) ;
#3142 = DIRECTION ( 'NONE',  ( -9.035018104045870694E-17, 0.000000000000000000, 1.000000000000000000 ) ) ;
#3143 = CARTESIAN_POINT ( 'NONE',  ( 0.3750000000000003331, 0.2000000000000000111, -1.474999999999999867 ) ) ;
#3144 = DIRECTION ( 'NONE',  ( -0.000000000000000000, -0.000000000000000000, -1.000000000000000000 ) ) ;
#3145 = VERTEX_POINT ( 'NONE', #3751 ) ;
#3146 = DIRECTION ( 'NONE',  ( 1.000000000000000000, 0.000000000000000000, -8.673617379884035472E-16 ) ) ;
#3147 = ORIENTED_EDGE ( 'NONE', *, *, #309, .T. ) ;
#3148 = EDGE_CURVE ( 'NONE', #5428, #3302, #2042, .T. ) ;
#3149 = CARTESIAN_POINT ( 'NONE',  ( 1.750000000000000222, 0.000000000000000000, -0.8000000000000000444 ) ) ;
#3150 = PLANE ( 'NONE',  #4804 ) ;
#3151 = ORIENTED_EDGE ( 'NONE', *, *, #5271, .T. ) ;
#3152 = PLANE ( 'NONE',  #70 ) ;
#3153 = DIRECTION ( 'NONE',  ( -1.000000000000000000, 0.000000000000000000, -1.141265444721583511E-16 ) ) ;
#3154 = CARTESIAN_POINT ( 'NONE',  ( -0.7999999999999941602, 0.2000000000000000111, 0.9749999999999999778 ) ) ;
#3155 = FACE_OUTER_BOUND ( 'NONE', #1575, .T. ) ;
#3156 = VERTEX_POINT ( 'NONE', #4191 ) ;
#3157 = ORIENTED_EDGE ( 'NONE', *, *, #952, .F. ) ;
#3158 =( NAMED_UNIT ( * ) PLANE_ANGLE_UNIT ( ) SI_UNIT ( $, .RADIAN. ) );
#3159 = LINE ( 'NONE', #519, #780 ) ;
#3160 = ORIENTED_EDGE ( 'NONE', *, *, #265, .F. ) ;
#3161 = DIRECTION ( 'NONE',  ( 0.000000000000000000, 1.000000000000000000, 0.000000000000000000 ) ) ;
#3162 = LINE ( 'NONE', #2705, #967 ) ;
#3163 = CARTESIAN_POINT ( 'NONE',  ( -1.749999999999999778, 1.000000000000000000, 1.750000000000000666 ) ) ;
#3164 = CARTESIAN_POINT ( 'NONE',  ( -0.1499999999999999944, 0.2000000000000000111, -0.6499999999999991340 ) ) ;
#3165 = PLANE ( 'NONE',  #604 ) ;
#3166 = CARTESIAN_POINT ( 'NONE',  ( -0.7999999999999883871, 0.2000000000000000111, 1.274999999999999911 ) ) ;
#3167 = SURFACE_STYLE_USAGE ( .BOTH. , #3550 ) ;
#3168 = VERTEX_POINT ( 'NONE', #3785 ) ;
#3169 = LINE ( 'NONE', #5375, #2829 ) ;
#3170 = EDGE_LOOP ( 'NONE', ( #1545, #4186, #3373, #487 ) ) ;
#3171 = VECTOR ( 'NONE', #917, 1000.000000000000000 ) ;
#3172 = EDGE_CURVE ( 'NONE', #4353, #1208, #1573, .T. ) ;
#3173 = DIRECTION ( 'NONE',  ( 0.000000000000000000, 1.000000000000000000, -0.000000000000000000 ) ) ;
#3174 = DIRECTION ( 'NONE',  ( -0.000000000000000000, -1.000000000000000000, -0.000000000000000000 ) ) ;
#3175 = ORIENTED_EDGE ( 'NONE', *, *, #2236, .T. ) ;
#3176 = LINE ( 'NONE', #4954, #242 ) ;
#3177 = EDGE_CURVE ( 'NONE', #935, #821, #203, .T. ) ;
#3178 = PLANE ( 'NONE',  #5075 ) ;
#3179 = ADVANCED_FACE ( 'NONE', ( #1112 ), #4654, .F. ) ;
#3180 = EDGE_CURVE ( 'NONE', #1175, #3808, #4254, .T. ) ;
#3181 = CARTESIAN_POINT ( 'NONE',  ( -0.7999999999999941602, 0.000000000000000000, 0.7249999999999999778 ) ) ;
#3182 = CARTESIAN_POINT ( 'NONE',  ( 0.8750000000000026645, 0.05000000000000000278, -1.379893674072465388E-15 ) ) ;
#3183 = DIRECTION ( 'NONE',  ( 0.000000000000000000, 1.000000000000000000, 0.000000000000000000 ) ) ;
#3184 = ADVANCED_FACE ( 'NONE', ( #236 ), #2017, .T. ) ;
#3185 = ORIENTED_EDGE ( 'NONE', *, *, #366, .T. ) ;
#3186 = ORIENTED_EDGE ( 'NONE', *, *, #872, .F. ) ;
#3187 = CARTESIAN_POINT ( 'NONE',  ( 1.750000000000000222, 0.05000000000000000278, 1.750000000000000222 ) ) ;
#3188 = COLOUR_RGB ( '',0.7921568627450980005, 0.8196078431372548767, 0.9333333333333333481 ) ;
#3189 = VERTEX_POINT ( 'NONE', #1600 ) ;
#3190 = DIRECTION ( 'NONE',  ( -2.282530889443167022E-16, 0.000000000000000000, 1.000000000000000000 ) ) ;
#3191 = DIRECTION ( 'NONE',  ( 0.000000000000000000, 1.000000000000000000, 0.000000000000000000 ) ) ;
#3192 = ADVANCED_FACE ( 'NONE', ( #2479 ), #5566, .T. ) ;
#3193 = LINE ( 'NONE', #2335, #1475 ) ;
#3194 = CARTESIAN_POINT ( 'NONE',  ( 0.000000000000000000, 0.05000000000000000278, -0.6499999999999990230 ) ) ;
#3195 = FILL_AREA_STYLE ('',( #5757 ) ) ;
#3196 = EDGE_LOOP ( 'NONE', ( #3844, #4113 ) ) ;
#3197 = DIRECTION ( 'NONE',  ( -0.000000000000000000, -1.000000000000000000, -0.000000000000000000 ) ) ;
#3198 = ORIENTED_EDGE ( 'NONE', *, *, #5343, .F. ) ;
#3199 = EDGE_CURVE ( 'NONE', #3787, #2216, #3053, .T. ) ;
#3200 = VECTOR ( 'NONE', #292, 1000.000000000000000 ) ;
#3201 = VECTOR ( 'NONE', #672, 1000.000000000000000 ) ;
#3202 = CARTESIAN_POINT ( 'NONE',  ( -0.1249999999999996808, 0.2000000000000000111, -1.474999999999999867 ) ) ;
#3203 = CARTESIAN_POINT ( 'NONE',  ( 0.000000000000000000, 0.2000000000000000111, 0.000000000000000000 ) ) ;
#3204 = DIRECTION ( 'NONE',  ( 0.000000000000000000, 1.000000000000000000, 0.000000000000000000 ) ) ;
#3205 =( GEOMETRIC_REPRESENTATION_CONTEXT ( 3 ) GLOBAL_UNCERTAINTY_ASSIGNED_CONTEXT ( ( #4090 ) ) GLOBAL_UNIT_ASSIGNED_CONTEXT ( ( #1784, #3612, #1078 ) ) REPRESENTATION_CONTEXT ( 'NONE', 'WORKASPACE' ) );
#3206 = CIRCLE ( 'NONE', #2006, 0.1250000000000003331 ) ;
#3207 =( GEOMETRIC_REPRESENTATION_CONTEXT ( 3 ) GLOBAL_UNCERTAINTY_ASSIGNED_CONTEXT ( ( #3616 ) ) GLOBAL_UNIT_ASSIGNED_CONTEXT ( ( #162, #2407, #104 ) ) REPRESENTATION_CONTEXT ( 'NONE', 'WORKASPACE' ) );
#3208 = CARTESIAN_POINT ( 'NONE',  ( -0.1250000000000001110, 0.000000000000000000, -1.749999999999999778 ) ) ;
#3209 = FACE_OUTER_BOUND ( 'NONE', #1805, .T. ) ;
#3210 = AXIS2_PLACEMENT_3D ( 'NONE', #184, #2831, #4173 ) ;
#3211 = EDGE_CURVE ( 'NONE', #304, #5638, #1351, .T. ) ;
#3212 = DIRECTION ( 'NONE',  ( 0.000000000000000000, -0.000000000000000000, 1.000000000000000000 ) ) ;
#3213 = VECTOR ( 'NONE', #2511, 1000.000000000000000 ) ;
#3214 = VERTEX_POINT ( 'NONE', #3455 ) ;
#3215 = VECTOR ( 'NONE', #2727, 1000.000000000000000 ) ;
#3216 = EDGE_CURVE ( 'NONE', #3749, #170, #1254, .T. ) ;
#3217 = VERTEX_POINT ( 'NONE', #5691 ) ;
#3218 = CARTESIAN_POINT ( 'NONE',  ( 1.475000000000000089, 0.2000000000000000111, -1.050000000000000044 ) ) ;
#3219 = DIRECTION ( 'NONE',  ( 0.000000000000000000, 0.000000000000000000, 1.000000000000000000 ) ) ;
#3220 = ORIENTED_EDGE ( 'NONE', *, *, #4639, .F. ) ;
#3221 = CARTESIAN_POINT ( 'NONE',  ( 0.1249999999999998890, 0.2000000000000000111, -1.749999999999999556 ) ) ;
#3222 = DIRECTION ( 'NONE',  ( 0.000000000000000000, -1.000000000000000000, 0.000000000000000000 ) ) ;
#3223 = VECTOR ( 'NONE', #1433, 1000.000000000000000 ) ;
#3224 = CARTESIAN_POINT ( 'NONE',  ( 0.6249999999999998890, 0.2000000000000000111, -1.749999999999999556 ) ) ;
#3225 = PRESENTATION_STYLE_ASSIGNMENT (( #2875 ) ) ;
#3226 = EDGE_CURVE ( 'NONE', #301, #4038, #4787, .T. ) ;
#3227 = VERTEX_POINT ( 'NONE', #446 ) ;
#3228 = PLANE ( 'NONE',  #802 ) ;
#3229 = AXIS2_PLACEMENT_3D ( 'NONE', #5551, #4196, #273 ) ;
#3230 = ORIENTED_EDGE ( 'NONE', *, *, #1654, .T. ) ;
#3231 = CARTESIAN_POINT ( 'NONE',  ( 1.375000000000000444, 0.2000000000000000111, -1.474999999999999867 ) ) ;
#3232 = DIRECTION ( 'NONE',  ( 0.000000000000000000, 1.000000000000000000, 0.000000000000000000 ) ) ;
#3233 = DIRECTION ( 'NONE',  ( 0.000000000000000000, 1.000000000000000000, 0.000000000000000000 ) ) ;
#3234 = DIRECTION ( 'NONE',  ( 0.000000000000000000, 1.000000000000000000, 0.000000000000000000 ) ) ;
#3235 = CARTESIAN_POINT ( 'NONE',  ( -1.749999999999999778, 0.2000000000000000111, -0.5500000000000000444 ) ) ;
#3236 = DIRECTION ( 'NONE',  ( 0.000000000000000000, 1.000000000000000000, 0.000000000000000000 ) ) ;
#3237 = ORIENTED_EDGE ( 'NONE', *, *, #5650, .T. ) ;
#3238 = ADVANCED_FACE ( 'NONE', ( #832 ), #3021, .F. ) ;
#3239 = ORIENTED_EDGE ( 'NONE', *, *, #4248, .T. ) ;
#3240 = FACE_OUTER_BOUND ( 'NONE', #2687, .T. ) ;
#3241 = EDGE_CURVE ( 'NONE', #3227, #307, #4464, .T. ) ;
#3242 = EDGE_LOOP ( 'NONE', ( #3085, #4503, #3378, #4256 ) ) ;
#3243 = CARTESIAN_POINT ( 'NONE',  ( -0.2500000000000000000, 0.04999999999999999584, -1.474999999999999867 ) ) ;
#3244 = EDGE_CURVE ( 'NONE', #555, #4462, #3914, .T. ) ;
#3245 = DIRECTION ( 'NONE',  ( -0.000000000000000000, -1.000000000000000000, -0.000000000000000000 ) ) ;
#3246 = EDGE_CURVE ( 'NONE', #2870, #1912, #4891, .T. ) ;
#3247 = DIRECTION ( 'NONE',  ( -0.000000000000000000, -1.000000000000000000, -0.000000000000000000 ) ) ;
#3248 = SHAPE_DEFINITION_REPRESENTATION ( #5573, #2699 ) ;
#3249 = VERTEX_POINT ( 'NONE', #2195 ) ;
#3250 = FACE_OUTER_BOUND ( 'NONE', #4810, .T. ) ;
#3251 = ADVANCED_FACE ( 'NONE', ( #2254 ), #3970, .F. ) ;
#3252 = EDGE_LOOP ( 'NONE', ( #3328, #4453, #1951, #3727 ) ) ;
#3253 = CARTESIAN_POINT ( 'NONE',  ( 0.000000000000000000, 0.05000000000000000278, 0.9749999999999999778 ) ) ;
#3254 = LINE ( 'NONE', #2368, #4157 ) ;
#3255 = ORIENTED_EDGE ( 'NONE', *, *, #4479, .F. ) ;
#3256 = CARTESIAN_POINT ( 'NONE',  ( 0.2500000000000000000, 0.2000000000000000111, -1.474999999999999867 ) ) ;
#3257 = CIRCLE ( 'NONE', #5564, 0.1250000000000003331 ) ;
#3258 = FACE_OUTER_BOUND ( 'NONE', #2059, .T. ) ;
#3259 = VECTOR ( 'NONE', #597, 1000.000000000000000 ) ;
#3260 = CARTESIAN_POINT ( 'NONE',  ( -1.375000000000000222, 0.2000000000000000111, -1.749999999999999556 ) ) ;
#3261 = CARTESIAN_POINT ( 'NONE',  ( 0.8749999999999998890, 0.000000000000000000, -1.749999999999999778 ) ) ;
#3262 = ORIENTED_EDGE ( 'NONE', *, *, #1225, .F. ) ;
#3263 = ORIENTED_EDGE ( 'NONE', *, *, #1017, .F. ) ;
#3264 = ORIENTED_EDGE ( 'NONE', *, *, #3723, .T. ) ;
#3265 = LINE ( 'NONE', #1042, #515 ) ;
#3266 = ORIENTED_EDGE ( 'NONE', *, *, #3032, .F. ) ;
#3267 = CARTESIAN_POINT ( 'NONE',  ( 1.375000000000000000, 0.2000000000000000111, -1.749999999999999778 ) ) ;
#3268 = VECTOR ( 'NONE', #493, 1000.000000000000000 ) ;
#3269 = LINE ( 'NONE', #3659, #5030 ) ;
#3270 = ORIENTED_EDGE ( 'NONE', *, *, #2967, .T. ) ;
#3271 =( GEOMETRIC_REPRESENTATION_CONTEXT ( 3 ) GLOBAL_UNCERTAINTY_ASSIGNED_CONTEXT ( ( #4190 ) ) GLOBAL_UNIT_ASSIGNED_CONTEXT ( ( #4459, #379, #4829 ) ) REPRESENTATION_CONTEXT ( 'NONE', 'WORKASPACE' ) );
#3272 = DIRECTION ( 'NONE',  ( -7.885106708985496922E-16, 0.000000000000000000, 1.000000000000000000 ) ) ;
#3273 = ORIENTED_EDGE ( 'NONE', *, *, #3604, .T. ) ;
#3274 = CARTESIAN_POINT ( 'NONE',  ( 1.475000000000000089, 0.04999999999999999584, -0.8000000000000000444 ) ) ;
#3275 = ORIENTED_EDGE ( 'NONE', *, *, #5740, .T. ) ;
#3276 = VECTOR ( 'NONE', #4772, 1000.000000000000000 ) ;
#3277 = ADVANCED_FACE ( 'NONE', ( #1758 ), #5726, .F. ) ;
#3278 = DIRECTION ( 'NONE',  ( 0.000000000000000000, 0.000000000000000000, -1.000000000000000000 ) ) ;
#3279 = CARTESIAN_POINT ( 'NONE',  ( -1.475000000000000089, 0.2000000000000000111, -0.8000000000000000444 ) ) ;
#3280 = CARTESIAN_POINT ( 'NONE',  ( 1.125000000000000000, 0.2000000000000000111, -1.749999999999999556 ) ) ;
#3281 = AXIS2_PLACEMENT_3D ( 'NONE', #3801, #5556, #5240 ) ;
#3282 = DIRECTION ( 'NONE',  ( -0.000000000000000000, 0.000000000000000000, -1.000000000000000000 ) ) ;
#3283 = FACE_OUTER_BOUND ( 'NONE', #1, .T. ) ;
#3284 = CARTESIAN_POINT ( 'NONE',  ( 1.125000000000000000, 0.04999999999999999584, -1.749999999999999556 ) ) ;
#3285 =( GEOMETRIC_REPRESENTATION_CONTEXT ( 3 ) GLOBAL_UNCERTAINTY_ASSIGNED_CONTEXT ( ( #291 ) ) GLOBAL_UNIT_ASSIGNED_CONTEXT ( ( #874, #3158, #1403 ) ) REPRESENTATION_CONTEXT ( 'NONE', 'WORKASPACE' ) );
#3286 = ADVANCED_FACE ( 'NONE', ( #5222 ), #5259, .F. ) ;
#3287 = VERTEX_POINT ( 'NONE', #3521 ) ;
#3288 = PRESENTATION_LAYER_ASSIGNMENT (  '', '', ( #3580 ) ) ;
#3289 = AXIS2_PLACEMENT_3D ( 'NONE', #5301, #2606, #2697 ) ;
#3290 = ORIENTED_EDGE ( 'NONE', *, *, #2586, .T. ) ;
#3291 = DIRECTION ( 'NONE',  ( 0.000000000000000000, -1.000000000000000000, 0.000000000000000000 ) ) ;
#3292 = CARTESIAN_POINT ( 'NONE',  ( 0.1499999999999999944, 0.2000000000000000111, -0.6499999999999990230 ) ) ;
#3293 = EDGE_LOOP ( 'NONE', ( #4480, #3975, #3342, #795 ) ) ;
#3294 = DIRECTION ( 'NONE',  ( 0.000000000000000000, 0.000000000000000000, 1.000000000000000000 ) ) ;
#3295 = AXIS2_PLACEMENT_3D ( 'NONE', #3267, #1535, #221 ) ;
#3296 = CARTESIAN_POINT ( 'NONE',  ( -0.7999999999999883871, 0.000000000000000000, 1.274999999999999911 ) ) ;
#3297 = AXIS2_PLACEMENT_3D ( 'NONE', #468, #1686, #377 ) ;
#3298 = ORIENTED_EDGE ( 'NONE', *, *, #1122, .F. ) ;
#3299 = VECTOR ( 'NONE', #293, 1000.000000000000000 ) ;
#3300 = LINE ( 'NONE', #226, #2028 ) ;
#3301 = AXIS2_PLACEMENT_3D ( 'NONE', #137, #2926, #5588 ) ;
#3302 = VERTEX_POINT ( 'NONE', #384 ) ;
#3303 = CARTESIAN_POINT ( 'NONE',  ( -1.350000000000000311, 0.000000000000000000, -0.8000000000000000444 ) ) ;
#3304 = VERTEX_POINT ( 'NONE', #5289 ) ;
#3305 = CYLINDRICAL_SURFACE ( 'NONE', #5363, 0.1250000000000003331 ) ;
#3306 = EDGE_CURVE ( 'NONE', #1964, #2958, #23, .T. ) ;
#3307 = UNCERTAINTY_MEASURE_WITH_UNIT (LENGTH_MEASURE( 1.000000000000000082E-05 ), #2147, 'distance_accuracy_value', 'NONE');
#3308 = AXIS2_PLACEMENT_3D ( 'NONE', #3646, #1474, #3591 ) ;
#3309 = EDGE_CURVE ( 'NONE', #1552, #1097, #1228, .T. ) ;
#3310 = VECTOR ( 'NONE', #1809, 1000.000000000000000 ) ;
#3311 = DIRECTION ( 'NONE',  ( -0.000000000000000000, -1.000000000000000000, -0.000000000000000000 ) ) ;
#3312 = CARTESIAN_POINT ( 'NONE',  ( 0.000000000000000000, 0.2000000000000000111, 0.000000000000000000 ) ) ;
#3313 = DIRECTION ( 'NONE',  ( -0.000000000000000000, -0.000000000000000000, -1.000000000000000000 ) ) ;
#3314 = CIRCLE ( 'NONE', #4358, 0.1250000000000003331 ) ;
#3315 = EDGE_CURVE ( 'NONE', #5698, #2410, #5598, .T. ) ;
#3316 = EDGE_LOOP ( 'NONE', ( #2141, #3835, #4297, #5745 ) ) ;
#3317 = DIRECTION ( 'NONE',  ( -7.885106708985496922E-16, 0.000000000000000000, 1.000000000000000000 ) ) ;
#3318 = CARTESIAN_POINT ( 'NONE',  ( -0.3750000000000001110, 0.2000000000000000111, -1.749999999999999556 ) ) ;
#3319 = CARTESIAN_POINT ( 'NONE',  ( 0.3749999999999998890, 0.000000000000000000, -1.749999999999999778 ) ) ;
#3320 = EDGE_LOOP ( 'NONE', ( #4179, #2798, #2512, #1490 ) ) ;
#3321 = PRESENTATION_STYLE_ASSIGNMENT (( #1527 ) ) ;
#3322 = ORIENTED_EDGE ( 'NONE', *, *, #589, .T. ) ;
#3323 = CARTESIAN_POINT ( 'NONE',  ( 0.000000000000000000, 0.2000000000000000111, 0.000000000000000000 ) ) ;
#3324 = CARTESIAN_POINT ( 'NONE',  ( 0.1499999999999999944, 0.000000000000000000, -0.6499999999999990230 ) ) ;
#3325 = ORIENTED_EDGE ( 'NONE', *, *, #700, .F. ) ;
#3326 = LINE ( 'NONE', #2842, #907 ) ;
#3327 = CARTESIAN_POINT ( 'NONE',  ( -0.4499999999999997891, 0.2000000000000000111, 1.750000000000000666 ) ) ;
#3328 = ORIENTED_EDGE ( 'NONE', *, *, #4002, .F. ) ;
#3329 = CARTESIAN_POINT ( 'NONE',  ( 0.1499999999999998002, 0.2000000000000000111, 1.750000000000000666 ) ) ;
#3330 = EDGE_LOOP ( 'NONE', ( #3957, #2672, #3537, #361 ) ) ;
#3331 = CARTESIAN_POINT ( 'NONE',  ( 0.1499999999999999944, 0.2000000000000000111, -0.6499999999999990230 ) ) ;
#3332 = CARTESIAN_POINT ( 'NONE',  ( -0.1499999999999998002, 0.2000000000000000111, 1.750000000000000666 ) ) ;
#3333 = PLANE ( 'NONE',  #4713 ) ;
#3334 = LINE ( 'NONE', #3886, #2013 ) ;
#3335 = ORIENTED_EDGE ( 'NONE', *, *, #2609, .F. ) ;
#3336 = ORIENTED_EDGE ( 'NONE', *, *, #3675, .F. ) ;
#3337 = ADVANCED_FACE ( 'NONE', ( #4377 ), #3549, .F. ) ;
#3338 = LINE ( 'NONE', #4401, #4760 ) ;
#3339 = FACE_OUTER_BOUND ( 'NONE', #131, .T. ) ;
#3340 = EDGE_CURVE ( 'NONE', #1529, #1552, #692, .T. ) ;
#3341 = CARTESIAN_POINT ( 'NONE',  ( 0.1249999999999998890, 0.000000000000000000, -1.749999999999999556 ) ) ;
#3342 = ORIENTED_EDGE ( 'NONE', *, *, #2412, .F. ) ;
#3343 = DIRECTION ( 'NONE',  ( -1.000000000000000000, 0.000000000000000000, 0.000000000000000000 ) ) ;
#3344 = EDGE_CURVE ( 'NONE', #4672, #3459, #3756, .T. ) ;
#3345 = AXIS2_PLACEMENT_3D ( 'NONE', #675, #3811, #1598 ) ;
#3346 = ORIENTED_EDGE ( 'NONE', *, *, #96, .T. ) ;
#3347 = LINE ( 'NONE', #3379, #2558 ) ;
#3348 = ADVANCED_FACE ( 'NONE', ( #57 ), #4488, .F. ) ;
#3349 = FACE_OUTER_BOUND ( 'NONE', #4743, .T. ) ;
#3350 = EDGE_LOOP ( 'NONE', ( #756, #934, #2941, #2302 ) ) ;
#3351 = DIRECTION ( 'NONE',  ( 0.000000000000000000, 1.000000000000000000, -0.000000000000000000 ) ) ;
#3352 = CARTESIAN_POINT ( 'NONE',  ( 1.475000000000000089, 0.2000000000000000111, -1.050000000000000044 ) ) ;
#3353 = ORIENTED_EDGE ( 'NONE', *, *, #634, .T. ) ;
#3354 = DIRECTION ( 'NONE',  ( -1.000000000000000000, 0.000000000000000000, 8.673617379884035472E-16 ) ) ;
#3355 = EDGE_LOOP ( 'NONE', ( #5488, #3660, #5246, #653 ) ) ;
#3356 = DIRECTION ( 'NONE',  ( -1.000000000000000000, 0.000000000000000000, 2.282530889443167022E-16 ) ) ;
#3357 =( NAMED_UNIT ( * ) PLANE_ANGLE_UNIT ( ) SI_UNIT ( $, .RADIAN. ) );
#3358 = CARTESIAN_POINT ( 'NONE',  ( 0.1249999999999998890, 0.2000000000000000111, -1.749999999999999556 ) ) ;
#3359 = EDGE_CURVE ( 'NONE', #4928, #573, #5072, .T. ) ;
#3360 = AXIS2_PLACEMENT_3D ( 'NONE', #3692, #3772, #1978 ) ;
#3361 = CARTESIAN_POINT ( 'NONE',  ( -1.375000000000000222, 0.2000000000000000111, -1.749999999999999556 ) ) ;
#3362 = FACE_OUTER_BOUND ( 'NONE', #4149, .T. ) ;
#3363 = CARTESIAN_POINT ( 'NONE',  ( -0.1249999999999996808, 0.2000000000000000111, -1.474999999999999867 ) ) ;
#3364 = ORIENTED_EDGE ( 'NONE', *, *, #506, .T. ) ;
#3365 = CARTESIAN_POINT ( 'NONE',  ( -1.375000000000000444, 0.2000000000000000111, -1.474999999999999867 ) ) ;
#3366 = CLOSED_SHELL ( 'NONE', ( #4685, #3179, #3715, #2576, #2246, #1125 ) ) ;
#3367 = VERTEX_POINT ( 'NONE', #1563 ) ;
#3368 = ORIENTED_EDGE ( 'NONE', *, *, #4543, .T. ) ;
#3369 = EDGE_CURVE ( 'NONE', #4738, #4646, #5373, .T. ) ;
#3370 = CARTESIAN_POINT ( 'NONE',  ( -0.7999999999999999334, 0.000000000000000000, 0.4249999999999998779 ) ) ;
#3371 = CARTESIAN_POINT ( 'NONE',  ( 1.250000000000000000, 0.2000000000000000111, -1.474999999999999867 ) ) ;
#3372 = CARTESIAN_POINT ( 'NONE',  ( 1.750000000000000222, 0.000000000000000000, -0.8000000000000000444 ) ) ;
#3373 = ORIENTED_EDGE ( 'NONE', *, *, #1654, .F. ) ;
#3374 = SURFACE_STYLE_FILL_AREA ( #5120 ) ;
#3375 = AXIS2_PLACEMENT_3D ( 'NONE', #4056, #4946, #3735 ) ;
#3376 = EDGE_CURVE ( 'NONE', #1643, #2049, #4206, .T. ) ;
#3377 = EDGE_CURVE ( 'NONE', #2485, #1618, #1103, .T. ) ;
#3378 = ORIENTED_EDGE ( 'NONE', *, *, #5087, .F. ) ;
#3379 = CARTESIAN_POINT ( 'NONE',  ( 0.7999999999999998224, 0.2000000000000000111, -0.5500000000000001554 ) ) ;
#3380 = VECTOR ( 'NONE', #5279, 1000.000000000000000 ) ;
#3381 = VECTOR ( 'NONE', #1342, 1000.000000000000000 ) ;
#3382 = CARTESIAN_POINT ( 'NONE',  ( -4.850378140066727087E-17, 0.05000000000000000278, 0.4249999999999997669 ) ) ;
#3383 = ORIENTED_EDGE ( 'NONE', *, *, #5473, .T. ) ;
#3384 = FACE_OUTER_BOUND ( 'NONE', #3806, .T. ) ;
#3385 = DIRECTION ( 'NONE',  ( 0.000000000000000000, 0.000000000000000000, 1.000000000000000000 ) ) ;
#3386 = EDGE_CURVE ( 'NONE', #573, #5677, #1407, .T. ) ;
#3387 = VECTOR ( 'NONE', #3924, 1000.000000000000000 ) ;
#3388 = EDGE_LOOP ( 'NONE', ( #1347, #3890, #4224, #1766 ) ) ;
#3389 = PRESENTATION_STYLE_ASSIGNMENT (( #5590 ) ) ;
#3390 = LINE ( 'NONE', #3421, #1699 ) ;
#3391 = LINE ( 'NONE', #4798, #4302 ) ;
#3392 = VECTOR ( 'NONE', #1904, 1000.000000000000000 ) ;
#3393 = ORIENTED_EDGE ( 'NONE', *, *, #4936, .F. ) ;
#3394 = CARTESIAN_POINT ( 'NONE',  ( -1.749999999999999778, 0.05000000000000000278, 1.750000000000000666 ) ) ;
#3395 = STYLED_ITEM ( 'NONE', ( #2240 ), #3865 ) ;
#3396 =( LENGTH_UNIT ( ) NAMED_UNIT ( * ) SI_UNIT ( .MILLI., .METRE. ) );
#3397 = AXIS2_PLACEMENT_3D ( 'NONE', #5531, #1155, #254 ) ;
#3398 = ADVANCED_FACE ( 'NONE', ( #218 ), #2766, .T. ) ;
#3399 = DIRECTION ( 'NONE',  ( 0.000000000000000000, 0.000000000000000000, -1.000000000000000000 ) ) ;
#3400 = DIRECTION ( 'NONE',  ( -0.000000000000000000, -1.000000000000000000, -0.000000000000000000 ) ) ;
#3401 = ORIENTED_EDGE ( 'NONE', *, *, #5053, .T. ) ;
#3402 = CARTESIAN_POINT ( 'NONE',  ( -0.7999999999999941602, 0.05000000000000000278, 0.000000000000000000 ) ) ;
#3403 = ORIENTED_EDGE ( 'NONE', *, *, #2370, .T. ) ;
#3404 = ORIENTED_EDGE ( 'NONE', *, *, #5258, .T. ) ;
#3405 = EDGE_LOOP ( 'NONE', ( #3186, #2468, #1361, #2436 ) ) ;
#3406 = VECTOR ( 'NONE', #3940, 1000.000000000000000 ) ;
#3407 = DIRECTION ( 'NONE',  ( -0.000000000000000000, -1.000000000000000000, -0.000000000000000000 ) ) ;
#3408 = VECTOR ( 'NONE', #2226, 1000.000000000000000 ) ;
#3409 = DIRECTION ( 'NONE',  ( 0.000000000000000000, -1.000000000000000000, 0.000000000000000000 ) ) ;
#3410 = ORIENTED_EDGE ( 'NONE', *, *, #4562, .T. ) ;
#3411 = FACE_OUTER_BOUND ( 'NONE', #3242, .T. ) ;
#3412 = EDGE_CURVE ( 'NONE', #187, #1275, #2892, .T. ) ;
#3413 = VERTEX_POINT ( 'NONE', #1841 ) ;
#3414 = COLOUR_RGB ( '',0.7921568627450980005, 0.8196078431372548767, 0.9333333333333333481 ) ;
#3415 = DIRECTION ( 'NONE',  ( -0.000000000000000000, -1.000000000000000000, -0.000000000000000000 ) ) ;
#3416 = CARTESIAN_POINT ( 'NONE',  ( 1.997214528262768617E-17, 0.05000000000000000278, 0.1749999999999997946 ) ) ;
#3417 = ORIENTED_EDGE ( 'NONE', *, *, #843, .T. ) ;
#3418 = LINE ( 'NONE', #342, #2117 ) ;
#3419 = ADVANCED_FACE ( 'NONE', ( #5095 ), #3165, .F. ) ;
#3420 = ORIENTED_EDGE ( 'NONE', *, *, #5122, .T. ) ;
#3421 = CARTESIAN_POINT ( 'NONE',  ( -0.8750000000000003331, 0.2000000000000000111, -1.474999999999999867 ) ) ;
#3422 = DIRECTION ( 'NONE',  ( -1.000000000000000000, 0.000000000000000000, -0.000000000000000000 ) ) ;
#3423 = ADVANCED_FACE ( 'NONE', ( #2733 ), #1868, .F. ) ;
#3424 = ORIENTED_EDGE ( 'NONE', *, *, #882, .T. ) ;
#3425 = CARTESIAN_POINT ( 'NONE',  ( -1.375000000000000444, 0.000000000000000000, -1.474999999999999867 ) ) ;
#3426 = DIRECTION ( 'NONE',  ( 0.000000000000000000, -1.000000000000000000, 0.000000000000000000 ) ) ;
#3427 = ADVANCED_FACE ( 'NONE', ( #2462 ), #942, .F. ) ;
#3428 = CARTESIAN_POINT ( 'NONE',  ( 1.125000000000000000, 0.2000000000000000111, -1.749999999999999556 ) ) ;
#3429 = DIRECTION ( 'NONE',  ( -1.000000000000000000, 0.000000000000000000, 0.000000000000000000 ) ) ;
#3430 = EDGE_CURVE ( 'NONE', #110, #5358, #4240, .T. ) ;
#3431 = CARTESIAN_POINT ( 'NONE',  ( 0.3749999999999998890, 0.2000000000000000111, -1.749999999999999778 ) ) ;
#3432 = ORIENTED_EDGE ( 'NONE', *, *, #1799, .T. ) ;
#3433 = DIRECTION ( 'NONE',  ( 7.885106708985497909E-16, 0.000000000000000000, -1.000000000000000000 ) ) ;
#3434 = VERTEX_POINT ( 'NONE', #192 ) ;
#3435 = EDGE_LOOP ( 'NONE', ( #5226, #4267, #4264, #463 ) ) ;
#3436 = VERTEX_POINT ( 'NONE', #1812 ) ;
#3437 = CARTESIAN_POINT ( 'NONE',  ( 0.6249999999999998890, 0.2000000000000000111, -1.749999999999999556 ) ) ;
#3438 = CARTESIAN_POINT ( 'NONE',  ( 1.283923625311783083E-17, 0.05000000000000000278, -0.1500000000000001610 ) ) ;
#3439 = EDGE_LOOP ( 'NONE', ( #5530, #2498, #5518, #775 ) ) ;
#3440 = VERTEX_POINT ( 'NONE', #3575 ) ;
#3441 = DIRECTION ( 'NONE',  ( -1.000000000000000000, 0.000000000000000000, -0.000000000000000000 ) ) ;
#3442 = CARTESIAN_POINT ( 'NONE',  ( -1.124999999999999778, 0.2000000000000000111, -1.474999999999999867 ) ) ;
#3443 = ORIENTED_EDGE ( 'NONE', *, *, #4152, .T. ) ;
#3444 = VERTEX_POINT ( 'NONE', #532 ) ;
#3445 = LINE ( 'NONE', #3041, #4054 ) ;
#3446 = FACE_OUTER_BOUND ( 'NONE', #1467, .T. ) ;
#3447 = VECTOR ( 'NONE', #3486, 1000.000000000000000 ) ;
#3448 = ORIENTED_EDGE ( 'NONE', *, *, #814, .F. ) ;
#3449 = FACE_OUTER_BOUND ( 'NONE', #4814, .T. ) ;
#3450 = DIRECTION ( 'NONE',  ( 0.000000000000000000, 1.000000000000000000, -0.000000000000000000 ) ) ;
#3451 = FACE_OUTER_BOUND ( 'NONE', #5278, .T. ) ;
#3452 = CARTESIAN_POINT ( 'NONE',  ( 0.3750000000000003331, 0.2000000000000000111, -1.474999999999999867 ) ) ;
#3453 = EDGE_CURVE ( 'NONE', #5021, #1658, #5349, .T. ) ;
#3454 = DIRECTION ( 'NONE',  ( -0.000000000000000000, 0.000000000000000000, 1.000000000000000000 ) ) ;
#3455 = CARTESIAN_POINT ( 'NONE',  ( -0.7999999999999941602, 0.04999999999999999584, 0.7249999999999999778 ) ) ;
#3456 = CARTESIAN_POINT ( 'NONE',  ( -1.750000000000000222, 0.2000000000000000111, -1.050000000000000044 ) ) ;
#3457 = ORIENTED_EDGE ( 'NONE', *, *, #1979, .T. ) ;
#3458 = CARTESIAN_POINT ( 'NONE',  ( -1.125000000000000222, 0.2000000000000000111, -1.749999999999999778 ) ) ;
#3459 = VERTEX_POINT ( 'NONE', #2312 ) ;
#3460 = ORIENTED_EDGE ( 'NONE', *, *, #2997, .F. ) ;
#3461 = EDGE_CURVE ( 'NONE', #1996, #2658, #1255, .T. ) ;
#3462 = CARTESIAN_POINT ( 'NONE',  ( 1.749999999999999778, 0.2000000000000000111, -0.5500000000000000444 ) ) ;
#3463 = PRESENTATION_LAYER_ASSIGNMENT (  '', '', ( #1991 ) ) ;
#3464 = LINE ( 'NONE', #3500, #2015 ) ;
#3465 = EDGE_LOOP ( 'NONE', ( #3742, #1244, #433, #5177 ) ) ;
#3466 = CARTESIAN_POINT ( 'NONE',  ( -0.8750000000000001110, 0.04999999999999999584, -1.749999999999999556 ) ) ;
#3467 = EDGE_LOOP ( 'NONE', ( #3457, #2841, #3116, #4162 ) ) ;
#3468 = LINE ( 'NONE', #5238, #2101 ) ;
#3469 = EDGE_CURVE ( 'NONE', #573, #1275, #5186, .T. ) ;
#3470 = CARTESIAN_POINT ( 'NONE',  ( -0.7999999999999883871, 0.000000000000000000, 1.524999999999999911 ) ) ;
#3471 = ORIENTED_EDGE ( 'NONE', *, *, #4430, .T. ) ;
#3472 = VECTOR ( 'NONE', #5172, 1000.000000000000000 ) ;
#3473 = EDGE_LOOP ( 'NONE', ( #4640, #4021, #689, #5549 ) ) ;
#3474 = VECTOR ( 'NONE', #4717, 1000.000000000000000 ) ;
#3475 = SURFACE_STYLE_USAGE ( .BOTH. , #762 ) ;
#3476 = CARTESIAN_POINT ( 'NONE',  ( 0.000000000000000000, 0.05000000000000000278, 0.9749999999999999778 ) ) ;
#3477 = CARTESIAN_POINT ( 'NONE',  ( 1.375000000000000000, 0.000000000000000000, -1.749999999999999778 ) ) ;
#3478 = ORIENTED_EDGE ( 'NONE', *, *, #2857, .F. ) ;
#3479 = DIRECTION ( 'NONE',  ( -0.000000000000000000, -0.000000000000000000, -1.000000000000000000 ) ) ;
#3480 = PRESENTATION_LAYER_ASSIGNMENT (  '', '', ( #1730 ) ) ;
#3481 = LINE ( 'NONE', #3076, #1612 ) ;
#3482 = CARTESIAN_POINT ( 'NONE',  ( 0.8750000000000003331, 0.2000000000000000111, -1.474999999999999867 ) ) ;
#3483 = CARTESIAN_POINT ( 'NONE',  ( 0.6249999999999996669, 0.2000000000000000111, -1.474999999999999867 ) ) ;
#3484 = FACE_OUTER_BOUND ( 'NONE', #1827, .T. ) ;
#3485 = VECTOR ( 'NONE', #396, 1000.000000000000000 ) ;
#3486 = DIRECTION ( 'NONE',  ( 0.000000000000000000, 0.000000000000000000, 1.000000000000000000 ) ) ;
#3487 = AXIS2_PLACEMENT_3D ( 'NONE', #4231, #4731, #245 ) ;
#3488 = CARTESIAN_POINT ( 'NONE',  ( 0.7999999999999941602, 0.000000000000000000, 0.9749999999999999778 ) ) ;
#3489 = VECTOR ( 'NONE', #5141, 1000.000000000000000 ) ;
#3490 = CARTESIAN_POINT ( 'NONE',  ( 0.1249999999999998890, 0.2000000000000000111, -1.749999999999999556 ) ) ;
#3491 = CARTESIAN_POINT ( 'NONE',  ( 1.750000000000000000, 0.2000000000000000111, 0.1749999999999999611 ) ) ;
#3492 = ORIENTED_EDGE ( 'NONE', *, *, #1479, .T. ) ;
#3493 = CARTESIAN_POINT ( 'NONE',  ( 1.749999999999988454, 0.2000000000000000111, 1.275000000000000133 ) ) ;
#3494 = EDGE_LOOP ( 'NONE', ( #2494, #1555, #2982, #2556 ) ) ;
#3495 = AXIS2_PLACEMENT_3D ( 'NONE', #1429, #3161, #2276 ) ;
#3496 = ADVANCED_FACE ( 'NONE', ( #5647 ), #2085, .T. ) ;
#3497 = EDGE_CURVE ( 'NONE', #1562, #806, #846, .T. ) ;
#3498 = VECTOR ( 'NONE', #3400, 1000.000000000000000 ) ;
#3499 = CARTESIAN_POINT ( 'NONE',  ( -1.394229623805780305, 1.000000000000000000, -1.224483165043916300 ) ) ;
#3500 = CARTESIAN_POINT ( 'NONE',  ( -0.7999999999999998224, 0.000000000000000000, -0.1500000000000000777 ) ) ;
#3501 = ORIENTED_EDGE ( 'NONE', *, *, #3461, .F. ) ;
#3502 = CARTESIAN_POINT ( 'NONE',  ( 1.749999999999994449, 0.000000000000000000, 0.7249999999999999778 ) ) ;
#3503 = ADVANCED_FACE ( 'NONE', ( #339 ), #2058, .F. ) ;
#3504 = VECTOR ( 'NONE', #1025, 1000.000000000000000 ) ;
#3505 = AXIS2_PLACEMENT_3D ( 'NONE', #4805, #2280, #831 ) ;
#3506 = ORIENTED_EDGE ( 'NONE', *, *, #3376, .T. ) ;
#3507 = CARTESIAN_POINT ( 'NONE',  ( -0.1249999999999996808, 0.2000000000000000111, -1.474999999999999867 ) ) ;
#3508 = LINE ( 'NONE', #77, #4977 ) ;
#3509 =( GEOMETRIC_REPRESENTATION_CONTEXT ( 3 ) GLOBAL_UNCERTAINTY_ASSIGNED_CONTEXT ( ( #232 ) ) GLOBAL_UNIT_ASSIGNED_CONTEXT ( ( #3573, #1838, #4486 ) ) REPRESENTATION_CONTEXT ( 'NONE', 'WORKASPACE' ) );
#3510 = EDGE_LOOP ( 'NONE', ( #4740, #4271, #5354, #1519 ) ) ;
#3511 = VECTOR ( 'NONE', #2417, 1000.000000000000000 ) ;
#3512 = EDGE_LOOP ( 'NONE', ( #4249, #5643, #5263, #94 ) ) ;
#3513 = FACE_OUTER_BOUND ( 'NONE', #2255, .T. ) ;
#3514 = DIRECTION ( 'NONE',  ( 0.000000000000000000, -1.000000000000000000, 0.000000000000000000 ) ) ;
#3515 = EDGE_LOOP ( 'NONE', ( #3460, #3198, #2789, #5731 ) ) ;
#3516 = CARTESIAN_POINT ( 'NONE',  ( 0.3750000000000026645, 0.05000000000000000278, -5.913830031739160902E-16 ) ) ;
#3517 = LINE ( 'NONE', #4771, #4721 ) ;
#3518 = CARTESIAN_POINT ( 'NONE',  ( -0.1249999999999996808, 0.000000000000000000, -1.474999999999999867 ) ) ;
#3519 =( NAMED_UNIT ( * ) PLANE_ANGLE_UNIT ( ) SI_UNIT ( $, .RADIAN. ) );
#3520 = DIRECTION ( 'NONE',  ( 1.141265444721583757E-16, -0.000000000000000000, 1.000000000000000000 ) ) ;
#3521 = CARTESIAN_POINT ( 'NONE',  ( 0.7999999999999883871, 0.05000000000000000278, 1.274999999999999911 ) ) ;
#3522 = DIRECTION ( 'NONE',  ( 2.282530889443167022E-16, 0.000000000000000000, 1.000000000000000000 ) ) ;
#3523 =( NAMED_UNIT ( * ) SI_UNIT ( $, .STERADIAN. ) SOLID_ANGLE_UNIT ( ) );
#3524 = VERTEX_POINT ( 'NONE', #2031 ) ;
#3525 = CARTESIAN_POINT ( 'NONE',  ( 0.7999999999999998224, 0.000000000000000000, -0.1500000000000000777 ) ) ;
#3526 = ORIENTED_EDGE ( 'NONE', *, *, #2236, .F. ) ;
#3527 = ORIENTED_EDGE ( 'NONE', *, *, #5099, .F. ) ;
#3528 = DIRECTION ( 'NONE',  ( 0.000000000000000000, 0.000000000000000000, 1.000000000000000000 ) ) ;
#3529 = PLANE ( 'NONE',  #5526 ) ;
#3530 =( NAMED_UNIT ( * ) SI_UNIT ( $, .STERADIAN. ) SOLID_ANGLE_UNIT ( ) );
#3531 = CARTESIAN_POINT ( 'NONE',  ( 0.7999999999999999334, 0.2000000000000000111, 0.4249999999999998779 ) ) ;
#3532 = EDGE_CURVE ( 'NONE', #3030, #4379, #3037, .T. ) ;
#3533 = ORIENTED_EDGE ( 'NONE', *, *, #1116, .F. ) ;
#3534 = DIRECTION ( 'NONE',  ( 0.000000000000000000, -1.000000000000000000, 0.000000000000000000 ) ) ;
#3535 = ADVANCED_FACE ( 'NONE', ( #2981 ), #5619, .F. ) ;
#3536 = CARTESIAN_POINT ( 'NONE',  ( -0.7999999999999883871, 0.2000000000000000111, 1.274999999999999911 ) ) ;
#3537 = ORIENTED_EDGE ( 'NONE', *, *, #4562, .F. ) ;
#3538 = ADVANCED_FACE ( 'NONE', ( #5676 ), #4820, .F. ) ;
#3539 = ORIENTED_EDGE ( 'NONE', *, *, #2827, .T. ) ;
#3540 = DIRECTION ( 'NONE',  ( 0.000000000000000000, 1.000000000000000000, -0.000000000000000000 ) ) ;
#3541 = ORIENTED_EDGE ( 'NONE', *, *, #5197, .T. ) ;
#3542 = CARTESIAN_POINT ( 'NONE',  ( 0.1249999999999996808, 0.04999999999999999584, -1.474999999999999867 ) ) ;
#3543 = CARTESIAN_POINT ( 'NONE',  ( 0.8749999999999998890, 0.2000000000000000111, -1.749999999999999778 ) ) ;
#3544 = APPLICATION_CONTEXT ( 'automotive_design' ) ;
#3545 = CARTESIAN_POINT ( 'NONE',  ( 1.749999999999999778, 0.2000000000000000111, -0.5500000000000000444 ) ) ;
#3546 = VECTOR ( 'NONE', #3051, 1000.000000000000000 ) ;
#3547 = LINE ( 'NONE', #5318, #1847 ) ;
#3548 = CARTESIAN_POINT ( 'NONE',  ( -1.394229623805780305, 1.000000000000000000, -1.375884497176759647 ) ) ;
#3549 = PLANE ( 'NONE',  #4691 ) ;
#3550 = SURFACE_SIDE_STYLE ('',( #2104 ) ) ;
#3551 = ADVANCED_FACE ( 'NONE', ( #3349 ), #3862, .T. ) ;
#3552 = VERTEX_POINT ( 'NONE', #4792 ) ;
#3553 = DIRECTION ( 'NONE',  ( -0.000000000000000000, 0.000000000000000000, 1.000000000000000000 ) ) ;
#3554 = VERTEX_POINT ( 'NONE', #4332 ) ;
#3555 = VECTOR ( 'NONE', #5592, 1000.000000000000000 ) ;
#3556 = CARTESIAN_POINT ( 'NONE',  ( 0.000000000000000000, 0.000000000000000000, 0.000000000000000000 ) ) ;
#3557 = DIRECTION ( 'NONE',  ( -1.000000000000000000, -0.000000000000000000, -2.282530889443167022E-16 ) ) ;
#3558 = VERTEX_POINT ( 'NONE', #3470 ) ;
#3559 = SURFACE_STYLE_FILL_AREA ( #1793 ) ;
#3560 = CARTESIAN_POINT ( 'NONE',  ( 1.750000000000000222, 0.05000000000000000278, -1.749999999999999778 ) ) ;
#3561 = VECTOR ( 'NONE', #4050, 1000.000000000000000 ) ;
#3562 = DIRECTION ( 'NONE',  ( -1.577021341797098201E-15, 0.000000000000000000, -1.000000000000000000 ) ) ;
#3563 = CARTESIAN_POINT ( 'NONE',  ( -1.394229623805780305, 1.000000000000000000, -1.527285829309602994 ) ) ;
#3564 = ORIENTED_EDGE ( 'NONE', *, *, #2813, .F. ) ;
#3565 = ADVANCED_FACE ( 'NONE', ( #2922 ), #4705, .F. ) ;
#3566 = ORIENTED_EDGE ( 'NONE', *, *, #4518, .F. ) ;
#3567 = DIRECTION ( 'NONE',  ( 0.000000000000000000, 0.000000000000000000, 1.000000000000000000 ) ) ;
#3568 = VERTEX_POINT ( 'NONE', #2583 ) ;
#3569 = CARTESIAN_POINT ( 'NONE',  ( -0.7999999999999999334, 0.000000000000000000, 0.1749999999999998501 ) ) ;
#3570 = EDGE_CURVE ( 'NONE', #1110, #2329, #3827, .T. ) ;
#3571 = VECTOR ( 'NONE', #1277, 1000.000000000000000 ) ;
#3572 = VECTOR ( 'NONE', #3639, 1000.000000000000000 ) ;
#3573 =( LENGTH_UNIT ( ) NAMED_UNIT ( * ) SI_UNIT ( .MILLI., .METRE. ) );
#3574 = CARTESIAN_POINT ( 'NONE',  ( -0.4500000000000000111, 0.2000000000000000111, -0.6499999999999990230 ) ) ;
#3575 = CARTESIAN_POINT ( 'NONE',  ( 1.749999999999988454, 0.2000000000000000111, 1.275000000000000133 ) ) ;
#3576 = VECTOR ( 'NONE', #4298, 1000.000000000000000 ) ;
#3577 = FACE_OUTER_BOUND ( 'NONE', #4079, .T. ) ;
#3578 = ORIENTED_EDGE ( 'NONE', *, *, #2582, .F. ) ;
#3579 = CARTESIAN_POINT ( 'NONE',  ( -0.1499999999999998002, 0.2000000000000000111, 1.750000000000000666 ) ) ;
#3580 = STYLED_ITEM ( 'NONE', ( #1449 ), #3741 ) ;
#3581 = ORIENTED_EDGE ( 'NONE', *, *, #3933, .F. ) ;
#3582 = VECTOR ( 'NONE', #5461, 1000.000000000000000 ) ;
#3583 = ADVANCED_FACE ( 'NONE', ( #369 ), #1617, .T. ) ;
#3584 = AXIS2_PLACEMENT_3D ( 'NONE', #2607, #281, #1153 ) ;
#3585 = LINE ( 'NONE', #362, #2844 ) ;
#3586 = CARTESIAN_POINT ( 'NONE',  ( 0.7999999999999883871, 0.2000000000000000111, 1.274999999999999911 ) ) ;
#3587 = ORIENTED_EDGE ( 'NONE', *, *, #2539, .T. ) ;
#3588 = VECTOR ( 'NONE', #5182, 1000.000000000000000 ) ;
#3589 = CARTESIAN_POINT ( 'NONE',  ( -0.1250000000000001110, 0.2000000000000000111, -1.749999999999999778 ) ) ;
#3590 = VECTOR ( 'NONE', #1767, 1000.000000000000000 ) ;
#3591 = DIRECTION ( 'NONE',  ( 0.000000000000000000, 0.000000000000000000, 1.000000000000000000 ) ) ;
#3592 = MECHANICAL_DESIGN_GEOMETRIC_PRESENTATION_REPRESENTATION (  '', ( #341 ), #2305 ) ;
#3593 = DIRECTION ( 'NONE',  ( -1.577021341797098201E-15, 0.000000000000000000, -1.000000000000000000 ) ) ;
#3594 = VECTOR ( 'NONE', #308, 1000.000000000000000 ) ;
#3595 = DIRECTION ( 'NONE',  ( -0.000000000000000000, -0.000000000000000000, -1.000000000000000000 ) ) ;
#3596 = ORIENTED_EDGE ( 'NONE', *, *, #5122, .F. ) ;
#3597 = VECTOR ( 'NONE', #5662, 1000.000000000000000 ) ;
#3598 = ORIENTED_EDGE ( 'NONE', *, *, #3063, .T. ) ;
#3599 = PLANE ( 'NONE',  #5052 ) ;
#3600 = VECTOR ( 'NONE', #83, 1000.000000000000000 ) ;
#3601 = ORIENTED_EDGE ( 'NONE', *, *, #3412, .T. ) ;
#3602 = CARTESIAN_POINT ( 'NONE',  ( 1.750000000000000222, 0.05000000000000000278, 1.750000000000000222 ) ) ;
#3603 = CARTESIAN_POINT ( 'NONE',  ( -1.749999999999988454, 0.2000000000000000111, 1.275000000000000133 ) ) ;
#3604 = EDGE_CURVE ( 'NONE', #4171, #5638, #1649, .T. ) ;
#3605 = EDGE_CURVE ( 'NONE', #3907, #2603, #2957, .T. ) ;
#3606 = LINE ( 'NONE', #556, #2673 ) ;
#3607 = CARTESIAN_POINT ( 'NONE',  ( 1.750000000000000222, 0.04999999999999999584, -1.050000000000000044 ) ) ;
#3608 = CARTESIAN_POINT ( 'NONE',  ( -0.7999999999999998224, 0.2000000000000000111, -0.1500000000000000777 ) ) ;
#3609 = DIRECTION ( 'NONE',  ( 0.000000000000000000, 0.000000000000000000, 1.000000000000000000 ) ) ;
#3610 = CARTESIAN_POINT ( 'NONE',  ( -1.750000000000000000, 0.000000000000000000, 0.1749999999999999611 ) ) ;
#3611 = ADVANCED_FACE ( 'NONE', ( #2522 ), #4300, .T. ) ;
#3612 =( NAMED_UNIT ( * ) PLANE_ANGLE_UNIT ( ) SI_UNIT ( $, .RADIAN. ) );
#3613 = ORIENTED_EDGE ( 'NONE', *, *, #1907, .T. ) ;
#3614 = LINE ( 'NONE', #4949, #321 ) ;
#3615 = EDGE_LOOP ( 'NONE', ( #285, #2551, #5702, #2340 ) ) ;
#3616 = UNCERTAINTY_MEASURE_WITH_UNIT (LENGTH_MEASURE( 1.000000000000000082E-05 ), #162, 'distance_accuracy_value', 'NONE');
#3617 = EDGE_CURVE ( 'NONE', #5217, #3907, #4961, .T. ) ;
#3618 = EDGE_CURVE ( 'NONE', #2353, #3098, #36, .T. ) ;
#3619 = DIRECTION ( 'NONE',  ( 1.239088197126290817E-16, -0.000000000000000000, 1.000000000000000000 ) ) ;
#3620 = FACE_OUTER_BOUND ( 'NONE', #1883, .T. ) ;
#3621 = VERTEX_POINT ( 'NONE', #982 ) ;
#3622 = FACE_OUTER_BOUND ( 'NONE', #1564, .T. ) ;
#3623 = CARTESIAN_POINT ( 'NONE',  ( -1.750000000000000000, 0.2000000000000000111, 0.4249999999999999889 ) ) ;
#3624 = LINE ( 'NONE', #1856, #4485 ) ;
#3625 = CARTESIAN_POINT ( 'NONE',  ( 0.7999999999999999334, 0.000000000000000000, 0.4249999999999998779 ) ) ;
#3626 = DIRECTION ( 'NONE',  ( 0.000000000000000000, 1.000000000000000000, 0.000000000000000000 ) ) ;
#3627 = FACE_OUTER_BOUND ( 'NONE', #958, .T. ) ;
#3628 = VERTEX_POINT ( 'NONE', #1422 ) ;
#3629 = VERTEX_POINT ( 'NONE', #4016 ) ;
#3630 = DIRECTION ( 'NONE',  ( 1.000000000000000000, -0.000000000000000000, -1.239088197126290817E-16 ) ) ;
#3631 = CARTESIAN_POINT ( 'NONE',  ( -0.7999999999999883871, 0.2000000000000000111, 1.524999999999999911 ) ) ;
#3632 = ORIENTED_EDGE ( 'NONE', *, *, #2266, .T. ) ;
#3633 = CARTESIAN_POINT ( 'NONE',  ( 0.7999999999999999334, 0.2000000000000000111, 0.1749999999999998501 ) ) ;
#3634 = DIRECTION ( 'NONE',  ( 0.000000000000000000, 1.000000000000000000, 0.000000000000000000 ) ) ;
#3635 =( LENGTH_UNIT ( ) NAMED_UNIT ( * ) SI_UNIT ( .MILLI., .METRE. ) );
#3636 = VECTOR ( 'NONE', #968, 1000.000000000000000 ) ;
#3637 = CARTESIAN_POINT ( 'NONE',  ( 0.7999999999999883871, 0.2000000000000000111, 1.524999999999999911 ) ) ;
#3638 = ORIENTED_EDGE ( 'NONE', *, *, #3344, .F. ) ;
#3639 = DIRECTION ( 'NONE',  ( -0.000000000000000000, -1.000000000000000000, -0.000000000000000000 ) ) ;
#3640 = ORIENTED_EDGE ( 'NONE', *, *, #3067, .F. ) ;
#3641 = PLANE ( 'NONE',  #5235 ) ;
#3642 = CARTESIAN_POINT ( 'NONE',  ( 0.7999999999999998224, 0.000000000000000000, -0.1500000000000000777 ) ) ;
#3643 = ORIENTED_EDGE ( 'NONE', *, *, #4746, .T. ) ;
#3644 = FACE_OUTER_BOUND ( 'NONE', #4319, .T. ) ;
#3645 = EDGE_CURVE ( 'NONE', #5474, #5628, #2204, .T. ) ;
#3646 = CARTESIAN_POINT ( 'NONE',  ( -1.394229623805780305, 0.9000000000000000222, -1.375884497176759647 ) ) ;
#3647 = VECTOR ( 'NONE', #2186, 1000.000000000000000 ) ;
#3648 = DIRECTION ( 'NONE',  ( -0.000000000000000000, -1.000000000000000000, -0.000000000000000000 ) ) ;
#3649 = DIRECTION ( 'NONE',  ( 0.000000000000000000, 0.000000000000000000, 1.000000000000000000 ) ) ;
#3650 = ORIENTED_EDGE ( 'NONE', *, *, #3668, .F. ) ;
#3651 = AXIS2_PLACEMENT_3D ( 'NONE', #5753, #554, #1779 ) ;
#3652 = ADVANCED_FACE ( 'NONE', ( #3155 ), #5386, .F. ) ;
#3653 = ORIENTED_EDGE ( 'NONE', *, *, #2151, .T. ) ;
#3654 = PLANE ( 'NONE',  #5705 ) ;
#3655 = CARTESIAN_POINT ( 'NONE',  ( 1.750000000000000222, 0.05000000000000000278, -1.749999999999999778 ) ) ;
#3656 = PRESENTATION_LAYER_ASSIGNMENT (  '', '', ( #215 ) ) ;
#3657 = VERTEX_POINT ( 'NONE', #900 ) ;
#3658 = CARTESIAN_POINT ( 'NONE',  ( -0.7999999999999999334, 0.2000000000000000111, 0.4249999999999998779 ) ) ;
#3659 = CARTESIAN_POINT ( 'NONE',  ( 1.375000000000000000, 0.2000000000000000111, -1.749999999999999778 ) ) ;
#3660 = ORIENTED_EDGE ( 'NONE', *, *, #1184, .F. ) ;
#3661 = CARTESIAN_POINT ( 'NONE',  ( 0.7999999999999998224, 0.2000000000000000111, -0.1500000000000000777 ) ) ;
#3662 = EDGE_CURVE ( 'NONE', #15, #1964, #3508, .T. ) ;
#3663 = ORIENTED_EDGE ( 'NONE', *, *, #896, .T. ) ;
#3664 = FACE_OUTER_BOUND ( 'NONE', #2954, .T. ) ;
#3665 = VERTEX_POINT ( 'NONE', #1797 ) ;
#3666 = AXIS2_PLACEMENT_3D ( 'NONE', #318, #1550, #1170 ) ;
#3667 = VECTOR ( 'NONE', #2012, 1000.000000000000000 ) ;
#3668 = EDGE_CURVE ( 'NONE', #1377, #1211, #1825, .T. ) ;
#3669 = DIRECTION ( 'NONE',  ( 0.000000000000000000, 0.000000000000000000, -1.000000000000000000 ) ) ;
#3670 = FACE_OUTER_BOUND ( 'NONE', #693, .T. ) ;
#3671 = LINE ( 'NONE', #2369, #4702 ) ;
#3672 = EDGE_CURVE ( 'NONE', #3846, #1478, #1400, .T. ) ;
#3673 = MECHANICAL_DESIGN_GEOMETRIC_PRESENTATION_REPRESENTATION (  '', ( #1730 ), #3285 ) ;
#3674 = AXIS2_PLACEMENT_3D ( 'NONE', #2635, #5302, #4844 ) ;
#3675 = EDGE_CURVE ( 'NONE', #5395, #3825, #4907, .T. ) ;
#3676 = CARTESIAN_POINT ( 'NONE',  ( -0.7999999999999941602, 0.2000000000000000111, 0.7249999999999999778 ) ) ;
#3677 = LINE ( 'NONE', #3625, #5153 ) ;
#3678 = ADVANCED_FACE ( 'NONE', ( #4869 ), #1859, .T. ) ;
#3679 = AXIS2_PLACEMENT_3D ( 'NONE', #4294, #4321, #809 ) ;
#3680 = FACE_OUTER_BOUND ( 'NONE', #1044, .T. ) ;
#3681 = COLOUR_RGB ( '',0.7921568627450980005, 0.8196078431372548767, 0.9333333333333333481 ) ;
#3682 = ADVANCED_FACE ( 'NONE', ( #3627 ), #2721, .T. ) ;
#3683 = ORIENTED_EDGE ( 'NONE', *, *, #4214, .F. ) ;
#3684 = VECTOR ( 'NONE', #4208, 1000.000000000000000 ) ;
#3685 = ORIENTED_EDGE ( 'NONE', *, *, #5632, .F. ) ;
#3686 = DIRECTION ( 'NONE',  ( 0.000000000000000000, -0.000000000000000000, 1.000000000000000000 ) ) ;
#3687 = ADVANCED_FACE ( 'NONE', ( #9 ), #1772, .T. ) ;
#3688 = VECTOR ( 'NONE', #3174, 1000.000000000000000 ) ;
#3689 = ORIENTED_EDGE ( 'NONE', *, *, #953, .T. ) ;
#3690 = DIRECTION ( 'NONE',  ( 0.000000000000000000, -1.000000000000000000, 0.000000000000000000 ) ) ;
#3691 = CIRCLE ( 'NONE', #343, 0.1514013321328433748 ) ;
#3692 = CARTESIAN_POINT ( 'NONE',  ( 1.750000000000000222, 0.2000000000000000111, -1.050000000000000044 ) ) ;
#3693 = AXIS2_PLACEMENT_3D ( 'NONE', #4619, #1568, #5503 ) ;
#3694 =( LENGTH_UNIT ( ) NAMED_UNIT ( * ) SI_UNIT ( .MILLI., .METRE. ) );
#3695 = VECTOR ( 'NONE', #911, 1000.000000000000000 ) ;
#3696 = ORIENTED_EDGE ( 'NONE', *, *, #5361, .F. ) ;
#3697 = FACE_OUTER_BOUND ( 'NONE', #1284, .T. ) ;
#3698 = LINE ( 'NONE', #5023, #5035 ) ;
#3699 = FACE_OUTER_BOUND ( 'NONE', #1602, .T. ) ;
#3700 = CARTESIAN_POINT ( 'NONE',  ( 0.1249999999999998890, 0.2000000000000000111, -1.749999999999999556 ) ) ;
#3701 = DIRECTION ( 'NONE',  ( 0.000000000000000000, 0.000000000000000000, -1.000000000000000000 ) ) ;
#3702 = DIRECTION ( 'NONE',  ( 0.000000000000000000, 0.000000000000000000, 1.000000000000000000 ) ) ;
#3703 = CARTESIAN_POINT ( 'NONE',  ( 0.3749999999999998890, 0.2000000000000000111, -1.749999999999999778 ) ) ;
#3704 = LINE ( 'NONE', #5462, #4527 ) ;
#3705 = VERTEX_POINT ( 'NONE', #3954 ) ;
#3706 = EDGE_LOOP ( 'NONE', ( #5312, #618, #713, #5232 ) ) ;
#3707 = EDGE_CURVE ( 'NONE', #2463, #241, #4451, .T. ) ;
#3708 = EDGE_CURVE ( 'NONE', #1787, #364, #2215, .T. ) ;
#3709 = EDGE_LOOP ( 'NONE', ( #625, #5369, #2179, #340 ) ) ;
#3710 = SURFACE_STYLE_USAGE ( .BOTH. , #2783 ) ;
#3711 = ORIENTED_EDGE ( 'NONE', *, *, #2984, .T. ) ;
#3712 = CARTESIAN_POINT ( 'NONE',  ( 1.749999999999988454, 0.2000000000000000111, 1.525000000000000133 ) ) ;
#3713 = DIRECTION ( 'NONE',  ( -1.000000000000000000, 0.000000000000000000, 1.239088197126290817E-16 ) ) ;
#3714 = LINE ( 'NONE', #2005, #2671 ) ;
#3715 = ADVANCED_FACE ( 'NONE', ( #2245 ), #870, .F. ) ;
#3716 = VERTEX_POINT ( 'NONE', #3563 ) ;
#3717 = FACE_OUTER_BOUND ( 'NONE', #253, .T. ) ;
#3718 = CARTESIAN_POINT ( 'NONE',  ( 1.125000000000000000, 0.2000000000000000111, -1.749999999999999556 ) ) ;
#3719 = EDGE_LOOP ( 'NONE', ( #2185, #4166, #5624, #2409 ) ) ;
#3720 = LINE ( 'NONE', #2815, #3572 ) ;
#3721 = VERTEX_POINT ( 'NONE', #3536 ) ;
#3722 = FACE_OUTER_BOUND ( 'NONE', #3320, .T. ) ;
#3723 = EDGE_CURVE ( 'NONE', #5453, #5119, #1335, .T. ) ;
#3724 = CARTESIAN_POINT ( 'NONE',  ( -1.749999999999988454, 0.2000000000000000111, 1.525000000000000133 ) ) ;
#3725 = DIRECTION ( 'NONE',  ( 0.000000000000000000, -0.000000000000000000, 1.000000000000000000 ) ) ;
#3726 = CARTESIAN_POINT ( 'NONE',  ( -0.6249999999999996669, 0.000000000000000000, -1.474999999999999867 ) ) ;
#3727 = ORIENTED_EDGE ( 'NONE', *, *, #3708, .F. ) ;
#3728 = FACE_OUTER_BOUND ( 'NONE', #1374, .T. ) ;
#3729 = AXIS2_PLACEMENT_3D ( 'NONE', #4931, #3234, #3702 ) ;
#3730 = FACE_OUTER_BOUND ( 'NONE', #373, .T. ) ;
#3731 = DIRECTION ( 'NONE',  ( 0.000000000000000000, -1.000000000000000000, 0.000000000000000000 ) ) ;
#3732 = MANIFOLD_SOLID_BREP ( 'Boss-Extrude4[3]', #4411 ) ;
#3733 = ORIENTED_EDGE ( 'NONE', *, *, #5027, .T. ) ;
#3734 = ORIENTED_EDGE ( 'NONE', *, *, #4644, .F. ) ;
#3735 = DIRECTION ( 'NONE',  ( 0.000000000000000000, 0.000000000000000000, 1.000000000000000000 ) ) ;
#3736 = VERTEX_POINT ( 'NONE', #4606 ) ;
#3737 = DIRECTION ( 'NONE',  ( -0.000000000000000000, -1.000000000000000000, -0.000000000000000000 ) ) ;
#3738 = MECHANICAL_DESIGN_GEOMETRIC_PRESENTATION_REPRESENTATION (  '', ( #3947 ), #4674 ) ;
#3739 = ADVANCED_FACE ( 'NONE', ( #3680 ), #1096, .F. ) ;
#3740 = LINE ( 'NONE', #1950, #4408 ) ;
#3741 = MANIFOLD_SOLID_BREP ( 'Boss-Extrude4[9]', #596 ) ;
#3742 = ORIENTED_EDGE ( 'NONE', *, *, #1671, .T. ) ;
#3743 = CARTESIAN_POINT ( 'NONE',  ( -1.350000000000000311, 0.04999999999999999584, -1.050000000000000044 ) ) ;
#3744 = AXIS2_PLACEMENT_3D ( 'NONE', #2189, #4942, #1314 ) ;
#3745 = EDGE_CURVE ( 'NONE', #3828, #4089, #5427, .T. ) ;
#3746 = FILL_AREA_STYLE_COLOUR ( '', #3960 ) ;
#3747 = ORIENTED_EDGE ( 'NONE', *, *, #1833, .T. ) ;
#3748 = LINE ( 'NONE', #3303, #4327 ) ;
#3749 = VERTEX_POINT ( 'NONE', #2834 ) ;
#3750 = PLANE ( 'NONE',  #353 ) ;
#3751 = CARTESIAN_POINT ( 'NONE',  ( 0.3750000000000001110, 0.05000000000000000278, -1.749999999999999556 ) ) ;
#3752 = EDGE_CURVE ( 'NONE', #2090, #241, #5493, .T. ) ;
#3753 = CARTESIAN_POINT ( 'NONE',  ( -0.7500000000000000000, 0.2000000000000000111, -1.474999999999999867 ) ) ;
#3754 = DIRECTION ( 'NONE',  ( 1.000000000000000000, 0.000000000000000000, 7.885106708985497909E-16 ) ) ;
#3755 = EDGE_LOOP ( 'NONE', ( #1594, #1728, #5605, #4757 ) ) ;
#3756 = CIRCLE ( 'NONE', #3375, 0.1250000000000003331 ) ;
#3757 = VECTOR ( 'NONE', #3056, 1000.000000000000000 ) ;
#3758 = LINE ( 'NONE', #4261, #166 ) ;
#3759 = DIRECTION ( 'NONE',  ( 0.000000000000000000, -1.000000000000000000, 0.000000000000000000 ) ) ;
#3760 = CARTESIAN_POINT ( 'NONE',  ( -0.7999999999999998224, 0.2000000000000000111, -0.5500000000000001554 ) ) ;
#3761 = ORIENTED_EDGE ( 'NONE', *, *, #658, .F. ) ;
#3762 = AXIS2_PLACEMENT_3D ( 'NONE', #1775, #1310, #434 ) ;
#3763 =( GEOMETRIC_REPRESENTATION_CONTEXT ( 3 ) GLOBAL_UNCERTAINTY_ASSIGNED_CONTEXT ( ( #3307 ) ) GLOBAL_UNIT_ASSIGNED_CONTEXT ( ( #2147, #3896, #4734 ) ) REPRESENTATION_CONTEXT ( 'NONE', 'WORKASPACE' ) );
#3764 = VECTOR ( 'NONE', #4906, 1000.000000000000000 ) ;
#3765 = EDGE_LOOP ( 'NONE', ( #3578, #663, #5208, #615 ) ) ;
#3766 = VECTOR ( 'NONE', #3823, 1000.000000000000000 ) ;
#3767 = CARTESIAN_POINT ( 'NONE',  ( -1.750000000000000222, 0.2000000000000000111, -1.050000000000000044 ) ) ;
#3768 = DIRECTION ( 'NONE',  ( -1.239088197126290817E-16, 0.000000000000000000, -1.000000000000000000 ) ) ;
#3769 = ORIENTED_EDGE ( 'NONE', *, *, #4754, .T. ) ;
#3770 = DIRECTION ( 'NONE',  ( -0.000000000000000000, -1.000000000000000000, -0.000000000000000000 ) ) ;
#3771 = VECTOR ( 'NONE', #4383, 1000.000000000000000 ) ;
#3772 = DIRECTION ( 'NONE',  ( -1.000000000000000000, 0.000000000000000000, 0.000000000000000000 ) ) ;
#3773 = AXIS2_PLACEMENT_3D ( 'NONE', #3312, #3232, #1574 ) ;
#3774 = DIRECTION ( 'NONE',  ( 1.000000000000000000, 0.000000000000000000, -2.282530889443167022E-16 ) ) ;
#3775 = VECTOR ( 'NONE', #1331, 1000.000000000000000 ) ;
#3776 = EDGE_LOOP ( 'NONE', ( #3132, #5316, #2328, #3147 ) ) ;
#3777 = DIRECTION ( 'NONE',  ( 0.000000000000000000, -0.000000000000000000, 1.000000000000000000 ) ) ;
#3778 = EDGE_CURVE ( 'NONE', #836, #3907, #2431, .T. ) ;
#3779 = UNCERTAINTY_MEASURE_WITH_UNIT (LENGTH_MEASURE( 1.000000000000000082E-05 ), #4565, 'distance_accuracy_value', 'NONE');
#3780 = EDGE_CURVE ( 'NONE', #2605, #3952, #2327, .T. ) ;
#3781 = VECTOR ( 'NONE', #4918, 1000.000000000000000 ) ;
#3782 = MANIFOLD_SOLID_BREP ( 'Boss-Extrude4[1]', #1896 ) ;
#3783 = ADVANCED_FACE ( 'NONE', ( #3852 ), #2780, .T. ) ;
#3784 = AXIS2_PLACEMENT_3D ( 'NONE', #4230, #1145, #682 ) ;
#3785 = CARTESIAN_POINT ( 'NONE',  ( -0.1249999999999996808, 0.2000000000000000111, -1.474999999999999867 ) ) ;
#3786 = CARTESIAN_POINT ( 'NONE',  ( -0.3750000000000003331, 0.2000000000000000111, -1.474999999999999867 ) ) ;
#3787 = VERTEX_POINT ( 'NONE', #4361 ) ;
#3788 = PLANE ( 'NONE',  #715 ) ;
#3789 = EDGE_CURVE ( 'NONE', #2501, #3217, #812, .T. ) ;
#3790 = ORIENTED_EDGE ( 'NONE', *, *, #1381, .T. ) ;
#3791 = ORIENTED_EDGE ( 'NONE', *, *, #1119, .F. ) ;
#3792 = EDGE_CURVE ( 'NONE', #5296, #764, #2977, .T. ) ;
#3793 = FACE_OUTER_BOUND ( 'NONE', #1300, .T. ) ;
#3794 = DIRECTION ( 'NONE',  ( -0.000000000000000000, -1.000000000000000000, -0.000000000000000000 ) ) ;
#3795 = CARTESIAN_POINT ( 'NONE',  ( -0.6250000000000001110, 0.2000000000000000111, -1.749999999999999778 ) ) ;
#3796 = ORIENTED_EDGE ( 'NONE', *, *, #5468, .T. ) ;
#3797 = FILL_AREA_STYLE_COLOUR ( '', #901 ) ;
#3798 = ORIENTED_EDGE ( 'NONE', *, *, #1780, .T. ) ;
#3799 = FACE_OUTER_BOUND ( 'NONE', #2486, .T. ) ;
#3800 = PLANE ( 'NONE',  #4615 ) ;
#3801 = CARTESIAN_POINT ( 'NONE',  ( 0.000000000000000000, 0.000000000000000000, 0.000000000000000000 ) ) ;
#3802 = EDGE_LOOP ( 'NONE', ( #1201, #4509, #4124, #2655 ) ) ;
#3803 = CARTESIAN_POINT ( 'NONE',  ( 0.7999999999999883871, 0.2000000000000000111, 1.274999999999999911 ) ) ;
#3804 = CARTESIAN_POINT ( 'NONE',  ( 0.7999999999999941602, 0.2000000000000000111, 0.7249999999999999778 ) ) ;
#3805 = MANIFOLD_SOLID_BREP ( 'Boss-Extrude4[8]', #5132 ) ;
#3806 = EDGE_LOOP ( 'NONE', ( #3273, #1021, #1669, #4195 ) ) ;
#3807 = FACE_OUTER_BOUND ( 'NONE', #2610, .T. ) ;
#3808 = VERTEX_POINT ( 'NONE', #2953 ) ;
#3809 = LINE ( 'NONE', #2505, #1532 ) ;
#3810 = DIRECTION ( 'NONE',  ( -1.000000000000000000, 0.000000000000000000, 8.673617379884035472E-16 ) ) ;
#3811 = DIRECTION ( 'NONE',  ( 0.000000000000000000, 1.000000000000000000, 0.000000000000000000 ) ) ;
#3812 = DIRECTION ( 'NONE',  ( 0.000000000000000000, 0.000000000000000000, -1.000000000000000000 ) ) ;
#3813 = DIRECTION ( 'NONE',  ( 0.000000000000000000, 0.000000000000000000, -1.000000000000000000 ) ) ;
#3814 = ORIENTED_EDGE ( 'NONE', *, *, #4539, .T. ) ;
#3815 = CARTESIAN_POINT ( 'NONE',  ( -1.124999999999999778, 0.05000000000000000278, -1.749999999999999334 ) ) ;
#3816 = ORIENTED_EDGE ( 'NONE', *, *, #2352, .F. ) ;
#3817 = VERTEX_POINT ( 'NONE', #3466 ) ;
#3818 = EDGE_CURVE ( 'NONE', #3287, #3227, #2079, .T. ) ;
#3819 = DIRECTION ( 'NONE',  ( 1.000000000000000000, -0.000000000000000000, -0.000000000000000000 ) ) ;
#3820 = PLANE ( 'NONE',  #1628 ) ;
#3821 = DIRECTION ( 'NONE',  ( 0.000000000000000000, -1.000000000000000000, 0.000000000000000000 ) ) ;
#3822 = ORIENTED_EDGE ( 'NONE', *, *, #1308, .F. ) ;
#3823 = DIRECTION ( 'NONE',  ( 7.885106708985497909E-16, 0.000000000000000000, -1.000000000000000000 ) ) ;
#3824 = EDGE_CURVE ( 'NONE', #2538, #748, #754, .T. ) ;
#3825 = VERTEX_POINT ( 'NONE', #721 ) ;
#3826 = DIRECTION ( 'NONE',  ( 0.000000000000000000, 0.000000000000000000, -1.000000000000000000 ) ) ;
#3827 = LINE ( 'NONE', #3416, #3965 ) ;
#3828 = VERTEX_POINT ( 'NONE', #1675 ) ;
#3829 = DIRECTION ( 'NONE',  ( -1.000000000000000000, 0.000000000000000000, -8.559490835411878797E-17 ) ) ;
#3830 = DIRECTION ( 'NONE',  ( -1.000000000000000000, 0.000000000000000000, 8.673617379884035472E-16 ) ) ;
#3831 = ADVANCED_FACE ( 'NONE', ( #3411 ), #2518, .F. ) ;
#3832 = ORIENTED_EDGE ( 'NONE', *, *, #182, .F. ) ;
#3833 = FILL_AREA_STYLE ('',( #2063 ) ) ;
#3834 = CARTESIAN_POINT ( 'NONE',  ( -1.350000000000000311, 0.2000000000000000111, -0.8000000000000000444 ) ) ;
#3835 = ORIENTED_EDGE ( 'NONE', *, *, #4395, .F. ) ;
#3836 = DIRECTION ( 'NONE',  ( 0.000000000000000000, 1.000000000000000000, 0.000000000000000000 ) ) ;
#3837 = DIRECTION ( 'NONE',  ( 7.885106708985497909E-16, 0.000000000000000000, -1.000000000000000000 ) ) ;
#3838 = LINE ( 'NONE', #316, #1240 ) ;
#3839 = UNCERTAINTY_MEASURE_WITH_UNIT (LENGTH_MEASURE( 1.000000000000000082E-05 ), #365, 'distance_accuracy_value', 'NONE');
#3840 = CARTESIAN_POINT ( 'NONE',  ( -0.6249999999999974465, 0.05000000000000000278, 9.856383386231824068E-16 ) ) ;
#3841 = DIRECTION ( 'NONE',  ( -0.000000000000000000, -0.000000000000000000, -1.000000000000000000 ) ) ;
#3842 = FACE_OUTER_BOUND ( 'NONE', #5242, .T. ) ;
#3843 = CLOSED_SHELL ( 'NONE', ( #5062, #3423, #1556, #289, #2720, #511 ) ) ;
#3844 = ORIENTED_EDGE ( 'NONE', *, *, #2801, .T. ) ;
#3845 = EDGE_LOOP ( 'NONE', ( #394, #5610, #424, #4438 ) ) ;
#3846 = VERTEX_POINT ( 'NONE', #1644 ) ;
#3847 = CIRCLE ( 'NONE', #2823, 0.1250000000000001110 ) ;
#3848 = FACE_OUTER_BOUND ( 'NONE', #1567, .T. ) ;
#3849 = ADVANCED_FACE ( 'NONE', ( #1239 ), #1149, .T. ) ;
#3850 = CARTESIAN_POINT ( 'NONE',  ( 0.7999999999999999334, 0.2000000000000000111, 0.1749999999999998501 ) ) ;
#3851 = EDGE_LOOP ( 'NONE', ( #4, #1774, #3230, #1333 ) ) ;
#3852 = FACE_OUTER_BOUND ( 'NONE', #271, .T. ) ;
#3853 = AXIS2_PLACEMENT_3D ( 'NONE', #4084, #998, #2336 ) ;
#3854 = EDGE_CURVE ( 'NONE', #4038, #3817, #4265, .T. ) ;
#3855 = VECTOR ( 'NONE', #1002, 1000.000000000000000 ) ;
#3856 = EDGE_CURVE ( 'NONE', #984, #5453, #5580, .T. ) ;
#3857 = ORIENTED_EDGE ( 'NONE', *, *, #4044, .T. ) ;
#3858 = DIRECTION ( 'NONE',  ( 0.000000000000000000, 1.000000000000000000, 0.000000000000000000 ) ) ;
#3859 = VECTOR ( 'NONE', #574, 1000.000000000000000 ) ;
#3860 = EDGE_CURVE ( 'NONE', #3440, #1562, #3123, .T. ) ;
#3861 = CIRCLE ( 'NONE', #139, 0.1250000000000003331 ) ;
#3862 = CYLINDRICAL_SURFACE ( 'NONE', #3584, 0.1250000000000003331 ) ;
#3863 = ORIENTED_EDGE ( 'NONE', *, *, #1842, .T. ) ;
#3864 = LINE ( 'NONE', #4710, #1646 ) ;
#3865 = MANIFOLD_SOLID_BREP ( 'Boss-Extrude4[5]', #3001 ) ;
#3866 = VECTOR ( 'NONE', #3759, 1000.000000000000000 ) ;
#3867 = MECHANICAL_DESIGN_GEOMETRIC_PRESENTATION_REPRESENTATION (  '', ( #1169 ), #3207 ) ;
#3868 = EDGE_CURVE ( 'NONE', #2458, #4342, #1329, .T. ) ;
#3869 = ORIENTED_EDGE ( 'NONE', *, *, #4253, .F. ) ;
#3870 = DIRECTION ( 'NONE',  ( 0.000000000000000000, -0.000000000000000000, 1.000000000000000000 ) ) ;
#3871 = CARTESIAN_POINT ( 'NONE',  ( 1.475000000000000089, 0.2000000000000000111, -0.9250000000000000444 ) ) ;
#3872 = DIRECTION ( 'NONE',  ( -0.000000000000000000, -0.000000000000000000, -1.000000000000000000 ) ) ;
#3873 = VECTOR ( 'NONE', #246, 1000.000000000000000 ) ;
#3874 = AXIS2_PLACEMENT_3D ( 'NONE', #2712, #1414, #539 ) ;
#3875 = EDGE_LOOP ( 'NONE', ( #5133, #863, #3105, #1585 ) ) ;
#3876 = DIRECTION ( 'NONE',  ( -0.000000000000000000, -1.000000000000000000, -0.000000000000000000 ) ) ;
#3877 = AXIS2_PLACEMENT_3D ( 'NONE', #774, #3754, #2995 ) ;
#3878 = VECTOR ( 'NONE', #4306, 1000.000000000000000 ) ;
#3879 =( NAMED_UNIT ( * ) SI_UNIT ( $, .STERADIAN. ) SOLID_ANGLE_UNIT ( ) );
#3880 = CARTESIAN_POINT ( 'NONE',  ( -0.7999999999999941602, 0.000000000000000000, 0.7249999999999999778 ) ) ;
#3881 = VECTOR ( 'NONE', #2661, 1000.000000000000000 ) ;
#3882 = DIRECTION ( 'NONE',  ( 0.000000000000000000, 0.000000000000000000, 1.000000000000000000 ) ) ;
#3883 = CARTESIAN_POINT ( 'NONE',  ( -0.2500000000000000000, 0.2000000000000000111, -1.474999999999999867 ) ) ;
#3884 = DIRECTION ( 'NONE',  ( 0.000000000000000000, 0.000000000000000000, 1.000000000000000000 ) ) ;
#3885 = ORIENTED_EDGE ( 'NONE', *, *, #1226, .F. ) ;
#3886 = CARTESIAN_POINT ( 'NONE',  ( 1.749999999999988454, 0.2000000000000000111, 1.275000000000000133 ) ) ;
#3887 = EDGE_LOOP ( 'NONE', ( #3863, #4821, #2838, #5410 ) ) ;
#3888 = CARTESIAN_POINT ( 'NONE',  ( 1.750000000000000000, 0.2000000000000000111, 0.1749999999999999611 ) ) ;
#3889 = VERTEX_POINT ( 'NONE', #3589 ) ;
#3890 = ORIENTED_EDGE ( 'NONE', *, *, #2433, .T. ) ;
#3891 = PRESENTATION_LAYER_ASSIGNMENT (  '', '', ( #3988 ) ) ;
#3892 = FACE_OUTER_BOUND ( 'NONE', #3435, .T. ) ;
#3893 = AXIS2_PLACEMENT_3D ( 'NONE', #2230, #1385, #472 ) ;
#3894 = CARTESIAN_POINT ( 'NONE',  ( -1.749999999999999778, 0.2000000000000000111, -0.5500000000000000444 ) ) ;
#3895 = ORIENTED_EDGE ( 'NONE', *, *, #2889, .F. ) ;
#3896 =( NAMED_UNIT ( * ) PLANE_ANGLE_UNIT ( ) SI_UNIT ( $, .RADIAN. ) );
#3897 = ORIENTED_EDGE ( 'NONE', *, *, #280, .F. ) ;
#3898 = FACE_OUTER_BOUND ( 'NONE', #198, .T. ) ;
#3899 = DIRECTION ( 'NONE',  ( 1.577021341797098398E-15, 0.000000000000000000, 1.000000000000000000 ) ) ;
#3900 = EDGE_LOOP ( 'NONE', ( #1370, #2143, #3040, #3587 ) ) ;
#3901 = ADVANCED_FACE ( 'NONE', ( #69 ), #393, .T. ) ;
#3902 = ADVANCED_FACE ( 'NONE', ( #1737 ), #4929, .T. ) ;
#3903 = DIRECTION ( 'NONE',  ( -0.000000000000000000, -1.000000000000000000, -0.000000000000000000 ) ) ;
#3904 = ADVANCED_FACE ( 'NONE', ( #421 ), #2629, .F. ) ;
#3905 = ORIENTED_EDGE ( 'NONE', *, *, #733, .F. ) ;
#3906 = CARTESIAN_POINT ( 'NONE',  ( -1.394229623805780305, 1.000000000000000000, -1.224483165043916300 ) ) ;
#3907 = VERTEX_POINT ( 'NONE', #3502 ) ;
#3908 = CARTESIAN_POINT ( 'NONE',  ( -1.124999999999999778, 0.04999999999999999584, -1.474999999999999867 ) ) ;
#3909 = EDGE_CURVE ( 'NONE', #2693, #2458, #5270, .T. ) ;
#3910 = SURFACE_SIDE_STYLE ('',( #262 ) ) ;
#3911 = DIRECTION ( 'NONE',  ( 1.000000000000000000, -0.000000000000000000, -1.239088197126290817E-16 ) ) ;
#3912 = MANIFOLD_SOLID_BREP ( 'Boss-Extrude4[17]', #4773 ) ;
#3913 = CARTESIAN_POINT ( 'NONE',  ( 0.7999999999999941602, 0.2000000000000000111, 0.7249999999999999778 ) ) ;
#3914 = LINE ( 'NONE', #2596, #1816 ) ;
#3915 = LINE ( 'NONE', #1693, #2571 ) ;
#3916 = VERTEX_POINT ( 'NONE', #5435 ) ;
#3917 = DIRECTION ( 'NONE',  ( -1.000000000000000000, 0.000000000000000000, -0.000000000000000000 ) ) ;
#3918 = VERTEX_POINT ( 'NONE', #180 ) ;
#3919 = EDGE_LOOP ( 'NONE', ( #2362, #1281, #1451, #1588 ) ) ;
#3920 = ADVANCED_FACE ( 'NONE', ( #4572 ), #2208, .F. ) ;
#3921 = DIRECTION ( 'NONE',  ( 0.000000000000000000, 0.000000000000000000, 1.000000000000000000 ) ) ;
#3922 = LINE ( 'NONE', #3438, #528 ) ;
#3923 = ORIENTED_EDGE ( 'NONE', *, *, #224, .T. ) ;
#3924 = DIRECTION ( 'NONE',  ( -1.000000000000000000, 0.000000000000000000, 1.239088197126290817E-16 ) ) ;
#3925 = ORIENTED_EDGE ( 'NONE', *, *, #3672, .T. ) ;
#3926 = DIRECTION ( 'NONE',  ( 0.000000000000000000, 0.000000000000000000, 1.000000000000000000 ) ) ;
#3927 = CARTESIAN_POINT ( 'NONE',  ( 0.7999999999999883871, 0.000000000000000000, 1.274999999999999911 ) ) ;
#3928 = ORIENTED_EDGE ( 'NONE', *, *, #5275, .F. ) ;
#3929 = ORIENTED_EDGE ( 'NONE', *, *, #2365, .F. ) ;
#3930 = DIRECTION ( 'NONE',  ( 0.000000000000000000, 1.000000000000000000, 0.000000000000000000 ) ) ;
#3931 = CARTESIAN_POINT ( 'NONE',  ( -0.7999999999999941602, 0.000000000000000000, 0.7249999999999999778 ) ) ;
#3932 = DIRECTION ( 'NONE',  ( -0.000000000000000000, -0.000000000000000000, -1.000000000000000000 ) ) ;
#3933 = EDGE_CURVE ( 'NONE', #1610, #388, #1081, .T. ) ;
#3934 = VERTEX_POINT ( 'NONE', #1961 ) ;
#3935 = CARTESIAN_POINT ( 'NONE',  ( -0.4499999999999999556, 0.05000000000000000278, 4.065758146820641011E-17 ) ) ;
#3936 = CARTESIAN_POINT ( 'NONE',  ( 0.8749999999999998890, 0.2000000000000000111, -1.749999999999999778 ) ) ;
#3937 = CARTESIAN_POINT ( 'NONE',  ( -1.375000000000000222, 0.2000000000000000111, -1.749999999999999556 ) ) ;
#3938 = ADVANCED_FACE ( 'NONE', ( #1035 ), #206, .F. ) ;
#3939 = EDGE_CURVE ( 'NONE', #3705, #4858, #5009, .T. ) ;
#3940 = DIRECTION ( 'NONE',  ( -0.000000000000000000, -1.000000000000000000, -0.000000000000000000 ) ) ;
#3941 = LINE ( 'NONE', #1290, #4811 ) ;
#3942 = DIRECTION ( 'NONE',  ( -0.000000000000000000, 1.000000000000000000, 0.000000000000000000 ) ) ;
#3943 = CARTESIAN_POINT ( 'NONE',  ( -0.1499999999999999944, 0.2000000000000000111, -0.6499999999999991340 ) ) ;
#3944 = EDGE_LOOP ( 'NONE', ( #3023, #666, #398, #5203 ) ) ;
#3945 = CARTESIAN_POINT ( 'NONE',  ( 1.749999999999999778, 0.000000000000000000, -0.5500000000000000444 ) ) ;
#3946 = ORIENTED_EDGE ( 'NONE', *, *, #1205, .T. ) ;
#3947 = STYLED_ITEM ( 'NONE', ( #1837 ), #165 ) ;
#3948 = DIRECTION ( 'NONE',  ( -0.000000000000000000, -0.000000000000000000, -1.000000000000000000 ) ) ;
#3949 = DIRECTION ( 'NONE',  ( 0.000000000000000000, 0.000000000000000000, 1.000000000000000000 ) ) ;
#3950 = ORIENTED_EDGE ( 'NONE', *, *, #1789, .F. ) ;
#3951 = DIRECTION ( 'NONE',  ( -0.000000000000000000, 0.000000000000000000, 1.000000000000000000 ) ) ;
#3952 = VERTEX_POINT ( 'NONE', #4193 ) ;
#3953 = LINE ( 'NONE', #4500, #807 ) ;
#3954 = CARTESIAN_POINT ( 'NONE',  ( -1.750000000000000000, 0.2000000000000000111, 0.4249999999999999889 ) ) ;
#3955 = VERTEX_POINT ( 'NONE', #152 ) ;
#3956 = VECTOR ( 'NONE', #5663, 1000.000000000000000 ) ;
#3957 = ORIENTED_EDGE ( 'NONE', *, *, #154, .F. ) ;
#3958 = AXIS2_PLACEMENT_3D ( 'NONE', #738, #3836, #5594 ) ;
#3959 = LINE ( 'NONE', #2554, #4202 ) ;
#3960 = COLOUR_RGB ( '',0.7921568627450980005, 0.8196078431372548767, 0.9333333333333333481 ) ;
#3961 = ORIENTED_EDGE ( 'NONE', *, *, #2153, .T. ) ;
#3962 = DIRECTION ( 'NONE',  ( -0.000000000000000000, -0.000000000000000000, 1.000000000000000000 ) ) ;
#3963 = AXIS2_PLACEMENT_3D ( 'NONE', #1101, #2411, #5038 ) ;
#3964 = CARTESIAN_POINT ( 'NONE',  ( -0.8750000000000001110, 0.000000000000000000, -1.749999999999999556 ) ) ;
#3965 = VECTOR ( 'NONE', #5585, 1000.000000000000000 ) ;
#3966 = PLANE ( 'NONE',  #5446 ) ;
#3967 = VECTOR ( 'NONE', #5356, 1000.000000000000000 ) ;
#3968 = LINE ( 'NONE', #2595, #5732 ) ;
#3969 = AXIS2_PLACEMENT_3D ( 'NONE', #5175, #5637, #5602 ) ;
#3970 = PLANE ( 'NONE',  #1068 ) ;
#3971 = DIRECTION ( 'NONE',  ( 0.000000000000000000, 0.000000000000000000, 1.000000000000000000 ) ) ;
#3972 = ADVANCED_FACE ( 'NONE', ( #2425 ), #1088, .T. ) ;
#3973 = ORIENTED_EDGE ( 'NONE', *, *, #1729, .T. ) ;
#3974 = DIRECTION ( 'NONE',  ( 7.885106708985497909E-16, 0.000000000000000000, -1.000000000000000000 ) ) ;
#3975 = ORIENTED_EDGE ( 'NONE', *, *, #5439, .F. ) ;
#3976 = VECTOR ( 'NONE', #1181, 1000.000000000000000 ) ;
#3977 = ADVANCED_FACE ( 'NONE', ( #2743 ), #4170, .F. ) ;
#3978 = EDGE_CURVE ( 'NONE', #1003, #2216, #124, .T. ) ;
#3979 = AXIS2_PLACEMENT_3D ( 'NONE', #1408, #447, #5290 ) ;
#3980 = CARTESIAN_POINT ( 'NONE',  ( -0.7999999999999883871, 0.2000000000000000111, 1.274999999999999911 ) ) ;
#3981 = CARTESIAN_POINT ( 'NONE',  ( 1.475000000000000089, 0.000000000000000000, -1.050000000000000044 ) ) ;
#3982 = ORIENTED_EDGE ( 'NONE', *, *, #849, .F. ) ;
#3983 = ADVANCED_FACE ( 'NONE', ( #654 ), #1497, .F. ) ;
#3984 = AXIS2_PLACEMENT_3D ( 'NONE', #3548, #5690, #1720 ) ;
#3985 = VERTEX_POINT ( 'NONE', #5486 ) ;
#3986 = DIRECTION ( 'NONE',  ( 0.000000000000000000, -1.000000000000000000, 0.000000000000000000 ) ) ;
#3987 = DIRECTION ( 'NONE',  ( -1.000000000000000000, 0.000000000000000000, 0.000000000000000000 ) ) ;
#3988 = STYLED_ITEM ( 'NONE', ( #444 ), #1820 ) ;
#3989 = ORIENTED_EDGE ( 'NONE', *, *, #4877, .T. ) ;
#3990 = ADVANCED_FACE ( 'NONE', ( #3622 ), #1417, .F. ) ;
#3991 = VERTEX_POINT ( 'NONE', #1900 ) ;
#3992 = PLANE ( 'NONE',  #2835 ) ;
#3993 = CARTESIAN_POINT ( 'NONE',  ( 0.1499999999999999944, 0.000000000000000000, -0.6499999999999990230 ) ) ;
#3994 = CARTESIAN_POINT ( 'NONE',  ( 1.375000000000002665, 0.05000000000000000278, -2.168404344971014784E-15 ) ) ;
#3995 = ORIENTED_EDGE ( 'NONE', *, *, #5266, .T. ) ;
#3996 = FACE_OUTER_BOUND ( 'NONE', #1219, .T. ) ;
#3997 = CARTESIAN_POINT ( 'NONE',  ( -1.750000000000000000, 0.04999999999999999584, 0.4249999999999999889 ) ) ;
#3998 = FACE_OUTER_BOUND ( 'NONE', #3709, .T. ) ;
#3999 = CARTESIAN_POINT ( 'NONE',  ( -1.749999999999999778, 0.2000000000000000111, -0.1499999999999999944 ) ) ;
#4000 = LINE ( 'NONE', #1431, #1288 ) ;
#4001 = DIRECTION ( 'NONE',  ( -0.000000000000000000, -1.000000000000000000, -0.000000000000000000 ) ) ;
#4002 = EDGE_CURVE ( 'NONE', #3249, #1787, #3671, .T. ) ;
#4003 = DIRECTION ( 'NONE',  ( 0.000000000000000000, 0.000000000000000000, 1.000000000000000000 ) ) ;
#4004 = PLANE ( 'NONE',  #1004 ) ;
#4005 = VERTEX_POINT ( 'NONE', #3280 ) ;
#4006 = CARTESIAN_POINT ( 'NONE',  ( -1.749999999999999778, 0.2000000000000000111, -0.1499999999999999944 ) ) ;
#4007 = ORIENTED_EDGE ( 'NONE', *, *, #3708, .T. ) ;
#4008 = LINE ( 'NONE', #4410, #330 ) ;
#4009 = EDGE_CURVE ( 'NONE', #4291, #5411, #3176, .T. ) ;
#4010 = CARTESIAN_POINT ( 'NONE',  ( 1.749999999999999778, 0.2000000000000000111, -0.1499999999999999944 ) ) ;
#4011 = EDGE_LOOP ( 'NONE', ( #3791, #5728, #5194, #2855 ) ) ;
#4012 = EDGE_CURVE ( 'NONE', #5183, #2424, #542, .T. ) ;
#4013 = PLANE ( 'NONE',  #1384 ) ;
#4014 = CARTESIAN_POINT ( 'NONE',  ( 1.750000000000000222, 1.000000000000000000, 1.750000000000000222 ) ) ;
#4015 = ADVANCED_FACE ( 'NONE', ( #3644 ), #1442, .F. ) ;
#4016 = CARTESIAN_POINT ( 'NONE',  ( 0.6249999999999998890, 0.000000000000000000, -1.749999999999999556 ) ) ;
#4017 = ORIENTED_EDGE ( 'NONE', *, *, #154, .T. ) ;
#4018 = ORIENTED_EDGE ( 'NONE', *, *, #1116, .T. ) ;
#4019 = CARTESIAN_POINT ( 'NONE',  ( 1.750000000000000222, 0.05000000000000000278, 1.750000000000000222 ) ) ;
#4020 = CARTESIAN_POINT ( 'NONE',  ( 0.3749999999999998890, 0.000000000000000000, -1.749999999999999778 ) ) ;
#4021 = ORIENTED_EDGE ( 'NONE', *, *, #1305, .F. ) ;
#4022 = CARTESIAN_POINT ( 'NONE',  ( -0.7999999999999999334, 0.04999999999999999584, 0.4249999999999998779 ) ) ;
#4023 = VECTOR ( 'NONE', #735, 1000.000000000000000 ) ;
#4024 = LINE ( 'NONE', #172, #601 ) ;
#4025 = LINE ( 'NONE', #1755, #3268 ) ;
#4026 = ADVANCED_FACE ( 'NONE', ( #1007 ), #4552, .T. ) ;
#4027 = VECTOR ( 'NONE', #5254, 1000.000000000000000 ) ;
#4028 = LINE ( 'NONE', #2706, #4723 ) ;
#4029 = CARTESIAN_POINT ( 'NONE',  ( 1.750000000000000222, 0.05000000000000000278, 1.750000000000000222 ) ) ;
#4030 = DIRECTION ( 'NONE',  ( 9.035018104045870694E-17, 0.000000000000000000, 1.000000000000000000 ) ) ;
#4031 = CARTESIAN_POINT ( 'NONE',  ( 0.6249999999999998890, 0.2000000000000000111, -1.749999999999999556 ) ) ;
#4032 = VERTEX_POINT ( 'NONE', #3815 ) ;
#4033 = LINE ( 'NONE', #2710, #2461 ) ;
#4034 = ORIENTED_EDGE ( 'NONE', *, *, #5383, .F. ) ;
#4035 = AXIS2_PLACEMENT_3D ( 'NONE', #4540, #44, #2726 ) ;
#4036 = DIRECTION ( 'NONE',  ( -0.000000000000000000, -1.000000000000000000, -0.000000000000000000 ) ) ;
#4037 = PLANE ( 'NONE',  #2394 ) ;
#4038 = VERTEX_POINT ( 'NONE', #2943 ) ;
#4039 =( NAMED_UNIT ( * ) SI_UNIT ( $, .STERADIAN. ) SOLID_ANGLE_UNIT ( ) );
#4040 = LINE ( 'NONE', #484, #3764 ) ;
#4041 = DIRECTION ( 'NONE',  ( -1.000000000000000000, 0.000000000000000000, 8.673617379884035472E-16 ) ) ;
#4042 = ADVANCED_FACE ( 'NONE', ( #1633 ), #711, .F. ) ;
#4043 = ORIENTED_EDGE ( 'NONE', *, *, #2946, .T. ) ;
#4044 = EDGE_CURVE ( 'NONE', #2049, #4236, #3334, .T. ) ;
#4045 = EDGE_CURVE ( 'NONE', #4559, #3825, #5202, .T. ) ;
#4046 = VERTEX_POINT ( 'NONE', #4727 ) ;
#4047 = CARTESIAN_POINT ( 'NONE',  ( -1.750000000000000222, 0.04999999999999999584, -0.8000000000000000444 ) ) ;
#4048 = VERTEX_POINT ( 'NONE', #2072 ) ;
#4049 = DIRECTION ( 'NONE',  ( -1.577021341797098201E-15, 0.000000000000000000, -1.000000000000000000 ) ) ;
#4050 = DIRECTION ( 'NONE',  ( 0.000000000000000000, -1.000000000000000000, 0.000000000000000000 ) ) ;
#4051 = VECTOR ( 'NONE', #5211, 1000.000000000000000 ) ;
#4052 = CIRCLE ( 'NONE', #2288, 0.1514013321328433748 ) ;
#4053 = LINE ( 'NONE', #1781, #2852 ) ;
#4054 = VECTOR ( 'NONE', #4767, 1000.000000000000000 ) ;
#4055 = LINE ( 'NONE', #2684, #1192 ) ;
#4056 = CARTESIAN_POINT ( 'NONE',  ( -1.250000000000000000, 0.04999999999999999584, -1.474999999999999867 ) ) ;
#4057 = VECTOR ( 'NONE', #3534, 1000.000000000000000 ) ;
#4058 = EDGE_LOOP ( 'NONE', ( #3095, #3237, #1426, #3492 ) ) ;
#4059 = CARTESIAN_POINT ( 'NONE',  ( -1.749999999999994449, 0.2000000000000000111, 0.9749999999999999778 ) ) ;
#4060 = VECTOR ( 'NONE', #3129, 1000.000000000000000 ) ;
#4061 = ORIENTED_EDGE ( 'NONE', *, *, #4993, .T. ) ;
#4062 = MECHANICAL_DESIGN_GEOMETRIC_PRESENTATION_REPRESENTATION (  '', ( #4442 ), #2100 ) ;
#4063 = AXIS2_PLACEMENT_3D ( 'NONE', #157, #630, #102 ) ;
#4064 = VECTOR ( 'NONE', #842, 1000.000000000000000 ) ;
#4065 = CARTESIAN_POINT ( 'NONE',  ( -1.749999999999994449, 0.000000000000000000, 0.7249999999999999778 ) ) ;
#4066 = CARTESIAN_POINT ( 'NONE',  ( -1.749999999999988454, 0.04999999999999999584, 1.525000000000000133 ) ) ;
#4067 = ORIENTED_EDGE ( 'NONE', *, *, #4887, .T. ) ;
#4068 = VECTOR ( 'NONE', #171, 1000.000000000000000 ) ;
#4069 = CARTESIAN_POINT ( 'NONE',  ( 1.475000000000000089, 0.2000000000000000111, -1.050000000000000044 ) ) ;
#4070 = AXIS2_PLACEMENT_3D ( 'NONE', #2419, #4250, #5507 ) ;
#4071 = VECTOR ( 'NONE', #179, 1000.000000000000000 ) ;
#4072 = LINE ( 'NONE', #127, #11 ) ;
#4073 = LINE ( 'NONE', #3035, #4057 ) ;
#4074 = CARTESIAN_POINT ( 'NONE',  ( -0.2500000000000000000, 0.2000000000000000111, -1.474999999999999867 ) ) ;
#4075 = VECTOR ( 'NONE', #2650, 1000.000000000000000 ) ;
#4076 = EDGE_LOOP ( 'NONE', ( #2825, #1980, #1872, #2110 ) ) ;
#4077 = FACE_OUTER_BOUND ( 'NONE', #3130, .T. ) ;
#4078 = CARTESIAN_POINT ( 'NONE',  ( 0.7999999999999999334, 0.2000000000000000111, 0.4249999999999998779 ) ) ;
#4079 = EDGE_LOOP ( 'NONE', ( #4618, #1522, #3335, #4874 ) ) ;
#4080 = CARTESIAN_POINT ( 'NONE',  ( -1.350000000000000311, 0.05000000000000000278, -0.8000000000000000444 ) ) ;
#4081 = ADVANCED_FACE ( 'NONE', ( #2908 ), #2451, .F. ) ;
#4082 = CARTESIAN_POINT ( 'NONE',  ( 0.7999999999999999334, 0.000000000000000000, 0.4249999999999998779 ) ) ;
#4083 = SURFACE_SIDE_STYLE ('',( #2764 ) ) ;
#4084 = CARTESIAN_POINT ( 'NONE',  ( -0.7500000000000000000, 0.2000000000000000111, -1.474999999999999867 ) ) ;
#4085 = EDGE_CURVE ( 'NONE', #3952, #4847, #240, .T. ) ;
#4086 = FACE_OUTER_BOUND ( 'NONE', #673, .T. ) ;
#4087 = ORIENTED_EDGE ( 'NONE', *, *, #3939, .F. ) ;
#4088 = CARTESIAN_POINT ( 'NONE',  ( 0.7999999999999941602, 0.04999999999999999584, 0.9749999999999999778 ) ) ;
#4089 = VERTEX_POINT ( 'NONE', #1209 ) ;
#4090 = UNCERTAINTY_MEASURE_WITH_UNIT (LENGTH_MEASURE( 1.000000000000000082E-05 ), #1784, 'distance_accuracy_value', 'NONE');
#4091 = CARTESIAN_POINT ( 'NONE',  ( 0.7999999999999998224, 0.2000000000000000111, -0.5500000000000001554 ) ) ;
#4092 = DIRECTION ( 'NONE',  ( 7.885106708985497909E-16, 0.000000000000000000, -1.000000000000000000 ) ) ;
#4093 = ORIENTED_EDGE ( 'NONE', *, *, #2625, .T. ) ;
#4094 = DIRECTION ( 'NONE',  ( 1.000000000000000000, 0.000000000000000000, -0.000000000000000000 ) ) ;
#4095 = CARTESIAN_POINT ( 'NONE',  ( 1.750000000000000222, 1.000000000000000000, -1.749999999999999778 ) ) ;
#4096 = EDGE_CURVE ( 'NONE', #430, #15, #747, .T. ) ;
#4097 = CARTESIAN_POINT ( 'NONE',  ( 0.7999999999999883871, 0.2000000000000000111, 1.524999999999999911 ) ) ;
#4098 = CARTESIAN_POINT ( 'NONE',  ( 0.7500000000000000000, 0.000000000000000000, -1.474999999999999867 ) ) ;
#4099 = FACE_OUTER_BOUND ( 'NONE', #4536, .T. ) ;
#4100 = CARTESIAN_POINT ( 'NONE',  ( -1.475000000000000089, 0.2000000000000000111, -0.8000000000000000444 ) ) ;
#4101 = ORIENTED_EDGE ( 'NONE', *, *, #4214, .T. ) ;
#4102 = ORIENTED_EDGE ( 'NONE', *, *, #2080, .F. ) ;
#4103 = CARTESIAN_POINT ( 'NONE',  ( -0.4500000000000000111, 0.000000000000000000, -0.6499999999999990230 ) ) ;
#4104 = CARTESIAN_POINT ( 'NONE',  ( -1.749999999999988454, 0.2000000000000000111, 1.275000000000000133 ) ) ;
#4105 = ORIENTED_EDGE ( 'NONE', *, *, #5006, .F. ) ;
#4106 = CARTESIAN_POINT ( 'NONE',  ( 1.475000000000000089, 0.2000000000000000111, -0.9250000000000000444 ) ) ;
#4107 = DIRECTION ( 'NONE',  ( 1.000000000000000000, 0.000000000000000000, 2.282530889443167022E-16 ) ) ;
#4108 = EDGE_CURVE ( 'NONE', #2071, #3991, #5569, .T. ) ;
#4109 = DIRECTION ( 'NONE',  ( -0.000000000000000000, -1.000000000000000000, -0.000000000000000000 ) ) ;
#4110 = DIRECTION ( 'NONE',  ( 2.282530889443167022E-16, 0.000000000000000000, -1.000000000000000000 ) ) ;
#4111 = ORIENTED_EDGE ( 'NONE', *, *, #120, .F. ) ;
#4112 = LINE ( 'NONE', #118, #2552 ) ;
#4113 = ORIENTED_EDGE ( 'NONE', *, *, #4205, .T. ) ;
#4114 = EDGE_CURVE ( 'NONE', #3214, #995, #1231, .T. ) ;
#4115 = EDGE_CURVE ( 'NONE', #3434, #3916, #1141, .T. ) ;
#4116 = EDGE_CURVE ( 'NONE', #1233, #4586, #2046, .T. ) ;
#4117 = LINE ( 'NONE', #2289, #5699 ) ;
#4118 = CARTESIAN_POINT ( 'NONE',  ( 1.749999999999999778, 0.000000000000000000, -0.1499999999999999944 ) ) ;
#4119 = DIRECTION ( 'NONE',  ( 0.000000000000000000, 0.000000000000000000, 1.000000000000000000 ) ) ;
#4120 = CARTESIAN_POINT ( 'NONE',  ( -1.394229623805780305, 0.9000000000000000222, -1.224483165043916300 ) ) ;
#4121 = DIRECTION ( 'NONE',  ( 0.000000000000000000, -0.000000000000000000, 1.000000000000000000 ) ) ;
#4122 = FILL_AREA_STYLE_COLOUR ( '', #1538 ) ;
#4123 = EDGE_LOOP ( 'NONE', ( #1261, #1328, #1984, #465 ) ) ;
#4124 = ORIENTED_EDGE ( 'NONE', *, *, #628, .F. ) ;
#4125 = CARTESIAN_POINT ( 'NONE',  ( -0.7999999999999941602, 0.2000000000000000111, 0.7249999999999999778 ) ) ;
#4126 = MECHANICAL_DESIGN_GEOMETRIC_PRESENTATION_REPRESENTATION (  '', ( #1991 ), #3271 ) ;
#4127 = VERTEX_POINT ( 'NONE', #3365 ) ;
#4128 = DIRECTION ( 'NONE',  ( 0.000000000000000000, -1.000000000000000000, 0.000000000000000000 ) ) ;
#4129 = DIRECTION ( 'NONE',  ( -2.282530889443167022E-16, 0.000000000000000000, 1.000000000000000000 ) ) ;
#4130 = SURFACE_SIDE_STYLE ('',( #2360 ) ) ;
#4131 = CARTESIAN_POINT ( 'NONE',  ( -0.8750000000000001110, 0.2000000000000000111, -1.749999999999999556 ) ) ;
#4132 = ORIENTED_EDGE ( 'NONE', *, *, #5545, .T. ) ;
#4133 = LINE ( 'NONE', #5022, #5068 ) ;
#4134 = AXIS2_PLACEMENT_3D ( 'NONE', #5055, #5515, #2879 ) ;
#4135 = DIRECTION ( 'NONE',  ( -1.000000000000000000, 0.000000000000000000, 1.577021341797098398E-15 ) ) ;
#4136 = UNCERTAINTY_MEASURE_WITH_UNIT (LENGTH_MEASURE( 1.000000000000000082E-05 ), #3694, 'distance_accuracy_value', 'NONE');
#4137 = VECTOR ( 'NONE', #5528, 1000.000000000000000 ) ;
#4138 = AXIS2_PLACEMENT_3D ( 'NONE', #3044, #1250, #5716 ) ;
#4139 = CARTESIAN_POINT ( 'NONE',  ( -0.1499999999999999944, 0.2000000000000000111, -0.6499999999999991340 ) ) ;
#4140 = DIRECTION ( 'NONE',  ( 0.000000000000000000, -1.000000000000000000, 0.000000000000000000 ) ) ;
#4141 = CARTESIAN_POINT ( 'NONE',  ( 0.1499999999999999944, 0.2000000000000000111, -0.6499999999999990230 ) ) ;
#4142 = ADVANCED_FACE ( 'NONE', ( #3842 ), #4751, .T. ) ;
#4143 = AXIS2_PLACEMENT_3D ( 'NONE', #3000, #4262, #2023 ) ;
#4144 = ADVANCED_FACE ( 'NONE', ( #1667 ), #3788, .T. ) ;
#4145 = AXIS2_PLACEMENT_3D ( 'NONE', #787, #5157, #758 ) ;
#4146 = CARTESIAN_POINT ( 'NONE',  ( 0.2500000000000000000, 0.2000000000000000111, -1.474999999999999867 ) ) ;
#4147 = LINE ( 'NONE', #1062, #993 ) ;
#4148 = VECTOR ( 'NONE', #1421, 1000.000000000000000 ) ;
#4149 = EDGE_LOOP ( 'NONE', ( #4795, #727, #4935, #1338 ) ) ;
#4150 = SURFACE_SIDE_STYLE ('',( #2749 ) ) ;
#4151 = AXIS2_PLACEMENT_3D ( 'NONE', #5058, #2799, #5026 ) ;
#4152 = EDGE_CURVE ( 'NONE', #5628, #3889, #803, .T. ) ;
#4153 = ORIENTED_EDGE ( 'NONE', *, *, #5706, .F. ) ;
#4154 = CIRCLE ( 'NONE', #3495, 0.1250000000000003331 ) ;
#4155 = ORIENTED_EDGE ( 'NONE', *, *, #372, .T. ) ;
#4156 = CARTESIAN_POINT ( 'NONE',  ( -1.394229623805780305, 1.000000000000000000, -1.224483165043916300 ) ) ;
#4157 = VECTOR ( 'NONE', #4140, 1000.000000000000000 ) ;
#4158 = VERTEX_POINT ( 'NONE', #2484 ) ;
#4159 = DIRECTION ( 'NONE',  ( -0.000000000000000000, -1.000000000000000000, -0.000000000000000000 ) ) ;
#4160 = CARTESIAN_POINT ( 'NONE',  ( 0.7999999999999883871, 0.2000000000000000111, 1.274999999999999911 ) ) ;
#4161 = EDGE_CURVE ( 'NONE', #5187, #1948, #4352, .T. ) ;
#4162 = ORIENTED_EDGE ( 'NONE', *, *, #5439, .T. ) ;
#4163 = CARTESIAN_POINT ( 'NONE',  ( -0.7999999999999883871, 0.05000000000000000278, 0.000000000000000000 ) ) ;
#4164 = ORIENTED_EDGE ( 'NONE', *, *, #4569, .T. ) ;
#4165 = CARTESIAN_POINT ( 'NONE',  ( 0.3750000000000003331, 0.000000000000000000, -1.474999999999999867 ) ) ;
#4166 = ORIENTED_EDGE ( 'NONE', *, *, #3246, .F. ) ;
#4167 = CARTESIAN_POINT ( 'NONE',  ( 0.7999999999999883871, 0.2000000000000000111, 1.274999999999999911 ) ) ;
#4168 = DIRECTION ( 'NONE',  ( 0.000000000000000000, 1.000000000000000000, 0.000000000000000000 ) ) ;
#4169 = ORIENTED_EDGE ( 'NONE', *, *, #4877, .F. ) ;
#4170 = PLANE ( 'NONE',  #4151 ) ;
#4171 = VERTEX_POINT ( 'NONE', #4657 ) ;
#4172 = DIRECTION ( 'NONE',  ( 0.000000000000000000, 0.000000000000000000, -1.000000000000000000 ) ) ;
#4173 = DIRECTION ( 'NONE',  ( 0.000000000000000000, 0.000000000000000000, -1.000000000000000000 ) ) ;
#4174 = ADVANCED_FACE ( 'NONE', ( #1553 ), #680, .F. ) ;
#4175 = FACE_OUTER_BOUND ( 'NONE', #13, .T. ) ;
#4176 = DIRECTION ( 'NONE',  ( 0.000000000000000000, -0.000000000000000000, 1.000000000000000000 ) ) ;
#4177 = VERTEX_POINT ( 'NONE', #3945 ) ;
#4178 = EDGE_CURVE ( 'NONE', #4953, #301, #1295, .T. ) ;
#4179 = ORIENTED_EDGE ( 'NONE', *, *, #4822, .T. ) ;
#4180 = DIRECTION ( 'NONE',  ( 0.000000000000000000, -0.000000000000000000, 1.000000000000000000 ) ) ;
#4181 = ORIENTED_EDGE ( 'NONE', *, *, #2984, .F. ) ;
#4182 = CARTESIAN_POINT ( 'NONE',  ( -0.7999999999999998224, 0.2000000000000000111, -0.5500000000000001554 ) ) ;
#4183 = CARTESIAN_POINT ( 'NONE',  ( 0.7999999999999998224, 0.2000000000000000111, -0.1500000000000000777 ) ) ;
#4184 = EDGE_CURVE ( 'NONE', #5277, #5293, #2199, .T. ) ;
#4185 = CARTESIAN_POINT ( 'NONE',  ( -0.8750000000000003331, 0.000000000000000000, -1.474999999999999867 ) ) ;
#4186 = ORIENTED_EDGE ( 'NONE', *, *, #5372, .F. ) ;
#4187 = CARTESIAN_POINT ( 'NONE',  ( -1.124999999999999778, 0.2000000000000000111, -1.474999999999999867 ) ) ;
#4188 = ORIENTED_EDGE ( 'NONE', *, *, #1136, .F. ) ;
#4189 = DIRECTION ( 'NONE',  ( 1.000000000000000000, 0.000000000000000000, 7.885106708985497909E-16 ) ) ;
#4190 = UNCERTAINTY_MEASURE_WITH_UNIT (LENGTH_MEASURE( 1.000000000000000082E-05 ), #4459, 'distance_accuracy_value', 'NONE');
#4191 = CARTESIAN_POINT ( 'NONE',  ( -1.750000000000000222, 0.2000000000000000111, -1.050000000000000044 ) ) ;
#4192 = CARTESIAN_POINT ( 'NONE',  ( -0.7999999999999883871, 0.2000000000000000111, 1.524999999999999911 ) ) ;
#4193 = CARTESIAN_POINT ( 'NONE',  ( -1.350000000000000311, 0.2000000000000000111, -0.8000000000000000444 ) ) ;
#4194 = VECTOR ( 'NONE', #3872, 1000.000000000000000 ) ;
#4195 = ORIENTED_EDGE ( 'NONE', *, *, #2163, .T. ) ;
#4196 = DIRECTION ( 'NONE',  ( -1.000000000000000000, 0.000000000000000000, 0.000000000000000000 ) ) ;
#4197 = LINE ( 'NONE', #4782, #4336 ) ;
#4198 = LINE ( 'NONE', #4508, #2666 ) ;
#4199 = VERTEX_POINT ( 'NONE', #835 ) ;
#4200 = FILL_AREA_STYLE ('',( #1502 ) ) ;
#4201 = ORIENTED_EDGE ( 'NONE', *, *, #3244, .F. ) ;
#4202 = VECTOR ( 'NONE', #311, 1000.000000000000000 ) ;
#4203 = EDGE_LOOP ( 'NONE', ( #4155, #3417, #1748, #783 ) ) ;
#4204 =( NAMED_UNIT ( * ) SI_UNIT ( $, .STERADIAN. ) SOLID_ANGLE_UNIT ( ) );
#4205 = EDGE_CURVE ( 'NONE', #5281, #602, #4052, .T. ) ;
#4206 = LINE ( 'NONE', #3637, #983 ) ;
#4207 = ORIENTED_EDGE ( 'NONE', *, *, #981, .F. ) ;
#4208 = DIRECTION ( 'NONE',  ( -1.000000000000000000, 0.000000000000000000, 1.239088197126290817E-16 ) ) ;
#4209 = EDGE_CURVE ( 'NONE', #4212, #4371, #4406, .T. ) ;
#4210 = DIRECTION ( 'NONE',  ( -0.000000000000000000, -1.000000000000000000, -0.000000000000000000 ) ) ;
#4211 = EDGE_CURVE ( 'NONE', #360, #1802, #2657, .T. ) ;
#4212 = VERTEX_POINT ( 'NONE', #2623 ) ;
#4213 = CARTESIAN_POINT ( 'NONE',  ( 0.1249999999999996808, 0.2000000000000000111, -1.474999999999999867 ) ) ;
#4214 = EDGE_CURVE ( 'NONE', #984, #5645, #2233, .T. ) ;
#4215 = CLOSED_SHELL ( 'NONE', ( #5689, #1613, #3251, #5419, #1734, #2184 ) ) ;
#4216 = SURFACE_STYLE_FILL_AREA ( #1489 ) ;
#4217 = ORIENTED_EDGE ( 'NONE', *, *, #1479, .F. ) ;
#4218 = CARTESIAN_POINT ( 'NONE',  ( 1.750000000000000222, 0.000000000000000000, -1.050000000000000044 ) ) ;
#4219 = ADVANCED_FACE ( 'NONE', ( #5225 ), #1259, .T. ) ;
#4220 = ORIENTED_EDGE ( 'NONE', *, *, #2301, .T. ) ;
#4221 = CARTESIAN_POINT ( 'NONE',  ( 0.1499999999999999944, 0.2000000000000000111, -0.6499999999999990230 ) ) ;
#4222 = DIRECTION ( 'NONE',  ( -1.000000000000000000, 0.000000000000000000, 0.000000000000000000 ) ) ;
#4223 = DIRECTION ( 'NONE',  ( 1.000000000000000000, 0.000000000000000000, 0.000000000000000000 ) ) ;
#4224 = ORIENTED_EDGE ( 'NONE', *, *, #1051, .T. ) ;
#4225 = CARTESIAN_POINT ( 'NONE',  ( -0.8750000000000001110, 0.2000000000000000111, -1.749999999999999556 ) ) ;
#4226 = ORIENTED_EDGE ( 'NONE', *, *, #5234, .T. ) ;
#4227 = VECTOR ( 'NONE', #665, 1000.000000000000000 ) ;
#4228 = ADVANCED_FACE ( 'NONE', ( #5262 ), #1727, .F. ) ;
#4229 = VECTOR ( 'NONE', #3356, 1000.000000000000000 ) ;
#4230 = CARTESIAN_POINT ( 'NONE',  ( -0.7999999999999999334, 0.2000000000000000111, 0.4249999999999998779 ) ) ;
#4231 = CARTESIAN_POINT ( 'NONE',  ( 1.475000000000000089, 0.000000000000000000, -0.9250000000000000444 ) ) ;
#4232 = FACE_OUTER_BOUND ( 'NONE', #3473, .T. ) ;
#4233 = AXIS2_PLACEMENT_3D ( 'NONE', #4074, #2268, #4387 ) ;
#4234 = AXIS2_PLACEMENT_3D ( 'NONE', #2767, #5477, #5505 ) ;
#4235 = VECTOR ( 'NONE', #2778, 1000.000000000000000 ) ;
#4236 = VERTEX_POINT ( 'NONE', #3493 ) ;
#4237 = AXIS2_PLACEMENT_3D ( 'NONE', #2457, #3343, #5611 ) ;
#4238 = DIRECTION ( 'NONE',  ( 0.000000000000000000, -0.000000000000000000, -1.000000000000000000 ) ) ;
#4239 = LINE ( 'NONE', #4434, #4759 ) ;
#4240 = LINE ( 'NONE', #3143, #5332 ) ;
#4241 = ORIENTED_EDGE ( 'NONE', *, *, #2925, .F. ) ;
#4242 = FACE_OUTER_BOUND ( 'NONE', #1052, .T. ) ;
#4243 = CIRCLE ( 'NONE', #4708, 0.1250000000000003331 ) ;
#4244 = CYLINDRICAL_SURFACE ( 'NONE', #5532, 0.1250000000000001110 ) ;
#4245 = VERTEX_POINT ( 'NONE', #4006 ) ;
#4246 = VECTOR ( 'NONE', #1932, 1000.000000000000000 ) ;
#4247 = PRESENTATION_STYLE_ASSIGNMENT (( #4741 ) ) ;
#4248 = EDGE_CURVE ( 'NONE', #2608, #1802, #5292, .T. ) ;
#4249 = ORIENTED_EDGE ( 'NONE', *, *, #4479, .T. ) ;
#4250 = DIRECTION ( 'NONE',  ( 0.000000000000000000, 0.000000000000000000, -1.000000000000000000 ) ) ;
#4251 = PRODUCT ( 'RNN18', 'RNN18', '', ( #5536 ) ) ;
#4252 = VECTOR ( 'NONE', #88, 1000.000000000000000 ) ;
#4253 = EDGE_CURVE ( 'NONE', #3918, #4005, #4033, .T. ) ;
#4254 = LINE ( 'NONE', #2449, #4326 ) ;
#4255 = CARTESIAN_POINT ( 'NONE',  ( 0.7999999999999999334, 0.2000000000000000111, 0.1749999999999998501 ) ) ;
#4256 = ORIENTED_EDGE ( 'NONE', *, *, #2889, .T. ) ;
#4257 = CARTESIAN_POINT ( 'NONE',  ( -1.350000000000000311, 0.2000000000000000111, -0.8000000000000000444 ) ) ;
#4258 = ORIENTED_EDGE ( 'NONE', *, *, #1195, .T. ) ;
#4259 = VERTEX_POINT ( 'NONE', #358 ) ;
#4260 = PRESENTATION_LAYER_ASSIGNMENT (  '', '', ( #5272 ) ) ;
#4261 = CARTESIAN_POINT ( 'NONE',  ( 0.1249999999999998890, 0.000000000000000000, -1.749999999999999556 ) ) ;
#4262 = DIRECTION ( 'NONE',  ( 0.000000000000000000, 1.000000000000000000, 0.000000000000000000 ) ) ;
#4263 = DIRECTION ( 'NONE',  ( 0.000000000000000000, 0.000000000000000000, -1.000000000000000000 ) ) ;
#4264 = ORIENTED_EDGE ( 'NONE', *, *, #3745, .T. ) ;
#4265 = LINE ( 'NONE', #277, #3766 ) ;
#4266 = ADVANCED_FACE ( 'NONE', ( #27 ), #2688, .F. ) ;
#4267 = ORIENTED_EDGE ( 'NONE', *, *, #814, .T. ) ;
#4268 = DIRECTION ( 'NONE',  ( 0.000000000000000000, 1.000000000000000000, -0.000000000000000000 ) ) ;
#4269 = CARTESIAN_POINT ( 'NONE',  ( 1.749999999999988454, 0.04999999999999999584, 1.525000000000000133 ) ) ;
#4270 = DIRECTION ( 'NONE',  ( 0.000000000000000000, -1.000000000000000000, 0.000000000000000000 ) ) ;
#4271 = ORIENTED_EDGE ( 'NONE', *, *, #3532, .T. ) ;
#4272 = CARTESIAN_POINT ( 'NONE',  ( -0.7999999999999998224, 0.04999999999999999584, -0.1500000000000000777 ) ) ;
#4273 = DIRECTION ( 'NONE',  ( 0.000000000000000000, 0.000000000000000000, -1.000000000000000000 ) ) ;
#4274 = ADVANCED_FACE ( 'NONE', ( #1786 ), #416, .T. ) ;
#4275 = CARTESIAN_POINT ( 'NONE',  ( 0.4499999999999997891, 0.000000000000000000, 1.750000000000000666 ) ) ;
#4276 = ORIENTED_EDGE ( 'NONE', *, *, #2857, .T. ) ;
#4277 = FACE_OUTER_BOUND ( 'NONE', #175, .T. ) ;
#4278 = CARTESIAN_POINT ( 'NONE',  ( -1.350000000000000311, 0.2000000000000000111, -1.050000000000000044 ) ) ;
#4279 = ORIENTED_EDGE ( 'NONE', *, *, #3032, .T. ) ;
#4280 = CARTESIAN_POINT ( 'NONE',  ( -1.283923625311783083E-17, 0.05000000000000000278, -0.1500000000000001610 ) ) ;
#4281 = FACE_OUTER_BOUND ( 'NONE', #1040, .T. ) ;
#4282 = CARTESIAN_POINT ( 'NONE',  ( -1.749999999999999778, 1.000000000000000000, -1.749999999999999334 ) ) ;
#4283 = LINE ( 'NONE', #3483, #219 ) ;
#4284 = EDGE_CURVE ( 'NONE', #3015, #388, #5729, .T. ) ;
#4285 = FACE_OUTER_BOUND ( 'NONE', #335, .T. ) ;
#4286 = CARTESIAN_POINT ( 'NONE',  ( -0.1250000000000001110, 0.2000000000000000111, -1.749999999999999778 ) ) ;
#4287 = ADVANCED_FACE ( 'NONE', ( #1390 ), #4922, .T. ) ;
#4288 = ORIENTED_EDGE ( 'NONE', *, *, #1920, .F. ) ;
#4289 = CARTESIAN_POINT ( 'NONE',  ( -0.7999999999999883871, 0.2000000000000000111, 1.524999999999999911 ) ) ;
#4290 = ADVANCED_FACE ( 'NONE', ( #4467 ), #1694, .F. ) ;
#4291 = VERTEX_POINT ( 'NONE', #5426 ) ;
#4292 = EDGE_LOOP ( 'NONE', ( #3087, #2200, #3747, #1172 ) ) ;
#4293 = ADVANCED_FACE ( 'NONE', ( #3250 ), #176, .T. ) ;
#4294 = CARTESIAN_POINT ( 'NONE',  ( 0.7999999999999941602, 0.2000000000000000111, 0.7249999999999999778 ) ) ;
#4295 = LINE ( 'NONE', #3029, #244 ) ;
#4296 = ORIENTED_EDGE ( 'NONE', *, *, #148, .F. ) ;
#4297 = ORIENTED_EDGE ( 'NONE', *, *, #3369, .F. ) ;
#4298 = DIRECTION ( 'NONE',  ( 0.000000000000000000, -1.000000000000000000, 0.000000000000000000 ) ) ;
#4299 = LINE ( 'NONE', #3610, #5443 ) ;
#4300 = CYLINDRICAL_SURFACE ( 'NONE', #1732, 0.1250000000000003331 ) ;
#4301 = ORIENTED_EDGE ( 'NONE', *, *, #1122, .T. ) ;
#4302 = VECTOR ( 'NONE', #1248, 1000.000000000000000 ) ;
#4303 = CARTESIAN_POINT ( 'NONE',  ( -1.750000000000000000, 0.2000000000000000111, 0.1749999999999999611 ) ) ;
#4304 = ORIENTED_EDGE ( 'NONE', *, *, #567, .T. ) ;
#4305 = DIRECTION ( 'NONE',  ( 1.577021341797098398E-15, 0.000000000000000000, 1.000000000000000000 ) ) ;
#4306 = DIRECTION ( 'NONE',  ( -1.000000000000000000, 0.000000000000000000, 0.000000000000000000 ) ) ;
#4307 = DIRECTION ( 'NONE',  ( 7.905640841040137320E-17, 0.000000000000000000, 1.000000000000000000 ) ) ;
#4308 = VECTOR ( 'NONE', #5417, 1000.000000000000000 ) ;
#4309 = EDGE_LOOP ( 'NONE', ( #5367, #1241, #359, #3393 ) ) ;
#4310 = CARTESIAN_POINT ( 'NONE',  ( -1.749999999999999778, 0.2000000000000000111, -0.5500000000000000444 ) ) ;
#4311 = VECTOR ( 'NONE', #4210, 1000.000000000000000 ) ;
#4312 = LINE ( 'NONE', #317, #637 ) ;
#4313 = LINE ( 'NONE', #4748, #3472 ) ;
#4314 = PLANE ( 'NONE',  #155 ) ;
#4315 = VERTEX_POINT ( 'NONE', #586 ) ;
#4316 = CARTESIAN_POINT ( 'NONE',  ( -1.750000000000000222, 0.2000000000000000111, -1.050000000000000044 ) ) ;
#4317 = AXIS2_PLACEMENT_3D ( 'NONE', #2364, #4135, #145 ) ;
#4318 = ORIENTED_EDGE ( 'NONE', *, *, #2701, .T. ) ;
#4319 = EDGE_LOOP ( 'NONE', ( #959, #2850, #1487, #181 ) ) ;
#4320 = EDGE_CURVE ( 'NONE', #1222, #4860, #1031, .T. ) ;
#4321 = DIRECTION ( 'NONE',  ( 0.000000000000000000, 0.000000000000000000, 1.000000000000000000 ) ) ;
#4322 = ADVANCED_FACE ( 'NONE', ( #535 ), #3228, .F. ) ;
#4323 = CARTESIAN_POINT ( 'NONE',  ( 0.7999999999999998224, 0.2000000000000000111, -0.5500000000000001554 ) ) ;
#4324 = EDGE_LOOP ( 'NONE', ( #4769, #28, #3506, #943 ) ) ;
#4325 = EDGE_CURVE ( 'NONE', #205, #1428, #4133, .T. ) ;
#4326 = VECTOR ( 'NONE', #4222, 1000.000000000000000 ) ;
#4327 = VECTOR ( 'NONE', #261, 1000.000000000000000 ) ;
#4328 = ORIENTED_EDGE ( 'NONE', *, *, #755, .F. ) ;
#4329 = DIRECTION ( 'NONE',  ( -1.000000000000000000, 0.000000000000000000, 1.577021341797098398E-15 ) ) ;
#4330 = EDGE_CURVE ( 'NONE', #4738, #3034, #3720, .T. ) ;
#4331 = VECTOR ( 'NONE', #3630, 1000.000000000000000 ) ;
#4332 = CARTESIAN_POINT ( 'NONE',  ( -1.125000000000000222, 0.000000000000000000, -1.749999999999999778 ) ) ;
#4333 = PRESENTATION_LAYER_ASSIGNMENT (  '', '', ( #5708 ) ) ;
#4334 = ORIENTED_EDGE ( 'NONE', *, *, #4794, .F. ) ;
#4335 = CARTESIAN_POINT ( 'NONE',  ( -0.1499999999999998002, 0.2000000000000000111, 1.750000000000000666 ) ) ;
#4336 = VECTOR ( 'NONE', #3794, 1000.000000000000000 ) ;
#4337 = AXIS2_PLACEMENT_3D ( 'NONE', #2322, #3233, #2856 ) ;
#4338 = VERTEX_POINT ( 'NONE', #4567 ) ;
#4339 = CARTESIAN_POINT ( 'NONE',  ( 0.000000000000000000, 0.000000000000000000, 0.000000000000000000 ) ) ;
#4340 = CARTESIAN_POINT ( 'NONE',  ( 1.749999999999994449, 0.2000000000000000111, 0.7249999999999999778 ) ) ;
#4341 = VECTOR ( 'NONE', #5231, 1000.000000000000000 ) ;
#4342 = VERTEX_POINT ( 'NONE', #5479 ) ;
#4343 = LINE ( 'NONE', #4770, #1358 ) ;
#4344 = CARTESIAN_POINT ( 'NONE',  ( 0.000000000000000000, 0.000000000000000000, 0.000000000000000000 ) ) ;
#4345 = CARTESIAN_POINT ( 'NONE',  ( 1.750000000000000222, 0.05000000000000000278, 1.750000000000000222 ) ) ;
#4346 = ADVANCED_FACE ( 'NONE', ( #3697 ), #1925, .F. ) ;
#4347 = VECTOR ( 'NONE', #2259, 1000.000000000000000 ) ;
#4348 = PLANE ( 'NONE',  #2579 ) ;
#4349 = DIRECTION ( 'NONE',  ( -0.000000000000000000, -1.000000000000000000, -0.000000000000000000 ) ) ;
#4350 = LINE ( 'NONE', #3491, #249 ) ;
#4351 = ORIENTED_EDGE ( 'NONE', *, *, #5087, .T. ) ;
#4352 = LINE ( 'NONE', #1990, #4512 ) ;
#4353 = VERTEX_POINT ( 'NONE', #4165 ) ;
#4354 = EDGE_LOOP ( 'NONE', ( #5672, #4652, #228, #4318 ) ) ;
#4355 = AXIS2_PLACEMENT_3D ( 'NONE', #4429, #441, #829 ) ;
#4356 = AXIS2_PLACEMENT_3D ( 'NONE', #716, #2948, #5114 ) ;
#4357 = LINE ( 'NONE', #1764, #714 ) ;
#4358 = AXIS2_PLACEMENT_3D ( 'NONE', #1430, #3191, #578 ) ;
#4359 = CARTESIAN_POINT ( 'NONE',  ( -0.7999999999999998224, 0.000000000000000000, -0.5500000000000001554 ) ) ;
#4360 = ORIENTED_EDGE ( 'NONE', *, *, #5473, .F. ) ;
#4361 = CARTESIAN_POINT ( 'NONE',  ( -0.6250000000000001110, 0.2000000000000000111, -1.749999999999999778 ) ) ;
#4362 = ADVANCED_FACE ( 'NONE', ( #1515 ), #5454, .T. ) ;
#4363 = EDGE_LOOP ( 'NONE', ( #2344, #670, #1187, #4481 ) ) ;
#4364 = PLANE ( 'NONE',  #4791 ) ;
#4365 = DIRECTION ( 'NONE',  ( -1.000000000000000000, 0.000000000000000000, 1.577021341797098398E-15 ) ) ;
#4366 = EDGE_LOOP ( 'NONE', ( #3255, #2598, #5366, #3336 ) ) ;
#4367 = EDGE_CURVE ( 'NONE', #110, #640, #616, .T. ) ;
#4368 = ORIENTED_EDGE ( 'NONE', *, *, #5306, .F. ) ;
#4369 = LINE ( 'NONE', #375, #1981 ) ;
#4370 = DIRECTION ( 'NONE',  ( 0.000000000000000000, -0.000000000000000000, 1.000000000000000000 ) ) ;
#4371 = VERTEX_POINT ( 'NONE', #3274 ) ;
#4372 = CARTESIAN_POINT ( 'NONE',  ( 0.7999999999999999334, 0.2000000000000000111, 0.1749999999999998501 ) ) ;
#4373 = FILL_AREA_STYLE_COLOUR ( '', #4580 ) ;
#4374 = DIRECTION ( 'NONE',  ( -1.000000000000000000, 0.000000000000000000, -0.000000000000000000 ) ) ;
#4375 = LINE ( 'NONE', #382, #5362 ) ;
#4376 = PLANE ( 'NONE',  #543 ) ;
#4377 = FACE_OUTER_BOUND ( 'NONE', #3330, .T. ) ;
#4378 = PLANE ( 'NONE',  #1280 ) ;
#4379 = VERTEX_POINT ( 'NONE', #500 ) ;
#4380 = DIRECTION ( 'NONE',  ( 1.000000000000000000, 0.000000000000000000, -8.673617379884035472E-16 ) ) ;
#4381 = ORIENTED_EDGE ( 'NONE', *, *, #830, .F. ) ;
#4382 = DIRECTION ( 'NONE',  ( 0.000000000000000000, -1.000000000000000000, 0.000000000000000000 ) ) ;
#4383 = DIRECTION ( 'NONE',  ( -1.000000000000000000, -0.000000000000000000, -1.141265444721583757E-16 ) ) ;
#4384 = ORIENTED_EDGE ( 'NONE', *, *, #1443, .T. ) ;
#4385 = ORIENTED_EDGE ( 'NONE', *, *, #5541, .T. ) ;
#4386 = PLANE ( 'NONE',  #3018 ) ;
#4387 = DIRECTION ( 'NONE',  ( 0.000000000000000000, 0.000000000000000000, 1.000000000000000000 ) ) ;
#4388 = VERTEX_POINT ( 'NONE', #5396 ) ;
#4389 = CIRCLE ( 'NONE', #3345, 0.1250000000000003331 ) ;
#4390 = EDGE_CURVE ( 'NONE', #467, #1956, #3169, .T. ) ;
#4391 = ORIENTED_EDGE ( 'NONE', *, *, #5596, .F. ) ;
#4392 = CARTESIAN_POINT ( 'NONE',  ( 1.750000000000000222, 0.2000000000000000111, -0.8000000000000000444 ) ) ;
#4393 = LINE ( 'NONE', #3834, #3555 ) ;
#4394 = DIRECTION ( 'NONE',  ( 0.000000000000000000, 0.000000000000000000, 1.000000000000000000 ) ) ;
#4395 = EDGE_CURVE ( 'NONE', #4646, #5163, #1410, .T. ) ;
#4396 = ORIENTED_EDGE ( 'NONE', *, *, #222, .F. ) ;
#4397 = LINE ( 'NONE', #4852, #2656 ) ;
#4398 = DIRECTION ( 'NONE',  ( -1.000000000000000000, -0.000000000000000000, -1.141265444721583511E-16 ) ) ;
#4399 = CARTESIAN_POINT ( 'NONE',  ( -1.124999999999997335, 0.05000000000000000278, 1.774149009521731409E-15 ) ) ;
#4400 = EDGE_CURVE ( 'NONE', #1108, #1845, #3614, .T. ) ;
#4401 = CARTESIAN_POINT ( 'NONE',  ( -0.7999999999999941602, 0.000000000000000000, 0.9749999999999999778 ) ) ;
#4402 = FACE_OUTER_BOUND ( 'NONE', #2636, .T. ) ;
#4403 = CARTESIAN_POINT ( 'NONE',  ( -0.7500000000000000000, 0.04999999999999999584, -1.474999999999999867 ) ) ;
#4404 = EDGE_CURVE ( 'NONE', #877, #2048, #93, .T. ) ;
#4405 = EDGE_LOOP ( 'NONE', ( #1622, #1861, #297, #1578 ) ) ;
#4406 = LINE ( 'NONE', #1814, #3757 ) ;
#4407 = ORIENTED_EDGE ( 'NONE', *, *, #2759, .T. ) ;
#4408 = VECTOR ( 'NONE', #3245, 1000.000000000000000 ) ;
#4409 = VERTEX_POINT ( 'NONE', #4088 ) ;
#4410 = CARTESIAN_POINT ( 'NONE',  ( 0.3750000000000003331, 0.2000000000000000111, -1.474999999999999867 ) ) ;
#4411 = CLOSED_SHELL ( 'NONE', ( #819, #1747, #3070, #8, #3678, #3538 ) ) ;
#4412 = DIRECTION ( 'NONE',  ( -0.000000000000000000, -0.000000000000000000, -1.000000000000000000 ) ) ;
#4413 = ORIENTED_EDGE ( 'NONE', *, *, #4115, .T. ) ;
#4414 = SURFACE_STYLE_FILL_AREA ( #1853 ) ;
#4415 = EDGE_CURVE ( 'NONE', #2201, #5176, #1871, .T. ) ;
#4416 = ORIENTED_EDGE ( 'NONE', *, *, #4161, .F. ) ;
#4417 = LINE ( 'NONE', #425, #5341 ) ;
#4418 = CARTESIAN_POINT ( 'NONE',  ( 0.8749999999999998890, 0.2000000000000000111, -1.749999999999999778 ) ) ;
#4419 = DIRECTION ( 'NONE',  ( -9.035018104045870694E-17, 0.000000000000000000, -1.000000000000000000 ) ) ;
#4420 = ORIENTED_EDGE ( 'NONE', *, *, #2993, .T. ) ;
#4421 = VECTOR ( 'NONE', #3278, 1000.000000000000000 ) ;
#4422 = VERTEX_POINT ( 'NONE', #2769 ) ;
#4423 = VECTOR ( 'NONE', #828, 1000.000000000000000 ) ;
#4424 = DIRECTION ( 'NONE',  ( -1.000000000000000000, 0.000000000000000000, 8.673617379884035472E-16 ) ) ;
#4425 = DIRECTION ( 'NONE',  ( -1.577021341797098201E-15, 0.000000000000000000, -1.000000000000000000 ) ) ;
#4426 = ORIENTED_EDGE ( 'NONE', *, *, #2632, .F. ) ;
#4427 = LINE ( 'NONE', #439, #610 ) ;
#4428 = VECTOR ( 'NONE', #3291, 1000.000000000000000 ) ;
#4429 = CARTESIAN_POINT ( 'NONE',  ( 0.000000000000000000, 0.2000000000000000111, 0.000000000000000000 ) ) ;
#4430 = EDGE_CURVE ( 'NONE', #2814, #3665, #4547, .T. ) ;
#4431 = EDGE_CURVE ( 'NONE', #2742, #360, #4112, .T. ) ;
#4432 = LINE ( 'NONE', #5754, #5442 ) ;
#4433 = VECTOR ( 'NONE', #683, 1000.000000000000000 ) ;
#4434 = CARTESIAN_POINT ( 'NONE',  ( -1.750000000000000222, 0.000000000000000000, -0.8000000000000000444 ) ) ;
#4435 = DIRECTION ( 'NONE',  ( -1.000000000000000000, 0.000000000000000000, -9.035018104045870694E-17 ) ) ;
#4436 = DIRECTION ( 'NONE',  ( 0.000000000000000000, 0.000000000000000000, 1.000000000000000000 ) ) ;
#4437 = DIRECTION ( 'NONE',  ( 0.000000000000000000, -0.000000000000000000, -1.000000000000000000 ) ) ;
#4438 = ORIENTED_EDGE ( 'NONE', *, *, #4823, .T. ) ;
#4439 = VECTOR ( 'NONE', #782, 1000.000000000000000 ) ;
#4440 = ADVANCED_FACE ( 'NONE', ( #3664 ), #2067, .F. ) ;
#4441 = VECTOR ( 'NONE', #5008, 1000.000000000000000 ) ;
#4442 = STYLED_ITEM ( 'NONE', ( #2469 ), #1963 ) ;
#4443 = LINE ( 'NONE', #2, #4880 ) ;
#4444 = CARTESIAN_POINT ( 'NONE',  ( 0.7999999999999883871, 0.05000000000000000278, 0.000000000000000000 ) ) ;
#4445 = ORIENTED_EDGE ( 'NONE', *, *, #5660, .F. ) ;
#4446 = CARTESIAN_POINT ( 'NONE',  ( 1.375000000000000444, 0.04999999999999999584, -1.474999999999999867 ) ) ;
#4447 =( GEOMETRIC_REPRESENTATION_CONTEXT ( 3 ) GLOBAL_UNCERTAINTY_ASSIGNED_CONTEXT ( ( #1164 ) ) GLOBAL_UNIT_ASSIGNED_CONTEXT ( ( #3635, #3519, #1892 ) ) REPRESENTATION_CONTEXT ( 'NONE', 'WORKASPACE' ) );
#4448 = VECTOR ( 'NONE', #5476, 1000.000000000000000 ) ;
#4449 = DIRECTION ( 'NONE',  ( 0.000000000000000000, -1.000000000000000000, 0.000000000000000000 ) ) ;
#4450 = EDGE_CURVE ( 'NONE', #4923, #10, #2095, .T. ) ;
#4451 = LINE ( 'NONE', #933, #1913 ) ;
#4452 = ORIENTED_EDGE ( 'NONE', *, *, #2507, .T. ) ;
#4453 = ORIENTED_EDGE ( 'NONE', *, *, #1907, .F. ) ;
#4454 = DIRECTION ( 'NONE',  ( 0.000000000000000000, 1.000000000000000000, -0.000000000000000000 ) ) ;
#4455 = DIRECTION ( 'NONE',  ( 0.000000000000000000, -1.000000000000000000, 0.000000000000000000 ) ) ;
#4456 = ORIENTED_EDGE ( 'NONE', *, *, #5152, .F. ) ;
#4457 = CARTESIAN_POINT ( 'NONE',  ( 1.750000000000000222, 0.05000000000000000278, -1.749999999999999778 ) ) ;
#4458 = EDGE_CURVE ( 'NONE', #1643, #4388, #3809, .T. ) ;
#4459 =( LENGTH_UNIT ( ) NAMED_UNIT ( * ) SI_UNIT ( .MILLI., .METRE. ) );
#4460 = LINE ( 'NONE', #4345, #5359 ) ;
#4461 = SURFACE_SIDE_STYLE ('',( #2680 ) ) ;
#4462 = VERTEX_POINT ( 'NONE', #4218 ) ;
#4463 = CARTESIAN_POINT ( 'NONE',  ( -1.394229623805780305, 0.9000000000000000222, -1.224483165043916300 ) ) ;
#4464 = LINE ( 'NONE', #4857, #2646 ) ;
#4465 = CARTESIAN_POINT ( 'NONE',  ( 0.1499999999999998002, 0.2000000000000000111, 1.750000000000000666 ) ) ;
#4466 = ORIENTED_EDGE ( 'NONE', *, *, #2334, .F. ) ;
#4467 = FACE_OUTER_BOUND ( 'NONE', #1469, .T. ) ;
#4468 = VERTEX_POINT ( 'NONE', #3425 ) ;
#4469 = EDGE_CURVE ( 'NONE', #467, #4245, #5103, .T. ) ;
#4470 = LINE ( 'NONE', #1790, #1541 ) ;
#4471 = PLANE ( 'NONE',  #537 ) ;
#4472 = ORIENTED_EDGE ( 'NONE', *, *, #1016, .T. ) ;
#4473 = DIRECTION ( 'NONE',  ( -1.000000000000000000, 0.000000000000000000, -0.000000000000000000 ) ) ;
#4474 = ADVANCED_FACE ( 'NONE', ( #5134 ), #5562, .T. ) ;
#4475 = EDGE_CURVE ( 'NONE', #5201, #4158, #2473, .T. ) ;
#4476 = LINE ( 'NONE', #1334, #431 ) ;
#4477 = DIRECTION ( 'NONE',  ( 0.000000000000000000, 1.000000000000000000, 0.000000000000000000 ) ) ;
#4478 = DIRECTION ( 'NONE',  ( -1.000000000000000000, 0.000000000000000000, 1.577021341797098398E-15 ) ) ;
#4479 = EDGE_CURVE ( 'NONE', #4544, #5395, #3748, .T. ) ;
#4480 = ORIENTED_EDGE ( 'NONE', *, *, #2119, .T. ) ;
#4481 = ORIENTED_EDGE ( 'NONE', *, *, #5615, .F. ) ;
#4482 = CARTESIAN_POINT ( 'NONE',  ( -0.7999999999999999334, 0.000000000000000000, 0.4249999999999998779 ) ) ;
#4483 = ORIENTED_EDGE ( 'NONE', *, *, #3605, .T. ) ;
#4484 = DIRECTION ( 'NONE',  ( 0.000000000000000000, 0.000000000000000000, -1.000000000000000000 ) ) ;
#4485 = VECTOR ( 'NONE', #1880, 1000.000000000000000 ) ;
#4486 =( NAMED_UNIT ( * ) SI_UNIT ( $, .STERADIAN. ) SOLID_ANGLE_UNIT ( ) );
#4487 = CARTESIAN_POINT ( 'NONE',  ( 1.750000000000000222, 0.2000000000000000111, -0.8000000000000000444 ) ) ;
#4488 = PLANE ( 'NONE',  #3853 ) ;
#4489 = LINE ( 'NONE', #1352, #915 ) ;
#4490 = ORIENTED_EDGE ( 'NONE', *, *, #263, .F. ) ;
#4491 = CARTESIAN_POINT ( 'NONE',  ( 0.3750000000000003331, 0.2000000000000000111, -1.474999999999999867 ) ) ;
#4492 = ORIENTED_EDGE ( 'NONE', *, *, #4390, .T. ) ;
#4493 = UNCERTAINTY_MEASURE_WITH_UNIT (LENGTH_MEASURE( 1.000000000000000082E-05 ), #2092, 'distance_accuracy_value', 'NONE');
#4494 = CARTESIAN_POINT ( 'NONE',  ( 1.375000000000000000, 0.2000000000000000111, -1.749999999999999778 ) ) ;
#4495 = FACE_OUTER_BOUND ( 'NONE', #2446, .T. ) ;
#4496 = ORIENTED_EDGE ( 'NONE', *, *, #583, .F. ) ;
#4497 = DIRECTION ( 'NONE',  ( -7.885106708985496922E-16, 0.000000000000000000, 1.000000000000000000 ) ) ;
#4498 = COLOUR_RGB ( '',0.7921568627450980005, 0.8196078431372548767, 0.9333333333333333481 ) ;
#4499 = DIRECTION ( 'NONE',  ( -7.885106708985496922E-16, 0.000000000000000000, 1.000000000000000000 ) ) ;
#4500 = CARTESIAN_POINT ( 'NONE',  ( 1.475000000000000089, 0.2000000000000000111, -1.050000000000000044 ) ) ;
#4501 = EDGE_CURVE ( 'NONE', #4586, #5323, #647, .T. ) ;
#4502 = CARTESIAN_POINT ( 'NONE',  ( -0.4500000000000000111, 0.2000000000000000111, -0.6499999999999990230 ) ) ;
#4503 = ORIENTED_EDGE ( 'NONE', *, *, #4993, .F. ) ;
#4504 = ADVANCED_FACE ( 'NONE', ( #1160 ), #2935, .F. ) ;
#4505 = VERTEX_POINT ( 'NONE', #4187 ) ;
#4506 = DIRECTION ( 'NONE',  ( -0.000000000000000000, -1.000000000000000000, -0.000000000000000000 ) ) ;
#4507 = CARTESIAN_POINT ( 'NONE',  ( 0.7500000000000000000, 0.000000000000000000, -1.474999999999999867 ) ) ;
#4508 = CARTESIAN_POINT ( 'NONE',  ( -0.7999999999999998224, 0.2000000000000000111, -0.5500000000000001554 ) ) ;
#4509 = ORIENTED_EDGE ( 'NONE', *, *, #2119, .F. ) ;
#4510 = DIRECTION ( 'NONE',  ( -0.000000000000000000, -1.000000000000000000, -0.000000000000000000 ) ) ;
#4511 = AXIS2_PLACEMENT_3D ( 'NONE', #884, #4806, #4436 ) ;
#4512 = VECTOR ( 'NONE', #5517, 1000.000000000000000 ) ;
#4513 = FILL_AREA_STYLE ('',( #529 ) ) ;
#4514 = DIRECTION ( 'NONE',  ( 1.000000000000000000, 0.000000000000000000, -3.614007241618347785E-16 ) ) ;
#4515 = DIRECTION ( 'NONE',  ( 1.000000000000000000, 0.000000000000000000, 1.141265444721583757E-16 ) ) ;
#4516 = AXIS2_PLACEMENT_3D ( 'NONE', #1586, #305, #2149 ) ;
#4517 = DIRECTION ( 'NONE',  ( 0.000000000000000000, 0.000000000000000000, 1.000000000000000000 ) ) ;
#4518 = EDGE_CURVE ( 'NONE', #1297, #600, #703, .T. ) ;
#4519 = EDGE_LOOP ( 'NONE', ( #4937, #2729, #1674, #2785 ) ) ;
#4520 = DIRECTION ( 'NONE',  ( -7.885106708985496922E-16, 0.000000000000000000, 1.000000000000000000 ) ) ;
#4521 = ORIENTED_EDGE ( 'NONE', *, *, #2813, .T. ) ;
#4522 = AXIS2_PLACEMENT_3D ( 'NONE', #4098, #2804, #2428 ) ;
#4523 = AXIS2_PLACEMENT_3D ( 'NONE', #565, #5547, #3433 ) ;
#4524 = DIRECTION ( 'NONE',  ( -0.000000000000000000, -1.000000000000000000, -0.000000000000000000 ) ) ;
#4525 = LINE ( 'NONE', #3120, #2113 ) ;
#4526 = ORIENTED_EDGE ( 'NONE', *, *, #237, .T. ) ;
#4527 = VECTOR ( 'NONE', #1501, 1000.000000000000000 ) ;
#4528 = DIRECTION ( 'NONE',  ( -0.000000000000000000, -1.000000000000000000, -0.000000000000000000 ) ) ;
#4529 = VECTOR ( 'NONE', #1441, 1000.000000000000000 ) ;
#4530 = DIRECTION ( 'NONE',  ( 0.000000000000000000, 0.000000000000000000, 1.000000000000000000 ) ) ;
#4531 = LINE ( 'NONE', #545, #903 ) ;
#4532 = DIRECTION ( 'NONE',  ( 0.000000000000000000, -0.000000000000000000, 1.000000000000000000 ) ) ;
#4533 = ORIENTED_EDGE ( 'NONE', *, *, #516, .F. ) ;
#4534 = AXIS2_PLACEMENT_3D ( 'NONE', #2134, #5752, #5219 ) ;
#4535 = EDGE_CURVE ( 'NONE', #469, #2608, #5629, .T. ) ;
#4536 = EDGE_LOOP ( 'NONE', ( #4496, #1212, #4712, #3822 ) ) ;
#4537 = STYLED_ITEM ( 'NONE', ( #3139 ), #1884 ) ;
#4538 = CARTESIAN_POINT ( 'NONE',  ( 1.749999999999994449, 0.2000000000000000111, 0.9749999999999999778 ) ) ;
#4539 = EDGE_CURVE ( 'NONE', #2353, #3007, #706, .T. ) ;
#4540 = CARTESIAN_POINT ( 'NONE',  ( 0.7999999999999998224, 0.2000000000000000111, -0.5500000000000001554 ) ) ;
#4541 = ORIENTED_EDGE ( 'NONE', *, *, #2763, .F. ) ;
#4542 = DIRECTION ( 'NONE',  ( 0.000000000000000000, 1.000000000000000000, 0.000000000000000000 ) ) ;
#4543 = EDGE_CURVE ( 'NONE', #2603, #748, #1659, .T. ) ;
#4544 = VERTEX_POINT ( 'NONE', #2528 ) ;
#4545 = DIRECTION ( 'NONE',  ( 0.000000000000000000, -1.000000000000000000, 0.000000000000000000 ) ) ;
#4546 = ORIENTED_EDGE ( 'NONE', *, *, #1016, .F. ) ;
#4547 = LINE ( 'NONE', #561, #985 ) ;
#4548 = ADVANCED_FACE ( 'NONE', ( #1985 ), #314, .F. ) ;
#4549 = ORIENTED_EDGE ( 'NONE', *, *, #5228, .T. ) ;
#4550 = DIRECTION ( 'NONE',  ( 1.000000000000000000, 0.000000000000000000, 0.000000000000000000 ) ) ;
#4551 = LINE ( 'NONE', #479, #1470 ) ;
#4552 = PLANE ( 'NONE',  #4523 ) ;
#4553 = FACE_OUTER_BOUND ( 'NONE', #2711, .T. ) ;
#4554 = CARTESIAN_POINT ( 'NONE',  ( -1.250000000000000000, 0.2000000000000000111, -1.474999999999999867 ) ) ;
#4555 = CARTESIAN_POINT ( 'NONE',  ( -1.250000000000000000, 0.2000000000000000111, -1.474999999999999867 ) ) ;
#4556 = ORIENTED_EDGE ( 'NONE', *, *, #3063, .F. ) ;
#4557 = ORIENTED_EDGE ( 'NONE', *, *, #2896, .F. ) ;
#4558 = VERTEX_POINT ( 'NONE', #1543 ) ;
#4559 = VERTEX_POINT ( 'NONE', #2877 ) ;
#4560 = DIRECTION ( 'NONE',  ( 1.000000000000000000, -0.000000000000000000, 7.885106708985497909E-16 ) ) ;
#4561 = FACE_OUTER_BOUND ( 'NONE', #1013, .T. ) ;
#4562 = EDGE_CURVE ( 'NONE', #92, #187, #4651, .T. ) ;
#4563 = FILL_AREA_STYLE ('',( #5002 ) ) ;
#4564 = EDGE_CURVE ( 'NONE', #3249, #5021, #1570, .T. ) ;
#4565 =( LENGTH_UNIT ( ) NAMED_UNIT ( * ) SI_UNIT ( .MILLI., .METRE. ) );
#4566 = ORIENTED_EDGE ( 'NONE', *, *, #4205, .F. ) ;
#4567 = CARTESIAN_POINT ( 'NONE',  ( 1.749999999999999778, 0.04999999999999999584, -0.5500000000000000444 ) ) ;
#4568 = PLANE ( 'NONE',  #4317 ) ;
#4569 = EDGE_CURVE ( 'NONE', #3629, #4342, #2901, .T. ) ;
#4570 = CARTESIAN_POINT ( 'NONE',  ( 1.375000000000000444, 0.2000000000000000111, -1.474999999999999867 ) ) ;
#4571 = DIRECTION ( 'NONE',  ( -0.000000000000000000, -0.000000000000000000, 1.000000000000000000 ) ) ;
#4573 = VECTOR ( 'NONE', #5413, 1000.000000000000000 ) ;
#4572 = FACE_OUTER_BOUND ( 'NONE', #5113, .T. ) ;
#4574 = LINE ( 'NONE', #1036, #2676 ) ;
#4575 = CARTESIAN_POINT ( 'NONE',  ( 0.1249999999999998890, 0.2000000000000000111, -1.749999999999999556 ) ) ;
#4576 = CYLINDRICAL_SURFACE ( 'NONE', #3210, 0.1250000000000003331 ) ;
#4577 = ADVANCED_FACE ( 'NONE', ( #4801 ), #796, .T. ) ;
#4578 = EDGE_LOOP ( 'NONE', ( #3239, #1130, #2806, #2223 ) ) ;
#4579 = ORIENTED_EDGE ( 'NONE', *, *, #5577, .T. ) ;
#4580 = COLOUR_RGB ( '',0.7921568627450980005, 0.8196078431372548767, 0.9333333333333333481 ) ;
#4581 = EDGE_LOOP ( 'NONE', ( #2973, #788, #225, #4780 ) ) ;
#4582 = CARTESIAN_POINT ( 'NONE',  ( 0.7999999999999998224, 0.2000000000000000111, -0.5500000000000001554 ) ) ;
#4583 = PLANE ( 'NONE',  #1060 ) ;
#4584 = CARTESIAN_POINT ( 'NONE',  ( 1.749999999999994449, 0.2000000000000000111, 0.9749999999999999778 ) ) ;
#4585 = CARTESIAN_POINT ( 'NONE',  ( 1.750000000000000222, 0.000000000000000000, -1.050000000000000044 ) ) ;
#4586 = VERTEX_POINT ( 'NONE', #1777 ) ;
#4587 = CARTESIAN_POINT ( 'NONE',  ( -0.2500000000000000000, 0.2000000000000000111, -1.474999999999999867 ) ) ;
#4588 = AXIS2_PLACEMENT_3D ( 'NONE', #3883, #770, #3399 ) ;
#4589 = VERTEX_POINT ( 'NONE', #3542 ) ;
#4590 = AXIS2_PLACEMENT_3D ( 'NONE', #887, #5759, #862 ) ;
#4591 = EDGE_CURVE ( 'NONE', #1964, #2011, #3101, .T. ) ;
#4592 =( GEOMETRIC_REPRESENTATION_CONTEXT ( 3 ) GLOBAL_UNCERTAINTY_ASSIGNED_CONTEXT ( ( #2286 ) ) GLOBAL_UNIT_ASSIGNED_CONTEXT ( ( #549, #1530, #4204 ) ) REPRESENTATION_CONTEXT ( 'NONE', 'WORKASPACE' ) );
#4593 = LINE ( 'NONE', #4167, #3012 ) ;
#4594 = PLANE ( 'NONE',  #3773 ) ;
#4595 = DIRECTION ( 'NONE',  ( -1.577021341797098201E-15, 0.000000000000000000, -1.000000000000000000 ) ) ;
#4596 = EDGE_CURVE ( 'NONE', #824, #4388, #1715, .T. ) ;
#4597 = ORIENTED_EDGE ( 'NONE', *, *, #3430, .T. ) ;
#4598 = CIRCLE ( 'NONE', #1824, 0.1514013321328433748 ) ;
#4599 = AXIS2_PLACEMENT_3D ( 'NONE', #4502, #2181, #4419 ) ;
#4600 = DIRECTION ( 'NONE',  ( 0.000000000000000000, -0.000000000000000000, 1.000000000000000000 ) ) ;
#4601 = VECTOR ( 'NONE', #4049, 1000.000000000000000 ) ;
#4602 = DIRECTION ( 'NONE',  ( -7.885106708985496922E-16, 0.000000000000000000, 1.000000000000000000 ) ) ;
#4603 = AXIS2_PLACEMENT_3D ( 'NONE', #563, #4524, #3669 ) ;
#4604 = CARTESIAN_POINT ( 'NONE',  ( 0.7999999999999883871, 0.2000000000000000111, 1.274999999999999911 ) ) ;
#4605 = ORIENTED_EDGE ( 'NONE', *, *, #1729, .F. ) ;
#4606 = CARTESIAN_POINT ( 'NONE',  ( 1.749999999999999778, 0.2000000000000000111, -0.1499999999999999944 ) ) ;
#4607 = AXIS2_PLACEMENT_3D ( 'NONE', #2345, #1059, #1520 ) ;
#4608 = ORIENTED_EDGE ( 'NONE', *, *, #896, .F. ) ;
#4609 = AXIS2_PLACEMENT_3D ( 'NONE', #1113, #2397, #5457 ) ;
#4610 = EDGE_CURVE ( 'NONE', #723, #1455, #16, .T. ) ;
#4611 = ORIENTED_EDGE ( 'NONE', *, *, #595, .T. ) ;
#4612 = CARTESIAN_POINT ( 'NONE',  ( -0.2500000000000000000, 0.2000000000000000111, -1.474999999999999867 ) ) ;
#4613 = ORIENTED_EDGE ( 'NONE', *, *, #3497, .F. ) ;
#4614 = DIRECTION ( 'NONE',  ( 0.000000000000000000, -1.000000000000000000, 0.000000000000000000 ) ) ;
#4615 = AXIS2_PLACEMENT_3D ( 'NONE', #4704, #725, #2496 ) ;
#4616 = CARTESIAN_POINT ( 'NONE',  ( 1.475000000000000089, 0.04999999999999999584, -0.9250000000000000444 ) ) ;
#4617 = CARTESIAN_POINT ( 'NONE',  ( -1.394229623805780305, 1.000000000000000000, -1.375884497176759647 ) ) ;
#4618 = ORIENTED_EDGE ( 'NONE', *, *, #3780, .F. ) ;
#4619 = CARTESIAN_POINT ( 'NONE',  ( -0.6249999999999996669, 0.2000000000000000111, -1.474999999999999867 ) ) ;
#4620 = CIRCLE ( 'NONE', #3984, 0.1514013321328433748 ) ;
#4621 = DIRECTION ( 'NONE',  ( -0.000000000000000000, 1.000000000000000000, -0.000000000000000000 ) ) ;
#4622 = ORIENTED_EDGE ( 'NONE', *, *, #4676, .F. ) ;
#4623 = DIRECTION ( 'NONE',  ( 0.000000000000000000, -1.000000000000000000, 0.000000000000000000 ) ) ;
#4624 = CARTESIAN_POINT ( 'NONE',  ( -1.750000000000000000, 0.2000000000000000111, 0.4249999999999999889 ) ) ;
#4625 = DIRECTION ( 'NONE',  ( -0.000000000000000000, -1.000000000000000000, -0.000000000000000000 ) ) ;
#4626 = EDGE_CURVE ( 'NONE', #5261, #304, #2592, .T. ) ;
#4627 = CARTESIAN_POINT ( 'NONE',  ( -0.3750000000000003331, 0.2000000000000000111, -1.474999999999999867 ) ) ;
#4628 = ORIENTED_EDGE ( 'NONE', *, *, #2873, .F. ) ;
#4629 = DIRECTION ( 'NONE',  ( 1.000000000000000000, 0.000000000000000000, -0.000000000000000000 ) ) ;
#4630 = LINE ( 'NONE', #4684, #1424 ) ;
#4631 = ORIENTED_EDGE ( 'NONE', *, *, #1308, .T. ) ;
#4632 = ADVANCED_FACE ( 'NONE', ( #2989 ), #5282, .F. ) ;
#4633 = FACE_OUTER_BOUND ( 'NONE', #3851, .T. ) ;
#4634 = LINE ( 'NONE', #2349, #2209 ) ;
#4635 = EDGE_CURVE ( 'NONE', #1158, #1915, #2250, .T. ) ;
#4636 = LINE ( 'NONE', #4078, #5434 ) ;
#4637 = ORIENTED_EDGE ( 'NONE', *, *, #2405, .F. ) ;
#4638 = DIRECTION ( 'NONE',  ( 0.000000000000000000, -1.000000000000000000, 0.000000000000000000 ) ) ;
#4639 = EDGE_CURVE ( 'NONE', #4998, #469, #909, .T. ) ;
#4640 = ORIENTED_EDGE ( 'NONE', *, *, #1200, .T. ) ;
#4641 = EDGE_CURVE ( 'NONE', #1583, #2876, #4343, .T. ) ;
#4642 = EDGE_LOOP ( 'NONE', ( #1481, #976, #854, #562 ) ) ;
#4643 = CARTESIAN_POINT ( 'NONE',  ( -1.124999999999999778, 0.000000000000000000, -1.474999999999999867 ) ) ;
#4644 = EDGE_CURVE ( 'NONE', #3145, #640, #350, .T. ) ;
#4645 = DIRECTION ( 'NONE',  ( 0.000000000000000000, -0.000000000000000000, -1.000000000000000000 ) ) ;
#4646 = VERTEX_POINT ( 'NONE', #1313 ) ;
#4647 = CARTESIAN_POINT ( 'NONE',  ( 0.000000000000000000, 0.000000000000000000, 0.000000000000000000 ) ) ;
#4648 = CARTESIAN_POINT ( 'NONE',  ( 0.8749999999999998890, 0.2000000000000000111, -1.749999999999999778 ) ) ;
#4649 = CARTESIAN_POINT ( 'NONE',  ( 1.750000000000000222, 0.2000000000000000111, -1.050000000000000044 ) ) ;
#4650 = ORIENTED_EDGE ( 'NONE', *, *, #776, .F. ) ;
#4651 = LINE ( 'NONE', #2445, #1163 ) ;
#4652 = ORIENTED_EDGE ( 'NONE', *, *, #403, .F. ) ;
#4653 = UNCERTAINTY_MEASURE_WITH_UNIT (LENGTH_MEASURE( 1.000000000000000082E-05 ), #1869, 'distance_accuracy_value', 'NONE');
#4654 = PLANE ( 'NONE',  #5047 ) ;
#4655 = CARTESIAN_POINT ( 'NONE',  ( 0.7999999999999999334, 0.2000000000000000111, 0.1749999999999998501 ) ) ;
#4656 = ORIENTED_EDGE ( 'NONE', *, *, #5541, .F. ) ;
#4657 = CARTESIAN_POINT ( 'NONE',  ( 1.750000000000000000, 0.04999999999999999584, 0.4249999999999999889 ) ) ;
#4658 = VECTOR ( 'NONE', #853, 1000.000000000000000 ) ;
#4659 = ORIENTED_EDGE ( 'NONE', *, *, #5398, .F. ) ;
#4660 = LINE ( 'NONE', #5574, #2493 ) ;
#4661 = CIRCLE ( 'NONE', #3729, 0.1250000000000003331 ) ;
#4662 = CARTESIAN_POINT ( 'NONE',  ( -0.7999999999999941602, 0.2000000000000000111, 0.7249999999999999778 ) ) ;
#4663 = DIRECTION ( 'NONE',  ( -1.000000000000000000, 0.000000000000000000, 8.673617379884035472E-16 ) ) ;
#4664 = ORIENTED_EDGE ( 'NONE', *, *, #1902, .F. ) ;
#4665 = DIRECTION ( 'NONE',  ( 1.000000000000000000, -0.000000000000000000, 2.282530889443167022E-16 ) ) ;
#4666 = CIRCLE ( 'NONE', #1137, 0.1250000000000003331 ) ;
#4667 = EDGE_CURVE ( 'NONE', #1912, #1325, #1285, .T. ) ;
#4668 = EDGE_CURVE ( 'NONE', #773, #1402, #2188, .T. ) ;
#4669 = VERTEX_POINT ( 'NONE', #4022 ) ;
#4670 = DIRECTION ( 'NONE',  ( -1.000000000000000000, 0.000000000000000000, 8.673617379884035472E-16 ) ) ;
#4671 = DIRECTION ( 'NONE',  ( -1.000000000000000000, 0.000000000000000000, -2.282530889443167022E-16 ) ) ;
#4672 = VERTEX_POINT ( 'NONE', #3908 ) ;
#4673 = LINE ( 'NONE', #1071, #3684 ) ;
#4674 =( GEOMETRIC_REPRESENTATION_CONTEXT ( 3 ) GLOBAL_UNCERTAINTY_ASSIGNED_CONTEXT ( ( #64 ) ) GLOBAL_UNIT_ASSIGNED_CONTEXT ( ( #1807, #5721, #51 ) ) REPRESENTATION_CONTEXT ( 'NONE', 'WORKASPACE' ) );
#4675 = LINE ( 'NONE', #3296, #5167 ) ;
#4676 = EDGE_CURVE ( 'NONE', #548, #3934, #855, .T. ) ;
#4677 = ORIENTED_EDGE ( 'NONE', *, *, #1620, .T. ) ;
#4678 = PLANE ( 'NONE',  #3693 ) ;
#4679 = COLOUR_RGB ( '',0.7921568627450980005, 0.8196078431372548767, 0.9333333333333333481 ) ;
#4680 = CARTESIAN_POINT ( 'NONE',  ( 1.125000000000000000, 0.2000000000000000111, -1.749999999999999556 ) ) ;
#4681 = ORIENTED_EDGE ( 'NONE', *, *, #2759, .F. ) ;
#4682 = CARTESIAN_POINT ( 'NONE',  ( 0.6249999999999998890, 0.000000000000000000, -1.749999999999999556 ) ) ;
#4683 = LINE ( 'NONE', #3358, #2587 ) ;
#4684 = CARTESIAN_POINT ( 'NONE',  ( 0.7999999999999883871, 0.2000000000000000111, 1.274999999999999911 ) ) ;
#4685 = ADVANCED_FACE ( 'NONE', ( #3449 ), #5218, .F. ) ;
#4686 = DIRECTION ( 'NONE',  ( -1.000000000000000000, 0.000000000000000000, 1.141265444721583511E-16 ) ) ;
#4687 = CARTESIAN_POINT ( 'NONE',  ( -0.1249999999999973493, 0.05000000000000000278, 1.971276677246331090E-16 ) ) ;
#4688 = DIRECTION ( 'NONE',  ( 1.577021341797098398E-15, 0.000000000000000000, 1.000000000000000000 ) ) ;
#4689 = VERTEX_POINT ( 'NONE', #3016 ) ;
#4690 = EDGE_LOOP ( 'NONE', ( #4164, #1792, #5071, #1958 ) ) ;
#4691 = AXIS2_PLACEMENT_3D ( 'NONE', #2167, #5320, #3609 ) ;
#4692 = VECTOR ( 'NONE', #476, 1000.000000000000000 ) ;
#4693 = FACE_OUTER_BOUND ( 'NONE', #3944, .T. ) ;
#4694 = LINE ( 'NONE', #1994, #4433 ) ;
#4695 = CARTESIAN_POINT ( 'NONE',  ( 0.7999999999999999334, 0.2000000000000000111, 0.1749999999999998501 ) ) ;
#4696 = EDGE_LOOP ( 'NONE', ( #2152, #4181, #5140, #1710 ) ) ;
#4697 = EDGE_CURVE ( 'NONE', #3552, #205, #2614, .T. ) ;
#4698 = AXIS2_PLACEMENT_3D ( 'NONE', #5185, #2459, #3441 ) ;
#4699 = VECTOR ( 'NONE', #5331, 1000.000000000000000 ) ;
#4700 = VECTOR ( 'NONE', #5267, 1000.000000000000000 ) ;
#4701 = ORIENTED_EDGE ( 'NONE', *, *, #1546, .F. ) ;
#4702 = VECTOR ( 'NONE', #2399, 1000.000000000000000 ) ;
#4703 = DIRECTION ( 'NONE',  ( 0.000000000000000000, -1.000000000000000000, 0.000000000000000000 ) ) ;
#4704 = CARTESIAN_POINT ( 'NONE',  ( -0.1250000000000001110, 0.2000000000000000111, -1.749999999999999778 ) ) ;
#4705 = CYLINDRICAL_SURFACE ( 'NONE', #5054, 0.1250000000000003331 ) ;
#4706 = ORIENTED_EDGE ( 'NONE', *, *, #4816, .F. ) ;
#4707 = FACE_OUTER_BOUND ( 'NONE', #345, .T. ) ;
#4708 = AXIS2_PLACEMENT_3D ( 'NONE', #752, #2516, #300 ) ;
#4709 = EDGE_CURVE ( 'NONE', #3568, #1658, #4397, .T. ) ;
#4710 = CARTESIAN_POINT ( 'NONE',  ( -1.125000000000000222, 0.2000000000000000111, -1.749999999999999778 ) ) ;
#4711 = EDGE_CURVE ( 'NONE', #367, #4996, #4427, .T. ) ;
#4712 = ORIENTED_EDGE ( 'NONE', *, *, #2379, .F. ) ;
#4713 = AXIS2_PLACEMENT_3D ( 'NONE', #3753, #4168, #1139 ) ;
#4714 = PLANE ( 'NONE',  #1203 ) ;
#4715 = ADVANCED_FACE ( 'NONE', ( #3996 ), #1378, .T. ) ;
#4716 = ORIENTED_EDGE ( 'NONE', *, *, #4846, .T. ) ;
#4717 = DIRECTION ( 'NONE',  ( 0.000000000000000000, 0.000000000000000000, 1.000000000000000000 ) ) ;
#4718 = CARTESIAN_POINT ( 'NONE',  ( 1.125000000000000000, 0.2000000000000000111, -1.749999999999999556 ) ) ;
#4719 = EDGE_CURVE ( 'NONE', #3013, #3189, #1045, .T. ) ;
#4720 = UNCERTAINTY_MEASURE_WITH_UNIT (LENGTH_MEASURE( 1.000000000000000082E-05 ), #2961, 'distance_accuracy_value', 'NONE');
#4721 = VECTOR ( 'NONE', #3426, 1000.000000000000000 ) ;
#4722 = LINE ( 'NONE', #4487, #3781 ) ;
#4723 = VECTOR ( 'NONE', #3081, 1000.000000000000000 ) ;
#4724 = DIRECTION ( 'NONE',  ( -7.885106708985496922E-16, 0.000000000000000000, 1.000000000000000000 ) ) ;
#4725 = FACE_OUTER_BOUND ( 'NONE', #2527, .T. ) ;
#4726 = VERTEX_POINT ( 'NONE', #3602 ) ;
#4727 = CARTESIAN_POINT ( 'NONE',  ( -1.750000000000000000, 0.000000000000000000, 0.4249999999999999889 ) ) ;
#4728 = EDGE_LOOP ( 'NONE', ( #1409, #2808, #551, #3364 ) ) ;
#4729 = VERTEX_POINT ( 'NONE', #111 ) ;
#4730 = FACE_OUTER_BOUND ( 'NONE', #698, .T. ) ;
#4731 = DIRECTION ( 'NONE',  ( 0.000000000000000000, 1.000000000000000000, -0.000000000000000000 ) ) ;
#4732 = CARTESIAN_POINT ( 'NONE',  ( -1.749999999999999778, 0.05000000000000000278, 1.750000000000000666 ) ) ;
#4733 = ORIENTED_EDGE ( 'NONE', *, *, #1321, .T. ) ;
#4734 =( NAMED_UNIT ( * ) SI_UNIT ( $, .STERADIAN. ) SOLID_ANGLE_UNIT ( ) );
#4735 = ORIENTED_EDGE ( 'NONE', *, *, #2442, .T. ) ;
#4736 = LINE ( 'NONE', #2520, #3576 ) ;
#4737 = DIRECTION ( 'NONE',  ( -1.000000000000000000, -0.000000000000000000, -0.000000000000000000 ) ) ;
#4738 = VERTEX_POINT ( 'NONE', #82 ) ;
#4739 = CARTESIAN_POINT ( 'NONE',  ( 0.4499999999999997891, 0.2000000000000000111, 1.750000000000000666 ) ) ;
#4740 = ORIENTED_EDGE ( 'NONE', *, *, #1493, .T. ) ;
#4741 = SURFACE_STYLE_USAGE ( .BOTH. , #734 ) ;
#4742 = PLANE ( 'NONE',  #1970 ) ;
#4743 = EDGE_LOOP ( 'NONE', ( #2029, #4659, #1605, #2988 ) ) ;
#4744 = CARTESIAN_POINT ( 'NONE',  ( 0.000000000000000000, 0.2000000000000000111, 0.000000000000000000 ) ) ;
#4745 = FILL_AREA_STYLE_COLOUR ( '', #4679 ) ;
#4746 = EDGE_CURVE ( 'NONE', #1948, #1003, #3861, .T. ) ;
#4747 = LINE ( 'NONE', #5565, #5631 ) ;
#4748 = CARTESIAN_POINT ( 'NONE',  ( 0.4500000000000000111, 0.2000000000000000111, -0.6499999999999990230 ) ) ;
#4749 = CARTESIAN_POINT ( 'NONE',  ( 0.7999999999999999334, 0.04999999999999999584, 0.4249999999999998779 ) ) ;
#4750 = ORIENTED_EDGE ( 'NONE', *, *, #3359, .F. ) ;
#4751 = PLANE ( 'NONE',  #3877 ) ;
#4752 = ORIENTED_EDGE ( 'NONE', *, *, #2999, .F. ) ;
#4753 = ORIENTED_EDGE ( 'NONE', *, *, #2266, .F. ) ;
#4754 = EDGE_CURVE ( 'NONE', #5112, #3552, #897, .T. ) ;
#4755 = PLANE ( 'NONE',  #1077 ) ;
#4756 = CARTESIAN_POINT ( 'NONE',  ( -0.7999999999999883871, 0.000000000000000000, 1.524999999999999911 ) ) ;
#4757 = ORIENTED_EDGE ( 'NONE', *, *, #4458, .T. ) ;
#4759 = VECTOR ( 'NONE', #5287, 1000.000000000000000 ) ;
#4758 = DIRECTION ( 'NONE',  ( -1.000000000000000000, 0.000000000000000000, 0.000000000000000000 ) ) ;
#4760 = VECTOR ( 'NONE', #5146, 1000.000000000000000 ) ;
#4761 = ORIENTED_EDGE ( 'NONE', *, *, #2334, .T. ) ;
#4762 = CARTESIAN_POINT ( 'NONE',  ( -1.749999999999988454, 0.2000000000000000111, 1.275000000000000133 ) ) ;
#4763 = DIRECTION ( 'NONE',  ( -1.000000000000000000, 0.000000000000000000, 0.000000000000000000 ) ) ;
#4764 = ORIENTED_EDGE ( 'NONE', *, *, #4431, .F. ) ;
#4765 = DIRECTION ( 'NONE',  ( -0.000000000000000000, -1.000000000000000000, -0.000000000000000000 ) ) ;
#4766 = ORIENTED_EDGE ( 'NONE', *, *, #2647, .T. ) ;
#4767 = DIRECTION ( 'NONE',  ( 0.000000000000000000, -1.000000000000000000, 0.000000000000000000 ) ) ;
#4768 = CARTESIAN_POINT ( 'NONE',  ( 1.749999999999999778, 0.000000000000000000, -0.5500000000000000444 ) ) ;
#4769 = ORIENTED_EDGE ( 'NONE', *, *, #4596, .T. ) ;
#4770 = CARTESIAN_POINT ( 'NONE',  ( -0.7999999999999998224, 0.2000000000000000111, -0.5500000000000001554 ) ) ;
#4771 = CARTESIAN_POINT ( 'NONE',  ( -0.4499999999999997891, 0.2000000000000000111, 1.750000000000000666 ) ) ;
#4772 = DIRECTION ( 'NONE',  ( 0.000000000000000000, 0.000000000000000000, 1.000000000000000000 ) ) ;
#4773 = CLOSED_SHELL ( 'NONE', ( #4322, #4548, #1382, #5734, #5303, #3496 ) ) ;
#4774 = DIRECTION ( 'NONE',  ( 1.000000000000000000, 0.000000000000000000, 0.000000000000000000 ) ) ;
#4775 = FACE_OUTER_BOUND ( 'NONE', #4967, .T. ) ;
#4776 = ORIENTED_EDGE ( 'NONE', *, *, #767, .T. ) ;
#4777 = CARTESIAN_POINT ( 'NONE',  ( -1.750000000000000000, 0.2000000000000000111, 0.1749999999999999611 ) ) ;
#4778 = ORIENTED_EDGE ( 'NONE', *, *, #4960, .T. ) ;
#4779 = ORIENTED_EDGE ( 'NONE', *, *, #947, .T. ) ;
#4780 = ORIENTED_EDGE ( 'NONE', *, *, #1507, .T. ) ;
#4781 = ADVANCED_FACE ( 'NONE', ( #2786 ), #5016, .F. ) ;
#4782 = CARTESIAN_POINT ( 'NONE',  ( -1.749999999999999778, 6.949747468305833564, 1.750000000000000666 ) ) ;
#4783 = LINE ( 'NONE', #4732, #437 ) ;
#4784 = ORIENTED_EDGE ( 'NONE', *, *, #2447, .F. ) ;
#4785 = CARTESIAN_POINT ( 'NONE',  ( -0.7999999999999883871, 0.2000000000000000111, 1.274999999999999911 ) ) ;
#4786 = EDGE_CURVE ( 'NONE', #2458, #984, #4154, .T. ) ;
#4787 = CIRCLE ( 'NONE', #5508, 0.1250000000000003331 ) ;
#4788 = VECTOR ( 'NONE', #5693, 1000.000000000000000 ) ;
#4789 = EDGE_LOOP ( 'NONE', ( #4779, #3527, #5168, #4492 ) ) ;
#4790 = DIRECTION ( 'NONE',  ( 0.000000000000000000, -1.000000000000000000, 0.000000000000000000 ) ) ;
#4791 = AXIS2_PLACEMENT_3D ( 'NONE', #5646, #4329, #1677 ) ;
#4792 = CARTESIAN_POINT ( 'NONE',  ( -0.3750000000000003331, 0.04999999999999999584, -1.474999999999999867 ) ) ;
#4793 = MECHANICAL_DESIGN_GEOMETRIC_PRESENTATION_REPRESENTATION (  '', ( #5708 ), #3763 ) ;
#4794 = EDGE_CURVE ( 'NONE', #861, #5205, #2332, .T. ) ;
#4795 = ORIENTED_EDGE ( 'NONE', *, *, #514, .T. ) ;
#4796 = VECTOR ( 'NONE', #5325, 1000.000000000000000 ) ;
#4797 = ORIENTED_EDGE ( 'NONE', *, *, #121, .T. ) ;
#4798 = CARTESIAN_POINT ( 'NONE',  ( 0.7999999999999941602, 0.2000000000000000111, 0.9749999999999999778 ) ) ;
#4799 = VECTOR ( 'NONE', #632, 1000.000000000000000 ) ;
#4800 = ORIENTED_EDGE ( 'NONE', *, *, #4209, .F. ) ;
#4801 = FACE_OUTER_BOUND ( 'NONE', #4405, .T. ) ;
#4802 = PLANE ( 'NONE',  #2765 ) ;
#4803 = CARTESIAN_POINT ( 'NONE',  ( -0.7999999999999883871, 0.04999999999999999584, 1.274999999999999911 ) ) ;
#4804 = AXIS2_PLACEMENT_3D ( 'NONE', #1415, #5357, #4092 ) ;
#4805 = CARTESIAN_POINT ( 'NONE',  ( 0.000000000000000000, 1.000000000000000000, 0.000000000000000000 ) ) ;
#4806 = DIRECTION ( 'NONE',  ( 0.000000000000000000, 1.000000000000000000, 0.000000000000000000 ) ) ;
#4807 = CARTESIAN_POINT ( 'NONE',  ( 0.7999999999999941602, 0.2000000000000000111, 0.9749999999999999778 ) ) ;
#4808 = ORIENTED_EDGE ( 'NONE', *, *, #3497, .T. ) ;
#4809 = DIRECTION ( 'NONE',  ( 8.673617379884035472E-16, -0.000000000000000000, 1.000000000000000000 ) ) ;
#4810 = EDGE_LOOP ( 'NONE', ( #5352, #4656, #4420, #2382 ) ) ;
#4811 = VECTOR ( 'NONE', #412, 1000.000000000000000 ) ;
#4812 = CARTESIAN_POINT ( 'NONE',  ( -0.7999999999999941602, 0.2000000000000000111, 0.7249999999999999778 ) ) ;
#4813 = DIRECTION ( 'NONE',  ( 0.000000000000000000, -1.000000000000000000, 0.000000000000000000 ) ) ;
#4814 = EDGE_LOOP ( 'NONE', ( #702, #208, #2702, #844 ) ) ;
#4815 = EDGE_CURVE ( 'NONE', #4689, #457, #1835, .T. ) ;
#4816 = EDGE_CURVE ( 'NONE', #2931, #2624, #523, .T. ) ;
#4817 = ORIENTED_EDGE ( 'NONE', *, *, #4711, .T. ) ;
#4818 = CARTESIAN_POINT ( 'NONE',  ( 0.7999999999999941602, 0.2000000000000000111, 0.9749999999999999778 ) ) ;
#4819 = ADVANCED_FACE ( 'NONE', ( #4941 ), #1949, .T. ) ;
#4820 = PLANE ( 'NONE',  #1629 ) ;
#4821 = ORIENTED_EDGE ( 'NONE', *, *, #1973, .F. ) ;
#4822 = EDGE_CURVE ( 'NONE', #3098, #5019, #552, .T. ) ;
#4823 = EDGE_CURVE ( 'NONE', #3156, #397, #3138, .T. ) ;
#4824 = VERTEX_POINT ( 'NONE', #4913 ) ;
#4825 = LINE ( 'NONE', #1593, #488 ) ;
#4826 = CARTESIAN_POINT ( 'NONE',  ( 1.749999999999999778, 0.04999999999999999584, -0.1499999999999999944 ) ) ;
#4827 = ORIENTED_EDGE ( 'NONE', *, *, #5581, .F. ) ;
#4828 = CARTESIAN_POINT ( 'NONE',  ( -0.3750000000000014988, 0.05000000000000000278, -2.956915015869573056E-16 ) ) ;
#4829 =( NAMED_UNIT ( * ) SI_UNIT ( $, .STERADIAN. ) SOLID_ANGLE_UNIT ( ) );
#4830 = DIRECTION ( 'NONE',  ( 1.000000000000000000, 0.000000000000000000, 0.000000000000000000 ) ) ;
#4831 = DIRECTION ( 'NONE',  ( -0.000000000000000000, -1.000000000000000000, -0.000000000000000000 ) ) ;
#4832 = LINE ( 'NONE', #3058, #2065 ) ;
#4833 = DIRECTION ( 'NONE',  ( -1.000000000000000000, -0.000000000000000000, -0.000000000000000000 ) ) ;
#4834 = DIRECTION ( 'NONE',  ( 0.000000000000000000, -1.000000000000000000, 0.000000000000000000 ) ) ;
#4835 = DIRECTION ( 'NONE',  ( 1.000000000000000000, -0.000000000000000000, -0.000000000000000000 ) ) ;
#4836 = ORIENTED_EDGE ( 'NONE', *, *, #1855, .F. ) ;
#4837 = CARTESIAN_POINT ( 'NONE',  ( -0.1499999999999999389, 0.05000000000000000278, 1.185846126156020012E-17 ) ) ;
#4838 = EDGE_LOOP ( 'NONE', ( #512, #1685, #1182, #2700 ) ) ;
#4839 = CARTESIAN_POINT ( 'NONE',  ( 0.8750000000000003331, 0.2000000000000000111, -1.474999999999999867 ) ) ;
#4840 = DIRECTION ( 'NONE',  ( 2.282530889443167022E-16, 0.000000000000000000, -1.000000000000000000 ) ) ;
#4841 = EDGE_LOOP ( 'NONE', ( #3424, #4416, #386, #164 ) ) ;
#4842 = ORIENTED_EDGE ( 'NONE', *, *, #454, .T. ) ;
#4843 = CARTESIAN_POINT ( 'NONE',  ( -1.124999999999999778, 0.2000000000000000111, -1.474999999999999867 ) ) ;
#4844 = DIRECTION ( 'NONE',  ( 0.000000000000000000, -0.000000000000000000, 1.000000000000000000 ) ) ;
#4845 = VERTEX_POINT ( 'NONE', #1864 ) ;
#4846 = EDGE_CURVE ( 'NONE', #3808, #761, #2704, .T. ) ;
#4847 = VERTEX_POINT ( 'NONE', #4080 ) ;
#4848 = PLANE ( 'NONE',  #3762 ) ;
#4849 = LINE ( 'NONE', #793, #2898 ) ;
#4850 = VECTOR ( 'NONE', #4370, 1000.000000000000000 ) ;
#4851 = ORIENTED_EDGE ( 'NONE', *, *, #1620, .F. ) ;
#4852 = CARTESIAN_POINT ( 'NONE',  ( 0.4500000000000000111, 0.2000000000000000111, -0.6499999999999990230 ) ) ;
#4853 = EDGE_CURVE ( 'NONE', #4089, #3918, #2761, .T. ) ;
#4854 = LINE ( 'NONE', #2251, #2452 ) ;
#4855 = CARTESIAN_POINT ( 'NONE',  ( 1.750000000000000222, 6.949747468305833564, 1.750000000000000222 ) ) ;
#4856 = DIRECTION ( 'NONE',  ( 1.000000000000000000, 0.000000000000000000, 0.000000000000000000 ) ) ;
#4857 = CARTESIAN_POINT ( 'NONE',  ( 1.750000000000000222, 0.05000000000000000278, 1.750000000000000222 ) ) ;
#4858 = VERTEX_POINT ( 'NONE', #3658 ) ;
#4859 = DIRECTION ( 'NONE',  ( 7.905640841040137320E-17, -0.000000000000000000, 1.000000000000000000 ) ) ;
#4860 = VERTEX_POINT ( 'NONE', #576 ) ;
#4861 = ADVANCED_FACE ( 'NONE', ( #5415 ), #2357, .T. ) ;
#4862 = LINE ( 'NONE', #890, #4796 ) ;
#4863 = DIRECTION ( 'NONE',  ( -1.141265444721583511E-16, 0.000000000000000000, 1.000000000000000000 ) ) ;
#4864 = ORIENTED_EDGE ( 'NONE', *, *, #1343, .F. ) ;
#4865 = DIRECTION ( 'NONE',  ( 1.000000000000000000, 0.000000000000000000, 0.000000000000000000 ) ) ;
#4866 = CARTESIAN_POINT ( 'NONE',  ( 1.749999999999988454, 0.2000000000000000111, 1.275000000000000133 ) ) ;
#4867 = ORIENTED_EDGE ( 'NONE', *, *, #5162, .T. ) ;
#4868 = FACE_OUTER_BOUND ( 'NONE', #4363, .T. ) ;
#4869 = FACE_OUTER_BOUND ( 'NONE', #1058, .T. ) ;
#4870 = VECTOR ( 'NONE', #4724, 1000.000000000000000 ) ;
#4871 = ORIENTED_EDGE ( 'NONE', *, *, #5444, .T. ) ;
#4872 = VECTOR ( 'NONE', #387, 1000.000000000000000 ) ;
#4873 = VECTOR ( 'NONE', #603, 1000.000000000000000 ) ;
#4874 = ORIENTED_EDGE ( 'NONE', *, *, #1874, .F. ) ;
#4875 = VECTOR ( 'NONE', #3075, 1000.000000000000000 ) ;
#4876 = PLANE ( 'NONE',  #233 ) ;
#4877 = EDGE_CURVE ( 'NONE', #5261, #2463, #5370, .T. ) ;
#4878 = ORIENTED_EDGE ( 'NONE', *, *, #1305, .T. ) ;
#4879 = CARTESIAN_POINT ( 'NONE',  ( -1.350000000000000311, 0.2000000000000000111, -1.050000000000000044 ) ) ;
#4880 = VECTOR ( 'NONE', #2691, 1000.000000000000000 ) ;
#4881 = SURFACE_STYLE_FILL_AREA ( #5283 ) ;
#4882 = DIRECTION ( 'NONE',  ( -1.000000000000000000, 0.000000000000000000, 1.577021341797098398E-15 ) ) ;
#4883 = FILL_AREA_STYLE ('',( #1316 ) ) ;
#4884 = ORIENTED_EDGE ( 'NONE', *, *, #4325, .T. ) ;
#4885 = EDGE_CURVE ( 'NONE', #3015, #2107, #2384, .T. ) ;
#4886 = AXIS2_PLACEMENT_3D ( 'NONE', #4647, #3351, #1976 ) ;
#4887 = EDGE_CURVE ( 'NONE', #489, #5183, #5249, .T. ) ;
#4888 = VECTOR ( 'NONE', #97, 1000.000000000000000 ) ;
#4889 = DIRECTION ( 'NONE',  ( -1.000000000000000000, 0.000000000000000000, 1.141265444721583511E-16 ) ) ;
#4890 =( GEOMETRIC_REPRESENTATION_CONTEXT ( 3 ) GLOBAL_UNCERTAINTY_ASSIGNED_CONTEXT ( ( #1412 ) ) GLOBAL_UNIT_ASSIGNED_CONTEXT ( ( #3092, #867, #4039 ) ) REPRESENTATION_CONTEXT ( 'NONE', 'WORKASPACE' ) );
#4891 = LINE ( 'NONE', #3490, #3956 ) ;
#4892 = EDGE_CURVE ( 'NONE', #5019, #250, #4673, .T. ) ;
#4893 = ORIENTED_EDGE ( 'NONE', *, *, #3377, .F. ) ;
#4894 = DIRECTION ( 'NONE',  ( 0.000000000000000000, 1.000000000000000000, 0.000000000000000000 ) ) ;
#4895 = ORIENTED_EDGE ( 'NONE', *, *, #5502, .F. ) ;
#4896 = VECTOR ( 'NONE', #1889, 1000.000000000000000 ) ;
#4897 = UNCERTAINTY_MEASURE_WITH_UNIT (LENGTH_MEASURE( 1.000000000000000082E-05 ), #2654, 'distance_accuracy_value', 'NONE');
#4898 = VECTOR ( 'NONE', #5635, 1000.000000000000000 ) ;
#4899 = FACE_OUTER_BOUND ( 'NONE', #5485, .T. ) ;
#4900 = DIRECTION ( 'NONE',  ( -0.000000000000000000, -1.000000000000000000, -0.000000000000000000 ) ) ;
#4901 = ORIENTED_EDGE ( 'NONE', *, *, #2235, .T. ) ;
#4902 = CARTESIAN_POINT ( 'NONE',  ( -0.7500000000000000000, 0.2000000000000000111, -1.474999999999999867 ) ) ;
#4903 = CARTESIAN_POINT ( 'NONE',  ( 1.750000000000000000, 0.2000000000000000111, 0.4249999999999999889 ) ) ;
#4904 = PRESENTATION_LAYER_ASSIGNMENT (  '', '', ( #1650 ) ) ;
#4905 = AXIS2_PLACEMENT_3D ( 'NONE', #2619, #3109, #496 ) ;
#4906 = DIRECTION ( 'NONE',  ( -1.000000000000000000, 0.000000000000000000, 1.239088197126290817E-16 ) ) ;
#4907 = LINE ( 'NONE', #957, #3485 ) ;
#4908 = ORIENTED_EDGE ( 'NONE', *, *, #4404, .F. ) ;
#4909 = AXIS2_PLACEMENT_3D ( 'NONE', #286, #3930, #3870 ) ;
#4910 = ORIENTED_EDGE ( 'NONE', *, *, #3241, .F. ) ;
#4911 = FACE_OUTER_BOUND ( 'NONE', #1115, .T. ) ;
#4912 = ORIENTED_EDGE ( 'NONE', *, *, #2582, .T. ) ;
#4913 = CARTESIAN_POINT ( 'NONE',  ( 0.7999999999999941602, 0.2000000000000000111, 0.7249999999999999778 ) ) ;
#4914 = SURFACE_SIDE_STYLE ('',( #4881 ) ) ;
#4915 = CARTESIAN_POINT ( 'NONE',  ( -0.6249999999999996669, 0.000000000000000000, -1.474999999999999867 ) ) ;
#4916 = DIRECTION ( 'NONE',  ( 0.000000000000000000, 0.000000000000000000, -1.000000000000000000 ) ) ;
#4917 = CARTESIAN_POINT ( 'NONE',  ( -0.1499999999999999944, 0.2000000000000000111, -0.6499999999999991340 ) ) ;
#4918 = DIRECTION ( 'NONE',  ( 1.000000000000000000, -0.000000000000000000, -0.000000000000000000 ) ) ;
#4919 = CARTESIAN_POINT ( 'NONE',  ( -0.1249999999999996808, 0.000000000000000000, -1.474999999999999867 ) ) ;
#4920 = SURFACE_SIDE_STYLE ('',( #970 ) ) ;
#4921 = ORIENTED_EDGE ( 'NONE', *, *, #1671, .F. ) ;
#4922 = PLANE ( 'NONE',  #1829 ) ;
#4923 = VERTEX_POINT ( 'NONE', #4272 ) ;
#4924 = ADVANCED_FACE ( 'NONE', ( #4707 ), #194, .F. ) ;
#4925 = EDGE_CURVE ( 'NONE', #2218, #2176, #1128, .T. ) ;
#4926 = DIRECTION ( 'NONE',  ( 0.000000000000000000, -0.000000000000000000, 1.000000000000000000 ) ) ;
#4927 = DIRECTION ( 'NONE',  ( 0.000000000000000000, -0.000000000000000000, -1.000000000000000000 ) ) ;
#4928 = VERTEX_POINT ( 'NONE', #1506 ) ;
#4929 = CYLINDRICAL_SURFACE ( 'NONE', #1273, 0.1250000000000003331 ) ;
#4930 = ADVANCED_FACE ( 'NONE', ( #2871 ), #728, .F. ) ;
#4931 = CARTESIAN_POINT ( 'NONE',  ( -0.7500000000000000000, 0.2000000000000000111, -1.474999999999999867 ) ) ;
#4932 = LINE ( 'NONE', #4014, #426 ) ;
#4933 = CARTESIAN_POINT ( 'NONE',  ( -1.750000000000000000, 0.000000000000000000, 0.1749999999999999611 ) ) ;
#4934 = DIRECTION ( 'NONE',  ( 1.000000000000000000, -0.000000000000000000, -1.141265444721583511E-16 ) ) ;
#4935 = ORIENTED_EDGE ( 'NONE', *, *, #1000, .T. ) ;
#4936 = EDGE_CURVE ( 'NONE', #1097, #3302, #1105, .T. ) ;
#4937 = ORIENTED_EDGE ( 'NONE', *, *, #1017, .T. ) ;
#4938 = CARTESIAN_POINT ( 'NONE',  ( 0.1249999999999996808, 0.2000000000000000111, -1.474999999999999867 ) ) ;
#4939 = PLANE ( 'NONE',  #5064 ) ;
#4940 = ORIENTED_EDGE ( 'NONE', *, *, #1684, .F. ) ;
#4941 = FACE_OUTER_BOUND ( 'NONE', #1041, .T. ) ;
#4942 = DIRECTION ( 'NONE',  ( 1.000000000000000000, 0.000000000000000000, 7.885106708985497909E-16 ) ) ;
#4943 = DIRECTION ( 'NONE',  ( 0.000000000000000000, 1.000000000000000000, 0.000000000000000000 ) ) ;
#4944 = LINE ( 'NONE', #912, #402 ) ;
#4945 = CARTESIAN_POINT ( 'NONE',  ( -0.7999999999999998224, 0.2000000000000000111, -0.5500000000000001554 ) ) ;
#4946 = DIRECTION ( 'NONE',  ( -0.000000000000000000, -1.000000000000000000, -0.000000000000000000 ) ) ;
#4947 = FACE_OUTER_BOUND ( 'NONE', #3845, .T. ) ;
#4948 = ORIENTED_EDGE ( 'NONE', *, *, #3854, .T. ) ;
#4949 = CARTESIAN_POINT ( 'NONE',  ( -1.749999999999999778, 1.000000000000000000, 1.750000000000000666 ) ) ;
#4950 = ORIENTED_EDGE ( 'NONE', *, *, #2751, .T. ) ;
#4951 = LINE ( 'NONE', #3202, #1372 ) ;
#4952 = CARTESIAN_POINT ( 'NONE',  ( 1.750000000000000000, 0.2000000000000000111, 0.1749999999999999611 ) ) ;
#4953 = VERTEX_POINT ( 'NONE', #5128 ) ;
#4954 = CARTESIAN_POINT ( 'NONE',  ( 1.750000000000000000, 0.2000000000000000111, 0.4249999999999999889 ) ) ;
#4955 = EDGE_CURVE ( 'NONE', #5358, #3145, #3326, .T. ) ;
#4956 = CARTESIAN_POINT ( 'NONE',  ( 0.000000000000000000, 0.000000000000000000, 0.000000000000000000 ) ) ;
#4957 = EDGE_CURVE ( 'NONE', #1583, #4923, #2464, .T. ) ;
#4958 = CARTESIAN_POINT ( 'NONE',  ( -0.7999999999999998224, 0.2000000000000000111, -0.1500000000000000777 ) ) ;
#4959 = PLANE ( 'NONE',  #4063 ) ;
#4960 = EDGE_CURVE ( 'NONE', #3413, #4199, #2499, .T. ) ;
#4961 = LINE ( 'NONE', #2297, #5613 ) ;
#4962 = VERTEX_POINT ( 'NONE', #3803 ) ;
#4963 = ORIENTED_EDGE ( 'NONE', *, *, #5285, .F. ) ;
#4964 = CARTESIAN_POINT ( 'NONE',  ( 1.750000000000000222, 0.2000000000000000111, -1.050000000000000044 ) ) ;
#4965 = ADVANCED_FACE ( 'NONE', ( #4242 ), #1589, .T. ) ;
#4966 = CARTESIAN_POINT ( 'NONE',  ( -0.8750000000000001110, 0.2000000000000000111, -1.749999999999999556 ) ) ;
#4967 = EDGE_LOOP ( 'NONE', ( #5291, #3857, #2976, #585, #536, #2247, #4279, #2781, #888, #1785, #5668, #79, #2271, #1070, #1234, #1569, #3897, #4733, #2760, #5102, #1411, #5570, #296, #320 ) ) ;
#4968 = CARTESIAN_POINT ( 'NONE',  ( 0.7999999999999883871, 0.2000000000000000111, 1.274999999999999911 ) ) ;
#4969 = DIRECTION ( 'NONE',  ( 0.000000000000000000, -1.000000000000000000, 0.000000000000000000 ) ) ;
#4970 = VECTOR ( 'NONE', #4686, 1000.000000000000000 ) ;
#4971 = VECTOR ( 'NONE', #288, 1000.000000000000000 ) ;
#4972 = SURFACE_SIDE_STYLE ('',( #1317 ) ) ;
#4973 = DIRECTION ( 'NONE',  ( 1.000000000000000000, 0.000000000000000000, 2.282530889443167022E-16 ) ) ;
#4974 = SURFACE_STYLE_USAGE ( .BOTH. , #4920 ) ;
#4975 = ORIENTED_EDGE ( 'NONE', *, *, #5545, .F. ) ;
#4976 = DIRECTION ( 'NONE',  ( -9.035018104045870694E-17, 0.000000000000000000, -1.000000000000000000 ) ) ;
#4977 = VECTOR ( 'NONE', #4934, 1000.000000000000000 ) ;
#4978 = EDGE_LOOP ( 'NONE', ( #4808, #4328, #4034, #5669 ) ) ;
#4979 = PRESENTATION_LAYER_ASSIGNMENT (  '', '', ( #1453 ) ) ;
#4980 = VECTOR ( 'NONE', #718, 1000.000000000000000 ) ;
#4981 = VECTOR ( 'NONE', #2881, 1000.000000000000000 ) ;
#4982 = CARTESIAN_POINT ( 'NONE',  ( 1.749999999999994449, 0.2000000000000000111, 0.7249999999999999778 ) ) ;
#4983 = CARTESIAN_POINT ( 'NONE',  ( -1.125000000000000222, 0.2000000000000000111, -1.749999999999999778 ) ) ;
#4984 = ORIENTED_EDGE ( 'NONE', *, *, #298, .F. ) ;
#4985 = VECTOR ( 'NONE', #4614, 1000.000000000000000 ) ;
#4986 = DIRECTION ( 'NONE',  ( 0.000000000000000000, -0.000000000000000000, 1.000000000000000000 ) ) ;
#4987 = COLOUR_RGB ( '',0.2509803921568627416, 0.2509803921568627416, 0.2509803921568627416 ) ;
#4988 = CARTESIAN_POINT ( 'NONE',  ( 1.749999999999988454, 0.2000000000000000111, 1.275000000000000133 ) ) ;
#4989 = PLANE ( 'NONE',  #613 ) ;
#4990 =( NAMED_UNIT ( * ) PLANE_ANGLE_UNIT ( ) SI_UNIT ( $, .RADIAN. ) );
#4991 = ADVANCED_FACE ( 'NONE', ( #5470 ), #2440, .F. ) ;
#4992 = VERTEX_POINT ( 'NONE', #2414 ) ;
#4993 = EDGE_CURVE ( 'NONE', #4259, #5205, #5040, .T. ) ;
#4994 = VECTOR ( 'NONE', #2448, 1000.000000000000000 ) ;
#4995 = EDGE_CURVE ( 'NONE', #3444, #1003, #5500, .T. ) ;
#4996 = VERTEX_POINT ( 'NONE', #1120 ) ;
#4997 = FACE_OUTER_BOUND ( 'NONE', #1082, .T. ) ;
#4998 = VERTEX_POINT ( 'NONE', #2914 ) ;
#4999 = DIRECTION ( 'NONE',  ( 1.000000000000000000, 0.000000000000000000, 2.282530889443167022E-16 ) ) ;
#5000 = LINE ( 'NONE', #1890, #3504 ) ;
#5001 = ADVANCED_FACE ( 'NONE', ( #4175 ), #4939, .T. ) ;
#5002 = FILL_AREA_STYLE_COLOUR ( '', #1930 ) ;
#5003 = ORIENTED_EDGE ( 'NONE', *, *, #2817, .T. ) ;
#5004 = CARTESIAN_POINT ( 'NONE',  ( 1.375000000000000444, 0.2000000000000000111, -1.474999999999999867 ) ) ;
#5005 = ORIENTED_EDGE ( 'NONE', *, *, #3216, .T. ) ;
#5006 = EDGE_CURVE ( 'NONE', #501, #1634, #5066, .T. ) ;
#5007 = DIRECTION ( 'NONE',  ( 0.000000000000000000, 0.000000000000000000, 1.000000000000000000 ) ) ;
#5008 = DIRECTION ( 'NONE',  ( -0.000000000000000000, -1.000000000000000000, -0.000000000000000000 ) ) ;
#5009 = LINE ( 'NONE', #5381, #2112 ) ;
#5010 = PLANE ( 'NONE',  #2348 ) ;
#5011 = CARTESIAN_POINT ( 'NONE',  ( 1.750000000000000222, 0.2000000000000000111, -0.8000000000000000444 ) ) ;
#5012 = EDGE_LOOP ( 'NONE', ( #4301, #4391, #4628, #1505 ) ) ;
#5013 = ORIENTED_EDGE ( 'NONE', *, *, #2341, .T. ) ;
#5014 = PLANE ( 'NONE',  #4516 ) ;
#5015 = EDGE_LOOP ( 'NONE', ( #1294, #1637, #4871, #1404 ) ) ;
#5016 = PLANE ( 'NONE',  #1640 ) ;
#5017 = ADVANCED_FACE ( 'NONE', ( #211 ), #5090, .T. ) ;
#5018 = DIRECTION ( 'NONE',  ( -1.000000000000000000, 0.000000000000000000, 8.673617379884035472E-16 ) ) ;
#5019 = VERTEX_POINT ( 'NONE', #3284 ) ;
#5020 = ADVANCED_FACE ( 'NONE', ( #2053 ), #2886, .F. ) ;
#5021 = VERTEX_POINT ( 'NONE', #5553 ) ;
#5022 = CARTESIAN_POINT ( 'NONE',  ( 1.750000000000000222, 0.05000000000000000278, -1.749999999999999778 ) ) ;
#5023 = CARTESIAN_POINT ( 'NONE',  ( 0.7999999999999941602, 0.2000000000000000111, 0.7249999999999999778 ) ) ;
#5024 = CARTESIAN_POINT ( 'NONE',  ( 0.6249999999999998890, 0.04999999999999999584, -1.749999999999999556 ) ) ;
#5025 = FACE_OUTER_BOUND ( 'NONE', #2591, .T. ) ;
#5026 = DIRECTION ( 'NONE',  ( 0.000000000000000000, -0.000000000000000000, 1.000000000000000000 ) ) ;
#5027 = EDGE_CURVE ( 'NONE', #761, #1297, #1147, .T. ) ;
#5028 = CYLINDRICAL_SURFACE ( 'NONE', #1330, 0.1250000000000003331 ) ;
#5029 = PLANE ( 'NONE',  #4522 ) ;
#5030 = VECTOR ( 'NONE', #5018, 1000.000000000000000 ) ;
#5031 = LINE ( 'NONE', #4604, #4799 ) ;
#5032 = ORIENTED_EDGE ( 'NONE', *, *, #3340, .T. ) ;
#5033 = SURFACE_STYLE_FILL_AREA ( #5524 ) ;
#5034 = ORIENTED_EDGE ( 'NONE', *, *, #1265, .T. ) ;
#5035 = VECTOR ( 'NONE', #1054, 1000.000000000000000 ) ;
#5036 = EDGE_CURVE ( 'NONE', #2049, #824, #5491, .T. ) ;
#5037 = ORIENTED_EDGE ( 'NONE', *, *, #2016, .F. ) ;
#5038 = DIRECTION ( 'NONE',  ( 0.000000000000000000, 0.000000000000000000, -1.000000000000000000 ) ) ;
#5039 = ORIENTED_EDGE ( 'NONE', *, *, #1157, .T. ) ;
#5040 = LINE ( 'NONE', #4182, #5614 ) ;
#5041 = FACE_OUTER_BOUND ( 'NONE', #4838, .T. ) ;
#5042 = ORIENTED_EDGE ( 'NONE', *, *, #4108, .T. ) ;
#5043 = LINE ( 'NONE', #1049, #923 ) ;
#5044 = DIRECTION ( 'NONE',  ( -0.000000000000000000, -0.000000000000000000, -1.000000000000000000 ) ) ;
#5045 = ORIENTED_EDGE ( 'NONE', *, *, #95, .T. ) ;
#5046 = DIRECTION ( 'NONE',  ( 1.577021341797098398E-15, 0.000000000000000000, 1.000000000000000000 ) ) ;
#5047 = AXIS2_PLACEMENT_3D ( 'NONE', #5107, #677, #266 ) ;
#5048 = EDGE_LOOP ( 'NONE', ( #3643, #2923, #2146, #991 ) ) ;
#5049 = EDGE_CURVE ( 'NONE', #304, #313, #4636, .T. ) ;
#5050 = AXIS2_PLACEMENT_3D ( 'NONE', #5353, #5666, #3974 ) ;
#5051 = EDGE_CURVE ( 'NONE', #3434, #1428, #962, .T. ) ;
#5052 = AXIS2_PLACEMENT_3D ( 'NONE', #5746, #1339, #5389 ) ;
#5053 = EDGE_CURVE ( 'NONE', #1208, #5073, #1582, .T. ) ;
#5054 = AXIS2_PLACEMENT_3D ( 'NONE', #2497, #4270, #306 ) ;
#5055 = CARTESIAN_POINT ( 'NONE',  ( 0.000000000000000000, 0.000000000000000000, 0.000000000000000000 ) ) ;
#5056 = CARTESIAN_POINT ( 'NONE',  ( 0.4500000000000000111, 0.2000000000000000111, -0.6499999999999990230 ) ) ;
#5057 = EDGE_LOOP ( 'NONE', ( #3961, #1742, #2036, #5451 ) ) ;
#5058 = CARTESIAN_POINT ( 'NONE',  ( -0.2500000000000000000, 0.2000000000000000111, -1.474999999999999867 ) ) ;
#5059 = EDGE_LOOP ( 'NONE', ( #5127, #1852, #5142, #2234 ) ) ;
#5060 = AXIS2_PLACEMENT_3D ( 'NONE', #3556, #1326, #4926 ) ;
#5061 = AXIS2_PLACEMENT_3D ( 'NONE', #2916, #3004, #2492 ) ;
#5062 = ADVANCED_FACE ( 'NONE', ( #4232 ), #1941, .F. ) ;
#5063 = DIRECTION ( 'NONE',  ( -0.000000000000000000, -1.000000000000000000, -0.000000000000000000 ) ) ;
#5064 = AXIS2_PLACEMENT_3D ( 'NONE', #719, #5523, #685 ) ;
#5065 = DIRECTION ( 'NONE',  ( 0.000000000000000000, 0.000000000000000000, 1.000000000000000000 ) ) ;
#5066 = LINE ( 'NONE', #1560, #3873 ) ;
#5067 = EDGE_LOOP ( 'NONE', ( #2331, #4851, #3443, #3121 ) ) ;
#5068 = VECTOR ( 'NONE', #1053, 1000.000000000000000 ) ;
#5069 = ORIENTED_EDGE ( 'NONE', *, *, #1486, .T. ) ;
#5070 = VECTOR ( 'NONE', #1518, 1000.000000000000000 ) ;
#5071 = ORIENTED_EDGE ( 'NONE', *, *, #3909, .F. ) ;
#5072 = LINE ( 'NONE', #2438, #2919 ) ;
#5073 = VERTEX_POINT ( 'NONE', #3341 ) ;
#5074 = DIRECTION ( 'NONE',  ( 1.000000000000000000, 0.000000000000000000, -0.000000000000000000 ) ) ;
#5075 = AXIS2_PLACEMENT_3D ( 'NONE', #4956, #2818, #2421 ) ;
#5076 = CARTESIAN_POINT ( 'NONE',  ( 6.276959945968713255E-17, 0.05000000000000000278, -0.5500000000000002665 ) ) ;
#5077 = DIRECTION ( 'NONE',  ( 0.000000000000000000, -1.000000000000000000, 0.000000000000000000 ) ) ;
#5078 = AXIS2_PLACEMENT_3D ( 'NONE', #3047, #4830, #856 ) ;
#5079 = EDGE_LOOP ( 'NONE', ( #1676, #4706, #5109, #5039 ) ) ;
#5080 = DIRECTION ( 'NONE',  ( 0.000000000000000000, 0.000000000000000000, -1.000000000000000000 ) ) ;
#5081 = ORIENTED_EDGE ( 'NONE', *, *, #3818, .T. ) ;
#5082 = DIRECTION ( 'NONE',  ( -0.000000000000000000, -0.000000000000000000, -1.000000000000000000 ) ) ;
#5083 = FACE_OUTER_BOUND ( 'NONE', #4696, .T. ) ;
#5084 = LINE ( 'NONE', #3279, #1185 ) ;
#5085 = DIRECTION ( 'NONE',  ( 0.000000000000000000, -0.000000000000000000, 1.000000000000000000 ) ) ;
#5086 = EDGE_LOOP ( 'NONE', ( #2073, #107, #5748, #200 ) ) ;
#5087 = EDGE_CURVE ( 'NONE', #1015, #4259, #1094, .T. ) ;
#5088 = PLANE ( 'NONE',  #2123 ) ;
#5089 = CARTESIAN_POINT ( 'NONE',  ( 0.2500000000000000000, 0.04999999999999999584, -1.474999999999999867 ) ) ;
#5090 = PLANE ( 'NONE',  #1371 ) ;
#5091 = VERTEX_POINT ( 'NONE', #185 ) ;
#5092 = EDGE_CURVE ( 'NONE', #3010, #2608, #659, .T. ) ;
#5093 = VERTEX_POINT ( 'NONE', #2429 ) ;
#5094 = PLANE ( 'NONE',  #2203 ) ;
#5095 = FACE_OUTER_BOUND ( 'NONE', #937, .T. ) ;
#5096 = EDGE_LOOP ( 'NONE', ( #5464, #3685, #3298, #5744 ) ) ;
#5097 = DIRECTION ( 'NONE',  ( 0.000000000000000000, 1.000000000000000000, 0.000000000000000000 ) ) ;
#5098 = CARTESIAN_POINT ( 'NONE',  ( -0.7999999999999998224, 0.2000000000000000111, -0.1500000000000000777 ) ) ;
#5099 = EDGE_CURVE ( 'NONE', #2876, #1001, #4198, .T. ) ;
#5100 = ORIENTED_EDGE ( 'NONE', *, *, #3662, .T. ) ;
#5101 = FILL_AREA_STYLE_COLOUR ( '', #2128 ) ;
#5102 = ORIENTED_EDGE ( 'NONE', *, *, #1447, .T. ) ;
#5103 = LINE ( 'NONE', #4310, #3201 ) ;
#5104 = CARTESIAN_POINT ( 'NONE',  ( 0.7500000000000000000, 0.2000000000000000111, -1.474999999999999867 ) ) ;
#5105 = PRODUCT_RELATED_PRODUCT_CATEGORY ( 'part', '', ( #4251 ) ) ;
#5106 = DIRECTION ( 'NONE',  ( 0.000000000000000000, -1.000000000000000000, 0.000000000000000000 ) ) ;
#5107 = CARTESIAN_POINT ( 'NONE',  ( -0.7999999999999999334, 0.2000000000000000111, 0.4249999999999998779 ) ) ;
#5108 = CARTESIAN_POINT ( 'NONE',  ( 1.750000000000000000, 0.000000000000000000, 0.4249999999999999889 ) ) ;
#5109 = ORIENTED_EDGE ( 'NONE', *, *, #408, .F. ) ;
#5110 = CARTESIAN_POINT ( 'NONE',  ( -0.7999999999999941602, 0.2000000000000000111, 0.9749999999999999778 ) ) ;
#5111 = VECTOR ( 'NONE', #4499, 1000.000000000000000 ) ;
#5112 = VERTEX_POINT ( 'NONE', #1609 ) ;
#5113 = EDGE_LOOP ( 'NONE', ( #3401, #1438, #3526, #2416 ) ) ;
#5114 = DIRECTION ( 'NONE',  ( 0.000000000000000000, 0.000000000000000000, 1.000000000000000000 ) ) ;
#5115 = VECTOR ( 'NONE', #2987, 1000.000000000000000 ) ;
#5116 = DIRECTION ( 'NONE',  ( -0.000000000000000000, -1.000000000000000000, -0.000000000000000000 ) ) ;
#5117 = EDGE_CURVE ( 'NONE', #119, #3621, #3704, .T. ) ;
#5118 = DIRECTION ( 'NONE',  ( -0.000000000000000000, 0.000000000000000000, -1.000000000000000000 ) ) ;
#5119 = VERTEX_POINT ( 'NONE', #3261 ) ;
#5120 = FILL_AREA_STYLE ('',( #3797 ) ) ;
#5121 = EDGE_CURVE ( 'NONE', #4845, #2934, #5031, .T. ) ;
#5122 = EDGE_CURVE ( 'NONE', #877, #3025, #2406, .T. ) ;
#5123 = ORIENTED_EDGE ( 'NONE', *, *, #932, .F. ) ;
#5124 = CARTESIAN_POINT ( 'NONE',  ( -0.8750000000000003331, 0.2000000000000000111, -1.474999999999999867 ) ) ;
#5125 = ADVANCED_FACE ( 'NONE', ( #3061 ), #2627, .F. ) ;
#5126 = CARTESIAN_POINT ( 'NONE',  ( 0.1499999999999999944, 0.2000000000000000111, -0.6499999999999990230 ) ) ;
#5127 = ORIENTED_EDGE ( 'NONE', *, *, #3309, .T. ) ;
#5128 = CARTESIAN_POINT ( 'NONE',  ( -0.6249999999999996669, 0.2000000000000000111, -1.474999999999999867 ) ) ;
#5129 = PLANE ( 'NONE',  #823 ) ;
#5130 = VERTEX_POINT ( 'NONE', #3002 ) ;
#5131 = SURFACE_STYLE_FILL_AREA ( #2932 ) ;
#5132 = CLOSED_SHELL ( 'NONE', ( #3535, #4930, #986, #2467, #3192, #2860 ) ) ;
#5133 = ORIENTED_EDGE ( 'NONE', *, *, #4626, .F. ) ;
#5134 = FACE_OUTER_BOUND ( 'NONE', #644, .T. ) ;
#5135 = DIRECTION ( 'NONE',  ( -0.000000000000000000, -1.000000000000000000, -0.000000000000000000 ) ) ;
#5136 = MECHANICAL_DESIGN_GEOMETRIC_PRESENTATION_REPRESENTATION (  '', ( #688 ), #3006 ) ;
#5137 = CARTESIAN_POINT ( 'NONE',  ( 0.3750000000000003331, 0.000000000000000000, -1.474999999999999867 ) ) ;
#5138 = VECTOR ( 'NONE', #2342, 1000.000000000000000 ) ;
#5139 = CARTESIAN_POINT ( 'NONE',  ( -1.749999999999988454, 0.2000000000000000111, 1.275000000000000133 ) ) ;
#5140 = ORIENTED_EDGE ( 'NONE', *, *, #2168, .F. ) ;
#5141 = DIRECTION ( 'NONE',  ( -0.000000000000000000, -1.000000000000000000, -0.000000000000000000 ) ) ;
#5142 = ORIENTED_EDGE ( 'NONE', *, *, #105, .F. ) ;
#5143 = ORIENTED_EDGE ( 'NONE', *, *, #5227, .F. ) ;
#5144 = VECTOR ( 'NONE', #2508, 1000.000000000000000 ) ;
#5145 = VECTOR ( 'NONE', #2557, 1000.000000000000000 ) ;
#5146 = DIRECTION ( 'NONE',  ( 1.000000000000000000, -0.000000000000000000, -0.000000000000000000 ) ) ;
#5147 = DIRECTION ( 'NONE',  ( 0.000000000000000000, 1.000000000000000000, 0.000000000000000000 ) ) ;
#5148 = LINE ( 'NONE', #1735, #3976 ) ;
#5149 = ORIENTED_EDGE ( 'NONE', *, *, #3789, .F. ) ;
#5150 =( NAMED_UNIT ( * ) SI_UNIT ( $, .STERADIAN. ) SOLID_ANGLE_UNIT ( ) );
#5151 = VECTOR ( 'NONE', #4670, 1000.000000000000000 ) ;
#5152 = EDGE_CURVE ( 'NONE', #3459, #2062, #2077, .T. ) ;
#5153 = VECTOR ( 'NONE', #1939, 1000.000000000000000 ) ;
#5154 = EDGE_LOOP ( 'NONE', ( #38, #560, #3796, #216 ) ) ;
#5155 = AXIS2_PLACEMENT_3D ( 'NONE', #4069, #3951, #4865 ) ;
#5156 = DIRECTION ( 'NONE',  ( 0.000000000000000000, -1.000000000000000000, 0.000000000000000000 ) ) ;
#5157 = DIRECTION ( 'NONE',  ( -2.282530889443167022E-16, 0.000000000000000000, -1.000000000000000000 ) ) ;
#5158 = ORIENTED_EDGE ( 'NONE', *, *, #2929, .T. ) ;
#5159 = VECTOR ( 'NONE', #3731, 1000.000000000000000 ) ;
#5160 = EDGE_CURVE ( 'NONE', #2485, #2329, #1673, .T. ) ;
#5161 = LINE ( 'NONE', #5188, #916 ) ;
#5162 = EDGE_CURVE ( 'NONE', #2501, #4729, #391, .T. ) ;
#5163 = VERTEX_POINT ( 'NONE', #840 ) ;
#5164 = CIRCLE ( 'NONE', #4609, 0.1250000000000003331 ) ;
#5165 = FACE_OUTER_BOUND ( 'NONE', #2299, .T. ) ;
#5166 = LINE ( 'NONE', #4768, #1788 ) ;
#5167 = VECTOR ( 'NONE', #223, 1000.000000000000000 ) ;
#5168 = ORIENTED_EDGE ( 'NONE', *, *, #1458, .T. ) ;
#5169 = CARTESIAN_POINT ( 'NONE',  ( -1.394229623805780305, 1.000000000000000000, -1.375884497176759647 ) ) ;
#5170 = EDGE_CURVE ( 'NONE', #2011, #773, #4295, .T. ) ;
#5171 = VECTOR ( 'NONE', #380, 1000.000000000000000 ) ;
#5172 = DIRECTION ( 'NONE',  ( -0.000000000000000000, -1.000000000000000000, -0.000000000000000000 ) ) ;
#5173 = CARTESIAN_POINT ( 'NONE',  ( -1.375000000000000444, 0.2000000000000000111, -1.474999999999999867 ) ) ;
#5174 = VERTEX_POINT ( 'NONE', #2115 ) ;
#5175 = CARTESIAN_POINT ( 'NONE',  ( -1.250000000000000000, 0.000000000000000000, -1.474999999999999867 ) ) ;
#5176 = VERTEX_POINT ( 'NONE', #3981 ) ;
#5177 = ORIENTED_EDGE ( 'NONE', *, *, #4395, .T. ) ;
#5178 = VERTEX_POINT ( 'NONE', #810 ) ;
#5179 =( GEOMETRIC_REPRESENTATION_CONTEXT ( 3 ) GLOBAL_UNCERTAINTY_ASSIGNED_CONTEXT ( ( #4720 ) ) GLOBAL_UNIT_ASSIGNED_CONTEXT ( ( #2961, #2553, #792 ) ) REPRESENTATION_CONTEXT ( 'NONE', 'WORKASPACE' ) );
#5180 = PRODUCT_DEFINITION ( 'UNKNOWN', '', #1540, #2904 ) ;
#5181 = DIRECTION ( 'NONE',  ( -1.000000000000000000, 0.000000000000000000, 1.577021341797098398E-15 ) ) ;
#5182 = DIRECTION ( 'NONE',  ( 7.885106708985497909E-16, 0.000000000000000000, -1.000000000000000000 ) ) ;
#5183 = VERTEX_POINT ( 'NONE', #5642 ) ;
#5184 = ORIENTED_EDGE ( 'NONE', *, *, #1119, .T. ) ;
#5185 = CARTESIAN_POINT ( 'NONE',  ( -0.7999999999999941602, 0.2000000000000000111, 0.9749999999999999778 ) ) ;
#5186 = LINE ( 'NONE', #5126, #3571 ) ;
#5187 = VERTEX_POINT ( 'NONE', #1267 ) ;
#5188 = CARTESIAN_POINT ( 'NONE',  ( 0.1499999999999999389, 0.05000000000000000278, 1.185846126156020012E-17 ) ) ;
#5189 = ORIENTED_EDGE ( 'NONE', *, *, #5170, .T. ) ;
#5190 = SURFACE_STYLE_FILL_AREA ( #1711 ) ;
#5191 = DIRECTION ( 'NONE',  ( 0.000000000000000000, -1.000000000000000000, 0.000000000000000000 ) ) ;
#5192 = CARTESIAN_POINT ( 'NONE',  ( -0.1499999999999999944, 0.2000000000000000111, -0.6499999999999991340 ) ) ;
#5193 = EDGE_CURVE ( 'NONE', #1151, #4422, #3922, .T. ) ;
#5194 = ORIENTED_EDGE ( 'NONE', *, *, #559, .F. ) ;
#5195 = CARTESIAN_POINT ( 'NONE',  ( 0.7999999999999941602, 0.000000000000000000, 0.7249999999999999778 ) ) ;
#5196 = LINE ( 'NONE', #5284, #2851 ) ;
#5197 = EDGE_CURVE ( 'NONE', #1504, #5201, #5207, .T. ) ;
#5198 = CARTESIAN_POINT ( 'NONE',  ( 0.1499999999999999944, 0.2000000000000000111, -0.6499999999999990230 ) ) ;
#5199 = DIRECTION ( 'NONE',  ( 0.000000000000000000, 0.000000000000000000, 1.000000000000000000 ) ) ;
#5200 = CARTESIAN_POINT ( 'NONE',  ( -0.1499999999999999944, 0.2000000000000000111, -0.6499999999999991340 ) ) ;
#5201 = VERTEX_POINT ( 'NONE', #4323 ) ;
#5202 = LINE ( 'NONE', #4316, #3489 ) ;
#5203 = ORIENTED_EDGE ( 'NONE', *, *, #1920, .T. ) ;
#5204 = EDGE_LOOP ( 'NONE', ( #749, #2900, #2078, #420 ) ) ;
#5205 = VERTEX_POINT ( 'NONE', #4359 ) ;
#5206 = DIRECTION ( 'NONE',  ( 0.000000000000000000, -1.000000000000000000, 0.000000000000000000 ) ) ;
#5207 = LINE ( 'NONE', #1701, #3771 ) ;
#5208 = ORIENTED_EDGE ( 'NONE', *, *, #5258, .F. ) ;
#5209 = ORIENTED_EDGE ( 'NONE', *, *, #5730, .F. ) ;
#5210 = FACE_OUTER_BOUND ( 'NONE', #3465, .T. ) ;
#5211 = DIRECTION ( 'NONE',  ( -1.000000000000000000, -0.000000000000000000, -2.282530889443167022E-16 ) ) ;
#5212 = ORIENTED_EDGE ( 'NONE', *, *, #4957, .F. ) ;
#5213 = EDGE_LOOP ( 'NONE', ( #1947, #2453, #1769, #905 ) ) ;
#5214 = SURFACE_SIDE_STYLE ('',( #1656 ) ) ;
#5215 = DIRECTION ( 'NONE',  ( 0.000000000000000000, -1.000000000000000000, 0.000000000000000000 ) ) ;
#5216 = LINE ( 'NONE', #763, #1048 ) ;
#5217 = VERTEX_POINT ( 'NONE', #1237 ) ;
#5218 = PLANE ( 'NONE',  #4138 ) ;
#5219 = DIRECTION ( 'NONE',  ( 0.000000000000000000, -0.000000000000000000, 1.000000000000000000 ) ) ;
#5220 = DIRECTION ( 'NONE',  ( -0.000000000000000000, -0.000000000000000000, -1.000000000000000000 ) ) ;
#5221 =( GEOMETRIC_REPRESENTATION_CONTEXT ( 3 ) GLOBAL_UNCERTAINTY_ASSIGNED_CONTEXT ( ( #946 ) ) GLOBAL_UNIT_ASSIGNED_CONTEXT ( ( #3396, #2966, #3879 ) ) REPRESENTATION_CONTEXT ( 'NONE', 'WORKASPACE' ) );
#5222 = FACE_OUTER_BOUND ( 'NONE', #4519, .T. ) ;
#5223 = CARTESIAN_POINT ( 'NONE',  ( 0.7999999999999941602, 0.2000000000000000111, 0.9749999999999999778 ) ) ;
#5224 = ADVANCED_FACE ( 'NONE', ( #419 ), #2541, .T. ) ;
#5225 = FACE_OUTER_BOUND ( 'NONE', #801, .T. ) ;
#5226 = ORIENTED_EDGE ( 'NONE', *, *, #4253, .T. ) ;
#5227 = EDGE_CURVE ( 'NONE', #602, #1140, #5736, .T. ) ;
#5228 = EDGE_CURVE ( 'NONE', #10, #1110, #4783, .T. ) ;
#5229 = FACE_OUTER_BOUND ( 'NONE', #4366, .T. ) ;
#5230 = EDGE_CURVE ( 'NONE', #4962, #3287, #5148, .T. ) ;
#5231 = DIRECTION ( 'NONE',  ( 0.000000000000000000, -1.000000000000000000, 0.000000000000000000 ) ) ;
#5232 = ORIENTED_EDGE ( 'NONE', *, *, #2772, .T. ) ;
#5233 = DIRECTION ( 'NONE',  ( -0.000000000000000000, -1.000000000000000000, -0.000000000000000000 ) ) ;
#5234 = EDGE_CURVE ( 'NONE', #1819, #861, #3464, .T. ) ;
#5235 = AXIS2_PLACEMENT_3D ( 'NONE', #4570, #591, #2367 ) ;
#5236 = VECTOR ( 'NONE', #4520, 1000.000000000000000 ) ;
#5237 = ORIENTED_EDGE ( 'NONE', *, *, #389, .F. ) ;
#5238 = CARTESIAN_POINT ( 'NONE',  ( -1.750000000000000000, 0.2000000000000000111, 0.1749999999999999611 ) ) ;
#5239 = VECTOR ( 'NONE', #251, 1000.000000000000000 ) ;
#5240 = DIRECTION ( 'NONE',  ( 0.000000000000000000, -0.000000000000000000, -1.000000000000000000 ) ) ;
#5241 = AXIS2_PLACEMENT_3D ( 'NONE', #2698, #3183, #2668 ) ;
#5242 = EDGE_LOOP ( 'NONE', ( #2519, #4466, #2779, #1999 ) ) ;
#5243 = VECTOR ( 'NONE', #5116, 1000.000000000000000 ) ;
#5244 = PRESENTATION_LAYER_ASSIGNMENT (  '', '', ( #52 ) ) ;
#5245 = EDGE_CURVE ( 'NONE', #5737, #2874, #2206, .T. ) ;
#5246 = ORIENTED_EDGE ( 'NONE', *, *, #5471, .F. ) ;
#5247 =( NAMED_UNIT ( * ) PLANE_ANGLE_UNIT ( ) SI_UNIT ( $, .RADIAN. ) );
#5248 = LINE ( 'NONE', #3073, #114 ) ;
#5249 = CIRCLE ( 'NONE', #3397, 0.1250000000000001110 ) ;
#5250 = ORIENTED_EDGE ( 'NONE', *, *, #3226, .F. ) ;
#5251 = DIRECTION ( 'NONE',  ( 1.577021341797098398E-15, -0.000000000000000000, 1.000000000000000000 ) ) ;
#5252 = DIRECTION ( 'NONE',  ( 1.000000000000000000, 0.000000000000000000, 2.282530889443167022E-16 ) ) ;
#5253 = PLANE ( 'NONE',  #5078 ) ;
#5254 = DIRECTION ( 'NONE',  ( -0.000000000000000000, -1.000000000000000000, -0.000000000000000000 ) ) ;
#5255 = VECTOR ( 'NONE', #5544, 1000.000000000000000 ) ;
#5256 = CARTESIAN_POINT ( 'NONE',  ( 0.000000000000000000, 0.2000000000000000111, 0.000000000000000000 ) ) ;
#5257 = PLANE ( 'NONE',  #4905 ) ;
#5258 = EDGE_CURVE ( 'NONE', #504, #110, #4243, .T. ) ;
#5259 = PLANE ( 'NONE',  #2550 ) ;
#5260 = DIRECTION ( 'NONE',  ( 7.905640841040137320E-17, 0.000000000000000000, 1.000000000000000000 ) ) ;
#5261 = VERTEX_POINT ( 'NONE', #3850 ) ;
#5262 = FACE_OUTER_BOUND ( 'NONE', #3467, .T. ) ;
#5263 = ORIENTED_EDGE ( 'NONE', *, *, #3036, .F. ) ;
#5264 = VECTOR ( 'NONE', #2190, 1000.000000000000000 ) ;
#5265 = VECTOR ( 'NONE', #209, 1000.000000000000000 ) ;
#5266 = EDGE_CURVE ( 'NONE', #5183, #4371, #5609, .T. ) ;
#5267 = DIRECTION ( 'NONE',  ( -0.000000000000000000, -1.000000000000000000, -0.000000000000000000 ) ) ;
#5268 = DIRECTION ( 'NONE',  ( 0.000000000000000000, 0.000000000000000000, 1.000000000000000000 ) ) ;
#5269 = ORIENTED_EDGE ( 'NONE', *, *, #5317, .F. ) ;
#5270 = LINE ( 'NONE', #481, #2387 ) ;
#5271 = EDGE_CURVE ( 'NONE', #3189, #3558, #2975, .T. ) ;
#5272 = STYLED_ITEM ( 'NONE', ( #4247 ), #1954 ) ;
#5273 = ORIENTED_EDGE ( 'NONE', *, *, #5650, .F. ) ;
#5274 = LINE ( 'NONE', #461, #1537 ) ;
#5275 = EDGE_CURVE ( 'NONE', #3436, #4032, #928, .T. ) ;
#5276 = DIRECTION ( 'NONE',  ( 1.000000000000000000, 0.000000000000000000, 0.000000000000000000 ) ) ;
#5277 = VERTEX_POINT ( 'NONE', #3642 ) ;
#5278 = EDGE_LOOP ( 'NONE', ( #4296, #914, #2793, #1268 ) ) ;
#5279 = DIRECTION ( 'NONE',  ( 0.000000000000000000, 0.000000000000000000, -1.000000000000000000 ) ) ;
#5280 = DIRECTION ( 'NONE',  ( -7.905640841040137320E-17, -0.000000000000000000, -1.000000000000000000 ) ) ;
#5281 = VERTEX_POINT ( 'NONE', #1006 ) ;
#5282 = PLANE ( 'NONE',  #56 ) ;
#5283 = FILL_AREA_STYLE ('',( #965 ) ) ;
#5284 = CARTESIAN_POINT ( 'NONE',  ( -6.276959945968713255E-17, 0.05000000000000000278, -0.5500000000000002665 ) ) ;
#5285 = EDGE_CURVE ( 'NONE', #3034, #5163, #540, .T. ) ;
#5286 = FILL_AREA_STYLE ('',( #2649 ) ) ;
#5287 = DIRECTION ( 'NONE',  ( 1.000000000000000000, 0.000000000000000000, 0.000000000000000000 ) ) ;
#5288 = LINE ( 'NONE', #5755, #4252 ) ;
#5289 = CARTESIAN_POINT ( 'NONE',  ( 0.7999999999999941602, 0.2000000000000000111, 0.9749999999999999778 ) ) ;
#5290 = DIRECTION ( 'NONE',  ( 0.000000000000000000, -0.000000000000000000, 1.000000000000000000 ) ) ;
#5291 = ORIENTED_EDGE ( 'NONE', *, *, #5036, .F. ) ;
#5292 = LINE ( 'NONE', #4837, #5700 ) ;
#5293 = VERTEX_POINT ( 'NONE', #4118 ) ;
#5294 = CARTESIAN_POINT ( 'NONE',  ( -1.749999999999988454, 0.2000000000000000111, 1.525000000000000133 ) ) ;
#5295 = DIRECTION ( 'NONE',  ( -1.577021341797098201E-15, 0.000000000000000000, -1.000000000000000000 ) ) ;
#5296 = VERTEX_POINT ( 'NONE', #3090 ) ;
#5297 = SURFACE_SIDE_STYLE ('',( #4414 ) ) ;
#5298 = LINE ( 'NONE', #3560, #3594 ) ;
#5299 = ADVANCED_FACE ( 'NONE', ( #2320 ), #3150, .F. ) ;
#5300 = ORIENTED_EDGE ( 'NONE', *, *, #2153, .F. ) ;
#5301 = CARTESIAN_POINT ( 'NONE',  ( -1.750000000000000222, 0.2000000000000000111, -0.8000000000000000444 ) ) ;
#5302 = DIRECTION ( 'NONE',  ( 0.000000000000000000, 1.000000000000000000, 0.000000000000000000 ) ) ;
#5303 = ADVANCED_FACE ( 'NONE', ( #1765 ), #3529, .F. ) ;
#5304 = VERTEX_POINT ( 'NONE', #2774 ) ;
#5305 = AXIS2_PLACEMENT_3D ( 'NONE', #2746, #2294, #3153 ) ;
#5306 = EDGE_CURVE ( 'NONE', #3444, #3787, #4551, .T. ) ;
#5307 = ADVANCED_FACE ( 'NONE', ( #3620 ), #4037, .T. ) ;
#5308 = ORIENTED_EDGE ( 'NONE', *, *, #4676, .T. ) ;
#5309 = CARTESIAN_POINT ( 'NONE',  ( -1.375000000000000222, 0.04999999999999999584, -1.749999999999999556 ) ) ;
#5310 = DIRECTION ( 'NONE',  ( 0.000000000000000000, 0.000000000000000000, 1.000000000000000000 ) ) ;
#5311 = VECTOR ( 'NONE', #4425, 1000.000000000000000 ) ;
#5312 = ORIENTED_EDGE ( 'NONE', *, *, #5245, .T. ) ;
#5313 = CARTESIAN_POINT ( 'NONE',  ( 0.000000000000000000, 0.2000000000000000111, 0.000000000000000000 ) ) ;
#5314 =( NAMED_UNIT ( * ) PLANE_ANGLE_UNIT ( ) SI_UNIT ( $, .RADIAN. ) );
#5315 = CARTESIAN_POINT ( 'NONE',  ( 0.8749999999999998890, 0.000000000000000000, -1.749999999999999778 ) ) ;
#5316 = ORIENTED_EDGE ( 'NONE', *, *, #4045, .F. ) ;
#5317 = EDGE_CURVE ( 'NONE', #5474, #3552, #975, .T. ) ;
#5318 = CARTESIAN_POINT ( 'NONE',  ( -0.7999999999999941602, 0.2000000000000000111, 0.7249999999999999778 ) ) ;
#5319 = FACE_OUTER_BOUND ( 'NONE', #2359, .T. ) ;
#5320 = DIRECTION ( 'NONE',  ( 0.000000000000000000, 1.000000000000000000, -0.000000000000000000 ) ) ;
#5321 = EDGE_LOOP ( 'NONE', ( #1123, #5069, #1221, #81 ) ) ;
#5322 = DIRECTION ( 'NONE',  ( -1.000000000000000000, 0.000000000000000000, 8.673617379884035472E-16 ) ) ;
#5323 = VERTEX_POINT ( 'NONE', #4066 ) ;
#5324 = VECTOR ( 'NONE', #1918, 1000.000000000000000 ) ;
#5325 = DIRECTION ( 'NONE',  ( -7.885106708985496922E-16, 0.000000000000000000, 1.000000000000000000 ) ) ;
#5326 = CARTESIAN_POINT ( 'NONE',  ( 0.3749999999999998890, 0.2000000000000000111, -1.749999999999999778 ) ) ;
#5327 = ORIENTED_EDGE ( 'NONE', *, *, #595, .F. ) ;
#5328 = DIRECTION ( 'NONE',  ( -1.577021341797098201E-15, 0.000000000000000000, -1.000000000000000000 ) ) ;
#5329 = CARTESIAN_POINT ( 'NONE',  ( 1.749999999999994449, 0.04999999999999999584, 0.9749999999999999778 ) ) ;
#5330 = LINE ( 'NONE', #1796, #1073 ) ;
#5331 = DIRECTION ( 'NONE',  ( -0.000000000000000000, -0.000000000000000000, -1.000000000000000000 ) ) ;
#5332 = VECTOR ( 'NONE', #1434, 1000.000000000000000 ) ;
#5333 = ORIENTED_EDGE ( 'NONE', *, *, #2716, .T. ) ;
#5334 = VECTOR ( 'NONE', #5251, 1000.000000000000000 ) ;
#5335 = VECTOR ( 'NONE', #4703, 1000.000000000000000 ) ;
#5336 = VERTEX_POINT ( 'NONE', #1818 ) ;
#5337 = FILL_AREA_STYLE ('',( #851 ) ) ;
#5338 = PRESENTATION_LAYER_ASSIGNMENT (  '', '', ( #4442 ) ) ;
#5339 = ORIENTED_EDGE ( 'NONE', *, *, #3605, .F. ) ;
#5340 = DIRECTION ( 'NONE',  ( -0.000000000000000000, -0.000000000000000000, -1.000000000000000000 ) ) ;
#5341 = VECTOR ( 'NONE', #955, 1000.000000000000000 ) ;
#5342 = CARTESIAN_POINT ( 'NONE',  ( -0.7999999999999998224, 0.2000000000000000111, -0.1500000000000000777 ) ) ;
#5343 = EDGE_CURVE ( 'NONE', #4177, #2624, #1876, .T. ) ;
#5344 = VECTOR ( 'NONE', #964, 1000.000000000000000 ) ;
#5345 = DIRECTION ( 'NONE',  ( 0.000000000000000000, -0.000000000000000000, -1.000000000000000000 ) ) ;
#5346 = AXIS2_PLACEMENT_3D ( 'NONE', #4812, #927, #2258 ) ;
#5347 = PLANE ( 'NONE',  #3505 ) ;
#5348 = MECHANICAL_DESIGN_GEOMETRIC_PRESENTATION_REPRESENTATION (  '', ( #2936 ), #2664 ) ;
#5349 = LINE ( 'NONE', #3194, #2828 ) ;
#5350 = EDGE_CURVE ( 'NONE', #4388, #3287, #891, .T. ) ;
#5351 = CARTESIAN_POINT ( 'NONE',  ( 1.475000000000000089, 0.000000000000000000, -0.8000000000000000444 ) ) ;
#5352 = ORIENTED_EDGE ( 'NONE', *, *, #1343, .T. ) ;
#5353 = CARTESIAN_POINT ( 'NONE',  ( -1.375000000000000222, 0.2000000000000000111, -1.749999999999999556 ) ) ;
#5354 = ORIENTED_EDGE ( 'NONE', *, *, #2820, .T. ) ;
#5355 = VECTOR ( 'NONE', #3884, 1000.000000000000000 ) ;
#5356 = DIRECTION ( 'NONE',  ( 0.000000000000000000, -1.000000000000000000, 0.000000000000000000 ) ) ;
#5357 = DIRECTION ( 'NONE',  ( 1.000000000000000000, -0.000000000000000000, 7.885106708985497909E-16 ) ) ;
#5358 = VERTEX_POINT ( 'NONE', #5326 ) ;
#5359 = VECTOR ( 'NONE', #3911, 1000.000000000000000 ) ;
#5360 = CARTESIAN_POINT ( 'NONE',  ( -0.4500000000000000111, 0.05000000000000000278, -0.6499999999999990230 ) ) ;
#5361 = EDGE_CURVE ( 'NONE', #4858, #2485, #5400, .T. ) ;
#5362 = VECTOR ( 'NONE', #2165, 1000.000000000000000 ) ;
#5363 = AXIS2_PLACEMENT_3D ( 'NONE', #5104, #2039, #1204 ) ;
#5364 = LINE ( 'NONE', #2212, #1917 ) ;
#5365 = CARTESIAN_POINT ( 'NONE',  ( 0.8750000000000003331, 0.2000000000000000111, -1.474999999999999867 ) ) ;
#5366 = ORIENTED_EDGE ( 'NONE', *, *, #2865, .F. ) ;
#5367 = ORIENTED_EDGE ( 'NONE', *, *, #3309, .F. ) ;
#5368 = FACE_OUTER_BOUND ( 'NONE', #287, .T. ) ;
#5369 = ORIENTED_EDGE ( 'NONE', *, *, #1193, .F. ) ;
#5370 = LINE ( 'NONE', #3633, #4068 ) ;
#5371 = PLANE ( 'NONE',  #2584 ) ;
#5372 = EDGE_CURVE ( 'NONE', #1542, #129, #2238, .T. ) ;
#5373 = LINE ( 'NONE', #5529, #422 ) ;
#5374 = ORIENTED_EDGE ( 'NONE', *, *, #3244, .T. ) ;
#5375 = CARTESIAN_POINT ( 'NONE',  ( -1.749999999999999778, 0.2000000000000000111, -0.5500000000000000444 ) ) ;
#5376 = VERTEX_POINT ( 'NONE', #2741 ) ;
#5377 = EDGE_CURVE ( 'NONE', #4379, #5293, #949, .T. ) ;
#5378 = CYLINDRICAL_SURFACE ( 'NONE', #4603, 0.1514013321328433748 ) ;
#5379 = CARTESIAN_POINT ( 'NONE',  ( -0.3750000000000003331, 0.2000000000000000111, -1.474999999999999867 ) ) ;
#5380 = ORIENTED_EDGE ( 'NONE', *, *, #3306, .F. ) ;
#5381 = CARTESIAN_POINT ( 'NONE',  ( -0.7999999999999999334, 0.2000000000000000111, 0.4249999999999998779 ) ) ;
#5382 = DIRECTION ( 'NONE',  ( -0.000000000000000000, -1.000000000000000000, -0.000000000000000000 ) ) ;
#5383 = EDGE_CURVE ( 'NONE', #3440, #4845, #503, .T. ) ;
#5384 = LINE ( 'NONE', #3676, #201 ) ;
#5385 = CARTESIAN_POINT ( 'NONE',  ( -1.394229623805780305, 0.9000000000000000222, -1.375884497176759647 ) ) ;
#5386 = PLANE ( 'NONE',  #1456 ) ;
#5387 = EDGE_LOOP ( 'NONE', ( #2211, #4111, #3869, #2574 ) ) ;
#5388 = ORIENTED_EDGE ( 'NONE', *, *, #704, .F. ) ;
#5389 = DIRECTION ( 'NONE',  ( 0.000000000000000000, 0.000000000000000000, -1.000000000000000000 ) ) ;
#5390 = LINE ( 'NONE', #4966, #1332 ) ;
#5391 = ORIENTED_EDGE ( 'NONE', *, *, #5051, .F. ) ;
#5392 = DIRECTION ( 'NONE',  ( -0.000000000000000000, -1.000000000000000000, -0.000000000000000000 ) ) ;
#5393 = AXIS2_PLACEMENT_3D ( 'NONE', #4917, #2732, #4514 ) ;
#5394 = DIRECTION ( 'NONE',  ( -1.141265444721583757E-16, 0.000000000000000000, 1.000000000000000000 ) ) ;
#5395 = VERTEX_POINT ( 'NONE', #1360 ) ;
#5396 = CARTESIAN_POINT ( 'NONE',  ( 0.7999999999999883871, 0.04999999999999999584, 1.524999999999999911 ) ) ;
#5397 = ORIENTED_EDGE ( 'NONE', *, *, #3778, .F. ) ;
#5398 = EDGE_CURVE ( 'NONE', #4505, #2197, #4525, .T. ) ;
#5399 = CARTESIAN_POINT ( 'NONE',  ( 1.375000000000000444, 0.2000000000000000111, -1.474999999999999867 ) ) ;
#5400 = LINE ( 'NONE', #456, #4529 ) ;
#5401 = CARTESIAN_POINT ( 'NONE',  ( -0.7999999999999883871, 0.2000000000000000111, 1.274999999999999911 ) ) ;
#5402 = ADVANCED_FACE ( 'NONE', ( #2692 ), #4471, .T. ) ;
#5403 = VECTOR ( 'NONE', #2872, 1000.000000000000000 ) ;
#5404 = ADVANCED_FACE ( 'NONE', ( #4495 ), #2423, .F. ) ;
#5405 = EDGE_CURVE ( 'NONE', #5093, #4928, #1899, .T. ) ;
#5406 = CARTESIAN_POINT ( 'NONE',  ( -1.749999999999999778, 0.05000000000000000278, 1.750000000000000666 ) ) ;
#5407 = LINE ( 'NONE', #1446, #4235 ) ;
#5408 = PLANE ( 'NONE',  #1689 ) ;
#5409 = EDGE_CURVE ( 'NONE', #3736, #1504, #1551, .T. ) ;
#5410 = ORIENTED_EDGE ( 'NONE', *, *, #5160, .T. ) ;
#5411 = VERTEX_POINT ( 'NONE', #5108 ) ;
#5412 = LINE ( 'NONE', #191, #2375 ) ;
#5413 = DIRECTION ( 'NONE',  ( 1.000000000000000000, 0.000000000000000000, -2.282530889443167022E-16 ) ) ;
#5414 = ORIENTED_EDGE ( 'NONE', *, *, #48, .F. ) ;
#5415 = FACE_OUTER_BOUND ( 'NONE', #3074, .T. ) ;
#5416 = CARTESIAN_POINT ( 'NONE',  ( 0.7500000000000000000, 0.2000000000000000111, -1.474999999999999867 ) ) ;
#5417 = DIRECTION ( 'NONE',  ( 1.000000000000000000, -0.000000000000000000, 1.141265444721583757E-16 ) ) ;
#5418 = AXIS2_PLACEMENT_3D ( 'NONE', #859, #3429, #4003 ) ;
#5419 = ADVANCED_FACE ( 'NONE', ( #5025 ), #123, .F. ) ;
#5420 = AXIS2_PLACEMENT_3D ( 'NONE', #3458, #3115, #3146 ) ;
#5421 = ORIENTED_EDGE ( 'NONE', *, *, #2820, .F. ) ;
#5422 = CARTESIAN_POINT ( 'NONE',  ( 0.1249999999999998890, 0.04999999999999999584, -1.749999999999999556 ) ) ;
#5423 =( GEOMETRIC_REPRESENTATION_CONTEXT ( 3 ) GLOBAL_UNCERTAINTY_ASSIGNED_CONTEXT ( ( #4897 ) ) GLOBAL_UNIT_ASSIGNED_CONTEXT ( ( #2654, #414, #3523 ) ) REPRESENTATION_CONTEXT ( 'NONE', 'WORKASPACE' ) );
#5424 = AXIS2_PLACEMENT_3D ( 'NONE', #368, #4268, #3826 ) ;
#5425 = ORIENTED_EDGE ( 'NONE', *, *, #2243, .F. ) ;
#5426 = CARTESIAN_POINT ( 'NONE',  ( 1.750000000000000000, 0.2000000000000000111, 0.4249999999999999889 ) ) ;
#5427 = CIRCLE ( 'NONE', #2007, 0.1250000000000003331 ) ;
#5428 = VERTEX_POINT ( 'NONE', #4627 ) ;
#5429 = VECTOR ( 'NONE', #3948, 1000.000000000000000 ) ;
#5430 = VECTOR ( 'NONE', #1114, 1000.000000000000000 ) ;
#5431 = CARTESIAN_POINT ( 'NONE',  ( 0.1499999999999998002, 0.000000000000000000, 1.750000000000000666 ) ) ;
#5432 = LINE ( 'NONE', #1472, #4441 ) ;
#5433 = ORIENTED_EDGE ( 'NONE', *, *, #2470, .F. ) ;
#5434 = VECTOR ( 'NONE', #1995, 1000.000000000000000 ) ;
#5435 = CARTESIAN_POINT ( 'NONE',  ( -0.8750000000000001110, 0.2000000000000000111, -1.749999999999999556 ) ) ;
#5436 = STYLED_ITEM ( 'NONE', ( #2621 ), #5750 ) ;
#5437 = DIRECTION ( 'NONE',  ( -1.000000000000000000, 0.000000000000000000, 0.000000000000000000 ) ) ;
#5438 = CARTESIAN_POINT ( 'NONE',  ( 0.7999999999999941602, 0.000000000000000000, 0.7249999999999999778 ) ) ;
#5439 = EDGE_CURVE ( 'NONE', #517, #3554, #678, .T. ) ;
#5440 = DIRECTION ( 'NONE',  ( 1.000000000000000000, 0.000000000000000000, 0.000000000000000000 ) ) ;
#5441 = ORIENTED_EDGE ( 'NONE', *, *, #3211, .T. ) ;
#5442 = VECTOR ( 'NONE', #4916, 1000.000000000000000 ) ;
#5443 = VECTOR ( 'NONE', #3971, 1000.000000000000000 ) ;
#5444 = EDGE_CURVE ( 'NONE', #3057, #1233, #1057, .T. ) ;
#5445 = ORIENTED_EDGE ( 'NONE', *, *, #1873, .F. ) ;
#5446 = AXIS2_PLACEMENT_3D ( 'NONE', #2454, #1523, #3282 ) ;
#5447 = DIRECTION ( 'NONE',  ( 1.000000000000000000, 0.000000000000000000, -0.000000000000000000 ) ) ;
#5448 = ORIENTED_EDGE ( 'NONE', *, *, #3780, .T. ) ;
#5449 = CARTESIAN_POINT ( 'NONE',  ( -0.7999999999999941602, 0.2000000000000000111, 0.7249999999999999778 ) ) ;
#5450 = CARTESIAN_POINT ( 'NONE',  ( -0.3750000000000001110, 0.04999999999999999584, -1.749999999999999556 ) ) ;
#5451 = ORIENTED_EDGE ( 'NONE', *, *, #590, .T. ) ;
#5452 = ADVANCED_FACE ( 'NONE', ( #204 ), #3333, .T. ) ;
#5453 = VERTEX_POINT ( 'NONE', #5516 ) ;
#5454 = PLANE ( 'NONE',  #1069 ) ;
#5455 = ORIENTED_EDGE ( 'NONE', *, *, #2405, .T. ) ;
#5456 = FACE_OUTER_BOUND ( 'NONE', #2354, .T. ) ;
#5457 = DIRECTION ( 'NONE',  ( 0.000000000000000000, 0.000000000000000000, 1.000000000000000000 ) ) ;
#5458 = ORIENTED_EDGE ( 'NONE', *, *, #1121, .F. ) ;
#5459 = DIRECTION ( 'NONE',  ( 1.000000000000000000, -0.000000000000000000, -1.141265444721583511E-16 ) ) ;
#5460 = LINE ( 'NONE', #1938, #3259 ) ;
#5461 = DIRECTION ( 'NONE',  ( -1.000000000000000000, 0.000000000000000000, 0.000000000000000000 ) ) ;
#5462 = CARTESIAN_POINT ( 'NONE',  ( 0.3750000000000003331, 0.2000000000000000111, -1.474999999999999867 ) ) ;
#5463 = ORIENTED_EDGE ( 'NONE', *, *, #1387, .T. ) ;
#5464 = ORIENTED_EDGE ( 'NONE', *, *, #1443, .F. ) ;
#5465 = ADVANCED_FACE ( 'NONE', ( #2450 ), #4594, .T. ) ;
#5466 = ORIENTED_EDGE ( 'NONE', *, *, #5275, .T. ) ;
#5467 = DIRECTION ( 'NONE',  ( -1.577021341797098201E-15, 0.000000000000000000, -1.000000000000000000 ) ) ;
#5468 = EDGE_CURVE ( 'NONE', #2257, #4953, #5164, .T. ) ;
#5469 = ORIENTED_EDGE ( 'NONE', *, *, #3469, .F. ) ;
#5470 = FACE_OUTER_BOUND ( 'NONE', #5387, .T. ) ;
#5471 = EDGE_CURVE ( 'NONE', #278, #575, #5084, .T. ) ;
#5472 = FACE_OUTER_BOUND ( 'NONE', #4978, .T. ) ;
#5473 = EDGE_CURVE ( 'NONE', #2917, #2677, #2880, .T. ) ;
#5474 = VERTEX_POINT ( 'NONE', #3786 ) ;
#5475 =( NAMED_UNIT ( * ) PLANE_ANGLE_UNIT ( ) SI_UNIT ( $, .RADIAN. ) );
#5476 = DIRECTION ( 'NONE',  ( -7.885106708985496922E-16, 0.000000000000000000, 1.000000000000000000 ) ) ;
#5477 = DIRECTION ( 'NONE',  ( 0.000000000000000000, 0.000000000000000000, 1.000000000000000000 ) ) ;
#5478 = ORIENTED_EDGE ( 'NONE', *, *, #1584, .T. ) ;
#5479 = CARTESIAN_POINT ( 'NONE',  ( 0.6249999999999996669, 0.000000000000000000, -1.474999999999999867 ) ) ;
#5480 = ORIENTED_EDGE ( 'NONE', *, *, #4887, .F. ) ;
#5481 = DIRECTION ( 'NONE',  ( 1.000000000000000000, 0.000000000000000000, 7.885106708985497909E-16 ) ) ;
#5482 = AXIS2_PLACEMENT_3D ( 'NONE', #1445, #1420, #4530 ) ;
#5483 = PLANE ( 'NONE',  #3874 ) ;
#5484 = LINE ( 'NONE', #1034, #1927 ) ;
#5485 = EDGE_LOOP ( 'NONE', ( #3290, #3564, #1027, #873 ) ) ;
#5487 = VECTOR ( 'NONE', #3135, 1000.000000000000000 ) ;
#5486 = CARTESIAN_POINT ( 'NONE',  ( -0.8750000000000001110, 0.000000000000000000, -1.749999999999999556 ) ) ;
#5488 = ORIENTED_EDGE ( 'NONE', *, *, #1444, .T. ) ;
#5489 = PLANE ( 'NONE',  #3080 ) ;
#5490 = LINE ( 'NONE', #3703, #2009 ) ;
#5491 = LINE ( 'NONE', #160, #5159 ) ;
#5492 = ORIENTED_EDGE ( 'NONE', *, *, #2016, .T. ) ;
#5493 = LINE ( 'NONE', #1014, #2745 ) ;
#5494 = ORIENTED_EDGE ( 'NONE', *, *, #4667, .F. ) ;
#5495 = CLOSED_SHELL ( 'NONE', ( #2225, #1554, #2202, #1597, #2050, #25 ) ) ;
#5496 = ORIENTED_EDGE ( 'NONE', *, *, #4543, .F. ) ;
#5497 = CARTESIAN_POINT ( 'NONE',  ( 1.375000000000000444, 0.000000000000000000, -1.474999999999999867 ) ) ;
#5498 = DIRECTION ( 'NONE',  ( -1.000000000000000000, 0.000000000000000000, 1.141265444721583511E-16 ) ) ;
#5499 = ORIENTED_EDGE ( 'NONE', *, *, #3707, .F. ) ;
#5500 = LINE ( 'NONE', #2004, #5714 ) ;
#5501 = DIRECTION ( 'NONE',  ( 0.000000000000000000, 1.000000000000000000, 0.000000000000000000 ) ) ;
#5502 = EDGE_CURVE ( 'NONE', #1325, #5112, #2906, .T. ) ;
#5503 = DIRECTION ( 'NONE',  ( 1.577021341797098398E-15, 0.000000000000000000, 1.000000000000000000 ) ) ;
#5504 = ADVANCED_FACE ( 'NONE', ( #3670 ), #2797, .T. ) ;
#5505 = DIRECTION ( 'NONE',  ( 1.000000000000000000, 0.000000000000000000, 0.000000000000000000 ) ) ;
#5506 = ORIENTED_EDGE ( 'NONE', *, *, #61, .T. ) ;
#5507 = DIRECTION ( 'NONE',  ( -1.000000000000000000, 0.000000000000000000, -0.000000000000000000 ) ) ;
#5508 = AXIS2_PLACEMENT_3D ( 'NONE', #4403, #2231, #5199 ) ;
#5509 = ORIENTED_EDGE ( 'NONE', *, *, #366, .F. ) ;
#5510 = CARTESIAN_POINT ( 'NONE',  ( 1.749999999999988454, 0.2000000000000000111, 1.275000000000000133 ) ) ;
#5511 = VECTOR ( 'NONE', #2566, 1000.000000000000000 ) ;
#5512 = UNCERTAINTY_MEASURE_WITH_UNIT (LENGTH_MEASURE( 1.000000000000000082E-05 ), #1064, 'distance_accuracy_value', 'NONE');
#5513 = EDGE_CURVE ( 'NONE', #3628, #3985, #5432, .T. ) ;
#5514 = PRESENTATION_LAYER_ASSIGNMENT (  '', '', ( #895 ) ) ;
#5515 = DIRECTION ( 'NONE',  ( 0.000000000000000000, 1.000000000000000000, 0.000000000000000000 ) ) ;
#5516 = CARTESIAN_POINT ( 'NONE',  ( 0.8749999999999998890, 0.2000000000000000111, -1.749999999999999778 ) ) ;
#5517 = DIRECTION ( 'NONE',  ( -0.000000000000000000, -1.000000000000000000, -0.000000000000000000 ) ) ;
#5518 = ORIENTED_EDGE ( 'NONE', *, *, #658, .T. ) ;
#5519 = AXIS2_PLACEMENT_3D ( 'NONE', #2862, #1881, #3649 ) ;
#5520 = PLANE ( 'NONE',  #1010 ) ;
#5521 = VECTOR ( 'NONE', #5268, 1000.000000000000000 ) ;
#5522 = CARTESIAN_POINT ( 'NONE',  ( 0.8749999999999998890, 0.2000000000000000111, -1.749999999999999778 ) ) ;
#5523 = DIRECTION ( 'NONE',  ( -1.000000000000000000, 0.000000000000000000, 1.577021341797098398E-15 ) ) ;
#5524 = FILL_AREA_STYLE ('',( #186 ) ) ;
#5525 = EDGE_CURVE ( 'NONE', #1174, #397, #5484, .T. ) ;
#5526 = AXIS2_PLACEMENT_3D ( 'NONE', #3203, #98, #4927 ) ;
#5527 = ORIENTED_EDGE ( 'NONE', *, *, #4415, .F. ) ;
#5528 = DIRECTION ( 'NONE',  ( 0.000000000000000000, 0.000000000000000000, 1.000000000000000000 ) ) ;
#5529 = CARTESIAN_POINT ( 'NONE',  ( -1.749999999999994449, 0.2000000000000000111, 0.7249999999999999778 ) ) ;
#5530 = ORIENTED_EDGE ( 'NONE', *, *, #4639, .T. ) ;
#5531 = CARTESIAN_POINT ( 'NONE',  ( 1.475000000000000089, 0.2000000000000000111, -0.9250000000000000444 ) ) ;
#5532 = AXIS2_PLACEMENT_3D ( 'NONE', #3093, #2665, #4273 ) ;
#5533 = CARTESIAN_POINT ( 'NONE',  ( 0.7999999999999999334, 0.2000000000000000111, 0.1749999999999998501 ) ) ;
#5534 = ORIENTED_EDGE ( 'NONE', *, *, #3079, .T. ) ;
#5535 = DIRECTION ( 'NONE',  ( -1.000000000000000000, -0.000000000000000000, -0.000000000000000000 ) ) ;
#5536 = PRODUCT_CONTEXT ( 'NONE', #956, 'mechanical' ) ;
#5537 = ORIENTED_EDGE ( 'NONE', *, *, #4184, .T. ) ;
#5538 = DIRECTION ( 'NONE',  ( 9.035018104045870694E-17, -0.000000000000000000, -1.000000000000000000 ) ) ;
#5539 = PLANE ( 'NONE',  #3744 ) ;
#5540 = CARTESIAN_POINT ( 'NONE',  ( 0.4499999999999999556, 0.05000000000000000278, 4.065758146820641011E-17 ) ) ;
#5541 = EDGE_CURVE ( 'NONE', #3007, #438, #3254, .T. ) ;
#5542 = LINE ( 'NONE', #1572, #1750 ) ;
#5543 = CYLINDRICAL_SURFACE ( 'NONE', #4588, 0.1250000000000003331 ) ;
#5544 = DIRECTION ( 'NONE',  ( -0.000000000000000000, -0.000000000000000000, -1.000000000000000000 ) ) ;
#5545 = EDGE_CURVE ( 'NONE', #5130, #3657, #150, .T. ) ;
#5546 = ORIENTED_EDGE ( 'NONE', *, *, #1055, .T. ) ;
#5547 = DIRECTION ( 'NONE',  ( 1.000000000000000000, 0.000000000000000000, 7.885106708985497909E-16 ) ) ;
#5548 = ADVANCED_FACE ( 'NONE', ( #800 ), #5567, .T. ) ;
#5549 = ORIENTED_EDGE ( 'NONE', *, *, #755, .T. ) ;
#5550 = EDGE_LOOP ( 'NONE', ( #2866, #106, #2622, #1888 ) ) ;
#5551 = CARTESIAN_POINT ( 'NONE',  ( 1.749999999999999778, 0.2000000000000000111, -0.5500000000000000444 ) ) ;
#5552 = LINE ( 'NONE', #1581, #4980 ) ;
#5553 = CARTESIAN_POINT ( 'NONE',  ( 0.1499999999999999944, 0.05000000000000000278, -0.6499999999999990230 ) ) ;
#5554 = ORIENTED_EDGE ( 'NONE', *, *, #3618, .F. ) ;
#5555 = PLANE ( 'NONE',  #4698 ) ;
#5556 = DIRECTION ( 'NONE',  ( 0.000000000000000000, -1.000000000000000000, 0.000000000000000000 ) ) ;
#5557 = ORIENTED_EDGE ( 'NONE', *, *, #2763, .T. ) ;
#5558 = CARTESIAN_POINT ( 'NONE',  ( -0.7999999999999998224, 0.2000000000000000111, -0.1500000000000000777 ) ) ;
#5559 = FACE_OUTER_BOUND ( 'NONE', #5015, .T. ) ;
#5560 = ORIENTED_EDGE ( 'NONE', *, *, #4114, .T. ) ;
#5561 = ORIENTED_EDGE ( 'NONE', *, *, #1584, .F. ) ;
#5562 = CYLINDRICAL_SURFACE ( 'NONE', #231, 0.1514013321328433748 ) ;
#5563 = CARTESIAN_POINT ( 'NONE',  ( 1.750000000000000222, 0.05000000000000000278, 1.750000000000000222 ) ) ;
#5564 = AXIS2_PLACEMENT_3D ( 'NONE', #3042, #2612, #4394 ) ;
#5565 = CARTESIAN_POINT ( 'NONE',  ( 0.7999999999999999334, 0.05000000000000000278, 0.000000000000000000 ) ) ;
#5566 = PLANE ( 'NONE',  #1621 ) ;
#5567 = PLANE ( 'NONE',  #626 ) ;
#5568 = ORIENTED_EDGE ( 'NONE', *, *, #338, .T. ) ;
#5569 = LINE ( 'NONE', #5110, #5617 ) ;
#5570 = ORIENTED_EDGE ( 'NONE', *, *, #4815, .F. ) ;
#5571 = ORIENTED_EDGE ( 'NONE', *, *, #1867, .F. ) ;
#5572 = EDGE_CURVE ( 'NONE', #3621, #1208, #1723, .T. ) ;
#5573 = PRODUCT_DEFINITION_SHAPE ( 'NONE', 'NONE',  #5180 ) ;
#5574 = CARTESIAN_POINT ( 'NONE',  ( -0.1499999999999998002, 0.000000000000000000, 1.750000000000000666 ) ) ;
#5575 = EDGE_CURVE ( 'NONE', #3156, #2605, #3022, .T. ) ;
#5576 = CARTESIAN_POINT ( 'NONE',  ( 0.3750000000000003331, 0.2000000000000000111, -1.474999999999999867 ) ) ;
#5577 = EDGE_CURVE ( 'NONE', #4996, #501, #2138, .T. ) ;
#5578 = DIRECTION ( 'NONE',  ( 0.000000000000000000, -1.000000000000000000, 0.000000000000000000 ) ) ;
#5579 = ORIENTED_EDGE ( 'NONE', *, *, #4626, .T. ) ;
#5580 = LINE ( 'NONE', #1362, #1739 ) ;
#5581 = EDGE_CURVE ( 'NONE', #2538, #5600, #1601, .T. ) ;
#5582 = ORIENTED_EDGE ( 'NONE', *, *, #5230, .T. ) ;
#5583 = CARTESIAN_POINT ( 'NONE',  ( -1.749999999999999778, 0.05000000000000000278, 1.750000000000000666 ) ) ;
#5584 = ADVANCED_FACE ( 'NONE', ( #4725 ), #4378, .F. ) ;
#5585 = DIRECTION ( 'NONE',  ( 1.000000000000000000, 0.000000000000000000, -1.141265444721583511E-16 ) ) ;
#5586 = ORIENTED_EDGE ( 'NONE', *, *, #4853, .F. ) ;
#5587 = DIRECTION ( 'NONE',  ( -0.000000000000000000, -1.000000000000000000, -0.000000000000000000 ) ) ;
#5588 = DIRECTION ( 'NONE',  ( 7.905640841040137320E-17, 0.000000000000000000, -1.000000000000000000 ) ) ;
#5589 = ORIENTED_EDGE ( 'NONE', *, *, #130, .T. ) ;
#5590 = SURFACE_STYLE_USAGE ( .BOTH. , #5214 ) ;
#5591 = CLOSED_SHELL ( 'NONE', ( #5020, #2010, #1771, #3427, #5465, #3103 ) ) ;
#5592 = DIRECTION ( 'NONE',  ( -0.000000000000000000, -1.000000000000000000, -0.000000000000000000 ) ) ;
#5593 = ORIENTED_EDGE ( 'NONE', *, *, #3824, .T. ) ;
#5594 = DIRECTION ( 'NONE',  ( 0.000000000000000000, 0.000000000000000000, 1.000000000000000000 ) ) ;
#5595 = FACE_OUTER_BOUND ( 'NONE', #1526, .T. ) ;
#5596 = EDGE_CURVE ( 'NONE', #1848, #3367, #1665, .T. ) ;
#5597 = CARTESIAN_POINT ( 'NONE',  ( -0.3750000000000001110, 0.2000000000000000111, -1.749999999999999556 ) ) ;
#5598 = CIRCLE ( 'NONE', #4511, 0.1250000000000003331 ) ;
#5599 = CARTESIAN_POINT ( 'NONE',  ( 1.750000000000000222, 6.949747468305833564, 1.750000000000000222 ) ) ;
#5600 = VERTEX_POINT ( 'NONE', #2169 ) ;
#5601 = VECTOR ( 'NONE', #1223, 1000.000000000000000 ) ;
#5602 = DIRECTION ( 'NONE',  ( 0.000000000000000000, -0.000000000000000000, 1.000000000000000000 ) ) ;
#5603 = ORIENTED_EDGE ( 'NONE', *, *, #2243, .T. ) ;
#5604 = ORIENTED_EDGE ( 'NONE', *, *, #4469, .T. ) ;
#5605 = ORIENTED_EDGE ( 'NONE', *, *, #3048, .T. ) ;
#5606 = VECTOR ( 'NONE', #690, 1000.000000000000000 ) ;
#5607 = VECTOR ( 'NONE', #4510, 1000.000000000000000 ) ;
#5608 = FACE_OUTER_BOUND ( 'NONE', #3388, .T. ) ;
#5609 = LINE ( 'NONE', #1642, #1179 ) ;
#5610 = ORIENTED_EDGE ( 'NONE', *, *, #4635, .F. ) ;
#5611 = DIRECTION ( 'NONE',  ( 0.000000000000000000, 0.000000000000000000, 1.000000000000000000 ) ) ;
#5612 = VECTOR ( 'NONE', #1399, 1000.000000000000000 ) ;
#5613 = VECTOR ( 'NONE', #3595, 1000.000000000000000 ) ;
#5614 = VECTOR ( 'NONE', #3737, 1000.000000000000000 ) ;
#5615 = EDGE_CURVE ( 'NONE', #1233, #3721, #385, .T. ) ;
#5616 = ORIENTED_EDGE ( 'NONE', *, *, #2408, .F. ) ;
#5617 = VECTOR ( 'NONE', #1173, 1000.000000000000000 ) ;
#5618 = CARTESIAN_POINT ( 'NONE',  ( -0.6250000000000001110, 0.000000000000000000, -1.749999999999999778 ) ) ;
#5619 = PLANE ( 'NONE',  #617 ) ;
#5620 = ORIENTED_EDGE ( 'NONE', *, *, #4012, .F. ) ;
#5621 = VECTOR ( 'NONE', #3144, 1000.000000000000000 ) ;
#5622 = DIRECTION ( 'NONE',  ( -1.000000000000000000, 0.000000000000000000, 2.282530889443167022E-16 ) ) ;
#5623 = EDGE_CURVE ( 'NONE', #313, #2090, #4350, .T. ) ;
#5624 = ORIENTED_EDGE ( 'NONE', *, *, #1549, .T. ) ;
#5625 = CARTESIAN_POINT ( 'NONE',  ( -1.125000000000000222, 0.000000000000000000, -1.749999999999999778 ) ) ;
#5626 = DIRECTION ( 'NONE',  ( -0.000000000000000000, -1.000000000000000000, -0.000000000000000000 ) ) ;
#5627 = LINE ( 'NONE', #436, #2530 ) ;
#5628 = VERTEX_POINT ( 'NONE', #3363 ) ;
#5629 = LINE ( 'NONE', #2965, #3667 ) ;
#5630 = LINE ( 'NONE', #797, #1934 ) ;
#5631 = VECTOR ( 'NONE', #2531, 1000.000000000000000 ) ;
#5632 = EDGE_CURVE ( 'NONE', #3367, #2176, #2070, .T. ) ;
#5633 = CARTESIAN_POINT ( 'NONE',  ( 1.750000000000000000, 0.000000000000000000, 0.1749999999999999611 ) ) ;
#5634 = PLANE ( 'NONE',  #4134 ) ;
#5635 = DIRECTION ( 'NONE',  ( -0.000000000000000000, -1.000000000000000000, -0.000000000000000000 ) ) ;
#5636 = ORIENTED_EDGE ( 'NONE', *, *, #12, .F. ) ;
#5637 = DIRECTION ( 'NONE',  ( 0.000000000000000000, 1.000000000000000000, 0.000000000000000000 ) ) ;
#5638 = VERTEX_POINT ( 'NONE', #4749 ) ;
#5639 = VERTEX_POINT ( 'NONE', #5139 ) ;
#5640 = ORIENTED_EDGE ( 'NONE', *, *, #876, .F. ) ;
#5641 = CARTESIAN_POINT ( 'NONE',  ( -0.7999999999999883871, 0.2000000000000000111, 1.274999999999999911 ) ) ;
#5642 = CARTESIAN_POINT ( 'NONE',  ( 1.475000000000000089, 0.2000000000000000111, -0.8000000000000000444 ) ) ;
#5643 = ORIENTED_EDGE ( 'NONE', *, *, #309, .F. ) ;
#5644 = DIRECTION ( 'NONE',  ( 0.000000000000000000, 0.000000000000000000, 1.000000000000000000 ) ) ;
#5645 = VERTEX_POINT ( 'NONE', #3054 ) ;
#5646 = CARTESIAN_POINT ( 'NONE',  ( -1.124999999999999778, 0.2000000000000000111, -1.474999999999999867 ) ) ;
#5647 = FACE_OUTER_BOUND ( 'NONE', #5096, .T. ) ;
#5648 = ORIENTED_EDGE ( 'NONE', *, *, #1690, .T. ) ;
#5649 = CARTESIAN_POINT ( 'NONE',  ( 0.7999999999999999334, 0.2000000000000000111, 0.4249999999999998779 ) ) ;
#5650 = EDGE_CURVE ( 'NONE', #2491, #935, #356, .T. ) ;
#5651 = ORIENTED_EDGE ( 'NONE', *, *, #4152, .F. ) ;
#5652 =( NAMED_UNIT ( * ) SI_UNIT ( $, .STERADIAN. ) SOLID_ANGLE_UNIT ( ) );
#5653 = CARTESIAN_POINT ( 'NONE',  ( -1.749999999999999778, 0.05000000000000000278, -1.749999999999999334 ) ) ;
#5654 = CARTESIAN_POINT ( 'NONE',  ( -0.1249999999999998890, 0.05000000000000000278, -1.749999999999999556 ) ) ;
#5655 = ADVANCED_FACE ( 'NONE', ( #4775 ), #4314, .F. ) ;
#5656 = ORIENTED_EDGE ( 'NONE', *, *, #4085, .T. ) ;
#5657 = CARTESIAN_POINT ( 'NONE',  ( -1.749999999999999778, 0.05000000000000000278, 1.750000000000000666 ) ) ;
#5658 = SURFACE_STYLE_USAGE ( .BOTH. , #3910 ) ;
#5659 = FACE_OUTER_BOUND ( 'NONE', #2911, .T. ) ;
#5660 = EDGE_CURVE ( 'NONE', #3010, #448, #3915, .T. ) ;
#5661 = DIRECTION ( 'NONE',  ( -0.000000000000000000, -1.000000000000000000, -0.000000000000000000 ) ) ;
#5662 = DIRECTION ( 'NONE',  ( 0.000000000000000000, 0.000000000000000000, 1.000000000000000000 ) ) ;
#5663 = DIRECTION ( 'NONE',  ( 0.000000000000000000, -1.000000000000000000, 0.000000000000000000 ) ) ;
#5664 = FACE_OUTER_BOUND ( 'NONE', #2542, .T. ) ;
#5665 = ORIENTED_EDGE ( 'NONE', *, *, #1458, .F. ) ;
#5666 = DIRECTION ( 'NONE',  ( 1.000000000000000000, 0.000000000000000000, 7.885106708985497909E-16 ) ) ;
#5667 = ORIENTED_EDGE ( 'NONE', *, *, #2647, .F. ) ;
#5668 = ORIENTED_EDGE ( 'NONE', *, *, #3752, .T. ) ;
#5669 = ORIENTED_EDGE ( 'NONE', *, *, #3860, .T. ) ;
#5670 = CARTESIAN_POINT ( 'NONE',  ( -0.7999999999999998224, 0.2000000000000000111, -0.1500000000000000777 ) ) ;
#5671 = CARTESIAN_POINT ( 'NONE',  ( -1.375000000000001332, 0.05000000000000000278, -1.084202172485507195E-15 ) ) ;
#5672 = ORIENTED_EDGE ( 'NONE', *, *, #3344, .T. ) ;
#5673 = CARTESIAN_POINT ( 'NONE',  ( 1.750000000000000222, 0.05000000000000000278, -1.749999999999999778 ) ) ;
#5674 = EDGE_LOOP ( 'NONE', ( #5496, #5339, #1397, #1210 ) ) ;
#5675 = FACE_OUTER_BOUND ( 'NONE', #2338, .T. ) ;
#5676 = FACE_OUTER_BOUND ( 'NONE', #4309, .T. ) ;
#5677 = VERTEX_POINT ( 'NONE', #745 ) ;
#5678 = VECTOR ( 'NONE', #5310, 1000.000000000000000 ) ;
#5679 = ORIENTED_EDGE ( 'NONE', *, *, #4786, .T. ) ;
#5680 = CARTESIAN_POINT ( 'NONE',  ( -0.6249999999999996669, 0.2000000000000000111, -1.474999999999999867 ) ) ;
#5681 = DIRECTION ( 'NONE',  ( 0.000000000000000000, -0.000000000000000000, -1.000000000000000000 ) ) ;
#5682 = LINE ( 'NONE', #875, #4850 ) ;
#5683 = ORIENTED_EDGE ( 'NONE', *, *, #125, .F. ) ;
#5684 = DIRECTION ( 'NONE',  ( -1.000000000000000000, 0.000000000000000000, -2.282530889443167022E-16 ) ) ;
#5685 = CARTESIAN_POINT ( 'NONE',  ( -1.375000000000000222, 0.2000000000000000111, -1.749999999999999556 ) ) ;
#5686 = DIRECTION ( 'NONE',  ( 0.000000000000000000, -1.000000000000000000, 0.000000000000000000 ) ) ;
#5687 = CARTESIAN_POINT ( 'NONE',  ( 1.749999999999999778, 0.2000000000000000111, -0.5500000000000000444 ) ) ;
#5688 = CARTESIAN_POINT ( 'NONE',  ( 1.125000000000000000, 0.2000000000000000111, -1.749999999999999556 ) ) ;
#5689 = ADVANCED_FACE ( 'NONE', ( #5664 ), #860, .F. ) ;
#5690 = DIRECTION ( 'NONE',  ( 0.000000000000000000, 1.000000000000000000, 0.000000000000000000 ) ) ;
#5691 = CARTESIAN_POINT ( 'NONE',  ( -1.749999999999999778, 0.000000000000000000, -0.5500000000000000444 ) ) ;
#5692 = DIRECTION ( 'NONE',  ( 0.000000000000000000, -1.000000000000000000, 0.000000000000000000 ) ) ;
#5693 = DIRECTION ( 'NONE',  ( 1.000000000000000000, 0.000000000000000000, 8.559490835411878797E-17 ) ) ;
#5694 = ORIENTED_EDGE ( 'NONE', *, *, #4644, .T. ) ;
#5695 = EDGE_CURVE ( 'NONE', #732, #1552, #2509, .T. ) ;
#5696 = DIRECTION ( 'NONE',  ( -0.000000000000000000, -1.000000000000000000, -0.000000000000000000 ) ) ;
#5697 = CARTESIAN_POINT ( 'NONE',  ( -1.394229623805780305, 0.9000000000000000222, -1.224483165043916300 ) ) ;
#5698 = VERTEX_POINT ( 'NONE', #5173 ) ;
#5699 = VECTOR ( 'NONE', #5007, 1000.000000000000000 ) ;
#5700 = VECTOR ( 'NONE', #4859, 1000.000000000000000 ) ;
#5701 = VECTOR ( 'NONE', #2481, 1000.000000000000000 ) ;
#5702 = ORIENTED_EDGE ( 'NONE', *, *, #5660, .T. ) ;
#5703 = MANIFOLD_SOLID_BREP ( 'Boss-Extrude4[16]', #5591 ) ;
#5704 = CARTESIAN_POINT ( 'NONE',  ( 0.1249999999999985151, 0.05000000000000000278, 9.856383386231754057E-17 ) ) ;
#5705 = AXIS2_PLACEMENT_3D ( 'NONE', #1914, #639, #4180 ) ;
#5706 = EDGE_CURVE ( 'NONE', #4422, #5336, #4489, .T. ) ;
#5707 = DIRECTION ( 'NONE',  ( 0.000000000000000000, 0.000000000000000000, -1.000000000000000000 ) ) ;
#5708 = STYLED_ITEM ( 'NONE', ( #571 ), #3782 ) ;
#5709 = ORIENTED_EDGE ( 'NONE', *, *, #3818, .F. ) ;
#5710 = CIRCLE ( 'NONE', #3487, 0.1250000000000001110 ) ;
#5711 = VECTOR ( 'NONE', #4665, 1000.000000000000000 ) ;
#5712 = EDGE_LOOP ( 'NONE', ( #3175, #4132, #3790, #635 ) ) ;
#5713 = DIRECTION ( 'NONE',  ( 8.559490835411878797E-17, 0.000000000000000000, -1.000000000000000000 ) ) ;
#5714 = VECTOR ( 'NONE', #3770, 1000.000000000000000 ) ;
#5715 = EDGE_LOOP ( 'NONE', ( #848, #871, #33, #5042 ) ) ;
#5716 = DIRECTION ( 'NONE',  ( 0.000000000000000000, 0.000000000000000000, -1.000000000000000000 ) ) ;
#5717 = DIRECTION ( 'NONE',  ( 1.141265444721583757E-16, 0.000000000000000000, 1.000000000000000000 ) ) ;
#5718 = AXIS2_PLACEMENT_3D ( 'NONE', #4718, #5481, #741 ) ;
#5719 = FILL_AREA_STYLE ('',( #1344 ) ) ;
#5720 = CARTESIAN_POINT ( 'NONE',  ( 0.1499999999999998002, 0.2000000000000000111, 1.750000000000000666 ) ) ;
#5721 =( NAMED_UNIT ( * ) PLANE_ANGLE_UNIT ( ) SI_UNIT ( $, .RADIAN. ) );
#5722 = DIRECTION ( 'NONE',  ( 1.000000000000000000, 0.000000000000000000, 0.000000000000000000 ) ) ;
#5723 = VECTOR ( 'NONE', #1229, 1000.000000000000000 ) ;
#5724 = DIRECTION ( 'NONE',  ( 0.000000000000000000, -1.000000000000000000, 0.000000000000000000 ) ) ;
#5725 = CARTESIAN_POINT ( 'NONE',  ( -0.7999999999999998224, 0.2000000000000000111, -0.5500000000000001554 ) ) ;
#5726 = PLANE ( 'NONE',  #799 ) ;
#5727 = DIRECTION ( 'NONE',  ( -0.000000000000000000, 0.000000000000000000, -1.000000000000000000 ) ) ;
#5728 = ORIENTED_EDGE ( 'NONE', *, *, #224, .F. ) ;
#5729 = LINE ( 'NONE', #3024, #4872 ) ;
#5730 = EDGE_CURVE ( 'NONE', #1787, #2915, #1207, .T. ) ;
#5731 = ORIENTED_EDGE ( 'NONE', *, *, #4184, .F. ) ;
#5732 = VECTOR ( 'NONE', #2194, 1000.000000000000000 ) ;
#5733 = ADVANCED_FACE ( 'NONE', ( #3577 ), #920, .F. ) ;
#5734 = ADVANCED_FACE ( 'NONE', ( #4086 ), #4004, .F. ) ;
#5735 = CARTESIAN_POINT ( 'NONE',  ( -1.750000000000000000, 0.2000000000000000111, 0.1749999999999999611 ) ) ;
#5736 = LINE ( 'NONE', #5697, #1274 ) ;
#5737 = VERTEX_POINT ( 'NONE', #5351 ) ;
#5738 = CARTESIAN_POINT ( 'NONE',  ( 1.749999999999988454, 0.2000000000000000111, 1.275000000000000133 ) ) ;
#5739 = ADVANCED_FACE ( 'NONE', ( #4947 ), #2313, .T. ) ;
#5740 = EDGE_CURVE ( 'NONE', #2139, #1175, #1435, .T. ) ;
#5741 = EDGE_LOOP ( 'NONE', ( #2275, #4836, #3541, #4901 ) ) ;
#5742 = CARTESIAN_POINT ( 'NONE',  ( 0.6249999999999996669, 0.2000000000000000111, -1.474999999999999867 ) ) ;
#5743 = DIRECTION ( 'NONE',  ( 0.000000000000000000, 0.000000000000000000, 1.000000000000000000 ) ) ;
#5744 = ORIENTED_EDGE ( 'NONE', *, *, #1724, .F. ) ;
#5745 = ORIENTED_EDGE ( 'NONE', *, *, #4330, .T. ) ;
#5746 = CARTESIAN_POINT ( 'NONE',  ( -1.749999999999988454, 0.2000000000000000111, 1.275000000000000133 ) ) ;
#5747 = PLANE ( 'NONE',  #2615 ) ;
#5748 = ORIENTED_EDGE ( 'NONE', *, *, #5468, .F. ) ;
#5749 = DIRECTION ( 'NONE',  ( 0.000000000000000000, -1.000000000000000000, 0.000000000000000000 ) ) ;
#5750 = MANIFOLD_SOLID_BREP ( 'Cut-Extrude2', #1439 ) ;
#5751 =( LENGTH_UNIT ( ) NAMED_UNIT ( * ) SI_UNIT ( .MILLI., .METRE. ) );
#5752 = DIRECTION ( 'NONE',  ( 0.000000000000000000, 1.000000000000000000, 0.000000000000000000 ) ) ;
#5753 = CARTESIAN_POINT ( 'NONE',  ( 0.2500000000000000000, 0.000000000000000000, -1.474999999999999867 ) ) ;
#5754 = CARTESIAN_POINT ( 'NONE',  ( -1.350000000000000311, 0.2000000000000000111, -0.8000000000000000444 ) ) ;
#5755 = CARTESIAN_POINT ( 'NONE',  ( 0.7999999999999883871, 0.2000000000000000111, 1.274999999999999911 ) ) ;
#5756 = CARTESIAN_POINT ( 'NONE',  ( 0.7999999999999999334, 0.2000000000000000111, 0.4249999999999998779 ) ) ;
#5757 = FILL_AREA_STYLE_COLOUR ( '', #4987 ) ;
#5758 = ORIENTED_EDGE ( 'NONE', *, *, #4564, .F. ) ;
#5759 = DIRECTION ( 'NONE',  ( 0.000000000000000000, 1.000000000000000000, 0.000000000000000000 ) ) ;
ENDSEC;
END-ISO-10303-21;
